# Blender 5.1.1
# www.blender.org
mtllib HalfPillars.mtl
o Circle.020_0.004
v 17.465954 6.149918 10.390459
v 17.466766 6.120899 10.399366
v 17.457718 6.145580 10.380950
v 17.457668 6.156150 10.368879
v 17.452259 6.150877 10.363518
v 17.447542 6.144534 10.359209
v 17.451899 6.128549 10.380323
v 17.447643 6.150877 10.343101
v 17.441530 6.141940 10.339178
v 17.449854 6.156503 10.326767
v 17.456726 6.160068 10.310774
v 17.451241 6.147878 10.305339
v 17.446104 6.131029 10.300998
v 17.443924 4.450017 10.300057
v 17.445156 4.450017 10.368410
v 17.479650 4.450017 10.411623
v 17.480358 6.123801 10.410406
v 17.470169 6.135584 10.400860
v 17.471275 6.150202 10.394855
v 17.477501 6.163296 10.388535
v 17.488026 6.161604 10.398909
v 17.485275 6.145183 10.408016
v 17.497334 6.156150 10.408196
v 17.490799 6.139415 10.413409
v 17.496119 6.126804 10.418342
v 17.460814 3.166987 10.392324
v 17.469141 3.135185 10.382686
v 17.481037 3.135390 10.392035
v 17.458364 3.131653 10.356102
v 17.476555 3.124854 10.371760
v 17.468033 3.127924 10.363313
v 17.447453 3.145461 10.334770
v 17.465389 3.125021 10.341391
v 17.457294 3.132911 10.333365
v 17.464111 3.127924 10.318093
v 17.453438 3.144830 10.307424
v 17.440514 3.165639 10.328979
v 17.447218 3.167714 10.301332
v 17.443924 4.450017 10.300056
v 17.446175 3.162840 10.366575
v 17.445156 4.450017 10.368410
v 17.479650 4.450017 10.411623
v 17.479950 3.177709 10.411261
v 17.485188 3.153448 10.408124
v 17.497652 3.142236 10.407987
v 17.490803 3.159267 10.413414
v 17.495308 3.169313 10.417836
v 17.496204 3.177774 10.418848
v 17.322187 6.131687 10.300560
v 17.309227 6.150041 10.290176
v 17.310091 6.162987 10.279985
v 17.328201 6.162478 10.287424
v 17.355225 6.156014 10.295282
v 17.334930 6.173823 10.278017
v 17.346035 6.170750 10.282556
v 17.356277 6.165763 10.286737
v 17.367249 6.173656 10.276407
v 17.378002 6.165972 10.281063
v 17.396891 6.152918 10.280775
v 17.398972 6.173823 10.254129
v 17.409191 6.162478 10.258303
v 17.416782 6.149541 10.261404
v 17.417198 6.163296 10.242507
v 17.424938 6.150104 10.245669
v 17.404772 6.130846 10.283936
v 17.422400 6.131462 10.263695
v 17.423697 4.450017 10.264499
v 17.377361 4.450017 10.301711
v 17.373091 6.132694 10.300570
v 17.345495 6.133345 10.303783
v 17.295929 4.450017 10.292961
v 17.298258 6.125715 10.289674
v 17.303555 6.132427 10.291943
v 17.307762 6.134655 10.293673
v 17.303696 6.147878 10.286451
v 17.310629 3.163111 10.295454
v 17.336657 3.137779 10.292555
v 17.309715 3.135814 10.280557
v 17.323744 3.135390 10.285598
v 17.346035 3.127924 10.282557
v 17.356277 3.132911 10.286738
v 17.380365 3.145483 10.290336
v 17.367249 3.125021 10.276408
v 17.377800 3.132911 10.280714
v 17.389187 3.127924 10.268471
v 17.399742 3.137867 10.273513
v 17.417198 3.135383 10.242508
v 17.430405 3.162611 10.247874
v 17.421827 3.163058 10.263405
v 17.404772 3.167832 10.283937
v 17.371315 3.163788 10.300847
v 17.337986 3.167752 10.303913
v 17.423697 4.450017 10.264499
v 17.377361 4.450017 10.301711
v 17.295929 4.450017 10.292961
v 17.297979 3.174296 10.289644
v 17.301296 3.168327 10.291014
v 17.306246 3.164604 10.293043
v 17.128086 6.133429 10.261918
v 17.147884 6.153882 10.253907
v 17.132660 6.163296 10.247613
v 17.117899 6.161608 10.247654
v 17.108702 6.135670 10.259077
v 17.104736 6.156150 10.247775
v 17.097118 6.150877 10.247819
v 17.097054 6.165763 10.236567
v 17.087360 6.159057 10.236623
v 17.088095 6.140790 10.247732
v 17.082823 6.126969 10.247862
v 17.081068 4.450017 10.250495
v 17.150646 4.450017 10.262377
v 17.156172 6.133092 10.259319
v 17.132595 6.174861 10.236364
v 17.151361 6.172709 10.236206
v 17.168137 6.165763 10.236156
v 17.191755 6.153205 10.230248
v 17.174305 6.173656 10.222415
v 17.185707 6.165763 10.222349
v 17.191528 6.170750 10.206672
v 17.206656 6.153791 10.206520
v 17.206598 6.133314 10.222088
v 17.214401 6.134655 10.206539
v 17.187439 6.134877 10.243424
v 17.209982 4.450017 10.224081
v 17.132776 3.134080 10.249777
v 17.117893 3.137067 10.247656
v 17.100492 3.144998 10.247722
v 17.109249 3.167018 10.259768
v 17.088097 3.157879 10.247733
v 17.082823 3.171710 10.247863
v 17.081068 4.450017 10.250495
v 17.150644 4.450017 10.262378
v 17.141922 3.166992 10.262000
v 17.152653 3.145344 10.252736
v 17.132595 3.123817 10.236365
v 17.151379 3.125971 10.236208
v 17.168762 3.132051 10.237260
v 17.174305 3.125021 10.222416
v 17.185707 3.132911 10.222350
v 17.195538 3.142235 10.222703
v 17.201923 3.138606 10.206615
v 17.214739 3.163838 10.206218
v 17.207682 3.164952 10.223005
v 17.173693 3.165580 10.252465
v 17.209982 4.450017 10.224081
v 16.945574 6.133193 10.301910
v 16.950752 6.156549 10.290328
v 16.936369 6.174859 10.277849
v 16.900246 6.160153 10.294947
v 16.914097 6.168556 10.287171
v 16.874926 6.151122 10.289593
v 16.887890 6.165763 10.283413
v 16.893629 6.130568 10.303686
v 16.868166 6.129968 10.291700
v 16.906294 4.450017 10.308331
v 16.867592 4.450017 10.291976
v 16.922012 6.135811 10.305741
v 16.968885 4.450017 10.292473
v 16.974180 6.127264 10.287127
v 16.959513 6.172708 10.268034
v 16.977797 6.145808 10.278443
v 16.979940 6.162582 10.259375
v 16.994419 6.146171 10.253192
v 16.992205 6.129159 10.266366
v 17.000042 6.131428 10.250990
v 16.992916 4.450017 10.266211
v 16.956120 3.158279 10.296140
v 16.946602 3.135383 10.285740
v 16.928942 3.146646 10.299323
v 16.942230 3.123817 10.275375
v 16.924877 3.125976 10.282643
v 16.909481 3.132911 10.289187
v 16.900551 3.139622 10.292956
v 16.874924 3.147561 10.289595
v 16.887890 3.132911 10.283414
v 16.883896 3.166706 10.301839
v 16.868923 3.165401 10.291417
v 16.927547 3.172061 10.306558
v 16.883286 3.177774 10.300239
v 16.927090 4.450017 10.308871
v 16.867197 4.450017 10.292737
v 16.867592 3.177774 10.291976
v 16.974371 3.169743 10.286783
v 16.955639 3.136196 10.281932
v 16.976126 3.144717 10.274024
v 16.953728 3.124854 10.270524
v 16.970329 3.130129 10.263452
v 16.988106 3.143692 10.255898
v 16.992378 3.169470 10.266510
v 16.996689 3.157128 10.252407
v 17.000042 3.167252 10.250991
v 16.995157 4.450017 10.268068
v 16.795650 6.133581 10.406709
v 16.809862 6.145664 10.385327
v 16.789371 6.163296 10.392274
v 16.773361 6.158558 10.409473
v 16.781361 6.174861 10.384376
v 16.768122 6.172702 10.397733
v 16.756762 6.166622 10.410904
v 16.742256 6.173656 10.404512
v 16.734253 6.165763 10.412630
v 16.711323 6.160840 10.414692
v 16.718964 6.170750 10.405857
v 16.695814 6.163137 10.405238
v 16.710733 6.130859 10.426213
v 16.686556 6.131437 10.414556
v 16.724796 4.450017 10.431375
v 16.686073 4.450017 10.415045
v 16.748125 6.134878 10.428581
v 16.776119 6.137993 10.418965
v 16.777786 4.450017 10.420048
v 16.812447 4.450017 10.390063
v 16.811300 6.123809 10.389414
v 16.799694 6.161609 10.381737
v 16.808975 6.156150 10.372388
v 16.814205 6.139412 10.378903
v 16.819130 6.126803 10.373574
v 16.809862 3.153014 10.385328
v 16.792879 3.135390 10.388709
v 16.782486 3.136196 10.399258
v 16.760740 3.142667 10.417129
v 16.772594 3.124854 10.393264
v 16.764168 3.127924 10.401813
v 16.756409 3.132911 10.409688
v 16.742256 3.125021 10.404513
v 16.734253 3.132911 10.412631
v 16.711323 3.137833 10.414692
v 16.718964 3.127924 10.405858
v 16.696575 3.136196 10.404394
v 16.686777 3.162938 10.414153
v 16.702904 3.164023 10.422152
v 16.729931 3.165635 10.429426
v 16.763596 3.168779 10.425568
v 16.785715 3.162137 10.413515
v 16.701778 3.177774 10.423295
v 16.724796 4.450017 10.431375
v 16.686073 3.177774 10.415045
v 16.686073 4.450017 10.415045
v 16.777788 4.450017 10.420047
v 16.812447 4.450017 10.390064
v 16.812267 3.174722 10.390231
v 16.808767 3.142235 10.372072
v 16.814211 3.159272 10.378899
v 16.819130 3.171874 10.373574
v 16.695625 6.134744 10.562510
v 16.691475 6.150041 10.560812
v 16.681276 6.162988 10.559982
v 16.688671 6.162478 10.541851
v 16.697540 6.153950 10.521765
v 16.679245 6.173823 10.535150
v 16.683746 6.170750 10.524028
v 16.679068 6.175037 10.502357
v 16.672657 6.179519 10.514886
v 16.664791 6.179519 10.492656
v 16.669544 6.170750 10.480914
v 16.660337 6.163361 10.459785
v 16.655182 6.173823 10.471169
v 16.643509 6.163296 10.452976
v 16.648687 6.137854 10.440179
v 16.672283 6.131608 10.452799
v 16.650612 4.450017 10.436282
v 16.694330 6.139466 10.481539
v 16.705133 6.130898 10.532006
v 16.702181 6.130550 10.497726
v 16.702820 4.450017 10.492647
v 16.694290 4.450017 10.574106
v 16.690998 6.125720 10.571784
v 16.693254 6.132433 10.566474
v 16.687759 6.147878 10.566359
v 16.695499 3.163961 10.562472
v 16.691475 3.148637 10.560812
v 16.686842 3.135389 10.546341
v 16.681305 3.136196 10.560031
v 16.693022 3.138150 10.533211
v 16.683746 3.127924 10.524029
v 16.687901 3.132911 10.513778
v 16.691427 3.145471 10.489680
v 16.677544 3.125021 10.502837
v 16.681820 3.132911 10.492270
v 16.669544 3.127924 10.480915
v 16.673765 3.138430 10.471000
v 16.669214 3.158638 10.452157
v 16.643509 3.135383 10.452977
v 16.648687 3.160824 10.440180
v 16.650612 4.450017 10.436282
v 16.684975 3.167825 10.465301
v 16.701971 3.163796 10.498698
v 16.704548 3.165507 10.536012
v 16.702820 4.450017 10.492648
v 16.694290 4.450017 10.574105
v 16.690998 3.172956 10.571785
v 16.693254 3.166246 10.566476
v 16.687759 3.150796 10.566360
v 16.663973 6.130164 10.747402
v 16.650599 6.162563 10.742373
v 16.638092 6.174860 10.731257
v 16.638250 6.172702 10.756387
v 16.649942 6.151010 10.773110
v 16.638443 6.165763 10.773134
v 16.638523 6.159057 10.782831
v 16.659550 6.139712 10.763028
v 16.649633 6.140789 10.782063
v 16.649776 6.126961 10.787337
v 16.652409 4.450017 10.789083
v 16.664103 4.450017 10.719470
v 16.661940 6.138709 10.723779
v 16.646511 6.157313 10.702677
v 16.637932 6.170750 10.713112
v 16.624187 6.179519 10.708926
v 16.623455 6.165876 10.684539
v 16.608292 6.170750 10.678741
v 16.608091 6.153801 10.663627
v 16.631859 6.140368 10.670281
v 16.608072 6.130925 10.654943
v 16.608480 4.450017 10.653503
v 16.642889 4.450017 10.678695
v 16.654554 6.131036 10.696750
v 16.663973 3.168515 10.747401
v 16.659550 3.158964 10.763028
v 16.649429 3.135389 10.742478
v 16.649162 3.142276 10.765456
v 16.649693 3.147801 10.773039
v 16.638443 3.132911 10.773135
v 16.638523 3.139622 10.782832
v 16.649632 3.157879 10.782062
v 16.649776 3.171721 10.787338
v 16.652409 4.450017 10.789083
v 16.664103 4.450017 10.719470
v 16.661940 3.159968 10.723784
v 16.649307 3.136196 10.727695
v 16.646133 3.142660 10.699741
v 16.638039 3.124854 10.725114
v 16.637932 3.127924 10.713113
v 16.637840 3.132911 10.702053
v 16.624077 3.125021 10.695924
v 16.623981 3.132911 10.684521
v 16.624311 3.142236 10.674689
v 16.608200 3.138606 10.668351
v 16.608131 3.150796 10.660625
v 16.632555 3.165625 10.669447
v 16.608072 3.167754 10.654943
v 16.608480 4.450017 10.653503
v 16.642889 4.450017 10.678694
v 16.654554 3.167634 10.696754
v 16.705286 6.130162 10.926995
v 16.686914 6.157526 10.909224
v 16.680161 6.174859 10.933698
v 16.702599 6.150753 10.941475
v 16.687248 6.170750 10.950381
v 16.691578 6.165763 10.960561
v 16.688828 6.161693 10.987509
v 16.681404 6.173656 10.971678
v 16.694677 6.142944 10.999393
v 16.694204 6.129953 11.001874
v 16.695240 4.450017 11.002841
v 16.709145 4.450017 10.962542
v 16.709021 6.131025 10.958763
v 16.700371 4.450017 10.908319
v 16.695692 6.131940 10.906189
v 16.670284 6.172706 10.910585
v 16.661566 6.162579 10.890183
v 16.677683 6.134202 10.884706
v 16.655338 6.146135 10.875705
v 16.652824 6.128614 10.869496
v 16.653051 4.450017 10.868221
v 16.700586 3.164123 10.916697
v 16.688026 3.135383 10.923451
v 16.700542 3.145570 10.937555
v 16.677673 3.123817 10.927853
v 16.684992 3.125980 10.945191
v 16.691578 3.132911 10.960562
v 16.695366 3.139622 10.969484
v 16.705385 3.161654 10.976061
v 16.685860 3.132911 10.982171
v 16.691046 3.148131 10.994675
v 16.694204 3.168728 11.001875
v 16.695240 4.450017 11.002841
v 16.709145 4.450017 10.962542
v 16.708691 3.169736 10.942024
v 16.700371 4.450017 10.908320
v 16.688549 3.167518 10.895525
v 16.682899 3.147918 10.897953
v 16.684193 3.136196 10.914428
v 16.672791 3.124854 10.916367
v 16.665672 3.130128 10.899787
v 16.658079 3.143671 10.882051
v 16.655338 3.157710 10.871181
v 16.652824 3.170064 10.869498
v 16.653051 4.450017 10.868221
v 16.796227 6.164295 11.079264
v 16.806221 6.172149 11.104835
v 16.787113 6.174862 11.088424
v 16.796024 6.173824 11.097160
v 16.823402 6.155234 11.121935
v 16.798069 6.179520 11.118366
v 16.815121 6.165878 11.135821
v 16.817619 6.160843 11.158381
v 16.808765 6.170751 11.150759
v 16.808212 6.163140 11.173913
v 16.818584 6.131330 11.183692
v 16.818802 4.450018 11.184015
v 16.832682 4.450018 11.143711
v 16.832451 6.129742 11.141503
v 16.829466 6.134943 11.113634
v 16.819555 6.134876 11.088037
v 16.827446 4.450018 11.100345
v 16.777937 4.450017 11.046815
v 16.798531 6.131694 11.063647
v 16.784407 6.161604 11.070081
v 16.783442 6.141595 11.057168
v 16.769218 6.151118 11.055763
v 16.778854 6.134615 11.052965
v 16.776314 6.125092 11.050397
v 16.791420 3.135391 11.076898
v 16.801994 3.136197 11.087258
v 16.819916 3.142666 11.108946
v 16.796024 3.124855 11.097161
v 16.804596 3.127925 11.105566
v 16.812492 3.132912 11.113310
v 16.807358 3.125022 11.127475
v 16.815498 3.132912 11.135455
v 16.817619 3.137833 11.158381
v 16.808765 3.127925 11.150760
v 16.808214 3.135535 11.173914
v 16.831974 3.164873 11.148604
v 16.817545 3.167165 11.183139
v 16.818802 4.450018 11.184015
v 16.832682 4.450018 11.143712
v 16.828356 3.168755 11.106094
v 16.816236 3.162131 11.083983
v 16.827446 4.450018 11.100345
v 16.777937 4.450017 11.046816
v 16.798849 3.160646 11.064950
v 16.777863 3.140302 11.063684
v 16.783442 3.157084 11.057169
v 16.769615 3.147801 11.055509
v 16.778854 3.164058 11.052967
v 16.776312 3.173587 11.050398
v 16.962214 6.135515 11.172986
v 16.959629 6.120900 11.170195
v 16.957096 6.150147 11.176474
v 16.963326 6.149542 11.179104
v 16.953817 6.163841 11.184261
v 16.936192 6.160524 11.176353
v 16.927029 6.170751 11.185653
v 16.916767 6.165764 11.181527
v 16.892660 6.153203 11.178067
v 16.905853 6.173657 11.191918
v 16.895279 6.165764 11.187666
v 16.883957 6.170751 11.199975
v 16.874033 6.160243 11.195784
v 16.855198 6.140043 11.200390
v 16.856087 6.163297 11.226088
v 16.843273 6.137810 11.220940
v 16.841187 4.450018 11.220001
v 16.879139 4.450018 11.174251
v 16.868305 6.130869 11.184587
v 16.901640 6.134882 11.167505
v 16.937065 6.134864 11.164910
v 16.960653 4.450018 11.166509
v 16.965248 6.134656 11.174329
v 16.965677 6.134902 11.173651
v 16.959629 6.120900 11.170195
v 16.963326 6.149542 11.179104
v 16.962173 6.135500 11.173093
v 16.963039 6.162479 11.188001
v 16.953941 6.163297 11.184341
v 16.957058 6.150105 11.176584
v 16.981068 6.149416 11.189617
v 16.961323 6.173824 11.199434
v 16.972458 6.170751 11.203911
v 16.983049 6.165993 11.207835
v 16.997854 6.158694 11.220632
v 16.981888 6.179520 11.239333
v 16.994020 6.170981 11.244023
v 17.007307 6.155565 11.258212
v 16.985249 6.174862 11.277996
v 17.007383 6.144438 11.286907
v 17.015787 6.131587 11.261598
v 17.010660 4.450018 11.288115
v 17.015944 4.450018 11.237562
v 17.011248 6.135096 11.226031
v 16.994612 6.129905 11.195292
v 16.960272 4.450018 11.168978
v 16.996529 4.450018 11.196992
v 16.962214 3.163161 11.172987
v 16.959629 3.177775 11.170196
v 16.963938 3.134995 11.186238
v 16.949314 3.135391 11.182489
v 16.936192 3.138152 11.176355
v 16.927029 3.127925 11.185654
v 16.916767 3.132912 11.181528
v 16.892658 3.145478 11.178068
v 16.905853 3.125022 11.191919
v 16.895075 3.132703 11.187319
v 16.862856 3.135315 11.209238
v 16.874252 3.124855 11.214365
v 16.856087 3.135384 11.226089
v 16.841972 3.163842 11.220345
v 16.841187 4.450018 11.220002
v 16.879137 4.450018 11.174252
v 16.868303 3.167812 11.184588
v 16.901644 3.163792 11.167506
v 16.937061 3.163815 11.164910
v 16.960653 4.450018 11.166509
v 16.968107 3.165228 11.175529
v 16.968412 3.165249 11.174995
v 16.959629 3.177775 11.170196
v 16.983675 3.160686 11.186271
v 16.962410 3.162845 11.172750
v 16.963039 3.136197 11.188002
v 16.972282 3.138152 11.190863
v 16.972458 3.127925 11.203912
v 16.982723 3.132912 11.208036
v 17.002525 3.145481 11.222231
v 16.983410 3.125022 11.223089
v 16.994371 3.132701 11.227231
v 17.002464 3.135315 11.265356
v 16.990688 3.124855 11.261163
v 16.995682 3.135384 11.282192
v 17.009851 3.163823 11.287818
v 17.010660 4.450018 11.288114
v 17.015944 4.450018 11.237563
v 17.015591 3.167825 11.243790
v 17.003340 3.163795 11.208369
v 16.996527 4.450018 11.196991
v 16.960274 4.450018 11.168977
v 17.261456 6.457799 11.365852
v 17.493420 6.457799 11.270038
v 17.671770 6.457799 11.091772
v 17.767881 6.457798 10.606623
v 17.006798 6.457798 10.101186
v 16.503447 6.457798 10.863649
v 16.781345 6.457799 11.272779
v 17.015137 6.457799 11.367262
v 16.601633 6.457799 11.095901
v 16.596901 6.457798 10.377973
v 16.501789 6.457798 10.611501
v 16.774273 6.457798 10.198741
v 17.492218 6.457798 10.195976
v 17.258951 6.457798 10.100217
v 17.670959 6.457798 10.373830
v 17.768156 6.457798 10.858771
v 24.014273 6.131683 11.205015
v 24.008471 6.149736 11.210235
v 24.010050 6.163291 11.219460
v 24.029057 6.158359 11.219506
v 24.034296 6.137182 11.211184
v 24.040634 6.150878 11.219442
v 24.046883 6.144453 11.219442
v 24.039425 6.125112 11.211104
v 24.040771 4.450018 11.207410
v 23.981653 6.133097 11.207620
v 23.995289 6.162479 11.219457
v 23.967295 6.156016 11.222409
v 23.992615 6.173824 11.230709
v 23.980614 6.170751 11.230714
v 23.969551 6.165764 11.230714
v 23.963303 6.173657 11.244430
v 23.951904 6.165764 11.244430
v 23.942076 6.156443 11.244020
v 23.935604 6.160069 11.260076
v 23.927883 6.147879 11.260080
v 23.942259 6.131517 11.228853
v 23.922207 6.130981 11.260093
v 23.920769 4.450018 11.259674
v 23.959167 4.450018 11.214323
v 24.010942 3.165116 11.204846
v 23.996767 3.157988 11.205997
v 24.010071 3.135390 11.219460
v 24.029045 3.140314 11.219508
v 24.034355 3.161412 11.210904
v 24.040634 3.147802 11.219443
v 24.046883 3.154222 11.219443
v 24.039425 3.173570 11.211104
v 24.040771 4.450018 11.207410
v 23.995289 3.136197 11.219458
v 23.968668 3.131655 11.229029
v 23.992615 3.124855 11.230710
v 23.980614 3.127925 11.230715
v 23.945883 3.145480 11.236514
v 23.963303 3.125022 11.244431
v 23.951904 3.132912 11.244431
v 23.945999 3.127925 11.260077
v 23.930887 3.144861 11.260143
v 23.936918 3.165620 11.235718
v 23.922205 3.167703 11.260094
v 23.918968 4.450018 11.258682
v 23.964386 3.167665 11.213958
v 23.967947 4.450018 11.210994
v 24.194851 6.130778 11.165238
v 24.199835 6.163801 11.176400
v 24.186773 6.163291 11.184252
v 24.214390 6.149417 11.167116
v 24.207195 6.173824 11.187948
v 24.223862 6.168559 11.181094
v 24.237446 6.159058 11.175385
v 24.244793 6.150878 11.172332
v 24.250053 6.165764 11.184993
v 24.258690 6.156151 11.181404
v 24.228039 6.129917 11.161678
v 24.250252 6.141551 11.170063
v 24.254259 6.128651 11.168449
v 24.222383 4.450018 11.160271
v 24.254749 4.450018 11.168200
v 24.177217 4.450018 11.171585
v 24.166065 6.133556 11.179729
v 24.173090 6.160523 11.189078
v 24.173061 6.170751 11.202126
v 24.157837 6.162556 11.208548
v 24.146967 6.134925 11.200354
v 24.143343 6.146138 11.214637
v 24.137114 6.128639 11.217105
v 24.134035 4.450018 11.215878
v 24.176538 3.168498 11.172806
v 24.176619 3.142318 11.182695
v 24.201521 3.123819 11.190305
v 24.237700 3.138654 11.173619
v 24.223866 3.130119 11.181096
v 24.250053 3.132912 11.184994
v 24.258690 3.142529 11.181405
v 24.250252 3.157129 11.170064
v 24.265110 3.153497 11.178741
v 24.226835 3.167646 11.161644
v 24.199049 3.159953 11.165439
v 24.254259 3.170032 11.168450
v 24.255560 4.450018 11.165404
v 24.193720 4.450018 11.164729
v 24.178305 3.125982 11.200000
v 24.157848 3.136114 11.208545
v 24.151545 3.165586 11.193369
v 24.143343 3.152544 11.214639
v 24.137114 3.170040 11.217106
v 24.153807 4.450018 11.188762
v 24.136589 4.450018 11.217276
v 24.345430 6.131673 11.059968
v 24.355038 6.163490 11.068331
v 24.345665 6.163291 11.080189
v 24.381653 6.167023 11.057626
v 24.365948 6.173824 11.075776
v 24.374416 6.170751 11.067276
v 24.403019 6.153203 11.046763
v 24.396351 6.173657 11.064694
v 24.404392 6.165763 11.056620
v 24.419643 6.170750 11.063472
v 24.430359 6.153817 11.052816
v 24.408806 6.133052 11.039848
v 24.436457 6.130937 11.046625
v 24.437740 4.450017 11.043338
v 24.371212 6.135841 11.045412
v 24.369398 4.450017 11.044381
v 24.315449 4.450018 11.093451
v 24.324766 6.141930 11.087184
v 24.332304 6.158367 11.093676
v 24.324078 6.150878 11.101845
v 24.321615 6.134611 11.092587
v 24.319023 6.125098 11.095105
v 24.345428 3.167002 11.059971
v 24.345648 3.135391 11.080208
v 24.356087 3.136197 11.069730
v 24.381653 3.131652 11.057628
v 24.365948 3.124855 11.075777
v 24.374416 3.127925 11.067277
v 24.403019 3.145476 11.046765
v 24.396351 3.125022 11.064695
v 24.404392 3.132911 11.056621
v 24.419643 3.127924 11.063473
v 24.430361 3.144860 11.052817
v 24.408806 3.165629 11.039849
v 24.436457 3.167746 11.046625
v 24.437740 4.450017 11.043337
v 24.371214 3.162838 11.045411
v 24.369398 4.450017 11.044380
v 24.315449 4.450018 11.093451
v 24.334650 3.158699 11.072050
v 24.332317 3.140304 11.093667
v 24.325851 3.157085 11.088031
v 24.324078 3.147802 11.101846
v 24.321613 3.164066 11.092589
v 24.319025 3.173580 11.095106
v 24.441603 6.135837 10.913268
v 24.444534 6.134834 10.907189
v 24.440315 6.120899 10.912778
v 24.437157 6.138419 10.927327
v 24.454414 6.163296 10.918582
v 24.448841 6.161606 10.932257
v 24.442936 6.156559 10.944366
v 24.451298 6.165763 10.955728
v 24.447208 6.159235 10.964831
v 24.464340 6.160841 10.999181
v 24.469475 6.170750 10.988688
v 24.479588 6.162478 11.008718
v 24.475183 6.142242 11.019471
v 24.472692 6.120920 11.023987
v 24.488161 4.450017 11.033425
v 24.489555 6.120899 11.030869
v 24.436266 4.450017 10.976770
v 24.443262 6.137835 10.986115
v 24.433832 6.131017 10.954136
v 24.438993 4.450017 10.912390
v 24.443823 6.134900 10.906757
v 24.440315 6.120899 10.912778
v 24.456594 6.138000 10.888859
v 24.449257 6.149541 10.909154
v 24.441971 6.135959 10.913397
v 24.446682 6.150104 10.915398
v 24.458149 6.162478 10.909514
v 24.461084 6.160523 10.900292
v 24.474136 6.170750 10.900222
v 24.478348 6.165763 10.889994
v 24.492691 6.153211 10.870319
v 24.493404 6.173656 10.889431
v 24.497631 6.165971 10.878501
v 24.535820 6.163359 10.870724
v 24.531536 6.173823 10.882464
v 24.552608 6.163296 10.877641
v 24.558344 6.134852 10.863522
v 24.559214 4.450017 10.860745
v 24.514366 6.130865 10.857419
v 24.478857 6.134892 10.869378
v 24.490873 4.450017 10.861831
v 24.436962 4.450017 10.910940
v 24.442852 3.163120 10.910115
v 24.440315 3.177774 10.912779
v 24.446682 3.148575 10.915399
v 24.449257 3.149137 10.909155
v 24.437159 3.160258 10.927323
v 24.454414 3.135383 10.918583
v 24.450687 3.136196 10.927650
v 24.449402 3.131652 10.955902
v 24.460072 3.124854 10.934405
v 24.455505 3.127924 10.945500
v 24.442690 3.153878 10.979926
v 24.461597 3.125021 10.966727
v 24.456911 3.132702 10.977469
v 24.478569 3.135315 11.009873
v 24.483784 3.124854 10.998512
v 24.495361 3.135383 11.016770
v 24.489498 3.163821 11.030841
v 24.488161 4.450017 11.033426
v 24.453964 3.167844 11.004231
v 24.433832 3.167653 10.954135
v 24.436266 4.450017 10.976770
v 24.438993 4.450017 10.912390
v 24.444496 3.164023 10.907193
v 24.443823 3.163778 10.906759
v 24.440315 3.177774 10.912779
v 24.456594 3.160679 10.888860
v 24.449257 3.149137 10.909155
v 24.443237 3.163175 10.910258
v 24.454445 3.134837 10.918436
v 24.446682 3.148575 10.915399
v 24.461086 3.138151 10.900294
v 24.474136 3.127924 10.900223
v 24.478348 3.132911 10.889995
v 24.492691 3.145468 10.870320
v 24.493404 3.125021 10.889432
v 24.497631 3.132701 10.878503
v 24.535820 3.135316 10.870724
v 24.531536 3.124854 10.882465
v 24.552608 3.135383 10.877642
v 24.558344 3.163824 10.863522
v 24.559214 4.450017 10.860745
v 24.514366 3.167815 10.857420
v 24.478853 3.163783 10.869382
v 24.490875 4.450017 10.861830
v 24.436962 4.450017 10.910939
v 24.476562 6.130164 10.742276
v 24.491051 6.163287 10.737193
v 24.491030 6.161609 10.717458
v 24.491013 6.153670 10.700038
v 24.482679 6.137182 10.703036
v 24.490902 6.144452 10.690426
v 24.477783 6.140273 10.724441
v 24.482588 6.125110 10.697911
v 24.478884 4.450017 10.696572
v 24.490297 6.160522 10.751673
v 24.502357 6.170750 10.756665
v 24.502388 6.165763 10.767725
v 24.502419 6.159057 10.777422
v 24.495798 6.137018 10.787410
v 24.516151 6.165763 10.785333
v 24.515766 6.156442 10.795167
v 24.531841 6.160068 10.801595
v 24.532200 6.134840 10.814413
v 24.516212 6.133279 10.805922
v 24.482252 6.135794 10.762688
v 24.516216 6.120899 10.807369
v 24.486019 4.450017 10.778152
v 24.531481 4.450017 10.816437
v 24.531887 6.120899 10.815681
v 24.476562 3.168514 10.742274
v 24.491028 3.135383 10.732221
v 24.491030 3.137065 10.717456
v 24.491013 3.145006 10.700042
v 24.482681 3.161494 10.703037
v 24.490902 3.154222 10.690427
v 24.477783 3.158406 10.724445
v 24.482588 3.173569 10.697912
v 24.478884 4.450017 10.696573
v 24.500706 3.131623 10.768565
v 24.502281 3.123817 10.732185
v 24.502384 3.125985 10.751033
v 24.508245 3.145478 10.791377
v 24.516117 3.125021 10.773935
v 24.516151 3.132911 10.785334
v 24.531811 3.127924 10.791201
v 24.531919 3.144827 10.806292
v 24.507496 3.165621 10.800364
v 24.531898 3.167701 10.814995
v 24.531481 4.450017 10.816437
v 24.486019 4.450017 10.778152
v 24.484896 3.162586 10.770190
v 24.444483 6.149457 10.549804
v 24.451500 6.163288 10.541472
v 24.445173 6.160522 10.528420
v 24.454338 6.170750 10.519133
v 24.448046 6.162560 10.503869
v 24.432888 6.134212 10.511580
v 24.442039 6.146165 10.489340
v 24.439342 6.128652 10.483192
v 24.438269 4.450017 10.482464
v 24.432262 4.450017 10.524657
v 24.435095 6.130066 10.537621
v 24.446609 4.450017 10.568309
v 24.443642 6.131674 10.560112
v 24.459156 6.161607 10.559658
v 24.463568 6.156559 10.572397
v 24.477516 6.165763 10.574498
v 24.483128 6.155029 10.587602
v 24.472519 6.129209 10.591887
v 24.486610 6.141550 10.596235
v 24.488014 6.131428 10.599590
v 24.457836 6.133320 10.578918
v 24.472816 4.450017 10.592423
v 24.437670 3.165123 10.546289
v 24.448816 3.142129 10.550204
v 24.466242 3.123819 10.547577
v 24.456570 3.125977 10.524343
v 24.447481 3.132716 10.507055
v 24.445902 3.139390 10.499904
v 24.455902 3.132911 10.487353
v 24.452286 3.142528 10.478724
v 24.440971 3.157128 10.487195
v 24.449604 3.153496 10.472314
v 24.432901 3.162835 10.513741
v 24.439342 3.170031 10.483194
v 24.438269 4.450017 10.482465
v 24.432262 4.450017 10.524657
v 24.446609 4.450017 10.568308
v 24.452450 3.172018 10.574254
v 24.475637 3.130129 10.569848
v 24.460630 3.152868 10.577271
v 24.483128 3.143653 10.587607
v 24.487673 3.162247 10.598294
v 24.472628 3.177749 10.592658
v 24.488491 3.177774 10.600726
v 24.472816 4.450017 10.592423
v 24.336624 6.140121 10.397014
v 24.350834 6.163290 10.392023
v 24.340343 6.162478 10.381632
v 24.332935 6.160522 10.375404
v 24.337841 6.170750 10.363312
v 24.329987 6.165763 10.355523
v 24.323101 6.159057 10.348699
v 24.312511 6.138741 10.349862
v 24.327103 6.165763 10.333364
v 24.319836 6.156441 10.326736
v 24.326534 6.160068 10.310774
v 24.321049 6.147878 10.305339
v 24.310183 6.129734 10.327235
v 24.317026 6.130969 10.301332
v 24.315710 4.450017 10.300620
v 24.311069 4.450017 10.359859
v 24.324287 6.134593 10.383602
v 24.349459 4.450017 10.411623
v 24.350111 6.123808 10.410471
v 24.354996 6.145231 10.408123
v 24.367456 6.156442 10.407991
v 24.360609 6.139415 10.413408
v 24.365925 6.126804 10.418344
v 24.330622 3.166986 10.392323
v 24.338949 3.135185 10.382686
v 24.350849 3.135390 10.392038
v 24.328171 3.131653 10.356102
v 24.346363 3.124854 10.371760
v 24.337841 3.127924 10.363313
v 24.317265 3.145463 10.334768
v 24.335197 3.125021 10.341391
v 24.327103 3.132911 10.333365
v 24.333920 3.127924 10.318093
v 24.323244 3.144828 10.307425
v 24.310320 3.165642 10.328986
v 24.317026 3.167714 10.301332
v 24.315710 4.450017 10.300619
v 24.311069 4.450017 10.359859
v 24.315983 3.162836 10.366570
v 24.349459 4.450017 10.411623
v 24.349758 3.177709 10.411261
v 24.354996 3.153447 10.408125
v 24.367460 3.142236 10.407990
v 24.360613 3.159267 10.413413
v 24.365116 3.169313 10.417838
v 24.366013 3.177774 10.418848
v 24.191999 6.131692 10.300560
v 24.179039 6.150041 10.290176
v 24.179899 6.162986 10.279984
v 24.198009 6.162478 10.287424
v 24.225033 6.156015 10.295281
v 24.204735 6.173823 10.278017
v 24.215843 6.170750 10.282556
v 24.226086 6.165763 10.286737
v 24.237053 6.173656 10.276407
v 24.247812 6.165971 10.281063
v 24.266687 6.152937 10.280770
v 24.268776 6.173823 10.254129
v 24.278999 6.162478 10.258303
v 24.286587 6.149541 10.261404
v 24.287006 6.163296 10.242507
v 24.294746 6.150104 10.245669
v 24.274572 6.130845 10.283939
v 24.292206 6.131473 10.263695
v 24.295082 4.450017 10.265815
v 24.242901 6.132694 10.300569
v 24.215307 6.133344 10.303783
v 24.237915 4.450017 10.303308
v 24.165737 4.450017 10.292960
v 24.168070 6.125724 10.289676
v 24.173365 6.132426 10.291943
v 24.177570 6.134655 10.293673
v 24.173500 6.147878 10.286451
v 24.180437 3.163111 10.295453
v 24.206469 3.137779 10.292556
v 24.179523 3.135812 10.280560
v 24.193552 3.135390 10.285599
v 24.215843 3.127924 10.282557
v 24.226086 3.132911 10.286738
v 24.250174 3.145475 10.290331
v 24.237053 3.125021 10.276408
v 24.247608 3.132911 10.280714
v 24.258995 3.127924 10.268471
v 24.269552 3.137868 10.273511
v 24.287006 3.135383 10.242508
v 24.300217 3.162611 10.247875
v 24.291636 3.163058 10.263405
v 24.274572 3.167834 10.283940
v 24.241123 3.163787 10.300847
v 24.207794 3.167754 10.303913
v 24.295082 4.450017 10.265815
v 24.237917 4.450017 10.303308
v 24.165737 4.450017 10.292960
v 24.167795 3.174277 10.289645
v 24.171116 3.168319 10.291017
v 24.176060 3.164602 10.293045
v 23.997902 6.133430 10.261918
v 24.017693 6.153882 10.253907
v 24.002468 6.163296 10.247613
v 23.987707 6.161607 10.247653
v 23.978510 6.135671 10.259076
v 23.974545 6.156150 10.247775
v 23.966927 6.150877 10.247819
v 23.966862 6.165763 10.236567
v 23.957169 6.159057 10.236623
v 23.957901 6.140781 10.247732
v 23.952631 6.126988 10.247862
v 23.950876 4.450017 10.250494
v 24.020458 4.450017 10.262376
v 24.025982 6.133091 10.259319
v 24.002403 6.174861 10.236364
v 24.021170 6.172709 10.236206
v 24.037945 6.165763 10.236156
v 24.061565 6.153204 10.230247
v 24.044117 6.173656 10.222415
v 24.055515 6.165763 10.222349
v 24.061340 6.170750 10.206672
v 24.076471 6.153772 10.206520
v 24.076406 6.133314 10.222088
v 24.084209 6.134655 10.206539
v 24.057245 6.134879 10.243427
v 24.079784 4.450017 10.224080
v 24.006903 3.165106 10.262358
v 23.989470 3.151426 10.257371
v 24.002468 3.135383 10.247614
v 23.987701 3.137067 10.247655
v 23.970297 3.145001 10.247720
v 23.957903 3.157888 10.247733
v 23.976391 3.171598 10.259327
v 23.952631 3.171692 10.247863
v 23.950876 4.450017 10.250494
v 24.020456 4.450017 10.262377
v 24.025930 3.140104 10.248154
v 24.002403 3.123817 10.236365
v 24.021187 3.125972 10.236208
v 24.038570 3.132051 10.237260
v 24.044117 3.125021 10.222416
v 24.055515 3.132911 10.222350
v 24.065346 3.142235 10.222703
v 24.057240 3.163795 10.243431
v 24.071728 3.138606 10.206615
v 24.084547 3.163838 10.206217
v 24.076406 3.165366 10.222090
v 24.030842 3.160690 10.256750
v 24.079784 4.450017 10.224080
v 23.818136 6.133580 10.301040
v 23.829762 6.153225 10.288314
v 23.806189 6.174860 10.277845
v 23.770054 6.160153 10.294948
v 23.783897 6.168551 10.287176
v 23.744728 6.151107 10.289597
v 23.757702 6.165763 10.283413
v 23.763443 6.130567 10.303687
v 23.737974 6.129968 10.291701
v 23.737005 4.450017 10.292738
v 23.796900 4.450017 10.308871
v 23.793943 6.137995 10.305312
v 23.829327 6.172707 10.268033
v 23.845316 6.140816 10.284521
v 23.849747 6.162580 10.259373
v 23.864229 6.146168 10.253191
v 23.862013 6.129159 10.266366
v 23.869846 6.131428 10.250990
v 23.864967 4.450017 10.268069
v 23.820726 3.164120 10.299334
v 23.804201 3.146784 10.298827
v 23.816410 3.135383 10.285740
v 23.812038 3.123817 10.275375
v 23.794691 3.125976 10.282642
v 23.779289 3.132911 10.289187
v 23.770359 3.139622 10.292956
v 23.744724 3.147576 10.289598
v 23.757702 3.132911 10.283414
v 23.753708 3.166706 10.301840
v 23.738731 3.165401 10.291417
v 23.797354 3.172063 10.306558
v 23.753094 3.177774 10.300239
v 23.796900 4.450017 10.308871
v 23.737005 4.450017 10.292738
v 23.737400 3.177774 10.291976
v 23.843996 3.171417 10.287122
v 23.825447 3.136196 10.281932
v 23.843437 3.149257 10.280009
v 23.823540 3.124854 10.270524
v 23.840139 3.130128 10.263453
v 23.857916 3.143691 10.255899
v 23.862186 3.169470 10.266510
v 23.866497 3.157128 10.252407
v 23.869846 3.167252 10.250991
v 23.864967 4.450017 10.268069
v 23.665453 6.133585 10.406712
v 23.679674 6.145663 10.385325
v 23.659180 6.163296 10.392274
v 23.643166 6.158559 10.409475
v 23.651169 6.174861 10.384376
v 23.637936 6.172702 10.397732
v 23.626570 6.166621 10.410904
v 23.612064 6.173656 10.404512
v 23.604061 6.165763 10.412630
v 23.581131 6.160841 10.414692
v 23.588772 6.170750 10.405857
v 23.565622 6.163137 10.405238
v 23.580542 6.130859 10.426213
v 23.556364 6.131437 10.414556
v 23.594604 4.450017 10.431375
v 23.555882 4.450017 10.415045
v 23.617933 6.134878 10.428581
v 23.645922 6.137995 10.418968
v 23.647604 4.450017 10.420045
v 23.682255 4.450017 10.390063
v 23.681108 6.123809 10.389414
v 23.669500 6.161609 10.381737
v 23.678783 6.156150 10.372388
v 23.684021 6.139408 10.378901
v 23.688938 6.126803 10.373575
v 23.667652 3.164587 10.403942
v 23.679674 3.153015 10.385327
v 23.662687 3.135390 10.388709
v 23.652294 3.136196 10.399258
v 23.630550 3.142668 10.417130
v 23.642406 3.124854 10.393264
v 23.633980 3.127924 10.401813
v 23.626217 3.132911 10.409688
v 23.612064 3.125021 10.404513
v 23.604061 3.132911 10.412631
v 23.581131 3.137833 10.414692
v 23.588772 3.127924 10.405858
v 23.566383 3.136196 10.404394
v 23.556585 3.162938 10.414153
v 23.572712 3.164023 10.422152
v 23.608381 3.167176 10.430440
v 23.650625 3.163209 10.417191
v 23.571587 3.177774 10.423295
v 23.594603 4.450017 10.431375
v 23.555882 3.177774 10.415045
v 23.555882 4.450017 10.415045
v 23.647606 4.450017 10.420044
v 23.682255 4.450017 10.390063
v 23.681341 3.174839 10.389605
v 23.678579 3.142232 10.372075
v 23.684027 3.159276 10.378897
v 23.688938 3.171874 10.373574
v 23.565308 6.134717 10.562471
v 23.561283 6.150042 10.560813
v 23.551085 6.162986 10.559983
v 23.558475 6.162478 10.541851
v 23.567348 6.153954 10.521785
v 23.549053 6.173823 10.535150
v 23.553555 6.170750 10.524028
v 23.548878 6.175038 10.502357
v 23.542465 6.179519 10.514886
v 23.534599 6.179519 10.492656
v 23.539352 6.170750 10.480914
v 23.530146 6.163361 10.459785
v 23.524990 6.173823 10.471169
v 23.513321 6.163296 10.452976
v 23.518492 6.137865 10.440182
v 23.542105 6.131601 10.452808
v 23.519442 4.450017 10.438089
v 23.559507 4.450017 10.469360
v 23.564137 6.139466 10.481538
v 23.574354 6.133170 10.536033
v 23.571993 6.130557 10.497746
v 23.577644 4.450017 10.531090
v 23.560810 6.125723 10.571784
v 23.563063 6.132430 10.566478
v 23.557568 6.147878 10.566359
v 23.560688 4.450017 10.572371
v 23.565308 3.163961 10.562472
v 23.560009 3.149137 10.560339
v 23.556664 3.135390 10.546311
v 23.551113 3.136196 10.560031
v 23.562834 3.138151 10.533210
v 23.553555 3.127924 10.524029
v 23.557713 3.132911 10.513778
v 23.566183 3.153871 10.489543
v 23.547352 3.125021 10.502837
v 23.551632 3.132911 10.492270
v 23.539352 3.127924 10.480915
v 23.543573 3.138430 10.471000
v 23.539022 3.158641 10.452157
v 23.513321 3.135383 10.452977
v 23.518492 3.160812 10.440183
v 23.519442 4.450017 10.438089
v 23.559507 4.450017 10.469360
v 23.554781 3.167829 10.465295
v 23.574903 3.165594 10.514830
v 23.571632 3.159958 10.543118
v 23.577644 4.450017 10.531090
v 23.560810 3.172953 10.571784
v 23.563063 3.166250 10.566480
v 23.557568 3.150796 10.566360
v 23.560688 4.450017 10.572371
v 23.532690 6.135920 10.724732
v 23.524797 6.156696 10.741667
v 23.508009 6.174862 10.743937
v 23.508144 6.168567 10.768074
v 23.519751 6.151010 10.773110
v 23.508331 6.159057 10.782831
v 23.531752 6.133940 10.758724
v 23.519445 6.140793 10.782063
v 23.519585 6.126978 10.787335
v 23.534216 4.450017 10.755280
v 23.519627 4.450017 10.787762
v 23.507843 6.173823 10.725113
v 23.516319 6.157304 10.702662
v 23.507744 6.170750 10.713112
v 23.493996 6.179519 10.708926
v 23.493265 6.165879 10.684536
v 23.478100 6.170750 10.678741
v 23.477903 6.153832 10.663646
v 23.501659 6.140365 10.670275
v 23.477882 6.130959 10.654947
v 23.479269 4.450017 10.651699
v 23.523855 6.129912 10.695647
v 23.527357 4.450017 10.700278
v 23.532705 3.161060 10.727200
v 23.531984 3.160868 10.752097
v 23.519239 3.135388 10.742468
v 23.518974 3.142275 10.765457
v 23.519501 3.147801 10.773039
v 23.508251 3.132911 10.773135
v 23.508331 3.139622 10.782832
v 23.521254 3.171103 10.788134
v 23.519445 3.157875 10.782062
v 23.534216 4.450017 10.755280
v 23.519627 4.450017 10.787762
v 23.519115 3.136196 10.727695
v 23.515942 3.142668 10.699728
v 23.507843 3.124854 10.725114
v 23.507744 3.127924 10.713113
v 23.507645 3.132911 10.702053
v 23.493885 3.125021 10.695924
v 23.493790 3.132911 10.684521
v 23.494118 3.142236 10.674690
v 23.478008 3.138606 10.668351
v 23.477943 3.150796 10.660625
v 23.502361 3.165629 10.669446
v 23.477882 3.167721 10.654948
v 23.479269 4.450017 10.651699
v 23.524364 3.167635 10.696754
v 23.527357 4.450017 10.700278
v 23.573580 6.133563 10.923148
v 23.562414 6.156549 10.919297
v 23.545000 6.174860 10.921997
v 23.554790 6.172705 10.945166
v 23.563282 6.167022 10.960712
v 23.558640 6.161691 10.987508
v 23.551212 6.173656 10.971678
v 23.575451 6.132706 10.977180
v 23.562046 6.145183 10.997174
v 23.564013 6.129953 11.001875
v 23.565048 4.450017 11.002841
v 23.578957 4.450017 10.962518
v 23.577902 6.135809 10.947981
v 23.570173 4.450017 10.908314
v 23.558640 6.126631 10.895244
v 23.535486 6.168552 10.899792
v 23.553551 6.147929 10.897543
v 23.527876 6.154988 10.882035
v 23.525253 6.141214 10.871177
v 23.522635 6.128620 10.869497
v 23.522860 4.450017 10.868220
v 23.573578 3.165113 10.923146
v 23.569641 3.144785 10.934928
v 23.557835 3.135383 10.923451
v 23.547485 3.123817 10.927853
v 23.554796 3.125975 10.945181
v 23.561382 3.132911 10.960562
v 23.565174 3.139622 10.969484
v 23.575195 3.161650 10.976054
v 23.555672 3.132911 10.982171
v 23.560858 3.148139 10.994679
v 23.564013 3.168728 11.001876
v 23.580538 4.450017 10.963697
v 23.564285 4.450017 11.002448
v 23.577904 3.162872 10.947989
v 23.564510 4.450017 10.901159
v 23.558640 3.172042 10.895245
v 23.554001 3.136196 10.914428
v 23.552031 3.149261 10.896442
v 23.542603 3.124854 10.916367
v 23.535484 3.130123 10.899793
v 23.527876 3.143694 10.882032
v 23.525148 3.157723 10.871179
v 23.522635 3.170058 10.869498
v 23.522860 4.450017 10.868221
v 23.681482 6.131689 11.076534
v 23.680115 6.153874 11.086466
v 23.664803 6.163297 11.080389
v 23.656921 6.174862 11.088424
v 23.665833 6.173824 11.097160
v 23.674404 6.170751 11.105565
v 23.693205 6.155242 11.121916
v 23.667881 6.179520 11.118366
v 23.684927 6.165878 11.135821
v 23.687429 6.160844 11.158381
v 23.678574 6.170751 11.150759
v 23.678020 6.163141 11.173916
v 23.688398 6.131315 11.183693
v 23.690447 4.450018 11.184941
v 23.702257 6.129754 11.141486
v 23.696259 6.136117 11.102482
v 23.702206 4.450018 11.117604
v 23.681931 4.450018 11.075675
v 23.654087 6.141929 11.056075
v 23.654205 6.161601 11.070070
v 23.639027 6.151117 11.055762
v 23.648663 6.134606 11.052960
v 23.646120 6.125109 11.050398
v 23.646332 4.450016 11.049425
v 23.682106 3.168506 11.077063
v 23.673191 3.135187 11.086198
v 23.661234 3.135392 11.076900
v 23.689730 3.142666 11.108954
v 23.665833 3.124855 11.097161
v 23.674404 3.127925 11.105566
v 23.682304 3.132912 11.113310
v 23.677166 3.125022 11.127475
v 23.685307 3.132912 11.135455
v 23.687429 3.137832 11.158381
v 23.678574 3.127925 11.150760
v 23.678022 3.135534 11.173917
v 23.698952 3.167803 11.158933
v 23.687359 3.167178 11.183141
v 23.690447 4.450018 11.184941
v 23.701662 3.165982 11.123264
v 23.692736 3.162864 11.095361
v 23.702206 4.450018 11.117604
v 23.681932 4.450018 11.075677
v 23.665276 3.166720 11.061525
v 23.653421 3.156988 11.056932
v 23.647688 3.140291 11.063696
v 23.639423 3.147801 11.055509
v 23.648663 3.164067 11.052962
v 23.646120 3.173570 11.050399
v 23.646332 4.450016 11.049426
v 23.832121 6.135555 11.172707
v 23.829433 6.120900 11.170195
v 23.826904 6.150147 11.176474
v 23.833134 6.149542 11.179104
v 23.823626 6.163841 11.184261
v 23.806000 6.160524 11.176353
v 23.796837 6.170751 11.185653
v 23.786579 6.165764 11.181527
v 23.762474 6.153203 11.178064
v 23.775661 6.173657 11.191918
v 23.765087 6.165764 11.187666
v 23.753765 6.170751 11.199975
v 23.743837 6.160243 11.195784
v 23.725000 6.140044 11.200397
v 23.725899 6.163297 11.226088
v 23.713083 6.137827 11.220941
v 23.710995 4.450018 11.220001
v 23.748940 4.450018 11.174254
v 23.738113 6.130857 11.184586
v 23.771448 6.134885 11.167506
v 23.806158 6.135188 11.164908
v 23.830458 4.450018 11.166509
v 23.835052 6.134656 11.174329
v 23.835482 6.134902 11.173651
v 23.829433 6.120900 11.170195
v 23.833134 6.149542 11.179104
v 23.831982 6.135500 11.173093
v 23.832848 6.162479 11.188001
v 23.823750 6.163297 11.184341
v 23.826866 6.150105 11.176584
v 23.850870 6.149417 11.189613
v 23.831131 6.173824 11.199434
v 23.842266 6.170751 11.203911
v 23.852859 6.165993 11.207835
v 23.867659 6.158702 11.220635
v 23.851696 6.179520 11.239333
v 23.863829 6.170982 11.244022
v 23.877113 6.155566 11.258210
v 23.855057 6.174862 11.277996
v 23.877193 6.144433 11.286908
v 23.885593 6.131598 11.261587
v 23.882446 4.450018 11.288663
v 23.881054 6.135095 11.226022
v 23.864418 6.129911 11.195291
v 23.878086 4.450018 11.211949
v 23.830078 4.450018 11.168975
v 23.829433 3.177775 11.170196
v 23.831982 3.163176 11.173094
v 23.833172 3.135813 11.187455
v 23.819124 3.135391 11.182488
v 23.806000 3.138152 11.176355
v 23.796837 3.127925 11.185654
v 23.786579 3.132912 11.181528
v 23.762316 3.153877 11.173120
v 23.775661 3.125022 11.191919
v 23.764883 3.132703 11.187319
v 23.732662 3.135314 11.209238
v 23.744061 3.124855 11.214365
v 23.725899 3.135384 11.226089
v 23.711784 3.163820 11.220345
v 23.710995 4.450018 11.220002
v 23.748940 4.450018 11.174255
v 23.738111 3.167824 11.184587
v 23.787601 3.165589 11.164334
v 23.815880 3.159960 11.167527
v 23.830458 4.450018 11.166509
v 23.837917 3.165229 11.175528
v 23.838219 3.165250 11.174996
v 23.829433 3.177775 11.170196
v 23.853481 3.160684 11.186270
v 23.832218 3.162845 11.172750
v 23.832848 3.136197 11.188002
v 23.842093 3.138153 11.190864
v 23.842266 3.127925 11.203912
v 23.852531 3.132912 11.208036
v 23.872330 3.145475 11.222231
v 23.853218 3.125022 11.223089
v 23.864183 3.132702 11.227231
v 23.872274 3.135315 11.265356
v 23.860493 3.124855 11.261163
v 23.865494 3.135384 11.282192
v 23.879656 3.163811 11.287817
v 23.882446 4.450018 11.288662
v 23.885399 3.167826 11.243793
v 23.873154 3.163798 11.208377
v 23.878086 4.450018 11.211948
v 23.830078 4.450018 11.168975
v 24.131264 6.457799 11.365852
v 24.363228 6.457799 11.270038
v 24.541576 6.457799 11.091777
v 24.637686 6.457798 10.606623
v 23.876606 6.457798 10.101186
v 23.373257 6.457798 10.863643
v 23.651155 6.457799 11.272778
v 23.884949 6.457799 11.367262
v 23.471439 6.457799 11.095898
v 23.466717 6.457798 10.377965
v 23.371593 6.457798 10.611501
v 23.644079 6.457798 10.198743
v 24.362026 6.457798 10.195974
v 24.128761 6.457798 10.100217
v 24.540771 6.457798 10.373830
v 24.637968 6.457798 10.858774
v -3.327566 3.138216 11.209246
v -3.341026 3.145765 11.239218
v -3.335917 3.152516 11.214581
v -3.334775 3.142489 11.283164
v -3.319035 3.122991 11.276610
v -3.343172 3.168078 11.286640
v -3.343392 4.450018 11.286763
v -3.346316 4.450018 11.216215
v -3.348840 3.167829 11.242499
v -3.342092 3.170018 11.217099
v -3.061163 6.196564 11.114030
v -3.102673 6.193825 11.116080
v -3.109228 6.188665 11.162342
v -3.124758 6.185841 11.140119
v -3.131265 6.164579 11.184102
v -3.150370 6.160069 11.154557
v -3.143031 6.170751 11.147196
v -3.090994 6.185801 11.082841
v -3.034655 6.179954 11.087371
v -3.023298 6.163527 11.075990
v -3.052248 6.160068 11.056110
v -3.059422 6.171375 11.063012
v -3.082886 6.173657 11.064694
v -3.133652 6.177439 11.102097
v -3.152307 6.163249 11.125434
v -3.113286 6.173824 11.075776
v -3.096802 6.166286 11.059356
v -3.123145 6.162479 11.069729
v -3.133506 6.163219 11.080232
v -3.146933 6.158360 11.093666
v -3.155154 6.150878 11.101845
v -3.074838 6.165763 11.056620
v -3.051236 6.161042 11.054743
v -3.023682 6.163297 11.076497
v -3.013930 6.137836 11.066717
v -3.042314 6.131842 11.045702
v -3.012383 4.450017 11.065032
v -3.042301 4.450017 11.046133
v -3.144055 6.171506 11.147406
v -3.165608 6.140365 11.136356
v -3.150771 6.160243 11.154697
v -3.155880 6.138252 11.171368
v -3.129891 6.163297 11.183053
v -3.139637 6.137818 11.192843
v -3.141316 4.450018 11.194397
v -3.168594 4.450018 11.141593
v -3.155834 6.142467 11.087193
v -3.164156 6.134935 11.110314
v -3.157595 6.134591 11.092583
v -3.160427 4.450018 11.095293
v -3.160191 6.125093 11.095106
v -3.066348 3.100699 11.119214
v -3.041229 3.112301 11.093981
v -3.022635 3.134101 11.075119
v -3.052248 3.138606 11.056111
v -3.059422 3.127298 11.063013
v -3.091029 3.112879 11.082848
v -3.108849 3.105533 11.122260
v -3.096255 3.104748 11.149314
v -3.127387 3.114354 11.139977
v -3.122222 3.123212 11.175395
v -3.138504 3.125850 11.155229
v -3.142261 3.124487 11.123877
v -3.123321 3.119395 11.093045
v -3.082886 3.125022 11.064695
v -3.074838 3.132911 11.056621
v -3.096802 3.132386 11.059356
v -3.113286 3.124855 11.075777
v -3.151243 3.141410 11.096017
v -3.149935 3.132912 11.131968
v -3.143642 3.138607 11.090298
v -3.133523 3.135462 11.080252
v -3.123145 3.136197 11.069730
v -3.051236 3.137632 11.054744
v -3.023682 3.135384 11.076498
v -3.013928 3.160851 11.066717
v -3.042314 3.166838 11.045702
v -3.012384 4.450017 11.065033
v -3.042301 4.450017 11.046133
v -3.150456 3.142100 11.096287
v -3.156369 3.147141 11.101656
v -3.141887 3.125022 11.123895
v -3.151527 3.131996 11.132149
v -3.157350 3.145751 11.149571
v -3.134749 3.142514 11.187778
v -3.121944 3.123818 11.175086
v -3.141159 3.168081 11.194199
v -3.141316 4.450018 11.194396
v -3.168594 4.450018 11.141593
v -3.163313 3.167831 11.155602
v -3.166004 3.163789 11.118224
v -3.157596 3.164086 11.092586
v -3.153268 3.157129 11.088112
v -3.160191 3.173584 11.095107
v -3.160427 4.450018 11.095293
v -2.948363 6.196856 10.930437
v -2.974579 6.193145 10.920546
v -2.961079 6.198116 10.961163
v -2.993087 6.189028 10.968514
v -2.977603 6.179367 11.001538
v -2.984740 6.164580 11.018270
v -3.013713 6.160068 10.998301
v -3.010515 6.171682 10.989421
v -2.965426 6.184327 10.896607
v -2.925913 6.165065 10.876026
v -2.947621 6.173843 10.882140
v -2.943497 6.162478 10.872259
v -2.985989 6.174189 10.889095
v -3.013212 6.179737 10.930849
v -3.031624 6.159057 10.964694
v -3.027934 6.165763 10.955728
v -3.005094 6.170750 10.900222
v -3.000885 6.165763 10.889994
v -3.017494 6.160068 10.900794
v -3.021083 6.162478 10.909514
v -3.024812 6.163296 10.918582
v -3.030404 6.161601 10.932258
v -3.035441 6.156150 10.944404
v -3.029975 6.149541 10.909154
v -3.032547 6.150104 10.915398
v -2.981492 6.165763 10.878890
v -2.983871 6.163296 11.016769
v -3.000486 6.163902 11.010933
v -2.990634 6.121271 11.033364
v -3.005335 6.120899 11.022548
v -2.948362 3.101820 10.930436
v -2.961075 3.100558 10.961156
v -2.974574 3.105532 10.920543
v -2.965397 3.114354 10.896592
v -2.925913 3.133615 10.876027
v -2.947620 3.124831 10.882141
v -2.943497 3.136196 10.872260
v -3.002464 3.111556 10.945165
v -2.974525 3.112295 10.993821
v -2.995445 3.124854 10.998512
v -2.999645 3.136196 11.008719
v -2.983871 3.135383 11.016770
v -3.023281 3.131474 10.978152
v -3.017986 3.124487 10.966853
v -3.005837 3.126591 10.899535
v -2.985828 3.125021 10.889432
v -2.981492 3.132911 10.878891
v -3.000885 3.132911 10.889995
v -3.019157 3.124854 10.934405
v -3.027937 3.132384 10.955952
v -3.028545 3.136196 10.927650
v -3.022848 3.135461 10.914013
v -3.017494 3.138606 10.900795
v -2.921103 3.166797 10.864217
v -2.920824 4.450017 10.863539
v -2.912957 4.450017 10.844423
v -2.913045 3.056144 10.844412
v -2.923445 3.148575 10.869907
v -2.926624 3.135383 10.877642
v -2.930907 3.123817 10.888047
v -2.936123 3.114327 10.900724
v -2.942073 3.107278 10.915189
v -2.948533 3.102933 10.930883
v -2.955248 3.101469 10.947206
v -2.998522 3.056145 11.050972
v -2.961967 3.102933 10.963526
v -2.968423 3.107278 10.979225
v -2.974377 3.114327 10.993688
v -2.979592 3.123817 11.006367
v -2.983871 3.135383 11.016770
v -2.987055 3.148575 11.024502
v -2.989398 3.166785 11.030191
v -2.998326 4.450017 11.051054
v -2.989676 4.450017 11.030869
v -2.912979 3.101469 10.731992
v -2.912926 3.102933 10.749644
v -2.912873 3.107278 10.766614
v -2.912825 3.114327 10.782256
v -2.912785 3.123817 10.795967
v -2.912750 3.135383 10.807216
v -2.912724 3.148575 10.815576
v -2.912705 3.166788 10.821730
v -2.912957 4.450017 10.844423
v -2.912702 4.450017 10.822462
v -2.913399 3.056144 10.620872
v -2.913031 3.102933 10.714345
v -2.913084 3.107278 10.697370
v -2.913128 3.114327 10.681728
v -2.913172 3.123817 10.668020
v -2.913203 3.135383 10.656768
v -2.913229 3.148575 10.648408
v -2.913249 3.166789 10.642254
v -2.913313 4.450017 10.620849
v -2.913251 4.450017 10.641521
v -2.921781 3.166801 10.599795
v -2.913313 4.450017 10.620849
v -2.921497 4.450017 10.600471
v -2.924157 3.148575 10.594116
v -2.927385 3.135383 10.586408
v -2.931730 3.123817 10.576025
v -2.937020 3.114327 10.563382
v -2.943062 3.107278 10.548954
v -2.949615 3.102933 10.533298
v -2.956430 3.101469 10.517015
v -2.999412 3.056144 10.414540
v -2.963242 3.102933 10.500735
v -2.969795 3.107278 10.485080
v -2.975837 3.114327 10.470652
v -2.981127 3.123817 10.458004
v -2.985472 3.135383 10.447626
v -2.988699 3.148575 10.439913
v -2.991077 3.166797 10.434235
v -2.999341 4.450017 10.414486
v -2.991360 4.450017 10.433558
v -3.015233 3.166785 10.398290
v -2.999341 4.450017 10.414486
v -3.014711 4.450017 10.398805
v -3.019605 3.148575 10.393954
v -3.025542 3.135383 10.388070
v -3.033532 3.123817 10.380151
v -3.043268 3.114327 10.370498
v -3.054377 3.107278 10.359487
v -3.066430 3.102933 10.347539
v -3.078968 3.101469 10.335111
v -3.157896 3.056144 10.256859
v -3.091500 3.102933 10.322688
v -3.103554 3.107278 10.310740
v -3.114662 3.114327 10.299728
v -3.124398 3.123817 10.290076
v -3.132389 3.135383 10.282156
v -3.138330 3.148575 10.276273
v -3.142699 3.166787 10.271937
v -3.157903 4.450017 10.256866
v -3.143220 4.450017 10.271421
v -2.913087 6.197978 10.717144
v -2.940943 6.193146 10.749374
v -2.912892 6.193922 10.759598
v -2.912892 6.179964 10.791752
v -2.940064 6.162001 10.804676
v -2.912750 6.163296 10.807215
v -2.956052 6.180722 10.769932
v -2.939962 6.189026 10.697962
v -2.913165 6.165063 10.655005
v -2.930815 6.173823 10.669304
v -2.930850 6.162478 10.658267
v -2.955730 6.169491 10.674799
v -2.972824 6.179739 10.725241
v -2.963080 6.165763 10.785333
v -2.963049 6.156150 10.794691
v -2.976682 6.159492 10.777689
v -2.976875 6.170750 10.756665
v -2.989710 6.151848 10.695745
v -2.988286 6.156150 10.704295
v -2.988208 6.161604 10.717470
v -2.988111 6.163217 10.737193
v -2.988141 6.160068 10.751454
v -2.931170 6.174627 10.668376
v -2.931358 6.163360 10.656814
v -2.971060 6.149076 10.670182
v -2.990392 6.152073 10.695196
v -2.988533 6.144547 10.690266
v -2.913203 6.163296 10.656767
v -2.913315 6.134876 10.641533
v -2.954551 4.450017 10.649291
v -2.913251 4.450017 10.641521
v -2.956263 6.130849 10.652743
v -2.983516 6.128373 10.675200
v -2.996629 6.125109 10.697924
v -2.996620 6.137205 10.703030
v -2.997881 4.450017 10.696972
v -2.947635 6.161042 10.803282
v -2.912750 6.163296 10.807215
v -2.912767 6.134874 10.822451
v -2.912788 4.450017 10.823314
v -2.947345 4.450017 10.815681
v -2.947345 6.120899 10.815681
v -2.947350 6.134655 10.814075
v -2.963014 6.120899 10.807369
v -2.963018 6.133279 10.805922
v -2.913087 3.100698 10.717145
v -2.939944 3.109647 10.697954
v -2.913162 3.123340 10.667357
v -2.955726 3.129181 10.674800
v -2.957293 3.110865 10.739984
v -2.912979 3.103896 10.760337
v -2.939661 3.116613 10.781381
v -2.912796 3.119270 10.790687
v -2.912834 3.135149 10.807850
v -2.947389 3.138606 10.801596
v -2.947420 3.127924 10.791201
v -2.963392 3.124486 10.774186
v -2.971049 3.120946 10.712024
v -2.977086 3.139622 10.686953
v -2.977059 3.132911 10.696644
v -2.976949 3.123817 10.732185
v -2.976864 3.125959 10.750962
v -2.976844 3.132911 10.767726
v -2.963080 3.132911 10.785334
v -2.988208 3.137069 10.717467
v -2.988203 3.135383 10.732221
v -2.988286 3.142528 10.704296
v -2.977059 3.132911 10.696644
v -2.988286 3.142528 10.704296
v -2.988153 3.153930 10.690158
v -2.978385 3.138834 10.685858
v -2.971059 3.149605 10.670181
v -2.939815 3.143107 10.655020
v -2.913299 3.122990 10.667065
v -2.913215 3.142644 10.651246
v -2.913370 3.168072 10.640923
v -2.946173 4.450017 10.646654
v -2.913251 4.450017 10.641521
v -2.956262 3.167830 10.652744
v -2.996620 3.161471 10.703031
v -2.996629 3.173569 10.697925
v -2.983517 3.170307 10.675200
v -3.000024 4.450017 10.695788
v -2.947634 3.137631 10.803281
v -2.912750 3.135383 10.807216
v -2.912703 3.160852 10.821029
v -2.947657 3.166826 10.815977
v -2.912788 4.450017 10.823315
v -2.947345 4.450017 10.815681
v -2.949443 6.196856 10.533747
v -2.974143 6.188692 10.474663
v -2.990812 6.191386 10.503938
v -2.978954 6.193824 10.535732
v -2.965127 6.185839 10.565313
v -2.931547 6.175469 10.576398
v -2.956480 6.172814 10.583791
v -3.002420 6.177780 10.476119
v -3.016600 6.160889 10.465593
v -2.985472 6.163296 10.447625
v -3.025697 6.171796 10.519119
v -3.005881 6.181659 10.545483
v -2.998611 6.160284 10.584957
v -3.001914 6.166120 10.574768
v -3.031225 6.162582 10.503884
v -3.035977 6.150877 10.492646
v -3.033200 6.160513 10.528216
v -3.023832 6.163218 10.550607
v -3.014855 6.156527 10.571887
v -3.014699 6.161378 10.463624
v -3.041198 6.130260 10.482643
v -3.038260 6.141550 10.487194
v -3.035977 6.150877 10.492646
v -2.986032 6.163946 10.446629
v -2.990800 6.137824 10.434879
v -3.014251 6.131604 10.447779
v -2.992770 4.450017 10.431012
v -3.041355 4.450017 10.482053
v -2.998811 6.160460 10.585678
v -2.968821 6.152915 10.599047
v -2.931474 6.175689 10.576955
v -2.924873 6.156188 10.592684
v -2.921372 6.130584 10.601070
v -2.962567 4.450017 10.609378
v -2.921497 4.450017 10.600471
v -2.965509 6.130854 10.606856
v -2.993456 6.146174 10.594007
v -2.991277 6.131448 10.599812
v -3.006639 6.129169 10.591787
v -3.006413 4.450017 10.592423
v -2.949443 3.101820 10.533748
v -2.978947 3.104850 10.535731
v -2.990802 3.107287 10.503942
v -2.967069 3.104744 10.491581
v -3.001951 3.124305 10.467970
v -2.981268 3.123211 10.457614
v -3.017180 3.129783 10.480726
v -2.965097 3.112841 10.565330
v -2.931548 3.123211 10.576397
v -2.956455 3.125857 10.583787
v -3.003687 3.115500 10.544785
v -3.027781 3.129182 10.513725
v -3.032908 3.139622 10.499988
v -3.017820 3.123932 10.535835
v -3.008160 3.125963 10.559036
v -3.001716 3.132911 10.574499
v -2.998611 3.138394 10.584956
v -3.025141 3.131358 10.486043
v -3.029507 3.153302 10.471937
v -3.010709 3.143109 10.456195
v -2.981127 3.123817 10.458004
v -2.987611 3.142696 10.442502
v -2.991698 3.168069 10.433050
v -2.992770 4.450017 10.431012
v -3.026793 3.167827 10.460423
v -3.041355 4.450017 10.482053
v -3.039879 3.170011 10.483214
v -3.038260 3.157128 10.487195
v -2.998813 3.138216 10.585678
v -2.968808 3.145760 10.599050
v -2.993456 3.152504 10.594007
v -2.924874 3.142486 10.592682
v -2.931475 3.122990 10.576956
v -2.921372 3.168088 10.601071
v -2.962566 4.450017 10.609377
v -2.921497 4.450017 10.600471
v -2.965509 3.167827 10.606857
v -2.991215 3.167252 10.599591
v -2.990740 3.177774 10.600726
v -3.006413 4.450017 10.592423
v -3.006413 3.177774 10.592423
v -3.094763 6.196559 10.319523
v -3.068303 6.198122 10.345793
v -3.068486 6.185838 10.383057
v -3.033222 6.175468 10.380424
v -3.053449 6.172808 10.396831
v -3.104620 6.187815 10.372109
v -3.125859 6.185801 10.349445
v -3.137118 6.177785 10.314985
v -3.133609 6.165064 10.280882
v -3.148511 6.161695 10.302389
v -3.152579 6.166247 10.333325
v -3.084689 6.174191 10.400606
v -3.076575 6.165763 10.408254
v -3.112400 6.157008 10.409383
v -3.121374 6.173663 10.386717
v -3.141390 6.170750 10.363312
v -3.156219 6.159489 10.348417
v -3.158769 6.156150 10.326777
v -3.145586 6.160068 10.374995
v -3.135396 6.163217 10.384983
v -3.121427 6.161607 10.398891
v -3.154070 6.161044 10.309765
v -3.132389 6.163296 10.282155
v -3.142208 6.137757 10.272416
v -3.163130 6.131855 10.300874
v -3.143888 4.450017 10.270885
v -3.162701 4.450017 10.300859
v -3.133200 6.164444 10.389907
v -3.121411 6.161609 10.398893
v -3.124148 6.145183 10.408016
v -3.112090 6.156150 10.408196
v -3.133394 6.132423 10.406068
v -3.137738 6.135198 10.401774
v -3.141434 6.135785 10.398130
v -3.118616 6.139410 10.413414
v -3.130283 6.127890 10.409130
v -3.113303 6.126802 10.418344
v -3.129139 6.123806 10.410316
v -3.106996 6.161324 10.408800
v -3.124148 6.145183 10.408016
v -3.118612 6.139383 10.413406
v -3.084671 6.173656 10.400232
v -3.076390 6.166678 10.409846
v -3.058968 6.152930 10.415622
v -3.020816 6.156190 10.392903
v -3.033532 6.174861 10.380150
v -3.014367 6.130594 10.399310
v -3.049235 4.450017 10.422775
v -3.014711 4.450017 10.398805
v -3.052898 6.130842 10.421570
v -3.088515 6.132687 10.424790
v -3.113377 6.126783 10.418401
v -3.129054 6.123800 10.410390
v -3.130641 4.450017 10.413963
v -3.094765 3.102117 10.319522
v -3.092592 3.104850 10.361029
v -3.121484 3.118727 10.293098
v -3.132895 3.135151 10.281774
v -3.152696 3.138606 10.310775
v -3.145774 3.127296 10.317933
v -3.125855 3.112878 10.349481
v -3.046358 3.109978 10.367418
v -3.068453 3.112842 10.383060
v -3.046632 3.124831 10.392089
v -3.038994 3.136196 10.399588
v -3.025542 3.135383 10.388070
v -3.084688 3.124486 10.400607
v -3.115566 3.119389 10.381742
v -3.144033 3.125021 10.341391
v -3.152129 3.132911 10.333365
v -3.149335 3.132384 10.355321
v -3.132864 3.124854 10.371760
v -3.112521 3.141411 10.409663
v -3.076575 3.132911 10.408255
v -3.118264 3.138606 10.402081
v -3.128319 3.135462 10.391998
v -3.138888 3.136196 10.381633
v -3.154069 3.137630 10.309767
v -3.132389 3.135383 10.282156
v -3.142208 3.160923 10.272416
v -3.163131 3.166826 10.300874
v -3.143888 4.450017 10.270885
v -3.162701 4.450017 10.300859
v -3.133201 3.134234 10.389908
v -3.121409 3.137065 10.398897
v -3.137750 3.163473 10.401764
v -3.141434 3.162889 10.398131
v -3.124148 3.153496 10.408017
v -3.112090 3.142528 10.408197
v -3.133394 3.166257 10.406070
v -3.118613 3.159273 10.413419
v -3.130283 3.170788 10.409132
v -3.114104 3.169346 10.417845
v -3.128718 3.177684 10.410630
v -3.113220 3.177774 10.418848
v -3.107001 3.137357 10.408801
v -3.118608 3.159300 10.413411
v -3.124148 3.153496 10.408017
v -3.084671 3.125021 10.400233
v -3.076522 3.132702 10.408655
v -3.051737 3.146482 10.414536
v -3.046830 3.124854 10.391817
v -3.038994 3.136196 10.399588
v -3.025542 3.135383 10.388070
v -3.014763 3.163811 10.398843
v -3.041473 4.450017 10.418656
v -3.014711 4.450017 10.398805
v -3.052898 3.167838 10.421571
v -3.088515 3.165991 10.424791
v -3.114110 3.169367 10.417814
v -3.085884 4.450017 10.425714
v -3.113220 3.177774 10.418848
v -3.129533 4.450017 10.411780
v -3.128897 3.177774 10.410560
v -3.275615 6.197982 10.208529
v -3.235620 6.194768 10.224884
v -3.232959 6.184329 10.256825
v -3.190576 6.165065 10.243134
v -3.210163 6.173846 10.254303
v -3.200233 6.162478 10.258303
v -3.277254 6.183863 10.266373
v -3.309301 6.185612 10.233139
v -3.316189 6.179423 10.191893
v -3.333186 6.164578 10.185211
v -3.339296 6.160068 10.219860
v -3.329972 6.170753 10.223758
v -3.242177 6.173656 10.276407
v -3.231623 6.165763 10.280713
v -3.252922 6.166286 10.286737
v -3.274494 6.173823 10.278017
v -3.319222 6.166120 10.260069
v -3.327929 6.159057 10.256201
v -3.316224 6.156525 10.272979
v -3.294853 6.163218 10.281776
v -3.281223 6.162478 10.287424
v -3.299671 6.163034 10.279989
v -3.305957 6.148080 10.286742
v -3.299714 6.149541 10.288906
v -3.316729 6.156559 10.273795
v -3.318954 6.165763 10.259869
v -3.328308 6.159235 10.256390
v -3.329674 6.170750 10.223787
v -3.339720 6.160243 10.219887
v -3.350915 6.138245 10.206523
v -3.331513 6.163296 10.185642
v -3.344300 6.137820 10.180412
v -3.348428 4.450017 10.179079
v -3.346256 6.140364 10.242555
v -3.330073 6.131017 10.273431
v -3.311071 6.125694 10.289591
v -3.305854 6.132424 10.291937
v -3.301662 6.134655 10.293673
v -3.344488 4.450017 10.255819
v -3.311750 4.450017 10.289553
v -3.181867 6.151073 10.246756
v -3.190536 6.150313 10.262224
v -3.186390 4.450017 10.263954
v -3.178110 4.450017 10.248273
v -3.278587 3.101807 10.207264
v -3.280389 3.104851 10.236760
v -3.310102 3.112841 10.223173
v -3.333125 3.133616 10.184935
v -3.326954 3.124831 10.206623
v -3.336843 3.136196 10.202530
v -3.248495 3.107287 10.248329
v -3.236264 3.104768 10.224525
v -3.206558 3.118731 10.236760
v -3.191675 3.135153 10.242825
v -3.210612 3.138606 10.272398
v -3.219910 3.127297 10.268832
v -3.242050 3.124487 10.276759
v -3.263433 3.126077 10.283950
v -3.309257 3.126883 10.264608
v -3.319560 3.125021 10.244812
v -3.330110 3.132911 10.240502
v -3.318954 3.132911 10.259870
v -3.253145 3.132911 10.286738
v -3.231623 3.132911 10.280714
v -3.272396 3.138156 10.290946
v -3.294874 3.135461 10.281769
v -3.308109 3.138606 10.276447
v -3.299194 3.162702 10.296092
v -3.303177 3.164610 10.293037
v -3.299380 3.136196 10.280014
v -3.308608 3.138150 10.277098
v -3.308716 3.127924 10.264048
v -3.318954 3.132911 10.259870
v -3.338668 3.145474 10.245582
v -3.319560 3.125021 10.244812
v -3.330499 3.132701 10.240610
v -3.338380 3.135314 10.202446
v -3.326627 3.124854 10.206699
v -3.331513 3.135383 10.185643
v -3.345641 3.163792 10.179939
v -3.348428 4.450017 10.179078
v -3.351629 3.167819 10.223932
v -3.339568 3.163794 10.259422
v -3.321837 3.162875 10.280422
v -3.308118 3.168338 10.291005
v -3.311406 3.174291 10.289615
v -3.344488 4.450017 10.255819
v -3.311750 4.450017 10.289553
v -3.344950 3.166787 10.180156
v -3.345629 4.450017 10.179878
v -3.364767 4.450017 10.172064
v -3.364778 3.056144 10.172153
v -3.339252 3.148575 10.182482
v -3.331513 3.135383 10.185643
v -3.321095 3.123817 10.189896
v -3.308404 3.114327 10.195076
v -3.293923 3.107278 10.200992
v -3.278210 3.102933 10.207402
v -3.261869 3.101469 10.214073
v -3.157984 3.056145 10.257062
v -3.245528 3.102933 10.220749
v -3.229816 3.107278 10.227160
v -3.215335 3.114327 10.233075
v -3.202643 3.123817 10.238256
v -3.192226 3.135383 10.242508
v -3.184486 3.148575 10.245670
v -3.178788 3.166786 10.247997
v -3.157903 4.450017 10.256866
v -3.178110 4.450017 10.248273
v -3.477194 3.101469 10.172394
v -3.459547 3.102933 10.172293
v -3.442576 3.107278 10.172192
v -3.426934 3.114327 10.172103
v -3.413223 3.123817 10.172025
v -3.401974 3.135383 10.171958
v -3.393615 3.148575 10.171910
v -3.387461 3.166784 10.171877
v -3.364767 4.450017 10.172064
v -3.386728 4.450017 10.171871
v -3.588318 3.056144 10.173119
v -3.494845 3.102933 10.172495
v -3.511816 3.107278 10.172591
v -3.527457 3.114327 10.172684
v -3.541169 3.123817 10.172759
v -3.552418 3.135383 10.172825
v -3.560777 3.148575 10.172873
v -3.566931 3.166784 10.172909
v -3.588341 4.450017 10.173032
v -3.567664 4.450017 10.172913
v -3.609368 3.166808 10.181558
v -3.588341 4.450017 10.173032
v -3.608693 4.450017 10.181273
v -3.615038 3.148575 10.183946
v -3.622743 3.135383 10.187196
v -3.633108 3.123817 10.191572
v -3.645742 3.114327 10.196898
v -3.660153 3.107278 10.202974
v -3.675790 3.102933 10.209571
v -3.692052 3.101469 10.216431
v -3.794407 3.056144 10.259698
v -3.708314 3.102933 10.223291
v -3.723956 3.107278 10.229887
v -3.738367 3.114327 10.235964
v -3.750997 3.123817 10.241295
v -3.761366 3.135383 10.245666
v -3.769066 3.148575 10.248916
v -3.774736 3.166782 10.251305
v -3.794462 4.450017 10.259627
v -3.775412 4.450017 10.251589
v -3.810617 3.166802 10.275558
v -3.794462 4.450017 10.259627
v -3.810104 4.450017 10.275036
v -3.814941 3.148575 10.279944
v -3.820807 3.135383 10.285898
v -3.828710 3.123817 10.293906
v -3.838331 3.114327 10.303673
v -3.849312 3.107278 10.314812
v -3.861229 3.102933 10.326897
v -3.873621 3.101469 10.339465
v -3.951660 3.056144 10.418608
v -3.886009 3.102933 10.352033
v -3.897927 3.107278 10.364121
v -3.908907 3.114327 10.375260
v -3.918533 3.123817 10.385023
v -3.926431 3.135383 10.393036
v -3.932302 3.148575 10.398990
v -3.936620 3.166790 10.403371
v -3.951651 4.450017 10.418616
v -3.937135 4.450017 10.403893
v -3.179085 3.162812 10.247888
v -3.187571 3.163128 10.263459
v -3.186390 4.450017 10.263954
v -3.178110 4.450017 10.248273
v -3.459019 6.196848 10.172302
v -3.504826 6.193914 10.172547
v -3.502381 6.191387 10.199198
v -3.468467 6.193823 10.200351
v -3.435842 6.185836 10.198830
v -3.412809 6.175467 10.171999
v -3.415471 6.172812 10.197875
v -3.537003 6.179929 10.172831
v -3.553046 6.163526 10.172913
v -3.546494 6.160068 10.207416
v -3.536386 6.170753 10.207439
v -3.516400 6.178926 10.217536
v -3.476947 6.176157 10.237238
v -3.458098 6.173613 10.236815
v -3.435114 6.173656 10.222415
v -3.423716 6.165763 10.222349
v -3.441288 6.165763 10.236156
v -3.512370 6.165763 10.236567
v -3.522062 6.159057 10.236623
v -3.504687 6.156150 10.247775
v -3.491518 6.161605 10.247665
v -3.476763 6.163296 10.247613
v -3.536098 6.170750 10.207353
v -3.546876 6.160242 10.207603
v -3.544217 6.140362 10.231050
v -3.513781 6.152073 10.249908
v -3.521323 6.140755 10.247755
v -3.562336 6.138246 10.199547
v -3.552418 6.163296 10.172824
v -3.566232 6.137815 10.172899
v -3.568516 4.450017 10.173007
v -3.557830 4.450017 10.214272
v -3.526583 6.126975 10.247853
v -3.527901 4.450017 10.248970
v -3.417291 6.171232 10.206877
v -3.402844 6.154070 10.206573
v -3.395217 6.156196 10.172025
v -3.413223 6.174861 10.172024
v -3.386125 6.130592 10.171986
v -3.383833 4.450017 10.172173
v -3.394634 6.134696 10.206650
v -3.402744 6.133303 10.222176
v -3.401684 4.450017 10.222222
v -3.495363 3.101827 10.172511
v -3.462094 3.100556 10.172385
v -3.502374 3.107286 10.199190
v -3.539183 3.125061 10.198770
v -3.541582 3.123212 10.172742
v -3.469074 3.110864 10.216682
v -3.435817 3.112844 10.198809
v -3.400210 3.133614 10.171906
v -3.403906 3.136289 10.197933
v -3.434862 3.124488 10.222692
v -3.497029 3.120946 10.230510
v -3.523206 3.138393 10.237803
v -3.512370 3.132911 10.236567
v -3.476829 3.123817 10.236365
v -3.458084 3.125953 10.236228
v -3.441288 3.132911 10.236157
v -3.413862 3.142005 10.222233
v -3.491524 3.137069 10.247666
v -3.476763 3.135383 10.247614
v -3.504687 3.142528 10.247776
v -3.512370 3.132911 10.236567
v -3.504687 3.142528 10.247776
v -3.515897 3.150964 10.247754
v -3.523152 3.138833 10.237926
v -3.544217 3.158318 10.231051
v -3.554090 3.143103 10.199450
v -3.542125 3.122990 10.172889
v -3.565029 3.154240 10.172886
v -3.563235 3.167077 10.199497
v -3.568516 4.450017 10.173007
v -3.557830 4.450017 10.214272
v -3.523201 3.161552 10.247882
v -3.526583 3.171705 10.247854
v -3.527902 4.450017 10.248970
v -3.405812 3.137631 10.206852
v -3.401974 3.135383 10.171958
v -3.388161 3.160851 10.171876
v -3.393767 3.163877 10.206861
v -3.383832 4.450017 10.172172
v -3.402745 3.165376 10.222178
v -3.401684 4.450017 10.222222
v -3.708759 6.196855 10.223493
v -3.689069 6.193824 10.245564
v -3.658350 6.191388 10.231153
v -3.666621 6.193922 10.205698
v -3.625212 6.174368 10.213272
v -3.632735 6.175467 10.191389
v -3.623261 6.168885 10.233051
v -3.719649 6.185839 10.257011
v -3.763007 6.165063 10.246310
v -3.749375 6.162391 10.268751
v -3.721737 6.166247 10.283814
v -3.673978 6.176008 10.279170
v -3.656868 6.175136 10.271781
v -3.638733 6.169465 10.263997
v -3.625513 6.159057 10.257797
v -3.695318 6.168567 10.287200
v -3.708873 6.159057 10.292955
v -3.730152 6.156150 10.287049
v -3.748043 6.161932 10.270808
v -3.730837 6.156474 10.287232
v -3.761366 6.163296 10.245665
v -3.774101 6.137784 10.251032
v -3.761129 6.131594 10.274447
v -3.777955 4.450017 10.253007
v -3.741236 6.130008 10.291695
v -3.741832 4.450017 10.291976
v -3.623273 6.160460 10.258629
v -3.609997 6.152932 10.228602
v -3.632177 6.175689 10.191313
v -3.616474 6.156192 10.184666
v -3.608094 6.130579 10.181146
v -3.599678 4.450017 10.222321
v -3.608693 4.450017 10.181273
v -3.602187 6.130856 10.225254
v -3.614983 6.146200 10.253249
v -3.609158 6.131448 10.251051
v -3.617145 6.129169 10.266435
v -3.616507 4.450017 10.266211
v -3.705728 3.100701 10.222269
v -3.715065 3.114589 10.264621
v -3.751613 3.123341 10.241542
v -3.728218 3.129766 10.277234
v -3.682070 3.110865 10.260337
v -3.653891 3.112880 10.247238
v -3.665904 3.103895 10.205494
v -3.624692 3.125056 10.216229
v -3.632737 3.123213 10.191391
v -3.709170 3.139187 10.292935
v -3.684488 3.125955 10.282643
v -3.667193 3.123817 10.275375
v -3.655694 3.124854 10.270524
v -3.639084 3.130109 10.263484
v -3.623997 3.138394 10.258430
v -3.653785 3.136196 10.281932
v -3.662822 3.135383 10.285740
v -3.722835 3.131357 10.285232
v -3.734023 3.148015 10.288630
v -3.752711 3.143105 10.270890
v -3.750997 3.123817 10.241295
v -3.772986 3.154232 10.250554
v -3.761131 3.167082 10.274446
v -3.777955 4.450017 10.253006
v -3.740500 3.165401 10.291417
v -3.741832 3.177774 10.291976
v -3.741832 4.450017 10.291976
v -3.726137 3.177774 10.300239
v -3.725003 3.167252 10.299760
v -3.623274 3.138216 10.258633
v -3.609995 3.145744 10.228592
v -3.614982 3.152478 10.253250
v -3.616472 3.142490 10.184666
v -3.632177 3.122991 10.191315
v -3.608094 3.168086 10.181147
v -3.599678 4.450017 10.222321
v -3.608693 4.450017 10.181273
v -3.602187 3.167824 10.225255
v -3.609159 3.167231 10.251053
v -3.616507 4.450017 10.266211
v -3.617145 3.169509 10.266436
v -3.863151 6.197979 10.328935
v -3.893464 6.194777 10.359716
v -3.815408 6.180904 10.330382
v -3.828434 6.175468 10.293595
v -3.806599 6.171611 10.321227
v -3.836543 6.187813 10.365011
v -3.859156 6.185800 10.386317
v -3.915521 6.179948 10.382102
v -3.926811 6.163525 10.393541
v -3.897755 6.160068 10.413263
v -3.890619 6.171376 10.406319
v -3.867166 6.173656 10.404512
v -3.803112 6.165763 10.359068
v -3.810878 6.170750 10.366944
v -3.827855 6.175241 10.384538
v -3.841250 6.172722 10.397717
v -3.853015 6.165763 10.409687
v -3.806555 6.160512 10.378469
v -3.820051 6.163296 10.392274
v -3.875170 6.165763 10.412630
v -3.926431 6.163296 10.393035
v -3.936134 6.137831 10.402865
v -3.913363 6.162913 10.404874
v -3.922752 6.132243 10.414435
v -3.923344 4.450017 10.415045
v -3.937135 4.450017 10.403893
v -3.818680 6.164443 10.393548
v -3.809730 6.161609 10.381737
v -3.800592 6.145183 10.384445
v -3.800447 6.156150 10.372388
v -3.802518 6.132423 10.393700
v -3.806800 6.135199 10.398054
v -3.810429 6.135785 10.401759
v -3.795210 6.139407 10.378900
v -3.799460 6.127885 10.390575
v -3.790293 6.126802 10.373574
v -3.798279 6.123806 10.389433
v -3.810878 6.170750 10.366944
v -3.806546 6.160068 10.378579
v -3.798923 6.157211 10.372728
v -3.802732 6.165992 10.359120
v -3.806202 6.171704 10.321400
v -3.816366 6.179519 10.330700
v -3.800583 6.155563 10.303256
v -3.828710 6.174861 10.293905
v -3.811953 6.144393 10.276895
v -3.789284 6.135423 10.306412
v -3.790181 4.450017 10.301748
v -3.810104 4.450017 10.275036
v -3.783920 6.132708 10.348781
v -3.795221 6.139384 10.378898
v -3.800592 6.145183 10.384445
v -3.790241 6.126784 10.373647
v -3.783003 4.450017 10.346133
v -3.798206 6.123800 10.389348
v -3.796817 4.450017 10.389826
v -3.860900 3.101816 10.326583
v -3.847667 3.104850 10.353018
v -3.893459 3.103896 10.359713
v -3.915520 3.118729 10.382102
v -3.926812 3.135151 10.393544
v -3.897755 3.138606 10.413264
v -3.890619 3.127296 10.406320
v -3.859122 3.112878 10.386313
v -3.838107 3.112323 10.303565
v -3.817003 3.124854 10.307173
v -3.809255 3.136196 10.299314
v -3.820807 3.135383 10.285898
v -3.803748 3.129766 10.328372
v -3.816310 3.117964 10.342875
v -3.826890 3.119386 10.375929
v -3.867166 3.125021 10.404513
v -3.875170 3.132911 10.412631
v -3.853219 3.132385 10.409779
v -3.836823 3.124854 10.393264
v -3.802786 3.132554 10.359147
v -3.796304 3.139622 10.352164
v -3.800451 3.142148 10.372196
v -3.816594 3.135463 10.388656
v -3.826933 3.136196 10.399258
v -3.926431 3.135383 10.393036
v -3.913363 3.135762 10.404875
v -3.936135 3.160855 10.402868
v -3.922148 3.163175 10.413831
v -3.923344 3.177774 10.415045
v -3.923344 4.450017 10.415045
v -3.937135 4.450017 10.403893
v -3.907645 3.177774 10.423295
v -3.906519 3.164023 10.422152
v -3.818680 3.134235 10.393549
v -3.809728 3.137064 10.381737
v -3.806812 3.163472 10.398067
v -3.810429 3.162889 10.401760
v -3.800592 3.153496 10.384446
v -3.800447 3.142528 10.372389
v -3.802518 3.166256 10.393701
v -3.795205 3.159278 10.378895
v -3.799459 3.170795 10.390574
v -3.790293 3.171874 10.373573
v -3.798279 3.174872 10.389434
v -3.799883 3.153165 10.384745
v -3.786519 3.158031 10.355693
v -3.795216 3.159301 10.378893
v -3.803112 3.132911 10.359069
v -3.794611 3.138833 10.352293
v -3.794271 3.146492 10.312008
v -3.817003 3.124854 10.307173
v -3.809255 3.136196 10.299314
v -3.820807 3.135383 10.285898
v -3.811114 3.160869 10.276053
v -3.794153 3.167061 10.296783
v -3.790180 4.450017 10.301748
v -3.810104 4.450017 10.275036
v -3.783635 3.168932 10.330565
v -3.790241 3.171892 10.373647
v -3.783003 4.450017 10.346133
v -3.798206 3.174879 10.389349
v -3.796817 4.450017 10.389826
v -4.002451 6.196557 10.543299
v -3.988411 6.198119 10.508717
v -3.975119 6.186356 10.475931
v -3.954241 6.173823 10.471169
v -3.950099 6.162478 10.460945
v -3.965912 6.163296 10.452976
v -3.939879 6.170750 10.480914
v -3.944329 6.180204 10.492440
v -3.950118 6.187812 10.532087
v -3.962838 6.185800 10.560429
v -4.001585 6.174881 10.588534
v -4.016235 6.179337 10.577186
v -4.005499 6.162478 10.597704
v -4.022398 6.163296 10.592418
v -3.963261 6.173656 10.580303
v -3.936761 6.179519 10.514886
v -3.931880 6.173656 10.502836
v -3.925675 6.170750 10.524028
v -3.930178 6.173823 10.535150
v -3.943396 6.171885 10.570003
v -3.948208 6.165763 10.579657
v -3.931660 6.160068 10.568769
v -3.926378 6.163217 10.555532
v -3.920754 6.162478 10.541851
v -3.967544 6.165763 10.590870
v -3.928120 6.162478 10.560030
v -3.931007 6.160524 10.569266
v -3.921369 6.148080 10.566585
v -3.919224 6.149541 10.560338
v -3.944057 6.170750 10.569406
v -3.948208 6.165763 10.579657
v -3.958995 6.144805 10.602958
v -3.963261 6.173656 10.580303
v -3.967434 6.165972 10.591257
v -4.005578 6.163360 10.599241
v -4.001356 6.173823 10.587475
v -4.022398 6.163296 10.592418
v -4.028063 6.134891 10.606561
v -4.028361 4.450017 10.607371
v -3.969093 4.450017 10.611806
v -3.984047 6.130861 10.612428
v -3.935120 6.133077 10.590858
v -3.916181 6.132416 10.566483
v -3.914453 6.134655 10.562273
v -3.918505 6.125687 10.571696
v -3.917475 4.450017 10.573244
v -4.002451 3.102120 10.543300
v -3.964993 3.104850 10.525268
v -4.001586 3.123793 10.588537
v -4.016237 3.119348 10.577191
v -4.005499 3.136196 10.597705
v -4.022398 3.135383 10.592419
v -3.962809 3.112878 10.560412
v -3.976932 3.109981 10.480146
v -3.953983 3.112842 10.494493
v -3.965054 3.134100 10.451477
v -3.935974 3.138606 10.471284
v -3.939879 3.127924 10.480915
v -3.931528 3.124487 10.502709
v -3.924280 3.126077 10.524076
v -3.963261 3.125021 10.580304
v -3.967544 3.132911 10.590871
v -3.948208 3.132911 10.579658
v -3.943837 3.127539 10.569612
v -3.921519 3.132911 10.513778
v -3.927601 3.132911 10.492270
v -3.917214 3.138606 10.533113
v -3.922629 3.135462 10.546277
v -3.931765 3.138161 10.568805
v -3.928120 3.136196 10.560031
v -3.919224 3.149137 10.560339
v -3.921370 3.150594 10.566585
v -3.931008 3.138151 10.569266
v -3.944057 3.127924 10.569407
v -3.948208 3.132911 10.579658
v -3.958994 3.153874 10.602959
v -3.963261 3.125021 10.580304
v -3.967434 3.132701 10.591259
v -4.005579 3.135315 10.599242
v -4.001356 3.124854 10.587476
v -4.022398 3.135383 10.592419
v -4.028063 3.163783 10.606563
v -4.028361 4.450017 10.607371
v -3.969093 4.450017 10.611806
v -3.984047 3.167819 10.612429
v -3.935119 3.165592 10.590858
v -3.916181 3.166264 10.566484
v -3.914453 3.164023 10.562274
v -3.918505 3.172989 10.571696
v -3.917474 4.450017 10.573243
v -4.035085 6.196856 10.756266
v -4.007175 6.193824 10.746466
v -4.008809 6.191387 10.712572
v -4.035491 6.193915 10.710509
v -4.035664 6.179959 10.678371
v -4.035810 6.163521 10.662289
v -4.001220 6.160068 10.668350
v -4.000926 6.171375 10.678301
v -4.008236 6.185838 10.779110
v -4.034727 6.175467 10.802522
v -4.008888 6.172812 10.799494
v -3.983783 6.175290 10.780237
v -3.970672 6.175137 10.726691
v -3.985235 6.179519 10.708926
v -3.985480 6.166388 10.684112
v -3.971488 6.170750 10.713112
v -3.971306 6.174745 10.743945
v -3.971064 6.166285 10.773339
v -3.984540 6.165763 10.790900
v -3.984637 6.173656 10.779502
v -3.983530 6.166679 10.792144
v -3.970895 6.159057 10.782831
v -3.970978 6.165763 10.773134
v -3.976414 6.140366 10.805000
v -4.007995 6.155554 10.814972
v -4.034707 6.174861 10.802109
v -4.034518 6.144470 10.825958
v -4.007919 6.131597 10.824103
v -4.034387 4.450017 10.829458
v -3.993135 4.450017 10.818649
v -3.959768 6.140768 10.782052
v -3.959729 6.150877 10.773038
v -3.959655 6.126978 10.787316
v -3.958535 4.450017 10.788633
v -4.000986 6.161043 10.666662
v -4.035890 6.163296 10.662914
v -4.036012 6.137815 10.649102
v -4.001028 6.131830 10.653961
v -4.035936 4.450017 10.646819
v -4.001339 4.450017 10.654261
v -4.035085 3.101820 10.756267
v -4.007183 3.104850 10.746468
v -4.008257 3.112843 10.779138
v -4.034727 3.123214 10.802523
v -4.008920 3.125857 10.799502
v -4.008816 3.107286 10.712581
v -4.035654 3.109972 10.692252
v -4.009076 3.120891 10.682441
v -4.010213 3.136970 10.665481
v -4.035890 3.135383 10.662915
v -3.985070 3.124487 10.695671
v -3.970683 3.123800 10.725002
v -3.976179 3.120016 10.751866
v -3.969714 3.138395 10.783971
v -3.970690 3.132554 10.773306
v -3.971667 3.132386 10.701847
v -3.985584 3.142006 10.674668
v -3.960112 3.136196 10.727695
v -3.960063 3.135462 10.742485
v -3.959934 3.142151 10.765555
v -3.989466 3.129633 10.794840
v -3.976415 3.158315 10.805001
v -4.007987 3.143117 10.814967
v -4.034707 3.123817 10.802110
v -4.034518 3.154215 10.825961
v -4.007923 3.167079 10.824105
v -4.034387 4.450017 10.829458
v -3.993135 4.450017 10.818649
v -3.959768 3.157900 10.782050
v -3.959729 3.147801 10.773039
v -3.959655 3.171704 10.787317
v -3.958535 4.450017 10.788633
v -3.951669 3.148575 10.737428
v -3.946550 3.163175 10.733944
v -3.946524 3.162889 10.737383
v -4.000987 3.137630 10.666664
v -4.035890 3.135383 10.662915
v -4.036012 3.160861 10.649103
v -4.001028 3.166848 10.653962
v -4.035936 4.450017 10.646819
v -4.001339 4.450017 10.654261
v -3.996382 6.197977 10.939171
v -3.979461 6.194782 10.978922
v -4.010287 6.186366 10.906389
v -3.998924 6.173823 10.888227
v -4.003239 6.162478 10.878072
v -4.020050 6.163296 10.883644
v -3.973867 6.169493 10.883465
v -3.959951 6.185801 10.914620
v -3.946757 6.187814 10.942747
v -3.947472 6.184331 10.981167
v -3.965462 6.175467 11.012141
v -3.942766 6.172814 10.999443
v -3.927666 6.174190 10.971800
v -3.949444 6.159057 10.886221
v -3.943707 6.168578 10.899808
v -3.934301 6.174745 10.922040
v -3.924432 6.172719 10.945137
v -3.917847 6.165763 10.960561
v -3.923560 6.165763 10.982170
v -3.921742 6.167316 10.983470
v -3.936000 6.155561 11.013388
v -3.918308 6.150649 10.994651
v -3.965605 6.174861 11.011752
v -3.956279 6.144439 11.033716
v -3.932425 6.131588 11.021799
v -3.953814 4.450017 11.038679
v -3.915229 6.130009 11.001850
v -3.914945 4.450017 11.002448
v -3.948619 6.160460 10.883980
v -3.985787 6.152181 10.869048
v -3.998924 6.173823 10.888227
v -4.003239 6.162478 10.878072
v -4.020050 6.163296 10.883644
v -4.025951 6.134848 10.869593
v -4.026852 4.450017 10.866826
v -3.982042 6.130853 10.862985
v -3.954017 6.146196 10.875700
v -3.956589 6.128659 10.869521
v -3.956389 4.450017 10.867653
v -3.999257 3.102114 10.932440
v -3.984656 3.100552 10.966720
v -3.970803 3.112313 10.999296
v -3.938136 3.136286 11.010043
v -3.961203 3.135383 11.022105
v -3.936076 3.117964 10.970778
v -3.946742 3.110866 10.942782
v -3.959922 3.112877 10.914638
v -3.990985 3.125060 10.885509
v -4.015830 3.123212 10.893629
v -3.923560 3.132911 10.982171
v -3.919901 3.142528 10.990777
v -3.914073 3.139186 10.969782
v -3.924427 3.125962 10.945151
v -3.931748 3.123817 10.927853
v -3.936629 3.124854 10.916367
v -3.943708 3.130095 10.899809
v -3.948815 3.138394 10.884705
v -3.925231 3.136196 10.914428
v -3.921396 3.135383 10.923451
v -3.936078 3.136745 11.008701
v -3.919718 3.142205 10.991459
v -3.961203 3.135383 11.022105
v -3.955801 3.160866 11.034823
v -3.932426 3.167089 11.021802
v -3.953815 4.450017 11.038679
v -3.915228 3.168672 11.001851
v -3.914945 4.450017 11.002448
v -3.948617 3.138216 10.883982
v -3.978714 3.145758 10.870773
v -3.954017 3.152482 10.875701
v -4.022589 3.142469 10.877395
v -4.015909 3.122990 10.893071
v -4.026140 3.168077 10.869014
v -4.026853 4.450017 10.866826
v -3.982044 3.167826 10.862985
v -3.956589 3.170019 10.869523
v -3.956389 4.450017 10.867654
v -3.854143 6.196858 11.146784
v -3.830334 6.191387 11.132796
v -3.877814 6.198124 11.123485
v -3.877838 6.185839 11.086218
v -3.922102 6.165065 11.080236
v -3.899739 6.173846 11.077307
v -3.907421 6.162479 11.069848
v -3.841645 6.187816 11.096964
v -3.824337 6.179942 11.175899
v -3.812875 6.163524 11.187149
v -3.793235 6.160069 11.158036
v -3.800193 6.171377 11.150916
v -3.793658 6.166389 11.135766
v -3.811058 6.180086 11.118280
v -3.861732 6.174191 11.068583
v -3.869888 6.165763 11.060974
v -3.834066 6.157008 11.059653
v -3.821805 6.176060 11.087756
v -3.804764 6.171367 11.105677
v -3.824999 6.161602 11.070076
v -3.814431 6.163297 11.080389
v -3.813384 6.163297 11.186769
v -3.803522 6.137823 11.196443
v -3.801574 6.162913 11.173669
v -3.791991 6.132258 11.183030
v -3.791379 4.450018 11.183622
v -3.802496 4.450018 11.197443
v -3.834209 6.156577 11.060161
v -3.839809 6.150877 11.055508
v -3.868628 6.153199 11.051104
v -3.861748 6.173657 11.068955
v -3.869942 6.165972 11.060575
v -3.908107 6.163360 11.068470
v -3.899541 6.173824 11.077575
v -3.920811 6.163297 11.081440
v -3.931646 6.134865 11.070726
v -3.897326 4.450017 11.046613
v -3.931695 4.450018 11.070768
v -3.893631 6.130841 11.047791
v -3.856272 6.134885 11.044792
v -3.830563 6.134595 11.052991
v -3.826058 6.141550 11.057281
v -3.833112 6.125099 11.050417
v -3.832922 4.450017 11.048858
v 10.560531 3.162812 10.247888
v 10.552045 3.163128 10.263459
v 10.553226 4.450017 10.263954
v 10.561506 4.450017 10.248273
v 10.560827 3.166789 10.247997
v 10.581632 3.056145 10.257062
v 10.581713 4.450017 10.256866
v 10.561506 4.450017 10.248273
v 10.555130 3.148575 10.245670
v 10.547390 3.135383 10.242508
v 10.536973 3.123817 10.238256
v 10.524282 3.114327 10.233075
v 10.509800 3.107278 10.227160
v 10.494087 3.102933 10.220749
v 10.477747 3.101469 10.214073
v 10.477747 3.056144 10.214073
v 10.244249 6.196849 10.172510
v 10.237234 6.191387 10.199199
v 10.277533 6.198118 10.172384
v 10.303767 6.185840 10.198823
v 10.326806 6.175467 10.171999
v 10.324148 6.172816 10.197857
v 10.270503 6.187816 10.216681
v 10.202613 6.179928 10.172831
v 10.186570 6.163525 10.172913
v 10.193121 6.160068 10.207416
v 10.202552 6.171681 10.207782
v 10.304753 6.174190 10.222690
v 10.315901 6.165763 10.222349
v 10.298327 6.165763 10.236156
v 10.281515 6.172729 10.236228
v 10.262595 6.176903 10.237723
v 10.227246 6.165763 10.236567
v 10.217554 6.159057 10.236623
v 10.234928 6.156150 10.247775
v 10.248098 6.161605 10.247665
v 10.262853 6.163296 10.247613
v 10.203517 6.170750 10.207353
v 10.192739 6.160242 10.207603
v 10.195400 6.140364 10.231050
v 10.225835 6.152073 10.249908
v 10.218294 6.140756 10.247754
v 10.177281 6.138244 10.199550
v 10.187198 6.163296 10.172824
v 10.173384 6.137814 10.172899
v 10.171100 4.450017 10.173007
v 10.181784 4.450017 10.214270
v 10.213033 6.126976 10.247853
v 10.211715 4.450017 10.248970
v 10.322326 6.171233 10.206877
v 10.336775 6.154066 10.206573
v 10.344401 6.156191 10.172025
v 10.326392 6.174861 10.172024
v 10.353492 6.130584 10.171986
v 10.355783 4.450017 10.172173
v 10.344979 6.134697 10.206651
v 10.336873 6.133304 10.222178
v 10.337932 4.450017 10.222222
v 10.244252 3.101827 10.172511
v 10.277522 3.100556 10.172385
v 10.237241 3.107286 10.199191
v 10.200431 3.125060 10.198761
v 10.198033 3.123212 10.172742
v 10.270541 3.110864 10.216682
v 10.303792 3.112840 10.198803
v 10.339405 3.133614 10.171906
v 10.335711 3.136289 10.197932
v 10.304753 3.124487 10.222692
v 10.242587 3.120946 10.230510
v 10.216411 3.138393 10.237803
v 10.227246 3.132911 10.236567
v 10.262787 3.123817 10.236365
v 10.281531 3.125953 10.236228
v 10.298327 3.132911 10.236157
v 10.325753 3.142005 10.222233
v 10.248092 3.137069 10.247666
v 10.262853 3.135383 10.247614
v 10.234928 3.142528 10.247776
v 10.227246 3.132911 10.236567
v 10.234928 3.142528 10.247776
v 10.223720 3.150964 10.247754
v 10.216464 3.138833 10.237926
v 10.195400 3.158317 10.231052
v 10.185528 3.143101 10.199452
v 10.197491 3.122990 10.172889
v 10.174587 3.154240 10.172886
v 10.176382 3.167076 10.199501
v 10.171100 4.450017 10.173006
v 10.181784 4.450017 10.214271
v 10.216415 3.161552 10.247882
v 10.213033 3.171703 10.247854
v 10.211715 4.450017 10.248970
v 10.333805 3.137631 10.206852
v 10.337641 3.135383 10.171958
v 10.351455 3.160854 10.171876
v 10.345845 3.163877 10.206861
v 10.355783 4.450017 10.172172
v 10.336872 3.165376 10.222178
v 10.337932 4.450017 10.222222
v 10.027127 6.196559 10.225103
v 10.062566 6.192239 10.250377
v 10.085115 6.190791 10.200615
v 10.107116 6.175344 10.191301
v 10.116922 6.169501 10.233354
v 10.085741 6.185798 10.247208
v 10.029520 6.180721 10.270924
v 9.992557 6.179978 10.239735
v 9.991272 6.162004 10.269796
v 9.978250 6.163296 10.245665
v 10.114292 6.159489 10.257569
v 10.089676 6.172728 10.268070
v 10.066527 6.174744 10.277777
v 10.044294 6.168565 10.287202
v 10.030743 6.159057 10.292955
v 10.018086 6.165763 10.283413
v 10.009463 6.156150 10.287049
v 9.991572 6.161932 10.270808
v 10.008780 6.156474 10.287232
v 9.978250 6.163296 10.245665
v 9.965514 6.137783 10.251032
v 9.978488 6.131596 10.274449
v 9.961661 4.450017 10.253006
v 9.998380 6.130009 10.291694
v 9.997784 4.450017 10.291976
v 10.116340 6.160460 10.258628
v 10.129621 6.152931 10.228601
v 10.107434 6.175690 10.191313
v 10.123145 6.156188 10.184665
v 10.131521 6.130582 10.181146
v 10.139938 4.450017 10.222322
v 10.130922 4.450017 10.181273
v 10.137429 6.130853 10.225253
v 10.124634 6.146199 10.253248
v 10.130458 6.131449 10.251051
v 10.122472 6.129169 10.266436
v 10.123108 4.450017 10.266211
v 10.030852 3.101822 10.223495
v 10.061508 3.100556 10.210633
v 10.024390 3.109716 10.253565
v 9.988003 3.123341 10.241541
v 10.011395 3.129765 10.277231
v 10.057546 3.110865 10.260337
v 10.091692 3.111358 10.236146
v 10.107114 3.123338 10.191303
v 10.116921 3.129170 10.233347
v 10.041382 3.130702 10.289374
v 10.030743 3.139622 10.292956
v 10.055131 3.125954 10.282641
v 10.072422 3.123817 10.275375
v 10.083921 3.124854 10.270524
v 10.100533 3.130109 10.263484
v 10.114102 3.139622 10.257798
v 10.085831 3.136196 10.281932
v 10.076794 3.135383 10.285740
v 10.016780 3.131357 10.285231
v 10.005591 3.148017 10.288630
v 9.986907 3.143103 10.270891
v 9.988619 3.123817 10.241295
v 9.966629 3.154237 10.250554
v 9.978486 3.167081 10.274447
v 9.961660 4.450017 10.253006
v 9.999116 3.165401 10.291417
v 9.997784 3.177774 10.291976
v 9.997784 4.450017 10.291976
v 10.013477 3.177774 10.300239
v 10.014612 3.167252 10.299760
v 10.116339 3.138215 10.258632
v 10.129622 3.145745 10.228590
v 10.124634 3.152479 10.253250
v 10.123146 3.142494 10.184665
v 10.107434 3.122990 10.191314
v 10.131521 3.168084 10.181147
v 10.139938 4.450017 10.222323
v 10.130922 4.450017 10.181273
v 10.137429 3.167826 10.225255
v 10.130458 3.167231 10.251053
v 10.123108 4.450017 10.266211
v 10.122472 3.169509 10.266437
v 9.876466 6.197978 10.328934
v 9.846148 6.194777 10.359719
v 9.924208 6.180905 10.330382
v 9.911182 6.175468 10.293595
v 9.933017 6.171611 10.321227
v 9.903071 6.187814 10.365011
v 9.880461 6.185800 10.386318
v 9.824090 6.179944 10.382107
v 9.812804 6.163525 10.393541
v 9.841861 6.160068 10.413263
v 9.848997 6.171376 10.406319
v 9.872449 6.173656 10.404512
v 9.936503 6.165763 10.359068
v 9.928738 6.170750 10.366944
v 9.911760 6.175241 10.384538
v 9.898371 6.172723 10.397713
v 9.886600 6.165763 10.409687
v 9.933060 6.160512 10.378469
v 9.919565 6.163296 10.392274
v 9.864446 6.165763 10.412630
v 9.813184 6.163296 10.393035
v 9.803485 6.137833 10.402864
v 9.826252 6.162912 10.404874
v 9.816864 6.132243 10.414435
v 9.816272 4.450017 10.415045
v 9.802481 4.450017 10.403893
v 9.920936 6.164443 10.393548
v 9.929886 6.161609 10.381737
v 9.939023 6.145183 10.384445
v 9.939169 6.156150 10.372388
v 9.937098 6.132423 10.393700
v 9.932816 6.135200 10.398055
v 9.929187 6.135785 10.401759
v 9.944406 6.139408 10.378901
v 9.940156 6.127886 10.390575
v 9.949323 6.126802 10.373574
v 9.941337 6.123806 10.389433
v 9.928738 6.170750 10.366944
v 9.933069 6.160068 10.378579
v 9.940693 6.157211 10.372728
v 9.936883 6.165991 10.359120
v 9.933414 6.171704 10.321400
v 9.923249 6.179519 10.330700
v 9.939032 6.155563 10.303253
v 9.910906 6.174861 10.293905
v 9.927665 6.144389 10.276894
v 9.950333 6.135421 10.306410
v 9.949436 4.450017 10.301749
v 9.929512 4.450017 10.275036
v 9.955696 6.132708 10.348776
v 9.944396 6.139384 10.378899
v 9.939023 6.145183 10.384445
v 9.949375 6.126784 10.373648
v 9.956613 4.450017 10.346129
v 9.941409 6.123800 10.389348
v 9.942800 4.450017 10.389826
v 9.878717 3.101816 10.326581
v 9.891949 3.104850 10.353020
v 9.846152 3.103897 10.359715
v 9.824092 3.118733 10.382106
v 9.812803 3.135151 10.393544
v 9.841861 3.138606 10.413264
v 9.848997 3.127297 10.406320
v 9.880495 3.112878 10.386313
v 9.901511 3.112325 10.303563
v 9.922612 3.124854 10.307173
v 9.930361 3.136196 10.299314
v 9.918809 3.135383 10.285898
v 9.935875 3.129770 10.328387
v 9.923305 3.117963 10.342876
v 9.912726 3.119386 10.375930
v 9.872449 3.125021 10.404513
v 9.864446 3.132911 10.412631
v 9.886396 3.132384 10.409780
v 9.902792 3.124854 10.393264
v 9.936830 3.132554 10.359147
v 9.943311 3.139622 10.352164
v 9.939165 3.142148 10.372197
v 9.923024 3.135463 10.388654
v 9.912683 3.136196 10.399258
v 9.813184 3.135383 10.393036
v 9.826253 3.135762 10.404875
v 9.803483 3.160854 10.402867
v 9.817468 3.163175 10.413831
v 9.816272 3.177774 10.415045
v 9.816272 4.450017 10.415045
v 9.802481 4.450017 10.403893
v 9.831971 3.177774 10.423295
v 9.833097 3.164023 10.422152
v 9.920937 3.134236 10.393549
v 9.929888 3.137064 10.381737
v 9.932804 3.163472 10.398067
v 9.929187 3.162889 10.401760
v 9.939023 3.153496 10.384446
v 9.939169 3.142528 10.372389
v 9.937099 3.166256 10.393701
v 9.944410 3.159277 10.378896
v 9.940157 3.170794 10.390574
v 9.949323 3.171874 10.373573
v 9.941337 3.174872 10.389434
v 9.939733 3.153165 10.384745
v 9.953096 3.158030 10.355692
v 9.944402 3.159300 10.378894
v 9.936503 3.132911 10.359069
v 9.945005 3.138833 10.352292
v 9.945346 3.146494 10.312007
v 9.922612 3.124854 10.307173
v 9.930361 3.136196 10.299314
v 9.918809 3.135383 10.285898
v 9.928501 3.160866 10.276053
v 9.945462 3.167064 10.296781
v 9.949436 4.450017 10.301749
v 9.929512 4.450017 10.275036
v 9.955981 3.168933 10.330567
v 9.949375 3.171892 10.373647
v 9.956613 4.450017 10.346129
v 9.941409 3.174879 10.389349
v 9.942800 4.450017 10.389826
v 9.752280 6.196856 10.505891
v 9.728213 6.188696 10.565235
v 9.760658 6.191388 10.556190
v 9.774631 6.193824 10.525270
v 9.764490 6.186362 10.475942
v 9.785375 6.173823 10.471169
v 9.789516 6.162478 10.460945
v 9.773703 6.163296 10.452976
v 9.799736 6.170750 10.480914
v 9.795287 6.180204 10.492440
v 9.738029 6.174881 10.588534
v 9.734117 6.162478 10.597704
v 9.717213 6.163296 10.592418
v 9.776518 6.174190 10.580639
v 9.797468 6.179290 10.551143
v 9.803160 6.180085 10.514847
v 9.807735 6.173656 10.502836
v 9.813941 6.170750 10.524028
v 9.809438 6.173823 10.535150
v 9.795559 6.170750 10.569406
v 9.791408 6.165763 10.579657
v 9.807956 6.160068 10.568769
v 9.813239 6.163218 10.555529
v 9.818862 6.162478 10.541851
v 9.772072 6.165763 10.590870
v 9.811496 6.162478 10.560030
v 9.808609 6.160524 10.569266
v 9.818246 6.148080 10.566584
v 9.820392 6.149541 10.560338
v 9.795559 6.170750 10.569406
v 9.791408 6.165763 10.579657
v 9.780621 6.144806 10.602958
v 9.776355 6.173656 10.580303
v 9.772182 6.165972 10.591258
v 9.734037 6.163360 10.599241
v 9.738259 6.173823 10.587475
v 9.717213 6.163296 10.592418
v 9.711552 6.134860 10.606566
v 9.711254 4.450017 10.607371
v 9.770523 4.450017 10.611806
v 9.755570 6.130861 10.612428
v 9.804493 6.133083 10.590858
v 9.823435 6.132416 10.566483
v 9.825163 6.134655 10.562273
v 9.821108 6.125692 10.571693
v 9.822142 4.450017 10.573244
v 9.711766 6.131889 10.605868
v 9.703917 6.242117 10.625291
v 9.708697 4.450017 10.605455
v 9.714077 6.150104 10.600166
v 9.717213 6.163296 10.592418
v 9.721438 6.174861 10.581987
v 9.726588 6.184352 10.569283
v 9.732458 6.191401 10.554784
v 9.738831 6.195741 10.539054
v 9.745458 6.197209 10.522696
v 9.788126 6.242232 10.418684
v 9.752085 6.195741 10.506336
v 9.758457 6.191401 10.490606
v 9.764328 6.184352 10.476112
v 9.769477 6.174861 10.463403
v 9.773703 6.163296 10.452976
v 9.776839 6.150104 10.445228
v 9.779150 6.131879 10.439524
v 9.787964 4.450017 10.418616
v 9.779424 4.450017 10.438845
v 9.770659 6.280301 10.407164
v 9.683383 6.280309 10.621479
v 9.704364 6.197209 10.738138
v 9.705319 6.242119 10.848818
v 9.704513 6.195741 10.755786
v 9.704658 6.191401 10.772760
v 9.704789 6.184352 10.788398
v 9.704908 6.174861 10.802109
v 9.705001 6.163296 10.813358
v 9.705075 6.150104 10.821717
v 9.705127 6.131885 10.827872
v 9.702134 4.450017 10.828668
v 9.713890 6.131874 10.870285
v 9.713602 4.450017 10.869613
v 9.716298 6.150104 10.875949
v 9.719565 6.163296 10.883644
v 9.723967 6.174861 10.894000
v 9.729328 6.184352 10.906616
v 9.735450 6.191401 10.921009
v 9.742085 6.195741 10.936629
v 9.748989 6.197209 10.952874
v 9.792293 6.242128 11.054734
v 9.755894 6.195741 10.969118
v 9.762534 6.191401 10.984738
v 9.768650 6.184352 10.999131
v 9.774011 6.174861 11.011752
v 9.778414 6.163296 11.022104
v 9.781685 6.150104 11.029799
v 9.784090 6.131882 11.035462
v 9.781629 4.450016 11.037344
v 9.808444 6.131896 11.071280
v 9.807920 4.450018 11.070768
v 9.812837 6.150105 11.075587
v 9.818804 6.163297 11.081440
v 9.826838 6.174862 11.089315
v 9.836628 6.184353 11.098915
v 9.847797 6.191401 11.109865
v 9.859917 6.195742 11.121747
v 9.872519 6.197210 11.134105
v 9.951881 6.242536 11.211919
v 9.885123 6.195742 11.146461
v 9.897238 6.191401 11.158344
v 9.908408 6.184353 11.169293
v 9.918197 6.174862 11.178894
v 9.926231 6.163297 11.186769
v 9.932203 6.150105 11.192622
v 9.936596 6.131884 11.196929
v 9.951881 4.450018 11.211920
v 9.937119 4.450018 11.197443
v 9.940461 6.280313 11.229289
v 9.775134 6.280310 11.066583
v 9.684910 6.280309 10.853171
v 9.751100 3.100701 10.508939
v 9.734893 3.103896 10.549002
v 9.738029 3.123793 10.588537
v 9.723389 3.119328 10.577168
v 9.734117 3.136196 10.597705
v 9.717213 3.135383 10.592419
v 9.776808 3.112879 10.560412
v 9.789515 3.110869 10.532052
v 9.785634 3.112843 10.494492
v 9.767509 3.119307 10.468251
v 9.774561 3.134099 10.451477
v 9.803641 3.138606 10.471284
v 9.799736 3.127924 10.480915
v 9.808087 3.124487 10.502709
v 9.776355 3.125021 10.580304
v 9.772072 3.132911 10.590871
v 9.791408 3.132911 10.579658
v 9.795559 3.127924 10.569407
v 9.812586 3.135195 10.559657
v 9.814241 3.127540 10.524035
v 9.818096 3.132911 10.513778
v 9.812015 3.132911 10.492270
v 9.822401 3.138606 10.533113
v 9.816987 3.135462 10.546280
v 9.807956 3.138606 10.568769
v 9.811496 3.136196 10.560031
v 9.820392 3.149137 10.560339
v 9.818245 3.150594 10.566584
v 9.808608 3.138151 10.569266
v 9.795559 3.127924 10.569407
v 9.791408 3.132911 10.579658
v 9.780622 3.153874 10.602959
v 9.776355 3.125021 10.580304
v 9.772182 3.132701 10.591259
v 9.734037 3.135315 10.599242
v 9.738259 3.124854 10.587476
v 9.717213 3.135383 10.592419
v 9.711551 3.163814 10.606567
v 9.711254 4.450017 10.607371
v 9.770524 4.450017 10.611806
v 9.755570 3.167819 10.612429
v 9.804495 3.165586 10.590857
v 9.823434 3.166264 10.566484
v 9.825163 3.164023 10.562274
v 9.821108 3.172984 10.571693
v 9.822142 4.450017 10.573243
v 9.711767 3.166784 10.605869
v 9.711492 4.450017 10.606548
v 9.703731 4.450017 10.625712
v 9.703821 3.056144 10.625724
v 9.714077 3.148575 10.600167
v 9.717213 3.135383 10.592419
v 9.721438 3.123817 10.581988
v 9.726588 3.114327 10.569283
v 9.732458 3.107278 10.554785
v 9.738831 3.102933 10.539055
v 9.745458 3.101469 10.522696
v 9.788164 3.056145 10.418699
v 9.752085 3.102933 10.506337
v 9.758457 3.107278 10.490607
v 9.764328 3.114327 10.476113
v 9.769477 3.123817 10.463404
v 9.773703 3.135383 10.452977
v 9.776839 3.148575 10.445229
v 9.779150 3.166794 10.439525
v 9.787964 4.450017 10.418616
v 9.779424 4.450017 10.438845
v 9.704364 3.101469 10.738139
v 9.704213 3.102933 10.720488
v 9.704068 3.107278 10.703518
v 9.703937 3.114327 10.687876
v 9.703822 3.123817 10.674169
v 9.703726 3.135383 10.662915
v 9.703655 3.148575 10.654556
v 9.703606 3.166807 10.648402
v 9.703731 4.450017 10.625712
v 9.703598 4.450017 10.647669
v 9.705397 3.056144 10.849254
v 9.704513 3.102933 10.755787
v 9.704658 3.107278 10.772761
v 9.704789 3.114327 10.788399
v 9.704908 3.123817 10.802110
v 9.705001 3.135383 10.813359
v 9.705075 3.148575 10.821718
v 9.705127 3.166786 10.827873
v 9.705309 4.450017 10.849277
v 9.705132 4.450017 10.828606
v 9.713890 3.166794 10.870287
v 9.705309 4.450017 10.849277
v 9.713602 4.450017 10.869613
v 9.716298 3.148575 10.875950
v 9.719565 3.135383 10.883645
v 9.723967 3.123817 10.894001
v 9.729328 3.114327 10.906617
v 9.735450 3.107278 10.921010
v 9.742085 3.102933 10.936630
v 9.748989 3.101469 10.952875
v 9.792534 3.056144 11.055110
v 9.755894 3.102933 10.969119
v 9.762534 3.107278 10.984739
v 9.768650 3.114327 10.999132
v 9.774011 3.123817 11.011753
v 9.778414 3.135383 11.022105
v 9.781685 3.148575 11.029800
v 9.784090 3.166788 11.035463
v 9.792463 4.450017 11.055165
v 9.784376 4.450017 11.036138
v 9.808444 3.166781 11.071280
v 9.792463 4.450017 11.055165
v 9.807920 4.450018 11.070768
v 9.812837 3.148576 11.075588
v 9.818804 3.135384 11.081441
v 9.826838 3.123818 11.089316
v 9.836628 3.114328 11.098916
v 9.847797 3.107279 11.109866
v 9.859917 3.102934 11.121748
v 9.872519 3.101470 11.134106
v 9.951874 3.056145 11.211927
v 9.885123 3.102934 11.146462
v 9.897238 3.107279 11.158345
v 9.908408 3.114328 11.169294
v 9.918197 3.123818 11.178895
v 9.926231 3.135384 11.186770
v 9.932203 3.148576 11.192623
v 9.936597 3.166792 11.196931
v 9.951881 4.450018 11.211920
v 9.937119 4.450018 11.197443
v 9.704532 6.196855 10.756276
v 9.732439 6.193825 10.746464
v 9.730807 6.191387 10.712572
v 9.704124 6.193922 10.710533
v 9.703952 6.179958 10.678370
v 9.703805 6.163521 10.662289
v 9.738396 6.160068 10.668350
v 9.738689 6.171376 10.678301
v 9.731380 6.185838 10.779110
v 9.704888 6.175467 10.802522
v 9.730729 6.172812 10.799494
v 9.755832 6.175291 10.780238
v 9.768945 6.175137 10.726687
v 9.754380 6.179519 10.708926
v 9.754136 6.166388 10.684112
v 9.768126 6.170750 10.713112
v 9.768311 6.174744 10.743952
v 9.768552 6.166285 10.773340
v 9.755075 6.165763 10.790900
v 9.754978 6.173656 10.779502
v 9.756086 6.166679 10.792144
v 9.768717 6.159057 10.782831
v 9.768638 6.165763 10.773134
v 9.763204 6.140368 10.804997
v 9.731621 6.155553 10.814972
v 9.704908 6.174861 10.802109
v 9.705098 6.144477 10.825955
v 9.731696 6.131597 10.824103
v 9.705229 4.450017 10.829458
v 9.746481 4.450017 10.818649
v 9.779847 6.140768 10.782052
v 9.779886 6.150877 10.773038
v 9.779962 6.126978 10.787316
v 9.781081 4.450017 10.788633
v 9.738629 6.161043 10.666662
v 9.703726 6.163296 10.662914
v 9.703604 6.137821 10.649103
v 9.738586 6.131796 10.653956
v 9.703680 4.450017 10.646819
v 9.738273 4.450017 10.654261
v 9.703606 6.131862 10.648400
v 9.703598 4.450017 10.647669
v 9.703655 6.150104 10.654555
v 9.703726 6.163296 10.662914
v 9.703822 6.174861 10.674168
v 9.703937 6.184352 10.687875
v 9.704068 6.191401 10.703517
v 9.704213 6.195741 10.720487
v 9.704532 3.101822 10.756277
v 9.732431 3.104849 10.746466
v 9.731359 3.112843 10.779138
v 9.704888 3.123214 10.802523
v 9.730697 3.125857 10.799502
v 9.730800 3.107287 10.712580
v 9.703961 3.109969 10.692259
v 9.730541 3.120890 10.682443
v 9.729403 3.136970 10.665481
v 9.703726 3.135383 10.662915
v 9.754546 3.124487 10.695671
v 9.768932 3.123800 10.725002
v 9.763436 3.120016 10.751866
v 9.769897 3.138394 10.783972
v 9.768926 3.132554 10.773306
v 9.767947 3.132387 10.701847
v 9.754032 3.142005 10.674668
v 9.779504 3.136196 10.727695
v 9.779551 3.135463 10.742503
v 9.779686 3.142148 10.765556
v 9.750141 3.129631 10.794843
v 9.763204 3.158313 10.804999
v 9.731628 3.143118 10.814968
v 9.704908 3.123817 10.802110
v 9.705098 3.154208 10.825958
v 9.731692 3.167079 10.824105
v 9.705229 4.450017 10.829458
v 9.746481 4.450017 10.818648
v 9.779847 3.157900 10.782049
v 9.779886 3.147801 10.773039
v 9.779962 3.171704 10.787317
v 9.781081 4.450017 10.788633
v 9.738629 3.137630 10.666664
v 9.703726 3.135383 10.662915
v 9.703604 3.160855 10.649104
v 9.738586 3.166882 10.653956
v 9.703680 4.450017 10.646819
v 9.738273 4.450017 10.654261
v 9.743249 6.197982 10.939204
v 9.760154 6.194783 10.978918
v 9.729326 6.186368 10.906393
v 9.740691 6.173823 10.888227
v 9.736377 6.162478 10.878072
v 9.719565 6.163296 10.883644
v 9.765752 6.169492 10.883465
v 9.779669 6.185800 10.914620
v 9.792861 6.187814 10.942748
v 9.792143 6.184331 10.981168
v 9.774153 6.175467 11.012141
v 9.796850 6.172814 10.999442
v 9.811950 6.174189 10.971800
v 9.789944 6.159488 10.886031
v 9.800506 6.172723 10.910604
v 9.810286 6.174744 10.933739
v 9.821770 6.166284 10.960784
v 9.816056 6.165763 10.982170
v 9.817874 6.167316 10.983470
v 9.803600 6.155562 11.013397
v 9.821307 6.150652 10.994649
v 9.774011 6.174861 11.011752
v 9.783339 6.144432 11.033719
v 9.807188 6.131604 11.021797
v 9.785801 4.450017 11.038677
v 9.824386 6.130010 11.001850
v 9.824670 4.450017 11.002448
v 9.790997 6.160460 10.883980
v 9.753829 6.152181 10.869048
v 9.740691 6.173823 10.888227
v 9.736377 6.162478 10.878072
v 9.719565 6.163296 10.883644
v 9.713664 6.134850 10.869593
v 9.712763 4.450017 10.866827
v 9.757574 6.130854 10.862985
v 9.785598 6.146194 10.875699
v 9.783027 6.128657 10.869521
v 9.783226 4.450017 10.867653
v 9.740371 3.102108 10.932466
v 9.754957 3.100550 10.966711
v 9.768815 3.112316 10.999303
v 9.801462 3.136283 11.010054
v 9.778414 3.135383 11.022105
v 9.803539 3.117964 10.970779
v 9.792876 3.110866 10.942783
v 9.779698 3.112879 10.914637
v 9.748631 3.125060 10.885509
v 9.723783 3.123213 10.893630
v 9.816056 3.132911 10.982171
v 9.819715 3.142528 10.990777
v 9.825542 3.139186 10.969782
v 9.815190 3.125962 10.945152
v 9.807867 3.123817 10.927853
v 9.802982 3.124854 10.916367
v 9.795904 3.130099 10.899798
v 9.790800 3.138394 10.884705
v 9.814384 3.136196 10.914428
v 9.818219 3.135383 10.923451
v 9.803523 3.136744 11.008711
v 9.819898 3.142205 10.991459
v 9.778414 3.135383 11.022105
v 9.783814 3.160861 11.034822
v 9.807186 3.167073 11.021800
v 9.785800 4.450017 11.038677
v 9.824387 3.168671 11.001851
v 9.824670 4.450017 11.002448
v 9.790998 3.138216 10.883982
v 9.760901 3.145758 10.870773
v 9.785598 3.152484 10.875699
v 9.717027 3.142468 10.877396
v 9.723705 3.122990 10.893071
v 9.713475 3.168075 10.869014
v 9.712763 4.450017 10.866826
v 9.757572 3.167826 10.862985
v 9.783027 3.170021 10.869522
v 9.783226 4.450017 10.867654
v 9.859582 6.196857 11.121400
v 9.905307 6.188682 11.166271
v 9.898245 6.193825 11.120105
v 9.873095 6.191389 11.097328
v 9.839441 6.174881 11.076695
v 9.830605 6.179409 11.093014
v 9.832194 6.162479 11.069848
v 9.818804 6.163297 11.081440
v 9.920607 6.185841 11.143890
v 9.927622 6.164579 11.187805
v 9.946381 6.160069 11.158036
v 9.938962 6.170751 11.150759
v 9.945959 6.166390 11.135766
v 9.928558 6.180086 11.118280
v 9.917829 6.176159 11.087713
v 9.877883 6.174191 11.068582
v 9.869727 6.165763 11.060974
v 9.905546 6.157008 11.059654
v 9.934854 6.171369 11.105676
v 9.914620 6.161603 11.070081
v 9.925184 6.163297 11.080389
v 9.926231 6.163297 11.186769
v 9.936095 6.137821 11.196443
v 9.938042 6.162914 11.173670
v 9.947624 6.132262 11.183029
v 9.948236 4.450018 11.183622
v 9.937119 4.450018 11.197443
v 9.905402 6.156577 11.060162
v 9.899806 6.150877 11.055508
v 9.870988 6.153199 11.051104
v 9.877868 6.173657 11.068955
v 9.869673 6.165972 11.060575
v 9.831508 6.163360 11.068471
v 9.840075 6.173824 11.077575
v 9.818804 6.163297 11.081440
v 9.807969 6.134862 11.070726
v 9.842291 4.450017 11.046613
v 9.807920 4.450018 11.070768
v 9.845986 6.130839 11.047790
v 9.883347 6.134885 11.044792
v 9.909059 6.134616 11.053000
v 9.913558 6.141550 11.057281
v 9.906503 6.125100 11.050417
v 9.906694 4.450017 11.048858
v 9.859583 3.101822 11.121401
v 9.898238 3.104851 11.120111
v 9.905294 3.109987 11.166261
v 9.920610 3.112842 11.143927
v 9.927621 3.134100 11.187806
v 9.946381 3.138607 11.158037
v 9.938962 3.127925 11.150760
v 9.873096 3.107287 11.097341
v 9.843835 3.124311 11.073644
v 9.826528 3.123214 11.089044
v 9.861294 3.129783 11.064236
v 9.892116 3.131937 11.062681
v 9.908856 3.119387 11.087273
v 9.933913 3.125980 11.103579
v 9.937551 3.125022 11.127475
v 9.945691 3.132912 11.135455
v 9.942687 3.132912 11.113310
v 9.926218 3.124855 11.097161
v 9.885005 3.139622 11.056758
v 9.905049 3.142149 11.060849
v 9.921566 3.135463 11.076950
v 9.932186 3.136197 11.087258
v 9.926231 3.135384 11.186770
v 9.938042 3.135763 11.173670
v 9.936095 3.160861 11.196445
v 9.947625 3.166420 11.183031
v 9.948236 4.450018 11.183622
v 9.937119 4.450018 11.197443
v 9.891931 3.132911 11.063543
v 9.885128 3.138833 11.055063
v 9.899806 3.147801 11.055509
v 9.905242 3.142528 11.060843
v 9.907094 3.172373 11.048830
v 9.865215 3.158311 11.045341
v 9.836139 3.143103 11.061158
v 9.826241 3.122992 11.088558
v 9.809799 3.154219 11.072627
v 9.829596 3.167089 11.054764
v 9.842292 4.450017 11.046612
v 9.807920 4.450018 11.070768
v 9.909059 3.164057 11.053001
v 9.913558 3.157128 11.057281
v 9.906694 4.450017 11.048858
v 10.039260 6.196856 11.247362
v 10.093887 6.190796 11.269309
v 10.084821 6.190879 11.225974
v 10.042514 6.191389 11.219955
v 10.000671 6.179968 11.231769
v 9.985733 6.163525 11.225774
v 10.004507 6.160069 11.196096
v 10.013823 6.171377 11.199616
v 10.115815 6.175468 11.278171
v 10.124813 6.171613 11.244123
v 10.112374 6.179620 11.239355
v 10.071712 6.179288 11.196958
v 10.035917 6.174191 11.191568
v 10.025471 6.165764 11.187666
v 10.046961 6.165764 11.181527
v 10.057220 6.170751 11.185653
v 10.091516 6.173824 11.199434
v 10.113074 6.166286 11.208192
v 10.093231 6.162479 11.188001
v 10.079495 6.163218 11.182560
v 10.066288 6.160069 11.177169
v 10.039253 3.101824 11.247360
v 10.074477 3.104852 11.231357
v 10.098657 3.109976 11.271265
v 10.104269 3.112844 11.244783
v 10.121206 3.124832 11.261238
v 10.131121 3.136197 11.265280
v 10.125879 3.135384 11.282192
v 10.042519 3.107286 11.219968
v 10.003521 3.123795 11.213794
v 10.001640 3.119254 11.232265
v 9.994208 3.136197 11.210248
v 9.986284 3.135384 11.226089
v 10.035917 3.124488 11.191568
v 10.083860 3.117017 11.204302
v 10.113601 3.125022 11.223089
v 10.124177 3.132912 11.227342
v 10.112915 3.132912 11.208036
v 10.102652 3.127925 11.203912
v 10.057225 3.127541 11.185354
v 10.046961 3.132912 11.181528
v 10.025471 3.132912 11.187667
v 10.066288 3.138607 11.177170
v 10.079478 3.135463 11.182554
v 10.102019 3.138161 11.191621
v 9.775115 6.280294 11.066588
v 9.731831 6.314300 11.095896
v 9.940248 6.280294 11.229116
v 9.911543 6.314300 11.272773
v 10.155072 6.280294 11.315931
v 10.145332 6.314300 11.367256
v 10.381397 6.280333 11.314613
v 10.391655 6.314268 11.365868
v 10.594551 6.280294 11.226595
v 10.623610 6.314300 11.270031
v 10.758431 6.280294 11.062799
v 10.801951 6.314300 11.091778
v 10.847005 6.280293 10.848699
v 10.898348 6.314299 10.858774
v 10.846747 6.280293 10.616995
v 10.898064 6.314298 10.606617
v 10.757694 6.280293 10.403092
v 10.801150 6.314299 10.373834
v 10.593450 6.280294 10.239661
v 10.622409 6.314299 10.195980
v 10.379103 6.280293 10.151672
v 10.389140 6.314299 10.100224
v 10.147410 6.280293 10.152563
v 10.136992 6.314299 10.101192
v 9.933746 6.280294 10.242203
v 9.904466 6.314299 10.198750
v 9.770766 6.280294 10.406893
v 9.727105 6.314299 10.377972
v 9.683365 6.280294 10.621471
v 9.631987 6.314300 10.611498
v 9.684890 6.280294 10.853170
v 9.633646 6.314299 10.863646
v 10.624061 6.314290 11.269722
v 10.391093 6.314290 11.366197
v 10.623672 6.457799 11.269980
v 10.802145 6.457799 11.091552
v 10.802081 6.314290 11.091488
v 10.391459 6.457799 11.365940
v 10.145067 6.314290 11.367020
v 10.145410 6.457799 11.367263
v 9.911800 6.314290 11.272983
v 9.911834 6.457799 11.272900
v 9.732146 6.314290 11.096345
v 9.731881 6.457798 11.095955
v 9.911771 6.457799 11.272964
v 9.911834 6.314290 11.272900
v 9.633763 6.314289 10.864180
v 9.633670 6.457798 10.863721
v 9.631891 6.314289 10.612032
v 9.631980 6.457798 10.611575
v 9.726897 6.314289 10.378225
v 9.726979 6.457798 10.378259
v 10.136462 6.314289 10.101309
v 10.388604 6.314289 10.100127
v 10.136917 6.457798 10.101216
v 9.904407 6.457798 10.198800
v 9.904022 6.314289 10.199059
v 9.726916 6.457798 10.378197
v 9.726979 6.314289 10.378259
v 10.389063 6.457798 10.100217
v 10.622156 6.314289 10.195771
v 10.622122 6.457798 10.195853
v 10.898444 6.314289 10.858242
v 10.802165 6.314290 11.091523
v 10.898355 6.457798 10.858698
v 10.898041 6.457798 10.606544
v 10.897951 6.314289 10.606090
v 10.801100 6.457798 10.373774
v 10.800840 6.314289 10.373386
v 10.622184 6.457798 10.195790
v 10.622122 6.314289 10.195853
v 10.802081 6.457799 11.091488
v 9.705210 3.056134 10.849014
v 9.792383 3.056130 11.055209
v 9.713206 2.953875 11.108885
v 9.611451 2.953872 10.868179
v 9.703731 3.056144 10.625712
v 9.609742 2.953862 10.607508
v 10.374875 3.056131 10.171975
v 10.393202 2.953874 10.077819
v 10.581713 3.056144 10.256866
v 10.634641 2.953862 10.176947
v 10.159233 3.056115 11.295264
v 10.141468 2.953905 11.389177
v 10.395258 2.953863 11.388375
v 10.376643 3.056145 11.294646
v 10.636189 2.953873 11.288848
v 10.583036 3.056136 11.209367
v 10.821025 2.953876 11.104112
v 10.741362 3.056131 11.051112
v 9.951632 3.056136 11.211807
v 10.159182 3.056132 11.295674
v 10.141397 2.953875 11.389604
v 9.899111 2.953873 11.291685
v 9.792463 3.056144 11.055165
v 9.713329 2.953863 11.108821
v 10.826748 3.056131 10.844450
v 10.920703 2.953875 10.862856
v 10.741289 3.056144 11.051054
v 10.820920 2.953863 11.104023
v 10.374848 3.056144 10.172064
v 10.151531 3.056135 10.172935
v 10.132479 2.953871 10.078946
v 10.393160 2.953862 10.077950
v 9.891503 2.953875 10.180045
v 9.945110 3.056131 10.259547
v 10.826399 3.056134 10.621106
v 10.740464 3.056135 10.414691
v 10.819968 2.953872 10.361162
v 10.920294 2.953871 10.602136
v 10.826658 3.056144 10.844423
v 10.920573 2.953862 10.862815
v 10.634729 2.953874 10.176842
v 10.581769 3.056130 10.256797
v 9.945154 3.056144 10.259627
v 9.788079 3.056134 10.418363
v 9.708196 2.953872 10.365448
v 9.891565 2.953862 10.180165
v 9.609612 2.953874 10.607467
v 9.703642 3.056131 10.625686
v 9.708014 2.953862 10.365693
v 9.708079 2.660129 10.365758
v 9.891336 2.660129 10.180264
v 9.891737 2.953862 10.179995
v 10.131935 2.660129 10.079083
v 10.132403 2.953862 10.078988
v 10.392932 2.660129 10.077859
v 10.393407 2.953862 10.077950
v 10.634677 2.660129 10.176860
v 10.634641 2.953862 10.176947
v 10.820920 2.953863 11.104023
v 10.920572 2.953862 10.863057
v 10.821005 2.660129 11.104058
v 10.920668 2.660129 10.862583
v 10.920253 2.953862 10.602060
v 10.920157 2.660129 10.601587
v 10.819902 2.953862 10.361111
v 10.819634 2.660129 10.360708
v 10.634706 2.953862 10.176881
v 10.634641 2.660129 10.176947
v 9.609741 2.953862 10.607265
v 9.609650 2.660129 10.607740
v 9.707994 2.660129 10.365723
v 9.708079 2.953862 10.365758
v 9.611494 2.953862 10.868255
v 9.611591 2.660128 10.868733
v 9.713154 2.953863 11.108645
v 9.713428 2.660130 11.109050
v 9.899355 2.953863 11.291867
v 9.899420 2.660130 11.291801
v 10.395883 2.953863 11.388109
v 10.395507 2.660130 11.388375
v 10.140839 2.660130 11.389226
v 10.141194 2.953863 11.389477
v 9.899385 2.660130 11.291887
v 9.899420 2.953863 11.291801
v 10.636244 2.953863 11.288781
v 10.636648 2.660130 11.288511
v 10.820986 2.953863 11.104089
v 10.820920 2.660130 11.104023
v 17.120449 6.197979 11.294621
v 17.162956 6.193910 11.294671
v 17.152603 6.193145 11.266654
v 17.084846 6.186374 11.294607
v 17.078474 6.176022 11.266089
v 17.062880 6.161691 11.268929
v 17.060078 6.163297 11.294703
v 17.119221 6.187126 11.250253
v 17.178205 6.184331 11.265997
v 17.199694 6.175469 11.294681
v 17.196884 6.172820 11.268878
v 17.177086 6.173657 11.244404
v 17.149488 6.178650 11.235701
v 17.093245 6.174191 11.244153
v 17.072248 6.156671 11.244491
v 17.099539 6.166285 11.230802
v 17.122807 6.173824 11.230709
v 17.163935 6.157267 11.218103
v 17.154514 6.160069 11.219447
v 17.140240 6.163219 11.219533
v 17.125481 6.162479 11.219457
v 17.188480 6.165764 11.244398
v 17.163570 6.156578 11.218850
v 17.171833 6.151394 11.218305
v 17.177086 6.173657 11.244404
v 17.189730 6.166680 11.243398
v 17.206200 6.152907 11.251575
v 17.217276 6.156210 11.294549
v 17.199280 6.174862 11.294658
v 17.226377 6.130592 11.294538
v 17.218128 4.450018 11.253342
v 17.225777 4.450018 11.294655
v 17.214672 6.130857 11.251609
v 17.192356 6.132462 11.224820
v 17.177235 6.144547 11.219238
v 17.164494 6.137206 11.211113
v 17.169603 6.125113 11.211119
v 17.170559 4.450018 11.209872
v 17.225044 6.131880 11.294654
v 17.245972 6.242117 11.294638
v 17.225813 4.450018 11.297655
v 17.218887 6.150105 11.294654
v 17.210529 6.163297 11.294658
v 17.199280 6.174862 11.294658
v 17.185566 6.184353 11.294662
v 17.169926 6.191401 11.294667
v 17.152954 6.195742 11.294671
v 17.135303 6.197210 11.294681
v 17.030312 6.242794 11.296109
v 17.117657 6.195742 11.294684
v 17.100681 6.191401 11.294689
v 17.085045 6.184353 11.294693
v 17.071331 6.174862 11.294698
v 17.060078 6.163297 11.294703
v 17.051720 6.150105 11.294703
v 17.045567 6.131893 11.294700
v 17.044943 4.450018 11.297321
v 17.009155 6.131882 11.287604
v 17.009834 4.450018 11.287878
v 17.003445 6.150105 11.285309
v 16.995682 6.163297 11.282191
v 16.985249 6.174862 11.277996
v 16.972523 6.184353 11.272882
v 16.958012 6.191401 11.267051
v 16.942265 6.195742 11.260722
v 16.925888 6.197210 11.254139
v 16.821758 6.242232 11.211757
v 16.909508 6.195742 11.247557
v 16.893764 6.191401 11.241228
v 16.879250 6.184353 11.235396
v 16.866531 6.174862 11.230283
v 16.856087 6.163297 11.226088
v 16.848335 6.150105 11.222970
v 16.842625 6.131881 11.220675
v 16.821690 4.450018 11.211920
v 16.841946 4.450018 11.220403
v 16.810326 6.280302 11.229222
v 17.024881 6.280310 11.315913
v 17.251207 6.280281 11.314675
v 17.350399 6.197210 11.251813
v 17.452629 6.242130 11.209332
v 17.366703 6.195742 11.245045
v 17.382374 6.191401 11.238532
v 17.396820 6.184353 11.232534
v 17.409481 6.174862 11.227275
v 17.419872 6.163297 11.222960
v 17.427589 6.150105 11.219755
v 17.433275 6.131864 11.217394
v 17.435137 4.450018 11.219868
v 17.469290 6.131887 11.193336
v 17.468773 4.450018 11.193855
v 17.473633 6.150105 11.188976
v 17.479534 6.163297 11.183053
v 17.487476 6.174862 11.175085
v 17.497154 6.184353 11.165376
v 17.508194 6.191401 11.154298
v 17.520176 6.195742 11.142275
v 17.532639 6.197210 11.129778
v 17.611099 6.242535 11.051053
v 17.611099 6.188476 11.051053
v 17.545097 6.195742 11.117275
v 17.557079 6.191401 11.105252
v 17.568115 6.184353 11.094174
v 17.577797 6.174862 11.084465
v 17.585739 6.163297 11.076497
v 17.591640 6.150105 11.070574
v 17.595984 6.131886 11.066216
v 17.611099 4.450017 11.051054
v 17.596500 4.450018 11.065698
v 17.628412 6.280313 11.062586
v 17.464352 6.280310 11.226576
v 17.064114 6.161044 11.259830
v 17.060078 6.163297 11.294703
v 17.046261 6.137799 11.294708
v 17.051416 6.131859 11.259768
v 17.043983 4.450018 11.294619
v 17.051712 4.450018 11.260081
v 17.120453 3.100699 11.294622
v 17.152609 3.105534 11.266659
v 17.181223 3.109987 11.294675
v 17.178234 3.114352 11.266020
v 17.198044 3.124855 11.277012
v 17.209076 3.136197 11.277007
v 17.210529 3.135384 11.294659
v 17.192024 3.129755 11.250934
v 17.119215 3.111557 11.250244
v 17.084864 3.112294 11.294608
v 17.058367 3.134101 11.294471
v 17.065796 3.138607 11.260077
v 17.075750 3.127298 11.259866
v 17.093245 3.124489 11.244153
v 17.149515 3.120023 11.235711
v 17.180523 3.139623 11.230692
v 17.171000 3.132555 11.230411
v 17.122807 3.124855 11.230710
v 17.099537 3.132389 11.230802
v 17.082100 3.132912 11.244431
v 17.125481 3.136197 11.219458
v 17.140259 3.135462 11.219534
v 17.163345 3.142150 11.219586
v 17.170826 3.132912 11.230698
v 17.163212 3.142529 11.219448
v 17.177341 3.153933 11.219617
v 17.181620 3.138834 11.229395
v 17.197283 3.149615 11.236771
v 17.210533 3.135314 11.276503
v 17.198044 3.124855 11.277012
v 17.210529 3.135384 11.294659
v 17.225771 3.163835 11.294591
v 17.218128 4.450018 11.253342
v 17.225777 4.450018 11.294655
v 17.214672 3.167825 11.251611
v 17.164494 3.161471 11.211114
v 17.169603 3.173569 11.211120
v 17.192284 3.170303 11.224292
v 17.170559 4.450018 11.209872
v 17.225044 3.166794 11.294656
v 17.225777 4.450018 11.294655
v 17.246449 4.450018 11.294646
v 17.246426 3.056145 11.294560
v 17.218887 3.148576 11.294655
v 17.210529 3.135384 11.294659
v 17.199280 3.123818 11.294659
v 17.185566 3.114328 11.294663
v 17.169926 3.107279 11.294668
v 17.152954 3.102934 11.294672
v 17.135303 3.101470 11.294682
v 17.028988 3.056146 11.295859
v 17.117657 3.102934 11.294685
v 17.100681 3.107279 11.294690
v 17.085045 3.114328 11.294694
v 17.071331 3.123818 11.294699
v 17.060078 3.135384 11.294703
v 17.051720 3.148576 11.294703
v 17.045567 3.166780 11.294702
v 17.029015 4.450018 11.295588
v 17.044834 4.450018 11.294707
v 17.009155 3.166792 11.287605
v 17.029015 4.450018 11.295588
v 17.009834 4.450018 11.287878
v 17.003445 3.148576 11.285310
v 16.995682 3.135384 11.282192
v 16.985249 3.123818 11.277997
v 16.972523 3.114328 11.272882
v 16.958012 3.107279 11.267052
v 16.942265 3.102934 11.260723
v 16.925888 3.101470 11.254140
v 16.821772 3.056146 11.211720
v 16.909508 3.102934 11.247558
v 16.893764 3.107279 11.241229
v 16.879250 3.114328 11.235397
v 16.866531 3.123818 11.230284
v 16.856087 3.135384 11.226089
v 16.848335 3.148576 11.222971
v 16.842627 3.166791 11.220675
v 16.821690 4.450018 11.211920
v 16.841946 4.450018 11.220403
v 17.350399 3.101470 11.251814
v 17.334103 3.102934 11.258586
v 17.318428 3.107279 11.265094
v 17.303986 3.114328 11.271097
v 17.291321 3.123818 11.276357
v 17.280933 3.135384 11.280671
v 17.273209 3.148576 11.283876
v 17.267527 3.166797 11.286238
v 17.246449 4.450018 11.294646
v 17.266850 4.450018 11.286519
v 17.452988 3.056145 11.209107
v 17.366703 3.102934 11.245046
v 17.382374 3.107279 11.238533
v 17.396820 3.114328 11.232535
v 17.409481 3.123818 11.227276
v 17.419872 3.135384 11.222961
v 17.427589 3.148576 11.219756
v 17.433275 3.166811 11.217394
v 17.453041 4.450018 11.209180
v 17.433952 4.450018 11.217113
v 17.469290 3.166787 11.193336
v 17.453041 4.450018 11.209180
v 17.468773 4.450018 11.193855
v 17.473633 3.148576 11.188977
v 17.479534 3.135384 11.183054
v 17.487476 3.123818 11.175086
v 17.497154 3.114328 11.165377
v 17.508194 3.107279 11.154299
v 17.520176 3.102934 11.142276
v 17.532639 3.101470 11.129779
v 17.611103 3.056144 11.051057
v 17.545097 3.102934 11.117276
v 17.557079 3.107279 11.105253
v 17.568115 3.114328 11.094175
v 17.577797 3.123818 11.084466
v 17.585739 3.135384 11.076498
v 17.591640 3.148576 11.070575
v 17.595984 3.166787 11.066217
v 17.611099 4.450017 11.051054
v 17.596500 4.450018 11.065698
v 17.064114 3.137631 11.259830
v 17.060078 3.135384 11.294703
v 17.046261 3.160884 11.294709
v 17.051416 3.166824 11.259768
v 17.043983 4.450018 11.294619
v 17.051712 4.450018 11.260081
v 17.333645 6.196856 11.258758
v 17.364281 6.198127 11.245964
v 17.323675 6.193147 11.232576
v 17.289633 6.178297 11.238585
v 17.296206 6.179416 11.274332
v 17.280321 6.163526 11.280832
v 17.272461 6.158634 11.238827
v 17.348204 6.187128 11.204620
v 17.373022 6.184525 11.203764
v 17.410099 6.175343 11.227031
v 17.386875 6.168900 11.191188
v 17.302563 6.172084 11.201384
v 17.276741 6.150878 11.213137
v 17.288019 6.162576 11.208510
v 17.337387 6.173824 11.187948
v 17.354048 6.168571 11.181064
v 17.367638 6.159058 11.175385
v 17.330601 6.162479 11.178586
v 17.317003 6.163219 11.184317
v 17.303780 6.160069 11.189725
v 17.381557 6.167317 11.183185
v 17.411360 6.155576 11.197701
v 17.388882 6.156151 11.181404
v 17.409481 6.174862 11.227275
v 17.431513 6.144466 11.218139
v 17.419790 6.131595 11.194175
v 17.434704 4.450018 11.216703
v 17.386786 4.450018 11.164845
v 17.385004 6.130257 11.167141
v 17.380444 6.141551 11.170063
v 17.374981 6.150878 11.172332
v 17.271431 6.161374 11.248720
v 17.276741 6.150878 11.213137
v 17.271278 6.141551 11.215405
v 17.265989 6.130248 11.216574
v 17.279839 6.163947 11.280982
v 17.268169 6.137804 11.285974
v 17.260595 6.131616 11.260307
v 17.266029 4.450018 11.286763
v 17.263105 4.450018 11.216217
v 17.267527 6.131876 11.286237
v 17.266850 4.450018 11.286519
v 17.273209 6.150105 11.283875
v 17.280933 6.163297 11.280670
v 17.291321 6.174862 11.276356
v 17.303986 6.184353 11.271096
v 17.318428 6.191401 11.265093
v 17.334103 6.195742 11.258585
v 17.333651 3.101822 11.258756
v 17.364273 3.100550 11.245969
v 17.396948 3.112292 11.232388
v 17.391882 3.122645 11.203596
v 17.407438 3.136976 11.200301
v 17.419872 3.135384 11.222961
v 17.348204 3.111557 11.204610
v 17.319317 3.111770 11.216044
v 17.307686 3.109717 11.242257
v 17.290949 3.123215 11.276537
v 17.283621 3.125862 11.251582
v 17.356972 3.130701 11.178911
v 17.380241 3.132912 11.184994
v 17.388882 3.142529 11.181405
v 17.367638 3.139623 11.175385
v 17.343193 3.125955 11.185565
v 17.320042 3.123932 11.195236
v 17.297724 3.130093 11.204461
v 17.282574 3.138394 11.209449
v 17.390440 3.141323 11.179419
v 17.395302 3.153497 11.178741
v 17.420469 3.158643 11.197254
v 17.419872 3.135384 11.222961
v 17.432629 3.160863 11.217669
v 17.434704 4.450018 11.216704
v 17.386786 4.450018 11.164845
v 17.407188 3.167833 11.181606
v 17.384432 3.170016 11.168461
v 17.380444 3.157129 11.170064
v 17.281857 3.138217 11.209247
v 17.268404 3.145751 11.239236
v 17.273508 3.152519 11.214581
v 17.274656 3.142479 11.283161
v 17.290390 3.122992 11.276609
v 17.266249 3.168070 11.286641
v 17.266029 4.450018 11.286763
v 17.263105 4.450018 11.216216
v 17.260584 3.167815 11.242504
v 17.267330 3.170022 11.217100
v 17.519854 6.196863 11.142580
v 17.552601 6.194776 11.109624
v 17.506754 6.193825 11.116080
v 17.484665 6.185839 11.140127
v 17.491194 6.179397 11.171363
v 17.478157 6.164580 11.184104
v 17.459053 6.160069 11.154557
v 17.466393 6.170751 11.147196
v 17.518433 6.185802 11.082842
v 17.574783 6.179934 11.087352
v 17.586124 6.163527 11.075989
v 17.557175 6.160068 11.056110
v 17.549997 6.171376 11.063012
v 17.526539 6.173657 11.064694
v 17.475782 6.177445 11.102093
v 17.457104 6.163236 11.125401
v 17.496136 6.173824 11.075776
v 17.512623 6.166285 11.059358
v 17.486279 6.162479 11.069729
v 17.475924 6.163219 11.080230
v 17.462484 6.158359 11.093669
v 17.454266 6.150878 11.101845
v 17.534584 6.165763 11.056620
v 17.558189 6.161042 11.054742
v 17.585739 6.163297 11.076497
v 17.595497 6.137816 11.066714
v 17.567106 6.131851 11.045704
v 17.597038 4.450017 11.065032
v 17.567120 4.450017 11.046133
v 17.465370 6.171506 11.147405
v 17.443817 6.140367 11.136362
v 17.458652 6.160243 11.154698
v 17.453541 6.138243 11.171367
v 17.479534 6.163297 11.183053
v 17.469788 6.137828 11.192841
v 17.468109 4.450018 11.194396
v 17.440828 4.450018 11.141592
v 17.453587 6.142466 11.087194
v 17.445265 6.134933 11.110312
v 17.451826 6.134593 11.092582
v 17.448997 4.450018 11.095293
v 17.449230 6.125101 11.095105
v 17.519855 3.101815 11.142578
v 17.506760 3.104851 11.116087
v 17.552595 3.103899 11.109632
v 17.574783 3.118747 11.087354
v 17.586124 3.135152 11.075989
v 17.557175 3.138606 11.056111
v 17.549995 3.127298 11.063013
v 17.518398 3.112878 11.082849
v 17.484661 3.112844 11.140162
v 17.487202 3.123213 11.175395
v 17.470924 3.125848 11.155238
v 17.467163 3.124488 11.123877
v 17.486105 3.119390 11.093051
v 17.526539 3.125022 11.064695
v 17.534584 3.132911 11.056621
v 17.512623 3.132387 11.059358
v 17.496136 3.124855 11.075777
v 17.458179 3.141411 11.096018
v 17.459488 3.132912 11.131968
v 17.465778 3.138607 11.090298
v 17.475904 3.135462 11.080249
v 17.486279 3.136197 11.069730
v 17.558189 3.137632 11.054743
v 17.585739 3.135384 11.076498
v 17.595497 3.160870 11.066713
v 17.567106 3.166829 11.045704
v 17.597038 4.450017 11.065033
v 17.567120 4.450017 11.046133
v 17.458967 3.142100 11.096287
v 17.453051 3.147141 11.101656
v 17.467537 3.125022 11.123895
v 17.457897 3.131996 11.132149
v 17.452072 3.145754 11.149570
v 17.474680 3.142506 11.187775
v 17.487476 3.123818 11.175086
v 17.468264 3.168092 11.194200
v 17.468109 4.450018 11.194396
v 17.440828 4.450018 11.141592
v 17.446112 3.167830 11.155607
v 17.443420 3.163793 11.118212
v 17.451826 3.164084 11.092584
v 17.456154 3.157129 11.088112
v 17.449230 3.173577 11.095106
v 17.448997 4.450018 11.095293
v 17.648458 6.197978 10.960920
v 17.671669 6.188674 10.904719
v 17.634851 6.193146 10.920547
v 17.616343 6.189030 10.968516
v 17.631849 6.179422 11.001469
v 17.624680 6.164579 11.018269
v 17.595711 6.160068 10.998301
v 17.598904 6.171681 10.989420
v 17.643995 6.184328 10.896609
v 17.661800 6.173844 10.882140
v 17.665928 6.162478 10.872259
v 17.682796 6.163296 10.877641
v 17.623436 6.174189 10.889094
v 17.596212 6.179741 10.930851
v 17.577801 6.159057 10.964694
v 17.581490 6.165763 10.955728
v 17.604328 6.170750 10.900222
v 17.608540 6.165763 10.889994
v 17.591930 6.160068 10.900794
v 17.588341 6.162478 10.909514
v 17.584606 6.163296 10.918582
v 17.579029 6.161602 10.932245
v 17.573982 6.156150 10.944404
v 17.579449 6.149541 10.909154
v 17.576878 6.150104 10.915398
v 17.627934 6.165763 10.878890
v 17.688320 6.131868 10.864216
v 17.696285 6.242127 10.844841
v 17.691391 4.450017 10.864650
v 17.685978 6.150104 10.869906
v 17.682796 6.163296 10.877641
v 17.678516 6.174861 10.888046
v 17.673302 6.184352 10.900723
v 17.667347 6.191401 10.915188
v 17.660889 6.195741 10.930882
v 17.654171 6.197209 10.947206
v 17.610939 6.242230 11.050983
v 17.647457 6.195741 10.963525
v 17.640995 6.191401 10.979224
v 17.635048 6.184352 10.993687
v 17.629829 6.174861 11.006366
v 17.625549 6.163296 11.016769
v 17.622368 6.150104 11.024501
v 17.620026 6.131896 11.030190
v 17.611099 4.450017 11.051054
v 17.619747 4.450017 11.030869
v 17.628345 6.280301 11.062526
v 17.716799 6.280308 10.848691
v 17.696445 6.197209 10.731991
v 17.696095 6.242120 10.621312
v 17.696392 6.195741 10.714344
v 17.696339 6.191401 10.697369
v 17.696293 6.184352 10.681727
v 17.696251 6.174861 10.668019
v 17.696217 6.163296 10.656767
v 17.696194 6.150104 10.648407
v 17.696175 6.131887 10.642254
v 17.699171 4.450017 10.641477
v 17.687643 6.131874 10.599795
v 17.687927 4.450017 10.600471
v 17.685265 6.150104 10.594115
v 17.682037 6.163296 10.586407
v 17.677692 6.174861 10.576024
v 17.672401 6.184352 10.563381
v 17.666359 6.191401 10.548953
v 17.659809 6.195741 10.533298
v 17.652992 6.197209 10.517014
v 17.610252 6.242130 10.414918
v 17.646175 6.195741 10.500734
v 17.639626 6.191401 10.485079
v 17.633587 6.184352 10.470651
v 17.628292 6.174861 10.458003
v 17.623951 6.163296 10.447625
v 17.620720 6.150104 10.439912
v 17.618347 6.131881 10.434234
v 17.620819 4.450017 10.432365
v 17.594191 6.131898 10.398288
v 17.594711 4.450017 10.398805
v 17.589817 6.150104 10.393953
v 17.583881 6.163296 10.388069
v 17.575890 6.174861 10.380150
v 17.566154 6.184352 10.370497
v 17.555046 6.191401 10.359486
v 17.542995 6.195741 10.347538
v 17.530457 6.197209 10.335110
v 17.451519 6.242534 10.256866
v 17.517925 6.195741 10.322687
v 17.505867 6.191401 10.310739
v 17.494762 6.184352 10.299727
v 17.485020 6.174861 10.290075
v 17.477032 6.163296 10.282155
v 17.471092 6.150104 10.276272
v 17.466726 6.131879 10.271936
v 17.451519 4.450017 10.256866
v 17.466206 4.450017 10.271421
v 17.463045 6.280313 10.239487
v 17.627481 6.280308 10.403102
v 17.716532 6.280309 10.616991
v 17.625549 6.163296 11.016769
v 17.608936 6.163900 11.010932
v 17.618788 6.121270 11.033363
v 17.604088 6.120899 11.022548
v 17.648460 3.100699 10.960919
v 17.634855 3.105531 10.920544
v 17.671661 3.109992 10.904739
v 17.644024 3.114353 10.896595
v 17.661800 3.124831 10.882141
v 17.665928 3.136196 10.872260
v 17.682796 3.135383 10.877642
v 17.605383 3.112880 10.952202
v 17.634901 3.112292 10.993816
v 17.613979 3.124854 10.998512
v 17.609776 3.136196 11.008719
v 17.625549 3.135383 11.016770
v 17.586140 3.131474 10.978154
v 17.602331 3.119382 10.918477
v 17.623434 3.124487 10.889095
v 17.627934 3.132911 10.878891
v 17.608540 3.132911 10.889995
v 17.604328 3.127924 10.900223
v 17.590263 3.124854 10.934405
v 17.581488 3.132386 10.955952
v 17.591789 3.125021 10.966727
v 17.580879 3.136196 10.927650
v 17.586584 3.135463 10.913982
v 17.591930 3.138606 10.900795
v 17.688320 3.166804 10.864217
v 17.688599 4.450017 10.863539
v 17.696468 4.450017 10.844423
v 17.696381 3.056144 10.844412
v 17.685978 3.148575 10.869907
v 17.682796 3.135383 10.877642
v 17.678516 3.123817 10.888047
v 17.673302 3.114327 10.900724
v 17.667347 3.107278 10.915189
v 17.660889 3.102933 10.930883
v 17.654171 3.101469 10.947206
v 17.610901 3.056145 11.050971
v 17.647457 3.102933 10.963526
v 17.640995 3.107278 10.979225
v 17.635048 3.114327 10.993688
v 17.629829 3.123817 11.006367
v 17.625549 3.135383 11.016770
v 17.622368 3.148575 11.024502
v 17.620026 3.166778 11.030192
v 17.611099 4.450017 11.051054
v 17.619747 4.450017 11.030869
v 17.696445 3.101469 10.731992
v 17.696499 3.102933 10.749644
v 17.696552 3.107278 10.766614
v 17.696594 3.114327 10.782256
v 17.696640 3.123817 10.795967
v 17.696674 3.135383 10.807216
v 17.696693 3.148575 10.815576
v 17.696714 3.166789 10.821730
v 17.696468 4.450017 10.844423
v 17.696716 4.450017 10.822462
v 17.696018 3.056144 10.620872
v 17.696392 3.102933 10.714345
v 17.696339 3.107278 10.697370
v 17.696293 3.114327 10.681728
v 17.696251 3.123817 10.668020
v 17.696217 3.135383 10.656768
v 17.696194 3.148575 10.648408
v 17.696175 3.166789 10.642254
v 17.696106 4.450017 10.620849
v 17.696171 4.450017 10.641521
v 17.687643 3.166797 10.599795
v 17.696106 4.450017 10.620849
v 17.687927 4.450017 10.600471
v 17.685265 3.148575 10.594116
v 17.682037 3.135383 10.586408
v 17.677692 3.123817 10.576025
v 17.672401 3.114327 10.563382
v 17.666359 3.107278 10.548954
v 17.659809 3.102933 10.533298
v 17.652992 3.101469 10.517015
v 17.610012 3.056144 10.414539
v 17.646175 3.102933 10.500735
v 17.639626 3.107278 10.485080
v 17.633587 3.114327 10.470652
v 17.628292 3.123817 10.458004
v 17.623951 3.135383 10.447626
v 17.620720 3.148575 10.439913
v 17.618347 3.166791 10.434234
v 17.610081 4.450017 10.414486
v 17.618065 4.450017 10.433558
v 17.594191 3.166774 10.398289
v 17.610081 4.450017 10.414486
v 17.594711 4.450017 10.398805
v 17.589817 3.148575 10.393954
v 17.583881 3.135383 10.388070
v 17.575890 3.123817 10.380151
v 17.566154 3.114327 10.370498
v 17.555046 3.107278 10.359487
v 17.542995 3.102933 10.347539
v 17.530457 3.101469 10.335111
v 17.451527 3.056144 10.256859
v 17.517925 3.102933 10.322688
v 17.505867 3.107278 10.310740
v 17.494762 3.114327 10.299728
v 17.485020 3.123817 10.290076
v 17.477032 3.135383 10.282156
v 17.471092 3.148575 10.276273
v 17.466726 3.166791 10.271937
v 17.451519 4.450017 10.256866
v 17.466206 4.450017 10.271421
v 17.696377 6.196859 10.713879
v 17.668417 6.193825 10.723510
v 17.669855 6.191386 10.757412
v 17.696596 6.188698 10.777889
v 17.669970 6.177784 10.787543
v 17.670994 6.161700 10.804510
v 17.696674 6.163296 10.807215
v 17.669645 6.185836 10.690874
v 17.696257 6.165063 10.655005
v 17.678604 6.173823 10.669304
v 17.678574 6.162478 10.658267
v 17.652544 6.168917 10.675393
v 17.636600 6.179739 10.725244
v 17.631741 6.167981 10.766203
v 17.646343 6.165763 10.785333
v 17.646370 6.156150 10.794691
v 17.632610 6.159057 10.777422
v 17.632549 6.170750 10.756665
v 17.619713 6.151847 10.695745
v 17.621193 6.158365 10.708285
v 17.621281 6.163217 10.727250
v 17.621365 6.160510 10.751525
v 17.678249 6.174626 10.668377
v 17.678066 6.163360 10.656814
v 17.638376 6.149066 10.670163
v 17.619028 6.152073 10.695196
v 17.620888 6.144547 10.690267
v 17.696217 6.163296 10.656767
v 17.696110 6.134906 10.641538
v 17.696079 4.450017 10.640672
v 17.639545 4.450017 10.658982
v 17.653162 6.130853 10.652743
v 17.625908 6.128357 10.675198
v 17.612795 6.125109 10.697924
v 17.612806 6.137204 10.703032
v 17.612755 4.450017 10.697625
v 17.661789 6.161042 10.803281
v 17.696674 6.163296 10.807215
v 17.696653 6.134822 10.822461
v 17.696630 4.450017 10.823314
v 17.662079 4.450017 10.815681
v 17.662079 6.120899 10.815681
v 17.662071 6.134655 10.814075
v 17.646408 6.120899 10.807369
v 17.646404 6.133279 10.805922
v 17.696714 6.131885 10.821729
v 17.696716 4.450017 10.822462
v 17.696693 6.150104 10.815575
v 17.696674 6.163296 10.807215
v 17.696640 6.174861 10.795966
v 17.696594 6.184352 10.782255
v 17.696552 6.191401 10.766613
v 17.696499 6.195741 10.749643
v 17.696377 3.101818 10.713880
v 17.668425 3.104849 10.723510
v 17.669666 3.112844 10.690849
v 17.696272 3.123213 10.667607
v 17.670464 3.125856 10.670487
v 17.669863 3.107288 10.757405
v 17.696535 3.104759 10.759618
v 17.696529 3.118753 10.791807
v 17.696590 3.135150 10.807849
v 17.662033 3.138606 10.801596
v 17.661793 3.127297 10.791642
v 17.646032 3.124487 10.774186
v 17.632187 3.122686 10.732218
v 17.638388 3.120941 10.712007
v 17.631161 3.138395 10.685805
v 17.632362 3.132911 10.696644
v 17.632668 3.132387 10.767931
v 17.646343 3.132911 10.785334
v 17.621210 3.137074 10.717443
v 17.621220 3.135383 10.732221
v 17.621136 3.142528 10.704296
v 17.632362 3.132911 10.696644
v 17.621136 3.142528 10.704296
v 17.621267 3.153930 10.690159
v 17.631037 3.138834 10.685858
v 17.638378 3.149615 10.670162
v 17.669607 3.143103 10.655023
v 17.696125 3.122990 10.667065
v 17.696205 3.142700 10.651214
v 17.696054 3.168040 10.640926
v 17.696079 4.450017 10.640672
v 17.639545 4.450017 10.658982
v 17.653162 3.167827 10.652744
v 17.612808 3.161472 10.703032
v 17.612793 3.173570 10.697925
v 17.625908 3.170323 10.675200
v 17.612755 4.450017 10.697625
v 17.661789 3.137631 10.803281
v 17.696674 3.135383 10.807216
v 17.696716 3.160928 10.821047
v 17.661764 3.166857 10.815982
v 17.696630 4.450017 10.823315
v 17.662079 4.450017 10.815681
v 17.659962 6.196865 10.533702
v 17.635267 6.188681 10.474639
v 17.618618 6.191388 10.503936
v 17.630472 6.193823 10.535737
v 17.644300 6.185839 10.565313
v 17.677876 6.175469 10.576398
v 17.652948 6.172815 10.583790
v 17.606997 6.177783 10.476130
v 17.592817 6.160887 10.465599
v 17.623951 6.163296 10.447625
v 17.583603 6.171938 10.519127
v 17.600491 6.179742 10.546513
v 17.610809 6.160284 10.584957
v 17.607704 6.165763 10.574498
v 17.578201 6.162586 10.503890
v 17.573444 6.150877 10.492646
v 17.576176 6.160068 10.528315
v 17.581766 6.163218 10.541459
v 17.589334 6.161603 10.559662
v 17.594387 6.156150 10.571819
v 17.594719 6.161376 10.463629
v 17.568224 6.130259 10.482642
v 17.571159 6.141550 10.487194
v 17.573444 6.150877 10.492646
v 17.623392 6.163946 10.446630
v 17.618616 6.137779 10.434871
v 17.595177 6.131605 10.447776
v 17.616655 4.450017 10.431012
v 17.568068 4.450017 10.482052
v 17.610609 6.160459 10.585678
v 17.640596 6.152917 10.599046
v 17.677948 6.175689 10.576955
v 17.684547 6.156197 10.592679
v 17.688051 6.130609 10.601068
v 17.646852 4.450017 10.609378
v 17.687927 4.450017 10.600471
v 17.643909 6.130852 10.606856
v 17.615969 6.146166 10.594010
v 17.618147 6.131448 10.599812
v 17.602785 6.129169 10.591787
v 17.603012 4.450017 10.592423
v 17.659962 3.101812 10.533702
v 17.630480 3.104851 10.535736
v 17.618628 3.107286 10.503942
v 17.642328 3.104759 10.491533
v 17.607454 3.124307 10.467981
v 17.628155 3.123213 10.457614
v 17.592264 3.129776 10.480707
v 17.632921 3.112042 10.562290
v 17.677874 3.123211 10.576397
v 17.652973 3.125856 10.583786
v 17.589123 3.123542 10.531922
v 17.581625 3.129200 10.513690
v 17.576515 3.139622 10.499988
v 17.596508 3.123934 10.547548
v 17.605787 3.130100 10.569836
v 17.610809 3.138394 10.584956
v 17.584282 3.131358 10.486043
v 17.579912 3.153302 10.471938
v 17.598713 3.143108 10.456198
v 17.628292 3.123817 10.458004
v 17.621822 3.142639 10.442533
v 17.617722 3.168095 10.433047
v 17.616655 4.450017 10.431012
v 17.582628 3.167833 10.460424
v 17.568068 4.450017 10.482053
v 17.569544 3.170013 10.483213
v 17.571159 3.157128 10.487195
v 17.610607 3.138216 10.585678
v 17.640610 3.145757 10.599048
v 17.615969 3.152513 10.594011
v 17.684546 3.142478 10.592678
v 17.677948 3.122990 10.576956
v 17.688051 3.168063 10.601068
v 17.646854 4.450017 10.609378
v 17.687927 4.450017 10.600471
v 17.643911 3.167829 10.606857
v 17.618210 3.167252 10.599591
v 17.618683 3.177774 10.600726
v 17.603012 4.450017 10.592423
v 17.603012 3.177774 10.592423
v 17.517588 6.196860 10.322373
v 17.493694 6.191387 10.336211
v 17.516825 6.193823 10.361033
v 17.550032 6.193936 10.354508
v 17.540936 6.185839 10.383057
v 17.576200 6.175468 10.380425
v 17.555981 6.172810 10.396826
v 17.472309 6.177788 10.314992
v 17.475811 6.165063 10.280883
v 17.460928 6.161698 10.302364
v 17.460665 6.167978 10.357183
v 17.493259 6.179731 10.382489
v 17.524843 6.173745 10.400495
v 17.532848 6.165763 10.408254
v 17.468033 6.170750 10.363312
v 17.453293 6.159057 10.348699
v 17.457294 6.165763 10.333364
v 17.450649 6.156150 10.326777
v 17.463846 6.160513 10.374887
v 17.481070 6.163218 10.391967
v 17.497526 6.156528 10.408191
v 17.455353 6.161043 10.309765
v 17.477032 6.163296 10.282155
v 17.467215 6.137746 10.272414
v 17.446293 6.131843 10.300873
v 17.465538 4.450017 10.270885
v 17.446724 4.450017 10.300859
v 17.502426 6.161323 10.408800
v 17.485275 6.145183 10.408016
v 17.490803 6.139390 10.413402
v 17.524754 6.173656 10.400232
v 17.533033 6.166679 10.409846
v 17.550459 6.152929 10.415623
v 17.588600 6.156207 10.392897
v 17.575890 6.174861 10.380150
v 17.595053 6.130634 10.399305
v 17.560188 4.450017 10.422775
v 17.594711 4.450017 10.398805
v 17.556530 6.130842 10.421568
v 17.520903 6.132686 10.424790
v 17.496044 6.126786 10.418397
v 17.480370 6.123800 10.410389
v 17.478783 4.450017 10.413963
v 17.517586 3.101817 10.322372
v 17.516829 3.104851 10.361030
v 17.493706 3.107286 10.336212
v 17.487959 3.118708 10.293120
v 17.476522 3.135150 10.281772
v 17.456726 3.138606 10.310775
v 17.463650 3.127296 10.317933
v 17.563049 3.109968 10.367403
v 17.540968 3.112841 10.383060
v 17.562790 3.124830 10.392089
v 17.570431 3.136196 10.399588
v 17.583881 3.135383 10.388070
v 17.499058 3.120023 10.387011
v 17.475985 3.123801 10.372187
v 17.465015 3.124487 10.341411
v 17.457294 3.132911 10.333365
v 17.460093 3.132390 10.355319
v 17.496902 3.141411 10.409663
v 17.524754 3.125021 10.400233
v 17.532848 3.132911 10.408255
v 17.491161 3.138606 10.402081
v 17.481085 3.135461 10.391982
v 17.470535 3.136196 10.381633
v 17.455353 3.137630 10.309766
v 17.477032 3.135383 10.282156
v 17.467215 3.160934 10.272414
v 17.446291 3.166837 10.300873
v 17.465538 4.450017 10.270885
v 17.446724 4.450017 10.300859
v 17.502422 3.137357 10.408801
v 17.490807 3.159292 10.413406
v 17.485275 3.153496 10.408017
v 17.524754 3.125021 10.400233
v 17.532902 3.132701 10.408655
v 17.557688 3.146482 10.414536
v 17.562592 3.124854 10.391817
v 17.570431 3.136196 10.399588
v 17.583881 3.135383 10.388070
v 17.594662 3.163812 10.398843
v 17.560188 4.450017 10.422775
v 17.594711 4.450017 10.398805
v 17.556530 3.167838 10.421570
v 17.520901 3.165992 10.424791
v 17.495302 3.169328 10.417804
v 17.478783 4.450017 10.413963
v 17.496204 3.177774 10.418848
v 17.480526 3.177774 10.410560
v 17.333807 6.197982 10.208529
v 17.373806 6.194768 10.224886
v 17.376457 6.184329 10.256829
v 17.418850 6.165066 10.243134
v 17.399258 6.173844 10.254303
v 17.409191 6.162478 10.258303
v 17.338049 6.187814 10.258084
v 17.309734 6.185798 10.245294
v 17.300814 6.186378 10.195084
v 17.276234 6.164579 10.185209
v 17.270126 6.160068 10.219860
v 17.278692 6.171680 10.223814
v 17.367374 6.174190 10.276758
v 17.377800 6.165763 10.280713
v 17.356501 6.166286 10.286740
v 17.334711 6.175008 10.278823
v 17.290201 6.166120 10.260069
v 17.281494 6.159057 10.256201
v 17.293198 6.156527 10.272980
v 17.314575 6.163218 10.281777
v 17.328201 6.162478 10.287424
v 17.309752 6.163034 10.279989
v 17.303469 6.148081 10.286743
v 17.309704 6.149541 10.288906
v 17.292694 6.156558 10.273795
v 17.290470 6.165763 10.259869
v 17.281113 6.159235 10.256390
v 17.279751 6.170750 10.223787
v 17.269701 6.160241 10.219887
v 17.258509 6.138235 10.206509
v 17.277912 6.163296 10.185642
v 17.265125 6.137824 10.180413
v 17.260996 4.450017 10.179079
v 17.263166 6.140369 10.242556
v 17.279354 6.131014 10.273432
v 17.298349 6.125683 10.289588
v 17.303560 6.132420 10.291934
v 17.307762 6.134655 10.293673
v 17.262276 4.450017 10.247433
v 17.296799 4.450017 10.290617
v 17.264473 6.131885 10.180155
v 17.245081 6.242131 10.172248
v 17.264894 4.450017 10.177087
v 17.270172 6.150104 10.182481
v 17.277912 6.163296 10.185642
v 17.288326 6.174861 10.189895
v 17.301022 6.184352 10.195075
v 17.315502 6.191401 10.200991
v 17.331215 6.195741 10.207401
v 17.347553 6.197209 10.214072
v 17.451450 6.242235 10.257025
v 17.363895 6.195741 10.220748
v 17.379608 6.191401 10.227160
v 17.394089 6.184352 10.233074
v 17.406780 6.174861 10.238255
v 17.417198 6.163296 10.242507
v 17.424938 6.150104 10.245669
v 17.430634 6.131882 10.247996
v 17.451519 4.450017 10.256866
v 17.431313 4.450017 10.248273
v 17.462986 6.280301 10.239552
v 17.248899 6.280309 10.151691
v 17.132225 6.197209 10.172393
v 17.021544 6.242124 10.173041
v 17.114578 6.195741 10.172494
v 17.097603 6.191401 10.172590
v 17.081966 6.184352 10.172683
v 17.068253 6.174861 10.172758
v 17.057007 6.163296 10.172824
v 17.048641 6.150104 10.172873
v 17.042492 6.131888 10.172908
v 17.041706 4.450017 10.169911
v 17.000053 6.131877 10.181558
v 17.000729 4.450017 10.181273
v 16.994381 6.150104 10.183945
v 16.986683 6.163296 10.187195
v 16.976311 6.174861 10.191571
v 16.963680 6.184352 10.196897
v 16.949272 6.191401 10.202973
v 16.933632 6.195741 10.209570
v 16.917370 6.197209 10.216430
v 16.815386 6.242127 10.259462
v 16.901104 6.195741 10.223290
v 16.885468 6.191401 10.229886
v 16.871056 6.184352 10.235963
v 16.858421 6.174861 10.241294
v 16.848057 6.163296 10.245665
v 16.840351 6.150104 10.248915
v 16.834682 6.131863 10.251305
v 16.832809 4.450017 10.248841
v 16.798803 6.131874 10.275558
v 16.799316 4.450017 10.275036
v 16.794483 6.150104 10.279943
v 16.788612 6.163296 10.285897
v 16.780712 6.174861 10.293905
v 16.771088 6.184352 10.303672
v 16.760105 6.191401 10.314811
v 16.748196 6.195741 10.326896
v 16.735802 6.197209 10.339464
v 16.657774 6.242534 10.418617
v 16.723408 6.195741 10.352032
v 16.711498 6.191401 10.364120
v 16.700516 6.184352 10.375259
v 16.690891 6.174861 10.385022
v 16.682991 6.163296 10.393035
v 16.677120 6.150104 10.398989
v 16.672802 6.131870 10.403371
v 16.657772 4.450017 10.418616
v 16.672287 4.450017 10.403893
v 16.640404 6.280313 10.407105
v 16.803560 6.280310 10.242223
v 17.017218 6.280309 10.152583
v 17.427555 6.151072 10.246757
v 17.418890 6.150312 10.262224
v 17.423035 4.450017 10.263954
v 17.431313 4.450017 10.248273
v 17.330833 3.101808 10.207262
v 17.329033 3.104851 10.236757
v 17.299322 3.112839 10.223160
v 17.276297 3.133615 10.184935
v 17.282467 3.124827 10.206623
v 17.272575 3.136196 10.202530
v 17.360931 3.107287 10.248328
v 17.373163 3.104769 10.224527
v 17.402868 3.118735 10.236761
v 17.417751 3.135152 10.242826
v 17.398808 3.138606 10.272398
v 17.389515 3.127297 10.268832
v 17.367376 3.124487 10.276759
v 17.345984 3.126077 10.283949
v 17.300167 3.126883 10.264608
v 17.289864 3.125021 10.244812
v 17.279308 3.132911 10.240502
v 17.290470 3.132911 10.259870
v 17.356277 3.132911 10.286738
v 17.377800 3.132911 10.280714
v 17.337023 3.138155 10.290946
v 17.314554 3.135461 10.281770
v 17.301311 3.138606 10.276447
v 17.310476 3.162900 10.295614
v 17.306246 3.164611 10.293036
v 17.289398 3.160684 10.281630
v 17.310043 3.136196 10.280014
v 17.300814 3.138151 10.277098
v 17.300709 3.127924 10.264048
v 17.290470 3.132911 10.259870
v 17.270748 3.145477 10.245574
v 17.289864 3.125021 10.244812
v 17.278923 3.132701 10.240611
v 17.271040 3.135317 10.202447
v 17.282791 3.124854 10.206699
v 17.277912 3.135383 10.185643
v 17.263783 3.163792 10.179939
v 17.260996 4.450017 10.179079
v 17.257795 3.167829 10.223939
v 17.269854 3.163784 10.259415
v 17.301300 3.168338 10.291004
v 17.298012 3.174305 10.289613
v 17.264931 4.450017 10.255810
v 17.297672 4.450017 10.289553
v 17.264473 3.166785 10.180155
v 17.263794 4.450017 10.179878
v 17.244656 4.450017 10.172064
v 17.244644 3.056144 10.172153
v 17.270172 3.148575 10.182482
v 17.277912 3.135383 10.185643
v 17.288326 3.123817 10.189896
v 17.301022 3.114327 10.195076
v 17.315502 3.107278 10.200992
v 17.331215 3.102933 10.207402
v 17.347553 3.101469 10.214073
v 17.451437 3.056145 10.257063
v 17.363895 3.102933 10.220749
v 17.379608 3.107278 10.227160
v 17.394089 3.114327 10.233075
v 17.406780 3.123817 10.238256
v 17.417198 3.135383 10.242508
v 17.424938 3.148575 10.245670
v 17.430634 3.166791 10.247996
v 17.451519 4.450017 10.256866
v 17.431313 4.450017 10.248273
v 17.132225 3.101469 10.172394
v 17.149876 3.102933 10.172293
v 17.166847 3.107278 10.172192
v 17.182487 3.114327 10.172103
v 17.196201 3.123817 10.172025
v 17.207451 3.135383 10.171958
v 17.215809 3.148575 10.171910
v 17.221962 3.166779 10.171877
v 17.244656 4.450017 10.172064
v 17.222694 4.450017 10.171871
v 17.021107 3.056144 10.173119
v 17.114578 3.102933 10.172495
v 17.097603 3.107278 10.172591
v 17.081966 3.114327 10.172684
v 17.068253 3.123817 10.172759
v 17.057007 3.135383 10.172825
v 17.048641 3.148575 10.172873
v 17.042492 3.166784 10.172909
v 17.021084 4.450017 10.173032
v 17.041759 4.450017 10.172913
v 17.000053 3.166794 10.181559
v 17.021084 4.450017 10.173032
v 17.000729 4.450017 10.181273
v 16.994381 3.148575 10.183946
v 16.986683 3.135383 10.187196
v 16.976311 3.123817 10.191572
v 16.963680 3.114327 10.196898
v 16.949272 3.107278 10.202974
v 16.933632 3.102933 10.209571
v 16.917370 3.101469 10.216431
v 16.815016 3.056144 10.259700
v 16.901104 3.102933 10.223291
v 16.885468 3.107278 10.229887
v 16.871056 3.114327 10.235964
v 16.858421 3.123817 10.241295
v 16.848057 3.135383 10.245666
v 16.840351 3.148575 10.248916
v 16.834682 3.166808 10.251305
v 16.814960 4.450017 10.259627
v 16.834007 4.450017 10.251589
v 16.798803 3.166799 10.275559
v 16.814960 4.450017 10.259627
v 16.799316 4.450017 10.275036
v 16.794483 3.148575 10.279944
v 16.788612 3.135383 10.285898
v 16.780712 3.123817 10.293906
v 16.771088 3.114327 10.303673
v 16.760105 3.107278 10.314812
v 16.748196 3.102933 10.326897
v 16.735802 3.101469 10.339465
v 16.657766 3.056144 10.418611
v 16.723408 3.102933 10.352033
v 16.711498 3.107278 10.364121
v 16.700516 3.114327 10.375260
v 16.690891 3.123817 10.385023
v 16.682991 3.135383 10.393036
v 16.677120 3.148575 10.398990
v 16.672802 3.166799 10.403372
v 16.657772 4.450017 10.418616
v 16.672287 4.450017 10.403893
v 17.430338 3.162812 10.247888
v 17.421854 3.163128 10.263459
v 17.423035 4.450017 10.263954
v 17.431313 4.450017 10.248273
v 17.150408 6.196848 10.172302
v 17.117109 6.198118 10.172558
v 17.168125 6.188963 10.197423
v 17.196615 6.175467 10.171999
v 17.193949 6.172812 10.197886
v 17.140310 6.187816 10.216681
v 17.098272 6.189030 10.199457
v 17.073429 6.179330 10.172726
v 17.055288 6.164580 10.173067
v 17.062931 6.160068 10.207416
v 17.072361 6.171681 10.207782
v 17.174557 6.174190 10.222691
v 17.185707 6.165763 10.222349
v 17.168137 6.165763 10.236156
v 17.151320 6.172729 10.236228
v 17.132404 6.176904 10.237723
v 17.097054 6.165763 10.236567
v 17.087360 6.159057 10.236623
v 17.104736 6.156150 10.247775
v 17.117908 6.161606 10.247665
v 17.132660 6.163296 10.247613
v 17.073326 6.170750 10.207353
v 17.062548 6.160241 10.207603
v 17.065208 6.140365 10.231052
v 17.095640 6.152073 10.249908
v 17.088108 6.140772 10.247755
v 17.047089 6.138250 10.199544
v 17.057007 6.163296 10.172824
v 17.043194 6.137835 10.172899
v 17.049635 4.450017 10.214187
v 17.041759 4.450017 10.172913
v 17.082842 6.126967 10.247852
v 17.082397 4.450017 10.247904
v 17.192131 6.171233 10.206877
v 17.206589 6.154056 10.206573
v 17.214209 6.156198 10.172025
v 17.196201 6.174861 10.172024
v 17.223299 6.130584 10.171986
v 17.225590 4.450017 10.172173
v 17.214785 6.134697 10.206651
v 17.206678 6.133303 10.222176
v 17.207741 4.450017 10.222222
v 17.221962 6.131893 10.171876
v 17.222694 4.450017 10.171871
v 17.215809 6.150104 10.171909
v 17.207451 6.163296 10.171957
v 17.196201 6.174861 10.172024
v 17.182487 6.184352 10.172102
v 17.166847 6.191401 10.172191
v 17.149876 6.195741 10.172292
v 17.114056 3.101828 10.172511
v 17.147335 3.100557 10.172385
v 17.107054 3.107286 10.199190
v 17.070240 3.125059 10.198765
v 17.067841 3.123214 10.172742
v 17.140348 3.110864 10.216681
v 17.173597 3.112841 10.198805
v 17.209215 3.133613 10.171906
v 17.205521 3.136286 10.197911
v 17.174557 3.124487 10.222692
v 17.112394 3.120946 10.230510
v 17.086216 3.138393 10.237803
v 17.097054 3.132911 10.236567
v 17.132595 3.123817 10.236365
v 17.151337 3.125952 10.236228
v 17.168137 3.132911 10.236157
v 17.195560 3.142004 10.222233
v 17.117901 3.137069 10.247666
v 17.132660 3.135383 10.247614
v 17.104736 3.142528 10.247776
v 17.097054 3.132911 10.236567
v 17.104736 3.142528 10.247776
v 17.093512 3.150976 10.247753
v 17.086269 3.138833 10.237926
v 17.065208 3.158315 10.231053
v 17.055328 3.143101 10.199434
v 17.067297 3.122991 10.172889
v 17.044392 3.154248 10.172886
v 17.046190 3.167079 10.199497
v 17.049633 4.450017 10.214187
v 17.041759 4.450017 10.172913
v 17.086224 3.161552 10.247882
v 17.082842 3.171712 10.247852
v 17.082397 4.450017 10.247904
v 17.203611 3.137630 10.206853
v 17.207451 3.135383 10.171958
v 17.221264 3.160856 10.171876
v 17.215651 3.163877 10.206861
v 17.225590 4.450017 10.172172
v 17.206678 3.165376 10.222178
v 17.207741 4.450017 10.222222
v 16.896938 6.196560 10.225101
v 16.931307 6.198122 10.210636
v 16.961502 6.187316 10.236148
v 16.976923 6.175343 10.191301
v 16.986731 6.169498 10.233363
v 16.927385 6.187817 10.260319
v 16.899324 6.180720 10.270924
v 16.862339 6.179960 10.239743
v 16.861094 6.162000 10.269813
v 16.848057 6.163296 10.245665
v 16.984102 6.159491 10.257571
v 16.959488 6.172725 10.268066
v 16.936333 6.174744 10.277778
v 16.914120 6.168575 10.287193
v 16.900551 6.159057 10.292955
v 16.887890 6.165763 10.283413
v 16.879272 6.156150 10.287049
v 16.861387 6.161930 10.270815
v 16.878590 6.156473 10.287230
v 16.848057 6.163296 10.245665
v 16.835331 6.137829 10.251027
v 16.848297 6.131588 10.274451
v 16.831463 4.450017 10.253007
v 16.868189 6.130015 10.291693
v 16.867592 4.450017 10.291976
v 16.986147 6.160460 10.258628
v 16.999437 6.152915 10.228592
v 16.977243 6.175690 10.191313
v 16.992954 6.156186 10.184663
v 17.001331 6.130576 10.181146
v 17.009747 4.450017 10.222320
v 17.000729 4.450017 10.181273
v 17.007235 6.130860 10.225264
v 16.994444 6.146201 10.253250
v 17.000263 6.131449 10.251052
v 16.992275 6.129169 10.266435
v 16.992916 4.450017 10.266211
v 16.900667 3.101820 10.223491
v 16.931303 3.100554 10.210639
v 16.894192 3.109715 10.253562
v 16.857807 3.123342 10.241541
v 16.881220 3.129774 10.277255
v 16.927351 3.110864 10.260335
v 16.961500 3.111358 10.236149
v 16.976921 3.123339 10.191303
v 16.986731 3.129173 10.233356
v 16.911198 3.130698 10.289370
v 16.900551 3.139622 10.292956
v 16.924915 3.125959 10.282649
v 16.942230 3.123817 10.275375
v 16.953728 3.124854 10.270524
v 16.970329 3.130106 10.263486
v 16.983910 3.139622 10.257798
v 16.955639 3.136196 10.281932
v 16.946602 3.135383 10.285740
v 16.886585 3.131356 10.285231
v 16.875389 3.148037 10.288634
v 16.856714 3.143108 10.270893
v 16.858421 3.123817 10.241295
v 16.836439 3.154221 10.250552
v 16.848295 3.167088 10.274450
v 16.831463 4.450017 10.253007
v 16.868923 3.165401 10.291417
v 16.867592 3.177774 10.291976
v 16.867592 4.450017 10.291976
v 16.883286 3.177774 10.300239
v 16.884415 3.167252 10.299760
v 16.986147 3.138216 10.258632
v 16.999439 3.145761 10.228580
v 16.994444 3.152477 10.253251
v 16.992956 3.142495 10.184663
v 16.977243 3.122990 10.191314
v 17.001331 3.168090 10.181147
v 17.009747 4.450017 10.222320
v 17.000729 4.450017 10.181273
v 17.007235 3.167819 10.225265
v 17.000263 3.167231 10.251053
v 16.992916 4.450017 10.266211
v 16.992275 3.169509 10.266436
v 16.725422 6.197979 10.350080
v 16.767899 6.193146 10.346816
v 16.755219 6.193905 10.319764
v 16.803322 6.172326 10.321035
v 16.780987 6.175468 10.293595
v 16.793320 6.179619 10.330561
v 16.785536 6.184301 10.353039
v 16.756168 6.187123 10.382107
v 16.700438 6.186372 10.375461
v 16.681953 6.164578 10.394419
v 16.711670 6.160068 10.413263
v 16.718805 6.171376 10.406319
v 16.742277 6.174190 10.404885
v 16.806313 6.165763 10.359068
v 16.798546 6.170750 10.366944
v 16.781569 6.175241 10.384538
v 16.768158 6.172719 10.397724
v 16.756409 6.165763 10.409687
v 16.802866 6.160513 10.378469
v 16.789371 6.163296 10.392274
v 16.734253 6.165763 10.412630
v 16.682991 6.163296 10.393035
v 16.673292 6.137839 10.402864
v 16.696060 6.162913 10.404874
v 16.686661 6.132176 10.414444
v 16.686073 4.450017 10.415045
v 16.672287 4.450017 10.403893
v 16.798546 6.170750 10.366944
v 16.802876 6.160068 10.378579
v 16.810499 6.157212 10.372729
v 16.806694 6.165992 10.359120
v 16.803219 6.171706 10.321399
v 16.793056 6.179519 10.330700
v 16.808842 6.155568 10.303264
v 16.780712 6.174861 10.293905
v 16.797470 6.144393 10.276896
v 16.820143 6.135422 10.306417
v 16.801573 4.450017 10.273199
v 16.825502 6.132689 10.348793
v 16.814199 6.139386 10.378900
v 16.808826 6.145183 10.384445
v 16.819183 6.126785 10.373648
v 16.827326 4.450017 10.336514
v 16.811218 6.123800 10.389349
v 16.812609 4.450017 10.389826
v 16.723108 3.101814 10.352359
v 16.761759 3.104851 10.353019
v 16.737001 3.107286 10.376215
v 16.693914 3.118719 10.382092
v 16.682611 3.135152 10.393543
v 16.711670 3.138606 10.413264
v 16.718803 3.127297 10.406320
v 16.768057 3.110008 10.306728
v 16.783716 3.112841 10.328814
v 16.792419 3.124854 10.307173
v 16.800167 3.136196 10.299314
v 16.788612 3.135383 10.285898
v 16.806784 3.129765 10.329793
v 16.787771 3.120014 10.370727
v 16.773024 3.123799 10.393834
v 16.742277 3.124487 10.404886
v 16.734253 3.132911 10.412631
v 16.756203 3.132385 10.409776
v 16.806639 3.132554 10.359147
v 16.813114 3.139622 10.352164
v 16.808971 3.142148 10.372196
v 16.792833 3.135463 10.388651
v 16.782486 3.136196 10.399258
v 16.682991 3.135383 10.393036
v 16.696060 3.135762 10.404875
v 16.673290 3.160847 10.402866
v 16.687275 3.163175 10.413831
v 16.686073 3.177774 10.415045
v 16.686073 4.450017 10.415045
v 16.672287 4.450017 10.403893
v 16.701778 3.177774 10.423295
v 16.702904 3.164023 10.422152
v 16.809536 3.153165 10.384745
v 16.822899 3.158031 10.355710
v 16.814205 3.159298 10.378896
v 16.806313 3.132911 10.359069
v 16.814810 3.138833 10.352292
v 16.815157 3.146489 10.312019
v 16.792419 3.124854 10.307173
v 16.800167 3.136196 10.299314
v 16.788612 3.135383 10.285898
v 16.798313 3.160899 10.276048
v 16.815258 3.167070 10.296759
v 16.801573 4.450017 10.273199
v 16.825787 3.168951 10.330537
v 16.819185 3.171892 10.373648
v 16.827326 4.450017 10.336515
v 16.811218 3.174879 10.389350
v 16.812609 4.450017 10.389827
v 16.622082 6.196857 10.505903
v 16.598021 6.188692 10.565245
v 16.630466 6.191387 10.556192
v 16.644442 6.193823 10.525271
v 16.634291 6.186373 10.475959
v 16.655182 6.173823 10.471169
v 16.659325 6.162478 10.460945
v 16.643509 6.163296 10.452976
v 16.669544 6.170750 10.480914
v 16.665096 6.180205 10.492440
v 16.607838 6.174881 10.588534
v 16.603924 6.162478 10.597704
v 16.587021 6.163296 10.592418
v 16.646320 6.174191 10.580640
v 16.667278 6.179289 10.551129
v 16.672962 6.180086 10.514847
v 16.677544 6.173656 10.502836
v 16.683746 6.170750 10.524028
v 16.679245 6.173823 10.535150
v 16.665367 6.170750 10.569406
v 16.661217 6.165763 10.579657
v 16.677765 6.160068 10.568769
v 16.683060 6.163220 10.555484
v 16.688671 6.162478 10.541851
v 16.641880 6.165763 10.590870
v 16.681305 6.162478 10.560030
v 16.678419 6.160523 10.569266
v 16.688051 6.148081 10.566586
v 16.690201 6.149541 10.560338
v 16.665367 6.170750 10.569406
v 16.661217 6.165763 10.579657
v 16.650433 6.144807 10.602956
v 16.646156 6.173656 10.580303
v 16.641989 6.165972 10.591258
v 16.603844 6.163360 10.599241
v 16.608067 6.173823 10.587475
v 16.587021 6.163296 10.592418
v 16.581360 6.134855 10.606567
v 16.581062 4.450017 10.607371
v 16.623281 4.450017 10.613206
v 16.625374 6.130857 10.612428
v 16.674299 6.133085 10.590857
v 16.693245 6.132429 10.566465
v 16.694969 6.134655 10.562273
v 16.690916 6.125688 10.571695
v 16.664825 4.450017 10.599700
v 16.690876 4.450017 10.572371
v 16.581575 6.131886 10.605869
v 16.573713 6.242134 10.625289
v 16.578503 4.450017 10.605454
v 16.583885 6.150104 10.600166
v 16.587021 6.163296 10.592418
v 16.591248 6.174861 10.581987
v 16.596397 6.184352 10.569283
v 16.602268 6.191401 10.554784
v 16.608639 6.195741 10.539054
v 16.615265 6.197209 10.522696
v 16.657936 6.242232 10.418685
v 16.621891 6.195741 10.506336
v 16.628265 6.191401 10.490606
v 16.634136 6.184352 10.476112
v 16.639286 6.174861 10.463403
v 16.643509 6.163296 10.452976
v 16.646645 6.150104 10.445228
v 16.648958 6.131881 10.439524
v 16.657772 4.450017 10.418616
v 16.649231 4.450017 10.438845
v 16.640469 6.280301 10.407164
v 16.553190 6.280309 10.621475
v 16.574169 6.197209 10.738138
v 16.575121 6.242122 10.848806
v 16.574322 6.195741 10.755786
v 16.574467 6.191401 10.772760
v 16.574596 6.184352 10.788398
v 16.574711 6.174861 10.802109
v 16.574810 6.163296 10.813358
v 16.574879 6.150104 10.821717
v 16.574934 6.131885 10.827872
v 16.571941 4.450017 10.828668
v 16.583696 6.131877 10.870285
v 16.583408 4.450017 10.869613
v 16.586102 6.150104 10.875949
v 16.589375 6.163296 10.883644
v 16.593777 6.174861 10.894000
v 16.599136 6.184352 10.906616
v 16.605251 6.191401 10.921009
v 16.611893 6.195741 10.936629
v 16.618797 6.197209 10.952874
v 16.662098 6.242127 11.054731
v 16.625702 6.195741 10.969118
v 16.632336 6.191401 10.984738
v 16.638458 6.184352 10.999131
v 16.643818 6.174861 11.011752
v 16.648220 6.163296 11.022104
v 16.651493 6.150104 11.029799
v 16.653900 6.131873 11.035462
v 16.651438 4.450016 11.037343
v 16.678247 6.131888 11.071280
v 16.677723 4.450018 11.070768
v 16.682644 6.150105 11.075587
v 16.688614 6.163297 11.081440
v 16.696648 6.174862 11.089315
v 16.706436 6.184353 11.098915
v 16.717606 6.191401 11.109865
v 16.729725 6.195742 11.121747
v 16.742329 6.197210 11.134105
v 16.821693 6.242534 11.211916
v 16.754925 6.195742 11.146461
v 16.767048 6.191401 11.158344
v 16.778217 6.184353 11.169293
v 16.788006 6.174862 11.178894
v 16.796040 6.163297 11.186769
v 16.802010 6.150105 11.192622
v 16.806404 6.131870 11.196929
v 16.821690 4.450018 11.211920
v 16.806927 4.450018 11.197443
v 16.810268 6.280313 11.229288
v 16.644943 6.280310 11.066583
v 16.554718 6.280309 10.853172
v 16.622082 3.101820 10.505903
v 16.644436 3.104851 10.525269
v 16.630463 3.107287 10.556183
v 16.598028 3.109974 10.565226
v 16.607836 3.123793 10.588537
v 16.603924 3.136196 10.597705
v 16.587021 3.135383 10.592419
v 16.655449 3.112844 10.494496
v 16.637306 3.119286 10.468278
v 16.644367 3.134099 10.451476
v 16.673450 3.138606 10.471284
v 16.669544 3.127924 10.480915
v 16.684526 3.126882 10.524033
v 16.666399 3.126078 10.570342
v 16.646320 3.124486 10.580641
v 16.641880 3.132911 10.590871
v 16.661217 3.132911 10.579658
v 16.687901 3.132911 10.513778
v 16.677544 3.125021 10.502837
v 16.681820 3.132911 10.492270
v 16.692207 3.138606 10.533113
v 16.686771 3.135458 10.546328
v 16.677668 3.138155 10.568810
v 16.681305 3.136196 10.560031
v 16.690201 3.149137 10.560339
v 16.688049 3.150594 10.566586
v 16.678417 3.138151 10.569266
v 16.665367 3.127924 10.569407
v 16.661217 3.132911 10.579658
v 16.650433 3.153873 10.602957
v 16.646156 3.125021 10.580304
v 16.641989 3.132701 10.591259
v 16.603844 3.135315 10.599242
v 16.608067 3.124854 10.587476
v 16.587021 3.135383 10.592419
v 16.581360 3.163818 10.606568
v 16.581062 4.450017 10.607371
v 16.631599 4.450017 10.612800
v 16.625374 3.167823 10.612430
v 16.674301 3.165584 10.590856
v 16.693245 3.166251 10.566467
v 16.694969 3.164023 10.562274
v 16.690914 3.172988 10.571696
v 16.693823 4.450017 10.574814
v 16.581575 3.166787 10.605870
v 16.581299 4.450017 10.606548
v 16.573532 4.450017 10.625712
v 16.573620 3.056144 10.625723
v 16.583885 3.148575 10.600167
v 16.587021 3.135383 10.592419
v 16.591248 3.123817 10.581988
v 16.596397 3.114327 10.569283
v 16.602268 3.107278 10.554785
v 16.608639 3.102933 10.539055
v 16.615265 3.101469 10.522696
v 16.657974 3.056145 10.418699
v 16.621891 3.102933 10.506337
v 16.628265 3.107278 10.490607
v 16.634136 3.114327 10.476113
v 16.639286 3.123817 10.463404
v 16.643509 3.135383 10.452977
v 16.646645 3.148575 10.445229
v 16.648958 3.166792 10.439525
v 16.657772 4.450017 10.418616
v 16.649231 4.450017 10.438845
v 16.574169 3.101469 10.738139
v 16.574020 3.102933 10.720488
v 16.573875 3.107278 10.703518
v 16.573746 3.114327 10.687876
v 16.573631 3.123817 10.674169
v 16.573532 3.135383 10.662915
v 16.573460 3.148575 10.654556
v 16.573410 3.166807 10.648402
v 16.573532 4.450017 10.625712
v 16.573402 4.450017 10.647669
v 16.575201 3.056144 10.849254
v 16.574322 3.102933 10.755787
v 16.574467 3.107278 10.772761
v 16.574596 3.114327 10.788399
v 16.574711 3.123817 10.802110
v 16.574810 3.135383 10.813359
v 16.574879 3.148575 10.821718
v 16.574934 3.166786 10.827873
v 16.575115 4.450017 10.849277
v 16.574940 4.450017 10.828606
v 16.583696 3.166790 10.870287
v 16.575115 4.450017 10.849277
v 16.583408 4.450017 10.869613
v 16.586102 3.148575 10.875950
v 16.589375 3.135383 10.883645
v 16.593777 3.123817 10.894001
v 16.599136 3.114327 10.906617
v 16.605251 3.107278 10.921010
v 16.611893 3.102933 10.936630
v 16.618797 3.101469 10.952875
v 16.662340 3.056144 11.055110
v 16.625702 3.102933 10.969119
v 16.632336 3.107278 10.984739
v 16.638458 3.114327 10.999132
v 16.643818 3.123817 11.011753
v 16.648220 3.135383 11.022105
v 16.651493 3.148575 11.029800
v 16.653900 3.166797 11.035463
v 16.662270 4.450017 11.055165
v 16.654186 4.450017 11.036138
v 16.678247 3.166789 11.071280
v 16.662270 4.450017 11.055165
v 16.677723 4.450018 11.070768
v 16.682644 3.148576 11.075588
v 16.688614 3.135384 11.081441
v 16.696648 3.123818 11.089316
v 16.706436 3.114328 11.098916
v 16.717606 3.107279 11.109866
v 16.729725 3.102934 11.121748
v 16.742329 3.101470 11.134106
v 16.821686 3.056145 11.211925
v 16.754925 3.102934 11.146462
v 16.767048 3.107279 11.158345
v 16.778217 3.114328 11.169294
v 16.788006 3.123818 11.178895
v 16.796040 3.135384 11.186770
v 16.802010 3.148576 11.192623
v 16.806404 3.166805 11.196931
v 16.821690 4.450018 11.211920
v 16.806927 4.450018 11.197443
v 16.574360 6.197980 10.752969
v 16.574015 6.194776 10.709773
v 16.600594 6.182057 10.688602
v 16.573671 6.179412 10.679449
v 16.573612 6.163522 10.662288
v 16.608200 6.160068 10.668350
v 16.608292 6.170750 10.678741
v 16.618439 6.187816 10.729938
v 16.609764 6.187315 10.770844
v 16.574692 6.175467 10.802523
v 16.602087 6.173140 10.799589
v 16.624786 6.173656 10.779502
v 16.624187 6.179519 10.708926
v 16.623943 6.166387 10.684113
v 16.637932 6.170750 10.713112
v 16.638012 6.174747 10.731268
v 16.638271 6.172721 10.756352
v 16.638443 6.165763 10.773134
v 16.624882 6.165763 10.790900
v 16.624786 6.173656 10.779502
v 16.625893 6.166679 10.792144
v 16.638523 6.159057 10.782831
v 16.638443 6.165763 10.773134
v 16.633013 6.140361 10.805000
v 16.601429 6.155554 10.814971
v 16.574711 6.174861 10.802109
v 16.574903 6.144437 10.825971
v 16.601501 6.131594 10.824104
v 16.575035 4.450017 10.829458
v 16.616293 4.450017 10.818647
v 16.649656 6.140772 10.782049
v 16.649693 6.150877 10.773038
v 16.649767 6.126952 10.787321
v 16.650883 4.450017 10.788633
v 16.608433 6.161043 10.666661
v 16.573532 6.163296 10.662914
v 16.573410 6.137841 10.649108
v 16.608391 6.131813 10.653959
v 16.573484 4.450017 10.646818
v 16.608078 4.450017 10.654261
v 16.573410 6.131862 10.648400
v 16.573402 4.450017 10.647669
v 16.573460 6.150104 10.654555
v 16.573532 6.163296 10.662914
v 16.573631 6.174861 10.674168
v 16.573746 6.184352 10.687875
v 16.573875 6.191401 10.703517
v 16.574020 6.195741 10.720487
v 16.574360 3.100696 10.752970
v 16.609764 3.111359 10.770844
v 16.574705 3.123341 10.802773
v 16.617191 3.129169 10.795112
v 16.618439 3.110865 10.729901
v 16.574015 3.103898 10.709782
v 16.600582 3.116618 10.688597
v 16.573477 3.133615 10.661153
v 16.600853 3.136670 10.665308
v 16.624353 3.124487 10.695670
v 16.638523 3.139622 10.782832
v 16.638731 3.132553 10.773306
v 16.638865 3.123673 10.725005
v 16.637749 3.132390 10.701849
v 16.623840 3.142005 10.674667
v 16.649307 3.136196 10.727695
v 16.649357 3.135461 10.742476
v 16.649481 3.142153 10.765553
v 16.619947 3.129630 10.794844
v 16.633011 3.158319 10.805002
v 16.601437 3.143117 10.814967
v 16.574711 3.123817 10.802110
v 16.574903 3.154248 10.825974
v 16.601498 3.167082 10.824106
v 16.575037 4.450017 10.829458
v 16.616295 4.450017 10.818646
v 16.649656 3.157895 10.782046
v 16.649693 3.147801 10.773039
v 16.649769 3.171730 10.787322
v 16.650883 4.450017 10.788633
v 16.608433 3.137630 10.666663
v 16.573532 3.135383 10.662915
v 16.573410 3.160836 10.649109
v 16.608391 3.166865 10.653959
v 16.573484 4.450017 10.646818
v 16.608078 4.450017 10.654261
v 16.610153 6.196555 10.932409
v 16.624794 6.198114 10.966784
v 16.610289 6.175185 10.887296
v 16.588646 6.165063 10.882039
v 16.606182 6.162478 10.878072
v 16.636850 6.168919 10.883556
v 16.649479 6.185797 10.914617
v 16.662663 6.187817 10.942745
v 16.659456 6.185842 10.980345
v 16.643963 6.175469 11.012141
v 16.666660 6.172812 10.999440
v 16.681757 6.174190 10.971800
v 16.659750 6.159487 10.886034
v 16.670319 6.172726 10.910615
v 16.680088 6.174745 10.933728
v 16.691578 6.166283 10.960784
v 16.685860 6.165763 10.982170
v 16.687679 6.167316 10.983471
v 16.673407 6.155566 11.013395
v 16.691111 6.150653 10.994648
v 16.643818 6.174861 11.011752
v 16.653147 6.144414 11.033725
v 16.676998 6.131604 11.021796
v 16.655611 4.450017 11.038676
v 16.694197 6.129995 11.001853
v 16.694477 4.450017 11.002448
v 16.660805 6.160459 10.883980
v 16.623638 6.152181 10.869048
v 16.610500 6.173823 10.888227
v 16.606182 6.162478 10.878072
v 16.589375 6.163296 10.883644
v 16.583471 6.134902 10.869602
v 16.582569 4.450017 10.866826
v 16.627382 6.130855 10.862985
v 16.655394 6.146152 10.875674
v 16.652832 6.128622 10.869515
v 16.653030 4.450017 10.867653
v 16.610151 3.102121 10.932409
v 16.624792 3.100561 10.966780
v 16.638620 3.112314 10.999296
v 16.671263 3.136282 11.010059
v 16.648220 3.135383 11.022105
v 16.673344 3.117963 10.970786
v 16.662676 3.110863 10.942780
v 16.649508 3.112881 10.914634
v 16.618439 3.125061 10.885509
v 16.593594 3.123212 10.893629
v 16.685860 3.132911 10.982171
v 16.689518 3.142528 10.990777
v 16.695353 3.139184 10.969782
v 16.685001 3.125964 10.945161
v 16.677673 3.123817 10.927853
v 16.672791 3.124854 10.916367
v 16.665703 3.130108 10.899777
v 16.660610 3.138394 10.884705
v 16.684193 3.136196 10.914428
v 16.688026 3.135383 10.923451
v 16.673325 3.136742 11.008716
v 16.689699 3.142206 10.991458
v 16.648220 3.135383 11.022105
v 16.653622 3.160873 11.034826
v 16.676996 3.167073 11.021798
v 16.655611 4.450017 11.038676
v 16.694197 3.168685 11.001854
v 16.694477 4.450017 11.002448
v 16.660807 3.138216 10.883982
v 16.630711 3.145758 10.870773
v 16.655394 3.152526 10.875674
v 16.586826 3.142497 10.877378
v 16.593515 3.122990 10.893071
v 16.583281 3.168058 10.869016
v 16.582569 4.450017 10.866826
v 16.627380 3.167825 10.862985
v 16.652832 3.170057 10.869517
v 16.653030 4.450017 10.867654
v 16.753008 6.197974 11.144491
v 16.742903 6.191388 11.097328
v 16.709526 6.188687 11.101961
v 16.709251 6.174881 11.076695
v 16.702003 6.162479 11.069848
v 16.688614 6.163297 11.081440
v 16.778944 6.187819 11.107921
v 16.790417 6.185839 11.143900
v 16.784292 6.179351 11.175257
v 16.797428 6.164580 11.187804
v 16.816189 6.160069 11.158036
v 16.808765 6.170751 11.150759
v 16.815765 6.166389 11.135766
v 16.798069 6.179520 11.118366
v 16.787922 6.176905 11.087314
v 16.747581 6.173743 11.068694
v 16.739536 6.165763 11.060974
v 16.804661 6.171370 11.105676
v 16.784418 6.161602 11.070077
v 16.794991 6.163297 11.080389
v 16.775051 6.156150 11.060842
v 16.796040 6.163297 11.186769
v 16.805899 6.137824 11.196443
v 16.807846 6.162915 11.173668
v 16.817427 6.132257 11.183030
v 16.818039 4.450018 11.183622
v 16.806927 4.450018 11.197443
v 16.775211 6.156577 11.060161
v 16.769615 6.150877 11.055508
v 16.740797 6.153201 11.051105
v 16.747673 6.173657 11.068955
v 16.739481 6.165972 11.060575
v 16.701317 6.163360 11.068470
v 16.709885 6.173824 11.077575
v 16.688614 6.163297 11.081440
v 16.677774 6.134857 11.070726
v 16.712109 4.450017 11.046610
v 16.677723 4.450018 11.070768
v 16.715790 6.130838 11.047791
v 16.753149 6.134884 11.044792
v 16.778856 6.134591 11.052989
v 16.783360 6.141550 11.057281
v 16.776312 6.125087 11.050415
v 16.776503 4.450017 11.048858
v 16.726492 3.102125 11.118506
v 16.753155 3.100555 11.144616
v 16.790421 3.112844 11.143935
v 16.784290 3.119329 11.175257
v 16.797426 3.134099 11.187805
v 16.816189 3.138607 11.158037
v 16.808765 3.127925 11.150760
v 16.778973 3.110863 11.107947
v 16.756023 3.112881 11.087012
v 16.716173 3.125061 11.072026
v 16.696337 3.123214 11.089045
v 16.807730 3.124488 11.127452
v 16.815498 3.132912 11.135455
v 16.812580 3.132387 11.113515
v 16.796675 3.123672 11.096642
v 16.761812 3.132554 11.063218
v 16.754812 3.138394 11.055116
v 16.774857 3.142149 11.060850
v 16.791367 3.135463 11.076945
v 16.801994 3.136197 11.087258
v 16.796040 3.135384 11.186770
v 16.807846 3.135762 11.173669
v 16.805899 3.160859 11.196445
v 16.817429 3.166426 11.183032
v 16.818039 4.450018 11.183622
v 16.806927 4.450018 11.197443
v 16.761734 3.132911 11.063543
v 16.754938 3.138833 11.055063
v 16.769615 3.147801 11.055509
v 16.775051 3.142528 11.060843
v 16.776903 3.172380 11.048829
v 16.735022 3.158311 11.045341
v 16.705936 3.143109 11.061160
v 16.696051 3.122991 11.088558
v 16.679600 3.154241 11.072621
v 16.699408 3.167077 11.054763
v 16.712109 4.450017 11.046610
v 16.677723 4.450018 11.070768
v 16.778856 3.164082 11.052990
v 16.783360 3.157128 11.057281
v 16.776503 4.450017 11.048858
v 16.909071 6.196857 11.247365
v 16.963701 6.190794 11.269312
v 16.954624 6.190879 11.225971
v 16.912327 6.191389 11.219955
v 16.870481 6.179969 11.231769
v 16.855541 6.163522 11.225777
v 16.874317 6.160069 11.196096
v 16.883627 6.171377 11.199616
v 16.985624 6.175468 11.278171
v 16.994619 6.171613 11.244124
v 16.982183 6.179620 11.239355
v 16.941521 6.179288 11.196958
v 16.905724 6.174191 11.191568
v 16.895279 6.165764 11.187666
v 16.916767 6.165764 11.181527
v 16.927029 6.170751 11.185653
v 16.961323 6.173824 11.199434
v 16.982882 6.166286 11.208191
v 16.963039 6.162479 11.188001
v 16.949306 6.163218 11.182561
v 16.936096 6.160069 11.177169
v 16.909065 3.101822 11.247363
v 16.944281 3.104851 11.231359
v 16.968452 3.109969 11.271260
v 16.974079 3.112846 11.244781
v 16.991014 3.124830 11.261237
v 17.000927 3.136197 11.265280
v 16.995682 3.135384 11.282192
v 16.912331 3.107286 11.219967
v 16.873327 3.123796 11.213794
v 16.871456 3.119248 11.232268
v 16.864017 3.136197 11.210248
v 16.856087 3.135384 11.226089
v 16.905725 3.124488 11.191568
v 16.953667 3.117016 11.204303
v 16.983410 3.125022 11.223089
v 16.993984 3.132912 11.227342
v 16.982723 3.132912 11.208036
v 16.972458 3.127925 11.203912
v 16.927034 3.127542 11.185354
v 16.916767 3.132912 11.181528
v 16.895279 3.132912 11.187667
v 16.936096 3.138607 11.177170
v 16.949289 3.135463 11.182555
v 16.971823 3.138160 11.191620
v 16.644924 6.280294 11.066588
v 16.601639 6.314300 11.095898
v 16.810055 6.280294 11.229116
v 16.781349 6.314300 11.272774
v 17.024874 6.280294 11.315931
v 17.015139 6.314300 11.367256
v 17.251205 6.280333 11.314613
v 17.261457 6.314268 11.365868
v 17.464357 6.280294 11.226595
v 17.493416 6.314300 11.270032
v 17.628235 6.280294 11.062803
v 17.671764 6.314300 11.091768
v 17.716816 6.280293 10.848699
v 17.768150 6.314298 10.858768
v 17.716551 6.280293 10.616992
v 17.767876 6.314299 10.606624
v 17.627501 6.280293 10.403094
v 17.670954 6.314299 10.373833
v 17.463259 6.280294 10.239661
v 17.492214 6.314299 10.195981
v 17.248909 6.280293 10.151672
v 17.258949 6.314299 10.100224
v 17.017218 6.280293 10.152563
v 17.006800 6.314299 10.101192
v 16.803553 6.280294 10.242204
v 16.774277 6.314299 10.198747
v 16.640577 6.280294 10.406891
v 16.596907 6.314300 10.377976
v 16.553173 6.280294 10.621468
v 16.501795 6.314300 10.611503
v 16.554697 6.280294 10.853172
v 16.503454 6.314299 10.863648
v 17.493860 6.314290 11.269726
v 17.260897 6.314290 11.366197
v 17.493479 6.457799 11.269982
v 17.671953 6.457799 11.091550
v 17.671890 6.314290 11.091488
v 17.261263 6.457799 11.365940
v 17.014872 6.314290 11.367020
v 17.015215 6.457799 11.367263
v 16.781605 6.314290 11.272983
v 16.781639 6.457799 11.272900
v 16.601952 6.314290 11.096342
v 16.601688 6.457798 11.095957
v 16.781578 6.457799 11.272963
v 16.781639 6.314290 11.272900
v 16.503571 6.314289 10.864178
v 16.503477 6.457798 10.863723
v 16.501701 6.314289 10.612030
v 16.501789 6.457798 10.611579
v 16.596703 6.314289 10.378225
v 16.596783 6.457798 10.378259
v 17.006268 6.314289 10.101309
v 17.258411 6.314289 10.100127
v 17.006725 6.457798 10.101216
v 16.774218 6.457798 10.198797
v 16.773836 6.314289 10.199057
v 16.596722 6.457798 10.378199
v 16.596783 6.314289 10.378259
v 17.258871 6.457798 10.100217
v 17.491959 6.314289 10.195770
v 17.491924 6.457798 10.195853
v 17.768250 6.314289 10.858236
v 17.671972 6.314290 11.091522
v 17.768158 6.457798 10.858693
v 17.767853 6.457798 10.606549
v 17.767759 6.314289 10.606090
v 17.670904 6.457798 10.373774
v 17.670645 6.314289 10.373384
v 17.491987 6.457798 10.195789
v 17.491924 6.314289 10.195853
v 17.671890 6.457799 11.091488
v 16.575018 3.056135 10.849017
v 16.662189 3.056131 11.055209
v 16.583014 2.953875 11.108884
v 16.481260 2.953871 10.868182
v 16.573532 3.056144 10.625712
v 16.479549 2.953862 10.607508
v 17.244682 3.056131 10.171975
v 17.263008 2.953874 10.077818
v 17.451519 3.056144 10.256866
v 17.504448 2.953862 10.176947
v 17.029041 3.056115 11.295264
v 17.011276 2.953905 11.389177
v 17.265064 2.953863 11.388375
v 17.246449 3.056145 11.294646
v 17.506001 2.953873 11.288846
v 17.452837 3.056136 11.209369
v 17.690832 2.953876 11.104113
v 17.611172 3.056131 11.051113
v 16.821442 3.056136 11.211808
v 17.028990 3.056132 11.295675
v 17.011206 2.953875 11.389605
v 16.768921 2.953872 11.291687
v 16.662270 3.056144 11.055165
v 16.583134 2.953863 11.108821
v 17.696554 3.056131 10.844448
v 17.790508 2.953874 10.862856
v 17.611099 3.056144 11.051054
v 17.690727 2.953863 11.104023
v 17.244656 3.056144 10.172064
v 17.021341 3.056135 10.172935
v 17.002285 2.953872 10.078946
v 17.262966 2.953862 10.077950
v 16.761309 2.953875 10.180045
v 16.814917 3.056131 10.259546
v 17.696203 3.056135 10.621110
v 17.610268 3.056135 10.414688
v 17.689779 2.953872 10.361164
v 17.790100 2.953871 10.602140
v 17.696468 3.056144 10.844423
v 17.790379 2.953862 10.862815
v 17.504538 2.953874 10.176842
v 17.451576 3.056131 10.256795
v 16.814960 3.056144 10.259627
v 16.657888 3.056134 10.418362
v 16.577999 2.953871 10.365447
v 16.761372 2.953862 10.180165
v 16.479422 2.953874 10.607467
v 16.573444 3.056130 10.625687
v 16.577816 2.953862 10.365694
v 16.577881 2.660129 10.365758
v 16.761145 2.660129 10.180263
v 16.761545 2.953862 10.179993
v 17.001741 2.660129 10.079083
v 17.002211 2.953862 10.078988
v 17.262739 2.660129 10.077859
v 17.263214 2.953862 10.077950
v 17.504484 2.660129 10.176859
v 17.504448 2.953862 10.176947
v 17.690727 2.953863 11.104023
v 17.790379 2.953862 10.863056
v 17.690813 2.660129 11.104058
v 17.790476 2.660129 10.862577
v 17.790060 2.953862 10.602066
v 17.789963 2.660129 10.601588
v 17.689711 2.953862 10.361111
v 17.689444 2.660129 10.360708
v 17.504513 2.953862 10.176881
v 17.504448 2.660129 10.176947
v 16.479549 2.953862 10.607268
v 16.479458 2.660129 10.607739
v 16.577797 2.660129 10.365724
v 16.577881 2.953862 10.365758
v 16.481302 2.953862 10.868258
v 16.481400 2.660128 10.868731
v 16.582962 2.953863 11.108650
v 16.583231 2.660130 11.109048
v 16.769163 2.953863 11.291866
v 16.769226 2.660130 11.291801
v 17.265688 2.953863 11.388109
v 17.265310 2.660130 11.388375
v 17.010647 2.660130 11.389226
v 17.011002 2.953863 11.389477
v 16.769192 2.660130 11.291887
v 16.769226 2.953863 11.291801
v 17.506056 2.953863 11.288778
v 17.506458 2.660130 11.288511
v 17.690794 2.953863 11.104089
v 17.690727 2.660130 11.104023
v 23.990261 6.197979 11.294621
v 24.032770 6.193909 11.294671
v 24.022404 6.193146 11.266654
v 23.954655 6.186374 11.294607
v 23.948298 6.176029 11.266082
v 23.932669 6.161699 11.269015
v 23.929890 6.163297 11.294703
v 23.989031 6.187125 11.250250
v 24.048021 6.184330 11.266002
v 24.069502 6.175468 11.294681
v 24.066692 6.172821 11.268877
v 24.046890 6.173657 11.244404
v 24.019300 6.178649 11.235700
v 23.963053 6.174191 11.244153
v 23.942053 6.156672 11.244490
v 23.969347 6.166284 11.230802
v 23.992615 6.173824 11.230709
v 24.033745 6.157267 11.218103
v 24.024323 6.160069 11.219447
v 24.010048 6.163219 11.219533
v 23.995289 6.162479 11.219457
v 24.058289 6.165764 11.244398
v 24.033381 6.156578 11.218850
v 24.041639 6.151397 11.218307
v 24.046890 6.173657 11.244404
v 24.059538 6.166679 11.243398
v 24.076000 6.152912 11.251565
v 24.087074 6.156229 11.294549
v 24.069088 6.174862 11.294658
v 24.096188 6.130597 11.294537
v 24.087931 4.450018 11.253335
v 24.095585 4.450018 11.294655
v 24.084471 6.130867 11.251597
v 24.062172 6.132453 11.224824
v 24.047041 6.144547 11.219238
v 24.034302 6.137205 11.211117
v 24.039412 6.125108 11.211119
v 24.040367 4.450018 11.209873
v 24.094852 6.131880 11.294654
v 24.115789 6.242124 11.294638
v 24.095621 4.450018 11.297656
v 24.088696 6.150105 11.294654
v 24.080341 6.163297 11.294658
v 24.069088 6.174862 11.294658
v 24.055374 6.184353 11.294662
v 24.039738 6.191401 11.294667
v 24.022762 6.195742 11.294671
v 24.005112 6.197210 11.294681
v 23.900120 6.242795 11.296109
v 23.987465 6.195742 11.294684
v 23.970493 6.191401 11.294689
v 23.954853 6.184353 11.294693
v 23.941139 6.174862 11.294698
v 23.929890 6.163297 11.294703
v 23.921528 6.150105 11.294703
v 23.915375 6.131875 11.294700
v 23.914751 4.450018 11.297321
v 23.878963 6.131882 11.287604
v 23.879642 4.450018 11.287878
v 23.873253 6.150105 11.285309
v 23.865494 6.163297 11.282191
v 23.855057 6.174862 11.277996
v 23.842335 6.184353 11.272882
v 23.827820 6.191401 11.267051
v 23.812073 6.195742 11.260722
v 23.795696 6.197210 11.254139
v 23.691566 6.242235 11.211758
v 23.779320 6.195742 11.247557
v 23.763573 6.191401 11.241228
v 23.749062 6.184353 11.235396
v 23.736340 6.174862 11.230283
v 23.725899 6.163297 11.226088
v 23.718143 6.150105 11.222970
v 23.712433 6.131881 11.220675
v 23.691498 4.450018 11.211920
v 23.711754 4.450018 11.220403
v 23.680134 6.280302 11.229222
v 23.894693 6.280310 11.315913
v 24.121016 6.280281 11.314675
v 24.220211 6.197210 11.251813
v 24.322433 6.242127 11.209340
v 24.236507 6.195742 11.245045
v 24.252182 6.191401 11.238532
v 24.266628 6.184353 11.232534
v 24.279289 6.174862 11.227275
v 24.289680 6.163297 11.222960
v 24.297401 6.150105 11.219755
v 24.303085 6.131876 11.217394
v 24.304945 4.450018 11.219870
v 24.339094 6.131874 11.193336
v 24.338577 4.450018 11.193855
v 24.343437 6.150105 11.188976
v 24.349339 6.163297 11.183053
v 24.357288 6.174862 11.175085
v 24.366962 6.184353 11.165376
v 24.378006 6.191401 11.154298
v 24.389988 6.195742 11.142275
v 24.402447 6.197210 11.129778
v 24.480906 6.242535 11.051056
v 24.414902 6.195742 11.117275
v 24.426888 6.191401 11.105252
v 24.437927 6.184353 11.094174
v 24.447601 6.174862 11.084465
v 24.455547 6.163297 11.076497
v 24.461452 6.150105 11.070574
v 24.465796 6.131873 11.066216
v 24.480904 4.450017 11.051054
v 24.466312 4.450018 11.065698
v 24.498222 6.280313 11.062584
v 24.334164 6.280310 11.226576
v 23.933918 6.161043 11.259829
v 23.929890 6.163297 11.294703
v 23.916073 6.137804 11.294708
v 23.921225 6.131859 11.259768
v 23.913792 4.450018 11.294619
v 23.921520 4.450018 11.260081
v 23.987015 3.101817 11.294673
v 24.013676 3.104851 11.266682
v 24.051025 3.109984 11.294675
v 24.046326 3.112844 11.268007
v 24.067852 3.124855 11.277012
v 24.078888 3.136197 11.277007
v 24.080341 3.135384 11.294659
v 24.061831 3.129755 11.250934
v 23.979780 3.107286 11.268034
v 23.945339 3.118729 11.294602
v 23.929256 3.135150 11.294617
v 23.935604 3.138607 11.260077
v 23.945559 3.127298 11.259866
v 23.963053 3.124489 11.244153
v 23.992510 3.123801 11.230005
v 24.019327 3.120025 11.235710
v 24.050331 3.139623 11.230692
v 24.040808 3.132555 11.230411
v 23.969345 3.132389 11.230803
v 23.951904 3.132912 11.244431
v 23.995289 3.136197 11.219458
v 24.010067 3.135462 11.219534
v 24.033154 3.142150 11.219587
v 24.040634 3.132912 11.230698
v 24.033020 3.142529 11.219448
v 24.047150 3.153932 11.219618
v 24.051428 3.138833 11.229394
v 24.067099 3.149613 11.236780
v 24.080343 3.135315 11.276504
v 24.067852 3.124855 11.277012
v 24.080341 3.135384 11.294659
v 24.095581 3.163838 11.294591
v 24.098480 4.450018 11.294336
v 24.084471 3.167814 11.251599
v 24.034302 3.161472 11.211119
v 24.039412 3.173574 11.211120
v 24.062099 3.170310 11.224297
v 24.071440 4.450018 11.231545
v 24.039711 4.450018 11.211083
v 24.094852 3.166794 11.294656
v 24.095585 4.450018 11.294655
v 24.116261 4.450018 11.294646
v 24.116238 3.056145 11.294561
v 24.088696 3.148576 11.294655
v 24.080341 3.135384 11.294659
v 24.069088 3.123818 11.294659
v 24.055374 3.114328 11.294663
v 24.039738 3.107279 11.294668
v 24.022762 3.102934 11.294672
v 24.005112 3.101470 11.294682
v 23.898796 3.056146 11.295859
v 23.987465 3.102934 11.294685
v 23.970493 3.107279 11.294690
v 23.954853 3.114328 11.294694
v 23.941139 3.123818 11.294699
v 23.929890 3.135384 11.294703
v 23.921528 3.148576 11.294703
v 23.915375 3.166799 11.294702
v 23.898823 4.450018 11.295588
v 23.914642 4.450018 11.294707
v 23.878963 3.166792 11.287605
v 23.898823 4.450018 11.295588
v 23.879642 4.450018 11.287878
v 23.873253 3.148576 11.285310
v 23.865494 3.135384 11.282192
v 23.855057 3.123818 11.277997
v 23.842335 3.114328 11.272882
v 23.827820 3.107279 11.267052
v 23.812073 3.102934 11.260723
v 23.795696 3.101470 11.254140
v 23.691580 3.056146 11.211721
v 23.779320 3.102934 11.247558
v 23.763573 3.107279 11.241229
v 23.749062 3.114328 11.235397
v 23.736340 3.123818 11.230284
v 23.725899 3.135384 11.226089
v 23.718143 3.148576 11.222971
v 23.712435 3.166791 11.220675
v 23.691498 4.450018 11.211920
v 23.711754 4.450018 11.220403
v 24.220211 3.101470 11.251814
v 24.203911 3.102934 11.258586
v 24.188236 3.107279 11.265094
v 24.173790 3.114328 11.271097
v 24.161129 3.123818 11.276357
v 24.150742 3.135384 11.280671
v 24.143017 3.148576 11.283876
v 24.137335 3.166797 11.286238
v 24.116261 4.450018 11.294646
v 24.136658 4.450018 11.286519
v 24.322800 3.056145 11.209109
v 24.236507 3.102934 11.245046
v 24.252182 3.107279 11.238533
v 24.266628 3.114328 11.232535
v 24.279289 3.123818 11.227276
v 24.289680 3.135384 11.222961
v 24.297401 3.148576 11.219756
v 24.303083 3.166798 11.217394
v 24.322853 4.450018 11.209180
v 24.303761 4.450018 11.217113
v 24.339094 3.166800 11.193336
v 24.322853 4.450018 11.209180
v 24.338577 4.450018 11.193855
v 24.343437 3.148576 11.188977
v 24.349339 3.135384 11.183054
v 24.357288 3.123818 11.175086
v 24.366962 3.114328 11.165377
v 24.378006 3.107279 11.154299
v 24.389988 3.102934 11.142276
v 24.402447 3.101470 11.129779
v 24.480907 3.056144 11.051057
v 24.414902 3.102934 11.117276
v 24.426888 3.107279 11.105253
v 24.437927 3.114328 11.094175
v 24.447601 3.123818 11.084466
v 24.455547 3.135384 11.076498
v 24.461452 3.148576 11.070575
v 24.465796 3.166800 11.066217
v 24.480904 4.450017 11.051054
v 24.466312 4.450018 11.065698
v 23.933918 3.137632 11.259829
v 23.929890 3.135384 11.294703
v 23.916071 3.160879 11.294709
v 23.921225 3.166824 11.259768
v 23.913792 4.450018 11.294619
v 23.921520 4.450018 11.260081
v 24.203476 6.196859 11.258750
v 24.234091 6.198127 11.245962
v 24.193493 6.193147 11.232571
v 24.159447 6.178300 11.238585
v 24.165995 6.179401 11.274340
v 24.150127 6.163525 11.280832
v 24.142269 6.158617 11.238752
v 24.218006 6.187128 11.204620
v 24.242834 6.184526 11.203767
v 24.279907 6.175343 11.227030
v 24.256649 6.168884 11.191146
v 24.172371 6.172084 11.201384
v 24.146549 6.150878 11.213137
v 24.157827 6.162577 11.208509
v 24.207195 6.173824 11.187948
v 24.223841 6.168579 11.181071
v 24.237446 6.159058 11.175385
v 24.200409 6.162479 11.178586
v 24.186802 6.163219 11.184319
v 24.173592 6.160069 11.189725
v 24.251368 6.167317 11.183187
v 24.281158 6.155576 11.197688
v 24.258690 6.156151 11.181404
v 24.279289 6.174862 11.227275
v 24.301325 6.144461 11.218139
v 24.289602 6.131594 11.194180
v 24.304514 4.450018 11.216702
v 24.256594 4.450018 11.164846
v 24.254814 6.130257 11.167140
v 24.250252 6.141551 11.170063
v 24.244793 6.150878 11.172332
v 24.141235 6.161374 11.248716
v 24.146549 6.150878 11.213137
v 24.141087 6.141551 11.215405
v 24.135798 6.130249 11.216574
v 24.149643 6.163948 11.280984
v 24.137978 6.137798 11.285975
v 24.130404 6.131628 11.260292
v 24.135839 4.450018 11.286762
v 24.132915 4.450018 11.216218
v 24.137335 6.131876 11.286237
v 24.136658 4.450018 11.286519
v 24.143017 6.150105 11.283875
v 24.150742 6.163297 11.280670
v 24.161129 6.174862 11.276356
v 24.173790 6.184353 11.271096
v 24.188236 6.191401 11.265093
v 24.203911 6.195742 11.258585
v 24.203482 3.101818 11.258747
v 24.234083 3.100550 11.245966
v 24.266754 3.112291 11.232389
v 24.261686 3.122643 11.203596
v 24.277220 3.136983 11.200260
v 24.289680 3.135384 11.222961
v 24.218008 3.111557 11.204609
v 24.189119 3.111771 11.216045
v 24.177485 3.109722 11.242255
v 24.160757 3.123213 11.276537
v 24.153458 3.125845 11.251707
v 24.223730 3.129200 11.180458
v 24.250053 3.132912 11.184994
v 24.258690 3.142529 11.181405
v 24.237446 3.139623 11.175385
v 24.201548 3.123933 11.190380
v 24.178320 3.125965 11.199969
v 24.162846 3.132912 11.206370
v 24.152382 3.138395 11.209450
v 24.260250 3.141323 11.179417
v 24.265110 3.153497 11.178741
v 24.290274 3.158641 11.197250
v 24.289680 3.135384 11.222961
v 24.302435 3.160835 11.217670
v 24.304514 4.450018 11.216703
v 24.256594 4.450018 11.164846
v 24.276983 3.167818 11.181599
v 24.254238 3.170016 11.168461
v 24.250252 3.157129 11.170064
v 24.151665 3.138216 11.209247
v 24.138212 3.145753 11.239210
v 24.143316 3.152520 11.214582
v 24.144461 3.142482 11.283163
v 24.160194 3.122992 11.276610
v 24.136061 3.168066 11.286640
v 24.135839 4.450018 11.286762
v 24.132915 4.450018 11.216218
v 24.130392 3.167812 11.242517
v 24.137138 3.170021 11.217100
v 24.389652 6.196860 11.142594
v 24.422424 6.194769 11.109607
v 24.376562 6.193825 11.116075
v 24.354477 6.185842 11.140128
v 24.360950 6.179342 11.171415
v 24.347967 6.164577 11.184100
v 24.328861 6.160069 11.154557
v 24.336201 6.170751 11.147196
v 24.388241 6.185800 11.082840
v 24.444553 6.179971 11.087388
v 24.455931 6.163526 11.075990
v 24.426983 6.160068 11.056110
v 24.419806 6.171376 11.063012
v 24.396351 6.173657 11.064694
v 24.345583 6.177438 11.102089
v 24.326927 6.163251 11.125440
v 24.365948 6.173824 11.075776
v 24.382429 6.166286 11.059356
v 24.356087 6.162479 11.069729
v 24.345716 6.163218 11.080241
v 24.332291 6.158356 11.093672
v 24.324078 6.150878 11.101845
v 24.404392 6.165763 11.056620
v 24.427998 6.161042 11.054743
v 24.455547 6.163297 11.076497
v 24.465300 6.137854 11.066720
v 24.436918 6.131822 11.045699
v 24.466850 4.450017 11.065032
v 24.436932 4.450017 11.046133
v 24.335176 6.171505 11.147406
v 24.313623 6.140364 11.136356
v 24.328461 6.160244 11.154697
v 24.323349 6.138256 11.171358
v 24.349339 6.163297 11.183053
v 24.339594 6.137823 11.192842
v 24.314711 4.450018 11.159280
v 24.338577 4.450018 11.193855
v 24.323397 6.142467 11.087194
v 24.315079 6.134943 11.110308
v 24.321636 6.134588 11.092585
v 24.317484 4.450018 11.094903
v 24.319042 6.125094 11.095106
v 24.389656 3.101818 11.142592
v 24.376568 3.104851 11.116081
v 24.422419 3.103906 11.109614
v 24.444553 3.118710 11.087390
v 24.455933 3.135153 11.075990
v 24.426983 3.138606 11.056111
v 24.419804 3.127298 11.063013
v 24.388206 3.112880 11.082847
v 24.354473 3.112841 11.140163
v 24.357010 3.123212 11.175394
v 24.340740 3.125846 11.155250
v 24.336971 3.124488 11.123877
v 24.355911 3.119396 11.093041
v 24.396351 3.125022 11.064695
v 24.404392 3.132911 11.056621
v 24.382429 3.132386 11.059357
v 24.365948 3.124855 11.075777
v 24.327990 3.141410 11.096018
v 24.329296 3.132912 11.131968
v 24.335587 3.138607 11.090298
v 24.345699 3.135463 11.080260
v 24.356087 3.136197 11.069730
v 24.427998 3.137632 11.054744
v 24.455547 3.135384 11.076498
v 24.465302 3.160833 11.066720
v 24.436920 3.166858 11.045700
v 24.466850 4.450017 11.065033
v 24.436932 4.450017 11.046133
v 24.328777 3.142100 11.096287
v 24.322861 3.147141 11.101656
v 24.337345 3.125022 11.123895
v 24.327705 3.131996 11.132149
v 24.321880 3.145761 11.149588
v 24.344477 3.142523 11.187780
v 24.357288 3.123818 11.175086
v 24.338072 3.168074 11.194198
v 24.314711 4.450018 11.159280
v 24.338577 4.450018 11.193855
v 24.315920 3.167820 11.155601
v 24.313227 3.163789 11.118230
v 24.321636 3.164089 11.092587
v 24.325962 3.157129 11.088112
v 24.319042 3.173583 11.095107
v 24.317484 4.450018 11.094903
v 24.532368 6.196568 10.926699
v 24.518171 6.198124 10.961112
v 24.504707 6.186376 10.993834
v 24.494493 6.164579 11.018269
v 24.465519 6.160068 10.998301
v 24.469288 6.170753 10.988920
v 24.469654 6.180721 10.965730
v 24.480000 6.187813 10.937565
v 24.492870 6.185799 10.909298
v 24.531771 6.174879 10.881406
v 24.546309 6.179433 10.892958
v 24.535732 6.162478 10.872259
v 24.552608 6.163296 10.877641
v 24.493404 6.173656 10.889431
v 24.447609 6.159057 10.964694
v 24.451298 6.165763 10.955728
v 24.460115 6.173663 10.927642
v 24.474136 6.170750 10.900222
v 24.478348 6.165763 10.889994
v 24.461735 6.160068 10.900794
v 24.458149 6.162478 10.909514
v 24.454414 6.163296 10.918582
v 24.448835 6.161602 10.932245
v 24.443790 6.156150 10.944404
v 24.449257 6.149541 10.909154
v 24.446682 6.150104 10.915398
v 24.497738 6.165763 10.878890
v 24.558128 6.131868 10.864216
v 24.566084 6.242110 10.844850
v 24.561197 4.450017 10.864649
v 24.555786 6.150104 10.869906
v 24.552608 6.163296 10.877641
v 24.548325 6.174861 10.888046
v 24.543110 6.184352 10.900723
v 24.537155 6.191401 10.915188
v 24.530701 6.195741 10.930882
v 24.523983 6.197209 10.947206
v 24.480743 6.242228 11.050984
v 24.517265 6.195741 10.963525
v 24.510807 6.191401 10.979224
v 24.504860 6.184352 10.993687
v 24.499641 6.174861 11.006366
v 24.495361 6.163296 11.016769
v 24.492176 6.150104 11.024501
v 24.489834 6.131896 11.030190
v 24.480904 4.450017 11.051054
v 24.489555 4.450017 11.030869
v 24.498158 6.280301 11.062526
v 24.586601 6.280309 10.848691
v 24.566254 6.197209 10.731991
v 24.565908 6.242126 10.621313
v 24.566200 6.195741 10.714344
v 24.566147 6.191401 10.697369
v 24.566101 6.184352 10.681727
v 24.566059 6.174861 10.668019
v 24.566025 6.163296 10.656767
v 24.566002 6.150104 10.648407
v 24.565983 6.131887 10.642254
v 24.568981 4.450017 10.641478
v 24.557453 6.131865 10.599795
v 24.557735 4.450017 10.600471
v 24.555077 6.150104 10.594115
v 24.551846 6.163296 10.586407
v 24.547501 6.174861 10.576024
v 24.542206 6.184352 10.563381
v 24.536171 6.191401 10.548953
v 24.529617 6.195741 10.533298
v 24.522800 6.197209 10.517014
v 24.480051 6.242135 10.414904
v 24.515987 6.195741 10.500734
v 24.509438 6.191401 10.485079
v 24.503395 6.184352 10.470651
v 24.498100 6.174861 10.458003
v 24.493759 6.163296 10.447625
v 24.490528 6.150104 10.439912
v 24.488155 6.131881 10.434234
v 24.490627 4.450017 10.432365
v 24.463999 6.131886 10.398288
v 24.464520 4.450017 10.398805
v 24.459625 6.150104 10.393953
v 24.453690 6.163296 10.388069
v 24.445698 6.174861 10.380150
v 24.435963 6.184352 10.370497
v 24.424854 6.191401 10.359486
v 24.412800 6.195741 10.347538
v 24.400265 6.197209 10.335110
v 24.321329 6.242535 10.256865
v 24.387730 6.195741 10.322687
v 24.375679 6.191401 10.310739
v 24.364571 6.184352 10.299727
v 24.354832 6.174861 10.290075
v 24.346844 6.163296 10.282155
v 24.340904 6.150104 10.276272
v 24.336531 6.131886 10.271936
v 24.321327 4.450017 10.256866
v 24.336010 4.450017 10.271421
v 24.332857 6.280313 10.239487
v 24.497292 6.280309 10.403099
v 24.586342 6.280309 10.616994
v 24.495361 6.163296 11.016769
v 24.478745 6.163902 11.010932
v 24.488594 6.121270 11.033364
v 24.473896 6.120899 11.022548
v 24.532368 3.102109 10.926697
v 24.518175 3.100550 10.961105
v 24.531773 3.123795 10.881406
v 24.546310 3.119252 10.892953
v 24.535732 3.136196 10.872260
v 24.552608 3.135383 10.877642
v 24.492840 3.112880 10.909316
v 24.479986 3.110867 10.937601
v 24.483658 3.112839 10.975183
v 24.494732 3.133615 11.018417
v 24.483608 3.124829 10.998799
v 24.479588 3.136196 11.008719
v 24.461246 3.124487 10.966853
v 24.493404 3.125021 10.889432
v 24.497738 3.132911 10.878891
v 24.478348 3.132911 10.889995
v 24.473480 3.126791 10.899624
v 24.460072 3.124854 10.934405
v 24.451298 3.132388 10.955951
v 24.457260 3.132911 10.977268
v 24.450687 3.136196 10.927650
v 24.456396 3.135463 10.913975
v 24.461735 3.138606 10.900795
v 24.558128 3.166804 10.864217
v 24.558407 4.450017 10.863539
v 24.566273 4.450017 10.844423
v 24.566183 3.056144 10.844412
v 24.555786 3.148575 10.869907
v 24.552608 3.135383 10.877642
v 24.548325 3.123817 10.888047
v 24.543110 3.114327 10.900724
v 24.537155 3.107278 10.915189
v 24.530701 3.102933 10.930883
v 24.523983 3.101469 10.947206
v 24.480705 3.056145 11.050971
v 24.517265 3.102933 10.963526
v 24.510807 3.107278 10.979225
v 24.504860 3.114327 10.993688
v 24.499641 3.123817 11.006367
v 24.495361 3.135383 11.016770
v 24.492176 3.148575 11.024502
v 24.489834 3.166778 11.030192
v 24.480904 4.450017 11.051054
v 24.489555 4.450017 11.030869
v 24.566254 3.101469 10.731992
v 24.566311 3.102933 10.749644
v 24.566357 3.107278 10.766614
v 24.566406 3.114327 10.782256
v 24.566448 3.123817 10.795967
v 24.566483 3.135383 10.807216
v 24.566505 3.148575 10.815576
v 24.566523 3.166789 10.821730
v 24.566273 4.450017 10.844423
v 24.566525 4.450017 10.822462
v 24.565840 3.056144 10.620871
v 24.566200 3.102933 10.714345
v 24.566147 3.107278 10.697370
v 24.566101 3.114327 10.681728
v 24.566059 3.123817 10.668020
v 24.566025 3.135383 10.656768
v 24.566002 3.148575 10.648408
v 24.565983 3.166789 10.642254
v 24.565918 4.450017 10.620849
v 24.565979 4.450017 10.641521
v 24.557451 3.166806 10.599795
v 24.565918 4.450017 10.620849
v 24.557735 4.450017 10.600471
v 24.555077 3.148575 10.594116
v 24.551846 3.135383 10.586408
v 24.547501 3.123817 10.576025
v 24.542206 3.114327 10.563382
v 24.536171 3.107278 10.548954
v 24.529617 3.102933 10.533298
v 24.522800 3.101469 10.517015
v 24.479818 3.056144 10.414539
v 24.515987 3.102933 10.500735
v 24.509438 3.107278 10.485080
v 24.503395 3.114327 10.470652
v 24.498100 3.123817 10.458004
v 24.493759 3.135383 10.447626
v 24.490528 3.148575 10.439913
v 24.488155 3.166791 10.434235
v 24.479889 4.450017 10.414486
v 24.487873 4.450017 10.433558
v 24.463999 3.166786 10.398289
v 24.479889 4.450017 10.414486
v 24.464520 4.450017 10.398805
v 24.459625 3.148575 10.393954
v 24.453690 3.135383 10.388070
v 24.445698 3.123817 10.380151
v 24.435963 3.114327 10.370498
v 24.424854 3.107278 10.359487
v 24.412800 3.102933 10.347539
v 24.400265 3.101469 10.335111
v 24.321329 3.056144 10.256866
v 24.387730 3.102933 10.322688
v 24.375679 3.107278 10.310740
v 24.364571 3.114327 10.299728
v 24.354832 3.123817 10.290076
v 24.346844 3.135383 10.282156
v 24.340904 3.148575 10.276273
v 24.336531 3.166785 10.271937
v 24.321327 4.450017 10.256866
v 24.336010 4.450017 10.271421
v 24.566296 6.196861 10.750097
v 24.566128 6.198125 10.716925
v 24.538294 6.193147 10.749374
v 24.566341 6.179958 10.791759
v 24.539169 6.162002 10.804676
v 24.566483 6.163296 10.807215
v 24.522869 6.183451 10.763703
v 24.530563 6.185609 10.695388
v 24.566065 6.165063 10.655005
v 24.548359 6.173844 10.668975
v 24.548382 6.162478 10.658267
v 24.507351 6.179292 10.725353
v 24.515863 6.166247 10.785682
v 24.516178 6.156150 10.794691
v 24.502550 6.159492 10.777689
v 24.502077 6.171135 10.756774
v 24.489906 6.157703 10.705031
v 24.509575 6.163261 10.681911
v 24.490925 6.150877 10.696678
v 24.491022 6.161603 10.717468
v 24.491119 6.163217 10.737201
v 24.491085 6.160068 10.751454
v 24.548058 6.174626 10.668377
v 24.547874 6.163360 10.656814
v 24.508171 6.149077 10.670183
v 24.488840 6.152073 10.695196
v 24.490696 6.144547 10.690266
v 24.566025 6.163296 10.656767
v 24.565916 6.134903 10.641538
v 24.533056 4.450017 10.646655
v 24.565979 4.450017 10.641521
v 24.522968 6.130845 10.652743
v 24.495716 6.128382 10.675200
v 24.482603 6.125109 10.697924
v 24.482615 6.137204 10.703032
v 24.479208 4.450017 10.695788
v 24.531595 6.161042 10.803281
v 24.566483 6.163296 10.807215
v 24.566463 6.134868 10.822452
v 24.566439 4.450017 10.823314
v 24.531887 4.450017 10.815681
v 24.531887 6.120899 10.815681
v 24.531883 6.134655 10.814075
v 24.516216 6.120899 10.807369
v 24.516212 6.133279 10.805922
v 24.566523 6.131885 10.821729
v 24.566525 4.450017 10.822462
v 24.566505 6.150104 10.815575
v 24.566483 6.163296 10.807215
v 24.566448 6.174861 10.795966
v 24.566406 6.184352 10.782255
v 24.566357 6.191401 10.766613
v 24.566311 6.195741 10.749643
v 24.566296 3.101816 10.750098
v 24.566128 3.100550 10.716932
v 24.530573 3.113067 10.695377
v 24.566069 3.123339 10.667356
v 24.524059 3.129781 10.675186
v 24.538298 3.105530 10.749381
v 24.566341 3.118720 10.791759
v 24.566399 3.135149 10.807850
v 24.531841 3.138606 10.801596
v 24.531811 3.127924 10.791201
v 24.515266 3.123331 10.774693
v 24.501408 3.122522 10.732064
v 24.502144 3.139622 10.686953
v 24.502174 3.132911 10.696644
v 24.502363 3.125971 10.751019
v 24.502388 3.132911 10.767726
v 24.516151 3.132911 10.785334
v 24.491022 3.137070 10.717465
v 24.491028 3.135383 10.732221
v 24.490944 3.142528 10.704296
v 24.502174 3.132911 10.696644
v 24.490944 3.142528 10.704296
v 24.491079 3.153930 10.690160
v 24.500845 3.138835 10.685858
v 24.508173 3.149604 10.670182
v 24.539412 3.143104 10.655023
v 24.565933 3.122990 10.667065
v 24.566015 3.142720 10.651201
v 24.565859 3.168084 10.640921
v 24.533054 4.450017 10.646655
v 24.565979 4.450017 10.641521
v 24.522968 3.167835 10.652743
v 24.482616 3.161471 10.703032
v 24.482603 3.173570 10.697925
v 24.495716 3.170298 10.675200
v 24.479208 4.450017 10.695789
v 24.531595 3.137631 10.803281
v 24.566483 3.135383 10.807216
v 24.566526 3.160867 10.821033
v 24.531576 3.166818 10.815976
v 24.566439 4.450017 10.823315
v 24.531887 4.450017 10.815681
v 24.514172 6.196551 10.496524
v 24.492075 6.191660 10.538881
v 24.538513 6.190793 10.554610
v 24.547766 6.175344 10.576636
v 24.506069 6.168905 10.585756
v 24.497559 6.180720 10.568568
v 24.473991 6.185798 10.512274
v 24.499632 6.179950 10.461909
v 24.493437 6.163524 10.447078
v 24.458216 6.158611 10.471465
v 24.463305 6.173338 10.486701
v 24.481258 6.159057 10.583443
v 24.477516 6.165763 10.574498
v 24.463856 6.173661 10.548430
v 24.454338 6.170750 10.519133
v 24.448009 6.162585 10.503890
v 24.443256 6.150877 10.492646
v 24.445984 6.160068 10.528315
v 24.451563 6.163216 10.541439
v 24.459143 6.161604 10.559655
v 24.464195 6.156150 10.571819
v 24.464525 6.161376 10.463632
v 24.438032 6.130257 10.482642
v 24.440971 6.141550 10.487194
v 24.443256 6.150877 10.492646
v 24.493200 6.163946 10.446630
v 24.488424 6.137779 10.434871
v 24.464983 6.131601 10.447776
v 24.486464 4.450017 10.431012
v 24.437878 4.450017 10.482053
v 24.480421 6.160460 10.585678
v 24.510406 6.152919 10.599045
v 24.547756 6.175689 10.576955
v 24.554367 6.156160 10.592700
v 24.557859 6.130555 10.601074
v 24.516663 4.450017 10.609378
v 24.557735 4.450017 10.600471
v 24.513720 6.130852 10.606856
v 24.485781 6.146150 10.594020
v 24.487951 6.131448 10.599812
v 24.472593 6.129170 10.591785
v 24.472816 4.450017 10.592423
v 24.528502 3.100706 10.530795
v 24.511772 3.103901 10.490884
v 24.474844 3.125054 10.469718
v 24.497961 3.123213 10.457615
v 24.473982 3.112880 10.512307
v 24.484940 3.110868 10.541402
v 24.505514 3.114590 10.567544
v 24.547766 3.123339 10.576634
v 24.506079 3.129765 10.585756
v 24.444798 3.138393 10.499378
v 24.450066 3.132911 10.508932
v 24.456566 3.125961 10.524381
v 24.466316 3.123933 10.547549
v 24.475607 3.130110 10.569855
v 24.481258 3.139622 10.583444
v 24.454092 3.131358 10.486044
v 24.449724 3.153302 10.471938
v 24.468521 3.143105 10.456201
v 24.498100 3.123817 10.458004
v 24.491631 3.142639 10.442533
v 24.487530 3.168092 10.433047
v 24.486464 4.450017 10.431012
v 24.452433 3.167822 10.460430
v 24.437878 4.450017 10.482054
v 24.439352 3.170016 10.483213
v 24.440971 3.157128 10.487195
v 24.480419 3.138216 10.585678
v 24.510420 3.145756 10.599047
v 24.485781 3.152529 10.594021
v 24.554365 3.142514 10.592698
v 24.547756 3.122990 10.576956
v 24.557859 3.168117 10.601075
v 24.516665 4.450017 10.609378
v 24.557735 4.450017 10.600471
v 24.513720 3.167829 10.606858
v 24.488014 3.167252 10.599591
v 24.488491 3.177774 10.600726
v 24.472816 4.450017 10.592423
v 24.472816 3.177774 10.592423
v 24.410774 6.197978 10.345618
v 24.380056 6.194773 10.315202
v 24.410744 6.185838 10.383058
v 24.446009 6.175468 10.380424
v 24.425789 6.172809 10.396826
v 24.374613 6.187816 10.372108
v 24.353374 6.185802 10.349447
v 24.342117 6.177787 10.314990
v 24.345621 6.165065 10.280882
v 24.330734 6.161697 10.302366
v 24.326653 6.166247 10.333325
v 24.394541 6.174190 10.400605
v 24.402657 6.165763 10.408254
v 24.350056 6.164467 10.392928
v 24.337841 6.170750 10.363312
v 24.323009 6.159489 10.348416
v 24.320461 6.156150 10.326777
v 24.333651 6.160513 10.374886
v 24.367264 6.156967 10.408976
v 24.325161 6.161043 10.309764
v 24.346844 6.163296 10.282155
v 24.337027 6.137777 10.272420
v 24.316101 6.131845 10.300873
v 24.335342 4.450017 10.270886
v 24.316532 4.450017 10.300859
v 24.372236 6.161325 10.408800
v 24.355083 6.145183 10.408016
v 24.360611 6.139390 10.413402
v 24.394558 6.173656 10.400232
v 24.402842 6.166678 10.409845
v 24.420261 6.152934 10.415621
v 24.458412 6.156198 10.392900
v 24.445698 6.174861 10.380150
v 24.464865 6.130581 10.399311
v 24.430002 4.450017 10.422774
v 24.464520 4.450017 10.398805
v 24.426336 6.130848 10.421569
v 24.390711 6.132687 10.424790
v 24.365852 6.126786 10.418396
v 24.350176 6.123799 10.410390
v 24.348591 4.450017 10.413963
v 24.413124 3.101819 10.347879
v 24.386639 3.104850 10.361029
v 24.380062 3.103901 10.315207
v 24.357754 3.118721 10.293106
v 24.346334 3.135150 10.281772
v 24.326534 3.138606 10.310775
v 24.333458 3.127297 10.317933
v 24.353378 3.112877 10.349483
v 24.410778 3.112842 10.383060
v 24.454971 3.133615 10.389280
v 24.432598 3.124830 10.392089
v 24.440235 3.136196 10.399588
v 24.394541 3.124487 10.400607
v 24.363663 3.119390 10.381741
v 24.335197 3.125021 10.341391
v 24.327103 3.132911 10.333365
v 24.329899 3.132387 10.355319
v 24.346363 3.124854 10.371760
v 24.366711 3.141410 10.409664
v 24.402657 3.132911 10.408255
v 24.360966 3.138606 10.402081
v 24.350899 3.135461 10.391987
v 24.340343 3.136196 10.381633
v 24.325161 3.137630 10.309766
v 24.346844 3.135383 10.282156
v 24.337027 3.160903 10.272420
v 24.316101 3.166835 10.300874
v 24.335342 4.450017 10.270885
v 24.316532 4.450017 10.300859
v 24.372232 3.137356 10.408801
v 24.360615 3.159292 10.413406
v 24.355083 3.153496 10.408017
v 24.394558 3.125021 10.400233
v 24.402710 3.132701 10.408655
v 24.427496 3.146483 10.414536
v 24.432400 3.124854 10.391817
v 24.440235 3.136196 10.399588
v 24.453690 3.135383 10.388070
v 24.464468 3.163822 10.398845
v 24.430002 4.450017 10.422774
v 24.464520 4.450017 10.398805
v 24.426334 3.167832 10.421570
v 24.390709 3.165991 10.424791
v 24.365110 3.169328 10.417804
v 24.348591 4.450017 10.413963
v 24.366013 3.177774 10.418848
v 24.350334 3.177774 10.410560
v 24.203608 6.197980 10.208527
v 24.243612 6.194768 10.224884
v 24.246267 6.184326 10.256833
v 24.288656 6.165066 10.243134
v 24.269062 6.173844 10.254304
v 24.278999 6.162478 10.258303
v 24.207859 6.187814 10.258084
v 24.179543 6.185798 10.245292
v 24.170614 6.186373 10.195081
v 24.146044 6.164577 10.185210
v 24.139935 6.160068 10.219860
v 24.148499 6.171680 10.223814
v 24.237179 6.174190 10.276758
v 24.247608 6.165763 10.280713
v 24.226309 6.166286 10.286739
v 24.204515 6.175007 10.278822
v 24.160009 6.166121 10.260069
v 24.151302 6.159057 10.256201
v 24.163010 6.156523 10.272977
v 24.184374 6.163218 10.281775
v 24.198009 6.162478 10.287424
v 24.179560 6.163034 10.279990
v 24.173273 6.148079 10.286741
v 24.179516 6.149541 10.288906
v 24.162502 6.156559 10.273796
v 24.160278 6.165763 10.259869
v 24.150923 6.159235 10.256390
v 24.149555 6.170750 10.223787
v 24.139509 6.160242 10.219887
v 24.128319 6.138245 10.206508
v 24.147720 6.163296 10.185642
v 24.134933 6.137820 10.180413
v 24.130804 4.450017 10.179079
v 24.132973 6.140366 10.242547
v 24.149162 6.131016 10.273436
v 24.168159 6.125692 10.289591
v 24.173370 6.132419 10.291933
v 24.177570 6.134655 10.293673
v 24.134739 4.450017 10.255816
v 24.167480 4.450017 10.289553
v 24.134281 6.131885 10.180154
v 24.114893 6.242131 10.172248
v 24.134703 4.450017 10.177086
v 24.139980 6.150104 10.182481
v 24.147720 6.163296 10.185642
v 24.158138 6.174861 10.189895
v 24.170826 6.184352 10.195075
v 24.185310 6.191401 10.200991
v 24.201019 6.195741 10.207401
v 24.217361 6.197209 10.214072
v 24.321259 6.242235 10.257025
v 24.233704 6.195741 10.220748
v 24.249416 6.191401 10.227160
v 24.263897 6.184352 10.233074
v 24.276588 6.174861 10.238255
v 24.287006 6.163296 10.242507
v 24.294746 6.150104 10.245669
v 24.300442 6.131898 10.247995
v 24.321327 4.450017 10.256866
v 24.301121 4.450017 10.248273
v 24.332798 6.280301 10.239552
v 24.118710 6.280309 10.151690
v 24.002033 6.197209 10.172393
v 23.891352 6.242125 10.173041
v 23.984386 6.195741 10.172494
v 23.967415 6.191401 10.172590
v 23.951775 6.184352 10.172683
v 23.938061 6.174861 10.172758
v 23.926811 6.163296 10.172824
v 23.918453 6.150104 10.172873
v 23.912300 6.131893 10.172908
v 23.911514 4.450017 10.169911
v 23.869865 6.131860 10.181558
v 23.870541 4.450017 10.181273
v 23.864193 6.150104 10.183945
v 23.856487 6.163296 10.187195
v 23.846119 6.174861 10.191571
v 23.833488 6.184352 10.196897
v 23.819080 6.191401 10.202973
v 23.803440 6.195741 10.209570
v 23.787178 6.197209 10.216430
v 23.685198 6.242120 10.259461
v 23.770912 6.195741 10.223290
v 23.755276 6.191401 10.229886
v 23.740864 6.184352 10.235963
v 23.728233 6.174861 10.241294
v 23.717865 6.163296 10.245665
v 23.710159 6.150104 10.248915
v 23.704491 6.131863 10.251305
v 23.702616 4.450017 10.248841
v 23.668615 6.131864 10.275558
v 23.669128 4.450017 10.275036
v 23.664291 6.150104 10.279943
v 23.658421 6.163296 10.285897
v 23.650520 6.174861 10.293905
v 23.640900 6.184352 10.303672
v 23.629913 6.191401 10.314811
v 23.618000 6.195741 10.326896
v 23.605610 6.197209 10.339464
v 23.527582 6.242533 10.418617
v 23.593216 6.195741 10.352032
v 23.581303 6.191401 10.364120
v 23.570324 6.184352 10.375259
v 23.560696 6.174861 10.385022
v 23.552799 6.163296 10.393035
v 23.546928 6.150104 10.398989
v 23.542610 6.131870 10.403371
v 23.527580 4.450017 10.418616
v 23.542095 4.450017 10.403893
v 23.510210 6.280313 10.407105
v 23.673368 6.280309 10.242223
v 23.887026 6.280309 10.152583
v 24.297365 6.151073 10.246756
v 24.288696 6.150313 10.262224
v 24.292843 4.450017 10.263954
v 24.301121 4.450017 10.248273
v 24.200632 3.101810 10.207259
v 24.198845 3.104852 10.236762
v 24.169130 3.112840 10.223163
v 24.146107 3.133615 10.184935
v 24.152277 3.124829 10.206623
v 24.142384 3.136196 10.202530
v 24.230736 3.107287 10.248330
v 24.242970 3.104768 10.224526
v 24.272667 3.118729 10.236758
v 24.287560 3.135150 10.242826
v 24.268620 3.138606 10.272398
v 24.259323 3.127297 10.268832
v 24.237181 3.124487 10.276760
v 24.215792 3.126077 10.283950
v 24.169971 3.126884 10.264607
v 24.159672 3.125021 10.244812
v 24.149117 3.132911 10.240502
v 24.160278 3.132911 10.259870
v 24.226086 3.132911 10.286738
v 24.247608 3.132911 10.280714
v 24.206835 3.138156 10.290945
v 24.184353 3.135461 10.281768
v 24.171124 3.138606 10.276447
v 24.180037 3.162702 10.296091
v 24.176058 3.164609 10.293037
v 24.179852 3.136196 10.280014
v 24.170626 3.138151 10.277098
v 24.170513 3.127924 10.264048
v 24.160278 3.132911 10.259870
v 24.140558 3.145473 10.245571
v 24.159672 3.125021 10.244812
v 24.148729 3.132701 10.240610
v 24.140848 3.135316 10.202447
v 24.152603 3.124854 10.206699
v 24.147720 3.135383 10.185643
v 24.133591 3.163796 10.179939
v 24.130804 4.450017 10.179079
v 24.127604 3.167830 10.223942
v 24.139662 3.163797 10.259419
v 24.157398 3.162875 10.280426
v 24.171120 3.168331 10.291007
v 24.167826 3.174288 10.289615
v 24.134739 4.450017 10.255816
v 24.167480 4.450017 10.289553
v 24.134281 3.166785 10.180155
v 24.133602 4.450017 10.179878
v 24.114464 4.450017 10.172064
v 24.114452 3.056144 10.172152
v 24.139980 3.148575 10.182482
v 24.147720 3.135383 10.185643
v 24.158138 3.123817 10.189896
v 24.170826 3.114327 10.195076
v 24.185310 3.107278 10.200992
v 24.201019 3.102933 10.207402
v 24.217361 3.101469 10.214073
v 24.321255 3.056144 10.257040
v 24.233704 3.102933 10.220749
v 24.249416 3.107278 10.227160
v 24.263897 3.114327 10.233075
v 24.276588 3.123817 10.238256
v 24.287006 3.135383 10.242508
v 24.294746 3.148575 10.245670
v 24.300442 3.166774 10.247996
v 24.321327 4.450017 10.256866
v 24.301121 4.450017 10.248273
v 24.002033 3.101469 10.172394
v 24.019684 3.102933 10.172293
v 24.036659 3.107278 10.172192
v 24.052296 3.114327 10.172103
v 24.066010 3.123817 10.172025
v 24.077255 3.135383 10.171958
v 24.085617 3.148575 10.171910
v 24.091770 3.166779 10.171877
v 24.114464 4.450017 10.172064
v 24.092503 4.450017 10.171871
v 23.890917 3.056144 10.173126
v 23.984386 3.102933 10.172495
v 23.967415 3.107278 10.172591
v 23.951775 3.114327 10.172684
v 23.938061 3.123817 10.172759
v 23.926811 3.135383 10.172825
v 23.918453 3.148575 10.172873
v 23.912300 3.166779 10.172909
v 23.890892 4.450017 10.173032
v 23.911568 4.450017 10.172913
v 23.869865 3.166811 10.181559
v 23.890892 4.450017 10.173032
v 23.870541 4.450017 10.181273
v 23.864193 3.148575 10.183946
v 23.856487 3.135383 10.187196
v 23.846119 3.123817 10.191572
v 23.833488 3.114327 10.196898
v 23.819080 3.107278 10.202974
v 23.803440 3.102933 10.209571
v 23.787178 3.101469 10.216431
v 23.684824 3.056144 10.259700
v 23.770912 3.102933 10.223291
v 23.755276 3.107278 10.229887
v 23.740864 3.114327 10.235964
v 23.728233 3.123817 10.241295
v 23.717865 3.135383 10.245666
v 23.710159 3.148575 10.248916
v 23.704491 3.166808 10.251306
v 23.684769 4.450017 10.259627
v 23.703815 4.450017 10.251589
v 23.668615 3.166809 10.275559
v 23.684769 4.450017 10.259627
v 23.669128 4.450017 10.275036
v 23.664291 3.148575 10.279944
v 23.658421 3.135383 10.285898
v 23.650520 3.123817 10.293906
v 23.640900 3.114327 10.303673
v 23.629913 3.107278 10.314812
v 23.618000 3.102933 10.326897
v 23.605610 3.101469 10.339465
v 23.527575 3.056144 10.418612
v 23.593216 3.102933 10.352033
v 23.581303 3.107278 10.364121
v 23.570324 3.114327 10.375260
v 23.560696 3.123817 10.385023
v 23.552799 3.135383 10.393036
v 23.546928 3.148575 10.398990
v 23.542610 3.166799 10.403372
v 23.527580 4.450017 10.418616
v 23.542095 4.450017 10.403893
v 24.300148 3.162812 10.247888
v 24.291662 3.163128 10.263459
v 24.292843 4.450017 10.263954
v 24.301121 4.450017 10.248273
v 23.983868 6.196849 10.172510
v 23.976856 6.191388 10.199198
v 24.017157 6.198118 10.172384
v 24.043392 6.185836 10.198825
v 24.066423 6.175467 10.171999
v 24.063747 6.172802 10.197949
v 24.010120 6.187817 10.216680
v 23.942232 6.179930 10.172831
v 23.926182 6.163527 10.172913
v 23.932735 6.160068 10.207416
v 23.942165 6.171682 10.207782
v 24.044369 6.174190 10.222691
v 24.055515 6.165763 10.222349
v 24.037945 6.165763 10.236156
v 24.021128 6.172729 10.236228
v 24.002213 6.176904 10.237723
v 23.966862 6.165763 10.236567
v 23.957169 6.159057 10.236623
v 23.974545 6.156150 10.247775
v 23.987717 6.161606 10.247665
v 24.002468 6.163296 10.247613
v 23.943130 6.170750 10.207353
v 23.932354 6.160242 10.207603
v 23.935017 6.140368 10.231050
v 23.965450 6.152073 10.249908
v 23.957912 6.140763 10.247755
v 23.916897 6.138247 10.199547
v 23.926811 6.163296 10.172824
v 23.913000 6.137812 10.172899
v 23.910717 4.450017 10.173007
v 23.921398 4.450017 10.214267
v 23.952650 6.126985 10.247853
v 23.951330 4.450017 10.248970
v 24.061941 6.171233 10.206877
v 24.076405 6.154038 10.206573
v 24.084021 6.156190 10.172025
v 24.066010 6.174861 10.172024
v 24.093107 6.130599 10.171986
v 24.095398 4.450017 10.172173
v 24.084595 6.134697 10.206651
v 24.076487 6.133304 10.222177
v 24.077545 4.450017 10.222222
v 24.091770 6.131893 10.171876
v 24.092503 4.450017 10.171871
v 24.085617 6.150104 10.171909
v 24.077255 6.163296 10.171957
v 24.066010 6.174861 10.172024
v 24.052296 6.184352 10.172102
v 24.036659 6.191401 10.172191
v 24.019684 6.195741 10.172292
v 23.983870 3.101827 10.172511
v 24.017145 3.100557 10.172385
v 23.976864 3.107285 10.199191
v 23.940056 3.125068 10.198814
v 23.937649 3.123214 10.172742
v 24.010159 3.110863 10.216681
v 24.043417 3.112845 10.198804
v 24.079021 3.133613 10.171906
v 24.075340 3.136279 10.197860
v 24.044369 3.124487 10.222692
v 23.982203 3.120946 10.230511
v 23.956026 3.138394 10.237802
v 23.966862 3.132911 10.236567
v 24.002403 3.123817 10.236365
v 24.021145 3.125952 10.236228
v 24.037945 3.132911 10.236157
v 24.065369 3.142006 10.222232
v 23.987709 3.137069 10.247666
v 24.002468 3.135383 10.247614
v 23.974545 3.142528 10.247776
v 23.966862 3.132911 10.236567
v 23.974545 3.142528 10.247776
v 23.963333 3.150965 10.247754
v 23.956892 3.139442 10.236944
v 23.935017 3.158312 10.231051
v 23.935404 3.121539 10.173147
v 23.925138 3.143105 10.199446
v 23.914204 3.154238 10.172886
v 23.915998 3.167075 10.199502
v 23.910717 4.450017 10.173006
v 23.921400 4.450017 10.214268
v 23.956032 3.161552 10.247882
v 23.952648 3.171694 10.247854
v 23.951330 4.450017 10.248970
v 24.073418 3.137630 10.206853
v 24.077255 3.135383 10.171958
v 24.091072 3.160850 10.171876
v 24.085463 3.163877 10.206861
v 24.095398 4.450017 10.172172
v 24.076487 3.165376 10.222178
v 24.077545 4.450017 10.222222
v 23.773506 6.197977 10.222265
v 23.813322 6.194782 10.205496
v 23.837852 6.184330 10.226166
v 23.846731 6.175344 10.191301
v 23.855972 6.168886 10.233050
v 23.811621 6.187815 10.254238
v 23.782564 6.185796 10.265256
v 23.740738 6.186387 10.236110
v 23.745943 6.176021 10.264878
v 23.730419 6.161698 10.268250
v 23.717865 6.163296 10.245665
v 23.757494 6.166247 10.283814
v 23.843723 6.167973 10.262917
v 23.853718 6.159057 10.257797
v 23.829302 6.172726 10.268066
v 23.806158 6.174745 10.277771
v 23.783916 6.168569 10.287198
v 23.770359 6.159057 10.292955
v 23.749084 6.156150 10.287049
v 23.731199 6.161928 10.270818
v 23.748402 6.156472 10.287229
v 23.717865 6.163296 10.245665
v 23.705137 6.137829 10.251028
v 23.718103 6.131600 10.274448
v 23.701275 4.450017 10.253006
v 23.737997 6.130015 10.291693
v 23.737400 4.450017 10.291976
v 23.855959 6.160460 10.258629
v 23.869244 6.152916 10.228601
v 23.847052 6.175690 10.191313
v 23.862762 6.156185 10.184663
v 23.871140 6.130570 10.181146
v 23.879553 4.450017 10.222327
v 23.870541 4.450017 10.181273
v 23.877045 6.130851 10.225251
v 23.864252 6.146199 10.253249
v 23.870070 6.131449 10.251052
v 23.862085 6.129170 10.266436
v 23.862724 4.450017 10.266211
v 23.773504 3.100700 10.222267
v 23.770483 3.111359 10.261797
v 23.727617 3.123341 10.241541
v 23.750868 3.129164 10.277895
v 23.811657 3.110865 10.254225
v 23.813320 3.103893 10.205497
v 23.840324 3.116536 10.234615
v 23.846729 3.123338 10.191302
v 23.855972 3.129787 10.233050
v 23.770061 3.139187 10.292935
v 23.794731 3.125958 10.282649
v 23.812038 3.123817 10.275375
v 23.823540 3.124854 10.270524
v 23.840141 3.130107 10.263486
v 23.853718 3.139622 10.257798
v 23.825447 3.136196 10.281932
v 23.816410 3.135383 10.285740
v 23.756395 3.131357 10.285233
v 23.745190 3.148054 10.288638
v 23.726526 3.143104 10.270893
v 23.728233 3.123817 10.241295
v 23.706249 3.154212 10.250551
v 23.718102 3.167076 10.274447
v 23.701273 4.450017 10.253006
v 23.738731 3.165401 10.291417
v 23.737400 3.177774 10.291976
v 23.737400 4.450017 10.291976
v 23.753094 3.177774 10.300239
v 23.754227 3.167252 10.299760
v 23.855959 3.138215 10.258633
v 23.869246 3.145760 10.228590
v 23.864254 3.152479 10.253250
v 23.862764 3.142497 10.184664
v 23.847052 3.122990 10.191314
v 23.871140 3.168096 10.181147
v 23.879553 4.450017 10.222328
v 23.870541 4.450017 10.181273
v 23.877045 3.167829 10.225252
v 23.870070 3.167231 10.251054
v 23.862724 4.450017 10.266211
v 23.862085 3.169509 10.266437
v 23.595200 6.197974 10.350111
v 23.625576 6.194778 10.319333
v 23.651474 6.176209 10.293063
v 23.671757 6.170750 10.321680
v 23.663130 6.179620 10.330561
v 23.648573 6.187147 10.359694
v 23.620079 6.185801 10.386316
v 23.570227 6.186357 10.375480
v 23.551762 6.164578 10.394420
v 23.581478 6.160068 10.413263
v 23.588614 6.171376 10.406318
v 23.612064 6.173656 10.404512
v 23.676121 6.165763 10.359068
v 23.668354 6.170750 10.366944
v 23.651377 6.175241 10.384538
v 23.637974 6.172719 10.397723
v 23.626217 6.165763 10.409687
v 23.672674 6.160513 10.378469
v 23.659180 6.163296 10.392274
v 23.604061 6.165763 10.412630
v 23.552799 6.163296 10.393035
v 23.543100 6.137839 10.402864
v 23.565868 6.162912 10.404874
v 23.556469 6.132175 10.414444
v 23.555882 4.450017 10.415045
v 23.542095 4.450017 10.403893
v 23.668354 6.170750 10.366944
v 23.672684 6.160068 10.378579
v 23.680309 6.157212 10.372729
v 23.676500 6.165992 10.359120
v 23.673027 6.171706 10.321399
v 23.662865 6.179519 10.330700
v 23.678648 6.155567 10.303261
v 23.650520 6.174861 10.293905
v 23.667278 6.144392 10.276896
v 23.689947 6.135426 10.306417
v 23.689049 4.450017 10.301744
v 23.669128 4.450017 10.275036
v 23.695312 6.132699 10.348768
v 23.684011 6.139384 10.378899
v 23.678638 6.145183 10.384445
v 23.688992 6.126785 10.373648
v 23.696228 4.450017 10.346128
v 23.681026 6.123800 10.389349
v 23.682417 4.450017 10.389826
v 23.590054 3.102118 10.355312
v 23.631567 3.104850 10.353014
v 23.563696 3.118745 10.382117
v 23.552418 3.135151 10.393544
v 23.581478 3.138606 10.413264
v 23.588612 3.127297 10.406320
v 23.620111 3.112877 10.386312
v 23.637922 3.109964 10.306684
v 23.662228 3.124854 10.307173
v 23.669975 3.136196 10.299314
v 23.658421 3.135383 10.285898
v 23.675510 3.129782 10.328431
v 23.662918 3.117960 10.342860
v 23.652340 3.119384 10.375929
v 23.612064 3.125021 10.404513
v 23.604061 3.132911 10.412631
v 23.626013 3.132384 10.409778
v 23.642406 3.124854 10.393264
v 23.676447 3.132554 10.359147
v 23.682926 3.139622 10.352164
v 23.678780 3.142148 10.372196
v 23.662642 3.135463 10.388652
v 23.652294 3.136196 10.399258
v 23.552799 3.135383 10.393036
v 23.565868 3.135762 10.404875
v 23.543098 3.160846 10.402866
v 23.557083 3.163175 10.413831
v 23.555882 3.177774 10.415045
v 23.555882 4.450017 10.415045
v 23.542095 4.450017 10.403893
v 23.571587 3.177774 10.423295
v 23.572712 3.164023 10.422152
v 23.679348 3.153165 10.384745
v 23.692707 3.158022 10.355701
v 23.684015 3.159300 10.378894
v 23.676121 3.132911 10.359069
v 23.684622 3.138833 10.352293
v 23.684961 3.146487 10.312015
v 23.662228 3.124854 10.307173
v 23.669975 3.136196 10.299314
v 23.658421 3.135383 10.285898
v 23.668121 3.160889 10.276050
v 23.685072 3.167075 10.296772
v 23.689049 4.450017 10.301744
v 23.669128 4.450017 10.275036
v 23.695597 3.168928 10.330566
v 23.688992 3.171892 10.373648
v 23.696228 4.450017 10.346128
v 23.681026 3.174879 10.389350
v 23.682417 4.450017 10.389827
v 23.491890 6.196857 10.505902
v 23.467836 6.188705 10.565218
v 23.500275 6.191387 10.556192
v 23.514252 6.193822 10.525269
v 23.504105 6.186364 10.475944
v 23.524990 6.173823 10.471169
v 23.529133 6.162478 10.460945
v 23.513321 6.163296 10.452976
v 23.539352 6.170750 10.480914
v 23.534903 6.180204 10.492440
v 23.477646 6.174881 10.588534
v 23.473732 6.162478 10.597704
v 23.456829 6.163296 10.592418
v 23.516129 6.174191 10.580639
v 23.537085 6.179295 10.551123
v 23.542770 6.180086 10.514847
v 23.547352 6.173656 10.502836
v 23.553555 6.170750 10.524028
v 23.549053 6.173823 10.535150
v 23.535175 6.170750 10.569406
v 23.531025 6.165763 10.579657
v 23.547569 6.160068 10.568769
v 23.552862 6.163218 10.555506
v 23.558475 6.162478 10.541851
v 23.511688 6.165763 10.590870
v 23.551113 6.162478 10.560030
v 23.548223 6.160524 10.569267
v 23.557859 6.148081 10.566586
v 23.560009 6.149541 10.560338
v 23.535175 6.170750 10.569406
v 23.531025 6.165763 10.579657
v 23.520235 6.144804 10.602959
v 23.515965 6.173656 10.580303
v 23.511797 6.165972 10.591258
v 23.473652 6.163360 10.599241
v 23.477875 6.173823 10.587475
v 23.456829 6.163296 10.592418
v 23.451166 6.134857 10.606566
v 23.450871 4.450017 10.607371
v 23.501406 4.450017 10.612800
v 23.495180 6.130859 10.612428
v 23.544111 6.133089 10.590855
v 23.563053 6.132422 10.566474
v 23.564777 6.134655 10.562273
v 23.560724 6.125693 10.571693
v 23.563635 4.450017 10.574814
v 23.451384 6.131894 10.605869
v 23.443521 6.242133 10.625291
v 23.448309 4.450017 10.605453
v 23.453693 6.150104 10.600166
v 23.456829 6.163296 10.592418
v 23.461056 6.174861 10.581987
v 23.466206 6.184352 10.569283
v 23.472073 6.191401 10.554784
v 23.478447 6.195741 10.539054
v 23.485073 6.197209 10.522696
v 23.527744 6.242233 10.418685
v 23.491699 6.195741 10.506336
v 23.498074 6.191401 10.490606
v 23.503944 6.184352 10.476112
v 23.509094 6.174861 10.463403
v 23.513321 6.163296 10.452976
v 23.516453 6.150104 10.445228
v 23.518764 6.131874 10.439524
v 23.527580 4.450017 10.418616
v 23.519039 4.450017 10.438845
v 23.510277 6.280301 10.407164
v 23.422998 6.280309 10.621475
v 23.443977 6.197209 10.738138
v 23.444929 6.242124 10.848808
v 23.444130 6.195741 10.755786
v 23.444275 6.191401 10.772760
v 23.444405 6.184352 10.788398
v 23.444523 6.174861 10.802109
v 23.444614 6.163296 10.813358
v 23.444687 6.150104 10.821717
v 23.444742 6.131885 10.827872
v 23.441748 4.450017 10.828668
v 23.453508 6.131876 10.870285
v 23.453220 4.450017 10.869613
v 23.455910 6.150104 10.875949
v 23.459179 6.163296 10.883644
v 23.463581 6.174861 10.894000
v 23.468945 6.184352 10.906616
v 23.475063 6.191401 10.921009
v 23.481701 6.195741 10.936629
v 23.488605 6.197209 10.952874
v 23.531908 6.242127 11.054735
v 23.495510 6.195741 10.969118
v 23.502144 6.191401 10.984738
v 23.508266 6.184352 10.999131
v 23.513626 6.174861 11.011752
v 23.518028 6.163296 11.022104
v 23.521301 6.150104 11.029799
v 23.523705 6.131878 11.035462
v 23.521244 4.450016 11.037343
v 23.548059 6.131885 11.071280
v 23.547535 4.450018 11.070768
v 23.552452 6.150105 11.075587
v 23.558418 6.163297 11.081440
v 23.566456 6.174862 11.089315
v 23.576244 6.184353 11.098915
v 23.587414 6.191401 11.109865
v 23.599533 6.195742 11.121747
v 23.612137 6.197210 11.134105
v 23.691498 6.242536 11.211918
v 23.624737 6.195742 11.146461
v 23.636860 6.191401 11.158344
v 23.648026 6.184353 11.169293
v 23.657814 6.174862 11.178894
v 23.665848 6.163297 11.186769
v 23.671818 6.150105 11.192622
v 23.676212 6.131884 11.196929
v 23.691498 4.450018 11.211920
v 23.676735 4.450018 11.197443
v 23.680077 6.280313 11.229286
v 23.514751 6.280310 11.066583
v 23.424526 6.280310 10.853172
v 23.491890 3.101820 10.505902
v 23.514246 3.104851 10.525267
v 23.500271 3.107287 10.556183
v 23.467846 3.109960 10.565199
v 23.477644 3.123793 10.588537
v 23.473732 3.136196 10.597705
v 23.456829 3.135383 10.592419
v 23.525248 3.112842 10.494490
v 23.507122 3.119300 10.468261
v 23.514179 3.134100 10.451478
v 23.543259 3.138606 10.471284
v 23.539352 3.127924 10.480915
v 23.554335 3.126882 10.524033
v 23.536209 3.126077 10.570342
v 23.516129 3.124487 10.580641
v 23.511688 3.132911 10.590871
v 23.531025 3.132911 10.579658
v 23.557713 3.132911 10.513778
v 23.547352 3.125021 10.502837
v 23.551632 3.132911 10.492270
v 23.561970 3.138160 10.533015
v 23.552855 3.135461 10.555527
v 23.547569 3.138606 10.568769
v 23.551113 3.136196 10.560031
v 23.560009 3.149137 10.560339
v 23.557858 3.150594 10.566586
v 23.548222 3.138150 10.569267
v 23.535175 3.127924 10.569407
v 23.531025 3.132911 10.579658
v 23.520237 3.153875 10.602960
v 23.515965 3.125021 10.580304
v 23.511797 3.132701 10.591259
v 23.473652 3.135315 10.599242
v 23.477875 3.124854 10.587476
v 23.456829 3.135383 10.592419
v 23.451164 3.163817 10.606568
v 23.450871 4.450017 10.607371
v 23.501406 4.450017 10.612799
v 23.495178 3.167821 10.612429
v 23.544113 3.165580 10.590853
v 23.563053 3.166258 10.566476
v 23.564777 3.164023 10.562274
v 23.560724 3.172983 10.571693
v 23.563635 4.450017 10.574814
v 23.451384 3.166780 10.605869
v 23.451107 4.450017 10.606548
v 23.443340 4.450017 10.625712
v 23.443428 3.056144 10.625723
v 23.453693 3.148575 10.600167
v 23.456829 3.135383 10.592419
v 23.461056 3.123817 10.581988
v 23.466206 3.114327 10.569283
v 23.472073 3.107278 10.554785
v 23.478447 3.102933 10.539055
v 23.485073 3.101469 10.522696
v 23.527782 3.056145 10.418699
v 23.491699 3.102933 10.506337
v 23.498074 3.107278 10.490607
v 23.503944 3.114327 10.476113
v 23.509094 3.123817 10.463404
v 23.513321 3.135383 10.452977
v 23.516453 3.148575 10.445229
v 23.518766 3.166799 10.439525
v 23.527580 4.450017 10.418616
v 23.519039 4.450017 10.438845
v 23.443977 3.101469 10.738139
v 23.443829 3.102933 10.720488
v 23.443684 3.107278 10.703518
v 23.443554 3.114327 10.687876
v 23.443439 3.123817 10.674169
v 23.443340 3.135383 10.662915
v 23.443272 3.148575 10.654556
v 23.443218 3.166807 10.648402
v 23.443340 4.450017 10.625712
v 23.443211 4.450017 10.647669
v 23.445002 3.056144 10.849256
v 23.444130 3.102933 10.755787
v 23.444275 3.107278 10.772761
v 23.444405 3.114327 10.788399
v 23.444523 3.123817 10.802110
v 23.444614 3.135383 10.813359
v 23.444687 3.148575 10.821718
v 23.444742 3.166786 10.827873
v 23.444923 4.450017 10.849277
v 23.444748 4.450017 10.828606
v 23.453508 3.166792 10.870286
v 23.444923 4.450017 10.849277
v 23.453220 4.450017 10.869613
v 23.455910 3.148575 10.875950
v 23.459179 3.135383 10.883645
v 23.463581 3.123817 10.894001
v 23.468945 3.114327 10.906617
v 23.475063 3.107278 10.921010
v 23.481701 3.102933 10.936630
v 23.488605 3.101469 10.952875
v 23.532148 3.056144 11.055111
v 23.495510 3.102933 10.969119
v 23.502144 3.107278 10.984739
v 23.508266 3.114327 10.999132
v 23.513626 3.123817 11.011753
v 23.518028 3.135383 11.022105
v 23.521301 3.148575 11.029800
v 23.523705 3.166792 11.035463
v 23.532078 4.450017 11.055165
v 23.523991 4.450017 11.036138
v 23.548059 3.166792 11.071280
v 23.532078 4.450017 11.055165
v 23.547535 4.450018 11.070768
v 23.552452 3.148576 11.075588
v 23.558418 3.135384 11.081441
v 23.566456 3.123818 11.089316
v 23.576244 3.114328 11.098916
v 23.587414 3.107279 11.109866
v 23.599533 3.102934 11.121748
v 23.612137 3.101470 11.134106
v 23.691498 3.056145 11.211919
v 23.624737 3.102934 11.146462
v 23.636860 3.107279 11.158345
v 23.648026 3.114328 11.169294
v 23.657814 3.123818 11.178895
v 23.665848 3.135384 11.186770
v 23.671818 3.148576 11.192623
v 23.676212 3.166792 11.196931
v 23.691498 4.450018 11.211920
v 23.676735 4.450018 11.197443
v 23.444168 6.197981 10.752967
v 23.443823 6.194775 10.709772
v 23.470402 6.182055 10.688600
v 23.443480 6.179412 10.679449
v 23.443420 6.163521 10.662288
v 23.478008 6.160068 10.668350
v 23.478100 6.170750 10.678741
v 23.488251 6.187815 10.729947
v 23.479570 6.187315 10.770847
v 23.444502 6.175467 10.802522
v 23.471888 6.173141 10.799590
v 23.494595 6.173656 10.779502
v 23.493996 6.179519 10.708926
v 23.493752 6.166387 10.684113
v 23.507708 6.171369 10.712989
v 23.507927 6.174746 10.743935
v 23.508165 6.166284 10.773339
v 23.494690 6.165763 10.790900
v 23.494595 6.173656 10.779502
v 23.495701 6.166678 10.792144
v 23.508331 6.159057 10.782831
v 23.508251 6.165763 10.773134
v 23.502821 6.140373 10.804995
v 23.471237 6.155554 10.814972
v 23.444523 6.174861 10.802109
v 23.444708 6.144460 10.825962
v 23.471312 6.131595 10.824103
v 23.444843 4.450017 10.829458
v 23.486097 4.450017 10.818649
v 23.519464 6.140777 10.782046
v 23.519501 6.150877 10.773038
v 23.519575 6.126978 10.787316
v 23.520695 4.450017 10.788634
v 23.478243 6.161043 10.666662
v 23.443340 6.163296 10.662914
v 23.443218 6.137781 10.649095
v 23.478199 6.131851 10.653964
v 23.443293 4.450017 10.646818
v 23.477890 4.450017 10.654261
v 23.443218 6.131862 10.648400
v 23.443211 4.450017 10.647669
v 23.443272 6.150104 10.654555
v 23.443340 6.163296 10.662914
v 23.443439 6.174861 10.674168
v 23.443554 6.184352 10.687875
v 23.443684 6.191401 10.703517
v 23.443829 6.195741 10.720487
v 23.444147 3.101813 10.756222
v 23.472050 3.104850 10.746469
v 23.470970 3.112840 10.779133
v 23.444502 3.123214 10.802523
v 23.470306 3.125856 10.799503
v 23.470417 3.107287 10.712579
v 23.443579 3.109957 10.692283
v 23.470161 3.120892 10.682443
v 23.469011 3.136970 10.665480
v 23.443340 3.135383 10.662915
v 23.494160 3.124487 10.695670
v 23.508549 3.123799 10.725002
v 23.503057 3.120018 10.751861
v 23.509514 3.138393 10.783972
v 23.508539 3.132554 10.773306
v 23.507563 3.132384 10.701845
v 23.493649 3.142005 10.674667
v 23.519115 3.136196 10.727695
v 23.519167 3.135460 10.742460
v 23.519293 3.142152 10.765554
v 23.489758 3.129632 10.794842
v 23.502821 3.158307 10.804996
v 23.471245 3.143117 10.814967
v 23.444523 3.123817 10.802110
v 23.444708 3.154226 10.825965
v 23.471308 3.167081 10.824106
v 23.444845 4.450017 10.829458
v 23.486097 4.450017 10.818648
v 23.519464 3.157891 10.782043
v 23.519501 3.147801 10.773039
v 23.519575 3.171704 10.787317
v 23.520695 4.450017 10.788633
v 23.478243 3.137630 10.666664
v 23.443340 3.135383 10.662915
v 23.443218 3.160896 10.649095
v 23.478199 3.166826 10.653965
v 23.443293 4.450017 10.646818
v 23.477890 4.450017 10.654261
v 23.479975 6.196562 10.932441
v 23.494602 6.198114 10.966784
v 23.480097 6.175185 10.887295
v 23.458448 6.165062 10.882041
v 23.475994 6.162478 10.878072
v 23.506659 6.168919 10.883556
v 23.519278 6.185800 10.914616
v 23.532478 6.187813 10.942744
v 23.529257 6.185841 10.980359
v 23.513771 6.175468 11.012141
v 23.536459 6.172815 10.999447
v 23.551565 6.174189 10.971800
v 23.529789 6.159057 10.886221
v 23.535515 6.168568 10.899786
v 23.544926 6.174744 10.922025
v 23.554796 6.172720 10.945128
v 23.561382 6.165763 10.960561
v 23.555672 6.165763 10.982170
v 23.557489 6.167316 10.983470
v 23.543222 6.155561 11.013396
v 23.560925 6.150636 10.994658
v 23.513626 6.174861 11.011752
v 23.522955 6.144416 11.033724
v 23.546801 6.131594 11.021803
v 23.525415 4.450017 11.038680
v 23.564005 6.129996 11.001852
v 23.564285 4.450017 11.002448
v 23.530613 6.160459 10.883979
v 23.493448 6.152181 10.869048
v 23.480309 6.173823 10.888227
v 23.475994 6.162478 10.878072
v 23.459179 6.163296 10.883644
v 23.453283 6.134897 10.869600
v 23.452381 4.450017 10.866826
v 23.497189 6.130853 10.862985
v 23.525213 6.146202 10.875705
v 23.522640 6.128629 10.869516
v 23.522839 4.450017 10.867653
v 23.479975 3.102114 10.932440
v 23.494600 3.100561 10.966779
v 23.508429 3.112312 10.999295
v 23.541084 3.136284 11.010051
v 23.518028 3.135383 11.022105
v 23.543159 3.117968 10.970785
v 23.532492 3.110867 10.942780
v 23.519306 3.112879 10.914632
v 23.488253 3.125061 10.885509
v 23.463400 3.123213 10.893630
v 23.555672 3.132911 10.982171
v 23.559330 3.142528 10.990777
v 23.565157 3.139187 10.969782
v 23.554800 3.125961 10.945144
v 23.547485 3.123817 10.927853
v 23.542603 3.124854 10.916367
v 23.535515 3.130105 10.899787
v 23.530418 3.138394 10.884705
v 23.554001 3.136196 10.914428
v 23.557835 3.135383 10.923451
v 23.543142 3.136743 11.008711
v 23.559513 3.142205 10.991460
v 23.518028 3.135383 11.022105
v 23.523430 3.160891 11.034829
v 23.546799 3.167083 11.021806
v 23.525415 4.450017 11.038680
v 23.564005 3.168685 11.001853
v 23.564285 4.450017 11.002448
v 23.530615 3.138216 10.883981
v 23.500521 3.145759 10.870772
v 23.525213 3.152477 10.875705
v 23.456635 3.142485 10.877386
v 23.463322 3.122990 10.893071
v 23.453093 3.168070 10.869015
v 23.452381 4.450017 10.866826
v 23.497187 3.167826 10.862985
v 23.522640 3.170050 10.869517
v 23.522839 4.450017 10.867653
v 23.622797 6.197977 11.144471
v 23.612711 6.191388 11.097328
v 23.579348 6.188695 11.101973
v 23.579056 6.174881 11.076695
v 23.571812 6.162479 11.069848
v 23.558418 6.163297 11.081440
v 23.648762 6.187819 11.107928
v 23.660221 6.185840 11.143903
v 23.654087 6.179365 11.175244
v 23.667236 6.164580 11.187804
v 23.685997 6.160069 11.158036
v 23.678574 6.170751 11.150759
v 23.685572 6.166387 11.135766
v 23.667881 6.179520 11.118366
v 23.657730 6.176905 11.087314
v 23.617392 6.173745 11.068693
v 23.609344 6.165763 11.060974
v 23.674469 6.171369 11.105677
v 23.654213 6.161596 11.070062
v 23.664803 6.163297 11.080389
v 23.644863 6.156150 11.060842
v 23.665848 6.163297 11.186769
v 23.675709 6.137836 11.196441
v 23.677652 6.162914 11.173670
v 23.687243 6.132245 11.183032
v 23.687851 4.450018 11.183622
v 23.676735 4.450018 11.197443
v 23.645023 6.156577 11.060161
v 23.639423 6.150877 11.055508
v 23.610607 6.153201 11.051105
v 23.617481 6.173657 11.068955
v 23.609291 6.165972 11.060575
v 23.571125 6.163361 11.068470
v 23.579689 6.173824 11.077575
v 23.558418 6.163297 11.081440
v 23.547586 6.134850 11.070725
v 23.581911 4.450017 11.046611
v 23.547535 4.450018 11.070768
v 23.585596 6.130839 11.047791
v 23.622957 6.134885 11.044792
v 23.648663 6.134581 11.052982
v 23.653168 6.141550 11.057281
v 23.646120 6.125107 11.050418
v 23.646311 4.450017 11.048858
v 23.622799 3.100702 11.144473
v 23.660225 3.112843 11.143938
v 23.654087 3.119317 11.175245
v 23.667234 3.134099 11.187805
v 23.685997 3.138607 11.158037
v 23.678574 3.127925 11.150760
v 23.648790 3.110864 11.107955
v 23.625832 3.112880 11.087012
v 23.591961 3.103895 11.114202
v 23.585953 3.125056 11.072043
v 23.566145 3.123213 11.089044
v 23.677540 3.124487 11.127452
v 23.685307 3.132912 11.135455
v 23.682392 3.132388 11.113515
v 23.666483 3.123672 11.096642
v 23.631624 3.132555 11.063218
v 23.624624 3.138394 11.055115
v 23.644667 3.142150 11.060854
v 23.661180 3.135463 11.076946
v 23.671803 3.136197 11.087258
v 23.665848 3.135384 11.186770
v 23.677652 3.135763 11.173670
v 23.675709 3.160846 11.196443
v 23.687243 3.166438 11.183034
v 23.687851 4.450018 11.183622
v 23.676735 4.450018 11.197443
v 23.631546 3.132911 11.063543
v 23.624750 3.138834 11.055062
v 23.639423 3.147801 11.055509
v 23.644863 3.142528 11.060843
v 23.646709 3.172367 11.048832
v 23.604832 3.158311 11.045341
v 23.575745 3.143111 11.061158
v 23.565859 3.122992 11.088557
v 23.549423 3.154183 11.072636
v 23.569218 3.167083 11.054761
v 23.581911 4.450017 11.046611
v 23.547535 4.450018 11.070768
v 23.648663 3.164092 11.052983
v 23.653168 3.157128 11.057281
v 23.646311 4.450017 11.048858
v 23.778870 6.196855 11.247360
v 23.833506 6.190796 11.269311
v 23.824436 6.190877 11.225969
v 23.782129 6.191390 11.219957
v 23.740271 6.179955 11.231761
v 23.725349 6.163525 11.225776
v 23.744122 6.160069 11.196096
v 23.753435 6.171377 11.199616
v 23.855433 6.175468 11.278170
v 23.864424 6.171613 11.244123
v 23.851992 6.179619 11.239355
v 23.811329 6.179288 11.196958
v 23.775532 6.174191 11.191568
v 23.765087 6.165764 11.187666
v 23.786579 6.165764 11.181527
v 23.796837 6.170751 11.185653
v 23.831131 6.173824 11.199434
v 23.852690 6.166285 11.208192
v 23.832848 6.162479 11.188001
v 23.819115 6.163218 11.182561
v 23.805904 6.160069 11.177169
v 23.778862 3.101825 11.247358
v 23.814087 3.104851 11.231359
v 23.838261 3.109969 11.271259
v 23.843882 3.112842 11.244786
v 23.860819 3.124829 11.261238
v 23.870735 3.136197 11.265280
v 23.865494 3.135384 11.282192
v 23.782135 3.107286 11.219969
v 23.743135 3.123795 11.213794
v 23.741220 3.119285 11.232250
v 23.733826 3.136197 11.210248
v 23.725899 3.135384 11.226089
v 23.775534 3.124488 11.191568
v 23.823477 3.117015 11.204306
v 23.853218 3.125022 11.223089
v 23.863796 3.132912 11.227342
v 23.852531 3.132912 11.208036
v 23.842266 3.127925 11.203912
v 23.796843 3.127542 11.185354
v 23.786579 3.132912 11.181528
v 23.765087 3.132912 11.187667
v 23.805904 3.138607 11.177170
v 23.819098 3.135463 11.182555
v 23.841635 3.138160 11.191620
v 23.514732 6.280295 11.066588
v 23.471445 6.314300 11.095895
v 23.679867 6.280294 11.229118
v 23.651159 6.314299 11.272773
v 23.894684 6.280294 11.315931
v 23.884951 6.314300 11.367256
v 24.121014 6.280333 11.314613
v 24.131266 6.314268 11.365868
v 24.334171 6.280294 11.226594
v 24.363224 6.314300 11.270033
v 24.498049 6.280293 11.062799
v 24.541573 6.314299 11.091773
v 24.586620 6.280293 10.848699
v 24.637962 6.314298 10.858772
v 24.586361 6.280293 10.616995
v 24.637680 6.314298 10.606624
v 24.497311 6.280293 10.403092
v 24.540766 6.314299 10.373833
v 24.333071 6.280294 10.239661
v 24.362022 6.314298 10.195979
v 24.118719 6.280293 10.151672
v 24.128759 6.314299 10.100224
v 23.887026 6.280293 10.152563
v 23.876608 6.314299 10.101192
v 23.673361 6.280294 10.242204
v 23.644083 6.314299 10.198749
v 23.510386 6.280294 10.406891
v 23.466722 6.314299 10.377970
v 23.422981 6.280294 10.621468
v 23.371601 6.314300 10.611503
v 23.424505 6.280294 10.853172
v 23.373262 6.314299 10.863643
v 24.363672 6.314290 11.269725
v 24.130705 6.314290 11.366197
v 24.363287 6.457799 11.269981
v 24.541761 6.457799 11.091551
v 24.541698 6.314290 11.091488
v 24.131069 6.457799 11.365940
v 23.884684 6.314290 11.367020
v 23.885027 6.457799 11.367263
v 23.651417 6.314290 11.272983
v 23.651451 6.457799 11.272900
v 23.471760 6.314290 11.096343
v 23.471495 6.457798 11.095954
v 23.651388 6.457799 11.272964
v 23.651451 6.314290 11.272900
v 23.373381 6.314289 10.864176
v 23.373285 6.457798 10.863713
v 23.371502 6.314289 10.612038
v 23.371592 6.457798 10.611582
v 23.466515 6.314289 10.378225
v 23.466595 6.457798 10.378259
v 23.876078 6.314289 10.101309
v 24.128222 6.314289 10.100127
v 23.876534 6.457798 10.101216
v 23.644026 6.457798 10.198799
v 23.643639 6.314289 10.199059
v 23.466532 6.457798 10.378197
v 23.466595 6.314289 10.378259
v 24.128681 6.457798 10.100217
v 24.361771 6.314289 10.195769
v 24.361736 6.457798 10.195853
v 24.638062 6.314289 10.858234
v 24.541782 6.314290 11.091522
v 24.637970 6.457798 10.858694
v 24.637657 6.457798 10.606547
v 24.637566 6.314289 10.606090
v 24.540718 6.457798 10.373774
v 24.540459 6.314289 10.373388
v 24.361797 6.457798 10.195791
v 24.361736 6.314289 10.195853
v 24.541698 6.457799 11.091488
v 23.444826 3.056135 10.849017
v 23.532000 3.056130 11.055209
v 23.452824 2.953875 11.108884
v 23.351067 2.953871 10.868179
v 23.443340 3.056144 10.625712
v 23.349361 2.953862 10.607508
v 24.114491 3.056130 10.171975
v 24.132816 2.953874 10.077818
v 24.321327 3.056144 10.256866
v 24.374256 2.953862 10.176947
v 23.898849 3.056115 11.295264
v 23.881088 2.953905 11.389177
v 24.134872 2.953863 11.388375
v 24.116261 3.056145 11.294646
v 24.375809 2.953873 11.288846
v 24.322649 3.056136 11.209369
v 24.560640 2.953876 11.104113
v 24.480978 3.056132 11.051114
v 23.691250 3.056136 11.211808
v 23.898798 3.056132 11.295675
v 23.881018 2.953875 11.389605
v 23.638727 2.953872 11.291686
v 23.532078 3.056144 11.055165
v 23.452946 2.953863 11.108821
v 24.566362 3.056131 10.844450
v 24.660316 2.953875 10.862856
v 24.480904 3.056144 11.051054
v 24.560535 2.953863 11.104023
v 24.114464 3.056144 10.172064
v 23.891150 3.056135 10.172935
v 23.872093 2.953871 10.078946
v 24.132774 2.953862 10.077950
v 23.631121 2.953875 10.180044
v 23.684725 3.056130 10.259547
v 24.566015 3.056135 10.621110
v 24.480074 3.056135 10.414685
v 24.559587 2.953872 10.361164
v 24.659908 2.953872 10.602140
v 24.566273 3.056144 10.844423
v 24.660187 2.953862 10.862815
v 24.374346 2.953874 10.176842
v 24.321384 3.056130 10.256795
v 23.684769 3.056144 10.259627
v 23.527697 3.056134 10.418362
v 23.447811 2.953871 10.365447
v 23.631184 2.953862 10.180165
v 23.349234 2.953874 10.607467
v 23.443253 3.056130 10.625687
v 23.447628 2.953862 10.365693
v 23.447693 2.660129 10.365758
v 23.630955 2.660129 10.180264
v 23.631355 2.953862 10.179994
v 23.871548 2.660129 10.079083
v 23.872019 2.953862 10.078988
v 24.132549 2.660129 10.077859
v 24.133024 2.953862 10.077950
v 24.374292 2.660129 10.176859
v 24.374256 2.953862 10.176947
v 24.560535 2.953863 11.104023
v 24.660187 2.953862 10.863052
v 24.560621 2.660129 11.104058
v 24.660284 2.660129 10.862576
v 24.659866 2.953862 10.602060
v 24.659769 2.660129 10.601581
v 24.559521 2.953862 10.361113
v 24.559252 2.660129 10.360709
v 24.374323 2.953862 10.176880
v 24.374256 2.660129 10.176947
v 23.349361 2.953862 10.607267
v 23.349270 2.660129 10.607738
v 23.447607 2.660129 10.365723
v 23.447693 2.953862 10.365758
v 23.351109 2.953862 10.868254
v 23.351208 2.660128 10.868732
v 23.452774 2.953863 11.108650
v 23.453045 2.660130 11.109050
v 23.638969 2.953863 11.291866
v 23.639034 2.660130 11.291801
v 24.135496 2.953863 11.388109
v 24.135118 2.660130 11.388375
v 23.880459 2.660130 11.389226
v 23.880812 2.953863 11.389477
v 23.639000 2.660130 11.291887
v 23.639034 2.953863 11.291801
v 24.375860 2.953863 11.288781
v 24.376265 2.660130 11.288512
v 24.560600 2.953863 11.104089
v 24.560535 2.660130 11.104023
vn 0.8154 -0.2853 -0.5038
vn 0.8798 -0.1098 -0.4625
vn 0.7588 -0.2061 -0.6179
vn 0.7694 -0.5421 -0.3379
vn 0.8318 -0.4661 -0.3015
vn 0.9174 -0.2569 -0.3039
vn 0.7971 -0.5921 -0.1185
vn 0.9804 -0.1911 -0.0479
vn 0.7531 -0.5858 0.2996
vn 0.8660 -0.3994 0.3010
vn 0.8984 -0.3816 0.2175
vn 0.9799 -0.1293 0.1521
vn 0.9999 0.0018 -0.0161
vn 0.7077 -0.0517 -0.7046
vn 0.9407 0.0016 -0.3392
vn 0.7807 0.0013 -0.6249
vn 0.5680 -0.0828 -0.8189
vn 0.5847 -0.2154 -0.7821
vn 0.5208 -0.6466 -0.5573
vn 0.5412 -0.4541 -0.7077
vn 0.4406 -0.5936 -0.6734
vn 0.4969 -0.3796 -0.7804
vn 0.3589 -0.5390 -0.7620
vn 0.4314 -0.2612 -0.8635
vn 0.3807 -0.0984 -0.9194
vn 0.4691 0.8325 -0.2947
vn 0.6911 0.5010 -0.5209
vn 0.7993 0.5685 -0.1947
vn 0.3574 0.9338 -0.0158
vn 0.6637 0.7470 0.0371
vn 0.8853 0.4649 0.0130
vn 0.7561 0.6544 -0.0015
vn 0.6987 0.6879 0.1962
vn 0.8344 0.4728 0.2832
vn 0.9846 0.1641 0.0596
vn 0.9299 0.1525 0.3347
vn 0.9999 -0.0030 -0.0145
vn 0.9202 0.2062 -0.3328
vn 0.7399 0.2007 -0.6421
vn 0.9407 -0.0027 -0.3393
vn 0.7805 -0.0021 -0.6251
vn 0.6168 0.1325 -0.7759
vn 0.4684 0.5898 -0.6578
vn 0.6136 0.3317 -0.7165
vn 0.3664 0.5504 -0.7503
vn 0.4326 0.2753 -0.8585
vn 0.3552 0.1598 -0.9210
vn 0.3283 0.0520 -0.9431
vn 0.3477 -0.6574 -0.6686
vn 0.3619 -0.3952 -0.8443
vn 0.1560 -0.5764 -0.8021
vn -0.0783 -0.4974 -0.8640
vn 0.1050 -0.7240 -0.6818
vn 0.0846 -0.6722 -0.7355
vn -0.1439 -0.6790 -0.7199
vn -0.1770 -0.7485 -0.6390
vn -0.3234 -0.6272 -0.7085
vn -0.5151 -0.4738 -0.7142
vn -0.4801 -0.7479 -0.4584
vn -0.6275 -0.6134 -0.4795
vn -0.7399 -0.4191 -0.5262
vn -0.6892 -0.6162 -0.3812
vn -0.7921 -0.4368 -0.4264
vn -0.6178 -0.1515 -0.7716
vn -0.8022 -0.1553 -0.5766
vn -0.6276 0.0019 -0.7786
vn -0.2814 0.0028 -0.9596
vn -0.2972 -0.1858 -0.9366
vn 0.0320 -0.1906 -0.9812
vn 0.2538 -0.1711 -0.9520
vn 0.1104 0.0032 -0.9939
vn 0.5033 -0.0459 -0.8629
vn 0.4764 -0.1258 -0.8702
vn 0.4394 -0.1831 -0.8794
vn 0.6413 -0.3175 -0.6985
vn 0.0846 0.4628 -0.8824
vn 0.3391 0.1722 -0.9249
vn 0.3595 0.4775 -0.8017
vn 0.2489 0.6966 -0.6729
vn -0.0408 0.7738 -0.6321
vn -0.1412 0.6202 -0.7716
vn -0.3384 0.4656 -0.8177
vn -0.2081 0.7287 -0.6524
vn -0.2944 0.6543 -0.6966
vn -0.3551 0.7427 -0.5678
vn -0.5509 0.4992 -0.6688
vn -0.7103 0.5468 -0.4433
vn -0.7577 0.4729 -0.4498
vn -0.8013 0.2729 -0.5324
vn -0.6181 0.1502 -0.7716
vn -0.2520 0.1973 -0.9474
vn 0.0970 0.1598 -0.9824
vn -0.6283 -0.0025 -0.7780
vn -0.2817 -0.0040 -0.9595
vn 0.1117 -0.0048 -0.9937
vn 0.5122 0.0378 -0.8580
vn 0.5211 0.1351 -0.8427
vn 0.5574 0.3714 -0.7425
vn -0.0153 -0.6232 -0.7819
vn 0.1276 -0.5325 -0.8367
vn -0.1752 -0.4831 -0.8579
vn 0.2495 -0.2158 -0.9440
vn 0.2729 -0.5217 -0.8083
vn 0.3853 -0.4535 -0.8036
vn 0.3654 -0.6539 -0.6624
vn 0.4744 -0.5661 -0.6741
vn 0.4937 -0.2929 -0.8188
vn 0.5017 -0.0783 -0.8615
vn 0.1708 0.0022 -0.9853
vn 0.0338 -0.1914 -0.9809
vn -0.2006 0.0025 -0.9797
vn -0.2838 -0.1688 -0.9439
vn -0.0428 -0.7535 -0.6561
vn -0.1865 -0.7253 -0.6627
vn -0.4031 -0.5891 -0.7003
vn -0.6199 -0.4788 -0.6217
vn -0.4424 -0.7286 -0.5228
vn -0.5389 -0.6544 -0.5304
vn -0.6365 -0.6878 -0.3489
vn -0.7882 -0.4854 -0.3784
vn -0.8122 -0.1835 -0.5538
vn -0.8990 -0.2496 -0.3597
vn -0.5812 -0.2030 -0.7880
vn -0.5447 0.0023 -0.8387
vn 0.2386 0.5724 -0.7845
vn -0.1147 0.5775 -0.8083
vn 0.3117 0.4598 -0.8315
vn 0.2353 0.1754 -0.9560
vn 0.4689 0.2992 -0.8311
vn 0.5072 0.0856 -0.8576
vn 0.1719 -0.0033 -0.9851
vn -0.0974 0.1578 -0.9827
vn -0.2007 -0.0035 -0.9797
vn -0.2339 0.4603 -0.8564
vn -0.1391 0.7804 -0.6096
vn -0.1384 0.7193 -0.6808
vn -0.4320 0.5365 -0.7250
vn -0.4499 0.7838 -0.4280
vn -0.5607 0.6725 -0.4831
vn -0.6412 0.4104 -0.6484
vn -0.7282 0.2855 -0.6230
vn -0.7975 0.5089 -0.3241
vn -0.8709 0.3707 -0.3227
vn -0.4844 0.1898 -0.8540
vn -0.5449 -0.0031 -0.8385
vn -0.1821 -0.7195 -0.6702
vn 0.1253 -0.4641 -0.8769
vn -0.3396 -0.5182 -0.7849
vn -0.2113 -0.4762 -0.8536
vn 0.3790 -0.7058 -0.5985
vn 0.3709 -0.3964 -0.8398
vn 0.5104 -0.1128 -0.8525
vn 0.2553 -0.1398 -0.9567
vn 0.0765 0.0009 -0.9971
vn 0.4775 -0.0003 -0.8786
vn -0.0543 -0.2289 -0.9719
vn -0.3165 -0.1848 -0.9304
vn -0.5138 0.0009 -0.8579
vn -0.6069 -0.1130 -0.7867
vn -0.4487 -0.7017 -0.5535
vn -0.6394 -0.3850 -0.6656
vn -0.6485 -0.6000 -0.4684
vn -0.8242 -0.3880 -0.4125
vn -0.8231 -0.1365 -0.5512
vn -0.9054 -0.2008 -0.3740
vn -0.8004 -0.0002 -0.5994
vn -0.2530 0.6203 -0.7424
vn -0.4134 0.2654 -0.8710
vn -0.1028 0.4499 -0.8872
vn -0.2051 0.7373 -0.6436
vn -0.1143 0.7085 -0.6964
vn 0.0679 0.6474 -0.7591
vn 0.1641 0.5060 -0.8468
vn 0.2480 0.2302 -0.9410
vn 0.3706 0.4091 -0.8338
vn 0.2948 0.6671 -0.6841
vn 0.6321 0.1869 -0.7520
vn -0.1036 0.1124 -0.9882
vn 0.7708 0.0033 -0.6371
vn -0.1374 -0.0036 -0.9905
vn 0.2620 -0.0024 -0.9651
vn 0.5513 0.0490 -0.8329
vn -0.6235 0.1291 -0.7711
vn -0.4331 0.5929 -0.6789
vn -0.6301 0.4722 -0.6165
vn -0.4130 0.7314 -0.5427
vn -0.5337 0.6881 -0.4917
vn -0.7604 0.4811 -0.4362
vn -0.7830 0.2152 -0.5836
vn -0.8403 0.3403 -0.4220
vn -0.9172 0.1675 -0.3615
vn -0.5176 -0.0041 -0.8556
vn -0.5480 -0.5807 -0.6020
vn -0.4352 -0.5168 -0.7373
vn -0.7592 -0.3001 -0.5775
vn -0.4371 -0.7522 -0.4930
vn -0.3825 -0.7331 -0.5623
vn -0.2036 -0.5427 -0.8149
vn 0.0074 -0.7838 -0.6210
vn -0.0300 -0.3514 -0.9358
vn 0.2276 -0.4411 -0.8681
vn 0.1236 -0.7804 -0.6129
vn 0.4694 -0.4185 -0.7775
vn 0.2573 -0.1729 -0.9507
vn 0.5048 -0.1851 -0.8432
vn 0.0946 0.0005 -0.9955
vn 0.4769 -0.0004 -0.8789
vn -0.1157 -0.2188 -0.9689
vn -0.4358 -0.2433 -0.8666
vn -0.6365 -0.2407 -0.7328
vn -0.4457 0.0011 -0.8952
vn -0.6551 0.0009 -0.7556
vn -0.8055 -0.0987 -0.5843
vn -0.6444 -0.6259 -0.4392
vn -0.7412 -0.6009 -0.2993
vn -0.8699 -0.2063 -0.4480
vn -0.9216 -0.1013 -0.3747
vn -0.6019 0.5877 -0.5406
vn -0.7342 0.3836 -0.5602
vn -0.4924 0.5624 -0.6643
vn -0.5582 0.2304 -0.7971
vn -0.2487 0.4958 -0.8321
vn -0.3651 0.7240 -0.5853
vn -0.3677 0.6723 -0.6425
vn -0.1513 0.6789 -0.7184
vn -0.0696 0.7380 -0.6711
vn -0.0039 0.5703 -0.8214
vn 0.2204 0.4786 -0.8499
vn 0.1236 0.7807 -0.6126
vn 0.5166 0.5444 -0.6609
vn 0.5024 0.3387 -0.7955
vn 0.3350 0.2364 -0.9121
vn 0.0490 0.2087 -0.9768
vn -0.2888 0.1437 -0.9465
vn -0.7536 0.1217 -0.6460
vn 0.3423 0.0442 -0.9385
vn 0.0947 -0.0010 -0.9955
vn 0.5480 0.0541 -0.8348
vn 0.4770 -0.0000 -0.8789
vn -0.4461 -0.0011 -0.8950
vn -0.6543 -0.0002 -0.7562
vn -0.7278 0.6075 -0.3182
vn -0.9097 0.2581 -0.3254
vn -0.9402 0.1342 -0.3131
vn -0.6692 -0.6575 -0.3462
vn -0.8483 -0.4004 -0.3466
vn -0.7827 -0.6013 -0.1606
vn -0.8809 -0.4727 0.0242
vn -0.6799 -0.7254 -0.1077
vn -0.7217 -0.6895 -0.0609
vn -0.7194 -0.6498 0.2454
vn -0.5060 -0.8617 -0.0390
vn -0.3954 -0.8453 0.3593
vn -0.8128 -0.3612 0.4571
vn -0.5582 -0.5165 0.6493
vn -0.3667 -0.8154 0.4478
vn -0.3076 -0.5639 0.7664
vn -0.4726 -0.2323 0.8501
vn -0.6419 -0.1647 0.7489
vn -0.7314 0.0027 0.6820
vn -0.8341 -0.2926 0.4676
vn -0.9821 -0.1577 -0.1029
vn -0.9219 -0.1459 -0.3589
vn -0.9572 -0.1551 0.2444
vn -0.9487 0.0035 0.3162
vn -0.9942 0.0037 -0.1079
vn -0.8385 -0.0526 -0.5424
vn -0.7242 -0.2862 -0.6274
vn -0.6805 -0.3547 -0.6411
vn -0.8321 0.3966 -0.3877
vn -0.9765 0.1809 -0.1175
vn -0.9146 0.1255 -0.3844
vn -0.7116 0.6576 -0.2474
vn -0.6380 0.6826 -0.3564
vn -0.8759 0.4787 -0.0609
vn -0.6633 0.7482 0.0172
vn -0.7933 0.5956 0.1261
vn -0.8123 0.4672 0.3490
vn -0.6518 0.7287 0.2101
vn -0.6956 0.6543 0.2967
vn -0.5670 0.7154 0.4083
vn -0.6214 0.5522 0.5558
vn -0.5801 0.2782 0.7655
vn -0.4176 0.5949 0.6868
vn -0.4726 0.2278 0.8513
vn -0.7304 -0.0041 0.6830
vn -0.7767 0.1572 0.6099
vn -0.9488 0.1984 0.2456
vn -0.9487 -0.0049 0.3161
vn -0.9940 -0.0047 -0.1090
vn -0.8460 0.0509 -0.5307
vn -0.7634 0.2488 -0.5961
vn -0.6842 0.3476 -0.6411
vn -0.9532 -0.2597 0.1548
vn -0.9277 -0.2650 -0.2630
vn -0.9880 -0.1289 -0.0850
vn -0.8111 -0.5839 -0.0351
vn -0.6716 -0.7353 0.0915
vn -0.6714 -0.7138 -0.1991
vn -0.8026 -0.5081 -0.3125
vn -0.6841 -0.6529 -0.3252
vn -0.6630 -0.5752 -0.4791
vn -0.8106 -0.2858 -0.5112
vn -0.8719 -0.0699 -0.4847
vn -0.9857 0.0026 -0.1684
vn -0.9877 0.0020 0.1565
vn -0.7576 -0.5333 0.3765
vn -0.6652 -0.6963 0.2698
vn -0.5017 -0.7819 0.3701
vn -0.5145 -0.6348 0.5765
vn -0.6306 -0.2723 0.7268
vn -0.3876 -0.6545 0.6492
vn -0.3911 -0.5007 0.7722
vn -0.4190 -0.1278 0.8990
vn -0.5902 0.0002 0.8072
vn -0.7586 0.0007 0.6515
vn -0.8730 -0.1473 0.4649
vn -0.9549 0.2557 0.1510
vn -0.9880 0.1292 -0.0852
vn -0.9279 0.2663 -0.2608
vn -0.8329 0.5507 -0.0556
vn -0.7792 0.5754 -0.2485
vn -0.7880 0.4773 -0.3889
vn -0.6658 0.6550 -0.3575
vn -0.6756 0.5657 -0.4727
vn -0.8088 0.2940 -0.5093
vn -0.8717 0.0703 -0.4849
vn -0.9856 -0.0034 -0.1693
vn -0.9877 -0.0026 0.1566
vn -0.8059 0.5767 0.1343
vn -0.7627 0.4974 0.4133
vn -0.6694 0.7241 0.1660
vn -0.7107 0.6727 0.2059
vn -0.6086 0.6788 0.4109
vn -0.5171 0.7380 0.4336
vn -0.5315 0.6596 0.5315
vn -0.5967 0.4562 0.6602
vn -0.6473 0.1797 0.7407
vn -0.3198 0.5842 0.7460
vn -0.3769 0.3848 0.8426
vn -0.4109 0.1350 0.9016
vn -0.5896 -0.0010 0.8077
vn -0.7587 -0.0013 0.6514
vn -0.8748 0.1497 0.4608
vn -0.8882 -0.4457 0.1115
vn -0.9465 -0.1546 0.2833
vn -0.8422 -0.1717 0.5111
vn -0.6547 -0.7266 0.2084
vn -0.7210 -0.5209 0.4569
vn -0.7093 -0.7026 0.0568
vn -0.8030 -0.5863 -0.1064
vn -0.8569 -0.4827 -0.1811
vn -0.6236 -0.7615 -0.1768
vn -0.9571 -0.0116 -0.2897
vn -0.9453 -0.0010 -0.3261
vn -0.9435 -0.2004 -0.2638
vn -0.9963 -0.0004 -0.0862
vn -0.9799 -0.1663 -0.1099
vn -0.8710 0.0012 0.4913
vn -0.5109 -0.7432 0.4320
vn -0.4824 -0.5693 0.6657
vn -0.6380 -0.2059 0.7420
vn -0.4170 -0.3859 0.8229
vn -0.4172 -0.1064 0.9025
vn -0.6452 0.0020 0.7640
vn -0.6314 0.7453 0.2141
vn -0.7480 0.5998 0.2843
vn -0.8683 0.4702 0.1579
vn -0.6889 0.7176 0.1024
vn -0.7687 0.6366 -0.0618
vn -0.8345 0.5157 -0.1940
vn -0.9426 0.2314 -0.2406
vn -0.7361 0.5921 -0.3280
vn -0.7885 0.4464 -0.4231
vn -0.8543 0.1215 -0.5054
vn -0.9450 -0.0006 -0.3271
vn -0.9963 -0.0015 -0.0862
vn -0.9862 0.1307 0.1012
vn -0.8965 0.2025 0.3940
vn -0.8703 -0.0008 0.4926
vn -0.7454 0.1262 0.6545
vn -0.6806 0.4467 0.5808
vn -0.6947 0.5820 0.4227
vn -0.5436 0.7298 0.4146
vn -0.4944 0.6730 0.5502
vn -0.4438 0.5429 0.7129
vn -0.5911 0.1731 0.7878
vn -0.4671 0.0143 0.8841
vn -0.6464 0.0006 0.7630
vn -0.3682 -0.8410 0.3964
vn -0.7303 -0.6314 0.2607
vn -0.6320 -0.5185 0.5760
vn -0.2377 -0.9639 0.1203
vn -0.6022 -0.7983 0.0063
vn -0.8579 -0.4925 0.1461
vn -0.7176 -0.6964 0.0026
vn -0.8652 -0.4478 -0.2256
vn -0.6175 -0.7782 -0.1144
vn -0.7487 -0.4684 -0.4690
vn -0.9307 -0.1571 -0.3303
vn -0.9455 -0.0002 -0.3257
vn -0.9944 -0.0001 -0.1057
vn -0.9820 -0.1540 -0.1097
vn -0.9499 -0.2034 0.2373
vn -0.8380 -0.2190 0.4997
vn -0.6360 -0.1665 0.7535
vn -0.9078 0.0008 0.4194
vn -0.7325 0.0015 0.6807
vn -0.4000 -0.5542 0.7300
vn -0.4936 -0.3417 0.7998
vn -0.2991 -0.4889 0.8195
vn -0.4023 -0.1906 0.8955
vn -0.4137 -0.0569 0.9086
vn -0.5385 0.5707 0.6199
vn -0.6269 0.2385 0.7417
vn -0.6625 0.5678 0.4886
vn -0.8016 0.2239 0.5543
vn -0.8340 0.4927 0.2486
vn -0.5842 0.7241 0.3667
vn -0.6416 0.6721 0.3695
vn -0.7182 0.6788 0.1532
vn -0.6711 0.7380 0.0713
vn -0.8215 0.5701 0.0062
vn -0.8666 0.4306 -0.2521
vn -0.6129 0.7807 -0.1219
vn -0.7924 0.4051 -0.4560
vn -0.9669 0.2085 -0.1471
vn -0.8632 0.1751 -0.4736
vn -0.9451 -0.0007 -0.3267
vn -0.9945 0.0001 -0.1050
vn -0.9504 0.1433 0.2760
vn -0.9080 -0.0009 0.4189
vn -0.7319 -0.0022 0.6814
vn -0.4011 0.5469 0.7349
vn -0.4565 0.3606 0.8134
vn -0.2918 0.4756 0.8299
vn -0.4088 0.1809 0.8945
vn -0.4417 0.0488 0.8958
vn -0.2225 -0.4249 0.8775
vn -0.4182 -0.4388 0.7954
vn -0.3396 -0.2091 0.9170
vn -0.2717 -0.5297 0.8035
vn -0.0931 -0.2116 0.9729
vn -0.0874 -0.4664 0.8803
vn 0.0191 -0.7482 0.6631
vn 0.1284 -0.5957 0.7929
vn 0.3513 -0.4672 0.8114
vn 0.2118 -0.7286 0.6514
vn 0.2981 -0.6544 0.6950
vn 0.4099 -0.7153 0.5659
vn 0.5576 -0.5522 0.6198
vn 0.7674 -0.2777 0.5779
vn 0.6883 -0.5949 0.4151
vn 0.8529 -0.2261 0.4706
vn 0.7706 0.0010 0.6373
vn 0.4680 0.0020 0.8837
vn 0.6123 -0.1570 0.7749
vn 0.2504 -0.1972 0.9479
vn -0.3301 -0.0427 0.9430
vn 0.0589 0.0027 0.9983
vn -0.4613 -0.2026 0.8638
vn -0.4070 -0.4426 0.7990
vn -0.6055 -0.4208 0.6755
vn -0.4734 -0.1949 0.8590
vn -0.1774 -0.2730 0.9455
vn -0.4289 -0.6172 0.6596
vn -0.2917 -0.6228 0.7260
vn -0.3339 -0.4439 0.8315
vn -0.4020 -0.7161 0.5706
vn -0.4542 -0.6861 0.5683
vn -0.5941 -0.6468 0.4781
vn -0.7652 -0.5395 0.3512
vn -0.5422 -0.8100 0.2235
vn -0.6952 -0.7106 0.1085
vn -0.8544 -0.5184 -0.0349
vn -0.6724 -0.7243 -0.1527
vn -0.9130 -0.3258 -0.2453
vn -0.9872 -0.1396 -0.0775
vn -0.9944 0.0014 -0.1061
vn -0.9853 0.0009 0.1706
vn -0.9299 -0.2082 0.3031
vn -0.7582 -0.1444 0.6358
vn -0.5977 0.0284 0.8012
vn -0.7777 0.0003 0.6286
vn -0.4142 -0.0138 0.9101
vn -0.2161 0.5296 0.8202
vn -0.0985 0.2150 0.9716
vn -0.2378 0.4247 0.8735
vn -0.0934 0.4667 0.8795
vn 0.0190 0.7481 0.6633
vn 0.1283 0.5955 0.7930
vn 0.3615 0.4664 0.8073
vn 0.1953 0.7253 0.6602
vn 0.2768 0.6665 0.6922
vn 0.6558 0.5101 0.5565
vn 0.4094 0.8039 0.4314
vn 0.7699 0.5594 0.3071
vn 0.8062 0.1926 0.5594
vn 0.7697 0.0006 0.6384
vn 0.4687 -0.0016 0.8833
vn 0.6432 0.1679 0.7471
vn 0.2502 0.1973 0.9479
vn -0.3335 0.2361 0.9127
vn -0.3330 0.0428 0.9420
vn 0.0742 -0.0318 0.9967
vn -0.5211 0.1313 0.8434
vn -0.6445 0.2515 0.7221
vn -0.4013 0.3996 0.8242
vn -0.5152 0.2127 0.8303
vn -0.3562 0.5031 0.7874
vn -0.5254 0.4539 0.7197
vn -0.4726 0.7483 0.4656
vn -0.6414 0.5955 0.4837
vn -0.8197 0.4664 0.3325
vn -0.5978 0.7253 0.3413
vn -0.6790 0.6664 0.3081
vn -0.8585 0.5102 -0.0522
vn -0.5944 0.8037 0.0282
vn -0.7677 0.5599 -0.3119
vn -0.9688 0.1936 -0.1546
vn -0.9855 -0.0001 0.1698
vn -0.9946 0.0006 -0.1040
vn -0.9812 0.1679 0.0948
vn -0.8407 0.1974 0.5042
vn -0.7777 -0.0007 0.6286
vn -0.3941 0.0207 0.9188
vn -0.5844 -0.0005 0.8114
vn -0.0000 1.0000 -0.0000
vn -0.0648 -0.6407 0.7650
vn -0.2486 -0.5269 0.8128
vn -0.0213 -0.4215 0.9066
vn -0.2741 -0.3012 0.9133
vn -0.3566 -0.4576 0.8145
vn -0.4589 -0.3651 0.8100
vn -0.0876 -0.1447 0.9856
vn -0.3409 -0.0624 0.9380
vn 0.0813 0.0028 0.9967
vn 0.2713 -0.1817 0.9452
vn 0.1577 -0.5742 0.8034
vn 0.3979 -0.4872 0.7774
vn 0.1604 -0.7240 0.6709
vn 0.1999 -0.6726 0.7125
vn 0.4057 -0.6789 0.6119
vn 0.4293 -0.7379 0.5208
vn 0.5269 -0.6597 0.5359
vn 0.6979 -0.4357 0.5684
vn 0.6739 -0.1665 0.7198
vn 0.7435 -0.5841 0.3258
vn 0.8352 -0.3703 0.4066
vn 0.8826 -0.1375 0.4495
vn 0.7644 0.0020 0.6448
vn 0.4588 0.0026 0.8886
vn -0.0738 0.5711 0.8176
vn 0.1119 0.2846 0.9521
vn -0.2112 0.5104 0.8336
vn -0.2569 0.2872 0.9228
vn -0.3652 0.4686 0.8044
vn -0.4691 0.3752 0.7994
vn -0.0978 0.1896 0.9770
vn -0.3197 0.0501 0.9462
vn 0.0456 -0.0027 0.9990
vn 0.1193 0.5881 0.8000
vn 0.4049 0.5549 0.7267
vn 0.1018 0.7699 0.6300
vn 0.2431 0.9339 0.2622
vn 0.4975 0.7470 0.4409
vn 0.6334 0.4625 0.6204
vn 0.5357 0.6543 0.5338
vn 0.6346 0.6879 0.3523
vn 0.7921 0.4726 0.3861
vn 0.7441 0.1694 0.6462
vn 0.8961 0.1523 0.4168
vn 0.7002 -0.0030 0.7140
vn 0.4396 0.1660 0.8827
vn 0.3991 -0.0030 0.9169
vn 0.1136 -0.5448 0.8308
vn 0.2889 -0.1523 0.9452
vn 0.5849 -0.1947 0.7874
vn -0.0097 -0.7412 0.6712
vn 0.0412 -0.4099 0.9112
vn -0.0064 -0.6700 0.7424
vn -0.1735 -0.5604 0.8098
vn -0.2439 -0.4378 0.8653
vn -0.3112 -0.6526 0.6908
vn -0.4107 -0.5251 0.7454
vn -0.0818 -0.1421 0.9865
vn -0.3021 -0.3065 0.9027
vn -0.3461 -0.1008 0.9328
vn 0.0022 0.0005 1.0000
vn -0.3321 -0.0002 0.9432
vn 0.4983 0.0013 0.8670
vn 0.3073 -0.8473 0.4331
vn 0.5696 -0.4791 0.6678
vn 0.5048 -0.7365 0.4503
vn 0.6769 -0.5597 0.4781
vn 0.7859 -0.2112 0.5811
vn 0.8189 -0.4093 0.4023
vn 0.9143 -0.1033 0.3916
vn 0.7174 0.0013 0.6966
vn 0.1833 0.6659 0.7232
vn 0.4436 0.5142 0.7340
vn -0.1310 0.4657 0.8752
vn 0.2265 0.4326 0.8727
vn -0.3842 0.6894 0.6142
vn -0.4487 0.5129 0.7319
vn -0.3229 0.3042 0.8962
vn -0.4894 0.3696 0.7899
vn -0.0582 0.1596 0.9855
vn 0.2107 0.2885 0.9340
vn -0.3413 0.0999 0.9346
vn -0.0142 -0.0026 0.9999
vn 0.4867 0.1335 0.8633
vn 0.2628 -0.0021 0.9649
vn 0.4279 0.7385 0.5210
vn 0.6632 0.5641 0.4919
vn 0.7419 0.1956 0.6413
vn 0.8160 0.3877 0.4288
vn 0.9021 0.1089 0.4175
vn 0.7071 -0.0006 0.7071
vn 0.9026 0.0003 0.4305
vn 0.2936 -0.8327 0.4695
vn 0.2090 -0.5658 0.7976
vn 0.5160 -0.5017 0.6943
vn 0.0133 -0.9341 0.3568
vn -0.0388 -0.7470 0.6637
vn -0.0154 -0.4649 0.8852
vn -0.0004 -0.6545 0.7561
vn -0.1982 -0.6879 0.6982
vn -0.2855 -0.4726 0.8337
vn -0.0621 -0.1639 0.9845
vn -0.3372 -0.1518 0.9291
vn 0.0125 0.0023 0.9999
vn 0.3304 -0.2062 0.9210
vn 0.6422 -0.1593 0.7498
vn 0.3677 0.0027 0.9299
vn 0.6752 0.0027 0.7376
vn 0.7863 -0.2765 0.5525
vn 0.6496 -0.5909 0.4784
vn 0.7120 -0.5915 0.3784
vn 0.8149 -0.5285 0.2378
vn 0.9497 -0.2246 0.2180
vn 0.8755 -0.0324 0.4821
vn 0.6065 0.5927 0.5300
vn 0.7206 0.2783 0.6350
vn 0.4816 0.5013 0.7189
vn 0.2348 0.5537 0.7989
vn 0.3745 0.7699 0.5168
vn 0.0142 0.9341 0.3568
vn -0.0388 0.7469 0.6638
vn -0.0154 0.4649 0.8852
vn -0.0001 0.6543 0.7562
vn -0.1982 0.6879 0.6982
vn -0.2855 0.4726 0.8338
vn -0.0620 0.1641 0.9845
vn -0.3373 0.1521 0.9290
vn 0.0117 -0.0030 0.9999
vn 0.3447 0.2248 0.9114
vn 0.5970 0.1825 0.7812
vn 0.3677 -0.0035 0.9300
vn 0.6759 -0.0035 0.7370
vn 0.7333 0.5533 0.3950
vn 0.8177 0.3521 0.4553
vn 0.8274 0.4756 0.2985
vn 0.8880 0.1750 0.4252
vn 0.8860 0.0461 0.4614
vn 0.9020 -0.2279 0.3666
vn 0.8329 -0.1461 0.5337
vn 0.9451 -0.0208 0.3262
vn 0.7627 -0.5618 0.3204
vn 0.9444 -0.2529 0.2103
vn 0.7959 -0.5669 0.2125
vn 0.9033 -0.4291 -0.0020
vn 0.7047 -0.7027 -0.0979
vn 0.8298 -0.5167 -0.2108
vn 0.8688 -0.2312 -0.4379
vn 0.6969 -0.4692 -0.5424
vn 0.5749 -0.7592 -0.3050
vn 0.3955 -0.5807 -0.7116
vn 0.6461 -0.2945 -0.7041
vn 0.6529 -0.0588 -0.7551
vn 0.3773 -0.0593 -0.9242
vn 0.7354 0.0030 -0.6776
vn 0.9396 0.0027 -0.3422
vn 0.9832 -0.1580 -0.0910
vn 0.9971 0.0020 0.0767
vn 0.7710 -0.4521 0.4486
vn 0.7132 -0.2418 0.6579
vn 0.8524 -0.1995 0.4833
vn 0.9206 -0.2974 0.2532
vn 0.8276 -0.4459 0.3409
vn 0.7425 -0.5361 0.4016
vn 0.7269 -0.4483 0.5202
vn 0.4618 -0.7479 0.4767
vn 0.4782 -0.5956 0.6454
vn 0.3259 -0.4666 0.8222
vn 0.3365 -0.7253 0.6005
vn 0.3022 -0.6665 0.6815
vn -0.0591 -0.5102 0.8580
vn 0.0231 -0.8037 0.5946
vn -0.3175 -0.5594 0.7657
vn -0.1628 -0.1945 0.9673
vn 0.0133 0.0023 0.9999
vn 0.0871 -0.1686 0.9818
vn 0.4981 -0.1964 0.8446
vn 0.3687 0.0020 0.9295
vn 0.6818 0.0241 0.7311
vn 0.9080 -0.0153 0.4187
vn 0.8347 0.4786 0.2724
vn 0.8905 0.1838 0.4162
vn 0.7900 0.4597 0.4058
vn 0.9486 0.2582 0.1829
vn 0.7646 0.5844 0.2717
vn 0.8004 0.5638 0.2038
vn 0.8261 0.5521 -0.1128
vn 0.6213 0.7699 0.1458
vn 0.3355 0.9338 -0.1243
vn 0.6467 0.7080 -0.2838
vn 0.8731 0.3184 -0.3693
vn 0.7270 0.6340 -0.2638
vn 0.5640 0.5098 -0.6496
vn 0.4350 0.8037 -0.4060
vn 0.3130 0.5597 -0.7673
vn 0.5651 0.1949 -0.8017
vn 0.7346 -0.0041 -0.6785
vn 0.7562 0.1621 -0.6339
vn 0.9843 0.1532 -0.0882
vn 0.9453 0.0218 0.3254
vn 0.9397 -0.0036 -0.3420
vn 0.9977 -0.0309 0.0610
vn 0.8264 0.1631 0.5389
vn 0.7305 0.4869 0.4790
vn 0.8641 0.1979 0.4629
vn 0.7139 0.2434 0.6565
vn 0.9442 0.2724 0.1852
vn 0.7475 0.5604 0.3566
vn 0.8372 0.4265 0.3423
vn 0.7038 0.4552 0.5454
vn 0.4617 0.7479 0.4770
vn 0.4783 0.5956 0.6454
vn 0.3259 0.4666 0.8223
vn 0.3365 0.7253 0.6005
vn 0.3024 0.6665 0.6814
vn -0.0591 0.5102 0.8580
vn 0.0232 0.8038 0.5945
vn -0.3179 0.5595 0.7655
vn -0.1627 0.1948 0.9673
vn 0.0871 0.1688 0.9818
vn 0.0125 -0.0030 0.9999
vn 0.4983 0.1963 0.8445
vn 0.3688 -0.0027 0.9295
vn 0.9084 0.0160 0.4178
vn 0.6935 -0.0019 0.7204
vn 0.8116 -0.5839 -0.0187
vn 0.8026 -0.5772 0.1506
vn 0.9582 -0.2739 0.0824
vn 0.8111 -0.4886 0.3215
vn 0.9099 -0.2859 0.3005
vn 0.8091 -0.3851 0.4439
vn 0.9555 -0.0488 0.2909
vn 0.9965 0.0037 -0.0832
vn 0.9829 -0.1437 -0.1149
vn 0.8385 -0.4783 -0.2609
vn 0.9112 -0.2226 -0.3468
vn 0.6076 -0.7481 -0.2669
vn 0.6552 -0.6481 -0.3882
vn 0.6933 -0.5116 -0.5075
vn 0.7705 -0.2316 -0.5939
vn 0.5782 -0.6127 -0.5388
vn 0.5920 -0.4545 -0.6656
vn 0.3263 -0.5092 -0.7964
vn 0.3814 -0.3261 -0.8650
vn 0.5562 -0.2227 -0.8007
vn 0.5916 -0.0378 -0.8054
vn 0.8871 0.0029 -0.4615
vn 0.6430 0.0017 -0.7658
vn 0.3780 -0.0540 -0.9242
vn 0.8182 0.5686 -0.0851
vn 0.9565 0.2847 0.0628
vn 0.8026 0.5749 0.1588
vn 0.8111 0.4886 0.3216
vn 0.9220 0.2399 0.3039
vn 0.8090 0.3850 0.4441
vn 0.9554 0.0494 0.2912
vn 0.9966 -0.0048 -0.0823
vn 0.9779 0.1640 -0.1298
vn 0.7419 0.5528 -0.3795
vn 0.6581 0.7509 -0.0558
vn 0.8467 0.5268 -0.0750
vn 0.4396 0.7470 -0.4988
vn 0.6116 0.4652 -0.6400
vn 0.5319 0.6542 -0.5377
vn 0.3508 0.6879 -0.6355
vn 0.3840 0.4729 -0.7930
vn 0.6481 0.1640 -0.7436
vn 0.4145 0.1515 -0.8974
vn 0.6424 -0.0024 -0.7664
vn 0.8870 -0.0039 -0.4617
vn 0.8851 0.2289 -0.4053
vn 0.7045 -0.6546 -0.2743
vn 0.8716 -0.4825 -0.0872
vn 0.8427 -0.4107 -0.3480
vn 0.6759 -0.7361 0.0355
vn 0.8129 -0.5649 0.1414
vn 0.9761 -0.2094 0.0580
vn 0.8802 -0.3864 0.2755
vn 0.9374 -0.1068 0.3315
vn 0.9899 0.0007 0.1417
vn 0.9961 0.0008 -0.0880
vn 0.9656 -0.1516 -0.2113
vn 0.8611 -0.1552 -0.4841
vn 0.8405 0.0003 -0.5418
vn 0.6640 -0.6192 -0.4192
vn 0.6350 -0.4247 -0.6453
vn 0.7099 -0.1916 -0.6778
vn 0.4106 -0.6641 -0.6248
vn 0.4537 -0.4665 -0.7593
vn 0.6055 -0.1634 -0.7789
vn 0.4244 -0.3405 -0.8390
vn 0.3639 -0.1675 -0.9163
vn 0.6017 -0.0001 -0.7988
vn 0.5892 0.7410 -0.3222
vn 0.7849 0.5170 -0.3416
vn 0.6853 0.7151 -0.1379
vn 0.8748 0.4835 -0.0306
vn 0.6732 0.6628 0.3279
vn 0.8712 0.4345 0.2285
vn 0.7517 0.5185 0.4076
vn 0.8931 0.3293 0.3065
vn 0.7912 0.3694 0.4874
vn 0.9758 0.2175 0.0208
vn 0.9312 0.1908 -0.3106
vn 0.9440 0.0891 0.3177
vn 0.9899 -0.0007 0.1419
vn 0.9961 -0.0010 -0.0878
vn 0.8405 -0.0007 -0.5418
vn 0.7828 0.1108 -0.6123
vn 0.5186 0.6615 -0.5417
vn 0.6631 0.3757 -0.6474
vn 0.4348 0.4856 -0.7584
vn 0.4162 0.2568 -0.8723
vn 0.5869 0.1026 -0.8031
vn 0.3597 0.0827 -0.9294
vn 0.6017 -0.0002 -0.7987
vn 0.5169 -0.5948 -0.6157
vn 0.5928 -0.5997 -0.5375
vn 0.6790 -0.2723 -0.6817
vn 0.7610 -0.5043 -0.4081
vn 0.8498 -0.1777 -0.4963
vn 0.6166 -0.7480 -0.2455
vn 0.7362 -0.6482 -0.1944
vn 0.8463 -0.5186 -0.1218
vn 0.9512 -0.2461 -0.1859
vn 0.7861 -0.6171 -0.0351
vn 0.8945 -0.4462 0.0260
vn 0.7576 -0.5840 0.2914
vn 0.8723 -0.3794 0.3086
vn 0.9858 -0.1406 0.0918
vn 0.9295 -0.1453 0.3389
vn 0.9968 0.0020 0.0799
vn 0.9611 0.0022 -0.2763
vn 0.8022 0.0021 -0.5971
vn 0.5995 -0.0787 -0.7965
vn 0.5261 -0.3646 -0.7683
vn 0.3667 -0.5503 -0.7501
vn 0.4360 -0.2578 -0.8622
vn 0.3769 -0.1009 -0.9207
vn 0.4690 0.8326 -0.2948
vn 0.6941 0.4999 -0.5181
vn 0.8011 0.5658 -0.1952
vn 0.3569 0.9340 -0.0158
vn 0.6637 0.7471 0.0369
vn 0.8853 0.4649 0.0129
vn 0.7562 0.6543 -0.0018
vn 0.8345 0.4727 0.2831
vn 0.9846 0.1643 0.0601
vn 0.9301 0.1515 0.3346
vn 0.9968 -0.0024 0.0803
vn 0.9611 -0.0027 -0.2762
vn 0.9200 0.2066 -0.3331
vn 0.7399 0.2005 -0.6421
vn 0.8020 -0.0028 -0.5973
vn 0.6178 0.1393 -0.7739
vn 0.6194 0.3422 -0.7066
vn 0.3663 0.5505 -0.7502
vn 0.4325 0.2754 -0.8585
vn 0.3553 0.1597 -0.9210
vn 0.3283 0.0518 -0.9431
vn 0.3479 -0.6575 -0.6684
vn 0.3558 -0.3978 -0.8457
vn 0.1561 -0.5764 -0.8021
vn 0.1051 -0.7240 -0.6817
vn 0.0848 -0.6722 -0.7355
vn -0.1439 -0.6791 -0.7198
vn -0.1769 -0.7484 -0.6392
vn -0.3234 -0.6273 -0.7085
vn -0.5151 -0.4740 -0.7142
vn -0.6276 -0.6133 -0.4795
vn -0.7399 -0.4190 -0.5263
vn -0.6891 -0.6162 -0.3813
vn -0.7919 -0.4372 -0.4263
vn -0.6174 -0.1514 -0.7720
vn -0.8021 -0.1559 -0.5765
vn -0.5507 0.0023 -0.8347
vn -0.2975 -0.1855 -0.9365
vn 0.0320 -0.1907 -0.9811
vn 0.2538 -0.1712 -0.9520
vn -0.2172 0.0024 -0.9761
vn 0.1446 0.0021 -0.9895
vn 0.5035 -0.0459 -0.8628
vn 0.4763 -0.1257 -0.8703
vn 0.4391 -0.1831 -0.8795
vn 0.6408 -0.3172 -0.6991
vn 0.0845 0.4627 -0.8825
vn 0.3390 0.1722 -0.9249
vn 0.3594 0.4774 -0.8018
vn 0.2489 0.6964 -0.6731
vn -0.0409 0.7739 -0.6320
vn -0.1413 0.6203 -0.7715
vn -0.3385 0.4657 -0.8177
vn -0.2945 0.6545 -0.6963
vn -0.3552 0.7426 -0.5678
vn -0.5520 0.5040 -0.6644
vn -0.7102 0.5470 -0.4433
vn -0.7576 0.4728 -0.4500
vn -0.8012 0.2730 -0.5325
vn -0.6175 0.1501 -0.7721
vn -0.2524 0.1969 -0.9474
vn 0.0972 0.1600 -0.9823
vn -0.5517 -0.0030 -0.8341
vn -0.2175 -0.0036 -0.9760
vn 0.1461 -0.0037 -0.9893
vn 0.5125 0.0377 -0.8578
vn 0.5217 0.1346 -0.8424
vn 0.5556 0.3725 -0.7434
vn -0.0153 -0.6230 -0.7821
vn 0.1277 -0.5324 -0.8368
vn -0.1751 -0.4831 -0.8579
vn 0.2496 -0.2160 -0.9440
vn 0.2728 -0.5217 -0.8083
vn 0.3853 -0.4536 -0.8036
vn 0.3654 -0.6539 -0.6625
vn 0.4744 -0.5660 -0.6742
vn 0.5017 -0.0785 -0.8615
vn -0.2838 -0.1686 -0.9439
vn -0.0428 -0.7534 -0.6561
vn -0.1864 -0.7253 -0.6627
vn -0.4032 -0.5889 -0.7004
vn -0.4424 -0.7285 -0.5230
vn -0.5388 -0.6546 -0.5302
vn -0.6367 -0.6876 -0.3489
vn -0.7883 -0.4852 -0.3783
vn -0.8123 -0.1834 -0.5537
vn -0.8991 -0.2496 -0.3597
vn -0.5447 0.0023 -0.8386
vn -0.0477 0.6049 -0.7949
vn 0.1280 0.3881 -0.9127
vn 0.1620 0.6242 -0.7643
vn 0.3550 0.4617 -0.8129
vn 0.4550 0.2983 -0.8391
vn 0.2801 0.1142 -0.9532
vn 0.5199 0.0949 -0.8489
vn 0.1719 -0.0034 -0.9851
vn -0.0673 0.1996 -0.9776
vn -0.2008 -0.0034 -0.9796
vn -0.2306 0.5211 -0.8218
vn -0.0479 0.7522 -0.6572
vn -0.1357 0.7333 -0.6662
vn -0.4170 0.5575 -0.7179
vn -0.4500 0.7837 -0.4280
vn -0.5606 0.6726 -0.4831
vn -0.6778 0.4423 -0.5874
vn -0.5964 0.2027 -0.7767
vn -0.7976 0.5091 -0.3237
vn -0.8671 0.3315 -0.3719
vn -0.8106 0.1935 -0.5528
vn -0.3215 0.2387 -0.9163
vn -0.5455 -0.0030 -0.8381
vn -0.1929 -0.6760 -0.7112
vn 0.1179 -0.4660 -0.8769
vn -0.4073 -0.5204 -0.7505
vn -0.2116 -0.4760 -0.8536
vn 0.3790 -0.7057 -0.5986
vn 0.3709 -0.3962 -0.8399
vn 0.5114 -0.1139 -0.8517
vn 0.2492 -0.1373 -0.9587
vn 0.2619 0.0022 -0.9651
vn -0.1379 0.0024 -0.9904
vn -0.0793 -0.2662 -0.9607
vn -0.3336 -0.1732 -0.9267
vn -0.6389 -0.2715 -0.7198
vn -0.4483 -0.7046 -0.5500
vn -0.6487 -0.5844 -0.4876
vn -0.8184 -0.3906 -0.4216
vn -0.8201 -0.1324 -0.5567
vn -0.9055 -0.2008 -0.3738
vn -0.5164 0.0023 -0.8563
vn -0.2129 0.7448 -0.6324
vn -0.2669 0.6260 -0.7327
vn -0.1599 0.4512 -0.8780
vn -0.0989 0.7157 -0.6914
vn 0.0595 0.6325 -0.7723
vn 0.1494 0.4950 -0.8559
vn 0.2437 0.2326 -0.9415
vn 0.3707 0.4090 -0.8339
vn 0.2949 0.6671 -0.6842
vn 0.6322 0.1866 -0.7520
vn -0.0774 0.1226 -0.9894
vn -0.3844 0.1972 -0.9019
vn 0.7708 0.0033 -0.6370
vn -0.1374 -0.0037 -0.9905
vn -0.6165 0.1130 -0.7792
vn -0.4419 0.5819 -0.6827
vn -0.5998 0.4249 -0.6780
vn -0.4244 0.7198 -0.5493
vn -0.5452 0.6654 -0.5099
vn -0.7489 0.4821 -0.4548
vn -0.7850 0.2148 -0.5811
vn -0.8404 0.3403 -0.4218
vn -0.9173 0.1676 -0.3613
vn -0.5177 -0.0043 -0.8556
vn -0.5480 -0.5808 -0.6020
vn -0.4352 -0.5167 -0.7373
vn -0.7591 -0.3001 -0.5776
vn -0.4370 -0.7522 -0.4931
vn -0.3826 -0.7330 -0.5624
vn -0.2036 -0.5426 -0.8149
vn 0.2277 -0.4412 -0.8681
vn 0.1236 -0.7805 -0.6129
vn 0.4694 -0.4186 -0.7775
vn -0.4357 -0.2433 -0.8666
vn -0.6364 -0.2409 -0.7328
vn -0.4458 0.0011 -0.8952
vn -0.6551 0.0009 -0.7555
vn -0.7961 -0.0890 -0.5986
vn -0.6444 -0.6261 -0.4391
vn -0.7411 -0.6008 -0.2996
vn -0.8699 -0.2060 -0.4481
vn -0.9216 -0.1008 -0.3749
vn -0.6019 0.5880 -0.5403
vn -0.7379 0.3749 -0.5612
vn -0.4970 0.5537 -0.6681
vn -0.4771 0.2103 -0.8533
vn -0.2517 0.4919 -0.8335
vn -0.3650 0.7241 -0.5852
vn -0.3677 0.6723 -0.6426
vn -0.0696 0.7380 -0.6712
vn 0.2191 0.4730 -0.8534
vn 0.5166 0.5445 -0.6608
vn 0.5025 0.3387 -0.7955
vn 0.3110 0.2347 -0.9210
vn -0.0392 0.1892 -0.9811
vn -0.6564 0.2339 -0.7172
vn 0.3253 0.0463 -0.9445
vn 0.0946 -0.0008 -0.9955
vn 0.5478 0.0541 -0.8348
vn -0.4462 -0.0007 -0.8949
vn -0.6547 0.0001 -0.7559
vn -0.7985 0.0721 -0.5977
vn -0.7277 0.6074 -0.3185
vn -0.9033 0.2265 -0.3643
vn -0.9267 0.1088 -0.3598
vn -0.8410 -0.4054 -0.3583
vn -0.9167 -0.1346 -0.3763
vn -0.9759 -0.1757 -0.1295
vn -0.6691 -0.6577 -0.3460
vn -0.7825 -0.6015 -0.1608
vn -0.8795 -0.4750 0.0297
vn -0.6799 -0.7254 -0.1078
vn -0.7217 -0.6896 -0.0606
vn -0.7195 -0.6497 0.2454
vn -0.5060 -0.8616 -0.0391
vn -0.3955 -0.8452 0.3594
vn -0.8123 -0.3615 0.4577
vn -0.5583 -0.5165 0.6493
vn -0.3667 -0.8155 0.4478
vn -0.3077 -0.5641 0.7663
vn -0.4726 -0.2320 0.8502
vn -0.6413 -0.1649 0.7494
vn -0.6139 0.0014 0.7894
vn -0.8269 0.0019 0.5624
vn -0.8342 -0.2929 0.4672
vn -0.9594 -0.1519 0.2377
vn -0.9986 0.0012 -0.0528
vn -0.8496 -0.0451 -0.5255
vn -0.7637 -0.2478 -0.5961
vn -0.6844 -0.3477 -0.6409
vn -0.8833 -0.0001 -0.4688
vn -0.9489 0.2370 -0.2086
vn -0.9139 0.1432 -0.3799
vn -0.8117 0.4576 -0.3630
vn -0.7650 0.5837 -0.2720
vn -0.6933 0.6160 -0.3741
vn -0.8683 0.4890 -0.0831
vn -0.6631 0.7483 0.0171
vn -0.7858 0.6017 0.1434
vn -0.8763 0.3256 0.3551
vn -0.6830 0.6973 0.2173
vn -0.7355 0.6077 0.2995
vn -0.6043 0.6842 0.4083
vn -0.6283 0.5644 0.5355
vn -0.5788 0.2770 0.7670
vn -0.4177 0.5950 0.6867
vn -0.4726 0.2271 0.8515
vn -0.6140 -0.0007 0.7893
vn -0.8271 -0.0007 0.5621
vn -0.7803 0.1474 0.6078
vn -0.9795 0.1757 0.0985
vn -0.9986 -0.0002 -0.0521
vn -0.8496 0.0447 -0.5255
vn -0.7634 0.2479 -0.5965
vn -0.7621 0.4432 -0.4719
vn -0.8833 0.0001 -0.4688
vn -0.8487 -0.5280 -0.0319
vn -0.9595 -0.1807 -0.2162
vn -0.9660 -0.2131 0.1466
vn -0.6672 -0.7416 -0.0694
vn -0.6842 -0.6731 -0.2806
vn -0.8206 -0.4803 -0.3096
vn -0.6596 -0.5942 -0.4603
vn -0.8347 -0.2758 -0.4768
vn -0.8674 -0.0796 -0.4912
vn -0.9888 0.0006 -0.1490
vn -0.8677 -0.0001 -0.4972
vn -0.6919 -0.7102 0.1303
vn -0.7613 -0.5269 0.3779
vn -0.6583 -0.6990 0.2792
vn -0.5018 -0.7818 0.3701
vn -0.5144 -0.6347 0.5767
vn -0.6299 -0.2734 0.7270
vn -0.3876 -0.6544 0.6492
vn -0.3912 -0.5012 0.7718
vn -0.4186 -0.1289 0.8990
vn -0.7091 0.0016 0.7051
vn -0.8672 -0.1437 0.4768
vn -0.8995 0.0016 0.4368
vn -0.8221 0.5662 -0.0590
vn -0.9640 0.2352 0.1240
vn -0.9592 0.2334 -0.1593
vn -0.7964 0.5520 -0.2471
vn -0.8256 0.4333 -0.3615
vn -0.6656 0.6552 -0.3574
vn -0.6756 0.5661 -0.4724
vn -0.9406 0.0868 -0.3281
vn -0.8693 0.3173 -0.3789
vn -0.9889 -0.0014 -0.1486
vn -0.8676 -0.0013 -0.4972
vn -0.8061 0.5753 0.1388
vn -0.7657 0.4950 0.4107
vn -0.6696 0.7240 0.1660
vn -0.7113 0.6723 0.2053
vn -0.6086 0.6789 0.4108
vn -0.5170 0.7381 0.4334
vn -0.5315 0.6597 0.5314
vn -0.5967 0.4563 0.6601
vn -0.6477 0.1796 0.7404
vn -0.3198 0.5842 0.7459
vn -0.3769 0.3849 0.8425
vn -0.4108 0.1361 0.9015
vn -0.7082 -0.0030 0.7060
vn -0.8759 0.1524 0.4577
vn -0.8997 -0.0024 0.4365
vn -0.5874 -0.7410 0.3254
vn -0.6730 -0.7242 0.1506
vn -0.7809 -0.5233 0.3410
vn -0.8366 -0.5442 -0.0636
vn -0.5335 -0.8070 -0.2532
vn -0.8097 -0.5161 -0.2792
vn -0.8144 -0.3518 -0.4615
vn -0.9495 -0.1838 -0.2543
vn -0.8501 -0.1177 -0.5132
vn -0.9450 0.0009 -0.3271
vn -0.9963 0.0008 -0.0856
vn -0.9731 -0.2252 0.0480
vn -0.9273 -0.1854 0.3252
vn -0.8705 0.0002 0.4922
vn -0.7528 -0.1003 0.6506
vn -0.5140 -0.6584 0.5498
vn -0.6895 -0.4031 0.6017
vn -0.4621 -0.5404 0.7032
vn -0.5925 -0.1813 0.7849
vn -0.4496 -0.0142 0.8931
vn -0.6463 -0.0004 0.7631
vn -0.6194 0.7534 0.2208
vn -0.7205 0.6321 0.2852
vn -0.8513 0.4907 0.1858
vn -0.6825 0.7251 0.0913
vn -0.7735 0.6309 -0.0603
vn -0.8376 0.5128 -0.1882
vn -0.9412 0.2322 -0.2455
vn -0.7360 0.5922 -0.3280
vn -0.8551 0.1205 -0.5043
vn -0.9973 -0.0011 -0.0740
vn -0.8798 0.0004 -0.4753
vn -0.9780 0.2070 0.0263
vn -0.9216 0.1773 0.3453
vn -0.8379 -0.0010 0.5458
vn -0.7537 0.1027 0.6492
vn -0.6788 0.5844 0.4447
vn -0.6834 0.4175 0.5989
vn -0.5481 0.7199 0.4258
vn -0.5083 0.6654 0.5467
vn -0.4422 0.5452 0.7121
vn -0.5882 0.1760 0.7894
vn -0.4655 0.0143 0.8849
vn -0.6202 0.0007 0.7845
vn -0.4804 -0.7480 0.4580
vn -0.7124 -0.4864 0.5059
vn -0.5552 -0.6230 0.5511
vn -0.5485 -0.7365 0.3958
vn -0.6698 -0.6945 0.2627
vn -0.8582 -0.4991 0.1199
vn -0.6081 -0.7871 0.1030
vn -0.7175 -0.6965 0.0027
vn -0.6173 -0.7784 -0.1141
vn -0.7488 -0.4682 -0.4691
vn -0.9307 -0.1575 -0.3300
vn -0.9847 0.0024 -0.1744
vn -0.9844 -0.1510 -0.0901
vn -0.9243 -0.1978 0.3264
vn -0.7432 -0.1378 0.6547
vn -0.9903 0.0017 0.1388
vn -0.7692 0.0001 0.6391
vn -0.5421 -0.2872 0.7897
vn -0.4543 -0.5827 0.6739
vn -0.2437 -0.5454 0.8019
vn -0.2139 -0.2235 0.9509
vn -0.4776 -0.0310 0.8780
vn -0.5934 -0.0004 0.8049
vn -0.6977 0.5224 0.4902
vn -0.6003 0.1779 0.7798
vn -0.7616 0.1602 0.6280
vn -0.5743 0.7682 0.2830
vn -0.8328 0.5024 0.2325
vn -0.6415 0.6721 0.3698
vn -0.7182 0.6788 0.1531
vn -0.6710 0.7380 0.0714
vn -0.8214 0.5704 0.0062
vn -0.8691 0.4396 -0.2266
vn -0.6127 0.7809 -0.1216
vn -0.7789 0.4187 -0.4670
vn -0.9504 0.1764 -0.2563
vn -0.8435 0.1873 -0.5035
vn -0.9845 -0.0030 -0.1756
vn -0.9767 0.1931 0.0931
vn -0.8844 0.2017 0.4208
vn -0.9903 -0.0020 0.1390
vn -0.7695 -0.0010 0.6387
vn -0.4925 0.5526 0.6724
vn -0.5092 0.3358 0.7924
vn -0.4104 0.5480 0.7288
vn -0.2784 0.4880 0.8273
vn -0.3837 0.1871 0.9043
vn -0.4018 0.0561 0.9140
vn -0.5925 -0.0012 0.8055
vn -0.2206 -0.4324 0.8743
vn -0.4164 -0.4556 0.7868
vn -0.3770 -0.1930 0.9059
vn -0.2711 -0.5299 0.8035
vn -0.0860 -0.2143 0.9730
vn -0.0850 -0.4604 0.8836
vn 0.0191 -0.7482 0.6632
vn 0.1284 -0.5956 0.7929
vn 0.3512 -0.4672 0.8114
vn 0.2117 -0.7286 0.6514
vn 0.2982 -0.6545 0.6947
vn 0.5575 -0.5521 0.6199
vn 0.6882 -0.5950 0.4152
vn 0.8529 -0.2264 0.4703
vn 0.7707 0.0010 0.6372
vn 0.4681 0.0020 0.8837
vn 0.6123 -0.1568 0.7749
vn 0.2513 -0.1972 0.9476
vn -0.3255 -0.0348 0.9449
vn -0.5316 -0.1634 0.8311
vn -0.4070 -0.4428 0.7989
vn -0.6055 -0.4207 0.6756
vn -0.4727 -0.1949 0.8594
vn -0.1775 -0.2730 0.9455
vn -0.4291 -0.6171 0.6596
vn -0.2918 -0.6229 0.7259
vn -0.3340 -0.4440 0.8314
vn -0.4020 -0.7159 0.5709
vn -0.4542 -0.6859 0.5685
vn -0.5942 -0.6468 0.4781
vn -0.7652 -0.5396 0.3512
vn -0.5421 -0.8100 0.2237
vn -0.6952 -0.7106 0.1086
vn -0.9130 -0.3262 -0.2450
vn -0.9873 -0.1394 -0.0765
vn -0.9986 0.0027 0.0530
vn -0.9302 -0.2080 0.3026
vn -0.7578 -0.1450 0.6361
vn -0.9009 0.0025 0.4341
vn -0.6531 0.0302 0.7567
vn -0.4148 -0.0138 0.9098
vn -0.2084 0.2538 0.9445
vn -0.3141 0.0314 0.9489
vn -0.3911 0.2554 0.8842
vn -0.3561 0.4683 0.8086
vn -0.2737 0.5597 0.7822
vn -0.0695 0.4926 0.8675
vn 0.0190 0.7482 0.6632
vn 0.1455 0.6016 0.7854
vn 0.3651 0.3281 0.8713
vn 0.2014 0.6952 0.6901
vn 0.2696 0.6339 0.7249
vn 0.6542 0.5098 0.5586
vn 0.4095 0.8038 0.4315
vn 0.7698 0.5597 0.3068
vn 0.8062 0.1928 0.5594
vn 0.4691 -0.0022 0.8831
vn 0.6408 0.1611 0.7506
vn 0.0992 0.1767 0.9792
vn 0.0734 -0.0330 0.9968
vn -0.5079 0.1427 0.8495
vn -0.6446 0.2513 0.7220
vn -0.5149 0.2125 0.8305
vn -0.3564 0.5029 0.7874
vn -0.5245 0.4548 0.7198
vn -0.4725 0.7482 0.4658
vn -0.6414 0.5956 0.4836
vn -0.5978 0.7254 0.3412
vn -0.6789 0.6665 0.3081
vn -0.5941 0.8039 0.0280
vn -0.7677 0.5598 -0.3120
vn -0.9685 0.1948 -0.1549
vn -0.9811 0.1687 0.0950
vn -0.9986 -0.0041 0.0526
vn -0.8406 0.1974 0.5044
vn -0.9007 -0.0034 0.4344
vn -0.3943 0.0206 0.9187
vn -0.6407 -0.0021 0.7678
vn 0.7470 0.6043 0.2771
vn 0.8493 0.5195 0.0934
vn 0.8772 0.3103 0.3665
vn 0.6732 0.7365 -0.0659
vn 0.8686 0.4868 -0.0920
vn 0.9797 0.1569 -0.1251
vn 0.9991 0.0002 -0.0414
vn 0.9993 -0.0282 -0.0231
vn 0.9846 0.1632 0.0625
vn 0.9261 0.1361 0.3520
vn -0.0250 -0.9643 0.2635
vn 0.2210 -0.9689 0.1110
vn 0.3948 -0.8963 -0.2019
vn 0.4816 -0.8719 -0.0892
vn 0.5786 -0.7566 -0.3048
vn 0.6472 -0.7397 -0.1841
vn 0.7579 -0.5844 -0.2898
vn 0.1172 -0.8905 0.4396
vn -0.2382 -0.8083 0.5384
vn -0.4489 -0.6360 0.6277
vn -0.3537 -0.5717 0.7403
vn -0.2217 -0.7892 0.5728
vn 0.0593 -0.7757 0.6283
vn 0.5567 -0.7872 0.2653
vn 0.7388 -0.6702 0.0707
vn 0.3797 -0.7713 0.5108
vn 0.2265 -0.7036 0.6735
vn 0.5071 -0.6409 0.5764
vn 0.5575 -0.6466 0.5207
vn 0.7517 -0.5620 0.3450
vn 0.8124 -0.5171 0.2695
vn 0.0135 -0.6327 0.7743
vn -0.4849 -0.5597 0.6720
vn -0.5626 -0.2420 0.7905
vn -0.5062 -0.4272 0.7492
vn -0.5591 -0.1839 0.8084
vn -0.5349 0.0002 0.8449
vn -0.4485 0.0002 0.8938
vn 0.7559 -0.6547 -0.0054
vn 0.9533 -0.2969 -0.0550
vn 0.7878 -0.5560 -0.2649
vn 0.8627 -0.2360 -0.4473
vn 0.6662 -0.5821 -0.4662
vn 0.7725 -0.2371 -0.5891
vn 0.8877 0.0014 -0.4605
vn 0.9886 0.0010 -0.1503
vn 0.8901 -0.3459 0.2970
vn 0.9594 -0.2227 0.1732
vn 0.9035 0.0075 0.4286
vn 0.9629 0.0006 0.2699
vn 0.9261 -0.0462 0.3746
vn -0.3313 0.7319 0.5954
vn -0.1718 0.7867 0.5929
vn -0.3082 0.5426 0.7814
vn -0.1742 0.8630 0.4743
vn 0.1190 0.8922 0.4357
vn 0.0397 0.9719 0.2322
vn 0.2950 0.9510 0.0931
vn 0.2554 0.9573 -0.1355
vn 0.4864 0.8663 -0.1143
vn 0.4092 0.8694 -0.2771
vn 0.6158 0.7487 -0.2454
vn 0.5972 0.8010 0.0429
vn 0.4599 0.8181 0.3452
vn 0.0592 0.7758 0.6282
vn 0.0135 0.6331 0.7740
vn 0.2265 0.7037 0.6734
vn 0.3695 0.7538 0.5434
vn 0.6069 0.7263 0.3226
vn 0.7485 0.6576 -0.0853
vn 0.6223 0.6108 0.4895
vn 0.5832 0.6349 0.5068
vn 0.5014 0.6266 0.5966
vn -0.4854 0.5597 0.6716
vn -0.5063 0.4271 0.7492
vn -0.5626 0.2421 0.7905
vn -0.5589 0.1841 0.8085
vn -0.5352 -0.0002 0.8447
vn -0.4485 -0.0003 0.8938
vn 0.6138 0.7672 0.1861
vn 0.8667 0.4540 0.2066
vn 0.7060 0.6622 0.2511
vn 0.7872 0.6164 -0.0184
vn 0.8417 0.4798 -0.2476
vn 0.7585 0.5076 -0.4087
vn 0.6113 0.7406 -0.2790
vn 0.8563 0.1581 -0.4917
vn 0.8885 0.0002 -0.4590
vn 0.9885 -0.0005 -0.1510
vn 0.9402 0.1550 -0.3035
vn 0.9737 0.2099 0.0884
vn 0.8909 0.1785 0.4176
vn 0.8310 0.2497 0.4971
vn 0.9315 0.0597 0.3588
vn 0.9628 -0.0012 0.2702
vn 0.0012 -0.9701 0.2428
vn 0.2207 -0.9440 0.2452
vn 0.2138 -0.9741 -0.0742
vn 0.3855 -0.9015 -0.1966
vn 0.4174 -0.8004 -0.4302
vn 0.4209 -0.7565 -0.5006
vn 0.4790 -0.7888 -0.3853
vn 0.6108 -0.5074 -0.6078
vn 0.0445 -0.8662 0.4978
vn -0.1519 -0.8056 0.5726
vn -0.1309 -0.8356 0.5336
vn 0.0033 -0.5717 0.8205
vn 0.2670 -0.8103 0.5217
vn 0.5492 -0.8231 0.1446
vn 0.6865 -0.7214 -0.0913
vn 0.7719 -0.5955 -0.2227
vn 0.4874 -0.7674 0.4167
vn 0.4998 -0.6307 0.5937
vn 0.6401 -0.6266 0.4446
vn 0.6391 -0.6528 0.4067
vn 0.7300 -0.6130 0.3022
vn 0.7818 -0.6140 0.1085
vn 0.8152 -0.5768 0.0532
vn 0.8016 -0.4363 0.4087
vn 0.8285 -0.4443 0.3409
vn 0.1836 -0.6499 0.7375
vn 0.2752 -0.4831 -0.8312
vn 0.4154 -0.4280 -0.8026
vn 0.5109 -0.3048 -0.8037
vn 0.6573 -0.2123 -0.7231
vn 0.0014 0.9701 0.2428
vn 0.2531 0.9652 -0.0661
vn 0.2107 0.9443 0.2528
vn 0.0531 0.8655 0.4981
vn -0.1522 0.8056 0.5726
vn -0.1309 0.8355 0.5337
vn 0.0032 0.5716 0.8206
vn 0.4434 0.8963 0.0040
vn 0.3731 0.8591 -0.3503
vn 0.4317 0.6369 -0.6387
vn 0.3961 0.7619 -0.5124
vn 0.3699 0.6538 -0.6602
vn 0.4150 0.8539 -0.3140
vn 0.4663 0.7893 0.3995
vn 0.2808 0.7719 0.5704
vn 0.2092 0.6594 0.7221
vn 0.4327 0.5750 0.6944
vn 0.6269 0.7619 0.1629
vn 0.6999 0.7134 -0.0330
vn 0.1940 0.8886 -0.4157
vn 0.7226 0.6440 0.2513
vn 0.6738 0.6861 0.2743
vn 0.7190 0.5122 0.4698
vn 0.9247 -0.0000 0.3806
vn 0.9260 -0.0001 0.3775
vn 0.9262 -0.0001 0.3771
vn 0.9246 -0.0009 0.3810
vn 0.9253 -0.0005 0.3793
vn 0.9252 -0.0006 0.3796
vn 0.9250 -0.0008 0.3799
vn 0.9250 -0.0009 0.3800
vn 0.9249 -0.0009 0.3802
vn 0.9252 -0.0023 0.3795
vn 0.9242 -0.0064 0.3819
vn 0.8484 -0.1304 0.5131
vn 0.9244 0.0092 0.3814
vn 0.9241 0.0018 0.3821
vn 0.9238 -0.0004 0.3829
vn 0.9235 -0.0001 0.3836
vn 0.9230 -0.0002 0.3848
vn 0.9220 -0.0004 0.3871
vn 0.9169 -0.0001 0.3991
vn 0.8625 -0.0001 0.5060
vn 0.9192 -0.0000 0.3939
vn 1.0000 -0.0047 -0.0019
vn 1.0000 -0.0030 0.0002
vn 0.9999 0.0132 -0.0025
vn 1.0000 0.0030 -0.0018
vn 1.0000 0.0014 -0.0012
vn 1.0000 0.0007 -0.0005
vn 1.0000 0.0007 0.0002
vn 1.0000 0.0003 0.0021
vn 0.9999 0.0004 0.0125
vn 0.9906 -0.0000 0.1367
vn 0.9999 -0.0000 0.0116
vn 1.0000 -0.0018 -0.0020
vn 1.0000 -0.0012 -0.0032
vn 1.0000 -0.0015 -0.0034
vn 1.0000 -0.0005 -0.0035
vn 1.0000 -0.0011 -0.0037
vn 1.0000 -0.0004 -0.0039
vn 1.0000 -0.0005 -0.0045
vn 1.0000 -0.0001 -0.0064
vn 1.0000 -0.0001 -0.0068
vn 1.0000 -0.0000 -0.0029
vn 0.9284 0.0001 -0.3716
vn 0.9242 -0.0024 -0.3819
vn 0.9674 -0.0001 -0.2534
vn 0.9280 -0.0000 -0.3727
vn 0.9245 0.0004 -0.3813
vn 0.9237 0.0005 -0.3831
vn 0.9234 0.0008 -0.3838
vn 0.9231 0.0017 -0.3846
vn 0.9229 0.0026 -0.3850
vn 0.9225 0.0137 -0.3858
vn 0.9229 -0.0051 -0.3851
vn 0.9229 -0.0018 -0.3851
vn 0.9226 -0.0006 -0.3856
vn 0.9223 -0.0011 -0.3865
vn 0.9223 -0.0009 -0.3866
vn 0.9222 -0.0008 -0.3867
vn 0.9221 -0.0007 -0.3869
vn 0.9219 -0.0005 -0.3874
vn 0.9212 -0.0001 -0.3892
vn 0.9210 -0.0001 -0.3895
vn 0.9225 -0.0000 -0.3860
vn 0.7150 0.0001 -0.6991
vn 0.7072 -0.0020 -0.7070
vn 0.7963 -0.0000 -0.6049
vn 0.7142 -0.0000 -0.7000
vn 0.7076 0.0003 -0.7066
vn 0.7064 0.0006 -0.7079
vn 0.7058 0.0008 -0.7084
vn 0.7053 0.0011 -0.7089
vn 0.7050 0.0026 -0.7092
vn 0.7046 0.0131 -0.7095
vn 0.7050 -0.0041 -0.7092
vn 0.6351 -0.1498 -0.7577
vn 0.7040 0.0003 -0.7102
vn 0.7040 0.0001 -0.7102
vn 0.7041 0.0001 -0.7101
vn 0.7039 0.0001 -0.7103
vn 0.7042 0.0001 -0.7100
vn 0.7043 -0.0000 -0.7099
vn 0.7040 -0.0000 -0.7102
vn 0.1309 -0.9785 0.1596
vn 0.2697 -0.9498 -0.1585
vn 0.1280 -0.9517 -0.2791
vn 0.1866 -0.8111 -0.5544
vn 0.2929 -0.7306 -0.6168
vn 0.1012 -0.5965 -0.7962
vn 0.4071 -0.8296 -0.3822
vn 0.2428 -0.9104 0.3349
vn 0.0782 -0.8083 0.5836
vn 0.0960 -0.8330 0.5449
vn 0.3175 -0.5846 0.7466
vn 0.4213 -0.7951 0.4362
vn 0.5691 -0.8179 0.0843
vn 0.4892 -0.6816 -0.5442
vn 0.5274 -0.5255 -0.6676
vn 0.6465 -0.6268 -0.4350
vn 0.6337 -0.7401 -0.2249
vn 0.6221 -0.7147 0.3197
vn 0.7783 -0.5973 0.1933
vn 0.7681 -0.6128 0.1857
vn 0.7643 -0.6393 -0.0846
vn 0.7689 -0.6192 -0.1590
vn 0.3922 -0.7312 0.5581
vn 0.2996 -0.5008 0.8121
vn 0.5831 -0.4841 0.6525
vn 0.7164 -0.4686 0.5170
vn 0.8047 -0.2140 0.5538
vn 0.0003 -0.5596 0.8287
vn 0.2198 -0.1947 0.9559
vn 0.1849 -0.0000 0.9828
vn 0.4871 0.0012 0.8733
vn 0.4478 -0.1689 0.8780
vn 0.7624 -0.1208 0.6357
vn 0.9122 -0.0763 0.4026
vn 0.9059 -0.2214 0.3609
vn 0.7638 0.0370 0.6444
vn 0.1276 -0.5560 -0.8213
vn 0.1782 -0.4158 -0.8918
vn 0.1907 -0.2245 -0.9556
vn 0.3100 -0.0005 -0.9507
vn 0.2157 -0.0005 -0.9765
vn 0.3266 -0.0454 -0.9441
vn 0.3385 -0.2294 -0.9126
vn 0.5507 -0.0484 -0.8333
vn 0.5470 -0.1912 -0.8150
vn 0.1650 0.9780 0.1274
vn 0.2516 0.9097 0.3303
vn 0.0996 0.8429 0.5288
vn 0.4164 0.7854 0.4580
vn 0.3908 0.9170 -0.0802
vn 0.1824 0.9540 -0.2379
vn 0.1253 0.7980 -0.5895
vn 0.2549 0.8419 -0.4756
vn 0.1066 0.6634 -0.7407
vn 0.2765 0.6108 -0.7420
vn 0.2832 0.6998 -0.6558
vn 0.4463 0.8090 -0.3825
vn 0.5608 0.8015 0.2077
vn 0.6483 0.6748 0.3525
vn 0.6679 0.5693 0.4794
vn 0.6433 0.7656 0.0055
vn 0.6252 0.7554 -0.1961
vn 0.6848 0.6443 -0.3404
vn 0.5035 0.6385 -0.5820
vn 0.7727 0.6136 0.1625
vn 0.7819 0.6231 0.0202
vn 0.7830 0.5609 0.2688
vn 0.7272 0.6226 0.2890
vn 0.7988 0.4963 0.3399
vn 0.8087 0.3568 0.4676
vn 0.7054 0.5653 0.4276
vn 0.5897 0.4208 0.6894
vn 0.3052 0.5418 0.7831
vn 0.1889 0.7637 0.6173
vn 0.1303 0.4985 0.8570
vn 0.2338 0.1566 0.9596
vn 0.4320 -0.0011 0.9019
vn 0.1540 -0.0005 0.9881
vn 0.4567 0.1524 0.8765
vn 0.8999 0.2263 0.3729
vn 0.9107 0.0822 0.4048
vn 0.7626 0.1224 0.6352
vn 0.7000 -0.0018 0.7141
vn 0.1283 0.5597 -0.8187
vn 0.1566 0.2421 -0.9575
vn 0.1675 0.4271 -0.8886
vn 0.1720 0.1841 -0.9677
vn 0.2144 -0.0002 -0.9767
vn 0.3104 -0.0003 -0.9506
vn 0.0189 -0.9840 -0.1773
vn 0.2729 -0.8945 0.3540
vn 0.3183 -0.9417 0.1093
vn 0.2159 -0.9629 -0.1617
vn 0.0940 -0.8773 -0.4706
vn -0.1158 -0.8758 -0.4685
vn 0.0352 -0.7483 -0.6624
vn 0.4573 -0.7765 0.4336
vn 0.5378 -0.7148 0.4469
vn 0.4040 -0.6769 0.6152
vn 0.6109 -0.7916 -0.0167
vn 0.4775 -0.8301 -0.2880
vn 0.2789 -0.7897 -0.5464
vn 0.0784 -0.8669 -0.4923
vn 0.6974 -0.6818 0.2210
vn 0.8199 -0.4974 0.2836
vn 0.7552 -0.6219 -0.2074
vn 0.6913 -0.6336 -0.3473
vn 0.6185 -0.6016 -0.5054
vn 0.6799 -0.3906 0.6206
vn 0.7994 -0.1827 0.5723
vn 0.8456 -0.3838 0.3710
vn 0.8234 -0.4737 0.3123
vn 0.4692 -0.5199 0.7138
vn 0.5066 -0.2387 0.8285
vn 0.6464 -0.1674 0.7444
vn 0.7222 0.0023 0.6917
vn 0.7255 0.0023 0.6882
vn -0.0677 -0.7365 -0.6730
vn 0.2750 -0.6044 -0.7477
vn 0.0882 -0.5226 -0.8480
vn -0.0943 -0.4868 -0.8684
vn -0.1300 -0.1599 -0.9785
vn 0.0775 0.0006 -0.9970
vn -0.2119 0.0004 -0.9773
vn 0.0590 -0.1603 -0.9853
vn 0.3675 -0.3249 -0.8715
vn 0.3411 -0.1173 -0.9327
vn 0.5255 -0.0636 -0.8484
vn 0.4510 0.0008 -0.8925
vn 0.0316 0.9805 -0.1941
vn 0.2080 0.9652 -0.1586
vn 0.3456 0.9297 0.1277
vn 0.1961 0.9606 0.1970
vn 0.3721 0.8788 0.2987
vn 0.2396 0.8915 0.3845
vn 0.0919 0.8771 -0.4715
vn -0.1162 0.8758 -0.4685
vn 0.0351 0.7483 -0.6625
vn 0.4507 0.8507 -0.2705
vn 0.5716 0.8132 0.1093
vn 0.5455 0.8050 0.2334
vn 0.7915 0.5671 0.2278
vn 0.6250 0.7681 -0.1393
vn 0.4711 0.7421 -0.4768
vn 0.3184 0.7927 -0.5198
vn 0.2764 0.7766 -0.5661
vn 0.6245 0.6402 0.4473
vn 0.7947 0.3617 0.4875
vn 0.5579 0.5118 0.6533
vn 0.3909 0.7603 0.5187
vn 0.4427 0.5190 0.7312
vn 0.5846 0.1562 0.7961
vn 0.7470 0.1439 0.6491
vn 0.7221 -0.0033 0.6918
vn 0.7592 -0.0033 0.6508
vn 0.9118 0.1061 0.3966
vn 0.8958 0.2973 0.3303
vn 0.2751 0.6044 -0.7477
vn 0.0893 0.5214 -0.8486
vn 0.3660 0.3189 -0.8743
vn -0.0677 0.7365 -0.6730
vn -0.0944 0.4868 -0.8684
vn -0.1301 0.1602 -0.9785
vn -0.2119 -0.0005 -0.9773
vn 0.0773 -0.0011 -0.9970
vn 0.0557 0.1656 -0.9846
vn 0.3542 0.1896 -0.9158
vn 0.3529 0.0353 -0.9350
vn 0.4511 -0.0016 -0.8925
vn 0.5496 0.0326 -0.8348
vn 0.0346 -0.9726 -0.2299
vn -0.1077 -0.8887 -0.4457
vn -0.2871 -0.8762 -0.3870
vn -0.2358 -0.7525 -0.6149
vn 0.2289 -0.9145 -0.3335
vn 0.4428 -0.8879 -0.1245
vn 0.2893 -0.9570 0.0203
vn 0.4833 -0.8027 0.3494
vn 0.5425 -0.8152 0.2029
vn 0.7375 -0.6084 0.2932
vn 0.6918 -0.7203 0.0505
vn 0.0482 -0.7982 -0.6004
vn -0.0906 -0.6696 -0.7372
vn 0.4173 -0.7542 -0.5070
vn 0.3139 -0.6428 -0.6988
vn 0.6207 -0.7371 -0.2674
vn 0.7186 -0.6765 -0.1613
vn 0.8294 -0.5353 0.1597
vn 0.6636 -0.6078 -0.4361
vn 0.6141 -0.6230 -0.4845
vn 0.5006 -0.5597 -0.6604
vn 0.6736 -0.5590 0.4836
vn 0.7922 -0.2414 0.5605
vn 0.7504 -0.4270 0.5045
vn 0.8100 -0.1842 0.5567
vn 0.8465 0.0002 0.5324
vn 0.8950 0.0002 0.4461
vn 0.3952 -0.5774 -0.7144
vn 0.5348 -0.4349 -0.7244
vn 0.5240 -0.3805 -0.7620
vn 0.3590 -0.5392 -0.7618
vn 0.6044 -0.2179 -0.7663
vn 0.5967 -0.2904 -0.7481
vn 0.6654 -0.2736 -0.6945
vn 0.4160 -0.2683 -0.8689
vn 0.5582 -0.1164 -0.8215
vn 0.3791 -0.0956 -0.9204
vn 0.5415 -0.0692 -0.8378
vn 0.1917 -0.4414 -0.8766
vn 0.4923 -0.3382 -0.8021
vn 0.3382 -0.2724 -0.9008
vn 0.1151 -0.8125 -0.5714
vn -0.0245 -0.5753 -0.8176
vn -0.2413 -0.4811 -0.8428
vn -0.4106 -0.5078 -0.7573
vn -0.2811 -0.7408 -0.6101
vn -0.4952 -0.1600 -0.8539
vn -0.2480 0.0021 -0.9688
vn -0.5703 0.0004 -0.8214
vn -0.3090 -0.1578 -0.9379
vn 0.0929 -0.2054 -0.9742
vn 0.3363 -0.1503 -0.9297
vn 0.5185 -0.0637 -0.8527
vn 0.1438 0.0036 -0.9896
vn 0.5390 0.8083 0.2370
vn 0.7413 0.5717 0.3517
vn 0.6289 0.6360 0.4472
vn 0.5721 0.7943 0.2044
vn 0.2638 0.9643 0.0244
vn 0.4426 0.8901 -0.1085
vn 0.1047 0.9677 -0.2295
vn -0.2281 0.9046 -0.3600
vn -0.0710 0.8772 -0.4749
vn -0.4150 0.7224 -0.5531
vn -0.4398 0.6566 -0.6127
vn -0.4527 0.6808 -0.5758
vn 0.0323 0.8107 -0.5846
vn 0.3375 0.8192 -0.4637
vn 0.6280 0.7758 -0.0607
vn 0.7740 0.6330 -0.0156
vn 0.6727 0.7038 -0.2283
vn 0.5424 0.7538 -0.3710
vn 0.3208 0.7264 -0.6078
vn -0.1219 0.6620 -0.7395
vn 0.4877 0.6108 -0.6238
vn 0.5051 0.6349 -0.5847
vn 0.5952 0.6266 -0.5031
vn 0.6732 0.5590 0.4840
vn 0.7504 0.4270 0.5046
vn 0.7922 0.2416 0.5604
vn 0.8101 0.1844 0.5565
vn 0.8463 -0.0002 0.5327
vn 0.8950 -0.0003 0.4461
vn 0.5396 0.4310 -0.7232
vn 0.5969 0.2905 -0.7479
vn 0.6657 0.2735 -0.6943
vn 0.3954 0.5773 -0.7144
vn 0.5242 0.3806 -0.7619
vn 0.3590 0.5393 -0.7617
vn 0.6042 0.2179 -0.7664
vn 0.4227 0.2781 -0.8625
vn 0.5654 0.1055 -0.8181
vn 0.3834 0.1407 -0.9128
vn 0.5442 0.0215 -0.8387
vn 0.3760 0.0440 -0.9256
vn 0.1761 0.4340 -0.8835
vn 0.3577 0.2793 -0.8911
vn 0.4923 0.3383 -0.8020
vn 0.0664 0.7691 -0.6357
vn -0.0163 0.5518 -0.8338
vn -0.2811 0.4598 -0.8424
vn -0.2694 0.7564 -0.5961
vn -0.4934 0.5081 -0.7060
vn -0.5013 0.5334 -0.6813
vn -0.5228 0.2090 -0.8264
vn -0.5958 -0.0000 -0.8032
vn -0.3877 -0.0004 -0.9218
vn -0.2960 0.1371 -0.9453
vn 0.0819 0.2162 -0.9729
vn 0.3538 0.1854 -0.9168
vn 0.0759 -0.0004 -0.9971
vn 0.3496 0.0255 -0.9366
vn 0.3201 -0.0283 -0.9469
vn 0.5489 0.0129 -0.8358
vn -0.1667 -0.9501 -0.2636
vn -0.2770 -0.8740 -0.3992
vn -0.5183 -0.7898 -0.3280
vn -0.4719 -0.8356 -0.2811
vn -0.5822 -0.5715 -0.5783
vn 0.1518 -0.8673 -0.4741
vn 0.1881 -0.9722 -0.1397
vn 0.4504 -0.8739 -0.1829
vn 0.5767 -0.8165 0.0262
vn 0.6539 -0.7557 0.0374
vn 0.8196 -0.5723 -0.0246
vn 0.6742 -0.7350 -0.0715
vn -0.1801 -0.7783 -0.6016
vn -0.3676 -0.6594 -0.6558
vn -0.0563 -0.7079 -0.7040
vn 0.1313 -0.7077 -0.6942
vn 0.5296 -0.7387 -0.4168
vn 0.7169 -0.6074 -0.3422
vn 0.4664 -0.6406 -0.6101
vn 0.3867 -0.6697 -0.6340
vn 0.2258 -0.6211 -0.7505
vn 0.3798 -0.6056 -0.6993
vn 0.5252 -0.3810 -0.7609
vn 0.3481 -0.4278 -0.8341
vn 0.6355 -0.4193 -0.6483
vn 0.5641 -0.7029 -0.4332
vn 0.7402 -0.5114 -0.4365
vn 0.9142 -0.2634 -0.3080
vn 0.7028 -0.6818 -0.2030
vn 0.8101 -0.5795 -0.0889
vn 0.9689 -0.2356 0.0758
vn 0.7952 -0.5821 0.1697
vn 0.9406 -0.2378 0.2422
vn 0.9988 0.0023 -0.0483
vn 0.7602 -0.1660 -0.6281
vn 0.5622 -0.0937 -0.8217
vn 0.5453 -0.1753 -0.8197
vn 0.4413 -0.1884 -0.8773
vn 0.9166 0.0018 -0.3997
vn 0.6453 0.0011 -0.7639
vn -0.8724 -0.0026 -0.4888
vn -0.8326 -0.0713 -0.5493
vn -0.8342 -0.0024 -0.5514
vn -0.8843 -0.0024 -0.4669
vn 0.2023 0.9792 -0.0130
vn 0.1689 0.9530 -0.2514
vn 0.4673 0.8823 -0.0554
vn 0.5765 0.8020 0.1562
vn 0.5734 0.8131 0.1004
vn 0.8206 0.5714 -0.0052
vn -0.1179 0.9370 -0.3287
vn -0.1796 0.9643 -0.1944
vn -0.4559 0.8010 -0.3880
vn -0.6578 0.6359 -0.4036
vn -0.6138 0.5717 -0.5444
vn -0.4469 0.7710 -0.4537
vn -0.2325 0.8008 -0.5520
vn 0.0589 0.7924 -0.6071
vn 0.3811 0.8021 -0.4598
vn 0.5597 0.7807 -0.2778
vn 0.7130 0.6711 -0.2031
vn 0.6721 0.5932 -0.4432
vn -0.2056 0.5206 -0.8287
vn -0.3185 0.6010 -0.7331
vn 0.2013 0.5393 -0.8177
vn 0.3186 0.6368 -0.7021
vn 0.4671 0.5302 -0.7076
vn 0.3061 0.5806 -0.7544
vn 0.5178 0.2984 -0.8018
vn 0.5583 0.4931 -0.6672
vn 0.6769 0.2312 -0.6989
vn 0.4752 0.7481 -0.4631
vn 0.6440 0.5956 -0.4802
vn 0.8214 0.4665 -0.3282
vn 0.5995 0.7254 -0.3382
vn 0.6806 0.6666 -0.3039
vn 0.8581 0.5103 0.0567
vn 0.5943 0.8038 -0.0250
vn 0.7660 0.5598 0.3158
vn 0.9677 0.1950 0.1601
vn 0.9816 0.1688 -0.0897
vn 0.9989 -0.0041 -0.0472
vn 0.8449 0.2012 -0.4957
vn 0.5150 -0.1479 -0.8444
vn 0.4910 0.1397 -0.8599
vn 0.5588 0.0243 -0.8289
vn 0.9163 -0.0026 -0.4004
vn 0.6455 -0.0007 -0.7637
vn 0.3780 -0.0000 -0.9258
vn 0.3749 -0.0001 -0.9271
vn 0.3746 -0.0001 -0.9272
vn 0.3785 -0.0009 -0.9256
vn 0.3767 -0.0005 -0.9263
vn 0.3772 -0.0007 -0.9261
vn 0.3773 -0.0008 -0.9261
vn 0.3776 -0.0010 -0.9260
vn 0.3775 -0.0016 -0.9260
vn 0.3778 -0.0021 -0.9259
vn 0.3794 -0.0059 -0.9252
vn 0.5108 -0.1304 -0.8498
vn 0.3791 0.0097 -0.9253
vn 0.3796 0.0018 -0.9252
vn 0.3804 -0.0003 -0.9248
vn 0.3811 -0.0002 -0.9245
vn 0.3823 -0.0002 -0.9240
vn 0.3847 -0.0005 -0.9231
vn 0.3964 0.0002 -0.9181
vn 0.5038 -0.0000 -0.8638
vn 0.3914 -0.0000 -0.9202
vn -0.0047 -0.0047 -1.0000
vn -0.0025 -0.0030 -1.0000
vn -0.0052 0.0127 -0.9999
vn -0.0046 0.0035 -1.0000
vn -0.0039 0.0011 -1.0000
vn -0.0034 0.0009 -1.0000
vn -0.0025 0.0007 -1.0000
vn -0.0004 0.0003 -1.0000
vn 0.0098 0.0003 -1.0000
vn 0.1339 -0.0000 -0.9910
vn 0.0088 -0.0000 -1.0000
vn -0.0047 -0.0016 -1.0000
vn -0.0059 -0.0013 -1.0000
vn -0.0061 -0.0012 -1.0000
vn -0.0063 -0.0009 -1.0000
vn -0.0064 -0.0008 -1.0000
vn -0.0067 -0.0007 -1.0000
vn -0.0071 -0.0005 -1.0000
vn -0.0091 -0.0001 -1.0000
vn -0.0095 -0.0001 -1.0000
vn -0.0058 -0.0000 -1.0000
vn -0.3741 0.0003 -0.9274
vn -0.3847 -0.0023 -0.9231
vn -0.2561 -0.0001 -0.9666
vn -0.3753 -0.0000 -0.9269
vn -0.3836 0.0004 -0.9235
vn -0.3857 0.0009 -0.9226
vn -0.3864 0.0006 -0.9223
vn -0.3868 0.0012 -0.9222
vn -0.3873 0.0028 -0.9219
vn -0.3885 0.0146 -0.9213
vn -0.3876 -0.0046 -0.9218
vn -0.3876 -0.0018 -0.9218
vn -0.3888 -0.0013 -0.9213
vn -0.3889 -0.0014 -0.9213
vn -0.3892 -0.0009 -0.9212
vn -0.3893 -0.0008 -0.9211
vn -0.3895 -0.0006 -0.9210
vn -0.3898 -0.0006 -0.9209
vn -0.3916 0.0001 -0.9201
vn -0.3922 -0.0001 -0.9199
vn -0.3888 -0.0000 -0.9213
vn -0.7012 0.0003 -0.7130
vn -0.7089 -0.0021 -0.7054
vn -0.6070 -0.0000 -0.7947
vn -0.7018 -0.0000 -0.7124
vn -0.7086 0.0004 -0.7056
vn -0.7098 0.0003 -0.7044
vn -0.7104 0.0012 -0.7038
vn -0.7108 0.0014 -0.7034
vn -0.7111 0.0024 -0.7031
vn -0.7122 0.0135 -0.7018
vn -0.7111 -0.0041 -0.7031
vn -0.7594 -0.1498 -0.6331
vn -0.7126 -0.0001 -0.7016
vn -0.7121 0.0002 -0.7021
vn -0.7121 0.0001 -0.7021
vn -0.7120 0.0001 -0.7022
vn -0.7118 -0.0000 -0.7024
vn -0.7117 -0.0000 -0.7025
vn -0.7121 -0.0000 -0.7021
vn -0.8781 0.0010 -0.4785
vn -0.8342 0.0008 -0.5514
vn -0.8396 0.0706 -0.5386
vn -0.8843 0.0008 -0.4670
vn -0.1677 -0.9804 -0.1031
vn 0.2387 -0.9645 -0.1134
vn 0.2335 -0.9376 -0.2575
vn -0.0673 -0.9579 -0.2789
vn -0.3933 -0.8847 -0.2505
vn -0.4774 -0.8758 -0.0714
vn -0.6020 -0.7525 -0.2670
vn 0.5666 -0.8001 -0.1973
vn 0.7609 -0.6358 -0.1296
vn 0.7552 -0.5879 -0.2899
vn 0.6039 -0.7277 -0.3252
vn 0.3858 -0.8080 -0.4452
vn 0.0750 -0.8251 -0.5600
vn -0.2271 -0.8521 -0.4715
vn -0.4078 -0.7820 -0.4713
vn -0.5618 -0.6778 -0.4743
vn -0.3975 -0.6379 -0.6596
vn 0.3272 -0.6852 -0.6507
vn 0.5178 -0.5765 -0.6321
vn 0.2467 -0.5874 -0.7708
vn 0.2316 -0.6504 -0.7234
vn 0.0091 -0.5480 -0.8365
vn 0.5425 -0.6898 -0.4794
vn 0.7141 -0.5795 -0.3927
vn 0.7346 -0.2796 -0.6182
vn 0.5259 -0.4632 -0.7134
vn 0.5096 -0.1874 -0.8397
vn 0.9241 -0.2358 -0.3008
vn 0.7996 -0.5821 -0.1480
vn 0.9618 -0.2371 -0.1368
vn 0.9683 0.0004 -0.2496
vn 0.8858 0.0004 -0.4640
vn 0.5803 -0.0758 -0.8108
vn 0.7331 0.0350 -0.6792
vn -0.6767 -0.6923 -0.2506
vn -0.8114 -0.4999 -0.3029
vn -0.8398 -0.5085 -0.1901
vn -0.6416 -0.7516 -0.1530
vn -0.9641 -0.1508 -0.2188
vn -0.9430 -0.1528 -0.2957
vn -0.9423 0.0008 -0.3347
vn -0.8485 -0.0667 -0.5249
vn -0.9041 0.0008 -0.4273
vn 0.1997 0.9683 -0.1501
vn -0.1655 0.9729 -0.1616
vn 0.2665 0.9274 -0.2623
vn 0.4167 0.8729 -0.2538
vn 0.4173 0.9030 -0.1026
vn -0.0797 0.9112 -0.4042
vn -0.5471 0.8332 -0.0807
vn -0.4218 0.8811 -0.2137
vn -0.5745 0.7716 -0.2731
vn -0.4250 0.7982 -0.4269
vn 0.2262 0.8018 -0.5531
vn 0.3933 0.7975 -0.4576
vn 0.2622 0.6430 -0.7196
vn 0.0038 0.7656 -0.6433
vn -0.1976 0.7554 -0.6248
vn -0.3420 0.6443 -0.6840
vn -0.6037 0.6661 -0.4380
vn 0.1605 0.6136 -0.7731
vn 0.0180 0.6232 -0.7819
vn 0.2669 0.5609 -0.7837
vn 0.2738 0.6472 -0.7115
vn 0.3179 0.5104 -0.7990
vn 0.3990 0.3787 -0.8351
vn 0.4534 0.5651 -0.6893
vn 0.7439 0.2678 -0.6123
vn 0.7631 0.5658 -0.3124
vn 0.6384 0.7504 -0.1713
vn 0.9408 0.3151 -0.1247
vn 0.9424 0.1335 -0.3068
vn 0.9687 -0.0011 -0.2483
vn 0.8857 -0.0008 -0.4642
vn 0.5023 0.2678 -0.8222
vn 0.5859 0.0643 -0.8078
vn 0.7235 -0.0005 -0.6903
vn -0.8190 0.5597 -0.1260
vn -0.9586 0.2367 -0.1580
vn -0.8854 0.4379 -0.1561
vn -0.9480 0.1421 -0.2849
vn -0.9430 -0.0017 -0.3329
vn -0.9038 -0.0018 -0.4280
vn -0.8218 0.0666 -0.5658
vn 0.1341 -0.9791 -0.1528
vn -0.0480 -0.9575 -0.2844
vn -0.3328 -0.9307 -0.1519
vn -0.2781 -0.9606 0.0037
vn -0.4750 -0.8787 -0.0472
vn -0.4404 -0.8914 0.1067
vn 0.2883 -0.8781 -0.3818
vn 0.4710 -0.8321 -0.2927
vn 0.4484 -0.7588 -0.4724
vn 0.2854 -0.7281 -0.6233
vn -0.0606 -0.8866 -0.4585
vn -0.3002 -0.8858 -0.3538
vn -0.5193 -0.8029 -0.2927
vn -0.5530 -0.8049 -0.2151
vn -0.7254 -0.5665 -0.3911
vn 0.0967 -0.8019 -0.5896
vn 0.1396 -0.5627 -0.8148
vn 0.4333 -0.4860 -0.7590
vn 0.7184 -0.5611 -0.4111
vn 0.8323 -0.2477 -0.4959
vn 0.6853 -0.3961 -0.6111
vn 0.7532 -0.1766 -0.6337
vn 0.7350 0.0013 -0.6780
vn 0.5637 -0.1698 -0.8083
vn 0.5061 -0.3992 -0.7645
vn 0.6626 0.0013 -0.7490
vn -0.6729 -0.7364 0.0696
vn -0.7487 -0.6040 -0.2732
vn -0.8481 -0.5228 -0.0859
vn -0.8682 -0.4867 0.0968
vn -0.9782 -0.1598 0.1327
vn -0.9972 0.0006 -0.0748
vn -0.9767 0.0004 0.2145
vn -0.9855 -0.1603 -0.0562
vn -0.8724 -0.3247 -0.3652
vn -0.9387 -0.1310 -0.3188
vn -0.8497 -0.0636 -0.5234
vn -0.8938 0.0008 -0.4485
vn 0.0546 0.9739 -0.2201
vn 0.2346 0.8602 -0.4527
vn 0.4427 0.8437 -0.3036
vn 0.3708 0.6987 -0.6119
vn -0.0964 0.9155 -0.3906
vn -0.3676 0.8920 -0.2632
vn -0.3123 0.9461 -0.0865
vn -0.4731 0.8766 0.0882
vn -0.5021 0.8621 -0.0682
vn 0.1483 0.6521 -0.7435
vn -0.0360 0.7452 -0.6658
vn -0.2482 0.7759 -0.5799
vn -0.3625 0.7659 -0.5310
vn -0.5154 0.7304 -0.4482
vn -0.5640 0.7799 -0.2714
vn -0.3992 0.6125 -0.6823
vn -0.3038 0.6230 -0.7208
vn 0.4445 0.6484 -0.6180
vn 0.4987 0.3941 -0.7720
vn 0.6347 0.5334 -0.5591
vn 0.5559 0.7406 -0.3775
vn 0.8206 0.3267 -0.4690
vn 0.7665 0.1495 -0.6246
vn 0.7359 -0.0017 -0.6771
vn 0.5476 0.2094 -0.8101
vn 0.5743 0.0401 -0.8177
vn 0.6625 -0.0017 -0.7490
vn 0.3788 0.0413 -0.9245
vn 0.3674 0.1634 -0.9156
vn -0.7487 0.6040 -0.2732
vn -0.8481 0.5228 -0.0858
vn -0.8725 0.3247 -0.3652
vn -0.6729 0.7364 0.0696
vn -0.8682 0.4868 0.0968
vn -0.9781 0.1602 0.1328
vn -0.9767 -0.0005 0.2145
vn -0.9972 -0.0008 -0.0747
vn -0.9854 0.1605 -0.0562
vn -0.9366 0.1068 -0.3338
vn -0.8937 -0.0011 -0.4487
vn -0.8497 0.0637 -0.5234
vn -0.2324 -0.9720 -0.0345
vn -0.4492 -0.8871 0.1061
vn -0.3867 -0.8825 0.2676
vn -0.6067 -0.7414 0.2865
vn -0.3356 -0.9152 -0.2232
vn -0.1134 -0.8967 -0.4278
vn 0.0178 -0.9418 -0.3357
vn 0.2442 -0.8012 -0.5463
vn 0.4454 -0.6360 -0.6302
vn 0.3496 -0.5717 -0.7423
vn 0.2175 -0.7829 -0.5829
vn -0.0715 -0.7732 -0.6301
vn -0.6059 -0.7507 -0.2633
vn -0.7134 -0.6807 -0.1667
vn -0.4290 -0.8067 -0.4064
vn -0.3035 -0.7628 -0.5710
vn -0.2213 -0.6837 -0.6954
vn -0.5968 -0.6009 -0.5318
vn -0.6695 -0.6103 -0.4234
vn -0.0177 -0.6329 -0.7741
vn 0.5456 -0.5632 -0.6207
vn 0.5934 -0.2532 -0.7641
vn 0.4790 -0.5040 -0.7188
vn 0.5298 -0.1628 -0.8323
vn 0.5498 -0.0008 -0.8353
vn 0.6288 -0.0008 -0.7776
vn -0.7155 -0.5776 -0.3930
vn -0.7262 -0.4355 -0.5319
vn -0.7635 -0.3804 -0.5219
vn -0.7626 -0.5394 -0.3569
vn -0.7681 -0.2178 -0.6022
vn -0.7500 -0.2903 -0.5944
vn -0.6958 -0.2736 -0.6641
vn -0.8700 -0.2683 -0.4137
vn -0.8229 -0.1164 -0.5561
vn -0.9212 -0.0960 -0.3770
vn -0.8392 -0.0693 -0.5395
vn -0.5566 -0.7795 -0.2872
vn -0.5661 -0.6422 -0.5168
vn -0.8125 -0.5234 -0.2566
vn -0.8185 -0.5716 -0.0577
vn -0.7792 -0.6104 0.1422
vn -0.5419 -0.8399 -0.0303
vn -0.5541 -0.7142 0.4276
vn -0.7640 -0.5277 0.3713
vn -0.7570 -0.3047 0.5780
vn -0.9192 -0.2041 0.3368
vn -0.9206 -0.0007 0.3904
vn -0.8014 -0.0015 0.5981
vn -0.9729 -0.2224 -0.0631
vn -0.7926 -0.2783 -0.5425
vn -0.8967 -0.2340 -0.3757
vn -0.9390 -0.1422 -0.3132
vn -0.9973 -0.0000 -0.0729
vn -0.8547 -0.0621 -0.5154
vn -0.9429 -0.0000 -0.3329
vn -0.2314 0.9728 0.0042
vn -0.2450 0.9608 -0.1301
vn 0.0436 0.9438 -0.3276
vn 0.2443 0.8012 -0.5462
vn 0.3496 0.5717 -0.7423
vn 0.4455 0.6360 -0.6301
vn 0.2029 0.7907 -0.5776
vn -0.1132 0.8908 -0.4400
vn -0.4667 0.8611 0.2018
vn -0.6415 0.6367 0.4279
vn -0.5609 0.7620 0.3237
vn -0.5923 0.6534 0.4714
vn -0.6845 0.7206 0.1105
vn -0.5469 0.8369 -0.0218
vn -0.4671 0.8128 -0.3482
vn -0.0624 0.7759 -0.6278
vn -0.0177 0.6330 -0.7739
vn -0.2301 0.7037 -0.6722
vn -0.3724 0.7538 -0.5414
vn -0.6754 0.7166 -0.1739
vn -0.8048 0.5895 -0.0696
vn -0.7039 0.6026 -0.3760
vn -0.6031 0.6330 -0.4853
vn -0.5049 0.6266 -0.5938
vn 0.5461 0.5632 -0.6202
vn 0.4844 0.5100 -0.7108
vn 0.6054 0.2594 -0.7525
vn 0.5043 0.2430 -0.8286
vn 0.5789 0.0380 -0.8145
vn 0.5503 0.0011 -0.8350
vn 0.6288 0.0011 -0.7775
vn 0.3769 0.0536 -0.9247
vn 0.3638 0.2115 -0.9072
vn -0.7246 0.4321 -0.5368
vn -0.7497 0.2903 -0.5947
vn -0.6958 0.2738 -0.6640
vn -0.7155 0.5775 -0.3932
vn -0.7633 0.3805 -0.5221
vn -0.7627 0.5394 -0.3570
vn -0.7681 0.2177 -0.6021
vn -0.8700 0.2682 -0.4136
vn -0.8231 0.1163 -0.5559
vn -0.9213 0.0958 -0.3768
vn -0.8392 0.0691 -0.5394
vn -0.8189 0.4414 -0.3669
vn -0.9489 0.2667 -0.1689
vn -0.8746 0.2349 -0.4242
vn -0.7352 0.5807 -0.3496
vn -0.8173 0.5247 -0.2379
vn -0.8333 0.4781 0.2777
vn -0.5995 0.7689 0.2223
vn -0.7046 0.5082 0.4953
vn -0.6793 0.5364 0.5009
vn -0.7709 0.2540 0.5842
vn -0.8687 0.1545 0.4706
vn -0.9205 -0.0002 0.3907
vn -0.8016 0.0011 0.5979
vn -0.9847 0.1443 0.0980
vn -0.9447 0.0308 -0.3265
vn -0.9973 -0.0005 -0.0735
vn -0.9479 -0.0280 -0.3173
vn -0.8547 0.0624 -0.5154
vn -0.3381 -0.8621 0.3775
vn -0.3866 -0.7552 0.5293
vn -0.4285 -0.6368 0.6410
vn -0.3664 -0.6536 0.6622
vn -0.5230 -0.7170 0.4609
vn -0.4022 -0.8766 0.2642
vn -0.2640 -0.9641 0.0298
vn -0.3934 -0.9153 -0.0861
vn -0.2636 -0.8982 -0.3518
vn -0.1246 -0.9528 -0.2767
vn 0.1396 -0.8285 -0.5423
vn 0.1320 -0.7955 -0.5914
vn 0.1860 -0.5929 -0.7835
vn 0.2025 -0.6363 -0.7444
vn -0.2792 -0.7787 -0.5619
vn -0.5441 -0.8368 0.0614
vn -0.6602 -0.7292 0.1800
vn -0.6745 -0.7380 -0.0211
vn -0.6190 -0.7694 -0.1575
vn -0.4484 -0.7800 -0.4365
vn -0.3977 -0.6804 -0.6156
vn -0.7139 -0.5230 -0.4657
vn -0.6643 -0.6986 -0.2660
vn -0.7197 -0.6473 -0.2509
vn -0.2272 -0.6728 -0.7041
vn -0.7204 -0.6206 -0.3096
vn -0.6700 -0.4967 -0.5518
vn -0.7541 -0.3838 -0.5329
vn -0.8235 -0.4484 -0.3477
vn -0.4643 -0.7480 -0.4742
vn -0.4645 -0.6015 -0.6500
vn -0.3739 -0.3279 -0.8676
vn -0.3570 -0.6953 -0.6238
vn -0.3345 -0.6340 -0.6973
vn 0.0517 -0.5099 -0.8587
vn -0.0265 -0.8038 -0.5943
vn 0.3132 -0.5600 -0.7670
vn 0.1571 -0.1933 -0.9685
vn 0.0746 -0.0005 -0.9972
vn -0.2789 0.0008 -0.9603
vn -0.0961 -0.1610 -0.9823
vn -0.6291 -0.1862 -0.7547
vn -0.8212 -0.1755 -0.5430
vn -0.8783 -0.1883 -0.4395
vn -0.8209 -0.0896 -0.5641
vn -0.6271 0.0367 -0.7781
vn -0.0676 0.9677 -0.2427
vn 0.1160 0.7986 -0.5905
vn 0.1400 0.8285 -0.5423
vn 0.1862 0.5928 -0.7835
vn 0.2024 0.6363 -0.7445
vn -0.2959 0.8882 -0.3513
vn -0.2622 0.9648 -0.0182
vn -0.2846 0.8968 0.3389
vn -0.4012 0.8772 0.2638
vn -0.4145 0.7566 0.5057
vn -0.5860 0.5844 0.5614
vn -0.5183 0.7401 0.4285
vn -0.5446 0.8051 0.2349
vn -0.6043 0.7951 -0.0512
vn -0.2790 0.7788 -0.5618
vn -0.2272 0.6729 -0.7040
vn -0.4379 0.6831 -0.5845
vn -0.4920 0.7821 -0.3825
vn -0.8281 0.5206 0.2078
vn -0.6524 0.6748 0.3448
vn -0.8575 0.4818 -0.1806
vn -0.6446 0.6993 -0.3090
vn -0.6545 0.6576 -0.3731
vn -0.7204 0.6205 -0.3098
vn -0.8232 0.4486 -0.3478
vn -0.7568 0.4052 -0.5130
vn -0.6580 0.5005 -0.5626
vn -0.4643 0.7482 -0.4740
vn -0.4645 0.6016 -0.6499
vn -0.3739 0.3281 -0.8675
vn -0.3570 0.6953 -0.6238
vn -0.3347 0.6340 -0.6972
vn 0.0518 0.5100 -0.8586
vn -0.0265 0.8039 -0.5941
vn 0.3138 0.5600 -0.7667
vn 0.1568 0.1930 -0.9686
vn -0.2786 -0.0011 -0.9604
vn 0.0746 0.0006 -0.9972
vn -0.0957 0.1611 -0.9823
vn -0.6292 0.1865 -0.7546
vn -0.8781 0.1882 -0.4398
vn -0.8211 0.1755 -0.5432
vn -0.8208 0.0896 -0.5641
vn -0.6390 -0.0027 -0.7692
vn -0.1055 -0.9805 -0.1659
vn -0.2913 -0.9547 -0.0603
vn -0.2570 -0.9352 0.2435
vn -0.1099 -0.9645 0.2402
vn -0.1821 -0.8010 0.5703
vn -0.2654 -0.5718 0.7763
vn -0.1188 -0.6359 0.7626
vn -0.2777 -0.7925 0.5430
vn -0.2344 -0.8877 -0.3963
vn -0.0781 -0.8758 -0.4763
vn -0.2756 -0.7525 -0.5982
vn -0.4274 -0.8152 -0.3909
vn -0.4729 -0.8777 0.0780
vn -0.4527 -0.8398 0.2995
vn -0.4544 -0.7700 0.4479
vn -0.6509 -0.6843 0.3288
vn -0.2849 -0.9571 -0.0524
vn -0.6930 -0.6754 -0.2522
vn -0.4289 -0.6508 -0.6265
vn -0.5450 -0.7673 -0.3380
vn -0.5280 -0.6497 -0.5469
vn -0.7098 -0.5287 -0.4656
vn -0.6635 -0.6539 -0.3637
vn -0.6248 -0.2525 -0.7388
vn -0.2820 -0.5418 -0.7918
vn -0.1459 -0.7458 -0.6500
vn -0.1208 -0.3262 -0.9376
vn -0.3092 -0.1330 -0.9417
vn -0.2517 0.0009 -0.9678
vn -0.4667 0.0006 -0.8844
vn -0.8182 -0.3135 -0.4819
vn -0.8095 -0.4297 -0.4002
vn -0.8124 -0.0758 -0.5781
vn -0.6814 0.0351 -0.7311
vn -0.1233 -0.5595 0.8196
vn -0.1628 -0.4270 0.8895
vn -0.1514 -0.2419 0.9584
vn -0.1665 -0.1839 0.9687
vn -0.2093 0.0002 0.9778
vn -0.3053 0.0002 0.9522
vn -0.0871 0.9840 -0.1555
vn -0.2748 0.9598 -0.0579
vn -0.2677 0.8779 -0.3971
vn -0.0777 0.8758 -0.4764
vn -0.2932 0.7483 -0.5950
vn -0.2408 0.9469 0.2129
vn -0.1072 0.8971 0.4285
vn -0.2455 0.7821 0.5728
vn -0.2306 0.6390 0.7339
vn -0.1127 0.6785 0.7259
vn -0.4442 0.7980 0.4073
vn -0.5856 0.8063 0.0835
vn -0.5675 0.8098 -0.1489
vn -0.4801 0.7776 -0.4060
vn -0.4152 0.8308 -0.3707
vn -0.6387 0.6864 0.3478
vn -0.4785 0.5954 0.6454
vn -0.7949 0.6061 0.0284
vn -0.7718 0.6342 -0.0454
vn -0.7819 0.5781 -0.2333
vn -0.4757 0.6235 -0.6204
vn -0.6312 0.2663 -0.7285
vn -0.2760 0.5253 -0.8049
vn -0.1260 0.7327 -0.6688
vn -0.1209 0.3263 -0.9375
vn -0.3092 0.1333 -0.9416
vn -0.2511 -0.0011 -0.9680
vn -0.4668 -0.0008 -0.8844
vn -0.7943 0.3542 -0.4936
vn -0.7537 0.4764 -0.4527
vn -0.8124 0.0760 -0.5781
vn -0.6924 -0.0005 -0.7215
vn -0.8956 0.4447 0.0093
vn -0.9720 0.2304 0.0465
vn -0.9720 0.2347 0.0083
vn -0.1239 0.5595 0.8195
vn -0.1514 0.2421 0.9584
vn -0.1627 0.4270 0.8895
vn -0.1667 0.1840 0.9687
vn -0.2090 -0.0002 0.9779
vn -0.3054 -0.0003 0.9522
vn 0.0047 -0.8611 0.5084
vn 0.1047 -0.7541 0.6484
vn 0.1515 -0.6369 0.7559
vn 0.2102 -0.6536 0.7270
vn -0.2110 -0.8047 0.5549
vn -0.2694 -0.8876 0.3737
vn -0.1484 -0.9695 0.1951
vn -0.3974 -0.9141 0.0804
vn -0.2546 -0.9537 -0.1602
vn -0.4071 -0.8750 -0.2622
vn -0.2935 -0.8604 -0.4167
vn -0.4805 -0.7487 -0.4567
vn -0.5743 -0.7986 -0.1803
vn -0.4568 -0.7082 0.5383
vn -0.4300 -0.5879 0.6852
vn -0.5598 -0.7680 0.3111
vn -0.6519 -0.7544 0.0766
vn -0.7638 -0.6441 -0.0432
vn -0.6630 -0.6577 -0.3577
vn -0.6193 -0.6484 -0.4429
vn -0.5632 -0.5314 -0.6328
vn -0.7750 -0.3851 -0.5010
vn -0.3796 -0.7405 -0.5545
vn -0.4711 -0.3264 -0.8195
vn -0.6317 -0.1479 -0.7610
vn -0.6798 0.0013 -0.7334
vn -0.8099 -0.1549 -0.5658
vn -0.7508 0.0013 -0.6605
vn -0.0107 -0.7659 0.6429
vn -0.2788 -0.5659 0.7759
vn -0.0429 -0.4695 0.8819
vn 0.1897 -0.5081 0.8401
vn 0.2070 -0.5331 0.8203
vn 0.1704 -0.2084 0.9631
vn -0.0710 -0.1437 0.9871
vn -0.0090 0.0025 1.0000
vn -0.3419 -0.3205 0.8834
vn -0.3405 -0.1401 0.9298
vn -0.0629 0.0026 0.9980
vn -0.3748 0.8544 -0.3598
vn -0.4916 0.7415 -0.4566
vn -0.3692 0.6543 -0.6600
vn -0.5171 0.8342 -0.1914
vn -0.2649 0.9639 -0.0269
vn -0.3875 0.9176 0.0893
vn -0.2618 0.8909 0.3711
vn -0.1121 0.9528 0.2822
vn 0.0806 0.8898 0.4493
vn -0.0628 0.8689 0.4910
vn -0.6652 0.6808 -0.3065
vn -0.7476 0.5254 -0.4063
vn -0.7666 0.6293 -0.1281
vn -0.6714 0.7389 0.0564
vn -0.5793 0.7759 0.2497
vn -0.5301 0.7659 0.3639
vn -0.4469 0.7304 0.5166
vn -0.2700 0.7799 0.5647
vn -0.6813 0.6123 0.4011
vn -0.7200 0.6229 0.3059
vn -0.4126 0.5613 -0.7175
vn -0.6132 0.3962 -0.6834
vn -0.4981 0.2483 -0.8308
vn -0.6358 0.1767 -0.7514
vn -0.6795 -0.0017 -0.7337
vn -0.8099 0.1698 -0.5614
vn -0.7661 0.3991 -0.5038
vn -0.7510 -0.0017 -0.6603
vn -0.2711 0.6041 0.7494
vn -0.0862 0.5196 0.8500
vn -0.3594 0.3104 0.8800
vn 0.0714 0.7366 0.6725
vn 0.0991 0.4870 0.8678
vn 0.1346 0.1601 0.9779
vn -0.0085 -0.0033 1.0000
vn -0.0557 0.1643 0.9848
vn -0.3444 0.1353 0.9290
vn -0.0494 -0.0379 0.9981
vn -0.2327 -0.9724 -0.0157
vn -0.3579 -0.9337 0.0096
vn 0.0037 -0.9729 0.2313
vn 0.1431 -0.8864 0.4402
vn 0.3725 -0.8032 0.4649
vn 0.3195 -0.8132 0.4865
vn 0.3203 -0.5716 0.7555
vn -0.2283 -0.9106 0.3446
vn -0.5303 -0.8047 -0.2671
vn -0.6315 -0.6358 -0.4438
vn -0.7431 -0.5717 -0.3477
vn -0.5910 -0.7811 -0.2016
vn -0.6376 -0.7704 0.0028
vn -0.4866 -0.8652 0.1211
vn -0.0485 -0.7972 0.6018
vn 0.1257 -0.6621 0.7388
vn -0.3814 -0.8221 0.4228
vn -0.3098 -0.6621 0.6824
vn -0.5305 -0.7941 0.2965
vn -0.5726 -0.5530 0.6052
vn -0.4587 -0.5984 0.6569
vn -0.6219 -0.5632 -0.5441
vn -0.7656 -0.2531 -0.5915
vn -0.7199 -0.5040 -0.4772
vn -0.8338 -0.1629 -0.5275
vn -0.8368 -0.0008 -0.5476
vn -0.7792 -0.0008 -0.6268
vn -0.2228 -0.5804 0.7833
vn -0.2503 -0.4210 0.8718
vn 0.0370 -0.4727 0.8804
vn -0.1288 -0.7110 0.6913
vn -0.0094 -0.6665 0.7455
vn 0.3923 -0.5102 0.7654
vn 0.2129 -0.8038 0.5555
vn 0.5937 -0.5597 0.5782
vn 0.5311 -0.1946 0.8246
vn 0.2855 0.0010 0.9584
vn 0.5747 -0.0000 0.8183
vn 0.3066 -0.1681 0.9369
vn -0.1005 -0.1881 0.9770
vn -0.3897 -0.2186 0.8946
vn -0.4309 -0.2993 0.8513
vn -0.3514 -0.0603 0.9343
vn -0.0856 0.0019 0.9963
vn -0.8343 0.0008 -0.5514
vn -0.8843 0.0008 -0.4669
vn 0.3964 0.0003 -0.9181
vn 0.5113 -0.1287 -0.8497
vn 0.3846 -0.0005 -0.9231
vn 0.3824 -0.0002 -0.9240
vn 0.3795 0.0018 -0.9252
vn 0.3791 0.0087 -0.9253
vn 0.3800 -0.0015 -0.9250
vn 0.3811 -0.0000 -0.9245
vn 0.1766 -0.9724 -0.1526
vn 0.2526 -0.9212 -0.2961
vn -0.1512 -0.9726 -0.1767
vn -0.3916 -0.8887 -0.2386
vn -0.4764 -0.8764 -0.0702
vn -0.6021 -0.7525 -0.2669
vn -0.0847 -0.9193 -0.3845
vn 0.5660 -0.8053 -0.1764
vn 0.7917 -0.5523 -0.2610
vn 0.5603 -0.7771 -0.2868
vn 0.0928 -0.8079 -0.5820
vn -0.3975 -0.8013 -0.4472
vn -0.5860 -0.6695 -0.4564
vn -0.2389 -0.7582 -0.6067
vn -0.3420 -0.6442 -0.6841
vn 0.3295 -0.7483 -0.5758
vn 0.4960 -0.5954 -0.6320
vn 0.2586 -0.5680 -0.7814
vn 0.2162 -0.6056 -0.7658
vn 0.0041 -0.5052 -0.8630
vn 0.5424 -0.6898 -0.4796
vn 0.7142 -0.5795 -0.3927
vn 0.5258 -0.4632 -0.7134
vn 0.5095 -0.1874 -0.8398
vn 0.9618 -0.2371 -0.1369
vn 0.9684 0.0004 -0.2496
vn 0.5804 -0.0758 -0.8108
vn 0.7331 0.0350 -0.6793
vn -0.6768 -0.6923 -0.2506
vn -0.8114 -0.4998 -0.3029
vn -0.9641 -0.1507 -0.2188
vn -0.9430 -0.1528 -0.2956
vn -0.8487 -0.0667 -0.5247
vn -0.9041 0.0008 -0.4274
vn 0.2666 0.9274 -0.2624
vn 0.4168 0.8729 -0.2538
vn -0.5470 0.8332 -0.0807
vn -0.4218 0.8812 -0.2136
vn -0.5744 0.7717 -0.2731
vn -0.4250 0.7982 -0.4268
vn 0.0037 0.7656 -0.6433
vn 0.2669 0.5608 -0.7838
vn 0.7630 0.5658 -0.3124
vn 0.9409 0.3151 -0.1246
vn 0.8857 -0.0008 -0.4643
vn 0.5022 0.2678 -0.8222
vn 0.5860 0.0642 -0.8078
vn -0.8191 0.5597 -0.1259
vn -0.9587 0.2367 -0.1580
vn -0.8854 0.4378 -0.1562
vn -0.9429 -0.0017 -0.3329
vn -0.8220 0.0667 -0.5656
vn 0.1118 -0.9665 -0.2312
vn -0.1225 -0.9443 -0.3054
vn -0.4003 -0.9157 -0.0367
vn -0.5569 -0.8029 -0.2126
vn -0.6045 -0.7895 0.1065
vn -0.4046 -0.8729 -0.2725
vn 0.1819 -0.8383 -0.5140
vn 0.4358 -0.8106 -0.3911
vn 0.6931 -0.5966 -0.4046
vn 0.4801 -0.7370 -0.4757
vn -0.6110 -0.6786 -0.4077
vn -0.4396 -0.7467 -0.4992
vn -0.1471 -0.7936 -0.5903
vn 0.0301 -0.7253 -0.6877
vn 0.1637 -0.6023 -0.7813
vn 0.3029 -0.6804 -0.6673
vn 0.4079 -0.5257 -0.7465
vn 0.7185 -0.5611 -0.4111
vn 0.6853 -0.3962 -0.6111
vn -0.6728 -0.7366 0.0696
vn -0.7487 -0.6041 -0.2730
vn -0.8682 -0.4868 0.0968
vn -0.8724 -0.3248 -0.3652
vn 0.0667 0.9685 -0.2399
vn -0.2041 0.9721 -0.1155
vn 0.2288 0.9071 -0.3532
vn 0.4640 0.8305 -0.3082
vn 0.3573 0.7286 -0.5843
vn -0.0905 0.9130 -0.3978
vn -0.4160 0.8922 -0.1759
vn -0.4901 0.8643 0.1130
vn -0.6041 0.7823 -0.1517
vn 0.1602 0.7738 -0.6128
vn 0.2624 0.5242 -0.8101
vn -0.0770 0.7732 -0.6295
vn -0.2482 0.7759 -0.5800
vn -0.3635 0.7780 -0.5125
vn -0.5365 0.7106 -0.4552
vn -0.6842 0.5877 -0.4318
vn -0.3039 0.6229 -0.7208
vn 0.5560 0.7405 -0.3775
vn 0.8206 0.3266 -0.4689
vn 0.5476 0.2095 -0.8101
vn 0.5743 0.0401 -0.8176
vn 0.3788 0.0413 -0.9246
vn 0.3673 0.1635 -0.9156
vn -0.7486 0.6041 -0.2731
vn -0.8724 0.3248 -0.3652
vn -0.6728 0.7365 0.0696
vn -0.8681 0.4868 0.0968
vn -0.9854 0.1604 -0.0562
vn -0.8497 0.0636 -0.5234
vn -0.2323 -0.9720 -0.0343
vn -0.3867 -0.8826 0.2674
vn -0.6067 -0.7415 0.2865
vn -0.1134 -0.8967 -0.4279
vn 0.2443 -0.8012 -0.5463
vn 0.4455 -0.6359 -0.6302
vn 0.2166 -0.7823 -0.5840
vn -0.7133 -0.6807 -0.1666
vn -0.4291 -0.8067 -0.4064
vn -0.3036 -0.7628 -0.5709
vn -0.2214 -0.6836 -0.6954
vn -0.5969 -0.6008 -0.5317
vn -0.6695 -0.6103 -0.4235
vn 0.5456 -0.5631 -0.6207
vn 0.5934 -0.2532 -0.7640
vn 0.4790 -0.5039 -0.7188
vn 0.5299 -0.1627 -0.8323
vn -0.7263 -0.4355 -0.5318
vn -0.7634 -0.3805 -0.5220
vn -0.7625 -0.5395 -0.3571
vn -0.7682 -0.2177 -0.6021
vn -0.7500 -0.2904 -0.5943
vn -0.6955 -0.2738 -0.6643
vn -0.8230 -0.1163 -0.5560
vn -0.9213 -0.0959 -0.3768
vn -0.8392 -0.0690 -0.5394
vn -0.5662 -0.6421 -0.5169
vn -0.8184 -0.5717 -0.0578
vn -0.7701 -0.6218 0.1428
vn -0.7639 -0.5277 0.3714
vn -0.7570 -0.3046 0.5781
vn -0.9192 -0.2042 0.3369
vn -0.8016 -0.0015 0.5979
vn -0.7925 -0.2782 -0.5427
vn -0.8968 -0.2341 -0.3755
vn -0.8548 -0.0621 -0.5153
vn -0.9430 -0.0000 -0.3329
vn -0.2449 0.9608 -0.1301
vn 0.2443 0.8012 -0.5463
vn 0.4455 0.6359 -0.6302
vn -0.1132 0.8908 -0.4401
vn -0.6416 0.6366 0.4279
vn -0.5610 0.7619 0.3238
vn -0.5923 0.6535 0.4713
vn -0.6846 0.7205 0.1104
vn -0.4671 0.8127 -0.3482
vn -0.3724 0.7539 -0.5413
vn -0.8049 0.5894 -0.0696
vn -0.7040 0.6025 -0.3760
vn -0.6032 0.6330 -0.4853
vn -0.5048 0.6266 -0.5937
vn 0.5042 0.2431 -0.8287
vn 0.6288 0.0011 -0.7776
vn 0.3768 0.0535 -0.9247
vn 0.3638 0.2114 -0.9072
vn -0.7246 0.4320 -0.5370
vn -0.7497 0.2903 -0.5948
vn -0.6955 0.2738 -0.6644
vn -0.7154 0.5775 -0.3933
vn -0.7633 0.3806 -0.5220
vn -0.7682 0.2176 -0.6021
vn -0.8700 0.2682 -0.4137
vn -0.8231 0.1162 -0.5559
vn -0.8392 0.0689 -0.5394
vn -0.8189 0.4415 -0.3668
vn -0.9489 0.2667 -0.1690
vn -0.8745 0.2350 -0.4243
vn -0.7352 0.5806 -0.3497
vn -0.8174 0.5247 -0.2379
vn -0.8333 0.4780 0.2777
vn -0.7046 0.5083 0.4952
vn -0.6793 0.5364 0.5008
vn -0.7708 0.2542 0.5842
vn -0.8687 0.1544 0.4706
vn -0.9465 0.0879 -0.3106
vn -0.9973 -0.0005 -0.0734
vn -0.1875 -0.9790 0.0807
vn 0.0522 -0.9038 -0.4248
vn -0.1371 -0.9440 -0.3000
vn -0.2733 -0.9615 -0.0273
vn -0.3375 -0.8644 0.3728
vn -0.3865 -0.7553 0.5293
vn -0.4284 -0.6369 0.6410
vn -0.3665 -0.6536 0.6622
vn -0.5230 -0.7169 0.4610
vn -0.4027 -0.8725 0.2768
vn 0.2669 -0.7555 -0.5983
vn 0.2109 -0.6418 -0.7373
vn 0.1894 -0.6807 -0.7077
vn -0.2451 -0.8119 -0.5299
vn -0.4953 -0.8236 -0.2763
vn -0.4979 -0.8668 0.0274
vn -0.6761 -0.7051 0.2137
vn -0.6311 -0.7619 -0.1456
vn -0.7216 -0.6918 -0.0282
vn -0.5121 -0.7292 -0.4539
vn -0.5031 -0.6307 -0.5909
vn -0.6581 -0.6019 -0.4523
vn -0.6947 -0.6348 -0.3383
vn -0.7454 -0.6264 -0.2280
vn -0.2165 -0.6413 -0.7361
vn -0.7205 -0.6204 -0.3097
vn -0.6700 -0.4966 -0.5518
vn -0.7605 -0.3985 -0.5127
vn -0.8233 -0.4485 -0.3479
vn -0.4644 -0.7480 -0.4741
vn -0.4645 -0.6015 -0.6499
vn -0.3345 -0.6339 -0.6973
vn 0.0518 -0.5099 -0.8587
vn 0.3132 -0.5597 -0.7672
vn 0.1569 -0.1930 -0.9686
vn -0.0961 -0.1611 -0.9822
vn -0.8210 -0.1755 -0.5433
vn -0.8784 -0.1884 -0.4391
vn -0.8209 -0.0899 -0.5639
vn -0.6270 0.0367 -0.7781
vn -0.9241 0.0015 -0.3822
vn -0.9496 -0.2533 -0.1849
vn -0.9982 -0.0000 -0.0605
vn -0.9270 0.0001 -0.3751
vn -0.9269 0.0002 -0.3753
vn -0.9269 0.0001 -0.3753
vn -0.9268 -0.0002 -0.3756
vn -0.9269 -0.0007 -0.3752
vn -0.9262 0.0054 -0.3770
vn -0.8554 -0.2033 -0.4764
vn -0.9266 -0.0115 -0.3758
vn -0.9262 -0.0019 -0.3771
vn -0.9260 -0.0001 -0.3775
vn -0.9257 0.0001 -0.3783
vn -0.9253 -0.0000 -0.3793
vn -0.9244 0.0003 -0.3815
vn -0.9196 -0.0005 -0.3928
vn -0.8653 -0.0000 -0.5012
vn -0.9213 -0.0000 -0.3889
vn -0.5996 -0.6963 -0.3946
vn -0.7069 -0.6941 -0.1359
vn -1.0000 0.0056 0.0068
vn -0.9479 -0.2532 0.1932
vn -1.0000 -0.0005 0.0084
vn -1.0000 0.0002 0.0086
vn -1.0000 0.0001 0.0086
vn -1.0000 0.0001 0.0087
vn -1.0000 0.0001 0.0088
vn -1.0000 0.0015 0.0012
vn -0.9451 -0.0000 0.3267
vn -0.9316 -0.0023 0.3636
vn -0.9629 0.0001 0.2697
vn -0.9229 0.0004 0.3850
vn -0.9221 -0.0000 0.3870
vn -0.9216 0.0001 0.3882
vn -0.9212 -0.0001 0.3890
vn -0.9210 -0.0013 0.3896
vn -0.9208 -0.0126 0.3898
vn -0.9210 0.0049 0.3896
vn -0.8015 -0.2531 0.5418
vn -0.9204 -0.0001 0.3910
vn -0.9203 -0.0000 0.3912
vn -0.9203 0.0002 0.3911
vn -0.9203 0.0001 0.3912
vn -0.9202 -0.0000 0.3914
vn -0.9204 0.0001 0.3911
vn -0.9233 0.0015 0.3841
vn -0.7477 -0.0000 0.6640
vn -0.7210 -0.0023 0.6929
vn -0.7860 0.0001 0.6182
vn -0.7050 0.0004 0.7092
vn -0.7032 -0.0001 0.7110
vn -0.7023 0.0002 0.7118
vn -0.7019 -0.0005 0.7123
vn -0.7013 -0.0014 0.7129
vn -0.7011 -0.0112 0.7129
vn -0.7013 0.0049 0.7128
vn -0.5439 -0.2546 0.7996
vn -0.7001 0.0008 0.7140
vn -0.7001 -0.0006 0.7141
vn -0.7001 -0.0000 0.7141
vn -0.7001 -0.0000 0.7140
vn -0.7000 0.0003 0.7141
vn -0.7002 -0.0000 0.7140
vn -0.7002 -0.0000 0.7139
vn -0.4989 -0.0000 0.8667
vn -0.6723 -0.6047 0.4270
vn -0.5957 -0.6937 0.4050
vn -0.7052 -0.6939 0.1456
vn -0.0988 0.9466 -0.3070
vn 0.1155 0.7941 -0.5967
vn 0.1517 0.8189 -0.5536
vn 0.1862 0.5930 -0.7834
vn 0.2024 0.6364 -0.7443
vn -0.2830 0.8935 -0.3488
vn -0.2151 0.9757 0.0431
vn -0.4090 0.9071 -0.0998
vn -0.3586 0.8183 0.4493
vn -0.3757 0.8840 0.2782
vn -0.4273 0.7496 0.5054
vn -0.5860 0.5844 0.5613
vn -0.5596 0.7996 0.2179
vn -0.2271 0.6729 -0.7040
vn -0.4584 0.6837 -0.5678
vn -0.4880 0.7559 -0.4364
vn -0.5661 0.7580 -0.3240
vn -0.6293 0.7761 -0.0404
vn -0.7867 0.6085 0.1039
vn -0.6525 0.6747 0.3450
vn -0.8107 0.5683 -0.1408
vn -0.7165 0.6648 -0.2115
vn -0.6187 0.5340 -0.5762
vn -0.7205 0.6204 -0.3099
vn -0.8232 0.4486 -0.3479
vn -0.7623 0.3903 -0.5163
vn -0.6581 0.5005 -0.5626
vn -0.3346 0.6340 -0.6972
vn 0.0518 0.5099 -0.8587
vn -0.0265 0.8039 -0.5942
vn 0.3138 0.5598 -0.7669
vn 0.1567 0.1928 -0.9686
vn -0.2787 -0.0011 -0.9604
vn -0.0958 0.1612 -0.9823
vn -0.6292 0.1865 -0.7545
vn -0.8781 0.1885 -0.4397
vn -0.8209 0.1756 -0.5434
vn -0.8209 0.0900 -0.5640
vn -0.6391 -0.0027 -0.7691
vn -0.9268 -0.0000 -0.3755
vn -0.9282 -0.0001 -0.3722
vn -0.9283 -0.0001 -0.3719
vn -0.9267 -0.0010 -0.3759
vn -0.9274 -0.0005 -0.3740
vn -0.9273 -0.0007 -0.3744
vn -0.9271 -0.0009 -0.3748
vn -0.9270 -0.0009 -0.3750
vn -0.9269 -0.0009 -0.3752
vn -0.9269 -0.0005 -0.3754
vn -0.9262 -0.0066 -0.3769
vn -0.8511 -0.1305 -0.5085
vn -0.9266 0.0109 -0.3760
vn -0.9261 0.0013 -0.3772
vn -0.9258 -0.0004 -0.3779
vn -0.9255 -0.0005 -0.3787
vn -0.9251 -0.0003 -0.3797
vn -0.9241 -0.0005 -0.3821
vn -0.9191 0.0003 -0.3941
vn -1.0000 -0.0049 0.0074
vn -1.0000 -0.0031 0.0052
vn -0.9999 0.0128 0.0079
vn -1.0000 0.0029 0.0073
vn -1.0000 0.0009 0.0066
vn -1.0000 0.0008 0.0060
vn -1.0000 0.0007 0.0052
vn -1.0000 0.0002 0.0031
vn -1.0000 0.0004 -0.0070
vn -0.9913 -0.0000 -0.1313
vn -1.0000 -0.0000 -0.0061
vn -1.0000 -0.0019 0.0075
vn -1.0000 -0.0007 0.0086
vn -1.0000 -0.0012 0.0089
vn -1.0000 -0.0010 0.0091
vn -1.0000 -0.0008 0.0091
vn -1.0000 -0.0007 0.0096
vn -1.0000 -0.0005 0.0098
vn -0.9999 -0.0001 0.0120
vn -0.9999 -0.0001 0.0124
vn -1.0000 -0.0000 0.0085
vn -0.9263 0.0003 0.3767
vn -0.9221 -0.0024 0.3869
vn -0.9659 -0.0000 0.2587
vn -0.9259 -0.0000 0.3777
vn -0.9224 0.0002 0.3863
vn -0.9217 0.0008 0.3879
vn -0.9212 0.0008 0.3890
vn -0.9210 0.0012 0.3895
vn -0.9208 0.0027 0.3899
vn -0.9205 0.0144 0.3905
vn -0.9208 -0.0047 0.3901
vn -0.9207 -0.0019 0.3902
vn -0.9202 -0.0014 0.3914
vn -0.9202 -0.0011 0.3915
vn -0.9202 -0.0010 0.3915
vn -0.9201 -0.0008 0.3918
vn -0.9200 -0.0010 0.3920
vn -0.9199 -0.0005 0.3923
vn -0.9190 -0.0000 0.3943
vn -0.9189 -0.0001 0.3945
vn -0.7111 0.0004 0.7031
vn -0.7034 -0.0021 0.7108
vn -0.7930 -0.0000 0.6092
vn -0.7104 -0.0000 0.7038
vn -0.7039 0.0002 0.7103
vn -0.7025 0.0008 0.7117
vn -0.7019 0.0008 0.7123
vn -0.7013 0.0016 0.7128
vn -0.7010 0.0027 0.7132
vn -0.7002 0.0132 0.7138
vn -0.7011 -0.0038 0.7131
vn -0.6310 -0.1499 0.7612
vn -0.7002 -0.0007 0.7139
vn -0.7001 0.0008 0.7141
vn -0.7002 0.0002 0.7140
vn -0.7002 0.0001 0.7140
vn -0.7001 0.0002 0.7140
vn -0.7002 0.0001 0.7139
vn -0.7004 -0.0000 0.7137
vn -0.7005 -0.0000 0.7137
vn -0.1100 -0.9645 0.2401
vn -0.2654 -0.5717 0.7764
vn -0.1187 -0.6359 0.7626
vn -0.4239 -0.8166 -0.3918
vn -0.4527 -0.8398 0.2996
vn -0.4543 -0.7700 0.4479
vn -0.6509 -0.6843 0.3289
vn -0.2850 -0.9571 -0.0525
vn -0.5449 -0.7673 -0.3380
vn -0.5281 -0.6496 -0.5469
vn -0.7097 -0.5286 -0.4657
vn -0.6635 -0.6538 -0.3638
vn -0.2821 -0.5418 -0.7918
vn -0.1208 -0.3263 -0.9375
vn -0.3091 -0.1330 -0.9417
vn -0.8182 -0.3135 -0.4820
vn -0.8094 -0.4296 -0.4003
vn -0.8124 -0.0757 -0.5782
vn -0.1629 -0.4269 0.8895
vn -0.1665 -0.1836 0.9688
vn -0.3053 0.0002 0.9523
vn -0.9998 -0.0023 -0.0212
vn -0.9928 0.0001 -0.1200
vn -1.0000 0.0004 0.0016
vn -1.0000 0.0001 0.0041
vn -1.0000 0.0001 0.0052
vn -1.0000 0.0002 0.0060
vn -1.0000 -0.0016 0.0068
vn -0.9999 -0.0110 0.0077
vn -0.0871 0.9840 -0.1556
vn -0.2748 0.9598 -0.0578
vn -0.2933 0.7483 -0.5951
vn -0.1072 0.8972 0.4285
vn -0.2306 0.6390 0.7338
vn -0.1127 0.6786 0.7258
vn -0.4443 0.7979 0.4073
vn -0.5857 0.8062 0.0832
vn -0.5674 0.8099 -0.1489
vn -0.4800 0.7776 -0.4061
vn -0.4131 0.8206 -0.3950
vn -0.6388 0.6862 0.3479
vn -0.7949 0.6061 0.0283
vn -0.7718 0.6342 -0.0456
vn -0.7817 0.5784 -0.2334
vn -0.4757 0.6235 -0.6205
vn -0.6313 0.2663 -0.7284
vn -0.1260 0.7327 -0.6687
vn -0.1209 0.3264 -0.9375
vn -0.7944 0.3541 -0.4935
vn -0.7538 0.4764 -0.4526
vn -0.8125 0.0759 -0.5780
vn -0.1514 0.2422 0.9583
vn -0.1629 0.4269 0.8895
vn -0.1667 0.1838 0.9687
vn 0.0047 -0.8612 0.5083
vn 0.2101 -0.6537 0.7270
vn -0.2276 -0.8045 0.5486
vn -0.2755 -0.8834 0.3792
vn -0.1485 -0.9695 0.1949
vn -0.4053 -0.9104 0.0824
vn -0.2546 -0.9537 -0.1603
vn -0.2934 -0.8603 -0.4170
vn -0.5628 -0.8070 -0.1790
vn -0.4061 -0.6787 0.6120
vn -0.4959 -0.7500 0.4378
vn -0.6109 -0.7722 0.1747
vn -0.6779 -0.7351 -0.0002
vn -0.6630 -0.6576 -0.3577
vn -0.6192 -0.6484 -0.4429
vn -0.5631 -0.5314 -0.6328
vn -0.7750 -0.3852 -0.5010
vn -0.3796 -0.7405 -0.5546
vn -0.4712 -0.3263 -0.8195
vn -0.6318 -0.1480 -0.7609
vn -0.7509 0.0013 -0.6604
vn 0.2069 -0.5332 0.8203
vn -0.3419 -0.3204 0.8834
vn -0.3405 -0.1401 0.9297
vn -0.4916 0.7415 -0.4567
vn -0.3692 0.6542 -0.6601
vn -0.5171 0.8342 -0.1915
vn -0.3875 0.9175 0.0893
vn -0.2619 0.8909 0.3711
vn -0.1122 0.9528 0.2821
vn 0.0806 0.8898 0.4492
vn -0.0627 0.8689 0.4909
vn -0.6653 0.6807 -0.3067
vn -0.7475 0.5255 -0.4063
vn -0.7666 0.6292 -0.1282
vn -0.6714 0.7389 0.0565
vn -0.5792 0.7760 0.2497
vn -0.5301 0.7659 0.3638
vn -0.4468 0.7304 0.5166
vn -0.2699 0.7799 0.5647
vn -0.6813 0.6124 0.4011
vn -0.7200 0.6229 0.3060
vn -0.4125 0.5613 -0.7175
vn -0.6131 0.3963 -0.6834
vn -0.6358 0.1768 -0.7514
vn -0.6795 -0.0017 -0.7336
vn -0.7660 0.3994 -0.5037
vn -0.7511 -0.0017 -0.6602
vn -0.2711 0.6042 0.7493
vn -0.3594 0.3103 0.8801
vn -0.0557 0.1644 0.9848
vn -0.3444 0.1352 0.9290
vn 0.0489 -0.9823 0.1806
vn -0.4002 -0.8951 -0.1963
vn -0.2260 -0.9671 0.1172
vn -0.0059 -0.9275 0.3737
vn 0.3532 -0.7980 0.4882
vn 0.3255 -0.8396 0.4348
vn 0.4833 -0.5935 0.6436
vn 0.4823 -0.6369 0.6015
vn -0.4714 -0.8764 -0.0990
vn -0.5819 -0.7566 -0.2981
vn -0.7613 -0.5843 -0.2810
vn -0.6413 -0.7406 -0.2006
vn -0.6979 -0.7161 -0.0117
vn -0.4966 -0.8584 0.1284
vn -0.3456 -0.8224 0.4520
vn -0.0640 -0.8056 0.5890
vn 0.0951 -0.6413 0.7614
vn -0.3097 -0.6599 0.6846
vn -0.6061 -0.7408 0.2896
vn -0.5754 -0.5480 0.6071
vn -0.4631 -0.5929 0.6588
vn -0.6219 -0.5633 -0.5440
vn -0.7656 -0.2530 -0.5915
vn -0.7198 -0.5041 -0.4772
vn -0.8338 -0.1630 -0.5274
vn -0.7792 -0.0008 -0.6267
vn -0.2227 -0.5804 0.7833
vn -0.2503 -0.4212 0.8718
vn -0.1289 -0.7110 0.6913
vn -0.0095 -0.6666 0.7454
vn 0.3924 -0.5101 0.7654
vn 0.2129 -0.8038 0.5556
vn 0.5311 -0.1946 0.8247
vn 0.5750 -0.0000 0.8181
vn -0.1006 -0.1881 0.9770
vn -0.3897 -0.2188 0.8946
vn -0.4310 -0.2994 0.8512
vn -0.3515 -0.0605 0.9343
vn 0.0578 0.9819 0.1804
vn -0.2410 0.9639 0.1131
vn -0.3999 0.8953 -0.1963
vn -0.4754 0.8761 -0.0803
vn -0.5818 0.7566 -0.2983
vn -0.6462 0.7401 -0.1861
vn -0.7613 0.5843 -0.2810
vn 0.0037 0.9223 0.3863
vn 0.1382 0.8860 0.4426
vn 0.2489 0.9053 0.3442
vn -0.1756 0.7456 0.6428
vn -0.3373 0.8208 0.4609
vn -0.5157 0.8359 0.1879
vn -0.6265 0.7782 0.0440
vn -0.7304 0.6825 -0.0264
vn -0.7779 0.6058 0.1670
vn -0.5304 0.6943 0.4864
vn 0.0008 0.8274 0.5616
vn -0.0453 0.5086 0.8598
vn -0.4040 0.5897 0.6994
vn -0.4837 0.6330 0.6045
vn -0.5924 0.6265 0.5065
vn -0.6215 0.5633 -0.5445
vn -0.7199 0.5041 -0.4772
vn -0.7656 0.2531 -0.5914
vn -0.8338 0.1631 -0.5275
vn -0.8368 0.0011 -0.5476
vn -0.7792 0.0011 -0.6267
vn -0.2935 0.6773 0.6747
vn -0.1360 0.5545 0.8210
vn -0.2998 0.4078 0.8625
vn -0.3444 0.5278 0.7764
vn -0.1616 0.1431 0.9764
vn 0.0895 0.2585 0.9619
vn 0.3305 0.5658 0.7554
vn 0.3388 0.7504 0.5676
vn 0.5887 0.3137 0.7450
vn 0.4650 0.1322 0.8754
vn 0.2860 0.0002 0.9582
vn 0.5750 0.0020 0.8182
vn -0.4433 0.2879 0.8489
vn -0.4312 0.2993 0.8512
vn -0.0358 -0.0016 0.9994
vn 0.0859 -0.9829 0.1626
vn -0.3838 -0.9234 0.0119
vn -0.2640 -0.9309 0.2525
vn 0.1303 -0.9320 0.3383
vn 0.4574 -0.8048 0.3783
vn 0.6167 -0.5718 0.5410
vn 0.6598 -0.6361 0.4001
vn 0.4304 -0.7778 0.4581
vn -0.5575 -0.8285 -0.0535
vn -0.6283 -0.7776 0.0225
vn -0.5294 -0.8356 0.1465
vn -0.1383 -0.8187 0.5573
vn 0.1588 -0.8157 0.5563
vn 0.3225 -0.6011 0.7312
vn -0.0285 -0.7293 0.6836
vn 0.0763 -0.6306 0.7723
vn -0.3644 -0.7587 0.5400
vn -0.5355 -0.7339 0.4179
vn -0.3530 -0.6266 0.6948
vn -0.2388 -0.6348 0.7349
vn -0.1314 -0.6017 0.7878
vn 0.1145 0.9823 0.1482
vn -0.1703 0.9681 0.1836
vn -0.4239 0.9034 -0.0644
vn -0.4676 0.8754 0.1223
vn -0.6723 0.7224 -0.1617
vn -0.7368 0.6567 -0.1609
vn -0.7079 0.6810 -0.1874
vn 0.1394 0.9267 0.3489
vn 0.5265 0.7891 0.3163
vn 0.4671 0.8398 0.2768
vn 0.6932 0.5935 0.4090
vn 0.6758 0.6371 0.3706
vn 0.1921 0.8129 0.5498
vn -0.2590 0.8358 0.4841
vn -0.5490 0.7797 0.3010
vn -0.7119 0.6711 0.2070
vn -0.5469 0.6994 0.4602
vn -0.4848 0.7838 0.3881
vn -0.0143 0.7952 0.6062
vn 0.1059 0.6086 0.7864
vn 0.3798 0.6412 0.6668
vn -0.1389 0.5683 0.8110
vn -0.2569 0.6299 0.7330
vn -0.4282 0.6100 0.6668
vn -0.4027 -0.6791 0.6137
vn -0.6071 -0.6793 0.4124
vn -0.4511 -0.8382 0.3063
vn -0.2993 -0.8381 0.4560
vn -0.1380 -0.6792 0.7209
vn -0.1024 -0.8382 0.5357
vn 0.1447 -0.6796 0.7192
vn 0.1073 -0.8387 0.5340
vn 0.4074 -0.6792 0.6105
vn 0.3028 -0.8382 0.4536
vn 0.6101 -0.6794 0.4077
vn 0.4534 -0.8383 0.3028
vn 0.7196 -0.6796 0.1426
vn 0.5346 -0.8385 0.1058
vn 0.7191 -0.6798 -0.1440
vn 0.5341 -0.8386 -0.1071
vn 0.6088 -0.6800 -0.4086
vn 0.4520 -0.8388 -0.3035
vn 0.4056 -0.6801 -0.6107
vn 0.3011 -0.8389 -0.4534
vn 0.1405 -0.6802 -0.7194
vn 0.1043 -0.8389 -0.5341
vn -0.1460 -0.6802 -0.7184
vn -0.1084 -0.8389 -0.5334
vn -0.4103 -0.6801 -0.6076
vn -0.3046 -0.8388 -0.4512
vn -0.6120 -0.6799 -0.4040
vn -0.4544 -0.8387 -0.3001
vn -0.7203 -0.6797 -0.1386
vn -0.5350 -0.8385 -0.1030
vn -0.7186 -0.6794 0.1482
vn -0.5339 -0.8384 0.1100
vn 0.5559 -0.0002 0.8312
vn 0.1961 0.0010 0.9806
vn 0.5550 0.0002 0.8318
vn 0.7074 -0.0002 0.7068
vn 0.8312 -0.0006 0.5560
vn 0.1970 0.0006 0.9804
vn -0.1884 -0.0006 0.9821
vn -0.1876 -0.0010 0.9822
vn -0.3744 0.0002 0.9273
vn -0.5473 0.0006 0.8369
vn -0.8266 -0.0002 0.5627
vn -0.8272 0.0002 0.5618
vn -0.7010 -0.0002 0.7131
vn -0.5492 -0.0006 0.8357
vn -0.9792 -0.0002 0.2029
vn -0.9794 0.0002 0.2018
vn -0.9822 -0.0002 -0.1880
vn -0.9820 0.0002 -0.1890
vn -0.9263 0.0002 -0.3769
vn -0.8354 0.0006 -0.5496
vn -0.2002 -0.0002 -0.9798
vn 0.1907 -0.0002 -0.9817
vn -0.1992 0.0002 -0.9800
vn -0.5596 0.0002 -0.8288
vn -0.5605 -0.0002 -0.8282
vn -0.7112 -0.0002 -0.7030
vn -0.8342 -0.0006 -0.5514
vn 0.1917 0.0002 -0.9815
vn 0.3794 0.0002 -0.9252
vn 0.5519 0.0005 -0.8339
vn 0.9811 -0.0002 0.1933
vn 0.9242 0.0002 0.3820
vn 0.9809 0.0002 0.1944
vn 0.9805 0.0002 -0.1965
vn 0.9803 -0.0002 -0.1975
vn 0.8303 0.0002 -0.5573
vn 0.8297 -0.0002 -0.5582
vn 0.7049 -0.0002 -0.7093
vn 0.5537 -0.0006 -0.8327
vn 0.8324 0.0006 0.5542
vn -0.7151 0.6833 0.1475
vn -0.6787 0.6761 0.2869
vn -0.7152 0.6833 0.1473
vn -0.7171 0.6834 -0.1368
vn -0.7171 0.6833 -0.1371
vn 0.4028 0.6839 -0.6083
vn 0.2794 0.6770 -0.6809
vn 0.2795 0.6769 -0.6809
vn 0.4028 0.6838 -0.6084
vn 0.0023 0.6762 0.7367
vn 0.1432 0.6828 0.7165
vn 0.0024 0.6764 0.7366
vn 0.1433 0.6827 0.7165
vn 0.4055 0.6829 0.6076
vn 0.4054 0.6830 0.6076
vn 0.5210 0.6760 0.5212
vn -0.4007 0.6829 0.6108
vn -0.2761 0.6758 0.6834
vn -0.2762 0.6758 0.6834
vn -0.4009 0.6829 0.6107
vn -0.6036 0.6829 0.4114
vn -0.6038 0.6829 0.4113
vn 0.6079 0.6830 0.4049
vn 0.6808 0.6762 0.2816
vn 0.6808 0.6761 0.2816
vn 0.6080 0.6830 0.4049
vn 0.1388 0.6839 -0.7162
vn -0.1454 0.6841 -0.7148
vn -0.1453 0.6840 -0.7148
vn 0.1388 0.6839 -0.7163
vn -0.2848 0.6769 -0.6787
vn -0.2848 0.6770 -0.6787
vn 0.7156 0.6836 -0.1434
vn 0.6058 0.6839 -0.4066
vn 0.6058 0.6838 -0.4067
vn 0.7156 0.6836 -0.1435
vn 0.7165 0.6832 0.1410
vn 0.7165 0.6832 0.1408
vn 0.5192 0.6769 -0.5218
vn -0.4093 0.6838 -0.6041
vn -0.6091 0.6838 -0.4019
vn -0.6090 0.6837 -0.4021
vn -0.4092 0.6837 -0.6042
vn -0.6820 0.6766 -0.2778
vn -0.6820 0.6766 -0.2777
vn -0.7111 -0.0000 -0.7031
vn -0.8342 -0.0003 -0.5515
vn -0.5604 -0.0002 -0.8283
vn -0.5597 0.0002 -0.8287
vn -0.2001 -0.0002 -0.9798
vn -0.1993 0.0002 -0.9799
vn 0.1908 -0.0002 -0.9816
vn 0.1916 0.0002 -0.9815
vn 0.3793 -0.0000 -0.9253
vn 0.5519 0.0003 -0.8339
vn 0.8324 0.0002 0.5542
vn 0.9810 0.0002 0.1943
vn 0.9242 -0.0000 0.3818
vn 0.9811 -0.0002 0.1935
vn 0.9805 0.0002 -0.1966
vn 0.9803 -0.0002 -0.1974
vn 0.8302 0.0002 -0.5574
vn 0.8298 -0.0002 -0.5581
vn 0.7050 -0.0000 -0.7092
vn 0.5537 -0.0003 -0.8327
vn -0.9820 0.0002 -0.1889
vn -0.9822 -0.0002 -0.1881
vn -0.9263 -0.0000 -0.3768
vn -0.8354 0.0003 -0.5496
vn -0.9794 0.0002 0.2020
vn -0.9792 -0.0002 0.2028
vn -0.8272 0.0002 0.5619
vn -0.8267 -0.0002 0.5626
vn -0.7011 -0.0000 0.7130
vn -0.5492 -0.0003 0.8357
vn 0.1970 0.0001 0.9804
vn 0.1964 0.0005 0.9805
vn -0.1885 -0.0001 0.9821
vn -0.1878 -0.0004 0.9822
vn -0.3742 -0.0000 0.9273
vn -0.5474 0.0003 0.8369
vn 0.5551 0.0002 0.8318
vn 0.5558 -0.0002 0.8313
vn 0.7072 -0.0000 0.7070
vn 0.8312 -0.0003 0.5560
vn 0.1424 -0.9714 0.1902
vn -0.2767 -0.9572 0.0853
vn -0.1527 -0.9515 0.2671
vn 0.4715 -0.8606 0.1925
vn 0.5516 -0.7864 0.2782
vn 0.7442 -0.6226 0.2420
vn 0.7491 -0.6514 0.1203
vn 0.1694 -0.8989 0.4042
vn -0.4208 -0.8652 0.2726
vn -0.4854 -0.8691 0.0947
vn -0.6084 -0.7487 0.2634
vn -0.4055 -0.7671 0.4971
vn -0.1445 -0.8046 0.5759
vn 0.3807 -0.7948 0.4726
vn 0.6439 -0.5849 0.4933
vn 0.2971 -0.7132 0.6349
vn 0.1126 -0.7492 0.6527
vn -0.2349 -0.6796 0.6950
vn -0.0913 -0.5955 0.7981
vn -0.0329 -0.6405 0.7673
vn 0.0577 -0.6361 0.7695
vn -0.5641 -0.6663 0.4876
vn -0.3009 -0.7688 0.5643
vn -0.4891 -0.5554 0.6725
vn -0.3109 -0.6682 0.6759
vn -0.5686 -0.6193 0.5414
vn -0.7694 -0.4794 0.4222
vn -0.8246 -0.5079 0.2489
vn -0.6288 -0.7408 0.2364
vn -0.9528 -0.1601 0.2580
vn -0.9833 0.0004 0.1821
vn -0.8746 0.0013 0.4848
vn -0.8805 -0.1582 0.4468
vn -0.6414 -0.1863 0.7442
vn -0.5114 -0.2671 0.8168
vn -0.4111 -0.0708 0.9088
vn -0.3634 -0.2216 0.9049
vn -0.6360 0.0022 0.7717
vn -0.0073 0.0015 1.0000
vn 0.1862 -0.2522 0.9496
vn 0.3190 -0.0000 0.9477
vn 0.0003 0.0001 1.0000
vn 0.0004 0.0001 1.0000
vn 0.0004 -0.0000 1.0000
vn 0.0004 0.0028 1.0000
vn 0.0052 -0.0139 0.9999
vn -0.1781 -0.2617 0.9486
vn 0.0022 0.0372 0.9993
vn 0.0049 0.0055 1.0000
vn 0.0071 0.0018 1.0000
vn 0.0095 0.0009 1.0000
vn 0.0126 0.0007 0.9999
vn 0.0200 0.0002 0.9998
vn 0.0904 0.0039 0.9959
vn -0.2582 0.0702 0.9635
vn -0.3634 -0.0020 0.9316
vn -0.2597 0.0001 0.9657
vn -0.3729 -0.0000 0.9279
vn -0.3730 -0.0000 0.9278
vn -0.3729 -0.0001 0.9279
vn -0.3729 0.0003 0.9279
vn -0.3731 -0.0009 0.9278
vn -0.3745 0.0047 0.9272
vn -0.4740 -0.2027 0.8568
vn -0.3741 -0.0130 0.9273
vn -0.3743 -0.0015 0.9273
vn -0.3751 -0.0004 0.9270
vn -0.3759 0.0002 0.9267
vn -0.3768 -0.0001 0.9263
vn -0.3790 0.0004 0.9254
vn -0.3904 -0.0003 0.9206
vn -0.3863 -0.0000 0.9224
vn -0.3934 -0.6955 0.6013
vn -0.1389 -0.6930 0.7074
vn 0.1451 -0.6911 0.7080
vn 0.3820 0.0056 0.9241
vn 0.5352 -0.2531 0.8059
vn 0.3837 -0.0032 0.9235
vn 0.3838 0.0011 0.9234
vn 0.3835 -0.0003 0.9235
vn 0.3837 0.0001 0.9235
vn 0.3838 0.0002 0.9234
vn 0.3839 0.0001 0.9234
vn 0.3769 0.0015 0.9262
vn 0.6578 -0.0000 0.7532
vn 0.6870 -0.0023 0.7266
vn 0.6117 0.0001 0.7911
vn 0.7038 0.0001 0.7104
vn 0.7053 0.0003 0.7089
vn 0.7060 -0.0001 0.7082
vn 0.7066 -0.0001 0.7076
vn 0.7071 -0.0017 0.7071
vn 0.7076 -0.0093 0.7065
vn 0.7070 0.0047 0.7072
vn 0.8025 -0.2565 0.5387
vn 0.8304 0.0025 0.5571
vn 0.7065 -0.0236 0.7073
vn 0.7083 0.0004 0.7060
vn 0.7082 -0.0004 0.7060
vn 0.7082 0.0002 0.7060
vn 0.7083 -0.0000 0.7059
vn 0.7083 -0.0001 0.7059
vn 0.7082 -0.0000 0.7060
vn 0.8624 -0.0000 0.5062
vn 0.7081 -0.0000 0.7061
vn 0.4214 -0.6048 0.6758
vn 0.4001 -0.6937 0.5989
vn 0.8187 -0.5593 0.1302
vn 0.8881 -0.4271 0.1699
vn 0.9572 -0.2417 0.1593
vn 0.9673 -0.1841 0.1745
vn 0.9761 0.0002 0.2175
vn 0.9498 0.0002 0.3129
vn 0.1301 0.9758 0.1759
vn -0.1513 0.9568 0.2481
vn -0.4299 0.8970 0.1024
vn -0.4125 0.8563 0.3108
vn -0.6712 0.7361 0.0874
vn -0.7394 0.6595 0.1352
vn -0.7269 0.6807 0.0905
vn -0.4477 0.7696 0.4552
vn 0.1750 0.8984 0.4027
vn 0.6556 0.7319 0.1855
vn 0.7711 0.5427 0.3331
vn 0.5602 0.7831 0.2699
vn 0.4534 0.8633 0.2216
vn -0.1523 0.8009 0.5791
vn -0.3239 0.7168 0.6175
vn -0.5098 0.5401 0.6696
vn 0.1127 0.7492 0.6527
vn 0.2971 0.7133 0.6347
vn 0.3942 0.8154 0.4240
vn 0.5720 0.6012 0.5581
vn 0.0577 0.6361 0.7695
vn -0.0517 0.6342 0.7715
vn -0.2396 0.5782 0.7799
vn -0.2910 0.6224 0.7266
vn -0.3424 0.4962 0.7979
vn -0.4556 0.3471 0.8197
vn -0.4351 0.5519 0.7114
vn -0.6970 0.4205 0.5809
vn -0.8048 0.5186 0.2887
vn -0.5267 0.7896 0.3149
vn -0.8288 0.5595 -0.0025
vn -0.9565 0.1947 0.2171
vn -0.8748 -0.0016 0.4844
vn -0.9834 -0.0000 0.1816
vn -0.8792 0.1691 0.4455
vn -0.3752 0.2263 0.8989
vn -0.4075 0.0812 0.9096
vn -0.6362 0.1233 0.7616
vn -0.6354 -0.0031 0.7722
vn 0.0037 -0.0001 1.0000
vn 0.0041 -0.0001 1.0000
vn 0.0017 0.0037 1.0000
vn 0.0015 -0.0006 1.0000
vn 0.0012 -0.0007 1.0000
vn 0.0009 -0.0008 1.0000
vn 0.0008 -0.0009 1.0000
vn 0.0006 -0.0011 1.0000
vn 0.0006 -0.0042 1.0000
vn 0.0046 0.0103 0.9999
vn 0.0182 0.0142 0.9997
vn 0.0017 -0.0419 0.9991
vn 0.0039 -0.0089 1.0000
vn 0.0055 -0.0047 1.0000
vn 0.0072 -0.0035 1.0000
vn 0.0095 -0.0029 1.0000
vn 0.0153 -0.0021 0.9999
vn 0.0600 -0.0020 0.9982
vn -0.0888 -0.0000 0.9960
vn 0.0556 -0.0000 0.9985
vn -0.3824 0.0004 0.9240
vn -0.3834 0.0002 0.9236
vn -0.3790 0.0051 0.9254
vn -0.3730 -0.0000 0.9279
vn -0.3767 0.0016 0.9263
vn -0.3755 0.0021 0.9268
vn -0.3749 0.0024 0.9271
vn -0.3743 0.0029 0.9273
vn -0.3737 0.0034 0.9276
vn -0.3738 0.0054 0.9275
vn -0.3755 -0.0025 0.9268
vn -0.5065 -0.1295 0.8525
vn -0.3740 0.0123 0.9273
vn -0.3745 0.0010 0.9272
vn -0.3753 -0.0000 0.9269
vn -0.3761 -0.0005 0.9266
vn -0.3773 -0.0001 0.9261
vn -0.3796 -0.0006 0.9251
vn -0.3918 -0.0001 0.9201
vn -0.4989 -0.0000 0.8666
vn 0.3826 -0.0049 0.9239
vn 0.3805 -0.0031 0.9248
vn 0.3832 0.0151 0.9235
vn 0.3824 0.0028 0.9240
vn 0.3819 0.0017 0.9242
vn 0.3813 0.0008 0.9244
vn 0.3805 0.0007 0.9248
vn 0.3788 0.0002 0.9255
vn 0.3693 0.0005 0.9293
vn 0.2509 -0.0000 0.9680
vn 0.3701 -0.0000 0.9290
vn 0.3826 -0.0019 0.9239
vn 0.3840 0.0019 0.9234
vn 0.3840 -0.0019 0.9233
vn 0.3839 -0.0006 0.9234
vn 0.3842 -0.0008 0.9233
vn 0.3845 -0.0008 0.9231
vn 0.3850 -0.0006 0.9229
vn 0.3868 -0.0001 0.9222
vn 0.3872 -0.0001 0.9220
vn 0.3834 -0.0000 0.9236
vn 0.3838 -0.0000 0.9234
vn 0.6970 -0.0000 0.7171
vn 0.7050 -0.0021 0.7092
vn 0.6026 -0.0000 0.7980
vn 0.6978 -0.0000 0.7163
vn 0.7048 0.0005 0.7094
vn 0.7060 0.0005 0.7082
vn 0.7066 0.0009 0.7077
vn 0.7069 0.0011 0.7073
vn 0.7075 0.0029 0.7067
vn 0.7081 0.0109 0.7060
vn 0.7073 -0.0042 0.7069
vn 0.7971 -0.1265 0.5904
vn 0.7084 -0.0009 0.7058
vn 0.7083 0.0001 0.7059
vn 0.7083 0.0002 0.7059
vn 0.7084 0.0001 0.7059
vn 0.8186 0.5593 0.1307
vn 0.9571 0.2418 0.1593
vn 0.8881 0.4270 0.1699
vn 0.9672 0.1843 0.1746
vn 0.9761 -0.0002 0.2171
vn 0.9498 -0.0003 0.3129
vn 0.2477 -0.9681 0.0377
vn -0.0946 -0.9718 0.2162
vn 0.2662 -0.9440 0.1952
vn 0.6008 -0.7912 0.1141
vn 0.5662 -0.8205 -0.0786
vn 0.7392 -0.6500 -0.1763
vn 0.8030 -0.5813 0.1317
vn 0.0535 -0.8942 0.4445
vn -0.2480 -0.8572 0.4513
vn -0.4474 -0.8461 0.2898
vn -0.3726 -0.6947 0.6153
vn 0.4038 -0.7910 0.4595
vn 0.7746 -0.5157 0.3661
vn 0.6909 -0.6101 0.3878
vn 0.1727 -0.7634 0.6224
vn -0.0705 -0.7019 0.7088
vn -0.1942 -0.6163 0.7632
vn 0.2539 -0.6441 0.7216
vn 0.2761 -0.6867 0.6725
vn 0.4720 -0.5123 0.7175
vn -0.4496 -0.6329 0.6303
vn -0.6306 -0.5243 0.5723
vn -0.4866 -0.4139 0.7694
vn -0.5575 -0.7406 0.3751
vn -0.8234 -0.3261 0.4643
vn -0.7506 -0.1446 0.6448
vn -0.7364 0.0025 0.6765
vn -0.7326 0.0025 0.6806
vn -0.5765 -0.1809 0.7968
vn -0.3369 -0.3664 0.8673
vn -0.2669 -0.4527 0.8508
vn 0.9144 -0.4042 0.0231
vn 0.8048 -0.4736 0.3578
vn 0.8620 -0.3837 0.3314
vn 0.9706 -0.1832 0.1559
vn 0.8355 -0.5201 -0.1774
vn 0.9431 -0.2382 -0.2321
vn 0.9830 -0.1676 -0.0743
vn 0.9990 0.0025 -0.0439
vn 0.9992 0.0025 -0.0387
vn 0.3560 -0.0025 0.9345
vn 0.2619 0.0001 0.9651
vn 0.3775 0.0004 0.9260
vn 0.3794 0.0001 0.9252
vn 0.3806 0.0002 0.9247
vn 0.3815 -0.0006 0.9244
vn 0.3818 -0.0014 0.9242
vn 0.3829 -0.0132 0.9237
vn -0.3622 0.8597 0.3602
vn -0.3924 0.7854 0.4788
vn -0.5899 0.6200 0.5174
vn -0.6455 0.6517 0.3983
vn -0.0056 0.9018 0.4322
vn -0.0306 0.9640 0.2643
vn 0.3005 0.8971 0.3240
vn 0.4115 0.9068 0.0909
vn 0.2177 0.9685 0.1210
vn 0.4719 0.8743 -0.1138
vn 0.6451 0.7626 0.0474
vn -0.1658 0.7668 0.6201
vn -0.3134 0.6821 0.6607
vn -0.4368 0.5368 0.7218
vn -0.2399 0.5014 0.8313
vn 0.1176 0.7489 0.6521
vn 0.3038 0.7588 0.5761
vn 0.5155 0.7523 0.4103
vn 0.5793 0.7725 0.2600
vn -0.5543 0.4742 0.6841
vn -0.5152 0.2911 0.8061
vn -0.7629 0.2887 0.5784
vn -0.6552 0.6132 0.4414
vn -0.8474 0.2265 0.4802
vn -0.7361 -0.0021 0.6769
vn -0.7095 -0.0021 0.7047
vn -0.6241 0.1371 0.7692
vn -0.4005 0.1090 0.9098
vn -0.3383 0.2990 0.8923
vn 0.7471 0.6042 0.2772
vn 0.8492 0.5198 0.0933
vn 0.8772 0.3103 0.3663
vn 0.6731 0.7366 -0.0660
vn 0.8685 0.4870 -0.0921
vn 0.9796 0.1570 -0.1251
vn 0.9846 0.1634 0.0625
vn 0.9261 0.1360 0.3519
vn 0.1989 -0.9792 -0.0414
vn -0.0455 -0.9438 0.3274
vn 0.2377 -0.9592 0.1531
vn 0.4719 -0.8750 -0.1077
vn 0.5066 -0.8173 -0.2745
vn 0.5901 -0.7497 -0.2996
vn 0.6472 -0.7398 -0.1840
vn 0.7580 -0.5843 -0.2898
vn 0.1208 -0.8911 0.4374
vn -0.2474 -0.8011 0.5450
vn -0.4489 -0.6358 0.6278
vn -0.3536 -0.5715 0.7405
vn -0.2217 -0.7855 0.5778
vn 0.0593 -0.7758 0.6282
vn 0.5566 -0.7873 0.2653
vn 0.7389 -0.6701 0.0710
vn 0.3797 -0.7713 0.5109
vn 0.5072 -0.6408 0.5763
vn 0.5577 -0.6464 0.5208
vn 0.8124 -0.5170 0.2696
vn 0.0135 -0.6328 0.7742
vn -0.4850 -0.5596 0.6720
vn -0.5626 -0.2419 0.7905
vn -0.5063 -0.4272 0.7491
vn -0.5591 -0.1840 0.8085
vn -0.5348 0.0002 0.8450
vn -0.4484 0.0002 0.8938
vn 0.7558 -0.6547 -0.0052
vn 0.7878 -0.5561 -0.2649
vn 0.8627 -0.2358 -0.4473
vn 0.6663 -0.5821 -0.4660
vn 0.7725 -0.2373 -0.5890
vn 0.8876 0.0014 -0.4605
vn 0.8900 -0.3459 0.2970
vn 0.9594 -0.2227 0.1731
vn 0.9035 0.0071 0.4285
vn 0.9629 0.0006 0.2697
vn 0.9261 -0.0468 0.3745
vn 0.1990 0.9787 -0.0510
vn 0.2458 0.9581 0.1473
vn -0.0455 0.9438 0.3274
vn -0.2475 0.8011 0.5450
vn -0.3537 0.5717 0.7403
vn -0.4491 0.6359 0.6277
vn -0.2059 0.7907 0.5765
vn 0.1108 0.8908 0.4407
vn 0.4525 0.8859 -0.1022
vn 0.3886 0.8759 -0.2858
vn 0.6150 0.7526 -0.2351
vn 0.5909 0.8058 0.0380
vn 0.4628 0.8192 0.3387
vn 0.0136 0.6330 0.7740
vn 0.2265 0.7036 0.6735
vn 0.6070 0.7263 0.3224
vn 0.7375 0.6695 -0.0890
vn 0.6225 0.6107 0.4894
vn 0.5831 0.6349 0.5069
vn 0.5015 0.6265 0.5966
vn -0.4854 0.5596 0.6717
vn -0.5064 0.4271 0.7491
vn -0.5626 0.2420 0.7905
vn -0.5589 0.1842 0.8086
vn -0.5351 -0.0002 0.8448
vn -0.4484 -0.0003 0.8938
vn 0.8642 0.4558 0.2130
vn 0.7057 0.6624 0.2514
vn 0.7872 0.6164 -0.0185
vn 0.8563 0.1581 -0.4918
vn 0.8884 0.0002 -0.4590
vn 0.9885 -0.0005 -0.1509
vn 0.9401 0.1550 -0.3035
vn 0.9737 0.2098 0.0884
vn 0.8908 0.1789 0.4176
vn 0.8312 0.2500 0.4966
vn 0.9315 0.0602 0.3587
vn 0.9628 -0.0012 0.2701
vn 0.1714 -0.9833 -0.0618
vn -0.0706 -0.8979 0.4345
vn 0.1940 -0.9541 0.2281
vn 0.3833 -0.9024 -0.1967
vn 0.4158 -0.8017 -0.4294
vn 0.4208 -0.7565 -0.5006
vn 0.6109 -0.5074 -0.6077
vn 0.1140 -0.8521 0.5108
vn -0.1710 -0.7200 0.6725
vn -0.1665 -0.6565 0.7357
vn -0.1932 -0.6805 0.7068
vn 0.2669 -0.8103 0.5217
vn 0.5492 -0.8231 0.1445
vn 0.6866 -0.7213 -0.0913
vn 0.7720 -0.5953 -0.2227
vn 0.4873 -0.7674 0.4166
vn 0.4997 -0.6307 0.5937
vn 0.6400 -0.6268 0.4444
vn 0.6391 -0.6529 0.4066
vn 0.7300 -0.6130 0.3023
vn 0.7819 -0.6139 0.1087
vn 0.8153 -0.5766 0.0534
vn 0.8018 -0.4361 0.4086
vn 0.8287 -0.4440 0.3408
vn 0.1835 -0.6500 0.7374
vn 0.9218 0.0015 0.3876
vn 0.9485 -0.2532 0.1902
vn 0.9978 -0.0000 0.0659
vn 0.9248 -0.0000 0.3805
vn 0.9249 -0.0000 0.3803
vn 0.9248 -0.0000 0.3804
vn 0.9248 0.0002 0.3805
vn 0.9248 0.0005 0.3805
vn 0.9241 0.0052 0.3821
vn 0.8529 -0.2028 0.4811
vn 0.9244 -0.0141 0.3811
vn 0.9241 -0.0019 0.3821
vn 0.9239 0.0001 0.3826
vn 0.9236 -0.0005 0.3833
vn 0.9232 0.0004 0.3844
vn 0.9222 0.0003 0.3867
vn 0.9175 -0.0005 0.3977
vn 0.8626 -0.0000 0.5059
vn 0.9192 -0.0000 0.3938
vn 0.5979 -0.6957 0.3982
vn 0.7063 -0.6940 0.1396
vn 1.0000 0.0051 -0.0013
vn 0.9489 -0.2534 -0.1879
vn 1.0000 0.0002 -0.0031
vn 1.0000 0.0010 -0.0031
vn 1.0000 -0.0005 -0.0030
vn 1.0000 0.0001 -0.0031
vn 1.0000 0.0002 -0.0032
vn 1.0000 0.0001 -0.0033
vn 1.0000 0.0015 0.0041
vn 0.9469 -0.0000 -0.3215
vn 0.9336 -0.0024 -0.3583
vn 0.9644 0.0001 -0.2644
vn 0.9251 0.0003 -0.3797
vn 0.9242 0.0001 -0.3820
vn 0.9237 -0.0003 -0.3832
vn 0.9233 -0.0001 -0.3840
vn 0.9231 -0.0008 -0.3845
vn 0.9227 -0.0136 -0.3853
vn 0.9231 0.0054 -0.3845
vn 0.8044 -0.2535 -0.5373
vn 0.9224 0.0020 -0.3862
vn 0.9224 -0.0003 -0.3862
vn 0.9225 0.0001 -0.3861
vn 0.9224 -0.0000 -0.3862
vn 0.9225 0.0001 -0.3860
vn 0.9254 0.0015 -0.3791
vn 0.7512 -0.0000 -0.6600
vn 0.7248 -0.0024 -0.6890
vn 0.7893 0.0001 -0.6140
vn 0.7085 0.0001 -0.7057
vn 0.7071 0.0001 -0.7072
vn 0.7064 0.0005 -0.7079
vn 0.7058 -0.0006 -0.7085
vn 0.7053 -0.0014 -0.7089
vn 0.7044 -0.0097 -0.7098
vn 0.7052 0.0048 -0.7090
vn 0.5482 -0.2553 -0.7964
vn 0.7037 -0.0014 -0.7105
vn 0.7039 0.0002 -0.7103
vn 0.7040 -0.0001 -0.7102
vn 0.7039 -0.0001 -0.7103
vn 0.5035 -0.0000 -0.8640
vn 0.7039 -0.0000 -0.7103
vn 0.6742 -0.6056 -0.4228
vn 0.5973 -0.6944 -0.4014
vn 0.7057 -0.6942 -0.1418
vn 0.2752 -0.4832 -0.8311
vn 0.4154 -0.4279 -0.8027
vn 0.5110 -0.3048 -0.8037
vn 0.2115 0.9762 -0.0471
vn 0.1828 0.9565 0.2274
vn -0.0706 0.8980 0.4343
vn 0.1138 0.8520 0.5109
vn -0.1713 0.7200 0.6725
vn -0.1667 0.6566 0.7356
vn -0.1932 0.6807 0.7067
vn 0.4483 0.8916 -0.0640
vn 0.3648 0.8594 -0.3581
vn 0.4317 0.6370 -0.6387
vn 0.3961 0.7620 -0.5124
vn 0.3699 0.6538 -0.6601
vn 0.4579 0.8330 -0.3104
vn 0.4969 0.8207 0.2820
vn 0.2675 0.7993 0.5381
vn 0.1835 0.6499 0.7375
vn 0.5094 0.7293 0.4568
vn 0.4999 0.6306 0.5937
vn 0.6439 0.7538 0.1309
vn 0.7086 0.7037 -0.0514
vn 0.5930 0.7889 -0.1612
vn 0.7441 0.6264 0.2322
vn 0.6927 0.6350 0.3420
vn 0.6557 0.6019 0.4559
vn 0.9247 -0.0000 0.3807
vn 0.9260 -0.0001 0.3776
vn 0.9261 -0.0001 0.3773
vn 0.9246 -0.0009 0.3811
vn 0.9251 -0.0006 0.3796
vn 0.9251 -0.0007 0.3798
vn 0.9249 -0.0010 0.3801
vn 0.9249 -0.0015 0.3802
vn 0.9252 -0.0017 0.3795
vn 0.8483 -0.1305 0.5131
vn 0.9244 0.0136 0.3813
vn 0.9241 0.0014 0.3822
vn 0.9238 -0.0006 0.3829
vn 0.9235 0.0001 0.3836
vn 0.9230 -0.0007 0.3848
vn 0.9220 -0.0005 0.3872
vn 0.9169 0.0002 0.3990
vn 0.9191 -0.0000 0.3939
vn 1.0000 -0.0049 -0.0019
vn 0.9999 0.0105 -0.0026
vn 1.0000 0.0032 -0.0017
vn 1.0000 0.0014 -0.0011
vn 1.0000 0.0007 -0.0007
vn 1.0000 0.0009 0.0006
vn 1.0000 0.0001 0.0020
vn 0.9999 0.0001 0.0123
vn 0.9906 -0.0000 0.1368
vn 0.9999 -0.0000 0.0115
vn 1.0000 -0.0019 -0.0020
vn 1.0000 -0.0016 -0.0032
vn 1.0000 -0.0020 -0.0034
vn 1.0000 -0.0004 -0.0034
vn 1.0000 -0.0008 -0.0037
vn 1.0000 -0.0007 -0.0039
vn 1.0000 -0.0006 -0.0045
vn 1.0000 -0.0001 -0.0066
vn 1.0000 -0.0001 -0.0069
vn 1.0000 -0.0000 -0.0032
vn 0.9283 0.0005 -0.3717
vn 0.9674 -0.0000 -0.2534
vn 0.9280 -0.0000 -0.3725
vn 0.9245 0.0003 -0.3812
vn 0.9238 0.0006 -0.3829
vn 0.9234 0.0012 -0.3838
vn 0.9231 0.0012 -0.3845
vn 0.9230 0.0022 -0.3849
vn 0.9225 0.0155 -0.3857
vn 0.9224 -0.0034 -0.3863
vn 0.9224 -0.0008 -0.3863
vn 0.9222 -0.0012 -0.3866
vn 0.9221 -0.0006 -0.3870
vn 0.9220 -0.0009 -0.3872
vn 0.9212 -0.0001 -0.3891
vn 0.7149 0.0004 -0.6992
vn 0.7073 -0.0021 -0.7070
vn 0.7964 -0.0000 -0.6048
vn 0.7143 -0.0000 -0.6999
vn 0.7076 0.0006 -0.7066
vn 0.7063 0.0007 -0.7079
vn 0.7058 0.0004 -0.7084
vn 0.7053 0.0017 -0.7089
vn 0.7050 0.0027 -0.7092
vn 0.7040 0.0117 -0.7101
vn 0.6351 -0.1499 -0.7577
vn 0.7045 0.0018 -0.7097
vn 0.7039 -0.0003 -0.7103
vn 0.7042 -0.0000 -0.7100
vn 0.7043 -0.0000 -0.7100
vn 0.0707 -0.9826 0.1720
vn 0.2688 -0.9610 0.0649
vn 0.2560 -0.9410 -0.2214
vn 0.1096 -0.8971 -0.4281
vn 0.2656 -0.7835 -0.5618
vn 0.2453 -0.6370 -0.7308
vn 0.1168 -0.6786 -0.7252
vn 0.2359 -0.8849 0.4016
vn 0.0808 -0.8037 0.5895
vn 0.1078 -0.8193 0.5631
vn 0.3175 -0.5844 0.7468
vn 0.4414 -0.7839 0.4365
vn 0.5758 -0.8139 0.0773
vn 0.4926 -0.7924 -0.3597
vn 0.4792 -0.6841 -0.5499
vn 0.4866 -0.5492 -0.6794
vn 0.6740 -0.5019 -0.5421
vn 0.2190 -0.9397 -0.2627
vn 0.6076 -0.7207 0.3336
vn 0.7446 -0.6257 0.2325
vn 0.7970 -0.6029 0.0366
vn 0.7703 -0.6205 -0.1469
vn 0.3922 -0.7312 0.5582
vn 0.2996 -0.5008 0.8120
vn 0.5831 -0.4838 0.6526
vn 0.7163 -0.4685 0.5171
vn 0.8072 -0.2243 0.5460
vn 0.0003 -0.5598 0.8286
vn 0.2210 -0.1933 0.9559
vn 0.3081 -0.0005 0.9513
vn 0.5959 0.0004 0.8031
vn 0.4471 -0.1683 0.8785
vn 0.7626 -0.1209 0.6355
vn 0.9122 -0.0757 0.4026
vn 0.9062 -0.2214 0.3603
vn 0.8741 0.0012 0.4858
vn 0.1277 -0.5556 -0.8216
vn 0.1780 -0.4158 -0.8919
vn 0.1908 -0.2242 -0.9557
vn 0.3267 -0.0455 -0.9440
vn 0.3384 -0.2295 -0.9126
vn 0.5506 -0.0485 -0.8333
vn 0.5469 -0.1913 -0.8150
vn 0.9996 -0.0021 0.0266
vn 0.9921 0.0001 0.1252
vn 1.0000 0.0005 0.0038
vn 1.0000 -0.0001 0.0016
vn 1.0000 0.0002 0.0001
vn 1.0000 -0.0003 -0.0006
vn 1.0000 -0.0018 -0.0014
vn 1.0000 -0.0086 -0.0023
vn 0.1046 0.9805 0.1664
vn 0.2754 0.9596 0.0583
vn 0.2617 0.8783 0.4002
vn 0.0752 0.8758 0.4767
vn 0.2899 0.7482 0.5968
vn 0.2664 0.9344 -0.2364
vn 0.1113 0.9644 -0.2398
vn 0.1852 0.8009 -0.5695
vn 0.1229 0.6358 -0.7620
vn 0.2698 0.5714 -0.7750
vn 0.2656 0.7675 -0.5835
vn 0.4463 0.8179 -0.3631
vn 0.5852 0.8109 -0.0068
vn 0.5521 0.8037 0.2219
vn 0.5067 0.7566 0.4133
vn 0.7183 0.6435 0.2646
vn 0.6293 0.7290 -0.2693
vn 0.5564 0.6012 -0.5735
vn 0.7820 0.5982 0.1751
vn 0.8175 0.5758 0.0156
vn 0.7830 0.5609 0.2690
vn 0.7271 0.6227 0.2889
vn 0.7987 0.4965 0.3400
vn 0.8352 0.3063 0.4568
vn 0.7055 0.5653 0.4275
vn 0.5896 0.4207 0.6894
vn 0.3052 0.5420 0.7830
vn 0.1887 0.7636 0.6174
vn 0.1303 0.4981 0.8573
vn 0.2355 0.1545 0.9595
vn 0.5959 -0.0007 0.8031
vn 0.3081 0.0002 0.9513
vn 0.4551 0.1529 0.8772
vn 0.9001 0.2264 0.3724
vn 0.9108 0.0806 0.4050
vn 0.7636 0.1233 0.6338
vn 0.8742 -0.0015 0.4856
vn 0.1283 0.5592 -0.8191
vn 0.1568 0.2416 -0.9576
vn 0.1674 0.4268 -0.8887
vn 0.1721 0.1842 -0.9677
vn 0.2145 -0.0002 -0.9767
vn 0.0190 -0.9840 -0.1769
vn 0.2730 -0.8944 0.3542
vn 0.3174 -0.9421 0.1077
vn 0.2224 -0.9610 -0.1644
vn 0.0951 -0.8776 -0.4698
vn -0.1159 -0.8759 -0.4684
vn 0.4563 -0.7766 0.4343
vn 0.5379 -0.7140 0.4482
vn 0.4042 -0.6769 0.6152
vn 0.6120 -0.7908 -0.0034
vn 0.4952 -0.8165 -0.2969
vn 0.3010 -0.7827 -0.5448
vn -0.1571 -0.8899 -0.4282
vn 0.7035 -0.6749 0.2229
vn 0.8198 -0.4976 0.2835
vn 0.7841 -0.5853 -0.2062
vn 0.7371 -0.6390 -0.2198
vn 0.6353 -0.6129 -0.4698
vn 0.6134 -0.5767 -0.5395
vn 0.6799 -0.3906 0.6207
vn 0.7994 -0.1826 0.5724
vn 0.8455 -0.3839 0.3710
vn 0.8234 -0.4737 0.3124
vn 0.4693 -0.5196 0.7140
vn 0.5067 -0.2384 0.8285
vn 0.6464 -0.1675 0.7444
vn -0.0677 -0.7366 -0.6730
vn 0.2750 -0.6043 -0.7478
vn -0.0942 -0.4869 -0.8684
vn -0.1299 -0.1600 -0.9785
vn 0.3674 -0.3248 -0.8715
vn 0.3410 -0.1162 -0.9328
vn 0.5253 -0.0636 -0.8485
vn 0.0309 0.9783 -0.2048
vn 0.2434 0.9586 -0.1478
vn 0.3440 0.9307 0.1243
vn 0.1961 0.9605 0.1975
vn 0.3723 0.8787 0.2987
vn 0.2398 0.8913 0.3847
vn 0.1870 0.8765 -0.4436
vn -0.0783 0.8878 -0.4536
vn 0.0164 0.7718 -0.6356
vn 0.4570 0.8858 -0.0804
vn 0.5757 0.8030 0.1543
vn 0.5456 0.8049 0.2334
vn 0.7917 0.5667 0.2282
vn 0.4682 0.8352 -0.2885
vn 0.4688 0.7359 -0.4886
vn 0.2911 0.7235 -0.6260
vn 0.6245 0.6403 0.4473
vn 0.7946 0.3619 0.4876
vn 0.5579 0.5117 0.6533
vn 0.3910 0.7604 0.5185
vn 0.4427 0.5195 0.7309
vn 0.5847 0.1561 0.7961
vn 0.7470 0.1438 0.6491
vn 0.9118 0.1061 0.3967
vn 0.8958 0.2975 0.3303
vn 0.2751 0.6042 -0.7478
vn 0.3660 0.3188 -0.8743
vn -0.0676 0.7366 -0.6729
vn -0.0943 0.4870 -0.8683
vn -0.1301 0.1604 -0.9785
vn 0.3541 0.1897 -0.9158
vn 0.3529 0.0354 -0.9350
vn 0.4512 -0.0016 -0.8924
vn 0.5497 0.0326 -0.8347
vn 0.1966 -0.9776 0.0757
vn 0.3798 -0.9250 -0.0139
vn 0.1289 -0.9606 -0.2461
vn -0.1207 -0.9620 -0.2448
vn -0.0964 -0.8828 -0.4597
vn -0.2853 -0.8665 -0.4096
vn -0.2359 -0.7525 -0.6149
vn 0.5401 -0.8169 0.2025
vn 0.4660 -0.8122 0.3510
vn 0.7373 -0.6084 0.2935
vn 0.6020 -0.7924 -0.0983
vn 0.3601 -0.8132 -0.4572
vn 0.0634 -0.7653 -0.6406
vn -0.0725 -0.6747 -0.7346
vn 0.3384 -0.9404 0.0347
vn 0.7281 -0.6840 0.0447
vn 0.8595 -0.5015 -0.0992
vn 0.8253 -0.5495 0.1301
vn 0.6451 -0.6207 -0.4456
vn 0.5249 -0.6020 -0.6017
vn 0.3194 -0.5995 -0.7338
vn 0.6736 -0.5591 0.4834
vn 0.7922 -0.2413 0.5605
vn 0.7505 -0.4268 0.5046
vn 0.8100 -0.1841 0.5568
vn 0.8464 0.0002 0.5325
vn 0.8949 0.0002 0.4462
vn 0.1920 -0.4413 -0.8766
vn 0.4924 -0.3384 -0.8019
vn 0.1151 -0.8126 -0.5713
vn -0.4105 -0.5080 -0.7572
vn -0.2810 -0.7409 -0.6100
vn -0.4951 -0.1603 -0.8539
vn -0.5704 0.0004 -0.8214
vn 0.0930 -0.2054 -0.9742
vn 0.3105 -0.1551 -0.9378
vn 0.5184 -0.0636 -0.8528
vn 0.1720 0.9844 0.0374
vn 0.1141 0.9654 -0.2344
vn 0.3717 0.9282 -0.0156
vn 0.5284 0.8050 0.2697
vn 0.7411 0.5719 0.3517
vn 0.6287 0.6364 0.4470
vn 0.5911 0.7778 0.2136
vn -0.2271 0.9034 -0.3636
vn -0.0741 0.8757 -0.4772
vn -0.4151 0.7225 -0.5530
vn -0.4398 0.6568 -0.6125
vn -0.4527 0.6810 -0.5757
vn 0.2953 0.8137 -0.5007
vn 0.4619 0.8078 -0.3662
vn 0.5745 0.8151 -0.0750
vn 0.7993 0.6010 0.0063
vn 0.6951 0.6860 -0.2149
vn 0.0513 0.7701 -0.6359
vn 0.3092 0.6833 -0.6615
vn -0.0921 0.6711 -0.7356
vn 0.4969 0.5957 -0.6311
vn 0.5164 0.6404 -0.5685
vn 0.5752 0.6062 -0.5493
vn 0.6732 0.5592 0.4837
vn 0.7505 0.4268 0.5046
vn 0.7922 0.2415 0.5605
vn 0.8101 0.1843 0.5566
vn 0.8949 -0.0003 0.4462
vn 0.1761 0.4341 -0.8835
vn 0.3580 0.2794 -0.8909
vn 0.4924 0.3383 -0.8019
vn -0.2811 0.4597 -0.8424
vn -0.2695 0.7564 -0.5960
vn -0.4934 0.5080 -0.7060
vn -0.5227 0.2088 -0.8265
vn -0.5703 -0.0000 -0.8214
vn -0.2485 -0.0025 -0.9686
vn -0.2961 0.1371 -0.9453
vn 0.0817 0.2166 -0.9728
vn 0.3539 0.1857 -0.9167
vn 0.1286 -0.0330 -0.9911
vn 0.3500 0.0271 -0.9364
vn 0.5488 0.0147 -0.8358
vn -0.1850 -0.9506 -0.2494
vn -0.2906 -0.8702 -0.3979
vn -0.5182 -0.7898 -0.3282
vn -0.4719 -0.8355 -0.2815
vn -0.5821 -0.5715 -0.5784
vn 0.0750 -0.9161 -0.3938
vn 0.1926 -0.9696 -0.1512
vn 0.3699 -0.8802 -0.2975
vn 0.4984 -0.8668 -0.0158
vn 0.6811 -0.7266 0.0903
vn 0.8617 -0.5074 -0.0086
vn 0.6366 -0.7690 -0.0581
vn -0.1595 -0.8095 -0.5650
vn -0.3966 -0.6498 -0.6484
vn -0.0554 -0.7484 -0.6610
vn 0.1410 -0.8080 -0.5720
vn 0.5282 -0.7302 -0.4333
vn 0.7287 -0.5667 -0.3846
vn 0.4617 -0.6397 -0.6144
vn 0.4121 -0.7256 -0.5510
vn 0.2473 -0.5477 -0.7993
vn 0.3799 -0.6057 -0.6992
vn 0.5185 -0.3820 -0.7650
vn 0.3482 -0.4279 -0.8341
vn 0.6354 -0.4195 -0.6483
vn 0.5640 -0.7030 -0.4332
vn 0.7402 -0.5116 -0.4364
vn 0.9141 -0.2634 -0.3083
vn 0.7026 -0.6820 -0.2030
vn 0.8101 -0.5795 -0.0888
vn 0.9688 -0.2357 0.0761
vn 0.9406 -0.2379 0.2422
vn 0.9999 0.0017 -0.0160
vn 0.7604 -0.1659 -0.6279
vn 0.5621 -0.0945 -0.8216
vn 0.5459 -0.1753 -0.8193
vn 0.4416 -0.1883 -0.8772
vn 0.9405 0.0018 -0.3397
vn 0.7573 0.0363 -0.6520
vn 0.3850 0.0015 -0.9229
vn 0.1876 -0.2536 -0.9489
vn 0.0632 -0.0000 -0.9980
vn 0.3778 0.0001 -0.9259
vn 0.3779 0.0001 -0.9258
vn 0.3779 0.0005 -0.9259
vn 0.3779 -0.0002 -0.9258
vn 0.3778 0.0004 -0.9259
vn 0.3777 0.0013 -0.9259
vn 0.3795 0.0052 -0.9252
vn 0.4787 -0.2034 -0.8541
vn 0.3791 -0.0104 -0.9253
vn 0.3793 -0.0022 -0.9253
vn 0.3802 0.0001 -0.9249
vn 0.3809 -0.0003 -0.9246
vn 0.3820 -0.0000 -0.9242
vn 0.3842 0.0003 -0.9233
vn 0.3953 -0.0003 -0.9185
vn 0.5037 -0.0000 -0.8639
vn 0.3961 -0.6965 -0.5984
vn 0.1376 -0.6947 -0.7061
vn -0.0041 0.0051 -1.0000
vn -0.1906 -0.2537 -0.9483
vn -0.0057 -0.0000 -1.0000
vn -0.0058 0.0003 -1.0000
vn -0.0058 0.0004 -1.0000
vn -0.0058 0.0001 -1.0000
vn -0.0059 0.0001 -1.0000
vn -0.0060 0.0001 -1.0000
vn 0.0017 0.0015 -1.0000
vn -0.3242 -0.0000 -0.9460
vn -0.3610 -0.0023 -0.9326
vn -0.2672 0.0001 -0.9637
vn -0.3822 0.0001 -0.9241
vn -0.3848 0.0001 -0.9230
vn -0.3856 0.0001 -0.9226
vn -0.3863 -0.0001 -0.9224
vn -0.3871 -0.0018 -0.9220
vn -0.3881 -0.0120 -0.9215
vn -0.3871 0.0055 -0.9220
vn -0.5396 -0.2536 -0.8028
vn -0.3887 -0.0017 -0.9214
vn -0.3887 0.0002 -0.9214
vn -0.3887 0.0003 -0.9214
vn -0.3888 0.0002 -0.9213
vn -0.3888 0.0001 -0.9213
vn -0.3889 0.0001 -0.9213
vn -0.3819 0.0015 -0.9242
vn -0.6619 -0.0000 -0.7496
vn -0.6911 -0.0023 -0.7227
vn -0.6160 0.0001 -0.7877
vn -0.7076 0.0003 -0.7067
vn -0.7089 0.0002 -0.7053
vn -0.7099 -0.0002 -0.7043
vn -0.7104 -0.0005 -0.7038
vn -0.7109 -0.0016 -0.7033
vn -0.7117 -0.0101 -0.7025
vn -0.7109 0.0054 -0.7033
vn -0.7980 -0.2550 -0.5461
vn -0.7120 -0.0001 -0.7021
vn -0.7122 0.0004 -0.7020
vn -0.7121 0.0001 -0.7020
vn -0.7121 -0.0000 -0.7020
vn -0.7120 -0.0000 -0.7022
vn -0.7122 -0.0000 -0.7019
vn -0.7122 -0.0000 -0.7020
vn -0.4246 -0.6056 -0.6730
vn -0.4029 -0.6945 -0.5961
vn -0.1436 -0.6946 -0.7050
vn -0.8725 -0.0026 -0.4886
vn -0.8327 -0.0714 -0.5491
vn -0.8343 -0.0024 -0.5514
vn -0.8844 -0.0024 -0.4668
vn 0.4673 0.8824 -0.0553
vn 0.5765 0.8020 0.1563
vn 0.5734 0.8131 0.1006
vn 0.8206 0.5714 -0.0053
vn -0.1797 0.9643 -0.1944
vn -0.4560 0.8010 -0.3880
vn -0.6578 0.6359 -0.4037
vn -0.6139 0.5716 -0.5444
vn -0.4470 0.7710 -0.4537
vn -0.2324 0.8008 -0.5520
vn 0.0587 0.7927 -0.6068
vn 0.5595 0.7808 -0.2779
vn 0.7129 0.6712 -0.2033
vn -0.2054 0.5206 -0.8287
vn -0.3186 0.6009 -0.7331
vn 0.2014 0.5393 -0.8177
vn 0.3187 0.6367 -0.7022
vn 0.4671 0.5300 -0.7077
vn 0.4643 0.3391 -0.8182
vn 0.4992 0.0240 -0.8662
vn 0.6539 0.2610 -0.7101
vn 0.3649 0.5066 -0.7811
vn 0.5276 0.4556 -0.7170
vn 0.4751 0.7482 -0.4631
vn 0.6439 0.5957 -0.4801
vn 0.8214 0.4664 -0.3281
vn 0.5996 0.7253 -0.3382
vn 0.6805 0.6665 -0.3043
vn 0.8582 0.5102 0.0568
vn 0.5945 0.8037 -0.0248
vn 0.7659 0.5599 0.3160
vn 0.9677 0.1949 0.1601
vn 0.9816 0.1687 -0.0897
vn 0.8433 0.1974 -0.4998
vn 0.4788 0.1140 -0.8705
vn 0.5737 0.0164 -0.8189
vn 0.9163 -0.0024 -0.4005
vn 0.6458 -0.0003 -0.7635
vn 0.3743 -0.0001 -0.9273
vn 0.3779 -0.0028 -0.9259
vn 0.5108 -0.1305 -0.8498
vn 0.3795 0.0016 -0.9252
vn 0.3804 -0.0004 -0.9248
vn 0.3811 -0.0001 -0.9245
vn 0.3824 -0.0004 -0.9240
vn 0.3846 -0.0006 -0.9231
vn 0.3965 0.0002 -0.9180
vn -0.0047 -0.0049 -1.0000
vn -0.0052 0.0125 -0.9999
vn -0.0046 0.0033 -1.0000
vn -0.0039 0.0012 -1.0000
vn -0.0005 0.0003 -1.0000
vn 0.0097 0.0004 -1.0000
vn 0.1339 -0.0001 -0.9910
vn -0.0061 -0.0008 -1.0000
vn -0.0063 -0.0013 -1.0000
vn -0.0064 -0.0009 -1.0000
vn -0.3741 0.0004 -0.9274
vn -0.3847 -0.0024 -0.9231
vn -0.2561 -0.0000 -0.9667
vn -0.3837 0.0006 -0.9235
vn -0.3858 0.0006 -0.9226
vn -0.3864 0.0008 -0.9223
vn -0.3870 0.0012 -0.9221
vn -0.3873 0.0030 -0.9219
vn -0.3885 0.0141 -0.9213
vn -0.3876 -0.0047 -0.9218
vn -0.3877 -0.0019 -0.9218
vn -0.3883 0.0001 -0.9215
vn -0.3890 -0.0013 -0.9212
vn -0.3889 -0.0007 -0.9213
vn -0.3892 -0.0008 -0.9211
vn -0.3895 -0.0007 -0.9210
vn -0.3917 -0.0000 -0.9201
vn -0.3918 -0.0001 -0.9200
vn -0.3884 -0.0000 -0.9215
vn -0.7012 0.0003 -0.7129
vn -0.7088 -0.0022 -0.7054
vn -0.6072 -0.0000 -0.7945
vn -0.7099 0.0005 -0.7043
vn -0.7104 0.0010 -0.7038
vn -0.7108 0.0016 -0.7034
vn -0.7110 0.0030 -0.7032
vn -0.7116 0.0120 -0.7024
vn -0.7111 -0.0042 -0.7031
vn -0.7595 -0.1498 -0.6331
vn -0.7119 0.0003 -0.7023
vn -0.7121 -0.0002 -0.7021
vn -0.7119 0.0001 -0.7023
vn -0.7118 -0.0000 -0.7023
vn -0.8343 0.0008 -0.5513
vn -0.8396 0.0706 -0.5387
vn -0.8844 0.0008 -0.4668
vn -0.1561 -0.9685 -0.1939
vn 0.1244 -0.9745 -0.1866
vn -0.3392 -0.9130 -0.2266
vn -0.4799 -0.8743 -0.0736
vn -0.5830 -0.7664 -0.2698
vn -0.0711 -0.9229 -0.3785
vn 0.3288 -0.8972 -0.2949
vn 0.5555 -0.8004 -0.2255
vn 0.6219 -0.7565 -0.2024
vn 0.7925 -0.5075 -0.3382
vn 0.5545 -0.7823 -0.2838
vn 0.0917 -0.8089 -0.5808
vn -0.4071 -0.8082 -0.4255
vn -0.5755 -0.6894 -0.4399
vn -0.2389 -0.7582 -0.6066
vn -0.3421 -0.6442 -0.6841
vn 0.3295 -0.7483 -0.5757
vn 0.4961 -0.5955 -0.6319
vn 0.2586 -0.5681 -0.7813
vn 0.2161 -0.6057 -0.7658
vn 0.0041 -0.5050 -0.8631
vn 0.7344 -0.2797 -0.6184
vn 0.5095 -0.1873 -0.8398
vn 0.9243 -0.2357 -0.3003
vn 0.7994 -0.5822 -0.1480
vn 0.9619 -0.2365 -0.1373
vn 0.8873 -0.0003 -0.4612
vn 0.9823 -0.0008 -0.1874
vn 0.5807 -0.0751 -0.8107
vn 0.6452 0.0003 -0.7640
vn -0.6767 -0.6923 -0.2507
vn -0.8115 -0.4997 -0.3030
vn -0.8398 -0.5085 -0.1902
vn -0.6416 -0.7517 -0.1529
vn -0.9640 -0.1506 -0.2189
vn -0.9430 -0.1527 -0.2956
vn -0.8486 -0.0668 -0.5247
vn -0.9040 0.0008 -0.4276
vn 0.0239 -0.0023 -0.9997
vn 0.1227 0.0001 -0.9924
vn 0.0010 0.0003 -1.0000
vn -0.0015 0.0001 -1.0000
vn -0.0026 0.0001 -1.0000
vn -0.0033 -0.0001 -1.0000
vn -0.0042 -0.0019 -1.0000
vn -0.0050 -0.0108 -0.9999
vn 0.1997 0.9683 -0.1500
vn -0.1656 0.9729 -0.1616
vn 0.2665 0.9274 -0.2624
vn 0.4167 0.8729 -0.2537
vn 0.4173 0.9030 -0.1025
vn -0.5470 0.8332 -0.0808
vn -0.4218 0.8812 -0.2137
vn -0.5744 0.7717 -0.2730
vn -0.4250 0.7983 -0.4268
vn 0.3932 0.7975 -0.4576
vn 0.2620 0.6426 -0.7200
vn 0.0037 0.7655 -0.6434
vn -0.3419 0.6443 -0.6841
vn -0.6038 0.6661 -0.4379
vn 0.0180 0.6230 -0.7821
vn 0.2670 0.5610 -0.7836
vn 0.2738 0.6470 -0.7116
vn 0.3180 0.5103 -0.7990
vn 0.3990 0.3785 -0.8352
vn 0.4533 0.5651 -0.6894
vn 0.7438 0.2679 -0.6124
vn 0.7631 0.5658 -0.3123
vn 0.6385 0.7503 -0.1713
vn 0.9413 0.3133 -0.1254
vn 0.9430 0.1323 -0.3053
vn 0.8875 0.0008 -0.4609
vn 0.9823 0.0020 -0.1874
vn 0.5023 0.2676 -0.8223
vn 0.5863 0.0634 -0.8076
vn 0.6451 -0.0004 -0.7641
vn -0.8191 0.5596 -0.1260
vn -0.9586 0.2366 -0.1581
vn -0.8854 0.4377 -0.1562
vn -0.9430 -0.0017 -0.3328
vn -0.9037 -0.0018 -0.4281
vn -0.8219 0.0668 -0.5658
vn -0.2093 -0.9721 -0.1061
vn -0.4206 -0.8889 -0.1815
vn -0.5178 -0.8500 0.0968
vn -0.6069 -0.7653 -0.2145
vn -0.0931 -0.9108 -0.4023
vn 0.1165 -0.9527 -0.2807
vn 0.1954 -0.8367 -0.5117
vn 0.4360 -0.8105 -0.3912
vn 0.6932 -0.5964 -0.4047
vn 0.4801 -0.7369 -0.4759
vn -0.6157 -0.6720 -0.4114
vn -0.4254 -0.7626 -0.4873
vn -0.1849 -0.7732 -0.6066
vn 0.0361 -0.7089 -0.7044
vn 0.1636 -0.6022 -0.7814
vn 0.3030 -0.6803 -0.6674
vn 0.4079 -0.5253 -0.7467
vn 0.7183 -0.5613 -0.4111
vn 0.8322 -0.2480 -0.4959
vn 0.6851 -0.3962 -0.6113
vn 0.7532 -0.1764 -0.6336
vn 0.7350 0.0013 -0.6781
vn 0.5637 -0.1699 -0.8083
vn 0.5059 -0.3992 -0.7646
vn 0.6625 0.0013 -0.7490
vn -0.6728 -0.7365 0.0695
vn -0.7485 -0.6042 -0.2731
vn -0.8483 -0.5226 -0.0859
vn -0.8682 -0.4868 0.0967
vn -0.9782 -0.1598 0.1326
vn -0.9972 0.0006 -0.0747
vn -0.9767 0.0004 0.2146
vn -0.9855 -0.1603 -0.0563
vn -0.8724 -0.3248 -0.3653
vn -0.9334 -0.1260 -0.3360
vn -0.8497 -0.0635 -0.5234
vn 0.0666 0.9685 -0.2399
vn -0.2040 0.9721 -0.1156
vn 0.3572 0.7285 -0.5845
vn -0.0905 0.9130 -0.3979
vn -0.4747 0.8730 0.1119
vn -0.6041 0.7823 -0.1518
vn 0.1600 0.7739 -0.6128
vn 0.2622 0.5240 -0.8104
vn -0.6840 0.5878 -0.4319
vn -0.3037 0.6231 -0.7208
vn 0.4445 0.6483 -0.6181
vn 0.4988 0.3939 -0.7720
vn 0.6347 0.5333 -0.5592
vn 0.5559 0.7406 -0.3776
vn 0.8205 0.3268 -0.4690
vn 0.7665 0.1494 -0.6246
vn 0.7358 -0.0017 -0.6772
vn 0.5477 0.2094 -0.8101
vn 0.5743 0.0400 -0.8177
vn 0.6624 -0.0017 -0.7492
vn 0.3674 0.1635 -0.9156
vn -0.7486 0.6042 -0.2731
vn -0.8483 0.5225 -0.0858
vn -0.8724 0.3248 -0.3653
vn -0.6728 0.7365 0.0695
vn -0.9781 0.1602 0.1329
vn -0.9767 -0.0005 0.2146
vn -0.9972 -0.0008 -0.0746
vn -0.9854 0.1604 -0.0564
vn -0.9382 0.1315 -0.3201
vn -0.8937 -0.0011 -0.4486
vn -0.8496 0.0636 -0.5235
vn -0.0356 -0.9714 -0.2349
vn -0.2935 -0.9543 -0.0556
vn -0.2942 -0.9473 0.1265
vn -0.3850 -0.8939 0.2297
vn -0.4036 -0.8863 0.2270
vn -0.3406 -0.8745 0.3452
vn -0.5025 -0.8520 -0.1467
vn -0.1650 -0.9019 -0.3991
vn 0.1604 -0.8632 -0.4786
vn 0.3279 -0.7319 -0.5973
vn 0.3038 -0.5427 -0.7831
vn 0.1954 -0.7799 -0.5946
vn -0.0405 -0.8139 -0.5796
vn -0.7265 -0.6723 -0.1425
vn -0.6188 -0.7333 -0.2816
vn -0.4508 -0.8041 -0.3876
vn -0.3217 -0.7341 -0.5979
vn -0.2509 -0.6441 -0.7226
vn -0.5967 -0.6010 -0.5318
vn -0.6696 -0.6102 -0.4235
vn 0.0040 -0.6011 -0.7992
vn 0.5455 -0.5632 -0.6206
vn 0.5933 -0.2535 -0.7640
vn 0.4788 -0.5038 -0.7190
vn 0.5302 -0.1620 -0.8322
vn 0.5499 -0.0008 -0.8352
vn 0.6290 -0.0008 -0.7774
vn -0.5565 -0.7796 -0.2874
vn -0.5659 -0.6422 -0.5170
vn -0.8143 -0.5167 -0.2643
vn -0.8186 -0.5714 -0.0576
vn -0.7708 -0.6207 0.1434
vn -0.5419 -0.8399 -0.0304
vn -0.5541 -0.7143 0.4275
vn -0.7640 -0.5277 0.3712
vn -0.7569 -0.3055 0.5777
vn -0.9191 -0.2050 0.3364
vn -0.9249 0.0027 0.3802
vn -0.9729 -0.2225 -0.0634
vn -0.7928 -0.2778 -0.5424
vn -0.8965 -0.2341 -0.3763
vn -0.9389 -0.1423 -0.3133
vn -0.9983 0.0019 0.0578
vn -0.8547 -0.0620 -0.5155
vn -0.9544 0.0009 -0.2985
vn 0.0369 0.9844 -0.1719
vn -0.2347 0.9654 -0.1132
vn -0.0166 0.9282 -0.3717
vn 0.2684 0.8049 -0.5292
vn 0.4454 0.6361 -0.6300
vn 0.2119 0.7778 -0.5917
vn -0.3663 0.9022 0.2279
vn -0.4713 0.8794 0.0667
vn -0.5341 0.7377 0.4130
vn -0.6155 0.6593 0.4319
vn -0.5747 0.6805 0.4545
vn -0.6162 0.7869 0.0342
vn -0.5091 0.8103 -0.2902
vn -0.3672 0.8072 -0.4621
vn -0.0766 0.8151 -0.5742
vn 0.0041 0.6011 -0.7992
vn -0.2166 0.6864 -0.6942
vn -0.6711 0.7140 -0.1997
vn -0.8351 0.5397 -0.1068
vn -0.7236 0.5784 -0.3766
vn -0.5861 0.6341 -0.5044
vn -0.5511 0.6061 -0.5735
vn 0.5460 0.5632 -0.6202
vn 0.4843 0.5100 -0.7109
vn 0.6054 0.2595 -0.7524
vn 0.5042 0.2430 -0.8287
vn 0.5790 0.0380 -0.8144
vn 0.5502 0.0011 -0.8351
vn 0.3768 0.0536 -0.9247
vn 0.3638 0.2116 -0.9071
vn -0.8745 0.2353 -0.4242
vn -0.7350 0.5808 -0.3499
vn -0.8174 0.5248 -0.2376
vn -0.8333 0.4781 0.2776
vn -0.5994 0.7690 0.2223
vn -0.7046 0.5080 0.4955
vn -0.6794 0.5361 0.5011
vn -0.7705 0.2553 0.5840
vn -0.8691 0.1550 0.4698
vn -0.9248 -0.0029 0.3804
vn -0.9847 0.1436 0.0984
vn -0.9448 0.0308 -0.3263
vn -0.9983 -0.0019 0.0577
vn -0.9587 -0.0290 -0.2828
vn -0.8546 0.0623 -0.5156
vn -0.1874 -0.9790 0.0805
vn 0.0523 -0.9038 -0.4247
vn -0.1373 -0.9440 -0.2999
vn -0.2734 -0.9615 -0.0273
vn -0.3374 -0.8644 0.3727
vn -0.3864 -0.7553 0.5294
vn -0.4283 -0.6369 0.6410
vn -0.3664 -0.6538 0.6621
vn -0.5229 -0.7170 0.4610
vn 0.2667 -0.7555 -0.5984
vn 0.2108 -0.6419 -0.7372
vn 0.1894 -0.6808 -0.7076
vn -0.2451 -0.8119 -0.5298
vn -0.4953 -0.8236 -0.2762
vn -0.5037 -0.8623 0.0516
vn -0.7215 -0.6918 -0.0283
vn -0.5120 -0.7293 -0.4539
vn -0.5031 -0.6307 -0.5908
vn -0.6584 -0.6018 -0.4521
vn -0.6948 -0.6349 -0.3379
vn -0.7452 -0.6267 -0.2279
vn -0.2164 -0.6413 -0.7361
vn -0.7204 -0.6206 -0.3095
vn -0.6701 -0.4966 -0.5517
vn -0.7541 -0.3837 -0.5330
vn -0.8233 -0.4485 -0.3477
vn -0.4643 -0.7481 -0.4741
vn -0.3738 -0.3277 -0.8677
vn -0.3346 -0.6340 -0.6972
vn 0.0518 -0.5098 -0.8587
vn -0.0265 -0.8037 -0.5944
vn 0.1575 -0.1940 -0.9683
vn 0.1369 -0.0005 -0.9906
vn -0.0883 -0.0003 -0.9961
vn -0.0971 -0.1611 -0.9822
vn -0.6292 -0.1861 -0.7546
vn -0.8213 -0.1750 -0.5430
vn -0.8785 -0.1884 -0.4391
vn -0.8211 -0.0894 -0.5637
vn -0.5326 0.0002 -0.8463
vn -0.7883 0.0004 -0.6153
vn -0.9238 0.0015 -0.3828
vn -0.9495 -0.2533 -0.1850
vn -0.9982 0.0001 -0.0605
vn -0.9269 -0.0000 -0.3754
vn -0.9268 0.0001 -0.3755
vn -0.9269 -0.0000 -0.3753
vn -0.9268 0.0008 -0.3755
vn -0.9262 0.0053 -0.3770
vn -0.9267 -0.0090 -0.3757
vn -0.9262 -0.0018 -0.3771
vn -0.9259 -0.0009 -0.3776
vn -0.9257 0.0004 -0.3784
vn -0.9253 0.0001 -0.3793
vn -0.9243 0.0001 -0.3816
vn -0.9196 -0.0004 -0.3929
vn -0.8652 -0.0000 -0.5015
vn -0.9212 -0.0000 -0.3892
vn -1.0000 0.0050 0.0068
vn -1.0000 0.0020 0.0087
vn -1.0000 -0.0002 0.0085
vn -1.0000 0.0002 0.0085
vn -1.0000 -0.0002 0.0086
vn -1.0000 0.0001 0.0085
vn -1.0000 -0.0000 0.0088
vn -1.0000 0.0015 0.0011
vn -0.9315 -0.0021 0.3637
vn -0.9630 0.0001 0.2696
vn -0.9228 0.0001 0.3852
vn -0.9219 0.0001 0.3873
vn -0.9216 -0.0000 0.3881
vn -0.9213 -0.0005 0.3889
vn -0.9210 -0.0016 0.3897
vn -0.9208 -0.0109 0.3898
vn -0.9210 0.0054 0.3896
vn -0.9204 -0.0021 0.3910
vn -0.9203 0.0003 0.3911
vn -0.9202 0.0007 0.3913
vn -0.9203 -0.0000 0.3913
vn -0.9233 0.0015 0.3842
vn -0.7477 -0.0000 0.6641
vn -0.7210 -0.0026 0.6930
vn -0.7858 0.0001 0.6185
vn -0.7048 0.0005 0.7094
vn -0.7032 -0.0000 0.7110
vn -0.7024 0.0002 0.7117
vn -0.7019 -0.0006 0.7122
vn -0.7011 -0.0012 0.7130
vn -0.7011 -0.0123 0.7130
vn -0.7002 -0.0022 0.7139
vn -0.7000 -0.0001 0.7141
vn -0.7000 -0.0000 0.7141
vn -0.7000 -0.0000 0.7142
vn -0.6722 -0.6048 0.4270
vn -0.5956 -0.6937 0.4049
vn -0.1417 0.9845 0.1036
vn -0.2977 0.9531 -0.0546
vn -0.1434 0.9448 -0.2946
vn 0.0522 0.9038 -0.4247
vn 0.2505 0.7649 -0.5935
vn 0.2110 0.6419 -0.7372
vn 0.1894 0.6809 -0.7075
vn -0.3886 0.8794 0.2752
vn -0.3599 0.8174 0.4499
vn -0.4272 0.7497 0.5054
vn -0.5184 0.7400 0.4285
vn -0.5953 0.8021 -0.0480
vn -0.4811 0.7945 -0.3706
vn -0.2461 0.8048 -0.5401
vn -0.2164 0.6414 -0.7361
vn -0.4501 0.5206 -0.7255
vn -0.5896 0.7808 0.2069
vn -0.7865 0.5932 0.1720
vn -0.6593 0.6825 0.3155
vn -0.8327 0.5303 -0.1593
vn -0.7252 0.6368 -0.2618
vn -0.7259 0.5395 -0.4266
vn -0.7203 0.6205 -0.3099
vn -0.8232 0.4488 -0.3478
vn -0.7622 0.3914 -0.5156
vn -0.6573 0.5029 -0.5612
vn -0.4643 0.7482 -0.4739
vn -0.3745 0.3266 -0.8678
vn -0.3569 0.6953 -0.6238
vn 0.3139 0.5597 -0.7669
vn 0.1572 0.1936 -0.9684
vn -0.2182 -0.0002 -0.9759
vn 0.1068 0.0006 -0.9943
vn -0.0967 0.1611 -0.9822
vn -0.6276 0.1848 -0.7562
vn -0.8784 0.1885 -0.4391
vn -0.8211 0.1751 -0.5432
vn -0.8213 0.0907 -0.5633
vn -0.5370 -0.0293 -0.8431
vn -0.9268 -0.0000 -0.3756
vn -0.9280 -0.0001 -0.3725
vn -0.9281 -0.0001 -0.3722
vn -0.9266 -0.0009 -0.3760
vn -0.9274 -0.0005 -0.3741
vn -0.9272 -0.0006 -0.3745
vn -0.9271 -0.0008 -0.3749
vn -0.9270 -0.0018 -0.3752
vn -0.9269 -0.0013 -0.3754
vn -0.9262 -0.0065 -0.3769
vn -0.9264 0.0085 -0.3766
vn -0.9258 0.0005 -0.3780
vn -0.9256 -0.0008 -0.3786
vn -0.9251 -0.0004 -0.3797
vn -0.9241 -0.0004 -0.3822
vn -0.9190 0.0003 -0.3942
vn -0.8652 -0.0000 -0.5014
vn -0.9212 -0.0000 -0.3891
vn -1.0000 -0.0051 0.0074
vn -1.0000 -0.0030 0.0052
vn -0.9998 0.0158 0.0078
vn -1.0000 0.0021 0.0071
vn -1.0000 0.0014 0.0065
vn -1.0000 0.0005 0.0061
vn -1.0000 0.0008 0.0053
vn -1.0000 0.0005 0.0031
vn -1.0000 0.0003 -0.0070
vn -1.0000 -0.0000 -0.0060
vn -1.0000 -0.0018 0.0075
vn -1.0000 -0.0033 0.0088
vn -1.0000 -0.0012 0.0088
vn -1.0000 -0.0011 0.0089
vn -1.0000 -0.0005 0.0092
vn -1.0000 -0.0010 0.0092
vn -0.9999 -0.0005 0.0102
vn -0.9999 -0.0001 0.0119
vn -0.9999 -0.0001 0.0122
vn -0.9263 0.0002 0.3769
vn -0.9224 0.0005 0.3863
vn -0.9216 0.0006 0.3882
vn -0.9212 0.0010 0.3890
vn -0.9210 0.0017 0.3896
vn -0.9207 0.0030 0.3902
vn -0.9205 0.0127 0.3906
vn -0.9207 -0.0048 0.3901
vn -0.9207 -0.0018 0.3902
vn -0.9201 0.0008 0.3916
vn -0.9203 -0.0009 0.3913
vn -0.9202 -0.0015 0.3914
vn -0.9200 -0.0009 0.3919
vn -0.9199 -0.0006 0.3922
vn -0.9199 -0.0005 0.3922
vn -0.9191 -0.0001 0.3941
vn -0.9189 -0.0001 0.3944
vn -0.9204 -0.0000 0.3910
vn -0.7109 0.0005 0.7032
vn -0.7929 -0.0000 0.6093
vn -0.7037 0.0002 0.7105
vn -0.7026 0.0007 0.7116
vn -0.7019 0.0007 0.7123
vn -0.7014 0.0017 0.7128
vn -0.7010 0.0025 0.7132
vn -0.7002 0.0144 0.7138
vn -0.7011 -0.0037 0.7130
vn -0.7003 0.0025 0.7138
vn -0.7000 -0.0001 0.7142
vn -0.7001 0.0001 0.7140
vn -0.7003 -0.0000 0.7138
vn -0.1811 -0.9540 0.2390
vn -0.2540 -0.8416 0.4767
vn -0.1223 -0.7978 0.5904
vn -0.1027 -0.6632 0.7413
vn -0.2723 -0.6108 0.7435
vn -0.2641 -0.6969 0.6668
vn -0.3960 -0.9154 0.0726
vn -0.1712 -0.9757 -0.1370
vn -0.3250 -0.8960 -0.3026
vn -0.0929 -0.8945 -0.4374
vn -0.2195 -0.8358 -0.5033
vn -0.5328 -0.7508 -0.3904
vn -0.4765 -0.8326 0.2825
vn -0.5031 -0.7022 0.5038
vn -0.6411 -0.7344 0.2227
vn -0.6306 -0.7741 0.0561
vn -0.6108 -0.7720 -0.1759
vn -0.6428 -0.6896 -0.3335
vn -0.5225 -0.6527 -0.5486
vn -0.5450 -0.7672 -0.3382
vn -0.7097 -0.5287 -0.4655
vn -0.6635 -0.6537 -0.3640
vn -0.6249 -0.2525 -0.7388
vn -0.1457 -0.7457 -0.6502
vn -0.1209 -0.3259 -0.9376
vn -0.3093 -0.1330 -0.9416
vn -0.4668 0.0006 -0.8844
vn -0.8183 -0.3134 -0.4819
vn -0.8093 -0.4299 -0.4002
vn -0.8124 -0.0758 -0.5782
vn -0.1233 -0.5597 0.8195
vn -0.1629 -0.4270 0.8895
vn -0.1514 -0.2420 0.9584
vn -0.2094 0.0002 0.9778
vn -0.9998 -0.0023 -0.0211
vn -1.0000 0.0001 0.0016
vn -1.0000 -0.0000 0.0045
vn -1.0000 0.0004 0.0053
vn -1.0000 -0.0003 0.0059
vn -1.0000 -0.0008 0.0068
vn -0.9999 -0.0139 0.0075
vn -0.1713 0.9756 -0.1372
vn -0.3366 0.8915 -0.3033
vn -0.1264 0.8486 -0.5137
vn -0.4171 0.7684 -0.4853
vn -0.4019 0.9129 0.0709
vn -0.1624 0.9518 0.2601
vn -0.0953 0.8014 0.5905
vn -0.2420 0.8475 0.4724
vn -0.2577 0.7071 0.6585
vn -0.4517 0.8054 0.3837
vn -0.6216 0.7275 -0.2906
vn -0.6729 0.5405 -0.5050
vn -0.5676 0.8193 0.0816
vn -0.5886 0.7482 0.3062
vn -0.4668 0.6294 0.6213
vn -0.8328 0.5477 0.0804
vn -0.6661 0.7266 -0.1684
vn -0.7451 0.6396 -0.1889
vn -0.6313 0.2662 -0.7284
vn -0.2759 0.5253 -0.8049
vn -0.1259 0.7325 -0.6690
vn -0.1209 0.3261 -0.9376
vn -0.3093 0.1334 -0.9416
vn -0.2512 -0.0011 -0.9679
vn -0.4668 -0.0008 -0.8843
vn -0.7945 0.3540 -0.4934
vn -0.7538 0.4767 -0.4524
vn -0.6925 -0.0005 -0.7214
vn -0.1239 0.5597 0.8194
vn -0.1629 0.4270 0.8895
vn -0.2091 -0.0002 0.9779
vn -0.0927 -0.9564 0.2768
vn 0.1057 -0.8514 0.5137
vn 0.2105 -0.7657 0.6078
vn 0.0253 -0.5038 0.8634
vn -0.2712 -0.8880 0.3715
vn -0.2264 -0.9726 -0.0533
vn -0.4029 -0.9106 0.0920
vn -0.3743 -0.8886 -0.2650
vn -0.2536 -0.8764 -0.4095
vn -0.4839 -0.7524 -0.4469
vn -0.5710 -0.8028 -0.1717
vn -0.2366 -0.8101 0.5364
vn -0.4062 -0.6786 0.6120
vn -0.4959 -0.7499 0.4379
vn -0.6109 -0.7722 0.1749
vn -0.6513 -0.6695 -0.3572
vn -0.6193 -0.6483 -0.4429
vn -0.5631 -0.5315 -0.6328
vn -0.7749 -0.3851 -0.5012
vn -0.3795 -0.7405 -0.5546
vn -0.4712 -0.3261 -0.8195
vn -0.6319 -0.1481 -0.7608
vn -0.0107 -0.7658 0.6430
vn -0.0430 -0.4695 0.8819
vn 0.1898 -0.5080 0.8402
vn 0.2068 -0.5335 0.8202
vn 0.1704 -0.2087 0.9630
vn -0.0710 -0.1438 0.9871
vn -0.3417 -0.3202 0.8836
vn -0.3403 -0.1398 0.9299
vn -0.3748 0.8544 -0.3599
vn -0.4915 0.7415 -0.4567
vn -0.3690 0.6543 -0.6601
vn -0.2650 0.9639 -0.0272
vn -0.3873 0.9176 0.0893
vn -0.2619 0.8909 0.3710
vn -0.1121 0.9528 0.2823
vn 0.0807 0.8896 0.4495
vn -0.0628 0.8688 0.4911
vn -0.6652 0.6807 -0.3068
vn -0.7474 0.5255 -0.4064
vn -0.7665 0.6293 -0.1283
vn -0.5302 0.7658 0.3639
vn -0.4468 0.7304 0.5165
vn -0.6814 0.6123 0.4009
vn -0.7201 0.6229 0.3059
vn -0.4125 0.5612 -0.7176
vn -0.4982 0.2482 -0.8308
vn -0.6358 0.1769 -0.7513
vn -0.8099 0.1698 -0.5615
vn -0.7661 0.3993 -0.5036
vn -0.0863 0.5196 0.8500
vn -0.3592 0.3101 0.8803
vn 0.0715 0.7365 0.6726
vn 0.0992 0.4868 0.8679
vn -0.0558 0.1644 0.9848
vn -0.3443 0.1350 0.9291
vn -0.1909 -0.9814 0.0204
vn -0.0161 -0.9403 0.3399
vn 0.2182 -0.9000 0.3774
vn 0.4629 -0.7649 0.4480
vn 0.4875 -0.6417 0.5921
vn 0.4560 -0.6806 0.5735
vn -0.3178 -0.9221 0.2205
vn -0.4566 -0.8833 -0.1061
vn -0.5086 -0.8180 -0.2686
vn -0.5936 -0.7496 -0.2927
vn -0.7611 -0.5845 -0.2810
vn -0.6414 -0.7405 -0.2006
vn -0.6950 -0.7190 0.0025
vn -0.5448 -0.8258 0.1461
vn -0.3576 -0.8110 0.4630
vn -0.0614 -0.7779 0.6254
vn 0.0813 -0.6608 0.7462
vn -0.5959 -0.7622 0.2529
vn -0.5976 -0.5052 0.6226
vn -0.3777 -0.6056 0.7004
vn -0.2945 -0.6053 0.7395
vn -0.6220 -0.5629 -0.5443
vn -0.7657 -0.2530 -0.5914
vn -0.7199 -0.5039 -0.4773
vn -0.8367 -0.0008 -0.5477
vn -0.2228 -0.5804 0.7832
vn -0.2503 -0.4210 0.8719
vn -0.0094 -0.6664 0.7455
vn 0.2128 -0.8038 0.5556
vn 0.5937 -0.5596 0.5782
vn 0.2854 0.0010 0.9584
vn 0.5749 -0.0000 0.8182
vn -0.1005 -0.1882 0.9770
vn -0.4309 -0.2991 0.8514
vn -0.3513 -0.0604 0.9343
vn -0.2293 0.9722 0.0465
vn -0.4575 0.8830 -0.1048
vn -0.5097 0.8172 -0.2689
vn -0.5936 0.7496 -0.2928
vn -0.6462 0.7401 -0.1862
vn -0.7612 0.5845 -0.2810
vn -0.3261 0.9163 0.2327
vn -0.1189 0.8834 0.4533
vn 0.0048 0.9527 0.3038
vn 0.2468 0.8896 0.3842
vn 0.1304 0.8688 0.4776
vn -0.5807 0.8113 0.0667
vn -0.7358 0.6748 -0.0559
vn -0.6288 0.7483 0.2112
vn -0.4616 0.8112 0.3591
vn -0.2082 0.7609 0.6146
vn -0.0234 0.7802 0.6251
vn -0.3809 0.6399 0.6674
vn -0.3411 0.7266 0.5964
vn -0.6356 0.5477 0.5441
vn -0.6216 0.5630 -0.5447
vn -0.7199 0.5039 -0.4773
vn -0.7657 0.2531 -0.5914
vn -0.8338 0.1630 -0.5274
vn -0.8366 0.0011 -0.5478
vn -0.7792 0.0011 -0.6268
vn -0.2935 0.6773 0.6746
vn -0.2998 0.4076 0.8626
vn -0.3444 0.5279 0.7764
vn -0.1616 0.1430 0.9764
vn 0.0896 0.2585 0.9618
vn 0.3306 0.5658 0.7554
vn 0.3389 0.7503 0.5676
vn 0.5887 0.3135 0.7451
vn 0.4648 0.1323 0.8755
vn 0.2859 0.0002 0.9583
vn 0.5749 0.0020 0.8182
vn -0.4437 0.2880 0.8486
vn -0.4311 0.2990 0.8513
vn -0.0359 -0.0016 0.9994
vn -0.3838 -0.9233 0.0119
vn 0.4573 -0.8049 0.3783
vn 0.6168 -0.5718 0.5410
vn 0.6598 -0.6360 0.4001
vn 0.4304 -0.7777 0.4581
vn -0.5577 -0.8283 -0.0537
vn -0.6284 -0.7776 0.0224
vn -0.5293 -0.8357 0.1465
vn -0.3644 -0.7587 0.5401
vn -0.5354 -0.7339 0.4179
vn -0.3531 -0.6265 0.6948
vn -0.2388 -0.6348 0.7348
vn -0.4238 0.9034 -0.0644
vn -0.4676 0.8754 0.1224
vn -0.6721 0.7225 -0.1620
vn -0.7367 0.6567 -0.1610
vn -0.7079 0.6809 -0.1875
vn 0.5266 0.7891 0.3163
vn 0.4669 0.8399 0.2769
vn 0.6932 0.5936 0.4089
vn 0.6759 0.6370 0.3707
vn 0.1937 0.8132 0.5488
vn -0.2590 0.8358 0.4840
vn -0.7118 0.6711 0.2071
vn -0.4849 0.7837 0.3882
vn 0.3798 0.6413 0.6667
vn -0.1389 0.5682 0.8111
vn -0.2570 0.6298 0.7330
vn -0.4281 0.6099 0.6669
vn -0.1381 -0.6791 0.7209
vn -0.1024 -0.8381 0.5357
vn 0.1447 -0.6796 0.7191
vn 0.4073 -0.6793 0.6105
vn 0.7197 -0.6795 0.1426
vn 0.5346 -0.8384 0.1058
vn 0.5340 -0.8387 -0.1071
vn 0.3011 -0.8389 -0.4535
vn -0.4103 -0.6800 -0.6076
vn 0.7074 -0.0002 0.7069
vn 0.1970 0.0007 0.9804
vn -0.5474 0.0006 0.8369
vn -0.8267 -0.0002 0.5627
vn -0.5604 -0.0002 -0.8282
vn -0.8342 -0.0006 -0.5515
vn 0.5519 0.0006 -0.8339
vn 0.9242 0.0002 0.3819
vn -0.7152 0.6832 0.1473
vn 0.4055 0.6830 0.6076
vn 0.6808 0.6762 0.2815
vn 0.7156 0.6836 -0.1433
vn 0.6057 0.6839 -0.4067
vn 0.7164 0.6832 0.1410
vn -0.6090 0.6838 -0.4019
vn -0.6089 0.6837 -0.4021
vn 0.8324 0.0003 0.5542
vn -0.9263 -0.0000 -0.3767
vn -0.9792 -0.0002 0.2027
vn -0.5491 -0.0003 0.8357
vn 0.4715 -0.8606 0.1924
vn 0.5514 -0.7864 0.2784
vn 0.7444 -0.6225 0.2413
vn 0.7492 -0.6514 0.1199
vn -0.4208 -0.8653 0.2726
vn -0.4852 -0.8693 0.0948
vn -0.6084 -0.7486 0.2634
vn -0.4054 -0.7672 0.4971
vn -0.1446 -0.8046 0.5759
vn 0.3743 -0.7979 0.4724
vn 0.6441 -0.5848 0.4931
vn 0.2970 -0.7133 0.6348
vn 0.1126 -0.7493 0.6526
vn -0.2354 -0.6796 0.6947
vn -0.0913 -0.5956 0.7981
vn -0.0329 -0.6403 0.7674
vn 0.0577 -0.6360 0.7695
vn -0.5640 -0.6663 0.4878
vn -0.3008 -0.7690 0.5641
vn -0.4891 -0.5553 0.6726
vn -0.3111 -0.6680 0.6760
vn -0.5685 -0.6194 0.5414
vn -0.7693 -0.4794 0.4223
vn -0.8245 -0.5081 0.2490
vn -0.9527 -0.1601 0.2582
vn -0.8746 0.0013 0.4849
vn -0.8805 -0.1583 0.4469
vn -0.6415 -0.1862 0.7442
vn -0.5114 -0.2670 0.8168
vn -0.4110 -0.0708 0.9089
vn -0.3631 -0.2218 0.9050
vn -0.6466 0.0368 0.7619
vn 0.0004 0.0025 1.0000
vn 0.0049 0.0054 1.0000
vn 0.0201 0.0002 0.9998
vn -0.2581 0.0702 0.9636
vn -0.3728 0.0003 0.9279
vn -0.3732 -0.0003 0.9277
vn -0.3745 0.0049 0.9272
vn -0.4740 -0.2028 0.8568
vn -0.3741 -0.0099 0.9274
vn -0.3752 -0.0007 0.9269
vn -0.3759 -0.0000 0.9267
vn -0.3769 0.0002 0.9263
vn -0.3791 0.0004 0.9254
vn -0.3862 -0.0000 0.9224
vn -0.1389 -0.6931 0.7074
vn 0.1451 -0.6912 0.7080
vn 0.3820 0.0051 0.9241
vn 0.3837 -0.0022 0.9234
vn 0.3837 0.0007 0.9235
vn 0.3836 -0.0001 0.9235
vn 0.3837 0.0002 0.9235
vn 0.3838 0.0001 0.9234
vn 0.3768 0.0015 0.9263
vn 0.6579 -0.0000 0.7531
vn 0.6870 -0.0020 0.7266
vn 0.6118 0.0001 0.7910
vn 0.7038 -0.0001 0.7104
vn 0.7052 0.0005 0.7090
vn 0.7060 -0.0004 0.7082
vn 0.7066 0.0002 0.7076
vn 0.7070 -0.0013 0.7072
vn 0.7077 -0.0114 0.7064
vn 0.7071 0.0052 0.7071
vn 0.7950 -0.2548 0.5505
vn 0.7080 0.0021 0.7062
vn 0.7084 -0.0000 0.7059
vn 0.8625 -0.0000 0.5061
vn 0.4214 -0.6047 0.6758
vn 0.4001 -0.6936 0.5990
vn 0.8186 -0.5594 0.1301
vn 0.8881 -0.4271 0.1698
vn 0.9572 -0.2417 0.1592
vn 0.9673 -0.1841 0.1744
vn 0.1484 0.9844 0.0944
vn -0.0840 0.9654 0.2468
vn -0.4191 0.9023 0.1011
vn -0.3784 0.8793 0.2891
vn -0.6691 0.7377 0.0898
vn -0.7395 0.6594 0.1351
vn -0.7270 0.6806 0.0904
vn -0.4426 0.7753 0.4506
vn 0.2531 0.9282 0.2726
vn 0.5654 0.8049 0.1802
vn 0.7614 0.6361 0.1249
vn 0.7741 0.5717 0.2718
vn 0.5778 0.7704 0.2694
vn 0.3880 0.8113 0.4374
vn 0.0803 0.8134 0.5761
vn -0.1507 0.8102 0.5665
vn -0.5099 0.5401 0.6695
vn 0.3425 0.6862 0.6417
vn 0.5720 0.6011 0.5581
vn 0.0221 0.6061 0.7950
vn -0.0517 0.6341 0.7715
vn -0.2396 0.5783 0.7799
vn -0.2909 0.6224 0.7267
vn -0.3425 0.4963 0.7978
vn -0.4698 0.3569 0.8074
vn -0.4351 0.5517 0.7115
vn -0.6969 0.4205 0.5809
vn -0.8049 0.5185 0.2886
vn -0.5268 0.7895 0.3149
vn -0.8288 0.5595 -0.0027
vn -0.9564 0.1946 0.2179
vn -0.8792 0.1693 0.4455
vn -0.9198 -0.0030 0.3925
vn -0.3749 0.2265 0.8990
vn -0.4076 0.0808 0.9096
vn -0.6360 0.1233 0.7618
vn -0.7629 -0.0020 0.6466
vn -0.4565 -0.0008 0.8897
vn 0.0016 0.0037 1.0000
vn 0.0006 -0.0012 1.0000
vn 0.0006 -0.0038 1.0000
vn 0.0046 0.0104 0.9999
vn 0.0017 -0.0420 0.9991
vn 0.0072 -0.0034 1.0000
vn 0.0096 -0.0029 1.0000
vn -0.3833 0.0002 0.9236
vn -0.3736 0.0034 0.9276
vn -0.3734 0.0050 0.9277
vn -0.3754 -0.0028 0.9268
vn -0.3741 0.0095 0.9273
vn -0.3754 0.0002 0.9269
vn -0.3762 -0.0004 0.9265
vn -0.3772 -0.0005 0.9261
vn -0.3797 -0.0005 0.9251
vn -0.3917 0.0003 0.9201
vn 0.3826 -0.0052 0.9239
vn 0.3806 -0.0030 0.9247
vn 0.3832 0.0140 0.9235
vn 0.3823 0.0028 0.9240
vn 0.3819 0.0014 0.9242
vn 0.3814 0.0009 0.9244
vn 0.3805 0.0006 0.9248
vn 0.3788 0.0003 0.9255
vn 0.3693 0.0004 0.9293
vn 0.3705 -0.0000 0.9288
vn 0.3826 -0.0018 0.9239
vn 0.3840 0.0007 0.9233
vn 0.3840 -0.0016 0.9233
vn 0.3839 -0.0007 0.9234
vn 0.3842 -0.0009 0.9232
vn 0.3844 -0.0007 0.9232
vn 0.3849 -0.0005 0.9230
vn 0.3868 -0.0001 0.9221
vn 0.3837 -0.0000 0.9235
vn 0.6971 -0.0000 0.7170
vn 0.6027 -0.0000 0.7979
vn 0.6980 -0.0000 0.7161
vn 0.7048 0.0006 0.7094
vn 0.7058 0.0001 0.7084
vn 0.7064 0.0012 0.7078
vn 0.7070 0.0009 0.7072
vn 0.7073 0.0025 0.7069
vn 0.7081 0.0133 0.7060
vn 0.7971 -0.1265 0.5905
vn 0.7085 -0.0020 0.7057
vn 0.7083 -0.0001 0.7060
vn 0.7083 0.0001 0.7060
vn 0.7083 -0.0000 0.7060
vn 0.8185 0.5595 0.1305
vn 0.9572 0.2419 0.1592
vn 0.8881 0.4271 0.1697
vn 0.9673 0.1842 0.1746
vn 0.2475 -0.9681 0.0377
vn 0.2661 -0.9440 0.1952
vn 0.6007 -0.7913 0.1140
vn 0.5662 -0.8205 -0.0785
vn 0.7395 -0.6497 -0.1763
vn 0.8029 -0.5812 0.1324
vn 0.0536 -0.8942 0.4445
vn -0.2481 -0.8572 0.4512
vn -0.4470 -0.8471 0.2873
vn -0.3720 -0.6946 0.6157
vn 0.4039 -0.7910 0.4595
vn 0.7745 -0.5156 0.3665
vn 0.6909 -0.6101 0.3879
vn 0.1728 -0.7633 0.6225
vn -0.0704 -0.7021 0.7086
vn -0.1939 -0.6166 0.7630
vn 0.2539 -0.6440 0.7216
vn 0.2760 -0.6867 0.6725
vn 0.4723 -0.5122 0.7174
vn -0.6306 -0.5242 0.5723
vn -0.4865 -0.4139 0.7694
vn -0.8235 -0.3261 0.4641
vn -0.7507 -0.1445 0.6447
vn -0.7364 0.0025 0.6766
vn -0.7326 0.0025 0.6807
vn -0.5764 -0.1809 0.7969
vn -0.3369 -0.3665 0.8673
vn -0.2670 -0.4528 0.8507
vn 0.9134 -0.4070 0.0021
vn 0.8045 -0.4740 0.3580
vn 0.8620 -0.3835 0.3316
vn 0.9706 -0.1832 0.1561
vn 0.8357 -0.5197 -0.1775
vn 0.9431 -0.2380 -0.2321
vn 0.9990 0.0025 -0.0438
vn 0.3560 -0.0024 0.9345
vn 0.3775 0.0003 0.9260
vn 0.3795 0.0002 0.9252
vn 0.3807 -0.0000 0.9247
vn 0.3815 -0.0003 0.9244
vn 0.3818 -0.0014 0.9243
vn 0.3829 -0.0122 0.9237
vn -0.3915 0.7854 0.4795
vn -0.5897 0.6199 0.5177
vn -0.6453 0.6519 0.3983
vn -0.0014 0.9015 0.4328
vn 0.2947 0.8933 0.3394
vn 0.4117 0.9068 0.0909
vn 0.2176 0.9685 0.1211
vn 0.4716 0.8744 -0.1140
vn 0.6452 0.7626 0.0464
vn -0.1048 0.7856 0.6098
vn -0.3016 0.6889 0.6591
vn -0.4367 0.5366 0.7221
vn -0.2044 0.5442 0.8137
vn 0.2213 0.7856 0.5778
vn 0.4171 0.7604 0.4978
vn 0.5211 0.7411 0.4233
vn 0.5756 0.7702 0.2747
vn -0.5543 0.4739 0.6842
vn -0.5151 0.2909 0.8062
vn -0.7629 0.2886 0.5785
vn -0.6551 0.6132 0.4414
vn -0.8473 0.2268 0.4803
vn -0.6240 0.1373 0.7693
vn -0.3383 0.2987 0.8924
vn 0.8492 0.5197 0.0935
vn 0.8771 0.3102 0.3666
vn 0.6733 0.7364 -0.0658
vn 0.8686 0.4869 -0.0921
vn 0.9796 0.1569 -0.1252
vn 0.9991 0.0002 -0.0415
vn 0.9846 0.1634 0.0624
vn 0.9260 0.1360 0.3521
vn 0.1988 -0.9792 -0.0417
vn -0.0455 -0.9438 0.3275
vn 0.2376 -0.9592 0.1531
vn 0.4718 -0.8751 -0.1078
vn 0.5070 -0.8170 -0.2746
vn 0.5902 -0.7496 -0.2996
vn 0.7579 -0.5845 -0.2897
vn -0.2470 -0.8013 0.5448
vn -0.4489 -0.6361 0.6276
vn -0.3538 -0.5718 0.7402
vn -0.2219 -0.7854 0.5778
vn 0.7388 -0.6702 0.0708
vn 0.2265 -0.7036 0.6736
vn 0.5072 -0.6409 0.5762
vn 0.5577 -0.6463 0.5208
vn 0.7518 -0.5622 0.3446
vn 0.8125 -0.5170 0.2691
vn -0.4849 -0.5598 0.6719
vn -0.5626 -0.2422 0.7904
vn -0.5061 -0.4272 0.7493
vn -0.5591 -0.1837 0.8085
vn 0.7559 -0.6547 -0.0053
vn 0.9535 -0.2964 -0.0546
vn 0.7879 -0.5560 -0.2648
vn 0.8626 -0.2357 -0.4476
vn 0.6663 -0.5820 -0.4662
vn 0.7730 -0.2363 -0.5888
vn 0.9607 0.0002 -0.2775
vn 0.8230 -0.0008 -0.5680
vn 0.8900 -0.3458 0.2971
vn 0.9596 -0.2223 0.1727
vn 0.9034 0.0076 0.4288
vn 0.9970 0.0012 0.0769
vn 0.9259 -0.0468 0.3749
vn 0.1989 0.9787 -0.0511
vn -0.0454 0.9438 0.3275
vn -0.2471 0.8014 0.5448
vn -0.3538 0.5719 0.7401
vn -0.4490 0.6362 0.6275
vn -0.2061 0.7906 0.5766
vn 0.4526 0.8859 -0.1022
vn 0.3887 0.8759 -0.2859
vn 0.6151 0.7526 -0.2351
vn 0.5845 0.8107 0.0340
vn 0.4628 0.8192 0.3388
vn 0.0592 0.7759 0.6281
vn 0.0136 0.6331 0.7739
vn 0.6070 0.7264 0.3224
vn 0.7374 0.6695 -0.0892
vn 0.6224 0.6109 0.4893
vn 0.5833 0.6349 0.5067
vn 0.5015 0.6267 0.5965
vn -0.4854 0.5599 0.6715
vn -0.5062 0.4271 0.7492
vn -0.5626 0.2423 0.7904
vn -0.5590 0.1839 0.8085
vn -0.5352 -0.0002 0.8448
vn 0.6137 0.7672 0.1862
vn 0.8639 0.4562 0.2134
vn 0.7058 0.6624 0.2512
vn 0.8417 0.4798 -0.2477
vn 0.6113 0.7405 -0.2791
vn 0.8552 0.1601 -0.4929
vn 0.8230 -0.0005 -0.5681
vn 0.9607 -0.0015 -0.2775
vn 0.9404 0.1554 -0.3024
vn 0.9738 0.2096 0.0880
vn 0.8910 0.1784 0.4175
vn 0.8312 0.2495 0.4969
vn 0.9313 0.0604 0.3591
vn 0.9961 -0.0371 0.0799
vn 0.4283 -0.7370 -0.5228
vn 0.5432 -0.7235 -0.4260
vn 0.5928 -0.5724 -0.5666
vn 0.3724 -0.8599 -0.3492
vn 0.5231 -0.8319 -0.1853
vn 0.2646 -0.9639 -0.0299
vn 0.3893 -0.9173 0.0836
vn 0.2714 -0.8939 0.3568
vn 0.1235 -0.9528 0.2772
vn -0.1408 -0.8295 0.5404
vn -0.1342 -0.7932 0.5940
vn -0.1907 -0.5936 0.7818
vn -0.2063 -0.6369 0.7429
vn 0.2761 -0.7786 0.5635
vn 0.7693 -0.5907 -0.2433
vn 0.7252 -0.6839 -0.0800
vn 0.6293 -0.7538 0.1893
vn 0.4977 -0.7411 0.4506
vn 0.4552 -0.6836 0.5704
vn 0.6448 -0.6168 0.4514
vn 0.6307 -0.6578 0.4118
vn 0.7479 -0.5849 0.3138
vn 0.7947 -0.5982 0.1030
vn 0.8242 -0.5640 0.0516
vn 0.8016 -0.4364 0.4087
vn 0.8285 -0.4443 0.3408
vn 0.2233 -0.6727 0.7054
vn 0.9485 -0.2531 0.1903
vn 0.9978 0.0001 0.0660
vn 0.9249 0.0001 0.3802
vn 0.9248 0.0001 0.3804
vn 0.9249 0.0010 0.3803
vn 0.9249 0.0004 0.3803
vn 0.9241 0.0053 0.3821
vn 0.9245 -0.0095 0.3810
vn 0.9241 -0.0027 0.3821
vn 0.9239 -0.0004 0.3826
vn 0.9236 -0.0000 0.3834
vn 0.9231 -0.0003 0.3846
vn 0.9222 0.0005 0.3866
vn 0.9191 -0.0000 0.3941
vn 0.5979 -0.6957 0.3981
vn 1.0000 0.0001 -0.0030
vn 1.0000 -0.0003 -0.0032
vn 1.0000 -0.0004 -0.0030
vn 1.0000 0.0005 -0.0032
vn 1.0000 0.0001 -0.0034
vn 1.0000 0.0015 0.0044
vn 0.9337 -0.0026 -0.3582
vn 0.9644 0.0001 -0.2645
vn 0.9251 0.0001 -0.3797
vn 0.9240 0.0005 -0.3823
vn 0.9237 0.0004 -0.3831
vn 0.9234 0.0001 -0.3838
vn 0.9231 -0.0008 -0.3846
vn 0.9226 -0.0112 -0.3855
vn 0.9231 0.0050 -0.3846
vn 0.8044 -0.2536 -0.5373
vn 0.9224 -0.0025 -0.3861
vn 0.9224 0.0007 -0.3863
vn 0.9223 0.0007 -0.3864
vn 0.9224 0.0001 -0.3862
vn 0.9225 0.0001 -0.3859
vn 0.9253 0.0015 -0.3792
vn 0.7513 -0.0000 -0.6600
vn 0.7086 0.0003 -0.7056
vn 0.7071 0.0001 -0.7071
vn 0.7064 0.0002 -0.7078
vn 0.7057 -0.0003 -0.7085
vn 0.7052 -0.0008 -0.7090
vn 0.7049 -0.0136 -0.7091
vn 0.7052 0.0052 -0.7090
vn 0.7037 0.0020 -0.7105
vn 0.7040 0.0004 -0.7102
vn 0.7037 -0.0000 -0.7104
vn 0.7040 0.0002 -0.7102
vn 0.7041 -0.0000 -0.7101
vn 0.5973 -0.6944 -0.4013
vn 0.2752 -0.4832 -0.8312
vn 0.4154 -0.4280 -0.8027
vn 0.1235 0.9528 0.2772
vn -0.1203 0.7987 0.5896
vn -0.1413 0.8294 0.5405
vn -0.1908 0.5935 0.7819
vn -0.2062 0.6370 0.7428
vn 0.2619 0.8982 0.3531
vn 0.2174 0.9732 -0.0745
vn 0.4050 0.9099 0.0898
vn 0.2904 0.8031 -0.5203
vn 0.3539 0.8864 -0.2983
vn 0.3309 0.8130 -0.4790
vn 0.5796 0.5713 -0.5811
vn 0.5551 0.8086 -0.1950
vn 0.2759 0.7787 0.5635
vn 0.2233 0.6730 0.7052
vn 0.3944 0.6804 0.6177
vn 0.4524 0.7824 0.4281
vn 0.6224 0.7706 0.1373
vn 0.6724 0.7398 -0.0230
vn 0.6375 0.6620 -0.3942
vn 0.7184 0.6472 0.2548
vn 0.6633 0.6979 0.2702
vn 0.7114 0.5230 0.4694
vn 0.9261 -0.0001 0.3772
vn 0.9263 -0.0001 0.3768
vn 0.9246 -0.0010 0.3810
vn 0.9253 -0.0005 0.3792
vn 0.9251 -0.0006 0.3797
vn 0.9250 -0.0021 0.3799
vn 0.9249 -0.0018 0.3802
vn 0.9242 -0.0065 0.3819
vn 0.9244 0.0089 0.3813
vn 0.9241 0.0022 0.3821
vn 0.9238 -0.0000 0.3829
vn 0.9235 -0.0004 0.3837
vn 0.9230 -0.0000 0.3849
vn 0.9221 -0.0007 0.3869
vn 0.9170 0.0003 0.3990
vn 0.8625 -0.0000 0.5060
vn 1.0000 -0.0030 0.0003
vn 0.9999 0.0150 -0.0024
vn 1.0000 0.0024 -0.0017
vn 1.0000 0.0015 -0.0013
vn 1.0000 0.0011 0.0004
vn 1.0000 0.0001 0.0024
vn 0.9999 0.0004 0.0126
vn 0.9906 -0.0001 0.1368
vn 1.0000 -0.0018 -0.0018
vn 1.0000 -0.0013 -0.0031
vn 1.0000 -0.0006 -0.0035
vn 1.0000 -0.0003 -0.0035
vn 1.0000 -0.0012 -0.0036
vn 1.0000 -0.0006 -0.0037
vn 1.0000 -0.0005 -0.0043
vn 1.0000 -0.0001 -0.0061
vn 0.9283 0.0005 -0.3719
vn 0.9242 -0.0022 -0.3820
vn 0.9674 -0.0000 -0.2531
vn 0.9244 0.0006 -0.3813
vn 0.9237 0.0003 -0.3832
vn 0.9234 0.0006 -0.3838
vn 0.9232 0.0011 -0.3844
vn 0.9230 0.0023 -0.3849
vn 0.9226 0.0132 -0.3854
vn 0.9229 -0.0047 -0.3851
vn 0.9225 0.0013 -0.3859
vn 0.9224 -0.0016 -0.3863
vn 0.9222 -0.0015 -0.3866
vn 0.9222 -0.0008 -0.3866
vn 0.9221 -0.0006 -0.3871
vn 0.9220 -0.0006 -0.3871
vn 0.7150 0.0004 -0.6992
vn 0.7072 -0.0021 -0.7070
vn 0.7142 -0.0000 -0.6999
vn 0.7078 0.0003 -0.7064
vn 0.7062 0.0007 -0.7080
vn 0.7057 0.0007 -0.7085
vn 0.7053 0.0014 -0.7089
vn 0.7048 0.0021 -0.7094
vn 0.7047 0.0154 -0.7094
vn 0.7050 -0.0038 -0.7092
vn 0.5882 -0.1266 -0.7987
vn 0.7045 -0.0020 -0.7097
vn 0.7037 0.0001 -0.7105
vn 0.1339 -0.9688 -0.2087
vn 0.1701 -0.9677 0.1862
vn 0.2708 -0.9502 -0.1544
vn 0.1882 -0.8136 -0.5502
vn 0.2894 -0.7387 -0.6088
vn 0.4092 -0.8495 -0.3331
vn 0.3255 -0.8739 0.3610
vn 0.0863 -0.8165 0.5708
vn -0.0244 -0.8957 0.4441
vn 0.3174 -0.5715 0.7567
vn 0.5610 -0.8242 0.0774
vn 0.4629 -0.7285 -0.5050
vn 0.5294 -0.4858 -0.6955
vn 0.6346 -0.6459 -0.4243
vn 0.6017 -0.7661 -0.2258
vn 0.6586 -0.6712 0.3403
vn 0.5670 -0.6704 0.4786
vn 0.7816 -0.3897 0.4871
vn 0.7686 -0.6306 0.1073
vn 0.7714 -0.6348 -0.0445
vn 0.8037 -0.5684 -0.1763
vn 0.5830 -0.4841 0.6525
vn 0.7163 -0.4686 0.5170
vn 0.8079 -0.2222 0.5458
vn 0.0002 -0.5598 0.8286
vn 0.2197 -0.1949 0.9559
vn 0.1541 -0.0000 0.9881
vn 0.4320 0.0007 0.9019
vn 0.4485 -0.1679 0.8779
vn 0.7618 -0.1201 0.6365
vn 0.9123 -0.0771 0.4023
vn 0.9061 -0.2215 0.3605
vn 0.6874 0.0297 0.7256
vn 0.1277 -0.5560 -0.8214
vn 0.3266 -0.0455 -0.9441
vn 0.3384 -0.2294 -0.9126
vn 0.5506 -0.0486 -0.8334
vn 0.5467 -0.1913 -0.8151
vn 0.9996 -0.0023 0.0267
vn 0.9921 0.0001 0.1253
vn 1.0000 0.0005 0.0039
vn 1.0000 -0.0003 0.0013
vn 1.0000 0.0002 0.0002
vn 1.0000 -0.0004 -0.0007
vn 1.0000 -0.0011 -0.0012
vn 0.9999 -0.0131 -0.0023
vn 0.1821 0.9689 0.1677
vn 0.3367 0.8769 0.3430
vn 0.1161 0.8427 0.5257
vn 0.4222 0.7098 0.5639
vn 0.2844 0.9446 -0.1639
vn 0.1338 0.9688 -0.2088
vn 0.1969 0.8082 -0.5551
vn 0.1229 0.6362 -0.7616
vn 0.2886 0.5947 -0.7503
vn 0.2837 0.7447 -0.6041
vn 0.4200 0.8239 -0.3805
vn 0.5615 0.8252 0.0609
vn 0.6175 0.6210 0.4828
vn 0.6229 0.7019 0.3453
vn 0.6155 0.7644 -0.1919
vn 0.7395 0.5924 -0.3197
vn 0.5211 0.5514 -0.6514
vn 0.8363 0.5482 0.0118
vn 0.7229 0.6503 0.2336
vn 0.7701 0.5875 0.2485
vn 0.7274 0.6224 0.2890
vn 0.7989 0.4960 0.3401
vn 0.8351 0.3041 0.4585
vn 0.7056 0.5652 0.4274
vn 0.5897 0.4208 0.6893
vn 0.3052 0.5419 0.7831
vn 0.1886 0.7636 0.6175
vn 0.1303 0.4978 0.8575
vn 0.2338 0.1564 0.9596
vn 0.1541 -0.0005 0.9881
vn 0.8999 0.2265 0.3727
vn 0.9107 0.0823 0.4047
vn 0.7627 0.1224 0.6351
vn 0.1567 0.2420 -0.9576
vn 0.1674 0.4271 -0.8886
vn 0.1720 0.1842 -0.9677
vn 0.2430 -0.9633 0.1143
vn 0.2636 -0.9440 -0.1985
vn 0.0310 -0.9142 -0.4040
vn 0.1385 -0.7228 -0.6770
vn -0.0870 -0.7871 -0.6106
vn 0.2306 -0.8303 -0.5073
vn 0.4622 -0.8839 0.0716
vn 0.4268 -0.7980 0.4254
vn 0.4367 -0.6327 0.6395
vn 0.6420 -0.5892 0.4907
vn 0.5698 -0.7592 0.3145
vn 0.3958 -0.5955 -0.6990
vn 0.4555 -0.6839 -0.5699
vn 0.5771 -0.7552 -0.3108
vn 0.6733 -0.7391 -0.0212
vn 0.7555 -0.6372 0.1522
vn 0.8273 -0.4876 0.2791
vn 0.7800 -0.6079 -0.1486
vn 0.7528 -0.6232 -0.2120
vn 0.6406 -0.5954 -0.4848
vn 0.6186 -0.5641 -0.5470
vn 0.8236 -0.4736 0.3122
vn 0.4694 -0.5196 0.7139
vn -0.0677 -0.7364 -0.6731
vn 0.2750 -0.6043 -0.7477
vn 0.0882 -0.5227 -0.8480
vn -0.0944 -0.4865 -0.8686
vn -0.1300 -0.1595 -0.9786
vn 0.0591 -0.1603 -0.9853
vn 0.3674 -0.3247 -0.8715
vn 0.3411 -0.1160 -0.9328
vn 0.5256 -0.0636 -0.8483
vn 0.2835 0.9461 0.1568
vn 0.4064 0.8621 0.3028
vn 0.2762 0.8765 0.3942
vn 0.4487 0.8912 0.0664
vn 0.1149 0.9739 -0.1957
vn 0.3485 0.9120 -0.2161
vn -0.1196 0.8580 -0.4996
vn 0.1487 0.8607 -0.4870
vn 0.1709 0.6977 -0.6957
vn 0.5985 0.7791 0.1863
vn 0.6953 0.7177 0.0378
vn 0.6492 0.7569 -0.0746
vn 0.5568 0.7732 -0.3036
vn 0.4441 0.7196 -0.5338
vn 0.3970 0.6197 -0.6770
vn 0.6246 0.6403 0.4472
vn 0.7946 0.3619 0.4874
vn 0.4427 0.5194 0.7309
vn 0.7470 0.1440 0.6491
vn 0.8958 0.2973 0.3305
vn 0.2751 0.6043 -0.7478
vn 0.3659 0.3188 -0.8744
vn -0.0677 0.7364 -0.6731
vn -0.0945 0.4866 -0.8685
vn -0.1302 0.1599 -0.9785
vn -0.2120 -0.0005 -0.9773
vn 0.0772 -0.0011 -0.9970
vn 0.0343 -0.9761 -0.2148
vn -0.1082 -0.8897 -0.4435
vn -0.2868 -0.8777 -0.3840
vn 0.2484 -0.9043 -0.3473
vn 0.4403 -0.8876 -0.1350
vn 0.3083 -0.9495 0.0577
vn 0.5007 -0.7929 0.3472
vn 0.5531 -0.8095 0.1970
vn 0.7375 -0.6083 0.2935
vn 0.6917 -0.7204 0.0505
vn 0.0595 -0.7987 -0.5988
vn 0.3929 -0.7791 -0.4885
vn 0.2782 -0.6787 -0.6797
vn 0.6011 -0.7516 -0.2717
vn 0.7185 -0.6765 -0.1612
vn 0.8294 -0.5354 0.1597
vn 0.6767 -0.6041 -0.4209
vn 0.6734 -0.5593 0.4834
vn 0.7921 -0.2416 0.5605
vn 0.7505 -0.4270 0.5044
vn 0.8100 -0.1840 0.5568
vn 0.8950 0.0002 0.4462
vn 0.1919 -0.4413 -0.8766
vn 0.4924 -0.3383 -0.8020
vn 0.3381 -0.2724 -0.9008
vn 0.1151 -0.8125 -0.5715
vn -0.2413 -0.4812 -0.8427
vn -0.4952 -0.1599 -0.8539
vn -0.2480 0.0021 -0.9687
vn -0.3090 -0.1579 -0.9379
vn 0.3373 -0.1499 -0.9294
vn 0.5182 -0.0637 -0.8529
vn -0.0740 0.9771 -0.1993
vn 0.1466 0.9581 -0.2462
vn 0.3275 0.9438 0.0445
vn 0.5455 0.8013 0.2457
vn 0.7413 0.5716 0.3518
vn 0.6288 0.6361 0.4473
vn 0.5771 0.7906 0.2045
vn 0.4403 0.8908 -0.1120
vn -0.1349 0.8832 -0.4492
vn -0.3693 0.8019 -0.4696
vn -0.3168 0.8130 -0.4885
vn -0.3163 0.5715 -0.7572
vn 0.0323 0.8106 -0.5846
vn 0.7740 0.6329 -0.0156
vn 0.6728 0.7037 -0.2284
vn 0.5424 0.7539 -0.3708
vn -0.1218 0.6620 -0.7395
vn 0.4877 0.6109 -0.6237
vn 0.5052 0.6347 -0.5847
vn 0.6731 0.5593 0.4838
vn 0.7505 0.4269 0.5045
vn 0.7921 0.2417 0.5605
vn 0.8101 0.1842 0.5566
vn 0.3581 0.2794 -0.8909
vn 0.4925 0.3385 -0.8018
vn 0.0664 0.7692 -0.6356
vn -0.2695 0.7565 -0.5959
vn -0.4932 0.5082 -0.7060
vn -0.5013 0.5333 -0.6814
vn -0.5704 -0.0000 -0.8214
vn -0.2961 0.1372 -0.9452
vn 0.3539 0.1856 -0.9167
vn 0.3499 0.0270 -0.9364
vn -0.2906 -0.8702 -0.3980
vn -0.5183 -0.7897 -0.3281
vn -0.4718 -0.8355 -0.2817
vn -0.5821 -0.5717 -0.5782
vn 0.1927 -0.9695 -0.1512
vn 0.4985 -0.8667 -0.0158
vn 0.6812 -0.7265 0.0903
vn 0.8617 -0.5074 -0.0084
vn 0.6367 -0.7690 -0.0580
vn -0.1595 -0.8095 -0.5651
vn -0.3966 -0.6500 -0.6483
vn -0.0555 -0.7483 -0.6610
vn 0.1466 -0.8113 -0.5660
vn 0.5282 -0.7302 -0.4334
vn 0.7287 -0.5665 -0.3848
vn 0.4619 -0.6396 -0.6145
vn 0.4122 -0.7259 -0.5506
vn 0.2472 -0.5477 -0.7993
vn 0.3799 -0.6055 -0.6993
vn 0.5186 -0.3818 -0.7650
vn 0.3482 -0.4277 -0.8342
vn 0.6353 -0.4197 -0.6482
vn 0.5642 -0.7029 -0.4332
vn 0.7403 -0.5114 -0.4363
vn 0.9142 -0.2633 -0.3080
vn 0.7026 -0.6819 -0.2031
vn 0.8102 -0.5794 -0.0888
vn 0.9689 -0.2356 0.0759
vn 0.9406 -0.2378 0.2423
vn 0.9988 0.0023 -0.0482
vn 0.7602 -0.1661 -0.6281
vn 0.5621 -0.0937 -0.8217
vn 0.5452 -0.1750 -0.8198
vn 0.4409 -0.1884 -0.8776
vn 0.9167 0.0018 -0.3997
vn 0.0631 0.0001 -0.9980
vn 0.3779 0.0001 -0.9259
vn 0.3780 0.0001 -0.9258
vn 0.3780 -0.0002 -0.9258
vn 0.3779 -0.0001 -0.9258
vn 0.3795 -0.0103 -0.9251
vn 0.3793 -0.0018 -0.9253
vn 0.3802 -0.0001 -0.9249
vn 0.3808 -0.0001 -0.9246
vn 0.3820 -0.0001 -0.9242
vn 0.3952 -0.0004 -0.9186
vn 0.5036 -0.0000 -0.8639
vn 0.1376 -0.6947 -0.7060
vn -0.1905 -0.2537 -0.9483
vn -0.0058 -0.0001 -1.0000
vn -0.0059 0.0006 -1.0000
vn -0.0058 0.0002 -1.0000
vn -0.0060 -0.0000 -1.0000
vn -0.3610 -0.0024 -0.9326
vn -0.2672 0.0001 -0.9636
vn -0.3823 0.0003 -0.9240
vn -0.3846 0.0002 -0.9231
vn -0.3857 0.0001 -0.9226
vn -0.3863 -0.0002 -0.9224
vn -0.3870 -0.0013 -0.9221
vn -0.3881 -0.0119 -0.9215
vn -0.3871 0.0056 -0.9220
vn -0.5395 -0.2536 -0.8029
vn -0.3888 -0.0015 -0.9213
vn -0.3887 0.0005 -0.9214
vn -0.3820 0.0015 -0.9241
vn -0.6620 0.0001 -0.7495
vn -0.6909 -0.0024 -0.7229
vn -0.6162 0.0001 -0.7876
vn -0.7075 0.0003 -0.7067
vn -0.7090 0.0002 -0.7052
vn -0.7098 -0.0002 -0.7044
vn -0.7104 0.0001 -0.7038
vn -0.7109 -0.0017 -0.7033
vn -0.7118 -0.0085 -0.7023
vn -0.7119 -0.0027 -0.7023
vn -0.7122 0.0011 -0.7020
vn -0.4247 -0.6056 -0.6730
vn -0.4029 -0.6945 -0.5962
vn -0.1435 -0.6946 -0.7050
vn -0.8723 -0.0026 -0.4889
vn -0.8325 -0.0714 -0.5494
vn -0.8343 -0.0024 -0.5513
vn -0.8844 -0.0024 -0.4667
vn 0.4673 0.8824 -0.0554
vn 0.5734 0.8131 0.1003
vn 0.8205 0.5716 -0.0051
vn -0.1795 0.9644 -0.1944
vn -0.4559 0.8011 -0.3880
vn -0.6577 0.6360 -0.4036
vn -0.6139 0.5716 -0.5445
vn -0.2323 0.8008 -0.5520
vn 0.3812 0.8021 -0.4598
vn 0.5596 0.7808 -0.2780
vn 0.7129 0.6712 -0.2032
vn 0.6721 0.5931 -0.4432
vn -0.2055 0.5206 -0.8287
vn -0.3185 0.6009 -0.7331
vn 0.2014 0.5392 -0.8177
vn 0.3187 0.6366 -0.7022
vn 0.4672 0.5299 -0.7077
vn 0.3062 0.5807 -0.7543
vn 0.5179 0.2981 -0.8018
vn 0.5581 0.4932 -0.6672
vn 0.4752 0.7482 -0.4631
vn 0.6440 0.5955 -0.4802
vn 0.8215 0.4664 -0.3281
vn 0.5997 0.7253 -0.3381
vn 0.6805 0.6665 -0.3045
vn 0.5943 0.8039 -0.0249
vn 0.7660 0.5598 0.3161
vn 0.8449 0.2010 -0.4957
vn 0.5149 -0.1489 -0.8442
vn 0.4910 0.1398 -0.8598
vn 0.5588 0.0245 -0.8290
vn 0.6456 -0.0007 -0.7637
vn 0.3748 -0.0001 -0.9271
vn 0.3745 -0.0001 -0.9272
vn 0.3785 -0.0008 -0.9256
vn 0.3768 -0.0005 -0.9263
vn 0.3773 -0.0007 -0.9261
vn 0.3776 -0.0012 -0.9260
vn 0.3778 -0.0013 -0.9259
vn 0.3793 -0.0057 -0.9253
vn 0.5132 -0.0921 -0.8533
vn 0.3791 0.0101 -0.9253
vn 0.3795 0.0015 -0.9252
vn 0.3810 -0.0000 -0.9246
vn 0.3822 -0.0001 -0.9241
vn 0.3844 -0.0003 -0.9232
vn 0.3958 -0.0000 -0.9183
vn 0.3913 -0.0000 -0.9202
vn -0.0034 0.0008 -1.0000
vn 0.0097 0.0003 -1.0000
vn 0.0084 -0.0000 -1.0000
vn -0.0048 -0.0017 -1.0000
vn -0.0059 -0.0014 -1.0000
vn -0.0061 -0.0010 -1.0000
vn -0.0063 -0.0014 -1.0000
vn -0.0065 -0.0009 -1.0000
vn -0.0068 -0.0007 -1.0000
vn -0.0072 -0.0006 -1.0000
vn -0.0094 -0.0001 -1.0000
vn -0.0098 -0.0001 -1.0000
vn -0.3739 0.0004 -0.9275
vn -0.3846 -0.0025 -0.9231
vn -0.2562 -0.0000 -0.9666
vn -0.3754 -0.0000 -0.9269
vn -0.3836 0.0003 -0.9235
vn -0.3854 0.0005 -0.9227
vn -0.3863 0.0007 -0.9224
vn -0.3870 0.0011 -0.9221
vn -0.3873 0.0024 -0.9220
vn -0.3885 0.0139 -0.9214
vn -0.3876 -0.0048 -0.9218
vn -0.3891 -0.0010 -0.9212
vn -0.3891 -0.0012 -0.9212
vn -0.3894 -0.0007 -0.9211
vn -0.3899 -0.0006 -0.9208
vn -0.7013 0.0005 -0.7129
vn -0.7089 -0.0022 -0.7054
vn -0.6071 -0.0001 -0.7946
vn -0.7084 0.0003 -0.7058
vn -0.7100 0.0006 -0.7042
vn -0.7104 0.0011 -0.7038
vn -0.7107 0.0010 -0.7035
vn -0.7113 0.0030 -0.7029
vn -0.7117 0.0106 -0.7024
vn -0.7111 -0.0043 -0.7031
vn -0.7595 -0.1499 -0.6331
vn -0.7125 0.0030 -0.7016
vn -0.7124 -0.0008 -0.7018
vn -0.7119 -0.0000 -0.7023
vn -0.8780 0.0010 -0.4786
vn -0.8395 0.0706 -0.5387
vn 0.2526 -0.9212 -0.2960
vn -0.1513 -0.9726 -0.1767
vn -0.3917 -0.8887 -0.2385
vn -0.4765 -0.8763 -0.0704
vn -0.6018 -0.7525 -0.2676
vn -0.0847 -0.9193 -0.3844
vn 0.5659 -0.8054 -0.1764
vn 0.7608 -0.6359 -0.1297
vn 0.5596 -0.7779 -0.2858
vn -0.3910 -0.8071 -0.4423
vn -0.5857 -0.6697 -0.4566
vn -0.2388 -0.7582 -0.6066
vn 0.4960 -0.5955 -0.6320
vn 0.0041 -0.5051 -0.8630
vn 0.5425 -0.6897 -0.4796
vn 0.5096 -0.1872 -0.8398
vn 0.9241 -0.2358 -0.3007
vn 0.7996 -0.5821 -0.1479
vn 0.9618 -0.2370 -0.1367
vn -0.6768 -0.6922 -0.2508
vn -0.8116 -0.4995 -0.3030
vn -0.8399 -0.5084 -0.1901
vn -0.6416 -0.7517 -0.1530
vn -0.9640 -0.1508 -0.2189
vn -0.9363 -0.1462 -0.3192
vn -0.8485 -0.0666 -0.5250
vn 0.0239 -0.0024 -0.9997
vn 0.1226 0.0001 -0.9925
vn -0.0050 -0.0107 -0.9999
vn 0.4166 0.8729 -0.2541
vn 0.4173 0.9029 -0.1028
vn -0.5470 0.8333 -0.0806
vn -0.4219 0.8811 -0.2137
vn -0.5747 0.7717 -0.2725
vn 0.3931 0.7975 -0.4577
vn 0.2621 0.6428 -0.7198
vn -0.3419 0.6444 -0.6840
vn -0.6039 0.6661 -0.4377
vn 0.1605 0.6137 -0.7731
vn 0.2669 0.5608 -0.7837
vn 0.3470 0.6415 -0.6842
vn 0.3178 0.5103 -0.7991
vn 0.4216 0.4028 -0.8124
vn 0.5039 0.5802 -0.6399
vn 0.7369 0.3110 -0.6002
vn 0.6783 0.6978 -0.2300
vn 0.7061 0.5982 -0.3789
vn 0.9457 0.2955 -0.1356
vn 0.9424 0.1333 -0.3068
vn 0.9687 -0.0011 -0.2484
vn 0.8857 -0.0009 -0.4643
vn 0.5021 0.2677 -0.8223
vn -0.8189 0.5599 -0.1259
vn -0.8854 0.4379 -0.1562
vn -0.9479 0.1421 -0.2850
vn -0.8218 0.0666 -0.5659
vn -0.2944 -0.9537 -0.0622
vn -0.4899 -0.8663 -0.0978
vn -0.5659 -0.8162 0.1163
vn -0.6904 -0.7062 -0.1573
vn -0.2339 -0.9134 -0.3332
vn 0.0291 -0.9695 -0.2433
vn 0.0613 -0.8876 -0.4565
vn 0.3672 -0.8598 -0.3548
vn 0.5871 -0.6199 -0.5205
vn 0.4033 -0.7804 -0.4778
vn 0.6434 -0.6515 -0.4019
vn 0.3174 -0.7141 -0.6240
vn -0.5494 -0.7735 -0.3161
vn -0.7633 -0.5238 -0.3781
vn -0.3900 -0.7722 -0.5016
vn -0.1853 -0.7680 -0.6131
vn 0.0375 -0.7082 -0.7051
vn 0.1397 -0.5627 -0.8148
vn 0.4618 -0.5221 -0.7170
vn 0.7182 -0.5613 -0.4112
vn 0.8322 -0.2481 -0.4959
vn 0.6850 -0.3963 -0.6113
vn 0.7531 -0.1766 -0.6338
vn 0.5636 -0.1699 -0.8084
vn 0.5058 -0.3994 -0.7646
vn -0.6728 -0.7365 0.0696
vn -0.7488 -0.6040 -0.2730
vn -0.8682 -0.4867 0.0967
vn -0.9855 -0.1602 -0.0563
vn -0.8724 -0.3249 -0.3653
vn -0.9387 -0.1309 -0.3188
vn 0.0618 0.9756 -0.2107
vn 0.1636 0.8898 -0.4260
vn 0.4300 0.8514 -0.3003
vn 0.2702 0.7654 -0.5841
vn -0.2220 0.9134 -0.3412
vn -0.3080 0.9489 -0.0684
vn -0.5226 0.8467 0.1002
vn -0.5097 0.8441 -0.1666
vn -0.7086 0.6871 -0.1605
vn 0.1353 0.6719 -0.7282
vn -0.0434 0.7656 -0.6418
vn -0.2236 0.7797 -0.5849
vn -0.3831 0.7630 -0.5206
vn -0.5345 0.7201 -0.4423
vn -0.6845 0.6078 -0.4026
vn -0.3991 0.6125 -0.6823
vn 0.4444 0.6483 -0.6182
vn 0.4988 0.3937 -0.7721
vn 0.6346 0.5334 -0.5592
vn 0.5558 0.7406 -0.3776
vn 0.8205 0.3269 -0.4690
vn 0.7665 0.1495 -0.6245
vn 0.5743 0.0402 -0.8176
vn 0.6625 -0.0017 -0.7491
vn 0.3788 0.0414 -0.9245
vn -0.7487 0.6041 -0.2729
vn -0.8724 0.3249 -0.3652
vn -0.8682 0.4867 0.0968
vn -0.9781 0.1601 0.1329
vn -0.9767 -0.0005 0.2144
vn -0.9854 0.1604 -0.0563
vn -0.9365 0.1067 -0.3339
vn -0.4581 -0.8611 0.2207
vn -0.5392 -0.8376 0.0882
vn -0.6649 -0.7128 0.2233
vn -0.3147 -0.9481 0.0454
vn -0.3929 -0.9019 -0.1797
vn -0.0700 -0.9687 -0.2382
vn -0.1277 -0.8933 -0.4310
vn 0.1717 -0.8628 -0.4756
vn 0.3279 -0.7318 -0.5975
vn 0.3037 -0.5426 -0.7831
vn 0.1983 -0.7742 -0.6010
vn -0.0715 -0.7733 -0.6300
vn -0.6988 -0.7021 -0.1368
vn -0.6225 -0.7394 -0.2564
vn -0.4013 -0.8213 -0.4055
vn -0.3053 -0.7702 -0.5600
vn -0.6696 -0.6102 -0.4234
vn -0.0177 -0.6329 -0.7740
vn 0.5455 -0.5631 -0.6208
vn 0.4787 -0.5038 -0.7190
vn 0.5303 -0.1621 -0.8322
vn 0.6289 -0.0008 -0.7775
vn -0.5564 -0.7796 -0.2875
vn -0.5659 -0.6422 -0.5171
vn -0.8152 -0.5150 -0.2650
vn -0.8185 -0.5716 -0.0578
vn -0.7708 -0.6206 0.1435
vn -0.5420 -0.8398 -0.0305
vn -0.5541 -0.7143 0.4274
vn -0.7571 -0.3045 0.5780
vn -0.9192 -0.2042 0.3368
vn -0.9206 -0.0007 0.3905
vn -0.9729 -0.2223 -0.0630
vn -0.7926 -0.2785 -0.5424
vn -0.8966 -0.2340 -0.3759
vn -0.9277 -0.0916 -0.3618
vn -0.9973 -0.0000 -0.0728
vn -0.8549 -0.0621 -0.5151
vn 0.2357 0.8081 -0.5398
vn 0.3495 0.5716 -0.7424
vn 0.4454 0.6360 -0.6302
vn 0.2028 0.7943 -0.5726
vn 0.0238 0.9642 -0.2641
vn -0.1097 0.8901 -0.4423
vn -0.2255 0.9694 -0.0973
vn -0.3959 0.8977 0.1936
vn -0.6169 0.6581 0.4317
vn -0.5281 0.7649 0.3688
vn -0.5757 0.6789 0.4557
vn -0.6817 0.7232 0.1106
vn -0.5497 0.8351 -0.0214
vn -0.0177 0.6330 -0.7740
vn -0.3725 0.7538 -0.5414
vn -0.6754 0.7166 -0.1738
vn -0.8048 0.5895 -0.0699
vn -0.6032 0.6330 -0.4852
vn -0.5049 0.6266 -0.5937
vn 0.5042 0.2432 -0.8286
vn 0.5790 0.0381 -0.8144
vn 0.5502 0.0011 -0.8350
vn 0.6289 0.0011 -0.7775
vn 0.3639 0.2114 -0.9071
vn -0.9488 0.2667 -0.1690
vn -0.8745 0.2349 -0.4242
vn -0.5995 0.7688 0.2226
vn -0.6793 0.5363 0.5009
vn -0.7709 0.2539 0.5842
vn -0.9375 0.0525 -0.3440
vn -0.8547 0.0624 -0.5153
vn -0.1874 -0.9790 0.0806
vn 0.0522 -0.9039 -0.4246
vn -0.1372 -0.9440 -0.3002
vn -0.3865 -0.7552 0.5294
vn -0.4284 -0.6368 0.6411
vn 0.2645 -0.7535 -0.6019
vn 0.2109 -0.6420 -0.7371
vn 0.1894 -0.6809 -0.7075
vn -0.5020 -0.8632 0.0539
vn -0.6760 -0.7052 0.2136
vn -0.6311 -0.7619 -0.1457
vn -0.7215 -0.6918 -0.0282
vn -0.5120 -0.7292 -0.4540
vn -0.5029 -0.6308 -0.5909
vn -0.6583 -0.6018 -0.4522
vn -0.6948 -0.6349 -0.3380
vn -0.7204 -0.6207 -0.3094
vn -0.6701 -0.4967 -0.5517
vn -0.8233 -0.4483 -0.3481
vn -0.4642 -0.7481 -0.4741
vn -0.3744 -0.3268 -0.8678
vn -0.3570 -0.6953 -0.6237
vn -0.3347 -0.6340 -0.6972
vn 0.3132 -0.5596 -0.7673
vn 0.1573 -0.1936 -0.9684
vn 0.1068 -0.0005 -0.9943
vn -0.2183 0.0002 -0.9759
vn -0.0968 -0.1610 -0.9822
vn -0.6280 -0.1850 -0.7559
vn -0.8212 -0.1751 -0.5432
vn -0.8788 -0.1888 -0.4383
vn -0.8212 -0.0902 -0.5635
vn -0.5365 0.0291 -0.8434
vn -0.9239 0.0015 -0.3827
vn -0.9495 -0.2533 -0.1849
vn -0.9982 -0.0000 -0.0604
vn -0.9269 -0.0007 -0.3754
vn -0.9269 0.0007 -0.3753
vn -0.9269 0.0011 -0.3753
vn -0.9269 -0.0022 -0.3753
vn -0.9266 -0.0139 -0.3759
vn -0.9260 -0.0006 -0.3775
vn -0.9256 -0.0000 -0.3784
vn -0.9253 -0.0000 -0.3791
vn -0.9243 0.0005 -0.3816
vn -0.9195 -0.0001 -0.3931
vn -0.8653 -0.0000 -0.5013
vn -0.9212 -0.0000 -0.3890
vn -0.7070 -0.6941 -0.1359
vn -0.9479 -0.2532 0.1931
vn -1.0000 -0.0001 0.0085
vn -1.0000 0.0002 0.0084
vn -1.0000 -0.0000 0.0090
vn -0.9451 -0.0000 0.3269
vn -0.9316 -0.0024 0.3636
vn -0.9629 0.0001 0.2699
vn -0.9231 0.0002 0.3846
vn -0.9215 -0.0000 0.3883
vn -0.9212 -0.0004 0.3891
vn -0.9209 -0.0009 0.3898
vn -0.9206 -0.0108 0.3902
vn -0.9210 0.0051 0.3896
vn -0.9204 0.0005 0.3909
vn -0.9203 -0.0004 0.3912
vn -0.9203 0.0009 0.3913
vn -0.9204 -0.0004 0.3911
vn -0.9203 -0.0000 0.3911
vn -0.9232 0.0015 0.3843
vn -0.7210 -0.0025 0.6929
vn -0.7051 0.0004 0.7091
vn -0.7031 -0.0002 0.7110
vn -0.7023 0.0002 0.7119
vn -0.7013 -0.0012 0.7128
vn -0.7011 -0.0110 0.7130
vn -0.7013 0.0050 0.7128
vn -0.5439 -0.2545 0.7996
vn -0.7000 0.0001 0.7141
vn -0.7000 0.0007 0.7142
vn -0.7001 0.0001 0.7141
vn -0.4988 -0.0000 0.8667
vn -0.5957 -0.6937 0.4049
vn -0.7052 -0.6938 0.1456
vn -0.1418 0.9845 0.1037
vn -0.2978 0.9531 -0.0545
vn 0.0521 0.9039 -0.4245
vn 0.2490 0.7601 -0.6002
vn 0.2111 0.6420 -0.7371
vn 0.1893 0.6809 -0.7075
vn -0.3885 0.8794 0.2752
vn -0.3600 0.8173 0.4500
vn -0.5961 0.8002 -0.0654
vn -0.4809 0.7939 -0.3721
vn -0.2164 0.6414 -0.7360
vn -0.4500 0.5207 -0.7255
vn -0.5896 0.7808 0.2067
vn -0.7864 0.5933 0.1718
vn -0.6592 0.6825 0.3156
vn -0.7489 0.6285 -0.2101
vn -0.6778 0.6994 -0.2266
vn -0.7416 0.4815 -0.4671
vn -0.7203 0.6206 -0.3100
vn -0.8233 0.4486 -0.3478
vn -0.7619 0.3875 -0.5190
vn -0.6573 0.5027 -0.5615
vn -0.4645 0.6016 -0.6498
vn -0.3570 0.6954 -0.6237
vn -0.3350 0.6341 -0.6969
vn 0.3139 0.5598 -0.7669
vn -0.0966 0.1611 -0.9822
vn -0.6276 0.1848 -0.7563
vn -0.8785 0.1886 -0.4389
vn -0.8210 0.1751 -0.5434
vn -0.8211 0.0905 -0.5636
vn -0.5509 -0.0011 -0.8346
vn -0.9281 -0.0001 -0.3724
vn -0.9282 -0.0001 -0.3721
vn -0.9272 -0.0006 -0.3746
vn -0.9270 -0.0002 -0.3750
vn -0.9271 -0.0015 -0.3749
vn -0.9270 -0.0020 -0.3751
vn -0.9268 0.0010 -0.3755
vn -0.9265 0.0134 -0.3760
vn -0.9262 0.0013 -0.3771
vn -0.9258 0.0002 -0.3779
vn -0.9255 -0.0004 -0.3788
vn -0.9241 -0.0007 -0.3821
vn -0.9191 0.0001 -0.3941
vn -1.0000 -0.0050 0.0074
vn -0.9998 0.0159 0.0079
vn -1.0000 0.0031 0.0071
vn -1.0000 0.0010 0.0066
vn -1.0000 0.0004 0.0061
vn -1.0000 0.0005 0.0052
vn -1.0000 0.0002 0.0033
vn -1.0000 0.0006 -0.0070
vn -0.9914 -0.0000 -0.1312
vn -1.0000 -0.0018 0.0073
vn -1.0000 -0.0011 0.0087
vn -1.0000 -0.0009 0.0090
vn -1.0000 -0.0007 0.0091
vn -1.0000 -0.0004 0.0100
vn -0.9999 -0.0001 0.0115
vn -0.9999 -0.0001 0.0118
vn -0.9262 0.0005 0.3771
vn -0.9221 -0.0023 0.3870
vn -0.9659 -0.0000 0.2590
vn -0.9259 -0.0000 0.3779
vn -0.9224 0.0005 0.3862
vn -0.9216 0.0009 0.3883
vn -0.9210 0.0016 0.3896
vn -0.9208 0.0023 0.3899
vn -0.9204 0.0129 0.3907
vn -0.9207 -0.0046 0.3902
vn -0.9202 -0.0004 0.3914
vn -0.9202 -0.0016 0.3916
vn -0.9200 -0.0003 0.3920
vn -0.9199 -0.0006 0.3920
vn -0.9199 -0.0006 0.3921
vn -0.7110 0.0005 0.7032
vn -0.7034 -0.0022 0.7108
vn -0.7038 0.0002 0.7104
vn -0.7025 0.0009 0.7117
vn -0.7018 0.0007 0.7123
vn -0.7003 0.0131 0.7138
vn -0.7011 -0.0039 0.7131
vn -0.5838 -0.1266 0.8019
vn -0.7001 -0.0002 0.7141
vn -0.6998 -0.0007 0.7143
vn -0.7002 -0.0001 0.7139
vn -0.1812 -0.9540 0.2391
vn -0.1223 -0.7978 0.5903
vn -0.2722 -0.6108 0.7435
vn -0.2642 -0.6967 0.6669
vn -0.3976 -0.9146 0.0737
vn -0.3272 -0.8955 -0.3017
vn -0.2194 -0.8358 -0.5033
vn -0.5238 -0.7495 -0.4048
vn -0.4668 -0.8366 0.2868
vn -0.5031 -0.7021 0.5039
vn -0.6369 -0.7479 0.1871
vn -0.6250 -0.7769 -0.0768
vn -0.6328 -0.7210 -0.2824
vn -0.5225 -0.6526 -0.5487
vn -0.5450 -0.7673 -0.3381
vn -0.5280 -0.6496 -0.5470
vn -0.7098 -0.5286 -0.4656
vn -0.6636 -0.6538 -0.3636
vn -0.6249 -0.2526 -0.7388
vn -0.1458 -0.7458 -0.6500
vn -0.1208 -0.3261 -0.9376
vn -0.3092 -0.1329 -0.9416
vn -0.2516 0.0009 -0.9678
vn -0.8182 -0.3136 -0.4818
vn -0.8095 -0.4297 -0.4001
vn -0.8123 -0.0758 -0.5782
vn -0.6813 0.0350 -0.7311
vn -0.1234 -0.5592 0.8198
vn -0.1626 -0.4270 0.8895
vn -0.1514 -0.2415 0.9585
vn -0.1665 -0.1841 0.9687
vn -0.9998 -0.0026 -0.0209
vn -0.9928 0.0001 -0.1199
vn -1.0000 0.0004 0.0021
vn -1.0000 0.0003 0.0043
vn -1.0000 0.0005 0.0053
vn -1.0000 -0.0000 0.0059
vn -1.0000 -0.0017 0.0067
vn -0.9999 -0.0140 0.0077
vn -0.0871 0.9840 -0.1553
vn -0.2749 0.9597 -0.0579
vn -0.2675 0.8779 -0.3970
vn -0.0776 0.8759 -0.4762
vn -0.2932 0.7483 -0.5951
vn -0.2410 0.9469 0.2129
vn -0.1073 0.8972 0.4284
vn -0.2454 0.7821 0.5728
vn -0.2304 0.6390 0.7339
vn -0.1127 0.6787 0.7258
vn -0.5860 0.8061 0.0823
vn -0.4123 0.8207 -0.3956
vn -0.4784 0.5954 0.6454
vn -0.7948 0.6062 0.0284
vn -0.7718 0.6342 -0.0452
vn -0.7820 0.5781 -0.2332
vn -0.1259 0.7327 -0.6688
vn -0.1209 0.3262 -0.9375
vn -0.7944 0.3543 -0.4933
vn -0.7539 0.4766 -0.4521
vn -0.8124 0.0759 -0.5781
vn -0.1239 0.5592 0.8197
vn -0.1515 0.2418 0.9584
vn -0.1626 0.4270 0.8895
vn -0.1668 0.1843 0.9686
vn -0.0928 -0.9565 0.2766
vn 0.1058 -0.8514 0.5137
vn 0.2107 -0.7657 0.6077
vn 0.0254 -0.5036 0.8635
vn -0.2650 -0.8920 0.3663
vn -0.2265 -0.9726 -0.0532
vn -0.3951 -0.9142 0.0901
vn -0.3742 -0.8886 -0.2650
vn -0.2535 -0.8764 -0.4095
vn -0.4837 -0.7525 -0.4469
vn -0.5572 -0.8050 -0.2038
vn -0.2231 -0.8054 0.5491
vn -0.4560 -0.7085 0.5387
vn -0.4307 -0.5873 0.6852
vn -0.5598 -0.7679 0.3112
vn -0.6519 -0.7544 0.0767
vn -0.7637 -0.6441 -0.0432
vn -0.6514 -0.6694 -0.3572
vn -0.6192 -0.6483 -0.4429
vn -0.7750 -0.3850 -0.5012
vn -0.4712 -0.3262 -0.8195
vn -0.6317 -0.1480 -0.7609
vn -0.8098 -0.1548 -0.5659
vn -0.2789 -0.5658 0.7759
vn 0.1897 -0.5083 0.8400
vn -0.0710 -0.1436 0.9871
vn -0.3420 -0.3204 0.8834
vn -0.3406 -0.1400 0.9297
vn -0.0486 0.0371 0.9981
vn -0.3749 0.8544 -0.3598
vn -0.3691 0.6543 -0.6601
vn -0.5173 0.8341 -0.1914
vn -0.2651 0.9638 -0.0272
vn -0.3874 0.9176 0.0893
vn 0.0806 0.8897 0.4493
vn -0.6654 0.6807 -0.3066
vn -0.7475 0.5254 -0.4064
vn -0.7666 0.6292 -0.1280
vn -0.6714 0.7389 0.0566
vn -0.5301 0.7659 0.3640
vn -0.4469 0.7303 0.5166
vn -0.6814 0.6123 0.4010
vn -0.7202 0.6228 0.3057
vn -0.4125 0.5610 -0.7177
vn -0.6131 0.3961 -0.6835
vn -0.4981 0.2481 -0.8309
vn -0.8099 0.1697 -0.5614
vn -0.7660 0.3990 -0.5040
vn -0.2712 0.6040 0.7494
vn -0.0864 0.5195 0.8501
vn -0.3595 0.3102 0.8800
vn 0.0714 0.7365 0.6726
vn 0.0992 0.4869 0.8678
vn -0.1908 -0.9814 0.0206
vn -0.0163 -0.9403 0.3399
vn 0.2180 -0.9001 0.3772
vn 0.4633 -0.7654 0.4468
vn 0.4876 -0.6418 0.5919
vn 0.4559 -0.6807 0.5734
vn -0.3179 -0.9221 0.2204
vn -0.4566 -0.8833 -0.1062
vn -0.5084 -0.8182 -0.2685
vn -0.7612 -0.5845 -0.2811
vn -0.6951 -0.7190 0.0023
vn -0.5448 -0.8258 0.1460
vn -0.3575 -0.8111 0.4630
vn 0.0813 -0.6607 0.7462
vn -0.5958 -0.7622 0.2530
vn -0.5973 -0.5052 0.6229
vn -0.3774 -0.6057 0.7005
vn -0.2943 -0.6052 0.7396
vn -0.6220 -0.5632 -0.5440
vn -0.7657 -0.2533 -0.5913
vn -0.7200 -0.5041 -0.4770
vn -0.8338 -0.1628 -0.5275
vn -0.2227 -0.5803 0.7834
vn -0.2503 -0.4209 0.8719
vn 0.0370 -0.4728 0.8804
vn -0.1288 -0.7110 0.6912
vn 0.3923 -0.5101 0.7654
vn 0.5937 -0.5595 0.5783
vn 0.5312 -0.1945 0.8246
vn 0.5746 -0.0000 0.8184
vn 0.3066 -0.1682 0.9369
vn -0.3897 -0.2185 0.8946
vn -0.4311 -0.2993 0.8512
vn -0.3513 -0.0602 0.9343
vn -0.2144 0.9756 0.0462
vn -0.4554 0.8840 -0.1052
vn -0.5082 0.8182 -0.2689
vn -0.5935 0.7496 -0.2929
vn -0.3251 0.9168 0.2318
vn -0.1203 0.8845 0.4508
vn 0.0406 0.9461 0.3214
vn 0.2638 0.8766 0.4024
vn 0.1308 0.8621 0.4895
vn -0.5808 0.8113 0.0667
vn -0.7359 0.6747 -0.0561
vn -0.6289 0.7482 0.2113
vn -0.4616 0.8111 0.3592
vn -0.2083 0.7610 0.6144
vn -0.0234 0.7803 0.6250
vn -0.3809 0.6397 0.6675
vn -0.3409 0.7266 0.5965
vn -0.6356 0.5476 0.5441
vn -0.6215 0.5632 -0.5445
vn -0.7200 0.5041 -0.4770
vn -0.7657 0.2533 -0.5912
vn -0.8338 0.1628 -0.5275
vn -0.8367 0.0011 -0.5476
vn -0.2935 0.6774 0.6745
vn -0.1361 0.5545 0.8210
vn -0.2999 0.4078 0.8624
vn -0.3444 0.5278 0.7765
vn -0.1617 0.1431 0.9764
vn 0.0895 0.2585 0.9618
vn 0.3305 0.5657 0.7555
vn 0.3386 0.7505 0.5676
vn 0.5887 0.3140 0.7449
vn -0.4436 0.2880 0.8487
vn -0.4311 0.2991 0.8513
vn -0.3838 -0.9234 0.0120
vn 0.6168 -0.5717 0.5410
vn 0.6600 -0.6359 0.4001
vn 0.4304 -0.7777 0.4582
vn -0.5575 -0.8285 -0.0534
vn -0.5294 -0.8356 0.1466
vn 0.3224 -0.6011 0.7312
vn -0.3531 -0.6266 0.6948
vn -0.2388 -0.6349 0.7348
vn -0.1314 -0.6018 0.7878
vn 0.1145 0.9823 0.1481
vn -0.4238 0.9035 -0.0644
vn -0.7367 0.6568 -0.1608
vn 0.5213 0.7908 0.3207
vn 0.4677 0.8395 0.2765
vn 0.6932 0.5933 0.4092
vn 0.6758 0.6370 0.3707
vn 0.1950 0.8135 0.5478
vn -0.5491 0.7797 0.3010
vn -0.4847 0.7836 0.3885
vn 0.3797 0.6413 0.6667
vn -0.2570 0.6299 0.7329
vn -0.6071 -0.6792 0.4124
vn 0.1073 -0.8387 0.5339
vn 0.4074 -0.6793 0.6105
vn 0.5340 -0.8386 -0.1071
vn -0.1885 -0.0006 0.9821
vn -0.8354 0.0005 -0.5496
vn 0.8324 0.0006 0.5541
vn -0.7151 0.6833 0.1476
vn -0.6786 0.6761 0.2869
vn -0.7172 0.6833 -0.1368
vn -0.7171 0.6833 -0.1370
vn -0.6038 0.6828 0.4113
vn 0.6058 0.6839 -0.4067
vn -0.6820 0.6765 -0.2778
vn 0.9809 0.0002 0.1943
vn -0.5473 0.0003 0.8369
vn 0.7073 -0.0000 0.7070
vt 0.601012 0.389929
vt 0.600943 0.390802
vt 0.601410 0.389711
vt 0.600600 0.389380
vt 0.600350 0.389650
vt 0.600150 0.389970
vt 0.599600 0.389660
vt 0.599422 0.390136
vt 0.598610 0.389240
vt 0.598360 0.389850
vt 0.599080 0.389410
vt 0.598199 0.390710
vt 0.598609 0.476210
vt 0.601750 0.391160
vt 0.600881 0.476144
vt 0.602730 0.476160
vt 0.602280 0.391031
vt 0.601830 0.390420
vt 0.601490 0.389030
vt 0.601631 0.389690
vt 0.601965 0.389147
vt 0.602250 0.389950
vt 0.602390 0.389410
vt 0.602494 0.390256
vt 0.602729 0.390895
vt 0.565640 0.070440
vt 0.565379 0.071032
vt 0.566378 0.070864
vt 0.566030 0.070600
vt 0.566800 0.070440
vt 0.567214 0.071530
vt 0.567170 0.070860
vt 0.567610 0.070580
vt 0.568075 0.071469
vt 0.567484 0.072587
vt 0.568356 0.072631
vt 0.568401 0.137850
vt 0.566120 0.072544
vt 0.565130 0.072723
vt 0.566123 0.137884
vt 0.564280 0.137850
vt 0.564281 0.073138
vt 0.564899 0.070995
vt 0.564310 0.071900
vt 0.564161 0.071319
vt 0.564066 0.072196
vt 0.563864 0.072694
vt 0.563810 0.073120
vt 0.424768 0.810440
vt 0.424859 0.809780
vt 0.424210 0.810440
vt 0.423343 0.809981
vt 0.423880 0.811020
vt 0.423540 0.810860
vt 0.423230 0.810600
vt 0.422750 0.811010
vt 0.422422 0.810599
vt 0.421783 0.809911
vt 0.421440 0.811030
vt 0.421130 0.810440
vt 0.420890 0.809780
vt 0.420700 0.810490
vt 0.420460 0.809820
vt 0.421532 0.808812
vt 0.420736 0.808859
vt 0.420620 0.723290
vt 0.422569 0.723273
vt 0.422788 0.808885
vt 0.423798 0.808901
vt 0.424528 0.808752
vt 0.425212 0.723290
vt 0.425246 0.808553
vt 0.425102 0.808897
vt 0.424970 0.809020
vt 0.425050 0.809690
vt 0.027159 0.883499
vt 0.026220 0.882250
vt 0.026330 0.883610
vt 0.026751 0.883640
vt 0.027560 0.884040
vt 0.027870 0.883790
vt 0.028667 0.883136
vt 0.028350 0.884190
vt 0.028680 0.883790
vt 0.029190 0.884040
vt 0.029477 0.883501
vt 0.030400 0.883650
vt 0.030790 0.882260
vt 0.030350 0.882254
vt 0.029566 0.882012
vt 0.028238 0.882189
vt 0.027057 0.881980
vt 0.030400 0.816760
vt 0.028454 0.816773
vt 0.025818 0.816760
vt 0.025835 0.881673
vt 0.025929 0.881977
vt 0.026083 0.882169
vt 0.173900 0.235590
vt 0.173390 0.235697
vt 0.174347 0.236084
vt 0.173004 0.237059
vt 0.172930 0.235960
vt 0.172670 0.236230
vt 0.172770 0.235460
vt 0.172430 0.235810
vt 0.172366 0.236755
vt 0.172189 0.237446
vt 0.172539 0.322790
vt 0.173591 0.237219
vt 0.174775 0.322786
vt 0.174557 0.237190
vt 0.174000 0.234990
vt 0.174646 0.235127
vt 0.175240 0.235450
vt 0.176080 0.236108
vt 0.175580 0.235040
vt 0.175980 0.235440
vt 0.176320 0.235180
vt 0.176837 0.236057
vt 0.176700 0.237090
vt 0.177130 0.237010
vt 0.175797 0.237069
vt 0.177131 0.322750
vt 0.610740 0.543523
vt 0.611251 0.543642
vt 0.610143 0.543117
vt 0.610399 0.541973
vt 0.609721 0.542460
vt 0.609542 0.541764
vt 0.609889 0.476710
vt 0.611443 0.541935
vt 0.612129 0.476756
vt 0.611888 0.543073
vt 0.611350 0.544220
vt 0.611997 0.544103
vt 0.612590 0.543780
vt 0.612930 0.544180
vt 0.613320 0.543780
vt 0.613650 0.543300
vt 0.614049 0.542140
vt 0.614040 0.543490
vt 0.614479 0.542213
vt 0.612592 0.542092
vt 0.614481 0.476770
vt 0.038117 0.323280
vt 0.036741 0.324081
vt 0.038454 0.324216
vt 0.037265 0.323607
vt 0.036390 0.323730
vt 0.035922 0.324540
vt 0.035646 0.325561
vt 0.036434 0.325560
vt 0.037245 0.411055
vt 0.036000 0.411050
vt 0.037425 0.325323
vt 0.038253 0.325528
vt 0.039477 0.411036
vt 0.039313 0.325675
vt 0.039011 0.323377
vt 0.039498 0.324753
vt 0.039796 0.323881
vt 0.040351 0.324699
vt 0.040160 0.325562
vt 0.040590 0.325440
vt 0.040590 0.411010
vt 0.610680 0.475620
vt 0.610865 0.474404
vt 0.609917 0.474960
vt 0.610620 0.476210
vt 0.609957 0.476067
vt 0.609360 0.475730
vt 0.609020 0.475390
vt 0.608405 0.473971
vt 0.608202 0.474900
vt 0.608670 0.475720
vt 0.607950 0.474050
vt 0.609859 0.473768
vt 0.608360 0.473440
vt 0.610215 0.408722
vt 0.608290 0.408680
vt 0.607900 0.473420
vt 0.611597 0.473876
vt 0.611030 0.475590
vt 0.611790 0.475107
vt 0.611070 0.476160
vt 0.611706 0.475878
vt 0.612390 0.475194
vt 0.612450 0.473908
vt 0.612740 0.474530
vt 0.612870 0.474020
vt 0.612871 0.408740
vt 0.185940 0.388860
vt 0.185224 0.389167
vt 0.186688 0.389769
vt 0.185730 0.388260
vt 0.185149 0.388408
vt 0.184630 0.388750
vt 0.184190 0.388350
vt 0.183830 0.388750
vt 0.183052 0.389057
vt 0.183370 0.388500
vt 0.182609 0.388922
vt 0.182918 0.390552
vt 0.182186 0.390512
vt 0.183807 0.476078
vt 0.182560 0.476080
vt 0.184201 0.390374
vt 0.185270 0.390241
vt 0.186058 0.390530
vt 0.185684 0.476066
vt 0.187150 0.476040
vt 0.186730 0.390861
vt 0.186389 0.388952
vt 0.186800 0.389200
vt 0.186924 0.390066
vt 0.187149 0.390705
vt 0.073958 0.156675
vt 0.073372 0.157579
vt 0.074420 0.156690
vt 0.074433 0.158081
vt 0.075335 0.157137
vt 0.074700 0.156120
vt 0.075080 0.156270
vt 0.075420 0.156520
vt 0.075860 0.156130
vt 0.076220 0.156530
vt 0.076998 0.156827
vt 0.076680 0.156280
vt 0.077440 0.156700
vt 0.077850 0.158069
vt 0.077390 0.158110
vt 0.076496 0.158228
vt 0.075308 0.158366
vt 0.073331 0.158660
vt 0.077440 0.158810
vt 0.076663 0.223545
vt 0.077910 0.158820
vt 0.077910 0.223560
vt 0.074786 0.223544
vt 0.073320 0.223560
vt 0.073251 0.157029
vt 0.073131 0.157882
vt 0.072911 0.158525
vt 0.198488 0.405070
vt 0.198599 0.404400
vt 0.197960 0.405060
vt 0.197379 0.404550
vt 0.197620 0.405650
vt 0.197300 0.405480
vt 0.196509 0.405623
vt 0.196860 0.405940
vt 0.196010 0.405950
vt 0.195670 0.405490
vt 0.194872 0.405072
vt 0.195170 0.405670
vt 0.194420 0.405140
vt 0.194079 0.403815
vt 0.194752 0.403480
vt 0.193699 0.317980
vt 0.195967 0.403883
vt 0.197822 0.403378
vt 0.198718 0.403639
vt 0.196617 0.403376
vt 0.196143 0.317913
vt 0.198722 0.317950
vt 0.198985 0.403174
vt 0.198842 0.403523
vt 0.198780 0.404320
vt 0.162471 0.699650
vt 0.163109 0.698745
vt 0.162340 0.698899
vt 0.162981 0.700335
vt 0.162580 0.700300
vt 0.163370 0.700200
vt 0.163770 0.700740
vt 0.164080 0.700500
vt 0.164852 0.699852
vt 0.164570 0.700890
vt 0.164880 0.700500
vt 0.165400 0.700740
vt 0.165688 0.700210
vt 0.166372 0.699182
vt 0.166650 0.700340
vt 0.166984 0.699030
vt 0.167071 0.633480
vt 0.165750 0.698732
vt 0.164409 0.698907
vt 0.164624 0.633520
vt 0.162048 0.633470
vt 0.162081 0.698424
vt 0.162223 0.698778
vt 0.162290 0.699560
vt 0.053578 0.454938
vt 0.052385 0.454856
vt 0.052816 0.455397
vt 0.053132 0.453631
vt 0.053637 0.453000
vt 0.052788 0.453097
vt 0.052090 0.454190
vt 0.052210 0.453420
vt 0.051880 0.453750
vt 0.051786 0.454705
vt 0.051609 0.455404
vt 0.051579 0.540710
vt 0.053759 0.540756
vt 0.054500 0.453955
vt 0.054260 0.453190
vt 0.054560 0.452730
vt 0.055388 0.453438
vt 0.055709 0.454801
vt 0.055770 0.453160
vt 0.056266 0.454051
vt 0.056564 0.455203
vt 0.056600 0.540710
vt 0.055364 0.540754
vt 0.054592 0.455263
vt 0.579611 0.542381
vt 0.578848 0.541905
vt 0.578421 0.542418
vt 0.579164 0.543675
vt 0.578382 0.543322
vt 0.578120 0.543050
vt 0.578250 0.543790
vt 0.577910 0.543440
vt 0.577826 0.542520
vt 0.577642 0.541826
vt 0.577619 0.476800
vt 0.579789 0.476846
vt 0.579670 0.543660
vt 0.580639 0.543220
vt 0.579880 0.544220
vt 0.580290 0.544070
vt 0.580670 0.543820
vt 0.581040 0.544210
vt 0.581430 0.543810
vt 0.581750 0.543330
vt 0.581804 0.542119
vt 0.582160 0.543510
vt 0.582420 0.542890
vt 0.582597 0.542027
vt 0.582640 0.476800
vt 0.581398 0.476840
vt 0.580626 0.542062
vt 0.400746 0.566584
vt 0.400303 0.565460
vt 0.399555 0.565580
vt 0.400252 0.567865
vt 0.399525 0.566932
vt 0.400900 0.567680
vt 0.401300 0.567430
vt 0.402154 0.567166
vt 0.401560 0.567850
vt 0.402724 0.565618
vt 0.402760 0.480160
vt 0.402530 0.566362
vt 0.401558 0.480126
vt 0.401395 0.565612
vt 0.399655 0.480113
vt 0.399359 0.567763
vt 0.398569 0.567259
vt 0.398625 0.565764
vt 0.398008 0.566429
vt 0.397769 0.565546
vt 0.397740 0.480160
vt 0.553660 0.544220
vt 0.553690 0.543650
vt 0.553082 0.543063
vt 0.552987 0.544092
vt 0.552390 0.543760
vt 0.552040 0.543420
vt 0.551766 0.542277
vt 0.551720 0.543750
vt 0.551251 0.542959
vt 0.550966 0.541921
vt 0.550930 0.476750
vt 0.552128 0.476784
vt 0.552862 0.541910
vt 0.553781 0.542117
vt 0.554033 0.476792
vt 0.554601 0.541956
vt 0.554559 0.543023
vt 0.554040 0.543610
vt 0.554110 0.544170
vt 0.554746 0.543878
vt 0.555435 0.543191
vt 0.555773 0.542510
vt 0.555921 0.541864
vt 0.555950 0.476750
vt 0.250750 0.540860
vt 0.251528 0.540625
vt 0.250559 0.540248
vt 0.251150 0.540800
vt 0.251890 0.541090
vt 0.252295 0.539774
vt 0.252668 0.540382
vt 0.253448 0.540093
vt 0.253120 0.540650
vt 0.253861 0.540238
vt 0.254304 0.538652
vt 0.254340 0.453110
vt 0.253142 0.453076
vt 0.253061 0.538511
vt 0.252055 0.538753
vt 0.251069 0.538702
vt 0.250053 0.538514
vt 0.251623 0.453063
vt 0.249318 0.453110
vt 0.250095 0.540158
vt 0.249640 0.539150
vt 0.249431 0.539651
vt 0.249452 0.538798
vt 0.249335 0.538322
vt 0.229503 0.156875
vt 0.229234 0.158236
vt 0.229970 0.156880
vt 0.230016 0.158259
vt 0.230912 0.157320
vt 0.230240 0.156320
vt 0.230630 0.156470
vt 0.230980 0.156710
vt 0.231400 0.156330
vt 0.231770 0.156720
vt 0.232538 0.157026
vt 0.232210 0.156480
vt 0.232961 0.156922
vt 0.232352 0.158436
vt 0.233397 0.158485
vt 0.233440 0.223740
vt 0.232232 0.223706
vt 0.230902 0.158537
vt 0.230720 0.223693
vt 0.228408 0.223740
vt 0.228899 0.157134
vt 0.228740 0.157960
vt 0.228520 0.157510
vt 0.228547 0.158327
vt 0.228432 0.158808
vt 0.542680 0.202130
vt 0.542510 0.202160
vt 0.542460 0.202870
vt 0.542893 0.201460
vt 0.543168 0.202979
vt 0.543380 0.201620
vt 0.543800 0.201080
vt 0.544090 0.201330
vt 0.544837 0.201993
vt 0.544590 0.200930
vt 0.544880 0.201330
vt 0.545430 0.201080
vt 0.545688 0.201620
vt 0.546378 0.202647
vt 0.546710 0.201470
vt 0.547023 0.202784
vt 0.547050 0.288660
vt 0.545162 0.288650
vt 0.545727 0.203117
vt 0.544379 0.202944
vt 0.542510 0.203610
vt 0.542446 0.288650
vt 0.542380 0.202920
vt 0.191740 0.189600
vt 0.191169 0.189692
vt 0.191881 0.190358
vt 0.191960 0.190320
vt 0.191440 0.188940
vt 0.191670 0.188890
vt 0.191900 0.189560
vt 0.191070 0.188350
vt 0.190790 0.188520
vt 0.190532 0.188791
vt 0.189931 0.189205
vt 0.189480 0.188070
vt 0.189182 0.188531
vt 0.188564 0.189356
vt 0.188130 0.188300
vt 0.187642 0.189926
vt 0.188344 0.190557
vt 0.187510 0.276070
vt 0.189155 0.276103
vt 0.189605 0.190403
vt 0.190831 0.190661
vt 0.192090 0.276060
vt 0.190742 0.276096
vt 0.192090 0.191060
vt 0.347644 0.749650
vt 0.347492 0.751157
vt 0.348031 0.749674
vt 0.347280 0.749790
vt 0.346860 0.749250
vt 0.346580 0.749510
vt 0.345823 0.750174
vt 0.346070 0.749100
vt 0.345782 0.749511
vt 0.344433 0.749677
vt 0.344720 0.749090
vt 0.343950 0.749630
vt 0.343663 0.750965
vt 0.343560 0.816540
vt 0.345448 0.816540
vt 0.344934 0.751292
vt 0.346284 0.751123
vt 0.348200 0.751040
vt 0.348160 0.751790
vt 0.348164 0.816540
vt 0.348359 0.751160
vt 0.294460 0.133955
vt 0.295138 0.133880
vt 0.294990 0.133780
vt 0.294620 0.135250
vt 0.294400 0.135140
vt 0.293970 0.135680
vt 0.293710 0.135440
vt 0.292998 0.134796
vt 0.293190 0.135830
vt 0.292932 0.135439
vt 0.291563 0.135263
vt 0.291810 0.135830
vt 0.291040 0.135290
vt 0.290782 0.133975
vt 0.292335 0.068466
vt 0.290680 0.068430
vt 0.292124 0.133682
vt 0.293474 0.133848
vt 0.293922 0.068456
vt 0.295270 0.133140
vt 0.295270 0.068420
vt 0.364193 0.994935
vt 0.354284 0.974113
vt 0.357797 0.985941
vt 0.357676 0.949404
vt 0.389840 0.940244
vt 0.396214 0.985846
vt 0.381420 0.999774
vt 0.372370 0.999720
vt 0.389797 0.994900
vt 0.399706 0.961166
vt 0.399690 0.973995
vt 0.396243 0.949310
vt 0.372410 0.935366
vt 0.381470 0.935340
vt 0.364063 0.940310
vt 0.354240 0.961285
vt 0.559716 0.720630
vt 0.560343 0.720385
vt 0.559770 0.719893
vt 0.560623 0.719312
vt 0.560730 0.720020
vt 0.560940 0.719690
vt 0.560036 0.718928
vt 0.560798 0.718713
vt 0.560942 0.633460
vt 0.558981 0.719059
vt 0.559220 0.720610
vt 0.558263 0.720160
vt 0.558980 0.721180
vt 0.558580 0.721030
vt 0.558220 0.720770
vt 0.557820 0.721170
vt 0.557440 0.720770
vt 0.557130 0.720280
vt 0.557385 0.719042
vt 0.556690 0.720480
vt 0.556430 0.719860
vt 0.556256 0.718990
vt 0.556340 0.633440
vt 0.558239 0.633457
vt 0.638841 0.227650
vt 0.638474 0.228785
vt 0.639472 0.227895
vt 0.639753 0.228968
vt 0.639860 0.228260
vt 0.640070 0.228580
vt 0.639024 0.229298
vt 0.639928 0.229577
vt 0.640072 0.294530
vt 0.638350 0.227680
vt 0.637342 0.227514
vt 0.638110 0.227100
vt 0.637710 0.227260
vt 0.636950 0.227110
vt 0.636503 0.228181
vt 0.636570 0.227510
vt 0.636160 0.227260
vt 0.635675 0.228145
vt 0.636226 0.229230
vt 0.635386 0.229290
vt 0.635469 0.294550
vt 0.637434 0.229308
vt 0.637683 0.294550
vt 0.577419 0.545548
vt 0.577410 0.547232
vt 0.578504 0.547087
vt 0.577320 0.544970
vt 0.576827 0.546276
vt 0.576679 0.545262
vt 0.576140 0.545720
vt 0.575860 0.546140
vt 0.575860 0.545380
vt 0.575520 0.545870
vt 0.576301 0.547228
vt 0.575650 0.546610
vt 0.575507 0.547272
vt 0.576467 0.632700
vt 0.575470 0.632700
vt 0.578085 0.632700
vt 0.577946 0.545525
vt 0.578460 0.545670
vt 0.578650 0.545130
vt 0.579228 0.545562
vt 0.579444 0.546973
vt 0.579792 0.546391
vt 0.580033 0.547275
vt 0.580071 0.632700
vt 0.617847 0.654215
vt 0.617129 0.655203
vt 0.619249 0.654980
vt 0.618711 0.654522
vt 0.619540 0.654640
vt 0.619870 0.655120
vt 0.619750 0.655870
vt 0.620120 0.655680
vt 0.619044 0.656437
vt 0.618055 0.656120
vt 0.619893 0.656532
vt 0.620121 0.721670
vt 0.617283 0.656592
vt 0.618141 0.721690
vt 0.616947 0.654328
vt 0.616163 0.654842
vt 0.616210 0.656363
vt 0.615608 0.655676
vt 0.615367 0.656555
vt 0.616521 0.721697
vt 0.615530 0.721700
vt 0.575470 0.382820
vt 0.576228 0.382406
vt 0.575219 0.382238
vt 0.575870 0.382660
vt 0.576630 0.382810
vt 0.577074 0.381747
vt 0.577010 0.382410
vt 0.577420 0.382660
vt 0.577905 0.381785
vt 0.577349 0.380700
vt 0.578194 0.380628
vt 0.578231 0.295090
vt 0.576004 0.380762
vt 0.575008 0.380561
vt 0.576010 0.295090
vt 0.573638 0.295090
vt 0.573972 0.381177
vt 0.574739 0.382260
vt 0.574113 0.382015
vt 0.573720 0.381650
vt 0.573772 0.380813
vt 0.573655 0.380332
vt 0.039112 0.146030
vt 0.039324 0.144803
vt 0.038620 0.146010
vt 0.037612 0.146176
vt 0.038380 0.146590
vt 0.037980 0.146430
vt 0.037210 0.146580
vt 0.036774 0.145517
vt 0.036840 0.146180
vt 0.036420 0.146440
vt 0.035939 0.145555
vt 0.036496 0.144462
vt 0.035654 0.144408
vt 0.035609 0.079150
vt 0.037840 0.144523
vt 0.038840 0.144332
vt 0.037833 0.079140
vt 0.040212 0.079150
vt 0.039731 0.145786
vt 0.039870 0.144950
vt 0.040120 0.145420
vt 0.040068 0.144588
vt 0.040195 0.144112
vt 0.504020 0.730481
vt 0.503841 0.730540
vt 0.503970 0.731230
vt 0.504340 0.729100
vt 0.504505 0.730393
vt 0.504739 0.729187
vt 0.505100 0.729430
vt 0.505570 0.728950
vt 0.505828 0.729281
vt 0.506433 0.730454
vt 0.507177 0.729257
vt 0.506900 0.728720
vt 0.507700 0.729150
vt 0.507990 0.730182
vt 0.508091 0.731251
vt 0.508560 0.731280
vt 0.508281 0.816260
vt 0.505821 0.816193
vt 0.505294 0.730715
vt 0.503690 0.816210
vt 0.590120 0.635200
vt 0.589628 0.635866
vt 0.590261 0.635959
vt 0.590429 0.635900
vt 0.590300 0.635180
vt 0.589830 0.634550
vt 0.589600 0.634670
vt 0.589180 0.634120
vt 0.588900 0.634380
vt 0.588148 0.635035
vt 0.588390 0.633980
vt 0.588102 0.634381
vt 0.586753 0.634547
vt 0.587030 0.633970
vt 0.586260 0.634510
vt 0.585975 0.635838
vt 0.585879 0.721700
vt 0.587259 0.636161
vt 0.588614 0.635985
vt 0.588097 0.721690
vt 0.590474 0.721700
vt 0.590470 0.636660
vt 0.110430 0.750300
vt 0.110650 0.751040
vt 0.110620 0.750320
vt 0.110069 0.750974
vt 0.110230 0.749620
vt 0.109970 0.749670
vt 0.109013 0.749524
vt 0.109630 0.749080
vt 0.109310 0.749250
vt 0.108520 0.749110
vt 0.108270 0.750659
vt 0.108212 0.749521
vt 0.106883 0.749678
vt 0.107180 0.749080
vt 0.106420 0.749600
vt 0.106115 0.750956
vt 0.106009 0.816490
vt 0.107339 0.751328
vt 0.109282 0.751331
vt 0.110600 0.751790
vt 0.108466 0.816538
vt 0.110600 0.816500
vt 0.110740 0.751080
vt 0.096620 0.144920
vt 0.096761 0.144161
vt 0.096128 0.144247
vt 0.096840 0.144200
vt 0.096577 0.145620
vt 0.096800 0.144950
vt 0.096100 0.145450
vt 0.095680 0.146000
vt 0.095400 0.145740
vt 0.094648 0.145077
vt 0.094890 0.146140
vt 0.094602 0.145739
vt 0.093253 0.145563
vt 0.093530 0.146150
vt 0.092760 0.145620
vt 0.092475 0.144285
vt 0.093759 0.143948
vt 0.092379 0.078710
vt 0.095115 0.144120
vt 0.094597 0.078700
vt 0.096970 0.143460
vt 0.096973 0.078710
vt 0.551839 0.475815
vt 0.552505 0.475723
vt 0.552391 0.474595
vt 0.553098 0.475317
vt 0.553083 0.474492
vt 0.553430 0.474860
vt 0.553265 0.473893
vt 0.553432 0.388690
vt 0.551845 0.474058
vt 0.551350 0.475680
vt 0.551130 0.474403
vt 0.551040 0.476210
vt 0.550670 0.475960
vt 0.550340 0.475620
vt 0.550128 0.474476
vt 0.549910 0.475940
vt 0.549590 0.475460
vt 0.549170 0.475630
vt 0.548751 0.474353
vt 0.549210 0.474300
vt 0.549160 0.473670
vt 0.550680 0.388716
vt 0.548840 0.388660
vt 0.548700 0.473650
vt 0.631310 0.585800
vt 0.631701 0.587070
vt 0.631815 0.585892
vt 0.632398 0.586283
vt 0.632393 0.587128
vt 0.632740 0.586730
vt 0.632575 0.587737
vt 0.632742 0.652650
vt 0.631155 0.587636
vt 0.629981 0.585681
vt 0.631180 0.585190
vt 0.630547 0.585343
vt 0.629600 0.585260
vt 0.629136 0.586348
vt 0.629220 0.585670
vt 0.628830 0.585400
vt 0.628340 0.586284
vt 0.628846 0.587407
vt 0.628046 0.587440
vt 0.628150 0.652660
vt 0.629988 0.652700
vt 0.630153 0.587301
vt 0.605174 0.389050
vt 0.604660 0.389200
vt 0.605378 0.389797
vt 0.604450 0.388680
vt 0.603868 0.389117
vt 0.604007 0.390552
vt 0.603308 0.389950
vt 0.603077 0.390832
vt 0.603460 0.476210
vt 0.604814 0.476156
vt 0.604910 0.390759
vt 0.605714 0.390720
vt 0.606437 0.476144
vt 0.605875 0.389132
vt 0.606350 0.389390
vt 0.606476 0.390574
vt 0.606600 0.388920
vt 0.607104 0.389478
vt 0.607130 0.390752
vt 0.607450 0.390140
vt 0.607580 0.390660
vt 0.607580 0.476160
vt 0.404782 0.127465
vt 0.404937 0.128420
vt 0.405673 0.127568
vt 0.406276 0.127906
vt 0.406950 0.127870
vt 0.406630 0.128230
vt 0.407280 0.128350
vt 0.407130 0.129120
vt 0.407530 0.128910
vt 0.406250 0.129574
vt 0.405108 0.129734
vt 0.407273 0.129782
vt 0.407530 0.194880
vt 0.406186 0.194924
vt 0.404560 0.194936
vt 0.404073 0.129921
vt 0.403918 0.127782
vt 0.403893 0.128969
vt 0.403236 0.128463
vt 0.402828 0.129405
vt 0.403190 0.130210
vt 0.402720 0.130190
vt 0.403410 0.194920
vt 0.603491 0.729395
vt 0.603020 0.729410
vt 0.603601 0.730621
vt 0.602710 0.729530
vt 0.602938 0.730917
vt 0.602360 0.729000
vt 0.602010 0.729250
vt 0.601700 0.729590
vt 0.601667 0.730614
vt 0.601220 0.729260
vt 0.600920 0.729750
vt 0.600450 0.729570
vt 0.600200 0.730190
vt 0.600840 0.731090
vt 0.600039 0.731050
vt 0.600450 0.816540
vt 0.602396 0.816488
vt 0.604570 0.816490
vt 0.604110 0.731361
vt 0.604090 0.730290
vt 0.604229 0.729749
vt 0.604334 0.730591
vt 0.604569 0.731235
vt 0.590170 0.070800
vt 0.589909 0.071392
vt 0.590908 0.071224
vt 0.590560 0.070960
vt 0.591330 0.070810
vt 0.591746 0.071893
vt 0.591700 0.071220
vt 0.592140 0.070940
vt 0.592605 0.071829
vt 0.592013 0.072954
vt 0.592886 0.072991
vt 0.592930 0.138210
vt 0.590979 0.138245
vt 0.590651 0.072905
vt 0.589660 0.073083
vt 0.588810 0.138210
vt 0.588810 0.073499
vt 0.589429 0.071355
vt 0.588840 0.072260
vt 0.588691 0.071679
vt 0.588596 0.072556
vt 0.588394 0.073059
vt 0.588340 0.073480
vt 0.424758 0.626600
vt 0.424859 0.625940
vt 0.424200 0.626590
vt 0.423341 0.626140
vt 0.423880 0.627180
vt 0.423540 0.627020
vt 0.423220 0.626760
vt 0.422750 0.627170
vt 0.422422 0.626759
vt 0.421776 0.626072
vt 0.421440 0.627180
vt 0.421120 0.626600
vt 0.420890 0.625940
vt 0.420700 0.626650
vt 0.420460 0.625980
vt 0.421528 0.624972
vt 0.420726 0.625020
vt 0.420619 0.539450
vt 0.422788 0.625045
vt 0.423794 0.625061
vt 0.424524 0.624912
vt 0.422891 0.539430
vt 0.425202 0.539450
vt 0.425244 0.624714
vt 0.425097 0.625057
vt 0.424970 0.625180
vt 0.425040 0.625850
vt 0.109791 0.841301
vt 0.110730 0.842550
vt 0.110610 0.841190
vt 0.110188 0.841160
vt 0.109390 0.840760
vt 0.109070 0.841010
vt 0.108283 0.841668
vt 0.108600 0.840610
vt 0.108270 0.841010
vt 0.107760 0.840760
vt 0.107473 0.841298
vt 0.106550 0.841150
vt 0.106160 0.842550
vt 0.106600 0.842546
vt 0.107382 0.842793
vt 0.108710 0.842615
vt 0.109888 0.842823
vt 0.106549 0.908040
vt 0.108817 0.908030
vt 0.111132 0.908050
vt 0.111111 0.843126
vt 0.111016 0.842823
vt 0.110867 0.842636
vt 0.042630 0.235600
vt 0.042120 0.235712
vt 0.043074 0.236095
vt 0.041733 0.237074
vt 0.041660 0.235970
vt 0.041400 0.236240
vt 0.041500 0.235480
vt 0.041160 0.235820
vt 0.041095 0.236766
vt 0.040912 0.237463
vt 0.041269 0.322800
vt 0.042320 0.237233
vt 0.043506 0.322796
vt 0.043286 0.237203
vt 0.042730 0.235010
vt 0.043376 0.235137
vt 0.043960 0.235470
vt 0.044808 0.236121
vt 0.044310 0.235050
vt 0.044700 0.235450
vt 0.045050 0.235190
vt 0.045567 0.236068
vt 0.045430 0.237100
vt 0.045850 0.237020
vt 0.044525 0.237081
vt 0.045851 0.322760
vt 0.609640 0.382230
vt 0.609138 0.381342
vt 0.609135 0.382123
vt 0.608537 0.381712
vt 0.608116 0.381055
vt 0.608666 0.380342
vt 0.607932 0.380357
vt 0.608289 0.315310
vt 0.609632 0.380565
vt 0.610525 0.315350
vt 0.610439 0.381951
vt 0.609740 0.382820
vt 0.610391 0.382693
vt 0.610980 0.382370
vt 0.611320 0.382770
vt 0.611720 0.382380
vt 0.612050 0.381890
vt 0.611539 0.380775
vt 0.612430 0.382090
vt 0.612869 0.380803
vt 0.612440 0.380740
vt 0.610494 0.380889
vt 0.612871 0.315360
vt 0.490603 0.633410
vt 0.489221 0.634201
vt 0.491265 0.634588
vt 0.489749 0.633737
vt 0.488870 0.633860
vt 0.488402 0.634671
vt 0.488129 0.635691
vt 0.488919 0.635689
vt 0.488480 0.721180
vt 0.490415 0.721177
vt 0.489985 0.635355
vt 0.490847 0.635662
vt 0.492022 0.635380
vt 0.491491 0.633507
vt 0.492276 0.634011
vt 0.492837 0.634829
vt 0.492640 0.635692
vt 0.493070 0.635560
vt 0.493071 0.721140
vt 0.610600 0.294340
vt 0.610660 0.293760
vt 0.610119 0.293067
vt 0.609938 0.294197
vt 0.609340 0.293860
vt 0.609000 0.293520
vt 0.608385 0.292111
vt 0.608182 0.293033
vt 0.608650 0.293850
vt 0.607920 0.292190
vt 0.609839 0.291898
vt 0.610682 0.292210
vt 0.608340 0.291570
vt 0.610195 0.226855
vt 0.608260 0.226810
vt 0.607880 0.291560
vt 0.611576 0.291946
vt 0.611010 0.293720
vt 0.611620 0.292995
vt 0.611050 0.294290
vt 0.611686 0.294008
vt 0.612370 0.293330
vt 0.612430 0.292038
vt 0.612720 0.292660
vt 0.612850 0.292150
vt 0.612851 0.226870
vt 0.444170 0.633960
vt 0.443457 0.634270
vt 0.444918 0.634869
vt 0.443960 0.633370
vt 0.443384 0.633513
vt 0.442860 0.633850
vt 0.442420 0.633450
vt 0.442070 0.633860
vt 0.441282 0.634157
vt 0.441600 0.633600
vt 0.440839 0.634022
vt 0.441152 0.635652
vt 0.440426 0.635619
vt 0.442040 0.721180
vt 0.440800 0.721180
vt 0.442439 0.635479
vt 0.443507 0.635342
vt 0.444311 0.635638
vt 0.443924 0.721166
vt 0.445380 0.721140
vt 0.444960 0.635961
vt 0.444624 0.634052
vt 0.445040 0.634310
vt 0.445159 0.635172
vt 0.445379 0.635805
vt 0.079273 0.156675
vt 0.078682 0.157579
vt 0.079730 0.156690
vt 0.079970 0.158088
vt 0.080652 0.157137
vt 0.080020 0.156120
vt 0.080390 0.156270
vt 0.080740 0.156520
vt 0.081180 0.156130
vt 0.081530 0.156530
vt 0.082318 0.156827
vt 0.082000 0.156280
vt 0.082760 0.156700
vt 0.083170 0.158069
vt 0.082710 0.158110
vt 0.081512 0.158249
vt 0.079268 0.158214
vt 0.082760 0.158810
vt 0.081981 0.223545
vt 0.083220 0.158820
vt 0.083220 0.223560
vt 0.080096 0.223544
vt 0.078640 0.223560
vt 0.078650 0.158661
vt 0.078561 0.157029
vt 0.078446 0.157882
vt 0.078221 0.158525
vt 0.357879 0.404460
vt 0.358000 0.403699
vt 0.357233 0.403499
vt 0.357768 0.405130
vt 0.357230 0.405120
vt 0.356655 0.404616
vt 0.356900 0.405710
vt 0.356570 0.405540
vt 0.355779 0.405683
vt 0.356140 0.406000
vt 0.355290 0.406010
vt 0.354940 0.405550
vt 0.354143 0.405133
vt 0.354450 0.405730
vt 0.353690 0.405210
vt 0.353356 0.403878
vt 0.354028 0.403544
vt 0.352970 0.318040
vt 0.354494 0.317986
vt 0.355239 0.403945
vt 0.355890 0.403435
vt 0.356714 0.317978
vt 0.358256 0.403235
vt 0.358117 0.403583
vt 0.358050 0.404380
vt 0.357990 0.318010
vt 0.230853 0.699030
vt 0.230300 0.698899
vt 0.230420 0.699650
vt 0.230931 0.700330
vt 0.230530 0.700290
vt 0.231320 0.700200
vt 0.231730 0.700740
vt 0.232030 0.700490
vt 0.232772 0.699400
vt 0.232520 0.700890
vt 0.232830 0.700500
vt 0.233360 0.700740
vt 0.233638 0.700200
vt 0.234325 0.699176
vt 0.234610 0.700330
vt 0.234934 0.699029
vt 0.235020 0.633470
vt 0.233496 0.633516
vt 0.233701 0.698724
vt 0.231775 0.698818
vt 0.231276 0.633505
vt 0.230034 0.698424
vt 0.230173 0.698777
vt 0.230240 0.699560
vt 0.230000 0.633470
vt 0.414191 0.998539
vt 0.414794 0.997341
vt 0.413685 0.997344
vt 0.414092 0.999510
vt 0.414909 0.999209
vt 0.415220 0.998310
vt 0.415420 0.998750
vt 0.415514 0.997795
vt 0.415698 0.997107
vt 0.414736 0.911764
vt 0.415720 0.911800
vt 0.413450 0.999470
vt 0.412799 0.998546
vt 0.413040 0.999310
vt 0.412740 0.999780
vt 0.411912 0.999062
vt 0.411591 0.997701
vt 0.411530 0.999340
vt 0.411034 0.998456
vt 0.410736 0.997299
vt 0.410699 0.911790
vt 0.412657 0.997177
vt 0.412841 0.911744
vt 0.589839 0.543675
vt 0.590243 0.542290
vt 0.589434 0.542327
vt 0.589052 0.543322
vt 0.588790 0.543050
vt 0.588920 0.543790
vt 0.588590 0.543440
vt 0.588316 0.541828
vt 0.588496 0.542520
vt 0.589271 0.476830
vt 0.588290 0.476800
vt 0.590340 0.543660
vt 0.591317 0.543220
vt 0.590560 0.544220
vt 0.590970 0.544070
vt 0.591340 0.543820
vt 0.591710 0.544210
vt 0.592100 0.543810
vt 0.592420 0.543330
vt 0.592476 0.542119
vt 0.592830 0.543510
vt 0.593100 0.542890
vt 0.593274 0.542029
vt 0.593311 0.476800
vt 0.591299 0.542062
vt 0.591169 0.476846
vt 0.416708 0.480135
vt 0.415808 0.480243
vt 0.416554 0.481090
vt 0.415211 0.480584
vt 0.414950 0.480150
vt 0.414350 0.480844
vt 0.413950 0.481610
vt 0.414523 0.482292
vt 0.413786 0.482382
vt 0.413750 0.567840
vt 0.414949 0.567884
vt 0.415506 0.482191
vt 0.416393 0.482401
vt 0.416850 0.567887
vt 0.417429 0.482581
vt 0.417566 0.480452
vt 0.417418 0.481558
vt 0.418250 0.481130
vt 0.418597 0.481803
vt 0.418741 0.482456
vt 0.418770 0.567850
vt 0.548320 0.544220
vt 0.548350 0.543650
vt 0.547870 0.543168
vt 0.547657 0.544092
vt 0.547050 0.543760
vt 0.546700 0.543420
vt 0.546430 0.542277
vt 0.546380 0.543750
vt 0.545916 0.542959
vt 0.545626 0.541921
vt 0.546787 0.476780
vt 0.545590 0.476750
vt 0.547350 0.542209
vt 0.548238 0.542008
vt 0.549014 0.476790
vt 0.549271 0.541809
vt 0.548710 0.543610
vt 0.549305 0.542884
vt 0.548770 0.544170
vt 0.549411 0.543878
vt 0.550096 0.543190
vt 0.550433 0.542510
vt 0.550581 0.541864
vt 0.550610 0.476750
vt 0.242240 0.453300
vt 0.242041 0.454408
vt 0.242420 0.453900
vt 0.241840 0.453360
vt 0.241450 0.453520
vt 0.240688 0.454376
vt 0.241090 0.453060
vt 0.240312 0.453778
vt 0.239542 0.454067
vt 0.239870 0.453510
vt 0.239119 0.453912
vt 0.238683 0.455506
vt 0.238639 0.541040
vt 0.239926 0.455641
vt 0.241348 0.455395
vt 0.242356 0.455643
vt 0.240737 0.541090
vt 0.242370 0.541085
vt 0.243338 0.455003
vt 0.242896 0.453997
vt 0.243559 0.454509
vt 0.243533 0.455358
vt 0.243648 0.455834
vt 0.243670 0.541040
vt 0.235309 0.156882
vt 0.234417 0.158526
vt 0.235079 0.158632
vt 0.235580 0.156320
vt 0.236248 0.157320
vt 0.235960 0.156470
vt 0.236320 0.156710
vt 0.236740 0.156330
vt 0.237110 0.156720
vt 0.237878 0.157026
vt 0.237550 0.156480
vt 0.238291 0.156922
vt 0.238041 0.158501
vt 0.238734 0.158486
vt 0.238771 0.223740
vt 0.236854 0.158397
vt 0.235782 0.158278
vt 0.236683 0.223694
vt 0.235045 0.223705
vt 0.234838 0.156875
vt 0.234081 0.157959
vt 0.234235 0.157134
vt 0.233860 0.157510
vt 0.233887 0.158328
vt 0.233765 0.158807
vt 0.233750 0.223740
vt 0.451900 0.202050
vt 0.451730 0.202080
vt 0.451690 0.202790
vt 0.452113 0.201380
vt 0.452440 0.202906
vt 0.452610 0.201540
vt 0.453030 0.201000
vt 0.453310 0.201250
vt 0.454064 0.201911
vt 0.453810 0.200850
vt 0.454110 0.201250
vt 0.454650 0.201000
vt 0.454918 0.201540
vt 0.455602 0.202566
vt 0.455930 0.201380
vt 0.456246 0.202700
vt 0.456270 0.288580
vt 0.454388 0.288570
vt 0.454954 0.203033
vt 0.453606 0.202860
vt 0.451730 0.203530
vt 0.451676 0.288570
vt 0.451600 0.202830
vt 0.255000 0.274360
vt 0.255574 0.274268
vt 0.254859 0.273602
vt 0.254780 0.273650
vt 0.255300 0.275020
vt 0.255070 0.275080
vt 0.254840 0.274400
vt 0.255670 0.275610
vt 0.255950 0.275440
vt 0.256208 0.275169
vt 0.256815 0.274761
vt 0.257260 0.275890
vt 0.257558 0.275429
vt 0.258181 0.274607
vt 0.258620 0.275670
vt 0.259106 0.274033
vt 0.258405 0.273404
vt 0.259241 0.187890
vt 0.257142 0.273558
vt 0.255914 0.273299
vt 0.256660 0.187862
vt 0.254660 0.187910
vt 0.254660 0.272910
vt 0.332729 0.883026
vt 0.332320 0.882210
vt 0.332280 0.882950
vt 0.332450 0.884330
vt 0.332836 0.884350
vt 0.333200 0.884200
vt 0.333620 0.884750
vt 0.333900 0.884490
vt 0.334617 0.883372
vt 0.334410 0.884890
vt 0.334698 0.884489
vt 0.336047 0.884323
vt 0.335760 0.884910
vt 0.336530 0.884370
vt 0.336817 0.883036
vt 0.336920 0.817460
vt 0.335032 0.817453
vt 0.335545 0.882702
vt 0.333620 0.882791
vt 0.332316 0.817460
vt 0.332121 0.882840
vt 0.140222 0.133755
vt 0.140898 0.133679
vt 0.140750 0.133581
vt 0.140380 0.135050
vt 0.140160 0.134940
vt 0.139730 0.135480
vt 0.139480 0.135240
vt 0.138758 0.134591
vt 0.138960 0.135630
vt 0.138692 0.135239
vt 0.137323 0.135063
vt 0.137580 0.135630
vt 0.136800 0.135090
vt 0.136543 0.133773
vt 0.137885 0.133479
vt 0.136449 0.068230
vt 0.139238 0.133648
vt 0.139026 0.068263
vt 0.141030 0.132940
vt 0.141030 0.068220
vt 0.272644 0.994935
vt 0.262734 0.974114
vt 0.266237 0.985941
vt 0.266126 0.949404
vt 0.298280 0.940244
vt 0.304664 0.985846
vt 0.289870 0.999774
vt 0.280810 0.999720
vt 0.298248 0.994899
vt 0.308146 0.961166
vt 0.308140 0.973995
vt 0.304683 0.949310
vt 0.280860 0.935366
vt 0.289909 0.935340
vt 0.272503 0.940310
vt 0.262690 0.961285
vt 0.387461 0.012300
vt 0.386629 0.012691
vt 0.387429 0.012991
vt 0.385120 0.011530
vt 0.385083 0.012537
vt 0.385066 0.013797
vt 0.385100 0.079030
vt 0.387464 0.078990
vt 0.386605 0.013808
vt 0.387417 0.013884
vt 0.258800 0.932163
vt 0.259671 0.930769
vt 0.258726 0.928934
vt 0.259669 0.929105
vt 0.258776 0.927271
vt 0.260000 0.928100
vt 0.260020 0.927520
vt 0.260306 0.932310
vt 0.258822 0.934112
vt 0.258891 0.934900
vt 0.260130 0.934570
vt 0.260090 0.934090
vt 0.260630 0.933210
vt 0.260830 0.930084
vt 0.260802 0.928514
vt 0.261100 0.931720
vt 0.261140 0.932849
vt 0.261530 0.931520
vt 0.261520 0.930779
vt 0.261515 0.929799
vt 0.261530 0.929170
vt 0.260660 0.933750
vt 0.712440 0.118780
vt 0.712242 0.117441
vt 0.711410 0.118638
vt 0.711215 0.117146
vt 0.712440 0.031600
vt 0.711430 0.031630
vt 0.616400 0.564220
vt 0.617037 0.562654
vt 0.616242 0.563700
vt 0.615750 0.562569
vt 0.615030 0.563840
vt 0.614840 0.562539
vt 0.614950 0.476720
vt 0.617019 0.476738
vt 0.618531 0.562729
vt 0.617911 0.562394
vt 0.618434 0.562378
vt 0.618530 0.476710
vt 0.618377 0.561905
vt 0.451954 0.492039
vt 0.450720 0.491220
vt 0.450720 0.491750
vt 0.451774 0.490933
vt 0.450434 0.489377
vt 0.451919 0.489089
vt 0.451013 0.487365
vt 0.451960 0.486820
vt 0.450939 0.486033
vt 0.451960 0.484960
vt 0.451046 0.485108
vt 0.450160 0.486090
vt 0.449893 0.487868
vt 0.450160 0.490340
vt 0.450160 0.490920
vt 0.449660 0.490019
vt 0.449660 0.488850
vt 0.449263 0.486787
vt 0.450160 0.485510
vt 0.449260 0.487240
vt 0.449260 0.487963
vt 0.449260 0.488710
vt 0.342960 0.000540
vt 0.341940 0.000742
vt 0.342772 0.001841
vt 0.341743 0.002202
vt 0.342960 0.067390
vt 0.341960 0.067430
vt 0.460840 0.059480
vt 0.461737 0.060639
vt 0.461860 0.060360
vt 0.460669 0.059903
vt 0.460143 0.060606
vt 0.458613 0.060429
vt 0.458860 0.059420
vt 0.458470 0.061686
vt 0.458610 0.126920
vt 0.460679 0.126916
vt 0.460008 0.061719
vt 0.461306 0.061525
vt 0.462094 0.061468
vt 0.462190 0.061100
vt 0.462037 0.061958
vt 0.462190 0.126880
vt 0.190378 0.918319
vt 0.191335 0.918271
vt 0.190609 0.916341
vt 0.191355 0.915731
vt 0.190469 0.914416
vt 0.190546 0.913521
vt 0.191740 0.914380
vt 0.191790 0.913830
vt 0.191442 0.919592
vt 0.190490 0.921171
vt 0.191079 0.920570
vt 0.191120 0.921100
vt 0.192250 0.919530
vt 0.192507 0.917075
vt 0.192800 0.915590
vt 0.192830 0.915080
vt 0.192760 0.918650
vt 0.192770 0.919200
vt 0.193210 0.918370
vt 0.193200 0.917900
vt 0.193200 0.917400
vt 0.193210 0.916647
vt 0.193240 0.915960
vt 0.193550 0.917720
vt 0.193550 0.917370
vt 0.192280 0.920090
vt 0.179470 0.910720
vt 0.179020 0.910899
vt 0.179470 0.912941
vt 0.179020 0.913070
vt 0.390620 0.919436
vt 0.390405 0.917452
vt 0.389663 0.919377
vt 0.389588 0.920714
vt 0.390620 0.922361
vt 0.389981 0.921720
vt 0.389980 0.922290
vt 0.389078 0.917745
vt 0.390430 0.915807
vt 0.389980 0.914780
vt 0.389980 0.915340
vt 0.390620 0.914700
vt 0.388815 0.915817
vt 0.388323 0.919774
vt 0.388810 0.920660
vt 0.388810 0.921240
vt 0.388320 0.920340
vt 0.388320 0.917900
vt 0.388320 0.916721
vt 0.388810 0.916400
vt 0.387920 0.918030
vt 0.387920 0.918782
vt 0.387920 0.919510
vt 0.008313 0.750663
vt 0.008350 0.815930
vt 0.008910 0.815900
vt 0.008905 0.745000
vt 0.008160 0.749740
vt 0.007940 0.749080
vt 0.007640 0.748500
vt 0.007270 0.748040
vt 0.006840 0.747700
vt 0.006390 0.747500
vt 0.005910 0.747440
vt 0.002890 0.745270
vt 0.005430 0.747540
vt 0.004980 0.747780
vt 0.004550 0.748160
vt 0.004180 0.748660
vt 0.003880 0.749260
vt 0.003660 0.749940
vt 0.003507 0.750872
vt 0.002890 0.816170
vt 0.003470 0.816140
vt 0.012730 0.747240
vt 0.012130 0.747330
vt 0.011550 0.747560
vt 0.011020 0.747930
vt 0.010550 0.748420
vt 0.010170 0.749010
vt 0.009880 0.749690
vt 0.009694 0.750622
vt 0.009650 0.815890
vt 0.016503 0.744870
vt 0.013330 0.747310
vt 0.013900 0.747520
vt 0.014440 0.747870
vt 0.014900 0.748340
vt 0.015280 0.748930
vt 0.015570 0.749590
vt 0.015756 0.750520
vt 0.016510 0.815770
vt 0.015800 0.815780
vt 0.017341 0.750510
vt 0.017290 0.815770
vt 0.017540 0.749580
vt 0.017840 0.748910
vt 0.018240 0.748320
vt 0.018730 0.747840
vt 0.019290 0.747480
vt 0.019900 0.747270
vt 0.020540 0.747190
vt 0.024513 0.744900
vt 0.021170 0.747270
vt 0.021780 0.747490
vt 0.022340 0.747850
vt 0.022830 0.748340
vt 0.023230 0.748930
vt 0.023530 0.749600
vt 0.023729 0.750530
vt 0.024520 0.815800
vt 0.023780 0.815790
vt 0.025274 0.750549
vt 0.025230 0.815810
vt 0.025450 0.749620
vt 0.025720 0.748960
vt 0.026080 0.748380
vt 0.026520 0.747910
vt 0.027030 0.747560
vt 0.027570 0.747360
vt 0.028140 0.747300
vt 0.031720 0.745080
vt 0.028710 0.747380
vt 0.029260 0.747620
vt 0.029760 0.747990
vt 0.030200 0.748480
vt 0.030560 0.749080
vt 0.030830 0.749760
vt 0.031013 0.750692
vt 0.031720 0.815970
vt 0.031050 0.815960
vt 0.223988 0.931940
vt 0.224924 0.930247
vt 0.223987 0.929669
vt 0.224068 0.928101
vt 0.225127 0.927464
vt 0.224150 0.927240
vt 0.225568 0.929212
vt 0.224890 0.932779
vt 0.224040 0.934901
vt 0.224630 0.934280
vt 0.224670 0.934840
vt 0.225517 0.933982
vt 0.226073 0.931470
vt 0.225920 0.928410
vt 0.225970 0.927940
vt 0.226430 0.928831
vt 0.226360 0.929890
vt 0.226807 0.932964
vt 0.226790 0.932570
vt 0.226775 0.931897
vt 0.226785 0.930898
vt 0.226810 0.930170
vt 0.628960 0.728810
vt 0.628814 0.729397
vt 0.630296 0.730101
vt 0.631241 0.729981
vt 0.631160 0.730300
vt 0.628200 0.729350
vt 0.628067 0.730683
vt 0.628080 0.816540
vt 0.629543 0.816540
vt 0.629569 0.731003
vt 0.630775 0.731140
vt 0.631540 0.731287
vt 0.631609 0.730687
vt 0.631610 0.816540
vt 0.702480 0.654830
vt 0.701330 0.654992
vt 0.702339 0.656173
vt 0.701340 0.742030
vt 0.702480 0.742030
vt 0.701210 0.657000
vt 0.701220 0.656290
vt 0.700740 0.656990
vt 0.700750 0.656360
vt 0.457208 0.825159
vt 0.456311 0.825970
vt 0.457250 0.827540
vt 0.455746 0.827152
vt 0.455709 0.823886
vt 0.457251 0.822890
vt 0.457250 0.821321
vt 0.456313 0.821842
vt 0.457249 0.820460
vt 0.456000 0.820750
vt 0.456000 0.821280
vt 0.455440 0.822160
vt 0.455187 0.825300
vt 0.454950 0.826090
vt 0.454950 0.826590
vt 0.454950 0.824280
vt 0.454950 0.823336
vt 0.454950 0.822480
vt 0.455440 0.821580
vt 0.454550 0.825027
vt 0.454550 0.824280
vt 0.454550 0.825710
vt 0.670330 0.937020
vt 0.670810 0.936530
vt 0.670621 0.935932
vt 0.670209 0.936675
vt 0.669758 0.936131
vt 0.668528 0.936452
vt 0.667820 0.937480
vt 0.667606 0.936490
vt 0.667480 0.935244
vt 0.668704 0.869976
vt 0.667540 0.869970
vt 0.669034 0.935226
vt 0.671079 0.935553
vt 0.671007 0.934953
vt 0.670239 0.935094
vt 0.671084 0.869990
vt 0.279330 0.068030
vt 0.279214 0.066712
vt 0.278180 0.067848
vt 0.278058 0.066379
vt 0.279330 0.001130
vt 0.278190 0.001120
vt 0.408836 0.833346
vt 0.408773 0.830163
vt 0.407866 0.831182
vt 0.407884 0.832885
vt 0.407866 0.834497
vt 0.408770 0.835640
vt 0.407838 0.835505
vt 0.407797 0.829640
vt 0.407423 0.828908
vt 0.408670 0.828540
vt 0.406440 0.831190
vt 0.406803 0.832777
vt 0.406415 0.834704
vt 0.406440 0.834231
vt 0.406394 0.830338
vt 0.406350 0.829680
vt 0.406000 0.831442
vt 0.406010 0.832672
vt 0.406000 0.833828
vt 0.694328 0.299268
vt 0.693353 0.297979
vt 0.693340 0.298630
vt 0.693350 0.299100
vt 0.695640 0.299740
vt 0.695633 0.298423
vt 0.694701 0.298120
vt 0.695641 0.212550
vt 0.693350 0.212540
vt 0.663670 0.206380
vt 0.666031 0.205580
vt 0.665149 0.205219
vt 0.663591 0.205382
vt 0.663546 0.204133
vt 0.665002 0.118585
vt 0.663550 0.118580
vt 0.665107 0.204117
vt 0.665979 0.204905
vt 0.665950 0.204160
vt 0.666410 0.204048
vt 0.666410 0.118600
vt 0.493940 0.480334
vt 0.492990 0.480809
vt 0.492992 0.482511
vt 0.493940 0.482634
vt 0.493255 0.484321
vt 0.493940 0.484490
vt 0.492992 0.479172
vt 0.493940 0.477980
vt 0.493014 0.478129
vt 0.492130 0.480870
vt 0.491640 0.482777
vt 0.492436 0.484110
vt 0.491640 0.483540
vt 0.491640 0.481558
vt 0.491640 0.480285
vt 0.491640 0.479430
vt 0.491644 0.478926
vt 0.598639 0.003310
vt 0.598640 0.004360
vt 0.599503 0.003868
vt 0.600440 0.002850
vt 0.600440 0.003832
vt 0.600441 0.005075
vt 0.598915 0.005103
vt 0.600441 0.070350
vt 0.598150 0.070340
vt 0.598140 0.005201
vt 0.598150 0.004540
vt 0.000539 0.086979
vt 0.001416 0.086651
vt 0.000586 0.086320
vt 0.002900 0.087800
vt 0.002974 0.086824
vt 0.003021 0.085587
vt 0.003020 0.020320
vt 0.001568 0.020315
vt 0.001461 0.085557
vt 0.000620 0.085590
vt 0.000620 0.085050
vt 0.000160 0.020300
vt 0.000160 0.085050
vt 0.411161 0.746646
vt 0.411914 0.745691
vt 0.411000 0.744570
vt 0.411923 0.744705
vt 0.412502 0.747330
vt 0.412516 0.748893
vt 0.411012 0.748658
vt 0.411070 0.751671
vt 0.411960 0.750550
vt 0.411993 0.751488
vt 0.412860 0.750510
vt 0.412810 0.745660
vt 0.412830 0.745110
vt 0.413305 0.747458
vt 0.413758 0.746419
vt 0.413320 0.749020
vt 0.413370 0.750119
vt 0.412890 0.751020
vt 0.413760 0.748790
vt 0.413745 0.748052
vt 0.413745 0.747069
vt 0.710770 0.836880
vt 0.710598 0.835557
vt 0.709700 0.836698
vt 0.709525 0.835229
vt 0.710770 0.749690
vt 0.709720 0.749680
vt 0.601980 0.295757
vt 0.601511 0.295644
vt 0.602260 0.296560
vt 0.602410 0.296020
vt 0.602087 0.297203
vt 0.601897 0.297061
vt 0.601730 0.297020
vt 0.602504 0.296866
vt 0.602232 0.297429
vt 0.602739 0.297505
vt 0.602290 0.297640
vt 0.325305 0.223055
vt 0.325930 0.222290
vt 0.325787 0.221988
vt 0.324480 0.223740
vt 0.324289 0.223327
vt 0.323739 0.222642
vt 0.322231 0.222819
vt 0.322520 0.223810
vt 0.322070 0.221566
vt 0.323482 0.136010
vt 0.322050 0.136010
vt 0.323581 0.221537
vt 0.324844 0.221621
vt 0.325661 0.221345
vt 0.326120 0.221209
vt 0.326123 0.136020
vt 0.369501 0.921502
vt 0.368250 0.922070
vt 0.369499 0.922360
vt 0.368250 0.921540
vt 0.369446 0.919471
vt 0.367964 0.919697
vt 0.368550 0.918099
vt 0.369500 0.916276
vt 0.368552 0.916465
vt 0.368861 0.915340
vt 0.368860 0.914780
vt 0.369500 0.914700
vt 0.367690 0.916400
vt 0.367429 0.918186
vt 0.367690 0.920660
vt 0.367690 0.921240
vt 0.367200 0.920339
vt 0.367200 0.919170
vt 0.366803 0.917107
vt 0.367690 0.915820
vt 0.366800 0.917550
vt 0.366800 0.918277
vt 0.366800 0.919030
vt 0.220890 0.000710
vt 0.219830 0.000882
vt 0.220728 0.002043
vt 0.219655 0.002361
vt 0.220890 0.067630
vt 0.219850 0.067630
vt 0.601481 0.137706
vt 0.601861 0.136250
vt 0.601700 0.136290
vt 0.601955 0.137613
vt 0.602230 0.136790
vt 0.602380 0.137370
vt 0.602057 0.136117
vt 0.602474 0.136493
vt 0.602196 0.135891
vt 0.602676 0.135985
vt 0.602260 0.135544
vt 0.602730 0.135570
vt 0.525814 0.126464
vt 0.525333 0.125403
vt 0.525200 0.125700
vt 0.526640 0.127160
vt 0.526838 0.126759
vt 0.527629 0.126050
vt 0.528030 0.127160
vt 0.528230 0.126590
vt 0.528800 0.126630
vt 0.528991 0.125303
vt 0.529070 0.059730
vt 0.527948 0.059740
vt 0.527539 0.124987
vt 0.526278 0.125060
vt 0.525441 0.124899
vt 0.526364 0.059740
vt 0.525470 0.124480
vt 0.525010 0.059720
vt 0.525010 0.124470
vt 0.288260 0.916987
vt 0.289308 0.916277
vt 0.288320 0.914749
vt 0.288939 0.915320
vt 0.288960 0.914830
vt 0.290075 0.918223
vt 0.288288 0.919240
vt 0.289493 0.920260
vt 0.288262 0.921407
vt 0.288286 0.922359
vt 0.289530 0.922090
vt 0.289519 0.921510
vt 0.290100 0.916390
vt 0.290120 0.915860
vt 0.290600 0.916751
vt 0.290580 0.917870
vt 0.290580 0.920351
vt 0.290590 0.920880
vt 0.291000 0.920018
vt 0.291000 0.918821
vt 0.291000 0.918070
vt 0.181377 0.324171
vt 0.181520 0.324900
vt 0.181680 0.324820
vt 0.180950 0.324470
vt 0.180460 0.323990
vt 0.180232 0.324321
vt 0.179589 0.325307
vt 0.179110 0.323740
vt 0.178872 0.324270
vt 0.178322 0.325414
vt 0.177800 0.324150
vt 0.177511 0.325453
vt 0.177699 0.411270
vt 0.180805 0.325750
vt 0.181589 0.326026
vt 0.181713 0.325687
vt 0.181820 0.325570
vt 0.180268 0.411222
vt 0.181820 0.411240
vt 0.483760 0.040479
vt 0.483320 0.040490
vt 0.483320 0.126950
vt 0.483760 0.126970
vt 0.348380 0.919432
vt 0.347430 0.918961
vt 0.347432 0.920595
vt 0.348380 0.922361
vt 0.347741 0.921720
vt 0.347740 0.922290
vt 0.347432 0.917260
vt 0.348380 0.917132
vt 0.348381 0.915564
vt 0.348379 0.914700
vt 0.347130 0.914990
vt 0.347130 0.915520
vt 0.346570 0.916400
vt 0.346080 0.917291
vt 0.346081 0.919780
vt 0.346570 0.920660
vt 0.346570 0.921240
vt 0.346080 0.920340
vt 0.346080 0.916720
vt 0.346570 0.915820
vt 0.345670 0.917552
vt 0.345670 0.918782
vt 0.345670 0.919510
vt 0.313190 0.135010
vt 0.313710 0.133642
vt 0.312970 0.134880
vt 0.312974 0.133557
vt 0.312540 0.135420
vt 0.312280 0.135150
vt 0.311559 0.134457
vt 0.311750 0.135550
vt 0.311492 0.135129
vt 0.310123 0.134953
vt 0.310380 0.135560
vt 0.309610 0.135020
vt 0.309350 0.133666
vt 0.310687 0.133317
vt 0.309589 0.068130
vt 0.312037 0.133504
vt 0.313594 0.133554
vt 0.313474 0.133357
vt 0.313395 0.133048
vt 0.312163 0.068121
vt 0.313710 0.068170
vt 0.094257 0.882338
vt 0.094220 0.817030
vt 0.093630 0.817030
vt 0.093636 0.887960
vt 0.094420 0.883270
vt 0.094660 0.883940
vt 0.094980 0.884540
vt 0.095370 0.885020
vt 0.095810 0.885390
vt 0.096300 0.885620
vt 0.096800 0.885700
vt 0.100000 0.888040
vt 0.097300 0.885630
vt 0.097790 0.885410
vt 0.098230 0.885060
vt 0.098630 0.884580
vt 0.098950 0.884000
vt 0.099180 0.883330
vt 0.099343 0.882400
vt 0.100000 0.817110
vt 0.099380 0.817100
vt 0.089740 0.885640
vt 0.090350 0.885570
vt 0.090940 0.885350
vt 0.091480 0.884990
vt 0.091950 0.884510
vt 0.092350 0.883920
vt 0.092640 0.883250
vt 0.092826 0.882328
vt 0.092870 0.817020
vt 0.085887 0.887930
vt 0.089120 0.885560
vt 0.088530 0.885340
vt 0.087990 0.884980
vt 0.087520 0.884490
vt 0.087120 0.883900
vt 0.086830 0.883230
vt 0.086644 0.882298
vt 0.085880 0.816990
vt 0.086600 0.816990
vt 0.085049 0.882297
vt 0.085100 0.816990
vt 0.084850 0.883220
vt 0.084550 0.883900
vt 0.084150 0.884490
vt 0.083660 0.884970
vt 0.083110 0.885330
vt 0.082500 0.885550
vt 0.081880 0.885630
vt 0.077925 0.887940
vt 0.081250 0.885560
vt 0.080640 0.885340
vt 0.080090 0.884980
vt 0.079600 0.884500
vt 0.079200 0.883910
vt 0.078900 0.883240
vt 0.078701 0.882308
vt 0.077920 0.817010
vt 0.078650 0.817010
vt 0.077193 0.882317
vt 0.077230 0.817020
vt 0.077020 0.883250
vt 0.076760 0.883920
vt 0.076410 0.884520
vt 0.075980 0.885000
vt 0.075500 0.885370
vt 0.074970 0.885590
vt 0.074420 0.885670
vt 0.070970 0.888010
vt 0.073870 0.885600
vt 0.073350 0.885390
vt 0.072860 0.885030
vt 0.072440 0.884550
vt 0.072090 0.883970
vt 0.071830 0.883300
vt 0.071654 0.882370
vt 0.070970 0.817080
vt 0.071610 0.817070
vt 0.488760 0.288510
vt 0.488320 0.223020
vt 0.488320 0.288480
vt 0.488760 0.223040
vt 0.427070 0.825334
vt 0.427070 0.823041
vt 0.426131 0.823144
vt 0.426129 0.824850
vt 0.426131 0.826419
vt 0.427080 0.827540
vt 0.426153 0.827376
vt 0.427071 0.821386
vt 0.427079 0.820440
vt 0.425830 0.820710
vt 0.425831 0.821300
vt 0.425473 0.822337
vt 0.424783 0.824303
vt 0.424780 0.825231
vt 0.425270 0.826410
vt 0.425270 0.826940
vt 0.424780 0.826050
vt 0.424780 0.822460
vt 0.424780 0.821930
vt 0.424370 0.822780
vt 0.424370 0.823483
vt 0.424370 0.824240
vt 0.134690 0.453240
vt 0.134572 0.453770
vt 0.135394 0.454820
vt 0.136351 0.454271
vt 0.136243 0.454776
vt 0.134129 0.454896
vt 0.133330 0.453620
vt 0.133192 0.454921
vt 0.133320 0.540740
vt 0.134838 0.540724
vt 0.136187 0.455463
vt 0.136350 0.540750
vt 0.463210 0.039340
vt 0.463053 0.040230
vt 0.464158 0.040147
vt 0.464340 0.039140
vt 0.464055 0.041408
vt 0.462960 0.041210
vt 0.464341 0.126930
vt 0.462520 0.041261
vt 0.462790 0.126890
vt 0.448490 0.839012
vt 0.448704 0.840997
vt 0.449433 0.838649
vt 0.449411 0.836814
vt 0.448490 0.836660
vt 0.450027 0.840317
vt 0.448490 0.843751
vt 0.449433 0.841986
vt 0.449407 0.843578
vt 0.450300 0.842050
vt 0.450552 0.838905
vt 0.450786 0.837616
vt 0.450790 0.838110
vt 0.450790 0.839920
vt 0.450790 0.840872
vt 0.450790 0.841730
vt 0.450300 0.843099
vt 0.451190 0.839173
vt 0.451190 0.839920
vt 0.451190 0.838500
vt 0.029500 0.223110
vt 0.029970 0.222640
vt 0.029853 0.222174
vt 0.029399 0.222755
vt 0.028938 0.221717
vt 0.027756 0.222497
vt 0.027000 0.223550
vt 0.026765 0.221901
vt 0.027648 0.221293
vt 0.026950 0.156040
vt 0.028468 0.156054
vt 0.029760 0.221630
vt 0.029727 0.221107
vt 0.029970 0.156090
vt 0.634590 0.070520
vt 0.634458 0.069217
vt 0.633480 0.070318
vt 0.633341 0.069049
vt 0.634591 0.003660
vt 0.633050 0.003610
vt 0.632900 0.068959
vt 0.476234 0.941656
vt 0.475294 0.942114
vt 0.475306 0.943788
vt 0.476246 0.943934
vt 0.475603 0.945506
vt 0.476280 0.945670
vt 0.475307 0.940445
vt 0.476280 0.938569
vt 0.475370 0.938732
vt 0.474470 0.939690
vt 0.473988 0.942088
vt 0.474000 0.943051
vt 0.473995 0.943929
vt 0.474790 0.945250
vt 0.474010 0.944630
vt 0.473985 0.940864
vt 0.474000 0.940060
vt 0.474490 0.939170
vt 0.699910 0.476210
vt 0.699881 0.474907
vt 0.698936 0.476087
vt 0.698955 0.474600
vt 0.699911 0.389090
vt 0.698110 0.474501
vt 0.698140 0.475806
vt 0.698150 0.389060
vt 0.667370 0.749090
vt 0.665029 0.749880
vt 0.665861 0.750258
vt 0.667413 0.750097
vt 0.667434 0.751358
vt 0.665998 0.836865
vt 0.667440 0.836880
vt 0.665888 0.751368
vt 0.665055 0.750559
vt 0.665070 0.751310
vt 0.664630 0.751402
vt 0.664640 0.836820
vt 0.472269 0.833266
vt 0.471074 0.834362
vt 0.472310 0.835640
vt 0.470818 0.835265
vt 0.470779 0.832787
vt 0.470784 0.831222
vt 0.472311 0.830996
vt 0.472310 0.829130
vt 0.471396 0.829284
vt 0.470010 0.834689
vt 0.470015 0.833333
vt 0.470020 0.832390
vt 0.470020 0.831750
vt 0.470020 0.830844
vt 0.470024 0.830086
vt 0.469610 0.831890
vt 0.469610 0.832390
vt 0.703309 0.870410
vt 0.703275 0.871222
vt 0.704118 0.871011
vt 0.705080 0.869970
vt 0.705029 0.871619
vt 0.704101 0.872220
vt 0.705081 0.937480
vt 0.703260 0.872100
vt 0.703260 0.872740
vt 0.703320 0.937450
vt 0.702790 0.872720
vt 0.702790 0.872180
vt 0.013201 0.021100
vt 0.012359 0.021410
vt 0.013169 0.021753
vt 0.010860 0.020280
vt 0.010817 0.021236
vt 0.010789 0.022464
vt 0.010790 0.087700
vt 0.012232 0.087714
vt 0.012335 0.022498
vt 0.013150 0.022480
vt 0.013590 0.087750
vt 0.013590 0.022612
vt 0.469183 0.833361
vt 0.468043 0.834770
vt 0.469300 0.835640
vt 0.468072 0.835381
vt 0.467714 0.832845
vt 0.467720 0.831282
vt 0.469217 0.831093
vt 0.469253 0.829465
vt 0.469299 0.828540
vt 0.468070 0.828810
vt 0.468040 0.829390
vt 0.467470 0.830280
vt 0.467010 0.833620
vt 0.467030 0.834160
vt 0.466990 0.832400
vt 0.466995 0.831442
vt 0.467010 0.830560
vt 0.466620 0.832350
vt 0.466640 0.833308
vt 0.467500 0.829660
vt 0.714020 0.937480
vt 0.713830 0.936178
vt 0.713480 0.937420
vt 0.713263 0.935892
vt 0.713480 0.850340
vt 0.714020 0.850360
vt 0.433999 0.634052
vt 0.433541 0.633964
vt 0.434300 0.634870
vt 0.434410 0.634310
vt 0.434142 0.635533
vt 0.433952 0.635401
vt 0.433790 0.635360
vt 0.434529 0.635172
vt 0.434277 0.635759
vt 0.434759 0.635805
vt 0.434330 0.635960
vt 0.336080 0.136210
vt 0.335630 0.136750
vt 0.335774 0.136963
vt 0.336258 0.136481
vt 0.337577 0.136241
vt 0.337370 0.135770
vt 0.338770 0.136010
vt 0.338120 0.137064
vt 0.339104 0.137646
vt 0.337877 0.138178
vt 0.338052 0.223803
vt 0.339200 0.223790
vt 0.336397 0.138213
vt 0.335360 0.137520
vt 0.335487 0.137832
vt 0.335599 0.138475
vt 0.336478 0.223796
vt 0.335170 0.138601
vt 0.335170 0.223750
vt 0.327570 0.919435
vt 0.328510 0.918961
vt 0.327569 0.917136
vt 0.327569 0.915564
vt 0.328810 0.914990
vt 0.327571 0.914700
vt 0.328810 0.915520
vt 0.329101 0.917365
vt 0.327757 0.921254
vt 0.328200 0.922290
vt 0.328200 0.921720
vt 0.327570 0.922360
vt 0.329066 0.921405
vt 0.329100 0.920428
vt 0.329641 0.918877
vt 0.329380 0.916400
vt 0.329380 0.915820
vt 0.329870 0.916721
vt 0.329870 0.917900
vt 0.329870 0.920341
vt 0.329870 0.920830
vt 0.330270 0.919948
vt 0.330270 0.918784
vt 0.330270 0.918030
vt 0.195640 0.000530
vt 0.195090 0.000550
vt 0.195450 0.001866
vt 0.194890 0.001950
vt 0.194860 0.002690
vt 0.195100 0.067400
vt 0.195640 0.067420
vt 0.194400 0.002680
vt 0.194420 0.001970
vt 0.006679 0.156644
vt 0.006274 0.158070
vt 0.006430 0.158030
vt 0.006221 0.156747
vt 0.005930 0.157560
vt 0.005810 0.157010
vt 0.006088 0.158213
vt 0.005696 0.157872
vt 0.005953 0.158439
vt 0.005471 0.158505
vt 0.005900 0.158650
vt 0.154740 0.069680
vt 0.153903 0.069898
vt 0.154623 0.069967
vt 0.153850 0.068620
vt 0.153699 0.068955
vt 0.152360 0.069302
vt 0.151930 0.068210
vt 0.151750 0.068770
vt 0.151160 0.068740
vt 0.150960 0.070042
vt 0.151833 0.070324
vt 0.152061 0.135580
vt 0.150920 0.135590
vt 0.153091 0.070424
vt 0.154511 0.070595
vt 0.153638 0.135588
vt 0.154940 0.135630
vt 0.154940 0.070761
vt 0.399318 0.842682
vt 0.398900 0.843130
vt 0.398950 0.843670
vt 0.399580 0.843750
vt 0.398310 0.842940
vt 0.398270 0.842310
vt 0.399239 0.841072
vt 0.397954 0.840362
vt 0.397970 0.838799
vt 0.399395 0.839054
vt 0.399514 0.836994
vt 0.398899 0.836761
vt 0.398950 0.836170
vt 0.399580 0.836100
vt 0.397740 0.837810
vt 0.397720 0.841410
vt 0.397740 0.842060
vt 0.397260 0.841170
vt 0.397250 0.840570
vt 0.397260 0.838677
vt 0.397280 0.838110
vt 0.396910 0.838920
vt 0.396895 0.839647
vt 0.396900 0.840400
vt 0.397770 0.837210
vt 0.145240 0.136640
vt 0.145040 0.136760
vt 0.145410 0.137380
vt 0.145550 0.137290
vt 0.144600 0.136220
vt 0.144360 0.136480
vt 0.143729 0.137613
vt 0.143830 0.136080
vt 0.143592 0.136491
vt 0.142213 0.136667
vt 0.142450 0.136080
vt 0.141670 0.136620
vt 0.141434 0.137958
vt 0.141580 0.223820
vt 0.143572 0.223815
vt 0.142816 0.138293
vt 0.144717 0.138185
vt 0.145604 0.138173
vt 0.145700 0.138050
vt 0.145489 0.138527
vt 0.145700 0.223790
vt 0.324604 0.917588
vt 0.325192 0.915341
vt 0.324550 0.915561
vt 0.325190 0.914780
vt 0.324550 0.914700
vt 0.326086 0.917365
vt 0.325500 0.918961
vt 0.324550 0.920787
vt 0.325498 0.920596
vt 0.324556 0.922359
vt 0.325800 0.922070
vt 0.325800 0.921540
vt 0.326360 0.920660
vt 0.326850 0.919779
vt 0.326360 0.916400
vt 0.326360 0.915820
vt 0.326850 0.916720
vt 0.326850 0.917280
vt 0.326850 0.920340
vt 0.326360 0.921240
vt 0.327250 0.919510
vt 0.327250 0.918784
vt 0.327250 0.917552
vt 0.334720 0.134760
vt 0.335030 0.134110
vt 0.334890 0.134020
vt 0.334520 0.134640
vt 0.334080 0.135180
vt 0.333840 0.134930
vt 0.333209 0.133819
vt 0.333310 0.135330
vt 0.333062 0.134929
vt 0.331684 0.134743
vt 0.331920 0.135320
vt 0.331150 0.134780
vt 0.330914 0.133450
vt 0.333052 0.067907
vt 0.331060 0.067880
vt 0.332296 0.133143
vt 0.334197 0.133243
vt 0.335180 0.133350
vt 0.335083 0.133232
vt 0.334969 0.132883
vt 0.335180 0.067910
vt 0.481410 0.940934
vt 0.480480 0.941400
vt 0.480482 0.943099
vt 0.481402 0.943243
vt 0.481455 0.944809
vt 0.480300 0.945370
vt 0.481519 0.945670
vt 0.480260 0.944840
vt 0.480532 0.939768
vt 0.481520 0.938590
vt 0.480612 0.938725
vt 0.479720 0.939687
vt 0.479230 0.942439
vt 0.479670 0.943280
vt 0.479720 0.944529
vt 0.479220 0.943060
vt 0.479215 0.941491
vt 0.479270 0.940001
vt 0.479760 0.939110
vt 0.658930 0.388460
vt 0.658839 0.388873
vt 0.659380 0.389210
vt 0.659460 0.388860
vt 0.658959 0.390226
vt 0.657781 0.389439
vt 0.656980 0.388410
vt 0.656793 0.390027
vt 0.657694 0.390635
vt 0.656880 0.476210
vt 0.658395 0.476200
vt 0.659779 0.390146
vt 0.659860 0.389620
vt 0.659727 0.390843
vt 0.659860 0.476180
vt 0.707730 0.126090
vt 0.706660 0.126272
vt 0.707573 0.127410
vt 0.706485 0.127742
vt 0.707730 0.213290
vt 0.706670 0.213290
vt 0.433460 0.830910
vt 0.434405 0.831390
vt 0.434403 0.829752
vt 0.433460 0.828560
vt 0.434382 0.828709
vt 0.434403 0.833086
vt 0.433460 0.834069
vt 0.434402 0.834594
vt 0.434376 0.835469
vt 0.433460 0.835640
vt 0.435270 0.833940
vt 0.435758 0.832449
vt 0.435526 0.831124
vt 0.435756 0.829506
vt 0.435760 0.830009
vt 0.435760 0.833629
vt 0.435270 0.834999
vt 0.436160 0.832320
vt 0.436160 0.831567
vt 0.436160 0.830402
vt 0.104533 0.102827
vt 0.104915 0.101437
vt 0.103739 0.102226
vt 0.102940 0.103230
vt 0.102748 0.101638
vt 0.103649 0.101044
vt 0.102830 0.035750
vt 0.104355 0.035760
vt 0.105729 0.101495
vt 0.105810 0.102020
vt 0.105687 0.100807
vt 0.105810 0.035750
vt 0.216310 0.222560
vt 0.216370 0.221830
vt 0.216250 0.221840
vt 0.307330 0.067660
vt 0.307169 0.066340
vt 0.306250 0.067488
vt 0.306085 0.066017
vt 0.307330 0.000750
vt 0.306260 0.000750
vt 0.475363 0.490910
vt 0.474950 0.491400
vt 0.474990 0.491990
vt 0.475610 0.492060
vt 0.474110 0.491087
vt 0.474025 0.489343
vt 0.475463 0.489039
vt 0.474019 0.487777
vt 0.475528 0.486772
vt 0.474555 0.486004
vt 0.475610 0.484960
vt 0.474708 0.485109
vt 0.473820 0.486080
vt 0.473330 0.489754
vt 0.473360 0.490540
vt 0.473310 0.488524
vt 0.473330 0.487256
vt 0.473360 0.486410
vt 0.473850 0.485520
vt 0.696059 0.387510
vt 0.696810 0.386936
vt 0.695994 0.386713
vt 0.697790 0.387960
vt 0.697697 0.386344
vt 0.696773 0.385742
vt 0.697791 0.300170
vt 0.695957 0.385671
vt 0.696080 0.300180
vt 0.683570 0.584780
vt 0.685241 0.584020
vt 0.684230 0.583652
vt 0.683560 0.584200
vt 0.682930 0.584240
vt 0.682954 0.582912
vt 0.684445 0.582583
vt 0.682929 0.497050
vt 0.685235 0.583356
vt 0.685230 0.582476
vt 0.685240 0.497040
vt 0.443410 0.478516
vt 0.444141 0.477582
vt 0.443220 0.477410
vt 0.444755 0.479339
vt 0.443433 0.480164
vt 0.444761 0.480843
vt 0.444756 0.482402
vt 0.443274 0.482180
vt 0.443220 0.484490
vt 0.444145 0.484346
vt 0.445030 0.478530
vt 0.445030 0.478050
vt 0.445520 0.478931
vt 0.445520 0.480286
vt 0.445520 0.481240
vt 0.445520 0.481870
vt 0.445520 0.482779
vt 0.445516 0.483544
vt 0.445930 0.481740
vt 0.445930 0.481240
vt 0.061820 0.020820
vt 0.060867 0.020943
vt 0.061764 0.022138
vt 0.060853 0.022441
vt 0.061821 0.087720
vt 0.060040 0.022529
vt 0.060100 0.021204
vt 0.060110 0.087730
vt 0.171491 0.006660
vt 0.170709 0.007008
vt 0.171490 0.007324
vt 0.169190 0.005860
vt 0.169179 0.006839
vt 0.169179 0.008087
vt 0.169189 0.073360
vt 0.170700 0.008113
vt 0.171490 0.008211
vt 0.171490 0.073350
vt 0.402487 0.838891
vt 0.401561 0.838562
vt 0.402278 0.840874
vt 0.401577 0.841905
vt 0.402580 0.843751
vt 0.401921 0.843080
vt 0.401950 0.843690
vt 0.400979 0.840238
vt 0.402539 0.836907
vt 0.402579 0.836120
vt 0.401360 0.836440
vt 0.401320 0.836920
vt 0.400780 0.837251
vt 0.400740 0.838420
vt 0.400750 0.842030
vt 0.400780 0.842640
vt 0.400260 0.839909
vt 0.399921 0.841411
vt 0.400270 0.838692
vt 0.399890 0.839970
vt 0.399900 0.840718
vt 0.488610 0.106700
vt 0.488397 0.105370
vt 0.488090 0.106660
vt 0.487853 0.105113
vt 0.488100 0.019510
vt 0.488610 0.019500
vt 0.552070 0.205260
vt 0.551960 0.204990
vt 0.551037 0.205086
vt 0.551050 0.206150
vt 0.550892 0.205749
vt 0.549524 0.205573
vt 0.549670 0.206150
vt 0.548920 0.205610
vt 0.548774 0.204283
vt 0.550304 0.118427
vt 0.548840 0.118420
vt 0.550269 0.203962
vt 0.551552 0.204135
vt 0.552309 0.204153
vt 0.552390 0.204520
vt 0.552257 0.203683
vt 0.552390 0.118430
vt 0.254340 0.239050
vt 0.253900 0.173560
vt 0.253900 0.239020
vt 0.254340 0.173580
vt 0.167743 0.882400
vt 0.168400 0.888040
vt 0.168400 0.817110
vt 0.167780 0.817100
vt 0.167590 0.883330
vt 0.167350 0.884000
vt 0.167030 0.884580
vt 0.166640 0.885060
vt 0.166190 0.885410
vt 0.165710 0.885630
vt 0.165200 0.885700
vt 0.165200 0.888000
vt 0.427110 0.831635
vt 0.426171 0.831249
vt 0.426898 0.833606
vt 0.426172 0.834524
vt 0.427110 0.835640
vt 0.426193 0.835481
vt 0.425579 0.832882
vt 0.427111 0.829490
vt 0.427109 0.828540
vt 0.425870 0.828810
vt 0.425870 0.829400
vt 0.424811 0.832406
vt 0.425310 0.834520
vt 0.425310 0.835040
vt 0.424810 0.833336
vt 0.424810 0.834150
vt 0.424810 0.830560
vt 0.424810 0.830030
vt 0.424410 0.830890
vt 0.424410 0.831588
vt 0.424410 0.832340
vt 0.085070 0.136050
vt 0.084952 0.136580
vt 0.085774 0.137630
vt 0.086731 0.137081
vt 0.086623 0.137586
vt 0.084509 0.137706
vt 0.083710 0.136430
vt 0.083572 0.137731
vt 0.083700 0.223550
vt 0.085218 0.223534
vt 0.086567 0.138273
vt 0.086730 0.223560
vt 0.477510 0.039340
vt 0.477348 0.040230
vt 0.478452 0.040147
vt 0.478630 0.039140
vt 0.478355 0.041408
vt 0.477260 0.041210
vt 0.478631 0.126930
vt 0.476820 0.041261
vt 0.477090 0.126890
vt 0.448180 0.841402
vt 0.447966 0.839416
vt 0.447232 0.841761
vt 0.447255 0.843601
vt 0.448180 0.843750
vt 0.446639 0.840096
vt 0.448180 0.836659
vt 0.447232 0.838430
vt 0.447258 0.836842
vt 0.446370 0.838370
vt 0.446118 0.841510
vt 0.445884 0.842804
vt 0.445880 0.842300
vt 0.445880 0.840490
vt 0.445880 0.839548
vt 0.445880 0.838680
vt 0.446370 0.837311
vt 0.445470 0.841237
vt 0.445470 0.840490
vt 0.445470 0.841910
vt 0.616430 0.117700
vt 0.616900 0.117220
vt 0.616783 0.116759
vt 0.616329 0.117335
vt 0.615865 0.116305
vt 0.614684 0.117087
vt 0.613930 0.118130
vt 0.613695 0.116491
vt 0.614575 0.115883
vt 0.613880 0.050630
vt 0.615398 0.050644
vt 0.616690 0.116220
vt 0.616657 0.115697
vt 0.616900 0.050680
vt 0.274860 0.068030
vt 0.274725 0.066729
vt 0.273740 0.067838
vt 0.273611 0.066559
vt 0.274861 0.001180
vt 0.273320 0.001120
vt 0.273170 0.066469
vt 0.477780 0.823485
vt 0.476643 0.824309
vt 0.477616 0.826052
vt 0.476393 0.827120
vt 0.477880 0.827540
vt 0.476324 0.825518
vt 0.476325 0.822444
vt 0.477857 0.821384
vt 0.477880 0.820430
vt 0.476909 0.820611
vt 0.475610 0.826499
vt 0.475585 0.825226
vt 0.475570 0.823975
vt 0.475585 0.822729
vt 0.475600 0.821920
vt 0.476070 0.821560
vt 0.476090 0.821030
vt 0.699910 0.299720
vt 0.699881 0.298422
vt 0.698936 0.299597
vt 0.698954 0.298115
vt 0.699911 0.212610
vt 0.698110 0.298014
vt 0.698140 0.299326
vt 0.698150 0.212570
vt 0.664410 0.937480
vt 0.666761 0.936689
vt 0.665919 0.936312
vt 0.664371 0.936473
vt 0.664349 0.935212
vt 0.665789 0.849704
vt 0.664350 0.849690
vt 0.665893 0.935202
vt 0.666725 0.936011
vt 0.666710 0.935260
vt 0.667150 0.935168
vt 0.667150 0.849740
vt 0.470730 0.950786
vt 0.470520 0.948803
vt 0.469871 0.951702
vt 0.470730 0.953130
vt 0.469234 0.952751
vt 0.469193 0.950274
vt 0.469547 0.948340
vt 0.470730 0.946620
vt 0.469234 0.947007
vt 0.468452 0.951689
vt 0.468430 0.952180
vt 0.468430 0.950823
vt 0.468430 0.949880
vt 0.468430 0.949240
vt 0.468430 0.948334
vt 0.468430 0.947570
vt 0.468030 0.949380
vt 0.468030 0.949880
vt 0.702819 0.409140
vt 0.702789 0.409952
vt 0.703633 0.409741
vt 0.704600 0.408700
vt 0.704548 0.410349
vt 0.703616 0.410950
vt 0.704601 0.476210
vt 0.702770 0.410830
vt 0.702770 0.411470
vt 0.702830 0.476180
vt 0.702310 0.411440
vt 0.702310 0.410910
vt 0.008291 0.021100
vt 0.007449 0.021410
vt 0.008259 0.021753
vt 0.005950 0.020280
vt 0.005907 0.021236
vt 0.005879 0.022464
vt 0.005880 0.087700
vt 0.007322 0.087714
vt 0.007425 0.022498
vt 0.008240 0.022480
vt 0.008680 0.087750
vt 0.008680 0.022612
vt 0.469163 0.840921
vt 0.468023 0.842320
vt 0.469280 0.843200
vt 0.468052 0.842941
vt 0.467694 0.840405
vt 0.467700 0.838839
vt 0.469197 0.838652
vt 0.469239 0.837014
vt 0.469279 0.836090
vt 0.468050 0.836370
vt 0.468020 0.836940
vt 0.467460 0.837830
vt 0.466990 0.841180
vt 0.467010 0.841720
vt 0.466970 0.839960
vt 0.466975 0.839002
vt 0.466990 0.838110
vt 0.466610 0.839900
vt 0.466620 0.840868
vt 0.467480 0.837220
vt 0.714630 0.476240
vt 0.714440 0.474948
vt 0.714090 0.476180
vt 0.713873 0.474662
vt 0.714090 0.389110
vt 0.714630 0.389130
vt 0.191744 0.365487
vt 0.191291 0.365394
vt 0.192040 0.366300
vt 0.192160 0.365740
vt 0.191887 0.366967
vt 0.191702 0.366831
vt 0.191540 0.366800
vt 0.192279 0.366606
vt 0.192027 0.367189
vt 0.192499 0.367235
vt 0.192080 0.367400
vt 0.340420 0.136210
vt 0.339980 0.136750
vt 0.340124 0.136963
vt 0.340598 0.136481
vt 0.341917 0.136241
vt 0.341720 0.135770
vt 0.343110 0.136010
vt 0.342463 0.137064
vt 0.343447 0.137647
vt 0.342223 0.138178
vt 0.342395 0.223803
vt 0.343540 0.223790
vt 0.340739 0.138213
vt 0.339710 0.137520
vt 0.339827 0.137832
vt 0.339949 0.138475
vt 0.340822 0.223796
vt 0.339510 0.138601
vt 0.339520 0.223750
vt 0.309150 0.917625
vt 0.308210 0.918099
vt 0.309151 0.919924
vt 0.309151 0.921503
vt 0.307910 0.922070
vt 0.309149 0.922360
vt 0.307910 0.921540
vt 0.307624 0.919697
vt 0.308963 0.915810
vt 0.308520 0.914780
vt 0.308520 0.915340
vt 0.309150 0.914700
vt 0.307658 0.915655
vt 0.307625 0.916634
vt 0.307084 0.918186
vt 0.307350 0.920660
vt 0.307350 0.921240
vt 0.306850 0.920339
vt 0.306850 0.919170
vt 0.306850 0.916719
vt 0.306850 0.916230
vt 0.306450 0.917112
vt 0.306450 0.918276
vt 0.306450 0.919030
vt 0.194080 0.000530
vt 0.193540 0.000550
vt 0.193892 0.001866
vt 0.193330 0.001950
vt 0.193310 0.002690
vt 0.193540 0.067400
vt 0.194080 0.067420
vt 0.192840 0.002680
vt 0.192870 0.001970
vt 0.011989 0.156644
vt 0.011589 0.158070
vt 0.011750 0.158030
vt 0.011541 0.156747
vt 0.011240 0.157560
vt 0.011130 0.157010
vt 0.011398 0.158213
vt 0.011011 0.157872
vt 0.011263 0.158439
vt 0.010791 0.158505
vt 0.011210 0.158650
vt 0.437800 0.061060
vt 0.436959 0.061283
vt 0.437683 0.061357
vt 0.436910 0.060010
vt 0.436759 0.060345
vt 0.435416 0.060692
vt 0.434980 0.059590
vt 0.434810 0.060150
vt 0.434220 0.060120
vt 0.434020 0.061424
vt 0.434893 0.061713
vt 0.435118 0.126967
vt 0.433980 0.126980
vt 0.436151 0.061814
vt 0.437561 0.061985
vt 0.436698 0.126974
vt 0.438000 0.127020
vt 0.438000 0.062151
vt 0.398070 0.932052
vt 0.398107 0.928873
vt 0.397152 0.929859
vt 0.397140 0.931563
vt 0.397939 0.933831
vt 0.397530 0.934280
vt 0.397570 0.934820
vt 0.398200 0.934900
vt 0.396930 0.934080
vt 0.396900 0.933460
vt 0.397528 0.927901
vt 0.397570 0.927310
vt 0.398200 0.927250
vt 0.396360 0.928960
vt 0.396080 0.930747
vt 0.396340 0.932560
vt 0.396360 0.933210
vt 0.395870 0.931710
vt 0.395890 0.932320
vt 0.395890 0.929830
vt 0.395910 0.929250
vt 0.395530 0.930070
vt 0.395520 0.930797
vt 0.395520 0.931550
vt 0.396400 0.928360
vt 0.288520 0.136700
vt 0.288310 0.136830
vt 0.288680 0.137450
vt 0.288830 0.137360
vt 0.287880 0.136290
vt 0.287640 0.136550
vt 0.287007 0.137683
vt 0.287110 0.136150
vt 0.286862 0.136561
vt 0.285484 0.136737
vt 0.285720 0.136150
vt 0.284950 0.136690
vt 0.284711 0.138030
vt 0.284860 0.223890
vt 0.286846 0.223885
vt 0.286092 0.138359
vt 0.287994 0.138255
vt 0.288878 0.138243
vt 0.288980 0.138120
vt 0.288766 0.138597
vt 0.288980 0.223860
vt 0.327371 0.403738
vt 0.327997 0.409369
vt 0.327111 0.318190
vt 0.327220 0.404660
vt 0.327000 0.405330
vt 0.326690 0.405910
vt 0.326320 0.406380
vt 0.325900 0.406720
vt 0.325440 0.406930
vt 0.324960 0.406990
vt 0.321910 0.409196
vt 0.324480 0.406900
vt 0.324010 0.406670
vt 0.323590 0.406300
vt 0.323210 0.405800
vt 0.322900 0.405200
vt 0.322670 0.404530
vt 0.322517 0.403590
vt 0.321590 0.318020
vt 0.322180 0.318040
vt 0.321330 0.411150
vt 0.327623 0.411340
vt 0.331810 0.407110
vt 0.335617 0.409419
vt 0.332410 0.407040
vt 0.332990 0.406820
vt 0.333520 0.406470
vt 0.333990 0.405990
vt 0.334370 0.405400
vt 0.334650 0.404730
vt 0.334843 0.403808
vt 0.334591 0.318250
vt 0.336424 0.403807
vt 0.336080 0.318250
vt 0.336630 0.404730
vt 0.336930 0.405400
vt 0.337330 0.405980
vt 0.337830 0.406460
vt 0.338390 0.406810
vt 0.339000 0.407030
vt 0.339630 0.407100
vt 0.343626 0.409339
vt 0.340260 0.407020
vt 0.340870 0.406790
vt 0.341430 0.406420
vt 0.341920 0.405940
vt 0.342320 0.405340
vt 0.342610 0.404670
vt 0.342816 0.403738
vt 0.342561 0.318180
vt 0.344344 0.403708
vt 0.344010 0.318160
vt 0.344530 0.404630
vt 0.344800 0.405300
vt 0.345160 0.405870
vt 0.345600 0.406350
vt 0.346110 0.406690
vt 0.346650 0.406890
vt 0.347220 0.406950
vt 0.350780 0.409160
vt 0.347780 0.406860
vt 0.348320 0.406630
vt 0.348820 0.406250
vt 0.349260 0.405760
vt 0.349620 0.405160
vt 0.349880 0.404480
vt 0.350063 0.403547
vt 0.350470 0.317970
vt 0.349800 0.317990
vt 0.351250 0.411100
vt 0.343811 0.411310
vt 0.335521 0.411400
vt 0.317069 0.929676
vt 0.317702 0.927871
vt 0.317070 0.928097
vt 0.317700 0.927310
vt 0.317070 0.927240
vt 0.318596 0.929903
vt 0.317111 0.931946
vt 0.318602 0.931464
vt 0.317070 0.934036
vt 0.318008 0.933136
vt 0.317076 0.934899
vt 0.318310 0.934600
vt 0.318310 0.934080
vt 0.318870 0.933190
vt 0.318870 0.928940
vt 0.318870 0.928360
vt 0.319360 0.929260
vt 0.319360 0.929820
vt 0.319762 0.930574
vt 0.319360 0.932310
vt 0.319360 0.932880
vt 0.318870 0.933780
vt 0.319770 0.932050
vt 0.319770 0.931323
vt 0.319770 0.930090
vt 0.339390 0.134760
vt 0.339700 0.134110
vt 0.339560 0.134020
vt 0.339190 0.134640
vt 0.338750 0.135180
vt 0.338510 0.134930
vt 0.337879 0.133819
vt 0.337980 0.135330
vt 0.337732 0.134929
vt 0.336354 0.134743
vt 0.336590 0.135320
vt 0.335820 0.134780
vt 0.335581 0.133448
vt 0.337722 0.067907
vt 0.335730 0.067880
vt 0.336966 0.133143
vt 0.338867 0.133243
vt 0.339850 0.133350
vt 0.339748 0.133232
vt 0.339639 0.132884
vt 0.339850 0.067910
vt 0.264097 0.790651
vt 0.264060 0.725380
vt 0.263500 0.725350
vt 0.263505 0.796260
vt 0.264250 0.791590
vt 0.264470 0.792270
vt 0.264780 0.792870
vt 0.265150 0.793360
vt 0.265580 0.793740
vt 0.266040 0.793980
vt 0.266520 0.794070
vt 0.269570 0.796490
vt 0.267000 0.794010
vt 0.267460 0.793810
vt 0.267890 0.793470
vt 0.268260 0.793000
vt 0.268570 0.792420
vt 0.268790 0.791760
vt 0.268943 0.790830
vt 0.269570 0.725580
vt 0.268980 0.725560
vt 0.259670 0.793900
vt 0.260270 0.793840
vt 0.260850 0.793620
vt 0.261380 0.793270
vt 0.261850 0.792800
vt 0.262230 0.792210
vt 0.262520 0.791550
vt 0.262706 0.790617
vt 0.262750 0.725340
vt 0.255877 0.796150
vt 0.259060 0.793820
vt 0.258480 0.793590
vt 0.257950 0.793220
vt 0.257480 0.792730
vt 0.257100 0.792140
vt 0.256810 0.791470
vt 0.256624 0.790531
vt 0.255870 0.725250
vt 0.256580 0.725260
vt 0.255039 0.790527
vt 0.255090 0.725250
vt 0.254840 0.791450
vt 0.254540 0.792130
vt 0.254140 0.792720
vt 0.253650 0.793200
vt 0.253090 0.793560
vt 0.252480 0.793780
vt 0.251850 0.793860
vt 0.247877 0.796180
vt 0.251220 0.793790
vt 0.250610 0.793570
vt 0.250050 0.793210
vt 0.249560 0.792730
vt 0.249150 0.792140
vt 0.248850 0.791470
vt 0.248654 0.790548
vt 0.247870 0.725270
vt 0.248610 0.725270
vt 0.247116 0.790568
vt 0.247160 0.725290
vt 0.246940 0.791500
vt 0.246670 0.792170
vt 0.246310 0.792770
vt 0.245870 0.793260
vt 0.245370 0.793630
vt 0.244830 0.793870
vt 0.244260 0.793950
vt 0.240700 0.796340
vt 0.243700 0.793890
vt 0.243150 0.793680
vt 0.242650 0.793330
vt 0.242210 0.792860
vt 0.241850 0.792280
vt 0.241580 0.791610
vt 0.241404 0.790688
vt 0.240700 0.725430
vt 0.241360 0.725410
vt 0.483010 0.822804
vt 0.482080 0.823265
vt 0.482082 0.824966
vt 0.483002 0.825106
vt 0.483055 0.826679
vt 0.481900 0.827230
vt 0.483119 0.827540
vt 0.481860 0.826700
vt 0.482132 0.821630
vt 0.483120 0.820450
vt 0.482212 0.820595
vt 0.481320 0.821557
vt 0.480829 0.824299
vt 0.481270 0.825150
vt 0.481320 0.826389
vt 0.480820 0.824920
vt 0.480815 0.823356
vt 0.480870 0.821871
vt 0.481360 0.820980
vt 0.659260 0.654290
vt 0.659159 0.654703
vt 0.659700 0.655030
vt 0.659790 0.654690
vt 0.659289 0.656051
vt 0.658109 0.655269
vt 0.657310 0.654240
vt 0.657123 0.655855
vt 0.658024 0.656465
vt 0.657200 0.742030
vt 0.658725 0.742030
vt 0.660109 0.655976
vt 0.660180 0.655450
vt 0.660057 0.656673
vt 0.660180 0.742010
vt 0.707000 0.585870
vt 0.705920 0.586052
vt 0.706839 0.587190
vt 0.705755 0.587525
vt 0.707000 0.673060
vt 0.705940 0.673070
vt 0.328754 0.403759
vt 0.328420 0.318210
vt 0.328950 0.404690
vt 0.329240 0.405370
vt 0.329630 0.405960
vt 0.330090 0.406440
vt 0.330630 0.406810
vt 0.331210 0.407030
vt 0.431160 0.487306
vt 0.432100 0.487780
vt 0.432098 0.486152
vt 0.431160 0.484960
vt 0.432076 0.485109
vt 0.432098 0.489483
vt 0.431160 0.490469
vt 0.432097 0.490992
vt 0.432070 0.491869
vt 0.431160 0.492040
vt 0.432960 0.490340
vt 0.433448 0.488849
vt 0.433216 0.487521
vt 0.433446 0.485906
vt 0.433450 0.486410
vt 0.433450 0.490019
vt 0.432960 0.491399
vt 0.433860 0.488710
vt 0.433860 0.487961
vt 0.433860 0.486792
vt 0.126433 0.102824
vt 0.126811 0.101435
vt 0.125636 0.102224
vt 0.124830 0.103230
vt 0.124648 0.101634
vt 0.125544 0.101035
vt 0.124730 0.035750
vt 0.126245 0.035760
vt 0.127629 0.101495
vt 0.127710 0.102020
vt 0.127580 0.100807
vt 0.127710 0.035750
vt 0.369470 0.067670
vt 0.369313 0.066350
vt 0.368400 0.067508
vt 0.368225 0.066025
vt 0.369470 0.000760
vt 0.368410 0.000760
vt 0.477302 0.834490
vt 0.476880 0.834980
vt 0.476930 0.835570
vt 0.477550 0.835640
vt 0.476050 0.834667
vt 0.475965 0.832923
vt 0.477403 0.832617
vt 0.475959 0.831360
vt 0.477463 0.830352
vt 0.476492 0.829584
vt 0.477550 0.828540
vt 0.476648 0.828689
vt 0.475760 0.829660
vt 0.475300 0.834119
vt 0.475255 0.832733
vt 0.475255 0.831460
vt 0.475300 0.830001
vt 0.475790 0.829100
vt 0.696049 0.118320
vt 0.696800 0.117749
vt 0.695984 0.117523
vt 0.697780 0.118780
vt 0.697687 0.117153
vt 0.696763 0.116554
vt 0.697781 0.030980
vt 0.695950 0.116481
vt 0.696070 0.030990
vt 0.684090 0.937480
vt 0.685761 0.936720
vt 0.684756 0.936352
vt 0.684090 0.936900
vt 0.683450 0.936940
vt 0.683480 0.935612
vt 0.684970 0.935287
vt 0.683459 0.849750
vt 0.685760 0.936056
vt 0.685760 0.935176
vt 0.685760 0.849750
vt 0.437353 0.944565
vt 0.436630 0.945499
vt 0.437540 0.945670
vt 0.436010 0.943741
vt 0.437330 0.942923
vt 0.436003 0.942245
vt 0.436009 0.940683
vt 0.437486 0.940909
vt 0.437540 0.938590
vt 0.436625 0.938739
vt 0.435730 0.944550
vt 0.435730 0.945030
vt 0.435240 0.944149
vt 0.435240 0.942794
vt 0.435240 0.941850
vt 0.435240 0.941210
vt 0.435240 0.940306
vt 0.435244 0.939536
vt 0.434840 0.941350
vt 0.434840 0.941850
vt 0.397030 0.012120
vt 0.396077 0.012233
vt 0.396974 0.013430
vt 0.396064 0.013738
vt 0.397031 0.079010
vt 0.395247 0.013819
vt 0.395300 0.012504
vt 0.395320 0.079030
vt 0.168861 0.006660
vt 0.168076 0.007008
vt 0.168860 0.007324
vt 0.166560 0.005860
vt 0.166549 0.006839
vt 0.166549 0.008087
vt 0.166549 0.073360
vt 0.168070 0.008113
vt 0.168850 0.008211
vt 0.168860 0.073350
vt 0.402487 0.824490
vt 0.402517 0.821380
vt 0.401552 0.823175
vt 0.401561 0.824884
vt 0.401919 0.826869
vt 0.402538 0.826613
vt 0.401960 0.827480
vt 0.402580 0.827540
vt 0.401577 0.821586
vt 0.402574 0.819911
vt 0.401360 0.820230
vt 0.401320 0.820710
vt 0.400780 0.821041
vt 0.400730 0.822210
vt 0.400262 0.823707
vt 0.400750 0.825820
vt 0.400780 0.826430
vt 0.399921 0.825201
vt 0.400270 0.822482
vt 0.399890 0.823760
vt 0.399900 0.824513
vt 0.679910 0.118140
vt 0.679693 0.116816
vt 0.679390 0.118100
vt 0.679153 0.116553
vt 0.679400 0.030950
vt 0.679910 0.030940
vt 0.587700 0.205270
vt 0.587590 0.205000
vt 0.586670 0.205096
vt 0.586680 0.206160
vt 0.586522 0.205759
vt 0.585154 0.205583
vt 0.585310 0.206160
vt 0.584550 0.205620
vt 0.584407 0.204292
vt 0.585936 0.118437
vt 0.584480 0.118430
vt 0.585904 0.203971
vt 0.587184 0.204145
vt 0.587944 0.204164
vt 0.588030 0.204530
vt 0.587887 0.203693
vt 0.588030 0.118440
vt 0.433430 0.825190
vt 0.434370 0.823849
vt 0.433430 0.822030
vt 0.434368 0.822222
vt 0.433436 0.820461
vt 0.434670 0.821280
vt 0.434670 0.820750
vt 0.434368 0.825553
vt 0.434105 0.827369
vt 0.433430 0.827540
vt 0.435719 0.826090
vt 0.435491 0.824627
vt 0.435695 0.823047
vt 0.435230 0.822160
vt 0.435230 0.821580
vt 0.435720 0.822480
vt 0.435720 0.823650
vt 0.434924 0.827154
vt 0.435720 0.826590
vt 0.436130 0.825708
vt 0.436130 0.824533
vt 0.436130 0.823790
vt 0.026710 0.000410
vt 0.026190 0.000460
vt 0.026493 0.001728
vt 0.025943 0.001999
vt 0.026190 0.067320
vt 0.026710 0.067310
vt 0.668080 0.585730
vt 0.667959 0.586075
vt 0.668460 0.586490
vt 0.668560 0.586220
vt 0.668745 0.587785
vt 0.667445 0.587089
vt 0.666269 0.586298
vt 0.665570 0.585280
vt 0.665277 0.586887
vt 0.666133 0.587495
vt 0.666804 0.652775
vt 0.665340 0.652780
vt 0.668809 0.587321
vt 0.668890 0.586960
vt 0.668890 0.652760
vt 0.463260 0.832557
vt 0.463038 0.830026
vt 0.462027 0.830873
vt 0.462327 0.832949
vt 0.463283 0.834698
vt 0.462070 0.835380
vt 0.463299 0.835640
vt 0.462050 0.834790
vt 0.463300 0.828540
vt 0.462072 0.828809
vt 0.462051 0.829400
vt 0.461224 0.832098
vt 0.461490 0.833900
vt 0.461500 0.834520
vt 0.461000 0.833040
vt 0.461010 0.833630
vt 0.461000 0.831150
vt 0.461020 0.830041
vt 0.460620 0.831360
vt 0.460620 0.832102
vt 0.460620 0.832840
vt 0.338190 0.931977
vt 0.339130 0.930639
vt 0.338190 0.928814
vt 0.339128 0.929002
vt 0.338819 0.927870
vt 0.338820 0.927310
vt 0.338190 0.927240
vt 0.339128 0.932340
vt 0.338822 0.934259
vt 0.338190 0.934032
vt 0.338820 0.934820
vt 0.338190 0.934900
vt 0.339990 0.933190
vt 0.340163 0.930735
vt 0.339990 0.928940
vt 0.339990 0.928360
vt 0.340490 0.929260
vt 0.340490 0.929820
vt 0.340490 0.932310
vt 0.340490 0.932880
vt 0.339990 0.933770
vt 0.340890 0.932050
vt 0.340890 0.931323
vt 0.340890 0.930092
vt 0.333349 0.414375
vt 0.341007 0.418879
vt 0.341897 0.416751
vt 0.333570 0.411846
vt 0.325089 0.414390
vt 0.324570 0.411860
vt 0.317636 0.418744
vt 0.316464 0.416605
vt 0.311807 0.426980
vt 0.310117 0.425570
vt 0.308624 0.437827
vt 0.306654 0.437376
vt 0.308610 0.449606
vt 0.306640 0.450195
vt 0.311766 0.460517
vt 0.310076 0.462066
vt 0.317603 0.468890
vt 0.316433 0.471179
vt 0.325241 0.473455
vt 0.324740 0.476144
vt 0.333511 0.473510
vt 0.333730 0.476210
vt 0.341131 0.469045
vt 0.342040 0.471346
vt 0.346963 0.460740
vt 0.348383 0.462310
vt 0.350106 0.449873
vt 0.351796 0.450484
vt 0.350080 0.438094
vt 0.351770 0.437665
vt 0.346884 0.427213
vt 0.348284 0.425814
vt 0.600560 0.966189
vt 0.600550 0.979019
vt 0.605710 0.966211
vt 0.605740 0.954360
vt 0.600580 0.954360
vt 0.605700 0.979012
vt 0.600560 0.990617
vt 0.605710 0.990608
vt 0.600580 0.999770
vt 0.605740 0.999780
vt 0.475600 0.527510
vt 0.470450 0.527519
vt 0.470610 0.538990
vt 0.475760 0.538960
vt 0.475550 0.514721
vt 0.470400 0.514719
vt 0.475600 0.502531
vt 0.470450 0.502542
vt 0.475760 0.492810
vt 0.470610 0.492840
vt 0.507610 0.515061
vt 0.507630 0.502671
vt 0.502460 0.515049
vt 0.502480 0.527769
vt 0.507630 0.527780
vt 0.502540 0.538880
vt 0.507690 0.538880
vt 0.502480 0.502651
vt 0.507690 0.492480
vt 0.502540 0.492490
vt 0.441950 0.529310
vt 0.442130 0.538950
vt 0.447100 0.529368
vt 0.447040 0.517220
vt 0.441890 0.517169
vt 0.447100 0.504421
vt 0.441950 0.504360
vt 0.447280 0.492900
vt 0.442130 0.492860
vt 0.447280 0.538990
vt 0.255879 0.796150
vt 0.247870 0.796180
vt 0.246950 0.801240
vt 0.256310 0.801210
vt 0.263500 0.796260
vt 0.265200 0.801340
vt 0.190890 0.933950
vt 0.190890 0.922570
vt 0.187510 0.921609
vt 0.187510 0.934900
vt 0.348701 0.561720
vt 0.355270 0.556480
vt 0.346831 0.556500
vt 0.355930 0.561700
vt 0.364629 0.556480
vt 0.363951 0.561700
vt 0.373290 0.556500
vt 0.371370 0.561720
vt 0.387732 0.738653
vt 0.389300 0.727480
vt 0.386130 0.725620
vt 0.384302 0.738665
vt 0.389300 0.749800
vt 0.386130 0.751670
vt 0.216750 0.933950
vt 0.216750 0.922570
vt 0.213390 0.921609
vt 0.213390 0.934900
vt 0.162040 0.887960
vt 0.154289 0.887930
vt 0.154520 0.893070
vt 0.163560 0.893110
vt 0.145220 0.893090
vt 0.146320 0.887940
vt 0.051749 0.796180
vt 0.043739 0.796160
vt 0.042851 0.801530
vt 0.052200 0.801560
vt 0.059340 0.796050
vt 0.061060 0.801410
vt 0.034430 0.801320
vt 0.036530 0.795980
vt 0.378580 0.657770
vt 0.377012 0.646633
vt 0.373572 0.646635
vt 0.375400 0.659650
vt 0.375400 0.633599
vt 0.378580 0.635460
vt 0.137100 0.893170
vt 0.137100 0.908120
vt 0.145213 0.908040
vt 0.145228 0.893090
vt 0.154502 0.908020
vt 0.154518 0.893070
vt 0.163552 0.908060
vt 0.163567 0.893110
vt 0.170990 0.908160
vt 0.170990 0.893210
vt 0.068090 0.801090
vt 0.061066 0.801410
vt 0.068090 0.816030
vt 0.061052 0.816350
vt 0.052198 0.801560
vt 0.052182 0.816500
vt 0.042848 0.801530
vt 0.042833 0.816470
vt 0.034430 0.801320
vt 0.034430 0.816260
vt 0.265206 0.801340
vt 0.265192 0.816280
vt 0.272290 0.816540
vt 0.272290 0.801600
vt 0.256308 0.801210
vt 0.256292 0.816150
vt 0.246958 0.801240
vt 0.246943 0.816180
vt 0.238590 0.801420
vt 0.238590 0.816360
vt 0.355291 0.556480
vt 0.355278 0.541530
vt 0.346810 0.541550
vt 0.346824 0.556500
vt 0.340120 0.541590
vt 0.340120 0.556540
vt 0.364632 0.556480
vt 0.364648 0.541530
vt 0.373290 0.556500
vt 0.373290 0.541550
vt 0.421039 0.832516
vt 0.421080 0.830269
vt 0.420123 0.830829
vt 0.420891 0.834431
vt 0.420051 0.834627
vt 0.420156 0.835487
vt 0.421080 0.835640
vt 0.419538 0.832481
vt 0.420048 0.829558
vt 0.421080 0.828540
vt 0.420155 0.828704
vt 0.419270 0.829670
vt 0.419013 0.831068
vt 0.419270 0.833890
vt 0.419270 0.835049
vt 0.418780 0.833629
vt 0.418780 0.832410
vt 0.418383 0.830477
vt 0.418380 0.830890
vt 0.418380 0.831604
vt 0.418380 0.832350
vt 0.419270 0.829140
vt 0.642670 0.388470
vt 0.643584 0.389628
vt 0.643680 0.389350
vt 0.642549 0.388893
vt 0.642081 0.389594
vt 0.640521 0.389421
vt 0.640710 0.388420
vt 0.640413 0.390676
vt 0.640470 0.476200
vt 0.641942 0.476203
vt 0.641980 0.390704
vt 0.643132 0.390671
vt 0.643520 0.389960
vt 0.643897 0.390939
vt 0.643959 0.390327
vt 0.643960 0.476150
vt 0.535414 0.203103
vt 0.534675 0.197490
vt 0.535309 0.288690
vt 0.535600 0.202170
vt 0.535880 0.201500
vt 0.536250 0.200910
vt 0.536700 0.200430
vt 0.537220 0.200070
vt 0.537790 0.199840
vt 0.538370 0.199770
vt 0.541937 0.197449
vt 0.538960 0.199840
vt 0.539520 0.200060
vt 0.540040 0.200420
vt 0.540500 0.200900
vt 0.540870 0.201490
vt 0.541150 0.202160
vt 0.541336 0.203092
vt 0.541321 0.288690
vt 0.542479 0.203090
vt 0.542390 0.288680
vt 0.542620 0.202160
vt 0.542840 0.201490
vt 0.543130 0.200890
vt 0.543480 0.200410
vt 0.543880 0.200050
vt 0.544320 0.199830
vt 0.544780 0.199750
vt 0.547660 0.197445
vt 0.545230 0.199820
vt 0.545670 0.200040
vt 0.546070 0.200400
vt 0.546420 0.200880
vt 0.546920 0.202140
vt 0.547071 0.203063
vt 0.547600 0.288660
vt 0.547050 0.288660
vt 0.548280 0.195510
vt 0.542337 0.195540
vt 0.534806 0.195550
vt 0.530650 0.199770
vt 0.526653 0.197481
vt 0.530010 0.199840
vt 0.529400 0.200060
vt 0.528840 0.200420
vt 0.528350 0.200900
vt 0.527940 0.201490
vt 0.527640 0.202160
vt 0.527441 0.203093
vt 0.527339 0.288690
vt 0.525876 0.203090
vt 0.525870 0.288680
vt 0.525690 0.202160
vt 0.525420 0.201480
vt 0.525040 0.200890
vt 0.524590 0.200410
vt 0.524070 0.200050
vt 0.523510 0.199830
vt 0.522930 0.199750
vt 0.519250 0.197430
vt 0.519246 0.200181
vt 0.522340 0.199820
vt 0.521780 0.200040
vt 0.521260 0.200400
vt 0.520810 0.200880
vt 0.520430 0.201470
vt 0.520160 0.202140
vt 0.519974 0.203062
vt 0.519190 0.288660
vt 0.519880 0.288660
vt 0.518830 0.195510
vt 0.526520 0.195540
vt 0.706160 0.213840
vt 0.705050 0.214042
vt 0.706015 0.215142
vt 0.704905 0.215491
vt 0.706160 0.300960
vt 0.705060 0.300990
vt 0.187149 0.495868
vt 0.186243 0.497587
vt 0.187190 0.499001
vt 0.186168 0.498927
vt 0.186560 0.499940
vt 0.186560 0.500500
vt 0.187190 0.500570
vt 0.185634 0.499585
vt 0.185653 0.495960
vt 0.187184 0.492921
vt 0.185950 0.493210
vt 0.185950 0.493740
vt 0.187003 0.494026
vt 0.185124 0.497436
vt 0.184890 0.498551
vt 0.184890 0.499050
vt 0.184890 0.496110
vt 0.184890 0.494931
vt 0.185380 0.494620
vt 0.185380 0.494040
vt 0.184490 0.496240
vt 0.184490 0.496992
vt 0.184490 0.498168
vt 0.674270 0.117710
vt 0.674740 0.117220
vt 0.674581 0.116642
vt 0.674169 0.117375
vt 0.673743 0.116860
vt 0.672255 0.117563
vt 0.672380 0.118130
vt 0.671640 0.117610
vt 0.671524 0.116292
vt 0.673000 0.050758
vt 0.671530 0.050750
vt 0.673040 0.115977
vt 0.675009 0.116253
vt 0.674957 0.115653
vt 0.674219 0.115825
vt 0.675010 0.050720
vt 0.355253 0.751183
vt 0.355290 0.816490
vt 0.355980 0.816480
vt 0.355987 0.745550
vt 0.355070 0.750250
vt 0.354790 0.749580
vt 0.354410 0.748990
vt 0.353960 0.748510
vt 0.353440 0.748150
vt 0.352880 0.747930
vt 0.352290 0.747860
vt 0.348728 0.745561
vt 0.351700 0.747940
vt 0.351140 0.748160
vt 0.350620 0.748520
vt 0.350160 0.749000
vt 0.349790 0.749590
vt 0.349510 0.750270
vt 0.349324 0.751199
vt 0.348750 0.816500
vt 0.349280 0.816500
vt 0.348183 0.751202
vt 0.348220 0.816510
vt 0.348040 0.750270
vt 0.347820 0.749600
vt 0.347530 0.749020
vt 0.347180 0.748540
vt 0.346780 0.748180
vt 0.346340 0.747960
vt 0.345890 0.747890
vt 0.343000 0.745600
vt 0.345430 0.747970
vt 0.345000 0.748190
vt 0.344600 0.748550
vt 0.344240 0.749040
vt 0.343740 0.750300
vt 0.343597 0.751232
vt 0.343000 0.816540
vt 0.343560 0.816540
vt 0.360020 0.747850
vt 0.359380 0.747930
vt 0.358770 0.748150
vt 0.358210 0.748510
vt 0.357720 0.748990
vt 0.357320 0.749580
vt 0.357020 0.750250
vt 0.356814 0.751183
vt 0.356770 0.816490
vt 0.364015 0.745550
vt 0.360650 0.747930
vt 0.361260 0.748150
vt 0.361820 0.748510
vt 0.362320 0.748990
vt 0.362720 0.749580
vt 0.363020 0.750250
vt 0.363219 0.751183
vt 0.364010 0.816490
vt 0.363270 0.816490
vt 0.364784 0.751182
vt 0.364740 0.816490
vt 0.364970 0.750250
vt 0.365250 0.749580
vt 0.365620 0.748990
vt 0.366070 0.748510
vt 0.366590 0.748150
vt 0.367150 0.747940
vt 0.367740 0.747860
vt 0.371420 0.745570
vt 0.368320 0.747940
vt 0.368880 0.748160
vt 0.369400 0.748520
vt 0.369860 0.749010
vt 0.370230 0.749590
vt 0.370510 0.750270
vt 0.370693 0.751200
vt 0.371420 0.816510
vt 0.370730 0.816500
vt 0.304050 0.067730
vt 0.303908 0.066382
vt 0.302940 0.067588
vt 0.302795 0.066089
vt 0.304050 0.000830
vt 0.302950 0.000860
vt 0.410954 0.731446
vt 0.411173 0.733409
vt 0.411907 0.731488
vt 0.412212 0.729724
vt 0.410976 0.729302
vt 0.411001 0.728360
vt 0.412503 0.728776
vt 0.412510 0.733072
vt 0.412232 0.734304
vt 0.411000 0.735460
vt 0.412507 0.735051
vt 0.413287 0.730977
vt 0.413320 0.729410
vt 0.413305 0.730097
vt 0.413290 0.732860
vt 0.413305 0.733729
vt 0.413320 0.734430
vt 0.413710 0.732660
vt 0.413710 0.731919
vt 0.413710 0.731180
vt 0.689199 0.937030
vt 0.690013 0.936439
vt 0.689180 0.936530
vt 0.690980 0.937480
vt 0.690928 0.935840
vt 0.689996 0.935233
vt 0.690980 0.849690
vt 0.688747 0.849740
vt 0.688703 0.935136
vt 0.688700 0.935790
vt 0.688710 0.936280
vt 0.682109 0.937008
vt 0.683130 0.936810
vt 0.683120 0.936350
vt 0.683096 0.935709
vt 0.680790 0.937480
vt 0.680763 0.936178
vt 0.681701 0.935881
vt 0.680780 0.850360
vt 0.683134 0.850320
vt 0.533846 0.203103
vt 0.533840 0.288690
vt 0.533650 0.202170
vt 0.533350 0.201500
vt 0.532940 0.200910
vt 0.532450 0.200430
vt 0.531890 0.200070
vt 0.531280 0.199840
vt 0.485911 0.483382
vt 0.485071 0.483539
vt 0.485178 0.484318
vt 0.486100 0.484490
vt 0.484558 0.481445
vt 0.485888 0.481740
vt 0.484548 0.479876
vt 0.485231 0.478844
vt 0.486100 0.479757
vt 0.486100 0.477410
vt 0.485173 0.477559
vt 0.483822 0.482470
vt 0.484290 0.483370
vt 0.484290 0.483850
vt 0.483800 0.482970
vt 0.483800 0.481613
vt 0.483800 0.480342
vt 0.483800 0.479126
vt 0.483804 0.478356
vt 0.163009 0.001480
vt 0.162990 0.002030
vt 0.163977 0.002271
vt 0.164780 0.001090
vt 0.164747 0.002393
vt 0.164780 0.067950
vt 0.162547 0.068000
vt 0.163255 0.002753
vt 0.162510 0.002884
vt 0.162520 0.002230
vt 0.390161 0.012300
vt 0.389336 0.012691
vt 0.390139 0.012991
vt 0.387830 0.011530
vt 0.387793 0.012536
vt 0.387769 0.013797
vt 0.387810 0.079030
vt 0.390164 0.078990
vt 0.389314 0.013808
vt 0.390127 0.013884
vt 0.260294 0.917789
vt 0.260336 0.920075
vt 0.261251 0.918234
vt 0.261249 0.916565
vt 0.260312 0.915662
vt 0.260356 0.914731
vt 0.261570 0.915560
vt 0.261600 0.914980
vt 0.261881 0.919773
vt 0.260402 0.921575
vt 0.260461 0.922360
vt 0.261710 0.922030
vt 0.261670 0.921550
vt 0.262200 0.920670
vt 0.262407 0.917547
vt 0.262373 0.915979
vt 0.262670 0.919180
vt 0.262710 0.920309
vt 0.263110 0.918980
vt 0.263095 0.918239
vt 0.263095 0.917259
vt 0.263110 0.916630
vt 0.262240 0.921220
vt 0.712930 0.937480
vt 0.712740 0.936140
vt 0.711910 0.937338
vt 0.711705 0.935846
vt 0.712930 0.850300
vt 0.711920 0.850330
vt 0.614790 0.476210
vt 0.615434 0.474635
vt 0.614632 0.475680
vt 0.614144 0.474551
vt 0.613420 0.475820
vt 0.613232 0.474519
vt 0.613340 0.388700
vt 0.615416 0.388718
vt 0.616921 0.474709
vt 0.616304 0.474374
vt 0.616834 0.474358
vt 0.616920 0.388690
vt 0.616767 0.473893
vt 0.454270 0.830912
vt 0.453320 0.831389
vt 0.454271 0.833211
vt 0.454271 0.834785
vt 0.453020 0.835350
vt 0.454269 0.835640
vt 0.453020 0.834820
vt 0.452734 0.832980
vt 0.453322 0.829752
vt 0.454270 0.828560
vt 0.453346 0.828708
vt 0.452460 0.829690
vt 0.452199 0.831473
vt 0.452460 0.833940
vt 0.452460 0.834520
vt 0.451970 0.833629
vt 0.451970 0.832450
vt 0.451573 0.830397
vt 0.452460 0.829110
vt 0.451570 0.830840
vt 0.451570 0.831568
vt 0.451570 0.832320
vt 0.336730 0.000540
vt 0.335710 0.000742
vt 0.336542 0.001842
vt 0.335515 0.002201
vt 0.336730 0.067390
vt 0.335730 0.067440
vt 0.471090 0.059480
vt 0.471987 0.060639
vt 0.472110 0.060360
vt 0.470919 0.059903
vt 0.470396 0.060606
vt 0.468863 0.060429
vt 0.469120 0.059420
vt 0.468720 0.061688
vt 0.468860 0.126920
vt 0.470929 0.126916
vt 0.470258 0.061719
vt 0.471558 0.061525
vt 0.472344 0.061468
vt 0.472440 0.061100
vt 0.472287 0.061957
vt 0.472440 0.126880
vt 0.179526 0.918142
vt 0.179548 0.915036
vt 0.178618 0.916411
vt 0.178602 0.918952
vt 0.179487 0.920270
vt 0.179414 0.921169
vt 0.178220 0.920300
vt 0.178170 0.920860
vt 0.178518 0.915098
vt 0.178881 0.914110
vt 0.178830 0.913580
vt 0.179470 0.913520
vt 0.177710 0.915160
vt 0.177452 0.917609
vt 0.177160 0.919100
vt 0.177130 0.919600
vt 0.177200 0.916030
vt 0.177180 0.915480
vt 0.176750 0.916320
vt 0.176760 0.916790
vt 0.176760 0.917290
vt 0.176745 0.918037
vt 0.176720 0.918720
vt 0.176410 0.916970
vt 0.176410 0.917310
vt 0.177680 0.914590
vt 0.503707 0.547063
vt 0.503133 0.541471
vt 0.503389 0.632600
vt 0.503870 0.546130
vt 0.504090 0.545450
vt 0.504400 0.544850
vt 0.504770 0.544350
vt 0.505190 0.543980
vt 0.505650 0.543740
vt 0.506130 0.543650
vt 0.509160 0.541245
vt 0.506600 0.543700
vt 0.507060 0.543910
vt 0.507480 0.544250
vt 0.507850 0.544720
vt 0.508150 0.545290
vt 0.508370 0.545960
vt 0.508523 0.546882
vt 0.508860 0.632400
vt 0.508270 0.632420
vt 0.509760 0.539330
vt 0.503527 0.539570
vt 0.499310 0.543800
vt 0.495533 0.541551
vt 0.498710 0.543880
vt 0.498130 0.544110
vt 0.497600 0.544470
vt 0.497130 0.544960
vt 0.496750 0.545550
vt 0.496460 0.546220
vt 0.496264 0.547152
vt 0.495939 0.632700
vt 0.494686 0.547153
vt 0.494450 0.632700
vt 0.494490 0.546220
vt 0.494190 0.545550
vt 0.493790 0.544960
vt 0.493300 0.544470
vt 0.492740 0.544110
vt 0.492130 0.543880
vt 0.491500 0.543800
vt 0.487525 0.541469
vt 0.490870 0.543870
vt 0.490260 0.544080
vt 0.489700 0.544430
vt 0.489210 0.544910
vt 0.488800 0.545500
vt 0.488500 0.546160
vt 0.488294 0.547093
vt 0.487959 0.632630
vt 0.486756 0.547062
vt 0.486510 0.632600
vt 0.486580 0.546120
vt 0.486310 0.545450
vt 0.485950 0.544850
vt 0.485510 0.544350
vt 0.485010 0.543970
vt 0.484460 0.543740
vt 0.483900 0.543640
vt 0.480330 0.541230
vt 0.483330 0.543700
vt 0.482780 0.543900
vt 0.482280 0.544250
vt 0.481830 0.544720
vt 0.481470 0.545290
vt 0.481200 0.545960
vt 0.481014 0.546880
vt 0.480020 0.632400
vt 0.480690 0.632420
vt 0.479880 0.539330
vt 0.487350 0.539570
vt 0.495649 0.539650
vt 0.177780 0.910720
vt 0.177330 0.910899
vt 0.177780 0.912941
vt 0.177330 0.913070
vt 0.378508 0.917655
vt 0.377593 0.919377
vt 0.378550 0.920789
vt 0.377518 0.920713
vt 0.377911 0.921720
vt 0.377910 0.922290
vt 0.378550 0.922360
vt 0.377014 0.917365
vt 0.378362 0.915808
vt 0.377910 0.914780
vt 0.377910 0.915340
vt 0.378550 0.914700
vt 0.376745 0.915817
vt 0.376479 0.918877
vt 0.376740 0.920660
vt 0.376740 0.921240
vt 0.376250 0.919780
vt 0.376250 0.920340
vt 0.376250 0.917900
vt 0.376250 0.916721
vt 0.376740 0.916400
vt 0.375850 0.918030
vt 0.375850 0.918784
vt 0.375850 0.919510
vt 0.178811 0.751011
vt 0.178840 0.816270
vt 0.179400 0.816250
vt 0.179397 0.745350
vt 0.178660 0.750090
vt 0.178430 0.749430
vt 0.178130 0.748850
vt 0.177760 0.748380
vt 0.177340 0.748040
vt 0.176880 0.747840
vt 0.176400 0.747790
vt 0.173380 0.745620
vt 0.175930 0.747890
vt 0.175470 0.748130
vt 0.175050 0.748500
vt 0.174680 0.749000
vt 0.174370 0.749600
vt 0.174150 0.750290
vt 0.173997 0.751222
vt 0.173380 0.816510
vt 0.173960 0.816490
vt 0.183220 0.747590
vt 0.182620 0.747680
vt 0.182040 0.747910
vt 0.181510 0.748270
vt 0.181040 0.748770
vt 0.180660 0.749360
vt 0.180380 0.750040
vt 0.180184 0.750972
vt 0.180140 0.816230
vt 0.186996 0.745220
vt 0.183820 0.747660
vt 0.184400 0.747870
vt 0.184930 0.748220
vt 0.185390 0.748690
vt 0.185780 0.749270
vt 0.186060 0.749940
vt 0.186253 0.750862
vt 0.187000 0.816120
vt 0.186290 0.816130
vt 0.187834 0.750853
vt 0.187790 0.816120
vt 0.188030 0.749930
vt 0.188330 0.749260
vt 0.188730 0.748670
vt 0.189230 0.748190
vt 0.189790 0.747830
vt 0.190390 0.747610
vt 0.191030 0.747540
vt 0.195005 0.745250
vt 0.191660 0.747620
vt 0.192270 0.747840
vt 0.192830 0.748200
vt 0.193320 0.748680
vt 0.193720 0.749270
vt 0.194020 0.749950
vt 0.194226 0.750872
vt 0.195010 0.816140
vt 0.194270 0.816140
vt 0.195764 0.750899
vt 0.195720 0.816160
vt 0.195940 0.749970
vt 0.196210 0.749310
vt 0.196580 0.748730
vt 0.197020 0.748260
vt 0.197520 0.747910
vt 0.198070 0.747700
vt 0.198630 0.747640
vt 0.202210 0.745430
vt 0.199200 0.747730
vt 0.199750 0.747970
vt 0.200250 0.748340
vt 0.200690 0.748830
vt 0.201060 0.749430
vt 0.201330 0.750110
vt 0.201506 0.751042
vt 0.202210 0.816320
vt 0.201550 0.816310
vt 0.227127 0.931969
vt 0.228078 0.931520
vt 0.228109 0.929822
vt 0.227212 0.928811
vt 0.228193 0.928318
vt 0.228251 0.927441
vt 0.227330 0.927240
vt 0.228089 0.933157
vt 0.227220 0.934901
vt 0.227810 0.934280
vt 0.227860 0.934840
vt 0.228757 0.933956
vt 0.229258 0.931470
vt 0.229546 0.929330
vt 0.229100 0.928410
vt 0.229150 0.927940
vt 0.229610 0.928830
vt 0.229540 0.929890
vt 0.229987 0.932964
vt 0.229965 0.932360
vt 0.229955 0.931402
vt 0.229990 0.930172
vt 0.454660 0.107250
vt 0.454514 0.107837
vt 0.455995 0.108534
vt 0.456941 0.108411
vt 0.456860 0.108740
vt 0.453900 0.107790
vt 0.453767 0.109116
vt 0.453780 0.194980
vt 0.455850 0.194970
vt 0.455265 0.109443
vt 0.456473 0.109576
vt 0.457237 0.109727
vt 0.457309 0.109117
vt 0.457310 0.194980
vt 0.701960 0.301400
vt 0.700820 0.301552
vt 0.701825 0.302737
vt 0.700830 0.388590
vt 0.701960 0.388590
vt 0.700690 0.303560
vt 0.700700 0.302860
vt 0.700220 0.303550
vt 0.700240 0.302920
vt 0.502333 0.547092
vt 0.502090 0.632630
vt 0.502140 0.546160
vt 0.501860 0.545500
vt 0.501480 0.544910
vt 0.501020 0.544430
vt 0.500490 0.544080
vt 0.499910 0.543870
vt 0.458000 0.489695
vt 0.457050 0.489221
vt 0.457052 0.490856
vt 0.458000 0.492040
vt 0.457074 0.491896
vt 0.457052 0.487519
vt 0.458000 0.487393
vt 0.458001 0.485814
vt 0.457999 0.484960
vt 0.456750 0.485250
vt 0.456750 0.485780
vt 0.456190 0.486660
vt 0.455700 0.488785
vt 0.455938 0.489800
vt 0.455704 0.491094
vt 0.455700 0.490600
vt 0.455700 0.486981
vt 0.456190 0.486080
vt 0.455290 0.489538
vt 0.455290 0.488790
vt 0.455290 0.490210
vt 0.572490 0.117230
vt 0.572970 0.116740
vt 0.572781 0.116142
vt 0.572369 0.116875
vt 0.571918 0.116338
vt 0.570688 0.116662
vt 0.569980 0.117680
vt 0.569760 0.116697
vt 0.569633 0.115457
vt 0.571777 0.050185
vt 0.569700 0.050180
vt 0.571194 0.115427
vt 0.573239 0.115763
vt 0.573167 0.115153
vt 0.572396 0.115300
vt 0.573240 0.050190
vt 0.283540 0.067840
vt 0.283434 0.066523
vt 0.282400 0.067658
vt 0.282278 0.066197
vt 0.283540 0.000950
vt 0.282410 0.000930
vt 0.405944 0.822740
vt 0.406001 0.825919
vt 0.406914 0.824903
vt 0.406891 0.823197
vt 0.406914 0.821583
vt 0.406010 0.820440
vt 0.406931 0.820575
vt 0.406976 0.826440
vt 0.407354 0.827175
vt 0.406100 0.827540
vt 0.408340 0.824890
vt 0.408063 0.823296
vt 0.408355 0.821376
vt 0.408340 0.821850
vt 0.408376 0.825742
vt 0.408430 0.826400
vt 0.408780 0.824640
vt 0.408765 0.823911
vt 0.408765 0.822918
vt 0.408780 0.822260
vt 0.694328 0.387504
vt 0.693353 0.386216
vt 0.693340 0.386860
vt 0.693350 0.387340
vt 0.695640 0.387970
vt 0.695638 0.386655
vt 0.694701 0.386355
vt 0.695641 0.300780
vt 0.693350 0.300770
vt 0.663620 0.314890
vt 0.665981 0.314090
vt 0.665104 0.313729
vt 0.663546 0.313899
vt 0.663499 0.312649
vt 0.664957 0.227095
vt 0.663500 0.227090
vt 0.665059 0.312627
vt 0.665934 0.313415
vt 0.665900 0.312670
vt 0.666370 0.312568
vt 0.666370 0.227110
vt 0.491980 0.941516
vt 0.491030 0.941989
vt 0.491032 0.943690
vt 0.491980 0.943817
vt 0.491295 0.945500
vt 0.491980 0.945670
vt 0.490710 0.940712
vt 0.491980 0.939160
vt 0.491054 0.939314
vt 0.489701 0.943039
vt 0.489680 0.943960
vt 0.490477 0.945294
vt 0.489680 0.944720
vt 0.489680 0.942096
vt 0.489680 0.940875
vt 0.489684 0.940116
vt 0.591449 0.003310
vt 0.591450 0.004360
vt 0.592313 0.003868
vt 0.593250 0.002850
vt 0.593250 0.003830
vt 0.593251 0.005079
vt 0.591732 0.005103
vt 0.593251 0.070350
vt 0.590960 0.070340
vt 0.590960 0.005201
vt 0.590960 0.004540
vt 0.229109 0.087159
vt 0.229993 0.086826
vt 0.229166 0.086500
vt 0.231480 0.087970
vt 0.231554 0.086999
vt 0.231594 0.085766
vt 0.231600 0.020490
vt 0.230143 0.020491
vt 0.230036 0.085732
vt 0.229190 0.085760
vt 0.229200 0.085230
vt 0.228730 0.020480
vt 0.228730 0.085220
vt 0.410194 0.656599
vt 0.411149 0.656961
vt 0.411136 0.655255
vt 0.410186 0.654318
vt 0.411149 0.653663
vt 0.410240 0.652540
vt 0.411163 0.652680
vt 0.411198 0.658522
vt 0.410310 0.659651
vt 0.411226 0.659468
vt 0.412556 0.657578
vt 0.412298 0.655386
vt 0.412039 0.653629
vt 0.412070 0.653090
vt 0.412560 0.656990
vt 0.412090 0.658480
vt 0.412600 0.658100
vt 0.412130 0.659000
vt 0.413000 0.656768
vt 0.412980 0.655529
vt 0.413000 0.654392
vt 0.710150 0.673070
vt 0.709978 0.671753
vt 0.709080 0.672898
vt 0.708905 0.671428
vt 0.710150 0.585880
vt 0.709100 0.585870
vt 0.307750 0.223055
vt 0.308370 0.222290
vt 0.308238 0.221988
vt 0.306930 0.223740
vt 0.306729 0.223327
vt 0.306184 0.222642
vt 0.304672 0.222820
vt 0.304970 0.223810
vt 0.304510 0.221570
vt 0.305927 0.136010
vt 0.304500 0.136010
vt 0.306023 0.221537
vt 0.307288 0.221621
vt 0.308111 0.221345
vt 0.308560 0.221209
vt 0.308563 0.136020
vt 0.187190 0.481439
vt 0.186250 0.480099
vt 0.186252 0.481803
vt 0.187191 0.483498
vt 0.185950 0.484070
vt 0.187189 0.484360
vt 0.185950 0.483540
vt 0.187190 0.478281
vt 0.186252 0.478472
vt 0.186561 0.477340
vt 0.186560 0.476780
vt 0.187190 0.476710
vt 0.185124 0.479841
vt 0.184892 0.481169
vt 0.185380 0.482660
vt 0.185380 0.483240
vt 0.184890 0.482339
vt 0.185380 0.478410
vt 0.184493 0.479107
vt 0.185380 0.477830
vt 0.184490 0.479560
vt 0.184490 0.480283
vt 0.184490 0.481030
vt 0.372770 0.000740
vt 0.371710 0.000912
vt 0.372608 0.002064
vt 0.371535 0.002382
vt 0.372770 0.067650
vt 0.371720 0.067650
vt 0.530193 0.126464
vt 0.529712 0.125403
vt 0.529580 0.125700
vt 0.531020 0.127150
vt 0.531218 0.126759
vt 0.532013 0.126048
vt 0.532410 0.127160
vt 0.532610 0.126590
vt 0.533180 0.126630
vt 0.533378 0.125302
vt 0.533460 0.059730
vt 0.532028 0.059740
vt 0.531924 0.124987
vt 0.530661 0.125060
vt 0.529825 0.124901
vt 0.529387 0.059720
vt 0.529850 0.124480
vt 0.529390 0.124470
vt 0.282105 0.916987
vt 0.283152 0.916278
vt 0.282170 0.914749
vt 0.282779 0.915320
vt 0.282800 0.914830
vt 0.283644 0.918030
vt 0.282131 0.919241
vt 0.283633 0.919594
vt 0.282289 0.921151
vt 0.282136 0.922359
vt 0.283380 0.922090
vt 0.283360 0.921510
vt 0.283950 0.916390
vt 0.283960 0.915860
vt 0.284450 0.916751
vt 0.284430 0.917868
vt 0.284430 0.920351
vt 0.284440 0.920880
vt 0.284850 0.920018
vt 0.284850 0.918821
vt 0.284850 0.918070
vt 0.608817 0.729441
vt 0.608960 0.730170
vt 0.609120 0.730090
vt 0.608390 0.729740
vt 0.607900 0.729260
vt 0.607682 0.729591
vt 0.607031 0.730577
vt 0.606550 0.729010
vt 0.606312 0.729550
vt 0.605762 0.730685
vt 0.605240 0.729420
vt 0.604951 0.730723
vt 0.605139 0.816540
vt 0.608247 0.731022
vt 0.609029 0.731297
vt 0.609153 0.730958
vt 0.609260 0.730840
vt 0.607411 0.816490
vt 0.609260 0.816510
vt 0.425383 0.808948
vt 0.426015 0.814571
vt 0.425341 0.723360
vt 0.425220 0.809870
vt 0.424990 0.810540
vt 0.424670 0.811130
vt 0.424280 0.811610
vt 0.423830 0.811960
vt 0.423350 0.812180
vt 0.422840 0.812240
vt 0.419650 0.814507
vt 0.422340 0.812160
vt 0.421860 0.811940
vt 0.421410 0.811570
vt 0.421020 0.811090
vt 0.420297 0.808887
vt 0.419570 0.723290
vt 0.420190 0.723300
vt 0.419090 0.816450
vt 0.425683 0.816520
vt 0.429910 0.812290
vt 0.433775 0.814590
vt 0.430520 0.812220
vt 0.431110 0.812000
vt 0.431650 0.811640
vt 0.432130 0.811160
vt 0.432520 0.810570
vt 0.432810 0.809900
vt 0.433006 0.808971
vt 0.432971 0.723380
vt 0.434594 0.808970
vt 0.434470 0.723380
vt 0.434790 0.809900
vt 0.435090 0.810570
vt 0.435490 0.811160
vt 0.435980 0.811640
vt 0.436540 0.812000
vt 0.437140 0.812210
vt 0.437770 0.812290
vt 0.441736 0.814559
vt 0.438400 0.812210
vt 0.439000 0.811990
vt 0.439560 0.811620
vt 0.440050 0.811140
vt 0.440450 0.810550
vt 0.440740 0.809880
vt 0.440946 0.808946
vt 0.440911 0.723360
vt 0.442454 0.808937
vt 0.442340 0.723350
vt 0.442630 0.809860
vt 0.442890 0.810530
vt 0.443240 0.811120
vt 0.443660 0.811590
vt 0.444150 0.811950
vt 0.444680 0.812160
vt 0.445220 0.812230
vt 0.448680 0.814500
vt 0.445770 0.812150
vt 0.446300 0.811920
vt 0.446780 0.811560
vt 0.447210 0.811070
vt 0.447560 0.810480
vt 0.447820 0.809800
vt 0.447993 0.808867
vt 0.448600 0.723270
vt 0.447950 0.723280
vt 0.449170 0.816430
vt 0.441961 0.816510
vt 0.433711 0.816540
vt 0.260540 0.277639
vt 0.260100 0.277650
vt 0.260100 0.364120
vt 0.260540 0.364130
vt 0.351390 0.919432
vt 0.350450 0.918961
vt 0.350452 0.920595
vt 0.351390 0.922361
vt 0.350761 0.921720
vt 0.350760 0.922290
vt 0.350452 0.917259
vt 0.351390 0.917132
vt 0.351391 0.915564
vt 0.351389 0.914700
vt 0.350150 0.914990
vt 0.350150 0.915520
vt 0.349590 0.916400
vt 0.349100 0.917291
vt 0.349101 0.919780
vt 0.349590 0.920660
vt 0.349590 0.921240
vt 0.349100 0.920340
vt 0.349100 0.916720
vt 0.349590 0.915820
vt 0.348690 0.917552
vt 0.348690 0.918782
vt 0.348690 0.919510
vt 0.308940 0.133640
vt 0.308828 0.133554
vt 0.308261 0.133657
vt 0.308420 0.135010
vt 0.308200 0.134880
vt 0.307770 0.135420
vt 0.307510 0.135150
vt 0.306788 0.134456
vt 0.306990 0.135550
vt 0.306722 0.135129
vt 0.305353 0.134953
vt 0.305610 0.135560
vt 0.304840 0.135020
vt 0.304584 0.133666
vt 0.305917 0.133317
vt 0.304819 0.068130
vt 0.307271 0.133504
vt 0.308704 0.133357
vt 0.308625 0.133047
vt 0.307392 0.068121
vt 0.308940 0.068170
vt 0.025717 0.881988
vt 0.025680 0.816690
vt 0.025090 0.816680
vt 0.025096 0.887610
vt 0.025870 0.882920
vt 0.026110 0.883600
vt 0.026430 0.884190
vt 0.026820 0.884680
vt 0.027270 0.885040
vt 0.027750 0.885270
vt 0.028260 0.885350
vt 0.031450 0.887700
vt 0.028760 0.885280
vt 0.029240 0.885070
vt 0.029690 0.884710
vt 0.030080 0.884240
vt 0.030640 0.882980
vt 0.030803 0.882058
vt 0.031450 0.816760
vt 0.030840 0.816750
vt 0.021190 0.885290
vt 0.021800 0.885220
vt 0.022390 0.885000
vt 0.022930 0.884640
vt 0.023410 0.884160
vt 0.023800 0.883580
vt 0.024090 0.882910
vt 0.024286 0.881978
vt 0.024330 0.816680
vt 0.017337 0.887580
vt 0.020580 0.885210
vt 0.019990 0.884990
vt 0.019450 0.884630
vt 0.018970 0.884140
vt 0.018580 0.883550
vt 0.018290 0.882880
vt 0.018094 0.881948
vt 0.017330 0.816640
vt 0.018050 0.816650
vt 0.016506 0.881947
vt 0.016550 0.816650
vt 0.016310 0.882880
vt 0.016010 0.883550
vt 0.015610 0.884140
vt 0.015120 0.884620
vt 0.014560 0.884980
vt 0.013960 0.885210
vt 0.013330 0.885280
vt 0.009375 0.887600
vt 0.012700 0.885210
vt 0.012100 0.884990
vt 0.011540 0.884630
vt 0.011050 0.884150
vt 0.010650 0.883560
vt 0.010360 0.882890
vt 0.010154 0.881959
vt 0.009370 0.816660
vt 0.010110 0.816660
vt 0.008646 0.881967
vt 0.008690 0.816670
vt 0.008470 0.882900
vt 0.008210 0.883580
vt 0.007860 0.884170
vt 0.007440 0.884650
vt 0.006950 0.885020
vt 0.006430 0.885240
vt 0.005880 0.885320
vt 0.002430 0.887670
vt 0.005330 0.885260
vt 0.004800 0.885040
vt 0.004320 0.884690
vt 0.003890 0.884210
vt 0.003540 0.883620
vt 0.003280 0.882950
vt 0.003107 0.882027
vt 0.002430 0.816730
vt 0.003070 0.816720
vt 0.260470 0.541090
vt 0.260030 0.475600
vt 0.260030 0.541060
vt 0.260470 0.475620
vt 0.427820 0.489841
vt 0.427609 0.487861
vt 0.426961 0.490694
vt 0.427820 0.492040
vt 0.426902 0.491876
vt 0.426289 0.489282
vt 0.426890 0.487213
vt 0.427820 0.485886
vt 0.427814 0.484941
vt 0.426580 0.485210
vt 0.426580 0.485800
vt 0.425521 0.488806
vt 0.426020 0.490920
vt 0.426020 0.491440
vt 0.425520 0.489736
vt 0.425520 0.490550
vt 0.425520 0.486960
vt 0.425520 0.486430
vt 0.425120 0.487280
vt 0.425120 0.487988
vt 0.425120 0.488740
vt 0.656050 0.749370
vt 0.655932 0.749900
vt 0.656753 0.750948
vt 0.657701 0.750391
vt 0.657604 0.750900
vt 0.655487 0.751022
vt 0.654690 0.749750
vt 0.654552 0.751050
vt 0.656152 0.836855
vt 0.654680 0.836860
vt 0.657547 0.751583
vt 0.657700 0.836880
vt 0.697180 0.849880
vt 0.697023 0.850776
vt 0.698128 0.850697
vt 0.698310 0.849690
vt 0.698028 0.851957
vt 0.696930 0.851760
vt 0.698311 0.937480
vt 0.696490 0.851811
vt 0.696760 0.937440
vt 0.426814 0.808958
vt 0.426690 0.723370
vt 0.427010 0.809890
vt 0.427300 0.810560
vt 0.427690 0.811150
vt 0.428170 0.811630
vt 0.428710 0.811990
vt 0.429300 0.812220
vt 0.451960 0.482148
vt 0.451749 0.480163
vt 0.451022 0.482511
vt 0.451045 0.484346
vt 0.451960 0.484490
vt 0.450429 0.480843
vt 0.451960 0.477409
vt 0.451022 0.479172
vt 0.451049 0.477582
vt 0.450160 0.479110
vt 0.449903 0.482250
vt 0.449664 0.483544
vt 0.449660 0.483050
vt 0.449660 0.481240
vt 0.449660 0.480288
vt 0.449660 0.479430
vt 0.450160 0.478051
vt 0.449260 0.481987
vt 0.449260 0.481240
vt 0.449260 0.482660
vt 0.679440 0.584340
vt 0.679910 0.583860
vt 0.679793 0.583404
vt 0.679339 0.583985
vt 0.678878 0.582946
vt 0.677698 0.583727
vt 0.676940 0.584780
vt 0.676705 0.583130
vt 0.677590 0.582523
vt 0.678362 0.517284
vt 0.676890 0.517270
vt 0.679710 0.582860
vt 0.679670 0.582336
vt 0.679910 0.517320
vt 0.270050 0.068020
vt 0.269922 0.066717
vt 0.268940 0.067818
vt 0.268801 0.066549
vt 0.270051 0.001160
vt 0.268510 0.001110
vt 0.268360 0.066449
vt 0.418443 0.641385
vt 0.417490 0.641789
vt 0.418690 0.643440
vt 0.417212 0.643020
vt 0.417134 0.639884
vt 0.418597 0.639385
vt 0.417145 0.638344
vt 0.418673 0.637282
vt 0.418690 0.636330
vt 0.417724 0.636511
vt 0.416420 0.642399
vt 0.416395 0.641127
vt 0.416390 0.639875
vt 0.416395 0.638630
vt 0.416410 0.637820
vt 0.416890 0.637460
vt 0.416910 0.636930
vt 0.699900 0.207020
vt 0.699873 0.205719
vt 0.698931 0.206897
vt 0.698949 0.205410
vt 0.699901 0.119900
vt 0.698107 0.205312
vt 0.698130 0.206616
vt 0.698140 0.119870
vt 0.669410 0.227100
vt 0.667069 0.227880
vt 0.667911 0.228269
vt 0.669459 0.228109
vt 0.669481 0.229369
vt 0.668043 0.314875
vt 0.669480 0.314890
vt 0.667936 0.229378
vt 0.667105 0.228569
vt 0.667120 0.229320
vt 0.666680 0.229412
vt 0.666680 0.314830
vt 0.473750 0.950786
vt 0.473537 0.948804
vt 0.472881 0.951702
vt 0.473750 0.953130
vt 0.472247 0.952750
vt 0.472209 0.950274
vt 0.472560 0.948340
vt 0.473750 0.946620
vt 0.472248 0.947007
vt 0.471472 0.951689
vt 0.471450 0.952180
vt 0.471450 0.950824
vt 0.471450 0.949880
vt 0.471450 0.949240
vt 0.471450 0.948335
vt 0.471450 0.947570
vt 0.471050 0.949380
vt 0.471050 0.949880
vt 0.702819 0.517710
vt 0.702795 0.518523
vt 0.703635 0.518311
vt 0.704600 0.517270
vt 0.704549 0.518918
vt 0.703620 0.519520
vt 0.704601 0.584780
vt 0.702780 0.519400
vt 0.702770 0.520040
vt 0.702840 0.584750
vt 0.702310 0.520010
vt 0.702310 0.519480
vt 0.059331 0.021081
vt 0.058496 0.021391
vt 0.059299 0.021733
vt 0.056990 0.020260
vt 0.056947 0.021218
vt 0.056919 0.022445
vt 0.056920 0.087680
vt 0.058362 0.087694
vt 0.058465 0.022478
vt 0.059280 0.022460
vt 0.059720 0.087730
vt 0.059720 0.022592
vt 0.469863 0.480468
vt 0.468976 0.482164
vt 0.469922 0.482727
vt 0.468765 0.484232
vt 0.469990 0.484490
vt 0.468731 0.483620
vt 0.468358 0.482572
vt 0.468401 0.480517
vt 0.469754 0.478569
vt 0.469984 0.477381
vt 0.468760 0.477660
vt 0.468730 0.478230
vt 0.468170 0.479120
vt 0.467720 0.483010
vt 0.467700 0.482470
vt 0.467680 0.481250
vt 0.467685 0.480291
vt 0.467700 0.479410
vt 0.467320 0.481200
vt 0.467330 0.482158
vt 0.468190 0.478510
vt 0.713530 0.118780
vt 0.713340 0.117478
vt 0.712990 0.118710
vt 0.712773 0.117189
vt 0.712990 0.031640
vt 0.713530 0.031660
vt 0.333940 0.223370
vt 0.334390 0.222830
vt 0.334246 0.222608
vt 0.333762 0.223099
vt 0.332443 0.223339
vt 0.332650 0.223810
vt 0.331250 0.223570
vt 0.331900 0.222511
vt 0.330918 0.221931
vt 0.332144 0.221398
vt 0.330829 0.135790
vt 0.333625 0.221366
vt 0.334660 0.222060
vt 0.334533 0.221748
vt 0.334421 0.221105
vt 0.333222 0.135779
vt 0.334850 0.220969
vt 0.334850 0.135830
vt 0.301660 0.931974
vt 0.300720 0.930639
vt 0.300722 0.932340
vt 0.301661 0.934034
vt 0.300420 0.934600
vt 0.301659 0.934900
vt 0.300420 0.934080
vt 0.301660 0.928810
vt 0.300722 0.929002
vt 0.301030 0.927870
vt 0.301030 0.927310
vt 0.301660 0.927240
vt 0.300109 0.928226
vt 0.299604 0.930374
vt 0.299372 0.931699
vt 0.299860 0.933190
vt 0.299860 0.933770
vt 0.299370 0.932879
vt 0.299370 0.929259
vt 0.299370 0.928770
vt 0.298960 0.929651
vt 0.298960 0.930816
vt 0.298960 0.931570
vt 0.341410 0.000540
vt 0.340860 0.000570
vt 0.341220 0.001886
vt 0.340660 0.001970
vt 0.340630 0.002710
vt 0.340870 0.067420
vt 0.341410 0.067430
vt 0.340170 0.002690
vt 0.340190 0.001990
vt 0.452400 0.061080
vt 0.451561 0.061293
vt 0.452283 0.061367
vt 0.451510 0.060020
vt 0.451359 0.060355
vt 0.450017 0.060702
vt 0.449580 0.059600
vt 0.449410 0.060170
vt 0.448820 0.060140
vt 0.448620 0.061440
vt 0.449492 0.061725
vt 0.448579 0.126990
vt 0.450750 0.061825
vt 0.452161 0.061995
vt 0.450972 0.126983
vt 0.452600 0.127030
vt 0.452600 0.062161
vt 0.399447 0.824695
vt 0.399485 0.821512
vt 0.398532 0.822501
vt 0.398517 0.824208
vt 0.399320 0.826474
vt 0.398900 0.826930
vt 0.398950 0.827460
vt 0.399580 0.827540
vt 0.398310 0.826730
vt 0.398270 0.826110
vt 0.398899 0.820551
vt 0.398950 0.819960
vt 0.399580 0.819890
vt 0.397740 0.821600
vt 0.397460 0.823393
vt 0.397720 0.825200
vt 0.397740 0.825850
vt 0.397250 0.824360
vt 0.397260 0.824960
vt 0.397260 0.822470
vt 0.397280 0.821900
vt 0.396910 0.822710
vt 0.396895 0.823445
vt 0.396900 0.824190
vt 0.397770 0.821000
vt 0.283850 0.136700
vt 0.283640 0.136830
vt 0.284010 0.137450
vt 0.284160 0.137360
vt 0.283210 0.136290
vt 0.282970 0.136550
vt 0.282337 0.137683
vt 0.282440 0.136150
vt 0.282192 0.136561
vt 0.280813 0.136737
vt 0.281050 0.136150
vt 0.280280 0.136690
vt 0.280041 0.138030
vt 0.280190 0.223890
vt 0.281578 0.223890
vt 0.281422 0.138359
vt 0.283321 0.138255
vt 0.284209 0.138242
vt 0.284300 0.138120
vt 0.284096 0.138597
vt 0.283122 0.223877
vt 0.284300 0.223860
vt 0.198883 0.403678
vt 0.199507 0.409310
vt 0.198621 0.318120
vt 0.198730 0.404600
vt 0.198510 0.405270
vt 0.198210 0.405850
vt 0.197830 0.406320
vt 0.197410 0.406660
vt 0.196950 0.406870
vt 0.196470 0.406930
vt 0.193430 0.409127
vt 0.195990 0.406840
vt 0.195530 0.406610
vt 0.195100 0.406230
vt 0.194720 0.405740
vt 0.194190 0.404470
vt 0.194027 0.403527
vt 0.193110 0.317960
vt 0.193700 0.317980
vt 0.192840 0.411090
vt 0.199133 0.411280
vt 0.203320 0.407050
vt 0.207125 0.409360
vt 0.203930 0.406980
vt 0.204500 0.406760
vt 0.205040 0.406410
vt 0.205500 0.405930
vt 0.205880 0.405340
vt 0.206170 0.404670
vt 0.206356 0.403748
vt 0.206101 0.318190
vt 0.207934 0.403740
vt 0.207590 0.318190
vt 0.208140 0.404670
vt 0.208440 0.405340
vt 0.208850 0.405920
vt 0.209340 0.406400
vt 0.209900 0.406750
vt 0.210510 0.406970
vt 0.211140 0.407040
vt 0.215135 0.409280
vt 0.211770 0.406950
vt 0.212380 0.406730
vt 0.212940 0.406360
vt 0.213430 0.405880
vt 0.213830 0.405280
vt 0.214130 0.404610
vt 0.214326 0.403677
vt 0.214071 0.318120
vt 0.215864 0.403648
vt 0.215520 0.318090
vt 0.216040 0.404570
vt 0.216310 0.405240
vt 0.216680 0.405810
vt 0.217120 0.406280
vt 0.217620 0.406630
vt 0.218160 0.406830
vt 0.218730 0.406890
vt 0.222300 0.409090
vt 0.219290 0.406800
vt 0.219840 0.406560
vt 0.220340 0.406190
vt 0.220770 0.405700
vt 0.221130 0.405100
vt 0.221400 0.404420
vt 0.221573 0.403480
vt 0.221980 0.317910
vt 0.221320 0.317930
vt 0.222760 0.411040
vt 0.215331 0.411250
vt 0.207031 0.411340
vt 0.300410 0.919436
vt 0.301360 0.918961
vt 0.301358 0.917260
vt 0.300410 0.916277
vt 0.301052 0.915341
vt 0.301050 0.914780
vt 0.300410 0.914700
vt 0.301358 0.920596
vt 0.300410 0.921500
vt 0.300416 0.922359
vt 0.301660 0.922070
vt 0.301660 0.921540
vt 0.302709 0.919780
vt 0.302710 0.917281
vt 0.302220 0.916400
vt 0.302220 0.915820
vt 0.302710 0.916720
vt 0.302220 0.920660
vt 0.302710 0.920340
vt 0.302220 0.921240
vt 0.303120 0.919510
vt 0.303120 0.918781
vt 0.303120 0.917552
vt 0.159160 0.134780
vt 0.159460 0.134120
vt 0.159320 0.134040
vt 0.158950 0.134660
vt 0.158510 0.135190
vt 0.158270 0.134940
vt 0.157646 0.133835
vt 0.157750 0.135340
vt 0.157502 0.134939
vt 0.156123 0.134753
vt 0.156360 0.135340
vt 0.155580 0.134790
vt 0.155348 0.133466
vt 0.157180 0.067923
vt 0.155490 0.067900
vt 0.156732 0.133162
vt 0.158632 0.133257
vt 0.159610 0.133370
vt 0.159519 0.133248
vt 0.159406 0.132903
vt 0.159614 0.067930
vt 0.162179 0.698568
vt 0.162150 0.633290
vt 0.161580 0.633270
vt 0.161585 0.704180
vt 0.162330 0.699510
vt 0.162560 0.700190
vt 0.162870 0.700780
vt 0.163240 0.701280
vt 0.163670 0.701660
vt 0.164130 0.701890
vt 0.164610 0.701990
vt 0.167660 0.704410
vt 0.165090 0.701930
vt 0.165550 0.701730
vt 0.165980 0.701380
vt 0.166350 0.700910
vt 0.166880 0.699670
vt 0.167033 0.698750
vt 0.167660 0.633500
vt 0.167070 0.633480
vt 0.157750 0.701820
vt 0.158360 0.701750
vt 0.158930 0.701540
vt 0.159470 0.701190
vt 0.159940 0.700710
vt 0.160320 0.700130
vt 0.160600 0.699460
vt 0.160796 0.698537
vt 0.160840 0.633260
vt 0.153964 0.704070
vt 0.157150 0.701740
vt 0.156570 0.701510
vt 0.156040 0.701140
vt 0.155570 0.700650
vt 0.155190 0.700060
vt 0.154900 0.699380
vt 0.154714 0.698448
vt 0.153960 0.633160
vt 0.154670 0.633170
vt 0.153126 0.698440
vt 0.153170 0.633170
vt 0.152930 0.699370
vt 0.152630 0.700040
vt 0.152230 0.700630
vt 0.151730 0.701120
vt 0.151170 0.701480
vt 0.150570 0.701700
vt 0.149930 0.701780
vt 0.145965 0.704100
vt 0.149300 0.701710
vt 0.148700 0.701490
vt 0.148140 0.701130
vt 0.147640 0.700650
vt 0.147240 0.700060
vt 0.146940 0.699390
vt 0.146744 0.698460
vt 0.145960 0.633190
vt 0.146700 0.633190
vt 0.145206 0.698478
vt 0.145250 0.633200
vt 0.145030 0.699410
vt 0.144760 0.700090
vt 0.144400 0.700690
vt 0.143960 0.701180
vt 0.143460 0.701550
vt 0.142910 0.701780
vt 0.142350 0.701870
vt 0.138790 0.704250
vt 0.141780 0.701810
vt 0.141240 0.701600
vt 0.140740 0.701250
vt 0.140300 0.700780
vt 0.139940 0.700200
vt 0.139670 0.699530
vt 0.139494 0.698607
vt 0.138790 0.633340
vt 0.139450 0.633330
vt 0.483357 0.489627
vt 0.482479 0.490663
vt 0.483403 0.491199
vt 0.483469 0.492060
vt 0.482250 0.491750
vt 0.482210 0.491220
vt 0.481865 0.488602
vt 0.483323 0.487355
vt 0.482234 0.486679
vt 0.483470 0.484980
vt 0.482506 0.485131
vt 0.481680 0.486080
vt 0.481620 0.489670
vt 0.481680 0.490919
vt 0.481180 0.489450
vt 0.481170 0.488523
vt 0.481185 0.487257
vt 0.481220 0.486390
vt 0.481710 0.485500
vt 0.658870 0.118630
vt 0.658779 0.119043
vt 0.659320 0.119380
vt 0.659410 0.119030
vt 0.658902 0.120397
vt 0.657729 0.119609
vt 0.656930 0.118580
vt 0.656738 0.120202
vt 0.657639 0.120805
vt 0.656820 0.206380
vt 0.658335 0.206370
vt 0.659719 0.120315
vt 0.659800 0.119790
vt 0.659677 0.121014
vt 0.659800 0.206350
vt 0.707730 0.301390
vt 0.706660 0.301572
vt 0.707573 0.302709
vt 0.706485 0.303044
vt 0.707730 0.388580
vt 0.706670 0.388590
vt 0.200271 0.403699
vt 0.199930 0.318150
vt 0.200460 0.404630
vt 0.200750 0.405310
vt 0.201140 0.405900
vt 0.201610 0.406380
vt 0.202140 0.406750
vt 0.202720 0.406970
vt 0.439501 0.822836
vt 0.440643 0.822172
vt 0.439460 0.820460
vt 0.440956 0.820837
vt 0.440996 0.824107
vt 0.439459 0.825106
vt 0.439460 0.827541
vt 0.440387 0.826153
vt 0.440431 0.827348
vt 0.441270 0.825840
vt 0.441760 0.821899
vt 0.441760 0.821410
vt 0.441760 0.824352
vt 0.441760 0.825519
vt 0.441270 0.826889
vt 0.442160 0.824210
vt 0.442160 0.823458
vt 0.442160 0.822292
vt 0.114723 0.102824
vt 0.115100 0.101435
vt 0.113929 0.102224
vt 0.113120 0.103230
vt 0.112938 0.101633
vt 0.113839 0.101035
vt 0.113020 0.035750
vt 0.114535 0.035760
vt 0.115919 0.101495
vt 0.116000 0.102020
vt 0.115877 0.100805
vt 0.116000 0.035750
vt 0.371050 0.067670
vt 0.370889 0.066351
vt 0.369970 0.067508
vt 0.369805 0.066026
vt 0.371050 0.000760
vt 0.369990 0.000760
vt 0.475465 0.481532
vt 0.474961 0.483832
vt 0.475630 0.484491
vt 0.475000 0.484420
vt 0.474035 0.481771
vt 0.475324 0.479513
vt 0.474030 0.480207
vt 0.474645 0.478549
vt 0.475630 0.477390
vt 0.474722 0.477539
vt 0.473830 0.478510
vt 0.474071 0.483490
vt 0.473370 0.482969
vt 0.473325 0.481577
vt 0.473325 0.480311
vt 0.473370 0.478841
vt 0.473870 0.477950
vt 0.696049 0.206560
vt 0.696800 0.205992
vt 0.695989 0.205768
vt 0.697790 0.207020
vt 0.697687 0.205397
vt 0.696763 0.204795
vt 0.697791 0.119220
vt 0.695950 0.204721
vt 0.696070 0.119230
vt 0.683560 0.118780
vt 0.685231 0.118020
vt 0.684222 0.117652
vt 0.683560 0.118200
vt 0.682920 0.118240
vt 0.682948 0.116914
vt 0.684440 0.116582
vt 0.682919 0.031050
vt 0.685225 0.117354
vt 0.685220 0.116474
vt 0.685230 0.031040
vt 0.438048 0.939696
vt 0.438770 0.938761
vt 0.437860 0.938590
vt 0.439385 0.940521
vt 0.438071 0.941341
vt 0.439391 0.942023
vt 0.439386 0.943585
vt 0.437913 0.943362
vt 0.437860 0.945670
vt 0.438775 0.945526
vt 0.439660 0.939710
vt 0.439660 0.939240
vt 0.440150 0.940121
vt 0.440150 0.941465
vt 0.440150 0.942420
vt 0.440150 0.943050
vt 0.440150 0.943966
vt 0.440146 0.944724
vt 0.440560 0.942920
vt 0.440560 0.942420
vt 0.176640 0.011760
vt 0.175688 0.011873
vt 0.176584 0.013071
vt 0.175674 0.013379
vt 0.176641 0.078650
vt 0.174860 0.013460
vt 0.174920 0.012144
vt 0.174930 0.078670
vt 0.045911 0.011980
vt 0.045126 0.012331
vt 0.045905 0.012651
vt 0.043600 0.011180
vt 0.043599 0.012168
vt 0.043589 0.013411
vt 0.043599 0.078680
vt 0.045119 0.013433
vt 0.045900 0.013536
vt 0.045910 0.078680
vt 0.401206 0.738737
vt 0.400322 0.740911
vt 0.401277 0.741904
vt 0.400679 0.742899
vt 0.400710 0.743510
vt 0.401340 0.743570
vt 0.399739 0.739271
vt 0.400337 0.737611
vt 0.401298 0.736726
vt 0.401334 0.735941
vt 0.400120 0.736260
vt 0.400080 0.736740
vt 0.399540 0.737071
vt 0.399490 0.738240
vt 0.399021 0.739734
vt 0.399511 0.741851
vt 0.399540 0.742460
vt 0.399030 0.738512
vt 0.398650 0.739780
vt 0.398660 0.740538
vt 0.398670 0.741230
vt 0.112170 0.103240
vt 0.111953 0.101910
vt 0.111650 0.103200
vt 0.111403 0.101653
vt 0.111650 0.016040
vt 0.112170 0.016040
vt 0.562410 0.205260
vt 0.562310 0.204990
vt 0.561382 0.205086
vt 0.561390 0.206150
vt 0.561232 0.205749
vt 0.559864 0.205573
vt 0.560020 0.206150
vt 0.559260 0.205610
vt 0.559117 0.204282
vt 0.560652 0.118430
vt 0.559190 0.118420
vt 0.560614 0.203963
vt 0.561894 0.204137
vt 0.562654 0.204158
vt 0.562740 0.204520
vt 0.562607 0.203682
vt 0.562740 0.118430
vt 0.437399 0.480164
vt 0.438128 0.479172
vt 0.437190 0.478267
vt 0.437196 0.477411
vt 0.438430 0.478230
vt 0.438430 0.477700
vt 0.438721 0.480844
vt 0.438716 0.482402
vt 0.437243 0.482182
vt 0.437190 0.484490
vt 0.438105 0.484346
vt 0.438990 0.479110
vt 0.438990 0.478530
vt 0.439490 0.479431
vt 0.439490 0.480598
vt 0.439490 0.483050
vt 0.439486 0.483544
vt 0.439890 0.482658
vt 0.439890 0.481493
vt 0.439890 0.480740
vt 0.027810 0.000410
vt 0.027280 0.000460
vt 0.027593 0.001728
vt 0.027043 0.002000
vt 0.027290 0.067320
vt 0.027810 0.067310
vt 0.257540 0.052400
vt 0.257409 0.052755
vt 0.257910 0.053160
vt 0.258020 0.052890
vt 0.258198 0.054456
vt 0.256902 0.053759
vt 0.255723 0.052971
vt 0.255030 0.051950
vt 0.254736 0.053565
vt 0.255592 0.054165
vt 0.256256 0.119448
vt 0.254800 0.119450
vt 0.258264 0.053992
vt 0.258350 0.053630
vt 0.258350 0.119430
vt 0.461620 0.942587
vt 0.461398 0.940056
vt 0.460387 0.940903
vt 0.460687 0.942978
vt 0.461643 0.944727
vt 0.460430 0.945410
vt 0.461659 0.945670
vt 0.460410 0.944820
vt 0.461660 0.938570
vt 0.460432 0.938839
vt 0.460411 0.939430
vt 0.459584 0.942128
vt 0.459850 0.943931
vt 0.459860 0.944550
vt 0.459360 0.943070
vt 0.459370 0.943660
vt 0.459360 0.941180
vt 0.459380 0.940071
vt 0.458980 0.941390
vt 0.458980 0.942132
vt 0.458980 0.942870
vt 0.187190 0.528254
vt 0.186250 0.529591
vt 0.187190 0.531416
vt 0.186252 0.531228
vt 0.186561 0.532360
vt 0.186560 0.532920
vt 0.187190 0.532990
vt 0.186252 0.527890
vt 0.186559 0.525971
vt 0.187190 0.526198
vt 0.186560 0.525410
vt 0.187190 0.525330
vt 0.185380 0.527040
vt 0.185210 0.529497
vt 0.185380 0.531290
vt 0.185380 0.531870
vt 0.184890 0.530970
vt 0.184890 0.530410
vt 0.184890 0.527920
vt 0.184890 0.527350
vt 0.185380 0.526460
vt 0.184490 0.528180
vt 0.184490 0.528907
vt 0.184490 0.530138
vt 0.075371 0.473355
vt 0.067713 0.468850
vt 0.066823 0.470969
vt 0.075150 0.475874
vt 0.083630 0.473340
vt 0.084150 0.475860
vt 0.091084 0.468976
vt 0.092256 0.471115
vt 0.096913 0.460740
vt 0.098603 0.462151
vt 0.100096 0.449893
vt 0.102066 0.450353
vt 0.100110 0.438124
vt 0.102080 0.437535
vt 0.096964 0.427212
vt 0.098654 0.425664
vt 0.091117 0.418830
vt 0.092297 0.416541
vt 0.083479 0.414265
vt 0.083990 0.411576
vt 0.075219 0.414220
vt 0.074990 0.411520
vt 0.067589 0.418685
vt 0.066690 0.416374
vt 0.061757 0.426980
vt 0.060337 0.425410
vt 0.058614 0.437847
vt 0.056924 0.437237
vt 0.058650 0.449626
vt 0.056960 0.450055
vt 0.061846 0.460517
vt 0.060436 0.461906
vt 0.578560 0.966190
vt 0.578550 0.979019
vt 0.583710 0.966211
vt 0.583730 0.954360
vt 0.578580 0.954360
vt 0.583700 0.979012
vt 0.578560 0.990617
vt 0.583710 0.990608
vt 0.578580 0.999770
vt 0.583730 0.999780
vt 0.465570 0.988300
vt 0.460420 0.988309
vt 0.460580 0.999780
vt 0.465730 0.999750
vt 0.465520 0.975511
vt 0.460370 0.975520
vt 0.465570 0.963321
vt 0.460420 0.963332
vt 0.465730 0.953600
vt 0.460580 0.953630
vt 0.516220 0.975951
vt 0.516250 0.963561
vt 0.511070 0.975939
vt 0.511090 0.988659
vt 0.516250 0.988680
vt 0.511150 0.999780
vt 0.516310 0.999770
vt 0.511090 0.963551
vt 0.516310 0.953370
vt 0.511150 0.953380
vt 0.443300 0.990099
vt 0.443480 0.999740
vt 0.448450 0.990158
vt 0.448390 0.978021
vt 0.443240 0.977959
vt 0.448450 0.965211
vt 0.443300 0.965160
vt 0.448630 0.953690
vt 0.443480 0.953650
vt 0.448630 0.999780
vt 0.153969 0.704070
vt 0.145960 0.704100
vt 0.145040 0.709160
vt 0.154400 0.709130
vt 0.161580 0.704180
vt 0.163290 0.709250
vt 0.183490 0.933950
vt 0.183490 0.922570
vt 0.180110 0.921609
vt 0.180110 0.934900
vt 0.348751 0.745560
vt 0.355320 0.740320
vt 0.346871 0.740340
vt 0.355980 0.745550
vt 0.364679 0.740320
vt 0.364001 0.745550
vt 0.373340 0.740340
vt 0.371420 0.745570
vt 0.391992 0.830733
vt 0.393560 0.819559
vt 0.390390 0.817699
vt 0.388562 0.830735
vt 0.393560 0.841880
vt 0.390390 0.843750
vt 0.235220 0.921410
vt 0.235220 0.910040
vt 0.231850 0.909079
vt 0.231850 0.922360
vt 0.025090 0.887610
vt 0.017339 0.887580
vt 0.017570 0.892730
vt 0.026610 0.892770
vt 0.008270 0.892750
vt 0.009370 0.887600
vt 0.186991 0.745220
vt 0.195001 0.745250
vt 0.195889 0.739880
vt 0.186539 0.739850
vt 0.179400 0.745350
vt 0.177680 0.740000
vt 0.204310 0.740090
vt 0.202210 0.745430
vt 0.382920 0.841880
vt 0.381362 0.830733
vt 0.377912 0.830735
vt 0.379750 0.843750
vt 0.379750 0.817699
vt 0.382920 0.819560
vt 0.000160 0.892830
vt 0.000160 0.907770
vt 0.008263 0.907700
vt 0.008278 0.892750
vt 0.017552 0.907670
vt 0.017568 0.892730
vt 0.026602 0.907720
vt 0.026617 0.892770
vt 0.034040 0.907810
vt 0.034040 0.892860
vt 0.170650 0.740310
vt 0.177674 0.740000
vt 0.170650 0.725370
vt 0.177688 0.725060
vt 0.186542 0.739850
vt 0.186558 0.724910
vt 0.195892 0.739880
vt 0.195907 0.724940
vt 0.204310 0.740090
vt 0.204310 0.725150
vt 0.163296 0.709250
vt 0.163282 0.724200
vt 0.170380 0.724460
vt 0.170380 0.709520
vt 0.154398 0.709130
vt 0.154382 0.724070
vt 0.145048 0.709160
vt 0.145033 0.724100
vt 0.136670 0.709340
vt 0.136670 0.724280
vt 0.355341 0.740320
vt 0.355328 0.725370
vt 0.346850 0.725390
vt 0.346864 0.740340
vt 0.340170 0.725430
vt 0.340170 0.740380
vt 0.364682 0.740320
vt 0.364698 0.725370
vt 0.373340 0.740340
vt 0.373340 0.725390
vt 0.424049 0.832516
vt 0.424090 0.830269
vt 0.423143 0.830829
vt 0.423904 0.834431
vt 0.423071 0.834626
vt 0.423179 0.835488
vt 0.424090 0.835640
vt 0.422558 0.832480
vt 0.423068 0.829558
vt 0.424090 0.828540
vt 0.423175 0.828704
vt 0.422290 0.829670
vt 0.422033 0.831068
vt 0.422290 0.833890
vt 0.422290 0.835049
vt 0.421800 0.833629
vt 0.421800 0.832410
vt 0.421393 0.830477
vt 0.421390 0.830890
vt 0.421390 0.831604
vt 0.421390 0.832350
vt 0.422290 0.829140
vt 0.641460 0.118640
vt 0.642374 0.119798
vt 0.642470 0.119520
vt 0.641339 0.119063
vt 0.640871 0.119764
vt 0.639311 0.119590
vt 0.639500 0.118590
vt 0.639203 0.120846
vt 0.639260 0.206370
vt 0.640730 0.206373
vt 0.640770 0.120874
vt 0.641919 0.120842
vt 0.642310 0.120130
vt 0.642687 0.121110
vt 0.642739 0.120497
vt 0.642740 0.206320
vt 0.444634 0.203020
vt 0.443905 0.197400
vt 0.444539 0.288610
vt 0.444820 0.202090
vt 0.445100 0.201420
vt 0.445470 0.200830
vt 0.445930 0.200340
vt 0.446450 0.199980
vt 0.447010 0.199760
vt 0.447600 0.199690
vt 0.451157 0.197358
vt 0.448190 0.199760
vt 0.448750 0.199980
vt 0.449270 0.200340
vt 0.449720 0.200820
vt 0.450100 0.201410
vt 0.450370 0.202080
vt 0.450556 0.203010
vt 0.450551 0.288600
vt 0.451707 0.203003
vt 0.451620 0.288600
vt 0.451850 0.202070
vt 0.452060 0.201400
vt 0.452350 0.200810
vt 0.452710 0.200330
vt 0.453110 0.199970
vt 0.453550 0.199740
vt 0.454000 0.199670
vt 0.456890 0.197353
vt 0.454450 0.199740
vt 0.454890 0.199960
vt 0.455290 0.200310
vt 0.455640 0.200800
vt 0.456150 0.202050
vt 0.456291 0.202983
vt 0.456830 0.288570
vt 0.456270 0.288580
vt 0.457500 0.195430
vt 0.451557 0.195460
vt 0.444026 0.195470
vt 0.439870 0.199690
vt 0.435875 0.197389
vt 0.439240 0.199760
vt 0.438630 0.199980
vt 0.438070 0.200340
vt 0.437570 0.200820
vt 0.437170 0.201410
vt 0.436870 0.202080
vt 0.436664 0.203013
vt 0.436569 0.288600
vt 0.435106 0.203003
vt 0.435090 0.288600
vt 0.434920 0.202070
vt 0.434640 0.201400
vt 0.434270 0.200810
vt 0.433820 0.200330
vt 0.433300 0.199970
vt 0.432740 0.199740
vt 0.432150 0.199670
vt 0.428470 0.197340
vt 0.431570 0.199740
vt 0.431000 0.199960
vt 0.430490 0.200310
vt 0.430030 0.200790
vt 0.429660 0.201380
vt 0.429380 0.202050
vt 0.429194 0.202983
vt 0.428410 0.288570
vt 0.429100 0.288580
vt 0.428060 0.195430
vt 0.435740 0.195460
vt 0.706050 0.749730
vt 0.704940 0.749922
vt 0.705905 0.751024
vt 0.704788 0.751378
vt 0.706050 0.836840
vt 0.704950 0.836880
vt 0.187190 0.503946
vt 0.186250 0.505281
vt 0.187190 0.507105
vt 0.186252 0.506915
vt 0.186560 0.508040
vt 0.186560 0.508600
vt 0.187190 0.508680
vt 0.185634 0.507695
vt 0.186252 0.503580
vt 0.187191 0.501878
vt 0.187189 0.501020
vt 0.185950 0.501310
vt 0.185950 0.501840
vt 0.185380 0.502720
vt 0.184892 0.504211
vt 0.185124 0.505541
vt 0.184890 0.506661
vt 0.184890 0.507150
vt 0.184890 0.503041
vt 0.185380 0.502140
vt 0.184490 0.504350
vt 0.184490 0.505102
vt 0.184490 0.506268
vt 0.673690 0.741610
vt 0.674160 0.741120
vt 0.674001 0.740542
vt 0.673589 0.741275
vt 0.673168 0.740761
vt 0.671685 0.741463
vt 0.671800 0.742030
vt 0.671060 0.741510
vt 0.670951 0.740192
vt 0.672464 0.739877
vt 0.670949 0.674650
vt 0.674439 0.740143
vt 0.674377 0.739553
vt 0.673645 0.739725
vt 0.673343 0.674651
vt 0.674440 0.674620
vt 0.325227 0.882817
vt 0.325190 0.817510
vt 0.324500 0.817510
vt 0.324493 0.888450
vt 0.325410 0.883750
vt 0.325690 0.884420
vt 0.326070 0.885000
vt 0.326520 0.885490
vt 0.327040 0.885840
vt 0.327600 0.886060
vt 0.328190 0.886140
vt 0.331752 0.888429
vt 0.328780 0.886060
vt 0.329340 0.885840
vt 0.329860 0.885480
vt 0.330320 0.884990
vt 0.330690 0.884400
vt 0.330970 0.883730
vt 0.331156 0.882797
vt 0.331730 0.817490
vt 0.331200 0.817490
vt 0.332297 0.882798
vt 0.332260 0.817490
vt 0.332440 0.883720
vt 0.332660 0.884390
vt 0.332950 0.884980
vt 0.333300 0.885460
vt 0.333700 0.885820
vt 0.334140 0.886040
vt 0.334590 0.886110
vt 0.337480 0.888400
vt 0.335050 0.886030
vt 0.335480 0.885810
vt 0.335880 0.885450
vt 0.336240 0.884960
vt 0.336740 0.883700
vt 0.336883 0.882768
vt 0.337480 0.817460
vt 0.336920 0.817460
vt 0.320460 0.886150
vt 0.321100 0.886070
vt 0.321710 0.885850
vt 0.322270 0.885490
vt 0.322760 0.885010
vt 0.323160 0.884420
vt 0.323460 0.883750
vt 0.323666 0.882817
vt 0.323710 0.817510
vt 0.316466 0.888450
vt 0.319830 0.886070
vt 0.319220 0.885850
vt 0.318660 0.885490
vt 0.318160 0.885010
vt 0.317760 0.884420
vt 0.317460 0.883750
vt 0.317261 0.882817
vt 0.316470 0.817510
vt 0.317210 0.817510
vt 0.315696 0.882817
vt 0.315740 0.817510
vt 0.315510 0.883750
vt 0.315230 0.884420
vt 0.314860 0.885000
vt 0.314410 0.885490
vt 0.313890 0.885840
vt 0.313330 0.886060
vt 0.312740 0.886140
vt 0.309060 0.888430
vt 0.312160 0.886060
vt 0.311600 0.885840
vt 0.311080 0.885480
vt 0.310620 0.884990
vt 0.310250 0.884400
vt 0.309970 0.883730
vt 0.309787 0.882797
vt 0.309060 0.817490
vt 0.309750 0.817490
vt 0.144200 0.067740
vt 0.144058 0.066399
vt 0.143090 0.067598
vt 0.142945 0.066106
vt 0.144200 0.000850
vt 0.143100 0.000870
vt 0.416066 0.656563
vt 0.415850 0.654597
vt 0.415113 0.656521
vt 0.414809 0.658285
vt 0.416048 0.658699
vt 0.416019 0.659650
vt 0.414519 0.659232
vt 0.414513 0.654931
vt 0.414790 0.653706
vt 0.416020 0.652540
vt 0.414515 0.652960
vt 0.413733 0.657023
vt 0.413700 0.658600
vt 0.413725 0.657903
vt 0.413730 0.655150
vt 0.413725 0.654282
vt 0.413700 0.653580
vt 0.413310 0.655350
vt 0.413310 0.656092
vt 0.413310 0.656830
vt 0.688679 0.584330
vt 0.689490 0.583739
vt 0.688660 0.583830
vt 0.690460 0.584780
vt 0.690408 0.583140
vt 0.689475 0.582534
vt 0.690460 0.496990
vt 0.688227 0.497030
vt 0.688183 0.582436
vt 0.688180 0.583090
vt 0.688190 0.583580
vt 0.681582 0.205907
vt 0.682610 0.205710
vt 0.682590 0.205250
vt 0.682566 0.204609
vt 0.680260 0.206380
vt 0.680233 0.205078
vt 0.681174 0.204782
vt 0.680250 0.119260
vt 0.682614 0.119220
vt 0.443069 0.203020
vt 0.443060 0.288610
vt 0.442870 0.202090
vt 0.442570 0.201420
vt 0.442170 0.200830
vt 0.441670 0.200340
vt 0.441110 0.199980
vt 0.440500 0.199760
vt 0.485909 0.829668
vt 0.486749 0.829518
vt 0.486643 0.828732
vt 0.485720 0.828560
vt 0.487262 0.831605
vt 0.485933 0.831315
vt 0.487272 0.833177
vt 0.486589 0.834213
vt 0.485720 0.833295
vt 0.485720 0.835640
vt 0.486643 0.835497
vt 0.488020 0.830846
vt 0.487530 0.829680
vt 0.487530 0.829210
vt 0.488020 0.830090
vt 0.488020 0.832067
vt 0.488020 0.833335
vt 0.488020 0.834200
vt 0.488016 0.834694
vt 0.291179 0.001460
vt 0.291160 0.002010
vt 0.292147 0.002249
vt 0.292950 0.001070
vt 0.292921 0.002370
vt 0.292950 0.067920
vt 0.290717 0.067970
vt 0.291425 0.002728
vt 0.290687 0.002861
vt 0.290700 0.002210
vt 0.394931 0.012300
vt 0.394099 0.012688
vt 0.394905 0.012991
vt 0.392590 0.011530
vt 0.392557 0.012532
vt 0.392536 0.013797
vt 0.392580 0.079030
vt 0.394934 0.078980
vt 0.394074 0.013802
vt 0.394890 0.013881
vt 0.257164 0.917788
vt 0.257200 0.920078
vt 0.258118 0.918235
vt 0.258116 0.916565
vt 0.257182 0.915658
vt 0.257216 0.914731
vt 0.258440 0.915560
vt 0.258470 0.914980
vt 0.258748 0.919773
vt 0.257272 0.921569
vt 0.257331 0.922360
vt 0.258580 0.922030
vt 0.258540 0.921550
vt 0.259070 0.920670
vt 0.259277 0.917546
vt 0.259242 0.915978
vt 0.259540 0.919180
vt 0.259580 0.920309
vt 0.259970 0.918980
vt 0.259960 0.918238
vt 0.259960 0.917258
vt 0.259970 0.916630
vt 0.259110 0.921220
vt 0.712440 0.476240
vt 0.712242 0.474912
vt 0.711410 0.476108
vt 0.711213 0.474614
vt 0.712440 0.389070
vt 0.711430 0.389090
vt 0.613460 0.937480
vt 0.614094 0.935905
vt 0.613292 0.936950
vt 0.612804 0.935821
vt 0.612080 0.937090
vt 0.611892 0.935789
vt 0.613456 0.849993
vt 0.612010 0.849970
vt 0.615581 0.935979
vt 0.614965 0.935645
vt 0.615493 0.935627
vt 0.615580 0.849960
vt 0.615437 0.935162
vt 0.446910 0.950855
vt 0.447850 0.950381
vt 0.446909 0.948552
vt 0.446909 0.946987
vt 0.448150 0.946410
vt 0.446911 0.946120
vt 0.448150 0.946940
vt 0.448436 0.948785
vt 0.447848 0.952015
vt 0.446910 0.953210
vt 0.447823 0.953057
vt 0.448710 0.952080
vt 0.448971 0.950296
vt 0.448710 0.947820
vt 0.448710 0.947240
vt 0.449200 0.948141
vt 0.449200 0.949320
vt 0.449607 0.951373
vt 0.448710 0.952660
vt 0.449610 0.950930
vt 0.449610 0.950203
vt 0.449610 0.949450
vt 0.339840 0.000540
vt 0.338820 0.000742
vt 0.339652 0.001840
vt 0.338625 0.002203
vt 0.339840 0.067390
vt 0.338840 0.067440
vt 0.467040 0.059480
vt 0.467937 0.060639
vt 0.468060 0.060360
vt 0.466869 0.059903
vt 0.466340 0.060606
vt 0.464813 0.060430
vt 0.465060 0.059420
vt 0.464670 0.061685
vt 0.464810 0.126920
vt 0.466259 0.126923
vt 0.466204 0.061719
vt 0.467506 0.061525
vt 0.468293 0.061468
vt 0.468390 0.061100
vt 0.468237 0.061958
vt 0.468390 0.126880
vt 0.182904 0.921169
vt 0.181711 0.920300
vt 0.181660 0.920860
vt 0.182803 0.920015
vt 0.181470 0.919166
vt 0.182842 0.918343
vt 0.181506 0.917647
vt 0.181512 0.916094
vt 0.183012 0.916331
vt 0.183017 0.914344
vt 0.182368 0.914111
vt 0.182330 0.913580
vt 0.182960 0.913520
vt 0.181200 0.915160
vt 0.180620 0.919600
vt 0.180650 0.919090
vt 0.180693 0.917579
vt 0.180690 0.916030
vt 0.180670 0.915480
vt 0.180240 0.916310
vt 0.180250 0.916790
vt 0.180250 0.917290
vt 0.180235 0.918037
vt 0.180210 0.918720
vt 0.179900 0.916970
vt 0.179900 0.917310
vt 0.181170 0.914590
vt 0.503717 0.730903
vt 0.503133 0.725312
vt 0.503399 0.816440
vt 0.503870 0.729970
vt 0.504100 0.729290
vt 0.504400 0.728690
vt 0.504770 0.728190
vt 0.505200 0.727820
vt 0.505660 0.727580
vt 0.506130 0.727490
vt 0.509170 0.725084
vt 0.506610 0.727540
vt 0.507070 0.727750
vt 0.507490 0.728090
vt 0.507850 0.728560
vt 0.508160 0.729130
vt 0.508380 0.729800
vt 0.508531 0.730722
vt 0.508860 0.816240
vt 0.508280 0.816260
vt 0.509760 0.723170
vt 0.503527 0.723410
vt 0.499320 0.727640
vt 0.495533 0.725391
vt 0.498710 0.727720
vt 0.498140 0.727950
vt 0.497600 0.728310
vt 0.497140 0.728800
vt 0.496750 0.729390
vt 0.496470 0.730060
vt 0.496274 0.730992
vt 0.495939 0.816540
vt 0.494696 0.730993
vt 0.494450 0.816540
vt 0.494490 0.730060
vt 0.494200 0.729390
vt 0.493800 0.728800
vt 0.493310 0.728310
vt 0.492750 0.727950
vt 0.492140 0.727720
vt 0.491510 0.727640
vt 0.487525 0.725309
vt 0.490870 0.727710
vt 0.490270 0.727920
vt 0.489700 0.728270
vt 0.489210 0.728750
vt 0.488810 0.729340
vt 0.488500 0.730000
vt 0.488301 0.730933
vt 0.487969 0.816470
vt 0.486763 0.730902
vt 0.486520 0.816440
vt 0.486580 0.729970
vt 0.486320 0.729290
vt 0.485960 0.728690
vt 0.485520 0.728190
vt 0.485010 0.727820
vt 0.484470 0.727580
vt 0.483900 0.727480
vt 0.480330 0.725070
vt 0.483330 0.727540
vt 0.482780 0.727750
vt 0.482280 0.728090
vt 0.481840 0.728560
vt 0.481470 0.729130
vt 0.481200 0.729800
vt 0.481014 0.730720
vt 0.480030 0.816240
vt 0.480690 0.816260
vt 0.479880 0.723170
vt 0.487350 0.723410
vt 0.495659 0.723490
vt 0.176940 0.910720
vt 0.176480 0.910899
vt 0.176940 0.912941
vt 0.176480 0.913070
vt 0.350314 0.930131
vt 0.350891 0.927871
vt 0.350260 0.928102
vt 0.350890 0.927310
vt 0.350260 0.927240
vt 0.351786 0.929903
vt 0.350471 0.932146
vt 0.351792 0.931464
vt 0.350260 0.934901
vt 0.351198 0.933135
vt 0.350889 0.934260
vt 0.350890 0.934820
vt 0.352060 0.933190
vt 0.352060 0.928940
vt 0.352060 0.928360
vt 0.352560 0.929260
vt 0.352560 0.929817
vt 0.352560 0.931700
vt 0.352560 0.932879
vt 0.352060 0.933770
vt 0.352960 0.931570
vt 0.352960 0.930816
vt 0.352960 0.930090
vt 0.110853 0.751011
vt 0.110890 0.816270
vt 0.111450 0.816250
vt 0.111445 0.745350
vt 0.110710 0.750090
vt 0.110480 0.749430
vt 0.110180 0.748850
vt 0.109810 0.748380
vt 0.109390 0.748040
vt 0.108930 0.747840
vt 0.108450 0.747790
vt 0.105430 0.745620
vt 0.107980 0.747890
vt 0.107520 0.748130
vt 0.107100 0.748500
vt 0.106730 0.749000
vt 0.106200 0.750290
vt 0.106047 0.751222
vt 0.105430 0.816510
vt 0.106010 0.816490
vt 0.115270 0.747590
vt 0.114670 0.747680
vt 0.114090 0.747910
vt 0.113560 0.748270
vt 0.113090 0.748770
vt 0.112710 0.749360
vt 0.112430 0.750040
vt 0.112234 0.750972
vt 0.112190 0.816230
vt 0.119050 0.745220
vt 0.115870 0.747660
vt 0.116450 0.747870
vt 0.116980 0.748220
vt 0.117440 0.748690
vt 0.117830 0.749270
vt 0.118110 0.749940
vt 0.118296 0.750862
vt 0.119050 0.816120
vt 0.118340 0.816130
vt 0.119881 0.750853
vt 0.119830 0.816120
vt 0.120080 0.749930
vt 0.120380 0.749260
vt 0.120780 0.748670
vt 0.121280 0.748190
vt 0.121840 0.747830
vt 0.122440 0.747610
vt 0.123080 0.747540
vt 0.127064 0.745250
vt 0.123710 0.747620
vt 0.124320 0.747840
vt 0.124880 0.748200
vt 0.125370 0.748680
vt 0.125770 0.749270
vt 0.126070 0.749950
vt 0.126276 0.750872
vt 0.127060 0.816140
vt 0.126320 0.816140
vt 0.127814 0.750900
vt 0.127770 0.816160
vt 0.127990 0.749970
vt 0.128260 0.749310
vt 0.128620 0.748730
vt 0.129070 0.748260
vt 0.129570 0.747910
vt 0.130120 0.747700
vt 0.130680 0.747640
vt 0.134260 0.745430
vt 0.131250 0.747730
vt 0.131800 0.747970
vt 0.132300 0.748340
vt 0.132740 0.748830
vt 0.133110 0.749430
vt 0.133370 0.750100
vt 0.133556 0.751042
vt 0.134260 0.816320
vt 0.133600 0.816310
vt 0.196994 0.916428
vt 0.197178 0.918416
vt 0.197949 0.916516
vt 0.197094 0.914370
vt 0.198151 0.913733
vt 0.197180 0.913510
vt 0.198567 0.915817
vt 0.198229 0.919201
vt 0.197060 0.921171
vt 0.197649 0.920550
vt 0.197700 0.921110
vt 0.199097 0.917739
vt 0.198940 0.914680
vt 0.198990 0.914210
vt 0.199450 0.915101
vt 0.199380 0.916160
vt 0.199800 0.918842
vt 0.199081 0.919934
vt 0.199830 0.919230
vt 0.199800 0.918167
vt 0.199805 0.917167
vt 0.199830 0.916440
vt 0.515620 0.107150
vt 0.515474 0.107727
vt 0.516958 0.108433
vt 0.517911 0.108311
vt 0.517820 0.108640
vt 0.514870 0.107680
vt 0.514727 0.109012
vt 0.514740 0.194880
vt 0.515901 0.194874
vt 0.516234 0.109342
vt 0.517435 0.109476
vt 0.518207 0.109627
vt 0.518279 0.109017
vt 0.518284 0.194880
vt 0.701960 0.212520
vt 0.700820 0.212682
vt 0.701823 0.213864
vt 0.700830 0.299710
vt 0.701960 0.299720
vt 0.700690 0.214680
vt 0.700700 0.213980
vt 0.700220 0.214680
vt 0.700240 0.214050
vt 0.502336 0.730932
vt 0.502100 0.816470
vt 0.502150 0.730000
vt 0.501870 0.729340
vt 0.501490 0.728750
vt 0.501020 0.728270
vt 0.500490 0.727920
vt 0.499920 0.727710
vt 0.460090 0.833465
vt 0.459070 0.834220
vt 0.460300 0.835640
vt 0.458806 0.835264
vt 0.459353 0.831543
vt 0.460300 0.831485
vt 0.460301 0.829420
vt 0.460299 0.828560
vt 0.459060 0.828850
vt 0.459060 0.829380
vt 0.458504 0.830267
vt 0.458003 0.832398
vt 0.458000 0.834690
vt 0.458000 0.834200
vt 0.458000 0.831433
vt 0.458000 0.830580
vt 0.458500 0.829680
vt 0.457600 0.832390
vt 0.457600 0.833137
vt 0.457600 0.833810
vt 0.670620 0.836420
vt 0.671100 0.835930
vt 0.670911 0.835342
vt 0.670499 0.836075
vt 0.670048 0.835536
vt 0.668818 0.835857
vt 0.668110 0.836880
vt 0.667889 0.835890
vt 0.667763 0.834646
vt 0.668991 0.769380
vt 0.667830 0.769380
vt 0.669324 0.834627
vt 0.671369 0.834963
vt 0.671297 0.834353
vt 0.670525 0.834498
vt 0.671374 0.769390
vt 0.253620 0.067890
vt 0.253504 0.066580
vt 0.252470 0.067718
vt 0.252355 0.066250
vt 0.253620 0.001000
vt 0.252480 0.000990
vt 0.407102 0.648586
vt 0.408302 0.647221
vt 0.407277 0.645984
vt 0.408621 0.644805
vt 0.407100 0.644440
vt 0.408610 0.645754
vt 0.408611 0.648803
vt 0.407128 0.650653
vt 0.407201 0.651540
vt 0.408701 0.651073
vt 0.408672 0.650217
vt 0.409460 0.645380
vt 0.409430 0.645860
vt 0.409415 0.647335
vt 0.409430 0.648900
vt 0.409476 0.649742
vt 0.409520 0.650410
vt 0.409880 0.648650
vt 0.409860 0.647912
vt 0.409860 0.646923
vt 0.409880 0.646260
vt 0.692712 0.741564
vt 0.691743 0.740276
vt 0.691730 0.740920
vt 0.691730 0.741400
vt 0.694020 0.742030
vt 0.694020 0.740715
vt 0.693086 0.740415
vt 0.694021 0.654840
vt 0.691730 0.654840
vt 0.661570 0.836880
vt 0.663941 0.836080
vt 0.663057 0.835719
vt 0.661495 0.835885
vt 0.661456 0.834633
vt 0.662907 0.749087
vt 0.661450 0.749080
vt 0.663012 0.834617
vt 0.663884 0.835404
vt 0.663860 0.834660
vt 0.664320 0.834558
vt 0.664320 0.749100
vt 0.491321 0.482636
vt 0.490406 0.484346
vt 0.491320 0.484490
vt 0.489794 0.482402
vt 0.491279 0.480362
vt 0.489788 0.480843
vt 0.491320 0.477980
vt 0.490084 0.479265
vt 0.489828 0.478365
vt 0.489034 0.483544
vt 0.489030 0.483050
vt 0.489030 0.482184
vt 0.489030 0.480916
vt 0.489030 0.479694
vt 0.489030 0.478940
vt 0.603939 0.003240
vt 0.603930 0.004290
vt 0.604798 0.003798
vt 0.605740 0.002770
vt 0.605740 0.003760
vt 0.605738 0.005009
vt 0.604215 0.005028
vt 0.605741 0.070280
vt 0.603450 0.070270
vt 0.603440 0.005124
vt 0.603440 0.004470
vt 0.234129 0.087159
vt 0.235011 0.086829
vt 0.234181 0.086499
vt 0.236490 0.087970
vt 0.236575 0.086995
vt 0.236614 0.085760
vt 0.236620 0.020500
vt 0.235163 0.020493
vt 0.235056 0.085737
vt 0.234210 0.085770
vt 0.234220 0.085230
vt 0.233750 0.020480
vt 0.233750 0.085220
vt 0.411925 0.833363
vt 0.410999 0.834519
vt 0.411910 0.835640
vt 0.410987 0.835505
vt 0.410408 0.832880
vt 0.410399 0.831317
vt 0.411950 0.831090
vt 0.411840 0.828539
vt 0.410952 0.829661
vt 0.410924 0.828722
vt 0.410060 0.829700
vt 0.410110 0.834550
vt 0.410080 0.835100
vt 0.409175 0.832658
vt 0.409152 0.833790
vt 0.409590 0.831190
vt 0.409550 0.830091
vt 0.410020 0.829190
vt 0.409150 0.831422
vt 0.709810 0.937480
vt 0.709646 0.936158
vt 0.708750 0.937298
vt 0.708573 0.935828
vt 0.709810 0.850280
vt 0.708760 0.850270
vt 0.316529 0.223055
vt 0.317150 0.222290
vt 0.317013 0.221988
vt 0.315710 0.223740
vt 0.315509 0.223327
vt 0.314959 0.222642
vt 0.313452 0.222819
vt 0.313750 0.223810
vt 0.313290 0.221566
vt 0.314707 0.136010
vt 0.313280 0.136010
vt 0.314802 0.221537
vt 0.316067 0.221621
vt 0.316881 0.221345
vt 0.317340 0.221209
vt 0.317343 0.136020
vt 0.375530 0.917625
vt 0.374590 0.918099
vt 0.375531 0.919926
vt 0.375531 0.921500
vt 0.374290 0.922070
vt 0.375529 0.922360
vt 0.374290 0.921540
vt 0.374004 0.919697
vt 0.374592 0.916465
vt 0.375530 0.914699
vt 0.374901 0.915340
vt 0.374900 0.914780
vt 0.373730 0.916400
vt 0.373464 0.918186
vt 0.373730 0.920660
vt 0.373730 0.921240
vt 0.373230 0.920339
vt 0.373230 0.919170
vt 0.372833 0.917107
vt 0.373730 0.915820
vt 0.372830 0.917550
vt 0.372830 0.918278
vt 0.372830 0.919030
vt 0.324820 0.000750
vt 0.323750 0.000912
vt 0.324648 0.002072
vt 0.323575 0.002392
vt 0.324820 0.067660
vt 0.323770 0.067660
vt 0.534580 0.126464
vt 0.534097 0.125403
vt 0.533960 0.125700
vt 0.535400 0.127160
vt 0.535608 0.126759
vt 0.536399 0.126050
vt 0.536790 0.127160
vt 0.536990 0.126590
vt 0.537570 0.126630
vt 0.537761 0.125303
vt 0.537840 0.059740
vt 0.536409 0.059740
vt 0.536307 0.124987
vt 0.535042 0.125060
vt 0.534211 0.124901
vt 0.533767 0.059720
vt 0.534240 0.124480
vt 0.533770 0.124470
vt 0.286705 0.929527
vt 0.287749 0.928814
vt 0.286770 0.927289
vt 0.287379 0.927860
vt 0.287400 0.927370
vt 0.288241 0.930568
vt 0.286731 0.931778
vt 0.288231 0.932134
vt 0.286888 0.933692
vt 0.286726 0.934899
vt 0.287970 0.934630
vt 0.287960 0.934040
vt 0.288540 0.928930
vt 0.288560 0.928400
vt 0.289050 0.929291
vt 0.289030 0.930408
vt 0.289030 0.932880
vt 0.289030 0.933410
vt 0.289450 0.932558
vt 0.289440 0.931351
vt 0.289450 0.930610
vt 0.274497 0.136791
vt 0.274650 0.137510
vt 0.274800 0.137440
vt 0.274070 0.137090
vt 0.273590 0.136600
vt 0.273362 0.136931
vt 0.272715 0.137927
vt 0.272240 0.136360
vt 0.271992 0.136890
vt 0.271443 0.138028
vt 0.270920 0.136770
vt 0.270641 0.138071
vt 0.270819 0.223890
vt 0.273929 0.138365
vt 0.274719 0.138645
vt 0.274838 0.138298
vt 0.274940 0.138190
vt 0.273393 0.223838
vt 0.274940 0.223860
vt 0.425383 0.625108
vt 0.426015 0.630731
vt 0.425341 0.539520
vt 0.425220 0.626030
vt 0.424980 0.626700
vt 0.424660 0.627290
vt 0.424270 0.627770
vt 0.423830 0.628120
vt 0.423340 0.628340
vt 0.422840 0.628400
vt 0.419650 0.630657
vt 0.422340 0.628320
vt 0.421850 0.628100
vt 0.421410 0.627730
vt 0.421020 0.627250
vt 0.420297 0.625048
vt 0.419570 0.539450
vt 0.420180 0.539460
vt 0.419090 0.632610
vt 0.425673 0.632680
vt 0.429910 0.628450
vt 0.433775 0.630751
vt 0.430520 0.628380
vt 0.431110 0.628160
vt 0.431650 0.627800
vt 0.432130 0.627320
vt 0.432520 0.626730
vt 0.432810 0.626060
vt 0.432996 0.625131
vt 0.432971 0.539540
vt 0.434591 0.625129
vt 0.434470 0.539540
vt 0.434790 0.626060
vt 0.435090 0.626730
vt 0.435490 0.627320
vt 0.435980 0.627800
vt 0.436540 0.628150
vt 0.437140 0.628370
vt 0.437770 0.628450
vt 0.441736 0.630719
vt 0.438400 0.628370
vt 0.439000 0.628150
vt 0.439560 0.627780
vt 0.440040 0.627300
vt 0.440440 0.626710
vt 0.440740 0.626040
vt 0.440936 0.625107
vt 0.440911 0.539520
vt 0.442447 0.625097
vt 0.442330 0.539510
vt 0.442620 0.626020
vt 0.442880 0.626690
vt 0.443230 0.627270
vt 0.443660 0.627750
vt 0.444150 0.628110
vt 0.444670 0.628320
vt 0.445220 0.628390
vt 0.448670 0.630660
vt 0.445770 0.628310
vt 0.446300 0.628080
vt 0.446780 0.627720
vt 0.447210 0.627230
vt 0.447550 0.626640
vt 0.447810 0.625960
vt 0.447986 0.625027
vt 0.448590 0.539430
vt 0.447950 0.539440
vt 0.449170 0.632590
vt 0.441961 0.632670
vt 0.433711 0.632700
vt 0.376990 0.049069
vt 0.376550 0.049080
vt 0.376550 0.135540
vt 0.376990 0.135560
vt 0.383130 0.931973
vt 0.382189 0.931501
vt 0.382192 0.933135
vt 0.383130 0.934901
vt 0.382501 0.934260
vt 0.382500 0.934820
vt 0.382192 0.929799
vt 0.383130 0.929672
vt 0.383131 0.928098
vt 0.383129 0.927240
vt 0.381890 0.927530
vt 0.381890 0.928060
vt 0.381330 0.928940
vt 0.380830 0.929821
vt 0.380831 0.932310
vt 0.381330 0.933190
vt 0.381330 0.933770
vt 0.380830 0.932880
vt 0.380830 0.929260
vt 0.381330 0.928360
vt 0.380430 0.930092
vt 0.380430 0.931322
vt 0.380430 0.932050
vt 0.317960 0.135010
vt 0.318480 0.133642
vt 0.317730 0.134880
vt 0.317743 0.133557
vt 0.317300 0.135420
vt 0.317040 0.135150
vt 0.316329 0.134456
vt 0.316520 0.135550
vt 0.316262 0.135129
vt 0.314893 0.134953
vt 0.315150 0.135560
vt 0.314380 0.135020
vt 0.314116 0.133666
vt 0.315457 0.133317
vt 0.314359 0.068130
vt 0.316806 0.133504
vt 0.318364 0.133554
vt 0.318244 0.133357
vt 0.318161 0.133048
vt 0.316928 0.068121
vt 0.318480 0.068170
vt 0.111233 0.842812
vt 0.111270 0.908120
vt 0.111860 0.908120
vt 0.111867 0.837190
vt 0.111070 0.841880
vt 0.110830 0.841210
vt 0.110510 0.840620
vt 0.110120 0.840130
vt 0.109680 0.839760
vt 0.109190 0.839540
vt 0.108690 0.839450
vt 0.105490 0.837110
vt 0.108190 0.839520
vt 0.107700 0.839740
vt 0.107260 0.840090
vt 0.106870 0.840570
vt 0.106310 0.841820
vt 0.106147 0.842749
vt 0.105490 0.908040
vt 0.106110 0.908050
vt 0.115760 0.839510
vt 0.115140 0.839590
vt 0.114560 0.839800
vt 0.114010 0.840160
vt 0.113540 0.840640
vt 0.113150 0.841230
vt 0.112860 0.841900
vt 0.112664 0.842829
vt 0.112620 0.908130
vt 0.119610 0.837220
vt 0.116370 0.839590
vt 0.116960 0.839810
vt 0.117500 0.840180
vt 0.117980 0.840660
vt 0.118370 0.841250
vt 0.118660 0.841920
vt 0.118856 0.842852
vt 0.119610 0.908160
vt 0.118900 0.908160
vt 0.120444 0.842861
vt 0.120400 0.908160
vt 0.120640 0.841930
vt 0.120940 0.841250
vt 0.121340 0.840660
vt 0.121830 0.840180
vt 0.122380 0.839820
vt 0.122990 0.839600
vt 0.123620 0.839520
vt 0.127565 0.837210
vt 0.124250 0.839600
vt 0.124850 0.839810
vt 0.125410 0.840170
vt 0.125890 0.840650
vt 0.126290 0.841240
vt 0.126590 0.841910
vt 0.126796 0.842843
vt 0.127570 0.908140
vt 0.126840 0.908140
vt 0.128297 0.842833
vt 0.128260 0.908140
vt 0.128470 0.841900
vt 0.128730 0.841230
vt 0.129080 0.840640
vt 0.129510 0.840150
vt 0.129990 0.839780
vt 0.130520 0.839560
vt 0.131070 0.839480
vt 0.134520 0.837140
vt 0.131620 0.839550
vt 0.132140 0.839760
vt 0.132630 0.840120
vt 0.133060 0.840600
vt 0.133410 0.841180
vt 0.133660 0.841850
vt 0.133836 0.842780
vt 0.134520 0.908070
vt 0.133880 0.908080
vt 0.260470 0.475150
vt 0.260030 0.409650
vt 0.260030 0.475110
vt 0.260470 0.409670
vt 0.427060 0.839741
vt 0.426111 0.839354
vt 0.426845 0.841708
vt 0.426111 0.842627
vt 0.427060 0.843750
vt 0.426135 0.843585
vt 0.425519 0.840987
vt 0.427061 0.837596
vt 0.427059 0.836650
vt 0.425820 0.836920
vt 0.425810 0.837510
vt 0.424761 0.840516
vt 0.425250 0.842620
vt 0.425250 0.843150
vt 0.424760 0.841441
vt 0.424760 0.842260
vt 0.424760 0.838670
vt 0.424760 0.838130
vt 0.424360 0.838990
vt 0.424360 0.839693
vt 0.424360 0.840450
vt 0.546610 0.107550
vt 0.546492 0.108080
vt 0.547313 0.109131
vt 0.548261 0.108581
vt 0.548164 0.109086
vt 0.546047 0.109206
vt 0.545250 0.107930
vt 0.545112 0.109231
vt 0.545240 0.195050
vt 0.546758 0.195034
vt 0.548107 0.109773
vt 0.548260 0.195060
vt 0.697470 0.749290
vt 0.697308 0.750182
vt 0.698418 0.750098
vt 0.698590 0.749090
vt 0.698315 0.751357
vt 0.697220 0.751160
vt 0.698591 0.836880
vt 0.696780 0.751211
vt 0.697050 0.836840
vt 0.426811 0.625118
vt 0.426690 0.539530
vt 0.427010 0.626050
vt 0.427300 0.626720
vt 0.427690 0.627310
vt 0.428160 0.627790
vt 0.428710 0.628150
vt 0.429300 0.628370
vt 0.449920 0.940939
vt 0.450134 0.942925
vt 0.450868 0.940577
vt 0.450848 0.938740
vt 0.449920 0.938590
vt 0.451461 0.942244
vt 0.449920 0.945671
vt 0.450868 0.943911
vt 0.450838 0.945499
vt 0.451730 0.943970
vt 0.451982 0.940830
vt 0.452216 0.939536
vt 0.452220 0.940040
vt 0.452220 0.941850
vt 0.452220 0.942792
vt 0.452220 0.943660
vt 0.451730 0.945029
vt 0.452630 0.941103
vt 0.452630 0.941850
vt 0.452630 0.940430
vt 0.679740 0.652350
vt 0.680210 0.651870
vt 0.680087 0.651409
vt 0.679632 0.651989
vt 0.679175 0.650952
vt 0.677227 0.652780
vt 0.677994 0.651734
vt 0.677002 0.651139
vt 0.677885 0.650525
vt 0.677190 0.585280
vt 0.678708 0.585284
vt 0.680000 0.650870
vt 0.679967 0.650347
vt 0.680210 0.585330
vt 0.265150 0.068050
vt 0.265018 0.066752
vt 0.264040 0.067858
vt 0.263902 0.066579
vt 0.265151 0.001200
vt 0.263610 0.001140
vt 0.263460 0.066489
vt 0.474897 0.833903
vt 0.473891 0.834622
vt 0.474930 0.835640
vt 0.473446 0.835220
vt 0.473369 0.832869
vt 0.474842 0.831657
vt 0.473374 0.831306
vt 0.474718 0.829745
vt 0.474023 0.828702
vt 0.473894 0.829553
vt 0.474930 0.828540
vt 0.473130 0.829660
vt 0.472671 0.834152
vt 0.472660 0.834600
vt 0.472635 0.833332
vt 0.472630 0.832086
vt 0.472635 0.830835
vt 0.472650 0.830030
vt 0.473140 0.829140
vt 0.699910 0.388610
vt 0.699881 0.387309
vt 0.698935 0.388487
vt 0.698955 0.387000
vt 0.699911 0.301490
vt 0.698110 0.386901
vt 0.698140 0.388206
vt 0.698150 0.301460
vt 0.666700 0.476210
vt 0.669041 0.475420
vt 0.668199 0.475041
vt 0.666657 0.475203
vt 0.666629 0.473942
vt 0.668072 0.388434
vt 0.666630 0.388420
vt 0.668175 0.473932
vt 0.669009 0.474741
vt 0.668990 0.473990
vt 0.669430 0.473898
vt 0.669430 0.388470
vt 0.475219 0.825160
vt 0.474077 0.825820
vt 0.475260 0.827540
vt 0.473765 0.827154
vt 0.473723 0.823886
vt 0.475261 0.822891
vt 0.475260 0.821030
vt 0.473950 0.822245
vt 0.473761 0.821416
vt 0.472960 0.826589
vt 0.472960 0.825234
vt 0.472960 0.824280
vt 0.472960 0.823650
vt 0.472960 0.822745
vt 0.472960 0.821980
vt 0.472560 0.823790
vt 0.472560 0.824280
vt 0.703309 0.674970
vt 0.703279 0.675784
vt 0.704120 0.675571
vt 0.705090 0.674530
vt 0.705038 0.676173
vt 0.704106 0.676776
vt 0.705091 0.742030
vt 0.703260 0.676660
vt 0.703260 0.677290
vt 0.703320 0.742000
vt 0.702800 0.677270
vt 0.702800 0.676740
vt 0.064671 0.021090
vt 0.063829 0.021399
vt 0.064639 0.021738
vt 0.062330 0.020260
vt 0.062287 0.021216
vt 0.062259 0.022447
vt 0.062260 0.087690
vt 0.063702 0.087699
vt 0.063805 0.022482
vt 0.064620 0.022460
vt 0.065060 0.087740
vt 0.065060 0.022602
vt 0.470639 0.945670
vt 0.469381 0.944810
vt 0.469420 0.945410
vt 0.470573 0.943905
vt 0.469064 0.943258
vt 0.470513 0.941645
vt 0.469062 0.941312
vt 0.470404 0.939751
vt 0.470634 0.938571
vt 0.469420 0.938840
vt 0.469380 0.939420
vt 0.468820 0.940310
vt 0.468370 0.944190
vt 0.468360 0.943650
vt 0.468340 0.942430
vt 0.468340 0.941471
vt 0.468360 0.940590
vt 0.467970 0.942380
vt 0.467990 0.943338
vt 0.468840 0.939690
vt 0.714640 0.584780
vt 0.714442 0.583478
vt 0.714090 0.584710
vt 0.713875 0.583189
vt 0.714100 0.497640
vt 0.714640 0.497660
vt 0.349110 0.136210
vt 0.348660 0.136750
vt 0.348804 0.136963
vt 0.349288 0.136481
vt 0.350607 0.136241
vt 0.350400 0.135770
vt 0.351800 0.136010
vt 0.351150 0.137064
vt 0.352134 0.137647
vt 0.350906 0.138178
vt 0.351082 0.223803
vt 0.352230 0.223790
vt 0.349427 0.138214
vt 0.348390 0.137520
vt 0.348517 0.137832
vt 0.348629 0.138475
vt 0.349508 0.223796
vt 0.348200 0.138601
vt 0.348200 0.223750
vt 0.325801 0.934039
vt 0.324560 0.934600
vt 0.325799 0.934900
vt 0.324560 0.934080
vt 0.325747 0.932012
vt 0.324274 0.932232
vt 0.324860 0.930639
vt 0.325651 0.928620
vt 0.325170 0.927310
vt 0.325170 0.927870
vt 0.325800 0.927240
vt 0.324306 0.928196
vt 0.324275 0.929169
vt 0.323739 0.930723
vt 0.324000 0.933190
vt 0.324000 0.933770
vt 0.323510 0.932879
vt 0.323510 0.931700
vt 0.323510 0.929259
vt 0.323510 0.928770
vt 0.323100 0.929651
vt 0.323100 0.930816
vt 0.323100 0.931570
vt 0.355070 0.000540
vt 0.354530 0.000560
vt 0.354880 0.001876
vt 0.354320 0.001960
vt 0.354290 0.002700
vt 0.354530 0.067410
vt 0.355070 0.067430
vt 0.353830 0.002690
vt 0.353850 0.001980
vt 0.431890 0.061060
vt 0.431046 0.061283
vt 0.431763 0.061357
vt 0.430990 0.060010
vt 0.430849 0.060345
vt 0.429505 0.060692
vt 0.429070 0.059590
vt 0.428890 0.060150
vt 0.428300 0.060120
vt 0.428105 0.061425
vt 0.428977 0.061714
vt 0.429205 0.126970
vt 0.428060 0.126980
vt 0.430240 0.061814
vt 0.431651 0.061985
vt 0.430777 0.126974
vt 0.432080 0.127020
vt 0.432080 0.062151
vt 0.398207 0.732619
vt 0.398245 0.729438
vt 0.397292 0.730426
vt 0.397277 0.732133
vt 0.398078 0.734396
vt 0.397660 0.734850
vt 0.397710 0.735380
vt 0.398340 0.735460
vt 0.397070 0.734650
vt 0.397030 0.734030
vt 0.397658 0.728471
vt 0.397710 0.727880
vt 0.398340 0.727820
vt 0.396500 0.729530
vt 0.396220 0.731318
vt 0.396480 0.733130
vt 0.396500 0.733770
vt 0.396010 0.732280
vt 0.396020 0.732880
vt 0.396020 0.730400
vt 0.396040 0.729820
vt 0.395670 0.730630
vt 0.395655 0.731369
vt 0.395660 0.732120
vt 0.396530 0.728930
vt 0.149910 0.136640
vt 0.149710 0.136760
vt 0.150080 0.137380
vt 0.150220 0.137290
vt 0.149270 0.136220
vt 0.149030 0.136480
vt 0.148399 0.137613
vt 0.148500 0.136080
vt 0.148262 0.136491
vt 0.146883 0.136667
vt 0.147120 0.136080
vt 0.146340 0.136620
vt 0.146103 0.137960
vt 0.146250 0.223820
vt 0.147937 0.223817
vt 0.147485 0.138293
vt 0.149387 0.138185
vt 0.150274 0.138173
vt 0.150370 0.138050
vt 0.150159 0.138527
vt 0.150374 0.223790
vt 0.358161 0.403738
vt 0.358785 0.409371
vt 0.357891 0.318190
vt 0.358010 0.404660
vt 0.357780 0.405330
vt 0.357480 0.405910
vt 0.357110 0.406380
vt 0.356680 0.406720
vt 0.356220 0.406930
vt 0.355740 0.406990
vt 0.352700 0.409195
vt 0.355260 0.406900
vt 0.354800 0.406670
vt 0.354370 0.406300
vt 0.354000 0.405800
vt 0.353460 0.404530
vt 0.353307 0.403590
vt 0.352380 0.318020
vt 0.352970 0.318040
vt 0.352120 0.411150
vt 0.358403 0.411340
vt 0.362600 0.407110
vt 0.366407 0.409419
vt 0.363200 0.407040
vt 0.363780 0.406820
vt 0.364310 0.406470
vt 0.364780 0.405990
vt 0.365160 0.405400
vt 0.365440 0.404730
vt 0.365633 0.403808
vt 0.365381 0.318250
vt 0.367211 0.403807
vt 0.366870 0.318250
vt 0.367420 0.404730
vt 0.367720 0.405400
vt 0.368120 0.405980
vt 0.368620 0.406460
vt 0.369180 0.406810
vt 0.369790 0.407030
vt 0.370420 0.407100
vt 0.374416 0.409339
vt 0.371050 0.407020
vt 0.371660 0.406790
vt 0.372220 0.406420
vt 0.372700 0.405940
vt 0.373110 0.405340
vt 0.373400 0.404670
vt 0.373596 0.403737
vt 0.373351 0.318180
vt 0.375134 0.403708
vt 0.374800 0.318160
vt 0.375320 0.404630
vt 0.375590 0.405300
vt 0.375950 0.405870
vt 0.376390 0.406340
vt 0.376890 0.406690
vt 0.377440 0.406890
vt 0.378000 0.406950
vt 0.381570 0.409160
vt 0.378570 0.406860
vt 0.379110 0.406630
vt 0.379610 0.406250
vt 0.380050 0.405760
vt 0.380410 0.405160
vt 0.380670 0.404480
vt 0.380853 0.403547
vt 0.381250 0.317970
vt 0.380590 0.317990
vt 0.382040 0.411100
vt 0.374601 0.411310
vt 0.366301 0.411400
vt 0.300100 0.917624
vt 0.299150 0.918099
vt 0.299152 0.919801
vt 0.300100 0.920785
vt 0.299458 0.921719
vt 0.299460 0.922290
vt 0.300100 0.922360
vt 0.299152 0.916464
vt 0.300100 0.915565
vt 0.300094 0.914701
vt 0.298850 0.914990
vt 0.298850 0.915520
vt 0.297801 0.917280
vt 0.297800 0.919779
vt 0.298290 0.920660
vt 0.298290 0.921240
vt 0.297800 0.920340
vt 0.298290 0.916400
vt 0.297800 0.916720
vt 0.298290 0.915820
vt 0.297400 0.917552
vt 0.297400 0.918782
vt 0.297400 0.919510
vt 0.145240 0.135070
vt 0.145550 0.134410
vt 0.145410 0.134330
vt 0.145040 0.134950
vt 0.144600 0.135490
vt 0.144360 0.135240
vt 0.143729 0.134125
vt 0.143830 0.135630
vt 0.143582 0.135229
vt 0.142213 0.135043
vt 0.142440 0.135630
vt 0.141670 0.135090
vt 0.141433 0.133755
vt 0.143268 0.068213
vt 0.141580 0.068190
vt 0.142815 0.133452
vt 0.144717 0.133548
vt 0.145700 0.133660
vt 0.145604 0.133537
vt 0.145489 0.133194
vt 0.145704 0.068220
vt 0.230137 0.698568
vt 0.230100 0.633290
vt 0.229540 0.633270
vt 0.229544 0.704180
vt 0.230290 0.699500
vt 0.230510 0.700180
vt 0.230820 0.700780
vt 0.231190 0.701280
vt 0.231620 0.701650
vt 0.232080 0.701890
vt 0.232560 0.701980
vt 0.235610 0.704400
vt 0.233040 0.701930
vt 0.233500 0.701720
vt 0.233930 0.701380
vt 0.234300 0.700910
vt 0.234830 0.699670
vt 0.234983 0.698747
vt 0.235610 0.633490
vt 0.235020 0.633470
vt 0.225700 0.701820
vt 0.226310 0.701750
vt 0.226890 0.701540
vt 0.227420 0.701190
vt 0.227890 0.700710
vt 0.228270 0.700130
vt 0.228560 0.699460
vt 0.228746 0.698529
vt 0.228790 0.633260
vt 0.221910 0.704070
vt 0.225100 0.701730
vt 0.224520 0.701500
vt 0.223990 0.701140
vt 0.223520 0.700650
vt 0.223140 0.700050
vt 0.222850 0.699380
vt 0.222664 0.698448
vt 0.221910 0.633160
vt 0.222620 0.633170
vt 0.221079 0.698437
vt 0.221130 0.633160
vt 0.220880 0.699370
vt 0.220580 0.700040
vt 0.220180 0.700630
vt 0.219690 0.701120
vt 0.219130 0.701480
vt 0.218520 0.701700
vt 0.217890 0.701780
vt 0.213906 0.704090
vt 0.217250 0.701700
vt 0.216650 0.701480
vt 0.216090 0.701130
vt 0.215600 0.700650
vt 0.215190 0.700060
vt 0.214890 0.699390
vt 0.214694 0.698457
vt 0.213910 0.633190
vt 0.214650 0.633180
vt 0.213156 0.698478
vt 0.213200 0.633200
vt 0.212980 0.699410
vt 0.212710 0.700090
vt 0.212350 0.700680
vt 0.211910 0.701180
vt 0.211410 0.701550
vt 0.210860 0.701780
vt 0.210300 0.701870
vt 0.206740 0.704250
vt 0.209730 0.701800
vt 0.209190 0.701600
vt 0.208690 0.701250
vt 0.208250 0.700770
vt 0.207890 0.700190
vt 0.207620 0.699530
vt 0.207444 0.698600
vt 0.206740 0.633340
vt 0.207400 0.633330
vt 0.482657 0.840767
vt 0.481786 0.841803
vt 0.482713 0.842339
vt 0.482769 0.843200
vt 0.481560 0.842890
vt 0.481510 0.842360
vt 0.481170 0.839739
vt 0.482627 0.838496
vt 0.481542 0.837814
vt 0.482770 0.836120
vt 0.481816 0.836271
vt 0.480980 0.837220
vt 0.480930 0.840810
vt 0.480980 0.842049
vt 0.480480 0.840588
vt 0.480475 0.839017
vt 0.480530 0.837531
vt 0.481020 0.836640
vt 0.660210 0.749130
vt 0.660109 0.749543
vt 0.660650 0.749880
vt 0.660740 0.749530
vt 0.660236 0.750899
vt 0.659059 0.750112
vt 0.658260 0.749080
vt 0.658070 0.750705
vt 0.658971 0.751306
vt 0.658150 0.836880
vt 0.659675 0.836876
vt 0.661054 0.750821
vt 0.661130 0.750290
vt 0.661007 0.751513
vt 0.661130 0.836860
vt 0.707730 0.213740
vt 0.706660 0.213922
vt 0.707573 0.215062
vt 0.706485 0.215391
vt 0.707730 0.300940
vt 0.706670 0.300940
vt 0.359544 0.403759
vt 0.359200 0.318210
vt 0.359740 0.404690
vt 0.360030 0.405370
vt 0.360410 0.405960
vt 0.360880 0.406440
vt 0.361420 0.406810
vt 0.362000 0.407030
vt 0.437190 0.487309
vt 0.438130 0.487779
vt 0.438128 0.486152
vt 0.437190 0.484960
vt 0.438106 0.485109
vt 0.438128 0.489483
vt 0.437190 0.490468
vt 0.438127 0.490992
vt 0.438100 0.491869
vt 0.437190 0.492040
vt 0.439000 0.490340
vt 0.439488 0.488849
vt 0.439256 0.487521
vt 0.439486 0.485906
vt 0.439490 0.486410
vt 0.439490 0.490019
vt 0.439000 0.491399
vt 0.439890 0.488710
vt 0.439890 0.487963
vt 0.439890 0.486792
vt 0.121383 0.102824
vt 0.121767 0.101435
vt 0.120589 0.102224
vt 0.119790 0.103230
vt 0.119603 0.101634
vt 0.120501 0.101035
vt 0.119680 0.035750
vt 0.121205 0.035760
vt 0.122584 0.101495
vt 0.122660 0.102020
vt 0.122537 0.100807
vt 0.122660 0.035750
vt 0.308900 0.067660
vt 0.308739 0.066338
vt 0.307820 0.067488
vt 0.307655 0.066019
vt 0.308900 0.000750
vt 0.307840 0.000750
vt 0.418540 0.648584
vt 0.418031 0.650882
vt 0.418700 0.651541
vt 0.418070 0.651470
vt 0.417107 0.648823
vt 0.418394 0.646565
vt 0.417102 0.647257
vt 0.417717 0.645598
vt 0.418700 0.644440
vt 0.417793 0.644589
vt 0.416900 0.645560
vt 0.417141 0.650540
vt 0.416411 0.649236
vt 0.416440 0.650020
vt 0.416390 0.648005
vt 0.416410 0.646737
vt 0.416440 0.645890
vt 0.416940 0.645000
vt 0.696059 0.584320
vt 0.696808 0.583749
vt 0.695994 0.583522
vt 0.697790 0.584780
vt 0.697693 0.583152
vt 0.696774 0.582554
vt 0.697791 0.496980
vt 0.695957 0.582481
vt 0.696080 0.496990
vt 0.684370 0.836880
vt 0.686051 0.836120
vt 0.685038 0.835754
vt 0.684370 0.836300
vt 0.683740 0.836350
vt 0.683761 0.835018
vt 0.685255 0.834687
vt 0.683739 0.749150
vt 0.686040 0.835462
vt 0.686040 0.834577
vt 0.686050 0.749150
vt 0.434332 0.952100
vt 0.433609 0.953033
vt 0.434520 0.953210
vt 0.432995 0.951276
vt 0.434309 0.950459
vt 0.432989 0.949777
vt 0.432994 0.948213
vt 0.434466 0.948440
vt 0.434520 0.946120
vt 0.433604 0.946274
vt 0.432720 0.952090
vt 0.432720 0.952560
vt 0.432220 0.951679
vt 0.432220 0.950324
vt 0.432220 0.949380
vt 0.432220 0.948740
vt 0.432220 0.947835
vt 0.432224 0.947076
vt 0.431820 0.948880
vt 0.431820 0.949380
vt 0.102150 0.011810
vt 0.101191 0.011923
vt 0.102090 0.013122
vt 0.101180 0.013430
vt 0.102151 0.078700
vt 0.100367 0.013510
vt 0.100420 0.012194
vt 0.100430 0.078720
vt 0.654091 0.003930
vt 0.653309 0.004278
vt 0.654090 0.004598
vt 0.651790 0.003130
vt 0.651779 0.004111
vt 0.651779 0.005356
vt 0.651779 0.070630
vt 0.653300 0.005383
vt 0.654087 0.005483
vt 0.654090 0.070620
vt 0.401206 0.730638
vt 0.400321 0.732806
vt 0.401277 0.733798
vt 0.400679 0.734789
vt 0.400710 0.735400
vt 0.401340 0.735460
vt 0.399739 0.731171
vt 0.400337 0.729511
vt 0.401298 0.728627
vt 0.401334 0.727841
vt 0.400110 0.728160
vt 0.400080 0.728630
vt 0.399540 0.728961
vt 0.399490 0.730140
vt 0.399021 0.731624
vt 0.399511 0.733740
vt 0.399540 0.734360
vt 0.399030 0.730402
vt 0.398650 0.731680
vt 0.398655 0.732434
vt 0.398670 0.733130
vt 0.553420 0.117970
vt 0.553203 0.116646
vt 0.552900 0.117930
vt 0.552663 0.116382
vt 0.552910 0.030780
vt 0.553420 0.030770
vt 0.620580 0.205480
vt 0.620480 0.205220
vt 0.619552 0.205311
vt 0.619560 0.206370
vt 0.619402 0.205969
vt 0.618035 0.205793
vt 0.618190 0.206380
vt 0.617430 0.205840
vt 0.617287 0.204506
vt 0.618821 0.118650
vt 0.617360 0.118650
vt 0.618784 0.204187
vt 0.620064 0.204360
vt 0.620823 0.204382
vt 0.620910 0.204740
vt 0.620777 0.203903
vt 0.620910 0.118650
vt 0.434212 0.480364
vt 0.435118 0.479172
vt 0.434170 0.478268
vt 0.434176 0.477411
vt 0.435420 0.478230
vt 0.435420 0.477700
vt 0.435711 0.480843
vt 0.435706 0.482402
vt 0.434169 0.482634
vt 0.434170 0.484490
vt 0.435094 0.484346
vt 0.435980 0.479110
vt 0.435980 0.478530
vt 0.436470 0.479431
vt 0.436470 0.480598
vt 0.436470 0.483050
vt 0.436466 0.483544
vt 0.436870 0.482658
vt 0.436870 0.481493
vt 0.436870 0.480740
vt 0.196740 0.000510
vt 0.196220 0.000560
vt 0.196523 0.001823
vt 0.195973 0.002098
vt 0.196220 0.067420
vt 0.196740 0.067410
vt 0.049170 0.052070
vt 0.049039 0.052425
vt 0.049540 0.052830
vt 0.049650 0.052560
vt 0.049826 0.054125
vt 0.048531 0.053429
vt 0.047351 0.052639
vt 0.046650 0.051620
vt 0.046363 0.053226
vt 0.047214 0.053835
vt 0.047884 0.119118
vt 0.046420 0.119120
vt 0.049889 0.053663
vt 0.049970 0.053300
vt 0.049970 0.119100
vt 0.460954 0.488978
vt 0.460736 0.486446
vt 0.459721 0.487292
vt 0.460022 0.489369
vt 0.460977 0.491120
vt 0.459760 0.491800
vt 0.460999 0.492060
vt 0.459750 0.491210
vt 0.461000 0.484960
vt 0.459762 0.485229
vt 0.459751 0.485820
vt 0.458919 0.488518
vt 0.459180 0.490320
vt 0.459200 0.490940
vt 0.458700 0.489460
vt 0.458710 0.490050
vt 0.458700 0.487570
vt 0.458720 0.486451
vt 0.458310 0.487780
vt 0.458310 0.488522
vt 0.458310 0.489260
vt 0.336310 0.917623
vt 0.335360 0.918961
vt 0.336310 0.920786
vt 0.335362 0.920595
vt 0.335671 0.921720
vt 0.335670 0.922290
vt 0.336310 0.922360
vt 0.335362 0.917260
vt 0.335668 0.915341
vt 0.336310 0.915566
vt 0.335670 0.914780
vt 0.336310 0.914700
vt 0.334500 0.916400
vt 0.334330 0.918865
vt 0.334500 0.920660
vt 0.334500 0.921240
vt 0.334010 0.920340
vt 0.334010 0.919780
vt 0.334010 0.917280
vt 0.334010 0.916720
vt 0.334500 0.915820
vt 0.333610 0.917550
vt 0.333610 0.918277
vt 0.333610 0.919508
vt 0.287579 0.414375
vt 0.295227 0.418879
vt 0.296118 0.416751
vt 0.287790 0.411846
vt 0.279310 0.414390
vt 0.278800 0.411860
vt 0.271856 0.418744
vt 0.270684 0.416605
vt 0.266027 0.426980
vt 0.264337 0.425570
vt 0.262844 0.437827
vt 0.260874 0.437376
vt 0.262830 0.449606
vt 0.260860 0.450195
vt 0.265986 0.460517
vt 0.264296 0.462066
vt 0.271823 0.468890
vt 0.270653 0.471179
vt 0.279461 0.473455
vt 0.278960 0.476144
vt 0.287731 0.473510
vt 0.287960 0.476210
vt 0.295361 0.469045
vt 0.296260 0.471346
vt 0.301183 0.460740
vt 0.302603 0.462310
vt 0.304326 0.449873
vt 0.306016 0.450484
vt 0.304300 0.438094
vt 0.305990 0.437665
vt 0.301104 0.427213
vt 0.302514 0.425814
vt 0.595060 0.966190
vt 0.595050 0.979019
vt 0.600210 0.966211
vt 0.600230 0.954360
vt 0.595080 0.954360
vt 0.600200 0.979012
vt 0.595060 0.990617
vt 0.600210 0.990608
vt 0.595080 0.999770
vt 0.600230 0.999780
vt 0.476920 0.988300
vt 0.471770 0.988309
vt 0.471930 0.999780
vt 0.477080 0.999750
vt 0.476870 0.975511
vt 0.471720 0.975519
vt 0.476920 0.963321
vt 0.471770 0.963332
vt 0.477080 0.953600
vt 0.471930 0.953630
vt 0.502060 0.515061
vt 0.502080 0.502671
vt 0.496900 0.515049
vt 0.496930 0.527769
vt 0.502080 0.527780
vt 0.496990 0.538880
vt 0.502140 0.538880
vt 0.496930 0.502651
vt 0.502140 0.492480
vt 0.496990 0.492490
vt 0.437590 0.990099
vt 0.437770 0.999740
vt 0.442740 0.990158
vt 0.442680 0.978021
vt 0.437530 0.977959
vt 0.442740 0.965211
vt 0.437590 0.965160
vt 0.442920 0.953690
vt 0.437770 0.953650
vt 0.442920 0.999780
vt 0.221919 0.704070
vt 0.213910 0.704090
vt 0.212990 0.709150
vt 0.222350 0.709120
vt 0.229540 0.704180
vt 0.231240 0.709250
vt 0.187190 0.933950
vt 0.187190 0.922570
vt 0.183810 0.921609
vt 0.183810 0.934900
vt 0.331729 0.888430
vt 0.325160 0.893680
vt 0.333609 0.893660
vt 0.324500 0.888450
vt 0.315801 0.893680
vt 0.316479 0.888450
vt 0.307140 0.893660
vt 0.309060 0.888430
vt 0.387652 0.646633
vt 0.389220 0.635460
vt 0.386050 0.633599
vt 0.384222 0.646635
vt 0.389220 0.657780
vt 0.386050 0.659650
vt 0.224140 0.921410
vt 0.224140 0.910040
vt 0.220780 0.909079
vt 0.220780 0.922360
vt 0.111860 0.837190
vt 0.119601 0.837220
vt 0.119380 0.832080
vt 0.110340 0.832040
vt 0.128680 0.832060
vt 0.127570 0.837210
vt 0.119041 0.745220
vt 0.127051 0.745250
vt 0.127939 0.739880
vt 0.118589 0.739850
vt 0.111450 0.745350
vt 0.109730 0.740000
vt 0.136360 0.740090
vt 0.134260 0.745430
vt 0.383900 0.657770
vt 0.382332 0.646633
vt 0.378892 0.646635
vt 0.380720 0.659650
vt 0.380720 0.633600
vt 0.383900 0.635460
vt 0.136790 0.831980
vt 0.136790 0.817030
vt 0.128687 0.817110
vt 0.128672 0.832060
vt 0.119398 0.817130
vt 0.119382 0.832080
vt 0.110348 0.817090
vt 0.110333 0.832040
vt 0.102900 0.816990
vt 0.102900 0.831940
vt 0.102700 0.740310
vt 0.109724 0.740000
vt 0.102700 0.725370
vt 0.109738 0.725060
vt 0.118592 0.739850
vt 0.118608 0.724910
vt 0.127942 0.739880
vt 0.127957 0.724940
vt 0.136360 0.740090
vt 0.136360 0.725150
vt 0.231246 0.709250
vt 0.231232 0.724190
vt 0.238330 0.724460
vt 0.238330 0.709520
vt 0.222348 0.709120
vt 0.222332 0.724070
vt 0.212998 0.709150
vt 0.212983 0.724100
vt 0.204630 0.709340
vt 0.204630 0.724280
vt 0.325139 0.893680
vt 0.325152 0.908630
vt 0.333630 0.908610
vt 0.333616 0.893660
vt 0.340310 0.908560
vt 0.340310 0.893620
vt 0.315798 0.893680
vt 0.315782 0.908630
vt 0.307140 0.893660
vt 0.307140 0.908610
s 1
usemtl colonne-ext.005
f 3/1/1 1/3/3 7/2/2
f 4/4/4 3/1/1 5/5/5
f 5/5/5 3/1/1 6/6/6
f 6/6/6 3/1/1 7/2/2
f 8/7/7 6/6/6 9/8/8
f 11/9/9 10/11/11 12/10/10
f 12/10/10 10/11/11 13/12/12
f 13/12/12 9/8/8 14/13/13
f 10/11/11 9/8/8 13/12/12
f 6/6/6 7/2/2 9/8/8
f 1/3/3 2/14/14 7/2/2
f 9/8/8 7/2/2 15/15/15
f 9/8/8 15/15/15 14/13/13
f 7/2/2 16/16/16 15/15/15
f 7/2/2 2/14/14 16/16/16
f 17/17/17 16/16/16 2/14/14
f 18/18/18 17/17/17 2/14/14
f 20/19/19 21/21/21 19/20/20
f 21/21/21 22/22/22 19/20/20
f 21/21/21 23/23/23 22/22/22
f 19/20/20 22/22/22 18/18/18
f 22/22/22 24/24/24 18/18/18
f 24/24/24 17/17/17 18/18/18
f 24/24/24 25/25/25 17/17/17
f 30/26/26 29/28/28 27/27/27
f 30/26/26 31/29/29 29/28/28
f 33/30/30 32/31/31 29/28/28
f 33/30/30 34/32/32 32/31/31
f 35/33/33 32/31/31 34/32/32
f 35/33/33 36/34/34 32/31/31
f 36/34/34 37/35/35 32/31/31
f 36/34/34 38/36/36 37/35/35
f 38/36/36 39/37/37 37/35/35
f 32/31/31 37/35/35 40/38/38
f 32/31/31 40/38/38 29/28/28
f 29/28/28 40/38/38 27/27/27
f 27/27/27 40/38/38 26/39/39
f 37/35/35 41/40/40 40/38/38
f 37/35/35 39/37/37 41/40/40
f 26/39/39 41/40/40 42/41/41
f 40/38/38 41/40/40 26/39/39
f 43/42/42 26/39/39 42/41/41
f 27/27/27 26/39/39 43/42/42
f 28/43/43 27/27/27 44/44/44
f 28/43/43 44/44/44 45/45/45
f 27/27/27 43/42/42 44/44/44
f 44/44/44 43/42/42 46/46/46
f 46/46/46 43/42/42 47/47/47
f 47/47/47 43/42/42 48/48/48
f 51/49/49 52/51/51 50/50/50
f 52/51/51 53/52/52 50/50/50
f 54/53/53 53/52/52 52/51/51
f 54/53/53 55/54/54 53/52/52
f 55/54/54 56/55/55 53/52/52
f 57/56/56 53/52/52 56/55/55
f 57/56/56 58/57/57 53/52/52
f 58/57/57 59/58/58 53/52/52
f 60/59/59 59/58/58 58/57/57
f 60/59/59 61/60/60 59/58/58
f 61/60/60 62/61/61 59/58/58
f 63/62/62 62/61/61 61/60/60
f 63/62/62 64/63/63 62/61/61
f 62/61/61 65/64/64 59/58/58
f 62/61/61 66/65/65 65/64/64
f 66/65/65 67/66/66 65/64/64
f 65/64/64 67/66/66 68/67/67
f 59/58/58 69/68/68 53/52/52
f 53/52/52 70/69/69 50/50/50
f 50/50/50 70/69/69 49/70/70
f 53/52/52 69/68/68 70/69/69
f 59/58/58 65/64/64 69/68/68
f 65/64/64 68/67/67 69/68/68
f 70/69/69 71/71/71 49/70/70
f 70/69/69 68/67/67 71/71/71
f 69/68/68 68/67/67 70/69/69
f 72/72/72 49/70/70 71/71/71
f 73/73/73 49/70/70 72/72/72
f 74/74/74 49/70/70 73/73/73
f 50/50/50 49/70/70 74/74/74
f 50/50/50 74/74/74 75/75/75
f 77/76/76 78/78/78 76/77/77
f 79/79/79 78/78/78 77/76/76
f 80/80/80 77/76/76 81/81/81
f 81/81/81 77/76/76 82/82/82
f 83/83/83 81/81/81 82/82/82
f 83/83/83 82/82/82 84/84/84
f 85/85/85 84/84/84 82/82/82
f 85/85/85 82/82/82 86/86/86
f 87/87/87 86/86/86 88/88/88
f 88/88/88 86/86/86 89/89/89
f 86/86/86 90/90/90 89/89/89
f 86/86/86 82/82/82 90/90/90
f 82/82/82 91/91/91 90/90/90
f 82/82/82 77/76/76 91/91/91
f 77/76/76 92/92/92 91/91/91
f 77/76/76 76/77/77 92/92/92
f 89/89/89 90/90/90 93/93/93
f 90/90/90 94/94/94 93/93/93
f 90/90/90 91/91/91 94/94/94
f 91/91/91 92/92/92 94/94/94
f 92/92/92 76/77/77 95/95/95
f 92/92/92 95/95/95 94/94/94
f 96/96/96 95/95/95 76/77/77
f 97/97/97 96/96/96 76/77/77
f 98/98/98 97/97/97 76/77/77
f 101/99/99 100/101/101 102/100/100
f 102/100/100 100/101/101 103/102/102
f 102/100/100 103/102/102 104/103/103
f 104/103/103 103/102/102 105/104/104
f 106/105/105 104/103/103 105/104/104
f 106/105/105 105/104/104 107/106/106
f 105/104/104 103/102/102 108/107/107
f 108/107/107 103/102/102 109/108/108
f 109/108/108 103/102/102 110/109/109
f 100/101/101 99/110/110 103/102/102
f 103/102/102 99/110/110 111/111/111
f 103/102/102 111/111/111 110/109/109
f 112/112/112 111/111/111 99/110/110
f 100/101/101 112/112/112 99/110/110
f 113/113/113 100/101/101 101/99/99
f 113/113/113 114/114/114 100/101/101
f 114/114/114 115/115/115 100/101/101
f 115/115/115 116/116/116 100/101/101
f 117/117/117 116/116/116 115/115/115
f 117/117/117 118/118/118 116/116/116
f 119/119/119 116/116/116 118/118/118
f 119/119/119 120/120/120 116/116/116
f 120/120/120 121/121/121 116/116/116
f 120/120/120 122/122/122 121/121/121
f 116/116/116 121/121/121 123/123/123
f 116/116/116 123/123/123 100/101/101
f 100/101/101 123/123/123 112/112/112
f 121/121/121 124/124/124 123/123/123
f 123/123/123 124/124/124 111/111/111
f 123/123/123 111/111/111 112/112/112
f 126/125/125 127/127/127 125/126/126
f 127/127/127 128/128/128 125/126/126
f 127/127/127 129/129/129 128/128/128
f 129/129/129 130/130/130 128/128/128
f 130/130/130 131/131/131 128/128/128
f 125/126/126 128/128/128 133/132/132
f 128/128/128 132/133/133 133/132/132
f 128/128/128 131/131/131 132/133/133
f 125/126/126 133/132/132 134/134/134
f 135/135/135 125/126/126 134/134/134
f 135/135/135 134/134/134 136/136/136
f 136/136/136 134/134/134 137/137/137
f 138/138/138 137/137/137 139/139/139
f 139/139/139 137/137/137 140/140/140
f 140/140/140 137/137/137 143/141/141
f 141/142/142 140/140/140 142/143/143
f 142/143/143 140/140/140 143/141/141
f 137/137/137 144/144/144 143/141/141
f 137/137/137 134/134/134 144/144/144
f 134/134/134 133/132/132 144/144/144
f 143/141/141 144/144/144 145/145/145
f 144/144/144 132/133/133 145/145/145
f 144/144/144 133/132/132 132/133/133
f 148/146/146 147/148/148 149/147/147
f 148/146/146 149/147/147 150/149/149
f 152/150/150 149/147/147 151/151/151
f 151/151/151 153/153/153 154/152/152
f 154/152/152 153/153/153 155/154/154
f 154/152/152 155/154/154 156/155/155
f 151/151/151 149/147/147 153/153/153
f 149/147/147 157/156/156 153/153/153
f 149/147/147 147/148/148 157/156/156
f 147/148/148 146/157/157 157/156/156
f 153/153/153 157/156/156 155/154/154
f 157/156/156 146/157/157 155/154/154
f 146/157/157 158/158/158 155/154/154
f 159/159/159 158/158/158 146/157/157
f 148/146/146 160/160/160 147/148/148
f 160/160/160 161/161/161 147/148/148
f 160/160/160 162/162/162 161/161/161
f 162/162/162 163/163/163 161/161/161
f 163/163/163 164/164/164 161/161/161
f 163/163/163 165/165/165 164/164/164
f 161/161/161 164/164/164 159/159/159
f 147/148/148 161/161/161 146/157/157
f 161/161/161 159/159/159 146/157/157
f 164/164/164 158/158/158 159/159/159
f 164/164/164 166/166/166 158/158/158
f 168/167/167 169/169/169 167/168/168
f 170/170/170 169/169/169 168/167/167
f 170/170/170 171/171/171 169/169/169
f 171/171/171 172/172/172 169/169/169
f 172/172/172 173/173/173 169/169/169
f 173/173/173 176/174/174 169/169/169
f 173/173/173 174/175/175 176/174/174
f 175/176/176 174/175/175 173/173/173
f 174/175/175 177/177/177 176/174/174
f 176/174/174 178/178/178 169/169/169
f 169/169/169 178/178/178 167/168/168
f 179/179/179 180/180/180 176/174/174
f 179/179/179 181/181/181 180/180/180
f 182/182/182 181/181/181 179/179/179
f 176/174/174 180/180/180 178/178/178
f 178/178/178 180/180/180 167/168/168
f 183/183/183 167/168/168 180/180/180
f 168/167/167 167/168/168 184/184/184
f 184/184/184 167/168/168 185/185/185
f 186/186/186 184/184/184 185/185/185
f 186/186/186 185/185/185 187/187/187
f 187/187/187 185/185/185 188/188/188
f 188/188/188 185/185/185 189/189/189
f 188/188/188 189/189/189 190/190/190
f 190/190/190 189/189/189 191/191/191
f 185/185/185 183/183/183 189/189/189
f 185/185/185 167/168/168 183/183/183
f 189/189/189 183/183/183 192/192/192
f 183/183/183 180/180/180 192/192/192
f 195/193/193 194/195/195 196/194/194
f 197/196/196 195/193/193 196/194/194
f 197/196/196 196/194/194 198/197/197
f 198/197/197 196/194/194 199/198/198
f 200/199/199 199/198/198 201/200/200
f 201/200/200 199/198/198 202/201/201
f 203/202/202 201/200/200 202/201/201
f 204/203/203 202/201/201 205/204/204
f 204/203/203 205/204/204 206/205/205
f 206/205/205 205/204/204 207/206/206
f 206/205/205 207/206/206 208/207/207
f 202/201/201 209/208/208 205/204/204
f 202/201/201 199/198/198 209/208/208
f 199/198/198 196/194/194 209/208/208
f 196/194/194 210/209/209 209/208/208
f 196/194/194 194/195/195 210/209/209
f 194/195/195 193/210/210 210/209/209
f 205/204/204 209/208/208 207/206/206
f 209/208/208 211/211/211 207/206/206
f 209/208/208 210/209/209 211/211/211
f 193/210/210 212/212/212 211/211/211
f 210/209/209 193/210/210 211/211/211
f 213/213/213 212/212/212 193/210/210
f 195/193/193 214/214/214 194/195/195
f 214/214/214 215/215/215 194/195/195
f 194/195/195 216/216/216 193/210/210
f 216/216/216 213/213/213 193/210/210
f 216/216/216 217/217/217 213/213/213
f 219/218/218 220/220/220 218/219/219
f 220/220/220 234/221/221 218/219/219
f 220/220/220 221/222/222 234/221/221
f 222/223/223 221/222/222 220/220/220
f 222/223/223 223/224/224 221/222/222
f 223/224/224 224/225/225 221/222/222
f 225/226/226 221/222/222 224/225/225
f 225/226/226 226/227/227 221/222/222
f 226/227/227 227/228/228 221/222/222
f 228/229/229 227/228/228 226/227/227
f 229/230/230 230/231/231 227/228/228
f 230/231/231 231/232/232 227/228/228
f 227/228/228 231/232/232 232/233/233
f 227/228/228 232/233/233 221/222/222
f 221/222/222 232/233/233 233/234/234
f 218/219/219 234/221/221 241/235/235
f 221/222/222 233/234/234 234/221/221
f 231/232/232 235/236/236 232/233/233
f 235/236/236 236/237/237 232/233/233
f 237/238/238 236/237/237 235/236/236
f 237/238/238 238/239/239 236/237/237
f 232/233/233 236/237/237 233/234/234
f 233/234/234 236/237/237 239/240/240
f 234/221/221 240/241/241 241/235/235
f 234/221/221 239/240/240 240/241/241
f 233/234/234 239/240/240 234/221/221
f 219/218/218 218/219/219 242/242/242
f 218/219/219 241/235/235 243/243/243
f 243/243/243 241/235/235 244/244/244
f 247/245/245 248/247/247 246/246/246
f 248/247/247 249/248/248 246/246/246
f 250/249/249 249/248/248 248/247/247
f 250/249/249 251/250/250 249/248/248
f 251/250/250 252/251/251 249/248/248
f 253/252/252 252/251/251 251/250/250
f 254/253/253 255/254/254 252/251/251
f 255/254/254 256/255/255 252/251/251
f 257/256/256 256/255/255 255/254/254
f 258/257/257 259/258/258 256/255/255
f 259/258/258 260/259/259 256/255/255
f 259/258/258 261/260/260 260/259/259
f 256/255/255 260/259/259 262/261/261
f 256/255/255 262/261/261 252/251/251
f 252/251/251 262/261/261 249/248/248
f 249/248/248 263/262/262 246/246/246
f 246/246/246 263/262/262 245/263/263
f 249/248/248 264/264/264 263/262/262
f 262/261/261 264/264/264 249/248/248
f 260/259/259 265/265/265 262/261/261
f 260/259/259 261/260/260 265/265/265
f 262/261/261 265/265/265 264/264/264
f 263/262/262 265/265/265 266/266/266
f 264/264/264 265/265/265 263/262/262
f 263/262/262 266/266/266 245/263/263
f 267/267/267 245/263/263 266/266/266
f 268/268/268 245/263/263 267/267/267
f 246/246/246 245/263/263 269/269/269
f 271/270/270 270/272/272 288/271/271
f 272/273/273 273/274/274 271/270/270
f 272/273/273 271/270/270 274/275/275
f 275/276/276 274/275/275 276/277/277
f 276/277/277 274/275/275 277/278/278
f 278/279/279 276/277/277 277/278/278
f 278/279/279 277/278/278 279/280/280
f 280/281/281 279/280/280 277/278/278
f 280/281/281 277/278/278 281/282/282
f 281/282/282 277/278/278 282/283/283
f 283/284/284 281/282/282 282/283/283
f 283/284/284 282/283/283 284/285/285
f 284/285/285 282/283/283 285/286/286
f 282/283/283 286/287/287 285/286/286
f 282/283/283 277/278/278 286/287/287
f 277/278/278 287/288/288 286/287/287
f 277/278/278 274/275/275 287/288/288
f 274/275/275 288/271/271 287/288/288
f 274/275/275 271/270/270 288/271/271
f 286/287/287 289/289/289 285/286/286
f 286/287/287 287/288/288 289/289/289
f 287/288/288 288/271/271 289/289/289
f 288/271/271 270/272/272 290/290/290
f 288/271/271 290/290/290 289/289/289
f 291/291/291 290/290/290 270/272/272
f 292/292/292 291/291/291 270/272/272
f 271/270/270 293/293/293 270/272/272
f 306/294/294 294/296/296 301/295/295
f 295/297/297 306/294/294 301/295/295
f 296/298/298 295/297/297 297/299/299
f 297/299/299 295/297/297 298/300/300
f 297/299/299 298/300/300 299/301/301
f 299/301/301 298/300/300 300/302/302
f 295/297/297 301/295/295 298/300/300
f 298/300/300 301/295/295 302/303/303
f 302/303/303 301/295/295 303/304/304
f 303/304/304 301/295/295 304/305/305
f 301/295/295 294/296/296 304/305/305
f 294/296/296 305/306/306 304/305/305
f 306/294/294 305/306/306 294/296/296
f 296/298/298 307/307/307 295/297/297
f 296/298/298 308/308/308 307/307/307
f 309/309/309 307/307/307 308/308/308
f 309/309/309 310/310/310 307/307/307
f 310/310/310 313/311/311 307/307/307
f 311/312/312 313/311/311 310/310/310
f 311/312/312 312/313/313 313/311/311
f 312/313/313 314/314/314 313/311/311
f 314/314/314 315/315/315 313/311/311
f 313/311/311 315/315/315 316/316/316
f 313/311/311 317/317/317 307/307/307
f 295/297/297 307/307/307 306/294/294
f 307/307/307 317/317/317 306/294/294
f 313/311/311 316/316/316 317/317/317
f 317/317/317 316/316/316 305/306/306
f 317/317/317 305/306/306 306/294/294
f 329/318/318 319/320/320 318/319/319
f 320/321/321 319/320/320 329/318/318
f 320/321/321 321/322/322 319/320/320
f 321/322/322 322/323/323 319/320/320
f 323/324/324 322/323/323 321/322/322
f 323/324/324 324/325/325 322/323/323
f 322/323/323 325/326/326 319/320/320
f 325/326/326 326/327/327 319/320/320
f 326/327/327 327/328/328 319/320/320
f 319/320/320 327/328/328 318/319/319
f 318/319/319 327/328/328 328/329/329
f 329/318/318 318/319/319 328/329/329
f 320/321/321 329/318/318 330/330/330
f 330/330/330 329/318/318 331/331/331
f 332/332/332 330/330/330 331/331/331
f 332/332/332 331/331/331 333/333/333
f 333/333/333 331/331/331 334/334/334
f 335/335/335 334/334/334 331/331/331
f 335/335/335 331/331/331 336/336/336
f 336/336/336 331/331/331 337/337/337
f 337/337/337 331/331/331 340/338/338
f 338/339/339 337/337/337 339/340/340
f 339/340/340 337/337/337 340/338/338
f 339/340/340 340/338/338 341/341/341
f 341/341/341 340/338/338 342/342/342
f 340/338/338 343/343/343 342/342/342
f 331/331/331 344/344/344 340/338/338
f 331/331/331 329/318/318 344/344/344
f 340/338/338 344/344/344 343/343/343
f 344/344/344 328/329/329 343/343/343
f 344/344/344 329/318/318 328/329/329
f 348/345/345 359/347/347 345/346/346
f 347/348/348 346/349/349 348/345/345
f 347/348/348 348/345/345 349/350/350
f 349/350/350 348/345/345 350/351/351
f 350/351/351 348/345/345 351/352/352
f 352/353/353 350/351/351 351/352/352
f 354/354/354 353/356/356 355/355/355
f 353/356/356 356/357/357 355/355/355
f 353/356/356 357/358/358 356/357/357
f 351/352/352 357/358/358 353/356/356
f 351/352/352 348/345/345 357/358/358
f 348/345/345 345/346/346 357/358/358
f 357/358/358 358/359/359 356/357/357
f 357/358/358 345/346/346 358/359/359
f 359/347/347 358/359/359 345/346/346
f 348/345/345 346/349/349 359/347/347
f 347/348/348 360/360/360 346/349/349
f 360/360/360 361/361/361 346/349/349
f 361/361/361 362/362/362 346/349/349
f 361/361/361 363/363/363 362/362/362
f 363/363/363 364/364/364 362/362/362
f 364/364/364 365/365/365 362/362/362
f 362/362/362 365/365/365 358/359/359
f 346/349/349 362/362/362 359/347/347
f 362/362/362 358/359/359 359/347/347
f 369/366/366 368/368/368 367/367/367
f 369/366/366 370/369/369 368/368/368
f 370/369/369 371/370/370 368/368/368
f 371/370/370 372/371/371 368/368/368
f 372/371/371 373/372/372 368/368/368
f 374/373/373 373/372/372 372/371/371
f 374/373/373 375/374/374 373/372/372
f 375/374/374 376/375/375 373/372/372
f 376/375/375 377/376/376 373/372/372
f 373/372/372 377/376/376 378/377/377
f 368/368/368 373/372/372 379/378/378
f 368/368/368 379/378/378 366/379/379
f 373/372/372 378/377/377 379/378/378
f 379/378/378 378/377/377 380/380/380
f 379/378/378 380/380/380 366/379/379
f 381/381/381 366/379/379 380/380/380
f 368/368/368 366/379/379 382/382/382
f 367/367/367 368/368/368 382/382/382
f 367/367/367 382/382/382 383/383/383
f 384/384/384 383/383/383 382/382/382
f 384/384/384 382/382/382 385/385/385
f 385/385/385 382/382/382 386/386/386
f 386/386/386 382/382/382 387/387/387
f 388/388/388 387/387/387 389/389/389
f 387/387/387 380/380/380 389/389/389
f 387/387/387 381/381/381 380/380/380
f 382/382/382 381/381/381 387/387/387
f 382/382/382 366/379/379 381/381/381
f 392/390/390 390/392/392 391/391/391
f 392/390/390 391/391/391 393/393/393
f 395/394/394 391/391/391 394/395/395
f 395/394/394 394/395/395 396/396/396
f 396/396/396 394/395/395 397/397/397
f 398/398/398 396/396/396 397/397/397
f 399/399/399 397/397/397 400/400/400
f 400/400/400 402/402/402 401/401/401
f 400/400/400 403/403/403 402/402/402
f 397/397/397 403/403/403 400/400/400
f 397/397/397 394/395/395 403/403/403
f 394/395/395 391/391/391 404/404/404
f 391/391/391 390/392/392 405/405/405
f 390/392/392 408/406/406 405/405/405
f 391/391/391 405/405/405 404/404/404
f 394/395/395 404/404/404 403/403/403
f 403/403/403 406/407/407 402/402/402
f 403/403/403 404/404/404 406/407/407
f 404/404/404 405/405/405 406/407/407
f 405/405/405 408/406/406 407/408/408
f 405/405/405 407/408/408 406/407/407
f 409/409/409 410/410/410 390/392/392
f 409/409/409 411/411/411 410/410/410
f 390/392/392 410/410/410 408/406/406
f 410/410/410 412/412/412 408/406/406
f 412/412/412 413/413/413 408/406/406
f 413/413/413 407/408/408 408/406/406
f 414/414/414 415/416/416 433/415/415
f 415/416/416 430/417/417 433/415/415
f 415/416/416 416/418/418 430/417/417
f 417/419/419 416/418/418 415/416/416
f 417/419/419 418/420/420 416/418/418
f 418/420/420 419/421/421 416/418/418
f 420/422/422 416/418/418 419/421/421
f 420/422/422 421/423/423 416/418/418
f 421/423/423 422/424/424 416/418/418
f 423/425/425 422/424/424 421/423/423
f 424/426/426 425/427/427 422/424/424
f 424/426/426 426/428/428 425/427/427
f 426/428/428 427/429/429 425/427/427
f 425/427/427 427/429/429 428/430/430
f 422/424/424 425/427/427 416/418/418
f 416/418/418 425/427/427 429/431/431
f 416/418/418 429/431/431 430/417/417
f 425/427/427 428/430/430 431/432/432
f 425/427/427 431/432/432 429/431/431
f 430/417/417 432/433/433 433/415/415
f 430/417/417 431/432/432 432/433/433
f 429/431/431 431/432/432 430/417/417
f 414/414/414 433/415/415 434/434/434
f 434/434/434 433/415/415 435/435/435
f 434/434/434 435/435/435 436/436/436
f 435/435/435 433/415/415 437/437/437
f 437/437/437 433/415/415 438/438/438
f 438/438/438 433/415/415 432/433/433
f 441/439/439 439/441/441 442/440/440
f 443/442/442 459/443/443 441/439/439
f 443/442/442 444/444/444 459/443/443
f 445/445/445 446/446/446 444/444/444
f 446/446/446 447/447/447 444/444/444
f 448/448/448 447/447/447 446/446/446
f 448/448/448 449/449/449 447/447/447
f 450/450/450 447/447/447 449/449/449
f 450/450/450 451/451/451 447/447/447
f 451/451/451 452/452/452 447/447/447
f 453/453/453 452/452/452 451/451/451
f 453/453/453 454/454/454 452/452/452
f 454/454/454 455/455/455 452/452/452
f 452/452/452 455/455/455 456/456/456
f 452/452/452 456/456/456 457/457/457
f 452/452/452 457/457/457 447/447/447
f 447/447/447 457/457/457 458/458/458
f 447/447/447 458/458/458 444/444/444
f 444/444/444 458/458/458 459/443/443
f 441/439/439 459/443/443 439/441/441
f 439/441/441 459/443/443 440/459/459
f 457/457/457 456/456/456 458/458/458
f 458/458/458 456/456/456 460/460/460
f 458/458/458 460/460/460 459/443/443
f 459/443/443 460/460/460 440/459/459
f 439/441/441 440/459/459 461/461/461
f 464/462/462 462/464/464 469/463/463
f 464/462/462 465/465/465 462/464/464
f 466/466/466 464/462/462 469/463/463
f 467/467/467 464/462/462 466/466/466
f 467/467/467 468/468/468 464/462/462
f 470/469/469 466/466/466 469/463/463
f 470/469/469 469/463/463 471/470/470
f 471/470/470 469/463/463 472/471/471
f 472/471/471 469/463/463 473/472/472
f 474/473/473 472/471/471 473/472/472
f 474/473/473 473/472/472 475/474/474
f 475/474/474 473/472/472 476/475/475
f 477/476/476 475/474/474 476/475/475
f 477/476/476 476/475/475 478/477/477
f 478/477/477 476/475/475 479/478/478
f 478/477/477 479/478/478 480/479/479
f 479/478/478 481/480/480 480/479/479
f 476/475/475 473/472/472 482/481/481
f 469/463/463 462/464/464 483/482/482
f 473/472/472 469/463/463 483/482/482
f 473/472/472 483/482/482 482/481/481
f 476/475/475 482/481/481 479/478/478
f 479/478/478 482/481/481 481/480/480
f 483/482/482 462/464/464 484/483/483
f 483/482/482 484/483/483 485/484/484
f 482/481/481 483/482/482 485/484/484
f 482/481/481 485/484/484 481/480/480
f 462/464/464 463/485/485 484/483/483
f 489/486/486 488/488/488 504/487/487
f 489/486/486 504/487/487 490/489/489
f 491/490/490 490/489/489 492/491/491
f 492/491/491 490/489/489 493/492/492
f 494/493/493 492/491/491 493/492/492
f 494/493/493 493/492/492 495/494/494
f 495/494/494 493/492/492 496/495/495
f 497/496/496 495/494/494 496/495/495
f 498/497/497 496/495/495 499/498/498
f 499/498/498 501/500/500 500/499/499
f 499/498/498 502/501/501 501/500/500
f 496/495/495 502/501/501 499/498/498
f 496/495/495 493/492/492 502/501/501
f 493/492/492 490/489/489 503/502/502
f 490/489/489 504/487/487 503/502/502
f 488/488/488 486/503/503 504/487/487
f 486/503/503 487/504/504 504/487/487
f 493/492/492 503/502/502 502/501/501
f 502/501/501 503/502/502 501/500/500
f 504/487/487 487/504/504 505/505/505
f 503/502/502 504/487/487 505/505/505
f 503/502/502 505/505/505 501/500/500
f 486/503/503 506/506/506 487/504/504
f 509/507/507 507/509/509 510/508/508
f 511/510/510 509/507/507 510/508/508
f 511/510/510 512/511/511 509/507/507
f 513/512/512 514/513/513 512/511/511
f 514/513/513 515/514/514 512/511/511
f 516/515/515 515/514/514 514/513/513
f 516/515/515 517/516/516 515/514/514
f 517/516/516 518/517/517 515/514/514
f 519/518/518 518/517/517 517/516/516
f 520/519/519 521/520/520 518/517/517
f 521/520/520 522/522/522 523/521/521
f 521/520/520 523/521/521 524/523/523
f 518/517/517 521/520/520 524/523/523
f 518/517/517 524/523/523 515/514/514
f 515/514/514 525/524/524 512/511/511
f 512/511/511 525/524/524 509/507/507
f 515/514/514 524/523/523 525/524/524
f 524/523/523 523/521/521 525/524/524
f 525/524/524 523/521/521 526/525/525
f 507/509/509 527/527/527 508/526/526
f 509/507/507 527/527/527 507/509/509
f 509/507/507 526/525/525 527/527/527
f 525/524/524 526/525/525 509/507/507
s 0
f 528/528/528 529/530/528 530/529/528
f 528/528/528 530/529/528 531/531/528
f 528/528/528 531/531/528 532/532/528
f 528/528/528 532/532/528 533/533/528
f 528/528/528 533/533/528 534/534/528
f 528/528/528 534/534/528 535/535/528
f 534/534/528 533/533/528 536/536/528
f 533/533/528 532/532/528 537/537/528
f 533/533/528 537/537/528 538/538/528
f 537/537/528 532/532/528 539/539/528
f 532/532/528 531/531/528 540/540/528
f 532/532/528 540/540/528 541/541/528
f 540/540/528 531/531/528 542/542/528
f 531/531/528 530/529/528 543/543/528
s 1
f 546/544/529 545/546/531 547/545/530
f 547/545/530 545/546/531 548/547/532
f 547/545/530 548/547/532 549/548/533
f 549/548/533 548/547/532 550/549/534
f 545/546/531 544/550/535 548/547/532
f 548/547/532 544/550/535 551/551/536
f 551/551/536 544/550/535 552/552/537
f 553/553/538 552/552/537 544/550/535
f 545/546/531 553/553/538 544/550/535
f 546/544/529 554/554/539 545/546/531
f 554/554/539 555/555/540 545/546/531
f 556/556/541 555/555/540 554/554/539
f 556/556/541 557/557/542 555/555/540
f 557/557/542 558/558/543 555/555/540
f 559/559/544 555/555/540 558/558/543
f 559/559/544 560/560/545 555/555/540
f 560/560/545 561/561/546 555/555/540
f 561/561/546 564/562/547 555/555/540
f 562/563/548 563/564/549 561/561/546
f 563/564/549 564/562/547 561/561/546
f 563/564/549 565/565/550 564/562/547
f 565/565/550 566/566/551 564/562/547
f 564/562/547 566/566/551 567/567/552
f 555/555/540 553/553/538 545/546/531
f 555/555/540 564/562/547 553/553/538
f 564/562/547 567/567/552 553/553/538
f 553/553/538 567/567/552 552/552/537
f 570/568/553 571/570/555 569/569/554
f 571/570/555 572/571/556 569/569/554
f 571/570/555 573/572/557 572/571/556
f 573/572/557 574/573/558 572/571/556
f 569/569/554 572/571/556 568/574/559
f 572/571/556 575/575/560 568/574/559
f 575/575/560 576/576/561 568/574/559
f 569/569/554 568/574/559 576/576/561
f 570/568/553 569/569/554 577/577/562
f 577/577/562 569/569/554 578/578/563
f 579/579/564 577/577/562 578/578/563
f 579/579/564 578/578/563 580/580/565
f 582/581/566 578/578/563 581/582/567
f 582/581/566 581/582/567 583/583/568
f 584/584/569 583/583/568 581/582/567
f 584/584/569 581/582/567 585/585/570
f 585/585/570 581/582/567 586/586/571
f 585/585/570 586/586/571 587/587/572
f 587/587/572 586/586/571 588/588/573
f 581/582/567 589/589/574 586/586/571
f 581/582/567 578/578/563 589/589/574
f 578/578/563 569/569/554 589/589/574
f 586/586/571 589/589/574 590/590/575
f 586/586/571 590/590/575 588/588/573
f 589/589/574 569/569/554 590/590/575
f 569/569/554 576/576/561 590/590/575
f 592/591/576 607/593/578 591/592/577
f 595/594/579 592/591/576 594/595/580
f 595/594/579 594/595/580 596/596/581
f 596/596/581 594/595/580 597/597/582
f 597/597/582 594/595/580 598/598/583
f 599/599/584 597/597/582 598/598/583
f 599/599/584 598/598/583 600/600/585
f 598/598/583 594/595/580 601/601/586
f 598/598/583 601/601/586 602/602/587
f 602/602/587 601/601/586 603/603/588
f 603/603/588 601/601/586 604/604/589
f 603/603/588 604/604/589 605/605/590
f 592/591/576 591/592/577 594/595/580
f 594/595/580 591/592/577 601/601/586
f 601/601/586 591/592/577 604/604/589
f 591/592/577 606/606/591 604/604/589
f 607/593/578 606/606/591 591/592/577
f 593/607/592 608/608/593 592/591/576
f 608/608/593 607/593/578 592/591/576
f 609/609/594 610/610/595 608/608/593
f 610/610/595 611/611/596 608/608/593
f 610/610/595 612/612/597 611/611/596
f 612/612/597 613/613/598 611/611/596
f 613/613/598 614/614/599 611/611/596
f 611/611/596 614/614/599 607/593/578
f 608/608/593 611/611/596 607/593/578
f 607/593/578 614/614/599 606/606/591
f 617/615/600 618/617/602 616/616/601
f 617/615/600 619/618/603 618/617/602
f 620/619/604 621/620/605 618/617/602
f 621/620/605 622/621/606 618/617/602
f 621/620/605 623/622/607 622/621/606
f 618/617/602 622/621/606 624/623/608
f 618/617/602 624/623/608 625/624/609
f 616/616/601 618/617/602 625/624/609
f 622/621/606 626/625/610 624/623/608
f 626/625/610 627/626/611 624/623/608
f 625/624/609 628/628/613 615/627/612
f 624/623/608 628/628/613 625/624/609
f 624/623/608 627/626/611 628/628/613
f 625/624/609 615/627/612 616/616/601
f 617/615/600 616/616/601 629/629/614
f 629/629/614 616/616/601 630/630/615
f 630/630/615 616/616/601 631/631/616
f 630/630/615 631/631/616 632/632/617
f 632/632/617 631/631/616 633/633/618
f 633/633/618 631/631/616 634/634/619
f 633/633/618 634/634/619 635/635/620
f 616/616/601 615/627/612 631/631/616
f 631/631/616 615/627/612 634/634/619
f 615/627/612 628/628/613 634/634/619
f 640/636/621 637/638/623 639/637/622
f 640/636/621 639/637/622 641/639/624
f 643/640/625 639/637/622 642/641/626
f 643/640/625 642/641/626 644/642/627
f 645/643/628 644/642/627 642/641/626
f 645/643/628 642/641/626 646/644/629
f 646/644/629 642/641/626 647/645/630
f 646/644/629 647/645/630 648/646/631
f 648/646/631 647/645/630 649/647/632
f 642/641/626 650/648/633 647/645/630
f 642/641/626 639/637/622 650/648/633
f 639/637/622 637/638/623 650/648/633
f 637/638/623 636/649/634 650/648/633
f 647/645/630 650/648/633 651/650/635
f 647/645/630 651/650/635 649/647/632
f 636/649/634 652/651/636 651/650/635
f 650/648/633 636/649/634 651/650/635
f 653/652/637 652/651/636 636/649/634
f 637/638/623 653/652/637 636/649/634
f 638/653/638 653/652/637 637/638/623
f 638/653/638 654/654/639 653/652/637
f 654/654/639 655/655/640 653/652/637
f 656/656/641 657/657/642 653/652/637
f 657/657/642 652/651/636 653/652/637
f 659/658/643 660/660/645 675/659/644
f 660/660/645 661/661/646 675/659/644
f 662/662/647 661/661/646 660/660/645
f 662/662/647 663/663/648 661/661/646
f 665/664/649 664/665/650 661/661/646
f 665/664/649 666/666/651 664/665/650
f 667/667/652 664/665/650 666/666/651
f 667/667/652 668/668/653 664/665/650
f 668/668/653 669/669/654 664/665/650
f 668/668/653 670/670/655 669/669/654
f 670/670/655 671/671/656 669/669/654
f 664/665/650 669/669/654 672/672/657
f 664/665/650 672/672/657 661/661/646
f 661/661/646 672/672/657 675/659/644
f 675/659/644 672/672/657 658/673/658
f 669/669/654 673/674/659 672/672/657
f 669/669/654 671/671/656 673/674/659
f 658/673/658 673/674/659 674/675/660
f 672/672/657 673/674/659 658/673/658
f 675/659/644 658/673/658 674/675/660
f 659/658/643 675/659/644 676/676/661
f 676/676/661 675/659/644 677/677/662
f 676/676/661 677/677/662 678/678/663
f 677/677/662 675/659/644 679/679/664
f 679/679/664 675/659/644 680/680/665
f 680/680/665 675/659/644 674/675/660
f 681/681/666 683/683/668 682/682/667
f 685/684/669 684/685/670 681/681/666
f 685/684/669 686/686/671 684/685/670
f 686/686/671 687/687/672 684/685/670
f 688/688/673 689/689/674 687/687/672
f 689/689/674 698/690/675 687/687/672
f 689/689/674 690/691/676 698/690/675
f 691/692/677 690/691/676 689/689/674
f 692/693/678 693/694/679 690/691/676
f 693/694/679 694/695/680 690/691/676
f 696/696/681 695/697/682 694/695/680
f 694/695/680 695/697/682 697/698/683
f 694/695/680 697/698/683 698/690/675
f 690/691/676 694/695/680 698/690/675
f 698/690/675 699/699/684 687/687/672
f 687/687/672 699/699/684 684/685/670
f 681/681/666 684/685/670 683/683/668
f 698/690/675 697/698/683 699/699/684
f 684/685/670 700/700/685 683/683/668
f 699/699/684 700/700/685 684/685/670
f 699/699/684 697/698/683 700/700/685
f 704/701/686 701/703/688 703/702/687
f 704/701/686 705/704/689 701/703/688
f 706/705/690 705/704/689 704/701/686
f 707/706/691 704/701/686 703/702/687
f 707/706/691 703/702/687 708/707/692
f 709/708/693 708/707/692 710/709/694
f 710/709/694 708/707/692 711/710/695
f 712/711/696 710/709/694 711/710/695
f 712/711/696 711/710/695 713/712/697
f 713/712/697 711/710/695 714/713/698
f 715/714/699 713/712/697 714/713/698
f 716/715/700 714/713/698 717/716/701
f 717/716/701 719/718/703 718/717/702
f 714/713/698 719/718/703 717/716/701
f 714/713/698 711/710/695 719/718/703
f 711/710/695 708/707/692 720/719/704
f 708/707/692 703/702/687 720/719/704
f 711/710/695 720/719/704 719/718/703
f 719/718/703 721/720/705 718/717/702
f 719/718/703 720/719/704 721/720/705
f 701/703/688 702/722/707 722/721/706
f 703/702/687 701/703/688 722/721/706
f 720/719/704 703/702/687 722/721/706
f 720/719/704 722/721/706 721/720/705
f 725/723/708 726/725/710 723/724/709
f 725/723/708 723/724/709 727/726/711
f 728/727/712 725/723/708 727/726/711
f 728/727/712 727/726/711 729/728/713
f 729/728/713 727/726/711 730/729/714
f 731/730/715 729/728/713 730/729/714
f 731/730/715 730/729/714 732/731/716
f 734/732/717 730/729/714 733/733/718
f 734/732/717 733/733/718 735/734/719
f 735/734/719 733/733/718 736/735/720
f 737/736/721 735/734/719 736/735/720
f 738/737/722 736/735/720 739/738/723
f 739/738/723 741/740/725 740/739/724
f 736/735/720 741/740/725 739/738/723
f 736/735/720 733/733/718 741/740/725
f 733/733/718 730/729/714 742/741/726
f 730/729/714 727/726/711 742/741/726
f 723/724/709 724/742/727 727/726/711
f 741/740/725 743/743/728 740/739/724
f 741/740/725 733/733/718 743/743/728
f 733/733/718 742/741/726 743/743/728
f 727/726/711 724/742/727 744/744/729
f 742/741/726 727/726/711 744/744/729
f 742/741/726 744/744/729 743/743/728
f 723/724/709 745/745/730 724/742/727
f 749/746/731 748/748/733 746/747/732
f 749/746/731 746/747/732 750/749/734
f 751/750/735 748/748/733 749/746/731
f 751/750/735 749/746/731 752/751/736
f 751/750/735 753/752/737 748/748/733
f 754/753/738 755/754/739 753/752/737
f 755/754/739 756/755/740 753/752/737
f 757/756/741 756/755/740 755/754/739
f 757/756/741 758/757/742 756/755/740
f 758/757/742 759/758/743 756/755/740
f 760/759/744 759/758/743 758/757/742
f 761/760/745 762/761/746 759/758/743
f 762/761/746 763/763/748 764/762/747
f 759/758/743 762/761/746 764/762/747
f 759/758/743 764/762/747 756/755/740
f 756/755/740 765/764/749 753/752/737
f 753/752/737 765/764/749 748/748/733
f 756/755/740 764/762/747 765/764/749
f 764/762/747 763/763/748 766/765/750
f 764/762/747 766/765/750 765/764/749
f 746/747/732 767/767/752 747/766/751
f 748/748/733 767/767/752 746/747/732
f 765/764/749 767/767/752 748/748/733
f 765/764/749 766/765/750 767/767/752
f 769/768/753 774/770/755 770/769/754
f 770/769/754 774/770/755 771/771/756
f 771/771/756 774/770/755 772/772/757
f 771/771/756 772/772/757 773/773/758
f 772/772/757 774/770/755 775/774/759
f 775/774/759 774/770/755 776/775/760
f 774/770/755 768/776/761 776/775/760
f 769/768/753 777/777/762 774/770/755
f 777/777/762 787/778/763 774/770/755
f 778/779/764 779/780/765 777/777/762
f 779/780/765 780/781/766 777/777/762
f 780/781/766 781/782/767 777/777/762
f 782/783/768 781/782/767 780/781/766
f 782/783/768 783/784/769 781/782/767
f 784/785/770 785/786/771 783/784/769
f 785/786/771 786/787/772 783/784/769
f 783/784/769 786/787/772 781/782/767
f 777/777/762 781/782/767 787/778/763
f 774/770/755 787/778/763 768/776/761
f 786/787/772 788/788/773 781/782/767
f 788/788/773 789/789/774 781/782/767
f 788/788/773 790/790/775 789/789/774
f 791/791/776 790/790/775 788/788/773
f 781/782/767 789/789/774 787/778/763
f 787/778/763 789/789/774 768/776/761
f 768/776/761 789/789/774 776/775/760
f 793/792/777 794/794/779 798/793/778
f 794/794/779 795/795/780 798/793/778
f 795/795/780 796/796/781 798/793/778
f 795/795/780 797/797/782 796/796/781
f 796/796/781 799/798/783 798/793/778
f 799/798/783 800/799/784 798/793/778
f 798/793/778 800/799/784 792/800/785
f 793/792/777 798/793/778 801/801/786
f 802/802/787 793/792/777 801/801/786
f 802/802/787 801/801/786 803/803/788
f 805/804/789 801/801/786 804/805/790
f 805/804/789 804/805/790 806/806/791
f 807/807/792 806/806/791 804/805/790
f 807/807/792 804/805/790 808/808/793
f 808/808/793 804/805/790 809/809/794
f 808/808/793 809/809/794 810/810/795
f 810/810/795 809/809/794 811/811/796
f 809/809/794 812/812/797 811/811/796
f 804/805/790 813/813/798 809/809/794
f 804/805/790 801/801/786 813/813/798
f 801/801/786 798/793/778 813/813/798
f 798/793/778 792/800/785 813/813/798
f 809/809/794 813/813/798 812/812/797
f 813/813/798 792/800/785 812/812/797
f 792/800/785 800/799/784 812/812/797
f 815/814/799 814/816/801 816/815/800
f 817/817/802 816/815/800 818/818/803
f 818/818/803 816/815/800 819/819/804
f 818/818/803 819/819/804 820/820/805
f 820/820/805 819/819/804 821/821/806
f 821/821/806 819/819/804 822/822/807
f 819/819/804 823/823/808 822/822/807
f 816/815/800 814/816/801 819/819/804
f 814/816/801 824/824/809 819/819/804
f 814/816/801 826/825/810 824/824/809
f 819/819/804 824/824/809 823/823/808
f 824/824/809 825/826/811 823/823/808
f 824/824/809 826/825/810 825/826/811
f 815/814/799 827/827/812 814/816/801
f 827/827/812 828/828/813 814/816/801
f 828/828/813 834/829/814 814/816/801
f 829/830/815 830/831/816 828/828/813
f 830/831/816 831/832/817 828/828/813
f 830/831/816 832/833/818 831/832/817
f 832/833/818 833/834/819 831/832/817
f 828/828/813 831/832/817 834/829/814
f 814/816/801 834/829/814 826/825/810
f 831/832/817 825/826/811 834/829/814
f 831/832/817 835/835/820 825/826/811
f 834/829/814 825/826/811 826/825/810
f 838/836/821 839/838/823 837/837/822
f 839/838/823 840/839/824 837/837/822
f 842/840/825 843/842/827 841/841/826
f 843/842/827 844/843/828 841/841/826
f 843/842/827 845/844/829 844/843/828
f 841/841/826 844/843/828 846/845/830
f 841/841/826 846/845/830 840/839/824
f 840/839/824 846/845/830 837/837/822
f 837/837/822 846/845/830 836/846/831
f 844/843/828 847/847/832 846/845/830
f 847/847/832 848/848/833 846/845/830
f 846/845/830 848/848/833 849/849/834
f 836/846/831 849/849/834 850/850/835
f 846/845/830 849/849/834 836/846/831
f 851/851/836 836/846/831 850/850/835
f 838/836/821 837/837/822 852/852/837
f 852/852/837 837/837/822 853/853/838
f 852/852/837 853/853/838 854/854/839
f 854/854/839 853/853/838 855/855/840
f 855/855/840 853/853/838 856/856/841
f 855/855/840 856/856/841 857/857/842
f 853/853/838 851/851/836 856/856/841
f 837/837/822 836/846/831 853/853/838
f 853/853/838 836/846/831 851/851/836
f 856/856/841 851/851/836 850/850/835
f 856/856/841 850/850/835 858/858/843
f 860/859/844 859/861/846 861/860/845
f 861/860/845 859/861/846 862/862/847
f 862/862/847 859/861/846 875/863/848
f 863/864/849 862/862/847 864/865/850
f 864/865/850 862/862/847 865/866/851
f 865/866/851 862/862/847 866/867/852
f 867/868/853 865/866/851 866/867/852
f 867/868/853 866/867/852 868/869/854
f 869/870/855 868/869/854 870/871/856
f 870/871/856 868/869/854 871/872/857
f 870/871/856 871/872/857 872/873/858
f 872/873/858 871/872/857 873/874/859
f 871/872/857 874/875/860 873/874/859
f 868/869/854 866/867/852 871/872/857
f 862/862/847 875/863/848 866/867/852
f 871/872/857 866/867/852 874/875/860
f 866/867/852 875/863/848 874/875/860
f 875/863/848 859/861/846 876/876/861
f 875/863/848 876/876/861 874/875/860
f 877/877/862 876/876/861 859/861/846
f 860/859/844 878/878/863 859/861/846
f 860/859/844 879/879/864 878/878/863
f 878/878/863 880/880/865 859/861/846
f 880/880/865 877/877/862 859/861/846
f 880/880/865 881/881/866 877/877/862
f 886/882/867 885/884/869 883/883/868
f 886/882/867 887/885/870 885/884/869
f 889/886/871 888/887/872 885/884/869
f 889/886/871 890/888/873 888/887/872
f 891/889/33 888/887/872 890/888/873
f 891/889/33 892/890/874 888/887/872
f 892/890/874 893/891/875 888/887/872
f 892/890/874 894/892/876 893/891/875
f 894/892/876 895/893/877 893/891/875
f 893/891/875 895/893/877 896/894/878
f 888/887/872 893/891/875 897/895/879
f 888/887/872 897/895/879 885/884/869
f 885/884/869 897/895/879 883/883/868
f 883/883/868 897/895/879 882/896/880
f 893/891/875 896/894/878 897/895/879
f 882/896/880 896/894/878 898/897/881
f 897/895/879 896/894/878 882/896/880
f 899/898/882 882/896/880 898/897/881
f 883/883/868 882/896/880 899/898/882
f 884/899/43 883/883/868 900/900/883
f 884/899/43 900/900/883 901/901/884
f 883/883/868 899/898/882 900/900/883
f 900/900/883 899/898/882 902/902/885
f 902/902/885 899/898/882 903/903/886
f 903/903/886 899/898/882 904/904/887
f 907/905/888 908/907/890 906/906/889
f 908/907/890 909/908/52 906/906/889
f 910/909/891 909/908/52 908/907/890
f 910/909/891 911/910/892 909/908/52
f 911/910/892 912/911/893 909/908/52
f 913/912/894 909/908/52 912/911/893
f 913/912/894 914/913/895 909/908/52
f 914/913/895 915/914/896 909/908/52
f 916/915/59 915/914/896 914/913/895
f 916/915/59 917/916/897 915/914/896
f 917/916/897 918/917/898 915/914/896
f 919/918/899 918/917/898 917/916/897
f 919/918/899 920/919/900 918/917/898
f 918/917/898 921/920/901 915/914/896
f 918/917/898 922/921/902 921/920/901
f 922/921/902 923/922/903 921/920/901
f 915/914/896 924/923/904 909/908/52
f 909/908/52 925/924/905 906/906/889
f 906/906/889 925/924/905 905/925/906
f 909/908/52 924/923/904 925/924/905
f 915/914/896 921/920/901 924/923/904
f 921/920/901 926/926/907 924/923/904
f 921/920/901 923/922/903 926/926/907
f 925/924/905 927/927/908 905/925/906
f 925/924/905 926/926/907 927/927/908
f 924/923/904 926/926/907 925/924/905
f 928/928/909 905/925/906 927/927/908
f 929/929/910 905/925/906 928/928/909
f 930/930/911 905/925/906 929/929/910
f 906/906/889 905/925/906 930/930/911
f 906/906/889 930/930/911 931/931/912
f 933/932/913 934/934/915 932/933/914
f 935/935/916 934/934/915 933/932/913
f 936/936/917 933/932/913 937/937/918
f 937/937/918 933/932/913 938/938/919
f 939/939/83 937/937/918 938/938/919
f 939/939/83 938/938/919 940/940/920
f 941/941/921 940/940/920 938/938/919
f 941/941/921 938/938/919 942/942/922
f 943/943/923 942/942/922 944/944/924
f 944/944/924 942/942/922 945/945/925
f 942/942/922 946/946/926 945/945/925
f 942/942/922 938/938/919 946/946/926
f 938/938/919 947/947/927 946/946/926
f 938/938/919 933/932/913 947/947/927
f 933/932/913 948/948/928 947/947/927
f 933/932/913 932/933/914 948/948/928
f 945/945/925 946/946/926 949/949/929
f 946/946/926 950/950/930 949/949/929
f 946/946/926 947/947/927 950/950/930
f 947/947/927 948/948/928 950/950/930
f 948/948/928 932/933/914 951/951/931
f 948/948/928 951/951/931 950/950/930
f 952/952/932 951/951/931 932/933/914
f 953/953/933 952/952/932 932/933/914
f 954/954/934 953/953/933 932/933/914
f 957/955/935 956/957/937 958/956/936
f 958/956/936 956/957/937 959/958/938
f 958/956/936 959/958/938 960/959/939
f 960/959/939 959/958/938 961/960/940
f 962/961/941 960/959/939 961/960/940
f 962/961/941 961/960/940 963/962/942
f 961/960/940 959/958/938 964/963/107
f 964/963/107 959/958/938 965/964/943
f 965/964/943 959/958/938 966/965/109
f 956/957/937 955/966/110 959/958/938
f 959/958/938 955/966/110 967/967/111
f 959/958/938 967/967/111 966/965/109
f 968/968/944 967/967/111 955/966/110
f 956/957/937 968/968/944 955/966/110
f 969/969/945 956/957/937 957/955/935
f 969/969/945 970/970/946 956/957/937
f 970/970/946 971/971/947 956/957/937
f 971/971/947 972/972/116 956/957/937
f 973/973/948 972/972/116 971/971/947
f 973/973/948 974/974/949 972/972/116
f 975/975/950 972/972/116 974/974/949
f 975/975/950 976/976/951 972/972/116
f 976/976/951 977/977/952 972/972/116
f 976/976/951 978/978/953 977/977/952
f 972/972/116 977/977/952 979/979/123
f 972/972/116 979/979/123 956/957/937
f 956/957/937 979/979/123 968/968/944
f 977/977/952 980/980/954 979/979/123
f 979/979/123 980/980/954 967/967/111
f 979/979/123 967/967/111 968/968/944
f 983/981/955 984/983/957 982/982/956
f 984/983/957 985/984/958 982/982/956
f 985/984/958 986/985/959 982/982/956
f 986/985/959 987/986/960 982/982/956
f 986/985/959 988/987/961 987/986/960
f 988/987/961 989/988/962 987/986/960
f 982/982/956 987/986/960 981/989/963
f 987/986/960 990/990/964 981/989/963
f 987/986/960 989/988/962 990/990/964
f 983/981/955 982/982/956 991/991/965
f 992/992/966 983/981/955 991/991/965
f 992/992/966 991/991/965 993/993/967
f 993/993/967 991/991/965 994/994/968
f 995/995/969 994/994/968 996/996/970
f 996/996/970 994/994/968 997/997/971
f 997/997/971 994/994/968 998/998/972
f 999/999/973 997/997/971 1000/1000/974
f 1000/1000/974 997/997/971 1001/1001/975
f 997/997/971 998/998/972 1001/1001/975
f 994/994/968 991/991/965 998/998/972
f 991/991/965 1002/1002/976 998/998/972
f 991/991/965 982/982/956 1002/1002/976
f 982/982/956 981/989/963 1002/1002/976
f 1001/1001/975 998/998/972 1003/1003/977
f 998/998/972 990/990/964 1003/1003/977
f 998/998/972 1002/1002/976 990/990/964
f 1002/1002/976 981/989/963 990/990/964
f 1006/1004/978 1005/1006/980 1007/1005/979
f 1006/1004/978 1007/1005/979 1008/1007/981
f 1010/1008/982 1007/1005/979 1009/1009/983
f 1009/1009/983 1011/1011/985 1012/1010/984
f 1012/1010/984 1011/1011/985 1013/1012/986
f 1011/1011/985 1014/1013/987 1013/1012/986
f 1009/1009/983 1007/1005/979 1011/1011/985
f 1007/1005/979 1015/1014/988 1011/1011/985
f 1005/1006/980 1015/1014/988 1007/1005/979
f 1005/1006/980 1004/1015/989 1015/1014/988
f 1011/1011/985 1015/1014/988 1014/1013/987
f 1015/1014/988 1004/1015/989 1014/1013/987
f 1017/1016/990 1014/1013/987 1004/1015/989
f 1006/1004/978 1016/1017/991 1005/1006/980
f 1016/1017/991 1017/1016/990 1005/1006/980
f 1016/1017/991 1018/1018/992 1017/1016/990
f 1018/1018/992 1019/1019/993 1017/1016/990
f 1019/1019/993 1020/1020/994 1017/1016/990
f 1019/1019/993 1021/1021/995 1020/1020/994
f 1005/1006/980 1017/1016/990 1004/1015/989
f 1020/1020/994 1022/1022/996 1017/1016/990
f 1017/1016/990 1022/1022/996 1014/1013/987
f 1026/1023/997 1024/1025/999 1025/1024/998
f 1026/1023/997 1027/1026/1000 1024/1025/999
f 1027/1026/1000 1028/1027/1001 1024/1025/999
f 1028/1027/1001 1029/1028/1002 1024/1025/999
f 1029/1028/1002 1032/1029/1003 1024/1025/999
f 1029/1028/1002 1030/1030/1004 1032/1029/1003
f 1031/1031/1005 1030/1030/1004 1029/1028/1002
f 1030/1030/1004 1033/1032/1006 1032/1029/1003
f 1032/1029/1003 1034/1033/1007 1024/1025/999
f 1024/1025/999 1034/1033/1007 1023/1034/1008
f 1035/1035/1009 1036/1036/1010 1032/1029/1003
f 1035/1035/1009 1037/1037/181 1036/1036/1010
f 1038/1038/182 1037/1037/181 1035/1035/1009
f 1032/1029/1003 1036/1036/1010 1034/1033/1007
f 1034/1033/1007 1036/1036/1010 1023/1034/1008
f 1039/1039/1011 1023/1034/1008 1036/1036/1010
f 1025/1024/998 1024/1025/999 1040/1040/1012
f 1040/1040/1012 1024/1025/999 1041/1041/1013
f 1042/1042/1014 1040/1040/1012 1041/1041/1013
f 1042/1042/1014 1041/1041/1013 1043/1043/1015
f 1043/1043/1015 1041/1041/1013 1044/1044/1016
f 1044/1044/1016 1041/1041/1013 1045/1045/1017
f 1044/1044/1016 1045/1045/1017 1046/1046/1018
f 1046/1046/1018 1045/1045/1017 1047/1047/1019
f 1041/1041/1013 1039/1039/1011 1045/1045/1017
f 1024/1025/999 1023/1034/1008 1041/1041/1013
f 1041/1041/1013 1023/1034/1008 1039/1039/1011
f 1045/1045/1017 1039/1039/1011 1048/1048/1020
f 1039/1039/1011 1036/1036/1010 1048/1048/1020
f 1051/1049/1021 1050/1051/1023 1052/1050/1022
f 1053/1052/1024 1051/1049/1021 1052/1050/1022
f 1053/1052/1024 1052/1050/1022 1054/1053/1025
f 1054/1053/1025 1052/1050/1022 1055/1054/1026
f 1056/1055/199 1055/1054/1026 1057/1056/200
f 1057/1056/200 1055/1054/1026 1058/1057/1027
f 1059/1058/1028 1057/1056/200 1058/1057/1027
f 1060/1059/1029 1058/1057/1027 1061/1060/204
f 1060/1059/1029 1061/1060/204 1062/1061/205
f 1062/1061/205 1061/1060/204 1063/1062/206
f 1062/1061/205 1063/1062/206 1064/1063/207
f 1058/1057/1027 1065/1064/208 1061/1060/204
f 1058/1057/1027 1055/1054/1026 1065/1064/208
f 1055/1054/1026 1052/1050/1022 1065/1064/208
f 1052/1050/1022 1066/1065/1030 1065/1064/208
f 1052/1050/1022 1050/1051/1023 1066/1065/1030
f 1050/1051/1023 1049/1066/1031 1066/1065/1030
f 1061/1060/204 1065/1064/208 1063/1062/206
f 1065/1064/208 1067/1067/1032 1063/1062/206
f 1065/1064/208 1066/1065/1030 1067/1067/1032
f 1049/1066/1031 1068/1068/1033 1067/1067/1032
f 1066/1065/1030 1049/1066/1031 1067/1067/1032
f 1069/1069/1034 1068/1068/1033 1049/1066/1031
f 1051/1049/1021 1070/1070/1035 1050/1051/1023
f 1070/1070/1035 1071/1071/1036 1050/1051/1023
f 1050/1051/1023 1072/1072/1037 1049/1066/1031
f 1072/1072/1037 1069/1069/1034 1049/1066/1031
f 1072/1072/1037 1073/1073/1038 1069/1069/1034
f 1076/1074/1039 1077/1076/1041 1075/1075/1040
f 1077/1076/1041 1090/1077/1042 1075/1075/1040
f 1077/1076/1041 1078/1078/1043 1090/1077/1042
f 1079/1079/1044 1078/1078/1043 1077/1076/1041
f 1079/1079/1044 1080/1080/1045 1078/1078/1043
f 1080/1080/1045 1081/1081/225 1078/1078/1043
f 1082/1082/1046 1078/1078/1043 1081/1081/225
f 1082/1082/1046 1083/1083/227 1078/1078/1043
f 1083/1083/227 1084/1084/1047 1078/1078/1043
f 1085/1085/229 1084/1084/1047 1083/1083/227
f 1086/1086/1048 1087/1087/1049 1084/1084/1047
f 1087/1087/1049 1088/1088/1050 1084/1084/1047
f 1084/1084/1047 1088/1088/1050 1089/1089/1051
f 1084/1084/1047 1089/1089/1051 1078/1078/1043
f 1075/1075/1040 1090/1077/1042 1074/1090/1052
f 1078/1078/1043 1089/1089/1051 1090/1077/1042
f 1088/1088/1050 1091/1091/1053 1089/1089/1051
f 1091/1091/1053 1092/1092/1054 1089/1089/1051
f 1093/1093/1055 1092/1092/1054 1091/1091/1053
f 1093/1093/1055 1094/1094/239 1092/1092/1054
f 1089/1089/1051 1092/1092/1054 1095/1095/1056
f 1089/1089/1051 1095/1095/1056 1090/1077/1042
f 1090/1077/1042 1096/1096/1057 1074/1090/1052
f 1090/1077/1042 1095/1095/1056 1096/1096/1057
f 1097/1097/1058 1074/1090/1052 1096/1096/1057
f 1076/1074/1039 1075/1075/1040 1098/1098/1059
f 1075/1075/1040 1074/1090/1052 1097/1097/1058
f 1075/1075/1040 1097/1097/1058 1099/1099/1060
f 1099/1099/1060 1097/1097/1058 1100/1100/1061
f 1102/1101/1062 1120/1103/1064 1101/1102/1063
f 1103/1104/1065 1104/1105/1066 1102/1101/1062
f 1104/1105/1066 1105/1106/1067 1102/1101/1062
f 1106/1107/1068 1105/1106/1067 1104/1105/1066
f 1106/1107/1068 1107/1108/1069 1105/1106/1067
f 1107/1108/1069 1108/1109/1070 1105/1106/1067
f 1109/1110/1071 1108/1109/1070 1107/1108/1069
f 1110/1111/1072 1111/1112/1073 1108/1109/1070
f 1111/1112/1073 1112/1113/1074 1108/1109/1070
f 1113/1114/1075 1112/1113/1074 1111/1112/1073
f 1114/1115/1076 1115/1116/1077 1112/1113/1074
f 1115/1116/1077 1116/1117/1078 1112/1113/1074
f 1115/1116/1077 1117/1118/1079 1116/1117/1078
f 1116/1117/1078 1117/1118/1079 1118/1119/1080
f 1112/1113/1074 1116/1117/1078 1119/1120/1081
f 1112/1113/1074 1119/1120/1081 1108/1109/1070
f 1108/1109/1070 1119/1120/1081 1105/1106/1067
f 1105/1106/1067 1120/1103/1064 1102/1101/1062
f 1105/1106/1067 1121/1121/1082 1120/1103/1064
f 1119/1120/1081 1121/1121/1082 1105/1106/1067
f 1116/1117/1078 1118/1119/1080 1119/1120/1081
f 1119/1120/1081 1118/1119/1080 1121/1121/1082
f 1121/1121/1082 1118/1119/1080 1122/1122/1083
f 1121/1121/1082 1122/1122/1083 1120/1103/1064
f 1120/1103/1064 1122/1122/1083 1101/1102/1063
f 1123/1123/1084 1101/1102/1063 1122/1122/1083
f 1124/1124/1085 1101/1102/1063 1123/1123/1084
f 1102/1101/1062 1101/1102/1063 1125/1125/1086
f 1123/1123/1084 1122/1122/1083 1126/1126/1087
f 1146/1127/1088 1128/1129/1090 1127/1128/1089
f 1129/1130/1091 1128/1129/1090 1146/1127/1088
f 1129/1130/1091 1130/1131/1092 1128/1129/1090
f 1129/1130/1091 1146/1127/1088 1131/1132/1093
f 1132/1133/1094 1131/1132/1093 1133/1134/1095
f 1133/1134/1095 1131/1132/1093 1134/1135/1096
f 1135/1136/1097 1133/1134/1095 1134/1135/1096
f 1135/1136/1097 1134/1135/1096 1136/1137/1098
f 1137/1138/1099 1136/1137/1098 1134/1135/1096
f 1137/1138/1099 1134/1135/1096 1138/1139/1100
f 1138/1139/1100 1134/1135/1096 1139/1140/1101
f 1140/1141/1102 1138/1139/1100 1139/1140/1101
f 1140/1141/1102 1139/1140/1101 1141/1142/1103
f 1141/1142/1103 1139/1140/1101 1142/1143/1104
f 1139/1140/1101 1143/1144/1105 1142/1143/1104
f 1139/1140/1101 1144/1145/1106 1143/1144/1105
f 1139/1140/1101 1134/1135/1096 1144/1145/1106
f 1134/1135/1096 1131/1132/1093 1145/1146/1107
f 1131/1132/1093 1146/1127/1088 1145/1146/1107
f 1144/1145/1106 1134/1135/1096 1143/1144/1105
f 1134/1135/1096 1147/1147/1108 1143/1144/1105
f 1134/1135/1096 1145/1146/1107 1147/1147/1108
f 1146/1127/1088 1127/1128/1089 1147/1147/1108
f 1145/1146/1107 1146/1127/1088 1147/1147/1108
f 1148/1148/1109 1147/1147/1108 1127/1128/1089
f 1149/1149/1110 1148/1148/1109 1127/1128/1089
f 1128/1129/1090 1150/1150/1111 1127/1128/1089
f 1148/1148/1109 1151/1151/1112 1147/1147/1108
f 1153/1152/1113 1152/1154/1115 1158/1153/1114
f 1154/1155/1116 1153/1152/1113 1155/1156/1117
f 1155/1156/1117 1153/1152/1113 1156/1157/1118
f 1155/1156/1117 1156/1157/1118 1157/1158/1119
f 1153/1152/1113 1158/1153/1114 1156/1157/1118
f 1156/1157/1118 1158/1153/1114 1159/1159/1120
f 1159/1159/1120 1158/1153/1114 1160/1160/1121
f 1160/1160/1121 1158/1153/1114 1161/1161/1122
f 1160/1160/1121 1161/1161/1122 1162/1162/1123
f 1158/1153/1114 1152/1154/1115 1161/1161/1122
f 1154/1155/1116 1163/1163/1124 1153/1152/1113
f 1163/1163/1124 1164/1164/1125 1153/1152/1113
f 1163/1163/1124 1165/1165/1126 1164/1164/1125
f 1166/1166/1127 1164/1164/1125 1165/1165/1126
f 1166/1166/1127 1167/1167/1128 1164/1164/1125
f 1167/1167/1128 1170/1168/1129 1164/1164/1125
f 1168/1169/1130 1170/1168/1129 1167/1167/1128
f 1168/1169/1130 1169/1170/1131 1170/1168/1129
f 1169/1170/1131 1171/1171/1132 1170/1168/1129
f 1171/1171/1132 1172/1172/1133 1170/1168/1129
f 1170/1168/1129 1173/1173/1134 1164/1164/1125
f 1153/1152/1113 1164/1164/1125 1152/1154/1115
f 1164/1164/1125 1173/1173/1134 1152/1154/1115
f 1170/1168/1129 1174/1174/1135 1173/1173/1134
f 1170/1168/1129 1172/1172/1133 1174/1174/1135
f 1173/1173/1134 1174/1174/1135 1152/1154/1115
f 1152/1154/1115 1174/1174/1135 1161/1161/1122
f 1177/1175/1136 1176/1177/1138 1175/1176/1137
f 1177/1175/1136 1178/1178/1139 1176/1177/1138
f 1178/1178/1139 1179/1179/1140 1176/1177/1138
f 1180/1180/1141 1179/1179/1140 1178/1178/1139
f 1180/1180/1141 1181/1181/1142 1179/1179/1140
f 1179/1179/1140 1182/1182/1143 1176/1177/1138
f 1179/1179/1140 1183/1183/1144 1182/1182/1143
f 1182/1182/1143 1185/1185/1146 1184/1184/1145
f 1182/1182/1143 1184/1184/1145 1176/1177/1138
f 1176/1177/1138 1184/1184/1145 1175/1176/1137
f 1177/1175/1136 1175/1176/1137 1186/1186/1147
f 1186/1186/1147 1175/1176/1137 1187/1187/1148
f 1188/1188/1149 1186/1186/1147 1187/1187/1148
f 1188/1188/1149 1187/1187/1148 1189/1189/1150
f 1189/1189/1150 1187/1187/1148 1190/1190/1151
f 1191/1191/1152 1190/1190/1151 1187/1187/1148
f 1191/1191/1152 1187/1187/1148 1192/1192/1153
f 1192/1192/1153 1187/1187/1148 1193/1193/1154
f 1193/1193/1154 1187/1187/1148 1196/1194/1155
f 1194/1195/1156 1193/1193/1154 1195/1196/1157
f 1195/1196/1157 1193/1193/1154 1196/1194/1155
f 1195/1196/1157 1196/1194/1155 1197/1197/1158
f 1197/1197/1158 1196/1194/1155 1198/1198/1159
f 1187/1187/1148 1199/1199/1160 1196/1194/1155
f 1187/1187/1148 1175/1176/1137 1199/1199/1160
f 1196/1194/1155 1199/1199/1160 1200/1200/1161
f 1196/1194/1155 1200/1200/1161 1198/1198/1159
f 1199/1199/1160 1175/1176/1137 1200/1200/1161
f 1175/1176/1137 1184/1184/1145 1200/1200/1161
f 1203/1201/1162 1202/1203/1164 1204/1202/1163
f 1204/1202/1163 1202/1203/1164 1205/1204/1165
f 1207/1205/1166 1205/1204/1165 1206/1206/1167
f 1206/1206/1167 1208/1208/1169 1209/1207/1168
f 1209/1207/1168 1208/1208/1169 1210/1209/1170
f 1210/1209/1170 1208/1208/1169 1211/1210/1171
f 1208/1208/1169 1212/1211/1172 1211/1210/1171
f 1206/1206/1167 1205/1204/1165 1208/1208/1169
f 1205/1204/1165 1202/1203/1164 1213/1212/1173
f 1202/1203/1164 1201/1213/1174 1213/1212/1173
f 1205/1204/1165 1213/1212/1173 1208/1208/1169
f 1208/1208/1169 1213/1212/1173 1212/1211/1172
f 1213/1212/1173 1214/1214/1175 1212/1211/1172
f 1213/1212/1173 1201/1213/1174 1214/1214/1175
f 1215/1215/1176 1214/1214/1175 1201/1213/1174
f 1203/1201/1162 1216/1216/1177 1202/1203/1164
f 1216/1216/1177 1217/1217/1178 1202/1203/1164
f 1216/1216/1177 1218/1218/1179 1217/1217/1178
f 1218/1218/1179 1219/1219/1180 1217/1217/1178
f 1220/1220/1181 1221/1221/1182 1219/1219/1180
f 1219/1219/1180 1221/1221/1182 1214/1214/1175
f 1219/1219/1180 1214/1214/1175 1215/1215/1176
f 1219/1219/1180 1215/1215/1176 1217/1217/1178
f 1202/1203/1164 1217/1217/1178 1201/1213/1174
f 1217/1217/1178 1215/1215/1176 1201/1213/1174
f 1225/1222/1183 1223/1224/1185 1224/1223/1184
f 1225/1222/1183 1226/1225/1186 1223/1224/1185
f 1226/1225/1186 1227/1226/1187 1223/1224/1185
f 1227/1226/1187 1228/1227/1188 1223/1224/1185
f 1228/1227/1188 1229/1228/1189 1223/1224/1185
f 1230/1229/1190 1229/1228/1189 1228/1227/1188
f 1230/1229/1190 1231/1230/374 1229/1228/1189
f 1231/1230/374 1232/1231/1191 1229/1228/1189
f 1232/1231/1191 1233/1232/1192 1229/1228/1189
f 1232/1231/1191 1234/1233/1193 1233/1232/1192
f 1223/1224/1185 1229/1228/1189 1235/1234/1194
f 1223/1224/1185 1235/1234/1194 1222/1235/1195
f 1229/1228/1189 1233/1232/1192 1235/1234/1194
f 1235/1234/1194 1233/1232/1192 1222/1235/1195
f 1222/1235/1195 1233/1232/1192 1236/1236/1196
f 1237/1237/1197 1222/1235/1195 1236/1236/1196
f 1224/1223/1184 1223/1224/1185 1238/1238/1198
f 1238/1238/1198 1223/1224/1185 1239/1239/1199
f 1240/1240/1200 1238/1238/1198 1239/1239/1199
f 1240/1240/1200 1239/1239/1199 1241/1241/1201
f 1241/1241/1201 1239/1239/1199 1242/1242/1202
f 1242/1242/1202 1239/1239/1199 1243/1243/1203
f 1244/1244/1204 1243/1243/1203 1245/1245/1205
f 1243/1243/1203 1236/1236/1196 1245/1245/1205
f 1243/1243/1203 1237/1237/1197 1236/1236/1196
f 1239/1239/1199 1237/1237/1197 1243/1243/1203
f 1223/1224/1185 1222/1235/1195 1239/1239/1199
f 1239/1239/1199 1222/1235/1195 1237/1237/1197
f 1249/1246/1206 1248/1248/1208 1247/1247/1207
f 1249/1246/1206 1247/1247/1207 1250/1249/1209
f 1250/1249/1209 1247/1247/1207 1251/1250/1210
f 1251/1250/1210 1247/1247/1207 1252/1251/1211
f 1253/1252/1212 1251/1250/1210 1252/1251/1211
f 1253/1252/1212 1252/1251/1211 1254/1253/1213
f 1254/1253/1213 1252/1251/1211 1255/1254/397
f 1256/1255/1214 1254/1253/1213 1255/1254/397
f 1257/1256/1215 1255/1254/397 1258/1257/1216
f 1258/1257/1216 1260/1259/1218 1259/1258/1217
f 1255/1254/397 1260/1259/1218 1258/1257/1216
f 1255/1254/397 1252/1251/1211 1260/1259/1218
f 1252/1251/1211 1247/1247/1207 1261/1260/1219
f 1247/1247/1207 1246/1261/1220 1261/1260/1219
f 1252/1251/1211 1261/1260/1219 1260/1259/1218
f 1260/1259/1218 1262/1262/1221 1259/1258/1217
f 1260/1259/1218 1261/1260/1219 1262/1262/1221
f 1261/1260/1219 1246/1261/1220 1263/1263/1222
f 1261/1260/1219 1263/1263/1222 1262/1262/1221
f 1264/1264/1223 1263/1263/1222 1246/1261/1220
f 1247/1247/1207 1264/1264/1223 1246/1261/1220
f 1248/1248/1208 1265/1265/1224 1247/1247/1207
f 1265/1265/1224 1264/1264/1223 1247/1247/1207
f 1265/1265/1224 1266/1266/1225 1264/1264/1223
f 1267/1267/1226 1268/1268/1227 1264/1264/1223
f 1268/1268/1227 1269/1269/1228 1264/1264/1223
f 1264/1264/1223 1269/1269/1228 1263/1263/1222
f 1271/1270/1229 1270/1272/1231 1289/1271/1230
f 1274/1273/1232 1273/1274/1233 1271/1270/1229
f 1274/1273/1232 1275/1275/1234 1273/1274/1233
f 1275/1275/1234 1276/1276/1235 1273/1274/1233
f 1277/1277/1236 1273/1274/1233 1276/1276/1235
f 1277/1277/1236 1278/1278/1237 1273/1274/1233
f 1278/1278/1237 1279/1279/1238 1273/1274/1233
f 1280/1280/1239 1279/1279/1238 1278/1278/1237
f 1281/1281/1240 1282/1282/1241 1279/1279/1238
f 1281/1281/1240 1283/1283/1242 1282/1282/1241
f 1283/1283/1242 1284/1284/1243 1282/1282/1241
f 1279/1279/1238 1282/1282/1241 1285/1285/1244
f 1279/1279/1238 1285/1285/1244 1273/1274/1233
f 1273/1274/1233 1286/1286/1245 1271/1270/1229
f 1271/1270/1229 1286/1286/1245 1270/1272/1231
f 1273/1274/1233 1285/1285/1244 1286/1286/1245
f 1282/1282/1241 1287/1287/1246 1285/1285/1244
f 1282/1282/1241 1284/1284/1243 1287/1287/1246
f 1285/1285/1244 1287/1287/1246 1286/1286/1245
f 1286/1286/1245 1288/1288/1247 1270/1272/1231
f 1286/1286/1245 1287/1287/1246 1288/1288/1247
f 1289/1271/1230 1270/1272/1231 1288/1288/1247
f 1272/1289/1248 1271/1270/1229 1290/1290/1249
f 1272/1289/1248 1290/1290/1249 1291/1291/1250
f 1291/1291/1250 1290/1290/1249 1292/1292/1251
f 1271/1270/1229 1289/1271/1230 1290/1290/1249
f 1290/1290/1249 1289/1271/1230 1293/1293/1252
f 1293/1293/1252 1289/1271/1230 1294/1294/1253
f 1294/1294/1253 1289/1271/1230 1295/1295/1254
f 1289/1271/1230 1288/1288/1247 1295/1295/1254
f 1298/1296/1255 1296/1298/1257 1299/1297/1256
f 1300/1299/1258 1316/1300/1259 1298/1296/1255
f 1300/1299/1258 1301/1301/1260 1316/1300/1259
f 1302/1302/1261 1303/1303/1262 1301/1301/1260
f 1303/1303/1262 1304/1304/1263 1301/1301/1260
f 1305/1305/1264 1304/1304/1263 1303/1303/1262
f 1305/1305/1264 1306/1306/1265 1304/1304/1263
f 1307/1307/450 1304/1304/1263 1306/1306/1265
f 1307/1307/450 1308/1308/1266 1304/1304/1263
f 1308/1308/1266 1309/1309/452 1304/1304/1263
f 1310/1310/1267 1309/1309/452 1308/1308/1266
f 1310/1310/1267 1311/1311/1268 1309/1309/452
f 1311/1311/1268 1312/1312/1269 1309/1309/452
f 1309/1309/452 1312/1312/1269 1313/1313/1270
f 1309/1309/452 1313/1313/1270 1314/1314/1271
f 1309/1309/452 1314/1314/1271 1304/1304/1263
f 1304/1304/1263 1314/1314/1271 1315/1315/1272
f 1304/1304/1263 1315/1315/1272 1301/1301/1260
f 1301/1301/1260 1315/1315/1272 1316/1300/1259
f 1298/1296/1255 1316/1300/1259 1296/1298/1257
f 1296/1298/1257 1316/1300/1259 1297/1316/1273
f 1314/1314/1271 1313/1313/1270 1315/1315/1272
f 1315/1315/1272 1313/1313/1270 1317/1317/460
f 1315/1315/1272 1317/1317/460 1316/1300/1259
f 1316/1300/1259 1317/1317/460 1297/1316/1273
f 1296/1298/1257 1297/1316/1273 1318/1318/1274
f 1321/1319/1275 1319/1321/1277 1326/1320/1276
f 1321/1319/1275 1322/1322/1278 1319/1321/1277
f 1323/1323/1279 1321/1319/1275 1326/1320/1276
f 1324/1324/1280 1321/1319/1275 1323/1323/1279
f 1324/1324/1280 1325/1325/1281 1321/1319/1275
f 1327/1326/1282 1323/1323/1279 1326/1320/1276
f 1327/1326/1282 1326/1320/1276 1328/1327/1283
f 1328/1327/1283 1326/1320/1276 1329/1328/1284
f 1329/1328/1284 1326/1320/1276 1330/1329/1285
f 1331/1330/1286 1329/1328/1284 1330/1329/1285
f 1331/1330/1286 1330/1329/1285 1332/1331/1287
f 1332/1331/1287 1330/1329/1285 1333/1332/475
f 1334/1333/476 1332/1331/1287 1333/1332/475
f 1334/1333/476 1333/1332/475 1335/1334/1288
f 1335/1334/1288 1333/1332/475 1336/1335/1289
f 1335/1334/1288 1336/1335/1289 1337/1336/1290
f 1333/1332/475 1330/1329/1285 1338/1337/1291
f 1326/1320/1276 1319/1321/1277 1339/1338/1292
f 1330/1329/1285 1326/1320/1276 1339/1338/1292
f 1330/1329/1285 1339/1338/1292 1338/1337/1291
f 1333/1332/475 1338/1337/1291 1336/1335/1289
f 1336/1335/1289 1338/1337/1291 1340/1339/1293
f 1336/1335/1289 1340/1339/1293 1337/1336/1290
f 1339/1338/1292 1319/1321/1277 1341/1340/1294
f 1339/1338/1292 1341/1340/1294 1340/1339/1293
f 1338/1337/1291 1339/1338/1292 1340/1339/1293
f 1319/1321/1277 1320/1341/1295 1341/1340/1294
f 1360/1342/1296 1343/1344/1298 1342/1343/1297
f 1360/1342/1296 1344/1345/1299 1343/1344/1298
f 1345/1346/1300 1344/1345/1299 1360/1342/1296
f 1345/1346/1300 1360/1342/1296 1346/1347/1301
f 1347/1348/1302 1346/1347/1301 1348/1349/1303
f 1348/1349/1303 1346/1347/1301 1349/1350/1304
f 1350/1351/1305 1348/1349/1303 1349/1350/1304
f 1350/1351/1305 1349/1350/1304 1351/1352/1306
f 1351/1352/1306 1349/1350/1304 1352/1353/1307
f 1353/1354/1308 1351/1352/1306 1352/1353/1307
f 1354/1355/1309 1352/1353/1307 1355/1356/1310
f 1355/1356/1310 1357/1358/1311 1356/1357/499
f 1355/1356/1310 1358/1359/1312 1357/1358/1311
f 1352/1353/1307 1358/1359/1312 1355/1356/1310
f 1352/1353/1307 1349/1350/1304 1358/1359/1312
f 1349/1350/1304 1346/1347/1301 1359/1360/1313
f 1346/1347/1301 1360/1342/1296 1359/1360/1313
f 1358/1359/1312 1349/1350/1304 1357/1358/1311
f 1349/1350/1304 1359/1360/1313 1357/1358/1311
f 1360/1342/1296 1342/1343/1297 1361/1361/1314
f 1359/1360/1313 1360/1342/1296 1361/1361/1314
f 1359/1360/1313 1361/1361/1314 1357/1358/1311
f 1343/1344/1298 1362/1362/1315 1342/1343/1297
f 1365/1363/1316 1363/1365/1317 1366/1364/508
f 1367/1366/1318 1365/1363/1316 1366/1364/508
f 1367/1366/1318 1368/1367/1319 1365/1363/1316
f 1369/1368/1320 1370/1369/1321 1368/1367/1319
f 1370/1369/1321 1371/1370/514 1368/1367/1319
f 1372/1371/1322 1371/1370/514 1370/1369/1321
f 1372/1371/1322 1373/1372/1323 1371/1370/514
f 1373/1372/1323 1374/1373/517 1371/1370/514
f 1375/1374/1324 1374/1373/517 1373/1372/1323
f 1376/1375/1325 1377/1376/1326 1374/1373/517
f 1377/1376/1326 1378/1378/1328 1379/1377/1327
f 1374/1373/517 1377/1376/1326 1379/1377/1327
f 1374/1373/517 1379/1377/1327 1371/1370/514
f 1371/1370/514 1380/1379/1329 1368/1367/1319
f 1368/1367/1319 1380/1379/1329 1365/1363/1316
f 1371/1370/514 1379/1377/1327 1380/1379/1329
f 1379/1377/1327 1378/1378/1328 1381/1380/1330
f 1379/1377/1327 1381/1380/1330 1380/1379/1329
f 1363/1365/1317 1382/1382/1332 1364/1381/1331
f 1365/1363/1316 1382/1382/1332 1363/1365/1317
f 1365/1363/1316 1381/1380/1330 1382/1382/1332
f 1380/1379/1329 1381/1380/1330 1365/1363/1316
s 0
f 1383/1383/528 1384/1385/528 1385/1384/528
f 1383/1383/528 1385/1384/528 1386/1386/528
f 1383/1383/528 1386/1386/528 1387/1387/528
f 1383/1383/528 1387/1387/528 1388/1388/528
f 1383/1383/528 1388/1388/528 1389/1389/528
f 1383/1383/528 1389/1389/528 1390/1390/528
f 1389/1389/528 1388/1388/528 1391/1391/528
f 1388/1388/528 1387/1387/528 1392/1392/528
f 1388/1388/528 1392/1392/528 1393/1393/528
f 1392/1392/528 1387/1387/528 1394/1394/528
f 1387/1387/528 1386/1386/528 1395/1395/528
f 1387/1387/528 1395/1395/528 1396/1396/528
f 1395/1395/528 1386/1386/528 1397/1397/528
f 1386/1386/528 1385/1384/528 1398/1398/528
s 1
f 1399/1399/1333 1401/1401/1335 1400/1400/1334
f 1403/1402/1336 1400/1400/1334 1402/1403/1337
f 1403/1402/1336 1399/1399/1333 1400/1400/1334
f 1404/1404/1338 1406/1406/1340 1405/1405/1339
f 1404/1404/1338 1407/1407/1341 1406/1406/1340
f 1402/1403/1337 1407/1407/1341 1404/1404/1338
f 1402/1403/1337 1400/1400/1334 1407/1407/1341
f 1400/1400/1334 1408/1408/1342 1407/1407/1341
f 1400/1400/1334 1401/1401/1335 1408/1408/1342
f 1407/1407/1341 1408/1408/1342 1406/1406/1340
f 1409/1409/1343 1411/1411/1345 1410/1410/1344
f 1411/1411/1345 1412/1412/1346 1410/1410/1344
f 1411/1411/1345 1413/1413/1347 1412/1412/1346
f 1413/1413/1347 1414/1415/1349 1415/1414/1348
f 1412/1412/1346 1413/1413/1347 1415/1414/1348
f 1410/1410/1344 1416/1416/1350 1409/1409/1343
f 1417/1417/1351 1419/1419/1353 1418/1418/1352
f 1417/1417/1351 1420/1420/1354 1419/1419/1353
f 1409/1409/1343 1420/1420/1354 1417/1417/1351
f 1409/1409/1343 1416/1416/1350 1420/1420/1354
f 1416/1416/1350 1421/1421/1355 1420/1420/1354
f 1410/1410/1344 1422/1422/1356 1416/1416/1350
f 1410/1410/1344 1412/1412/1346 1422/1422/1356
f 1412/1412/1346 1423/1423/1357 1422/1422/1356
f 1412/1412/1346 1415/1414/1348 1423/1423/1357
f 1422/1422/1356 1424/1424/1358 1416/1416/1350
f 1416/1416/1350 1424/1424/1358 1425/1425/1359
f 1416/1416/1350 1425/1425/1359 1421/1421/1355
f 1422/1422/1356 1426/1426/1360 1424/1424/1358
f 1422/1422/1356 1427/1427/1361 1426/1426/1360
f 1422/1422/1356 1428/1428/1362 1427/1427/1361
f 1422/1422/1356 1429/1429/1363 1428/1428/1362
f 1422/1422/1356 1423/1423/1357 1429/1429/1363
f 1420/1420/1354 1421/1421/1355 1430/1430/1364
f 1432/1431/1365 1431/1433/1367 1433/1432/1366
f 1433/1432/1366 1431/1433/1367 1434/1434/1368
f 1433/1432/1366 1434/1434/1368 1435/1435/1369
f 1434/1434/1368 1436/1436/1370 1435/1435/1369
f 1437/1437/1371 1439/1439/1373 1438/1438/1372
f 1439/1439/1373 1440/1440/1374 1438/1438/1372
f 1441/1441/1375 1440/1440/1374 1439/1439/1373
f 1441/1441/1375 1442/1442/1376 1440/1440/1374
f 1442/1442/1376 1443/1443/1377 1440/1440/1374
f 1440/1440/1374 1443/1443/1377 1444/1444/1378
f 1437/1437/1371 1438/1438/1372 1445/1445/1379
f 1445/1445/1379 1438/1438/1372 1446/1446/1380
f 1445/1445/1379 1446/1446/1380 1447/1447/1381
f 1440/1440/1374 1444/1444/1378 1438/1438/1372
f 1438/1438/1372 1444/1444/1378 1446/1446/1380
f 1446/1446/1380 1444/1444/1378 1448/1448/1382
f 1446/1446/1380 1448/1448/1382 1449/1449/1383
f 1446/1446/1380 1449/1449/1383 1447/1447/1381
f 1452/1450/1384 1453/1452/1386 1454/1451/1385
f 1451/1453/1387 1452/1450/1384 1454/1451/1385
f 1451/1453/1387 1454/1451/1385 1455/1454/1388
f 1450/1455/1389 1451/1453/1387 1455/1454/1388
f 1450/1455/1389 1455/1454/1388 1456/1456/1390
f 1450/1455/1389 1456/1456/1390 1457/1457/1391
f 1457/1457/1391 1456/1456/1390 1458/1458/1392
f 1457/1457/1391 1458/1458/1392 1459/1459/1393
f 1459/1459/1393 1458/1458/1392 1460/1460/1394
f 1456/1456/1390 1461/1461/1395 1458/1458/1392
f 1456/1456/1390 1462/1462/1396 1461/1461/1395
f 1456/1456/1390 1455/1454/1388 1462/1462/1396
f 1455/1454/1388 1454/1451/1385 1463/1463/1397
f 1454/1451/1385 1464/1464/1398 1463/1463/1397
f 1455/1454/1388 1463/1463/1397 1465/1465/1399
f 1455/1454/1388 1465/1465/1399 1466/1466/1400
f 1462/1462/1396 1455/1454/1388 1466/1466/1400
f 1462/1462/1396 1467/1467/1401 1461/1461/1395
f 1458/1458/1392 1461/1461/1395 1468/1468/1402
f 1458/1458/1392 1468/1468/1402 1460/1460/1394
f 1462/1462/1396 1469/1469/1403 1467/1467/1401
f 1462/1462/1396 1470/1470/1404 1469/1469/1403
f 1462/1462/1396 1471/1471/1405 1470/1470/1404
f 1462/1462/1396 1466/1466/1400 1471/1471/1405
f 1473/1472/1406 1474/1474/1408 1472/1473/1407
f 1474/1474/1408 1475/1475/1409 1472/1473/1407
f 1474/1474/1408 1476/1476/1410 1475/1475/1409
f 1475/1475/1409 1476/1476/1410 1477/1477/1411
f 1480/1478/1412 1478/1480/1414 1479/1479/1413
f 1480/1478/1412 1479/1479/1413 1481/1481/1415
f 1481/1481/1415 1479/1479/1413 1482/1482/1416
f 1481/1481/1415 1482/1482/1416 1483/1483/1417
f 1484/1484/1418 1481/1481/1415 1483/1483/1417
f 1485/1485/1419 1487/1487/1421 1486/1486/1420
f 1485/1485/1419 1488/1488/1422 1487/1487/1421
f 1483/1483/1417 1488/1488/1422 1485/1485/1419
f 1483/1483/1417 1482/1482/1416 1488/1488/1422
f 1482/1482/1416 1479/1479/1413 1489/1489/1423
f 1479/1479/1413 1490/1490/1424 1489/1489/1423
f 1479/1479/1413 1491/1491/1425 1490/1490/1424
f 1489/1489/1423 1490/1490/1424 1492/1492/1426
f 1482/1482/1416 1489/1489/1423 1488/1488/1422
f 1488/1488/1422 1489/1489/1423 1487/1487/1421
f 1489/1489/1423 1492/1492/1426 1493/1493/1427
f 1489/1489/1423 1493/1493/1427 1487/1487/1421
f 1494/1494/1428 1496/1496/1430 1495/1495/1429
f 1496/1496/1430 1498/1498/1432 1497/1497/1431
f 1498/1498/1432 1499/1499/1433 1497/1497/1431
f 1499/1499/1433 1500/1501/1435 1501/1500/1434
f 1497/1497/1431 1499/1499/1433 1501/1500/1434
f 1496/1496/1430 1497/1497/1431 1495/1495/1429
f 1494/1494/1428 1495/1495/1429 1502/1502/1436
f 1494/1494/1428 1502/1502/1436 1503/1503/1437
f 1503/1503/1437 1502/1502/1436 1504/1504/1438
f 1503/1503/1437 1504/1504/1438 1505/1505/1439
f 1495/1495/1429 1506/1506/1440 1502/1502/1436
f 1495/1495/1429 1507/1507/1441 1506/1506/1440
f 1495/1495/1429 1497/1497/1431 1507/1507/1441
f 1497/1497/1431 1501/1500/1434 1507/1507/1441
f 1501/1500/1434 1508/1509/1443 1509/1508/1442
f 1507/1507/1441 1501/1500/1434 1509/1508/1442
f 1507/1507/1441 1510/1510/1444 1506/1506/1440
f 1506/1506/1440 1510/1510/1444 1511/1511/1445
f 1507/1507/1441 1512/1512/1446 1510/1510/1444
f 1507/1507/1441 1513/1513/1447 1512/1512/1446
f 1507/1507/1441 1514/1514/1448 1513/1513/1447
f 1507/1507/1441 1515/1515/1449 1514/1514/1448
f 1507/1507/1441 1516/1516/1450 1515/1515/1449
f 1507/1507/1441 1509/1508/1442 1516/1516/1450
f 1514/1514/1448 1517/1517/1451 1513/1513/1447
f 1514/1514/1448 1518/1518/1452 1517/1517/1451
f 1502/1502/1436 1506/1506/1440 1519/1519/1453
f 1502/1502/1436 1519/1519/1453 1504/1504/1438
f 1520/1520/1454 1522/1522/1456 1521/1521/1455
f 1522/1522/1456 1523/1523/1457 1521/1521/1455
f 1524/1524/1458 1526/1526/1460 1525/1525/1459
f 1524/1524/1458 1527/1527/1461 1526/1526/1460
f 1524/1524/1458 1528/1528/1462 1527/1527/1461
f 1528/1528/1462 1529/1529/1463 1527/1527/1461
f 1528/1528/1462 1530/1530/1464 1529/1529/1463
f 1525/1525/1459 1526/1526/1460 1531/1531/1465
f 1532/1532/1466 1533/1534/1468 1534/1533/1467
f 1532/1532/1466 1534/1533/1467 1535/1535/1469
f 1532/1532/1466 1536/1536/1470 1533/1534/1468
f 1532/1532/1466 1531/1531/1465 1536/1536/1470
f 1525/1525/1459 1531/1531/1465 1532/1532/1466
f 1526/1526/1460 1538/1537/1471 1531/1531/1465
f 1526/1526/1460 1527/1527/1461 1538/1537/1471
f 1527/1527/1461 1539/1538/1472 1538/1537/1471
f 1527/1527/1461 1540/1539/1473 1539/1538/1472
f 1527/1527/1461 1529/1529/1463 1540/1539/1473
f 1538/1537/1471 1539/1538/1472 1541/1540/1474
f 1531/1531/1465 1538/1537/1471 1542/1541/1475
f 1531/1531/1465 1542/1541/1475 1543/1542/1476
f 1531/1531/1465 1543/1542/1476 1537/1543/1477
f 1531/1531/1465 1537/1543/1477 1536/1536/1470
f 1538/1537/1471 1544/1544/1478 1542/1541/1475
f 1538/1537/1471 1545/1545/1479 1544/1544/1478
f 1538/1537/1471 1546/1546/1480 1545/1545/1479
s 0
f 1547/1547/1481 1549/1549/1481 1548/1548/1481
s 1
f 1547/1547/1482 1550/1550/1484 1549/1549/1483
f 1551/1551/1485 1550/1550/1484 1547/1547/1482
f 1552/1552/1486 1550/1550/1484 1551/1551/1485
f 1553/1553/1487 1550/1550/1484 1552/1552/1486
f 1554/1554/1488 1550/1550/1484 1553/1553/1487
f 1555/1555/1489 1550/1550/1484 1554/1554/1488
f 1556/1556/1490 1550/1550/1484 1555/1555/1489
f 1557/1557/1491 1550/1550/1484 1556/1556/1490
f 1557/1557/1491 1558/1558/1492 1550/1550/1484
f 1557/1557/1491 1559/1559/1493 1558/1558/1492
f 1559/1559/1493 1560/1560/1494 1558/1558/1492
f 1560/1560/1494 1561/1561/1495 1558/1558/1492
f 1561/1561/1495 1562/1562/1496 1558/1558/1492
f 1562/1562/1496 1563/1563/1497 1558/1558/1492
f 1563/1563/1497 1564/1564/1498 1558/1558/1492
f 1564/1564/1498 1565/1565/1499 1558/1558/1492
f 1565/1565/1499 1566/1566/1500 1558/1558/1492
f 1565/1565/1499 1567/1567/1501 1566/1566/1500
f 1568/1568/1502 1569/1569/1504 1550/1550/1503
f 1569/1569/1504 1570/1570/1505 1550/1550/1503
f 1570/1570/1505 1571/1571/1506 1550/1550/1503
f 1571/1571/1506 1572/1572/1507 1550/1550/1503
f 1572/1572/1507 1573/1573/1508 1550/1550/1503
f 1573/1573/1508 1574/1574/1509 1550/1550/1503
f 1574/1574/1509 1575/1575/1510 1550/1550/1503
f 1575/1575/1510 1576/1549/1511 1550/1550/1503
f 1575/1575/1510 1577/1576/1512 1576/1549/1511
f 1568/1568/1502 1550/1550/1503 1578/1577/1513
f 1568/1568/1502 1578/1577/1513 1579/1578/1514
f 1579/1578/1514 1578/1577/1513 1580/1579/1515
f 1580/1579/1515 1578/1577/1513 1581/1580/1516
f 1581/1580/1516 1578/1577/1513 1582/1581/1517
f 1582/1581/1517 1578/1577/1513 1583/1582/1518
f 1583/1582/1518 1578/1577/1513 1584/1583/1519
f 1584/1583/1519 1578/1577/1513 1585/1584/1520
f 1585/1584/1520 1578/1577/1513 1586/1585/1521
s 0
f 1585/1584/1522 1586/1585/1522 1587/1586/1522
s 1
f 1588/1587/1523 1589/1585/1525 1578/1577/1524
f 1588/1587/1523 1590/1588/1526 1589/1585/1525
f 1591/1589/1527 1588/1587/1523 1578/1577/1524
f 1592/1590/1528 1591/1589/1527 1578/1577/1524
f 1593/1591/1529 1592/1590/1528 1578/1577/1524
f 1594/1592/1530 1593/1591/1529 1578/1577/1524
f 1595/1593/1531 1594/1592/1530 1578/1577/1524
f 1596/1594/1532 1595/1593/1531 1578/1577/1524
f 1597/1595/1533 1596/1594/1532 1578/1577/1524
f 1597/1595/1533 1578/1577/1524 1598/1596/1534
f 1597/1595/1533 1598/1596/1534 1599/1597/1535
f 1599/1597/1535 1598/1596/1534 1600/1598/1536
f 1600/1598/1536 1598/1596/1534 1601/1599/1537
f 1601/1599/1537 1598/1596/1534 1602/1600/1538
f 1602/1600/1538 1598/1596/1534 1603/1601/1539
f 1603/1601/1539 1598/1596/1534 1604/1602/1540
f 1604/1602/1540 1598/1596/1534 1605/1603/1541
f 1605/1603/1541 1598/1596/1534 1606/1604/1542
s 0
f 1605/1603/1543 1606/1604/1543 1607/1605/1543
s 1
f 1608/1606/1544 1609/1604/1546 1598/1596/1545
f 1608/1606/1544 1610/1607/1547 1609/1604/1546
f 1611/1608/1548 1608/1606/1544 1598/1596/1545
f 1612/1609/1549 1611/1608/1548 1598/1596/1545
f 1613/1610/1550 1612/1609/1549 1598/1596/1545
f 1614/1611/1551 1613/1610/1550 1598/1596/1545
f 1615/1612/1552 1614/1611/1551 1598/1596/1545
f 1616/1613/1553 1615/1612/1552 1598/1596/1545
f 1617/1614/1554 1616/1613/1553 1598/1596/1545
f 1617/1614/1554 1598/1596/1545 1618/1615/1555
f 1617/1614/1554 1618/1615/1555 1619/1616/1556
f 1619/1616/1556 1618/1615/1555 1620/1617/1557
f 1620/1617/1557 1618/1615/1555 1621/1618/1558
f 1621/1618/1558 1618/1615/1555 1622/1619/1558
f 1622/1619/1558 1618/1615/1555 1623/1620/1559
f 1623/1620/1559 1618/1615/1555 1624/1621/1560
f 1624/1621/1560 1618/1615/1555 1625/1622/1561
f 1625/1622/1561 1618/1615/1555 1626/1623/1561
s 0
f 1625/1622/1562 1626/1623/1562 1627/1624/1562
s 1
f 1628/1625/1563 1630/1627/1565 1629/1626/1564
f 1630/1627/1565 1631/1628/1566 1629/1626/1564
f 1631/1628/1566 1633/1630/1568 1632/1629/1567
f 1631/1628/1566 1632/1629/1567 1634/1631/1569
f 1629/1626/1564 1631/1628/1566 1634/1631/1569
f 1628/1625/1563 1629/1626/1564 1635/1632/1570
f 1628/1625/1563 1635/1632/1570 1636/1633/1571
f 1636/1633/1571 1635/1632/1570 1637/1634/1572
f 1636/1633/1571 1637/1634/1572 1638/1635/1573
f 1635/1632/1570 1639/1636/1574 1637/1634/1572
f 1635/1632/1570 1640/1637/1575 1639/1636/1574
f 1629/1626/1564 1640/1637/1575 1635/1632/1570
f 1629/1626/1564 1634/1631/1569 1640/1637/1575
f 1634/1631/1569 1632/1629/1567 1641/1638/1576
f 1632/1629/1567 1642/1639/1577 1641/1638/1576
f 1634/1631/1569 1641/1638/1576 1643/1640/1578
f 1634/1631/1569 1643/1640/1578 1644/1641/1579
f 1640/1637/1575 1634/1631/1569 1644/1641/1579
f 1640/1637/1575 1645/1642/1580 1639/1636/1574
f 1640/1637/1575 1646/1643/1581 1645/1642/1580
f 1640/1637/1575 1647/1644/1582 1646/1643/1581
f 1640/1637/1575 1648/1645/1583 1647/1644/1582
f 1640/1637/1575 1649/1646/1584 1648/1645/1583
f 1640/1637/1575 1644/1641/1579 1649/1646/1584
f 1650/1647/1585 1652/1649/1587 1651/1648/1586
f 1650/1647/1585 1653/1650/1588 1652/1649/1587
f 1653/1650/1588 1654/1651/1589 1652/1649/1587
f 1655/1652/1590 1651/1648/1586 1656/1653/1591
f 1656/1653/1591 1657/1655/1593 1658/1654/1592
f 1656/1653/1591 1659/1656/1594 1657/1655/1593
f 1651/1648/1586 1659/1656/1594 1656/1653/1591
f 1651/1648/1586 1652/1649/1587 1659/1656/1594
f 1652/1649/1587 1660/1657/1595 1659/1656/1594
f 1652/1649/1587 1654/1651/1589 1660/1657/1595
f 1654/1651/1589 1661/1658/1596 1660/1657/1595
f 1654/1651/1589 1662/1659/1597 1661/1658/1596
f 1659/1656/1594 1660/1657/1595 1657/1655/1593
f 1660/1657/1595 1663/1660/1598 1657/1655/1593
f 1660/1657/1595 1661/1658/1596 1663/1660/1598
f 1665/1661/1599 1666/1663/1601 1664/1662/1600
f 1666/1663/1601 1667/1665/1603 1668/1664/1602
f 1666/1663/1601 1668/1664/1602 1669/1666/1604
f 1666/1663/1601 1669/1666/1604 1670/1667/1605
f 1664/1662/1600 1666/1663/1601 1670/1667/1605
f 1670/1667/1605 1669/1666/1604 1671/1668/1606
f 1670/1667/1605 1671/1668/1606 1672/1669/1607
f 1673/1670/1608 1675/1672/1610 1674/1671/1609
f 1674/1671/1609 1675/1672/1610 1676/1673/1611
f 1673/1670/1608 1674/1671/1609 1677/1674/1612
f 1673/1670/1608 1677/1674/1612 1678/1675/1613
f 1678/1675/1613 1679/1677/1615 1680/1676/1614
f 1680/1676/1614 1679/1677/1615 1681/1678/1616
f 1679/1677/1615 1682/1679/1617 1681/1678/1616
f 1679/1677/1615 1683/1680/1618 1682/1679/1617
f 1678/1675/1613 1677/1674/1612 1679/1677/1615
f 1677/1674/1612 1684/1681/1619 1679/1677/1615
f 1677/1674/1612 1674/1671/1609 1685/1682/1620
f 1674/1671/1609 1676/1673/1611 1685/1682/1620
f 1676/1673/1611 1686/1684/1622 1687/1683/1621
f 1685/1682/1620 1676/1673/1611 1687/1683/1621
f 1677/1674/1612 1685/1682/1620 1688/1685/1623
f 1677/1674/1612 1688/1685/1623 1689/1686/1624
f 1677/1674/1612 1689/1686/1624 1684/1681/1619
f 1684/1681/1619 1689/1686/1624 1690/1687/1625
f 1679/1677/1615 1684/1681/1619 1691/1688/1626
f 1679/1677/1615 1691/1688/1626 1683/1680/1618
f 1688/1685/1623 1685/1682/1620 1692/1689/1627
f 1688/1685/1623 1692/1689/1627 1693/1690/1628
f 1685/1682/1620 1694/1691/1629 1692/1689/1627
f 1685/1682/1620 1687/1683/1621 1694/1691/1629
f 1695/1692/1630 1697/1694/1632 1696/1693/1631
f 1695/1692/1630 1698/1695/1633 1697/1694/1632
f 1698/1695/1633 1699/1696/1634 1697/1694/1632
f 1698/1695/1633 1700/1697/1635 1699/1696/1634
f 1701/1698/1636 1700/1697/1635 1698/1695/1633
f 1701/1698/1636 1702/1699/1637 1700/1697/1635
f 1702/1699/1637 1703/1700/1638 1700/1697/1635
f 1703/1700/1638 1705/1702/1640 1704/1701/1639
f 1703/1700/1638 1704/1701/1639 1706/1703/1641
f 1700/1697/1635 1703/1700/1638 1706/1703/1641
f 1697/1694/1632 1708/1705/1643 1707/1704/1642
f 1697/1694/1632 1709/1706/1644 1708/1705/1643
f 1699/1696/1634 1709/1706/1644 1697/1694/1632
f 1699/1696/1634 1706/1703/1641 1709/1706/1644
f 1700/1697/1635 1706/1703/1641 1699/1696/1634
f 1706/1703/1641 1704/1701/1639 1710/1707/1645
f 1706/1703/1641 1710/1707/1645 1709/1706/1644
f 1709/1706/1644 1710/1707/1645 1708/1705/1643
f 1712/1708/1646 1711/1710/1648 1713/1709/1647
f 1713/1709/1647 1711/1710/1648 1714/1711/1649
f 1713/1709/1647 1714/1711/1649 1715/1712/1650
f 1714/1711/1649 1716/1713/1651 1715/1712/1650
f 1717/1714/1652 1719/1716/1654 1718/1715/1653
f 1717/1714/1652 1720/1717/1655 1719/1716/1654
f 1717/1714/1652 1721/1718/1656 1720/1717/1655
f 1717/1714/1652 1722/1719/1657 1721/1718/1656
f 1722/1719/1657 1723/1720/1658 1721/1718/1656
f 1718/1715/1653 1719/1716/1654 1724/1721/1659
f 1718/1715/1653 1724/1721/1659 1725/1722/1660
f 1718/1715/1653 1725/1722/1660 1726/1723/1661
f 1719/1716/1654 1727/1724/1662 1724/1721/1659
f 1719/1716/1654 1728/1725/1663 1727/1724/1662
f 1720/1717/1655 1728/1725/1663 1719/1716/1654
f 1720/1717/1655 1721/1718/1656 1728/1725/1663
f 1721/1718/1656 1729/1726/1664 1728/1725/1663
f 1721/1718/1656 1723/1720/1658 1729/1726/1664
f 1728/1725/1663 1729/1726/1664 1730/1727/1665
f 1727/1724/1662 1731/1728/1666 1725/1722/1660
f 1724/1721/1659 1727/1724/1662 1725/1722/1660
f 1725/1722/1660 1731/1728/1666 1732/1729/1667
f 1728/1725/1663 1733/1730/1668 1727/1724/1662
f 1728/1725/1663 1734/1731/1669 1733/1730/1668
f 1728/1725/1663 1735/1732/1670 1734/1731/1669
f 1728/1725/1663 1730/1727/1665 1735/1732/1670
f 1736/1733/1671 1738/1735/1673 1737/1734/1672
f 1736/1733/1671 1739/1736/1674 1738/1735/1673
f 1740/1737/1675 1736/1733/1671 1741/1738/1676
f 1741/1738/1676 1736/1733/1671 1742/1739/1677
f 1741/1738/1676 1742/1739/1677 1743/1740/1678
f 1736/1733/1671 1737/1734/1672 1742/1739/1677
f 1742/1739/1677 1737/1734/1672 1744/1741/1679
f 1742/1739/1677 1744/1741/1679 1743/1740/1678
f 1747/1742/1680 1746/1744/1682 1745/1743/1681
f 1747/1742/1680 1748/1745/1683 1746/1744/1682
f 1749/1746/1684 1751/1748/1686 1750/1747/1685
f 1749/1746/1684 1750/1747/1685 1752/1749/1687
f 1748/1745/1683 1749/1746/1684 1752/1749/1687
f 1748/1745/1683 1752/1749/1687 1746/1744/1682
f 1745/1743/1681 1746/1744/1682 1753/1750/1688
f 1746/1744/1682 1754/1751/1689 1753/1750/1688
f 1746/1744/1682 1752/1749/1687 1754/1751/1689
f 1752/1749/1687 1750/1747/1685 1754/1751/1689
f 1754/1751/1689 1756/1753/1691 1755/1752/1690
f 1754/1751/1689 1750/1747/1685 1756/1753/1691
f 1757/1754/1692 1759/1756/1694 1758/1755/1693
f 1757/1754/1692 1760/1757/1695 1759/1756/1694
f 1760/1757/1695 1761/1758/1696 1759/1756/1694
f 1760/1757/1695 1762/1759/1697 1761/1758/1696
f 1757/1754/1692 1758/1755/1693 1764/1760/1698
f 1757/1754/1692 1764/1760/1698 1765/1761/1699
f 1765/1761/1699 1764/1760/1698 1766/1762/1700
f 1758/1755/1693 1767/1763/1701 1764/1760/1698
f 1758/1755/1693 1759/1756/1694 1767/1763/1701
f 1759/1756/1694 1768/1764/1702 1767/1763/1701
f 1759/1756/1694 1761/1758/1696 1768/1764/1702
f 1761/1758/1696 1763/1765/1703 1768/1764/1702
f 1768/1764/1702 1763/1765/1703 1769/1766/1704
f 1767/1763/1701 1768/1764/1702 1770/1767/1705
f 1767/1763/1701 1770/1767/1705 1771/1768/1706
f 1767/1763/1701 1771/1768/1706 1772/1769/1707
f 1767/1763/1701 1772/1769/1707 1773/1770/1708
f 1764/1760/1698 1767/1763/1701 1773/1770/1708
f 1764/1760/1698 1773/1770/1708 1766/1762/1700
f 1774/1771/1709 1776/1773/1711 1775/1772/1710
f 1777/1774/1712 1776/1773/1711 1774/1771/1709
f 1777/1774/1712 1778/1775/1713 1776/1773/1711
f 1778/1775/1713 1779/1776/1714 1776/1773/1711
f 1779/1776/1714 1780/1778/1716 1781/1777/1715
f 1776/1773/1711 1779/1776/1714 1781/1777/1715
f 1776/1773/1711 1781/1777/1715 1775/1772/1710
f 1781/1777/1715 1780/1778/1716 1782/1779/1717
f 1781/1777/1715 1782/1779/1717 1783/1780/1718
f 1775/1772/1710 1781/1777/1715 1783/1780/1718
f 1775/1772/1710 1783/1780/1718 1784/1781/1719
f 1785/1782/1720 1787/1784/1722 1786/1783/1721
f 1789/1785/1723 1786/1783/1721 1788/1786/1724
f 1789/1785/1723 1785/1782/1720 1786/1783/1721
f 1790/1787/1725 1791/1789/1727 1792/1788/1726
f 1790/1787/1725 1793/1790/1728 1791/1789/1727
f 1788/1786/1724 1793/1790/1728 1790/1787/1725
f 1788/1786/1724 1786/1783/1721 1793/1790/1728
f 1786/1783/1721 1794/1791/1729 1793/1790/1728
f 1786/1783/1721 1787/1784/1722 1794/1791/1729
f 1793/1790/1728 1794/1791/1729 1795/1792/1730
f 1793/1790/1728 1795/1792/1730 1791/1789/1727
f 1795/1792/1730 1796/1793/1731 1791/1789/1727
f 1795/1792/1730 1797/1794/1732 1796/1793/1731
f 1799/1795/1733 1801/1797/1735 1800/1796/1734
f 1801/1797/1735 1802/1798/1736 1800/1796/1734
f 1799/1795/1733 1800/1796/1734 1803/1799/1737
f 1799/1795/1733 1803/1799/1737 1804/1800/1738
f 1799/1795/1733 1804/1800/1738 1798/1801/1739
f 1798/1801/1739 1805/1803/1741 1806/1802/1740
f 1806/1802/1740 1805/1803/1741 1807/1804/1742
f 1798/1801/1739 1804/1800/1738 1805/1803/1741
f 1804/1800/1738 1808/1805/1743 1805/1803/1741
f 1803/1799/1737 1800/1796/1734 1809/1806/1744
f 1800/1796/1734 1810/1807/1745 1809/1806/1744
f 1800/1796/1734 1802/1798/1736 1810/1807/1745
f 1809/1806/1744 1811/1809/1747 1812/1808/1746
f 1803/1799/1737 1809/1806/1744 1812/1808/1746
f 1803/1799/1737 1812/1808/1746 1804/1800/1738
f 1804/1800/1738 1812/1808/1746 1813/1810/1748
f 1804/1800/1738 1813/1810/1748 1814/1811/1749
f 1804/1800/1738 1814/1811/1749 1808/1805/1743
f 1805/1803/1741 1808/1805/1743 1815/1812/1750
f 1805/1803/1741 1815/1812/1750 1807/1804/1742
f 1812/1808/1746 1816/1813/1751 1813/1810/1748
f 1812/1808/1746 1817/1814/1752 1816/1813/1751
f 1812/1808/1746 1818/1815/1753 1817/1814/1752
f 1812/1808/1746 1811/1809/1747 1818/1815/1753
f 1820/1816/1754 1819/1818/1756 1821/1817/1755
f 1821/1817/1755 1819/1818/1756 1822/1819/1757
f 1821/1817/1755 1822/1819/1757 1823/1820/1758
f 1822/1819/1757 1824/1821/1759 1823/1820/1758
f 1826/1822/1760 1827/1824/1762 1825/1823/1761
f 1826/1822/1760 1828/1825/1763 1827/1824/1762
f 1825/1823/1761 1827/1824/1762 1829/1826/1764
f 1825/1823/1761 1829/1826/1764 1830/1827/1765
f 1825/1823/1761 1830/1827/1765 1831/1828/1766
f 1827/1824/1762 1832/1829/1767 1829/1826/1764
f 1832/1829/1767 1833/1830/1768 1829/1826/1764
f 1832/1829/1767 1834/1831/1769 1833/1830/1768
f 1834/1831/1769 1835/1832/1770 1833/1830/1768
f 1836/1833/1771 1838/1835/1773 1837/1834/1772
f 1839/1836/1774 1840/1837/1775 1836/1833/1771
f 1840/1837/1775 1841/1838/1776 1836/1833/1771
f 1840/1837/1775 1842/1839/1777 1841/1838/1776
f 1843/1840/1778 1842/1839/1777 1840/1837/1775
f 1844/1841/1779 1846/1843/1781 1845/1842/1780
f 1844/1841/1779 1845/1842/1780 1847/1844/1782
f 1842/1839/1777 1844/1841/1779 1847/1844/1782
f 1842/1839/1777 1847/1844/1782 1841/1838/1776
f 1841/1838/1776 1848/1845/1783 1836/1833/1771
f 1836/1833/1771 1849/1846/1784 1838/1835/1773
f 1836/1833/1771 1848/1845/1783 1849/1846/1784
f 1841/1838/1776 1847/1844/1782 1848/1845/1783
f 1847/1844/1782 1845/1842/1780 1848/1845/1783
f 1849/1846/1784 1851/1848/1786 1850/1847/1785
f 1848/1845/1783 1851/1848/1786 1849/1846/1784
f 1848/1845/1783 1845/1842/1780 1851/1848/1786
f 1854/1849/1787 1855/1851/1789 1856/1850/1788
f 1854/1849/1787 1856/1850/1788 1857/1852/1790
f 1852/1853/1791 1854/1849/1787 1857/1852/1790
f 1852/1853/1791 1857/1852/1790 1858/1854/1792
f 1853/1855/1793 1852/1853/1791 1858/1854/1792
f 1852/1853/1791 1853/1855/1793 1859/1856/1794
f 1859/1856/1794 1853/1855/1793 1860/1857/1795
f 1859/1856/1794 1860/1857/1795 1861/1858/1796
f 1859/1856/1794 1861/1858/1796 1862/1859/1797
f 1859/1856/1794 1862/1859/1797 1863/1860/1798
f 1853/1855/1793 1864/1861/1799 1860/1857/1795
f 1853/1855/1793 1865/1862/1800 1864/1861/1799
f 1853/1855/1793 1858/1854/1792 1865/1862/1800
f 1858/1854/1792 1857/1852/1790 1866/1863/1801
f 1857/1852/1790 1867/1864/1802 1866/1863/1801
f 1858/1854/1792 1866/1863/1801 1868/1865/1803
f 1858/1854/1792 1868/1865/1803 1869/1866/1804
f 1865/1862/1800 1858/1854/1792 1869/1866/1804
f 1865/1862/1800 1870/1867/1805 1864/1861/1799
f 1860/1857/1795 1864/1861/1799 1871/1868/1806
f 1860/1857/1795 1871/1868/1806 1861/1858/1796
f 1865/1862/1800 1872/1869/1807 1870/1867/1805
f 1865/1862/1800 1873/1870/1808 1872/1869/1807
f 1865/1862/1800 1874/1871/1809 1873/1870/1808
f 1865/1862/1800 1869/1866/1804 1874/1871/1809
f 1876/1872/1810 1877/1874/1812 1875/1873/1811
f 1877/1874/1812 1878/1875/1813 1875/1873/1811
f 1877/1874/1812 1879/1876/1814 1878/1875/1813
f 1878/1875/1813 1879/1876/1814 1880/1877/1815
f 1881/1878/1816 1884/1880/1818 1883/1879/1817
f 1882/1881/1819 1881/1878/1816 1885/1882/1820
f 1882/1881/1819 1885/1882/1820 1886/1883/1821
f 1881/1878/1816 1887/1884/1822 1885/1882/1820
f 1881/1878/1816 1883/1879/1817 1887/1884/1822
f 1885/1882/1820 1887/1884/1822 1888/1885/1823
f 1888/1885/1823 1887/1884/1822 1889/1886/1824
f 1888/1885/1823 1889/1886/1824 1890/1887/1825
f 1890/1887/1825 1889/1886/1824 1891/1888/1826
f 1890/1887/1825 1891/1888/1826 1892/1889/1827
f 1893/1890/1828 1895/1892/1830 1894/1891/1829
f 1896/1893/1831 1893/1890/1828 1897/1894/1832
f 1897/1894/1832 1893/1890/1828 1898/1895/1833
f 1899/1896/1834 1897/1894/1832 1898/1895/1833
f 1899/1896/1834 1898/1895/1833 1900/1897/1835
f 1901/1898/1836 1900/1897/1835 1898/1895/1833
f 1901/1898/1836 1898/1895/1833 1902/1899/1837
f 1902/1899/1837 1903/1901/1839 1904/1900/1838
f 1902/1899/1837 1905/1902/1840 1903/1901/1839
f 1898/1895/1833 1905/1902/1840 1902/1899/1837
f 1898/1895/1833 1893/1890/1828 1906/1903/1841
f 1893/1890/1828 1894/1891/1829 1907/1904/1842
f 1893/1890/1828 1907/1904/1842 1906/1903/1841
f 1898/1895/1833 1906/1903/1841 1905/1902/1840
f 1905/1902/1840 1908/1905/1843 1903/1901/1839
f 1905/1902/1840 1906/1903/1841 1908/1905/1843
f 1906/1903/1841 1907/1904/1842 1909/1906/1844
f 1906/1903/1841 1909/1906/1844 1910/1907/1845
f 1906/1903/1841 1910/1907/1845 1908/1905/1843
f 1909/1906/1844 1911/1908/1846 1910/1907/1845
f 1913/1909/1847 1915/1911/1849 1914/1910/1848
f 1915/1911/1849 1916/1912/1850 1914/1910/1848
f 1915/1911/1849 1917/1913/1851 1916/1912/1850
f 1913/1909/1847 1914/1910/1848 1918/1914/1852
f 1912/1915/1853 1913/1909/1847 1918/1914/1852
f 1912/1915/1853 1918/1914/1852 1919/1916/1854
f 1912/1915/1853 1919/1916/1854 1920/1917/1855
f 1920/1917/1855 1919/1916/1854 1921/1918/1856
f 1921/1918/1856 1923/1920/1858 1922/1919/1857
f 1919/1916/1854 1923/1920/1858 1921/1918/1856
f 1914/1910/1848 1924/1921/1859 1918/1914/1852
f 1914/1910/1848 1925/1922/1860 1924/1921/1859
f 1914/1910/1848 1916/1912/1850 1925/1922/1860
f 1918/1914/1852 1924/1921/1859 1926/1923/1861
f 1918/1914/1852 1926/1923/1861 1927/1924/1862
f 1918/1914/1852 1928/1925/1863 1919/1916/1854
f 1919/1916/1854 1928/1925/1863 1929/1926/1864
f 1919/1916/1854 1929/1926/1864 1923/1920/1858
f 1918/1914/1852 1930/1927/1865 1928/1925/1863
f 1918/1914/1852 1931/1928/1866 1930/1927/1865
f 1918/1914/1852 1932/1929/1867 1931/1928/1866
f 1918/1914/1852 1927/1924/1862 1932/1929/1867
f 1933/1930/1868 1935/1932/1870 1934/1931/1869
f 1933/1930/1868 1934/1931/1869 1936/1933/1871
f 1937/1934/1872 1936/1933/1871 1938/1935/1873
f 1938/1935/1873 1936/1933/1871 1945/1936/1874
f 1939/1937/1875 1938/1935/1873 1945/1936/1874
f 1939/1937/1875 1945/1936/1874 1940/1938/1876
f 1940/1938/1876 1945/1936/1874 1941/1939/1877
f 1942/1940/1878 1940/1938/1876 1941/1939/1877
f 1942/1940/1878 1941/1939/1877 1943/1941/1879
f 1943/1941/1879 1941/1939/1877 1944/1942/1880
f 1945/1936/1874 1936/1933/1871 1946/1943/1881
f 1936/1933/1871 1934/1931/1869 1946/1943/1881
f 1934/1931/1869 1947/1944/1882 1946/1943/1881
f 1934/1931/1869 1948/1945/1883 1947/1944/1882
f 1934/1931/1869 1949/1946/1884 1948/1945/1883
f 1941/1939/1877 1945/1936/1874 1950/1947/1885
f 1941/1939/1877 1950/1947/1885 1944/1942/1880
f 1945/1936/1874 1946/1943/1881 1950/1947/1885
f 1946/1943/1881 1947/1944/1882 1951/1948/1886
f 1946/1943/1881 1951/1948/1886 1950/1947/1885
f 1952/1949/1887 1954/1951/1889 1953/1950/1888
f 1952/1949/1887 1955/1952/1890 1954/1951/1889
f 1956/1953/1891 1958/1955/1893 1957/1954/1892
f 1956/1953/1891 1959/1956/1894 1958/1955/1893
f 1959/1956/1894 1960/1957/1895 1958/1955/1893
f 1959/1956/1894 1961/1958/1896 1960/1957/1895
f 1956/1953/1891 1957/1954/1892 1962/1959/1897
f 1956/1953/1891 1962/1959/1897 1963/1960/1898
f 1963/1960/1898 1962/1959/1897 1964/1961/1899
f 1964/1961/1899 1966/1963/1901 1965/1962/1900
f 1964/1961/1899 1967/1964/1902 1966/1963/1901
f 1962/1959/1897 1967/1964/1902 1964/1961/1899
f 1962/1959/1897 1969/1966/1904 1968/1965/1903
f 1957/1954/1892 1969/1966/1904 1962/1959/1897
f 1957/1954/1892 1970/1967/1905 1969/1966/1904
f 1957/1954/1892 1958/1955/1893 1970/1967/1905
f 1958/1955/1893 1971/1968/1906 1970/1967/1905
f 1958/1955/1893 1972/1969/1907 1971/1968/1906
f 1958/1955/1893 1960/1957/1895 1972/1969/1907
f 1970/1967/1905 1971/1968/1906 1973/1970/1908
f 1968/1965/1903 1969/1966/1904 1974/1971/1909
f 1962/1959/1897 1968/1965/1903 1967/1964/1902
f 1967/1964/1902 1968/1965/1903 1975/1972/1910
f 1969/1966/1904 1977/1974/1912 1976/1973/1911
f 1969/1966/1904 1970/1967/1905 1977/1974/1912
f 1970/1967/1905 1978/1975/1913 1977/1974/1912
f 1981/1976/1914 1982/1978/1916 1979/1977/1915
f 1982/1978/1916 1995/1979/1917 1979/1977/1915
f 1983/1980/1918 1984/1981/1919 1982/1978/1916
f 1984/1981/1919 1985/1982/1920 1982/1978/1916
f 1986/1983/1921 1985/1982/1920 1984/1981/1919
f 1986/1983/1921 1987/1984/1922 1985/1982/1920
f 1987/1984/1922 1988/1985/1923 1985/1982/1920
f 1989/1986/1924 1988/1985/1923 1987/1984/1922
f 1990/1987/1925 1991/1988/1926 1988/1985/1923
f 1991/1988/1926 1992/1990/1928 1993/1989/1927
f 1988/1985/1923 1991/1988/1926 1993/1989/1927
f 1988/1985/1923 1993/1989/1927 1985/1982/1920
f 1985/1982/1920 1994/1991/1929 1982/1978/1916
f 1982/1978/1916 1994/1991/1929 1995/1979/1917
f 1995/1979/1917 1996/1993/1931 1980/1992/1930
f 1979/1977/1915 1995/1979/1917 1980/1992/1930
f 1995/1979/1917 1997/1994/1932 1996/1993/1931
f 1985/1982/1920 1993/1989/1927 1994/1991/1929
f 1993/1989/1927 1992/1990/1928 1998/1995/1933
f 1993/1989/1927 1998/1995/1933 1994/1991/1929
f 1995/1979/1917 1999/1996/1934 1997/1994/1932
f 1995/1979/1917 1998/1995/1933 1999/1996/1934
f 1994/1991/1929 1998/1995/1933 1995/1979/1917
s 0
f 2000/1997/1935 2002/1999/1935 2001/1998/1935
s 1
f 2000/1997/1936 2003/2000/1938 2002/1999/1937
f 2004/2001/1939 2003/2000/1938 2000/1997/1936
f 2005/2002/1940 2003/2000/1938 2004/2001/1939
f 2006/2003/1941 2003/2000/1938 2005/2002/1940
f 2007/2004/1942 2003/2000/1938 2006/2003/1941
f 2008/2005/1943 2003/2000/1938 2007/2004/1942
f 2009/2006/1944 2003/2000/1938 2008/2005/1943
f 2010/2007/1945 2003/2000/1938 2009/2006/1944
f 2010/2007/1945 2011/2008/1946 2003/2000/1938
f 2010/2007/1945 2012/2009/1947 2011/2008/1946
f 2012/2009/1947 2013/2010/1948 2011/2008/1946
f 2013/2010/1948 2014/2011/1949 2011/2008/1946
f 2014/2011/1949 2015/2012/1950 2011/2008/1946
f 2015/2012/1950 2016/2013/1951 2011/2008/1946
f 2016/2013/1951 2017/2014/1952 2011/2008/1946
f 2017/2014/1952 2018/2015/1953 2011/2008/1946
f 2018/2015/1953 2019/2016/1954 2011/2008/1946
f 2018/2015/1953 2020/2017/1955 2019/2016/1954
f 2021/2018/1956 2022/2019/1958 2003/2000/1957
f 2022/2019/1958 2023/2020/1959 2003/2000/1957
f 2023/2020/1959 2024/2021/1960 2003/2000/1957
f 2024/2021/1960 2025/2022/1961 2003/2000/1957
f 2025/2022/1961 2026/2023/1962 2003/2000/1957
f 2026/2023/1962 2027/2024/1963 2003/2000/1957
f 2027/2024/1963 2028/2025/1964 2003/2000/1957
f 2028/2025/1964 2029/1999/1965 2003/2000/1957
f 2028/2025/1964 2030/2026/1966 2029/1999/1965
f 2021/2018/1956 2003/2000/1957 2031/2027/1967
f 2021/2018/1956 2031/2027/1967 2032/2028/1968
f 2032/2028/1968 2031/2027/1967 2033/2029/1969
f 2033/2029/1969 2031/2027/1967 2034/2030/1970
f 2034/2030/1970 2031/2027/1967 2035/2031/1971
f 2035/2031/1971 2031/2027/1967 2036/2032/1972
f 2036/2032/1972 2031/2027/1967 2037/2033/1973
f 2037/2033/1973 2031/2027/1967 2038/2034/1974
f 2038/2034/1974 2031/2027/1967 2039/2035/1975
s 0
f 2038/2034/1976 2039/2035/1976 2040/2036/1976
s 1
f 2041/2037/1977 2042/2035/1979 2031/2027/1978
f 2041/2037/1977 2043/2038/1980 2042/2035/1979
f 2044/2039/1981 2041/2037/1977 2031/2027/1978
f 2045/2040/1982 2044/2039/1981 2031/2027/1978
f 2046/2041/1983 2045/2040/1982 2031/2027/1978
f 2047/2042/1984 2046/2041/1983 2031/2027/1978
f 2048/2043/1985 2047/2042/1984 2031/2027/1978
f 2049/2044/1986 2048/2043/1985 2031/2027/1978
f 2050/2045/1987 2049/2044/1986 2031/2027/1978
f 2050/2045/1987 2031/2027/1978 2051/2046/1988
f 2050/2045/1987 2051/2046/1988 2052/2047/1989
f 2052/2047/1989 2051/2046/1988 2053/2048/1990
f 2053/2048/1990 2051/2046/1988 2054/2049/1991
f 2054/2049/1991 2051/2046/1988 2055/2050/1992
f 2055/2050/1992 2051/2046/1988 2056/2051/1993
f 2056/2051/1993 2051/2046/1988 2057/2052/1994
f 2057/2052/1994 2051/2046/1988 2058/2053/1995
f 2058/2053/1995 2051/2046/1988 2059/2054/1996
s 0
f 2058/2053/1997 2059/2054/1997 2060/2055/1997
s 1
f 2061/2056/1998 2062/2054/2000 2051/2046/1999
f 2061/2056/1998 2063/2057/2001 2062/2054/2000
f 2064/2058/2002 2061/2056/1998 2051/2046/1999
f 2065/2059/2003 2064/2058/2002 2051/2046/1999
f 2066/2060/2004 2065/2059/2003 2051/2046/1999
f 2067/2061/2005 2066/2060/2004 2051/2046/1999
f 2068/2062/2006 2067/2061/2005 2051/2046/1999
f 2069/2063/2007 2068/2062/2006 2051/2046/1999
f 2070/2064/2008 2069/2063/2007 2051/2046/1999
f 2070/2064/2008 2051/2046/1999 2071/2065/2009
f 2070/2064/2008 2071/2065/2009 2072/2066/2010
f 2072/2066/2010 2071/2065/2009 2073/2067/2011
f 2073/2067/2011 2071/2065/2009 2074/2068/2012
f 2074/2068/2012 2071/2065/2009 2075/2069/2012
f 2075/2069/2012 2071/2065/2009 2076/2070/2013
f 2076/2070/2013 2071/2065/2009 2077/2071/2013
f 2077/2071/2013 2071/2065/2009 2078/2072/2014
f 2078/2072/2014 2071/2065/2009 2079/2073/2015
s 0
f 2078/2072/2016 2079/2073/2016 2080/2074/2016
s 1
f 2081/2075/2017 2082/2077/2019 2083/2076/2018
f 2081/2075/2017 2083/2076/2018 2084/2078/2020
f 2085/2079/2021 2087/2081/2023 2086/2080/2022
f 2085/2079/2021 2088/2082/2024 2087/2081/2023
f 2085/2079/2021 2089/2083/2025 2088/2082/2024
f 2085/2079/2021 2090/2084/2026 2089/2083/2025
f 2090/2084/2026 2091/2085/2027 2089/2083/2025
f 2086/2080/2022 2087/2081/2023 2092/2086/2028
f 2092/2086/2028 2094/2088/2030 2093/2087/2029
f 2092/2086/2028 2095/2089/2031 2094/2088/2030
f 2092/2086/2028 2096/2090/2032 2095/2089/2031
f 2087/2081/2023 2096/2090/2032 2092/2086/2028
f 2087/2081/2023 2097/2091/2033 2096/2090/2032
f 2088/2082/2024 2097/2091/2033 2087/2081/2023
f 2088/2082/2024 2098/2092/2034 2097/2091/2033
f 2088/2082/2024 2089/2083/2025 2098/2092/2034
f 2089/2083/2025 2099/2093/2035 2098/2092/2034
f 2089/2083/2025 2100/2094/2036 2099/2093/2035
f 2089/2083/2025 2091/2085/2027 2100/2094/2036
f 2098/2092/2034 2099/2093/2035 2101/2095/2037
f 2096/2090/2032 2097/2091/2033 2102/2096/2038
f 2096/2090/2032 2102/2096/2038 2103/2097/2039
f 2096/2090/2032 2103/2097/2039 2095/2089/2031
f 2097/2091/2033 2104/2098/2040 2102/2096/2038
f 2097/2091/2033 2105/2099/2041 2104/2098/2040
f 2097/2091/2033 2106/2100/2042 2105/2099/2041
f 2107/2101/2043 2109/2103/2045 2108/2102/2044
f 2107/2101/2043 2110/2104/2046 2109/2103/2045
f 2110/2104/2046 2111/2105/2047 2109/2103/2045
f 2108/2102/2044 2109/2103/2045 2112/2106/2048
f 2113/2107/2049 2108/2102/2044 2112/2106/2048
f 2113/2107/2049 2112/2106/2048 2114/2108/2050
f 2114/2108/2050 2112/2106/2048 2115/2109/2051
f 2112/2106/2048 2116/2110/2052 2115/2109/2051
f 2109/2103/2045 2111/2105/2047 2117/2111/2053
f 2112/2106/2048 2109/2103/2045 2116/2110/2052
f 2109/2103/2045 2118/2112/2054 2116/2110/2052
f 2109/2103/2045 2117/2111/2053 2118/2112/2054
f 2119/2113/2055 2121/2115/2057 2120/2114/2056
f 2122/2116/2058 2121/2115/2057 2119/2113/2055
f 2123/2117/2059 2124/2119/2061 2125/2118/2060
f 2121/2115/2057 2123/2117/2059 2125/2118/2060
f 2121/2115/2057 2125/2118/2060 2120/2114/2056
f 2125/2118/2060 2127/2121/2063 2126/2120/2062
f 2125/2118/2060 2124/2119/2061 2127/2121/2063
f 2128/2122/2064 2130/2124/2066 2129/2123/2065
f 2128/2122/2064 2131/2125/2067 2130/2124/2066
f 2128/2122/2064 2132/2126/2068 2131/2125/2067
f 2129/2123/2065 2130/2124/2066 2133/2127/2069
f 2129/2123/2065 2134/2129/2071 2135/2128/2070
f 2135/2128/2070 2134/2129/2071 2136/2130/2072
f 2129/2123/2065 2133/2127/2069 2134/2129/2071
f 2133/2127/2069 2137/2131/2073 2134/2129/2071
f 2133/2127/2069 2130/2124/2066 2138/2132/2074
f 2130/2124/2066 2139/2133/2075 2138/2132/2074
f 2130/2124/2066 2131/2125/2067 2139/2133/2075
f 2138/2132/2074 2139/2133/2075 2140/2134/2076
f 2133/2127/2069 2138/2132/2074 2141/2135/2077
f 2133/2127/2069 2141/2135/2077 2142/2136/2078
f 2133/2127/2069 2142/2136/2078 2137/2131/2073
f 2137/2131/2073 2142/2136/2078 2143/2137/2079
f 2134/2129/2071 2137/2131/2073 2144/2138/2080
f 2134/2129/2071 2144/2138/2080 2136/2130/2072
f 2141/2135/2077 2138/2132/2074 2145/2139/2081
f 2141/2135/2077 2145/2139/2081 2146/2140/2082
f 2138/2132/2074 2147/2141/2083 2145/2139/2081
f 2138/2132/2074 2140/2134/2076 2147/2141/2083
f 2148/2142/2084 2150/2144/2086 2149/2143/2085
f 2148/2142/2084 2151/2145/2087 2150/2144/2086
f 2151/2145/2087 2152/2146/2088 2150/2144/2086
f 2151/2145/2087 2153/2147/2089 2152/2146/2088
f 2154/2148/2090 2153/2147/2089 2151/2145/2087
f 2154/2148/2090 2155/2149/2091 2153/2147/2089
f 2155/2149/2091 2156/2150/2092 2153/2147/2089
f 2155/2149/2091 2157/2151/2093 2156/2150/2092
f 2156/2150/2092 2157/2151/2093 2158/2152/2094
f 2152/2146/2088 2159/2153/2095 2150/2144/2086
f 2152/2146/2088 2160/2154/2096 2159/2153/2095
f 2153/2147/2089 2156/2150/2092 2152/2146/2088
f 2156/2150/2092 2158/2152/2094 2152/2146/2088
f 2152/2146/2088 2158/2152/2094 2161/2155/2097
f 2152/2146/2088 2161/2155/2097 2160/2154/2096
f 2163/2156/2098 2162/2158/2100 2164/2157/2099
f 2164/2157/2099 2162/2158/2100 2165/2159/2101
f 2164/2157/2099 2165/2159/2101 2166/2160/2102
f 2165/2159/2101 2167/2162/2104 2168/2161/2103
f 2165/2159/2101 2168/2161/2103 2166/2160/2102
f 2169/2163/2105 2171/2165/2107 2170/2164/2106
f 2169/2163/2105 2172/2166/2108 2171/2165/2107
f 2172/2166/2108 2173/2167/2109 2171/2165/2107
f 2172/2166/2108 2174/2168/2110 2173/2167/2109
f 2169/2163/2105 2170/2164/2106 2176/2169/2111
f 2169/2163/2105 2176/2169/2111 2177/2170/2112
f 2177/2170/2112 2176/2169/2111 2178/2171/2113
f 2176/2169/2111 2180/2173/2115 2179/2172/2114
f 2170/2164/2106 2180/2173/2115 2176/2169/2111
f 2170/2164/2106 2181/2174/2116 2180/2173/2115
f 2170/2164/2106 2171/2165/2107 2181/2174/2116
f 2171/2165/2107 2182/2175/2117 2181/2174/2116
f 2171/2165/2107 2173/2167/2109 2182/2175/2117
f 2173/2167/2109 2175/2176/2118 2182/2175/2117
f 2182/2175/2117 2175/2176/2118 2183/2177/2119
f 2180/2173/2115 2184/2178/2120 2179/2172/2114
f 2179/2172/2114 2184/2178/2120 2185/2179/2121
f 2176/2169/2111 2179/2172/2114 2178/2171/2113
f 2178/2171/2113 2179/2172/2114 2186/2180/2122
f 2189/2181/2123 2187/2183/2125 2190/2182/2124
f 2190/2182/2124 2187/2183/2125 2191/2184/2126
f 2190/2182/2124 2191/2184/2126 2192/2185/2127
f 2187/2183/2125 2193/2186/2128 2191/2184/2126
f 2187/2183/2125 2188/2187/2129 2193/2186/2128
f 2191/2184/2126 2193/2186/2128 2194/2188/2130
f 2191/2184/2126 2194/2188/2130 2192/2185/2127
f 2197/2189/2131 2196/2191/2133 2195/2190/2132
f 2197/2189/2131 2198/2192/2134 2196/2191/2133
f 2199/2193/2135 2201/2195/2137 2200/2194/2136
f 2199/2193/2135 2200/2194/2136 2202/2196/2138
f 2198/2192/2134 2199/2193/2135 2202/2196/2138
f 2198/2192/2134 2202/2196/2138 2196/2191/2133
f 2195/2190/2132 2196/2191/2133 2203/2197/2139
f 2196/2191/2133 2204/2198/2140 2203/2197/2139
f 2196/2191/2133 2202/2196/2138 2204/2198/2140
f 2202/2196/2138 2200/2194/2136 2204/2198/2140
f 2204/2198/2140 2206/2200/2142 2205/2199/2141
f 2204/2198/2140 2200/2194/2136 2206/2200/2142
f 2207/2201/2143 2209/2203/2145 2208/2202/2144
f 2208/2202/2144 2209/2203/2145 2210/2204/2146
f 2207/2201/2143 2208/2202/2144 2211/2205/2147
f 2207/2201/2143 2211/2205/2147 2212/2206/2148
f 2207/2201/2143 2212/2206/2148 2213/2207/2149
f 2213/2207/2149 2214/2209/2151 2215/2208/2150
f 2213/2207/2149 2212/2206/2148 2214/2209/2151
f 2208/2202/2144 2210/2204/2146 2216/2210/2152
f 2208/2202/2144 2216/2210/2152 2217/2211/2153
f 2211/2205/2147 2208/2202/2144 2217/2211/2153
f 2211/2205/2147 2217/2211/2153 2218/2212/2154
f 2211/2205/2147 2218/2212/2154 2219/2213/2155
f 2211/2205/2147 2219/2213/2155 2212/2206/2148
f 2212/2206/2148 2219/2213/2155 2220/2214/2156
f 2212/2206/2148 2220/2214/2156 2221/2215/2157
f 2212/2206/2148 2221/2215/2157 2214/2209/2151
f 2218/2212/2154 2222/2216/2158 2219/2213/2155
f 2218/2212/2154 2223/2217/2159 2222/2216/2158
f 2224/2218/2160 2226/2220/2162 2225/2219/2161
f 2227/2221/2163 2226/2220/2162 2224/2218/2160
f 2227/2221/2163 2228/2222/2164 2226/2220/2162
f 2228/2222/2164 2229/2223/2165 2226/2220/2162
f 2228/2222/2164 2230/2224/2166 2229/2223/2165
f 2226/2220/2162 2231/2225/2167 2225/2219/2161
f 2226/2220/2162 2229/2223/2165 2231/2225/2167
f 2229/2223/2165 2232/2226/2168 2231/2225/2167
f 2229/2223/2165 2233/2227/2169 2232/2226/2168
f 2229/2223/2165 2230/2224/2166 2233/2227/2169
f 2231/2225/2167 2232/2226/2168 2234/2228/2170
f 2231/2225/2167 2234/2228/2170 2235/2229/2171
f 2236/2230/2172 2238/2232/2174 2237/2231/2173
f 2240/2233/2175 2237/2231/2173 2239/2234/2176
f 2240/2233/2175 2236/2230/2172 2237/2231/2173
f 2241/2235/2177 2242/2237/2179 2243/2236/2178
f 2241/2235/2177 2244/2238/2180 2242/2237/2179
f 2239/2234/2176 2244/2238/2180 2241/2235/2177
f 2239/2234/2176 2237/2231/2173 2244/2238/2180
f 2237/2231/2173 2245/2239/2181 2244/2238/2180
f 2237/2231/2173 2238/2232/2174 2245/2239/2181
f 2244/2238/2180 2245/2239/2181 2242/2237/2179
f 2245/2239/2181 2246/2240/2182 2242/2237/2179
f 2245/2239/2181 2247/2241/2183 2246/2240/2182
f 2248/2242/2184 2251/2244/2186 2250/2243/2185
f 2251/2244/2186 2252/2245/2187 2250/2243/2185
f 2248/2242/2184 2250/2243/2185 2253/2246/2188
f 2248/2242/2184 2253/2246/2188 2254/2247/2189
f 2248/2242/2184 2254/2247/2189 2249/2248/2190
f 2255/2249/2191 2257/2251/2193 2256/2250/2192
f 2255/2249/2191 2258/2252/2194 2257/2251/2193
f 2249/2248/2190 2258/2252/2194 2255/2249/2191
f 2249/2248/2190 2254/2247/2189 2258/2252/2194
f 2254/2247/2189 2259/2253/2195 2258/2252/2194
f 2250/2243/2185 2260/2255/2197 2261/2254/2196
f 2253/2246/2188 2250/2243/2185 2261/2254/2196
f 2253/2246/2188 2261/2254/2196 2262/2256/2198
f 2253/2246/2188 2262/2256/2198 2263/2257/2199
f 2253/2246/2188 2263/2257/2199 2254/2247/2189
f 2254/2247/2189 2263/2257/2199 2264/2258/2200
f 2254/2247/2189 2264/2258/2200 2259/2253/2195
f 2262/2256/2198 2265/2260/2202 2266/2259/2201
f 2262/2256/2198 2261/2254/2196 2265/2260/2202
f 2258/2252/2194 2259/2253/2195 2267/2261/2203
f 2268/2262/2204 2270/2264/2206 2269/2263/2205
f 2269/2263/2205 2270/2264/2206 2271/2265/2207
f 2269/2263/2205 2271/2265/2207 2272/2266/2208
f 2269/2263/2205 2272/2266/2208 2273/2267/2209
f 2275/2268/2210 2276/2270/2212 2274/2269/2211
f 2275/2268/2210 2277/2271/2213 2276/2270/2212
f 2274/2269/2211 2276/2270/2212 2278/2272/2214
f 2274/2269/2211 2278/2272/2214 2279/2273/2215
f 2274/2269/2211 2279/2273/2215 2280/2274/2216
f 2276/2270/2212 2281/2275/2217 2278/2272/2214
f 2281/2275/2217 2282/2276/2218 2278/2272/2214
f 2281/2275/2217 2283/2277/2219 2282/2276/2218
f 2283/2277/2219 2284/2278/2220 2282/2276/2218
f 2285/2279/2221 2287/2281/2223 2286/2280/2222
f 2285/2279/2221 2288/2282/2224 2287/2281/2223
f 2288/2282/2224 2289/2283/2225 2287/2281/2223
f 2290/2284/2226 2289/2283/2225 2288/2282/2224
f 2292/2285/2227 2291/2286/2228 2289/2283/2225
f 2292/2285/2227 2293/2287/2229 2291/2286/2228
f 2293/2287/2229 2294/2288/2230 2291/2286/2228
f 2293/2287/2229 2295/2289/2231 2294/2288/2230
f 2293/2287/2229 2296/2290/2232 2295/2289/2231
f 2291/2286/2228 2294/2288/2230 2289/2283/2225
f 2289/2283/2225 2294/2288/2230 2297/2291/2233
f 2289/2283/2225 2297/2291/2233 2287/2281/2223
f 2287/2281/2223 2298/2293/2235 2299/2292/2234
f 2287/2281/2223 2300/2294/2236 2298/2293/2235
f 2287/2281/2223 2297/2291/2233 2300/2294/2236
f 2294/2288/2230 2295/2289/2231 2301/2295/2237
f 2294/2288/2230 2301/2295/2237 2297/2291/2233
f 2300/2294/2236 2303/2297/2239 2302/2296/2238
f 2297/2291/2233 2303/2297/2239 2300/2294/2236
f 2297/2291/2233 2301/2295/2237 2303/2297/2239
f 2304/2298/2240 2306/2300/2242 2305/2299/2241
f 2307/2301/2243 2308/2303/2245 2309/2302/2244
f 2307/2301/2243 2309/2302/2244 2310/2304/2246
f 2306/2300/2242 2307/2301/2243 2310/2304/2246
f 2306/2300/2242 2310/2304/2246 2311/2305/2247
f 2305/2299/2241 2306/2300/2242 2311/2305/2247
f 2304/2298/2240 2305/2299/2241 2312/2306/2248
f 2312/2306/2248 2313/2308/2250 2314/2307/2249
f 2312/2306/2248 2314/2307/2249 2315/2309/2251
f 2312/2306/2248 2316/2310/2252 2313/2308/2250
f 2312/2306/2248 2317/2311/2253 2316/2310/2252
f 2305/2299/2241 2317/2311/2253 2312/2306/2248
f 2305/2299/2241 2318/2312/2254 2317/2311/2253
f 2305/2299/2241 2311/2305/2247 2318/2312/2254
f 2311/2305/2247 2310/2304/2246 2319/2313/2255
f 2310/2304/2246 2320/2314/2256 2319/2313/2255
f 2311/2305/2247 2319/2313/2255 2321/2315/2257
f 2311/2305/2247 2321/2315/2257 2322/2316/2258
f 2318/2312/2254 2311/2305/2247 2322/2316/2258
f 2318/2312/2254 2323/2317/2259 2317/2311/2253
f 2317/2311/2253 2324/2318/2260 2316/2310/2252
f 2317/2311/2253 2323/2317/2259 2324/2318/2260
f 2318/2312/2254 2325/2319/2261 2323/2317/2259
f 2318/2312/2254 2326/2320/2262 2325/2319/2261
f 2318/2312/2254 2327/2321/2263 2326/2320/2262
f 2318/2312/2254 2322/2316/2258 2327/2321/2263
f 2328/2322/2264 2330/2324/2266 2329/2323/2265
f 2330/2324/2266 2331/2325/2267 2329/2323/2265
f 2330/2324/2266 2332/2326/2268 2331/2325/2267
f 2330/2324/2266 2333/2327/2269 2332/2326/2268
f 2330/2324/2266 2334/2328/2270 2333/2327/2269
f 2331/2325/2267 2332/2326/2268 2335/2329/2271
f 2331/2325/2267 2335/2329/2271 2336/2330/2272
f 2337/2331/2273 2340/2333/2275 2339/2332/2274
f 2338/2334/2276 2337/2331/2273 2341/2335/2277
f 2338/2334/2276 2341/2335/2277 2342/2336/2278
f 2337/2331/2273 2343/2337/2279 2341/2335/2277
f 2337/2331/2273 2339/2332/2274 2343/2337/2279
f 2341/2335/2277 2343/2337/2279 2344/2338/2280
f 2344/2338/2280 2343/2337/2279 2345/2339/2281
f 2344/2338/2280 2345/2339/2281 2346/2340/2282
f 2346/2340/2282 2345/2339/2281 2347/2341/2283
f 2348/2342/2284 2350/2344/2286 2349/2343/2285
f 2351/2345/2287 2348/2342/2284 2349/2343/2285
f 2351/2345/2287 2349/2343/2285 2352/2346/2288
f 2352/2346/2288 2349/2343/2285 2353/2347/2289
f 2354/2348/2290 2352/2346/2288 2353/2347/2289
f 2354/2348/2290 2353/2347/2289 2355/2349/2291
f 2356/2350/2292 2355/2349/2291 2353/2347/2289
f 2356/2350/2292 2353/2347/2289 2357/2351/2293
f 2357/2351/2293 2353/2347/2289 2358/2352/2294
f 2357/2351/2293 2358/2352/2294 2359/2353/2295
f 2357/2351/2293 2359/2353/2295 2360/2354/2296
f 2353/2347/2289 2361/2355/2297 2358/2352/2294
f 2349/2343/2285 2350/2344/2286 2362/2356/2298
f 2353/2347/2289 2349/2343/2285 2361/2355/2297
f 2358/2352/2294 2361/2355/2297 2359/2353/2295
f 2361/2355/2297 2363/2357/2299 2359/2353/2295
f 2361/2355/2297 2349/2343/2285 2363/2357/2299
f 2362/2356/2298 2364/2359/2301 2365/2358/2300
f 2349/2343/2285 2362/2356/2298 2365/2358/2300
f 2349/2343/2285 2365/2358/2300 2363/2357/2299
f 2368/2360/2302 2370/2362/2304 2369/2361/2303
f 2368/2360/2302 2371/2363/2305 2370/2362/2304
f 2368/2360/2302 2369/2361/2303 2372/2364/2306
f 2368/2360/2302 2372/2364/2306 2373/2365/2307
f 2367/2366/2308 2368/2360/2302 2373/2365/2307
f 2367/2366/2308 2373/2365/2307 2374/2367/2309
f 2367/2366/2308 2374/2367/2309 2375/2368/2310
f 2367/2366/2308 2375/2368/2310 2366/2369/2311
f 2366/2369/2311 2376/2371/2313 2377/2370/2312
f 2377/2370/2312 2376/2371/2313 2378/2372/2314
f 2377/2370/2312 2378/2372/2314 2379/2373/2315
f 2366/2369/2311 2375/2368/2310 2376/2371/2313
f 2375/2368/2310 2380/2374/2316 2376/2371/2313
f 2374/2367/2309 2373/2365/2307 2381/2375/2317
f 2373/2365/2307 2382/2376/2318 2381/2375/2317
f 2374/2367/2309 2381/2375/2317 2383/2377/2319
f 2374/2367/2309 2383/2377/2319 2384/2378/2320
f 2374/2367/2309 2384/2378/2320 2385/2379/2321
f 2374/2367/2309 2385/2379/2321 2375/2368/2310
f 2375/2368/2310 2385/2379/2321 2386/2380/2322
f 2375/2368/2310 2386/2380/2322 2380/2374/2316
f 2385/2379/2321 2388/2382/2324 2387/2381/2323
f 2385/2379/2321 2389/2383/2325 2388/2382/2324
f 2385/2379/2321 2384/2378/2320 2389/2383/2325
f 2376/2371/2313 2380/2374/2316 2390/2384/2326
f 2391/2385/2327 2393/2387/2329 2392/2386/2328
f 2391/2385/2327 2394/2388/2330 2393/2387/2329
f 2395/2389/2331 2392/2386/2328 2396/2390/2332
f 2396/2390/2332 2392/2386/2328 2397/2391/2333
f 2398/2392/2334 2396/2390/2332 2397/2391/2333
f 2398/2392/2334 2397/2391/2333 2399/2393/2335
f 2399/2393/2335 2397/2391/2333 2400/2394/2336
f 2401/2395/2337 2399/2393/2335 2400/2394/2336
f 2402/2396/2338 2400/2394/2336 2403/2397/2339
f 2403/2397/2339 2405/2399/2341 2404/2398/2340
f 2403/2397/2339 2406/2400/2342 2405/2399/2341
f 2400/2394/2336 2406/2400/2342 2403/2397/2339
f 2400/2394/2336 2397/2391/2333 2406/2400/2342
f 2397/2391/2333 2392/2386/2328 2407/2401/2343
f 2392/2386/2328 2393/2387/2329 2407/2401/2343
f 2393/2387/2329 2409/2403/2345 2408/2402/2344
f 2393/2387/2329 2408/2402/2344 2410/2404/2346
f 2393/2387/2329 2410/2404/2346 2407/2401/2343
f 2406/2400/2342 2397/2391/2333 2405/2399/2341
f 2397/2391/2333 2407/2401/2343 2405/2399/2341
f 2407/2401/2343 2410/2404/2346 2411/2405/2347
f 2407/2401/2343 2411/2405/2347 2405/2399/2341
f 2412/2406/2348 2415/2408/2350 2414/2407/2349
f 2415/2408/2350 2416/2409/2351 2414/2407/2349
f 2415/2408/2350 2417/2410/2352 2416/2409/2351
f 2412/2406/2348 2414/2407/2349 2418/2411/2353
f 2413/2412/2354 2412/2406/2348 2418/2411/2353
f 2412/2406/2348 2413/2412/2354 2419/2413/2355
f 2419/2413/2355 2413/2412/2354 2420/2414/2356
f 2419/2413/2355 2420/2414/2356 2421/2415/2357
f 2421/2415/2357 2423/2417/2359 2422/2416/2358
f 2420/2414/2356 2423/2417/2359 2421/2415/2357
f 2413/2412/2354 2424/2418/2360 2420/2414/2356
f 2413/2412/2354 2425/2419/2361 2424/2418/2360
f 2413/2412/2354 2418/2411/2353 2425/2419/2361
f 2418/2411/2353 2414/2407/2349 2426/2420/2362
f 2414/2407/2349 2427/2421/2363 2426/2420/2362
f 2418/2411/2353 2426/2420/2362 2428/2422/2364
f 2418/2411/2353 2428/2422/2364 2429/2423/2365
f 2425/2419/2361 2418/2411/2353 2429/2423/2365
f 2424/2418/2360 2425/2419/2361 2430/2424/2366
f 2420/2414/2356 2424/2418/2360 2431/2425/2367
f 2420/2414/2356 2431/2425/2367 2423/2417/2359
f 2425/2419/2361 2433/2427/2369 2432/2426/2368
f 2425/2419/2361 2434/2428/2370 2433/2427/2369
f 2425/2419/2361 2429/2423/2365 2434/2428/2370
f 2435/2429/2371 2437/2431/2373 2436/2430/2372
f 2435/2429/2371 2438/2432/2374 2437/2431/2373
f 2439/2433/2375 2440/2434/2376 2438/2432/2374
f 2440/2434/2376 2441/2435/2377 2438/2432/2374
f 2442/2436/2378 2441/2435/2377 2440/2434/2376
f 2442/2436/2378 2443/2437/2379 2441/2435/2377
f 2443/2437/2379 2444/2438/2380 2441/2435/2377
f 2445/2439/2381 2444/2438/2380 2443/2437/2379
f 2446/2440/2382 2447/2441/2383 2444/2438/2380
f 2447/2441/2383 2448/2443/2385 2449/2442/2384
f 2447/2441/2383 2449/2442/2384 2450/2444/2386
f 2444/2438/2380 2447/2441/2383 2450/2444/2386
f 2444/2438/2380 2450/2444/2386 2441/2435/2377
f 2441/2435/2377 2451/2445/2387 2438/2432/2374
f 2438/2432/2374 2451/2445/2387 2437/2431/2373
f 2437/2431/2373 2452/2447/2389 2453/2446/2388
f 2437/2431/2373 2454/2448/2390 2452/2447/2389
f 2437/2431/2373 2451/2445/2387 2454/2448/2390
f 2450/2444/2386 2449/2442/2384 2441/2435/2377
f 2441/2435/2377 2449/2442/2384 2451/2445/2387
f 2451/2445/2387 2455/2449/2391 2454/2448/2390
f 2451/2445/2387 2449/2442/2384 2455/2449/2391
f 2456/2450/2392 2458/2452/2394 2457/2451/2393
f 2456/2450/2392 2459/2453/2395 2458/2452/2394
f 2459/2453/2395 2460/2454/2396 2458/2452/2394
f 2460/2454/2396 2461/2456/2398 2462/2455/2397
f 2460/2454/2396 2462/2455/2397 2463/2457/2399
f 2458/2452/2394 2460/2454/2396 2463/2457/2399
f 2456/2450/2392 2457/2451/2393 2464/2458/2400
f 2456/2450/2392 2464/2458/2400 2465/2459/2401
f 2465/2459/2401 2464/2458/2400 2466/2460/2402
f 2457/2451/2393 2467/2461/2403 2464/2458/2400
f 2457/2451/2393 2468/2462/2404 2467/2461/2403
f 2457/2451/2393 2458/2452/2394 2468/2462/2404
f 2458/2452/2394 2469/2463/2405 2468/2462/2404
f 2458/2452/2394 2470/2464/2406 2469/2463/2405
f 2458/2452/2394 2463/2457/2399 2470/2464/2406
f 2468/2462/2404 2469/2463/2405 2471/2465/2407
f 2468/2462/2404 2472/2466/2408 2467/2461/2403
f 2467/2461/2403 2472/2466/2408 2473/2467/2409
f 2464/2458/2400 2467/2461/2403 2474/2468/2410
f 2464/2458/2400 2474/2468/2410 2466/2460/2402
f 2475/2469/2411 2477/2471/2413 2476/2470/2412
f 2475/2469/2411 2478/2472/2414 2477/2471/2413
f 2476/2470/2412 2477/2471/2413 2479/2473/2415
f 2476/2470/2412 2479/2473/2415 2480/2474/2416
f 2481/2475/2417 2476/2470/2412 2480/2474/2416
f 2481/2475/2417 2480/2474/2416 2482/2476/2418
f 2482/2476/2418 2480/2474/2416 2483/2477/2419
f 2482/2476/2418 2483/2477/2419 2484/2478/2420
f 2483/2477/2419 2485/2479/2421 2484/2478/2420
f 2477/2471/2413 2486/2480/2422 2479/2473/2415
f 2477/2471/2413 2487/2481/2423 2486/2480/2422
f 2479/2473/2415 2486/2480/2422 2488/2482/2424
f 2480/2474/2416 2479/2473/2415 2483/2477/2419
f 2483/2477/2419 2479/2473/2415 2485/2479/2421
f 2479/2473/2415 2489/2483/2425 2485/2479/2421
f 2479/2473/2415 2488/2482/2424 2489/2483/2425
f 2491/2484/2426 2492/2486/2428 2490/2485/2427
f 2492/2486/2428 2493/2487/2429 2490/2485/2427
f 2492/2486/2428 2494/2488/2430 2493/2487/2429
f 2493/2487/2429 2494/2488/2430 2495/2489/2431
f 2496/2490/2432 2498/2492/2434 2497/2491/2433
f 2496/2490/2432 2499/2493/2435 2498/2492/2434
f 2499/2493/2435 2500/2494/2436 2498/2492/2434
f 2496/2490/2432 2497/2491/2433 2501/2495/2437
f 2496/2490/2432 2501/2495/2437 2502/2496/2438
f 2502/2496/2438 2501/2495/2437 2503/2497/2439
f 2502/2496/2438 2503/2497/2439 2504/2498/2440
f 2502/2496/2438 2504/2498/2440 2505/2499/2441
f 2501/2495/2437 2507/2501/2443 2506/2500/2442
f 2497/2491/2433 2507/2501/2443 2501/2495/2437
f 2497/2491/2433 2508/2502/2444 2507/2501/2443
f 2497/2491/2433 2498/2492/2434 2508/2502/2444
f 2498/2492/2434 2509/2503/2445 2508/2502/2444
f 2498/2492/2434 2500/2494/2436 2509/2503/2445
f 2508/2502/2444 2509/2503/2445 2510/2504/2446
f 2507/2501/2443 2511/2505/2447 2506/2500/2442
f 2501/2495/2437 2506/2500/2442 2503/2497/2439
f 2503/2497/2439 2506/2500/2442 2512/2506/2448
f 2503/2497/2439 2512/2506/2448 2504/2498/2440
f 2508/2502/2444 2513/2507/2449 2507/2501/2443
f 2508/2502/2444 2514/2508/2450 2513/2507/2449
f 2508/2502/2444 2515/2509/2451 2514/2508/2450
f 2508/2502/2444 2510/2504/2446 2515/2509/2451
f 2516/2510/2452 2518/2512/2454 2517/2511/2453
f 2519/2513/2455 2518/2512/2454 2516/2510/2452
f 2519/2513/2455 2520/2514/2456 2518/2512/2454
f 2520/2514/2456 2521/2515/2457 2518/2512/2454
f 2520/2514/2456 2522/2516/2458 2521/2515/2457
f 2521/2515/2457 2522/2516/2458 2523/2517/2459
f 2516/2510/2452 2517/2511/2453 2524/2518/2460
f 2516/2510/2452 2524/2518/2460 2525/2519/2461
f 2517/2511/2453 2526/2520/2462 2524/2518/2460
f 2518/2512/2454 2521/2515/2457 2517/2511/2453
f 2521/2515/2457 2523/2517/2459 2517/2511/2453
f 2517/2511/2453 2523/2517/2459 2527/2521/2463
f 2517/2511/2453 2527/2521/2463 2526/2520/2462
f 2528/2522/2464 2530/2524/2466 2529/2523/2465
f 2532/2525/2467 2531/2527/2469 2533/2526/2468
f 2533/2526/2468 2531/2527/2469 2534/2528/2470
f 2533/2526/2468 2534/2528/2470 2535/2529/2471
f 2534/2528/2470 2536/2530/2472 2535/2529/2471
f 2539/2531/2473 2541/2533/2475 2540/2532/2474
f 2539/2531/2473 2542/2534/2476 2541/2533/2475
f 2539/2531/2473 2540/2532/2474 2543/2535/2477
f 2539/2531/2473 2543/2535/2477 2544/2536/2478
f 2537/2537/2479 2539/2531/2473 2544/2536/2478
f 2537/2537/2479 2544/2536/2478 2545/2538/2480
f 2537/2537/2479 2545/2538/2480 2538/2539/2481
f 2538/2539/2481 2545/2538/2480 2546/2540/2482
f 2538/2539/2481 2546/2540/2482 2547/2541/2483
f 2547/2541/2483 2546/2540/2482 2548/2542/2484
f 2545/2538/2480 2549/2543/2485 2546/2540/2482
f 2543/2535/2477 2550/2545/2487 2551/2544/2486
f 2544/2536/2478 2543/2535/2477 2551/2544/2486
f 2544/2536/2478 2551/2544/2486 2552/2546/2488
f 2545/2538/2480 2544/2536/2478 2552/2546/2488
f 2545/2538/2480 2552/2546/2488 2553/2547/2489
f 2545/2538/2480 2553/2547/2489 2549/2543/2485
f 2549/2543/2485 2553/2547/2489 2554/2548/2490
f 2546/2540/2482 2549/2543/2485 2555/2549/2491
f 2546/2540/2482 2555/2549/2491 2548/2542/2484
f 2556/2550/2492 2558/2552/2494 2557/2551/2493
f 2559/2553/2495 2556/2550/2492 2557/2551/2493
f 2559/2553/2495 2557/2551/2493 2560/2554/2496
f 2560/2554/2496 2557/2551/2493 2561/2555/2497
f 2560/2554/2496 2561/2555/2497 2562/2556/2498
f 2557/2551/2493 2558/2552/2494 2563/2557/2499
f 2557/2551/2493 2563/2557/2499 2561/2555/2497
f 2561/2555/2497 2563/2557/2499 2564/2558/2500
f 2561/2555/2497 2564/2558/2500 2562/2556/2498
f 2567/2559/2501 2566/2561/2503 2565/2560/2502
f 2567/2559/2501 2568/2562/2504 2566/2561/2503
f 2569/2563/2505 2566/2561/2503 2568/2562/2504
f 2569/2563/2505 2570/2564/2506 2566/2561/2503
f 2570/2564/2506 2571/2566/2508 2572/2565/2507
f 2566/2561/2503 2570/2564/2506 2572/2565/2507
f 2565/2560/2502 2566/2561/2503 2573/2567/2509
f 2566/2561/2503 2574/2568/2510 2573/2567/2509
f 2566/2561/2503 2572/2565/2507 2574/2568/2510
f 2572/2565/2507 2571/2566/2508 2575/2569/2511
f 2572/2565/2507 2575/2569/2511 2574/2568/2510
f 2578/2570/2512 2580/2572/2514 2579/2571/2513
f 2578/2570/2512 2579/2571/2513 2581/2573/2515
f 2577/2574/2516 2578/2570/2512 2581/2573/2515
f 2577/2574/2516 2581/2573/2515 2582/2575/2517
f 2577/2574/2516 2582/2575/2517 2583/2576/2518
f 2577/2574/2516 2583/2576/2518 2576/2577/2519
f 2576/2577/2519 2584/2579/2521 2585/2578/2520
f 2576/2577/2519 2583/2576/2518 2584/2579/2521
f 2581/2573/2515 2579/2571/2513 2586/2580/2522
f 2579/2571/2513 2587/2581/2523 2586/2580/2522
f 2581/2573/2515 2586/2580/2522 2588/2582/2524
f 2581/2573/2515 2588/2582/2524 2589/2583/2525
f 2582/2575/2517 2581/2573/2515 2589/2583/2525
f 2582/2575/2517 2589/2583/2525 2590/2584/2526
f 2582/2575/2517 2590/2584/2526 2591/2585/2527
f 2582/2575/2517 2591/2585/2527 2583/2576/2518
f 2583/2576/2518 2591/2585/2527 2592/2586/2528
f 2583/2576/2518 2592/2586/2528 2593/2587/2529
f 2583/2576/2518 2593/2587/2529 2584/2579/2521
f 2590/2584/2526 2594/2588/2530 2591/2585/2527
f 2590/2584/2526 2595/2589/2531 2594/2588/2530
f 2598/2590/2532 2599/2592/2534 2596/2591/2533
f 2599/2592/2534 2600/2593/2535 2596/2591/2533
f 2599/2592/2534 2601/2594/2536 2600/2593/2535
f 2596/2591/2533 2600/2593/2535 2602/2595/2537
f 2596/2591/2533 2602/2595/2537 2597/2596/2538
f 2600/2593/2535 2603/2597/2539 2602/2595/2537
f 2600/2593/2535 2601/2594/2536 2603/2597/2539
f 2604/2598/2540 2606/2600/2542 2605/2599/2541
f 2608/2601/2543 2605/2599/2541 2607/2602/2544
f 2608/2601/2543 2604/2598/2540 2605/2599/2541
f 2609/2603/2545 2611/2605/2547 2610/2604/2546
f 2607/2602/2544 2611/2605/2547 2609/2603/2545
f 2607/2602/2544 2605/2599/2541 2611/2605/2547
f 2605/2599/2541 2612/2606/2548 2611/2605/2547
f 2605/2599/2541 2606/2600/2542 2612/2606/2548
f 2611/2605/2547 2613/2607/2549 2610/2604/2546
f 2611/2605/2547 2612/2606/2548 2613/2607/2549
f 2614/2608/2550 2616/2610/2552 2615/2609/2551
f 2616/2610/2552 2618/2612/2554 2617/2611/2553
f 2618/2612/2554 2619/2613/2555 2617/2611/2553
f 2618/2612/2554 2620/2614/2556 2619/2613/2555
f 2616/2610/2552 2617/2611/2553 2621/2615/2557
f 2616/2610/2552 2621/2615/2557 2615/2609/2551
f 2614/2608/2550 2615/2609/2551 2622/2616/2558
f 2622/2616/2558 2624/2618/2560 2623/2617/2559
f 2622/2616/2558 2625/2619/2561 2624/2618/2560
f 2615/2609/2551 2625/2619/2561 2622/2616/2558
f 2615/2609/2551 2626/2620/2562 2625/2619/2561
f 2615/2609/2551 2627/2621/2563 2626/2620/2562
f 2621/2615/2557 2627/2621/2563 2615/2609/2551
f 2621/2615/2557 2617/2611/2553 2628/2622/2564
f 2617/2611/2553 2629/2623/2565 2628/2622/2564
f 2617/2611/2553 2619/2613/2555 2629/2623/2565
f 2628/2622/2564 2630/2625/2567 2631/2624/2566
f 2621/2615/2557 2628/2622/2564 2631/2624/2566
f 2621/2615/2557 2631/2624/2566 2632/2626/2568
f 2621/2615/2557 2632/2626/2568 2627/2621/2563
f 2631/2624/2566 2633/2628/2570 2634/2627/2569
f 2631/2624/2566 2630/2625/2567 2633/2628/2570
f 2635/2629/2571 2637/2631/2573 2636/2630/2572
f 2636/2630/2572 2637/2631/2573 2638/2632/2574
f 2636/2630/2572 2638/2632/2574 2639/2633/2575
f 2636/2630/2572 2639/2633/2575 2640/2634/2576
f 2641/2635/2577 2643/2637/2579 2642/2636/2578
f 2644/2638/2580 2643/2637/2579 2641/2635/2577
f 2644/2638/2580 2645/2639/2581 2643/2637/2579
f 2645/2639/2581 2646/2640/2582 2643/2637/2579
f 2647/2641/2583 2646/2640/2582 2645/2639/2581
f 2648/2642/2584 2649/2643/2585 2646/2640/2582
f 2649/2643/2585 2651/2645/2587 2650/2644/2586
f 2649/2643/2585 2650/2644/2586 2652/2646/2588
f 2646/2640/2582 2649/2643/2585 2652/2646/2588
f 2646/2640/2582 2652/2646/2588 2643/2637/2579
f 2643/2637/2579 2653/2647/2589 2642/2636/2578
f 2642/2636/2578 2653/2647/2589 2654/2648/2590
f 2642/2636/2578 2654/2648/2590 2655/2649/2591
f 2653/2647/2589 2656/2650/2592 2654/2648/2590
f 2643/2637/2579 2652/2646/2588 2653/2647/2589
f 2652/2646/2588 2650/2644/2586 2653/2647/2589
f 2653/2647/2589 2650/2644/2586 2657/2651/2593
f 2653/2647/2589 2657/2651/2593 2656/2650/2592
f 2658/2652/2017 2659/2654/2019 2660/2653/2594
f 2658/2652/2017 2660/2653/2594 2661/2655/2595
f 2662/2656/2596 2664/2658/1954 2663/2657/2597
f 2662/2656/2596 2665/2659/1955 2664/2658/1954
f 2666/2660/2598 2662/2656/2596 2663/2657/2597
f 2667/2661/2599 2666/2660/2598 2663/2657/2597
f 2668/2662/1950 2667/2661/2599 2663/2657/2597
f 2669/2663/1949 2668/2662/1950 2663/2657/2597
f 2670/2664/2600 2669/2663/1949 2663/2657/2597
f 2671/2665/2601 2670/2664/2600 2663/2657/2597
f 2672/2666/2602 2671/2665/2601 2663/2657/2597
f 2672/2666/2602 2663/2657/2597 2673/2667/2603
f 2674/2668/2604 2676/2670/2606 2675/2669/2605
f 2676/2670/2606 2678/2672/2608 2677/2671/2607
f 2678/2672/2608 2679/2673/2609 2677/2671/2607
f 2676/2670/2606 2677/2671/2607 2680/2674/2610
f 2676/2670/2606 2680/2674/2610 2675/2669/2605
f 2674/2668/2604 2675/2669/2605 2681/2675/2611
f 2681/2675/2611 2683/2677/2612 2682/2676/2029
f 2681/2675/2611 2684/2678/2613 2683/2677/2612
f 2675/2669/2605 2684/2678/2613 2681/2675/2611
f 2675/2669/2605 2689/2679/2614 2684/2678/2613
f 2680/2674/2610 2689/2679/2614 2675/2669/2605
f 2680/2674/2610 2677/2671/2607 2685/2680/2615
f 2677/2671/2607 2686/2681/2616 2685/2680/2615
f 2677/2671/2607 2679/2673/2609 2686/2681/2616
f 2685/2680/2615 2687/2683/2618 2688/2682/2617
f 2680/2674/2610 2685/2680/2615 2688/2682/2617
f 2680/2674/2610 2688/2682/2617 2689/2679/2614
f 2689/2679/2614 2690/2684/2619 2684/2678/2613
f 2684/2678/2613 2690/2684/2619 2691/2685/2620
f 2689/2679/2614 2692/2686/2621 2690/2684/2619
f 2689/2679/2614 2693/2687/2622 2692/2686/2621
f 2689/2679/2614 2694/2688/2623 2693/2687/2622
f 2695/2689/2624 2697/2691/2045 2696/2690/2625
f 2695/2689/2624 2698/2692/2626 2697/2691/2045
f 2698/2692/2626 2699/2693/2627 2697/2691/2045
f 2696/2690/2625 2697/2691/2045 2700/2694/2048
f 2701/2695/2049 2696/2690/2625 2700/2694/2048
f 2701/2695/2049 2700/2694/2048 2702/2696/2628
f 2702/2696/2628 2700/2694/2048 2703/2697/2629
f 2700/2694/2048 2704/2698/2052 2703/2697/2629
f 2697/2691/2045 2699/2693/2627 2705/2699/2630
f 2700/2694/2048 2697/2691/2045 2704/2698/2052
f 2697/2691/2045 2706/2700/2631 2704/2698/2052
f 2697/2691/2045 2705/2699/2630 2706/2700/2631
f 2707/2701/2632 2709/2703/2057 2708/2702/2633
f 2710/2704/2058 2709/2703/2057 2707/2701/2632
f 2711/2705/2634 2712/2707/2061 2713/2706/2635
f 2709/2703/2057 2711/2705/2634 2713/2706/2635
f 2709/2703/2057 2713/2706/2635 2708/2702/2633
f 2713/2706/2635 2715/2709/2637 2714/2708/2636
f 2713/2706/2635 2712/2707/2061 2715/2709/2637
f 2716/2710/2064 2718/2712/2638 2717/2711/2065
f 2716/2710/2064 2719/2713/2639 2718/2712/2638
f 2716/2710/2064 2720/2714/2068 2719/2713/2639
f 2717/2711/2065 2718/2712/2638 2721/2715/2069
f 2717/2711/2065 2722/2717/2641 2723/2716/2640
f 2723/2716/2640 2722/2717/2641 2724/2718/2642
f 2717/2711/2065 2721/2715/2069 2722/2717/2641
f 2721/2715/2069 2725/2719/2643 2722/2717/2641
f 2721/2715/2069 2718/2712/2638 2726/2720/2074
f 2718/2712/2638 2727/2721/2075 2726/2720/2074
f 2718/2712/2638 2719/2713/2639 2727/2721/2075
f 2726/2720/2074 2727/2721/2075 2728/2722/2076
f 2721/2715/2069 2726/2720/2074 2729/2723/2644
f 2721/2715/2069 2729/2723/2644 2730/2724/2078
f 2721/2715/2069 2730/2724/2078 2725/2719/2643
f 2725/2719/2643 2730/2724/2078 2731/2725/2079
f 2722/2717/2641 2725/2719/2643 2732/2726/2080
f 2722/2717/2641 2732/2726/2080 2724/2718/2642
f 2729/2723/2644 2726/2720/2074 2733/2727/2081
f 2729/2723/2644 2733/2727/2081 2734/2728/2082
f 2726/2720/2074 2735/2729/2645 2733/2727/2081
f 2726/2720/2074 2728/2722/2076 2735/2729/2645
f 2736/2730/2084 2738/2732/2086 2737/2731/2085
f 2736/2730/2084 2739/2733/2087 2738/2732/2086
f 2739/2733/2087 2740/2734/2088 2738/2732/2086
f 2739/2733/2087 2741/2735/2646 2740/2734/2088
f 2742/2736/2090 2741/2735/2646 2739/2733/2087
f 2742/2736/2090 2743/2737/2647 2741/2735/2646
f 2743/2737/2647 2744/2738/2092 2741/2735/2646
f 2743/2737/2647 2745/2739/2093 2744/2738/2092
f 2744/2738/2092 2745/2739/2093 2746/2740/2648
f 2740/2734/2088 2747/2741/2649 2738/2732/2086
f 2740/2734/2088 2748/2742/2650 2747/2741/2649
f 2741/2735/2646 2744/2738/2092 2740/2734/2088
f 2744/2738/2092 2746/2740/2648 2740/2734/2088
f 2740/2734/2088 2746/2740/2648 2749/2743/2097
f 2740/2734/2088 2749/2743/2097 2748/2742/2650
f 2751/2744/2651 2750/2746/2653 2752/2745/2652
f 2752/2745/2652 2750/2746/2653 2753/2747/2101
f 2752/2745/2652 2753/2747/2101 2754/2748/2654
f 2753/2747/2101 2755/2750/2655 2756/2749/2103
f 2753/2747/2101 2756/2749/2103 2754/2748/2654
f 2757/2751/2656 2759/2753/2658 2758/2752/2657
f 2759/2753/2658 2760/2755/2660 2761/2754/2659
f 2759/2753/2658 2761/2754/2659 2762/2756/2661
f 2758/2752/2657 2759/2753/2658 2762/2756/2661
f 2757/2751/2656 2758/2752/2657 2763/2757/2662
f 2764/2758/2663 2765/2760/2665 2766/2759/2664
f 2764/2758/2663 2763/2757/2662 2765/2760/2665
f 2757/2751/2656 2763/2757/2662 2764/2758/2663
f 2762/2756/2661 2761/2754/2659 2767/2761/2666
f 2762/2756/2661 2767/2761/2666 2768/2762/2667
f 2758/2752/2657 2762/2756/2661 2768/2762/2667
f 2758/2752/2657 2768/2762/2667 2769/2763/2668
f 2758/2752/2657 2769/2763/2668 2770/2764/2669
f 2758/2752/2657 2770/2764/2669 2763/2757/2662
f 2763/2757/2662 2770/2764/2669 2771/2765/2670
f 2763/2757/2662 2771/2765/2670 2772/2766/2671
f 2763/2757/2662 2772/2766/2671 2765/2760/2665
f 2765/2760/2665 2772/2766/2671 2773/2767/2672
f 2776/2768/2673 2774/2770/2674 2777/2769/2124
f 2777/2769/2124 2774/2770/2674 2778/2771/2126
f 2777/2769/2124 2778/2771/2126 2779/2772/2127
f 2774/2770/2674 2780/2773/2128 2778/2771/2126
f 2774/2770/2674 2775/2774/2129 2780/2773/2128
f 2778/2771/2126 2780/2773/2128 2781/2775/2130
f 2778/2771/2126 2781/2775/2130 2779/2772/2127
f 2784/2776/2675 2783/2778/2133 2782/2777/2676
f 2784/2776/2675 2785/2779/2677 2783/2778/2133
f 2786/2780/2135 2788/2782/2137 2787/2781/2136
f 2786/2780/2135 2787/2781/2136 2789/2783/2138
f 2785/2779/2677 2786/2780/2135 2789/2783/2138
f 2785/2779/2677 2789/2783/2138 2783/2778/2133
f 2782/2777/2676 2783/2778/2133 2790/2784/2678
f 2783/2778/2133 2791/2785/2140 2790/2784/2678
f 2783/2778/2133 2789/2783/2138 2791/2785/2140
f 2789/2783/2138 2787/2781/2136 2791/2785/2140
f 2791/2785/2140 2793/2787/2142 2792/2786/2141
f 2791/2785/2140 2787/2781/2136 2793/2787/2142
f 2794/2788/2679 2796/2790/2681 2795/2789/2680
f 2794/2788/2679 2797/2791/2682 2796/2790/2681
f 2796/2790/2681 2797/2791/2682 2798/2792/2683
f 2795/2789/2680 2796/2790/2681 2799/2793/2684
f 2795/2789/2680 2799/2793/2684 2800/2794/2685
f 2795/2789/2680 2800/2794/2685 2801/2795/2686
f 2800/2794/2685 2802/2796/2687 2801/2795/2686
f 2799/2793/2684 2796/2790/2681 2803/2797/2688
f 2796/2790/2681 2798/2792/2683 2803/2797/2688
f 2803/2797/2688 2798/2792/2683 2804/2798/2689
f 2799/2793/2684 2803/2797/2688 2805/2799/2690
f 2799/2793/2684 2805/2799/2690 2806/2800/2691
f 2799/2793/2684 2806/2800/2691 2807/2801/2692
f 2799/2793/2684 2807/2801/2692 2800/2794/2685
f 2800/2794/2685 2807/2801/2692 2808/2802/2693
f 2800/2794/2685 2808/2802/2693 2802/2796/2687
f 2802/2796/2687 2808/2802/2693 2809/2803/2694
f 2806/2800/2691 2810/2804/2158 2807/2801/2692
f 2806/2800/2691 2811/2805/2695 2810/2804/2158
f 2812/2806/2160 2814/2808/2162 2813/2807/2161
f 2815/2809/2696 2814/2808/2162 2812/2806/2160
f 2815/2809/2696 2816/2810/2697 2814/2808/2162
f 2816/2810/2697 2817/2811/2165 2814/2808/2162
f 2816/2810/2697 2818/2812/2166 2817/2811/2165
f 2814/2808/2162 2819/2813/2698 2813/2807/2161
f 2814/2808/2162 2817/2811/2165 2819/2813/2698
f 2817/2811/2165 2820/2814/2699 2819/2813/2698
f 2817/2811/2165 2821/2815/2169 2820/2814/2699
f 2817/2811/2165 2818/2812/2166 2821/2815/2169
f 2819/2813/2698 2820/2814/2699 2822/2816/2700
f 2819/2813/2698 2822/2816/2700 2823/2817/2701
f 2824/2818/2702 2826/2820/2703 2825/2819/2173
f 2828/2821/2704 2825/2819/2173 2827/2822/2705
f 2828/2821/2704 2824/2818/2702 2825/2819/2173
f 2829/2823/2177 2830/2825/2179 2831/2824/2178
f 2829/2823/2177 2832/2826/2706 2830/2825/2179
f 2827/2822/2705 2832/2826/2706 2829/2823/2177
f 2827/2822/2705 2825/2819/2173 2832/2826/2706
f 2825/2819/2173 2833/2827/2181 2832/2826/2706
f 2825/2819/2173 2826/2820/2703 2833/2827/2181
f 2832/2826/2706 2833/2827/2181 2830/2825/2179
f 2833/2827/2181 2834/2828/2182 2830/2825/2179
f 2833/2827/2181 2835/2829/2707 2834/2828/2182
f 2836/2830/2708 2839/2832/2709 2838/2831/2185
f 2839/2832/2709 2840/2833/2710 2838/2831/2185
f 2836/2830/2708 2838/2831/2185 2841/2834/2188
f 2836/2830/2708 2841/2834/2188 2842/2835/2711
f 2836/2830/2708 2842/2835/2711 2837/2836/2190
f 2843/2837/2712 2845/2839/2193 2844/2838/2713
f 2843/2837/2712 2846/2840/2714 2845/2839/2193
f 2837/2836/2190 2846/2840/2714 2843/2837/2712
f 2837/2836/2190 2842/2835/2711 2846/2840/2714
f 2842/2835/2711 2847/2841/2195 2846/2840/2714
f 2838/2831/2185 2848/2843/2715 2849/2842/2196
f 2841/2834/2188 2838/2831/2185 2849/2842/2196
f 2841/2834/2188 2849/2842/2196 2850/2844/2716
f 2841/2834/2188 2850/2844/2716 2851/2845/2717
f 2841/2834/2188 2851/2845/2717 2842/2835/2711
f 2842/2835/2711 2851/2845/2717 2852/2846/2718
f 2842/2835/2711 2852/2846/2718 2847/2841/2195
f 2850/2844/2716 2853/2848/2720 2854/2847/2719
f 2850/2844/2716 2849/2842/2196 2853/2848/2720
f 2846/2840/2714 2847/2841/2195 2855/2849/2203
f 2856/2850/2721 2858/2852/2723 2857/2851/2722
f 2857/2851/2722 2858/2852/2723 2859/2853/2724
f 2857/2851/2722 2859/2853/2724 2860/2854/2208
f 2857/2851/2722 2860/2854/2208 2861/2855/2209
f 2863/2856/2210 2864/2858/2726 2862/2857/2725
f 2863/2856/2210 2865/2859/2727 2864/2858/2726
f 2862/2857/2725 2864/2858/2726 2866/2860/2728
f 2862/2857/2725 2866/2860/2728 2867/2861/2729
f 2862/2857/2725 2867/2861/2729 2868/2862/2730
f 2864/2858/2726 2869/2863/2217 2866/2860/2728
f 2869/2863/2217 2870/2864/2731 2866/2860/2728
f 2869/2863/2217 2871/2865/2732 2870/2864/2731
f 2871/2865/2732 2872/2866/2733 2870/2864/2731
f 2873/2867/2221 2875/2869/2223 2874/2868/2734
f 2873/2867/2221 2876/2870/2735 2875/2869/2223
f 2876/2870/2735 2877/2871/2736 2875/2869/2223
f 2878/2872/2226 2877/2871/2736 2876/2870/2735
f 2880/2873/2227 2879/2874/2737 2877/2871/2736
f 2880/2873/2227 2881/2875/2738 2879/2874/2737
f 2881/2875/2738 2882/2876/2739 2879/2874/2737
f 2881/2875/2738 2883/2877/2231 2882/2876/2739
f 2881/2875/2738 2884/2878/2740 2883/2877/2231
f 2879/2874/2737 2882/2876/2739 2877/2871/2736
f 2877/2871/2736 2882/2876/2739 2885/2879/2233
f 2877/2871/2736 2885/2879/2233 2875/2869/2223
f 2875/2869/2223 2886/2881/2742 2887/2880/2741
f 2875/2869/2223 2888/2882/2236 2886/2881/2742
f 2875/2869/2223 2885/2879/2233 2888/2882/2236
f 2882/2876/2739 2883/2877/2231 2889/2883/2237
f 2882/2876/2739 2889/2883/2237 2885/2879/2233
f 2888/2882/2236 2891/2885/2744 2890/2884/2743
f 2885/2879/2233 2891/2885/2744 2888/2882/2236
f 2885/2879/2233 2889/2883/2237 2891/2885/2744
f 2892/2886/2240 2894/2888/2242 2893/2887/2745
f 2895/2889/2746 2896/2891/2747 2897/2890/2244
f 2895/2889/2746 2897/2890/2244 2898/2892/2246
f 2894/2888/2242 2895/2889/2746 2898/2892/2246
f 2894/2888/2242 2898/2892/2246 2899/2893/2748
f 2893/2887/2745 2894/2888/2242 2899/2893/2748
f 2892/2886/2240 2893/2887/2745 2900/2894/2248
f 2900/2894/2248 2901/2896/2750 2902/2895/2749
f 2900/2894/2248 2902/2895/2749 2903/2897/2751
f 2900/2894/2248 2904/2898/2752 2901/2896/2750
f 2900/2894/2248 2905/2899/2253 2904/2898/2752
f 2893/2887/2745 2905/2899/2253 2900/2894/2248
f 2893/2887/2745 2906/2900/2753 2905/2899/2253
f 2893/2887/2745 2899/2893/2748 2906/2900/2753
f 2899/2893/2748 2898/2892/2246 2907/2901/2255
f 2898/2892/2246 2908/2902/2256 2907/2901/2255
f 2899/2893/2748 2907/2901/2255 2909/2903/2257
f 2899/2893/2748 2909/2903/2257 2910/2904/2754
f 2906/2900/2753 2899/2893/2748 2910/2904/2754
f 2906/2900/2753 2911/2905/2259 2905/2899/2253
f 2905/2899/2253 2912/2906/2755 2904/2898/2752
f 2905/2899/2253 2911/2905/2259 2912/2906/2755
f 2906/2900/2753 2913/2907/2756 2911/2905/2259
f 2906/2900/2753 2914/2908/2757 2913/2907/2756
f 2906/2900/2753 2915/2909/2758 2914/2908/2757
f 2906/2900/2753 2910/2904/2754 2915/2909/2758
f 2916/2910/2264 2918/2912/2266 2917/2911/2265
f 2918/2912/2266 2919/2913/2759 2917/2911/2265
f 2918/2912/2266 2920/2914/2268 2919/2913/2759
f 2918/2912/2266 2921/2915/2269 2920/2914/2268
f 2918/2912/2266 2922/2916/2760 2921/2915/2269
f 2919/2913/2759 2920/2914/2268 2923/2917/2761
f 2919/2913/2759 2923/2917/2761 2924/2918/2762
f 2925/2919/2763 2928/2921/2765 2927/2920/2764
f 2926/2922/2766 2925/2919/2763 2929/2923/2767
f 2926/2922/2766 2929/2923/2767 2930/2924/2278
f 2925/2919/2763 2931/2925/2768 2929/2923/2767
f 2925/2919/2763 2927/2920/2764 2931/2925/2768
f 2929/2923/2767 2931/2925/2768 2932/2926/2769
f 2932/2926/2769 2931/2925/2768 2933/2927/2770
f 2932/2926/2769 2933/2927/2770 2934/2928/2282
f 2934/2928/2282 2933/2927/2770 2935/2929/2771
f 2936/2930/2772 2938/2932/2774 2937/2931/2773
f 2939/2933/2775 2936/2930/2772 2937/2931/2773
f 2939/2933/2775 2937/2931/2773 2940/2934/2776
f 2940/2934/2776 2937/2931/2773 2941/2935/2777
f 2942/2936/2290 2940/2934/2776 2941/2935/2777
f 2942/2936/2290 2941/2935/2777 2943/2937/2778
f 2944/2938/2779 2943/2937/2778 2941/2935/2777
f 2944/2938/2779 2941/2935/2777 2945/2939/2780
f 2945/2939/2780 2941/2935/2777 2946/2940/2781
f 2945/2939/2780 2946/2940/2781 2947/2941/2295
f 2945/2939/2780 2947/2941/2295 2948/2942/2296
f 2941/2935/2777 2949/2943/2297 2946/2940/2781
f 2937/2931/2773 2938/2932/2774 2950/2944/2782
f 2941/2935/2777 2937/2931/2773 2949/2943/2297
f 2946/2940/2781 2949/2943/2297 2947/2941/2295
f 2949/2943/2297 2951/2945/2783 2947/2941/2295
f 2949/2943/2297 2937/2931/2773 2951/2945/2783
f 2950/2944/2782 2952/2947/2301 2953/2946/2300
f 2937/2931/2773 2950/2944/2782 2953/2946/2300
f 2937/2931/2773 2953/2946/2300 2951/2945/2783
f 2954/2948/2784 2956/2950/2786 2955/2949/2785
f 2954/2948/2784 2957/2951/2787 2956/2950/2786
f 2954/2948/2784 2958/2952/2788 2957/2951/2787
f 2958/2952/2788 2960/2954/2790 2959/2953/2789
f 2958/2952/2788 2961/2955/2791 2960/2954/2790
f 2958/2952/2788 2959/2953/2789 2962/2956/2792
f 2958/2952/2788 2962/2956/2792 2963/2957/2793
f 2957/2951/2787 2958/2952/2788 2963/2957/2793
f 2955/2949/2785 2956/2950/2786 2964/2958/2794
f 2955/2949/2785 2964/2958/2794 2965/2959/2795
f 2955/2949/2785 2965/2959/2795 2966/2960/2796
f 2956/2950/2786 2967/2961/2797 2964/2958/2794
f 2956/2950/2786 2968/2962/2798 2967/2961/2797
f 2957/2951/2787 2968/2962/2798 2956/2950/2786
f 2957/2951/2787 2969/2963/2799 2968/2962/2798
f 2957/2951/2787 2963/2957/2793 2969/2963/2799
f 2963/2957/2793 2970/2964/2800 2969/2963/2799
f 2969/2963/2799 2971/2966/2802 2972/2965/2801
f 2968/2962/2798 2969/2963/2799 2972/2965/2801
f 2968/2962/2798 2973/2967/2803 2967/2961/2797
f 2967/2961/2797 2973/2967/2803 2974/2968/2804
f 2968/2962/2798 2975/2969/2805 2973/2967/2803
f 2968/2962/2798 2976/2970/2806 2975/2969/2805
f 2968/2962/2798 2977/2971/2807 2976/2970/2806
f 2968/2962/2798 2972/2965/2801 2977/2971/2807
f 2964/2958/2794 2967/2961/2797 2978/2972/2808
f 2979/2973/2809 2981/2975/2811 2980/2974/2810
f 2979/2973/2809 2982/2976/2812 2981/2975/2811
f 2983/2977/2813 2980/2974/2810 2984/2978/2814
f 2984/2978/2814 2980/2974/2810 2985/2979/2333
f 2986/2980/2334 2984/2978/2814 2985/2979/2333
f 2986/2980/2334 2985/2979/2333 2987/2981/2815
f 2987/2981/2815 2985/2979/2333 2988/2982/2816
f 2989/2983/2337 2987/2981/2815 2988/2982/2816
f 2990/2984/2817 2988/2982/2816 2991/2985/2818
f 2991/2985/2818 2993/2987/2341 2992/2986/2340
f 2991/2985/2818 2994/2988/2819 2993/2987/2341
f 2988/2982/2816 2994/2988/2819 2991/2985/2818
f 2988/2982/2816 2985/2979/2333 2994/2988/2819
f 2985/2979/2333 2980/2974/2810 2995/2989/2343
f 2980/2974/2810 2981/2975/2811 2995/2989/2343
f 2981/2975/2811 2997/2991/2821 2996/2990/2820
f 2981/2975/2811 2996/2990/2820 2998/2992/2822
f 2981/2975/2811 2998/2992/2822 2995/2989/2343
f 2994/2988/2819 2985/2979/2333 2993/2987/2341
f 2985/2979/2333 2995/2989/2343 2993/2987/2341
f 2995/2989/2343 2998/2992/2822 2999/2993/2823
f 2995/2989/2343 2999/2993/2823 2993/2987/2341
f 3000/2994/2824 3002/2996/2826 3001/2995/2825
f 3003/2997/2827 3000/2994/2824 3001/2995/2825
f 3004/2998/2827 3003/2997/2827 3001/2995/2825
f 3005/2999/2828 3004/2998/2827 3001/2995/2825
f 3006/3000/2829 3005/2999/2828 3001/2995/2825
f 3007/3001/2830 3006/3000/2829 3001/2995/2825
f 3008/3002/2831 3007/3001/2830 3001/2995/2825
f 3009/3003/2832 3008/3002/2831 3001/2995/2825
f 3009/3003/2832 3001/2995/2825 3010/3004/2833
f 3009/3003/2832 3010/3004/2833 3011/3005/2834
f 3011/3005/2834 3010/3004/2833 3012/3006/2835
f 3012/3006/2835 3010/3004/2833 3013/3007/2836
f 3013/3007/2836 3010/3004/2833 3014/3008/2837
f 3014/3008/2837 3010/3004/2833 3015/3009/2838
f 3015/3009/2838 3010/3004/2833 3016/3010/2839
f 3016/3010/2839 3010/3004/2833 3017/3011/2840
f 3017/3011/2840 3010/3004/2833 3018/3012/2841
f 3017/3011/2840 3018/3012/2841 3019/3013/2842
f 3010/3004/2833 3021/3015/2844 3020/3014/2843
f 3001/2995/2825 3021/3015/2844 3010/3004/2833
f 3022/3016/2845 3023/3017/2846 3001/2995/2825
f 3022/3016/2845 3024/3018/2847 3023/3017/2846
f 3024/3018/2847 3025/3019/2848 3023/3017/2846
f 3025/3019/2848 3026/3020/2848 3023/3017/2846
f 3026/3020/2848 3027/3021/2849 3023/3017/2846
f 3027/3021/2849 3028/3022/2850 3023/3017/2846
f 3028/3022/2850 3029/3023/2851 3023/3017/2846
f 3029/3023/2851 3030/3024/2852 3023/3017/2846
f 3030/3024/2852 3031/3025/2853 3023/3017/2846
f 3032/3026/2854 3023/3017/2846 3031/3025/2853
f 3032/3026/2854 3031/3025/2853 3033/3027/2855
f 3034/3028/2856 3023/3017/2846 3032/3026/2854
f 3035/3029/2857 3023/3017/2846 3034/3028/2856
f 3036/3030/2858 3023/3017/2846 3035/3029/2857
f 3037/3031/2859 3023/3017/2846 3036/3030/2858
f 3038/3032/2860 3023/3017/2846 3037/3031/2859
f 3039/3033/2861 3023/3017/2846 3038/3032/2860
f 3040/3034/2862 3023/3017/2846 3039/3033/2861
f 3040/3034/2862 3041/3035/2863 3023/3017/2846
f 3040/3034/2862 3042/3036/2864 3041/3035/2863
f 3042/3036/2864 3043/3037/2865 3041/3035/2863
f 3043/3037/2865 3044/3038/2866 3041/3035/2863
f 3044/3038/2866 3045/3039/2867 3041/3035/2863
f 3045/3039/2867 3046/3040/2868 3041/3035/2863
f 3046/3040/2868 3047/3041/2869 3041/3035/2863
f 3047/3041/2869 3048/3042/2870 3041/3035/2863
f 3048/3042/2870 3049/3043/2871 3041/3035/2863
f 3050/3044/2872 3041/3035/2863 3049/3043/2871
f 3050/3044/2872 3049/3043/2871 3051/3045/2873
f 3052/3046/2874 3041/3035/2863 3050/3044/2872
f 3053/3047/2875 3041/3035/2863 3052/3046/2874
f 3054/3048/2876 3041/3035/2863 3053/3047/2875
f 3055/3049/2877 3041/3035/2863 3054/3048/2876
f 3056/3050/2878 3041/3035/2863 3055/3049/2877
f 3057/3051/2879 3041/3035/2863 3056/3050/2878
f 3058/3052/2880 3041/3035/2863 3057/3051/2879
f 3058/3052/2880 3059/3053/2881 3041/3035/2863
f 3058/3052/2880 3060/3054/2882 3059/3053/2881
f 3060/3054/2882 3061/3055/2883 3059/3053/2881
f 3061/3055/2883 3062/3056/2884 3059/3053/2881
f 3062/3056/2884 3063/3057/2885 3059/3053/2881
f 3063/3057/2885 3064/3058/2886 3059/3053/2881
f 3064/3058/2886 3065/3059/2887 3059/3053/2881
f 3065/3059/2887 3066/3060/2888 3059/3053/2881
f 3066/3060/2888 3067/3061/2889 3059/3053/2881
f 3066/3060/2888 3068/3062/2885 3067/3061/2889
f 3059/3053/2881 3069/3063/2890 3041/3035/2863
f 3041/3035/2863 3069/3063/2890 3070/3064/2891
f 3041/3035/2863 3070/3064/2891 3023/3017/2846
f 3023/3017/2846 3070/3064/2891 3071/3065/2892
f 3023/3017/2846 3071/3065/2892 3001/2995/2825
f 3001/2995/2825 3071/3065/2892 3021/3015/2844
f 3073/3066/2893 3075/3068/2895 3074/3067/2894
f 3075/3068/2895 3076/3069/2896 3074/3067/2894
f 3075/3068/2895 3077/3070/2897 3076/3069/2896
f 3073/3066/2893 3074/3067/2894 3078/3071/2898
f 3072/3072/2899 3073/3066/2893 3078/3071/2898
f 3072/3072/2899 3078/3071/2898 3079/3073/2900
f 3072/3072/2899 3080/3075/2902 3081/3074/2901
f 3081/3074/2901 3080/3075/2902 3082/3076/2903
f 3082/3076/2903 3084/3078/2359 3083/3077/2904
f 3080/3075/2902 3084/3078/2359 3082/3076/2903
f 3072/3072/2899 3079/3073/2900 3080/3075/2902
f 3079/3073/2900 3085/3079/2905 3080/3075/2902
f 3078/3071/2898 3074/3067/2894 3086/3080/2362
f 3074/3067/2894 3087/3081/2906 3086/3080/2362
f 3078/3071/2898 3086/3080/2362 3088/3082/2907
f 3078/3071/2898 3088/3082/2907 3089/3083/2908
f 3078/3071/2898 3089/3083/2908 3090/3084/2909
f 3079/3073/2900 3078/3071/2898 3090/3084/2909
f 3079/3073/2900 3090/3084/2909 3091/3085/2910
f 3079/3073/2900 3091/3085/2910 3085/3079/2905
f 3085/3079/2905 3091/3085/2910 3092/3086/2911
f 3080/3075/2902 3085/3079/2905 3093/3087/2912
f 3080/3075/2902 3093/3087/2912 3084/3078/2359
f 3091/3085/2910 3095/3089/2914 3094/3088/2913
f 3090/3084/2909 3095/3089/2914 3091/3085/2910
f 3090/3084/2909 3089/3083/2908 3096/3090/2915
f 3097/3091/2916 3099/3093/2918 3098/3092/2917
f 3097/3091/2916 3100/3094/2919 3099/3093/2918
f 3101/3095/2375 3102/3096/2376 3100/3094/2919
f 3102/3096/2376 3103/3097/2377 3100/3094/2919
f 3104/3098/2378 3103/3097/2377 3102/3096/2376
f 3104/3098/2378 3105/3099/2920 3103/3097/2377
f 3105/3099/2920 3106/3100/2921 3103/3097/2377
f 3107/3101/2922 3106/3100/2921 3105/3099/2920
f 3108/3102/2923 3109/3103/2924 3106/3100/2921
f 3109/3103/2924 3110/3105/2385 3111/3104/2925
f 3109/3103/2924 3111/3104/2925 3112/3106/2926
f 3106/3100/2921 3109/3103/2924 3112/3106/2926
f 3106/3100/2921 3112/3106/2926 3103/3097/2377
f 3103/3097/2377 3113/3107/2927 3100/3094/2919
f 3100/3094/2919 3113/3107/2927 3099/3093/2918
f 3099/3093/2918 3114/3109/2929 3115/3108/2928
f 3099/3093/2918 3116/3110/2930 3114/3109/2929
f 3099/3093/2918 3113/3107/2927 3116/3110/2930
f 3112/3106/2926 3111/3104/2925 3103/3097/2377
f 3103/3097/2377 3111/3104/2925 3113/3107/2927
f 3113/3107/2927 3117/3111/2931 3116/3110/2930
f 3113/3107/2927 3111/3104/2925 3117/3111/2931
s 0
f 3118/3112/2932 3120/3114/2932 3119/3113/2932
s 1
f 3118/3112/2933 3121/3115/2935 3120/3114/2934
f 3122/3116/2936 3121/3115/2935 3118/3112/2933
f 3123/3117/2937 3121/3115/2935 3122/3116/2936
f 3124/3118/2938 3121/3115/2935 3123/3117/2937
f 3125/3119/2939 3121/3115/2935 3124/3118/2938
f 3126/3120/2940 3121/3115/2935 3125/3119/2939
f 3127/3121/2941 3121/3115/2935 3126/3120/2940
f 3128/3122/2942 3121/3115/2935 3127/3121/2941
f 3128/3122/2942 3129/3123/2943 3121/3115/2935
f 3128/3122/2942 3130/3124/2944 3129/3123/2943
f 3130/3124/2944 3131/3125/2945 3129/3123/2943
f 3131/3125/2945 3132/3126/2946 3129/3123/2943
f 3132/3126/2946 3133/3127/2947 3129/3123/2943
f 3133/3127/2947 3134/3128/2948 3129/3123/2943
f 3134/3128/2948 3135/3129/2949 3129/3123/2943
f 3135/3129/2949 3136/3130/2950 3129/3123/2943
f 3136/3130/2950 3137/3131/2841 3129/3123/2943
f 3136/3130/2950 3138/3132/2842 3137/3131/2841
f 3139/3133/2951 3140/3134/2953 3121/3115/2952
f 3140/3134/2953 3141/3135/2954 3121/3115/2952
f 3141/3135/2954 3142/3136/2955 3121/3115/2952
f 3142/3136/2955 3143/3137/2956 3121/3115/2952
f 3143/3137/2956 3144/3138/2957 3121/3115/2952
f 3144/3138/2957 3145/3139/2958 3121/3115/2952
f 3145/3139/2958 3146/3140/2959 3121/3115/2952
f 3146/3140/2959 3147/3114/2960 3121/3115/2952
f 3146/3140/2959 3148/3141/2961 3147/3114/2960
f 3139/3133/2951 3121/3115/2952 3149/3142/2962
f 3139/3133/2951 3149/3142/2962 3150/3143/2963
f 3150/3143/2963 3149/3142/2962 3151/3144/2964
f 3151/3144/2964 3149/3142/2962 3152/3145/2965
f 3152/3145/2965 3149/3142/2962 3153/3146/2966
f 3153/3146/2966 3149/3142/2962 3154/3147/2967
f 3154/3147/2967 3149/3142/2962 3155/3148/2968
f 3155/3148/2968 3149/3142/2962 3156/3149/2969
f 3156/3149/2969 3149/3142/2962 3157/3150/2970
s 0
f 3156/3149/2971 3157/3150/2971 3158/3151/2971
s 1
f 3159/3152/2972 3160/3150/2974 3149/3142/2973
f 3159/3152/2972 3161/3153/2975 3160/3150/2974
f 3162/3154/2976 3159/3152/2972 3149/3142/2973
f 3163/3155/2977 3162/3154/2976 3149/3142/2973
f 3164/3156/2978 3163/3155/2977 3149/3142/2973
f 3165/3157/2979 3164/3156/2978 3149/3142/2973
f 3166/3158/2980 3165/3157/2979 3149/3142/2973
f 3167/3159/2981 3166/3158/2980 3149/3142/2973
f 3168/3160/2982 3167/3159/2981 3149/3142/2973
f 3168/3160/2982 3149/3142/2973 3169/3161/2983
f 3168/3160/2982 3169/3161/2983 3170/3162/2984
f 3170/3162/2984 3169/3161/2983 3171/3163/2985
f 3171/3163/2985 3169/3161/2983 3172/3164/2986
f 3172/3164/2986 3169/3161/2983 3173/3165/2987
f 3173/3165/2987 3169/3161/2983 3174/3166/2988
f 3174/3166/2988 3169/3161/2983 3175/3167/2989
f 3175/3167/2989 3169/3161/2983 3176/3168/2990
f 3176/3168/2990 3169/3161/2983 3177/3169/2991
s 0
f 3176/3168/2865 3177/3169/2865 3178/3170/2865
s 1
f 3179/3171/2992 3180/3169/2994 3169/3161/2993
f 3179/3171/2992 3181/3172/2995 3180/3169/2994
f 3182/3173/2996 3179/3171/2992 3169/3161/2993
f 3183/3174/2997 3182/3173/2996 3169/3161/2993
f 3184/3175/2998 3183/3174/2997 3169/3161/2993
f 3185/3176/2999 3184/3175/2998 3169/3161/2993
f 3186/3177/3000 3185/3176/2999 3169/3161/2993
f 3187/3178/3001 3186/3177/3000 3169/3161/2993
f 3188/3179/3002 3187/3178/3001 3169/3161/2993
f 3188/3179/3002 3169/3161/2993 3189/3180/3003
f 3188/3179/3002 3189/3180/3003 3190/3181/3004
f 3190/3181/3004 3189/3180/3003 3191/3182/3005
f 3191/3182/3005 3189/3180/3003 3192/3183/3006
f 3192/3183/3006 3189/3180/3003 3193/3184/3007
f 3193/3184/3007 3189/3180/3003 3194/3185/3008
f 3194/3185/3008 3189/3180/3003 3195/3186/3009
f 3195/3186/3009 3189/3180/3003 3196/3187/3010
f 3196/3187/3010 3189/3180/3003 3197/3188/3011
s 0
f 3196/3187/2887 3197/3188/2887 3198/3189/2887
s 1
f 3199/3190/2392 3201/3192/2394 3200/3191/2393
f 3199/3190/2392 3202/3193/3012 3201/3192/2394
f 3202/3193/3012 3203/3194/2396 3201/3192/2394
f 3203/3194/2396 3204/3196/3014 3205/3195/3013
f 3203/3194/2396 3205/3195/3013 3206/3197/2399
f 3201/3192/2394 3203/3194/2396 3206/3197/2399
f 3199/3190/2392 3200/3191/2393 3207/3198/2400
f 3199/3190/2392 3207/3198/2400 3208/3199/2401
f 3208/3199/2401 3207/3198/2400 3209/3200/2402
f 3200/3191/2393 3210/3201/3015 3207/3198/2400
f 3200/3191/2393 3211/3202/2404 3210/3201/3015
f 3200/3191/2393 3201/3192/2394 3211/3202/2404
f 3201/3192/2394 3212/3203/3016 3211/3202/2404
f 3201/3192/2394 3213/3204/3017 3212/3203/3016
f 3201/3192/2394 3206/3197/2399 3213/3204/3017
f 3211/3202/2404 3212/3203/3016 3214/3205/3018
f 3211/3202/2404 3215/3206/3019 3210/3201/3015
f 3210/3201/3015 3215/3206/3019 3216/3207/2409
f 3207/3198/2400 3210/3201/3015 3217/3208/2410
f 3207/3198/2400 3217/3208/2410 3209/3200/2402
f 3218/3209/3020 3220/3211/3022 3219/3210/3021
f 3218/3209/3020 3221/3212/3023 3220/3211/3022
f 3219/3210/3021 3220/3211/3022 3222/3213/2415
f 3219/3210/3021 3222/3213/2415 3223/3214/3024
f 3224/3215/2417 3219/3210/3021 3223/3214/3024
f 3224/3215/2417 3223/3214/3024 3225/3216/3025
f 3225/3216/3025 3223/3214/3024 3226/3217/3026
f 3225/3216/3025 3226/3217/3026 3227/3218/2420
f 3226/3217/3026 3228/3219/2421 3227/3218/2420
f 3220/3211/3022 3229/3220/3027 3222/3213/2415
f 3220/3211/3022 3230/3221/3028 3229/3220/3027
f 3222/3213/2415 3229/3220/3027 3231/3222/3029
f 3223/3214/3024 3222/3213/2415 3226/3217/3026
f 3226/3217/3026 3222/3213/2415 3228/3219/2421
f 3222/3213/2415 3232/3223/2425 3228/3219/2421
f 3222/3213/2415 3231/3222/3029 3232/3223/2425
f 3234/3224/2426 3235/3226/2428 3233/3225/3030
f 3235/3226/2428 3236/3227/3031 3233/3225/3030
f 3235/3226/2428 3237/3228/2430 3236/3227/3031
f 3236/3227/3031 3237/3228/2430 3238/3229/3032
f 3239/3230/3033 3002/2996/2826 3240/3231/3034
f 3239/3230/3033 3001/2995/2825 3002/2996/2826
f 3241/3232/3035 3001/2995/2825 3239/3230/3033
f 3242/3233/3036 3001/2995/2825 3241/3232/3035
f 3243/3234/3037 3001/2995/2825 3242/3233/3036
f 3244/3235/3038 3001/2995/2825 3243/3234/3037
f 3245/3236/3039 3001/2995/2825 3244/3235/3038
f 3246/3237/3040 3001/2995/2825 3245/3236/3039
f 3022/3016/2845 3001/2995/2825 3246/3237/3040
f 3247/3238/3041 3249/3240/2434 3248/3239/3042
f 3247/3238/3041 3250/3241/2435 3249/3240/2434
f 3250/3241/2435 3251/3242/3043 3249/3240/2434
f 3247/3238/3041 3248/3239/3042 3252/3243/2437
f 3247/3238/3041 3252/3243/2437 3253/3244/3044
f 3253/3244/3044 3252/3243/2437 3254/3245/2439
f 3253/3244/3044 3254/3245/2439 3255/3246/3045
f 3253/3244/3044 3255/3246/3045 3256/3247/3046
f 3252/3243/2437 3258/3249/3048 3257/3248/3047
f 3248/3239/3042 3258/3249/3048 3252/3243/2437
f 3248/3239/3042 3259/3250/3049 3258/3249/3048
f 3248/3239/3042 3249/3240/2434 3259/3250/3049
f 3249/3240/2434 3260/3251/3050 3259/3250/3049
f 3249/3240/2434 3251/3242/3043 3260/3251/3050
f 3259/3250/3049 3260/3251/3050 3261/3252/3051
f 3258/3249/3048 3262/3253/3052 3257/3248/3047
f 3252/3243/2437 3257/3248/3047 3254/3245/2439
f 3254/3245/2439 3257/3248/3047 3263/3254/2448
f 3254/3245/2439 3263/3254/2448 3255/3246/3045
f 3259/3250/3049 3264/3255/3053 3258/3249/3048
f 3259/3250/3049 3265/3256/3054 3264/3255/3053
f 3259/3250/3049 3266/3257/3055 3265/3256/3054
f 3259/3250/3049 3261/3252/3051 3266/3257/3055
f 3267/3258/3056 3269/3260/2454 3268/3259/3057
f 3270/3261/3058 3269/3260/2454 3267/3258/3056
f 3270/3261/3058 3271/3262/3059 3269/3260/2454
f 3271/3262/3059 3272/3263/2457 3269/3260/2454
f 3271/3262/3059 3273/3264/2458 3272/3263/2457
f 3272/3263/2457 3273/3264/2458 3274/3265/2459
f 3267/3258/3056 3268/3259/3057 3275/3266/3060
f 3267/3258/3056 3275/3266/3060 3276/3267/3061
f 3268/3259/3057 3277/3268/3062 3275/3266/3060
f 3269/3260/2454 3272/3263/2457 3268/3259/3057
f 3272/3263/2457 3274/3265/2459 3268/3259/3057
f 3268/3259/3057 3274/3265/2459 3278/3269/2463
f 3268/3259/3057 3278/3269/2463 3277/3268/3062
f 3280/3270/2467 3279/3272/3064 3281/3271/3063
f 3281/3271/3063 3279/3272/3064 3282/3273/3065
f 3281/3271/3063 3282/3273/3065 3283/3274/2471
f 3282/3273/3065 3284/3275/2472 3283/3274/2471
f 3287/3276/3066 3289/3278/2475 3288/3277/2474
f 3287/3276/3066 3290/3279/3067 3289/3278/2475
f 3287/3276/3066 3288/3277/2474 3291/3280/3068
f 3287/3276/3066 3291/3280/3068 3292/3281/3069
f 3285/3282/3070 3287/3276/3066 3292/3281/3069
f 3285/3282/3070 3292/3281/3069 3293/3283/3071
f 3285/3282/3070 3293/3283/3071 3286/3284/3072
f 3286/3284/3072 3293/3283/3071 3294/3285/2482
f 3286/3284/3072 3294/3285/2482 3295/3286/3073
f 3295/3286/3073 3294/3285/2482 3296/3287/2484
f 3293/3283/3071 3297/3288/3074 3294/3285/2482
f 3292/3281/3069 3291/3280/3068 3298/3289/3075
f 3292/3281/3069 3298/3289/3075 3299/3290/3076
f 3293/3283/3071 3292/3281/3069 3299/3290/3076
f 3293/3283/3071 3299/3290/3076 3300/3291/3077
f 3293/3283/3071 3300/3291/3077 3301/3292/3078
f 3293/3283/3071 3301/3292/3078 3297/3288/3074
f 3294/3285/2482 3297/3288/3074 3302/3293/3079
f 3294/3285/2482 3302/3293/3079 3296/3287/2484
f 3303/3294/3080 3305/3296/3082 3304/3295/3081
f 3306/3297/3083 3303/3294/3080 3304/3295/3081
f 3306/3297/3083 3304/3295/3081 3307/3298/3084
f 3307/3298/3084 3304/3295/3081 3308/3299/3085
f 3307/3298/3084 3308/3299/3085 3309/3300/2498
f 3304/3295/3081 3305/3296/3082 3310/3301/2499
f 3304/3295/3081 3310/3301/2499 3308/3299/3085
f 3308/3299/3085 3310/3301/2499 3311/3302/3086
f 3308/3299/3085 3311/3302/3086 3309/3300/2498
f 3314/3303/2501 3313/3305/2503 3312/3304/2502
f 3314/3303/2501 3315/3306/2504 3313/3305/2503
f 3316/3307/3087 3313/3305/2503 3315/3306/2504
f 3316/3307/3087 3317/3308/2506 3313/3305/2503
f 3317/3308/2506 3318/3310/2508 3319/3309/2507
f 3313/3305/2503 3317/3308/2506 3319/3309/2507
f 3312/3304/2502 3313/3305/2503 3320/3311/3088
f 3313/3305/2503 3321/3312/3089 3320/3311/3088
f 3313/3305/2503 3319/3309/2507 3321/3312/3089
f 3319/3309/2507 3318/3310/2508 3322/3313/2511
f 3319/3309/2507 3322/3313/2511 3321/3312/3089
f 3325/3314/2512 3327/3316/3091 3326/3315/3090
f 3325/3314/2512 3326/3315/3090 3328/3317/3092
f 3324/3318/2516 3325/3314/2512 3328/3317/3092
f 3324/3318/2516 3328/3317/3092 3329/3319/3093
f 3324/3318/2516 3329/3319/3093 3330/3320/3094
f 3324/3318/2516 3330/3320/3094 3323/3321/3095
f 3323/3321/3095 3331/3323/3097 3332/3322/3096
f 3323/3321/3095 3330/3320/3094 3331/3323/3097
f 3328/3317/3092 3326/3315/3090 3333/3324/3098
f 3326/3315/3090 3334/3325/3099 3333/3324/3098
f 3328/3317/3092 3333/3324/3098 3335/3326/3100
f 3328/3317/3092 3335/3326/3100 3336/3327/3101
f 3329/3319/3093 3328/3317/3092 3336/3327/3101
f 3329/3319/3093 3336/3327/3101 3337/3328/3102
f 3329/3319/3093 3337/3328/3102 3338/3329/3103
f 3329/3319/3093 3338/3329/3103 3330/3320/3094
f 3330/3320/3094 3338/3329/3103 3339/3330/3104
f 3330/3320/3094 3339/3330/3104 3340/3331/3105
f 3330/3320/3094 3340/3331/3105 3331/3323/3097
f 3337/3328/3102 3341/3332/3106 3338/3329/3103
f 3337/3328/3102 3342/3333/3107 3341/3332/3106
f 3345/3334/3108 3346/3336/2534 3343/3335/3109
f 3346/3336/2534 3347/3337/3110 3343/3335/3109
f 3346/3336/2534 3348/3338/3111 3347/3337/3110
f 3343/3335/3109 3347/3337/3110 3349/3339/2537
f 3343/3335/3109 3349/3339/2537 3344/3340/3112
f 3347/3337/3110 3350/3341/3113 3349/3339/2537
f 3347/3337/3110 3348/3338/3111 3350/3341/3113
f 3351/3342/3114 3353/3344/3115 3352/3343/2541
f 3355/3345/2543 3352/3343/2541 3354/3346/2544
f 3355/3345/2543 3351/3342/3114 3352/3343/2541
f 3356/3347/2545 3358/3349/3116 3357/3348/2546
f 3354/3346/2544 3358/3349/3116 3356/3347/2545
f 3354/3346/2544 3352/3343/2541 3358/3349/3116
f 3352/3343/2541 3359/3350/3117 3358/3349/3116
f 3352/3343/2541 3353/3344/3115 3359/3350/3117
f 3358/3349/3116 3360/3351/2549 3357/3348/2546
f 3358/3349/3116 3359/3350/3117 3360/3351/2549
f 3361/3352/3118 3363/3354/3120 3362/3353/3119
f 3361/3352/3118 3364/3355/3121 3363/3354/3120
f 3361/3352/3118 3365/3356/3122 3364/3355/3121
f 3361/3352/3118 3366/3357/3123 3365/3356/3122
f 3366/3357/3123 3367/3358/3124 3365/3356/3122
f 3366/3357/3123 3368/3359/3125 3367/3358/3124
f 3362/3353/3119 3363/3354/3120 3369/3360/3126
f 3362/3353/3119 3369/3360/3126 3370/3361/3127
f 3370/3361/3127 3372/3363/3129 3371/3362/3128
f 3369/3360/3126 3372/3363/3129 3370/3361/3127
f 3369/3360/3126 3374/3365/3131 3373/3364/3130
f 3363/3354/3120 3374/3365/3131 3369/3360/3126
f 3363/3354/3120 3375/3366/3132 3374/3365/3131
f 3363/3354/3120 3364/3355/3121 3375/3366/3132
f 3364/3355/3121 3376/3367/3133 3375/3366/3132
f 3364/3355/3121 3365/3356/3122 3376/3367/3133
f 3365/3356/3122 3377/3368/3134 3376/3367/3133
f 3376/3367/3133 3378/3369/3135 3375/3366/3132
f 3375/3366/3132 3379/3370/3136 3374/3365/3131
f 3375/3366/3132 3380/3372/3138 3381/3371/3137
f 3375/3366/3132 3378/3369/3135 3380/3372/3138
f 3369/3360/3126 3373/3364/3130 3372/3363/3129
f 3382/3373/3139 3384/3375/3141 3383/3374/3140
f 3383/3374/3140 3384/3375/3141 3385/3376/3142
f 3383/3374/3140 3385/3376/3142 3386/3377/2575
f 3383/3374/3140 3386/3377/2575 3387/3378/3143
f 3388/3379/3144 3390/3381/2579 3389/3380/3145
f 3391/3382/3146 3390/3381/2579 3388/3379/3144
f 3391/3382/3146 3392/3383/3147 3390/3381/2579
f 3392/3383/3147 3393/3384/3148 3390/3381/2579
f 3394/3385/3149 3393/3384/3148 3392/3383/3147
f 3395/3386/2584 3396/3387/3150 3393/3384/3148
f 3396/3387/3150 3398/3389/3151 3397/3388/2586
f 3396/3387/3150 3397/3388/2586 3399/3390/2588
f 3393/3384/3148 3396/3387/3150 3399/3390/2588
f 3393/3384/3148 3399/3390/2588 3390/3381/2579
f 3390/3381/2579 3400/3391/3152 3389/3380/3145
f 3389/3380/3145 3400/3391/3152 3401/3392/3153
f 3389/3380/3145 3401/3392/3153 3402/3393/3154
f 3400/3391/3152 3403/3394/3155 3401/3392/3153
f 3390/3381/2579 3399/3390/2588 3400/3391/3152
f 3399/3390/2588 3397/3388/2586 3400/3391/3152
f 3400/3391/3152 3397/3388/2586 3404/3395/2593
f 3400/3391/3152 3404/3395/2593 3403/3394/3155
f 3405/3396/3156 3407/3398/3158 3406/3397/3157
f 3407/3398/3158 3408/3399/3159 3406/3397/3157
f 3407/3398/3158 3409/3400/3160 3408/3399/3159
f 3409/3400/3160 3410/3402/3162 3411/3401/3161
f 3408/3399/3159 3409/3400/3160 3411/3401/3161
f 3405/3396/3156 3406/3397/3157 3412/3403/3163
f 3405/3396/3156 3412/3403/3163 3413/3404/3164
f 3405/3396/3156 3413/3404/3164 3414/3405/3165
f 3412/3403/3163 3417/3407/3167 3416/3406/3166
f 3406/3397/3157 3417/3407/3167 3412/3403/3163
f 3406/3397/3157 3418/3408/3168 3417/3407/3167
f 3406/3397/3157 3408/3399/3159 3418/3408/3168
f 3408/3399/3159 3419/3409/3169 3418/3408/3168
f 3408/3399/3159 3420/3410/3170 3419/3409/3169
f 3408/3399/3159 3411/3401/3161 3420/3410/3170
f 3418/3408/3168 3419/3409/3169 3421/3411/3171
f 3417/3407/3167 3418/3408/3168 3422/3412/3172
f 3412/3403/3163 3416/3406/3166 3413/3404/3164
f 3413/3404/3164 3416/3406/3166 3415/3413/3173
f 3416/3406/3166 3423/3414/3174 3415/3413/3173
f 3417/3407/3167 3424/3415/3175 3416/3406/3166
f 3417/3407/3167 3425/3416/3176 3424/3415/3175
f 3417/3407/3167 3426/3417/3177 3425/3416/3176
f 3417/3407/3167 3422/3412/3172 3426/3417/3177
f 3427/3418/3178 3429/3420/3180 3428/3419/3179
f 3429/3420/3180 3430/3421/3181 3428/3419/3179
f 3429/3420/3180 3431/3422/3182 3430/3421/3181
f 3429/3420/3180 3432/3423/3183 3431/3422/3182
f 3433/3424/3184 3435/3426/3186 3434/3425/3185
f 3433/3424/3184 3436/3427/3187 3435/3426/3186
f 3434/3425/3185 3435/3426/3186 3437/3428/3188
f 3434/3425/3185 3437/3428/3188 3438/3429/3189
f 3434/3425/3185 3438/3429/3189 3439/3430/3190
f 3440/3431/3191 3434/3425/3185 3439/3430/3190
f 3440/3431/3191 3439/3430/3190 3441/3432/3192
f 3441/3432/3192 3439/3430/3190 3442/3433/3193
f 3441/3432/3192 3442/3433/3193 3443/3434/3194
f 3441/3432/3192 3443/3434/3194 3444/3435/3195
f 3435/3426/3186 3445/3436/3196 3437/3428/3188
f 3435/3426/3186 3446/3437/3197 3445/3436/3196
f 3439/3430/3190 3438/3429/3189 3442/3433/3193
f 3442/3433/3193 3438/3429/3189 3443/3434/3194
f 3438/3429/3189 3437/3428/3188 3447/3438/3198
f 3438/3429/3189 3447/3438/3198 3443/3434/3194
f 3448/3439/3199 3450/3441/3201 3449/3440/3200
f 3448/3439/3199 3451/3442/3202 3450/3441/3201
f 3448/3439/3199 3452/3443/3203 3451/3442/3202
f 3452/3443/3203 3453/3445/3205 3454/3444/3204
f 3452/3443/3203 3454/3444/3204 3455/3446/3206
f 3451/3442/3202 3452/3443/3203 3455/3446/3206
f 3456/3447/3207 3449/3440/3200 3457/3448/3208
f 3449/3440/3200 3458/3449/3209 3457/3448/3208
f 3449/3440/3200 3450/3441/3201 3458/3449/3209
f 3450/3441/3201 3451/3442/3202 3459/3450/3210
f 3451/3442/3202 3460/3451/3211 3459/3450/3210
f 3451/3442/3202 3455/3446/3206 3460/3451/3211
f 3455/3446/3206 3461/3452/3212 3460/3451/3211
f 3460/3451/3211 3462/3454/3214 3463/3453/3213
f 3459/3450/3210 3460/3451/3211 3463/3453/3213
f 3459/3450/3210 3464/3455/3215 3450/3441/3201
f 3450/3441/3201 3464/3455/3215 3465/3456/3216
f 3450/3441/3201 3465/3456/3216 3458/3449/3209
f 3459/3450/3210 3466/3457/3217 3464/3455/3215
f 3459/3450/3210 3467/3458/3218 3466/3457/3217
f 3459/3450/3210 3468/3459/3219 3467/3458/3218
f 3459/3450/3210 3463/3453/3213 3468/3459/3219
f 3469/3460/3220 3471/3462/3222 3470/3461/3221
f 3471/3462/3222 3472/3463/3223 3470/3461/3221
f 3471/3462/3222 3473/3464/3224 3472/3463/3223
f 3471/3462/3222 3474/3465/3225 3473/3464/3224
f 3471/3462/3222 3475/3466/3226 3474/3465/3225
f 3469/3460/3220 3470/3461/3221 3476/3467/3227
f 3469/3460/3220 3476/3467/3227 3477/3468/3228
f 3469/3460/3220 3477/3468/3228 3478/3469/3229
f 3478/3469/3229 3477/3468/3228 3479/3470/3230
f 3478/3469/3229 3479/3470/3230 3480/3471/3231
f 3476/3467/3227 3482/3473/3233 3481/3472/3232
f 3470/3461/3221 3482/3473/3233 3476/3467/3227
f 3470/3461/3221 3472/3463/3223 3482/3473/3233
f 3472/3463/3223 3483/3474/3234 3482/3473/3233
f 3472/3463/3223 3484/3475/3235 3483/3474/3234
f 3472/3463/3223 3473/3464/3224 3484/3475/3235
f 3482/3473/3233 3483/3474/3234 3485/3476/3236
f 3482/3473/3233 3485/3476/3236 3486/3477/3237
f 3482/3473/3233 3487/3478/3238 3481/3472/3232
f 3481/3472/3232 3487/3478/3238 3488/3479/3239
f 3476/3467/3227 3481/3472/3232 3477/3468/3228
f 3477/3468/3228 3481/3472/3232 3489/3480/3240
f 3487/3478/3238 3491/3482/3242 3490/3481/3241
f 3482/3473/3233 3491/3482/3242 3487/3478/3238
f 3482/3473/3233 3492/3483/3243 3491/3482/3242
f 3482/3473/3233 3486/3477/3237 3492/3483/3243
f 3495/3484/3244 3494/3486/3246 3493/3485/3245
f 3495/3484/3244 3496/3487/3247 3494/3486/3246
f 3497/3488/3248 3496/3487/3247 3495/3484/3244
f 3497/3488/3248 3498/3489/3249 3496/3487/3247
f 3499/3490/3250 3498/3489/3249 3497/3488/3248
f 3499/3490/3250 3500/3491/3251 3498/3489/3249
f 3501/3492/3252 3500/3491/3251 3499/3490/3250
f 3501/3492/3252 3502/3493/3253 3500/3491/3251
f 3503/3494/3254 3502/3493/3253 3501/3492/3252
f 3503/3494/3254 3504/3495/3255 3502/3493/3253
f 3505/3496/3256 3504/3495/3255 3503/3494/3254
f 3505/3496/3256 3506/3497/3257 3504/3495/3255
f 3507/3498/3258 3506/3497/3257 3505/3496/3256
f 3507/3498/3258 3508/3499/3259 3506/3497/3257
f 3509/3500/3260 3508/3499/3259 3507/3498/3258
f 3509/3500/3260 3510/3501/3261 3508/3499/3259
f 3511/3502/3262 3510/3501/3261 3509/3500/3260
f 3511/3502/3262 3512/3503/3263 3510/3501/3261
f 3513/3504/3264 3512/3503/3263 3511/3502/3262
f 3513/3504/3264 3514/3505/3265 3512/3503/3263
f 3515/3506/3266 3514/3505/3265 3513/3504/3264
f 3515/3506/3266 3516/3507/3267 3514/3505/3265
f 3517/3508/3268 3516/3507/3267 3515/3506/3266
f 3517/3508/3268 3518/3509/3269 3516/3507/3267
f 3519/3510/3270 3518/3509/3269 3517/3508/3268
f 3519/3510/3270 3520/3511/3271 3518/3509/3269
f 3521/3512/3272 3520/3511/3271 3519/3510/3270
f 3521/3512/3272 3522/3513/3273 3520/3511/3271
f 3523/3514/3274 3522/3513/3273 3521/3512/3272
f 3523/3514/3274 3524/3515/3275 3522/3513/3273
f 3493/3485/3245 3524/3515/3275 3523/3514/3274
f 3493/3485/3245 3494/3486/3246 3524/3515/3275
f 3525/3516/3276 3527/3518/3278 3526/3517/3277
f 3525/3516/3276 3528/3519/3279 3527/3518/3278
f 3529/3520/3280 3528/3519/3279 3525/3516/3276
f 3526/3517/3277 3527/3518/3278 3530/3521/3281
f 3526/3517/3277 3530/3521/3281 3531/3522/3282
f 3531/3522/3282 3530/3521/3281 3532/3523/3283
f 3531/3522/3282 3532/3523/3283 3533/3524/3284
f 3533/3524/3284 3532/3523/3283 3534/3525/3285
f 3535/3526/3286 3537/3528/3288 3536/3527/3287
f 3538/3529/3289 3537/3528/3288 3535/3526/3286
f 3535/3526/3286 3536/3527/3287 3539/3530/3290
f 3539/3530/3290 3536/3527/3287 3540/3531/3291
f 3539/3530/3290 3540/3531/3291 3541/3532/3292
f 3541/3532/3292 3540/3531/3291 3542/3533/3293
f 3541/3532/3292 3542/3533/3293 3543/3534/3294
f 3543/3534/3294 3542/3533/3293 3544/3535/3295
f 3545/3536/3296 3547/3538/3298 3546/3537/3297
f 3545/3536/3296 3548/3539/3299 3547/3538/3298
f 3549/3540/3300 3548/3539/3299 3545/3536/3296
f 3549/3540/3300 3550/3541/3301 3548/3539/3299
f 3551/3542/3302 3550/3541/3301 3549/3540/3300
f 3546/3537/3297 3547/3538/3298 3552/3543/3303
f 3546/3537/3297 3552/3543/3303 3553/3544/3304
f 3553/3544/3304 3552/3543/3303 3554/3545/3305
f 3555/3546/3306 3557/3548/3308 3556/3547/3307
f 3555/3546/3306 3558/3549/3309 3557/3548/3308
f 3559/3550/3310 3558/3549/3309 3555/3546/3306
f 3559/3550/3310 3560/3551/3311 3558/3549/3309
f 3561/3552/3312 3560/3551/3311 3559/3550/3310
f 3561/3552/3312 3562/3553/3313 3560/3551/3311
f 3563/3554/3314 3562/3553/3313 3561/3552/3312
f 3556/3547/3307 3557/3548/3308 3564/3555/3315
f 3565/3556/3316 3567/3558/3317 3566/3557/3317
f 3565/3556/3316 3568/3559/3318 3567/3558/3317
f 3569/3560/3319 3568/3559/3318 3565/3556/3316
f 3569/3560/3319 3570/3561/3320 3568/3559/3318
f 3573/3562/3321 3572/3564/3323 3571/3563/3322
f 3573/3562/3321 3574/3565/3324 3572/3564/3323
f 3575/3566/3325 3576/3568/3327 3577/3567/3326
f 3575/3566/3325 3577/3567/3326 3578/3569/3328
f 3578/3569/3328 3577/3567/3326 3579/3570/3329
f 3578/3569/3328 3579/3570/3329 3580/3571/3330
f 3580/3571/3330 3579/3570/3329 3581/3572/3331
f 3580/3571/3330 3581/3572/3331 3582/3573/3331
f 3583/3574/3332 3585/3576/3334 3584/3575/3333
f 3583/3574/3332 3586/3577/3335 3585/3576/3334
f 3587/3578/3336 3586/3577/3335 3583/3574/3332
f 3587/3578/3336 3588/3579/3337 3586/3577/3335
f 3591/3580/3338 3590/3582/3340 3589/3581/3339
f 3591/3580/3338 3592/3583/3341 3590/3582/3340
f 3593/3584/3342 3595/3586/3344 3594/3585/3343
f 3593/3584/3342 3596/3587/3345 3595/3586/3344
f 3594/3585/3343 3595/3586/3344 3597/3588/3346
f 3594/3585/3343 3597/3588/3346 3598/3589/3347
f 3599/3590/3348 3601/3592/3350 3600/3591/3349
f 3599/3590/3348 3602/3593/3351 3601/3592/3350
f 3603/3594/3352 3602/3593/3351 3599/3590/3348
f 3603/3594/3352 3604/3595/3353 3602/3593/3351
f 3600/3591/3349 3601/3592/3350 3605/3596/3354
f 3600/3591/3349 3605/3596/3354 3606/3597/3354
f 3607/3598/3355 3609/3600/3357 3608/3599/3356
f 3607/3598/3355 3610/3601/3358 3609/3600/3357
f 3608/3599/3356 3609/3600/3357 3611/3602/3359
f 3608/3599/3356 3611/3602/3359 3612/3603/3360
f 3613/3604/3361 3615/3606/3363 3614/3605/3362
f 3616/3607/3364 3615/3606/3363 3613/3604/3361
f 3616/3607/3364 3617/3608/3365 3615/3606/3363
f 3618/3609/3366 3617/3608/3365 3616/3607/3364
f 3618/3609/3366 3619/3610/3367 3617/3608/3365
f 3620/3611/3368 3619/3610/3367 3618/3609/3366
f 3620/3611/3368 3621/3612/3369 3619/3610/3367
f 3622/3613/3370 3621/3612/3369 3620/3611/3368
f 3623/3614/3371 3625/3616/3373 3624/3615/3372
f 3624/3615/3372 3625/3616/3373 3626/3617/3374
f 3624/3615/3372 3626/3617/3374 3627/3618/3375
f 3627/3618/3375 3626/3617/3374 3628/3619/3376
f 3627/3618/3375 3628/3619/3376 3629/3620/3377
f 3629/3620/3377 3628/3619/3376 3630/3621/3378
f 3629/3620/3377 3630/3621/3378 3631/3622/3379
f 3631/3622/3379 3630/3621/3378 3632/3623/3380
f 3633/3624/3381 3635/3626/3383 3634/3625/3382
f 3636/3627/3384 3635/3626/3383 3633/3624/3381
f 3633/3624/3381 3634/3625/3382 3637/3628/3385
f 3637/3628/3385 3634/3625/3382 3638/3629/3386
f 3637/3628/3385 3638/3629/3386 3639/3630/3387
f 3639/3630/3387 3638/3629/3386 3640/3631/3388
f 3639/3630/3387 3640/3631/3388 3641/3632/3389
f 3641/3632/3389 3640/3631/3388 3642/3633/3390
f 3643/3634/3391 3645/3636/3393 3644/3635/3392
f 3646/3637/3394 3645/3636/3393 3643/3634/3391
f 3646/3637/3394 3647/3638/3395 3645/3636/3393
f 3648/3639/3396 3647/3638/3395 3646/3637/3394
f 3643/3634/3391 3644/3635/3392 3649/3640/3397
f 3649/3640/3397 3644/3635/3392 3650/3641/3398
f 3649/3640/3397 3650/3641/3398 3651/3642/3399
f 3651/3642/3399 3650/3641/3398 3652/3643/3400
f 3653/3644/3401 3655/3646/3403 3654/3645/3402
f 3656/3647/3404 3658/3649/3406 3657/3648/3405
f 3656/3647/3404 3659/3650/3407 3658/3649/3406
f 3656/3647/3404 3657/3648/3405 3660/3651/3408
f 3653/3644/3401 3656/3647/3404 3660/3651/3408
f 3653/3644/3401 3660/3651/3408 3655/3646/3403
f 3654/3645/3402 3655/3646/3403 3661/3652/3409
f 3654/3645/3402 3661/3652/3409 3662/3653/3410
f 3662/3653/3410 3661/3652/3409 3663/3654/3411
f 3661/3652/3409 3665/3656/3413 3664/3655/3412
f 3655/3646/3403 3665/3656/3413 3661/3652/3409
f 3655/3646/3403 3660/3651/3408 3665/3656/3413
f 3660/3651/3408 3657/3648/3405 3666/3657/3414
f 3657/3648/3405 3667/3658/3415 3666/3657/3414
f 3657/3648/3405 3658/3649/3406 3667/3658/3415
f 3660/3651/3408 3666/3657/3414 3668/3659/3416
f 3660/3651/3408 3668/3659/3416 3669/3660/3417
f 3660/3651/3408 3669/3660/3417 3665/3656/3413
f 3665/3656/3413 3670/3661/3418 3664/3655/3412
f 3665/3656/3413 3671/3662/3419 3670/3661/3418
f 3665/3656/3413 3672/3663/3420 3671/3662/3419
f 3665/3656/3413 3673/3664/3421 3672/3663/3420
f 3665/3656/3413 3669/3660/3417 3673/3664/3421
f 3661/3652/3409 3664/3655/3412 3674/3665/3422
f 3661/3652/3409 3674/3665/3422 3663/3654/3411
f 3677/3666/3423 3675/3668/3425 3676/3667/3424
f 3677/3666/3423 3676/3667/3424 3678/3669/3426
f 3678/3669/3426 3676/3667/3424 3679/3670/3427
f 3678/3669/3426 3679/3670/3427 3680/3671/3428
f 3681/3672/3429 3678/3669/3426 3680/3671/3428
f 3682/3673/3430 3683/3675/3432 3684/3674/3431
f 3682/3673/3430 3685/3676/3433 3683/3675/3432
f 3680/3671/3428 3685/3676/3433 3682/3673/3430
f 3680/3671/3428 3679/3670/3427 3685/3676/3433
f 3679/3670/3427 3676/3667/3424 3686/3677/3434
f 3676/3667/3424 3687/3678/3435 3686/3677/3434
f 3687/3678/3435 3688/3680/3437 3689/3679/3436
f 3687/3678/3435 3689/3679/3436 3686/3677/3434
f 3679/3670/3427 3686/3677/3434 3685/3676/3433
f 3685/3676/3433 3686/3677/3434 3683/3675/3432
f 3686/3677/3434 3689/3679/3436 3690/3681/3438
f 3686/3677/3434 3690/3681/3438 3683/3675/3432
f 3691/3682/3439 3693/3684/3441 3692/3683/3440
f 3694/3685/3442 3691/3682/3439 3692/3683/3440
f 3695/3686/3443 3694/3685/3442 3692/3683/3440
f 3696/3687/3442 3695/3686/3443 3692/3683/3440
f 3697/3688/3444 3696/3687/3442 3692/3683/3440
f 3698/3689/3442 3697/3688/3444 3692/3683/3440
f 3699/3690/3445 3698/3689/3442 3692/3683/3440
f 3700/3691/3446 3699/3690/3445 3692/3683/3440
f 3700/3691/3446 3692/3683/3440 3701/3692/3447
f 3700/3691/3446 3701/3692/3447 3702/3693/3448
f 3702/3693/3448 3701/3692/3447 3703/3694/3449
f 3703/3694/3449 3701/3692/3447 3704/3695/3450
f 3704/3695/3450 3701/3692/3447 3705/3696/3451
f 3705/3696/3451 3701/3692/3447 3706/3697/3452
f 3706/3697/3452 3701/3692/3447 3707/3698/3453
f 3707/3698/3453 3701/3692/3447 3708/3699/3454
f 3708/3699/3454 3701/3692/3447 3709/3700/3455
f 3710/3701/3456 3709/3700/3455 3701/3692/3447
f 3710/3701/3456 3711/3702/3457 3709/3700/3455
f 3712/3703/3458 3710/3701/3456 3701/3692/3447
f 3713/3704/3458 3712/3703/3458 3701/3692/3447
f 3714/3705/3459 3713/3704/3458 3701/3692/3447
f 3715/3706/3460 3714/3705/3459 3701/3692/3447
f 3716/3707/3461 3715/3706/3460 3701/3692/3447
f 3717/3708/3462 3716/3707/3461 3701/3692/3447
f 3718/3709/3463 3717/3708/3462 3701/3692/3447
f 3718/3709/3463 3701/3692/3447 3719/3710/3464
f 3718/3709/3463 3719/3710/3464 3720/3711/3465
f 3720/3711/3465 3719/3710/3464 3721/3712/3466
f 3721/3712/3466 3719/3710/3464 3722/3713/3467
f 3722/3713/3467 3719/3710/3464 3723/3714/3468
f 3723/3714/3468 3719/3710/3464 3724/453/3469
f 3724/453/3469 3719/3710/3464 3725/3715/3470
f 3725/3715/3470 3719/3710/3464 3726/3716/3471
f 3726/3716/3471 3719/3710/3464 3727/3717/2889
f 3726/3716/3471 3727/3717/2889 3728/3718/3472
f 3719/3710/3464 3730/3720/3474 3729/3719/3473
f 3701/3692/3447 3730/3720/3474 3719/3710/3464
f 3701/3692/3447 3731/3721/3475 3730/3720/3474
f 3692/3683/3440 3731/3721/3475 3701/3692/3447
f 3732/3722/3476 3733/3723/3477 3692/3683/3440
f 3732/3722/3476 3734/3724/3478 3733/3723/3477
f 3734/3724/3478 3735/3725/3479 3733/3723/3477
f 3735/3725/3479 3736/3726/3480 3733/3723/3477
f 3736/3726/3480 3737/3727/3481 3733/3723/3477
f 3737/3727/3481 3738/3728/3482 3733/3723/3477
f 3738/3728/3482 3739/3729/3483 3733/3723/3477
f 3739/3729/3483 3740/3730/3484 3733/3723/3477
f 3740/3730/3484 3741/3731/3485 3733/3723/3477
f 3742/3732/3486 3733/3723/3477 3741/3731/3485
f 3742/3732/3486 3741/3731/3485 3743/3733/3487
f 3744/3734/3488 3733/3723/3477 3742/3732/3486
f 3745/3735/3489 3733/3723/3477 3744/3734/3488
f 3746/3736/3490 3733/3723/3477 3745/3735/3489
f 3747/3737/3491 3733/3723/3477 3746/3736/3490
f 3748/3738/3492 3733/3723/3477 3747/3737/3491
f 3749/3739/3493 3733/3723/3477 3748/3738/3492
f 3750/3740/3494 3733/3723/3477 3749/3739/3493
f 3750/3740/3494 3751/3741/3495 3733/3723/3477
f 3750/3740/3494 3752/3742/3496 3751/3741/3495
f 3750/3740/3494 3753/3743/3497 3752/3742/3496
f 3753/3743/3497 3754/3744/3498 3752/3742/3496
f 3754/3744/3498 3755/3745/3499 3752/3742/3496
f 3755/3745/3499 3756/3746/3500 3752/3742/3496
f 3756/3746/3500 3757/3747/3501 3752/3742/3496
f 3757/3747/3501 3758/3748/3502 3752/3742/3496
f 3758/3748/3502 3759/3749/3503 3752/3742/3496
f 3759/3749/3503 3760/3750/3504 3752/3742/3496
f 3759/3749/3503 3761/3751/3505 3760/3750/3504
f 3751/3741/3495 3762/3752/3506 3733/3723/3477
f 3733/3723/3477 3762/3752/3506 3763/3753/3507
f 3733/3723/3477 3763/3753/3507 3692/3683/3440
f 3692/3683/3440 3763/3753/3507 3731/3721/3475
f 3765/3754/3508 3766/3756/3510 3764/3755/3509
f 3766/3756/3510 3767/3757/3511 3764/3755/3509
f 3766/3756/3510 3768/3758/3512 3767/3757/3511
f 3767/3757/3511 3768/3758/3512 3769/3759/3513
f 3770/3760/3514 3772/3762/3516 3771/3761/3515
f 3772/3762/3516 3773/3763/3517 3771/3761/3515
f 3772/3762/3516 3774/3764/3518 3773/3763/3517
f 3772/3762/3516 3775/3765/3519 3774/3764/3518
f 3772/3762/3516 3776/3766/3520 3775/3765/3519
f 3773/3763/3517 3774/3764/3518 3777/3767/3521
f 3770/3760/3514 3771/3761/3515 3778/3768/3522
f 3780/3769/3523 3782/3771/3525 3781/3770/3524
f 3779/3772/3526 3782/3771/3525 3780/3769/3523
f 3779/3772/3526 3778/3768/3522 3782/3771/3525
f 3770/3760/3514 3778/3768/3522 3779/3772/3526
f 3771/3761/3515 3784/3773/3527 3778/3768/3522
f 3771/3761/3515 3773/3763/3517 3784/3773/3527
f 3773/3763/3517 3777/3767/3521 3784/3773/3527
f 3777/3767/3521 3785/3775/3529 3786/3774/3528
f 3784/3773/3527 3777/3767/3521 3786/3774/3528
f 3778/3768/3522 3784/3773/3527 3787/3776/3530
f 3778/3768/3522 3787/3776/3530 3788/3777/3531
f 3778/3768/3522 3788/3777/3531 3783/3778/3532
f 3778/3768/3522 3783/3778/3532 3782/3771/3525
f 3782/3771/3525 3783/3778/3532 3789/3779/3533
f 3784/3773/3527 3790/3780/3534 3787/3776/3530
f 3784/3773/3527 3791/3781/3535 3790/3780/3534
f 3784/3773/3527 3792/3782/3536 3791/3781/3535
f 3784/3773/3527 3786/3774/3528 3792/3782/3536
f 3793/3783/3537 3795/3785/3539 3794/3784/3538
f 3793/3783/3537 3796/3786/3540 3795/3785/3539
f 3796/3786/3540 3797/3787/3541 3795/3785/3539
f 3796/3786/3540 3798/3788/3542 3797/3787/3541
f 3799/3789/3543 3798/3788/3542 3796/3786/3540
f 3800/3790/3544 3801/3791/3545 3798/3788/3542
f 3801/3791/3545 3803/3793/3547 3802/3792/3546
f 3801/3791/3545 3802/3792/3546 3804/3794/3548
f 3798/3788/3542 3801/3791/3545 3804/3794/3548
f 3798/3788/3542 3804/3794/3548 3797/3787/3541
f 3795/3785/3539 3806/3796/3550 3805/3795/3549
f 3795/3785/3539 3807/3797/3551 3806/3796/3550
f 3797/3787/3541 3807/3797/3551 3795/3785/3539
f 3797/3787/3541 3804/3794/3548 3807/3797/3551
f 3804/3794/3548 3802/3792/3546 3807/3797/3551
f 3807/3797/3551 3802/3792/3546 3808/3798/3552
f 3807/3797/3551 3808/3798/3552 3806/3796/3550
s 0
f 3809/3799/3444 3811/3801/3444 3810/3800/3444
s 1
f 3809/3799/3553 3812/3802/3555 3811/3801/3554
f 3813/3803/3556 3812/3802/3555 3809/3799/3553
f 3814/3804/3557 3812/3802/3555 3813/3803/3556
f 3815/3805/3558 3812/3802/3555 3814/3804/3557
f 3816/3806/3559 3812/3802/3555 3815/3805/3558
f 3817/3807/3560 3812/3802/3555 3816/3806/3559
f 3818/3808/3561 3812/3802/3555 3817/3807/3560
f 3819/3809/3562 3812/3802/3555 3818/3808/3561
f 3819/3809/3562 3820/3810/3563 3812/3802/3555
f 3819/3809/3562 3821/3811/3564 3820/3810/3563
f 3821/3811/3564 3822/3812/3565 3820/3810/3563
f 3822/3812/3565 3823/3813/3566 3820/3810/3563
f 3823/3813/3566 3824/3814/3567 3820/3810/3563
f 3824/3814/3567 3825/3815/3568 3820/3810/3563
f 3825/3815/3568 3826/3816/3569 3820/3810/3563
f 3826/3816/3569 3827/3817/3570 3820/3810/3563
f 3827/3817/3570 3828/3818/3571 3820/3810/3563
f 3827/3817/3570 3829/3819/3572 3828/3818/3571
f 3830/3820/3573 3820/3810/3575 3831/3818/3574
s 0
f 3830/3820/3576 3831/3818/3576 3832/3821/3576
s 1
f 3833/3822/3577 3820/3810/3575 3830/3820/3573
f 3834/3823/3578 3820/3810/3575 3833/3822/3577
f 3835/3824/3579 3820/3810/3575 3834/3823/3578
f 3836/3825/3580 3820/3810/3575 3835/3824/3579
f 3837/3826/3581 3820/3810/3575 3836/3825/3580
f 3838/3827/3582 3820/3810/3575 3837/3826/3581
f 3839/3828/3583 3820/3810/3575 3838/3827/3582
f 3839/3828/3583 3840/3829/3584 3820/3810/3575
f 3839/3828/3583 3841/3830/3585 3840/3829/3584
f 3841/3830/3585 3842/3831/3586 3840/3829/3584
f 3842/3831/3586 3843/3832/3587 3840/3829/3584
f 3843/3832/3587 3844/3833/3588 3840/3829/3584
f 3844/3833/3588 3845/497/3589 3840/3829/3584
f 3845/497/3589 3846/3834/3590 3840/3829/3584
f 3846/3834/3590 3847/3835/3591 3840/3829/3584
f 3847/3835/3591 3848/3836/3592 3840/3829/3584
f 3847/3835/3591 3849/3837/3472 3848/3836/3592
f 3850/3838/3593 3851/3839/3595 3812/3802/3594
f 3851/3839/3595 3852/3840/3596 3812/3802/3594
f 3852/3840/3596 3853/3841/3597 3812/3802/3594
f 3853/3841/3597 3854/3842/3598 3812/3802/3594
f 3854/3842/3598 3855/3843/3599 3812/3802/3594
f 3855/3843/3599 3856/3844/3600 3812/3802/3594
f 3856/3844/3600 3857/3845/3601 3812/3802/3594
f 3857/3845/3601 3858/3801/3602 3812/3802/3594
f 3857/3845/3601 3859/3846/3603 3858/3801/3602
f 3850/3838/3593 3812/3802/3594 3860/3847/3604
f 3850/3838/3593 3860/3847/3604 3861/3848/3605
f 3861/3848/3605 3860/3847/3604 3862/3849/3606
f 3862/3849/3606 3860/3847/3604 3863/3850/3607
f 3863/3850/3607 3860/3847/3604 3864/3851/3608
f 3864/3851/3608 3860/3847/3604 3865/3852/3609
f 3865/3852/3609 3860/3847/3604 3866/3853/3610
f 3866/3853/3610 3860/3847/3604 3867/3854/3611
f 3867/3854/3611 3860/3847/3604 3868/3855/3612
s 0
f 3867/3854/3613 3868/3855/3614 3869/3856/3614
s 1
f 3870/3857/3615 3871/3855/3617 3860/3847/3616
f 3870/3857/3615 3872/3858/3618 3871/3855/3617
f 3873/3859/3619 3870/3857/3615 3860/3847/3616
f 3874/3860/3620 3873/3859/3619 3860/3847/3616
f 3875/3861/3621 3874/3860/3620 3860/3847/3616
f 3876/3862/3622 3875/3861/3621 3860/3847/3616
f 3877/3863/3623 3876/3862/3622 3860/3847/3616
f 3878/3864/3624 3877/3863/3623 3860/3847/3616
f 3879/3865/3625 3878/3864/3624 3860/3847/3616
f 3879/3865/3625 3860/3847/3616 3880/3866/3626
f 3879/3865/3625 3880/3866/3626 3881/3867/3627
f 3881/3867/3627 3880/3866/3626 3882/3868/3628
f 3882/3868/3628 3880/3866/3626 3883/3869/3629
f 3883/3869/3629 3880/3866/3626 3884/3870/3503
f 3884/3870/3503 3880/3866/3626 3885/3871/3628
f 3885/3871/3628 3880/3866/3626 3886/3872/3630
f 3886/3872/3630 3880/3866/3626 3887/3873/3505
f 3887/3873/3505 3880/3866/3626 3888/3874/3505
s 0
f 3887/3873/3505 3888/3874/3505 3889/3875/3505
s 1
f 3891/3876/3631 3890/3878/3633 3892/3877/3632
f 3892/3877/3632 3890/3878/3633 3893/3879/3634
f 3892/3877/3632 3893/3879/3634 3894/3880/3635
f 3893/3879/3634 3895/3881/3636 3894/3880/3635
f 3896/3882/3637 3898/3884/3639 3897/3883/3638
f 3896/3882/3637 3899/3885/3640 3898/3884/3639
f 3896/3882/3637 3900/3886/3641 3899/3885/3640
f 3900/3886/3641 3901/3887/3642 3899/3885/3640
f 3899/3885/3640 3901/3887/3642 3902/3888/3643
f 3897/3883/3638 3898/3884/3639 3903/3889/3644
f 3897/3883/3638 3903/3889/3644 3904/3890/3645
f 3897/3883/3638 3904/3890/3645 3905/3891/3646
f 3904/3890/3645 3906/3892/3647 3905/3891/3646
f 3898/3884/3639 3907/3893/3648 3903/3889/3644
f 3898/3884/3639 3899/3885/3640 3907/3893/3648
f 3899/3885/3640 3902/3888/3643 3908/3894/3649
f 3899/3885/3640 3908/3894/3649 3909/3895/3650
f 3907/3893/3648 3899/3885/3640 3909/3895/3650
f 3903/3889/3644 3907/3893/3648 3910/3896/3651
f 3903/3889/3644 3910/3896/3651 3911/3897/3652
f 3903/3889/3644 3911/3897/3652 3904/3890/3645
f 3904/3890/3645 3911/3897/3652 3912/3898/3653
f 3904/3890/3645 3912/3898/3653 3906/3892/3647
f 3907/3893/3648 3913/3899/3654 3910/3896/3651
f 3907/3893/3648 3914/3900/3655 3913/3899/3654
f 3907/3893/3648 3915/3901/3656 3914/3900/3655
f 3916/3902/3657 3918/3904/3659 3917/3903/3658
f 3919/3905/3660 3916/3902/3657 3917/3903/3658
f 3919/3905/3660 3917/3903/3658 3920/3906/3661
f 3920/3906/3661 3917/3903/3658 3921/3907/3662
f 3920/3906/3661 3921/3907/3662 3922/3908/3663
f 3921/3907/3662 3923/3909/3664 3922/3908/3663
f 3917/3903/3658 3918/3904/3659 3924/3910/3665
f 3918/3904/3659 3925/3911/3666 3924/3910/3665
f 3918/3904/3659 3926/3912/3667 3925/3911/3666
f 3917/3903/3658 3924/3910/3665 3921/3907/3662
f 3921/3907/3662 3924/3910/3665 3923/3909/3664
f 3927/3913/3668 3929/3915/3670 3928/3914/3669
f 3927/3913/3668 3930/3916/3671 3929/3915/3670
f 3931/3917/3672 3932/3918/3673 3927/3913/3668
f 3932/3918/3673 3933/3919/3674 3927/3913/3668
f 3932/3918/3673 3934/3920/3675 3933/3919/3674
f 3933/3919/3674 3934/3920/3675 3935/3921/3676
f 3927/3913/3668 3933/3919/3674 3930/3916/3671
f 3933/3919/3674 3935/3921/3676 3930/3916/3671
f 3936/3922/3677 3693/3684/3441 3937/3923/3678
f 3936/3922/3677 3692/3683/3440 3693/3684/3441
f 3938/3924/3679 3692/3683/3440 3936/3922/3677
f 3939/3925/3680 3692/3683/3440 3938/3924/3679
f 3940/3926/3681 3692/3683/3440 3939/3925/3680
f 3941/3927/3682 3692/3683/3440 3940/3926/3681
f 3942/3928/3683 3692/3683/3440 3941/3927/3682
f 3943/3929/3684 3692/3683/3440 3942/3928/3683
f 3732/3722/3476 3692/3683/3440 3943/3929/3684
f 3946/3930/3685 3948/3932/3687 3947/3931/3686
f 3946/3930/3685 3949/3933/3688 3948/3932/3687
f 3946/3930/3685 3947/3931/3686 3950/3934/3689
f 3945/3935/3690 3946/3930/3685 3950/3934/3689
f 3945/3935/3690 3950/3934/3689 3951/3936/3691
f 3945/3935/3690 3951/3936/3691 3952/3937/3692
f 3944/3938/3693 3945/3935/3690 3952/3937/3692
f 3944/3938/3693 3952/3937/3692 3953/3939/3694
f 3953/3939/3694 3952/3937/3692 3954/3940/3695
f 3950/3934/3689 3947/3931/3686 3955/3941/3696
f 3947/3931/3686 3956/3942/3697 3955/3941/3696
f 3947/3931/3686 3957/3943/3698 3956/3942/3697
f 3947/3931/3686 3948/3932/3687 3957/3943/3698
f 3955/3941/3696 3956/3942/3697 3958/3944/3699
f 3950/3934/3689 3955/3941/3696 3959/3945/3700
f 3950/3934/3689 3959/3945/3700 3960/3946/3701
f 3950/3934/3689 3960/3946/3701 3951/3936/3691
f 3951/3936/3691 3960/3946/3701 3961/3947/3702
f 3951/3936/3691 3961/3947/3702 3962/3948/3703
f 3952/3937/3692 3951/3936/3691 3962/3948/3703
f 3952/3937/3692 3962/3948/3703 3954/3940/3695
f 3963/3949/3704 3965/3951/3706 3964/3950/3705
f 3966/3952/3707 3965/3951/3706 3963/3949/3704
f 3966/3952/3707 3967/3953/3708 3965/3951/3706
f 3967/3953/3708 3968/3954/3709 3965/3951/3706
f 3965/3951/3706 3968/3954/3709 3969/3955/3710
f 3965/3951/3706 3969/3955/3710 3970/3956/3711
f 3965/3951/3706 3970/3956/3711 3964/3950/3705
f 3964/3950/3705 3970/3956/3711 3971/3957/3712
f 3964/3950/3705 3971/3957/3712 3972/3958/3713
f 3970/3956/3711 3969/3955/3710 3971/3957/3712
f 3973/3959/3714 3975/3961/3716 3974/3960/3715
f 3977/3962/3717 3974/3960/3715 3976/3963/3718
f 3977/3962/3717 3973/3959/3714 3974/3960/3715
f 3978/3964/3719 3980/3966/1340 3979/3965/1339
f 3978/3964/3719 3981/3967/3720 3980/3966/1340
f 3976/3963/3718 3981/3967/3720 3978/3964/3719
f 3976/3963/3718 3974/3960/3715 3981/3967/3720
f 3974/3960/3715 3982/3968/3721 3981/3967/3720
f 3974/3960/3715 3975/3961/3716 3982/3968/3721
f 3981/3967/3720 3982/3968/3721 3980/3966/1340
f 3983/3969/3722 3985/3971/3724 3984/3970/3723
f 3983/3969/3722 3986/3972/3725 3985/3971/3724
f 3983/3969/3722 3987/3973/3726 3986/3972/3725
f 3987/3973/3726 3988/3974/3727 3986/3972/3725
f 3988/3974/3727 3989/3976/3729 3990/3975/3728
f 3986/3972/3725 3988/3974/3727 3990/3975/3728
f 3985/3971/3724 3991/3977/3730 3984/3970/3723
f 3992/3978/3731 3994/3980/3733 3993/3979/3732
f 3992/3978/3731 3995/3981/3734 3994/3980/3733
f 3984/3970/3723 3995/3981/3734 3992/3978/3731
f 3984/3970/3723 3991/3977/3730 3995/3981/3734
f 3991/3977/3730 3996/3982/3735 3995/3981/3734
f 3985/3971/3724 3997/3983/3736 3991/3977/3730
f 3985/3971/3724 3986/3972/3725 3997/3983/3736
f 3986/3972/3725 3998/3984/3737 3997/3983/3736
f 3986/3972/3725 3990/3975/3728 3998/3984/3737
f 3997/3983/3736 3999/3985/3738 3991/3977/3730
f 3991/3977/3730 3999/3985/3738 4000/3986/1359
f 3991/3977/3730 4000/3986/1359 3996/3982/3735
f 3997/3983/3736 4001/3987/3739 3999/3985/3738
f 3997/3983/3736 4002/3988/3740 4001/3987/3739
f 3997/3983/3736 4003/3989/1362 4002/3988/3740
f 3997/3983/3736 4004/3990/3741 4003/3989/1362
f 3997/3983/3736 3998/3984/3737 4004/3990/3741
f 3995/3981/3734 3996/3982/3735 4005/3991/3742
f 4007/3992/3743 4006/3994/3745 4008/3993/3744
f 4008/3993/3744 4006/3994/3745 4009/3995/3746
f 4008/3993/3744 4009/3995/3746 4010/3996/3747
f 4009/3995/3746 4011/3997/3748 4010/3996/3747
f 4012/3998/3749 4014/4000/3750 4013/3999/1372
f 4014/4000/3750 4015/4001/3751 4013/3999/1372
f 4016/4002/3752 4015/4001/3751 4014/4000/3750
f 4016/4002/3752 4017/4003/3753 4015/4001/3751
f 4017/4003/3753 4018/4004/3754 4015/4001/3751
f 4015/4001/3751 4018/4004/3754 4019/4005/1378
f 4012/3998/3749 4013/3999/1372 4020/4006/3755
f 4020/4006/3755 4013/3999/1372 4021/4007/3756
f 4020/4006/3755 4021/4007/3756 4022/4008/3757
f 4015/4001/3751 4019/4005/1378 4013/3999/1372
f 4013/3999/1372 4019/4005/1378 4021/4007/3756
f 4021/4007/3756 4019/4005/1378 4023/4009/3758
f 4021/4007/3756 4023/4009/3758 4024/4010/3759
f 4021/4007/3756 4024/4010/3759 4022/4008/3757
f 4025/4011/3760 4027/4013/3762 4026/4012/3761
f 4028/4014/3763 4029/4016/3765 4030/4015/3764
f 4028/4014/3763 4030/4015/3764 4031/4017/3766
f 4027/4013/3762 4028/4014/3763 4031/4017/3766
f 4027/4013/3762 4031/4017/3766 4032/4018/3767
f 4026/4012/3761 4027/4013/3762 4032/4018/3767
f 4025/4011/3760 4026/4012/3761 4033/4019/3768
f 4025/4011/3760 4033/4019/3768 4034/4020/3769
f 4034/4020/3769 4033/4019/3768 4035/4021/3770
f 4026/4012/3761 4036/4022/3771 4033/4019/3768
f 4026/4012/3761 4037/4023/3772 4036/4022/3771
f 4026/4012/3761 4032/4018/3767 4037/4023/3772
f 4032/4018/3767 4031/4017/3766 4038/4024/1397
f 4031/4017/3766 4039/4025/3773 4038/4024/1397
f 4032/4018/3767 4038/4024/1397 4040/4026/3774
f 4032/4018/3767 4040/4026/3774 4041/4027/1400
f 4037/4023/3772 4032/4018/3767 4041/4027/1400
f 4037/4023/3772 4042/4028/3775 4036/4022/3771
f 4033/4019/3768 4036/4022/3771 4043/4029/3776
f 4033/4019/3768 4043/4029/3776 4035/4021/3770
f 4037/4023/3772 4044/4030/3777 4042/4028/3775
f 4037/4023/3772 4045/4031/3778 4044/4030/3777
f 4037/4023/3772 4046/4032/3779 4045/4031/3778
f 4037/4023/3772 4041/4027/1400 4046/4032/3779
f 4048/4033/3780 4049/4035/3782 4047/4034/3781
f 4049/4035/3782 4050/4036/3783 4047/4034/3781
f 4049/4035/3782 4051/4037/3784 4050/4036/3783
f 4050/4036/3783 4051/4037/3784 4052/4038/3785
f 4055/4039/1412 4053/4041/3787 4054/4040/3786
f 4055/4039/1412 4054/4040/3786 4056/4042/3788
f 4056/4042/3788 4054/4040/3786 4057/4043/1416
f 4056/4042/3788 4057/4043/1416 4058/4044/1417
f 4059/4045/1418 4056/4042/3788 4058/4044/1417
f 4060/4046/3789 4062/4048/3791 4061/4047/3790
f 4060/4046/3789 4063/4049/3792 4062/4048/3791
f 4058/4044/1417 4063/4049/3792 4060/4046/3789
f 4058/4044/1417 4057/4043/1416 4063/4049/3792
f 4057/4043/1416 4054/4040/3786 4064/4050/3793
f 4054/4040/3786 4065/4051/3794 4064/4050/3793
f 4054/4040/3786 4066/4052/3795 4065/4051/3794
f 4064/4050/3793 4065/4051/3794 4067/4053/3796
f 4057/4043/1416 4064/4050/3793 4063/4049/3792
f 4063/4049/3792 4064/4050/3793 4062/4048/3791
f 4064/4050/3793 4067/4053/3796 4068/4054/3797
f 4064/4050/3793 4068/4054/3797 4062/4048/3791
f 4069/4055/3798 4071/4057/3800 4070/4056/3799
f 4069/4055/3798 4073/4059/3802 4072/4058/3801
f 4073/4059/3802 4074/4060/3803 4072/4058/3801
f 4074/4060/3803 4075/4062/3804 4076/4061/1434
f 4072/4058/3801 4074/4060/3803 4076/4061/1434
f 4069/4055/3798 4072/4058/3801 4071/4057/3800
f 4070/4056/3799 4071/4057/3800 4077/4063/3805
f 4070/4056/3799 4077/4063/3805 4078/4064/3806
f 4070/4056/3799 4078/4064/3806 4079/4065/3807
f 4070/4056/3799 4079/4065/3807 4080/4066/3808
f 4071/4057/3800 4081/4067/3809 4077/4063/3805
f 4071/4057/3800 4082/4068/3810 4081/4067/3809
f 4071/4057/3800 4072/4058/3801 4082/4068/3810
f 4072/4058/3801 4076/4061/1434 4082/4068/3810
f 4076/4061/1434 4083/4070/3812 4084/4069/3811
f 4082/4068/3810 4076/4061/1434 4084/4069/3811
f 4082/4068/3810 4085/4071/3813 4081/4067/3809
f 4081/4067/3809 4085/4071/3813 4086/4072/3814
f 4082/4068/3810 4087/4073/3815 4085/4071/3813
f 4082/4068/3810 4088/4074/3816 4087/4073/3815
f 4082/4068/3810 4089/4075/3817 4088/4074/3816
f 4082/4068/3810 4090/4076/3818 4089/4075/3817
f 4082/4068/3810 4091/4077/3819 4090/4076/3818
f 4082/4068/3810 4084/4069/3811 4091/4077/3819
f 4089/4075/3817 4092/4078/3820 4088/4074/3816
f 4089/4075/3817 4093/4079/3821 4092/4078/3820
f 4077/4063/3805 4081/4067/3809 4094/4080/3822
f 4077/4063/3805 4094/4080/3822 4078/4064/3806
f 4095/4081/3823 4097/4083/3825 4096/4082/3824
f 4098/4084/3826 4095/4081/3823 4096/4082/3824
f 4099/4085/3827 4098/4084/3826 4096/4082/3824
f 4100/4086/3828 4099/4085/3827 4096/4082/3824
f 4101/4087/3829 4100/4086/3828 4096/4082/3824
f 4102/4088/3830 4101/4087/3829 4096/4082/3824
f 4103/4089/3829 4102/4088/3830 4096/4082/3824
f 4104/4090/3831 4103/4089/3829 4096/4082/3824
f 4104/4090/3831 4096/4082/3824 4105/4091/3832
f 4104/4090/3831 4105/4091/3832 4106/4092/3833
f 4106/4092/3833 4105/4091/3832 4107/4093/3834
f 4107/4093/3834 4105/4091/3832 4108/4094/3835
f 4108/4094/3835 4105/4091/3832 4109/4095/3836
f 4109/4095/3836 4105/4091/3832 4110/4096/3837
f 4110/4096/3837 4105/4091/3832 4111/4097/3838
f 4111/4097/3838 4105/4091/3832 4112/4098/3839
f 4112/4098/3839 4105/4091/3832 4113/4099/3840
f 4112/4098/3839 4113/4099/3840 4114/4100/3841
f 4105/4091/3832 4116/4102/3843 4115/4101/3842
f 4096/4082/3824 4116/4102/3843 4105/4091/3832
f 4117/4103/3844 4118/4104/3845 4096/4082/3824
f 4117/4103/3844 4119/4105/3846 4118/4104/3845
f 4119/4105/3846 4120/4106/3847 4118/4104/3845
f 4120/4106/3847 4121/4107/3848 4118/4104/3845
f 4121/4107/3848 4122/4108/3849 4118/4104/3845
f 4122/4108/3849 4123/4109/3850 4118/4104/3845
f 4123/4109/3850 4124/4110/3851 4118/4104/3845
f 4124/4110/3851 4125/4111/3852 4118/4104/3845
f 4125/4111/3852 4126/4112/3853 4118/4104/3845
f 4127/4113/3854 4118/4104/3845 4126/4112/3853
f 4127/4113/3854 4126/4112/3853 4128/4114/3855
f 4129/4115/3856 4118/4104/3845 4127/4113/3854
f 4130/4116/3857 4118/4104/3845 4129/4115/3856
f 4131/4117/3858 4118/4104/3845 4130/4116/3857
f 4132/4118/3859 4118/4104/3845 4131/4117/3858
f 4133/4119/3860 4118/4104/3845 4132/4118/3859
f 4134/4120/3861 4118/4104/3845 4133/4119/3860
f 4135/4121/3862 4118/4104/3845 4134/4120/3861
f 4135/4121/3862 4136/4122/3863 4118/4104/3845
f 4135/4121/3862 4137/4123/3864 4136/4122/3863
f 4137/4123/3864 4138/4124/3865 4136/4122/3863
f 4138/4124/3865 4139/4125/3866 4136/4122/3863
f 4139/4125/3866 4140/4126/3866 4136/4122/3863
f 4140/4126/3866 4141/4127/3867 4136/4122/3863
f 4141/4127/3867 4142/4128/3868 4136/4122/3863
f 4142/4128/3868 4143/4129/3869 4136/4122/3863
f 4143/4129/3869 4144/4130/3870 4136/4122/3863
f 4145/4131/3871 4136/4122/3863 4144/4130/3870
f 4145/4131/3871 4144/4130/3870 4146/4132/3872
f 4147/4133/3873 4136/4122/3863 4145/4131/3871
f 4148/4134/3874 4136/4122/3863 4147/4133/3873
f 4149/4135/3875 4136/4122/3863 4148/4134/3874
f 4150/4136/3876 4136/4122/3863 4149/4135/3875
f 4151/4137/3877 4136/4122/3863 4150/4136/3876
f 4152/4138/3878 4136/4122/3863 4151/4137/3877
f 4153/4139/3879 4136/4122/3863 4152/4138/3878
f 4153/4139/3879 4154/4140/3880 4136/4122/3863
f 4153/4139/3879 4155/4141/3881 4154/4140/3880
f 4155/4141/3881 4156/4142/3882 4154/4140/3880
f 4156/4142/3882 4157/4143/1557 4154/4140/3880
f 4157/4143/1557 4158/4144/3883 4154/4140/3880
f 4158/4144/3883 4159/4145/3884 4154/4140/3880
f 4159/4145/3884 4160/4146/1558 4154/4140/3880
f 4160/4146/1558 4161/4147/1562 4154/4140/3880
f 4161/4147/1562 4162/4148/3885 4154/4140/3880
f 4161/4147/1562 4163/4149/3886 4162/4148/3885
f 4154/4140/3880 4164/4150/3887 4136/4122/3863
f 4136/4122/3863 4164/4150/3887 4165/4151/3888
f 4136/4122/3863 4165/4151/3888 4118/4104/3845
f 4118/4104/3845 4165/4151/3888 4166/4152/3889
f 4118/4104/3845 4166/4152/3889 4096/4082/3824
f 4096/4082/3824 4166/4152/3889 4116/4102/3843
f 4167/4153/3890 4169/4155/3892 4168/4154/3891
f 4169/4155/3892 4170/4156/1457 4168/4154/3891
f 4171/4157/3893 4173/4159/3895 4172/4158/3894
f 4173/4159/3895 4174/4160/3896 4172/4158/3894
f 4173/4159/3895 4175/4161/3897 4174/4160/3896
f 4173/4159/3895 4176/4162/3898 4175/4161/3897
f 4173/4159/3895 4177/4163/3899 4176/4162/3898
f 4171/4157/3893 4172/4158/3894 4178/4164/3900
f 4179/4165/3901 4180/4167/3903 4181/4166/3902
f 4179/4165/3901 4181/4166/3902 4182/4168/3904
f 4179/4165/3901 4183/4169/3905 4180/4167/3903
f 4179/4165/3901 4178/4164/3900 4183/4169/3905
f 4171/4157/3893 4178/4164/3900 4179/4165/3901
f 4172/4158/3894 4184/4170/3906 4178/4164/3900
f 4172/4158/3894 4185/4171/3907 4184/4170/3906
f 4172/4158/3894 4174/4160/3896 4185/4171/3907
f 4174/4160/3896 4186/4172/3908 4185/4171/3907
f 4174/4160/3896 4175/4161/3897 4186/4172/3908
f 4185/4171/3907 4187/4174/3910 4188/4173/3909
f 4184/4170/3906 4185/4171/3907 4188/4173/3909
f 4184/4170/3906 4189/4175/3911 4178/4164/3900
f 4178/4164/3900 4189/4175/3911 4190/4176/3912
f 4178/4164/3900 4190/4176/3912 4191/4177/3913
f 4178/4164/3900 4191/4177/3913 4183/4169/3905
f 4184/4170/3906 4192/4178/3914 4189/4175/3911
f 4184/4170/3906 4193/4179/3915 4192/4178/3914
f 4184/4170/3906 4194/4180/3916 4193/4179/3915
f 4184/4170/3906 4188/4173/3909 4194/4180/3916
s 0
f 4195/4181/3917 4197/4183/3917 4196/4182/3917
s 1
f 4195/4181/3918 4198/4184/3920 4197/4183/3919
f 4199/4185/1485 4198/4184/3920 4195/4181/3918
f 4200/4186/3921 4198/4184/3920 4199/4185/1485
f 4201/4187/3922 4198/4184/3920 4200/4186/3921
f 4202/4188/3923 4198/4184/3920 4201/4187/3922
f 4203/4189/3924 4198/4184/3920 4202/4188/3923
f 4204/4190/3925 4198/4184/3920 4203/4189/3924
f 4205/4191/1491 4198/4184/3920 4204/4190/3925
f 4205/4191/1491 4206/4192/3926 4198/4184/3920
f 4205/4191/1491 4207/4193/3927 4206/4192/3926
f 4207/4193/3927 4208/4194/3928 4206/4192/3926
f 4208/4194/3928 4209/4195/3929 4206/4192/3926
f 4209/4195/3929 4210/4196/3930 4206/4192/3926
f 4210/4196/3930 4211/4197/3931 4206/4192/3926
f 4211/4197/3931 4212/4198/3932 4206/4192/3926
f 4212/4198/3932 4213/4199/3933 4206/4192/3926
f 4213/4199/3933 4214/4200/1500 4206/4192/3926
f 4213/4199/3933 4215/4201/3934 4214/4200/1500
f 4216/4202/3935 4217/4203/3936 4198/4184/1503
f 4217/4203/3936 4218/4204/3937 4198/4184/1503
f 4218/4204/3937 4219/4205/3938 4198/4184/1503
f 4219/4205/3938 4220/4206/3939 4198/4184/1503
f 4220/4206/3939 4221/4207/3940 4198/4184/1503
f 4221/4207/3940 4222/4208/3941 4198/4184/1503
f 4222/4208/3941 4223/4209/3942 4198/4184/1503
f 4223/4209/3942 4224/4183/3943 4198/4184/1503
f 4223/4209/3942 4225/4210/3944 4224/4183/3943
f 4216/4202/3935 4198/4184/1503 4226/4211/3945
f 4216/4202/3935 4226/4211/3945 4227/4212/3946
f 4227/4212/3946 4226/4211/3945 4228/4213/3947
f 4228/4213/3947 4226/4211/3945 4229/4214/3948
f 4229/4214/3948 4226/4211/3945 4230/4215/3949
f 4230/4215/3949 4226/4211/3945 4231/4216/3950
f 4231/4216/3950 4226/4211/3945 4232/4217/3951
f 4232/4217/3951 4226/4211/3945 4233/4218/3952
f 4233/4218/3952 4226/4211/3945 4234/4219/3953
s 0
f 4233/4218/3954 4234/4219/3954 4235/4220/3954
s 1
f 4236/4221/3955 4237/4219/3956 4226/4211/1524
f 4236/4221/3955 4238/4222/3957 4237/4219/3956
f 4239/4223/3958 4236/4221/3955 4226/4211/1524
f 4240/4224/3959 4239/4223/3958 4226/4211/1524
f 4241/4225/3960 4240/4224/3959 4226/4211/1524
f 4242/4226/3961 4241/4225/3960 4226/4211/1524
f 4243/4227/3962 4242/4226/3961 4226/4211/1524
f 4244/4228/3963 4243/4227/3962 4226/4211/1524
f 4245/4229/1533 4244/4228/3963 4226/4211/1524
f 4245/4229/1533 4226/4211/1524 4246/4230/1534
f 4245/4229/1533 4246/4230/1534 4247/4231/3964
f 4247/4231/3964 4246/4230/1534 4248/4232/3965
f 4248/4232/3965 4246/4230/1534 4249/4233/3966
f 4249/4233/3966 4246/4230/1534 4250/4234/1538
f 4250/4234/1538 4246/4230/1534 4251/4235/3967
f 4251/4235/3967 4246/4230/1534 4252/4236/3968
f 4252/4236/3968 4246/4230/1534 4253/4237/3969
f 4253/4237/3969 4246/4230/1534 4254/4238/1542
s 0
f 4253/4237/3867 4254/4238/3867 4255/4239/3867
s 1
f 4256/4240/3970 4257/4238/3972 4246/4230/3971
f 4256/4240/3970 4258/4241/3973 4257/4238/3972
f 4259/4242/3974 4256/4240/3970 4246/4230/3971
f 4260/4243/3975 4259/4242/3974 4246/4230/3971
f 4261/4244/3976 4260/4243/3975 4246/4230/3971
f 4262/4245/3977 4261/4244/3976 4246/4230/3971
f 4263/4246/3978 4262/4245/3977 4246/4230/3971
f 4264/4247/3979 4263/4246/3978 4246/4230/3971
f 4265/4248/1554 4264/4247/3979 4246/4230/3971
f 4265/4248/1554 4246/4230/3971 4266/4249/3980
f 4265/4248/1554 4266/4249/3980 4267/4250/3981
f 4267/4250/3981 4266/4249/3980 4268/4251/3982
f 4268/4251/3982 4266/4249/3980 4269/4252/1557
f 4269/4252/1557 4266/4249/3980 4270/4253/1558
f 4270/4253/1558 4266/4249/3980 4271/4254/1557
f 4271/4254/1557 4266/4249/3980 4272/4255/3983
f 4272/4255/3983 4266/4249/3980 4273/4256/1561
f 4273/4256/1561 4266/4249/3980 4274/4257/3984
s 0
f 4273/4256/3886 4274/4257/3886 4275/4258/3886
s 1
f 4276/4259/3985 4278/4261/3987 4277/4260/3986
f 4276/4259/3985 4279/4262/3988 4278/4261/3987
f 4279/4262/3988 4280/4263/3989 4278/4261/3987
f 4279/4262/3988 4281/4264/3990 4280/4263/3989
f 4279/4262/3988 4282/4265/3991 4281/4264/3990
f 4276/4259/3985 4277/4260/3986 4283/4266/3992
f 4276/4259/3985 4283/4266/3992 4284/4267/3993
f 4284/4267/3993 4283/4266/3992 4285/4268/3994
f 4284/4267/3993 4285/4268/3994 4286/4269/3995
f 4283/4266/3992 4287/4270/3996 4285/4268/3994
f 4283/4266/3992 4288/4271/3997 4287/4270/3996
f 4277/4260/3986 4288/4271/3997 4283/4266/3992
f 4277/4260/3986 4278/4261/3987 4288/4271/3997
f 4278/4261/3987 4289/4272/3998 4288/4271/3997
f 4278/4261/3987 4280/4263/3989 4289/4272/3998
f 4280/4263/3989 4290/4273/3999 4289/4272/3998
f 4280/4263/3989 4291/4274/4000 4290/4273/3999
f 4280/4263/3989 4281/4264/3990 4291/4274/4000
f 4289/4272/3998 4290/4273/3999 4292/4275/4001
f 4288/4271/3997 4289/4272/3998 4293/4276/4002
f 4288/4271/3997 4294/4277/4003 4287/4270/3996
f 4288/4271/3997 4295/4278/4004 4294/4277/4003
f 4288/4271/3997 4296/4279/4005 4295/4278/4004
f 4288/4271/3997 4297/4280/4006 4296/4279/4005
f 4288/4271/3997 4293/4276/4002 4297/4280/4006
f 4298/4281/4007 4300/4283/4009 4299/4282/4008
f 4298/4281/4007 4301/4284/4010 4300/4283/4009
f 4301/4284/4010 4302/4285/4011 4300/4283/4009
f 4303/4286/4012 4299/4282/4008 4304/4287/4013
f 4304/4287/4013 4306/4289/4015 4305/4288/4014
f 4304/4287/4013 4307/4290/4016 4306/4289/4015
f 4299/4282/4008 4307/4290/4016 4304/4287/4013
f 4299/4282/4008 4300/4283/4009 4307/4290/4016
f 4300/4283/4009 4308/4291/4017 4307/4290/4016
f 4300/4283/4009 4302/4285/4011 4308/4291/4017
f 4302/4285/4011 4309/4292/4018 4308/4291/4017
f 4302/4285/4011 4310/4293/4019 4309/4292/4018
f 4307/4290/4016 4308/4291/4017 4306/4289/4015
f 4308/4291/4017 4311/4294/4020 4306/4289/4015
f 4308/4291/4017 4309/4292/4018 4311/4294/4020
f 4313/4295/4021 4314/4297/4023 4312/4296/4022
f 4314/4297/4023 4315/4299/1603 4316/4298/1602
f 4314/4297/4023 4316/4298/1602 4317/4300/4024
f 4314/4297/4023 4317/4300/4024 4318/4301/4025
f 4312/4296/4022 4314/4297/4023 4318/4301/4025
f 4318/4301/4025 4317/4300/4024 4319/4302/4026
f 4318/4301/4025 4319/4302/4026 4320/4303/4027
f 4321/4304/4028 4097/4083/3825 4322/4305/4029
f 4321/4304/4028 4096/4082/3824 4097/4083/3825
f 4323/4306/4030 4096/4082/3824 4321/4304/4028
f 4324/4307/4031 4096/4082/3824 4323/4306/4030
f 4325/4308/4032 4096/4082/3824 4324/4307/4031
f 4326/4309/4033 4096/4082/3824 4325/4308/4032
f 4327/4310/4034 4096/4082/3824 4326/4309/4033
f 4328/4311/4035 4096/4082/3824 4327/4310/4034
f 4117/4103/3844 4096/4082/3824 4328/4311/4035
f 4329/4312/4036 4331/4314/4038 4330/4313/4037
f 4329/4312/4036 4332/4315/4039 4331/4314/4038
f 4332/4315/4039 4333/4316/4040 4331/4314/4038
f 4329/4312/4036 4330/4313/4037 4334/4317/4041
f 4329/4312/4036 4334/4317/4041 4335/4318/4042
f 4335/4318/4042 4334/4317/4041 4336/4319/4043
f 4336/4319/4043 4338/4321/4045 4337/4320/4044
f 4336/4319/4043 4339/4322/4046 4338/4321/4045
f 4334/4317/4041 4339/4322/4046 4336/4319/4043
f 4334/4317/4041 4341/4324/4048 4340/4323/4047
f 4330/4313/4037 4341/4324/4048 4334/4317/4041
f 4330/4313/4037 4342/4325/4049 4341/4324/4048
f 4330/4313/4037 4331/4314/4038 4342/4325/4049
f 4331/4314/4038 4343/4326/4050 4342/4325/4049
f 4331/4314/4038 4333/4316/4040 4343/4326/4050
f 4342/4325/4049 4343/4326/4050 4344/4327/4051
f 4341/4324/4048 4345/4328/4052 4340/4323/4047
f 4334/4317/4041 4340/4323/4047 4339/4322/4046
f 4339/4322/4046 4340/4323/4047 4346/4329/4053
f 4341/4324/4048 4342/4325/4049 4347/4330/4054
f 4341/4324/4048 4347/4330/4054 4348/4331/4055
f 4342/4325/4049 4349/4332/4056 4347/4330/4054
f 4342/4325/4049 4344/4327/4051 4349/4332/4056
f 4350/4333/4057 4352/4335/4059 4351/4334/4058
f 4350/4333/4057 4353/4336/4060 4352/4335/4059
f 4353/4336/4060 4354/4337/4061 4352/4335/4059
f 4353/4336/4060 4355/4338/4062 4354/4337/4061
f 4356/4339/4063 4355/4338/4062 4353/4336/4060
f 4356/4339/4063 4357/4340/4064 4355/4338/4062
f 4357/4340/4064 4358/4341/4065 4355/4338/4062
f 4358/4341/4065 4359/4343/4067 4360/4342/4066
f 4358/4341/4065 4360/4342/4066 4361/4344/4068
f 4355/4338/4062 4358/4341/4065 4361/4344/4068
f 4352/4335/4059 4363/4346/4070 4362/4345/4069
f 4352/4335/4059 4364/4347/4071 4363/4346/4070
f 4354/4337/4061 4364/4347/4071 4352/4335/4059
f 4354/4337/4061 4361/4344/4068 4364/4347/4071
f 4355/4338/4062 4361/4344/4068 4354/4337/4061
f 4361/4344/4068 4360/4342/4066 4364/4347/4071
f 4364/4347/4071 4365/4348/4072 4363/4346/4070
f 4364/4347/4071 4360/4342/4066 4365/4348/4072
f 4367/4349/4073 4366/4351/4075 4368/4350/4074
f 4368/4350/4074 4366/4351/4075 4369/4352/4076
f 4368/4350/4074 4369/4352/4076 4370/4353/4077
f 4369/4352/4076 4371/4354/1651 4370/4353/4077
f 4372/4355/4078 4374/4357/4080 4373/4356/4079
f 4372/4355/4078 4375/4358/4081 4374/4357/4080
f 4372/4355/4078 4376/4359/4082 4375/4358/4081
f 4372/4355/4078 4377/4360/4083 4376/4359/4082
f 4377/4360/4083 4378/4361/1658 4376/4359/4082
f 4373/4356/4079 4374/4357/4080 4379/4362/4084
f 4373/4356/4079 4379/4362/4084 4380/4363/4085
f 4373/4356/4079 4380/4363/4085 4381/4364/4086
f 4374/4357/4080 4382/4365/4087 4379/4362/4084
f 4374/4357/4080 4383/4366/4088 4382/4365/4087
f 4375/4358/4081 4383/4366/4088 4374/4357/4080
f 4375/4358/4081 4376/4359/4082 4383/4366/4088
f 4376/4359/4082 4384/4367/4089 4383/4366/4088
f 4376/4359/4082 4378/4361/1658 4384/4367/4089
f 4383/4366/4088 4384/4367/4089 4385/4368/4090
f 4382/4365/4087 4386/4369/4091 4380/4363/4085
f 4379/4362/4084 4382/4365/4087 4380/4363/4085
f 4380/4363/4085 4386/4369/4091 4387/4370/4092
f 4383/4366/4088 4388/4371/4093 4382/4365/4087
f 4383/4366/4088 4389/4372/4094 4388/4371/4093
f 4383/4366/4088 4390/4373/4095 4389/4372/4094
f 4383/4366/4088 4391/4374/4096 4390/4373/4095
f 4383/4366/4088 4385/4368/4090 4391/4374/4096
f 4392/4375/4097 4394/4377/4099 4393/4376/4098
f 4392/4375/4097 4395/4378/4100 4394/4377/4099
f 4396/4379/4101 4392/4375/4097 4397/4380/4102
f 4397/4380/4102 4392/4375/4097 4398/4381/4103
f 4397/4380/4102 4398/4381/4103 4399/4382/1678
f 4392/4375/4097 4393/4376/4098 4398/4381/4103
f 4398/4381/4103 4393/4376/4098 4400/4383/1679
f 4398/4381/4103 4400/4383/1679 4399/4382/1678
f 4403/4384/4104 4402/4386/1682 4401/4385/4105
f 4403/4384/4104 4404/4387/4106 4402/4386/1682
f 4405/4388/4107 4407/4390/1686 4406/4389/1685
f 4405/4388/4107 4406/4389/1685 4408/4391/1687
f 4404/4387/4106 4405/4388/4107 4408/4391/1687
f 4404/4387/4106 4408/4391/1687 4402/4386/1682
f 4401/4385/4105 4402/4386/1682 4409/4392/4108
f 4402/4386/1682 4410/4393/4109 4409/4392/4108
f 4402/4386/1682 4408/4391/1687 4410/4393/4109
f 4408/4391/1687 4406/4389/1685 4410/4393/4109
f 4410/4393/4109 4412/4395/1691 4411/4394/4110
f 4410/4393/4109 4406/4389/1685 4412/4395/1691
f 4413/4396/4111 4415/4398/4113 4414/4397/4112
f 4413/4396/4111 4416/4399/4114 4415/4398/4113
f 4416/4399/4114 4417/4400/4115 4415/4398/4113
f 4416/4399/4114 4418/4401/4116 4417/4400/4115
f 4413/4396/4111 4414/4397/4112 4420/4402/4117
f 4413/4396/4111 4420/4402/4117 4421/4403/4118
f 4421/4403/4118 4420/4402/4117 4422/4404/4119
f 4414/4397/4112 4423/4405/4120 4420/4402/4117
f 4414/4397/4112 4415/4398/4113 4423/4405/4120
f 4415/4398/4113 4424/4406/4121 4423/4405/4120
f 4415/4398/4113 4417/4400/4115 4424/4406/4121
f 4417/4400/4115 4419/4407/4122 4424/4406/4121
f 4424/4406/4121 4419/4407/4122 4425/4408/4123
f 4423/4405/4120 4426/4409/4124 4420/4402/4117
f 4420/4402/4117 4426/4409/4124 4427/4410/4125
f 4420/4402/4117 4427/4410/4125 4428/4411/4126
f 4420/4402/4117 4428/4411/4126 4422/4404/4119
f 4429/4412/4127 4431/4414/4129 4430/4413/4128
f 4432/4415/4130 4431/4414/4129 4429/4412/4127
f 4432/4415/4130 4433/4416/4131 4431/4414/4129
f 4433/4416/4131 4434/4417/4132 4431/4414/4129
f 4434/4417/4132 4435/4419/1716 4436/4418/4133
f 4431/4414/4129 4434/4417/4132 4436/4418/4133
f 4431/4414/4129 4436/4418/4133 4430/4413/4128
f 4436/4418/4133 4435/4419/1716 4437/4420/1717
f 4436/4418/4133 4437/4420/1717 4438/4421/4134
f 4430/4413/4128 4436/4418/4133 4438/4421/4134
f 4430/4413/4128 4438/4421/4134 4439/4422/4135
f 4440/4423/4136 4442/4425/4137 4441/4424/1721
f 4444/4426/4138 4441/4424/1721 4443/4427/4139
f 4444/4426/4138 4440/4423/4136 4441/4424/1721
f 4445/4428/4140 4446/4430/1727 4447/4429/1726
f 4445/4428/4140 4448/4431/1728 4446/4430/1727
f 4443/4427/4139 4448/4431/1728 4445/4428/4140
f 4443/4427/4139 4441/4424/1721 4448/4431/1728
f 4441/4424/1721 4449/4432/4141 4448/4431/1728
f 4441/4424/1721 4442/4425/4137 4449/4432/4141
f 4448/4431/1728 4449/4432/4141 4450/4433/4142
f 4448/4431/1728 4450/4433/4142 4446/4430/1727
f 4450/4433/4142 4451/4434/4143 4446/4430/1727
f 4450/4433/4142 4452/4435/4144 4451/4434/4143
f 4453/4436/4145 4455/4438/4147 4454/4437/4146
f 4453/4436/4145 4456/4439/4148 4455/4438/4147
f 4456/4439/4148 4457/4440/4149 4455/4438/4147
f 4456/4439/4148 4458/4441/4150 4457/4440/4149
f 4458/4441/4150 4459/4442/4151 4457/4440/4149
f 4453/4436/4145 4454/4437/4146 4460/4443/4152
f 4453/4436/4145 4460/4443/4152 4461/4444/4153
f 4461/4444/4153 4460/4443/4152 4462/4445/4154
f 4454/4437/4146 4463/4446/4155 4460/4443/4152
f 4454/4437/4146 4464/4447/4156 4463/4446/4155
f 4455/4438/4147 4464/4447/4156 4454/4437/4146
f 4455/4438/4147 4457/4440/4149 4464/4447/4156
f 4457/4440/4149 4465/4448/4157 4464/4447/4156
f 4457/4440/4149 4466/4449/4158 4465/4448/4157
f 4457/4440/4149 4459/4442/4151 4466/4449/4158
f 4464/4447/4156 4467/4450/4159 4463/4446/4155
f 4463/4446/4155 4468/4452/4161 4469/4451/4160
f 4460/4443/4152 4463/4446/4155 4469/4451/4160
f 4460/4443/4152 4469/4451/4160 4470/4453/4162
f 4460/4443/4152 4470/4453/4162 4462/4445/4154
f 4464/4447/4156 4471/4454/4163 4467/4450/4159
f 4464/4447/4156 4472/4455/4164 4471/4454/4163
f 4464/4447/4156 4473/4456/4165 4472/4455/4164
f 4464/4447/4156 4465/4448/4157 4473/4456/4165
f 4475/4457/4166 4474/4459/4168 4476/4458/4167
f 4476/4458/4167 4474/4459/4168 4477/4460/4169
f 4476/4458/4167 4477/4460/4169 4478/4461/4170
f 4477/4460/4169 4479/4462/4171 4478/4461/4170
f 4480/4463/4172 4482/4465/1773 4481/4464/4173
f 4483/4466/4174 4484/4467/1775 4480/4463/4172
f 4484/4467/1775 4485/4468/1776 4480/4463/4172
f 4484/4467/1775 4486/4469/4175 4485/4468/1776
f 4487/4470/4176 4486/4469/4175 4484/4467/1775
f 4488/4471/4177 4490/4473/4178 4489/4472/1780
f 4488/4471/4177 4489/4472/1780 4491/4474/1782
f 4486/4469/4175 4488/4471/4177 4491/4474/1782
f 4486/4469/4175 4491/4474/1782 4485/4468/1776
f 4485/4468/1776 4492/4475/4179 4480/4463/4172
f 4480/4463/4172 4493/4476/4180 4482/4465/1773
f 4480/4463/4172 4492/4475/4179 4493/4476/4180
f 4485/4468/1776 4491/4474/1782 4492/4475/4179
f 4491/4474/1782 4489/4472/1780 4492/4475/4179
f 4493/4476/4180 4495/4478/1786 4494/4477/4181
f 4492/4475/4179 4495/4478/1786 4493/4476/4180
f 4492/4475/4179 4489/4472/1780 4495/4478/1786
f 4496/4479/4182 4498/4481/4184 4497/4480/4183
f 4496/4479/4182 4499/4482/4185 4498/4481/4184
f 4499/4482/4185 4500/4484/4187 4501/4483/4186
f 4499/4482/4185 4501/4483/4186 4502/4485/4188
f 4498/4481/4184 4499/4482/4185 4502/4485/4188
f 4496/4479/4182 4497/4480/4183 4503/4486/4189
f 4503/4486/4189 4497/4480/4183 4504/4487/4190
f 4503/4486/4189 4504/4487/4190 4505/4488/4191
f 4503/4486/4189 4505/4488/4191 4506/4489/4192
f 4503/4486/4189 4506/4489/4192 4507/4490/4193
f 4497/4480/4183 4508/4491/4194 4504/4487/4190
f 4497/4480/4183 4509/4492/4195 4508/4491/4194
f 4497/4480/4183 4498/4481/4184 4509/4492/4195
f 4498/4481/4184 4510/4493/4196 4509/4492/4195
f 4498/4481/4184 4502/4485/4188 4510/4493/4196
f 4502/4485/4188 4511/4494/4197 4510/4493/4196
f 4509/4492/4195 4510/4493/4196 4512/4495/4198
f 4508/4491/4194 4513/4497/4200 4514/4496/4199
f 4504/4487/4190 4508/4491/4194 4514/4496/4199
f 4504/4487/4190 4514/4496/4199 4515/4498/4201
f 4504/4487/4190 4515/4498/4201 4505/4488/4191
f 4508/4491/4194 4516/4499/4202 4513/4497/4200
f 4508/4491/4194 4517/4500/4203 4516/4499/4202
f 4508/4491/4194 4518/4501/4204 4517/4500/4203
f 4508/4491/4194 4509/4492/4195 4518/4501/4204
f 4520/4502/4205 4521/4504/4207 4519/4503/4206
f 4521/4504/4207 4522/4505/4208 4519/4503/4206
f 4521/4504/4207 4523/4506/1814 4522/4505/4208
f 4522/4505/4208 4523/4506/1814 4524/4507/4209
f 4525/4508/4210 4527/4510/4212 4526/4509/4211
f 4528/4511/1831 4525/4508/4210 4529/4512/1832
f 4529/4512/1832 4525/4508/4210 4530/4513/4213
f 4531/4514/4214 4529/4512/1832 4530/4513/4213
f 4531/4514/4214 4530/4513/4213 4532/4515/4215
f 4533/4516/1836 4532/4515/4215 4530/4513/4213
f 4533/4516/1836 4530/4513/4213 4534/4517/4216
f 4534/4517/4216 4535/4519/4218 4536/4518/4217
f 4534/4517/4216 4537/4520/4219 4535/4519/4218
f 4530/4513/4213 4537/4520/4219 4534/4517/4216
f 4530/4513/4213 4525/4508/4210 4538/4521/4220
f 4525/4508/4210 4526/4509/4211 4539/4522/4221
f 4525/4508/4210 4539/4522/4221 4538/4521/4220
f 4530/4513/4213 4538/4521/4220 4537/4520/4219
f 4537/4520/4219 4538/4521/4220 4535/4519/4218
f 4538/4521/4220 4540/4523/4222 4535/4519/4218
f 4538/4521/4220 4539/4522/4221 4541/4524/4223
f 4538/4521/4220 4541/4524/4223 4540/4523/4222
f 4541/4524/4223 4542/4525/4224 4540/4523/4222
f 4544/4526/4225 4546/4528/4227 4545/4527/4226
f 4546/4528/4227 4547/4529/4228 4545/4527/4226
f 4546/4528/4227 4548/4530/4229 4547/4529/4228
f 4544/4526/4225 4545/4527/4226 4549/4531/4230
f 4543/4532/4231 4544/4526/4225 4549/4531/4230
f 4543/4532/4231 4549/4531/4230 4550/4533/4232
f 4543/4532/4231 4550/4533/4232 4551/4534/4233
f 4552/4535/4234 4554/4537/4236 4553/4536/4235
f 4551/4534/4233 4554/4537/4236 4552/4535/4234
f 4551/4534/4233 4550/4533/4232 4554/4537/4236
f 4549/4531/4230 4545/4527/4226 4555/4538/4237
f 4545/4527/4226 4556/4539/4238 4555/4538/4237
f 4545/4527/4226 4547/4529/4228 4556/4539/4238
f 4549/4531/4230 4555/4538/4237 4557/4540/4239
f 4549/4531/4230 4557/4540/4239 4558/4541/4240
f 4549/4531/4230 4558/4541/4240 4550/4533/4232
f 4550/4533/4232 4558/4541/4240 4559/4542/4241
f 4550/4533/4232 4559/4542/4241 4554/4537/4236
f 4554/4537/4236 4559/4542/4241 4560/4543/4242
f 4558/4541/4240 4561/4544/4243 4559/4542/4241
f 4558/4541/4240 4562/4545/4244 4561/4544/4243
f 4558/4541/4240 4563/4546/4245 4562/4545/4244
f 4564/4547/4246 4566/4549/4248 4565/4548/4247
f 4564/4547/4246 4565/4548/4247 4567/4550/4249
f 4568/4551/4250 4567/4550/4249 4569/4552/4251
f 4569/4552/4251 4567/4550/4249 4576/4553/4252
f 4570/4554/4253 4569/4552/4251 4576/4553/4252
f 4570/4554/4253 4576/4553/4252 4571/4555/4254
f 4571/4555/4254 4576/4553/4252 4572/4556/4255
f 4573/4557/1878 4571/4555/4254 4572/4556/4255
f 4573/4557/1878 4572/4556/4255 4574/4558/4256
f 4574/4558/4256 4572/4556/4255 4575/4559/4257
f 4576/4553/4252 4567/4550/4249 4577/4560/4258
f 4567/4550/4249 4565/4548/4247 4577/4560/4258
f 4565/4548/4247 4578/4561/4259 4577/4560/4258
f 4565/4548/4247 4579/4562/4260 4578/4561/4259
f 4565/4548/4247 4580/4563/4261 4579/4562/4260
f 4572/4556/4255 4576/4553/4252 4581/4564/4262
f 4572/4556/4255 4581/4564/4262 4575/4559/4257
f 4576/4553/4252 4577/4560/4258 4581/4564/4262
f 4577/4560/4258 4582/4565/4263 4581/4564/4262
f 4577/4560/4258 4578/4561/4259 4582/4565/4263
f 4583/4566/4264 4585/4568/4266 4584/4567/4265
f 4586/4569/4267 4583/4566/4264 4584/4567/4265
f 4587/4570/4268 4586/4569/4267 4584/4567/4265
f 4588/4571/4269 4587/4570/4268 4584/4567/4265
f 4589/4572/4270 4588/4571/4269 4584/4567/4265
f 4590/4573/4271 4589/4572/4270 4584/4567/4265
f 4591/4574/4272 4590/4573/4271 4584/4567/4265
f 4592/4575/4273 4591/4574/4272 4584/4567/4265
f 4592/4575/4273 4584/4567/4265 4593/4576/4274
f 4592/4575/4273 4593/4576/4274 4594/4577/4275
f 4594/4577/4275 4593/4576/4274 4595/4578/4276
f 4595/4578/4276 4593/4576/4274 4596/4579/4277
f 4596/4579/4277 4593/4576/4274 4597/4580/4278
f 4597/4580/4278 4593/4576/4274 4598/62/4279
f 4598/62/4279 4593/4576/4274 4599/63/4280
f 4599/63/4280 4593/4576/4274 4600/4581/4281
f 4600/4581/4281 4593/4576/4274 4601/4582/4282
f 4600/4581/4281 4601/4582/4282 4602/4583/1955
f 4593/4576/4274 4604/4585/4284 4603/4584/4283
f 4584/4567/4265 4604/4585/4284 4593/4576/4274
f 4605/4586/4285 4606/4587/4286 4584/4567/4265
f 4605/4586/4285 4607/4588/4287 4606/4587/4286
f 4607/4588/4287 4608/4589/4288 4606/4587/4286
f 4608/4589/4288 4609/4590/4289 4606/4587/4286
f 4609/4590/4289 4610/4591/4290 4606/4587/4286
f 4610/4591/4290 4611/4592/4291 4606/4587/4286
f 4611/4592/4291 4612/4593/4292 4606/4587/4286
f 4612/4593/4292 4613/4594/4293 4606/4587/4286
f 4613/4594/4293 4614/4595/4294 4606/4587/4286
f 4615/4596/4295 4606/4587/4286 4614/4595/4294
f 4615/4596/4295 4614/4595/4294 4616/4597/4296
f 4617/4598/4297 4606/4587/4286 4615/4596/4295
f 4618/4599/4298 4606/4587/4286 4617/4598/4297
f 4619/4600/4299 4606/4587/4286 4618/4599/4298
f 4620/4601/4300 4606/4587/4286 4619/4600/4299
f 4621/4602/4301 4606/4587/4286 4620/4601/4300
f 4622/4603/4302 4606/4587/4286 4621/4602/4301
f 4623/4604/4303 4606/4587/4286 4622/4603/4302
f 4623/4604/4303 4624/4605/4304 4606/4587/4286
f 4623/4604/4303 4625/4606/4305 4624/4605/4304
f 4625/4606/4305 4626/4607/4306 4624/4605/4304
f 4626/4607/4306 4627/4608/4307 4624/4605/4304
f 4627/4608/4307 4628/4609/4308 4624/4605/4304
f 4628/4609/4308 4629/4610/4309 4624/4605/4304
f 4629/4610/4309 4630/4611/4310 4624/4605/4304
f 4630/4611/4310 4631/4612/4311 4624/4605/4304
f 4631/4612/4311 4632/4613/4312 4624/4605/4304
f 4633/4614/4313 4624/4605/4304 4632/4613/4312
f 4633/4614/4313 4632/4613/4312 4634/4615/4314
f 4635/4616/4315 4624/4605/4304 4633/4614/4313
f 4636/4617/4316 4624/4605/4304 4635/4616/4315
f 4637/4618/4317 4624/4605/4304 4636/4617/4316
f 4638/4619/4318 4624/4605/4304 4637/4618/4317
f 4639/4620/4319 4624/4605/4304 4638/4619/4318
f 4640/4621/4320 4624/4605/4304 4639/4620/4319
f 4641/4622/4321 4624/4605/4304 4640/4621/4320
f 4641/4622/4321 4642/4623/4322 4624/4605/4304
f 4641/4622/4321 4643/4624/4323 4642/4623/4322
f 4643/4624/4323 4644/4625/4324 4642/4623/4322
f 4644/4625/4324 4645/4626/4325 4642/4623/4322
f 4645/4626/4325 4646/4627/4326 4642/4623/4322
f 4646/4627/4326 4647/4628/4327 4642/4623/4322
f 4647/4628/4327 4648/4629/4328 4642/4623/4322
f 4648/4629/4328 4649/4630/4329 4642/4623/4322
f 4649/4630/4329 4650/4631/2841 4642/4623/4322
f 4649/4630/4329 4651/4632/4329 4650/4631/2841
f 4642/4623/4322 4652/4633/4330 4624/4605/4304
f 4624/4605/4304 4652/4633/4330 4653/4634/4331
f 4624/4605/4304 4653/4634/4331 4606/4587/4286
f 4606/4587/4286 4653/4634/4331 4654/4635/4332
f 4606/4587/4286 4654/4635/4332 4584/4567/4265
f 4584/4567/4265 4654/4635/4332 4604/4585/4284
f 4655/4636/4333 4657/4638/4335 4656/4637/4334
f 4655/4636/4333 4658/4639/4336 4657/4638/4335
f 4659/4640/1891 4661/4642/4337 4660/4641/1892
f 4659/4640/1891 4662/4643/4338 4661/4642/4337
f 4662/4643/4338 4663/4644/4339 4661/4642/4337
f 4662/4643/4338 4664/4645/4340 4663/4644/4339
f 4659/4640/1891 4660/4641/1892 4665/4646/1897
f 4659/4640/1891 4665/4646/1897 4666/4647/4341
f 4666/4647/4341 4665/4646/1897 4667/4648/4342
f 4667/4648/4342 4669/4650/4344 4668/4649/4343
f 4667/4648/4342 4670/4651/4345 4669/4650/4344
f 4665/4646/1897 4670/4651/4345 4667/4648/4342
f 4665/4646/1897 4672/4653/4347 4671/4652/4346
f 4660/4641/1892 4672/4653/4347 4665/4646/1897
f 4660/4641/1892 4673/4654/1905 4672/4653/4347
f 4660/4641/1892 4661/4642/4337 4673/4654/1905
f 4661/4642/4337 4674/4655/4348 4673/4654/1905
f 4661/4642/4337 4675/4656/4349 4674/4655/4348
f 4661/4642/4337 4663/4644/4339 4675/4656/4349
f 4673/4654/1905 4674/4655/4348 4676/4657/1908
f 4671/4652/4346 4672/4653/4347 4677/4658/4350
f 4665/4646/1897 4671/4652/4346 4670/4651/4345
f 4670/4651/4345 4671/4652/4346 4678/4659/4351
f 4672/4653/4347 4680/4661/4353 4679/4660/4352
f 4672/4653/4347 4673/4654/1905 4680/4661/4353
f 4673/4654/1905 4681/4662/4354 4680/4661/4353
f 4682/4663/4355 4684/4665/4357 4683/4664/4356
f 4685/4666/4358 4684/4665/4357 4682/4663/4355
f 4685/4666/4358 4686/4667/4359 4684/4665/4357
f 4687/4668/4360 4688/4669/4361 4686/4667/4359
f 4688/4669/4361 4689/4670/4362 4686/4667/4359
f 4690/4671/4363 4689/4670/4362 4688/4669/4361
f 4690/4671/4363 4691/4672/4364 4689/4670/4362
f 4691/4672/4364 4692/4673/4365 4689/4670/4362
f 4693/4674/4366 4692/4673/4365 4691/4672/4364
f 4694/4675/4367 4695/4676/4368 4692/4673/4365
f 4695/4676/4368 4696/4678/1928 4697/4677/4369
f 4692/4673/4365 4695/4676/4368 4697/4677/4369
f 4692/4673/4365 4697/4677/4369 4689/4670/4362
f 4689/4670/4362 4698/4679/4370 4686/4667/4359
f 4686/4667/4359 4698/4679/4370 4684/4665/4357
f 4684/4665/4357 4699/4680/4371 4683/4664/4356
f 4684/4665/4357 4700/4681/4372 4699/4680/4371
f 4689/4670/4362 4697/4677/4369 4698/4679/4370
f 4697/4677/4369 4696/4678/1928 4701/4682/4373
f 4697/4677/4369 4701/4682/4373 4698/4679/4370
f 4684/4665/4357 4702/4683/4374 4700/4681/4372
f 4684/4665/4357 4701/4682/4373 4702/4683/4374
f 4698/4679/4370 4701/4682/4373 4684/4665/4357
s 0
f 4703/4684/1935 4705/4686/1935 4704/4685/1935
s 1
f 4703/4684/1936 4706/4687/1938 4705/4686/4375
f 4707/4688/1939 4706/4687/1938 4703/4684/1936
f 4708/4689/1940 4706/4687/1938 4707/4688/1939
f 4709/4690/1941 4706/4687/1938 4708/4689/1940
f 4710/4691/1942 4706/4687/1938 4709/4690/1941
f 4711/4692/1942 4706/4687/1938 4710/4691/1942
f 4712/4693/4376 4706/4687/1938 4711/4692/1942
f 4713/4694/1945 4706/4687/1938 4712/4693/4376
f 4713/4694/1945 4714/4695/4377 4706/4687/1938
f 4713/4694/1945 4715/4696/1947 4714/4695/4377
f 4715/4696/1947 4716/4697/4378 4714/4695/4377
f 4716/4697/4378 4717/4698/4379 4714/4695/4377
f 4717/4698/4379 4718/4699/4380 4714/4695/4377
f 4718/4699/4380 4719/87/4381 4714/4695/4377
f 4719/87/4381 4720/4700/4382 4714/4695/4377
f 4720/4700/4382 4721/4701/4383 4714/4695/4377
f 4721/4701/4383 4722/4702/1954 4714/4695/4377
f 4721/4701/4383 4723/4703/1955 4722/4702/1954
f 4724/4704/4384 4725/4705/4385 4706/4687/1957
f 4725/4705/4385 4726/4706/4386 4706/4687/1957
f 4726/4706/4386 4727/4707/4387 4706/4687/1957
f 4727/4707/4387 4728/4708/1961 4706/4687/1957
f 4728/4708/1961 4729/4709/1962 4706/4687/1957
f 4729/4709/1962 4730/4710/4388 4706/4687/1957
f 4730/4710/4388 4731/4711/4389 4706/4687/1957
f 4731/4711/4389 4732/4686/4390 4706/4687/1957
f 4731/4711/4389 4733/4712/1966 4732/4686/4390
f 4724/4704/4384 4706/4687/1957 4734/4713/1967
f 4724/4704/4384 4734/4713/1967 4735/4714/1968
f 4735/4714/1968 4734/4713/1967 4736/4715/4391
f 4736/4715/4391 4734/4713/1967 4737/4716/4392
f 4737/4716/4392 4734/4713/1967 4738/4717/4393
f 4738/4717/4393 4734/4713/1967 4739/4718/1972
f 4739/4718/1972 4734/4713/1967 4740/4719/1973
f 4740/4719/1973 4734/4713/1967 4741/4720/1974
f 4741/4720/1974 4734/4713/1967 4742/4721/1975
s 0
f 4741/4720/1976 4742/4721/1976 4743/4722/1976
s 1
f 4744/4723/4394 4745/4721/4396 4734/4713/4395
f 4744/4723/4394 4746/4724/1980 4745/4721/4396
f 4747/4725/4397 4744/4723/4394 4734/4713/4395
f 4748/4726/4398 4747/4725/4397 4734/4713/4395
f 4749/4727/4399 4748/4726/4398 4734/4713/4395
f 4750/4728/4400 4749/4727/4399 4734/4713/4395
f 4751/4729/4401 4750/4728/4400 4734/4713/4395
f 4752/4730/4402 4751/4729/4401 4734/4713/4395
f 4753/4731/4403 4752/4730/4402 4734/4713/4395
f 4753/4731/4403 4734/4713/4395 4754/4732/4404
f 4753/4731/4403 4754/4732/4404 4755/4733/4405
f 4755/4733/4405 4754/4732/4404 4756/4734/4406
f 4756/4734/4406 4754/4732/4404 4757/4735/4407
f 4757/4735/4407 4754/4732/4404 4758/4736/4408
f 4758/4736/4408 4754/4732/4404 4759/4737/4409
f 4759/4737/4409 4754/4732/4404 4760/4738/1994
f 4760/4738/1994 4754/4732/4404 4761/4739/4410
f 4761/4739/4410 4754/4732/4404 4762/4740/4411
s 0
f 4761/4739/4412 4762/4740/4412 4763/4741/4412
s 1
f 4764/4742/4413 4765/4740/4415 4754/4732/4414
f 4764/4742/4413 4766/4743/2001 4765/4740/4415
f 4767/4744/2002 4764/4742/4413 4754/4732/4414
f 4768/4745/4416 4767/4744/2002 4754/4732/4414
f 4769/4746/4417 4768/4745/4416 4754/4732/4414
f 4770/4747/4418 4769/4746/4417 4754/4732/4414
f 4771/4748/4419 4770/4747/4418 4754/4732/4414
f 4772/4749/4420 4771/4748/4419 4754/4732/4414
f 4773/4750/4421 4772/4749/4420 4754/4732/4414
f 4773/4750/4421 4754/4732/4414 4774/4751/4422
f 4773/4750/4421 4774/4751/4422 4775/4752/4423
f 4775/4752/4423 4774/4751/4422 4776/4753/4424
f 4776/4753/4424 4774/4751/4422 4777/4754/2012
f 4777/4754/2012 4774/4751/4422 4778/4755/2012
f 4778/4755/2012 4774/4751/4422 4779/4756/4425
f 4779/4756/4425 4774/4751/4422 4780/4757/2012
f 4780/4757/2012 4774/4751/4422 4781/4758/4426
f 4781/4758/4426 4774/4751/4422 4782/4759/2014
s 0
f 4781/4758/2016 4782/4759/2016 4783/4760/2016
s 1
f 4784/4761/2017 4785/4763/4428 4786/4762/4427
f 4784/4761/2017 4786/4762/4427 4787/4764/4429
f 4788/4765/4430 4790/4767/4432 4789/4766/4431
f 4788/4765/4430 4791/4768/4433 4790/4767/4432
f 4791/4768/4433 4792/4769/4434 4790/4767/4432
f 4789/4766/4431 4790/4767/4432 4793/4770/4435
f 4789/4766/4431 4793/4770/4435 4794/4771/4436
f 4789/4766/4431 4794/4771/4436 4795/4772/4437
f 4795/4772/4437 4794/4771/4436 4796/4773/4438
f 4796/4773/4438 4798/4775/4440 4797/4774/4439
f 4794/4771/4436 4798/4775/4440 4796/4773/4438
f 4794/4771/4436 4803/4776/4441 4798/4775/4440
f 4793/4770/4435 4803/4776/4441 4794/4771/4436
f 4793/4770/4435 4790/4767/4432 4799/4777/4442
f 4790/4767/4432 4800/4778/4443 4799/4777/4442
f 4790/4767/4432 4792/4769/4434 4800/4778/4443
f 4799/4777/4442 4801/4780/4445 4802/4779/4444
f 4793/4770/4435 4799/4777/4442 4802/4779/4444
f 4793/4770/4435 4802/4779/4444 4803/4776/4441
f 4803/4776/4441 4804/4781/4446 4798/4775/4440
f 4798/4775/4440 4804/4781/4446 4805/4782/4447
f 4803/4776/4441 4806/4783/4448 4804/4781/4446
f 4803/4776/4441 4807/4784/4449 4806/4783/4448
f 4803/4776/4441 4808/4785/4450 4807/4784/4449
f 4809/4786/2624 4811/4788/4451 4810/4787/2044
f 4809/4786/2624 4812/4789/2046 4811/4788/4451
f 4812/4789/2046 4813/4790/4452 4811/4788/4451
f 4810/4787/2044 4811/4788/4451 4814/4791/4453
f 4815/4792/4454 4810/4787/2044 4814/4791/4453
f 4815/4792/4454 4814/4791/4453 4816/4793/4455
f 4816/4793/4455 4814/4791/4453 4817/4794/4456
f 4816/4793/4455 4817/4794/4456 4818/4795/4457
f 4811/4788/4451 4813/4790/4452 4819/4796/4458
f 4814/4791/4453 4811/4788/4451 4817/4794/4456
f 4811/4788/4451 4820/4797/4459 4817/4794/4456
f 4811/4788/4451 4819/4796/4458 4820/4797/4459
f 4821/4798/4460 4823/4800/4462 4822/4799/4461
f 4824/4801/4463 4823/4800/4462 4821/4798/4460
f 4825/4802/4464 4826/4804/2061 4827/4803/4465
f 4823/4800/4462 4825/4802/4464 4827/4803/4465
f 4823/4800/4462 4827/4803/4465 4822/4799/4461
f 4827/4803/4465 4829/4806/4467 4828/4805/4466
f 4827/4803/4465 4826/4804/2061 4829/4806/4467
f 4830/4807/4468 4585/4568/4266 4831/4808/4469
f 4830/4807/4468 4584/4567/4265 4585/4568/4266
f 4832/4809/4470 4584/4567/4265 4830/4807/4468
f 4833/4810/4471 4584/4567/4265 4832/4809/4470
f 4834/4811/4472 4584/4567/4265 4833/4810/4471
f 4835/4812/4473 4584/4567/4265 4834/4811/4472
f 4836/4813/4474 4584/4567/4265 4835/4812/4473
f 4837/4814/4475 4584/4567/4265 4836/4813/4474
f 4605/4586/4285 4584/4567/4265 4837/4814/4475
f 4838/4815/4476 4840/4817/4478 4839/4816/4477
f 4838/4815/4476 4841/4818/4479 4840/4817/4478
f 4838/4815/4476 4842/4819/4480 4841/4818/4479
f 4839/4816/4477 4840/4817/4478 4843/4820/2069
f 4839/4816/4477 4844/4822/4482 4845/4821/4481
f 4845/4821/4481 4844/4822/4482 4846/4823/4483
f 4839/4816/4477 4843/4820/2069 4844/4822/4482
f 4843/4820/2069 4847/4824/4484 4844/4822/4482
f 4843/4820/2069 4840/4817/4478 4848/4825/2074
f 4840/4817/4478 4849/4826/4485 4848/4825/2074
f 4840/4817/4478 4841/4818/4479 4849/4826/4485
f 4848/4825/2074 4849/4826/4485 4850/4827/4486
f 4843/4820/2069 4848/4825/2074 4851/4828/4487
f 4843/4820/2069 4851/4828/4487 4852/4829/2078
f 4843/4820/2069 4852/4829/2078 4847/4824/4484
f 4847/4824/4484 4852/4829/2078 4853/4830/4488
f 4844/4822/4482 4847/4824/4484 4854/4831/4489
f 4844/4822/4482 4854/4831/4489 4846/4823/4483
f 4851/4828/4487 4848/4825/2074 4855/4832/2081
f 4851/4828/4487 4855/4832/2081 4856/4833/4490
f 4848/4825/2074 4857/4834/4491 4855/4832/2081
f 4848/4825/2074 4850/4827/4486 4857/4834/4491
f 4858/4835/4492 4860/4837/4494 4859/4836/4493
f 4858/4835/4492 4861/4838/4495 4860/4837/4494
f 4861/4838/4495 4862/4839/4496 4860/4837/4494
f 4861/4838/4495 4863/4840/4497 4862/4839/4496
f 4864/4841/4498 4863/4840/4497 4861/4838/4495
f 4864/4841/4498 4865/4842/4499 4863/4840/4497
f 4865/4842/4499 4866/4843/4500 4863/4840/4497
f 4865/4842/4499 4867/4844/4501 4866/4843/4500
f 4865/4842/4499 4868/4845/4502 4867/4844/4501
f 4862/4839/4496 4869/4846/4503 4860/4837/4494
f 4862/4839/4496 4870/4847/4504 4869/4846/4503
f 4863/4840/4497 4866/4843/4500 4862/4839/4496
f 4866/4843/4500 4867/4844/4501 4862/4839/4496
f 4862/4839/4496 4871/4848/4505 4870/4847/4504
f 4862/4839/4496 4867/4844/4501 4871/4848/4505
f 4873/4849/4506 4872/4851/4508 4874/4850/4507
f 4874/4850/4507 4872/4851/4508 4875/4852/2101
f 4874/4850/4507 4875/4852/2101 4876/4853/4509
f 4875/4852/2101 4877/4855/4511 4878/4854/4510
f 4875/4852/2101 4878/4854/4510 4876/4853/4509
f 4880/4856/4512 4882/4858/4514 4881/4857/4513
f 4881/4857/4513 4882/4858/4514 4883/4859/4515
f 4880/4856/4512 4881/4857/4513 4884/4860/4516
f 4880/4856/4512 4884/4860/4516 4879/4861/4517
f 4879/4861/4517 4884/4860/4516 4885/4862/4518
f 4886/4863/4519 4887/4865/4521 4888/4864/4520
f 4886/4863/4519 4885/4862/4518 4887/4865/4521
f 4879/4861/4517 4885/4862/4518 4886/4863/4519
f 4881/4857/4513 4883/4859/4515 4889/4866/4522
f 4881/4857/4513 4889/4866/4522 4890/4867/4523
f 4884/4860/4516 4881/4857/4513 4890/4867/4523
f 4884/4860/4516 4890/4867/4523 4891/4868/4524
f 4884/4860/4516 4891/4868/4524 4892/4869/4525
f 4884/4860/4516 4892/4869/4525 4885/4862/4518
f 4885/4862/4518 4892/4869/4525 4893/4870/4526
f 4885/4862/4518 4893/4870/4526 4894/4871/4527
f 4885/4862/4518 4894/4871/4527 4887/4865/4521
f 4887/4865/4521 4894/4871/4527 4895/4872/4528
f 4898/4873/4529 4896/4875/4531 4899/4874/4530
f 4899/4874/4530 4896/4875/4531 4900/4876/4532
f 4899/4874/4530 4900/4876/4532 4901/4877/4533
f 4896/4875/4531 4902/4878/4534 4900/4876/4532
f 4896/4875/4531 4897/4879/4535 4902/4878/4534
f 4900/4876/4532 4902/4878/4534 4903/4880/4536
f 4900/4876/4532 4903/4880/4536 4901/4877/4533
f 4906/4881/4537 4905/4883/4539 4904/4882/4538
f 4906/4881/4537 4907/4884/4540 4905/4883/4539
f 4908/4885/4541 4910/4887/4543 4909/4886/4542
f 4908/4885/4541 4909/4886/4542 4911/4888/4544
f 4907/4884/4540 4908/4885/4541 4911/4888/4544
f 4907/4884/4540 4911/4888/4544 4905/4883/4539
f 4904/4882/4538 4905/4883/4539 4912/4889/4545
f 4905/4883/4539 4913/4890/4546 4912/4889/4545
f 4905/4883/4539 4911/4888/4544 4913/4890/4546
f 4911/4888/4544 4909/4886/4542 4913/4890/4546
f 4913/4890/4546 4915/4892/2142 4914/4891/4547
f 4913/4890/4546 4909/4886/4542 4915/4892/2142
f 4916/4893/4548 4918/4895/2681 4917/4894/4549
f 4916/4893/4548 4919/4896/2682 4918/4895/2681
f 4918/4895/2681 4919/4896/2682 4920/4897/4550
f 4917/4894/4549 4918/4895/2681 4921/4898/4551
f 4917/4894/4549 4921/4898/4551 4922/4899/2685
f 4917/4894/4549 4922/4899/2685 4923/4900/4552
f 4922/4899/2685 4924/4901/4553 4923/4900/4552
f 4921/4898/4551 4918/4895/2681 4925/4902/4554
f 4918/4895/2681 4920/4897/4550 4925/4902/4554
f 4925/4902/4554 4920/4897/4550 4926/4903/4555
f 4921/4898/4551 4925/4902/4554 4927/4904/2690
f 4921/4898/4551 4927/4904/2690 4928/4905/2154
f 4921/4898/4551 4928/4905/2154 4929/4906/2692
f 4921/4898/4551 4929/4906/2692 4922/4899/2685
f 4922/4899/2685 4929/4906/2692 4930/4907/2693
f 4922/4899/2685 4930/4907/2693 4924/4901/4553
f 4924/4901/4553 4930/4907/2693 4931/4908/4556
f 4928/4905/2154 4932/4909/2158 4929/4906/2692
f 4928/4905/2154 4933/4910/4557 4932/4909/2158
f 4934/4911/4558 4936/4913/4560 4935/4912/4559
f 4937/4914/4561 4936/4913/4560 4934/4911/4558
f 4937/4914/4561 4938/4915/4562 4936/4913/4560
f 4938/4915/4562 4939/4916/4563 4936/4913/4560
f 4938/4915/4562 4940/4917/4564 4939/4916/4563
f 4936/4913/4560 4941/4918/4565 4935/4912/4559
f 4936/4913/4560 4939/4916/4563 4941/4918/4565
f 4939/4916/4563 4942/4919/4566 4941/4918/4565
f 4939/4916/4563 4943/4920/4567 4942/4919/4566
f 4939/4916/4563 4940/4917/4564 4943/4920/4567
f 4941/4918/4565 4942/4919/4566 4944/4921/2170
f 4941/4918/4565 4944/4921/2170 4945/4922/4568
f 4946/4923/4569 4948/4925/4571 4947/4924/4570
f 4950/4926/4572 4947/4924/4570 4949/4927/2176
f 4950/4926/4572 4946/4923/4569 4947/4924/4570
f 4951/4928/4573 4952/4930/4575 4953/4929/4574
f 4951/4928/4573 4954/4931/4576 4952/4930/4575
f 4949/4927/2176 4954/4931/4576 4951/4928/4573
f 4949/4927/2176 4947/4924/4570 4954/4931/4576
f 4947/4924/4570 4955/4932/4577 4954/4931/4576
f 4947/4924/4570 4948/4925/4571 4955/4932/4577
f 4954/4931/4576 4955/4932/4577 4952/4930/4575
f 4955/4932/4577 4956/4933/4578 4952/4930/4575
f 4955/4932/4577 4957/4934/4579 4956/4933/4578
f 4958/4935/4580 4960/4937/4582 4959/4936/4581
f 4960/4937/4582 4961/4938/4583 4959/4936/4581
f 4960/4937/4582 4962/4939/4584 4961/4938/4583
f 4959/4936/4581 4961/4938/4583 4963/4940/4585
f 4959/4936/4581 4963/4940/4585 4964/4941/4586
f 4958/4935/4580 4959/4936/4581 4965/4942/4587
f 4958/4935/4580 4965/4942/4587 4966/4943/4588
f 4967/4944/4589 4969/4946/4591 4968/4945/4590
f 4966/4943/4588 4969/4946/4591 4967/4944/4589
f 4966/4943/4588 4965/4942/4587 4969/4946/4591
f 4965/4942/4587 4970/4947/4592 4969/4946/4591
f 4959/4936/4581 4964/4941/4586 4965/4942/4587
f 4964/4941/4586 4963/4940/4585 4971/4948/4593
f 4964/4941/4586 4971/4948/4593 4972/4949/4594
f 4964/4941/4586 4972/4949/4594 4973/4950/4595
f 4965/4942/4587 4964/4941/4586 4973/4950/4595
f 4965/4942/4587 4973/4950/4595 4974/4951/4596
f 4965/4942/4587 4974/4951/4596 4970/4947/4592
f 4970/4947/4592 4974/4951/4596 4975/4952/4597
f 4973/4950/4595 4976/4954/4599 4977/4953/4598
f 4973/4950/4595 4972/4949/4594 4976/4954/4599
f 4969/4946/4591 4970/4947/4592 4978/4955/4600
f 4979/4956/4601 4981/4958/4603 4980/4957/4602
f 4980/4957/4602 4981/4958/4603 4982/4959/4604
f 4980/4957/4602 4982/4959/4604 4983/4960/4605
f 4980/4957/4602 4983/4960/4605 4984/4961/4606
f 4985/4962/4607 4987/4964/4609 4986/4963/4608
f 4985/4962/4607 4988/4965/4610 4987/4964/4609
f 4988/4965/4610 4989/4966/4611 4987/4964/4609
f 4990/4967/4612 4989/4966/4611 4988/4965/4610
f 4992/4968/4613 4991/4969/4614 4989/4966/4611
f 4992/4968/4613 4993/4970/4615 4991/4969/4614
f 4993/4970/4615 4994/4971/4616 4991/4969/4614
f 4993/4970/4615 4995/4972/4617 4994/4971/4616
f 4991/4969/4614 4994/4971/4616 4989/4966/4611
f 4989/4966/4611 4994/4971/4616 4996/4973/4618
f 4989/4966/4611 4996/4973/4618 4987/4964/4609
f 4987/4964/4609 4997/4975/4620 4998/4974/4619
f 4987/4964/4609 4999/4976/4621 4997/4975/4620
f 4987/4964/4609 4996/4973/4618 4999/4976/4621
f 4994/4971/4616 4995/4972/4617 5000/4977/4622
f 4994/4971/4616 5000/4977/4622 4996/4973/4618
f 4999/4976/4621 5002/4979/4624 5001/4978/4623
f 4996/4973/4618 5002/4979/4624 4999/4976/4621
f 4996/4973/4618 5000/4977/4622 5002/4979/4624
f 5003/4980/4625 5005/4982/4627 5004/4981/4626
f 5003/4980/4625 5006/4983/4628 5005/4982/4627
f 5006/4983/4628 5007/4985/4629 5008/4984/2244
f 5006/4983/4628 5008/4984/2244 5009/4986/4630
f 5005/4982/4627 5006/4983/4628 5009/4986/4630
f 5003/4980/4625 5004/4981/4626 5010/4987/4631
f 5010/4987/4631 5004/4981/4626 5011/4988/4632
f 5010/4987/4631 5011/4988/4632 5012/4989/4633
f 5010/4987/4631 5012/4989/4633 5013/4990/4634
f 5010/4987/4631 5013/4990/4634 5014/4991/4635
f 5011/4988/4632 5015/4992/4636 5012/4989/4633
f 5004/4981/4626 5016/4993/4637 5011/4988/4632
f 5004/4981/4626 5017/4994/4638 5016/4993/4637
f 5004/4981/4626 5005/4982/4627 5017/4994/4638
f 5005/4982/4627 5018/4995/4639 5017/4994/4638
f 5005/4982/4627 5009/4986/4630 5018/4995/4639
f 5009/4986/4630 5019/4996/4640 5018/4995/4639
f 5017/4994/4638 5018/4995/4639 5020/4997/4641
f 5016/4993/4637 5021/4998/4642 5015/4992/4636
f 5011/4988/4632 5016/4993/4637 5015/4992/4636
f 5015/4992/4636 5021/4998/4642 5022/4999/4643
f 5016/4993/4637 5023/5000/4644 5021/4998/4642
f 5016/4993/4637 5024/5001/4645 5023/5000/4644
f 5016/4993/4637 5025/5002/4646 5024/5001/4645
f 5016/4993/4637 5017/4994/4638 5025/5002/4646
f 5026/5003/4647 5028/5005/4649 5027/5004/4648
f 5028/5005/4649 5029/5006/4650 5027/5004/4648
f 5028/5005/4649 5030/5007/4651 5029/5006/4650
f 5028/5005/4649 5031/5008/4652 5030/5007/4651
f 5028/5005/4649 5032/5009/2270 5031/5008/4652
f 5029/5006/4650 5030/5007/4651 5033/5010/4653
f 5029/5006/4650 5033/5010/4653 5034/5011/4654
f 5035/5012/2772 5037/5014/4655 5036/5013/2773
f 5038/5015/4656 5035/5012/2772 5036/5013/2773
f 5038/5015/4656 5036/5013/2773 5039/5016/4657
f 5039/5016/4657 5036/5013/2773 5040/5017/4658
f 5041/5018/4659 5039/5016/4657 5040/5017/4658
f 5041/5018/4659 5040/5017/4658 5042/5019/4660
f 5043/5020/4661 5042/5019/4660 5040/5017/4658
f 5043/5020/4661 5040/5017/4658 5044/5021/4662
f 5044/5021/4662 5040/5017/4658 5045/5022/4663
f 5044/5021/4662 5045/5022/4663 5046/5023/4664
f 5040/5017/4658 5047/5024/4665 5045/5022/4663
f 5036/5013/2773 5037/5014/4655 5048/5025/4666
f 5040/5017/4658 5036/5013/2773 5047/5024/4665
f 5045/5022/4663 5047/5024/4665 5049/5026/4667
f 5045/5022/4663 5049/5026/4667 5046/5023/4664
f 5047/5024/4665 5036/5013/2773 5049/5026/4667
f 5048/5025/4666 5050/5028/4669 5051/5027/4668
f 5036/5013/2773 5048/5025/4666 5051/5027/4668
f 5036/5013/2773 5051/5027/4668 5049/5026/4667
f 5052/5029/4670 5054/5031/4672 5053/5030/4671
f 5052/5029/4670 5055/5032/4673 5054/5031/4672
f 5052/5029/4670 5056/5033/4674 5055/5032/4673
f 5056/5033/4674 5058/5035/4676 5057/5034/4675
f 5056/5033/4674 5059/5036/4677 5058/5035/4676
f 5056/5033/4674 5057/5034/4675 5060/5037/4678
f 5056/5033/4674 5060/5037/4678 5061/5038/2793
f 5055/5032/4673 5056/5033/4674 5061/5038/2793
f 5053/5030/4671 5054/5031/4672 5062/5039/4679
f 5053/5030/4671 5062/5039/4679 5063/5040/4680
f 5053/5030/4671 5063/5040/4680 5064/5041/4681
f 5054/5031/4672 5065/5042/4682 5062/5039/4679
f 5054/5031/4672 5066/5043/4683 5065/5042/4682
f 5055/5032/4673 5066/5043/4683 5054/5031/4672
f 5055/5032/4673 5067/5044/4684 5066/5043/4683
f 5055/5032/4673 5061/5038/2793 5067/5044/4684
f 5061/5038/2793 5068/5045/2800 5067/5044/4684
f 5067/5044/4684 5069/5047/4685 5070/5046/2801
f 5066/5043/4683 5067/5044/4684 5070/5046/2801
f 5066/5043/4683 5071/5048/4686 5065/5042/4682
f 5065/5042/4682 5071/5048/4686 5072/5049/4687
f 5066/5043/4683 5073/5050/4688 5071/5048/4686
f 5066/5043/4683 5074/5051/4689 5073/5050/4688
f 5066/5043/4683 5075/5052/4690 5074/5051/4689
f 5066/5043/4683 5070/5046/2801 5075/5052/4690
f 5062/5039/4679 5065/5042/4682 5076/5053/4691
f 5077/5054/4692 5079/5056/4694 5078/5055/4693
f 5077/5054/4692 5080/5057/4695 5079/5056/4694
f 5081/5058/4696 5078/5055/4693 5082/5059/2332
f 5082/5059/2332 5078/5055/4693 5083/5060/4697
f 5084/5061/2334 5082/5059/2332 5083/5060/4697
f 5084/5061/2334 5083/5060/4697 5085/5062/4698
f 5085/5062/4698 5083/5060/4697 5086/5063/4699
f 5087/5064/4700 5085/5062/4698 5086/5063/4699
f 5088/5065/2817 5086/5063/4699 5089/5066/4701
f 5089/5066/4701 5091/5068/4703 5090/5067/4702
f 5089/5066/4701 5092/5069/4704 5091/5068/4703
f 5086/5063/4699 5092/5069/4704 5089/5066/4701
f 5086/5063/4699 5083/5060/4697 5092/5069/4704
f 5083/5060/4697 5078/5055/4693 5093/5070/4705
f 5078/5055/4693 5079/5056/4694 5093/5070/4705
f 5079/5056/4694 5095/5072/4707 5094/5071/4706
f 5079/5056/4694 5094/5071/4706 5096/5073/4708
f 5079/5056/4694 5096/5073/4708 5093/5070/4705
f 5092/5069/4704 5097/5074/4709 5091/5068/4703
f 5092/5069/4704 5083/5060/4697 5097/5074/4709
f 5083/5060/4697 5093/5070/4705 5097/5074/4709
f 5093/5070/4705 5096/5073/4708 5098/5075/4710
f 5093/5070/4705 5098/5075/4710 5097/5074/4709
f 5099/5076/4711 5101/5078/4713 5100/5077/4712
f 5102/5079/4714 5099/5076/4711 5100/5077/4712
f 5103/5080/4714 5102/5079/4714 5100/5077/4712
f 5104/5081/4715 5103/5080/4714 5100/5077/4712
f 5105/5082/4716 5104/5081/4715 5100/5077/4712
f 5106/5083/4717 5105/5082/4716 5100/5077/4712
f 5107/5084/2932 5106/5083/4717 5100/5077/4712
f 5108/5085/4718 5107/5084/2932 5100/5077/4712
f 5108/5085/4718 5100/5077/4712 5109/5086/2833
f 5108/5085/4718 5109/5086/2833 5110/5087/4719
f 5110/5087/4719 5109/5086/2833 5111/5088/4720
f 5111/5088/4720 5109/5086/2833 5112/5089/4721
f 5112/5089/4721 5109/5086/2833 5113/5090/4722
f 5113/5090/4722 5109/5086/2833 5114/257/4723
f 5114/257/4723 5109/5086/2833 5115/5091/4724
f 5115/5091/4724 5109/5086/2833 5116/5092/4725
f 5116/5092/4725 5109/5086/2833 5117/5093/4726
f 5116/5092/4725 5117/5093/4726 5118/5094/4727
f 5109/5086/2833 5120/5096/2844 5119/5095/2843
f 5100/5077/4712 5120/5096/2844 5109/5086/2833
f 5121/5097/4728 5122/5098/2846 5100/5077/4712
f 5121/5097/4728 5123/5099/4729 5122/5098/2846
f 5123/5099/4729 5124/5100/4730 5122/5098/2846
f 5124/5100/4730 5125/5101/4731 5122/5098/2846
f 5125/5101/4731 5126/5102/4732 5122/5098/2846
f 5126/5102/4732 5127/5103/4733 5122/5098/2846
f 5127/5103/4733 5128/5104/4734 5122/5098/2846
f 5128/5104/4734 5129/5105/4735 5122/5098/2846
f 5129/5105/4735 5130/5106/2853 5122/5098/2846
f 5131/5107/4736 5122/5098/2846 5130/5106/2853
f 5131/5107/4736 5130/5106/2853 5132/5108/4737
f 5133/5109/4738 5122/5098/2846 5131/5107/4736
f 5134/5110/4739 5122/5098/2846 5133/5109/4738
f 5135/5111/4740 5122/5098/2846 5134/5110/4739
f 5136/5112/4741 5122/5098/2846 5135/5111/4740
f 5137/5113/4742 5122/5098/2846 5136/5112/4741
f 5138/5114/4743 5122/5098/2846 5137/5113/4742
f 5139/5115/4744 5122/5098/2846 5138/5114/4743
f 5139/5115/4744 5140/5116/2863 5122/5098/2846
f 5139/5115/4744 5141/5117/4745 5140/5116/2863
f 5141/5117/4745 5142/5118/4746 5140/5116/2863
f 5142/5118/4746 5143/5119/4747 5140/5116/2863
f 5143/5119/4747 5144/5120/2867 5140/5116/2863
f 5144/5120/2867 5145/5121/2868 5140/5116/2863
f 5145/5121/2868 5146/5122/4748 5140/5116/2863
f 5146/5122/4748 5147/5123/4749 5140/5116/2863
f 5147/5123/4749 5148/5124/4750 5140/5116/2863
f 5149/5125/4751 5140/5116/2863 5148/5124/4750
f 5149/5125/4751 5148/5124/4750 5150/5126/4752
f 5151/5127/4753 5140/5116/2863 5149/5125/4751
f 5152/5128/4754 5140/5116/2863 5151/5127/4753
f 5153/5129/4755 5140/5116/2863 5152/5128/4754
f 5154/5130/4756 5140/5116/2863 5153/5129/4755
f 5155/5131/4757 5140/5116/2863 5154/5130/4756
f 5156/5132/4758 5140/5116/2863 5155/5131/4757
f 5157/5133/2880 5140/5116/2863 5156/5132/4758
f 5157/5133/2880 5158/5134/2881 5140/5116/2863
f 5157/5133/2880 5159/5135/4759 5158/5134/2881
f 5159/5135/4759 5160/5136/4760 5158/5134/2881
f 5160/5136/4760 5161/5137/2884 5158/5134/2881
f 5161/5137/2884 5162/5138/2884 5158/5134/2881
f 5162/5138/2884 5163/5139/4761 5158/5134/2881
f 5163/5139/4761 5164/5140/4762 5158/5134/2881
f 5164/5140/4762 5165/5141/4761 5158/5134/2881
f 5165/5141/4761 5166/5142/2889 5158/5134/2881
f 5165/5141/4761 5167/5143/2885 5166/5142/2889
f 5158/5134/2881 5168/5144/4763 5140/5116/2863
f 5140/5116/2863 5168/5144/4763 5169/5145/4764
f 5140/5116/2863 5169/5145/4764 5122/5098/2846
f 5122/5098/2846 5169/5145/4764 5170/5146/2892
f 5122/5098/2846 5170/5146/2892 5100/5077/4712
f 5100/5077/4712 5170/5146/2892 5120/5096/2844
f 5171/5147/4765 5173/5149/4767 5172/5148/4766
f 5171/5147/4765 5174/5150/4768 5173/5149/4767
f 5174/5150/4768 5175/5151/4769 5173/5149/4767
f 5174/5150/4768 5176/5152/4770 5175/5151/4769
f 5174/5150/4768 5177/5153/4771 5176/5152/4770
f 5171/5147/4765 5172/5148/4766 5178/5154/4772
f 5171/5147/4765 5178/5154/4772 5179/5155/4773
f 5179/5155/4773 5178/5154/4772 5180/5156/4774
f 5180/5156/4774 5182/5158/4775 5181/5157/2358
f 5178/5154/4772 5182/5158/4775 5180/5156/4774
f 5172/5148/4766 5183/5159/4776 5178/5154/4772
f 5172/5148/4766 5184/5160/4777 5183/5159/4776
f 5172/5148/4766 5173/5149/4767 5184/5160/4777
f 5173/5149/4767 5185/5161/4778 5184/5160/4777
f 5173/5149/4767 5175/5151/4769 5185/5161/4778
f 5175/5151/4769 5186/5162/4779 5185/5161/4778
f 5185/5161/4778 5187/5163/4780 5184/5160/4777
f 5183/5159/4776 5188/5165/4782 5189/5164/4781
f 5178/5154/4772 5183/5159/4776 5189/5164/4781
f 5178/5154/4772 5189/5164/4781 5190/5166/4783
f 5178/5154/4772 5190/5166/4783 5182/5158/4775
f 5183/5159/4776 5192/5168/4785 5191/5167/4784
f 5184/5160/4777 5192/5168/4785 5183/5159/4776
f 5184/5160/4777 5193/5169/4786 5192/5168/4785
f 5194/5170/4787 5196/5172/4789 5195/5171/4788
f 5194/5170/4787 5197/5173/4790 5196/5172/4789
f 5198/5174/4791 5199/5175/2376 5197/5173/4790
f 5199/5175/2376 5200/5176/4792 5197/5173/4790
f 5201/5177/4793 5200/5176/4792 5199/5175/2376
f 5201/5177/4793 5202/5178/2379 5200/5176/4792
f 5202/5178/2379 5203/5179/2921 5200/5176/4792
f 5204/5180/2922 5203/5179/2921 5202/5178/2379
f 5205/5181/4794 5206/5182/4795 5203/5179/2921
f 5206/5182/4795 5207/5184/4797 5208/5183/4796
f 5206/5182/4795 5208/5183/4796 5209/5185/4798
f 5203/5179/2921 5206/5182/4795 5209/5185/4798
f 5203/5179/2921 5209/5185/4798 5200/5176/4792
f 5200/5176/4792 5210/5186/4799 5197/5173/4790
f 5197/5173/4790 5210/5186/4799 5196/5172/4789
f 5196/5172/4789 5211/5188/4801 5212/5187/4800
f 5196/5172/4789 5213/5189/4802 5211/5188/4801
f 5196/5172/4789 5210/5186/4799 5213/5189/4802
f 5209/5185/4798 5208/5183/4796 5200/5176/4792
f 5200/5176/4792 5208/5183/4796 5214/5190/4803
f 5200/5176/4792 5214/5190/4803 5210/5186/4799
f 5210/5186/4799 5214/5190/4803 5213/5189/4802
s 0
f 5215/5191/4804 5217/5193/4804 5216/5192/4804
s 1
f 5215/5191/4805 5218/5194/4807 5217/5193/4806
f 5219/5195/4808 5218/5194/4807 5215/5191/4805
f 5220/5196/4809 5218/5194/4807 5219/5195/4808
f 5221/5197/4810 5218/5194/4807 5220/5196/4809
f 5222/5198/2939 5218/5194/4807 5221/5197/4810
f 5223/5199/4811 5218/5194/4807 5222/5198/2939
f 5224/5200/4812 5218/5194/4807 5223/5199/4811
f 5225/5201/4813 5218/5194/4807 5224/5200/4812
f 5225/5201/4813 5226/5202/2943 5218/5194/4807
f 5225/5201/4813 5227/5203/4814 5226/5202/2943
f 5227/5203/4814 5228/5204/2945 5226/5202/2943
f 5228/5204/2945 5229/5205/4815 5226/5202/2943
f 5229/5205/4815 5230/5206/4816 5226/5202/2943
f 5230/5206/4816 5231/284/4817 5226/5202/2943
f 5231/284/4817 5232/5207/4818 5226/5202/2943
f 5232/5207/4818 5233/5208/4819 5226/5202/2943
f 5233/5208/4819 5234/5209/4820 5226/5202/2943
f 5233/5208/4819 5235/5210/4821 5234/5209/4820
f 5236/5211/4822 5237/5212/4824 5218/5194/4823
f 5237/5212/4824 5238/5213/4825 5218/5194/4823
f 5238/5213/4825 5239/5214/4826 5218/5194/4823
f 5239/5214/4826 5240/5215/4827 5218/5194/4823
f 5240/5215/4827 5241/5216/4828 5218/5194/4823
f 5241/5216/4828 5242/5217/4829 5218/5194/4823
f 5242/5217/4829 5243/5218/4830 5218/5194/4823
f 5243/5218/4830 5244/5193/2960 5218/5194/4823
f 5243/5218/4830 5245/5219/4831 5244/5193/2960
f 5236/5211/4822 5218/5194/4823 5246/5220/4832
f 5236/5211/4822 5246/5220/4832 5247/5221/4833
f 5247/5221/4833 5246/5220/4832 5248/5222/4834
f 5248/5222/4834 5246/5220/4832 5249/5223/4835
f 5249/5223/4835 5246/5220/4832 5250/5224/4836
f 5250/5224/4836 5246/5220/4832 5251/5225/4837
f 5251/5225/4837 5246/5220/4832 5252/5226/4838
f 5252/5226/4838 5246/5220/4832 5253/5227/4839
f 5253/5227/4839 5246/5220/4832 5254/5228/4840
s 0
f 5253/5227/2971 5254/5228/2971 5255/5229/2971
s 1
f 5256/5230/4841 5257/5228/2974 5246/5220/2973
f 5256/5230/4841 5258/5231/2975 5257/5228/2974
f 5259/5232/4842 5256/5230/4841 5246/5220/2973
f 5260/5233/4843 5259/5232/4842 5246/5220/2973
f 5261/5234/4844 5260/5233/4843 5246/5220/2973
f 5262/5235/4845 5261/5234/4844 5246/5220/2973
f 5263/5236/4846 5262/5235/4845 5246/5220/2973
f 5264/5237/4847 5263/5236/4846 5246/5220/2973
f 5265/5238/4848 5264/5237/4847 5246/5220/2973
f 5265/5238/4848 5246/5220/2973 5266/5239/4849
f 5265/5238/4848 5266/5239/4849 5267/5240/4850
f 5267/5240/4850 5266/5239/4849 5268/5241/4851
f 5268/5241/4851 5266/5239/4849 5269/5242/4852
f 5269/5242/4852 5266/5239/4849 5270/5243/4853
f 5270/5243/4853 5266/5239/4849 5271/5244/4854
f 5271/5244/4854 5266/5239/4849 5272/5245/4855
f 5272/5245/4855 5266/5239/4849 5273/5246/4856
f 5273/5246/4856 5266/5239/4849 5274/5247/4857
s 0
f 5273/5246/4858 5274/5247/4858 5275/5248/4858
s 1
f 5276/5249/4859 5277/5247/4860 5266/5239/2993
f 5276/5249/4859 5278/5250/2995 5277/5247/4860
f 5279/5251/4861 5276/5249/4859 5266/5239/2993
f 5280/5252/4862 5279/5251/4861 5266/5239/2993
f 5281/5253/4863 5280/5252/4862 5266/5239/2993
f 5282/5254/4864 5281/5253/4863 5266/5239/2993
f 5283/5255/4865 5282/5254/4864 5266/5239/2993
f 5284/5256/4866 5283/5255/4865 5266/5239/2993
f 5285/5257/4867 5284/5256/4866 5266/5239/2993
f 5285/5257/4867 5266/5239/2993 5286/5258/3003
f 5285/5257/4867 5286/5258/3003 5287/5259/4868
f 5287/5259/4868 5286/5258/3003 5288/5260/4869
f 5288/5260/4869 5286/5258/3003 5289/5261/4870
f 5289/5261/4870 5286/5258/3003 5290/5262/2887
f 5290/5262/2887 5286/5258/3003 5291/5263/2885
f 5291/5263/2885 5286/5258/3003 5292/5264/3007
f 5292/5264/3007 5286/5258/3003 5293/5265/4871
f 5293/5265/4871 5286/5258/3003 5294/5266/4871
s 0
f 5293/5265/2887 5294/5266/2887 5295/5267/2887
s 1
f 5297/5268/4872 5299/5270/4874 5298/5269/4873
f 5299/5270/4874 5300/5271/4875 5298/5269/4873
f 5298/5269/4873 5300/5271/4875 5301/5272/4876
f 5298/5269/4873 5301/5272/4876 5302/5273/4877
f 5297/5268/4872 5298/5269/4873 5303/5274/4878
f 5296/5275/4879 5297/5268/4872 5303/5274/4878
f 5296/5275/4879 5303/5274/4878 5304/5276/4880
f 5296/5275/4879 5304/5276/4880 5305/5277/4881
f 5305/5277/4881 5304/5276/4880 5306/5278/4882
f 5304/5276/4880 5307/5279/4883 5306/5278/4882
f 5303/5274/4878 5298/5269/4873 5308/5280/4884
f 5298/5269/4873 5309/5281/4885 5308/5280/4884
f 5298/5269/4873 5302/5273/4877 5309/5281/4885
f 5303/5274/4878 5308/5280/4884 5310/5282/4886
f 5303/5274/4878 5310/5282/4886 5311/5283/4887
f 5303/5274/4878 5311/5283/4887 5312/5284/4888
f 5303/5274/4878 5312/5284/4888 5304/5276/4880
f 5304/5276/4880 5312/5284/4888 5313/5285/4889
f 5304/5276/4880 5313/5285/4889 5307/5279/4883
f 5306/5278/4882 5307/5279/4883 5314/5286/4890
f 5315/5287/4891 5317/5289/4892 5316/5288/2412
f 5315/5287/4891 5318/5290/4893 5317/5289/4892
f 5316/5288/2412 5317/5289/4892 5319/5291/4894
f 5316/5288/2412 5319/5291/4894 5320/5292/2416
f 5321/5293/4895 5316/5288/2412 5320/5292/2416
f 5321/5293/4895 5320/5292/2416 5322/5294/4896
f 5322/5294/4896 5320/5292/2416 5323/5295/4897
f 5322/5294/4896 5323/5295/4897 5324/5296/2420
f 5323/5295/4897 5325/5297/4898 5324/5296/2420
f 5317/5289/4892 5326/5298/4899 5319/5291/4894
f 5317/5289/4892 5327/5299/4900 5326/5298/4899
f 5319/5291/4894 5326/5298/4899 5328/5300/4901
f 5320/5292/2416 5319/5291/4894 5323/5295/4897
f 5323/5295/4897 5319/5291/4894 5325/5297/4898
f 5319/5291/4894 5329/5301/2425 5325/5297/4898
f 5319/5291/4894 5328/5300/4901 5329/5301/2425
f 5331/5302/4902 5332/5304/4904 5330/5303/4903
f 5332/5304/4904 5333/5305/3031 5330/5303/4903
f 5332/5304/4904 5334/5306/4905 5333/5305/3031
f 5333/5305/3031 5334/5306/4905 5335/5307/2431
f 5336/5308/4906 5101/5078/4713 5337/5309/3034
f 5336/5308/4906 5100/5077/4712 5101/5078/4713
f 5338/5310/4907 5100/5077/4712 5336/5308/4906
f 5339/5311/4908 5100/5077/4712 5338/5310/4907
f 5340/5312/4909 5100/5077/4712 5339/5311/4908
f 5341/5313/4910 5100/5077/4712 5340/5312/4909
f 5342/5314/4911 5100/5077/4712 5341/5313/4910
f 5343/5315/4912 5100/5077/4712 5342/5314/4911
f 5121/5097/4728 5100/5077/4712 5343/5315/4912
f 5344/5316/4913 5346/5318/4915 5345/5317/4914
f 5345/5317/4914 5346/5318/4915 5347/5319/4916
f 5344/5316/4913 5345/5317/4914 5348/5320/4917
f 5344/5316/4913 5348/5320/4917 5349/5321/4918
f 5349/5321/4918 5350/5323/4920 5351/5322/4919
f 5351/5322/4919 5350/5323/4920 5352/5324/4921
f 5349/5321/4918 5348/5320/4917 5350/5323/4920
f 5348/5320/4917 5353/5325/4922 5350/5323/4920
f 5347/5319/4916 5354/5327/4924 5355/5326/4923
f 5345/5317/4914 5347/5319/4916 5355/5326/4923
f 5345/5317/4914 5355/5326/4923 5356/5328/4925
f 5348/5320/4917 5345/5317/4914 5356/5328/4925
f 5348/5320/4917 5356/5328/4925 5357/5329/4926
f 5348/5320/4917 5357/5329/4926 5353/5325/4922
f 5350/5323/4920 5353/5325/4922 5358/5330/4927
f 5350/5323/4920 5358/5330/4927 5352/5324/4921
f 5356/5328/4925 5360/5332/4929 5359/5331/4928
f 5356/5328/4925 5361/5333/4930 5360/5332/4929
f 5356/5328/4925 5355/5326/4923 5361/5333/4930
f 5362/5334/2452 5364/5336/4932 5363/5335/4931
f 5365/5337/4933 5364/5336/4932 5362/5334/2452
f 5365/5337/4933 5366/5338/4934 5364/5336/4932
f 5366/5338/4934 5367/5339/4935 5364/5336/4932
f 5366/5338/4934 5368/5340/4936 5367/5339/4935
f 5367/5339/4935 5368/5340/4936 5369/5341/4937
f 5362/5334/2452 5363/5335/4931 5370/5342/4938
f 5362/5334/2452 5370/5342/4938 5371/5343/4939
f 5363/5335/4931 5372/5344/2462 5370/5342/4938
f 5364/5336/4932 5367/5339/4935 5363/5335/4931
f 5367/5339/4935 5369/5341/4937 5363/5335/4931
f 5363/5335/4931 5369/5341/4937 5373/5345/4940
f 5363/5335/4931 5373/5345/4940 5372/5344/2462
f 5375/5346/4941 5374/5348/4942 5376/5347/3063
f 5376/5347/3063 5374/5348/4942 5377/5349/3065
f 5376/5347/3063 5377/5349/3065 5378/5350/4943
f 5377/5349/3065 5379/5351/2472 5378/5350/4943
f 5380/5352/4944 5383/5354/4946 5382/5353/4945
f 5383/5354/4946 5384/5355/4947 5382/5353/4945
f 5380/5352/4944 5382/5353/4945 5386/5356/4948
f 5381/5357/4949 5380/5352/4944 5386/5356/4948
f 5381/5357/4949 5386/5356/4948 5387/5358/4950
f 5381/5357/4949 5387/5358/4950 5388/5359/4951
f 5381/5357/4949 5388/5359/4951 5389/5360/4952
f 5389/5360/4952 5388/5359/4951 5390/5361/4953
f 5387/5358/4950 5391/5362/4954 5388/5359/4951
f 5386/5356/4948 5382/5353/4945 5385/5363/4955
f 5386/5356/4948 5385/5363/4955 5392/5364/4956
f 5386/5356/4948 5392/5364/4956 5393/5365/4957
f 5387/5358/4950 5386/5356/4948 5393/5365/4957
f 5387/5358/4950 5393/5365/4957 5394/5366/4958
f 5387/5358/4950 5394/5366/4958 5395/5367/3078
f 5387/5358/4950 5395/5367/3078 5391/5362/4954
f 5388/5359/4951 5391/5362/4954 5396/5368/4959
f 5388/5359/4951 5396/5368/4959 5390/5361/4953
f 5397/5369/4960 5399/5371/4962 5398/5370/4961
f 5400/5372/4963 5397/5369/4960 5398/5370/4961
f 5400/5372/4963 5398/5370/4961 5401/5373/4964
f 5401/5373/4964 5398/5370/4961 5402/5374/4965
f 5401/5373/4964 5402/5374/4965 5403/5375/2498
f 5398/5370/4961 5399/5371/4962 5404/5376/2499
f 5398/5370/4961 5404/5376/2499 5402/5374/4965
f 5402/5374/4965 5404/5376/2499 5405/5377/3086
f 5402/5374/4965 5405/5377/3086 5403/5375/2498
f 5408/5378/4966 5407/5380/4967 5406/5379/2502
f 5408/5378/4966 5409/5381/4968 5407/5380/4967
f 5410/5382/4969 5407/5380/4967 5409/5381/4968
f 5410/5382/4969 5411/5383/4970 5407/5380/4967
f 5411/5383/4970 5412/5385/2508 5413/5384/4971
f 5407/5380/4967 5411/5383/4970 5413/5384/4971
f 5406/5379/2502 5407/5380/4967 5414/5386/4972
f 5407/5380/4967 5415/5387/4973 5414/5386/4972
f 5407/5380/4967 5413/5384/4971 5415/5387/4973
f 5413/5384/4971 5412/5385/2508 5416/5388/2511
f 5413/5384/4971 5416/5388/2511 5415/5387/4973
f 5419/5389/4974 5421/5391/4976 5420/5390/4975
f 5419/5389/4974 5420/5390/4975 5422/5392/3092
f 5418/5393/4977 5419/5389/4974 5422/5392/3092
f 5418/5393/4977 5422/5392/3092 5423/5394/4978
f 5418/5393/4977 5423/5394/4978 5424/5395/4979
f 5418/5393/4977 5424/5395/4979 5417/5396/4980
f 5417/5396/4980 5425/5398/4982 5426/5397/4981
f 5417/5396/4980 5424/5395/4979 5425/5398/4982
f 5422/5392/3092 5420/5390/4975 5427/5399/4983
f 5420/5390/4975 5428/5400/4984 5427/5399/4983
f 5422/5392/3092 5427/5399/4983 5429/5401/4985
f 5422/5392/3092 5429/5401/4985 5430/5402/2525
f 5423/5394/4978 5422/5392/3092 5430/5402/2525
f 5423/5394/4978 5430/5402/2525 5431/5403/2526
f 5423/5394/4978 5431/5403/2526 5432/5404/4986
f 5423/5394/4978 5432/5404/4986 5424/5395/4979
f 5424/5395/4979 5432/5404/4986 5433/5405/4987
f 5424/5395/4979 5433/5405/4987 5434/5406/3105
f 5424/5395/4979 5434/5406/3105 5425/5398/4982
f 5431/5403/2526 5435/5407/4988 5432/5404/4986
f 5431/5403/2526 5436/5408/4989 5435/5407/4988
f 5439/5409/4990 5440/5411/4991 5437/5410/3109
f 5440/5411/4991 5441/5412/4992 5437/5410/3109
f 5440/5411/4991 5442/5413/2536 5441/5412/4992
f 5437/5410/3109 5441/5412/4992 5443/5414/4993
f 5437/5410/3109 5443/5414/4993 5438/5415/4994
f 5441/5412/4992 5444/5416/3113 5443/5414/4993
f 5441/5412/4992 5442/5413/2536 5444/5416/3113
f 5445/5417/3114 5447/5419/4996 5446/5418/4995
f 5449/5420/4997 5446/5418/4995 5448/5421/4998
f 5449/5420/4997 5445/5417/3114 5446/5418/4995
f 5450/5422/2545 5452/5424/4999 5451/5423/2546
f 5448/5421/4998 5452/5424/4999 5450/5422/2545
f 5448/5421/4998 5446/5418/4995 5452/5424/4999
f 5446/5418/4995 5453/5425/5000 5452/5424/4999
f 5446/5418/4995 5447/5419/4996 5453/5425/5000
f 5452/5424/4999 5454/5426/2549 5451/5423/2546
f 5452/5424/4999 5453/5425/5000 5454/5426/2549
f 5455/5427/5001 5457/5429/5003 5456/5428/5002
f 5457/5429/5003 5458/5430/5004 5456/5428/5002
f 5457/5429/5003 5459/5431/5005 5458/5430/5004
f 5457/5429/5003 5460/5432/5006 5459/5431/5005
f 5455/5427/5001 5456/5428/5002 5461/5433/5007
f 5455/5427/5001 5461/5433/5007 5462/5434/5008
f 5455/5427/5001 5462/5434/5008 5463/5435/5009
f 5463/5435/5009 5462/5434/5008 5464/5436/5010
f 5464/5436/5010 5466/5438/5012 5465/5437/5011
f 5462/5434/5008 5466/5438/5012 5464/5436/5010
f 5462/5434/5008 5468/5440/5014 5467/5439/5013
f 5461/5433/5007 5468/5440/5014 5462/5434/5008
f 5461/5433/5007 5456/5428/5002 5469/5441/5015
f 5456/5428/5002 5470/5442/5016 5469/5441/5015
f 5456/5428/5002 5458/5430/5004 5470/5442/5016
f 5458/5430/5004 5471/5443/5017 5470/5442/5016
f 5461/5433/5007 5469/5441/5015 5472/5444/5018
f 5461/5433/5007 5472/5444/5018 5468/5440/5014
f 5469/5441/5015 5473/5446/5020 5474/5445/5019
f 5469/5441/5015 5475/5447/5021 5473/5446/5020
f 5469/5441/5015 5470/5442/5016 5475/5447/5021
f 5462/5434/5008 5467/5439/5013 5466/5438/5012
f 5476/5448/5022 5478/5450/5024 5477/5449/5023
f 5477/5449/5023 5478/5450/5024 5479/5451/3142
f 5477/5449/5023 5479/5451/3142 5480/5452/5025
f 5477/5449/5023 5480/5452/5025 5481/5453/3143
f 5482/5454/5026 5484/5456/2579 5483/5455/5027
f 5485/5457/2580 5484/5456/2579 5482/5454/5026
f 5485/5457/2580 5486/5458/5028 5484/5456/2579
f 5486/5458/5028 5487/5459/3148 5484/5456/2579
f 5488/5460/5029 5487/5459/3148 5486/5458/5028
f 5489/5461/5030 5490/5462/2585 5487/5459/3148
f 5490/5462/2585 5492/5464/5032 5491/5463/5031
f 5490/5462/2585 5491/5463/5031 5493/5465/2588
f 5487/5459/3148 5490/5462/2585 5493/5465/2588
f 5487/5459/3148 5493/5465/2588 5484/5456/2579
f 5484/5456/2579 5494/5466/5033 5483/5455/5027
f 5483/5455/5027 5494/5466/5033 5495/5467/2590
f 5483/5455/5027 5495/5467/2590 5496/5468/5034
f 5494/5466/5033 5497/5469/5035 5495/5467/2590
f 5484/5456/2579 5493/5465/2588 5494/5466/5033
f 5493/5465/2588 5491/5463/5031 5494/5466/5033
f 5494/5466/5033 5491/5463/5031 5498/5470/2593
f 5494/5466/5033 5498/5470/2593 5497/5469/5035
f 5500/5471/5036 5502/5473/5038 5501/5472/5037
f 5502/5473/5038 5503/5474/5039 5501/5472/5037
f 5503/5474/5039 5504/5476/5041 5505/5475/5040
f 5501/5472/5037 5503/5474/5039 5505/5475/5040
f 5500/5471/5036 5501/5472/5037 5506/5477/5042
f 5500/5471/5036 5506/5477/5042 5507/5478/5043
f 5500/5471/5036 5507/5478/5043 5499/5479/5044
f 5499/5479/5044 5508/5481/5046 5509/5480/5045
f 5499/5479/5044 5507/5478/5043 5508/5481/5046
f 5506/5477/5042 5501/5472/5037 5510/5482/5047
f 5501/5472/5037 5511/5483/5048 5510/5482/5047
f 5501/5472/5037 5505/5475/5040 5511/5483/5048
f 5506/5477/5042 5510/5482/5047 5512/5484/5049
f 5506/5477/5042 5512/5484/5049 5513/5485/5050
f 5506/5477/5042 5513/5485/5050 5507/5478/5043
f 5507/5478/5043 5513/5485/5050 5514/5486/5051
f 5507/5478/5043 5514/5486/5051 5515/5487/5052
f 5507/5478/5043 5515/5487/5052 5508/5481/5046
f 5513/5485/5050 5516/5488/5053 5514/5486/5051
f 5513/5485/5050 5517/5489/5054 5516/5488/5053
f 5513/5485/5050 5518/5490/5055 5517/5489/5054
f 5519/5491/5056 5521/5493/5058 5520/5492/5057
f 5521/5493/5058 5522/5494/5059 5520/5492/5057
f 5521/5493/5058 5523/5495/5060 5522/5494/5059
f 5521/5493/5058 5524/5496/5061 5523/5495/5060
f 5525/5497/5062 5527/5499/5063 5526/5498/3185
f 5525/5497/5062 5528/5500/5064 5527/5499/5063
f 5526/5498/3185 5527/5499/5063 5529/5501/5065
f 5526/5498/3185 5529/5501/5065 5530/5502/5066
f 5526/5498/3185 5530/5502/5066 5531/5503/5067
f 5532/5504/5068 5526/5498/3185 5531/5503/5067
f 5532/5504/5068 5531/5503/5067 5533/5505/5069
f 5533/5505/5069 5531/5503/5067 5534/5506/5070
f 5533/5505/5069 5534/5506/5070 5535/5507/5071
f 5533/5505/5069 5535/5507/5071 5536/5508/5072
f 5527/5499/5063 5537/5509/5073 5529/5501/5065
f 5527/5499/5063 5538/5510/5074 5537/5509/5073
f 5531/5503/5067 5530/5502/5066 5534/5506/5070
f 5534/5506/5070 5530/5502/5066 5535/5507/5071
f 5530/5502/5066 5529/5501/5065 5539/5511/5075
f 5530/5502/5066 5539/5511/5075 5535/5507/5071
f 5540/5512/3199 5542/5514/3201 5541/5513/5076
f 5540/5512/3199 5543/5515/3202 5542/5514/3201
f 5540/5512/3199 5544/5516/5077 5543/5515/3202
f 5544/5516/5077 5545/5518/5079 5546/5517/5078
f 5544/5516/5077 5546/5517/5078 5547/5519/5080
f 5543/5515/3202 5544/5516/5077 5547/5519/5080
f 5548/5520/5081 5541/5513/5076 5549/5521/5082
f 5541/5513/5076 5550/5522/5083 5549/5521/5082
f 5541/5513/5076 5542/5514/3201 5550/5522/5083
f 5542/5514/3201 5543/5515/3202 5551/5523/3210
f 5543/5515/3202 5552/5524/3211 5551/5523/3210
f 5543/5515/3202 5547/5519/5080 5552/5524/3211
f 5547/5519/5080 5553/5525/3212 5552/5524/3211
f 5552/5524/3211 5554/5527/3214 5555/5526/3213
f 5551/5523/3210 5552/5524/3211 5555/5526/3213
f 5551/5523/3210 5556/5528/5084 5542/5514/3201
f 5542/5514/3201 5556/5528/5084 5557/5529/5085
f 5542/5514/3201 5557/5529/5085 5550/5522/5083
f 5551/5523/3210 5558/5530/5086 5556/5528/5084
f 5551/5523/3210 5559/5531/5087 5558/5530/5086
f 5551/5523/3210 5560/5532/3219 5559/5531/5087
f 5551/5523/3210 5555/5526/3213 5560/5532/3219
f 5561/5533/3220 5563/5535/5088 5562/5534/3221
f 5563/5535/5088 5564/5536/5089 5562/5534/3221
f 5563/5535/5088 5565/5537/5090 5564/5536/5089
f 5563/5535/5088 5566/5538/5091 5565/5537/5090
f 5563/5535/5088 5567/5539/5092 5566/5538/5091
f 5561/5533/3220 5562/5534/3221 5568/5540/3227
f 5561/5533/3220 5568/5540/3227 5569/5541/5093
f 5561/5533/3220 5569/5541/5093 5570/5542/5094
f 5570/5542/5094 5569/5541/5093 5571/5543/5095
f 5570/5542/5094 5571/5543/5095 5572/5544/5096
f 5568/5540/3227 5574/5546/5098 5573/5545/5097
f 5562/5534/3221 5574/5546/5098 5568/5540/3227
f 5562/5534/3221 5564/5536/5089 5574/5546/5098
f 5564/5536/5089 5575/5547/3234 5574/5546/5098
f 5564/5536/5089 5576/5548/5099 5575/5547/3234
f 5564/5536/5089 5565/5537/5090 5576/5548/5099
f 5574/5546/5098 5575/5547/3234 5577/5549/3236
f 5574/5546/5098 5577/5549/3236 5578/5550/5100
f 5574/5546/5098 5579/5551/3238 5573/5545/5097
f 5573/5545/5097 5579/5551/3238 5580/5552/3239
f 5568/5540/3227 5573/5545/5097 5569/5541/5093
f 5569/5541/5093 5573/5545/5097 5581/5553/5101
f 5579/5551/3238 5583/5555/5103 5582/5554/5102
f 5574/5546/5098 5583/5555/5103 5579/5551/3238
f 5574/5546/5098 5584/5556/5104 5583/5555/5103
f 5574/5546/5098 5578/5550/5100 5584/5556/5104
f 5587/5557/3244 5586/5559/3246 5585/5558/3245
f 5587/5557/3244 5588/5560/3247 5586/5559/3246
f 5589/5561/5105 5588/5560/3247 5587/5557/3244
f 5589/5561/5105 5590/5562/5106 5588/5560/3247
f 5591/5563/5107 5590/5562/5106 5589/5561/5105
f 5591/5563/5107 5592/5564/3251 5590/5562/5106
f 5593/5565/5108 5592/5564/3251 5591/5563/5107
f 5593/5565/5108 5594/5566/3253 5592/5564/3251
f 5595/5567/3254 5594/5566/3253 5593/5565/5108
f 5595/5567/3254 5596/5568/3255 5594/5566/3253
f 5597/5569/5109 5596/5568/3255 5595/5567/3254
f 5597/5569/5109 5598/5570/5110 5596/5568/3255
f 5599/5571/3258 5598/5570/5110 5597/5569/5109
f 5599/5571/3258 5600/5572/5111 5598/5570/5110
f 5601/5573/3260 5600/5572/5111 5599/5571/3258
f 5601/5573/3260 5602/5574/3261 5600/5572/5111
f 5603/5575/3262 5602/5574/3261 5601/5573/3260
f 5603/5575/3262 5604/5576/5112 5602/5574/3261
f 5605/5577/3264 5604/5576/5112 5603/5575/3262
f 5605/5577/3264 5606/5578/3265 5604/5576/5112
f 5607/5579/3266 5606/5578/3265 5605/5577/3264
f 5607/5579/3266 5608/5580/3267 5606/5578/3265
f 5609/5581/5113 5608/5580/3267 5607/5579/3266
f 5609/5581/5113 5610/5582/3269 5608/5580/3267
f 5611/5583/3270 5610/5582/3269 5609/5581/5113
f 5611/5583/3270 5612/5584/3271 5610/5582/3269
f 5613/5585/3272 5612/5584/3271 5611/5583/3270
f 5613/5585/3272 5614/5586/3273 5612/5584/3271
f 5615/5587/3274 5614/5586/3273 5613/5585/3272
f 5615/5587/3274 5616/5588/3275 5614/5586/3273
f 5585/5558/3245 5616/5588/3275 5615/5587/3274
f 5585/5558/3245 5586/5559/3246 5616/5588/3275
f 5617/5589/3276 5619/5591/3397 5618/5590/3277
f 5617/5589/3276 5620/5592/5114 5619/5591/3397
f 5621/5593/3280 5620/5592/5114 5617/5589/3276
f 5618/5590/3277 5619/5591/3397 5622/5594/5115
f 5618/5590/3277 5622/5594/5115 5623/5595/3282
f 5623/5595/3282 5622/5594/5115 5624/5596/3283
f 5623/5595/3282 5624/5596/3283 5625/5597/3284
f 5625/5597/3284 5624/5596/3283 5626/5598/5116
f 5627/5599/5117 5629/5601/3288 5628/5600/3387
f 5630/5602/3289 5629/5601/3288 5627/5599/5117
f 5627/5599/5117 5628/5600/3387 5631/5603/3290
f 5631/5603/3290 5628/5600/3387 5632/5604/3291
f 5631/5603/3290 5632/5604/3291 5633/5605/3292
f 5633/5605/3292 5632/5604/3291 5634/5606/3293
f 5633/5605/3292 5634/5606/3293 5635/5607/3294
f 5635/5607/3294 5634/5606/3293 5636/5608/3295
f 5637/5609/3296 5639/5611/3298 5638/5610/3297
f 5637/5609/3296 5640/5612/3299 5639/5611/3298
f 5641/5613/5118 5640/5612/3299 5637/5609/3296
f 5641/5613/5118 5642/5614/3301 5640/5612/3299
f 5643/5615/5119 5642/5614/3301 5641/5613/5118
f 5638/5610/3297 5639/5611/3298 5644/5616/3303
f 5638/5610/3297 5644/5616/3303 5645/5617/3304
f 5645/5617/3304 5644/5616/3303 5646/5618/5120
f 5647/5619/3306 5649/5621/3308 5648/5620/5121
f 5647/5619/3306 5650/5622/3309 5649/5621/3308
f 5651/5623/3310 5650/5622/3309 5647/5619/3306
f 5651/5623/3310 5652/5624/3311 5650/5622/3309
f 5653/5625/3312 5652/5624/3311 5651/5623/3310
f 5653/5625/3312 5654/5626/3313 5652/5624/3311
f 5655/5627/3314 5654/5626/3313 5653/5625/3312
f 5648/5620/5121 5649/5621/3308 5656/5628/3315
f 5657/5629/3316 5659/5631/3317 5658/5630/3317
f 5657/5629/3316 5660/5632/5122 5659/5631/3317
f 5661/5633/3319 5660/5632/5122 5657/5629/3316
f 5661/5633/3319 5662/5634/3320 5660/5632/5122
f 5665/5635/3321 5664/5637/3323 5663/5636/3322
f 5665/5635/3321 5666/5638/3324 5664/5637/3323
f 5667/5639/3325 5668/5641/3327 5669/5640/3326
f 5667/5639/3325 5669/5640/3326 5670/5642/3328
f 5670/5642/3328 5669/5640/3326 5671/5643/5123
f 5670/5642/3328 5671/5643/5123 5672/5644/3330
f 5672/5644/3330 5671/5643/5123 5673/5645/3331
f 5672/5644/3330 5673/5645/3331 5674/5646/3331
f 5675/5647/3332 5677/5649/3334 5676/5648/3333
f 5675/5647/3332 5678/5650/3335 5677/5649/3334
f 5679/5651/3336 5678/5650/3335 5675/5647/3332
f 5679/5651/3336 5680/5652/3337 5678/5650/3335
f 5683/5653/3338 5682/5655/3340 5681/5654/5124
f 5683/5653/3338 5684/5656/3341 5682/5655/3340
f 5685/5657/3342 5687/5659/3344 5686/5658/3343
f 5685/5657/3342 5688/5660/3345 5687/5659/3344
f 5686/5658/3343 5687/5659/3344 5689/5661/3346
f 5686/5658/3343 5689/5661/3346 5690/5662/3347
f 5691/5663/5125 5693/5665/5126 5692/5664/3349
f 5691/5663/5125 5694/5666/3351 5693/5665/5126
f 5695/5667/5127 5694/5666/3351 5691/5663/5125
f 5695/5667/5127 5696/5668/3353 5694/5666/3351
f 5692/5664/3349 5693/5665/5126 5697/5669/3354
f 5692/5664/3349 5697/5669/3354 5698/5670/3354
f 5699/5671/3355 5701/5673/5129 5700/5672/5128
f 5699/5671/3355 5702/5674/3358 5701/5673/5129
f 5700/5672/5128 5701/5673/5129 5703/5675/3359
f 5700/5672/5128 5703/5675/3359 5704/5676/3359
f 5705/5677/3361 5707/5679/3363 5706/5678/3362
f 5708/5680/3364 5707/5679/3363 5705/5677/3361
f 5708/5680/3364 5709/5681/3365 5707/5679/3363
f 5710/5682/3366 5709/5681/3365 5708/5680/3364
f 5710/5682/3366 5711/5683/3367 5709/5681/3365
f 5712/5684/3368 5711/5683/3367 5710/5682/3366
f 5712/5684/3368 5713/5685/3369 5711/5683/3367
f 5714/5686/3370 5713/5685/3369 5712/5684/3368
f 5715/5687/5130 5717/5689/3373 5716/5688/3372
f 5716/5688/3372 5717/5689/3373 5718/5690/3374
f 5716/5688/3372 5718/5690/3374 5719/5691/3375
f 5719/5691/3375 5718/5690/3374 5720/5692/3376
f 5719/5691/3375 5720/5692/3376 5721/5693/3377
f 5721/5693/3377 5720/5692/3376 5722/5694/3378
f 5721/5693/3377 5722/5694/3378 5723/5695/3379
f 5723/5695/3379 5722/5694/3378 5724/5696/3380
f 5725/5697/3381 5727/5699/5131 5726/5698/3382
f 5728/5700/3384 5727/5699/5131 5725/5697/3381
f 5725/5697/3381 5726/5698/3382 5729/5701/3385
f 5729/5701/3385 5726/5698/3382 5730/5702/5132
f 5729/5701/3385 5730/5702/5132 5731/5703/3387
f 5731/5703/3387 5730/5702/5132 5732/5704/3388
f 5731/5703/3387 5732/5704/3388 5733/5705/3389
f 5733/5705/3389 5732/5704/3388 5734/5706/5133
f 5735/5707/3391 5737/5709/3393 5736/5708/3392
f 5738/5710/3394 5737/5709/3393 5735/5707/3391
f 5738/5710/3394 5739/5711/3395 5737/5709/3393
f 5740/5712/3396 5739/5711/3395 5738/5710/3394
f 5735/5707/3391 5736/5708/3392 5741/5713/3397
f 5741/5713/3397 5736/5708/3392 5742/5714/3398
f 5741/5713/3397 5742/5714/3398 5743/5715/3399
f 5743/5715/3399 5742/5714/3398 5744/5716/3400
f 5745/5717/3401 5747/5719/3403 5746/5718/3402
f 5748/5720/5134 5750/5722/5136 5749/5721/5135
f 5748/5720/5134 5751/5723/5137 5750/5722/5136
f 5748/5720/5134 5749/5721/5135 5752/5724/3408
f 5745/5717/3401 5748/5720/5134 5752/5724/3408
f 5745/5717/3401 5752/5724/3408 5747/5719/3403
f 5746/5718/3402 5747/5719/3403 5753/5725/5138
f 5746/5718/3402 5753/5725/5138 5754/5726/5139
f 5754/5726/5139 5753/5725/5138 5755/5727/5140
f 5753/5725/5138 5757/5729/5142 5756/5728/5141
f 5747/5719/3403 5757/5729/5142 5753/5725/5138
f 5747/5719/3403 5752/5724/3408 5757/5729/5142
f 5752/5724/3408 5749/5721/5135 5758/5730/5143
f 5749/5721/5135 5759/5731/5144 5758/5730/5143
f 5749/5721/5135 5750/5722/5136 5759/5731/5144
f 5752/5724/3408 5758/5730/5143 5760/5732/5145
f 5752/5724/3408 5760/5732/5145 5761/5733/5146
f 5752/5724/3408 5761/5733/5146 5757/5729/5142
f 5757/5729/5142 5762/5734/5147 5756/5728/5141
f 5757/5729/5142 5763/5735/5148 5762/5734/5147
f 5757/5729/5142 5764/5736/5149 5763/5735/5148
f 5757/5729/5142 5765/5737/5150 5764/5736/5149
f 5757/5729/5142 5761/5733/5146 5765/5737/5150
f 5753/5725/5138 5756/5728/5141 5766/5738/5151
f 5753/5725/5138 5766/5738/5151 5755/5727/5140
f 5769/5739/5152 5767/5741/5154 5768/5740/5153
f 5769/5739/5152 5768/5740/5153 5770/5742/5155
f 5770/5742/5155 5768/5740/5153 5771/5743/5156
f 5770/5742/5155 5771/5743/5156 5772/5744/5157
f 5773/5745/3429 5770/5742/5155 5772/5744/5157
f 5774/5746/5158 5775/5748/5159 5776/5747/3431
f 5774/5746/5158 5777/5749/5160 5775/5748/5159
f 5772/5744/5157 5777/5749/5160 5774/5746/5158
f 5772/5744/5157 5771/5743/5156 5777/5749/5160
f 5771/5743/5156 5768/5740/5153 5778/5750/5161
f 5768/5740/5153 5779/5751/5162 5778/5750/5161
f 5779/5751/5162 5780/5753/5164 5781/5752/5163
f 5779/5751/5162 5781/5752/5163 5778/5750/5161
f 5771/5743/5156 5778/5750/5161 5777/5749/5160
f 5777/5749/5160 5778/5750/5161 5775/5748/5159
f 5778/5750/5161 5781/5752/5163 5782/5754/5165
f 5778/5750/5161 5782/5754/5165 5775/5748/5159
f 5783/5755/3439 5785/5757/3441 5784/5756/3440
f 5786/5758/3442 5783/5755/3439 5784/5756/3440
f 5787/5759/3443 5786/5758/3442 5784/5756/3440
f 5788/5760/3442 5787/5759/3443 5784/5756/3440
f 5789/5761/3444 5788/5760/3442 5784/5756/3440
f 5790/5762/3442 5789/5761/3444 5784/5756/3440
f 5791/5763/5166 5790/5762/3442 5784/5756/3440
f 5792/5764/3446 5791/5763/5166 5784/5756/3440
f 5792/5764/3446 5784/5756/3440 5793/5765/3447
f 5792/5764/3446 5793/5765/3447 5794/5766/3448
f 5794/5766/3448 5793/5765/3447 5795/5767/5167
f 5795/5767/5167 5793/5765/3447 5796/5768/3450
f 5796/5768/3450 5793/5765/3447 5797/5769/3451
f 5797/5769/3451 5793/5765/3447 5798/5770/3452
f 5798/5770/3452 5793/5765/3447 5799/5771/5168
f 5799/5771/5168 5793/5765/3447 5800/5772/3454
f 5800/5772/3454 5793/5765/3447 5801/5773/5169
f 5802/5774/3456 5801/5773/5169 5793/5765/3447
f 5802/5774/3456 5803/5775/3457 5801/5773/5169
f 5804/5776/3458 5802/5774/3456 5793/5765/3447
f 5805/5777/3458 5804/5776/3458 5793/5765/3447
f 5806/5778/3459 5805/5777/3458 5793/5765/3447
f 5807/5779/3460 5806/5778/3459 5793/5765/3447
f 5808/5780/5170 5807/5779/3460 5793/5765/3447
f 5809/5781/5171 5808/5780/5170 5793/5765/3447
f 5810/5782/5172 5809/5781/5171 5793/5765/3447
f 5810/5782/5172 5793/5765/3447 5811/5783/5173
f 5810/5782/5172 5811/5783/5173 5812/5784/5174
f 5812/5784/5174 5811/5783/5173 5813/5785/3466
f 5813/5785/3466 5811/5783/5173 5814/5786/5175
f 5814/5786/5175 5811/5783/5173 5815/5787/5176
f 5815/5787/5176 5811/5783/5173 5816/1310/5177
f 5816/1310/5177 5811/5783/5173 5817/5788/5178
f 5817/5788/5178 5811/5783/5173 5818/5789/3471
f 5818/5789/3471 5811/5783/5173 5819/5790/2889
f 5818/5789/3471 5819/5790/2889 5820/5791/5179
f 5811/5783/5173 5822/5793/5180 5821/5792/3473
f 5793/5765/3447 5822/5793/5180 5811/5783/5173
f 5793/5765/3447 5823/5794/5181 5822/5793/5180
f 5784/5756/3440 5823/5794/5181 5793/5765/3447
f 5824/5795/5182 5825/5796/3477 5784/5756/3440
f 5824/5795/5182 5826/5797/5183 5825/5796/3477
f 5826/5797/5183 5827/5798/5184 5825/5796/3477
f 5827/5798/5184 5828/5799/5185 5825/5796/3477
f 5828/5799/5185 5829/5800/3481 5825/5796/3477
f 5829/5800/3481 5830/5801/5186 5825/5796/3477
f 5830/5801/5186 5831/5802/5187 5825/5796/3477
f 5831/5802/5187 5832/5803/5188 5825/5796/3477
f 5832/5803/5188 5833/5804/5189 5825/5796/3477
f 5834/5805/5190 5825/5796/3477 5833/5804/5189
f 5834/5805/5190 5833/5804/5189 5835/5806/5191
f 5836/5807/5192 5825/5796/3477 5834/5805/5190
f 5837/5808/5193 5825/5796/3477 5836/5807/5192
f 5838/5809/5194 5825/5796/3477 5837/5808/5193
f 5839/5810/5195 5825/5796/3477 5838/5809/5194
f 5840/5811/5196 5825/5796/3477 5839/5810/5195
f 5841/5812/5197 5825/5796/3477 5840/5811/5196
f 5842/5813/5198 5825/5796/3477 5841/5812/5197
f 5842/5813/5198 5843/5814/5199 5825/5796/3477
f 5842/5813/5198 5844/5815/5200 5843/5814/5199
f 5844/5815/5200 5845/5816/3503 5843/5814/5199
f 5845/5816/3503 5846/5817/3501 5843/5814/5199
f 5846/5817/3501 5847/5818/3503 5843/5814/5199
f 5847/5818/3503 5848/5819/3505 5843/5814/5199
f 5848/5819/3505 5849/5820/3503 5843/5814/5199
f 5849/5820/3503 5850/5821/5201 5843/5814/5199
f 5850/5821/5201 5851/5822/5202 5843/5814/5199
f 5850/5821/5201 5852/5823/3503 5851/5822/5202
f 5843/5814/5199 5853/5824/5203 5825/5796/3477
f 5825/5796/3477 5853/5824/5203 5854/5825/5204
f 5825/5796/3477 5854/5825/5204 5784/5756/3440
f 5784/5756/3440 5854/5825/5204 5823/5794/5181
f 5856/5826/5205 5857/5828/5207 5855/5827/5206
f 5857/5828/5207 5858/5829/5208 5855/5827/5206
f 5857/5828/5207 5859/5830/3512 5858/5829/5208
f 5858/5829/5208 5859/5830/3512 5860/5831/3513
f 5861/5832/5209 5863/5834/5211 5862/5833/5210
f 5863/5834/5211 5864/5835/5212 5862/5833/5210
f 5863/5834/5211 5865/5836/5213 5864/5835/5212
f 5863/5834/5211 5866/5837/5214 5865/5836/5213
f 5863/5834/5211 5867/5838/5215 5866/5837/5214
f 5864/5835/5212 5865/5836/5213 5868/5839/5216
f 5861/5832/5209 5862/5833/5210 5869/5840/5217
f 5861/5832/5209 5869/5840/5217 5870/5841/5218
f 5870/5841/5218 5872/5843/5220 5871/5842/5219
f 5870/5841/5218 5873/5844/5221 5872/5843/5220
f 5869/5840/5217 5873/5844/5221 5870/5841/5218
f 5869/5840/5217 5875/5846/5223 5874/5845/5222
f 5862/5833/5210 5875/5846/5223 5869/5840/5217
f 5862/5833/5210 5876/5847/5224 5875/5846/5223
f 5862/5833/5210 5864/5835/5212 5876/5847/5224
f 5864/5835/5212 5868/5839/5216 5876/5847/5224
f 5868/5839/5216 5877/5849/5225 5878/5848/3528
f 5876/5847/5224 5868/5839/5216 5878/5848/3528
f 5875/5846/5223 5879/5850/5226 5874/5845/5222
f 5869/5840/5217 5874/5845/5222 5873/5844/5221
f 5873/5844/5221 5874/5845/5222 5880/5851/5227
f 5876/5847/5224 5881/5852/5228 5875/5846/5223
f 5876/5847/5224 5882/5853/5229 5881/5852/5228
f 5876/5847/5224 5883/5854/5230 5882/5853/5229
f 5876/5847/5224 5878/5848/3528 5883/5854/5230
f 5884/5855/5231 5886/5857/5233 5885/5856/5232
f 5884/5855/5231 5887/5858/5234 5886/5857/5233
f 5887/5858/5234 5888/5859/5235 5886/5857/5233
f 5887/5858/5234 5889/5860/5236 5888/5859/5235
f 5890/5861/5237 5889/5860/5236 5887/5858/5234
f 5891/5862/5238 5892/5863/5239 5889/5860/5236
f 5892/5863/5239 5893/5865/5241 5894/5864/5240
f 5889/5860/5236 5892/5863/5239 5894/5864/5240
f 5889/5860/5236 5894/5864/5240 5888/5859/5235
f 5886/5857/5233 5896/5867/5243 5895/5866/5242
f 5886/5857/5233 5897/5868/5244 5896/5867/5243
f 5888/5859/5235 5897/5868/5244 5886/5857/5233
f 5888/5859/5235 5894/5864/5240 5897/5868/5244
f 5894/5864/5240 5893/5865/5241 5898/5869/5245
f 5894/5864/5240 5898/5869/5245 5897/5868/5244
f 5897/5868/5244 5899/5870/5246 5896/5867/5243
f 5897/5868/5244 5898/5869/5245 5899/5870/5246
s 0
f 5900/5871/3444 5902/5873/3444 5901/5872/3444
s 1
f 5900/5871/3553 5903/5874/5247 5902/5873/3554
f 5904/5875/3556 5903/5874/5247 5900/5871/3553
f 5905/5876/3557 5903/5874/5247 5904/5875/3556
f 5906/5877/3558 5903/5874/5247 5905/5876/3557
f 5907/5878/3559 5903/5874/5247 5906/5877/3558
f 5908/5879/5248 5903/5874/5247 5907/5878/3559
f 5909/5880/5249 5903/5874/5247 5908/5879/5248
f 5910/5881/5250 5903/5874/5247 5909/5880/5249
f 5910/5881/5250 5911/5882/3563 5903/5874/5247
f 5910/5881/5250 5912/5883/5251 5911/5882/3563
f 5912/5883/5251 5913/5884/3565 5911/5882/3563
f 5913/5884/3565 5914/5885/3566 5911/5882/3563
f 5914/5885/3566 5915/5886/5252 5911/5882/3563
f 5915/5886/5252 5916/5887/5253 5911/5882/3563
f 5916/5887/5253 5917/5888/3569 5911/5882/3563
f 5917/5888/3569 5918/5889/3570 5911/5882/3563
f 5918/5889/3570 5919/5890/3571 5911/5882/3563
f 5918/5889/3570 5920/5891/3572 5919/5890/3571
f 5921/5892/3573 5911/5882/3575 5922/5890/5254
s 0
f 5921/5892/3458 5922/5890/3458 5923/5893/3458
s 1
f 5924/5894/3577 5911/5882/3575 5921/5892/3573
f 5925/5895/3578 5911/5882/3575 5924/5894/3577
f 5926/5896/3579 5911/5882/3575 5925/5895/3578
f 5927/5897/3580 5911/5882/3575 5926/5896/3579
f 5928/5898/5255 5911/5882/3575 5927/5897/3580
f 5929/5899/5256 5911/5882/3575 5928/5898/5255
f 5930/5900/5257 5911/5882/3575 5929/5899/5256
f 5930/5900/5257 5931/5901/3584 5911/5882/3575
f 5930/5900/5257 5932/5902/5258 5931/5901/3584
f 5932/5902/5258 5933/5903/3586 5931/5901/3584
f 5933/5903/3586 5934/5904/5259 5931/5901/3584
f 5934/5904/5259 5935/5905/5260 5931/5901/3584
f 5935/5905/5260 5936/1355/5261 5931/5901/3584
f 5936/1355/5261 5937/5906/5262 5931/5901/3584
f 5937/5906/5262 5938/5907/5263 5931/5901/3584
f 5938/5907/5263 5939/5908/3592 5931/5901/3584
f 5938/5907/5263 5940/5909/3472 5939/5908/3592
f 5941/5910/5264 5942/5911/5266 5903/5874/5265
f 5942/5911/5266 5943/5912/5267 5903/5874/5265
f 5943/5912/5267 5944/5913/5268 5903/5874/5265
f 5944/5913/5268 5945/5914/5269 5903/5874/5265
f 5945/5914/5269 5946/5915/5270 5903/5874/5265
f 5946/5915/5270 5947/5916/5271 5903/5874/5265
f 5947/5916/5271 5948/5917/5272 5903/5874/5265
f 5948/5917/5272 5949/5873/3602 5903/5874/5265
f 5948/5917/5272 5950/5918/5273 5949/5873/3602
f 5941/5910/5264 5903/5874/5265 5951/5919/5274
f 5941/5910/5264 5951/5919/5274 5952/5920/5275
f 5952/5920/5275 5951/5919/5274 5953/5921/5276
f 5953/5921/5276 5951/5919/5274 5954/5922/5277
f 5954/5922/5277 5951/5919/5274 5955/5923/5278
f 5955/5923/5278 5951/5919/5274 5956/5924/5279
f 5956/5924/5279 5951/5919/5274 5957/5925/5280
f 5957/5925/5280 5951/5919/5274 5958/5926/5281
f 5958/5926/5281 5951/5919/5274 5959/5927/3612
s 0
f 5958/5926/5282 5959/5927/5282 5960/5928/5282
s 1
f 5961/5929/5283 5962/5927/5284 5951/5919/3616
f 5961/5929/5283 5963/5930/5285 5962/5927/5284
f 5964/5931/5286 5961/5929/5283 5951/5919/3616
f 5965/5932/5287 5964/5931/5286 5951/5919/3616
f 5966/5933/5288 5965/5932/5287 5951/5919/3616
f 5967/5934/5289 5966/5933/5288 5951/5919/3616
f 5968/5935/5290 5967/5934/5289 5951/5919/3616
f 5969/5936/5291 5968/5935/5290 5951/5919/3616
f 5970/5937/3625 5969/5936/5291 5951/5919/3616
f 5970/5937/3625 5951/5919/3616 5971/5938/5292
f 5970/5937/3625 5971/5938/5292 5972/5939/5293
f 5972/5939/5293 5971/5938/5292 5973/5940/5294
f 5973/5940/5294 5971/5938/5292 5974/5941/3628
f 5974/5941/3628 5971/5938/5292 5975/5942/5295
f 5975/5942/5295 5971/5938/5292 5976/5943/3503
f 5976/5943/3503 5971/5938/5292 5977/5944/3501
f 5977/5944/3501 5971/5938/5292 5978/5945/5296
f 5978/5945/5296 5971/5938/5292 5979/5946/3501
f 5978/5945/5296 5979/5946/3501 5980/5947/3501
f 5982/5948/5297 5981/5950/5299 5983/5949/5298
f 5983/5949/5298 5981/5950/5299 5984/5951/5300
f 5983/5949/5298 5984/5951/5300 5985/5952/3635
f 5984/5951/5300 5986/5953/3636 5985/5952/3635
f 5987/5954/5301 5989/5956/5302 5988/5955/3638
f 5987/5954/5301 5990/5957/5303 5989/5956/5302
f 5987/5954/5301 5991/5958/5304 5990/5957/5303
f 5991/5958/5304 5992/5959/5305 5990/5957/5303
f 5990/5957/5303 5992/5959/5305 5993/5960/5306
f 5988/5955/3638 5989/5956/5302 5994/5961/5307
f 5988/5955/3638 5994/5961/5307 5995/5962/5308
f 5988/5955/3638 5995/5962/5308 5996/5963/5309
f 5995/5962/5308 5997/5964/5310 5996/5963/5309
f 5989/5956/5302 5998/5965/5311 5994/5961/5307
f 5989/5956/5302 5990/5957/5303 5998/5965/5311
f 5990/5957/5303 5993/5960/5306 5999/5966/5312
f 5990/5957/5303 5999/5966/5312 6000/5967/5313
f 5998/5965/5311 5990/5957/5303 6000/5967/5313
f 5994/5961/5307 5998/5965/5311 6001/5968/5314
f 5994/5961/5307 6001/5968/5314 6002/5969/5315
f 5994/5961/5307 6002/5969/5315 5995/5962/5308
f 5995/5962/5308 6002/5969/5315 6003/5970/5316
f 5995/5962/5308 6003/5970/5316 5997/5964/5310
f 5998/5965/5311 6004/5971/5317 6001/5968/5314
f 5998/5965/5311 6005/5972/5318 6004/5971/5317
f 5998/5965/5311 6006/5973/5319 6005/5972/5318
f 6007/5974/3657 6009/5976/5321 6008/5975/5320
f 6010/5977/3660 6007/5974/3657 6008/5975/5320
f 6010/5977/3660 6008/5975/5320 6011/5978/5322
f 6011/5978/5322 6008/5975/5320 6012/5979/5323
f 6011/5978/5322 6012/5979/5323 6013/5980/5324
f 6012/5979/5323 6014/5981/5325 6013/5980/5324
f 6008/5975/5320 6009/5976/5321 6015/5982/5326
f 6009/5976/5321 6016/5983/5327 6015/5982/5326
f 6009/5976/5321 6017/5984/5328 6016/5983/5327
f 6008/5975/5320 6015/5982/5326 6012/5979/5323
f 6012/5979/5323 6015/5982/5326 6014/5981/5325
f 6018/5985/5329 6020/5987/5331 6019/5986/5330
f 6018/5985/5329 6021/5988/5332 6020/5987/5331
f 6022/5989/5333 6023/5990/5334 6018/5985/5329
f 6023/5990/5334 6024/5991/3674 6018/5985/5329
f 6023/5990/5334 6025/5992/5335 6024/5991/3674
f 6024/5991/3674 6025/5992/5335 6026/5993/3676
f 6018/5985/5329 6024/5991/3674 6021/5988/5332
f 6024/5991/3674 6026/5993/3676 6021/5988/5332
f 6027/5994/5336 5785/5757/3441 6028/5995/3678
f 6027/5994/5336 5784/5756/3440 5785/5757/3441
f 6029/5996/5337 5784/5756/3440 6027/5994/5336
f 6030/5997/5338 5784/5756/3440 6029/5996/5337
f 6031/5998/5339 5784/5756/3440 6030/5997/5338
f 6032/5999/5340 5784/5756/3440 6031/5998/5339
f 6033/6000/5341 5784/5756/3440 6032/5999/5340
f 6034/6001/5342 5784/5756/3440 6033/6000/5341
f 5824/5795/5182 5784/5756/3440 6034/6001/5342
f 6037/6002/3685 6039/6004/5344 6038/6003/5343
f 6037/6002/3685 6040/6005/5345 6039/6004/5344
f 6037/6002/3685 6038/6003/5343 6041/6006/5346
f 6036/6007/3690 6037/6002/3685 6041/6006/5346
f 6036/6007/3690 6041/6006/5346 6042/6008/5347
f 6036/6007/3690 6042/6008/5347 6043/6009/5348
f 6035/6010/5349 6036/6007/3690 6043/6009/5348
f 6035/6010/5349 6043/6009/5348 6044/6011/5350
f 6044/6011/5350 6043/6009/5348 6045/6012/5351
f 6041/6006/5346 6038/6003/5343 6046/6013/5352
f 6038/6003/5343 6047/6014/5353 6046/6013/5352
f 6038/6003/5343 6048/6015/5354 6047/6014/5353
f 6038/6003/5343 6039/6004/5344 6048/6015/5354
f 6046/6013/5352 6047/6014/5353 6049/6016/5355
f 6041/6006/5346 6046/6013/5352 6050/6017/5356
f 6041/6006/5346 6050/6017/5356 6051/6018/5357
f 6041/6006/5346 6051/6018/5357 6042/6008/5347
f 6042/6008/5347 6051/6018/5357 6052/6019/5358
f 6042/6008/5347 6052/6019/5358 6053/6020/5359
f 6043/6009/5348 6042/6008/5347 6053/6020/5359
f 6043/6009/5348 6053/6020/5359 6045/6012/5351
f 6054/6021/5360 6056/6023/5362 6055/6022/5361
f 6057/6024/5363 6056/6023/5362 6054/6021/5360
f 6057/6024/5363 6058/6025/5364 6056/6023/5362
f 6058/6025/5364 6059/6026/3709 6056/6023/5362
f 6056/6023/5362 6059/6026/3709 6060/6027/3710
f 6056/6023/5362 6060/6027/3710 6061/6028/5365
f 6056/6023/5362 6061/6028/5365 6055/6022/5361
f 6055/6022/5361 6061/6028/5365 6062/6029/3712
f 6055/6022/5361 6062/6029/3712 6063/6030/5366
f 6061/6028/5365 6060/6027/3710 6062/6029/3712
f 6064/6031/3714 6066/6033/5368 6065/6032/5367
f 6068/6034/5369 6065/6032/5367 6067/6035/5370
f 6068/6034/5369 6064/6031/3714 6065/6032/5367
f 6069/6036/5371 6071/6038/1340 6070/6037/5372
f 6069/6036/5371 6072/6039/5373 6071/6038/1340
f 6067/6035/5370 6072/6039/5373 6069/6036/5371
f 6067/6035/5370 6065/6032/5367 6072/6039/5373
f 6065/6032/5367 6073/6040/5374 6072/6039/5373
f 6065/6032/5367 6066/6033/5368 6073/6040/5374
f 6072/6039/5373 6073/6040/5374 6071/6038/1340
f 6074/6041/5375 6076/6043/5377 6075/6042/5376
f 6074/6041/5375 6077/6044/5378 6076/6043/5377
f 6074/6041/5375 6078/6045/5379 6077/6044/5378
f 6078/6045/5379 6079/6046/5380 6077/6044/5378
f 6079/6046/5380 6080/6048/5381 6081/6047/3728
f 6077/6044/5378 6079/6046/5380 6081/6047/3728
f 6076/6043/5377 6082/6049/3730 6075/6042/5376
f 6083/6050/5382 6085/6052/5384 6084/6051/5383
f 6083/6050/5382 6086/6053/5385 6085/6052/5384
f 6075/6042/5376 6086/6053/5385 6083/6050/5382
f 6075/6042/5376 6082/6049/3730 6086/6053/5385
f 6082/6049/3730 6087/6054/1355 6086/6053/5385
f 6076/6043/5377 6088/6055/1356 6082/6049/3730
f 6076/6043/5377 6077/6044/5378 6088/6055/1356
f 6077/6044/5378 6089/6056/5386 6088/6055/1356
f 6077/6044/5378 6081/6047/3728 6089/6056/5386
f 6088/6055/1356 6090/6057/1358 6082/6049/3730
f 6082/6049/3730 6090/6057/1358 6091/6058/5387
f 6082/6049/3730 6091/6058/5387 6087/6054/1355
f 6088/6055/1356 6092/6059/5388 6090/6057/1358
f 6088/6055/1356 6093/6060/5389 6092/6059/5388
f 6088/6055/1356 6094/6061/5390 6093/6060/5389
f 6088/6055/1356 6095/6062/5391 6094/6061/5390
f 6088/6055/1356 6089/6056/5386 6095/6062/5391
f 6086/6053/5385 6087/6054/1355 6096/6063/3742
f 6098/6064/5392 6097/6066/5394 6099/6065/5393
f 6099/6065/5393 6097/6066/5394 6100/6067/5395
f 6099/6065/5393 6100/6067/5395 6101/6068/3747
f 6100/6067/5395 6102/6069/3748 6101/6068/3747
f 6103/6070/5396 6105/6072/5398 6104/6071/5397
f 6105/6072/5398 6106/6073/5399 6104/6071/5397
f 6107/6074/5400 6106/6073/5399 6105/6072/5398
f 6107/6074/5400 6108/6075/5401 6106/6073/5399
f 6108/6075/5401 6109/6076/5402 6106/6073/5399
f 6108/6075/5401 6110/6077/5403 6109/6076/5402
f 6103/6070/5396 6104/6071/5397 6111/6078/5404
f 6111/6078/5404 6104/6071/5397 6112/6079/5405
f 6111/6078/5404 6112/6079/5405 6113/6080/5406
f 6106/6073/5399 6109/6076/5402 6104/6071/5397
f 6104/6071/5397 6109/6076/5402 6114/6081/5407
f 6104/6071/5397 6114/6081/5407 6112/6079/5405
f 6112/6079/5405 6114/6081/5407 6115/6082/5408
f 6112/6079/5405 6115/6082/5408 6113/6080/5406
f 6116/6083/5409 6118/6085/5410 6117/6084/3761
f 6119/6086/5411 6120/6088/5413 6121/6087/5412
f 6119/6086/5411 6121/6087/5412 6122/6089/5414
f 6118/6085/5410 6119/6086/5411 6122/6089/5414
f 6118/6085/5410 6122/6089/5414 6123/6090/3767
f 6117/6084/3761 6118/6085/5410 6123/6090/3767
f 6116/6083/5409 6117/6084/3761 6124/6091/5415
f 6116/6083/5409 6124/6091/5415 6125/6092/5416
f 6125/6092/5416 6124/6091/5415 6126/6093/5417
f 6117/6084/3761 6127/6094/5418 6124/6091/5415
f 6117/6084/3761 6128/6095/5419 6127/6094/5418
f 6117/6084/3761 6123/6090/3767 6128/6095/5419
f 6123/6090/3767 6122/6089/5414 6129/6096/5420
f 6122/6089/5414 6130/6097/5421 6129/6096/5420
f 6123/6090/3767 6129/6096/5420 6131/6098/3774
f 6123/6090/3767 6131/6098/3774 6132/6099/1400
f 6128/6095/5419 6123/6090/3767 6132/6099/1400
f 6128/6095/5419 6133/6100/5422 6127/6094/5418
f 6124/6091/5415 6127/6094/5418 6134/6101/5423
f 6124/6091/5415 6134/6101/5423 6126/6093/5417
f 6128/6095/5419 6135/6102/5424 6133/6100/5422
f 6128/6095/5419 6136/6103/5425 6135/6102/5424
f 6128/6095/5419 6137/6104/5426 6136/6103/5425
f 6128/6095/5419 6132/6099/1400 6137/6104/5426
f 6139/6105/5427 6140/6107/5429 6138/6106/5428
f 6140/6107/5429 6141/6108/5430 6138/6106/5428
f 6140/6107/5429 6142/6109/5431 6141/6108/5430
f 6141/6108/5430 6142/6109/5431 6143/6110/1411
f 6146/6111/5432 6144/6113/5434 6145/6112/5433
f 6146/6111/5432 6145/6112/5433 6147/6114/1415
f 6147/6114/1415 6145/6112/5433 6148/6115/5435
f 6147/6114/1415 6148/6115/5435 6149/6116/1417
f 6150/6117/5436 6147/6114/1415 6149/6116/1417
f 6151/6118/5437 6152/6120/5439 6153/6119/5438
f 6151/6118/5437 6154/6121/5440 6152/6120/5439
f 6149/6116/1417 6154/6121/5440 6151/6118/5437
f 6149/6116/1417 6148/6115/5435 6154/6121/5440
f 6148/6115/5435 6145/6112/5433 6155/6122/5441
f 6145/6112/5433 6156/6123/5442 6155/6122/5441
f 6145/6112/5433 6157/6124/5443 6156/6123/5442
f 6155/6122/5441 6156/6123/5442 6158/6125/5444
f 6148/6115/5435 6155/6122/5441 6154/6121/5440
f 6154/6121/5440 6155/6122/5441 6152/6120/5439
f 6155/6122/5441 6158/6125/5444 6159/6126/5445
f 6155/6122/5441 6159/6126/5445 6152/6120/5439
f 6163/6127/5446 6164/6129/5448 6165/6128/5447
f 6162/6130/5449 6163/6127/5446 6165/6128/5447
f 6162/6130/5449 6165/6128/5447 6166/6131/5450
f 6161/6132/5451 6162/6130/5449 6166/6131/5450
f 6161/6132/5451 6166/6131/5450 6167/6133/5452
f 6161/6132/5451 6167/6133/5452 6168/6134/5453
f 6161/6132/5451 6168/6134/5453 6160/6135/5454
f 6160/6135/5454 6169/6137/5456 6170/6136/5455
f 6170/6136/5455 6169/6137/5456 6171/6138/5457
f 6170/6136/5455 6171/6138/5457 6172/6139/5458
f 6160/6135/5454 6168/6134/5453 6169/6137/5456
f 6168/6134/5453 6173/6140/5459 6169/6137/5456
f 6166/6131/5450 6165/6128/5447 6174/6141/5460
f 6166/6131/5450 6174/6141/5460 6175/6142/5461
f 6166/6131/5450 6175/6142/5461 6176/6143/5462
f 6167/6133/5452 6166/6131/5450 6176/6143/5462
f 6167/6133/5452 6176/6143/5462 6168/6134/5453
f 6168/6134/5453 6176/6143/5462 6177/6144/5463
f 6168/6134/5453 6177/6144/5463 6178/6145/5464
f 6168/6134/5453 6178/6145/5464 6173/6140/5459
f 6176/6143/5462 6179/6146/5465 6177/6144/5463
f 6176/6143/5462 6180/6147/5466 6179/6146/5465
f 6176/6143/5462 6181/6148/5467 6180/6147/5466
f 6176/6143/5462 6182/6149/5468 6181/6148/5467
f 6176/6143/5462 6183/6150/5469 6182/6149/5468
f 6176/6143/5462 6175/6142/5461 6183/6150/5469
f 6181/6148/5467 6184/6151/5470 6180/6147/5466
f 6181/6148/5467 6185/6152/5471 6184/6151/5470
f 6169/6137/5456 6173/6140/5459 6186/6153/5472
f 6187/6154/3823 6189/6156/5474 6188/6155/5473
f 6190/6157/3828 6187/6154/3823 6188/6155/5473
f 6191/6158/5475 6190/6157/3828 6188/6155/5473
f 6192/6159/5476 6191/6158/5475 6188/6155/5473
f 6193/6160/3829 6192/6159/5476 6188/6155/5473
f 6194/6161/5477 6193/6160/3829 6188/6155/5473
f 6195/6162/5478 6194/6161/5477 6188/6155/5473
f 6196/6163/5479 6195/6162/5478 6188/6155/5473
f 6196/6163/5479 6188/6155/5473 6197/6164/3832
f 6196/6163/5479 6197/6164/3832 6198/6165/5480
f 6198/6165/5480 6197/6164/3832 6199/6166/5481
f 6199/6166/5481 6197/6164/3832 6200/6167/5482
f 6200/6167/5482 6197/6164/3832 6201/6168/5483
f 6201/6168/5483 6197/6164/3832 6202/6169/5484
f 6202/6169/5484 6197/6164/3832 6203/6170/5485
f 6203/6170/5485 6197/6164/3832 6204/6171/3839
f 6204/6171/3839 6197/6164/3832 6205/6172/5202
f 6204/6171/3839 6205/6172/5202 6206/6173/5486
f 6197/6164/3832 6208/6175/3843 6207/6174/5487
f 6188/6155/5473 6208/6175/3843 6197/6164/3832
f 6209/6176/3844 6210/6177/3845 6188/6155/5473
f 6209/6176/3844 6211/6178/5488 6210/6177/3845
f 6211/6178/5488 6212/6179/5489 6210/6177/3845
f 6212/6179/5489 6213/6180/5490 6210/6177/3845
f 6213/6180/5490 6214/6181/5491 6210/6177/3845
f 6214/6181/5491 6215/6182/5488 6210/6177/3845
f 6215/6182/5488 6216/6183/5492 6210/6177/3845
f 6216/6183/5492 6217/6184/5493 6210/6177/3845
f 6217/6184/5493 6218/6185/3853 6210/6177/3845
f 6219/6186/5494 6210/6177/3845 6218/6185/3853
f 6219/6186/5494 6218/6185/3853 6220/6187/5495
f 6221/6188/5496 6210/6177/3845 6219/6186/5494
f 6222/6189/5497 6210/6177/3845 6221/6188/5496
f 6223/6190/5498 6210/6177/3845 6222/6189/5497
f 6224/6191/5499 6210/6177/3845 6223/6190/5498
f 6225/6192/5500 6210/6177/3845 6224/6191/5499
f 6226/6193/5501 6210/6177/3845 6225/6192/5500
f 6227/6194/5502 6210/6177/3845 6226/6193/5501
f 6227/6194/5502 6228/6195/5503 6210/6177/3845
f 6227/6194/5502 6229/6196/5504 6228/6195/5503
f 6229/6196/5504 6230/6197/5505 6228/6195/5503
f 6230/6197/5505 6231/6198/5506 6228/6195/5503
f 6231/6198/5506 6232/6199/5507 6228/6195/5503
f 6232/6199/5507 6233/6200/5507 6228/6195/5503
f 6233/6200/5507 6234/6201/5508 6228/6195/5503
f 6234/6201/5508 6235/6202/5509 6228/6195/5503
f 6235/6202/5509 6236/6203/5510 6228/6195/5503
f 6237/6204/3871 6228/6195/5503 6236/6203/5510
f 6237/6204/3871 6236/6203/5510 6238/6205/3872
f 6239/6206/5511 6228/6195/5503 6237/6204/3871
f 6240/6207/5512 6228/6195/5503 6239/6206/5511
f 6241/6208/5513 6228/6195/5503 6240/6207/5512
f 6242/6209/5514 6228/6195/5503 6241/6208/5513
f 6243/6210/5515 6228/6195/5503 6242/6209/5514
f 6244/6211/5516 6228/6195/5503 6243/6210/5515
f 6245/6212/5517 6228/6195/5503 6244/6211/5516
f 6245/6212/5517 6246/6213/3880 6228/6195/5503
f 6245/6212/5517 6247/6214/5518 6246/6213/3880
f 6247/6214/5518 6248/6215/1557 6246/6213/3880
f 6248/6215/1557 6249/6216/5519 6246/6213/3880
f 6249/6216/5519 6250/6217/1562 6246/6213/3880
f 6250/6217/1562 6251/6218/5520 6246/6213/3880
f 6251/6218/5520 6252/6219/1562 6246/6213/3880
f 6252/6219/1562 6253/6220/5521 6246/6213/3880
f 6253/6220/5521 6254/6221/4282 6246/6213/3880
f 6253/6220/5521 6255/6222/5522 6254/6221/4282
f 6246/6213/3880 6256/6223/3887 6228/6195/5503
f 6228/6195/5503 6256/6223/3887 6257/6224/5523
f 6228/6195/5503 6257/6224/5523 6210/6177/3845
f 6210/6177/3845 6257/6224/5523 6258/6225/3889
f 6210/6177/3845 6258/6225/3889 6188/6155/5473
f 6188/6155/5473 6258/6225/3889 6208/6175/3843
f 6259/6226/5524 6261/6228/3892 6260/6227/5525
f 6261/6228/3892 6262/6229/1457 6260/6227/5525
f 6263/6230/5526 6266/6232/5528 6265/6231/5527
f 6266/6232/5528 6267/6233/5529 6265/6231/5527
f 6266/6232/5528 6268/6234/5530 6267/6233/5529
f 6263/6230/5526 6265/6231/5527 6269/6235/5531
f 6264/6236/5532 6263/6230/5526 6269/6235/5531
f 6264/6236/5532 6269/6235/5531 6270/6237/5533
f 6264/6236/5532 6271/6239/5535 6272/6238/5534
f 6272/6238/5534 6271/6239/5535 6273/6240/5536
f 6272/6238/5534 6273/6240/5536 6274/6241/5537
f 6264/6236/5532 6270/6237/5533 6271/6239/5535
f 6270/6237/5533 6275/6242/5538 6271/6239/5535
f 6269/6235/5531 6265/6231/5527 6276/6243/5539
f 6265/6231/5527 6277/6244/5540 6276/6243/5539
f 6269/6235/5531 6276/6243/5539 6278/6245/5541
f 6269/6235/5531 6278/6245/5541 6279/6246/5542
f 6270/6237/5533 6269/6235/5531 6279/6246/5542
f 6270/6237/5533 6279/6246/5542 6280/6247/5543
f 6270/6237/5533 6280/6247/5543 6281/6248/5544
f 6270/6237/5533 6281/6248/5544 6275/6242/5538
f 6271/6239/5535 6275/6242/5538 6282/6249/5545
f 6271/6239/5535 6282/6249/5545 6273/6240/5536
f 6279/6246/5542 6283/6250/5546 6280/6247/5543
f 6279/6246/5542 6284/6251/5547 6283/6250/5546
f 6279/6246/5542 6285/6252/5548 6284/6251/5547
s 0
f 6286/6253/3826 6288/6255/3826 6287/6254/3826
s 1
f 6286/6253/5549 6289/6256/5551 6288/6255/5550
f 6290/6257/5552 6289/6256/5551 6286/6253/5549
f 6291/6258/5553 6289/6256/5551 6290/6257/5552
f 6292/6259/1487 6289/6256/5551 6291/6258/5553
f 6293/6260/3923 6289/6256/5551 6292/6259/1487
f 6294/6261/5554 6289/6256/5551 6293/6260/3923
f 6295/6262/5555 6289/6256/5551 6294/6261/5554
f 6296/6263/5556 6289/6256/5551 6295/6262/5555
f 6296/6263/5556 6297/6264/3926 6289/6256/5551
f 6296/6263/5556 6298/6265/5557 6297/6264/3926
f 6298/6265/5557 6299/6266/5558 6297/6264/3926
f 6299/6266/5558 6300/6267/5559 6297/6264/3926
f 6300/6267/5559 6301/6268/5560 6297/6264/3926
f 6301/6268/5560 6302/737/5561 6297/6264/3926
f 6302/737/5561 6303/6269/5562 6297/6264/3926
f 6303/6269/5562 6304/6270/5563 6297/6264/3926
f 6304/6270/5563 6305/6271/5564 6297/6264/3926
f 6304/6270/5563 6306/6272/3934 6305/6271/5564
f 6307/6273/1502 6308/6274/5566 6289/6256/5565
f 6308/6274/5566 6309/6275/5567 6289/6256/5565
f 6309/6275/5567 6310/6276/5568 6289/6256/5565
f 6310/6276/5568 6311/6277/3939 6289/6256/5565
f 6311/6277/3939 6312/6278/5569 6289/6256/5565
f 6312/6278/5569 6313/6279/5570 6289/6256/5565
f 6313/6279/5570 6314/6280/5571 6289/6256/5565
f 6314/6280/5571 6315/6255/5572 6289/6256/5565
f 6314/6280/5571 6316/6281/3944 6315/6255/5572
f 6307/6273/1502 6289/6256/5565 6317/6282/5573
f 6307/6273/1502 6317/6282/5573 6318/6283/5574
f 6318/6283/5574 6317/6282/5573 6319/6284/5575
f 6319/6284/5575 6317/6282/5573 6320/6285/5576
f 6320/6285/5576 6317/6282/5573 6321/6286/5577
f 6321/6286/5577 6317/6282/5573 6322/6287/5578
f 6322/6287/5578 6317/6282/5573 6323/6288/5579
f 6323/6288/5579 6317/6282/5573 6324/6289/5580
f 6324/6289/5580 6317/6282/5573 6325/6290/1520
s 0
f 6324/6289/1522 6325/6290/1522 6326/6291/1522
s 1
f 6327/6292/5581 6328/6290/5583 6317/6282/5582
f 6327/6292/5581 6329/6293/3957 6328/6290/5583
f 6330/6294/5584 6327/6292/5581 6317/6282/5582
f 6331/6295/5585 6330/6294/5584 6317/6282/5582
f 6332/6296/5586 6331/6295/5585 6317/6282/5582
f 6333/6297/5587 6332/6296/5586 6317/6282/5582
f 6334/6298/5588 6333/6297/5587 6317/6282/5582
f 6335/6299/5589 6334/6298/5588 6317/6282/5582
f 6336/6300/5590 6335/6299/5589 6317/6282/5582
f 6336/6300/5590 6317/6282/5582 6337/6301/1534
f 6336/6300/5590 6337/6301/1534 6338/6302/5591
f 6338/6302/5591 6337/6301/1534 6339/6303/5592
f 6339/6303/5592 6337/6301/1534 6340/6304/5593
f 6340/6304/5593 6337/6301/1534 6341/6305/5594
f 6341/6305/5594 6337/6301/1534 6342/6306/5595
f 6342/6306/5595 6337/6301/1534 6343/6307/5596
f 6343/6307/5596 6337/6301/1534 6344/6308/3969
f 6344/6308/3969 6337/6301/1534 6345/6309/1542
s 0
f 6344/6308/3867 6345/6309/3867 6346/6310/3867
s 1
f 6347/6311/5597 6348/6309/3972 6337/6301/5598
f 6347/6311/5597 6349/6312/5599 6348/6309/3972
f 6350/6313/5600 6347/6311/5597 6337/6301/5598
f 6351/6314/5601 6350/6313/5600 6337/6301/5598
f 6352/6315/5602 6351/6314/5601 6337/6301/5598
f 6353/6316/5603 6352/6315/5602 6337/6301/5598
f 6354/6317/5604 6353/6316/5603 6337/6301/5598
f 6355/6318/5605 6354/6317/5604 6337/6301/5598
f 6356/6319/5606 6355/6318/5605 6337/6301/5598
f 6356/6319/5606 6337/6301/5598 6357/6320/5607
f 6356/6319/5606 6357/6320/5607 6358/6321/5608
f 6358/6321/5608 6357/6320/5607 6359/6322/3883
f 6359/6322/3883 6357/6320/5607 6360/6323/1557
f 6360/6323/1557 6357/6320/5607 6361/6324/1562
f 6361/6324/1562 6357/6320/5607 6362/6325/5609
f 6362/6325/5609 6357/6320/5607 6363/6326/1557
f 6363/6326/1557 6357/6320/5607 6364/6327/1562
f 6364/6327/1562 6357/6320/5607 6365/6328/1562
s 0
f 6364/6327/3983 6365/6328/3983 6366/6329/3983
s 1
f 6367/6330/5610 6369/6332/5612 6368/6331/5611
f 6367/6330/5610 6370/6333/5613 6369/6332/5612
f 6370/6333/5613 6372/6335/1568 6371/6334/5614
f 6370/6333/5613 6371/6334/5614 6373/6336/5615
f 6369/6332/5612 6370/6333/5613 6373/6336/5615
f 6368/6331/5611 6369/6332/5612 6374/6337/5616
f 6368/6331/5611 6374/6337/5616 6375/6338/5617
f 6375/6338/5617 6374/6337/5616 6376/6339/5618
f 6375/6338/5617 6376/6339/5618 6377/6340/5619
f 6369/6332/5612 6378/6341/5620 6374/6337/5616
f 6369/6332/5612 6373/6336/5615 6378/6341/5620
f 6373/6336/5615 6371/6334/5614 6379/6342/5621
f 6371/6334/5614 6380/6343/5622 6379/6342/5621
f 6373/6336/5615 6379/6342/5621 6381/6344/5623
f 6373/6336/5615 6381/6344/5623 6382/6345/5624
f 6378/6341/5620 6373/6336/5615 6382/6345/5624
f 6378/6341/5620 6383/6346/5625 6374/6337/5616
f 6374/6337/5616 6383/6346/5625 6384/6347/5626
f 6374/6337/5616 6384/6347/5626 6376/6339/5618
f 6383/6346/5625 6385/6348/5627 6384/6347/5626
f 6378/6341/5620 6386/6349/5628 6383/6346/5625
f 6378/6341/5620 6387/6350/5629 6386/6349/5628
f 6378/6341/5620 6382/6345/5624 6387/6350/5629
f 6382/6345/5624 6388/6351/5630 6387/6350/5629
f 6389/6352/1585 6391/6354/5631 6390/6353/4008
f 6389/6352/1585 6392/6355/5632 6391/6354/5631
f 6392/6355/5632 6393/6356/5633 6391/6354/5631
f 6394/6357/5634 6390/6353/4008 6395/6358/5635
f 6395/6358/5635 6396/6360/5637 6397/6359/5636
f 6395/6358/5635 6398/6361/5638 6396/6360/5637
f 6390/6353/4008 6398/6361/5638 6395/6358/5635
f 6390/6353/4008 6391/6354/5631 6398/6361/5638
f 6391/6354/5631 6399/6362/5639 6398/6361/5638
f 6391/6354/5631 6393/6356/5633 6399/6362/5639
f 6393/6356/5633 6400/6363/5640 6399/6362/5639
f 6393/6356/5633 6401/6364/5641 6400/6363/5640
f 6398/6361/5638 6402/6365/5642 6396/6360/5637
f 6398/6361/5638 6399/6362/5639 6402/6365/5642
f 6399/6362/5639 6400/6363/5640 6402/6365/5642
f 6404/6366/5643 6405/6368/1601 6403/6367/1600
f 6405/6368/1601 6406/6370/1603 6407/6369/1602
f 6405/6368/1601 6407/6369/1602 6408/6371/5644
f 6405/6368/1601 6408/6371/5644 6409/6372/5645
f 6403/6367/1600 6405/6368/1601 6409/6372/5645
f 6409/6372/5645 6408/6371/5644 6410/6373/5646
f 6409/6372/5645 6410/6373/5646 6411/6374/5647
f 6412/6375/5648 6189/6156/5474 6413/6376/5649
f 6412/6375/5648 6188/6155/5473 6189/6156/5474
f 6414/6377/5650 6188/6155/5473 6412/6375/5648
f 6415/6378/5651 6188/6155/5473 6414/6377/5650
f 6416/6379/5652 6188/6155/5473 6415/6378/5651
f 6417/6380/5653 6188/6155/5473 6416/6379/5652
f 6418/6381/5654 6188/6155/5473 6417/6380/5653
f 6419/6382/5655 6188/6155/5473 6418/6381/5654
f 6209/6176/3844 6188/6155/5473 6419/6382/5655
f 6421/6383/5656 6423/6385/5658 6422/6384/5657
f 6422/6384/5657 6423/6385/5658 6424/6386/5659
f 6421/6383/5656 6422/6384/5657 6425/6387/5660
f 6420/6388/5661 6421/6383/5656 6425/6387/5660
f 6420/6388/5661 6425/6387/5660 6426/6389/5662
f 6426/6389/5662 6428/6391/5664 6427/6390/5663
f 6426/6389/5662 6429/6392/5665 6428/6391/5664
f 6426/6389/5662 6430/6393/5666 6429/6392/5665
f 6425/6387/5660 6430/6393/5666 6426/6389/5662
f 6425/6387/5660 6431/6394/5667 6430/6393/5666
f 6425/6387/5660 6422/6384/5657 6431/6394/5667
f 6422/6384/5657 6424/6386/5659 6432/6395/5668
f 6422/6384/5657 6432/6395/5668 6433/6396/5669
f 6422/6384/5657 6433/6396/5669 6431/6394/5667
f 6431/6394/5667 6434/6397/5670 6430/6393/5666
f 6430/6393/5666 6434/6397/5670 6435/6398/5671
f 6430/6393/5666 6436/6399/5672 6429/6392/5665
f 6431/6394/5667 6437/6401/5674 6438/6400/5673
f 6431/6394/5667 6439/6402/5675 6437/6401/5674
f 6431/6394/5667 6433/6396/5669 6439/6402/5675
f 6440/6403/5676 6442/6405/5678 6441/6404/5677
f 6440/6403/5676 6443/6406/5679 6442/6405/5678
f 6443/6406/5679 6444/6407/5680 6442/6405/5678
f 6443/6406/5679 6445/6408/5681 6444/6407/5680
f 6446/6409/5682 6445/6408/5681 6443/6406/5679
f 6446/6409/5682 6447/6410/5683 6445/6408/5681
f 6447/6410/5683 6448/6411/5684 6445/6408/5681
f 6448/6411/5684 6450/6413/5685 6449/6412/1639
f 6448/6411/5684 6449/6412/1639 6451/6414/1641
f 6445/6408/5681 6448/6411/5684 6451/6414/1641
f 6442/6405/5678 6453/6416/5687 6452/6415/5686
f 6442/6405/5678 6454/6417/5688 6453/6416/5687
f 6444/6407/5680 6454/6417/5688 6442/6405/5678
f 6444/6407/5680 6451/6414/1641 6454/6417/5688
f 6445/6408/5681 6451/6414/1641 6444/6407/5680
f 6451/6414/1641 6449/6412/1639 6455/6418/1645
f 6451/6414/1641 6455/6418/1645 6454/6417/5688
f 6454/6417/5688 6455/6418/1645 6453/6416/5687
f 6457/6419/1646 6456/6421/5690 6458/6420/5689
f 6458/6420/5689 6456/6421/5690 6459/6422/5691
f 6458/6420/5689 6459/6422/5691 6460/6423/4077
f 6459/6422/5691 6461/6424/1651 6460/6423/4077
f 6462/6425/5692 6464/6427/5694 6463/6426/5693
f 6464/6427/5694 6465/6429/5696 6466/6428/5695
f 6464/6427/5694 6466/6428/5695 6467/6430/5697
f 6463/6426/5693 6464/6427/5694 6467/6430/5697
f 6463/6426/5693 6468/6431/5698 6462/6425/5692
f 6469/6432/5699 6471/6434/5701 6470/6433/5700
f 6469/6432/5699 6472/6435/5702 6471/6434/5701
f 6462/6425/5692 6472/6435/5702 6469/6432/5699
f 6462/6425/5692 6468/6431/5698 6472/6435/5702
f 6467/6430/5697 6466/6428/5695 6473/6436/5703
f 6467/6430/5697 6473/6436/5703 6474/6437/5704
f 6467/6430/5697 6474/6437/5704 6475/6438/5705
f 6463/6426/5693 6467/6430/5697 6475/6438/5705
f 6463/6426/5693 6475/6438/5705 6468/6431/5698
f 6468/6431/5698 6475/6438/5705 6476/6439/5706
f 6468/6431/5698 6476/6439/5706 6477/6440/5707
f 6468/6431/5698 6477/6440/5707 6472/6435/5702
f 6472/6435/5702 6478/6441/5708 6471/6434/5701
f 6472/6435/5702 6477/6440/5707 6478/6441/5708
f 6475/6438/5705 6479/6442/5709 6476/6439/5706
f 6475/6438/5705 6480/6443/5710 6479/6442/5709
f 6475/6438/5705 6481/6444/5711 6480/6443/5710
f 6475/6438/5705 6482/6445/5712 6481/6444/5711
f 6475/6438/5705 6474/6437/5704 6482/6445/5712
f 6483/6446/1671 6485/6448/1673 6484/6447/4098
f 6483/6446/1671 6486/6449/5713 6485/6448/1673
f 6487/6450/5714 6483/6446/1671 6488/6451/4102
f 6488/6451/4102 6483/6446/1671 6489/6452/4103
f 6488/6451/4102 6489/6452/4103 6490/6453/1678
f 6483/6446/1671 6484/6447/4098 6489/6452/4103
f 6489/6452/4103 6484/6447/4098 6491/6454/1679
f 6489/6452/4103 6491/6454/1679 6490/6453/1678
f 6494/6455/5715 6493/6457/5717 6492/6456/5716
f 6494/6455/5715 6495/6458/5718 6493/6457/5717
f 6496/6459/5719 6498/6461/1686 6497/6460/1685
f 6496/6459/5719 6497/6460/1685 6499/6462/5720
f 6495/6458/5718 6496/6459/5719 6499/6462/5720
f 6495/6458/5718 6499/6462/5720 6493/6457/5717
f 6492/6456/5716 6493/6457/5717 6500/6463/5721
f 6493/6457/5717 6501/6464/5722 6500/6463/5721
f 6493/6457/5717 6499/6462/5720 6501/6464/5722
f 6499/6462/5720 6497/6460/1685 6501/6464/5722
f 6501/6464/5722 6503/6466/1691 6502/6465/5723
f 6501/6464/5722 6497/6460/1685 6503/6466/1691
f 6505/6467/5724 6507/6469/5726 6506/6468/5725
f 6505/6467/5724 6506/6468/5725 6508/6470/5727
f 6504/6471/5728 6505/6467/5724 6508/6470/5727
f 6504/6471/5728 6508/6470/5727 6509/6472/5729
f 6504/6471/5728 6510/6474/5731 6511/6473/5730
f 6510/6474/5731 6512/6475/5732 6511/6473/5730
f 6504/6471/5728 6509/6472/5729 6510/6474/5731
f 6508/6470/5727 6506/6468/5725 6513/6476/5733
f 6508/6470/5727 6513/6476/5733 6514/6477/5734
f 6508/6470/5727 6514/6477/5734 6515/6478/5735
f 6509/6472/5729 6508/6470/5727 6515/6478/5735
f 6509/6472/5729 6515/6478/5735 6516/6479/5736
f 6509/6472/5729 6516/6479/5736 6517/6480/5737
f 6509/6472/5729 6517/6480/5737 6510/6474/5731
f 6510/6474/5731 6518/6481/5738 6512/6475/5732
f 6510/6474/5731 6517/6480/5737 6518/6481/5738
f 6519/6482/5739 6521/6484/1711 6520/6483/5740
f 6522/6485/4130 6521/6484/1711 6519/6482/5739
f 6522/6485/4130 6523/6486/5741 6521/6484/1711
f 6523/6486/5741 6524/6487/4132 6521/6484/1711
f 6524/6487/4132 6525/6489/1716 6526/6488/5742
f 6521/6484/1711 6524/6487/4132 6526/6488/5742
f 6521/6484/1711 6526/6488/5742 6520/6483/5740
f 6526/6488/5742 6525/6489/1716 6527/6490/1717
f 6526/6488/5742 6527/6490/1717 6528/6491/4134
f 6520/6483/5740 6526/6488/5742 6528/6491/4134
f 6520/6483/5740 6528/6491/4134 6529/6492/5743
f 6530/6493/5744 6532/6495/5745 6531/6494/1721
f 6534/6496/5746 6531/6494/1721 6533/6497/5747
f 6534/6496/5746 6530/6493/5744 6531/6494/1721
f 6535/6498/5748 6536/6500/5750 6537/6499/5749
f 6535/6498/5748 6538/6501/1728 6536/6500/5750
f 6533/6497/5747 6538/6501/1728 6535/6498/5748
f 6533/6497/5747 6531/6494/1721 6538/6501/1728
f 6531/6494/1721 6539/6502/1729 6538/6501/1728
f 6531/6494/1721 6532/6495/5745 6539/6502/1729
f 6538/6501/1728 6539/6502/1729 6540/6503/1730
f 6538/6501/1728 6540/6503/1730 6536/6500/5750
f 6540/6503/1730 6541/6504/1731 6536/6500/5750
f 6540/6503/1730 6542/6505/1732 6541/6504/1731
f 6543/6506/5751 6546/6508/5753 6545/6507/5752
f 6546/6508/5753 6547/6509/4151 6545/6507/5752
f 6543/6506/5751 6545/6507/5752 6548/6510/5754
f 6543/6506/5751 6548/6510/5754 6549/6511/5755
f 6543/6506/5751 6549/6511/5755 6544/6512/5756
f 6544/6512/5756 6550/6514/5758 6551/6513/5757
f 6551/6513/5757 6550/6514/5758 6552/6515/5759
f 6544/6512/5756 6549/6511/5755 6550/6514/5758
f 6549/6511/5755 6553/6516/5760 6550/6514/5758
f 6548/6510/5754 6545/6507/5752 6554/6517/5761
f 6545/6507/5752 6555/6518/1745 6554/6517/5761
f 6545/6507/5752 6547/6509/4151 6555/6518/1745
f 6554/6517/5761 6561/6520/5763 6556/6519/5762
f 6548/6510/5754 6554/6517/5761 6556/6519/5762
f 6548/6510/5754 6556/6519/5762 6549/6511/5755
f 6549/6511/5755 6556/6519/5762 6557/6521/5764
f 6549/6511/5755 6557/6521/5764 6558/6522/5765
f 6549/6511/5755 6558/6522/5765 6553/6516/5760
f 6550/6514/5758 6553/6516/5760 6559/6523/5766
f 6550/6514/5758 6559/6523/5766 6552/6515/5759
f 6556/6519/5762 6560/6524/5767 6557/6521/5764
f 6563/6525/5768 6562/6527/5770 6564/6526/5769
f 6564/6526/5769 6562/6527/5770 6565/6528/5771
f 6564/6526/5769 6565/6528/5771 6566/6529/1758
f 6565/6528/5771 6567/6530/5772 6566/6529/1758
f 6568/6531/5773 6570/6533/5775 6569/6532/5774
f 6571/6534/5776 6572/6535/1775 6568/6531/5773
f 6572/6535/1775 6573/6536/5777 6568/6531/5773
f 6572/6535/1775 6574/6537/1777 6573/6536/5777
f 6575/6538/1778 6574/6537/1777 6572/6535/1775
f 6576/6539/5778 6578/6541/4178 6577/6540/5779
f 6576/6539/5778 6577/6540/5779 6579/6542/5780
f 6574/6537/1777 6576/6539/5778 6579/6542/5780
f 6574/6537/1777 6579/6542/5780 6573/6536/5777
f 6573/6536/5777 6580/6543/4179 6568/6531/5773
f 6568/6531/5773 6581/6544/5781 6570/6533/5775
f 6568/6531/5773 6580/6543/4179 6581/6544/5781
f 6573/6536/5777 6579/6542/5780 6580/6543/4179
f 6579/6542/5780 6577/6540/5779 6580/6543/4179
f 6581/6544/5781 6583/6546/1786 6582/6545/5782
f 6580/6543/4179 6583/6546/1786 6581/6544/5781
f 6580/6543/4179 6577/6540/5779 6583/6546/1786
f 6584/6547/5783 6586/6549/5785 6585/6548/5784
f 6587/6550/5786 6588/6552/5788 6589/6551/5787
f 6587/6550/5786 6589/6551/5787 6590/6553/5789
f 6586/6549/5785 6587/6550/5786 6590/6553/5789
f 6586/6549/5785 6590/6553/5789 6591/6554/5790
f 6585/6548/5784 6586/6549/5785 6591/6554/5790
f 6584/6547/5783 6585/6548/5784 6592/6555/5791
f 6584/6547/5783 6592/6555/5791 6593/6556/5792
f 6593/6556/5792 6592/6555/5791 6594/6557/5793
f 6593/6556/5792 6594/6557/5793 6595/6558/5794
f 6585/6548/5784 6596/6559/5795 6592/6555/5791
f 6585/6548/5784 6597/6560/1800 6596/6559/5795
f 6585/6548/5784 6591/6554/5790 6597/6560/1800
f 6591/6554/5790 6590/6553/5789 6598/6561/1801
f 6590/6553/5789 6599/6562/5796 6598/6561/1801
f 6591/6554/5790 6598/6561/1801 6600/6563/5797
f 6591/6554/5790 6600/6563/5797 6601/6564/5798
f 6597/6560/1800 6591/6554/5790 6601/6564/5798
f 6597/6560/1800 6602/6565/1805 6596/6559/5795
f 6592/6555/5791 6596/6559/5795 6603/6566/5799
f 6592/6555/5791 6603/6566/5799 6594/6557/5793
f 6597/6560/1800 6604/6567/5800 6602/6565/1805
f 6597/6560/1800 6605/6568/5801 6604/6567/5800
f 6597/6560/1800 6606/6569/1809 6605/6568/5801
f 6597/6560/1800 6601/6564/5798 6606/6569/1809
f 6608/6570/5802 6609/6572/5804 6607/6571/5803
f 6609/6572/5804 6610/6573/5805 6607/6571/5803
f 6609/6572/5804 6611/6574/1814 6610/6573/5805
f 6610/6573/5805 6611/6574/1814 6612/6575/4209
f 6613/6576/4210 6615/6578/5807 6614/6577/5806
f 6616/6579/5808 6613/6576/4210 6617/6580/1832
f 6617/6580/1832 6613/6576/4210 6618/6581/4213
f 6619/6582/5809 6617/6580/1832 6618/6581/4213
f 6619/6582/5809 6618/6581/4213 6620/6583/5810
f 6621/6584/5811 6620/6583/5810 6618/6581/4213
f 6621/6584/5811 6618/6581/4213 6622/6585/4216
f 6622/6585/4216 6623/6587/4218 6624/6586/5812
f 6622/6585/4216 6625/6588/5813 6623/6587/4218
f 6618/6581/4213 6625/6588/5813 6622/6585/4216
f 6618/6581/4213 6613/6576/4210 6626/6589/4220
f 6613/6576/4210 6614/6577/5806 6627/6590/5814
f 6613/6576/4210 6627/6590/5814 6626/6589/4220
f 6618/6581/4213 6626/6589/4220 6625/6588/5813
f 6625/6588/5813 6626/6589/4220 6623/6587/4218
f 6626/6589/4220 6628/6591/4222 6623/6587/4218
f 6626/6589/4220 6627/6590/5814 6629/6592/5815
f 6626/6589/4220 6629/6592/5815 6628/6591/4222
f 6629/6592/5815 6630/6593/4224 6628/6591/4222
f 6632/6594/4225 6634/6596/5817 6633/6595/5816
f 6634/6596/5817 6635/6597/5818 6633/6595/5816
f 6634/6596/5817 6636/6598/5819 6635/6597/5818
f 6632/6594/4225 6633/6595/5816 6637/6599/4230
f 6631/6600/5820 6632/6594/4225 6637/6599/4230
f 6631/6600/5820 6637/6599/4230 6638/6601/4232
f 6631/6600/5820 6638/6601/4232 6639/6602/5821
f 6640/6603/5822 6642/6605/5824 6641/6604/5823
f 6639/6602/5821 6642/6605/5824 6640/6603/5822
f 6639/6602/5821 6638/6601/4232 6642/6605/5824
f 6637/6599/4230 6633/6595/5816 6643/6606/5825
f 6633/6595/5816 6644/6607/5826 6643/6606/5825
f 6633/6595/5816 6635/6597/5818 6644/6607/5826
f 6637/6599/4230 6643/6606/5825 6645/6608/5827
f 6637/6599/4230 6645/6608/5827 6646/6609/5828
f 6637/6599/4230 6646/6609/5828 6638/6601/4232
f 6638/6601/4232 6646/6609/5828 6647/6610/5829
f 6638/6601/4232 6647/6610/5829 6642/6605/5824
f 6642/6605/5824 6647/6610/5829 6648/6611/5830
f 6646/6609/5828 6649/6612/5831 6647/6610/5829
f 6646/6609/5828 6650/6613/5832 6649/6612/5831
f 6646/6609/5828 6651/6614/5833 6650/6613/5832
f 6652/6615/5834 6654/6617/5836 6653/6616/5835
f 6652/6615/5834 6653/6616/5835 6655/6618/5837
f 6656/6619/5838 6655/6618/5837 6657/6620/5839
f 6657/6620/5839 6655/6618/5837 6664/6621/5840
f 6658/6622/5841 6657/6620/5839 6664/6621/5840
f 6658/6622/5841 6664/6621/5840 6659/6623/5842
f 6659/6623/5842 6664/6621/5840 6660/6624/5843
f 6661/6625/1878 6659/6623/5842 6660/6624/5843
f 6661/6625/1878 6660/6624/5843 6662/6626/5844
f 6662/6626/5844 6660/6624/5843 6663/6627/5845
f 6664/6621/5840 6655/6618/5837 6665/6628/5846
f 6655/6618/5837 6653/6616/5835 6665/6628/5846
f 6653/6616/5835 6666/6629/5847 6665/6628/5846
f 6653/6616/5835 6667/6630/5848 6666/6629/5847
f 6653/6616/5835 6668/6631/5849 6667/6630/5848
f 6660/6624/5843 6664/6621/5840 6669/6632/5850
f 6660/6624/5843 6669/6632/5850 6663/6627/5845
f 6664/6621/5840 6665/6628/5846 6669/6632/5850
f 6665/6628/5846 6666/6629/5847 6670/6633/1886
f 6665/6628/5846 6670/6633/1886 6669/6632/5850
f 6671/6634/4264 6673/6636/5851 6672/6635/4265
f 6674/6637/5852 6671/6634/4264 6672/6635/4265
f 6675/6638/5853 6674/6637/5852 6672/6635/4265
f 6676/6639/5852 6675/6638/5853 6672/6635/4265
f 6677/6640/5854 6676/6639/5852 6672/6635/4265
f 6678/6641/4271 6677/6640/5854 6672/6635/4265
f 6679/6642/5855 6678/6641/4271 6672/6635/4265
f 6680/6643/4273 6679/6642/5855 6672/6635/4265
f 6680/6643/4273 6672/6635/4265 6681/6644/4274
f 6680/6643/4273 6681/6644/4274 6682/6645/5856
f 6682/6645/5856 6681/6644/4274 6683/6646/5857
f 6683/6646/5857 6681/6644/4274 6684/6647/5858
f 6684/6647/5858 6681/6644/4274 6685/6648/5859
f 6685/6648/5859 6681/6644/4274 6686/918/5860
f 6686/918/5860 6681/6644/4274 6687/919/4280
f 6687/919/4280 6681/6644/4274 6688/6649/5861
f 6688/6649/5861 6681/6644/4274 6689/6650/5862
f 6688/6649/5861 6689/6650/5862 6690/6651/1955
f 6681/6644/4274 6692/6653/5863 6691/6652/4283
f 6672/6635/4265 6692/6653/5863 6681/6644/4274
f 6693/6654/4285 6694/6655/5864 6672/6635/4265
f 6693/6654/4285 6695/6656/4287 6694/6655/5864
f 6695/6656/4287 6696/6657/5865 6694/6655/5864
f 6696/6657/5865 6697/6658/5866 6694/6655/5864
f 6697/6658/5866 6698/6659/5867 6694/6655/5864
f 6698/6659/5867 6699/6660/4291 6694/6655/5864
f 6699/6660/4291 6700/6661/5868 6694/6655/5864
f 6700/6661/5868 6701/6662/4293 6694/6655/5864
f 6701/6662/4293 6702/6663/4294 6694/6655/5864
f 6703/6664/5869 6694/6655/5864 6702/6663/4294
f 6703/6664/5869 6702/6663/4294 6704/6665/5870
f 6705/6666/5871 6694/6655/5864 6703/6664/5869
f 6706/6667/5872 6694/6655/5864 6705/6666/5871
f 6707/6668/5873 6694/6655/5864 6706/6667/5872
f 6708/6669/5874 6694/6655/5864 6707/6668/5873
f 6709/6670/5875 6694/6655/5864 6708/6669/5874
f 6710/6671/5876 6694/6655/5864 6709/6670/5875
f 6711/6672/5877 6694/6655/5864 6710/6671/5876
f 6711/6672/5877 6712/6673/5878 6694/6655/5864
f 6711/6672/5877 6713/6674/5879 6712/6673/5878
f 6713/6674/5879 6714/6675/4306 6712/6673/5878
f 6714/6675/4306 6715/6676/4306 6712/6673/5878
f 6715/6676/4306 6716/6677/5880 6712/6673/5878
f 6716/6677/5880 6717/6678/4306 6712/6673/5878
f 6717/6678/4306 6718/6679/4309 6712/6673/5878
f 6718/6679/4309 6719/6680/5881 6712/6673/5878
f 6719/6680/5881 6720/6681/5882 6712/6673/5878
f 6721/6682/5883 6712/6673/5878 6720/6681/5882
f 6721/6682/5883 6720/6681/5882 6722/6683/5884
f 6723/6684/5885 6712/6673/5878 6721/6682/5883
f 6724/6685/5886 6712/6673/5878 6723/6684/5885
f 6725/6686/5887 6712/6673/5878 6724/6685/5886
f 6726/6687/5888 6712/6673/5878 6725/6686/5887
f 6727/6688/5889 6712/6673/5878 6726/6687/5888
f 6728/6689/5890 6712/6673/5878 6727/6688/5889
f 6729/6690/4321 6712/6673/5878 6728/6689/5890
f 6729/6690/4321 6730/6691/4322 6712/6673/5878
f 6729/6690/4321 6731/6692/5891 6730/6691/4322
f 6731/6692/5891 6732/6693/5892 6730/6691/4322
f 6732/6693/5892 6733/6694/2016 6730/6691/4322
f 6733/6694/2016 6734/6695/4329 6730/6691/4322
f 6734/6695/4329 6735/6696/2016 6730/6691/4322
f 6735/6696/2016 6736/6697/4326 6730/6691/4322
f 6736/6697/4326 6737/6698/4329 6730/6691/4322
f 6737/6698/4329 6738/6699/2841 6730/6691/4322
f 6737/6698/4329 6739/6700/2016 6738/6699/2841
f 6730/6691/4322 6740/6701/5893 6712/6673/5878
f 6712/6673/5878 6740/6701/5893 6741/6702/5894
f 6712/6673/5878 6741/6702/5894 6694/6655/5864
f 6694/6655/5864 6741/6702/5894 6742/6703/5895
f 6694/6655/5864 6742/6703/5895 6672/6635/4265
f 6672/6635/4265 6742/6703/5895 6692/6653/5863
f 6743/6704/5896 6745/6706/5898 6744/6705/5897
f 6743/6704/5896 6746/6707/5899 6745/6706/5898
f 6747/6708/1891 6749/6710/5900 6748/6709/1892
f 6747/6708/1891 6750/6711/1894 6749/6710/5900
f 6750/6711/1894 6751/6712/5901 6749/6710/5900
f 6750/6711/1894 6752/6713/5902 6751/6712/5901
f 6747/6708/1891 6748/6709/1892 6753/6714/1897
f 6747/6708/1891 6753/6714/1897 6754/6715/5903
f 6754/6715/5903 6753/6714/1897 6755/6716/5904
f 6755/6716/5904 6757/6718/5906 6756/6717/5905
f 6755/6716/5904 6758/6719/4345 6757/6718/5906
f 6753/6714/1897 6758/6719/4345 6755/6716/5904
f 6753/6714/1897 6760/6721/4347 6759/6720/5907
f 6748/6709/1892 6760/6721/4347 6753/6714/1897
f 6748/6709/1892 6761/6722/5908 6760/6721/4347
f 6748/6709/1892 6749/6710/5900 6761/6722/5908
f 6749/6710/5900 6762/6723/5909 6761/6722/5908
f 6749/6710/5900 6763/6724/5910 6762/6723/5909
f 6749/6710/5900 6751/6712/5901 6763/6724/5910
f 6761/6722/5908 6762/6723/5909 6764/6725/5911
f 6759/6720/5907 6760/6721/4347 6765/6726/5912
f 6753/6714/1897 6759/6720/5907 6758/6719/4345
f 6758/6719/4345 6759/6720/5907 6766/6727/5913
f 6760/6721/4347 6768/6729/5915 6767/6728/5914
f 6760/6721/4347 6761/6722/5908 6768/6729/5915
f 6761/6722/5908 6769/6730/5916 6768/6729/5915
f 6772/6731/5917 6773/6733/5919 6770/6732/5918
f 6773/6733/5919 6786/6734/1917 6770/6732/5918
f 6774/6735/5920 6775/6736/5921 6773/6733/5919
f 6775/6736/5921 6776/6737/5922 6773/6733/5919
f 6777/6738/5923 6776/6737/5922 6775/6736/5921
f 6777/6738/5923 6778/6739/5924 6776/6737/5922
f 6778/6739/5924 6779/6740/4365 6776/6737/5922
f 6780/6741/5925 6779/6740/4365 6778/6739/5924
f 6781/6742/5926 6782/6743/4368 6779/6740/4365
f 6782/6743/4368 6783/6745/1928 6784/6744/4369
f 6779/6740/4365 6782/6743/4368 6784/6744/4369
f 6779/6740/4365 6784/6744/4369 6776/6737/5922
f 6776/6737/5922 6785/6746/5927 6773/6733/5919
f 6773/6733/5919 6785/6746/5927 6786/6734/1917
f 6786/6734/1917 6787/6748/5929 6771/6747/5928
f 6770/6732/5918 6786/6734/1917 6771/6747/5928
f 6786/6734/1917 6788/6749/5930 6787/6748/5929
f 6776/6737/5922 6784/6744/4369 6785/6746/5927
f 6784/6744/4369 6783/6745/1928 6789/6750/1933
f 6784/6744/4369 6789/6750/1933 6785/6746/5927
f 6786/6734/1917 6790/6751/5931 6788/6749/5930
f 6786/6734/1917 6789/6750/1933 6790/6751/5931
f 6785/6746/5927 6789/6750/1933 6786/6734/1917
s 0
f 6791/6752/1935 6793/6754/1935 6792/6753/1935
s 1
f 6791/6752/5932 6794/6755/5934 6793/6754/5933
f 6795/6756/5935 6794/6755/5934 6791/6752/5932
f 6796/6757/1940 6794/6755/5934 6795/6756/5935
f 6797/6758/5936 6794/6755/5934 6796/6757/1940
f 6798/6759/1942 6794/6755/5934 6797/6758/5936
f 6799/6760/5937 6794/6755/5934 6798/6759/1942
f 6800/6761/5938 6794/6755/5934 6799/6760/5937
f 6801/6762/5939 6794/6755/5934 6800/6761/5938
f 6801/6762/5939 6802/6763/5940 6794/6755/5934
f 6801/6762/5939 6803/6764/5941 6802/6763/5940
f 6803/6764/5941 6804/6765/5942 6802/6763/5940
f 6804/6765/5942 6805/6766/4277 6802/6763/5940
f 6805/6766/4277 6806/6767/5943 6802/6763/5940
f 6806/6767/5943 6807/943/5944 6802/6763/5940
f 6807/943/5944 6808/6768/5945 6802/6763/5940
f 6808/6768/5945 6809/6769/5946 6802/6763/5940
f 6809/6769/5946 6810/6770/4282 6802/6763/5940
f 6809/6769/5946 6811/6771/5947 6810/6770/4282
f 6812/6772/4384 6813/6773/1958 6794/6755/1957
f 6813/6773/1958 6814/6774/4386 6794/6755/1957
f 6814/6774/4386 6815/6775/4387 6794/6755/1957
f 6815/6775/4387 6816/6776/5948 6794/6755/1957
f 6816/6776/5948 6817/6777/1962 6794/6755/1957
f 6817/6777/1962 6818/6778/4388 6794/6755/1957
f 6818/6778/4388 6819/6779/5949 6794/6755/1957
f 6819/6779/5949 6820/6754/1965 6794/6755/1957
f 6819/6779/5949 6821/6780/5950 6820/6754/1965
f 6812/6772/4384 6794/6755/1957 6822/6781/5951
f 6812/6772/4384 6822/6781/5951 6823/6782/5952
f 6823/6782/5952 6822/6781/5951 6824/6783/5953
f 6824/6783/5953 6822/6781/5951 6825/6784/5954
f 6825/6784/5954 6822/6781/5951 6826/6785/5955
f 6826/6785/5955 6822/6781/5951 6827/6786/5956
f 6827/6786/5956 6822/6781/5951 6828/6787/5957
f 6828/6787/5957 6822/6781/5951 6829/6788/5958
f 6829/6788/5958 6822/6781/5951 6830/6789/5959
s 0
f 6829/6788/1976 6830/6789/1976 6831/6790/1976
s 1
f 6832/6791/5960 6833/6789/5962 6822/6781/5961
f 6832/6791/5960 6834/6792/5963 6833/6789/5962
f 6835/6793/5964 6832/6791/5960 6822/6781/5961
f 6836/6794/5965 6835/6793/5964 6822/6781/5961
f 6837/6795/5966 6836/6794/5965 6822/6781/5961
f 6838/6796/5967 6837/6795/5966 6822/6781/5961
f 6839/6797/5968 6838/6796/5967 6822/6781/5961
f 6840/6798/5969 6839/6797/5968 6822/6781/5961
f 6841/6799/5970 6840/6798/5969 6822/6781/5961
f 6841/6799/5970 6822/6781/5961 6842/6800/4404
f 6841/6799/5970 6842/6800/4404 6843/6801/4405
f 6843/6801/4405 6842/6800/4404 6844/6802/4406
f 6844/6802/4406 6842/6800/4404 6845/6803/5971
f 6845/6803/5971 6842/6800/4404 6846/6804/5972
f 6846/6804/5972 6842/6800/4404 6847/6805/5973
f 6847/6805/5973 6842/6800/4404 6848/6806/5974
f 6848/6806/5974 6842/6800/4404 6849/6807/4411
f 6849/6807/4411 6842/6800/4404 6850/6808/4412
f 6849/6807/4411 6850/6808/4412 6851/6809/4412
f 6852/6810/5975 6853/6808/5977 6842/6800/5976
f 6852/6810/5975 6854/6811/2001 6853/6808/5977
f 6855/6812/5978 6852/6810/5975 6842/6800/5976
f 6856/6813/5979 6855/6812/5978 6842/6800/5976
f 6857/6814/5980 6856/6813/5979 6842/6800/5976
f 6858/6815/5981 6857/6814/5980 6842/6800/5976
f 6859/6816/5982 6858/6815/5981 6842/6800/5976
f 6860/6817/5983 6859/6816/5982 6842/6800/5976
f 6861/6818/5984 6860/6817/5983 6842/6800/5976
f 6861/6818/5984 6842/6800/5976 6862/6819/5985
f 6861/6818/5984 6862/6819/5985 6863/6820/5986
f 6863/6820/5986 6862/6819/5985 6864/6821/5987
f 6864/6821/5987 6862/6819/5985 6865/6822/2012
f 6865/6822/2012 6862/6819/5985 6866/6823/2016
f 6866/6823/2016 6862/6819/5985 6867/6824/4426
f 6867/6824/4426 6862/6819/5985 6868/6825/4325
f 6868/6825/4325 6862/6819/5985 6869/6826/5988
f 6869/6826/5988 6862/6819/5985 6870/6827/5988
s 0
f 6869/6826/2016 6870/6827/2016 6871/6828/2016
s 1
f 6872/6829/5989 6873/6831/5990 6874/6830/4427
f 6872/6829/5989 6874/6830/4427 6875/6832/4429
f 6876/6833/2604 6878/6835/5992 6877/6834/5991
f 6878/6835/5992 6880/6837/5994 6879/6836/5993
f 6880/6837/5994 6881/6838/5995 6879/6836/5993
f 6878/6835/5992 6879/6836/5993 6882/6839/5996
f 6878/6835/5992 6882/6839/5996 6877/6834/5991
f 6876/6833/2604 6877/6834/5991 6883/6840/5997
f 6883/6840/5997 6885/6842/2612 6884/6841/5998
f 6883/6840/5997 6886/6843/5999 6885/6842/2612
f 6877/6834/5991 6886/6843/5999 6883/6840/5997
f 6877/6834/5991 6891/6844/2614 6886/6843/5999
f 6882/6839/5996 6891/6844/2614 6877/6834/5991
f 6882/6839/5996 6879/6836/5993 6887/6845/6000
f 6879/6836/5993 6888/6846/6001 6887/6845/6000
f 6879/6836/5993 6881/6838/5995 6888/6846/6001
f 6887/6845/6000 6889/6848/2618 6890/6847/6002
f 6882/6839/5996 6887/6845/6000 6890/6847/6002
f 6882/6839/5996 6890/6847/6002 6891/6844/2614
f 6891/6844/2614 6892/6849/4446 6886/6843/5999
f 6886/6843/5999 6892/6849/4446 6893/6850/6003
f 6891/6844/2614 6894/6851/4448 6892/6849/4446
f 6891/6844/2614 6895/6852/4449 6894/6851/4448
f 6891/6844/2614 6896/6853/6004 6895/6852/4449
f 6897/6854/6005 6899/6856/2045 6898/6855/2044
f 6897/6854/6005 6900/6857/2626 6899/6856/2045
f 6900/6857/2626 6901/6858/6006 6899/6856/2045
f 6898/6855/2044 6899/6856/2045 6902/6859/6007
f 6903/6860/6008 6898/6855/2044 6902/6859/6007
f 6903/6860/6008 6902/6859/6007 6904/6861/6009
f 6904/6861/6009 6902/6859/6007 6905/6862/2051
f 6902/6859/6007 6906/6863/2052 6905/6862/2051
f 6899/6856/2045 6901/6858/6006 6907/6864/2053
f 6902/6859/6007 6899/6856/2045 6906/6863/2052
f 6899/6856/2045 6908/6865/2054 6906/6863/2052
f 6899/6856/2045 6907/6864/2053 6908/6865/2054
f 6909/6866/6010 6911/6868/6012 6910/6867/6011
f 6912/6869/6013 6911/6868/6012 6909/6866/6010
f 6913/6870/6014 6914/6872/2061 6915/6871/6015
f 6911/6868/6012 6913/6870/6014 6915/6871/6015
f 6911/6868/6012 6915/6871/6015 6910/6867/6011
f 6915/6871/6015 6917/6874/2637 6916/6873/6016
f 6915/6871/6015 6914/6872/2061 6917/6874/2637
f 6918/6875/6017 6673/6636/5851 6919/6876/6018
f 6918/6875/6017 6672/6635/4265 6673/6636/5851
f 6920/6877/4470 6672/6635/4265 6918/6875/6017
f 6921/6878/4471 6672/6635/4265 6920/6877/4470
f 6922/6879/4472 6672/6635/4265 6921/6878/4471
f 6923/6880/4473 6672/6635/4265 6922/6879/4472
f 6924/6881/4474 6672/6635/4265 6923/6880/4473
f 6925/6882/6019 6672/6635/4265 6924/6881/4474
f 6693/6654/4285 6672/6635/4265 6925/6882/6019
f 6926/6883/2064 6928/6885/2066 6927/6884/4477
f 6926/6883/2064 6929/6886/6020 6928/6885/2066
f 6926/6883/2064 6930/6887/6021 6929/6886/6020
f 6927/6884/4477 6928/6885/2066 6931/6888/2069
f 6927/6884/4477 6932/6890/6023 6933/6889/6022
f 6933/6889/6022 6932/6890/6023 6934/6891/6024
f 6927/6884/4477 6931/6888/2069 6932/6890/6023
f 6931/6888/2069 6935/6892/2073 6932/6890/6023
f 6931/6888/2069 6928/6885/2066 6936/6893/2074
f 6928/6885/2066 6937/6894/6025 6936/6893/2074
f 6928/6885/2066 6929/6886/6020 6937/6894/6025
f 6936/6893/2074 6937/6894/6025 6938/6895/6026
f 6931/6888/2069 6936/6893/2074 6939/6896/2644
f 6931/6888/2069 6939/6896/2644 6940/6897/2078
f 6931/6888/2069 6940/6897/2078 6935/6892/2073
f 6935/6892/2073 6940/6897/2078 6941/6898/6027
f 6932/6890/6023 6935/6892/2073 6942/6899/6028
f 6932/6890/6023 6942/6899/6028 6934/6891/6024
f 6939/6896/2644 6936/6893/2074 6943/6900/6029
f 6939/6896/2644 6943/6900/6029 6944/6901/2082
f 6936/6893/2074 6945/6902/6030 6943/6900/6029
f 6936/6893/2074 6938/6895/6026 6945/6902/6030
f 6946/6903/6031 6948/6905/6033 6947/6904/6032
f 6946/6903/6031 6949/6906/6034 6948/6905/6033
f 6949/6906/6034 6950/6907/6035 6948/6905/6033
f 6951/6908/6036 6950/6907/6035 6949/6906/6034
f 6951/6908/6036 6952/6909/6037 6950/6907/6035
f 6951/6908/6036 6953/6910/6038 6952/6909/6037
f 6953/6910/6038 6954/6911/6039 6952/6909/6037
f 6953/6910/6038 6955/6912/6040 6954/6911/6039
f 6954/6911/6039 6955/6912/6040 6956/6913/6041
f 6950/6907/6035 6957/6914/6042 6948/6905/6033
f 6950/6907/6035 6958/6915/2096 6957/6914/6042
f 6952/6909/6037 6954/6911/6039 6950/6907/6035
f 6954/6911/6039 6956/6913/6041 6950/6907/6035
f 6950/6907/6035 6956/6913/6041 6959/6916/2097
f 6950/6907/6035 6959/6916/2097 6958/6915/2096
f 6961/6917/6043 6960/6919/6044 6962/6918/2099
f 6962/6918/2099 6960/6919/6044 6963/6920/6045
f 6962/6918/2099 6963/6920/6045 6964/6921/2654
f 6963/6920/6045 6965/6923/6046 6966/6922/2103
f 6963/6920/6045 6966/6922/2103 6964/6921/2654
f 6968/6924/6047 6970/6926/6049 6969/6925/6048
f 6969/6925/6048 6970/6926/6049 6971/6927/6050
f 6968/6924/6047 6969/6925/6048 6972/6928/6051
f 6967/6929/6052 6968/6924/6047 6972/6928/6051
f 6967/6929/6052 6972/6928/6051 6973/6930/6053
f 6967/6929/6052 6973/6930/6053 6974/6931/6054
f 6974/6931/6054 6975/6933/6056 6976/6932/6055
f 6974/6931/6054 6976/6932/6055 6977/6934/6057
f 6974/6931/6054 6973/6930/6053 6975/6933/6056
f 6973/6930/6053 6978/6935/6058 6975/6933/6056
f 6972/6928/6051 6969/6925/6048 6979/6936/6059
f 6969/6925/6048 6971/6927/6050 6979/6936/6059
f 6979/6936/6059 6971/6927/6050 6980/6937/6060
f 6972/6928/6051 6979/6936/6059 6981/6938/6061
f 6972/6928/6051 6981/6938/6061 6982/6939/6062
f 6972/6928/6051 6982/6939/6062 6973/6930/6053
f 6973/6930/6053 6982/6939/6062 6983/6940/6063
f 6973/6930/6053 6983/6940/6063 6978/6935/6058
f 6978/6935/6058 6983/6940/6063 6984/6941/6064
f 6975/6933/6056 6978/6935/6058 6985/6942/6065
f 6975/6933/6056 6985/6942/6065 6976/6932/6055
f 6988/6943/6066 6986/6945/6068 6989/6944/6067
f 6989/6944/6067 6986/6945/6068 6990/6946/6069
f 6989/6944/6067 6990/6946/6069 6991/6947/4533
f 6986/6945/6068 6992/6948/6070 6990/6946/6069
f 6986/6945/6068 6987/6949/6071 6992/6948/6070
f 6990/6946/6069 6992/6948/6070 6993/6950/4536
f 6990/6946/6069 6993/6950/4536 6991/6947/4533
f 6996/6951/6072 6995/6953/4539 6994/6952/6073
f 6996/6951/6072 6997/6954/6074 6995/6953/4539
f 6998/6955/4541 7000/6957/2137 6999/6956/2136
f 6998/6955/4541 6999/6956/2136 7001/6958/6075
f 6997/6954/6074 6998/6955/4541 7001/6958/6075
f 6997/6954/6074 7001/6958/6075 6995/6953/4539
f 6994/6952/6073 6995/6953/4539 7002/6959/6076
f 6995/6953/4539 7003/6960/6077 7002/6959/6076
f 6995/6953/4539 7001/6958/6075 7003/6960/6077
f 7001/6958/6075 6999/6956/2136 7003/6960/6077
f 7003/6960/6077 7005/6962/2142 7004/6961/4547
f 7003/6960/6077 6999/6956/2136 7005/6962/2142
f 7006/6963/6078 7008/6965/6080 7007/6964/6079
f 7007/6964/6079 7008/6965/6080 7009/6966/6081
f 7006/6963/6078 7007/6964/6079 7010/6967/6082
f 7006/6963/6078 7010/6967/6082 7011/6968/6083
f 7011/6968/6083 7012/6970/6085 7013/6969/6084
f 7012/6970/6085 7014/6971/6086 7013/6969/6084
f 7011/6968/6083 7010/6967/6082 7012/6970/6085
f 7007/6964/6079 7009/6966/6081 7015/6972/6087
f 7007/6964/6079 7015/6972/6087 7016/6973/6088
f 7010/6967/6082 7007/6964/6079 7016/6973/6088
f 7010/6967/6082 7016/6973/6088 7017/6974/6089
f 7010/6967/6082 7017/6974/6089 7018/6975/6090
f 7010/6967/6082 7018/6975/6090 7019/6976/6091
f 7010/6967/6082 7019/6976/6091 7012/6970/6085
f 7012/6970/6085 7020/6977/6092 7014/6971/6086
f 7012/6970/6085 7019/6976/6091 7020/6977/6092
f 7017/6974/6089 7021/6978/6093 7018/6975/6090
f 7017/6974/6089 7022/6979/2159 7021/6978/6093
f 7023/6980/6094 7025/6982/6096 7024/6981/6095
f 7026/6983/6097 7025/6982/6096 7023/6980/6094
f 7026/6983/6097 7027/6984/6098 7025/6982/6096
f 7027/6984/6098 7028/6985/6099 7025/6982/6096
f 7027/6984/6098 7029/6986/2166 7028/6985/6099
f 7025/6982/6096 7030/6987/2167 7024/6981/6095
f 7025/6982/6096 7028/6985/6099 7030/6987/2167
f 7028/6985/6099 7031/6988/6100 7030/6987/2167
f 7028/6985/6099 7032/6989/6101 7031/6988/6100
f 7028/6985/6099 7029/6986/2166 7032/6989/6101
f 7030/6987/2167 7031/6988/6100 7033/6990/6102
f 7030/6987/2167 7033/6990/6102 7034/6991/4568
f 7035/6992/6103 7037/6994/6104 7036/6993/4570
f 7039/6995/2704 7036/6993/4570 7038/6996/6105
f 7039/6995/2704 7035/6992/6103 7036/6993/4570
f 7040/6997/6106 7041/6999/2179 7042/6998/6107
f 7040/6997/6106 7043/7000/6108 7041/6999/2179
f 7038/6996/6105 7043/7000/6108 7040/6997/6106
f 7038/6996/6105 7036/6993/4570 7043/7000/6108
f 7036/6993/4570 7044/7001/6109 7043/7000/6108
f 7036/6993/4570 7037/6994/6104 7044/7001/6109
f 7043/7000/6108 7044/7001/6109 7041/6999/2179
f 7044/7001/6109 7045/7002/4578 7041/6999/2179
f 7044/7001/6109 7046/7003/4579 7045/7002/4578
f 7049/7004/6110 7050/7006/6112 7051/7005/6111
f 7048/7007/6113 7049/7004/6110 7051/7005/6111
f 7048/7007/6113 7051/7005/6111 7052/7008/6114
f 7047/7009/6115 7048/7007/6113 7052/7008/6114
f 7047/7009/6115 7052/7008/6114 7053/7010/6116
f 7047/7009/6115 7053/7010/6116 7054/7011/6117
f 7055/7012/6118 7057/7014/6120 7056/7013/6119
f 7054/7011/6117 7057/7014/6120 7055/7012/6118
f 7054/7011/6117 7053/7010/6116 7057/7014/6120
f 7053/7010/6116 7058/7015/6121 7057/7014/6120
f 7052/7008/6114 7051/7005/6111 7059/7016/6122
f 7052/7008/6114 7059/7016/6122 7060/7017/6123
f 7052/7008/6114 7060/7017/6123 7061/7018/6124
f 7052/7008/6114 7061/7018/6124 7062/7019/6125
f 7052/7008/6114 7062/7019/6125 7053/7010/6116
f 7053/7010/6116 7062/7019/6125 7063/7020/2200
f 7053/7010/6116 7063/7020/2200 7058/7015/6121
f 7061/7018/6124 7064/7022/6126 7065/7021/2719
f 7061/7018/6124 7060/7017/6123 7064/7022/6126
f 7057/7014/6120 7058/7015/6121 7066/7023/6127
f 7067/7024/6128 7069/7026/6129 7068/7025/4602
f 7068/7025/4602 7069/7026/6129 7070/7027/6130
f 7068/7025/4602 7070/7027/6130 7071/7028/2208
f 7068/7025/4602 7071/7028/2208 7072/7029/6131
f 7073/7030/6132 7075/7032/6134 7074/7031/6133
f 7073/7030/6132 7076/7033/6135 7075/7032/6134
f 7076/7033/6135 7077/7034/6136 7075/7032/6134
f 7078/7035/6137 7077/7034/6136 7076/7033/6135
f 7080/7036/6138 7079/7037/2228 7077/7034/6136
f 7080/7036/6138 7081/7038/6139 7079/7037/2228
f 7081/7038/6139 7082/7039/6140 7079/7037/2228
f 7081/7038/6139 7083/7040/6141 7082/7039/6140
f 7081/7038/6139 7084/7041/2740 7083/7040/6141
f 7079/7037/2228 7082/7039/6140 7077/7034/6136
f 7077/7034/6136 7082/7039/6140 7085/7042/6142
f 7077/7034/6136 7085/7042/6142 7075/7032/6134
f 7075/7032/6134 7086/7044/6144 7087/7043/6143
f 7075/7032/6134 7088/7045/6145 7086/7044/6144
f 7075/7032/6134 7085/7042/6142 7088/7045/6145
f 7082/7039/6140 7083/7040/6141 7089/7046/6146
f 7082/7039/6140 7089/7046/6146 7085/7042/6142
f 7088/7045/6145 7091/7048/2744 7090/7047/6147
f 7085/7042/6142 7091/7048/2744 7088/7045/6145
f 7085/7042/6142 7089/7046/6146 7091/7048/2744
f 7094/7049/6148 7095/7051/6150 7096/7050/6149
f 7094/7049/6148 7096/7050/6149 7097/7052/6151
f 7092/7053/6152 7094/7049/6148 7097/7052/6151
f 7092/7053/6152 7097/7052/6151 7098/7054/6153
f 7093/7055/6154 7092/7053/6152 7098/7054/6153
f 7092/7053/6152 7093/7055/6154 7099/7056/6155
f 7099/7056/6155 7100/7058/6157 7101/7057/6156
f 7099/7056/6155 7101/7057/6156 7102/7059/6158
f 7099/7056/6155 7103/7060/6159 7100/7058/6157
f 7099/7056/6155 7104/7061/6160 7103/7060/6159
f 7093/7055/6154 7104/7061/6160 7099/7056/6155
f 7093/7055/6154 7105/7062/2254 7104/7061/6160
f 7093/7055/6154 7098/7054/6153 7105/7062/2254
f 7098/7054/6153 7097/7052/6151 7106/7063/2255
f 7097/7052/6151 7107/7064/6161 7106/7063/2255
f 7098/7054/6153 7106/7063/2255 7108/7065/2257
f 7098/7054/6153 7108/7065/2257 7109/7066/6162
f 7105/7062/2254 7098/7054/6153 7109/7066/6162
f 7105/7062/2254 7110/7067/6163 7104/7061/6160
f 7104/7061/6160 7111/7068/6164 7103/7060/6159
f 7104/7061/6160 7110/7067/6163 7111/7068/6164
f 7105/7062/2254 7112/7069/2756 7110/7067/6163
f 7105/7062/2254 7113/7070/6165 7112/7069/2756
f 7105/7062/2254 7114/7071/6166 7113/7070/6165
f 7105/7062/2254 7109/7066/6162 7114/7071/6166
f 7115/7072/4647 7117/7074/4649 7116/7073/4648
f 7117/7074/4649 7118/7075/6167 7116/7073/4648
f 7117/7074/4649 7119/7076/6168 7118/7075/6167
f 7117/7074/4649 7120/7077/6169 7119/7076/6168
f 7117/7074/4649 7121/7078/6170 7120/7077/6169
f 7118/7075/6167 7119/7076/6168 7122/7079/2271
f 7118/7075/6167 7122/7079/2271 7123/7080/6171
f 7124/7081/2284 7126/7083/6173 7125/7082/6172
f 7127/7084/2287 7124/7081/2284 7125/7082/6172
f 7127/7084/2287 7125/7082/6172 7128/7085/4657
f 7128/7085/4657 7125/7082/6172 7129/7086/2289
f 7130/7087/6174 7128/7085/4657 7129/7086/2289
f 7130/7087/6174 7129/7086/2289 7131/7088/4660
f 7132/7089/6175 7131/7088/4660 7129/7086/2289
f 7132/7089/6175 7129/7086/2289 7133/7090/6176
f 7133/7090/6176 7129/7086/2289 7134/7091/2781
f 7133/7090/6176 7134/7091/2781 7135/7092/2295
f 7133/7090/6176 7135/7092/2295 7136/7093/2296
f 7129/7086/2289 7137/7094/2297 7134/7091/2781
f 7125/7082/6172 7126/7083/6173 7138/7095/6177
f 7129/7086/2289 7125/7082/6172 7137/7094/2297
f 7134/7091/2781 7137/7094/2297 7135/7092/2295
f 7137/7094/2297 7139/7096/2783 7135/7092/2295
f 7137/7094/2297 7125/7082/6172 7139/7096/2783
f 7138/7095/6177 7140/7098/6178 7141/7097/2300
f 7125/7082/6172 7138/7095/6177 7141/7097/2300
f 7125/7082/6172 7141/7097/2300 7139/7096/2783
f 7142/7099/6179 7144/7101/6181 7143/7100/6180
f 7142/7099/6179 7145/7102/4673 7144/7101/6181
f 7142/7099/6179 7146/7103/2788 7145/7102/4673
f 7146/7103/2788 7148/7105/6183 7147/7104/6182
f 7146/7103/2788 7149/7106/2791 7148/7105/6183
f 7146/7103/2788 7147/7104/6182 7150/7107/2792
f 7146/7103/2788 7150/7107/2792 7151/7108/2793
f 7145/7102/4673 7146/7103/2788 7151/7108/2793
f 7143/7100/6180 7144/7101/6181 7152/7109/6184
f 7143/7100/6180 7152/7109/6184 7153/7110/6185
f 7143/7100/6180 7153/7110/6185 7154/7111/6186
f 7144/7101/6181 7155/7112/4682 7152/7109/6184
f 7144/7101/6181 7156/7113/4683 7155/7112/4682
f 7145/7102/4673 7156/7113/4683 7144/7101/6181
f 7145/7102/4673 7157/7114/6187 7156/7113/4683
f 7145/7102/4673 7151/7108/2793 7157/7114/6187
f 7151/7108/2793 7158/7115/6188 7157/7114/6187
f 7157/7114/6187 7159/7117/6190 7160/7116/6189
f 7156/7113/4683 7157/7114/6187 7160/7116/6189
f 7156/7113/4683 7161/7118/6191 7155/7112/4682
f 7155/7112/4682 7161/7118/6191 7162/7119/6192
f 7156/7113/4683 7163/7120/6193 7161/7118/6191
f 7156/7113/4683 7164/7121/6194 7163/7120/6193
f 7156/7113/4683 7165/7122/2807 7164/7121/6194
f 7156/7113/4683 7160/7116/6189 7165/7122/2807
f 7152/7109/6184 7155/7112/4682 7166/7123/2808
f 7167/7124/6195 7169/7126/2329 7168/7125/6196
f 7167/7124/6195 7170/7127/6197 7169/7126/2329
f 7171/7128/6198 7168/7125/6196 7172/7129/2814
f 7172/7129/2814 7168/7125/6196 7173/7130/6199
f 7174/7131/6200 7172/7129/2814 7173/7130/6199
f 7174/7131/6200 7173/7130/6199 7175/7132/6201
f 7175/7132/6201 7173/7130/6199 7176/7133/4699
f 7177/7134/4700 7175/7132/6201 7176/7133/4699
f 7178/7135/6202 7176/7133/4699 7179/7136/6203
f 7179/7136/6203 7181/7138/6205 7180/7137/6204
f 7179/7136/6203 7182/7139/6206 7181/7138/6205
f 7176/7133/4699 7182/7139/6206 7179/7136/6203
f 7176/7133/4699 7173/7130/6199 7182/7139/6206
f 7173/7130/6199 7168/7125/6196 7183/7140/6207
f 7168/7125/6196 7169/7126/2329 7183/7140/6207
f 7169/7126/2329 7185/7142/6209 7184/7141/6208
f 7169/7126/2329 7184/7141/6208 7186/7143/6210
f 7169/7126/2329 7186/7143/6210 7183/7140/6207
f 7182/7139/6206 7173/7130/6199 7181/7138/6205
f 7173/7130/6199 7187/7144/6211 7181/7138/6205
f 7173/7130/6199 7183/7140/6207 7187/7144/6211
f 7183/7140/6207 7186/7143/6210 7187/7144/6211
f 7188/7145/6212 7190/7147/6214 7189/7146/6213
f 7191/7148/4804 7188/7145/6212 7189/7146/6213
f 7192/7149/4714 7191/7148/4804 7189/7146/6213
f 7193/7150/6215 7192/7149/4714 7189/7146/6213
f 7194/7151/6216 7193/7150/6215 7189/7146/6213
f 7195/7152/6217 7194/7151/6216 7189/7146/6213
f 7196/7153/6218 7195/7152/6217 7189/7146/6213
f 7197/7154/4718 7196/7153/6218 7189/7146/6213
f 7197/7154/4718 7189/7146/6213 7198/7155/2833
f 7197/7154/4718 7198/7155/2833 7199/7156/6219
f 7199/7156/6219 7198/7155/2833 7200/7157/4720
f 7200/7157/4720 7198/7155/2833 7201/7158/6220
f 7201/7158/6220 7198/7155/2833 7202/7159/6221
f 7202/7159/6221 7198/7155/2833 7203/1115/6222
f 7203/1115/6222 7198/7155/2833 7204/7160/6223
f 7204/7160/6223 7198/7155/2833 7205/7161/6224
f 7205/7161/6224 7198/7155/2833 7206/7162/6225
f 7205/7161/6224 7206/7162/6225 7207/7163/6226
f 7198/7155/2833 7209/7165/6227 7208/7164/2843
f 7189/7146/6213 7209/7165/6227 7198/7155/2833
f 7210/7166/4728 7211/7167/6228 7189/7146/6213
f 7210/7166/4728 7212/7168/6229 7211/7167/6228
f 7212/7168/6229 7213/7169/4733 7211/7167/6228
f 7213/7169/4733 7214/7170/6230 7211/7167/6228
f 7214/7170/6230 7215/7171/4733 7211/7167/6228
f 7215/7171/4733 7216/7172/2850 7211/7167/6228
f 7216/7172/2850 7217/7173/6231 7211/7167/6228
f 7217/7173/6231 7218/7174/4735 7211/7167/6228
f 7218/7174/4735 7219/7175/6232 7211/7167/6228
f 7220/7176/6233 7211/7167/6228 7219/7175/6232
f 7220/7176/6233 7219/7175/6232 7221/7177/6234
f 7222/7178/6235 7211/7167/6228 7220/7176/6233
f 7223/7179/2857 7211/7167/6228 7222/7178/6235
f 7224/7180/6236 7211/7167/6228 7223/7179/2857
f 7225/7181/6237 7211/7167/6228 7224/7180/6236
f 7226/7182/6238 7211/7167/6228 7225/7181/6237
f 7227/7183/6239 7211/7167/6228 7226/7182/6238
f 7228/7184/6240 7211/7167/6228 7227/7183/6239
f 7228/7184/6240 7229/7185/2863 7211/7167/6228
f 7228/7184/6240 7230/7186/6241 7229/7185/2863
f 7230/7186/6241 7231/7187/6242 7229/7185/2863
f 7231/7187/6242 7232/7188/6243 7229/7185/2863
f 7232/7188/6243 7233/7189/6244 7229/7185/2863
f 7233/7189/6244 7234/7190/6245 7229/7185/2863
f 7234/7190/6245 7235/7191/2867 7229/7185/2863
f 7235/7191/2867 7236/7192/6246 7229/7185/2863
f 7236/7192/6246 7237/7193/2871 7229/7185/2863
f 7238/7194/6247 7229/7185/2863 7237/7193/2871
f 7238/7194/6247 7237/7193/2871 7239/7195/2873
f 7240/7196/6248 7229/7185/2863 7238/7194/6247
f 7241/7197/6249 7229/7185/2863 7240/7196/6248
f 7242/7198/6250 7229/7185/2863 7241/7197/6249
f 7243/7199/4756 7229/7185/2863 7242/7198/6250
f 7244/7200/6251 7229/7185/2863 7243/7199/4756
f 7245/7201/6252 7229/7185/2863 7244/7200/6251
f 7246/7202/6253 7229/7185/2863 7245/7201/6252
f 7246/7202/6253 7247/7203/6254 7229/7185/2863
f 7246/7202/6253 7248/7204/6255 7247/7203/6254
f 7248/7204/6255 7249/7205/6256 7247/7203/6254
f 7249/7205/6256 7250/7206/3007 7247/7203/6254
f 7250/7206/3007 7251/7207/6257 7247/7203/6254
f 7251/7207/6257 7252/7208/4761 7247/7203/6254
f 7252/7208/4761 7253/7209/4762 7247/7203/6254
f 7253/7209/4762 7254/7210/4761 7247/7203/6254
f 7254/7210/4761 7255/7211/6258 7247/7203/6254
f 7254/7210/4761 7256/7212/2884 7255/7211/6258
f 7247/7203/6254 7257/7213/2890 7229/7185/2863
f 7229/7185/2863 7257/7213/2890 7258/7214/6259
f 7229/7185/2863 7258/7214/6259 7211/7167/6228
f 7211/7167/6228 7258/7214/6259 7259/7215/6260
f 7211/7167/6228 7259/7215/6260 7189/7146/6213
f 7189/7146/6213 7259/7215/6260 7209/7165/6227
f 7260/7216/6261 7262/7218/4767 7261/7217/6262
f 7260/7216/6261 7263/7219/6263 7262/7218/4767
f 7263/7219/6263 7264/7220/6264 7262/7218/4767
f 7263/7219/6263 7265/7221/6265 7264/7220/6264
f 7263/7219/6263 7266/7222/6266 7265/7221/6265
f 7260/7216/6261 7261/7217/6262 7267/7223/6267
f 7260/7216/6261 7267/7223/6267 7268/7224/6268
f 7268/7224/6268 7267/7223/6267 7269/7225/2903
f 7269/7225/2903 7271/7227/2359 7270/7226/2904
f 7267/7223/6267 7271/7227/2359 7269/7225/2903
f 7261/7217/6262 7272/7228/6269 7267/7223/6267
f 7261/7217/6262 7273/7229/6270 7272/7228/6269
f 7261/7217/6262 7262/7218/4767 7273/7229/6270
f 7262/7218/4767 7274/7230/4778 7273/7229/6270
f 7262/7218/4767 7264/7220/6264 7274/7230/4778
f 7264/7220/6264 7275/7231/6271 7274/7230/4778
f 7274/7230/4778 7276/7232/6272 7273/7229/6270
f 7272/7228/6269 7277/7234/6274 7278/7233/6273
f 7267/7223/6267 7272/7228/6269 7278/7233/6273
f 7267/7223/6267 7278/7233/6273 7279/7235/6275
f 7267/7223/6267 7279/7235/6275 7271/7227/2359
f 7273/7229/6270 7280/7236/6276 7272/7228/6269
f 7273/7229/6270 7281/7237/6277 7280/7236/6276
f 7273/7229/6270 7282/7238/6278 7281/7237/6277
f 7283/7239/6279 7285/7241/6281 7284/7240/6280
f 7283/7239/6279 7286/7242/6282 7285/7241/6281
f 7287/7243/4791 7288/7244/6283 7286/7242/6282
f 7288/7244/6283 7289/7245/4792 7286/7242/6282
f 7290/7246/6284 7289/7245/4792 7288/7244/6283
f 7290/7246/6284 7291/7247/6285 7289/7245/4792
f 7291/7247/6285 7292/7248/2921 7289/7245/4792
f 7293/7249/2922 7292/7248/2921 7291/7247/6285
f 7294/7250/6286 7295/7251/4795 7292/7248/2921
f 7295/7251/4795 7296/7253/4797 7297/7252/4796
f 7295/7251/4795 7297/7252/4796 7298/7254/6287
f 7292/7248/2921 7295/7251/4795 7298/7254/6287
f 7292/7248/2921 7298/7254/6287 7289/7245/4792
f 7289/7245/4792 7299/7255/6288 7286/7242/6282
f 7286/7242/6282 7299/7255/6288 7285/7241/6281
f 7285/7241/6281 7300/7257/6290 7301/7256/6289
f 7285/7241/6281 7302/7258/6291 7300/7257/6290
f 7285/7241/6281 7299/7255/6288 7302/7258/6291
f 7298/7254/6287 7297/7252/4796 7289/7245/4792
f 7289/7245/4792 7297/7252/4796 7303/7259/6292
f 7289/7245/4792 7303/7259/6292 7299/7255/6288
f 7299/7255/6288 7303/7259/6292 7302/7258/6291
s 0
f 7304/7260/4804 7306/7262/4804 7305/7261/4804
s 1
f 7304/7260/6293 7307/7263/4807 7306/7262/6294
f 7308/7264/4808 7307/7263/4807 7304/7260/6293
f 7309/7265/6295 7307/7263/4807 7308/7264/4808
f 7310/7266/6296 7307/7263/4807 7309/7265/6295
f 7311/7267/6297 7307/7263/4807 7310/7266/6296
f 7312/7268/6298 7307/7263/4807 7311/7267/6297
f 7313/7269/6299 7307/7263/4807 7312/7268/6298
f 7314/7270/4813 7307/7263/4807 7313/7269/6299
f 7314/7270/4813 7315/7271/2943 7307/7263/4807
f 7314/7270/4813 7316/7272/6300 7315/7271/2943
f 7316/7272/6300 7317/7273/6301 7315/7271/2943
f 7317/7273/6301 7318/7274/6302 7315/7271/2943
f 7318/7274/6302 7319/7275/6303 7315/7271/2943
f 7319/7275/6303 7320/1141/4817 7315/7271/2943
f 7320/1141/4817 7321/7276/6304 7315/7271/2943
f 7321/7276/6304 7322/7277/6305 7315/7271/2943
f 7322/7277/6305 7323/7278/4820 7315/7271/2943
f 7322/7277/6305 7324/7279/4821 7323/7278/4820
f 7325/7280/6306 7326/7281/6307 7307/7263/4823
f 7326/7281/6307 7327/7282/6308 7307/7263/4823
f 7327/7282/6308 7328/7283/6309 7307/7263/4823
f 7328/7283/6309 7329/7284/6310 7307/7263/4823
f 7329/7284/6310 7330/7285/6311 7307/7263/4823
f 7330/7285/6311 7331/7286/6312 7307/7263/4823
f 7331/7286/6312 7332/7287/6313 7307/7263/4823
f 7332/7287/6313 7333/7262/6314 7307/7263/4823
f 7332/7287/6313 7334/7288/4831 7333/7262/6314
f 7325/7280/6306 7307/7263/4823 7335/7289/6315
f 7325/7280/6306 7335/7289/6315 7336/7290/6316
f 7336/7290/6316 7335/7289/6315 7337/7291/4835
f 7337/7291/4835 7335/7289/6315 7338/7292/6317
f 7338/7292/6317 7335/7289/6315 7339/7293/2966
f 7339/7293/2966 7335/7289/6315 7340/7294/6318
f 7340/7294/6318 7335/7289/6315 7341/7295/6319
f 7341/7295/6319 7335/7289/6315 7342/7296/6320
f 7342/7296/6320 7335/7289/6315 7343/7297/6321
s 0
f 7342/7296/2971 7343/7297/2971 7344/7298/2971
s 1
f 7345/7299/6322 7346/7297/6324 7335/7289/6323
f 7345/7299/6322 7347/7300/6325 7346/7297/6324
f 7348/7301/6326 7345/7299/6322 7335/7289/6323
f 7349/7302/6327 7348/7301/6326 7335/7289/6323
f 7350/7303/4844 7349/7302/6327 7335/7289/6323
f 7351/7304/6328 7350/7303/4844 7335/7289/6323
f 7352/7305/6329 7351/7304/6328 7335/7289/6323
f 7353/7306/6330 7352/7305/6329 7335/7289/6323
f 7354/7307/6331 7353/7306/6330 7335/7289/6323
f 7354/7307/6331 7335/7289/6323 7355/7308/4849
f 7354/7307/6331 7355/7308/4849 7356/7309/4852
f 7356/7309/4852 7355/7308/4849 7357/7310/6332
f 7357/7310/6332 7355/7308/4849 7358/7311/6333
f 7358/7311/6333 7355/7308/4849 7359/7312/6334
f 7359/7312/6334 7355/7308/4849 7360/7313/6335
f 7360/7313/6335 7355/7308/4849 7361/7314/6336
f 7361/7314/6336 7355/7308/4849 7362/7315/4856
f 7362/7315/4856 7355/7308/4849 7363/7316/4857
s 0
f 7362/7315/2865 7363/7316/2865 7364/7317/2865
s 1
f 7365/7318/6337 7366/7316/4860 7355/7308/6338
f 7365/7318/6337 7367/7319/2995 7366/7316/4860
f 7368/7320/6339 7365/7318/6337 7355/7308/6338
f 7369/7321/6340 7368/7320/6339 7355/7308/6338
f 7370/7322/6341 7369/7321/6340 7355/7308/6338
f 7371/7323/4864 7370/7322/6341 7355/7308/6338
f 7372/7324/4865 7371/7323/4864 7355/7308/6338
f 7373/7325/6342 7372/7324/4865 7355/7308/6338
f 7374/7326/6343 7373/7325/6342 7355/7308/6338
f 7374/7326/6343 7355/7308/6338 7375/7327/6344
f 7374/7326/6343 7375/7327/6344 7376/7328/6345
f 7376/7328/6345 7375/7327/6344 7377/7329/6346
f 7377/7329/6346 7375/7327/6344 7378/7330/6347
f 7378/7330/6347 7375/7327/6344 7379/7331/2884
f 7379/7331/2884 7375/7327/6344 7380/7332/4761
f 7380/7332/4761 7375/7327/6344 7381/7333/2887
f 7381/7333/2887 7375/7327/6344 7382/7334/2885
f 7382/7334/2885 7375/7327/6344 7383/7335/2884
s 0
f 7382/7334/2887 7383/7335/2887 7384/7336/2887
s 1
f 7386/7337/6348 7388/7339/6349 7387/7338/4873
f 7388/7339/6349 7389/7340/4875 7387/7338/4873
f 7387/7338/4873 7389/7340/4875 7390/7341/6350
f 7387/7338/4873 7390/7341/6350 7391/7342/6351
f 7386/7337/6348 7387/7338/4873 7392/7343/6352
f 7385/7344/4879 7386/7337/6348 7392/7343/6352
f 7385/7344/4879 7392/7343/6352 7393/7345/6353
f 7385/7344/4879 7393/7345/6353 7394/7346/4881
f 7394/7346/4881 7393/7345/6353 7395/7347/6354
f 7393/7345/6353 7396/7348/6355 7395/7347/6354
f 7392/7343/6352 7387/7338/4873 7397/7349/6356
f 7387/7338/4873 7398/7350/6357 7397/7349/6356
f 7387/7338/4873 7391/7342/6351 7398/7350/6357
f 7392/7343/6352 7397/7349/6356 7399/7351/6358
f 7392/7343/6352 7399/7351/6358 7400/7352/6359
f 7392/7343/6352 7400/7352/6359 7393/7345/6353
f 7393/7345/6353 7400/7352/6359 7401/7353/6360
f 7393/7345/6353 7401/7353/6360 7396/7348/6355
f 7395/7347/6354 7396/7348/6355 7402/7354/6361
f 7403/7355/6362 7405/7357/6364 7404/7356/6363
f 7403/7355/6362 7406/7358/6365 7405/7357/6364
f 7404/7356/6363 7405/7357/6364 7407/7359/6366
f 7404/7356/6363 7407/7359/6366 7408/7360/2416
f 7409/7361/6367 7404/7356/6363 7408/7360/2416
f 7409/7361/6367 7408/7360/2416 7410/7362/6368
f 7410/7362/6368 7408/7360/2416 7411/7363/6369
f 7410/7362/6368 7411/7363/6369 7412/7364/6370
f 7411/7363/6369 7413/7365/2421 7412/7364/6370
f 7405/7357/6364 7414/7366/6371 7407/7359/6366
f 7405/7357/6364 7415/7367/6372 7414/7366/6371
f 7407/7359/6366 7414/7366/6371 7416/7368/6373
f 7408/7360/2416 7407/7359/6366 7411/7363/6369
f 7411/7363/6369 7407/7359/6366 7413/7365/2421
f 7407/7359/6366 7417/7369/6374 7413/7365/2421
f 7407/7359/6366 7416/7368/6373 7417/7369/6374
f 7419/7370/6375 7420/7372/6377 7418/7371/6376
f 7420/7372/6377 7421/7373/6378 7418/7371/6376
f 7420/7372/6377 7422/7374/4905 7421/7373/6378
f 7421/7373/6378 7422/7374/4905 7423/7375/2431
f 7424/7376/6379 7190/7147/6214 7425/7377/6380
f 7424/7376/6379 7189/7146/6213 7190/7147/6214
f 7426/7378/6381 7189/7146/6213 7424/7376/6379
f 7427/7379/6382 7189/7146/6213 7426/7378/6381
f 7428/7380/6383 7189/7146/6213 7427/7379/6382
f 7429/7381/6384 7189/7146/6213 7428/7380/6383
f 7430/7382/6385 7189/7146/6213 7429/7381/6384
f 7431/7383/6386 7189/7146/6213 7430/7382/6385
f 7210/7166/4728 7189/7146/6213 7431/7383/6386
f 7432/7384/6387 7434/7386/6389 7433/7385/6388
f 7432/7384/6387 7435/7387/6390 7434/7386/6389
f 7435/7387/6390 7436/7388/6391 7434/7386/6389
f 7432/7384/6387 7433/7385/6388 7437/7389/6392
f 7432/7384/6387 7437/7389/6392 7438/7390/6393
f 7438/7390/6393 7437/7389/6392 7439/7391/6394
f 7438/7390/6393 7439/7391/6394 7440/7392/6395
f 7438/7390/6393 7440/7392/6395 7441/7393/6396
f 7437/7389/6392 7443/7395/6397 7442/7394/2442
f 7433/7385/6388 7443/7395/6397 7437/7389/6392
f 7433/7385/6388 7444/7396/2444 7443/7395/6397
f 7433/7385/6388 7434/7386/6389 7444/7396/2444
f 7434/7386/6389 7445/7397/2445 7444/7396/2444
f 7434/7386/6389 7436/7388/6391 7445/7397/2445
f 7444/7396/2444 7445/7397/2445 7446/7398/6398
f 7443/7395/6397 7447/7399/2447 7442/7394/2442
f 7437/7389/6392 7442/7394/2442 7439/7391/6394
f 7439/7391/6394 7442/7394/2442 7448/7400/6399
f 7439/7391/6394 7448/7400/6399 7440/7392/6395
f 7444/7396/2444 7449/7401/6400 7443/7395/6397
f 7444/7396/2444 7450/7402/6401 7449/7401/6400
f 7444/7396/2444 7451/7403/6402 7450/7402/6401
f 7444/7396/2444 7446/7398/6398 7451/7403/6402
f 7452/7404/3056 7454/7406/2454 7453/7405/3057
f 7455/7407/6403 7454/7406/2454 7452/7404/3056
f 7455/7407/6403 7456/7408/6404 7454/7406/2454
f 7456/7408/6404 7457/7409/2457 7454/7406/2454
f 7456/7408/6404 7458/7410/2458 7457/7409/2457
f 7457/7409/2457 7458/7410/2458 7459/7411/2459
f 7452/7404/3056 7453/7405/3057 7460/7412/6405
f 7452/7404/3056 7460/7412/6405 7461/7413/6406
f 7453/7405/3057 7462/7414/6407 7460/7412/6405
f 7454/7406/2454 7457/7409/2457 7453/7405/3057
f 7457/7409/2457 7459/7411/2459 7453/7405/3057
f 7453/7405/3057 7459/7411/2459 7463/7415/2463
f 7453/7405/3057 7463/7415/2463 7462/7414/6407
f 7465/7416/6408 7464/7418/6410 7466/7417/6409
f 7466/7417/6409 7464/7418/6410 7467/7419/6411
f 7466/7417/6409 7467/7419/6411 7468/7420/4943
f 7467/7419/6411 7469/7421/2472 7468/7420/4943
f 7470/7422/6412 7473/7424/6414 7472/7423/6413
f 7473/7424/6414 7474/7425/6415 7472/7423/6413
f 7470/7422/6412 7472/7423/6413 7476/7426/6416
f 7471/7427/6417 7470/7422/6412 7476/7426/6416
f 7471/7427/6417 7476/7426/6416 7477/7428/6418
f 7471/7427/6417 7477/7428/6418 7478/7429/6419
f 7471/7427/6417 7478/7429/6419 7479/7430/6420
f 7479/7430/6420 7478/7429/6419 7480/7431/6421
f 7477/7428/6418 7481/7432/6422 7478/7429/6419
f 7476/7426/6416 7472/7423/6413 7475/7433/6423
f 7475/7433/6423 7482/7435/6425 7483/7434/6424
f 7476/7426/6416 7475/7433/6423 7483/7434/6424
f 7476/7426/6416 7483/7434/6424 7484/7436/6426
f 7477/7428/6418 7476/7426/6416 7484/7436/6426
f 7477/7428/6418 7484/7436/6426 7485/7437/6427
f 7477/7428/6418 7485/7437/6427 7481/7432/6422
f 7481/7432/6422 7485/7437/6427 7486/7438/6428
f 7478/7429/6419 7481/7432/6422 7487/7439/6429
f 7478/7429/6419 7487/7439/6429 7480/7431/6421
f 7488/7440/6430 7490/7442/6431 7489/7441/3081
f 7491/7443/4963 7488/7440/6430 7489/7441/3081
f 7491/7443/4963 7489/7441/3081 7492/7444/6432
f 7492/7444/6432 7489/7441/3081 7493/7445/6433
f 7492/7444/6432 7493/7445/6433 7494/7446/2498
f 7489/7441/3081 7490/7442/6431 7495/7447/6434
f 7489/7441/3081 7495/7447/6434 7493/7445/6433
f 7493/7445/6433 7495/7447/6434 7496/7448/3086
f 7493/7445/6433 7496/7448/3086 7494/7446/2498
f 7499/7449/2501 7498/7451/4967 7497/7450/6435
f 7499/7449/2501 7500/7452/6436 7498/7451/4967
f 7501/7453/4969 7498/7451/4967 7500/7452/6436
f 7501/7453/4969 7502/7454/4970 7498/7451/4967
f 7502/7454/4970 7503/7456/2508 7504/7455/6437
f 7498/7451/4967 7502/7454/4970 7504/7455/6437
f 7497/7450/6435 7498/7451/4967 7505/7457/6438
f 7498/7451/4967 7506/7458/6439 7505/7457/6438
f 7498/7451/4967 7504/7455/6437 7506/7458/6439
f 7504/7455/6437 7503/7456/2508 7507/7459/6440
f 7504/7455/6437 7507/7459/6440 7506/7458/6439
f 7510/7460/6441 7512/7462/6442 7511/7461/3090
f 7510/7460/6441 7511/7461/3090 7513/7463/6443
f 7509/7464/6444 7510/7460/6441 7513/7463/6443
f 7509/7464/6444 7513/7463/6443 7514/7465/6445
f 7509/7464/6444 7514/7465/6445 7515/7466/2518
f 7509/7464/6444 7515/7466/2518 7508/7467/3095
f 7508/7467/3095 7516/7469/2521 7517/7468/6446
f 7508/7467/3095 7515/7466/2518 7516/7469/2521
f 7513/7463/6443 7511/7461/3090 7518/7470/6447
f 7511/7461/3090 7519/7471/6448 7518/7470/6447
f 7513/7463/6443 7518/7470/6447 7520/7472/6449
f 7513/7463/6443 7520/7472/6449 7521/7473/6450
f 7514/7465/6445 7513/7463/6443 7521/7473/6450
f 7514/7465/6445 7521/7473/6450 7522/7474/2526
f 7514/7465/6445 7522/7474/2526 7523/7475/6451
f 7514/7465/6445 7523/7475/6451 7515/7466/2518
f 7515/7466/2518 7523/7475/6451 7524/7476/6452
f 7515/7466/2518 7524/7476/6452 7525/7477/2529
f 7515/7466/2518 7525/7477/2529 7516/7469/2521
f 7522/7474/2526 7526/7478/6453 7523/7475/6451
f 7522/7474/2526 7527/7479/6454 7526/7478/6453
f 7530/7480/6455 7531/7482/6457 7528/7481/6456
f 7531/7482/6457 7532/7483/4992 7528/7481/6456
f 7531/7482/6457 7533/7484/2536 7532/7483/4992
f 7528/7481/6456 7532/7483/4992 7534/7485/6458
f 7528/7481/6456 7534/7485/6458 7529/7486/6459
f 7532/7483/4992 7535/7487/3113 7534/7485/6458
f 7532/7483/4992 7533/7484/2536 7535/7487/3113
f 7536/7488/6460 7538/7490/6462 7537/7489/6461
f 7540/7491/6463 7537/7489/6461 7539/7492/6464
f 7540/7491/6463 7536/7488/6460 7537/7489/6461
f 7541/7493/2545 7543/7495/2547 7542/7494/2546
f 7539/7492/6464 7543/7495/2547 7541/7493/2545
f 7539/7492/6464 7537/7489/6461 7543/7495/2547
f 7537/7489/6461 7544/7496/3117 7543/7495/2547
f 7537/7489/6461 7538/7490/6462 7544/7496/3117
f 7543/7495/2547 7545/7497/2549 7542/7494/2546
f 7543/7495/2547 7544/7496/3117 7545/7497/2549
f 7546/7498/6465 7548/7500/6467 7547/7499/6466
f 7548/7500/6467 7549/7501/6468 7547/7499/6466
f 7548/7500/6467 7550/7502/6469 7549/7501/6468
f 7548/7500/6467 7551/7503/6470 7550/7502/6469
f 7546/7498/6465 7547/7499/6466 7552/7504/6471
f 7546/7498/6465 7552/7504/6471 7553/7505/6472
f 7546/7498/6465 7553/7505/6472 7554/7506/6473
f 7554/7506/6473 7553/7505/6472 7555/7507/5010
f 7555/7507/5010 7557/7509/5012 7556/7508/6474
f 7553/7505/6472 7557/7509/5012 7555/7507/5010
f 7553/7505/6472 7559/7511/6476 7558/7510/6475
f 7552/7504/6471 7559/7511/6476 7553/7505/6472
f 7552/7504/6471 7547/7499/6466 7560/7512/6477
f 7547/7499/6466 7561/7513/5016 7560/7512/6477
f 7547/7499/6466 7549/7501/6468 7561/7513/5016
f 7549/7501/6468 7562/7514/6478 7561/7513/5016
f 7552/7504/6471 7560/7512/6477 7563/7515/6479
f 7552/7504/6471 7563/7515/6479 7559/7511/6476
f 7560/7512/6477 7564/7517/6481 7565/7516/6480
f 7560/7512/6477 7566/7518/6482 7564/7517/6481
f 7560/7512/6477 7561/7513/5016 7566/7518/6482
f 7553/7505/6472 7558/7510/6475 7557/7509/5012
f 7567/7519/6483 7569/7521/6485 7568/7520/6484
f 7568/7520/6484 7569/7521/6485 7570/7522/6486
f 7568/7520/6484 7570/7522/6486 7571/7523/2575
f 7568/7520/6484 7571/7523/2575 7572/7524/3143
f 7573/7525/6487 7575/7527/6489 7574/7526/6488
f 7576/7528/6490 7575/7527/6489 7573/7525/6487
f 7576/7528/6490 7577/7529/2581 7575/7527/6489
f 7577/7529/2581 7578/7530/6491 7575/7527/6489
f 7579/7531/5029 7578/7530/6491 7577/7529/2581
f 7580/7532/6492 7581/7533/6493 7578/7530/6491
f 7581/7533/6493 7583/7535/6494 7582/7534/5031
f 7581/7533/6493 7582/7534/5031 7584/7536/6495
f 7578/7530/6491 7581/7533/6493 7584/7536/6495
f 7578/7530/6491 7584/7536/6495 7575/7527/6489
f 7575/7527/6489 7585/7537/5033 7574/7526/6488
f 7574/7526/6488 7585/7537/5033 7586/7538/6496
f 7574/7526/6488 7586/7538/6496 7587/7539/6497
f 7585/7537/5033 7588/7540/6498 7586/7538/6496
f 7575/7527/6489 7584/7536/6495 7585/7537/5033
f 7584/7536/6495 7582/7534/5031 7585/7537/5033
f 7585/7537/5033 7582/7534/5031 7589/7541/2593
f 7585/7537/5033 7589/7541/2593 7588/7540/6498
f 7590/7542/6499 7592/7544/6501 7591/7543/6500
f 7592/7544/6501 7593/7545/6502 7591/7543/6500
f 7593/7545/6502 7594/7547/5041 7595/7546/3161
f 7591/7543/6500 7593/7545/6502 7595/7546/3161
f 7590/7542/6499 7591/7543/6500 7596/7548/6503
f 7590/7542/6499 7596/7548/6503 7597/7549/6504
f 7590/7542/6499 7597/7549/6504 7598/7550/6505
f 7598/7550/6505 7599/7552/6507 7600/7551/6506
f 7598/7550/6505 7597/7549/6504 7599/7552/6507
f 7596/7548/6503 7591/7543/6500 7601/7553/6508
f 7591/7543/6500 7602/7554/6509 7601/7553/6508
f 7591/7543/6500 7595/7546/3161 7602/7554/6509
f 7596/7548/6503 7601/7553/6508 7603/7555/6510
f 7596/7548/6503 7603/7555/6510 7604/7556/6511
f 7596/7548/6503 7604/7556/6511 7597/7549/6504
f 7597/7549/6504 7604/7556/6511 7605/7557/6512
f 7597/7549/6504 7605/7557/6512 7606/7558/6513
f 7597/7549/6504 7606/7558/6513 7599/7552/6507
f 7604/7556/6511 7607/7559/6514 7605/7557/6512
f 7604/7556/6511 7608/7560/6515 7607/7559/6514
f 7604/7556/6511 7609/7561/6516 7608/7560/6515
f 7610/7562/6517 7612/7564/6519 7611/7563/6518
f 7612/7564/6519 7613/7565/6520 7611/7563/6518
f 7612/7564/6519 7614/7566/6521 7613/7565/6520
f 7612/7564/6519 7615/7567/5061 7614/7566/6521
f 7616/7568/6522 7618/7570/6524 7617/7569/6523
f 7616/7568/6522 7619/7571/6525 7618/7570/6524
f 7617/7569/6523 7618/7570/6524 7620/7572/6526
f 7617/7569/6523 7620/7572/6526 7621/7573/6527
f 7617/7569/6523 7621/7573/6527 7622/7574/6528
f 7623/7575/6529 7617/7569/6523 7622/7574/6528
f 7623/7575/6529 7622/7574/6528 7624/7576/6530
f 7624/7576/6530 7622/7574/6528 7625/7577/3193
f 7624/7576/6530 7625/7577/3193 7626/7578/3194
f 7624/7576/6530 7626/7578/3194 7627/7579/3195
f 7618/7570/6524 7628/7580/6531 7620/7572/6526
f 7618/7570/6524 7629/7581/6532 7628/7580/6531
f 7622/7574/6528 7621/7573/6527 7625/7577/3193
f 7625/7577/3193 7621/7573/6527 7626/7578/3194
f 7621/7573/6527 7620/7572/6526 7630/7582/5075
f 7621/7573/6527 7630/7582/5075 7626/7578/3194
f 7631/7583/3199 7633/7585/3201 7632/7584/6533
f 7631/7583/3199 7634/7586/3202 7633/7585/3201
f 7631/7583/3199 7635/7587/3203 7634/7586/3202
f 7635/7587/3203 7636/7589/6535 7637/7588/6534
f 7635/7587/3203 7637/7588/6534 7638/7590/6536
f 7634/7586/3202 7635/7587/3203 7638/7590/6536
f 7639/7591/6537 7632/7584/6533 7640/7592/5082
f 7632/7584/6533 7641/7593/6538 7640/7592/5082
f 7632/7584/6533 7633/7585/3201 7641/7593/6538
f 7633/7585/3201 7634/7586/3202 7642/7594/3210
f 7634/7586/3202 7643/7595/3211 7642/7594/3210
f 7634/7586/3202 7638/7590/6536 7643/7595/3211
f 7638/7590/6536 7644/7596/6539 7643/7595/3211
f 7643/7595/3211 7645/7598/3214 7646/7597/3213
f 7642/7594/3210 7643/7595/3211 7646/7597/3213
f 7642/7594/3210 7647/7599/3215 7633/7585/3201
f 7633/7585/3201 7647/7599/3215 7648/7600/3216
f 7633/7585/3201 7648/7600/3216 7641/7593/6538
f 7642/7594/3210 7649/7601/6540 7647/7599/3215
f 7642/7594/3210 7650/7602/6541 7649/7601/6540
f 7642/7594/3210 7651/7603/6542 7650/7602/6541
f 7642/7594/3210 7646/7597/3213 7651/7603/6542
f 7652/7604/6543 7654/7606/6544 7653/7605/3221
f 7654/7606/6544 7655/7607/3223 7653/7605/3221
f 7654/7606/6544 7656/7608/5090 7655/7607/3223
f 7654/7606/6544 7657/7609/6545 7656/7608/5090
f 7654/7606/6544 7658/7610/3226 7657/7609/6545
f 7652/7604/6543 7653/7605/3221 7659/7611/3227
f 7652/7604/6543 7659/7611/3227 7660/7612/6546
f 7652/7604/6543 7660/7612/6546 7661/7613/6547
f 7661/7613/6547 7660/7612/6546 7662/7614/6548
f 7661/7613/6547 7662/7614/6548 7663/7615/6549
f 7659/7611/3227 7665/7617/5098 7664/7616/6550
f 7653/7605/3221 7665/7617/5098 7659/7611/3227
f 7653/7605/3221 7655/7607/3223 7665/7617/5098
f 7655/7607/3223 7666/7618/6551 7665/7617/5098
f 7655/7607/3223 7667/7619/5099 7666/7618/6551
f 7655/7607/3223 7656/7608/5090 7667/7619/5099
f 7665/7617/5098 7666/7618/6551 7668/7620/3236
f 7665/7617/5098 7668/7620/3236 7669/7621/6552
f 7665/7617/5098 7670/7622/3238 7664/7616/6550
f 7664/7616/6550 7670/7622/3238 7671/7623/3239
f 7659/7611/3227 7664/7616/6550 7660/7612/6546
f 7660/7612/6546 7664/7616/6550 7672/7624/6553
f 7670/7622/3238 7674/7626/6554 7673/7625/3241
f 7665/7617/5098 7674/7626/6554 7670/7622/3238
f 7665/7617/5098 7675/7627/3243 7674/7626/6554
f 7665/7617/5098 7669/7621/6552 7675/7627/3243
f 7678/7628/3244 7677/7630/3246 7676/7629/6555
f 7678/7628/3244 7679/7631/3247 7677/7630/3246
f 7680/7632/5105 7679/7631/3247 7678/7628/3244
f 7680/7632/5105 7681/7633/5106 7679/7631/3247
f 7682/7634/3250 7681/7633/5106 7680/7632/5105
f 7682/7634/3250 7683/7635/6556 7681/7633/5106
f 7684/7636/6557 7683/7635/6556 7682/7634/3250
f 7684/7636/6557 7685/7637/3253 7683/7635/6556
f 7686/7638/3254 7685/7637/3253 7684/7636/6557
f 7686/7638/3254 7687/7639/3255 7685/7637/3253
f 7688/7640/3256 7687/7639/3255 7686/7638/3254
f 7688/7640/3256 7689/7641/3257 7687/7639/3255
f 7690/7642/3258 7689/7641/3257 7688/7640/3256
f 7690/7642/3258 7691/7643/6558 7689/7641/3257
f 7692/7644/3260 7691/7643/6558 7690/7642/3258
f 7692/7644/3260 7693/7645/3261 7691/7643/6558
f 7694/7646/3262 7693/7645/3261 7692/7644/3260
f 7694/7646/3262 7695/7647/5112 7693/7645/3261
f 7696/7648/3264 7695/7647/5112 7694/7646/3262
f 7696/7648/3264 7697/7649/3265 7695/7647/5112
f 7698/7650/3266 7697/7649/3265 7696/7648/3264
f 7698/7650/3266 7699/7651/3267 7697/7649/3265
f 7700/7652/3268 7699/7651/3267 7698/7650/3266
f 7700/7652/3268 7701/7653/3269 7699/7651/3267
f 7702/7654/3270 7701/7653/3269 7700/7652/3268
f 7702/7654/3270 7703/7655/3271 7701/7653/3269
f 7704/7656/3272 7703/7655/3271 7702/7654/3270
f 7704/7656/3272 7705/7657/3273 7703/7655/3271
f 7706/7658/3274 7705/7657/3273 7704/7656/3272
f 7706/7658/3274 7707/7659/3275 7705/7657/3273
f 7676/7629/6555 7707/7659/3275 7706/7658/3274
f 7676/7629/6555 7677/7630/3246 7707/7659/3275
f 7708/7660/3276 7710/7662/3278 7709/7661/3277
f 7708/7660/3276 7711/7663/5114 7710/7662/3278
f 7712/7664/3280 7711/7663/5114 7708/7660/3276
f 7709/7661/3277 7710/7662/3278 7713/7665/5115
f 7709/7661/3277 7713/7665/5115 7714/7666/6559
f 7714/7666/6559 7713/7665/5115 7715/7667/3283
f 7714/7666/6559 7715/7667/3283 7716/7668/3284
f 7716/7668/3284 7715/7667/3283 7717/7669/3285
f 7718/7670/5117 7720/7672/3288 7719/7671/3287
f 7721/7673/3289 7720/7672/3288 7718/7670/5117
f 7718/7670/5117 7719/7671/3287 7722/7674/3290
f 7722/7674/3290 7719/7671/3287 7723/7675/3291
f 7722/7674/3290 7723/7675/3291 7724/7676/3292
f 7724/7676/3292 7723/7675/3291 7725/7677/3293
f 7724/7676/3292 7725/7677/3293 7726/7678/3294
f 7726/7678/3294 7725/7677/3293 7727/7679/6560
f 7728/7680/3296 7730/7682/3298 7729/7681/3297
f 7728/7680/3296 7731/7683/3299 7730/7682/3298
f 7732/7684/5118 7731/7683/3299 7728/7680/3296
f 7732/7684/5118 7733/7685/3301 7731/7683/3299
f 7734/7686/3302 7733/7685/3301 7732/7684/5118
f 7729/7681/3297 7730/7682/3298 7735/7687/3303
f 7729/7681/3297 7735/7687/3303 7736/7688/3304
f 7736/7688/3304 7735/7687/3303 7737/7689/5120
f 7738/7690/3306 7740/7692/3308 7739/7691/5121
f 7738/7690/3306 7741/7693/3309 7740/7692/3308
f 7742/7694/3310 7741/7693/3309 7738/7690/3306
f 7742/7694/3310 7743/7695/3311 7741/7693/3309
f 7744/7696/3312 7743/7695/3311 7742/7694/3310
f 7744/7696/3312 7745/7697/3313 7743/7695/3311
f 7746/7698/3314 7745/7697/3313 7744/7696/3312
f 7739/7691/5121 7740/7692/3308 7747/7699/6561
f 7748/7700/6562 7750/7702/3317 7749/7701/6563
f 7748/7700/6562 7751/7703/5122 7750/7702/3317
f 7752/7704/6564 7751/7703/5122 7748/7700/6562
f 7752/7704/6564 7753/7705/6565 7751/7703/5122
f 7756/7706/3321 7755/7708/3323 7754/7707/3322
f 7756/7706/3321 7757/7709/3324 7755/7708/3323
f 7758/7710/3325 7759/7712/3327 7760/7711/3326
f 7758/7710/3325 7760/7711/3326 7761/7713/3328
f 7761/7713/3328 7760/7711/3326 7762/7714/5123
f 7761/7713/3328 7762/7714/5123 7763/7715/3330
f 7763/7715/3330 7762/7714/5123 7764/7716/3331
f 7763/7715/3330 7764/7716/3331 7765/7717/3331
f 7766/7718/3332 7768/7720/3334 7767/7719/3333
f 7766/7718/3332 7769/7721/3335 7768/7720/3334
f 7770/7722/3336 7769/7721/3335 7766/7718/3332
f 7770/7722/3336 7771/7723/6566 7769/7721/3335
f 7774/7724/3338 7773/7726/3340 7772/7725/5124
f 7774/7724/3338 7775/7727/3341 7773/7726/3340
f 7776/7728/3342 7778/7730/3344 7777/7729/3343
f 7776/7728/3342 7779/7731/3345 7778/7730/3344
f 7777/7729/3343 7778/7730/3344 7780/7732/3346
f 7777/7729/3343 7780/7732/3346 7781/7733/3347
f 7782/7734/5125 7784/7736/6567 7783/7735/3349
f 7782/7734/5125 7785/7737/3351 7784/7736/6567
f 7786/7738/3352 7785/7737/3351 7782/7734/5125
f 7786/7738/3352 7787/7739/3353 7785/7737/3351
f 7783/7735/3349 7784/7736/6567 7788/7740/3354
f 7783/7735/3349 7788/7740/3354 7789/7741/3354
f 7790/7742/3355 7792/7744/3357 7791/7743/3356
f 7790/7742/3355 7793/7745/3358 7792/7744/3357
f 7791/7743/3356 7792/7744/3357 7794/7746/6568
f 7791/7743/3356 7794/7746/6568 7795/7747/3359
f 7796/7748/3361 7798/7750/3363 7797/7749/3362
f 7799/7751/3364 7798/7750/3363 7796/7748/3361
f 7799/7751/3364 7800/7752/3365 7798/7750/3363
f 7801/7753/3366 7800/7752/3365 7799/7751/3364
f 7801/7753/3366 7802/7754/3367 7800/7752/3365
f 7803/7755/3368 7802/7754/3367 7801/7753/3366
f 7803/7755/3368 7804/7756/3369 7802/7754/3367
f 7805/7757/3370 7804/7756/3369 7803/7755/3368
f 7806/7758/3371 7808/7760/3373 7807/7759/6569
f 7807/7759/6569 7808/7760/3373 7809/7761/3374
f 7807/7759/6569 7809/7761/3374 7810/7762/3375
f 7810/7762/3375 7809/7761/3374 7811/7763/3376
f 7810/7762/3375 7811/7763/3376 7812/7764/3377
f 7812/7764/3377 7811/7763/3376 7813/7765/3378
f 7812/7764/3377 7813/7765/3378 7814/7766/3379
f 7814/7766/3379 7813/7765/3378 7815/7767/3380
f 7816/7768/3381 7818/7770/5131 7817/7769/3382
f 7819/7771/3384 7818/7770/5131 7816/7768/3381
f 7816/7768/3381 7817/7769/3382 7820/7772/3385
f 7820/7772/3385 7817/7769/3382 7821/7773/5132
f 7820/7772/3385 7821/7773/5132 7822/7774/3387
f 7822/7774/3387 7821/7773/5132 7823/7775/3388
f 7822/7774/3387 7823/7775/3388 7824/7776/3389
f 7824/7776/3389 7823/7775/3388 7825/7777/3390
f 7826/7778/3391 7828/7780/3393 7827/7779/3392
f 7829/7781/3394 7828/7780/3393 7826/7778/3391
f 7829/7781/3394 7830/7782/3395 7828/7780/3393
f 7831/7783/6570 7830/7782/3395 7829/7781/3394
f 7826/7778/3391 7827/7779/3392 7832/7784/3397
f 7832/7784/3397 7827/7779/3392 7833/7785/3398
f 7832/7784/3397 7833/7785/3398 7834/7786/6571
f 7834/7786/6571 7833/7785/3398 7835/7787/3400
