# Blender 5.1.1
# www.blender.org
mtllib OuterRoof.mtl
o Circle.019_0.002
v 3.218291 17.139189 5.223905
v 3.086405 17.134350 5.205899
v 3.217530 19.028540 4.642290
v 2.677826 19.176558 4.501042
v 3.217729 19.969875 3.688411
v 2.203498 19.969875 3.677518
v 3.217729 19.969875 3.688411
v 3.217995 20.879986 2.084004
v 1.487096 20.708168 2.434421
v 2.203498 19.969875 3.677518
v 3.218285 21.390734 -0.418737
v 0.106944 21.377445 0.046119
v 1.028265 21.004784 -1.550704
v 3.217789 19.999847 -3.614924
v 2.213463 19.991159 -3.597794
v 3.217725 19.969873 -3.596115
v 3.217368 18.873518 -4.652717
v 2.578127 19.384739 -4.234093
v 2.203502 19.969873 -3.585222
v 2.856499 18.694517 -4.716251
v 3.217788 17.137026 -5.120732
v 3.098509 17.131672 -5.088391
v -3.272344 17.139189 5.223905
v -3.140457 17.134350 5.205899
v -2.731882 19.176546 4.501046
v -3.271583 19.028542 4.642289
v -2.257550 19.969875 3.677518
v -3.271781 19.969875 3.688411
v -3.271781 19.969875 3.688411
v -2.257550 19.969875 3.677518
v -1.541184 20.708145 2.434476
v -3.272047 20.879982 2.084015
v -0.160996 21.377445 0.046119
v -3.272336 21.390732 -0.418740
v -1.082230 21.004831 -1.550545
v -2.267516 19.991159 -3.597794
v -3.271846 19.999846 -3.614923
v -3.271781 19.969873 -3.596115
v -2.257555 19.969873 -3.585222
v -2.632179 19.384739 -4.234093
v -3.271424 18.873516 -4.652718
v -2.910551 18.694517 -4.716251
v -3.152567 17.131672 -5.088388
v -3.271845 17.137026 -5.120732
v 10.088099 17.139189 5.223905
v 9.956212 17.134350 5.205899
v 10.087338 19.028542 4.642289
v 9.547640 19.176540 4.501049
v 10.087537 19.969875 3.688411
v 9.073306 19.969875 3.677518
v 10.087537 19.969875 3.688411
v 10.087804 20.879982 2.084016
v 8.356881 20.708191 2.434379
v 9.073306 19.969875 3.677518
v 10.088094 21.390734 -0.418738
v 6.976752 21.377445 0.046119
v 7.898083 21.004780 -1.550721
v 10.087597 19.999847 -3.614924
v 9.083271 19.991159 -3.597795
v 10.087533 19.969873 -3.596115
v 10.087175 18.873514 -4.652720
v 9.447935 19.384739 -4.234093
v 9.073310 19.969873 -3.585222
v 9.726307 18.694517 -4.716251
v 10.087597 17.137026 -5.120732
v 9.968319 17.131672 -5.088397
v 3.597464 17.139189 5.223905
v 3.729351 17.134350 5.205899
v 4.137929 19.176556 4.501043
v 3.598225 19.028540 4.642290
v 4.612258 19.969875 3.677518
v 3.598027 19.969875 3.688411
v 3.598027 19.969875 3.688411
v 4.612258 19.969875 3.677518
v 5.328588 20.708113 2.434541
v 3.597761 20.879986 2.084004
v 6.708811 21.377445 0.046119
v 3.597472 21.390732 -0.418740
v 5.787498 21.004787 -1.550691
v 4.602292 19.991159 -3.597794
v 3.597962 19.999846 -3.614923
v 3.598027 19.969873 -3.596115
v 4.612253 19.969873 -3.585222
v 4.237628 19.384739 -4.234093
v 3.598384 18.873518 -4.652717
v 3.959257 18.694517 -4.716251
v 3.717243 17.131672 -5.088397
v 3.597963 17.137026 -5.120732
v 16.957907 17.139189 5.223905
v 16.826021 17.134350 5.205899
v 16.957146 19.028542 4.642288
v 16.417446 19.176544 4.501051
v 16.957344 19.969875 3.688411
v 15.943114 19.969875 3.677518
v 16.957344 19.969875 3.688411
v 16.957609 20.879986 2.084005
v 15.226700 20.708181 2.434390
v 15.943114 19.969875 3.677518
v 16.957899 21.390734 -0.418737
v 13.846559 21.377445 0.046119
v 14.767885 21.004782 -1.550711
v 16.957409 19.999847 -3.614923
v 15.953079 19.991161 -3.597795
v 16.957344 19.969873 -3.596115
v 16.956987 18.873512 -4.652721
v 16.317741 19.384739 -4.234093
v 15.943118 19.969873 -3.585222
v 16.596115 18.694517 -4.716251
v 16.957407 17.137026 -5.120732
v 16.838129 17.131672 -5.088395
v 10.467272 17.139189 5.223905
v 10.599158 17.134350 5.205900
v 11.007724 19.176514 4.501064
v 10.468033 19.028540 4.642290
v 11.482066 19.969875 3.677518
v 10.467834 19.969875 3.688411
v 10.467834 19.969875 3.688411
v 11.482066 19.969875 3.677518
v 12.198479 20.708181 2.434399
v 10.467568 20.879982 2.084018
v 13.578618 21.377445 0.046119
v 10.467279 21.390732 -0.418740
v 12.657306 21.004787 -1.550692
v 11.472100 19.991159 -3.597794
v 10.467770 19.999846 -3.614923
v 10.467834 19.969873 -3.596115
v 11.482061 19.969873 -3.585222
v 11.107437 19.384739 -4.234093
v 10.468192 18.873520 -4.652716
v 10.829064 18.694517 -4.716251
v 10.587051 17.131674 -5.088401
v 10.467771 17.137026 -5.120732
v 23.827715 17.139189 5.223905
v 23.695826 17.134348 5.205898
v 23.826954 19.028542 4.642288
v 23.287260 19.176523 4.501053
v 23.827152 19.969875 3.688411
v 22.812920 19.969875 3.677518
v 23.827152 19.969875 3.688411
v 23.827417 20.879984 2.084012
v 22.096540 20.708155 2.434456
v 22.812920 19.969875 3.677518
v 23.827707 21.390734 -0.418737
v 20.716370 21.377445 0.046119
v 21.637671 21.004793 -1.550677
v 23.827217 19.999847 -3.614923
v 22.822889 19.991158 -3.597793
v 23.827152 19.969873 -3.596115
v 23.826796 18.873512 -4.652721
v 23.187550 19.384739 -4.234093
v 22.812927 19.969873 -3.585222
v 23.465923 18.694517 -4.716251
v 23.827215 17.137026 -5.120732
v 23.707930 17.131672 -5.088395
v 17.337080 17.139189 5.223905
v 17.468966 17.134350 5.205899
v 17.877541 19.176542 4.501054
v 17.337841 19.028542 4.642289
v 18.351871 19.969875 3.677518
v 17.337643 19.969875 3.688411
v 17.337643 19.969875 3.688411
v 18.351871 19.969875 3.677518
v 19.068283 20.708178 2.434406
v 17.337378 20.879984 2.084011
v 20.448429 21.377445 0.046119
v 17.337088 21.390732 -0.418739
v 19.527079 21.004768 -1.550753
v 18.341909 19.991158 -3.597793
v 17.337578 19.999846 -3.614923
v 17.337643 19.969873 -3.596115
v 18.351871 19.969873 -3.585222
v 17.977245 19.384739 -4.234093
v 17.337999 18.873512 -4.652722
v 17.698872 18.694517 -4.716251
v 17.456858 17.131672 -5.088397
v 17.337580 17.137026 -5.120732
v -2.895168 17.131351 5.330433
v -2.957016 17.136036 5.427230
v -2.610749 19.066618 5.427249
v -2.709800 18.694525 4.924554
v -2.431428 19.384747 4.442397
v -1.200190 20.939352 5.427636
v -2.056799 19.969875 3.793525
v -1.600314 20.464558 3.002872
v -1.079516 20.868139 2.100822
v -1.141948 20.868170 5.427219
v -0.035566 21.411770 5.427350
v -0.055764 21.426266 0.297262
v -1.079516 20.868139 2.100822
v -0.018838 21.411768 5.427350
v 0.001382 21.426275 0.297270
v 1.087539 20.868176 5.427219
v 1.025112 20.868139 2.100822
v 1.145782 20.939356 5.427636
v 1.545910 20.464558 3.002872
v 1.025112 20.868139 2.100822
v 2.002395 19.969875 3.793525
v 2.555707 19.067947 5.427249
v 2.377020 19.384747 4.442397
v 2.655391 18.694525 4.924554
v 2.904407 17.136208 5.427230
v 2.836719 17.131233 5.332041
v 3.974638 17.131351 5.330433
v 3.912792 17.136036 5.427230
v 4.259058 19.066614 5.427249
v 4.160008 18.694525 4.924554
v 4.438380 19.384747 4.442397
v 5.669617 20.939354 5.427636
v 4.813009 19.969875 3.793525
v 5.269494 20.464558 3.002872
v 5.790292 20.868139 2.100822
v 5.727860 20.868170 5.427219
v 6.834237 21.411770 5.427350
v 6.814039 21.426268 0.297264
v 5.790292 20.868139 2.100822
v 6.850965 21.411770 5.427350
v 6.871185 21.426273 0.297268
v 7.957342 20.868176 5.427219
v 7.894919 20.868139 2.100822
v 8.015586 20.939360 5.427636
v 8.415717 20.464558 3.002872
v 7.894919 20.868139 2.100822
v 8.872203 19.969875 3.793525
v 9.425514 19.067953 5.427249
v 9.246828 19.384747 4.442397
v 9.525199 18.694525 4.924554
v 9.774215 17.136208 5.427230
v 9.706523 17.131233 5.332042
v 10.844451 17.131351 5.330435
v 10.782598 17.136036 5.427230
v 11.128876 19.066639 5.427249
v 11.029815 18.694525 4.924554
v 11.308187 19.384747 4.442397
v 12.539424 20.939352 5.427636
v 11.682817 19.969875 3.793525
v 12.139302 20.464558 3.002872
v 12.660100 20.868139 2.100822
v 12.597668 20.868170 5.427219
v 13.704045 21.411768 5.427350
v 13.683847 21.426266 0.297263
v 12.660100 20.868139 2.100822
v 13.720774 21.411770 5.427350
v 13.740995 21.426279 0.297272
v 14.827153 20.868176 5.427219
v 14.764728 20.868139 2.100822
v 14.885397 20.939356 5.427636
v 15.285525 20.464558 3.002872
v 14.764728 20.868139 2.100822
v 15.742011 19.969875 3.793525
v 16.295319 19.067963 5.427249
v 16.116634 19.384747 4.442397
v 16.395008 18.694525 4.924554
v 16.644024 17.136208 5.427230
v 16.576340 17.131233 5.332042
v 17.714235 17.131353 5.330431
v 17.652405 17.136036 5.427230
v 17.998672 19.066620 5.427249
v 17.899624 18.694525 4.924554
v 18.177994 19.384747 4.442397
v 19.409229 20.939350 5.427636
v 18.552620 19.969875 3.793525
v 19.009106 20.464558 3.002872
v 19.529907 20.868139 2.100822
v 19.467472 20.868170 5.427219
v 20.573854 21.411768 5.427350
v 20.553656 21.426262 0.297260
v 19.529907 20.868139 2.100822
v 20.590584 21.411770 5.427350
v 20.610800 21.426271 0.297266
v 21.696957 20.868176 5.427219
v 21.634529 20.868139 2.100822
v 21.755201 20.939358 5.427636
v 22.155327 20.464558 3.002872
v 21.634529 20.868139 2.100822
v 22.611813 19.969875 3.793525
v 23.165133 19.067942 5.427249
v 22.986443 19.384747 4.442397
v 23.264816 18.694525 4.924554
v 23.513826 17.136208 5.427230
v 23.446138 17.131233 5.332040
v -2.895170 17.131348 -5.238131
v -2.957016 17.136032 -5.334928
v -2.709800 18.694521 -4.832253
v -2.610753 19.066605 -5.334948
v -2.431428 19.384743 -4.350096
v -2.056799 19.969873 -3.701224
v -1.200190 20.939348 -5.335336
v -1.600314 20.464556 -2.910572
v -1.079516 20.868137 -2.008521
v -1.141948 20.868166 -5.334919
v -1.079516 20.868137 -2.008521
v -0.055765 21.426268 -0.204963
v -0.035567 21.411766 -5.335051
v -0.018838 21.411768 -5.335051
v 0.001383 21.426277 -0.204970
v 1.087539 20.868172 -5.334919
v 1.025112 20.868137 -2.008521
v 1.145781 20.939352 -5.335336
v 1.025112 20.868137 -2.008521
v 1.545910 20.464556 -2.910572
v 2.002395 19.969873 -3.701224
v 2.555711 19.067936 -5.334948
v 2.377020 19.384743 -4.350096
v 2.655391 18.694521 -4.832253
v 2.904407 17.136204 -5.334928
v 2.836720 17.131229 -5.239738
v 3.974636 17.131348 -5.238131
v 3.912792 17.136032 -5.334928
v 4.160008 18.694521 -4.832253
v 4.259055 19.066603 -5.334948
v 4.438380 19.384743 -4.350096
v 4.813009 19.969873 -3.701224
v 5.669617 20.939350 -5.335336
v 5.269494 20.464556 -2.910572
v 5.790292 20.868137 -2.008521
v 5.727860 20.868166 -5.334919
v 5.790292 20.868137 -2.008521
v 6.814037 21.426268 -0.204965
v 6.834237 21.411764 -5.335051
v 6.850965 21.411770 -5.335051
v 6.871185 21.426273 -0.204968
v 7.957342 20.868172 -5.334919
v 7.894919 20.868137 -2.008521
v 8.015585 20.939354 -5.335336
v 7.894919 20.868137 -2.008521
v 8.415717 20.464556 -2.910572
v 8.872203 19.969873 -3.701224
v 9.425521 19.067936 -5.334948
v 9.246828 19.384743 -4.350096
v 9.525199 18.694521 -4.832253
v 9.774215 17.136204 -5.334928
v 9.706525 17.131229 -5.239739
v 10.844450 17.131348 -5.238133
v 10.782598 17.136032 -5.334928
v 11.029815 18.694521 -4.832253
v 11.128870 19.066622 -5.334948
v 11.308187 19.384743 -4.350096
v 11.682817 19.969873 -3.701224
v 12.539425 20.939350 -5.335336
v 12.139302 20.464556 -2.910572
v 12.660100 20.868137 -2.008521
v 12.597668 20.868166 -5.334919
v 12.660100 20.868137 -2.008521
v 13.683846 21.426268 -0.204964
v 13.704044 21.411764 -5.335051
v 13.720774 21.411770 -5.335051
v 13.740995 21.426279 -0.204972
v 14.827154 20.868172 -5.334919
v 14.764728 20.868137 -2.008521
v 14.885397 20.939352 -5.335336
v 14.764728 20.868137 -2.008521
v 15.285525 20.464556 -2.910572
v 15.742011 19.969873 -3.701224
v 16.295322 19.067945 -5.334948
v 16.116634 19.384743 -4.350096
v 16.395008 18.694521 -4.832253
v 16.644024 17.136204 -5.334928
v 16.576340 17.131229 -5.239739
v 17.714233 17.131350 -5.238128
v 17.652405 17.136032 -5.334928
v 17.899624 18.694521 -4.832253
v 17.998667 19.066603 -5.334948
v 18.177994 19.384743 -4.350096
v 18.552620 19.969873 -3.701224
v 19.409231 20.939344 -5.335336
v 19.009106 20.464556 -2.910572
v 19.529907 20.868137 -2.008521
v 19.467472 20.868166 -5.334919
v 19.529907 20.868137 -2.008521
v 20.553656 21.426264 -0.204961
v 20.573854 21.411764 -5.335051
v 20.590584 21.411770 -5.335051
v 20.610800 21.426273 -0.204966
v 21.696959 20.868172 -5.334919
v 21.634529 20.868137 -2.008521
v 21.755199 20.939354 -5.335336
v 21.634529 20.868137 -2.008521
v 22.155327 20.464556 -2.910572
v 22.611813 19.969873 -3.701224
v 23.165136 19.067924 -5.334948
v 22.986443 19.384743 -4.350096
v 23.264816 18.694521 -4.832253
v 23.513826 17.136204 -5.334928
v 23.446140 17.131229 -5.239738
v -5.763246 21.389547 -3.939416
v -3.629792 21.393648 -0.313638
v -4.952880 20.887747 -4.407328
v -3.652140 20.868134 -1.925030
v -3.652140 20.464550 -2.815559
v -3.983599 19.461935 -4.966540
v -4.964352 20.868137 -4.400659
v -3.652140 20.868134 -1.925030
v -3.652140 19.969873 -3.596115
v -3.652140 19.384739 -4.236697
v -3.652140 18.694517 -4.712698
v -3.743601 17.130047 -5.085878
v -5.763246 21.389547 -3.939416
v -6.573651 20.887732 -3.471576
v -3.689619 21.393648 -0.279087
v -5.073960 20.868134 -1.104140
v -6.562147 20.868134 -3.478173
v -7.541831 19.463266 -2.912181
v -5.845184 20.464550 -1.549402
v -5.073960 20.868134 -1.104140
v -6.521162 19.969873 -1.939682
v -7.075928 19.384739 -2.259971
v -7.488151 18.694517 -2.497974
v -7.765671 17.130135 -2.764206
v -8.047676 17.129576 2.364955
v -8.066291 19.463408 2.099829
v -7.678331 18.694519 2.260875
v -7.266103 19.384741 2.022876
v -6.711342 19.969875 1.702583
v -6.035359 20.464552 1.312302
v -8.066605 20.868134 0.968451
v -5.264140 20.868134 0.867040
v -8.066644 20.887747 0.981723
v -5.264140 20.868134 0.867040
v -3.857446 21.393652 0.080685
v -8.066605 21.389549 0.045961
v -8.066605 21.389549 0.045961
v -3.857446 21.393665 0.011592
v -8.066651 20.887737 -0.889787
v -5.264140 20.868134 -0.774740
v -8.066610 20.868137 -0.876525
v -5.264140 20.868134 -0.774740
v -6.035364 20.464550 -1.220002
v -8.066287 19.464720 -2.007049
v -6.711342 19.969873 -1.610282
v -7.266107 19.384739 -1.930575
v -7.678331 18.694517 -2.168573
v -8.048093 17.129656 -2.272444
v -3.652140 17.704268 5.098112
v -3.868476 18.971764 5.115119
v -3.699922 17.128933 5.189412
v -3.652140 18.694525 4.804995
v -3.652140 19.384747 4.328994
v -3.652140 19.969875 3.688407
v -4.921017 20.912081 4.508645
v -3.652140 20.464558 2.907851
v -3.652140 20.868139 2.017322
v -3.630296 21.391388 0.406311
v -5.751360 21.409994 4.029847
v -4.960443 20.868135 4.486209
v -3.652140 20.868139 2.017322
v -5.759345 21.389549 4.024961
v -3.689639 21.393686 0.371363
v -6.569742 20.887728 3.557127
v -5.073960 20.868134 1.196441
v -6.558242 20.868139 3.563719
v -5.073960 20.868134 1.196441
v -5.845180 20.464552 1.641703
v -7.540648 19.458256 2.996177
v -6.521162 19.969875 2.031983
v -7.075923 19.384741 2.352277
v -7.488151 18.694519 2.590276
v -7.774896 17.131742 2.849671
v -12.378405 6.411003 -5.297554
v -12.203119 6.397951 -5.389550
v -11.905890 7.761105 -5.021790
v -11.860610 7.621604 -5.635201
v -11.016311 8.435760 -6.139693
v -10.091487 8.967367 -3.975148
v -11.020024 8.440323 -6.139932
v -11.108084 8.438276 -4.562373
v -8.059486 9.457573 -2.801670
v -11.109176 8.440324 -4.562440
v -3.657458 9.538074 -5.345294
v -12.577663 6.414256 5.100676
v -12.576499 6.406092 4.920307
v -12.604014 7.522391 4.542547
v -12.608977 8.015070 4.096960
v -12.613810 7.526775 4.553069
v -12.224498 7.523402 4.901196
v -10.831727 8.739438 4.097042
v -12.614121 8.578992 3.273217
v -12.613810 8.021189 4.103461
v -11.827332 8.018346 4.672279
v -12.613334 9.477132 0.453119
v -8.242521 9.457574 2.603625
v -11.828609 8.021189 4.674018
v -12.227170 7.526772 4.904127
v -12.557558 6.409369 -4.974177
v -12.473410 6.817430 -4.925446
v -12.500998 6.401515 -4.776455
v -12.237431 7.531859 -4.794050
v -11.833960 8.027543 -4.559817
v -12.227980 7.526769 -4.783745
v -12.616574 7.529679 -4.439923
v -11.088904 8.583886 -4.127120
v -11.829419 8.021187 -4.553636
v -12.615127 8.023858 -3.989096
v -8.244349 9.538079 -2.480457
v -12.610743 8.715576 -2.895309
v -12.613810 8.021192 -3.987301
v -12.613810 7.526773 -4.436908
v -3.654153 6.411008 10.454423
v -3.821465 6.397958 10.348630
v -3.652328 7.494829 10.092032
v -4.205946 7.636186 10.183436
v -4.095499 8.021191 9.804386
v -4.357503 8.440328 9.343447
v -5.062861 8.440328 9.699215
v -3.654285 8.743702 8.431119
v -6.128317 9.005048 9.085474
v -5.062861 8.440328 9.699215
v -4.357503 8.440328 9.343447
v -3.652111 9.457576 5.466184
v -8.042156 9.456961 7.979087
v -4.095499 8.021191 9.804386
v -3.652140 8.021191 9.607026
v -3.652140 8.021191 9.607026
v -8.057835 9.457259 2.923468
v -12.372196 6.409373 5.414217
v -12.287918 6.817434 5.365709
v -12.172688 6.401520 5.464092
v -11.984903 7.736871 5.170856
v -11.111059 8.444880 4.684439
v -10.022902 9.006399 4.056042
v -11.107557 8.440326 4.684225
v -11.022768 8.442299 6.258969
v -10.027297 8.962233 6.831725
v -11.021656 8.440331 6.258902
v -11.545665 8.021194 5.956366
v -11.935034 7.526776 5.731565
v -2.880486 6.398328 10.589745
v -2.609875 7.886673 10.613256
v -2.881220 6.817343 10.469728
v -2.709800 7.526874 10.172815
v -2.317966 8.060276 9.600302
v -1.644967 8.795128 10.613956
v -1.600314 8.795128 8.251133
v -1.685410 8.866735 10.613934
v -0.934011 9.149192 7.102665
v -1.600314 8.795128 8.251133
v -0.027786 9.338045 5.590758
v 0.145221 9.461636 10.614004
v 0.877153 9.150504 7.098388
v 1.590558 8.795128 10.613956
v 1.545910 8.795128 8.251133
v 2.555474 7.886669 10.613256
v 2.263551 8.060287 9.600285
v 1.545910 8.795128 8.251133
v 1.590558 8.795128 10.613956
v 2.655391 7.526874 10.172815
v 2.826816 6.817343 10.469728
v 2.826065 6.398327 10.589744
v 3.989330 6.398328 10.589745
v 4.259923 7.886661 10.613256
v 3.988588 6.817343 10.469728
v 4.160008 7.526874 10.172815
v 4.551844 8.060277 9.600301
v 5.224841 8.795128 10.613956
v 5.269494 8.795128 8.251133
v 5.184398 8.866735 10.613934
v 5.935788 9.149188 7.102679
v 5.269494 8.795128 8.251133
v 6.842022 9.338045 5.590758
v 7.015029 9.461636 10.614004
v 7.746963 9.150504 7.098391
v 8.460365 8.795128 10.613956
v 8.415717 8.795128 8.251133
v 9.425282 7.886671 10.613256
v 9.133361 8.060285 9.600287
v 8.415717 8.795128 8.251133
v 8.460365 8.795128 10.613956
v 9.525199 7.526874 10.172815
v 9.696623 6.817343 10.469728
v 9.695876 6.398328 10.589744
v 10.859139 6.398328 10.589745
v 11.129729 7.886656 10.613256
v 10.858396 6.817343 10.469728
v 11.029815 7.526874 10.172815
v 11.421653 8.060278 9.600298
v 12.094648 8.795128 10.613956
v 12.139302 8.795128 8.251133
v 12.054205 8.866735 10.613934
v 12.805579 9.149181 7.102707
v 12.139302 8.795128 8.251133
v 13.711830 9.338044 5.590758
v 13.884836 9.461637 10.614004
v 14.616751 9.150513 7.098356
v 15.330174 8.795128 10.613956
v 15.285525 8.795128 8.251133
v 16.295099 7.886660 10.613255
v 16.003166 8.060280 9.600289
v 15.285525 8.795128 8.251133
v 15.330174 8.795128 10.613956
v 16.395008 7.526874 10.172815
v 16.566433 6.817343 10.469728
v 16.565676 6.398327 10.589743
v 17.728949 6.398328 10.589744
v 17.999540 7.886661 10.613256
v 17.728203 6.817343 10.469728
v 17.899624 7.526874 10.172815
v 18.291458 8.060264 9.600315
v 18.964458 8.795128 10.613956
v 19.009109 8.795128 8.251133
v 18.924015 8.866735 10.613934
v 19.675457 9.149210 7.102590
v 19.009109 8.795128 8.251133
v 20.581636 9.338046 5.590758
v 20.754644 9.461636 10.614004
v 21.486546 9.150518 7.098332
v 22.199982 8.795128 10.613956
v 22.155334 8.795128 8.251133
v 23.164894 7.886669 10.613256
v 22.872957 8.060303 9.600262
v 22.155334 8.795128 8.251133
v 22.199982 8.795128 10.613956
v 23.264820 7.526874 10.172815
v 23.436237 6.817343 10.469728
v 23.435499 6.398328 10.589745
v -0.931662 9.150456 -7.006257
v -0.026606 9.338041 -5.498451
v 0.879503 9.149229 -7.010185
v 5.938136 9.150453 -7.006273
v 6.843202 9.338040 -5.498451
v 7.749312 9.149228 -7.010187
v 8.415717 8.795122 -8.158825
v 8.415717 8.795122 -8.158825
v 12.139302 8.795122 -8.158825
v 12.139302 8.795122 -8.158825
v 12.807923 9.150444 -7.006308
v 13.713011 9.338041 -5.498451
v 14.619103 9.149236 -7.010157
v 15.285525 8.795122 -8.158825
v 15.285525 8.795122 -8.158825
v 19.009109 8.795122 -8.158825
v 19.009109 8.795122 -8.158825
v 19.677801 9.150475 -7.006187
v 20.582817 9.338041 -5.498451
v 21.488892 9.149245 -7.010122
v 22.155334 8.795122 -8.158825
v 22.155334 8.795122 -8.158825
v 22.872957 8.060297 -9.507953
v 3.218264 6.415470 10.470751
v 3.086383 6.409056 10.454089
v 3.216859 8.064914 9.623664
v 2.585470 8.041618 9.598768
v 3.217729 8.021433 9.577258
v 3.217775 8.771798 8.293751
v 2.068454 8.574672 8.691536
v 2.578127 8.021433 9.574651
v 0.286623 9.493886 5.612052
v 3.217762 9.425117 5.598134
v -3.271815 9.424781 5.600099
v -0.341780 9.493446 5.613994
v -3.272317 6.415470 10.470751
v -3.140435 6.409056 10.454089
v -2.639522 8.041615 9.598766
v -3.270911 8.064914 9.623665
v -3.271781 8.021433 9.577258
v -2.632179 8.021433 9.574651
v -2.122450 8.574724 8.691437
v -3.271828 8.771767 8.293824
v 10.088069 6.415470 10.470751
v 9.956190 6.409057 10.454091
v 10.086663 8.064914 9.623664
v 9.455273 8.041613 9.598763
v 10.087533 8.021433 9.577258
v 10.087580 8.771796 8.293755
v 8.938281 8.574656 8.691567
v 9.447930 8.021433 9.574651
v 7.156431 9.493888 5.612052
v 10.087566 9.425117 5.598134
v 3.597993 9.424781 5.600099
v 6.528032 9.493430 5.613989
v 3.597491 6.415470 10.470751
v 3.729372 6.409056 10.454089
v 4.230286 8.041617 9.598768
v 3.598896 8.064914 9.623665
v 3.598027 8.021433 9.577258
v 4.237628 8.021433 9.574651
v 4.747381 8.574745 8.691395
v 3.597980 8.771770 8.293818
v 16.957880 6.415470 10.470751
v 16.826000 6.409056 10.454089
v 16.956474 8.064914 9.623665
v 16.325085 8.041618 9.598769
v 16.957344 8.021433 9.577258
v 16.957390 8.771800 8.293745
v 15.808055 8.574686 8.691506
v 16.317741 8.021433 9.574651
v 14.026238 9.493881 5.612051
v 16.957378 9.425117 5.598134
v 10.467801 9.424781 5.600099
v 13.397835 9.493449 5.613994
v 10.467299 6.415470 10.470751
v 10.599180 6.409057 10.454090
v 11.100093 8.041614 9.598764
v 10.468704 8.064914 9.623665
v 10.467834 8.021433 9.577258
v 11.107437 8.021433 9.574651
v 11.617128 8.574691 8.691504
v 10.467787 8.771768 8.293821
v 23.827684 6.415470 10.470751
v 23.695805 6.409057 10.454091
v 23.826279 8.064914 9.623665
v 23.194889 8.041608 9.598759
v 23.827148 8.021433 9.577258
v 23.827194 8.771799 8.293748
v 22.677872 8.574677 8.691525
v 23.187546 8.021433 9.574651
v 20.896048 9.493891 5.612053
v 23.827183 9.425117 5.598134
v 17.337608 9.424781 5.600099
v 20.267645 9.493431 5.613989
v 17.337107 6.415470 10.470751
v 17.468987 6.409055 10.454084
v 17.969904 8.041630 9.598780
v 17.338512 8.064914 9.623665
v 17.337643 8.021433 9.577258
v 17.977245 8.021433 9.574651
v 18.486965 8.574720 8.691446
v 17.337595 8.771775 8.293807
v 0.286623 9.493883 -5.519745
v 3.217762 9.425113 -5.505826
v -3.271815 9.424777 -5.507792
v -0.341779 9.493443 -5.521687
v 10.087580 8.771792 -8.201441
v 7.156431 9.493885 -5.519745
v 10.087566 9.425113 -5.505826
v 3.597993 9.424777 -5.507792
v 6.528032 9.493427 -5.521682
v 15.808052 8.574682 -8.599194
v 16.957390 8.771797 -8.201430
v 14.026238 9.493879 -5.519744
v 16.957378 9.425113 -5.505826
v 10.467801 9.424777 -5.507792
v 13.397836 9.493448 -5.521688
v 10.467787 8.771763 -8.201509
v 23.194889 8.041602 -9.506451
v 23.826279 8.064908 -9.531357
v 23.827148 8.021427 -9.484950
v 23.187546 8.021427 -9.482343
v 22.677868 8.574673 -8.599211
v 23.827194 8.771795 -8.201434
v 20.896048 9.493888 -5.519746
v 23.827183 9.425113 -5.505826
v 17.337608 9.424777 -5.507792
v 20.267645 9.493432 -5.521683
v 17.337595 8.771770 -8.201496
v 18.486967 8.574716 -8.599134
v 3.100466 17.139429 5.224737
v 3.219911 17.144718 5.256375
v 2.856877 18.714516 4.847712
v 3.217597 18.895111 4.783807
v 2.577991 19.414574 4.358703
v 2.203217 20.005491 3.703314
v 3.217456 20.004848 3.715069
v 2.203217 20.005491 3.703314
v 1.455705 20.787117 2.405272
v 3.217500 20.035099 3.734055
v 3.217666 21.435854 0.504348
v 0.106777 21.421421 0.046119
v 1.504179 20.735300 -2.391357
v 3.217793 20.921549 -2.007946
v 2.203221 20.005484 -3.611018
v 3.217456 20.004843 -3.622772
v 2.203221 20.005484 -3.611018
v 2.675060 19.211960 -4.441294
v 3.217640 19.053001 -4.586923
v 3.217456 20.004843 -3.622772
v 3.088331 17.142220 -5.158149
v 3.220418 17.146889 -5.175035
v -3.273963 17.144718 5.256375
v -3.154518 17.139429 5.224740
v -3.271649 18.895113 4.783805
v -2.910934 18.714516 4.847712
v -2.632043 19.414574 4.358703
v -3.271508 20.004848 3.715069
v -2.257273 20.005491 3.703314
v -3.271555 20.035099 3.734055
v -1.467342 20.824823 2.329703
v -2.257273 20.005491 3.703314
v -3.272172 21.434464 0.518273
v -0.160829 21.421421 0.046119
v -3.271848 20.921541 -2.007971
v -1.558201 20.735327 -2.391302
v -3.271508 20.004843 -3.622772
v -2.257273 20.005484 -3.611018
v -3.271692 19.052999 -4.586925
v -2.729117 19.211956 -4.441288
v -2.257273 20.005484 -3.611018
v -3.271508 20.004843 -3.622772
v -3.274473 17.146889 -5.175034
v -3.142386 17.142221 -5.158156
v 9.970274 17.139429 5.224737
v 10.089719 17.144718 5.256375
v 9.726686 18.714516 4.847712
v 10.087405 18.895119 4.783801
v 9.447798 19.414574 4.358703
v 9.073029 20.005491 3.703314
v 10.087264 20.004848 3.715069
v 9.073029 20.005491 3.703314
v 8.325477 20.787144 2.405207
v 10.087311 20.035097 3.734054
v 10.087473 21.435854 0.504355
v 6.976585 21.421421 0.046119
v 8.373996 20.735292 -2.391373
v 10.087601 20.921551 -2.007944
v 9.073029 20.005484 -3.611018
v 10.087264 20.004843 -3.622772
v 9.073029 20.005484 -3.611018
v 9.544874 19.211943 -4.441303
v 10.087448 19.053003 -4.586922
v 10.087264 20.004843 -3.622772
v 9.958138 17.142220 -5.158149
v 10.090226 17.146889 -5.175035
v 3.595844 17.144718 5.256374
v 3.715290 17.139429 5.224741
v 3.598159 18.895111 4.783807
v 3.958874 18.714516 4.847712
v 4.237764 19.414574 4.358703
v 3.598299 20.004848 3.715069
v 4.612535 20.005491 3.703314
v 3.598255 20.035099 3.734055
v 5.360057 20.787121 2.405263
v 4.612535 20.005491 3.703314
v 3.598089 21.435854 0.504348
v 6.708978 21.421421 0.046119
v 3.597960 20.921541 -2.007972
v 5.311605 20.735325 -2.391307
v 3.598299 20.004843 -3.622772
v 4.612535 20.005484 -3.611018
v 3.598111 19.053001 -4.586924
v 4.140695 19.211969 -4.441285
v 4.612535 20.005484 -3.611018
v 3.598299 20.004843 -3.622772
v 3.595335 17.146889 -5.175032
v 3.727422 17.142221 -5.158157
v 16.840082 17.139429 5.224735
v 16.959528 17.144718 5.256374
v 16.596493 18.714516 4.847712
v 16.957214 18.895130 4.783792
v 16.317608 19.414574 4.358703
v 15.942838 20.005491 3.703314
v 16.957069 20.004848 3.715069
v 15.942838 20.005491 3.703314
v 15.152874 20.824841 2.329644
v 16.957117 20.035097 3.734054
v 16.957733 21.434464 0.518276
v 13.846393 21.421421 0.046119
v 15.243769 20.735325 -2.391309
v 16.957409 20.921541 -2.007968
v 15.942838 20.005484 -3.611018
v 16.957069 20.004843 -3.622772
v 15.942838 20.005484 -3.611018
v 16.414675 19.211967 -4.441291
v 16.957254 19.052998 -4.586926
v 16.957069 20.004843 -3.622772
v 16.827950 17.142220 -5.158151
v 16.960039 17.146889 -5.175034
v 10.465652 17.144718 5.256375
v 10.585097 17.139429 5.224735
v 10.467966 18.895111 4.783806
v 10.828687 18.714516 4.847712
v 11.107573 19.414574 4.358703
v 10.468107 20.004848 3.715069
v 11.482343 20.005491 3.703314
v 10.468060 20.035099 3.734055
v 12.229914 20.787159 2.405173
v 11.482343 20.005491 3.703314
v 10.467897 21.435852 0.504351
v 13.578786 21.421421 0.046119
v 10.467768 20.921547 -2.007958
v 12.181419 20.735331 -2.391291
v 10.468107 20.004843 -3.622772
v 11.482343 20.005484 -3.611018
v 10.467923 19.053001 -4.586924
v 11.010498 19.211958 -4.441288
v 11.482343 20.005484 -3.611018
v 10.468107 20.004843 -3.622772
v 10.465142 17.146889 -5.175034
v 10.597233 17.142220 -5.158151
v 23.709888 17.139429 5.224740
v 23.829336 17.144718 5.256375
v 23.466301 18.714516 4.847712
v 23.827021 18.895096 4.783819
v 23.187412 19.414574 4.358703
v 22.812641 20.005491 3.703314
v 23.826881 20.004848 3.715069
v 22.812641 20.005491 3.703314
v 22.065115 20.787128 2.405245
v 23.826925 20.035099 3.734055
v 23.827089 21.435854 0.504352
v 20.716202 21.421421 0.046119
v 22.113579 20.735321 -2.391315
v 23.827215 20.921547 -2.007956
v 22.812645 20.005484 -3.611018
v 23.826881 20.004843 -3.622772
v 22.812645 20.005484 -3.611018
v 23.284492 19.211945 -4.441288
v 23.827065 19.052996 -4.586928
v 23.826881 20.004843 -3.622772
v 23.697754 17.142220 -5.158152
v 23.829847 17.146889 -5.175034
v 17.335459 17.144718 5.256375
v 17.454906 17.139429 5.224741
v 17.337776 18.895105 4.783811
v 17.698494 18.714516 4.847712
v 17.977379 19.414574 4.358703
v 17.337917 20.004848 3.715069
v 18.352154 20.005491 3.703314
v 17.337873 20.035099 3.734055
v 19.099678 20.787128 2.405246
v 18.352154 20.005491 3.703314
v 17.337706 21.435852 0.504355
v 20.448593 21.421421 0.046119
v 17.337578 20.921551 -2.007946
v 19.051182 20.735291 -2.391378
v 17.337917 20.004843 -3.622772
v 18.352150 20.005484 -3.611018
v 17.337732 19.052998 -4.586926
v 17.880318 19.211983 -4.441274
v 18.352150 20.005484 -3.611018
v 17.337917 20.004843 -3.622772
v 17.334948 17.146889 -5.175034
v 17.467037 17.142220 -5.158155
v -2.982861 17.138533 5.321274
v -2.924777 17.710279 5.220869
v -2.998634 17.140114 5.427230
v -2.751862 18.707321 4.923825
v -2.497089 19.569214 5.425962
v -2.470007 19.405836 4.441689
v -2.090840 19.997707 3.792887
v -1.629026 20.497860 3.002332
v -1.102348 20.905720 2.100391
v -1.166643 20.904573 5.427220
v -1.102348 20.905720 2.100391
v -0.050731 21.459204 0.291326
v -1.179033 20.926718 5.427232
v -0.027211 21.433693 5.427229
v -0.027194 21.433691 5.427229
v -0.003645 21.459227 0.291338
v 1.124622 20.926722 5.427232
v 1.047939 20.905720 2.100386
v 1.112231 20.904577 5.427220
v 1.047939 20.905720 2.100386
v 1.574617 20.497860 3.002327
v 2.445273 19.565832 5.425898
v 2.036432 19.997707 3.792887
v 2.415599 19.405836 4.441689
v 2.697458 18.707321 4.923825
v 2.870373 17.710279 5.220869
v 2.942790 17.139975 5.427231
v 2.928455 17.138535 5.321274
v 3.886947 17.138533 5.321274
v 3.945030 17.710279 5.220869
v 3.871174 17.140114 5.427230
v 4.117946 18.707321 4.923825
v 4.372717 19.569210 5.425962
v 4.399800 19.405836 4.441689
v 4.778968 19.997707 3.792887
v 5.240782 20.497860 3.002332
v 5.767460 20.905720 2.100391
v 5.703164 20.904573 5.427220
v 5.767460 20.905720 2.100391
v 6.819071 21.459209 0.291328
v 5.690774 20.926716 5.427232
v 6.842592 21.433693 5.427229
v 6.842609 21.433691 5.427229
v 6.866154 21.459217 0.291332
v 7.994429 20.926720 5.427232
v 7.917747 20.905720 2.100386
v 7.982038 20.904575 5.427220
v 7.917747 20.905720 2.100386
v 8.444425 20.497860 3.002327
v 9.315071 19.565849 5.425898
v 8.906239 19.997707 3.792887
v 9.285407 19.405836 4.441689
v 9.567266 18.707321 4.923825
v 9.740177 17.710279 5.220869
v 9.812598 17.139975 5.427231
v 9.798264 17.138535 5.321274
v 10.756752 17.138533 5.321274
v 10.814838 17.710279 5.220869
v 10.740983 17.140114 5.427230
v 10.987753 18.707321 4.923825
v 11.242525 19.569212 5.425962
v 11.269608 19.405836 4.441689
v 11.648775 19.997707 3.792887
v 12.110595 20.497860 3.002332
v 12.637267 20.905720 2.100391
v 12.572972 20.904573 5.427220
v 12.637267 20.905720 2.100391
v 13.688879 21.459209 0.291328
v 12.560582 20.926716 5.427232
v 13.712400 21.433693 5.427229
v 13.712418 21.433693 5.427229
v 13.735964 21.459223 0.291334
v 14.864237 20.926720 5.427232
v 14.787555 20.905720 2.100386
v 14.851848 20.904577 5.427220
v 14.787555 20.905720 2.100386
v 15.314233 20.497860 3.002327
v 16.184887 19.565834 5.425898
v 15.776048 19.997707 3.792887
v 16.155216 19.405836 4.441689
v 16.437069 18.707321 4.923825
v 16.609989 17.710279 5.220869
v 16.682407 17.139975 5.427232
v 16.668072 17.138535 5.321274
v 17.626562 17.138533 5.321274
v 17.684643 17.710279 5.220869
v 17.610788 17.140114 5.427231
v 17.857563 18.707321 4.923825
v 18.112328 19.569206 5.425961
v 18.139416 19.405836 4.441689
v 18.518585 19.997707 3.792887
v 18.980400 20.497860 3.002332
v 19.507076 20.905720 2.100391
v 19.442778 20.904573 5.427220
v 19.507076 20.905720 2.100391
v 20.558687 21.459208 0.291328
v 19.430389 20.926716 5.427232
v 20.582211 21.433693 5.427229
v 20.582226 21.433693 5.427229
v 20.605774 21.459227 0.291337
v 21.734043 20.926720 5.427232
v 21.657364 20.905720 2.100386
v 21.721653 20.904575 5.427220
v 21.657364 20.905720 2.100386
v 22.184036 20.497860 3.002327
v 23.054686 19.565847 5.425898
v 22.645855 19.997707 3.792887
v 23.025024 19.405836 4.441689
v 23.306881 18.707321 4.923825
v 23.479794 17.710279 5.220869
v 23.552214 17.139975 5.427230
v 23.537880 17.138535 5.321274
v -2.998634 17.140110 -5.334928
v -2.924777 17.710278 -5.128567
v -2.982861 17.138529 -5.228971
v -2.497086 19.569214 -5.333661
v -2.751862 18.707317 -4.831523
v -2.470007 19.405834 -4.349388
v -2.090840 19.997705 -3.700586
v -1.629026 20.497858 -2.910031
v -1.166643 20.904572 -5.334920
v -1.102348 20.905720 -2.008090
v -1.179033 20.926714 -5.334932
v -0.050729 21.459200 -0.199025
v -1.102348 20.905720 -2.008090
v -0.027211 21.433689 -5.334930
v -0.003649 21.459219 -0.199035
v -0.027194 21.433689 -5.334930
v 1.124622 20.926718 -5.334932
v 1.047939 20.905720 -2.008090
v 1.574617 20.497858 -2.910031
v 1.047939 20.905720 -2.008090
v 1.112232 20.904573 -5.334919
v 2.445272 19.565828 -5.333596
v 2.036432 19.997705 -3.700586
v 2.415599 19.405834 -4.349388
v 2.697458 18.707317 -4.831523
v 2.870373 17.710278 -5.128567
v 2.942790 17.139975 -5.334929
v 2.928455 17.138531 -5.228971
v 3.871174 17.140110 -5.334928
v 3.945030 17.710278 -5.128567
v 3.886947 17.138529 -5.228971
v 4.372718 19.569208 -5.333661
v 4.117946 18.707317 -4.831523
v 4.399800 19.405834 -4.349388
v 4.778968 19.997705 -3.700586
v 5.240782 20.497858 -2.910031
v 5.703163 20.904572 -5.334919
v 5.767460 20.905720 -2.008090
v 5.690774 20.926714 -5.334932
v 6.819072 21.459204 -0.199027
v 5.767460 20.905720 -2.008090
v 6.842592 21.433689 -5.334930
v 6.866151 21.459209 -0.199030
v 6.842609 21.433689 -5.334930
v 7.994429 20.926720 -5.334932
v 7.917747 20.905720 -2.008090
v 8.444425 20.497858 -2.910031
v 7.917747 20.905720 -2.008090
v 7.982038 20.904573 -5.334919
v 9.315072 19.565840 -5.333597
v 8.906239 19.997705 -3.700586
v 9.285407 19.405834 -4.349388
v 9.567266 18.707317 -4.831523
v 9.740177 17.710278 -5.128567
v 9.812597 17.139975 -5.334929
v 9.798264 17.138531 -5.228971
v 10.740982 17.140110 -5.334928
v 10.814838 17.710278 -5.128567
v 10.756752 17.138529 -5.228971
v 11.242529 19.569214 -5.333661
v 10.987753 18.707317 -4.831523
v 11.269608 19.405834 -4.349388
v 11.648775 19.997705 -3.700586
v 12.110595 20.497858 -2.910031
v 12.572972 20.904570 -5.334920
v 12.637267 20.905720 -2.008090
v 12.560583 20.926714 -5.334932
v 13.688881 21.459206 -0.199026
v 12.637267 20.905720 -2.008090
v 13.712400 21.433689 -5.334930
v 13.735961 21.459215 -0.199032
v 13.712418 21.433689 -5.334930
v 14.864238 20.926718 -5.334932
v 14.787555 20.905720 -2.008090
v 15.314233 20.497858 -2.910031
v 14.787555 20.905720 -2.008090
v 14.851849 20.904573 -5.334919
v 16.184883 19.565834 -5.333596
v 15.776048 19.997705 -3.700586
v 16.155216 19.405834 -4.349388
v 16.437069 18.707317 -4.831523
v 16.609989 17.710278 -5.128567
v 16.682407 17.139975 -5.334929
v 16.668072 17.138531 -5.228971
v 17.610788 17.140110 -5.334929
v 17.684643 17.710278 -5.128567
v 17.626562 17.138529 -5.228971
v 18.112331 19.569206 -5.333660
v 17.857563 18.707317 -4.831523
v 18.139416 19.405834 -4.349388
v 18.518585 19.997705 -3.700586
v 18.980400 20.497858 -2.910031
v 19.442778 20.904570 -5.334919
v 19.507076 20.905720 -2.008090
v 19.430389 20.926712 -5.334932
v 20.558689 21.459204 -0.199026
v 19.507076 20.905720 -2.008090
v 20.582211 21.433689 -5.334930
v 20.605770 21.459221 -0.199035
v 20.582226 21.433689 -5.334930
v 21.734043 20.926720 -5.334932
v 21.657364 20.905720 -2.008090
v 22.184036 20.497858 -2.910031
v 21.657364 20.905720 -2.008090
v 21.721653 20.904573 -5.334919
v 23.054688 19.565842 -5.333597
v 22.645855 19.997705 -3.700586
v 23.025024 19.405834 -4.349388
v 23.306881 18.707317 -4.831523
v 23.479794 17.710278 -5.128567
v 23.552212 17.139975 -5.334928
v 23.537880 17.138531 -5.228971
v -5.754572 21.455257 -3.943959
v -3.632801 21.422501 -0.303523
v -4.939739 20.902161 -4.413706
v -3.629146 20.903582 -1.937216
v -3.629146 20.903582 -1.937216
v -4.899969 20.946463 -4.436270
v -3.624097 20.494982 -2.830431
v -3.619946 19.994473 -3.613203
v -3.835399 18.985723 -5.049302
v -3.616749 19.402809 -4.255536
v -3.614546 18.705212 -4.732842
v -3.613834 17.709261 -5.026812
v -3.670033 17.131645 -5.118005
v -3.679351 21.422504 -0.276642
v -5.771520 21.455265 -3.934177
v -5.096014 20.903582 -1.090315
v -6.585749 20.902157 -3.463376
v -5.096014 20.903582 -1.090315
v -5.872079 20.494982 -1.532551
v -6.625226 20.946510 -3.440200
v -6.552059 19.994469 -1.920337
v -7.109929 19.402800 -2.238727
v -7.687979 18.986647 -2.825005
v -7.524378 18.705204 -2.475454
v -7.779280 17.709253 -2.621755
v -7.828152 17.131491 -2.717314
v -7.931223 17.709267 2.451112
v -8.039468 17.131378 2.445926
v -8.063888 18.986399 2.270179
v -7.676989 18.705214 2.303509
v -7.264726 19.402811 2.062942
v -6.710049 19.994474 1.739007
v -8.065253 20.946453 1.041998
v -6.034221 20.494987 1.344026
v -5.263199 20.903584 0.893047
v -3.850188 21.422503 0.073018
v -5.263199 20.903584 0.893047
v -8.065598 20.902163 0.996288
v -8.066204 21.455259 0.055743
v -8.066205 21.455269 0.036175
v -3.850193 21.422525 0.019257
v -8.065598 20.902163 -0.904361
v -5.263195 20.903582 -0.800747
v -8.065266 20.946503 -0.950125
v -6.034216 20.494982 -1.251725
v -5.263195 20.903582 -0.800747
v -6.710040 19.994469 -1.646711
v -8.063880 18.987314 -2.177823
v -7.264709 19.402805 -1.970645
v -7.676950 18.705208 -2.211207
v -7.931114 17.709257 -2.358805
v -8.039485 17.131226 -2.351225
v -3.694333 17.135260 5.204099
v -3.939691 19.472595 5.073556
v -3.614533 18.705215 4.825118
v -3.616740 19.402811 4.347820
v -3.619942 19.994476 3.705495
v -3.624093 20.494987 2.922719
v -4.935830 20.902159 4.499252
v -3.629146 20.903584 2.029507
v -3.629146 20.903584 2.029507
v -4.923751 20.922850 4.506325
v -3.633053 21.423117 0.395582
v -5.758984 21.433517 4.024333
v -5.767623 21.455278 4.019717
v -3.679370 21.422533 0.368917
v -6.581844 20.902159 3.548921
v -5.096009 20.903578 1.182615
v -6.621355 20.946547 3.525728
v -5.872079 20.494984 1.624847
v -5.096009 20.903578 1.182615
v -6.552055 19.994465 2.012634
v -7.684926 18.984272 2.909999
v -7.109921 19.402802 2.331015
v -7.524364 18.705200 2.567729
v -7.779254 17.709249 2.714009
v -7.832380 17.132381 2.802726
v -12.294286 6.415639 -5.453958
v -12.212386 6.827290 -5.491446
v -12.426774 6.423394 -5.331553
v -11.971010 7.548097 -5.620628
v -11.973545 7.725980 -5.051497
v -11.574487 8.052747 -5.840544
v -11.043705 8.477355 -6.141239
v -11.136083 8.481481 -4.564258
v -11.045767 8.479553 -6.140968
v -10.047302 9.045172 -3.938953
v -8.063462 9.501472 -2.801686
v -11.132315 8.477694 -4.563742
v -3.652626 9.501167 -5.347675
v -12.656872 6.415643 4.944925
v -12.648388 6.827293 4.855249
v -12.617444 6.423471 5.120909
v -12.639575 7.548100 4.581617
v -12.261769 7.553162 4.941491
v -12.643763 7.551804 4.586735
v -12.631769 8.052750 4.128263
v -11.850847 8.058622 4.704032
v -12.633647 8.056001 4.131575
v -12.620445 8.750249 3.035732
v -11.096835 8.624142 4.263773
v -8.245543 9.582415 2.604329
v -11.846191 8.053475 4.698147
v -12.252765 7.549244 4.931945
v -8.243993 9.501168 -2.485831
v -12.615436 6.422837 -5.000012
v -12.253433 7.549244 -4.811687
v -12.630893 7.543516 -4.456636
v -12.250020 7.543718 -4.807660
v -11.846930 8.053470 -4.577823
v -12.627694 8.047027 -4.007344
v -11.845794 8.049042 -4.575766
v -10.849967 8.775319 -3.997112
v -12.616445 9.524964 -0.317266
v -12.625399 8.618650 -3.172634
v -12.631685 8.052761 -4.012147
v -12.639434 7.548123 -4.465571
v -12.648233 6.827333 -4.739285
v -12.652393 6.415119 -4.827483
v -3.831661 6.415644 10.459773
v -3.905077 6.827294 10.407590
v -3.659414 6.423398 10.513304
v -4.137640 7.548101 10.263140
v -3.639919 7.529770 10.120264
v -4.526354 8.052752 10.029702
v -4.083071 8.052256 9.832926
v -5.052153 8.477360 9.720381
v -4.346632 8.476963 9.365211
v -4.346632 8.476963 9.365211
v -5.052153 8.477360 9.720381
v -6.030135 8.999474 9.149434
v -3.642443 8.628836 8.752699
v -3.653011 9.582413 5.469151
v -8.042645 9.501015 7.981943
v -3.640034 8.053477 9.634316
v -4.083071 8.052256 9.832926
v -3.640034 8.053477 9.634316
v -8.060440 9.501170 2.922730
v -12.411800 6.419389 5.440977
v -11.938769 7.791739 5.148300
v -11.130701 8.477695 4.685477
v -11.042794 8.473114 6.259651
v -11.129910 8.474763 4.685742
v -10.126688 8.999344 4.109751
v -9.978878 9.042330 6.870884
v -11.045337 8.477366 6.260164
v -11.576118 8.052764 5.959426
v -11.972669 7.548126 5.739423
v -12.240388 6.403501 5.531428
v -2.890530 6.409184 10.602688
v -2.750169 7.544297 10.172116
v -2.655522 7.849396 10.611624
v -2.466234 8.048293 9.690020
v -2.085660 8.473864 9.041245
v -1.623344 8.832591 8.250698
v -1.669786 8.831429 10.613491
v -1.623344 8.832591 8.250698
v -0.905792 9.212938 7.025043
v -1.694380 8.876539 10.613257
v -0.027202 9.501877 10.613731
v -0.028097 9.338602 5.591142
v 0.852250 9.212729 7.026439
v 1.639969 8.876539 10.613257
v 1.568935 8.832591 8.250698
v 1.615374 8.831429 10.613491
v 1.568935 8.832591 8.250698
v 2.031251 8.473864 9.041245
v 2.601126 7.849386 10.611626
v 2.411830 8.048293 9.690020
v 2.695765 7.544297 10.172112
v 2.836118 6.409181 10.602682
v 3.979278 6.409184 10.602687
v 4.119638 7.544297 10.172116
v 4.214285 7.849397 10.611624
v 4.403573 8.048293 9.690020
v 4.784152 8.473864 9.041245
v 5.246464 8.832591 8.250698
v 5.200022 8.831429 10.613491
v 5.246464 8.832591 8.250698
v 5.964025 9.212942 7.025026
v 5.175428 8.876539 10.613257
v 6.842606 9.501877 10.613731
v 6.841712 9.338602 5.591142
v 7.722058 9.212728 7.026439
v 8.509775 8.876540 10.613257
v 8.438744 8.832591 8.250698
v 8.485181 8.831429 10.613491
v 8.438744 8.832591 8.250698
v 8.901059 8.473864 9.041245
v 9.470931 7.849390 10.611626
v 9.281638 8.048293 9.690020
v 9.565573 7.544297 10.172112
v 9.705924 6.409182 10.602683
v 10.849086 6.409184 10.602687
v 10.989447 7.544297 10.172116
v 11.084095 7.849400 10.611624
v 11.273381 8.048293 9.690020
v 11.653960 8.473864 9.041245
v 12.116272 8.832591 8.250698
v 12.069835 8.831429 10.613491
v 12.116272 8.832591 8.250698
v 12.833864 9.212954 7.024978
v 12.045240 8.876540 10.613257
v 13.712413 9.501877 10.613731
v 13.711523 9.338603 5.591142
v 14.591866 9.212726 7.026442
v 15.379584 8.876541 10.613257
v 15.308557 8.832591 8.250698
v 15.354989 8.831429 10.613491
v 15.308557 8.832591 8.250698
v 15.770867 8.473864 9.041245
v 16.340740 7.849388 10.611626
v 16.151447 8.048293 9.690020
v 16.435379 7.544297 10.172112
v 16.575733 6.409182 10.602682
v 17.718895 6.409184 10.602686
v 17.859253 7.544297 10.172116
v 17.953901 7.849393 10.611624
v 18.143188 8.048293 9.690020
v 18.523769 8.473864 9.041245
v 18.986080 8.832591 8.250698
v 18.939640 8.831429 10.613491
v 18.986080 8.832591 8.250698
v 19.703598 9.212925 7.025097
v 18.915045 8.876539 10.613257
v 20.582222 9.501877 10.613731
v 20.581327 9.338601 5.591142
v 21.461657 9.212735 7.026411
v 22.249392 8.876539 10.613257
v 22.178360 8.832591 8.250698
v 22.224796 8.831429 10.613491
v 22.178360 8.832591 8.250698
v 22.640675 8.473864 9.041245
v 23.210550 7.849387 10.611626
v 23.021252 8.048293 9.690020
v 23.305187 7.544297 10.172112
v 23.445549 6.409183 10.602684
v -0.906830 9.212652 -6.934427
v -0.026299 9.338598 -5.498835
v 0.851231 9.212997 -6.932475
v 5.962986 9.212656 -6.934413
v 6.843509 9.338598 -5.498835
v 7.721041 9.212996 -6.932479
v 8.438744 8.832585 -8.158390
v 8.438744 8.832585 -8.158390
v 12.116272 8.832585 -8.158390
v 12.832824 9.212668 -6.934364
v 12.116272 8.832585 -8.158390
v 13.713320 9.338597 -5.498835
v 14.590849 9.212994 -6.932483
v 15.308557 8.832585 -8.158390
v 15.308557 8.832585 -8.158390
v 18.523769 8.473858 -8.948937
v 18.986080 8.832585 -8.158390
v 19.702545 9.212633 -6.934507
v 18.986080 8.832585 -8.158390
v 20.583124 9.338598 -5.498834
v 21.460648 9.213000 -6.932463
v 22.178360 8.832585 -8.158390
v 22.640675 8.473858 -8.948937
v 22.178360 8.832585 -8.158390
v 3.099139 6.415372 10.471402
v 3.219880 6.423215 10.503262
v 2.856851 7.552309 10.092679
v 3.210176 8.173336 9.729854
v 2.578013 8.056169 9.601617
v 2.578013 8.056169 9.601617
v 2.062781 8.616034 8.699754
v 3.218198 8.861534 8.244654
v 3.217645 8.055360 9.605236
v 0.286779 9.516461 5.614426
v -3.271680 9.454391 5.604555
v -0.341934 9.516046 5.616373
v -3.273932 6.423214 10.503261
v -3.153191 6.415373 10.471406
v -3.264230 8.173329 9.729846
v -2.910903 7.552309 10.092679
v -2.632065 8.056169 9.601617
v -3.272249 8.861522 8.244691
v -2.116796 8.616071 8.699691
v -2.632065 8.056169 9.601617
v -3.271698 8.055360 9.605236
v 3.217628 9.454695 5.602585
v 9.968946 6.415373 10.471403
v 10.089688 6.423215 10.503262
v 9.726659 7.552309 10.092679
v 10.079984 8.173337 9.729854
v 9.447821 8.056169 9.601617
v 9.447821 8.056169 9.601617
v 8.932585 8.616036 8.699747
v 10.088005 8.861535 8.244650
v 10.087453 8.055360 9.605236
v 7.156586 9.516462 5.614426
v 3.598128 9.454391 5.604555
v 6.527874 9.516045 5.616373
v 3.595876 6.423215 10.503262
v 3.716617 6.415372 10.471402
v 3.605580 8.173336 9.729854
v 3.958905 7.552309 10.092679
v 4.237742 8.056169 9.601617
v 3.597558 8.861521 8.244695
v 4.753015 8.616073 8.699685
v 4.237742 8.056169 9.601617
v 3.598111 8.055360 9.605236
v 10.087436 9.454695 5.602585
v 16.838755 6.415373 10.471403
v 16.959497 6.423215 10.503262
v 16.596466 7.552309 10.092679
v 16.949791 8.173335 9.729852
v 16.317627 8.056169 9.601617
v 16.317627 8.056169 9.601617
v 15.802398 8.616032 8.699757
v 16.957813 8.861535 8.244647
v 16.957260 8.055360 9.605236
v 14.026395 9.516462 5.614426
v 10.467936 9.454391 5.604555
v 13.397681 9.516048 5.616374
v 10.465684 6.423214 10.503260
v 10.586425 6.415374 10.471410
v 10.475386 8.173330 9.729847
v 10.828712 7.552309 10.092679
v 11.107552 8.056169 9.601617
v 10.467366 8.861519 8.244694
v 11.622798 8.616052 8.699728
v 11.107552 8.056169 9.601617
v 10.467918 8.055360 9.605236
v 16.957245 9.454695 5.602585
v 23.708563 6.415373 10.471405
v 23.829300 6.423214 10.503261
v 23.466274 7.552309 10.092679
v 23.819597 8.173328 9.729845
v 23.187435 8.056169 9.601617
v 23.187435 8.056169 9.601617
v 22.672218 8.616022 8.699780
v 23.827621 8.861537 8.244648
v 23.827065 8.055360 9.605236
v 20.896202 9.516460 5.614425
v 17.337742 9.454391 5.604555
v 20.267487 9.516055 5.616375
v 17.335489 6.423215 10.503262
v 17.456232 6.415373 10.471403
v 17.345196 8.173335 9.729852
v 17.698521 7.552309 10.092679
v 17.977360 8.056169 9.601617
v 17.337175 8.861520 8.244695
v 18.492592 8.616041 8.699755
v 17.977360 8.056169 9.601617
v 17.337727 8.055360 9.605236
v 23.827049 9.454695 5.602585
v 0.286779 9.516459 -5.522119
v -0.341934 9.516043 -5.524066
v -3.271680 9.454387 -5.512248
v 3.217628 9.454691 -5.510278
v 10.088005 8.861530 -8.152341
v 7.156587 9.516459 -5.522119
v 6.527874 9.516043 -5.524066
v 3.598128 9.454387 -5.512248
v 10.087436 9.454691 -5.510278
v 16.957813 8.861530 -8.152342
v 15.802398 8.616026 -8.607448
v 14.026394 9.516459 -5.522119
v 13.397680 9.516045 -5.524067
v 10.467936 9.454387 -5.512248
v 10.467366 8.861514 -8.152386
v 16.957245 9.454691 -5.510278
v 23.187435 8.056163 -9.509309
v 23.827621 8.861532 -8.152339
v 22.672218 8.616017 -8.607469
v 23.187435 8.056163 -9.509309
v 23.827065 8.055354 -9.512928
v 20.896200 9.516457 -5.522118
v 20.267488 9.516052 -5.524068
v 17.337742 9.454387 -5.512248
v 18.492586 8.616033 -8.607456
v 17.337175 8.861515 -8.152387
v 23.827049 9.454691 -5.510278
v 3.217729 21.177315 1.051041
v 3.217729 20.868139 2.017322
v 3.217474 20.909172 2.033122
v 3.217531 21.219822 1.062307
v 3.217729 20.464558 2.907851
v 3.217238 19.987360 3.701739
v 3.217434 20.503256 2.928730
v 3.217729 19.384747 4.328994
v 3.217729 18.694525 4.804995
v 3.218164 18.713627 4.844599
v 3.217624 19.413731 4.362068
v 3.217729 17.704268 5.098112
v 3.208058 17.138115 5.219148
v 3.219215 17.714439 5.140869
v 3.217725 17.704252 -5.005814
v 3.217725 18.694517 -4.712698
v 3.218164 18.713619 -4.752302
v 3.219215 17.714428 -5.048567
v 3.217725 19.384739 -4.236697
v 3.220333 19.987366 -3.609452
v 3.217624 19.413723 -4.269771
v 3.217725 20.464550 -2.815559
v 3.217729 20.868134 -1.925030
v 3.217474 20.909166 -1.940830
v 3.217434 20.503248 -2.836438
v 3.214848 19.987352 3.701733
v 3.229523 17.137972 -5.125971
v 3.217945 19.987360 -3.609445
v 3.217729 21.177311 -0.958749
v 3.217531 21.219816 -0.970016
v 3.217729 21.389549 0.046150
v 3.217562 21.433519 0.046150
v 2.856499 18.694517 -4.716251
v 3.027919 17.704252 -5.013158
v 3.029361 17.714603 -5.055875
v 2.856877 18.714508 -4.755415
v 2.248855 20.000845 -3.583693
v 2.630642 19.400034 -4.249895
v 1.226219 20.868134 -1.892523
v 1.795281 20.483818 -2.805288
v 1.225973 20.909466 -1.907532
v 3.079937 17.137405 -5.135458
v 2.244106 19.998356 -3.581156
v 0.733935 21.192699 -0.937425
v 1.226214 20.868139 1.984815
v 0.586026 21.205364 0.990105
v 1.225968 20.909472 1.999828
v 2.162568 19.977079 3.707282
v 1.698282 20.484550 2.895974
v 2.856499 18.694525 4.808548
v 2.525441 19.399302 4.342909
v 2.856877 18.714516 4.847712
v 3.093843 17.138678 5.226914
v 3.027919 17.704268 5.105461
v 3.029361 17.714615 5.148173
v 2.157878 19.974413 3.704987
v 0.047143 21.394896 0.080550
v 3.218801 17.138027 5.218714
v 3.086876 17.138027 5.227340
v 0.166508 21.403938 0.080151
v 3.086872 17.138037 -5.135037
v 3.218798 17.138037 -5.126409
v -3.271781 20.868139 2.017322
v -3.271781 21.177315 1.051041
v -3.271583 21.219822 1.062307
v -3.271526 20.909172 2.033122
v -3.271925 19.987364 3.701741
v -3.271781 20.464558 2.907851
v -3.271491 20.503256 2.928735
v -3.271781 18.694525 4.804995
v -3.271781 19.384747 4.328994
v -3.271676 19.413731 4.362068
v -3.272217 18.713627 4.844599
v -3.283655 17.137976 5.218271
v -3.271781 17.704268 5.098112
v -3.273268 17.714439 5.140869
v -3.271781 18.694517 -4.712698
v -3.271781 17.704252 -5.005814
v -3.273268 17.714428 -5.048567
v -3.272217 18.713619 -4.752302
v -3.268904 19.987349 -3.609436
v -3.271781 19.384739 -4.236697
v -3.271676 19.413723 -4.269771
v -3.271781 20.868134 -1.925030
v -3.271781 20.464550 -2.815559
v -3.271491 20.503248 -2.836438
v -3.271526 20.909166 -1.940830
v -3.274383 19.987370 3.701749
v -3.262108 17.138111 -5.126846
v -3.271365 19.987356 -3.609443
v -3.271781 21.177311 -0.958749
v -3.271583 21.219816 -0.970016
v -3.271781 21.389549 0.046150
v -3.271614 21.433519 0.046150
v -3.081975 17.704252 -5.013158
v -2.880111 18.701649 -4.737829
v -3.083413 17.714603 -5.055875
v -2.579528 19.399290 -4.250622
v -2.212001 19.974428 -3.612669
v -1.752270 20.484558 -2.803654
v -1.280271 20.868134 -1.892523
v -1.280030 20.909466 -1.907532
v -3.147962 17.138680 -5.134610
v -2.216582 19.977064 -3.615003
v -0.640162 21.205343 -0.897863
v -0.788002 21.192703 1.029726
v -1.280271 20.868139 1.984815
v -1.280025 20.909472 1.999828
v -1.849259 20.483843 2.897553
v -2.298025 19.998325 3.673508
v -2.684703 19.400034 4.342191
v -2.910551 18.694525 4.808548
v -2.910934 18.714516 4.847712
v -3.081971 17.704268 5.105461
v -3.133987 17.137409 5.227759
v -3.083413 17.714615 5.148173
v -2.302967 20.000864 3.675968
v -0.220559 21.403938 0.012090
v -3.140928 17.138054 5.227335
v -3.272854 17.138054 5.218709
v -0.101169 21.394888 0.011671
v -3.272854 17.138033 -5.126409
v -3.140929 17.138033 -5.135037
v 10.087537 21.177315 1.051041
v 10.087537 20.868139 2.017322
v 10.087282 20.909172 2.033122
v 10.087339 21.219822 1.062307
v 10.087537 20.464558 2.907851
v 10.087124 19.987360 3.701739
v 10.087247 20.503256 2.928730
v 10.087537 19.384747 4.328994
v 10.087537 18.694525 4.804995
v 10.087973 18.713627 4.844599
v 10.087431 19.413731 4.362068
v 10.087537 17.704268 5.098112
v 10.077873 17.138115 5.219148
v 10.089024 17.714439 5.140869
v 10.087533 17.704252 -5.005814
v 10.087533 18.694517 -4.712698
v 10.087973 18.713619 -4.752302
v 10.089024 17.714428 -5.048567
v 10.087533 19.384739 -4.236697
v 10.090133 19.987366 -3.609452
v 10.087431 19.413723 -4.269771
v 10.087533 20.464550 -2.815559
v 10.087537 20.868134 -1.925030
v 10.087282 20.909166 -1.940830
v 10.087242 20.503248 -2.836438
v 10.084664 19.987352 3.701733
v 10.099315 17.137974 -5.125971
v 10.087753 19.987360 -3.609445
v 10.087537 21.177311 -0.958749
v 10.087339 21.219816 -0.970016
v 10.087537 21.389549 0.046150
v 10.087370 21.433519 0.046150
v 9.726307 18.694517 -4.716251
v 9.897726 17.704252 -5.013158
v 9.899169 17.714603 -5.055875
v 9.726686 18.714508 -4.755415
v 9.118672 20.000847 -3.583691
v 9.500448 19.400034 -4.249895
v 8.096027 20.868134 -1.892523
v 8.665081 20.483820 -2.805285
v 8.095780 20.909466 -1.907532
v 9.949825 17.137413 -5.135453
v 9.113918 19.998356 -3.581154
v 7.603752 21.192698 -0.937432
v 8.096027 20.868139 1.984815
v 7.455822 21.205366 0.990097
v 8.095780 20.909472 1.999828
v 9.032420 19.977091 3.707266
v 8.568131 20.484543 2.895989
v 9.726307 18.694525 4.808548
v 9.395224 19.399307 4.342905
v 9.726686 18.714516 4.847712
v 9.963644 17.138678 5.226914
v 9.897726 17.704268 5.105461
v 9.899169 17.714615 5.148173
v 9.027638 19.974398 3.705004
v 6.916954 21.394896 0.080548
v 10.088610 17.138027 5.218714
v 9.956684 17.138027 5.227340
v 7.036319 21.403938 0.080153
v 9.956682 17.138037 -5.135037
v 10.088606 17.138037 -5.126409
v 3.598027 20.868139 2.017322
v 3.598027 21.177315 1.051041
v 3.598225 21.219822 1.062307
v 3.598282 20.909172 2.033122
v 3.597809 19.987364 3.701741
v 3.598027 20.464558 2.907851
v 3.598321 20.503256 2.928735
v 3.598027 18.694525 4.804995
v 3.598027 19.384747 4.328994
v 3.598132 19.413731 4.362068
v 3.597591 18.713627 4.844599
v 3.586141 17.137976 5.218270
v 3.598027 17.704268 5.098112
v 3.596540 17.714439 5.140869
v 3.598027 18.694517 -4.712698
v 3.598027 17.704252 -5.005814
v 3.596540 17.714428 -5.048567
v 3.597587 18.713619 -4.752302
v 3.600963 19.987349 -3.609436
v 3.598027 19.384739 -4.236697
v 3.598128 19.413723 -4.269771
v 3.598027 20.868134 -1.925030
v 3.598027 20.464550 -2.815559
v 3.598317 20.503248 -2.836438
v 3.598282 20.909166 -1.940830
v 3.595429 19.987370 3.701749
v 3.607711 17.138111 -5.126846
v 3.598447 19.987356 -3.609443
v 3.598027 21.177311 -0.958749
v 3.598225 21.219816 -0.970016
v 3.598027 21.389549 0.046150
v 3.598194 21.433519 0.046150
v 3.787837 17.704252 -5.013158
v 3.959257 18.694517 -4.716251
v 3.958874 18.714508 -4.755415
v 3.786395 17.714603 -5.055875
v 4.290282 19.399290 -4.250622
v 4.657807 19.974428 -3.612669
v 5.117532 20.484556 -2.803656
v 5.589537 20.868134 -1.892523
v 5.589779 20.909466 -1.907532
v 3.721924 17.138674 -5.134614
v 4.653219 19.977066 -3.615000
v 6.229661 21.205349 -0.897856
v 6.081807 21.192701 1.029726
v 5.589541 20.868139 1.984815
v 5.589787 20.909472 1.999828
v 5.020550 20.483843 2.897552
v 4.571785 19.998325 3.673509
v 4.185102 19.400034 4.342191
v 3.959257 18.694525 4.808548
v 3.958874 18.714516 4.847712
v 3.787837 17.704268 5.105461
v 3.735817 17.137409 5.227758
v 3.786395 17.714615 5.148173
v 4.566842 20.000864 3.675968
v 6.649245 21.403938 0.012088
v 3.728880 17.138054 5.227335
v 3.596954 17.138054 5.218709
v 6.768615 21.394894 0.011685
v 3.596953 17.138033 -5.126409
v 3.728879 17.138033 -5.135037
v 16.957344 21.177315 1.051041
v 16.957344 20.868139 2.017322
v 16.957088 20.909172 2.033122
v 16.957146 21.219822 1.062307
v 16.957344 20.464558 2.907851
v 16.956963 19.987360 3.701739
v 16.957054 20.503256 2.928730
v 16.957344 19.384747 4.328994
v 16.957344 18.694525 4.804995
v 16.957783 18.713627 4.844599
v 16.957237 19.413731 4.362068
v 16.957344 17.704268 5.098112
v 16.947668 17.138115 5.219149
v 16.958832 17.714439 5.140869
v 16.957344 17.704252 -5.005814
v 16.957344 18.694517 -4.712698
v 16.957779 18.713619 -4.752302
v 16.958832 17.714428 -5.048567
v 16.957344 19.384739 -4.236697
v 16.959957 19.987366 -3.609452
v 16.957237 19.413723 -4.269771
v 16.957344 20.464550 -2.815559
v 16.957344 20.868134 -1.925030
v 16.957088 20.909166 -1.940830
v 16.957050 20.503248 -2.836438
v 16.954456 19.987352 3.701733
v 16.969221 17.137972 -5.125968
v 16.957514 19.987360 -3.609445
v 16.957344 21.177311 -0.958749
v 16.957146 21.219816 -0.970016
v 16.957344 21.389549 0.046150
v 16.957176 21.433519 0.046150
v 16.596115 18.694517 -4.716251
v 16.767536 17.704252 -5.013158
v 16.768978 17.714603 -5.055875
v 16.596493 18.714508 -4.755415
v 15.988452 20.000837 -3.583698
v 16.370274 19.400028 -4.249897
v 14.965835 20.868134 -1.892523
v 15.534936 20.483810 -2.805299
v 14.965594 20.909466 -1.907532
v 16.819590 17.137409 -5.135456
v 15.983727 19.998356 -3.581153
v 14.473498 21.192707 -0.937389
v 14.965835 20.868139 1.984815
v 14.325637 21.205364 0.990099
v 14.965589 20.909472 1.999828
v 15.902279 19.977104 3.707244
v 15.437943 20.484539 2.895991
v 16.596115 18.694525 4.808548
v 16.265017 19.399313 4.342902
v 16.596493 18.714516 4.847712
v 16.833437 17.138676 5.226915
v 16.767536 17.704268 5.105461
v 16.768978 17.714615 5.148173
v 15.897477 19.974409 3.704996
v 13.786749 21.394896 0.080556
v 16.958418 17.138025 5.218714
v 16.826492 17.138027 5.227340
v 13.906132 21.403938 0.080157
v 16.826492 17.138037 -5.135037
v 16.958418 17.138037 -5.126409
v 10.467834 20.868139 2.017322
v 10.467834 21.177315 1.051041
v 10.468032 21.219822 1.062307
v 10.468089 20.909172 2.033122
v 10.467695 19.987364 3.701741
v 10.467834 20.464558 2.907851
v 10.468124 20.503256 2.928735
v 10.467834 18.694525 4.804995
v 10.467834 19.384747 4.328994
v 10.467940 19.413731 4.362068
v 10.467399 18.713627 4.844599
v 10.455972 17.137976 5.218271
v 10.467834 17.704268 5.098112
v 10.466348 17.714439 5.140869
v 10.467834 18.694517 -4.712698
v 10.467834 17.704252 -5.005814
v 10.466348 17.714428 -5.048567
v 10.467399 18.713619 -4.752302
v 10.470709 19.987349 -3.609436
v 10.467834 19.384739 -4.236697
v 10.467940 19.413723 -4.269771
v 10.467834 20.868134 -1.925030
v 10.467834 20.464550 -2.815559
v 10.468124 20.503248 -2.836438
v 10.468089 20.909166 -1.940830
v 10.465237 19.987370 3.701749
v 10.477496 17.138111 -5.126845
v 10.468247 19.987356 -3.609443
v 10.467834 21.177311 -0.958749
v 10.468032 21.219816 -0.970016
v 10.467834 21.389549 0.046150
v 10.468001 21.433519 0.046150
v 10.657645 17.704252 -5.013158
v 10.829064 18.694517 -4.716251
v 10.828682 18.714508 -4.755415
v 10.656202 17.714603 -5.055875
v 11.160090 19.399292 -4.250622
v 11.527605 19.974432 -3.612666
v 11.987349 20.484560 -2.803653
v 12.459345 20.868134 -1.892523
v 12.459586 20.909466 -1.907532
v 10.591805 17.138666 -5.134619
v 11.523039 19.977062 -3.615005
v 13.099456 21.205347 -0.897868
v 12.951622 21.192705 1.029719
v 12.459345 20.868139 1.984815
v 12.459591 20.909472 1.999828
v 11.890360 20.483841 2.897553
v 11.441563 19.998331 3.673495
v 11.054874 19.400023 4.342201
v 10.829064 18.694525 4.808548
v 10.828687 18.714516 4.847712
v 10.657645 17.704268 5.105461
v 10.605618 17.137411 5.227758
v 10.656202 17.714615 5.148173
v 11.436685 20.000853 3.675978
v 13.519059 21.403938 0.012092
v 10.598688 17.138054 5.227335
v 10.466763 17.138054 5.218709
v 13.638394 21.394897 0.011701
v 10.466762 17.138033 -5.126410
v 10.598689 17.138033 -5.135037
v 23.827152 21.177315 1.051041
v 23.827152 20.868139 2.017322
v 23.826897 20.909172 2.033122
v 23.826954 21.219822 1.062307
v 23.827152 20.464558 2.907851
v 23.826647 19.987360 3.701739
v 23.826859 20.503256 2.928730
v 23.827152 19.384747 4.328994
v 23.827152 18.694525 4.804995
v 23.827587 18.713627 4.844599
v 23.827049 19.413731 4.362068
v 23.827152 17.704268 5.098112
v 23.817476 17.138115 5.219149
v 23.828640 17.714439 5.140869
v 23.827152 17.704252 -5.005814
v 23.827152 18.694517 -4.712698
v 23.827587 18.713619 -4.752302
v 23.828640 17.714428 -5.048567
v 23.827152 19.384739 -4.236697
v 23.829767 19.987366 -3.609452
v 23.827049 19.413723 -4.269771
v 23.827152 20.464550 -2.815559
v 23.827152 20.868134 -1.925030
v 23.826897 20.909166 -1.940830
v 23.826859 20.503248 -2.836438
v 23.824263 19.987352 3.701733
v 23.839029 17.137972 -5.125968
v 23.827387 19.987360 -3.609445
v 23.827152 21.177311 -0.958749
v 23.826954 21.219816 -0.970016
v 23.827152 21.389549 0.046150
v 23.826984 21.433519 0.046150
v 23.465923 18.694517 -4.716251
v 23.637341 17.704252 -5.013158
v 23.638783 17.714603 -5.055875
v 23.466305 18.714508 -4.755415
v 22.858200 20.000818 -3.583717
v 23.240044 19.400036 -4.249888
v 21.835640 20.868134 -1.892523
v 22.404760 20.483809 -2.805305
v 21.835400 20.909466 -1.907532
v 23.689331 17.137403 -5.135460
v 22.853535 19.998358 -3.581155
v 21.343292 21.192709 -0.937376
v 21.835640 20.868139 1.984815
v 21.195477 21.205359 0.990125
v 21.835396 20.909472 1.999828
v 22.772024 19.977089 3.707269
v 22.307716 20.484549 2.895979
v 23.465923 18.694525 4.808548
v 23.134838 19.399307 4.342904
v 23.466301 18.714516 4.847712
v 23.703304 17.138681 5.226912
v 23.637341 17.704268 5.105461
v 23.638783 17.714615 5.148173
v 22.767262 19.974401 3.705000
v 20.656582 21.394897 0.080541
v 23.828226 17.138027 5.218714
v 23.696299 17.138027 5.227340
v 20.775919 21.403936 0.080143
v 23.696295 17.138037 -5.135037
v 23.828226 17.138037 -5.126409
v 17.337643 20.868139 2.017322
v 17.337643 21.177315 1.051041
v 17.337841 21.219822 1.062307
v 17.337898 20.909172 2.033122
v 17.337475 19.987364 3.701741
v 17.337643 20.464558 2.907851
v 17.337936 20.503256 2.928735
v 17.337643 18.694525 4.804995
v 17.337643 19.384747 4.328994
v 17.337749 19.413731 4.362068
v 17.337208 18.713627 4.844599
v 17.325764 17.137976 5.218270
v 17.337643 17.704268 5.098112
v 17.336155 17.714439 5.140869
v 17.337643 18.694517 -4.712698
v 17.337643 17.704252 -5.005814
v 17.336155 17.714428 -5.048567
v 17.337208 18.713619 -4.752302
v 17.340532 19.987349 -3.609436
v 17.337643 19.384739 -4.236697
v 17.337749 19.413723 -4.269771
v 17.337643 20.868134 -1.925030
v 17.337643 20.464550 -2.815559
v 17.337936 20.503248 -2.836438
v 17.337898 20.909166 -1.940830
v 17.335030 19.987370 3.701749
v 17.347319 17.138111 -5.126846
v 17.338087 19.987356 -3.609443
v 17.337643 21.177311 -0.958749
v 17.337841 21.219816 -0.970016
v 17.337643 21.389549 0.046150
v 17.337811 21.433519 0.046150
v 17.527451 17.704252 -5.013158
v 17.729322 18.701647 -4.737829
v 17.526012 17.714603 -5.055875
v 18.029955 19.399305 -4.250609
v 18.397434 19.974428 -3.612674
v 18.857077 20.484543 -2.803680
v 19.329151 20.868134 -1.892523
v 19.329399 20.909466 -1.907532
v 17.461500 17.138678 -5.134613
v 18.392805 19.977074 -3.614988
v 19.969368 21.205366 -0.897792
v 19.821413 21.192698 1.029732
v 19.329155 20.868139 1.984815
v 19.329399 20.909472 1.999828
v 18.760101 20.483829 2.897578
v 18.311300 19.998352 3.673467
v 17.924719 19.400032 4.342195
v 17.698872 18.694525 4.808548
v 17.698494 18.714516 4.847712
v 17.527451 17.704268 5.105461
v 17.475471 17.137405 5.227761
v 17.526012 17.714615 5.148173
v 18.306543 20.000839 3.675996
v 20.388857 21.403936 0.012084
v 17.468494 17.138054 5.227335
v 17.336569 17.138054 5.218709
v 20.508238 21.394896 0.011680
v 17.336569 17.138033 -5.126410
v 17.468494 17.138033 -5.135037
v -1.146805 20.858612 2.059055
v -0.475637 21.225599 0.887824
v -2.072483 19.986502 3.684185
v -1.613057 20.484184 2.878471
v -2.732114 18.695940 4.872660
v -2.449166 19.398193 4.351426
v -2.961002 17.135963 5.319160
v -2.881220 17.704268 5.221467
v -2.924777 17.710279 5.220869
v -0.097272 21.360516 0.237569
v -1.139663 20.850739 2.056758
v 0.516906 21.168758 1.359758
v 0.980521 20.915337 2.141809
v 1.561522 20.478542 3.125802
v 2.020465 19.981445 3.901427
v 2.397698 19.392727 4.532126
v 2.675024 18.706364 4.975314
v 2.905094 17.138983 5.333525
v 2.870373 17.710279 5.220869
v 0.988049 20.922947 2.144714
v -2.961020 17.135984 5.321497
v -0.096768 21.389933 0.319476
v 2.906529 17.136845 5.321497
v 1.099460 20.886345 5.427230
v 0.540874 21.177317 5.427230
v 0.559458 21.217171 5.427230
v 2.031818 19.969875 5.427230
v 1.590558 20.464558 5.427230
v 1.620821 20.496458 5.427230
v 2.067056 19.996187 5.427230
v 2.663039 18.694525 5.427231
v 2.393950 19.384747 5.427231
v 2.433295 19.404385 5.427231
v 2.705435 18.706200 5.427231
v 2.905245 17.136843 5.427232
v 2.872334 17.710047 5.427231
v -2.717447 18.694521 5.427231
v -2.959653 17.136843 5.427232
v -2.926743 17.710037 5.427231
v -2.759844 18.706196 5.427231
v -2.086227 19.969875 5.427230
v -2.448359 19.384743 5.427231
v -2.487703 19.404381 5.427231
v -2.121464 19.996181 5.427230
v -1.153871 20.886339 5.427230
v -1.644967 20.464554 5.427230
v -1.675235 20.496452 5.427230
v -0.595287 21.177313 5.427230
v -1.153871 20.886339 5.427230
v -0.613871 21.217167 5.427230
v -0.027203 21.411572 5.427230
v 1.099460 20.886345 5.427230
v -2.961024 17.135967 5.427231
v 2.906532 17.136827 5.427231
v 5.722999 20.858610 2.059052
v 6.394172 21.225601 0.887816
v 4.797325 19.986500 3.684188
v 5.256751 20.484184 2.878469
v 4.137694 18.695940 4.872661
v 4.420642 19.398193 4.351426
v 3.908805 17.135963 5.319160
v 3.988588 17.704268 5.221467
v 3.945030 17.710279 5.220869
v 6.772531 21.360516 0.237568
v 5.730142 20.850737 2.056756
v 7.386715 21.168762 1.359746
v 7.850342 20.915333 2.141800
v 8.431325 20.478544 3.125791
v 8.890273 19.981443 3.901424
v 9.267505 19.392729 4.532129
v 9.544831 18.706362 4.975315
v 9.774901 17.138983 5.333526
v 9.740177 17.710279 5.220869
v 7.857858 20.922947 2.144714
v 3.908788 17.135986 5.321497
v 6.773041 21.389935 0.319473
v 9.776337 17.136845 5.321497
v 7.969266 20.886345 5.427230
v 7.410682 21.177317 5.427230
v 7.429266 21.217171 5.427230
v 8.901627 19.969875 5.427230
v 8.460365 20.464558 5.427230
v 8.490630 20.496458 5.427230
v 8.936864 19.996187 5.427230
v 9.532846 18.694525 5.427231
v 9.263759 19.384747 5.427231
v 9.303102 19.404385 5.427231
v 9.575243 18.706200 5.427231
v 9.775052 17.136843 5.427232
v 9.742142 17.710047 5.427231
v 4.152360 18.694521 5.427231
v 3.910155 17.136843 5.427232
v 3.943065 17.710037 5.427231
v 4.109964 18.706196 5.427231
v 4.783581 19.969875 5.427230
v 4.421450 19.384743 5.427231
v 4.382104 19.404381 5.427231
v 4.748343 19.996181 5.427230
v 5.715937 20.886339 5.427230
v 5.224837 20.464554 5.427230
v 5.194573 20.496452 5.427230
v 6.274521 21.177313 5.427230
v 5.715936 20.886339 5.427230
v 6.255937 21.217167 5.427230
v 6.842599 21.411572 5.427230
v 7.969266 20.886343 5.427230
v 3.908784 17.135969 5.427231
v 9.776339 17.136827 5.427231
v 12.592799 20.858606 2.059047
v 13.263986 21.225605 0.887800
v 11.667139 19.986511 3.684162
v 12.126561 20.484186 2.878480
v 11.007502 18.695942 4.872661
v 11.290448 19.398191 4.351431
v 10.778611 17.135963 5.319159
v 10.858396 17.704268 5.221467
v 10.814838 17.710279 5.220869
v 13.642338 21.360516 0.237568
v 12.599963 20.850750 2.056769
v 14.256518 21.168764 1.359740
v 14.720158 20.915329 2.141795
v 15.301137 20.478542 3.125803
v 15.760083 19.981443 3.901430
v 16.137312 19.392729 4.532126
v 16.414639 18.706358 4.975304
v 16.644709 17.138983 5.333525
v 16.609989 17.710279 5.220869
v 14.727663 20.922949 2.144716
v 10.778595 17.135992 5.321497
v 13.642850 21.389936 0.319472
v 16.646145 17.136843 5.321497
v 14.839076 20.886345 5.427230
v 14.280490 21.177317 5.427230
v 14.299073 21.217171 5.427230
v 15.771434 19.969875 5.427230
v 15.330174 20.464558 5.427230
v 15.360438 20.496458 5.427230
v 15.806668 19.996187 5.427230
v 16.402653 18.694525 5.427231
v 16.133568 19.384747 5.427231
v 16.172909 19.404385 5.427231
v 16.445053 18.706200 5.427231
v 16.644861 17.136843 5.427232
v 16.611950 17.710047 5.427231
v 11.022169 18.694521 5.427231
v 10.779962 17.136843 5.427232
v 10.812873 17.710037 5.427231
v 10.979771 18.706196 5.427231
v 11.653388 19.969875 5.427230
v 11.291253 19.384743 5.427231
v 11.251912 19.404381 5.427231
v 11.618152 19.996181 5.427230
v 12.585744 20.886339 5.427230
v 12.094645 20.464554 5.427230
v 12.064381 20.496452 5.427230
v 13.144328 21.177313 5.427230
v 12.585744 20.886339 5.427230
v 13.125745 21.217167 5.427230
v 13.712408 21.411572 5.427230
v 14.839076 20.886345 5.427230
v 10.778593 17.135975 5.427231
v 16.646147 17.136826 5.427231
v 19.462599 20.858606 2.059042
v 20.133781 21.225605 0.887808
v 18.536945 19.986517 3.684167
v 18.996351 20.484177 2.878517
v 17.877312 18.695942 4.872660
v 18.160259 19.398205 4.351408
v 17.648418 17.135963 5.319159
v 17.728199 17.704268 5.221467
v 17.684643 17.710279 5.220869
v 20.512140 21.360519 0.237564
v 19.469770 20.850752 2.056770
v 21.126360 21.168747 1.359831
v 21.589909 20.915358 2.141833
v 22.170937 20.478550 3.125786
v 22.629887 19.981449 3.901432
v 23.007120 19.392735 4.532115
v 23.284449 18.706362 4.975308
v 23.514519 17.138983 5.333525
v 23.479794 17.710279 5.220869
v 21.597485 20.922943 2.144705
v 17.648401 17.135990 5.321497
v 20.512650 21.389933 0.319477
v 23.515951 17.136848 5.321497
v 21.708881 20.886345 5.427230
v 21.150299 21.177317 5.427230
v 21.168877 21.217171 5.427230
v 22.641239 19.969875 5.427230
v 22.199978 20.464558 5.427230
v 22.230244 20.496458 5.427230
v 22.676479 19.996187 5.427230
v 23.272461 18.694525 5.427231
v 23.003368 19.384747 5.427231
v 23.042713 19.404385 5.427231
v 23.314857 18.706200 5.427231
v 23.514666 17.136843 5.427232
v 23.481758 17.710047 5.427231
v 17.891972 18.694521 5.427231
v 17.649769 17.136843 5.427232
v 17.682674 17.710037 5.427231
v 17.849579 18.706196 5.427231
v 18.523197 19.969875 5.427230
v 18.161060 19.384743 5.427231
v 18.121716 19.404381 5.427231
v 18.487957 19.996181 5.427230
v 19.455549 20.886339 5.427230
v 18.964451 20.464554 5.427230
v 18.934189 20.496452 5.427230
v 20.014137 21.177313 5.427230
v 19.455549 20.886339 5.427230
v 19.995552 21.217167 5.427230
v 20.582216 21.411572 5.427230
v 21.708881 20.886345 5.427230
v 17.648399 17.135973 5.427231
v 23.515951 17.136831 5.427231
v -0.571295 21.168772 -1.267394
v -1.034945 20.915329 -2.049497
v -1.615934 20.478535 -3.033537
v -2.074871 19.981445 -3.809131
v -2.452103 19.392731 -4.439813
v -2.729431 18.706352 -4.883013
v -2.959500 17.138979 -5.241222
v -2.924777 17.710278 -5.128567
v 0.042372 21.389935 -0.227172
v -1.042449 20.922953 -2.052422
v 1.092395 20.858618 -1.966758
v 0.421248 21.225597 -0.795555
v 2.018076 19.986506 -3.591878
v 1.558645 20.484196 -2.786155
v 2.677708 18.695934 -4.780347
v 2.394750 19.398209 -4.259094
v 2.906596 17.135960 -5.226857
v 2.826816 17.704266 -5.129165
v 2.870373 17.710278 -5.128567
v 1.085264 20.850742 -1.964455
v -2.960941 17.136780 -5.229195
v 0.042889 21.360518 -0.145268
v 2.906616 17.135956 -5.229195
v 0.540874 21.177315 -5.334930
v 1.099460 20.886341 -5.334930
v 0.559458 21.217169 -5.334930
v 1.590558 20.464554 -5.334930
v 2.031818 19.969873 -5.334930
v 2.067056 19.996183 -5.334930
v 1.620821 20.496454 -5.334930
v 2.393950 19.384743 -5.334929
v 2.663039 18.694521 -5.334929
v 2.705435 18.706196 -5.334929
v 2.433295 19.404383 -5.334929
v 2.905245 17.136839 -5.334929
v 2.872334 17.710043 -5.334929
v -2.959653 17.136839 -5.334929
v -2.717447 18.694517 -5.334929
v -2.759844 18.706192 -5.334929
v -2.926743 17.710035 -5.334929
v -2.448359 19.384739 -5.334929
v -2.086227 19.969873 -5.334930
v -2.121464 19.996180 -5.334930
v -2.487703 19.404377 -5.334929
v -1.644967 20.464550 -5.334930
v -1.153871 20.886335 -5.334930
v -1.675235 20.496450 -5.334930
v -1.153871 20.886335 -5.334930
v -0.595287 21.177309 -5.334930
v -0.613871 21.217163 -5.334930
v -0.027202 21.411570 -5.334930
v 1.099461 20.886341 -5.334930
v -2.960945 17.136765 -5.334929
v 2.906619 17.135937 -5.334929
v 6.298512 21.168770 -1.267400
v 5.834867 20.915331 -2.049500
v 5.253874 20.478535 -3.033540
v 4.794937 19.981447 -3.809130
v 4.417705 19.392731 -4.439813
v 4.140377 18.706354 -4.883013
v 3.910308 17.138979 -5.241222
v 3.945030 17.710278 -5.128567
v 6.912178 21.389935 -0.227172
v 5.827360 20.922955 -2.052424
v 7.962190 20.858622 -1.966767
v 7.291060 21.225592 -0.795573
v 8.887884 19.986506 -3.591883
v 8.428456 20.484190 -2.786169
v 9.547516 18.695932 -4.780348
v 9.264556 19.398214 -4.259085
v 9.776403 17.135960 -5.226856
v 9.696623 17.704266 -5.129165
v 9.740177 17.710278 -5.128567
v 7.955071 20.850740 -1.964455
v 3.908866 17.136778 -5.229195
v 6.912687 21.360516 -0.145270
v 9.776423 17.135958 -5.229195
v 7.410682 21.177315 -5.334930
v 7.969266 20.886341 -5.334930
v 7.429266 21.217169 -5.334930
v 8.460365 20.464554 -5.334930
v 8.901627 19.969873 -5.334930
v 8.936864 19.996183 -5.334930
v 8.490630 20.496454 -5.334930
v 9.263759 19.384743 -5.334929
v 9.532846 18.694521 -5.334929
v 9.575243 18.706196 -5.334929
v 9.303102 19.404383 -5.334929
v 9.775052 17.136839 -5.334929
v 9.742142 17.710043 -5.334929
v 3.910155 17.136839 -5.334929
v 4.152360 18.694517 -5.334929
v 4.109964 18.706192 -5.334929
v 3.943065 17.710035 -5.334929
v 4.421450 19.384739 -5.334929
v 4.783581 19.969873 -5.334930
v 4.748343 19.996180 -5.334930
v 4.382104 19.404377 -5.334929
v 5.224837 20.464550 -5.334930
v 5.715937 20.886335 -5.334930
v 5.194573 20.496450 -5.334930
v 5.715936 20.886335 -5.334930
v 6.274521 21.177309 -5.334930
v 6.255937 21.217163 -5.334930
v 6.842601 21.411570 -5.334930
v 7.969266 20.886341 -5.334930
v 3.908862 17.136765 -5.334929
v 9.776426 17.135939 -5.334929
v 13.168315 21.168768 -1.267412
v 12.704681 20.915335 -2.049505
v 12.123684 20.478533 -3.033531
v 11.664744 19.981443 -3.809144
v 11.287512 19.392727 -4.439813
v 11.010184 18.706354 -4.883012
v 10.780115 17.138979 -5.241223
v 10.814838 17.710278 -5.128567
v 13.781987 21.389935 -0.227173
v 12.697154 20.922941 -2.052411
v 14.831990 20.858625 -1.966773
v 14.160867 21.225590 -0.795584
v 15.757689 19.986509 -3.591871
v 15.298261 20.484196 -2.786154
v 16.417322 18.695936 -4.780361
v 16.134371 19.398201 -4.259102
v 16.646212 17.135960 -5.226856
v 16.566433 17.704266 -5.129165
v 16.609989 17.710278 -5.128567
v 14.824883 20.850740 -1.964453
v 10.778671 17.136772 -5.229195
v 13.782495 21.360516 -0.145271
v 16.646231 17.135958 -5.229195
v 14.280490 21.177315 -5.334930
v 14.839076 20.886341 -5.334930
v 14.299073 21.217169 -5.334930
v 15.330174 20.464554 -5.334930
v 15.771434 19.969873 -5.334930
v 15.806668 19.996183 -5.334930
v 15.360438 20.496454 -5.334930
v 16.133568 19.384743 -5.334929
v 16.402653 18.694521 -5.334929
v 16.445053 18.706196 -5.334929
v 16.172909 19.404383 -5.334929
v 16.644861 17.136839 -5.334929
v 16.611950 17.710043 -5.334929
v 10.779962 17.136839 -5.334929
v 11.022169 18.694517 -5.334929
v 10.979771 18.706192 -5.334929
v 10.812873 17.710035 -5.334929
v 11.291253 19.384739 -5.334929
v 11.653388 19.969873 -5.334930
v 11.618152 19.996180 -5.334930
v 11.251912 19.404377 -5.334929
v 12.094645 20.464550 -5.334930
v 12.585744 20.886335 -5.334930
v 12.064381 20.496450 -5.334930
v 12.585744 20.886335 -5.334930
v 13.144328 21.177309 -5.334930
v 13.125745 21.217163 -5.334930
v 13.712409 21.411570 -5.334930
v 14.839076 20.886341 -5.334930
v 10.778670 17.136757 -5.334929
v 16.646233 17.135939 -5.334929
v 20.038132 21.168768 -1.267401
v 19.574499 20.915335 -2.049511
v 18.993498 20.478539 -3.033503
v 18.534548 19.981434 -3.809144
v 18.157318 19.392725 -4.439826
v 17.879993 18.706352 -4.883013
v 17.649921 17.138979 -5.241222
v 17.684643 17.710278 -5.128567
v 20.651800 21.389933 -0.227176
v 19.566963 20.922939 -2.052410
v 21.701849 20.858597 -1.966733
v 21.030630 21.225613 -0.795464
v 22.627495 19.986502 -3.591872
v 22.168064 20.484188 -2.786171
v 23.287132 18.695934 -4.780356
v 23.004181 19.398193 -4.259115
v 23.516022 17.135960 -5.226857
v 23.436237 17.704266 -5.129165
v 23.479794 17.710278 -5.128567
v 21.694672 20.850746 -1.964464
v 17.648479 17.136774 -5.229195
v 20.652309 21.360518 -0.145267
v 23.516041 17.135952 -5.229195
v 21.150299 21.177315 -5.334930
v 21.708881 20.886341 -5.334930
v 21.168877 21.217169 -5.334930
v 22.199978 20.464554 -5.334930
v 22.641239 19.969873 -5.334930
v 22.676479 19.996183 -5.334930
v 22.230244 20.496454 -5.334930
v 23.003368 19.384743 -5.334929
v 23.272461 18.694521 -5.334929
v 23.314857 18.706196 -5.334929
v 23.042713 19.404383 -5.334929
v 23.514666 17.136839 -5.334929
v 23.481758 17.710043 -5.334929
v 17.649769 17.136839 -5.334929
v 17.891972 18.694517 -5.334929
v 17.849579 18.706192 -5.334929
v 17.682674 17.710035 -5.334929
v 18.161060 19.384739 -5.334929
v 18.523197 19.969873 -5.334930
v 18.487957 19.996180 -5.334930
v 18.121716 19.404377 -5.334929
v 18.964451 20.464550 -5.334930
v 19.455549 20.886335 -5.334930
v 18.934189 20.496450 -5.334930
v 19.455549 20.886335 -5.334930
v 20.014137 21.177309 -5.334930
v 19.995552 21.217163 -5.334930
v 20.582218 21.411570 -5.334930
v 21.708881 20.886341 -5.334930
v 17.648478 17.136759 -5.334929
v 23.516041 17.135933 -5.334929
v -3.658367 17.141317 -5.137830
v -3.652140 18.694517 -4.712698
v -3.614546 18.705212 -4.732842
v -3.609630 17.141626 -5.140496
v -3.598561 19.395199 -4.179782
v -3.589283 19.984600 -3.518043
v -3.581489 20.483074 -2.717466
v -3.578925 20.845236 -1.913191
v -3.570400 20.851704 -1.919780
v -3.571652 21.229107 -0.740788
v -5.355973 21.177315 -4.174557
v -4.953820 20.885210 -4.410339
v -5.336884 21.215612 -4.184671
v -4.603426 20.464554 -4.609040
v -4.287076 19.969873 -4.791687
v -4.254051 19.993017 -4.809228
v -4.574160 20.493473 -4.624563
v -4.027452 19.384743 -4.941580
v -3.834532 18.694521 -5.052960
v -3.796766 18.704350 -5.073228
v -3.991594 19.401577 -4.960678
v -3.664464 17.136297 -5.146479
v -3.626227 17.139944 -5.167919
v -7.858440 17.136292 -2.726169
v -7.691958 18.694517 -2.825875
v -7.728374 18.704338 -2.803258
v -7.895854 17.139927 -2.703227
v -7.499043 19.384739 -2.937255
v -7.239418 19.969873 -3.087150
v -7.271120 19.993010 -3.067308
v -7.533503 19.401564 -2.915734
v -6.923070 20.464550 -3.269792
v -6.572439 20.885092 -3.468263
v -6.951143 20.493464 -3.252206
v -6.572040 20.885082 -3.467557
v -6.170522 21.177311 -3.704276
v -6.188828 21.215607 -3.692799
v -5.763082 21.411598 -3.939134
v -4.953498 20.885202 -4.409803
v -7.488151 18.694517 -2.497974
v -7.842754 17.138132 -2.698491
v -7.891216 17.145050 -2.693899
v -7.524378 18.705204 -2.475454
v -6.587729 19.980120 -2.013387
v -7.132213 19.392649 -2.313394
v -5.070072 20.926237 -1.159736
v -5.920970 20.476809 -1.642179
v -4.409269 21.162582 -0.795004
v -5.059294 20.920172 -1.163456
v -3.616090 21.358519 -0.348536
v -3.577436 21.325314 -0.283039
v -3.656501 17.136021 -5.155405
v -3.633018 17.136021 -5.115484
v -7.846495 17.136007 -2.682725
v -7.869650 17.136007 -2.722834
v -8.066610 21.177315 -0.424314
v -8.069776 20.885212 -0.890484
v -8.065823 21.215614 -0.445906
v -8.066610 20.464556 -1.293282
v -8.066610 19.969873 -1.658571
v -8.065282 19.993013 -1.695945
v -8.065414 20.493469 -1.326391
v -8.066610 19.384745 -1.958358
v -8.066610 18.694523 -2.181123
v -8.065237 18.704342 -2.223964
v -8.065203 19.401573 -1.998965
v -8.063248 17.136297 -2.375169
v -8.062486 17.139935 -2.419008
v -8.062670 17.136293 2.467065
v -8.066605 18.694519 2.273052
v -8.065282 18.704348 2.315892
v -8.061790 17.139944 2.510959
v -8.066605 19.384741 2.050290
v -8.066605 19.969875 1.750502
v -8.065290 19.993015 1.787873
v -8.065225 19.401575 2.090889
v -8.066605 20.464552 1.385209
v -8.063147 20.885094 0.982319
v -8.065418 20.493469 1.418318
v -8.062431 20.885086 0.982327
v -8.066605 21.177311 0.516245
v -8.065823 21.215614 0.537837
v -8.066326 21.411602 0.045961
v -8.069121 20.885204 -0.890496
v -7.678331 18.694519 2.260875
v -8.028395 17.138008 2.467715
v -8.048960 17.144949 2.511924
v -7.676989 18.705214 2.303509
v -6.808259 19.980204 1.723297
v -7.340202 19.392809 2.044796
v -5.310359 20.926243 0.835851
v -6.153549 20.476835 1.331511
v -4.663980 21.162607 0.445922
v -5.308144 20.920143 0.824720
v -8.050229 17.141405 -2.375788
v -7.678331 18.694517 -2.168573
v -7.676950 18.705208 -2.211207
v -8.028334 17.141743 -2.419286
v -7.189807 19.395302 -1.948444
v -6.612175 19.984644 -1.625634
v -5.915009 20.483099 -1.232108
v -5.217263 20.845217 -0.832239
v -5.218709 20.851696 -0.842922
v -4.198259 21.229128 -0.252295
v -3.804770 21.325327 -0.018432
v -3.880811 21.358528 -0.017702
v -8.017601 17.136021 2.478832
v -8.066317 17.136023 2.478454
v -8.066232 17.136112 -2.386519
v -8.017516 17.136108 -2.386519
v -3.716753 21.162613 1.287014
v -3.710791 20.920153 2.034271
v -3.694584 20.476845 3.019802
v -3.682675 19.980150 3.782842
v -3.670251 19.392696 4.404374
v -3.652140 18.694525 4.804995
v -3.614533 18.705215 4.825118
v -3.648135 17.138033 5.211719
v -3.620113 17.144991 5.251667
v -3.702269 20.926266 2.041763
v -6.166616 21.177317 3.789826
v -6.571916 20.885212 3.559479
v -6.184924 21.215614 3.778344
v -6.919165 20.464558 3.355343
v -7.235518 19.969875 3.172696
v -7.267210 19.993011 3.152850
v -6.947238 20.493465 3.337748
v -7.495139 19.384747 3.022802
v -7.688058 18.694523 2.911422
v -7.724456 18.704334 2.888784
v -7.529593 19.401566 3.001268
v -7.854542 17.136295 2.811695
v -7.892174 17.139925 2.789186
v -3.660747 17.136295 5.232292
v -3.830631 18.694519 5.138503
v -3.792848 18.704344 5.158744
v -3.622230 17.139940 5.253354
v -4.023546 19.384743 5.027127
v -4.283172 19.969875 4.877232
v -4.250142 19.993011 4.894765
v -3.987680 19.401571 5.046212
v -4.599520 20.464554 4.694585
v -4.946701 20.885094 4.490141
v -4.570251 20.493467 4.710109
v -4.946344 20.885086 4.489541
v -5.352068 21.177313 4.260101
v -5.332974 21.215611 4.270216
v -5.759194 21.411602 4.024702
v -6.571617 20.885204 3.558939
v -7.853738 17.141451 2.808999
v -7.487674 18.693743 2.545574
v -7.880364 17.141775 2.768192
v -7.053014 19.395443 2.277053
v -6.484718 19.984720 1.938295
v -5.795426 20.483122 1.531374
v -5.100306 20.845234 1.127127
v -5.110291 20.851686 1.123000
v -4.088547 21.229130 0.534568
v -3.689291 21.325323 0.310751
v -3.661936 17.134291 5.213666
v -3.623662 17.137926 5.235012
v -3.726685 21.358534 0.376962
v -7.837334 17.134268 2.803002
v -7.874853 17.137886 2.780355
v -12.086843 7.519168 -5.059614
v -12.362777 6.742200 -5.194277
v -11.110798 8.464950 -4.588398
v -11.645546 8.021186 -4.872113
v -11.675233 8.053473 -4.875275
v -9.355737 9.201303 -3.550883
v -10.455603 8.794671 -4.185102
v -10.473289 8.834927 -4.185656
v -9.367651 9.243432 -3.558745
v -12.425987 6.413235 -5.238943
v -11.106917 8.465549 -4.593064
v -8.042182 9.482045 -2.835976
v -12.114130 6.991161 -5.588509
v -11.913255 7.571999 -5.714828
v -11.531940 8.054826 -5.936107
v -11.052565 8.438285 -6.203794
v -10.385286 8.816774 -6.565052
v -12.236421 6.398268 -5.512175
v -11.052279 8.446719 -6.187898
v -3.661553 9.200805 -6.847615
v -3.649782 9.243996 -6.852363
v -3.614094 9.476236 -5.347138
v -3.666083 9.478460 -5.369201
v -8.073795 9.478473 -2.823166
v -12.277296 6.377811 -5.442587
v -12.394929 6.379186 -5.307292
v -12.187675 7.533218 4.982053
v -12.466235 6.742194 5.134084
v -11.292240 8.440326 4.364345
v -11.854253 8.043284 4.664813
v -11.304935 8.477695 4.383733
v -9.539578 9.201306 3.351552
v -10.638672 8.794673 3.987006
v -10.647995 8.834929 4.002041
v -9.552253 9.243433 3.357989
v -12.536530 6.413240 5.166477
v -11.829798 8.035187 4.694666
v -12.232433 7.535899 4.926524
v -8.263607 9.482049 2.571440
v -12.615163 9.201630 -1.401890
v -12.619404 9.244324 -1.412348
v -12.572811 8.812963 -2.684339
v -12.562119 8.453659 -3.438338
v -12.548849 8.066159 -4.031450
v -12.551803 7.566927 -4.482613
v -12.582450 6.427477 -4.879713
v -12.593548 6.436369 -4.913050
v -12.683312 6.991096 4.721651
v -12.687817 7.513124 4.512062
v -12.688209 8.016887 4.101639
v -12.678986 8.464519 3.460847
v -12.664642 8.816787 2.736081
v -12.613388 9.201234 1.520818
v -12.621133 9.244762 1.525546
v -12.557763 8.057146 -4.013410
v -12.565276 7.560517 -4.506828
v -12.678346 6.398273 4.865715
v -12.701618 7.508640 4.535069
v -12.696860 8.006797 4.084697
v -12.613810 9.457260 0.058075
v -12.616514 9.501148 0.058075
v -12.514440 6.905928 -4.861534
v -12.293580 7.542238 -4.734251
v -11.820847 8.031236 -4.587481
v -11.293049 8.440324 -4.243963
v -11.305710 8.477694 -4.263378
v -10.639477 8.794671 -3.866624
v -9.547489 9.200808 -3.228032
v -9.545571 9.244004 -3.240662
v -10.648781 8.834927 -3.881677
v -12.613712 6.414733 -4.920394
v -12.247244 7.539853 -4.790397
v -11.844780 8.039187 -4.558329
v -8.224244 9.476233 -2.518967
v -8.269318 9.478462 -2.484941
v -8.268245 9.478476 2.605268
v -12.638519 6.377859 4.935892
v -12.580173 6.379232 5.105412
v -12.580896 6.377956 -4.985126
v -12.638427 6.376583 -4.819912
v -3.593851 7.519162 10.082954
v -3.572522 6.742190 10.389256
v -3.652140 8.440328 8.987679
v -3.672929 8.043286 9.624631
v -3.641696 8.477697 9.008365
v -3.652880 9.201307 6.963408
v -3.652140 8.794675 8.232998
v -3.643781 8.834930 8.248591
v -3.653686 9.243429 6.977651
v -3.579596 6.413241 10.466328
v -3.634815 8.035182 9.618371
v -3.690513 9.482049 5.468353
v -9.307301 9.201634 7.250234
v -9.318491 9.244324 7.248639
v -10.396749 8.812972 6.572366
v -11.013012 8.470977 6.212600
v -11.587155 8.019911 5.861847
v -11.991975 7.503751 5.637506
v -12.302857 6.427487 5.482975
v -12.337252 6.436372 5.475927
v -4.038261 6.991164 10.371033
v -4.248089 7.571999 10.260226
v -4.630359 8.054814 10.040639
v -5.101878 8.438297 9.759306
v -5.748449 8.816788 9.362080
v -6.775279 9.201234 8.710070
v -6.775029 9.244762 8.719127
v -11.013249 8.478938 6.196567
v -3.911019 6.398271 10.438770
v -5.088298 8.446712 9.751166
v -8.042261 9.457263 7.979058
v -8.043615 9.501150 7.981398
v -12.253088 6.905940 5.433196
v -12.037423 7.556308 5.274369
v -11.643928 8.021190 4.993898
v -11.129332 8.452865 4.658986
v -11.673629 8.053473 4.996967
v -10.453985 8.794673 4.306886
v -9.354964 9.200806 3.680517
v -9.364938 9.244005 3.672509
v -10.471676 8.834929 4.307418
v -12.353695 6.414738 5.489754
v -11.133029 8.452419 4.654514
v -8.079275 9.476233 2.889043
v -8.072323 9.478465 2.945089
v -3.663537 9.478477 5.489262
v -3.830308 6.377772 10.439381
v -3.654328 6.379149 10.473607
v -12.393346 6.377954 5.428952
v -12.279031 6.376586 5.561378
v 0.840723 9.204762 10.613467
v 0.853836 9.247212 10.613660
v 2.031818 8.440688 10.613956
v 1.602955 8.813263 10.612057
v 2.062368 8.472311 10.613390
v 2.663039 7.526874 10.613956
v 2.393950 8.021433 10.613956
v 2.430115 8.046442 10.613297
v 2.704129 7.542525 10.613254
v 2.904970 6.412524 10.614100
v 2.871974 6.825368 10.613385
v -2.717447 7.526874 10.613956
v -2.959351 6.412520 10.611832
v -2.926382 6.825359 10.613385
v -2.758538 7.542521 10.613254
v -2.086227 8.440683 10.613956
v -2.448359 8.021428 10.613956
v -2.484524 8.046437 10.613297
v -2.116776 8.472311 10.613385
v -0.895095 9.204780 10.613985
v -1.657385 8.813292 10.615388
v -0.908184 9.247231 10.613129
v -1.657391 8.813293 10.615472
v -0.027202 9.479903 10.613842
v 1.602959 8.813265 10.612062
v -0.839138 9.200533 6.882052
v -0.839440 9.246217 6.907354
v -2.070167 8.459603 8.915812
v -1.660231 8.777550 8.207151
v -2.732311 7.531029 10.095987
v -2.446822 8.038452 9.574421
v -2.961073 6.410267 10.562995
v -2.881220 6.817343 10.469728
v -2.924377 6.825751 10.469129
v -0.084163 9.439618 5.589563
v -1.663368 8.786747 8.212147
v 0.769358 9.205086 6.905871
v 0.800268 9.241721 6.882482
v 1.509301 8.849976 8.294980
v 2.017502 8.455281 9.166212
v 2.396247 8.031542 9.805633
v 2.673105 7.540606 10.248282
v 2.904426 6.416080 10.584556
v 2.869973 6.825751 10.469129
v 1.505806 8.841030 8.289345
v -2.960883 6.411892 10.613735
v -2.960883 6.411892 10.569759
v 0.008033 9.445758 5.603044
v 2.906478 6.411881 10.569758
v 2.906476 6.411881 10.613736
v -0.070043 9.437692 5.596513
v 0.019698 9.471904 5.596098
v 0.013216 9.421449 5.596406
v 7.710527 9.204763 10.613467
v 7.723643 9.247213 10.613660
v 8.901627 8.440688 10.613956
v 8.472762 8.813263 10.612057
v 8.932176 8.472311 10.613390
v 9.532846 7.526874 10.613956
v 9.263759 8.021433 10.613956
v 9.299923 8.046442 10.613297
v 9.573936 7.542525 10.613254
v 9.774777 6.412524 10.614100
v 9.741781 6.825368 10.613385
v 4.152360 7.526874 10.613956
v 3.910459 6.412520 10.611831
v 3.943426 6.825359 10.613385
v 4.111270 7.542521 10.613254
v 4.783581 8.440683 10.613956
v 4.421450 8.021428 10.613956
v 4.385284 8.046437 10.613297
v 4.753031 8.472311 10.613385
v 5.974713 9.204780 10.613985
v 5.212423 8.813292 10.615388
v 5.961623 9.247231 10.613129
v 5.212417 8.813294 10.615472
v 6.842606 9.479903 10.613842
v 8.472766 8.813265 10.612061
v 6.030668 9.200533 6.882035
v 6.030365 9.246217 6.907370
v 4.799645 8.459607 8.915814
v 5.209587 8.777559 8.207161
v 4.137497 7.531029 10.095988
v 4.422990 8.038460 9.574404
v 3.908737 6.410267 10.562992
v 3.988588 6.817343 10.469728
v 3.945430 6.825751 10.469129
v 6.785653 9.439620 5.589568
v 5.206439 8.786746 8.212146
v 7.639164 9.205086 6.905858
v 7.670076 9.241721 6.882477
v 8.379113 8.849973 8.294976
v 8.887306 8.455284 9.166201
v 9.266054 8.031543 9.805631
v 9.542912 7.540606 10.248283
v 9.774233 6.416080 10.584556
v 9.739780 6.825751 10.469129
v 8.375607 8.841034 8.289350
v 3.930708 6.408884 10.591969
v 3.887146 6.414900 10.591525
v 6.877844 9.445757 5.603042
v 9.776285 6.411884 10.569758
v 9.776283 6.411884 10.613736
v 6.796817 9.442757 5.596570
v 6.878256 9.428490 5.596074
v 6.889506 9.471904 5.596098
v 14.580325 9.204768 10.613467
v 14.593440 9.247218 10.613660
v 15.771434 8.440688 10.613956
v 15.342570 8.813263 10.612057
v 15.801984 8.472311 10.613390
v 16.402653 7.526874 10.613956
v 16.133568 8.021433 10.613956
v 16.169731 8.046442 10.613297
v 16.443745 7.542525 10.613254
v 16.644585 6.412525 10.614101
v 16.611588 6.825368 10.613385
v 11.022169 7.526874 10.613956
v 10.780267 6.412520 10.611831
v 10.813233 6.825359 10.613385
v 10.981078 7.542521 10.613254
v 11.653388 8.440683 10.613956
v 11.291257 8.021428 10.613956
v 11.255093 8.046437 10.613297
v 11.622839 8.472311 10.613385
v 12.844522 9.204780 10.613985
v 12.082232 8.813292 10.615389
v 12.831423 9.247229 10.613129
v 12.082227 8.813294 10.615471
v 13.712413 9.479903 10.613842
v 15.342575 8.813265 10.612061
v 12.900476 9.200537 6.881984
v 12.900173 9.246217 6.907409
v 11.669451 8.459606 8.915822
v 12.079398 8.777561 8.207164
v 11.007305 7.531030 10.095989
v 11.292797 8.038459 9.574408
v 10.778545 6.410267 10.562992
v 10.858396 6.817343 10.469728
v 10.815238 6.825751 10.469129
v 13.655473 9.439625 5.589574
v 12.076242 8.786745 8.212143
v 14.508968 9.205086 6.905779
v 14.539892 9.241716 6.882482
v 15.248936 8.849967 8.294967
v 15.757113 8.455290 9.166183
v 16.135862 8.031545 9.805634
v 16.412720 7.540606 10.248274
v 16.644041 6.416080 10.584558
v 16.609589 6.825751 10.469129
v 15.245391 8.841051 8.289371
v 10.800516 6.408884 10.591969
v 10.756954 6.414900 10.591525
v 13.747686 9.445748 5.603022
v 16.624310 6.408875 10.591969
v 16.667871 6.414891 10.591523
v 13.672009 9.421449 5.596406
v 13.755267 9.437689 5.596108
v 13.665527 9.471903 5.595896
v 21.450138 9.204765 10.613467
v 21.463257 9.247213 10.613660
v 22.641243 8.440688 10.613956
v 22.212378 8.813263 10.612057
v 22.671791 8.472311 10.613390
v 23.272461 7.526874 10.613956
v 23.003372 8.021433 10.613956
v 23.039539 8.046442 10.613297
v 23.313553 7.542525 10.613254
v 23.514395 6.412524 10.614100
v 23.481396 6.825368 10.613385
v 17.891975 7.526874 10.613956
v 17.650074 6.412520 10.611832
v 17.683041 6.825359 10.613385
v 17.850887 7.542521 10.613254
v 18.523197 8.440683 10.613956
v 18.161064 8.021428 10.613956
v 18.124901 8.046437 10.613297
v 18.492649 8.472311 10.613385
v 19.714321 9.204777 10.613985
v 18.952042 8.813292 10.615389
v 19.701220 9.247225 10.613129
v 18.952036 8.813294 10.615472
v 20.582222 9.479903 10.613842
v 22.212381 8.813265 10.612061
v 19.770294 9.200533 6.882132
v 19.769985 9.246217 6.907295
v 18.539276 8.459622 8.915779
v 18.949207 8.777565 8.207166
v 17.877110 7.531021 10.096001
v 18.162615 8.038466 9.574373
v 17.648352 6.410267 10.562992
v 17.728203 6.817343 10.469728
v 17.685047 6.825751 10.469129
v 20.525215 9.439605 5.589536
v 18.946054 8.786748 8.212146
v 21.378788 9.205082 6.905853
v 21.409691 9.241720 6.882507
v 22.118713 8.849989 8.294992
v 22.626921 8.455286 9.166216
v 23.005663 8.031552 9.805602
v 23.282530 7.540603 10.248275
v 23.513849 6.416065 10.584501
v 23.479397 6.825751 10.469129
v 22.115223 8.841033 8.289350
v 17.670322 6.408885 10.591969
v 17.626762 6.414900 10.591525
v 20.617449 9.445760 5.603049
v 23.515903 6.411883 10.569760
v 23.515902 6.411883 10.613736
v 20.536432 9.442757 5.596570
v 20.617872 9.428490 5.596074
v 20.629122 9.471904 5.596098
v -0.823746 9.205087 -6.813434
v -0.854656 9.241722 -6.790191
v -0.062422 9.445756 -5.510740
v 0.784744 9.200527 -6.789718
v 0.785075 9.246200 -6.815230
v 0.029765 9.439617 -5.497260
v -0.070042 9.437685 -5.503801
v 0.019698 9.471899 -5.503589
v 0.013216 9.421445 -5.504099
v 6.046063 9.205087 -6.813443
v 6.015147 9.241721 -6.790178
v 6.807378 9.445754 -5.510735
v 7.654553 9.200527 -6.789715
v 7.654880 9.246201 -6.815214
v 8.475631 8.777550 -8.114847
v 8.478754 8.786751 -8.119851
v 6.899570 9.439617 -5.497261
v 6.878257 9.428488 -5.504059
v 6.796818 9.442751 -5.503773
v 6.889506 9.471899 -5.503589
v 12.915876 9.205090 -6.813465
v 12.884952 9.241722 -6.790138
v 12.175895 8.849962 -8.202661
v 13.677177 9.445749 -5.510728
v 12.179434 8.841043 -8.197060
v 14.524377 9.200521 -6.789730
v 14.524673 9.246203 -6.815114
v 15.755378 8.459599 -8.823519
v 15.345428 8.777556 -8.114857
v 15.348591 8.786736 -8.119830
v 13.769349 9.439626 -5.497281
v 13.755268 9.437688 -5.504206
v 13.672009 9.421445 -5.504099
v 13.665527 9.471900 -5.503791
v 19.785667 9.205081 -6.813405
v 19.754786 9.241726 -6.790250
v 19.045700 8.849959 -8.202658
v 18.537508 8.455269 -9.073918
v 20.547047 9.445769 -5.510767
v 19.049238 8.841040 -8.197056
v 21.394173 9.200525 -6.789751
v 21.394499 9.246199 -6.815199
v 22.625177 8.459603 -8.823484
v 22.215265 8.777534 -8.114832
v 23.001831 8.038456 -9.482087
v 22.218370 8.786753 -8.119851
v 20.639196 9.439614 -5.497254
v 20.617872 9.428488 -5.504059
v 20.536434 9.442751 -5.503773
v 20.629122 9.471899 -5.503589
v 3.217899 9.202822 6.839441
v 3.217468 9.245592 6.849802
v 3.217729 8.795128 8.156116
v 3.217729 8.440688 8.936671
v 3.217514 8.479237 8.957824
v 3.217505 8.836131 8.172009
v 3.209419 8.038413 9.591275
v 3.217729 7.526874 10.053255
v 3.218147 7.551105 10.089952
v 3.217729 6.817343 10.346376
v 3.208111 6.414264 10.467087
v 3.219184 6.831164 10.388096
v 3.215536 8.038389 9.591245
v 3.218254 9.432955 5.599303
v 0.978785 9.198744 6.817759
v 0.986170 9.242003 6.825515
v 2.151759 8.460533 8.935143
v 1.747013 8.795128 8.135127
v 1.746798 8.836417 8.150263
v 2.810435 7.536030 10.078160
v 2.521146 8.021992 9.604385
v 3.090063 6.414557 10.475045
v 3.027919 6.817343 10.353720
v 3.029317 6.831472 10.395339
v 2.532470 8.026804 9.606649
v 0.269000 9.426175 5.603876
v 3.218786 6.414155 10.466667
v 3.086861 6.414155 10.475296
v -3.271731 9.432651 5.601261
v -0.332203 9.426660 5.601260
v -3.271686 9.202837 6.839377
v -3.271791 9.245607 6.849750
v -3.271781 8.440688 8.936671
v -3.271781 8.795128 8.156116
v -3.271557 8.836131 8.172009
v -3.271566 8.479237 8.957824
v -3.271781 7.526874 10.053255
v -3.280043 8.038363 9.591231
v -3.272203 7.551105 10.089952
v -3.283608 6.414076 10.466237
v -3.271781 6.817343 10.346376
v -3.273237 6.831164 10.388096
v -3.273890 8.038402 9.591253
v -3.271148 9.432648 5.601272
v -1.040200 9.199084 6.815817
v -1.032840 9.241638 6.827554
v -1.801070 8.795128 8.135127
v -2.308888 8.459963 8.936519
v -1.800850 8.836417 8.150263
v -2.689215 8.055419 9.572137
v -2.956765 7.543424 10.071185
v -3.081971 6.817343 10.353720
v -3.137728 6.413772 10.475541
v -3.083369 6.831472 10.395339
v -2.677616 8.050903 9.569485
v -0.340200 9.427423 5.596730
v -3.140913 6.414163 10.475294
v -3.272839 6.414163 10.466665
v 0.277038 9.426946 5.599305
v 3.217678 9.432953 5.599305
v 10.087711 9.202822 6.839441
v 10.087273 9.245592 6.849802
v 10.087533 8.795128 8.156116
v 10.087533 8.440688 8.936671
v 10.087321 8.479237 8.957824
v 10.087312 8.836131 8.172009
v 10.079224 8.038413 9.591275
v 10.087533 7.526874 10.053255
v 10.087955 7.551105 10.089952
v 10.087533 6.817343 10.346376
v 10.077917 6.414265 10.467088
v 10.088992 6.831164 10.388096
v 10.085342 8.038389 9.591245
v 10.088069 9.432955 5.599303
v 7.848593 9.198744 6.817759
v 7.855978 9.242003 6.825515
v 9.021607 8.460526 8.935159
v 8.616821 8.795128 8.135127
v 8.616606 8.836417 8.150263
v 9.680220 7.536033 10.078160
v 9.390909 8.021980 9.604401
v 9.959870 6.414557 10.475045
v 9.897726 6.817343 10.353720
v 9.899125 6.831472 10.395339
v 9.402328 8.026819 9.606629
v 7.138807 9.426175 5.603876
v 10.088593 6.414155 10.466667
v 9.956669 6.414155 10.475296
v 3.598078 9.432651 5.601261
v 6.537604 9.426660 5.601260
v 3.598131 9.202837 6.839377
v 3.598011 9.245607 6.849750
v 3.598027 8.440688 8.936671
v 3.598027 8.795128 8.156116
v 3.598250 8.836131 8.172009
v 3.598242 8.479237 8.957824
v 3.598027 7.526874 10.053255
v 3.589835 8.038363 9.591231
v 3.597609 7.551105 10.089952
v 3.586197 6.414076 10.466237
v 3.598027 6.817343 10.346376
v 3.596571 6.831164 10.388096
v 3.595922 8.038402 9.591253
v 3.598644 9.432648 5.601272
v 5.829683 9.199083 6.815815
v 5.836936 9.241637 6.827559
v 5.068738 8.795128 8.135127
v 4.560918 8.459962 8.936519
v 5.068957 8.836417 8.150263
v 4.180588 8.055421 9.572136
v 3.913040 7.543424 10.071186
v 3.787837 6.817343 10.353720
v 3.732073 6.413773 10.475540
v 3.786438 6.831472 10.395339
v 4.192189 8.050903 9.569484
v 6.529613 9.427423 5.596733
v 3.728895 6.414163 10.475294
v 3.596969 6.414163 10.466665
v 7.146846 9.426946 5.599305
v 10.087484 9.432953 5.599305
v 16.957561 9.202822 6.839442
v 16.957047 9.245592 6.849802
v 16.957344 8.795128 8.156116
v 16.957344 8.440688 8.936671
v 16.957130 8.479237 8.957824
v 16.957119 8.836131 8.172009
v 16.949003 8.038413 9.591275
v 16.957344 7.526874 10.053255
v 16.957764 7.551105 10.089952
v 16.957344 6.817343 10.346376
v 16.947727 6.414264 10.467087
v 16.958801 6.831164 10.388096
v 16.955183 8.038389 9.591245
v 16.957863 9.432955 5.599303
v 14.718395 9.198744 6.817761
v 14.725763 9.242004 6.825512
v 15.891406 8.460526 8.935152
v 15.486632 8.795128 8.135127
v 15.486413 8.836417 8.150263
v 16.550035 7.536032 10.078158
v 16.260752 8.021989 9.604388
v 16.829695 6.414559 10.475043
v 16.767536 6.817343 10.353720
v 16.768932 6.831472 10.395339
v 16.272099 8.026807 9.606644
v 14.008627 9.426176 5.603869
v 16.958403 6.414155 10.466667
v 16.826477 6.414155 10.475296
v 10.467885 9.432651 5.601261
v 13.407413 9.426660 5.601260
v 10.467936 9.202837 6.839377
v 10.467813 9.245607 6.849750
v 10.467834 8.440688 8.936671
v 10.467834 8.795128 8.156116
v 10.468059 8.836131 8.172009
v 10.468050 8.479237 8.957824
v 10.467834 7.526874 10.053255
v 10.459565 8.038363 9.591231
v 10.467412 7.551105 10.089952
v 10.456004 6.414076 10.466237
v 10.467834 6.817343 10.346376
v 10.466379 6.831164 10.388096
v 10.465730 8.038402 9.591253
v 10.468468 9.432648 5.601272
v 12.699438 9.199082 6.815823
v 12.706688 9.241639 6.827541
v 11.938550 8.795128 8.135127
v 11.430699 8.459957 8.936527
v 11.938766 8.836417 8.150263
v 11.050414 8.055415 9.572140
v 10.782855 7.543425 10.071185
v 10.657645 6.817343 10.353720
v 10.601880 6.413773 10.475540
v 10.656246 6.831472 10.395339
v 11.061994 8.050904 9.569482
v 13.399328 9.427431 5.596680
v 10.598702 6.414163 10.475294
v 10.466777 6.414163 10.466665
v 14.016654 9.426946 5.599305
v 16.957294 9.432953 5.599305
v 23.827276 9.202822 6.839441
v 23.826908 9.245592 6.849802
v 23.827148 8.795128 8.156116
v 23.827148 8.440688 8.936671
v 23.826935 8.479237 8.957824
v 23.826927 8.836131 8.172009
v 23.818745 8.038413 9.591276
v 23.827148 7.526874 10.053255
v 23.827572 7.551105 10.089952
v 23.827148 6.817343 10.346376
v 23.817532 6.414264 10.467087
v 23.828606 6.831164 10.388096
v 23.824987 8.038389 9.591245
v 23.827667 9.432955 5.599303
v 21.588165 9.198743 6.817764
v 21.595631 9.242004 6.825515
v 22.761229 8.460526 8.935160
v 22.356438 8.795128 8.135127
v 22.356220 8.836417 8.150263
v 23.419847 7.536031 10.078161
v 23.130524 8.021980 9.604400
v 23.699503 6.414559 10.475043
v 23.637341 6.817343 10.353720
v 23.638741 6.831472 10.395339
v 23.141907 8.026811 9.606646
v 20.878458 9.426178 5.603855
v 23.828207 6.414155 10.466667
v 23.696283 6.414155 10.475296
v 17.337692 9.432651 5.601261
v 20.277220 9.426660 5.601260
v 17.337778 9.202837 6.839377
v 17.337589 9.245607 6.849750
v 17.337643 8.440688 8.936671
v 17.337643 8.795128 8.156116
v 17.337868 8.836131 8.172009
v 17.337860 8.479237 8.957824
v 17.337643 7.526874 10.053255
v 17.329420 8.038363 9.591231
v 17.337223 7.551105 10.089952
v 17.325813 6.414076 10.466236
v 17.337643 6.817343 10.346376
v 17.336185 6.831164 10.388096
v 17.335506 8.038402 9.591253
v 17.338261 9.432648 5.601272
v 19.569340 9.199082 6.815815
v 19.576509 9.241636 6.827557
v 18.808353 8.795128 8.135127
v 18.300545 8.459966 8.936516
v 18.808575 8.836417 8.150263
v 17.920206 8.055421 9.572136
v 17.652617 7.543420 10.071190
v 17.527447 6.817343 10.353720
v 17.471766 6.413763 10.475546
v 17.526054 6.831472 10.395339
v 17.931820 8.050900 9.569490
v 20.269205 9.427425 5.596720
v 17.468510 6.414164 10.475294
v 17.336584 6.414164 10.466665
v 20.886461 9.426946 5.599305
v 23.827099 9.432953 5.599305
v 3.217631 9.202817 -6.747135
v 3.217737 9.245587 -6.757506
v 3.217103 9.432948 -5.506996
v 0.986023 9.199100 -6.723432
v 0.978842 9.241646 -6.735201
v 0.285089 9.427712 -5.502423
v -0.332203 9.426652 -5.508976
v -3.271731 9.432643 -5.508977
v -3.271954 9.202833 -6.747077
v -3.271522 9.245602 -6.757447
v -3.272315 9.432647 -5.508966
v -1.032812 9.198718 -6.725541
v -1.040338 9.241985 -6.733273
v -0.324218 9.425889 -5.513508
v 3.217678 9.432950 -5.506993
v 0.277038 9.426943 -5.506993
v 10.087433 9.202817 -6.747135
v 10.087552 9.245587 -6.757506
v 10.087533 8.795122 -8.063807
v 10.087312 8.836125 -8.079700
v 10.086902 9.432948 -5.506996
v 7.855831 9.199100 -6.723432
v 7.848650 9.241646 -6.735201
v 8.616821 8.795122 -8.042819
v 8.616606 8.836411 -8.057955
v 7.154897 9.427712 -5.502423
v 6.537604 9.426652 -5.508976
v 3.598078 9.432643 -5.508977
v 3.597849 9.202833 -6.747077
v 3.598295 9.245602 -6.757448
v 3.597509 9.432647 -5.508966
v 5.836968 9.198718 -6.725543
v 5.829543 9.241984 -6.733269
v 6.545583 9.425889 -5.513505
v 10.087484 9.432950 -5.506993
v 7.146846 9.426943 -5.506993
v 16.957211 9.202817 -6.747134
v 16.957399 9.245587 -6.757507
v 16.957344 8.440682 -8.844363
v 16.957344 8.795122 -8.063807
v 16.957119 8.836125 -8.079700
v 16.957130 8.479231 -8.865516
v 16.956728 9.432948 -5.506996
v 14.725617 9.199100 -6.723429
v 14.718451 9.241645 -6.735204
v 15.486632 8.795122 -8.042819
v 15.994458 8.459957 -8.844213
v 15.486413 8.836411 -8.057955
v 14.024693 9.427711 -5.502429
v 13.407413 9.426652 -5.508977
v 10.467885 9.432643 -5.508977
v 10.467650 9.202833 -6.747077
v 10.468101 9.245602 -6.757447
v 10.467834 8.795122 -8.063807
v 10.468059 8.836125 -8.079700
v 10.467301 9.432647 -5.508966
v 12.706716 9.198720 -6.725527
v 12.699304 9.241983 -6.733277
v 11.938550 8.795122 -8.042819
v 11.938766 8.836411 -8.057955
v 13.415485 9.425880 -5.513558
v 16.957294 9.432950 -5.506993
v 14.016654 9.426943 -5.506993
v 23.827066 9.202817 -6.747135
v 23.827118 9.245587 -6.757505
v 23.827148 8.440682 -8.844363
v 23.827148 8.795122 -8.063807
v 23.826927 8.836125 -8.079700
v 23.826935 8.479231 -8.865516
v 23.835434 8.038357 -9.498922
v 23.829222 8.038396 -9.498944
v 23.826532 9.432948 -5.506996
v 21.595484 9.199100 -6.723431
v 21.588219 9.241645 -6.735206
v 22.356438 8.795122 -8.042819
v 22.864250 8.459957 -8.844206
v 22.356220 8.836411 -8.057955
v 23.244633 8.055428 -9.479815
v 23.232973 8.050892 -9.477180
v 20.894478 9.427710 -5.502442
v 20.277220 9.426652 -5.508976
v 17.337692 9.432643 -5.508977
v 17.337427 9.202833 -6.747077
v 17.337942 9.245602 -6.757447
v 17.337643 8.795122 -8.063807
v 17.337643 8.440682 -8.844363
v 17.337860 8.479231 -8.865516
v 17.337868 8.836125 -8.079700
v 17.337126 9.432647 -5.508965
v 19.576542 9.198717 -6.725542
v 19.569202 9.241983 -6.733268
v 18.403566 8.460518 -8.842849
v 18.808353 8.795122 -8.042819
v 18.808575 8.836411 -8.057955
v 20.285223 9.425886 -5.513519
v 23.827099 9.432950 -5.506993
v 20.886461 9.426943 -5.506993
v -1.016467 9.108211 -7.424200
v 5.730714 9.047125 -8.028521
v 8.462486 8.753037 -8.268252
v 12.477894 8.986038 -8.632842
v 12.130999 8.795122 -8.598210
v 15.604275 8.508294 -8.904612
v 19.225100 8.924961 -9.237165
v 18.989178 8.795122 -9.213613
v 22.746058 8.263557 -9.540970
v 22.884951 8.053164 -9.549572
v 1.517484 8.858902 -7.647003
v 8.761348 8.665928 -8.293471
v -10.046336 9.002517 -6.611986
v 1.257374 8.997725 -7.626209
v 18.448036 8.390869 -9.157635
v 3.218122 8.940387 -7.801100
v 9.969856 8.712896 -8.402775
v 9.546961 8.746572 -8.365446
v 10.087899 8.706931 -8.413259
v 16.563538 8.365522 -8.988068
v 16.957458 8.345617 -9.023050
v 10.467485 8.686975 -8.446954
v 17.337542 8.325629 -9.056789
v 15.811212 8.397170 -8.921141
v 23.045734 7.960424 -9.562297
v 1.508858 8.961967 -7.648120
v 10.087316 8.684841 -8.412801
v 10.468055 8.669453 -8.446683
v 17.338469 8.345794 -9.057242
v 1.006939 9.101323 -7.605639
v 0.658691 9.143188 -7.575158
v 8.011056 9.050834 -8.233210
v 7.737756 9.083689 -8.209290
v 15.015168 9.000348 -8.860781
v 14.816823 9.024190 -8.843420
v 22.019283 8.949860 -9.488351
v 21.895889 8.964691 -9.477551
v -0.780885 9.254063 -7.448016
v 6.243736 9.304965 -8.079288
v 13.268368 9.355872 -8.710561
v 20.292931 9.406752 -9.341827
v -9.893763 9.019824 -6.625995
v -1.165497 9.026193 -7.409322
v 5.366200 8.846514 -7.992130
v 8.417724 8.795122 -8.265008
v 15.299200 8.795122 -8.882501
v 22.180677 8.795122 -9.499994
v 2.731491 8.891591 -7.756538
v -2.294613 9.012453 -7.307751
v 3.964152 8.861953 -7.866604
v 8.442037 8.834622 -8.267915
v 11.874158 8.644718 -8.572402
v 15.330439 8.846126 -8.886240
v 18.582819 8.524630 -9.172184
v 22.218834 8.857627 -9.504564
v 15.990971 8.411118 -8.937527
v -1.142232 9.047648 -7.411803
v 18.485840 8.397463 -9.161148
v -1.419735 9.019123 -7.386379
v -1.415737 9.041789 -7.387154
v 5.111731 8.820374 -7.968816
v 5.119296 8.863254 -7.970282
v 16.957701 8.369277 -9.023506
v -0.026662 9.404251 -7.518451
v 0.692634 9.265152 -7.580442
v 6.843035 9.424302 -8.135255
v 7.414591 9.313772 -8.184514
v 13.712732 9.444352 -8.752059
v 14.136546 9.362392 -8.788585
v 20.582430 9.464403 -9.368863
v 20.858498 9.411017 -9.392655
v -9.962596 9.003139 -6.619512
v -8.044758 9.457088 -6.799937
v -0.841045 9.188975 -7.441423
v 6.159782 9.244668 -8.070647
v 8.474314 8.735122 -8.268985
v 13.160605 9.300360 -8.699872
v 15.684878 8.386194 -8.909603
v 20.161482 9.356073 -9.329102
v 10.467796 8.628877 -8.445915
v 17.836594 8.261623 -9.100395
v 17.337627 8.272309 -9.055819
v 12.107656 8.832370 -8.596799
v 18.965368 8.832067 -9.212153
v -2.328410 9.072336 -7.305818
v -1.413761 8.972552 -7.386060
v 3.919206 8.933363 -7.863882
v 5.120338 8.802325 -7.969257
v 11.654439 8.632092 -8.552454
v -1.165504 9.065187 -7.410038
v 3.217709 8.876840 -7.799896
v 8.776807 8.689530 -8.295292
v 11.682634 8.598675 -8.554371
v 11.680020 8.581404 -8.553820
v 23.833054 7.891388 -9.631679
v 18.237089 8.270845 -9.136502
v -10.238788 8.854895 -6.592008
v -3.655806 9.003954 -7.185452
v -6.444392 9.486502 -6.944081
v 3.217773 8.869146 -7.799761
v 11.420021 8.608487 -8.530986
v -3.649679 9.057061 -7.186976
v -3.271813 9.072375 -7.221165
v -3.271892 9.056131 -7.220859
v 3.598176 8.903591 -7.834528
v 3.597996 8.866333 -7.833828
v 16.051838 8.396297 -8.942717
v 11.917965 8.568480 -8.574934
v 18.477772 8.251041 -9.157737
v 10.087572 8.648602 -8.412159
v 16.279089 8.347931 -8.962221
v 16.957361 8.292043 -9.022058
v 18.180099 8.241620 -9.130852
v -4.828431 9.281857 -7.085329
v -1.014649 9.166636 -7.425435
v 5.722639 9.110078 -8.028952
v 8.505548 8.780749 -8.272625
v 12.103099 8.840736 -8.596543
v 12.459934 9.053522 -8.632469
v 15.752507 8.488104 -8.917542
v 18.954416 8.852176 -9.211540
v 19.197195 8.996953 -9.235983
v 22.488531 8.604669 -9.524122
v 22.859003 8.234611 -9.550573
v 22.999241 8.072900 -9.560190
v -3.272048 9.070643 -7.221112
v 3.597627 8.932786 -7.835015
v -3.651057 9.124298 -7.188087
v -3.659680 9.091933 -7.186719
v 1.305047 8.939319 -7.629416
v 8.569409 8.704815 -8.276961
v 11.955598 8.678867 -8.580337
v -3.271534 9.101822 -7.221730
v 8.769958 8.722777 -8.295287
v 3.598259 8.912001 -7.834690
v 23.833336 7.908324 -9.632015
v -0.095954 9.387579 -7.511927
v 6.752678 9.402705 -8.126750
v 13.601309 9.417832 -8.741573
v 20.449942 9.432959 -9.356397
v 0.999235 9.149861 -7.605838
v 8.007020 9.091002 -8.233585
v 15.014805 9.032143 -8.861331
v 22.022587 8.973286 -9.489078
v -4.789649 9.263581 -7.088474
v 1.235356 8.960140 -7.623544
v 11.959361 8.633202 -8.579836
v 18.577145 8.406416 -9.169505
v 22.902086 8.020646 -9.550512
v 16.003445 8.362588 -8.937756
v -8.612344 9.371514 -6.747435
v -1.184272 9.065487 -7.408358
v 5.344522 8.884600 -7.990884
v 8.440893 8.832532 -8.267774
v 15.322842 8.832228 -8.885303
v 22.204782 8.831924 -9.502832
v 1.509927 8.896324 -7.647010
v 8.751804 8.707685 -8.293381
v 23.227013 7.984647 -9.579008
v 5.415864 8.893559 -7.997450
v 3.217730 8.886070 -7.800068
v 3.217554 8.922521 -7.800722
v 8.419549 8.798347 -8.265231
v 12.130999 8.795122 -8.598210
v 15.311642 8.817100 -8.884021
v 18.989178 8.795122 -9.213613
v 22.203735 8.835853 -9.502810
v -3.271823 9.009698 -7.220013
v 9.602448 8.688578 -8.369361
v 3.597982 8.860923 -7.833727
v 23.237045 7.904212 -9.578433
v -10.254780 8.892195 -6.591258
v -8.047245 9.501107 -6.800521
v -6.441256 9.501067 -6.944630
v 2.783661 8.958614 -7.762449
v 10.612408 8.679052 -8.459812
v 23.802361 8.170129 -9.634041
v 17.782492 8.301308 -9.096270
v 18.192432 8.289871 -9.132845
v -10.355030 8.828876 -6.581100
v -10.354528 8.827743 -6.581124
v -3.648835 9.136219 -7.188505
v 5.409945 8.898017 -7.997001
v -1.418066 8.996328 -7.386110
v 10.087408 8.664057 -8.412428
v 10.087533 8.637038 -8.411942
v 5.111914 8.817805 -7.968785
v 16.957909 8.331006 -9.022823
v 10.467937 8.644445 -8.446213
v 10.467834 8.621671 -8.445786
v 23.300999 7.947548 -9.584967
v -1.419852 8.937218 -7.384865
v 5.112630 8.763181 -7.967847
v 11.645115 8.589126 -8.550829
v 23.247847 7.905514 -9.579426
v 23.826443 7.871429 -9.630720
v 18.404198 8.340152 -9.152770
v 11.434176 8.656121 -8.533131
v 1.299127 8.959528 -7.629255
v 1.513237 8.947758 -7.648252
v 1.519420 8.915942 -7.648223
v 17.338364 8.310254 -9.056581
vn 0.3506 -0.9364 0.0124
vn 0.0064 -0.9999 0.0088
vn 0.1629 -0.9856 -0.0444
vn -0.0529 -0.9986 0.0063
vn -0.3044 -0.9522 0.0245
vn 0.3045 -0.9522 -0.0245
vn -0.0381 -0.9990 -0.0233
vn 0.3216 -0.9467 -0.0168
vn -0.1872 -0.9818 0.0303
vn -0.1629 -0.9856 0.0444
vn -0.4020 -0.9156 -0.0012
vn -0.0064 -0.9999 -0.0088
vn -0.4018 -0.9157 -0.0013
vn -0.4022 -0.9156 -0.0012
vn -0.0382 -0.9990 -0.0233
vn -0.1872 -0.9819 0.0303
vn -0.4024 -0.9155 -0.0012
vn -0.2531 0.9671 -0.0266
vn -0.0000 1.0000 0.0042
vn -0.3739 0.9274 0.0046
vn -0.0122 0.9993 -0.0363
vn 0.2537 0.9670 -0.0255
vn 0.3738 0.9275 0.0048
vn -0.3739 0.9275 0.0046
vn 0.2535 0.9670 -0.0255
vn 0.3737 0.9275 0.0048
vn -0.2553 0.9667 0.0150
vn -0.2539 0.9669 0.0255
vn -0.4391 0.8983 0.0121
vn 0.0064 0.9997 0.0239
vn -0.2553 0.9667 0.0152
vn -0.2537 0.9669 0.0255
vn -0.4392 0.8983 0.0121
vn 0.0065 0.9997 0.0240
vn 0.1452 -0.2968 -0.9438
vn 0.1012 -0.4737 -0.8749
vn 0.0414 -0.6070 -0.7936
vn 0.1437 -0.2920 -0.9455
vn 0.0064 -0.7712 -0.6365
vn 0.0016 -0.7881 -0.6155
vn -0.0051 -0.8178 -0.5755
vn -0.0047 -0.9359 -0.3523
vn 0.0184 -0.9249 -0.3799
vn 0.0059 -0.8232 -0.5677
vn -0.0166 -0.9943 0.1055
vn 0.0175 -0.9995 -0.0267
vn -0.0072 -0.9421 0.3352
vn 0.0143 -0.9171 0.3985
vn -0.0115 -0.9138 0.4061
vn -0.0291 -0.7783 0.6272
vn 0.0172 -0.4843 0.8747
vn -0.0271 -0.6892 0.7241
vn 0.0064 -0.8098 0.5866
vn 0.0189 -0.3722 0.9280
vn 0.2667 -0.2556 0.9293
vn 0.2273 -0.2496 0.9413
vn -0.1451 -0.2968 -0.9439
vn -0.1437 -0.2920 -0.9456
vn -0.0414 -0.6070 -0.7936
vn -0.1012 -0.4737 -0.8749
vn -0.0016 -0.7881 -0.6155
vn -0.0075 -0.7712 -0.6365
vn 0.0059 -0.8178 -0.5754
vn -0.0059 -0.8232 -0.5677
vn -0.0183 -0.9249 -0.3798
vn 0.0046 -0.9359 -0.3523
vn -0.0175 -0.9995 -0.0267
vn 0.0165 -0.9943 0.1056
vn 0.0072 -0.9421 0.3351
vn 0.0115 -0.9138 0.4061
vn -0.0144 -0.9170 0.3985
vn 0.0284 -0.7783 0.6273
vn -0.0064 -0.8098 0.5866
vn 0.0270 -0.6892 0.7241
vn -0.0173 -0.4843 0.8747
vn -0.0189 -0.3722 0.9280
vn -0.2273 -0.2496 0.9413
vn -0.2667 -0.2556 0.9293
vn 0.1451 -0.2968 -0.9439
vn -0.0047 -0.9359 -0.3522
vn 0.0183 -0.9249 -0.3798
vn -0.0166 -0.9943 0.1054
vn 0.0144 -0.9170 0.3985
vn -0.0116 -0.9137 0.4062
vn 0.0173 -0.4843 0.8747
vn 0.2666 -0.2556 0.9293
vn 0.2272 -0.2496 0.9413
vn -0.1437 -0.2920 -0.9455
vn 0.0059 -0.8178 -0.5755
vn -0.0184 -0.9249 -0.3799
vn 0.0047 -0.9359 -0.3522
vn -0.2272 -0.2496 0.9413
vn -0.2666 -0.2556 0.9293
vn 0.1450 -0.2968 -0.9439
vn 0.1438 -0.2920 -0.9455
vn -0.0046 -0.9359 -0.3523
vn -0.0166 -0.9943 0.1056
vn -0.0270 -0.6892 0.7241
vn 0.0047 -0.9359 -0.3523
vn 0.0113 -0.9139 0.4059
vn -0.0145 -0.9170 0.3986
vn 0.0271 -0.6892 0.7241
vn 0.1437 -0.2920 -0.9456
vn -0.0046 -0.9358 -0.3524
vn 0.0183 -0.9250 -0.3796
vn -0.0072 -0.9421 0.3351
vn 0.0144 -0.9170 0.3986
vn -0.0413 -0.6070 -0.7936
vn 0.0164 -0.9943 0.1056
vn 0.0072 -0.9421 0.3352
vn 0.9009 -0.0029 0.4340
vn 0.9176 -0.3970 -0.0208
vn 0.9702 -0.2423 0.0029
vn 0.8427 0.0402 0.5369
vn 0.8528 -0.5221 -0.0134
vn 0.7620 -0.6470 -0.0264
vn 0.7707 -0.6369 -0.0211
vn 0.6814 -0.7312 0.0307
vn 0.5512 -0.8335 0.0378
vn 0.4978 -0.8653 -0.0588
vn 0.4410 -0.8975 -0.0043
vn 0.4708 -0.8822 0.0037
vn 0.5179 -0.8554 0.0096
vn -0.4979 -0.8653 -0.0588
vn -0.5180 -0.8554 0.0096
vn -0.4708 -0.8822 0.0037
vn -0.4410 -0.8975 -0.0043
vn -0.7620 -0.6471 -0.0263
vn -0.6814 -0.7312 0.0307
vn -0.5512 -0.8335 0.0378
vn -0.7707 -0.6369 -0.0211
vn -0.9174 -0.3975 -0.0207
vn -0.8528 -0.5221 -0.0132
vn -0.9701 -0.2426 0.0038
vn -0.8825 0.0107 0.4702
vn -0.8148 0.0566 0.5769
vn 0.9703 -0.2421 0.0030
vn 0.8526 -0.5224 -0.0135
vn -0.8148 0.0566 0.5770
vn 0.9175 -0.3971 -0.0207
vn 0.8427 0.0402 0.5370
vn 0.4979 -0.8653 -0.0588
vn -0.9173 -0.3976 -0.0207
vn -0.9700 -0.2429 0.0036
vn -0.8825 0.0106 0.4702
vn -0.8149 0.0566 0.5769
vn 0.9011 -0.0030 0.4336
vn 0.8427 0.0401 0.5368
vn -0.9700 -0.2429 0.0037
vn 0.9009 -0.0029 -0.4340
vn 0.8427 0.0402 -0.5369
vn 0.9702 -0.2423 -0.0029
vn 0.9175 -0.3972 0.0208
vn 0.8528 -0.5221 0.0134
vn 0.7707 -0.6369 0.0211
vn 0.7620 -0.6470 0.0264
vn 0.6814 -0.7312 -0.0307
vn 0.5512 -0.8335 -0.0378
vn 0.4979 -0.8653 0.0588
vn 0.5179 -0.8554 -0.0096
vn 0.4708 -0.8822 -0.0037
vn 0.4410 -0.8975 0.0043
vn -0.4978 -0.8653 0.0588
vn -0.4410 -0.8975 0.0043
vn -0.4708 -0.8822 -0.0037
vn -0.5180 -0.8554 -0.0096
vn -0.7620 -0.6471 0.0263
vn -0.5512 -0.8335 -0.0378
vn -0.6814 -0.7312 -0.0307
vn -0.7707 -0.6369 0.0211
vn -0.9173 -0.3976 0.0207
vn -0.8528 -0.5221 0.0132
vn -0.9701 -0.2426 -0.0038
vn -0.8825 0.0106 -0.4702
vn -0.8149 0.0565 -0.5769
vn 0.9702 -0.2422 -0.0030
vn 0.8526 -0.5224 0.0135
vn -0.8826 0.0109 -0.4701
vn -0.8148 0.0566 -0.5769
vn -0.4979 -0.8653 0.0588
vn -0.7709 -0.6367 0.0210
vn -0.9173 -0.3976 0.0208
vn -0.9700 -0.2429 -0.0036
vn -0.8149 0.0566 -0.5769
vn 0.9011 -0.0029 -0.4336
vn 0.8428 0.0401 -0.5368
vn 0.9701 -0.2426 -0.0028
vn 0.9174 -0.3974 0.0209
vn 0.4978 -0.8653 0.0588
vn -0.9700 -0.2429 -0.0037
vn -0.4069 -0.8813 0.2404
vn -0.4789 -0.8390 0.2585
vn -0.4239 -0.8720 0.2448
vn -0.5510 -0.7851 0.2828
vn -0.6336 -0.6909 0.3482
vn -0.8082 -0.4008 0.4314
vn -0.6125 -0.7049 0.3577
vn -0.5229 -0.8061 0.2771
vn -0.7046 -0.5927 0.3901
vn -0.8689 -0.3413 0.3585
vn -0.8011 -0.1551 0.5780
vn -0.7530 -0.1107 0.6486
vn 0.4116 -0.8813 -0.2322
vn 0.4239 -0.8720 -0.2448
vn 0.4633 -0.8389 -0.2856
vn 0.5204 -0.7851 -0.3359
vn 0.6160 -0.7049 -0.3517
vn 0.7777 -0.4011 -0.4841
vn 0.6181 -0.6910 -0.3748
vn 0.5015 -0.8061 -0.3144
vn 0.6902 -0.5921 -0.4159
vn 0.7450 -0.3412 -0.5732
vn 0.9013 -0.1552 -0.4044
vn 0.9384 -0.1108 -0.3272
vn -0.0293 -0.4012 -0.9155
vn 0.1884 -0.1094 -0.9760
vn 0.1024 -0.1544 -0.9827
vn -0.1229 -0.3416 -0.9318
vn -0.0144 -0.5921 -0.8057
vn -0.0154 -0.6911 -0.7226
vn 0.0035 -0.7050 -0.7092
vn -0.0214 -0.8061 -0.5914
vn -0.0000 -0.8720 -0.4894
vn -0.0306 -0.7851 -0.6186
vn -0.0156 -0.8390 -0.5440
vn 0.0048 -0.8814 -0.4723
vn 0.0047 -0.8813 0.4726
vn -0.0161 -0.8389 0.5440
vn -0.0000 -0.8720 0.4895
vn -0.0306 -0.7851 0.6186
vn 0.0034 -0.7050 0.7092
vn -0.0215 -0.8061 0.5914
vn -0.0155 -0.6910 0.7226
vn -0.0293 -0.4015 0.9154
vn -0.0153 -0.5919 0.8059
vn -0.1229 -0.3415 0.9318
vn 0.1029 -0.1545 0.9826
vn 0.1890 -0.1094 0.9759
vn -0.6001 -0.0907 -0.7948
vn -0.8267 -0.3202 -0.4625
vn -0.5755 -0.0891 -0.8129
vn -0.8778 -0.1933 -0.4382
vn -0.7530 -0.4741 -0.4563
vn -0.7021 -0.5682 -0.4292
vn -0.6931 -0.5833 -0.4236
vn -0.6619 -0.6693 -0.3375
vn -0.5549 -0.7874 -0.2685
vn -0.4838 -0.8342 -0.2647
vn -0.4423 -0.8600 -0.2545
vn -0.5149 -0.8066 -0.2903
vn -0.5364 -0.7946 -0.2845
vn 0.4117 -0.8813 0.2322
vn 0.4633 -0.8389 0.2856
vn 0.4239 -0.8720 0.2448
vn 0.5205 -0.7850 0.3360
vn 0.6162 -0.7047 0.3517
vn 0.5015 -0.8060 0.3144
vn 0.6182 -0.6909 0.3748
vn 0.7761 -0.3999 0.4875
vn 0.6900 -0.5931 0.4148
vn 0.7439 -0.3395 0.5756
vn 0.8974 -0.1576 0.4121
vn 0.9341 -0.1153 0.3378
vn 0.8087 -0.5704 0.1441
vn 0.8610 -0.4743 0.1835
vn 0.5973 -0.3466 0.7233
vn 0.4299 -0.2956 0.8531
vn 0.6302 -0.7582 0.1670
vn 0.3194 -0.9476 0.0054
vn 0.5196 -0.8541 0.0239
vn 0.5187 -0.8548 -0.0165
vn 0.5543 -0.8319 0.0249
vn -0.0072 -0.9990 0.0448
vn -0.0704 -0.9892 0.1288
vn -0.1415 -0.9598 0.2425
vn -0.1924 -0.9425 0.2734
vn 0.7749 -0.4003 -0.4891
vn 0.9999 0.0080 -0.0135
vn 0.9786 -0.0514 -0.1991
vn 0.5459 -0.6661 -0.5082
vn 0.6133 -0.4528 -0.6472
vn 0.4643 -0.4831 -0.7423
vn 0.2096 -0.9150 -0.3447
vn 0.2616 -0.8839 -0.3878
vn 0.3735 -0.7445 -0.5534
vn 0.3276 -0.7566 -0.5659
vn 0.1110 -0.9933 -0.0334
vn 0.0592 -0.9898 -0.1293
vn 0.3858 -0.7428 -0.5471
vn 0.5844 -0.5109 -0.6304
vn 0.0865 -0.9883 0.1256
vn 0.5680 -0.3988 0.7200
vn 0.4656 0.0060 -0.8850
vn 0.9966 0.0697 -0.0430
vn 0.3978 -0.6670 0.6300
vn 0.5870 -0.5321 0.6102
vn 0.6076 -0.5161 0.6037
vn 0.2308 -0.8974 0.3760
vn 0.3939 -0.7554 0.5237
vn 0.4294 -0.7428 0.5138
vn 0.2110 -0.9222 0.3240
vn 0.4022 -0.7094 0.5788
vn 0.6766 -0.4367 0.5929
vn 0.9635 0.1027 -0.2472
vn -0.2328 -0.4170 -0.8786
vn -0.2269 -0.5439 -0.8079
vn 0.3562 -0.2848 -0.8900
vn 0.5294 -0.2441 -0.8125
vn -0.0735 -0.7259 -0.6838
vn -0.2269 -0.7870 -0.5736
vn -0.2770 -0.7932 -0.5423
vn -0.2063 -0.9152 -0.3462
vn -0.1493 -0.9512 -0.2700
vn -0.2294 -0.8395 -0.4925
vn -0.2875 -0.8071 -0.5157
vn -0.0722 -0.9912 -0.1110
vn 0.1220 -0.9906 0.0626
vn -0.2974 -0.7271 -0.6188
vn -0.2606 -0.7646 -0.5895
vn -0.2903 -0.7427 -0.6034
vn 0.1132 -0.9936 -0.0007
vn 0.7954 -0.5854 -0.1570
vn -0.5990 0.0249 -0.8004
vn 0.4602 0.0658 -0.8854
vn 0.3110 -0.9504 -0.0092
vn 0.5051 -0.8624 -0.0333
vn 0.5212 -0.8511 -0.0630
vn 0.3255 -0.9455 -0.0132
vn 0.5367 -0.8430 -0.0366
vn 0.5847 -0.8107 0.0291
vn 0.6860 -0.7173 -0.1219
vn 0.8671 -0.4234 -0.2624
vn 0.2677 0.1027 -0.9580
vn 0.8495 -0.1463 -0.5070
vn 0.8599 -0.5087 0.0423
vn 0.8823 -0.1639 -0.4412
vn 0.9363 -0.3443 0.0695
vn 0.8367 -0.5265 0.1509
vn 0.6274 -0.7786 0.0117
vn 0.6286 -0.7769 0.0368
vn 0.5531 -0.8319 0.0451
vn -0.4963 -0.8682 -0.0035
vn -0.5075 -0.8616 0.0095
vn -0.8599 -0.5086 0.0425
vn -0.8366 -0.5266 0.1508
vn -0.6286 -0.7769 0.0368
vn -0.6274 -0.7786 0.0117
vn -0.9363 -0.3443 0.0695
vn -0.8823 -0.1639 -0.4412
vn -0.8494 -0.1463 -0.5070
vn 0.8599 -0.5087 0.0424
vn 0.8824 -0.1638 -0.4411
vn 0.8366 -0.5267 0.1508
vn -0.8366 -0.5267 0.1508
vn -0.8823 -0.1638 -0.4412
vn 0.8494 -0.1463 -0.5070
vn 0.8599 -0.5086 0.0425
vn 0.8823 -0.1638 -0.4412
vn 0.8366 -0.5266 0.1508
vn -0.8599 -0.5087 0.0425
vn -0.9363 -0.3441 0.0696
vn -0.8494 -0.1463 -0.5071
vn 0.9363 -0.3442 0.0696
vn 0.8366 -0.5266 0.1509
vn -0.8599 -0.5087 0.0424
vn -0.9363 -0.3442 0.0695
vn -0.8495 -0.1463 -0.5069
vn 0.4495 -0.8924 -0.0402
vn 0.5035 -0.8640 0.0071
vn -0.5278 -0.8482 -0.0447
vn -0.5530 -0.8319 -0.0451
vn -0.5424 -0.8399 -0.0198
vn -0.8061 -0.5897 -0.0495
vn -0.6274 -0.7786 -0.0158
vn -0.6286 -0.7769 -0.0369
vn -0.8541 -0.4617 -0.2395
vn 0.7599 -0.6326 -0.1499
vn 0.8283 -0.5409 -0.1460
vn 0.6286 -0.7769 -0.0368
vn 0.7472 -0.6607 0.0725
vn 0.5076 -0.8616 -0.0095
vn 0.5481 -0.8362 -0.0171
vn -0.8060 -0.5898 -0.0494
vn -0.6286 -0.7769 -0.0368
vn 0.7598 -0.6327 -0.1498
vn -0.8061 -0.5897 -0.0494
vn -0.8367 -0.5265 -0.1509
vn -0.8563 -0.4901 -0.1626
vn -0.8735 -0.4548 -0.1734
vn 0.1165 -0.4338 -0.8935
vn 0.0494 -0.4594 -0.8868
vn 0.0592 -0.4559 -0.8880
vn 0.1377 -0.4206 -0.8967
vn -0.0155 -0.7929 -0.6092
vn 0.0025 -0.9293 -0.3692
vn 0.0205 -0.9122 -0.4091
vn 0.0023 -0.7985 -0.6020
vn -0.0012 -0.9661 -0.2582
vn -0.0239 -0.9716 -0.2355
vn -0.1165 -0.4338 -0.8935
vn -0.1377 -0.4206 -0.8967
vn -0.0591 -0.4559 -0.8881
vn -0.0494 -0.4594 -0.8868
vn 0.0154 -0.7929 -0.6092
vn -0.0023 -0.7985 -0.6020
vn -0.0205 -0.9123 -0.4091
vn -0.0025 -0.9293 -0.3692
vn 0.0013 -0.9659 -0.2589
vn 0.0239 -0.9716 -0.2355
vn 0.0591 -0.4559 -0.8881
vn 0.0205 -0.9123 -0.4091
vn 0.0025 -0.9294 -0.3692
vn -0.0592 -0.4559 -0.8880
vn -0.0494 -0.4595 -0.8868
vn -0.0205 -0.9122 -0.4092
vn 0.0013 -0.9659 -0.2590
vn 0.0494 -0.4595 -0.8868
vn 0.1377 -0.4207 -0.8967
vn -0.0493 -0.4595 -0.8868
vn -0.0073 -0.9675 0.2528
vn 0.0540 -0.9477 0.3147
vn -0.0013 -0.9659 0.2589
vn -0.0239 -0.9716 0.2355
vn 0.0022 -0.9661 0.2580
vn 0.0012 -0.9661 0.2582
vn -0.0538 -0.9479 0.3141
vn 0.0239 -0.9716 0.2355
vn 0.0244 -0.9715 0.2356
vn -0.0278 -0.8627 0.5049
vn 0.0412 -0.9378 0.3448
vn 0.0025 -0.9293 0.3692
vn 0.0110 -0.8354 0.5495
vn 0.0042 -0.7985 0.6020
vn 0.0205 -0.9123 0.4091
vn 0.0025 -0.9294 0.3692
vn -0.0278 -0.8627 0.5050
vn 0.0290 -0.8011 0.5978
vn -0.0025 -0.9293 0.3692
vn -0.0461 -0.9421 0.3322
vn 0.0011 -0.9661 0.2582
vn 0.0837 -0.4439 0.8922
vn 0.1374 -0.4207 0.8967
vn 0.0591 -0.4559 0.8881
vn 0.0494 -0.4594 0.8868
vn 0.0485 -0.4539 0.8897
vn -0.0155 -0.7929 0.6092
vn 0.0023 -0.7985 0.6020
vn -0.0025 -0.9293 0.3693
vn -0.0027 -0.8313 0.5559
vn -0.0205 -0.9123 0.4091
vn -0.0024 -0.8462 0.5328
vn -0.2229 0.2504 0.9421
vn -0.0196 0.3722 0.9279
vn -0.0184 0.4844 0.8747
vn -0.2617 0.2555 0.9307
vn 0.0280 0.6891 0.7241
vn -0.0063 0.8098 0.5867
vn 0.0286 0.7800 0.6252
vn -0.0400 0.8099 0.5851
vn 0.0219 0.9279 0.3721
vn 0.0318 0.8877 0.4593
vn 0.0185 0.9955 0.0932
vn -0.0206 0.9997 -0.0108
vn -0.0186 0.9235 -0.3832
vn 0.0044 0.9361 -0.3517
vn -0.0060 0.8213 -0.5705
vn 0.0073 0.8164 -0.5775
vn 0.0001 0.7888 -0.6147
vn -0.0320 0.6140 -0.7886
vn -0.1001 0.4731 -0.8753
vn -0.0065 0.7711 -0.6366
vn -0.1340 0.2946 -0.9462
vn -0.1379 0.2998 -0.9440
vn 0.0184 0.4843 0.8747
vn 0.0196 0.3722 0.9279
vn 0.2229 0.2504 0.9421
vn 0.2617 0.2555 0.9307
vn -0.0281 0.6891 0.7242
vn -0.0286 0.7800 0.6252
vn 0.0064 0.8098 0.5867
vn -0.0301 0.8877 0.4594
vn -0.0208 0.9295 0.3682
vn 0.0400 0.8124 0.5817
vn -0.0205 0.9953 0.0942
vn 0.0200 0.9997 -0.0145
vn -0.0048 0.9363 -0.3512
vn 0.0187 0.9234 -0.3833
vn -0.0073 0.8164 -0.5775
vn 0.0060 0.8213 -0.5705
vn 0.1002 0.4730 -0.8753
vn 0.0320 0.6140 -0.7886
vn -0.0001 0.7888 -0.6147
vn 0.0065 0.7711 -0.6366
vn 0.1378 0.2998 -0.9440
vn 0.1340 0.2947 -0.9462
vn -0.0185 0.4845 0.8746
vn -0.2618 0.2555 0.9307
vn 0.0280 0.6891 0.7242
vn 0.0318 0.8877 0.4594
vn -0.0186 0.9235 -0.3831
vn 0.0043 0.9360 -0.3519
vn -0.0320 0.6141 -0.7886
vn -0.1002 0.4730 -0.8753
vn -0.1380 0.2998 -0.9440
vn 0.0184 0.4844 0.8747
vn -0.0280 0.6891 0.7241
vn -0.0318 0.8877 0.4593
vn -0.0220 0.9277 0.3727
vn 0.0400 0.8100 0.5851
vn -0.0185 0.9955 0.0931
vn 0.0206 0.9997 -0.0108
vn -0.0045 0.9361 -0.3517
vn 0.0186 0.9235 -0.3832
vn 0.0320 0.6141 -0.7886
vn 0.1339 0.2947 -0.9462
vn -0.0184 0.4844 0.8746
vn 0.0281 0.6891 0.7242
vn -0.0400 0.8124 0.5817
vn 0.0206 0.9298 0.3676
vn 0.0301 0.8877 0.4594
vn 0.0205 0.9953 0.0942
vn -0.0200 0.9997 -0.0145
vn 0.0047 0.9362 -0.3514
vn -0.1378 0.2997 -0.9440
vn 0.2618 0.2555 0.9307
vn -0.0280 0.6891 0.7242
vn -0.0318 0.8877 0.4592
vn -0.0219 0.9277 0.3726
vn -0.0043 0.9360 -0.3519
vn 0.1001 0.4730 -0.8753
vn 0.1379 0.2998 -0.9440
vn 0.1340 0.2946 -0.9462
vn 0.0219 0.9280 0.3720
vn 0.0184 0.9955 0.0933
vn 0.0045 0.9361 -0.3517
vn -0.1340 0.2947 -0.9462
vn 0.0184 0.4844 0.8746
vn 0.0400 0.8099 0.5851
vn 0.0319 0.6141 -0.7886
vn -0.9849 0.0747 -0.1560
vn -0.9649 0.1934 0.1774
vn -0.9922 0.1031 -0.0703
vn -0.9668 0.2467 0.0670
vn -0.8732 0.4874 -0.0084
vn -0.9062 0.4124 -0.0934
vn -0.7661 0.6423 -0.0221
vn -0.6532 0.7572 -0.0051
vn -0.5190 0.8547 -0.0097
vn -0.6517 0.7553 0.0692
vn -0.5153 0.8569 -0.0171
vn -0.4538 0.8911 -0.0074
vn -0.4152 0.9097 0.0031
vn -0.4027 0.9153 0.0067
vn 0.4028 0.9152 0.0064
vn 0.4538 0.8911 -0.0074
vn 0.4152 0.9097 0.0031
vn 0.5153 0.8568 -0.0171
vn 0.6519 0.7552 0.0693
vn 0.5190 0.8547 -0.0097
vn 0.6532 0.7572 -0.0050
vn 0.8736 0.4865 -0.0090
vn 0.7659 0.6426 -0.0218
vn 0.9064 0.4119 -0.0943
vn 0.9671 0.2461 0.0649
vn 0.9646 0.1922 0.1804
vn 0.9927 0.1047 -0.0591
vn 0.9867 0.0772 -0.1429
vn -0.4535 0.8912 -0.0072
vn -0.4028 0.9152 0.0064
vn 0.4026 0.9153 0.0067
vn 0.4535 0.8912 -0.0072
vn 0.5153 0.8569 -0.0171
vn 0.6519 0.7551 0.0693
vn 0.9646 0.1923 0.1804
vn -0.9849 0.0747 -0.1561
vn -0.4026 0.9154 0.0068
vn 0.4026 0.9153 0.0066
vn 0.7658 0.6427 -0.0218
vn 0.9867 0.0772 -0.1430
vn -0.9650 0.1934 0.1774
vn -0.8732 0.4873 -0.0085
vn -0.7663 0.6421 -0.0219
vn 0.4026 0.9154 0.0068
vn 0.7661 0.6423 -0.0215
vn 0.9671 0.2461 0.0650
vn -0.9922 0.1031 0.0703
vn -0.9649 0.1934 -0.1774
vn -0.9849 0.0747 0.1561
vn -0.8732 0.4874 0.0084
vn -0.9668 0.2467 -0.0670
vn -0.9062 0.4124 0.0934
vn -0.7661 0.6423 0.0221
vn -0.6531 0.7572 0.0051
vn -0.6517 0.7553 -0.0692
vn -0.5190 0.8547 0.0097
vn -0.4152 0.9097 -0.0031
vn -0.4535 0.8912 0.0072
vn -0.5153 0.8569 0.0171
vn -0.4026 0.9154 -0.0068
vn 0.4538 0.8911 0.0074
vn 0.4028 0.9152 -0.0064
vn 0.4152 0.9097 -0.0031
vn 0.5153 0.8568 0.0171
vn 0.6532 0.7572 0.0050
vn 0.5190 0.8547 0.0097
vn 0.6519 0.7552 -0.0693
vn 0.8736 0.4865 0.0090
vn 0.7658 0.6427 0.0218
vn 0.9065 0.4117 0.0940
vn 0.9671 0.2461 -0.0649
vn 0.9646 0.1922 -0.1804
vn 0.9927 0.1047 0.0591
vn 0.9867 0.0772 0.1429
vn -0.9849 0.0747 0.1560
vn -0.6532 0.7572 0.0051
vn -0.4028 0.9152 -0.0064
vn 0.4539 0.8910 0.0074
vn 0.5153 0.8569 0.0171
vn 0.6519 0.7551 -0.0693
vn 0.9064 0.4119 0.0943
vn 0.9671 0.2461 -0.0650
vn 0.9646 0.1923 -0.1804
vn -0.9063 0.4122 0.0931
vn -0.4538 0.8911 0.0074
vn 0.4535 0.8912 0.0072
vn 0.4151 0.9098 -0.0028
vn 0.9928 0.1047 0.0591
vn -0.9649 0.1934 -0.1775
vn -0.8732 0.4873 0.0085
vn 0.4026 0.9153 -0.0067
vn 0.8737 0.4864 0.0090
vn 0.4743 0.8424 -0.2559
vn 0.4416 0.8621 -0.2487
vn 0.5123 0.8101 -0.2851
vn 0.5195 0.8089 -0.2754
vn 0.5547 0.7876 -0.2682
vn 0.6927 0.5841 -0.4231
vn 0.6621 0.6692 -0.3375
vn 0.7021 0.5679 -0.4297
vn 0.8255 0.3207 -0.4645
vn 0.7533 0.4735 -0.4564
vn 0.8774 0.1939 -0.4388
vn 0.5860 0.0861 -0.8057
vn 0.5479 0.0954 -0.8311
vn -0.4588 0.8423 0.2829
vn -0.4983 0.8088 0.3123
vn -0.5030 0.8101 0.3012
vn -0.4362 0.8621 0.2581
vn -0.5097 0.7875 0.3464
vn -0.6234 0.6690 0.4048
vn -0.7127 0.5840 0.3886
vn -0.7230 0.5679 0.3934
vn -0.7718 0.4730 0.4251
vn -0.8150 0.3206 0.4827
vn -0.8187 0.1940 0.5405
vn -0.9919 0.0848 0.0946
vn -0.9948 0.0908 0.0467
vn -0.4087 0.0849 0.9087
vn -0.4506 0.0932 0.8878
vn 0.0095 0.3209 0.9471
vn 0.0582 0.1943 0.9792
vn -0.0182 0.4731 0.8808
vn -0.0209 0.5678 0.8229
vn -0.0198 0.5841 0.8114
vn 0.0388 0.6690 0.7422
vn 0.0450 0.7877 0.6145
vn 0.0155 0.8424 0.5387
vn 0.0212 0.8089 0.5876
vn 0.0092 0.8101 0.5862
vn 0.0056 0.8621 0.5067
vn 0.0093 0.8101 -0.5863
vn 0.0213 0.8088 -0.5877
vn 0.0155 0.8423 -0.5388
vn 0.0055 0.8621 -0.5067
vn -0.0199 0.5839 -0.8116
vn 0.0388 0.6692 -0.7420
vn 0.0451 0.7876 -0.6145
vn -0.0208 0.5681 -0.8227
vn 0.0096 0.3208 -0.9471
vn -0.0173 0.4725 -0.8812
vn 0.0583 0.1942 -0.9792
vn -0.4177 0.0835 -0.9047
vn -0.4615 0.0887 -0.8827
vn 0.7607 0.1155 0.6388
vn 0.8111 0.3994 0.4272
vn 0.8063 0.1574 0.5701
vn 0.8711 0.3395 0.3550
vn 0.7021 0.5951 0.3911
vn 0.6333 0.6911 0.3483
vn 0.6112 0.7063 0.3572
vn 0.5229 0.8061 0.2770
vn 0.5335 0.8006 0.2728
vn 0.4192 0.8761 0.2380
vn 0.4677 0.8479 0.2496
vn 0.4040 0.8843 0.2340
vn -0.5031 0.8100 -0.3013
vn -0.4983 0.8088 -0.3124
vn -0.4588 0.8423 -0.2829
vn -0.4361 0.8621 -0.2581
vn -0.7127 0.5841 -0.3886
vn -0.6233 0.6690 -0.4049
vn -0.5097 0.7875 -0.3466
vn -0.7232 0.5680 -0.3930
vn -0.8137 0.3197 -0.4856
vn -0.7718 0.4743 -0.4235
vn -0.8178 0.1930 -0.5422
vn -0.9899 0.0892 -0.1099
vn -0.9931 0.0974 -0.0654
vn -0.7607 0.0959 -0.6419
vn -0.7664 0.1554 -0.6233
vn -0.7789 0.1830 -0.5998
vn -0.8692 0.4722 -0.1466
vn -0.8049 0.5841 -0.1050
vn -0.6585 0.7523 -0.0195
vn -0.5574 0.8302 -0.0087
vn -0.6288 0.7771 0.0281
vn -0.5055 0.8622 -0.0340
vn -0.5187 0.8523 -0.0670
vn -0.3113 0.9502 -0.0099
vn 0.1317 0.9685 -0.2113
vn 0.1625 0.9589 -0.2325
vn 0.0724 0.9911 -0.1112
vn 0.0227 0.9990 -0.0397
vn -0.9370 0.0956 0.3361
vn -0.9241 0.1545 0.3496
vn -0.9223 0.1697 0.3471
vn -0.6079 0.4841 0.6294
vn -0.5442 0.4095 0.7322
vn -0.6102 0.5334 0.5858
vn -0.4034 0.7096 0.5777
vn -0.3983 0.6643 0.6325
vn -0.4326 0.7475 0.5042
vn -0.2118 0.9217 0.3249
vn -0.2322 0.8981 0.3736
vn -0.0871 0.9882 0.1258
vn -0.1108 0.9933 -0.0328
vn -0.3937 0.7564 0.5223
vn -0.5830 0.5382 0.6086
vn -0.0591 0.9898 -0.1300
vn -0.9211 0.1652 -0.3524
vn -0.5768 0.5140 -0.6349
vn -0.7394 0.4206 -0.5257
vn -0.4827 0.4664 -0.7413
vn -0.3836 0.7416 -0.5503
vn -0.5382 0.6702 -0.5110
vn -0.2093 0.9155 -0.3435
vn -0.2608 0.8845 -0.3869
vn -0.3722 0.7444 -0.5544
vn -0.3363 0.7517 -0.5674
vn -0.6083 0.4501 -0.6537
vn -0.9082 0.1636 -0.3852
vn -0.9494 0.0463 -0.3107
vn -0.1755 0.0959 0.9798
vn -0.1565 0.1554 0.9754
vn -0.1574 0.1707 0.9727
vn 0.2572 0.4862 0.8352
vn 0.2721 0.4793 0.8344
vn 0.2783 0.7195 0.6363
vn 0.2849 0.7163 0.6370
vn 0.2435 0.8420 0.4815
vn 0.2472 0.8330 0.4950
vn 0.2468 0.8247 0.5089
vn 0.2364 0.8520 0.4671
vn 0.1569 0.9456 0.2851
vn 0.2219 0.8961 0.3845
vn 0.0702 0.9891 0.1291
vn -0.0466 0.9960 0.0767
vn 0.2807 0.7383 0.6133
vn 0.2827 0.7061 0.6492
vn 0.2755 0.7335 0.6213
vn -0.1284 0.9917 -0.0009
vn -0.8058 0.5802 0.1191
vn -0.5524 0.8333 0.0224
vn -0.5854 0.8037 0.1064
vn -0.3149 0.9491 0.0033
vn -0.3200 0.9474 0.0049
vn -0.5201 0.8538 0.0238
vn -0.5224 0.8526 -0.0140
vn -0.6755 0.7334 0.0765
vn -0.9145 0.3853 0.1235
vn -0.5994 0.3465 0.7216
vn -0.4029 0.3447 0.8478
vn -0.9820 0.1596 0.1007
vn -0.9582 0.2859 0.0079
vn -0.8810 0.4729 0.0113
vn -0.7875 0.6156 -0.0289
vn -0.6566 0.7542 -0.0024
vn -0.5238 0.8518 -0.0099
vn -0.6301 0.7763 0.0182
vn -0.5352 0.8441 -0.0317
vn 0.5354 0.8440 -0.0317
vn 0.6301 0.7763 0.0182
vn 0.5238 0.8518 -0.0099
vn 0.6566 0.7542 -0.0024
vn 0.8811 0.4728 0.0114
vn 0.7876 0.6155 -0.0286
vn 0.9582 0.2859 0.0079
vn 0.9820 0.1596 0.1007
vn -0.9820 0.1599 0.1006
vn -0.8811 0.4728 0.0114
vn 0.8810 0.4729 0.0113
vn 0.7875 0.6156 -0.0289
vn -0.8811 0.4728 0.0113
vn 0.5355 0.8440 -0.0317
vn 0.6569 0.7540 -0.0023
vn 0.8811 0.4729 0.0113
vn -0.7875 0.6157 -0.0289
vn 0.8811 0.4728 0.0113
vn -0.5096 0.8599 0.0313
vn 0.5248 0.8512 0.0067
vn 0.2530 0.9671 0.0266
vn 0.4475 0.8942 0.0145
vn -0.5096 0.8598 0.0313
vn 0.6256 0.7800 0.0119
vn 0.5238 0.8518 0.0099
vn 0.6433 0.7577 -0.1094
vn -0.5638 0.8259 0.0088
vn -0.5238 0.8518 0.0099
vn -0.6914 0.7160 0.0962
vn -0.5354 0.8440 0.0317
vn -0.5217 0.8531 0.0043
vn -0.7380 0.6748 -0.0005
vn -0.6566 0.7542 0.0024
vn -0.7558 0.6547 0.0140
vn -0.6353 0.7717 -0.0307
vn -0.5355 0.8440 0.0317
vn 0.7558 0.6546 0.0140
vn 0.6566 0.7542 0.0024
vn 0.7399 0.6727 0.0010
vn -0.1828 0.3912 0.9020
vn 0.1501 0.4346 0.8880
vn -0.1398 0.5107 0.8483
vn -0.2623 0.3934 0.8812
vn -0.2640 0.6972 0.6665
vn 0.0100 0.8132 0.5818
vn -0.0282 0.9080 0.4179
vn -0.0176 0.9296 0.3681
vn -0.0016 0.7990 0.6014
vn -0.0074 0.9683 0.2498
vn -0.0216 0.9753 0.2198
vn 0.0074 0.9683 0.2498
vn 0.0169 0.9298 0.3678
vn 0.1615 0.5367 0.8282
vn -0.1502 0.4346 0.8880
vn 0.1828 0.3912 0.9020
vn 0.2622 0.3934 0.8812
vn 0.2640 0.6972 0.6665
vn 0.0282 0.9081 0.4179
vn -0.0100 0.8132 0.5818
vn 0.0016 0.7990 0.6014
vn 0.0217 0.9753 0.2199
vn 0.1502 0.4346 0.8880
vn -0.2623 0.3933 0.8812
vn -0.0280 0.9080 0.4181
vn -0.0175 0.9296 0.3682
vn 0.0074 0.9683 0.2499
vn 0.0169 0.9297 0.3678
vn 0.1614 0.5367 0.8282
vn -0.1501 0.4346 0.8880
vn 0.2623 0.3934 0.8812
vn 0.0282 0.9080 0.4179
vn -0.0280 0.9080 0.4180
vn -0.0216 0.9753 0.2199
vn 0.0075 0.9683 0.2498
vn 0.1827 0.3912 0.9020
vn 0.0216 0.9753 0.2197
vn 0.1502 0.4345 0.8880
vn -0.2622 0.3934 0.8812
vn -0.0282 0.9081 0.4179
vn 0.0169 0.9297 0.3680
vn 0.0281 0.9080 0.4180
vn 0.0217 0.9753 0.2198
vn 0.0009 0.9707 -0.2402
vn -0.0074 0.9683 -0.2498
vn -0.0751 0.9448 -0.3190
vn 0.0751 0.9448 -0.3190
vn 0.0075 0.9683 -0.2498
vn 0.0048 0.9691 -0.2465
vn 0.0217 0.9753 -0.2198
vn -0.0169 0.9298 -0.3677
vn -0.0169 0.9298 -0.3678
vn -0.0075 0.9683 -0.2497
vn -0.0282 0.9081 -0.4179
vn -0.0216 0.9753 -0.2199
vn 0.0176 0.9296 -0.3682
vn 0.0270 0.8595 -0.5104
vn 0.0647 0.9381 -0.3403
vn 0.0021 0.8607 -0.5091
vn -0.2189 0.6775 -0.7022
vn -0.2640 0.6972 -0.6665
vn -0.3924 0.5435 -0.7420
vn 0.0100 0.8132 -0.5818
vn -0.0016 0.7990 -0.6014
vn 0.0281 0.9080 -0.4180
vn -0.0292 0.8095 -0.5864
vn 0.0216 0.9753 -0.2197
vn 1.0000 0.0043 0.0012
vn 1.0000 0.0053 0.0020
vn 1.0000 0.0058 0.0033
vn 1.0000 0.0055 0.0030
vn 1.0000 0.0019 -0.0013
vn 0.9999 -0.0038 -0.0123
vn 1.0000 0.0018 -0.0013
vn 0.9995 -0.0153 -0.0287
vn 0.9994 -0.0250 -0.0227
vn 0.9995 -0.0154 -0.0289
vn 0.9994 0.0030 0.0334
vn 0.9999 -0.0038 0.0123
vn 0.9999 -0.0038 0.0122
vn 0.9995 0.0030 0.0329
vn 1.0000 -0.0006 -0.0008
vn 1.0000 -0.0014 -0.0034
vn 1.0000 -0.0006 -0.0009
vn 1.0000 0.0059 -0.0030
vn 1.0000 0.0054 -0.0021
vn 1.0000 0.0045 -0.0013
vn 0.9991 0.0195 0.0381
vn 1.0000 0.0050 -0.0036
vn 1.0000 0.0043 -0.0012
vn 1.0000 0.0044 -0.0012
vn 1.0000 0.0038 -0.0000
vn 1.0000 0.0053 0.0021
vn 1.0000 0.0053 0.0024
vn 1.0000 0.0054 0.0027
vn -0.9777 -0.1751 -0.1155
vn -0.9913 -0.1135 -0.0670
vn -0.9912 -0.1137 -0.0672
vn -0.9776 -0.1763 -0.1153
vn -0.8837 -0.1654 -0.4379
vn -0.8684 -0.1736 -0.4644
vn -0.8840 -0.1660 -0.4370
vn -0.9958 -0.0758 -0.0517
vn -0.9649 -0.2297 -0.1273
vn -0.8910 -0.1590 -0.4252
vn -0.8801 -0.1689 0.4437
vn -0.8627 -0.1799 0.4727
vn -0.8795 -0.1675 0.4454
vn -0.9642 -0.2255 0.1395
vn -0.9296 -0.3262 0.1715
vn -0.9635 -0.2269 0.1419
vn -0.9929 -0.1057 0.0549
vn -0.9897 -0.1252 0.0700
vn -0.9896 -0.1255 0.0698
vn -0.9017 -0.1557 0.4032
vn -1.0000 0.0054 0.0021
vn -1.0000 0.0043 0.0012
vn -1.0000 0.0044 0.0012
vn -1.0000 0.0049 0.0037
vn -1.0000 0.0059 0.0030
vn -0.9999 -0.0039 -0.0123
vn -1.0000 -0.0006 0.0008
vn -1.0000 -0.0006 0.0009
vn -0.9999 -0.0038 -0.0123
vn -0.9991 0.0196 -0.0380
vn -0.9994 0.0031 -0.0334
vn -0.9995 0.0030 -0.0329
vn -0.9999 -0.0039 0.0123
vn -0.9995 -0.0153 0.0286
vn -0.9995 -0.0154 0.0289
vn -0.9999 -0.0038 0.0122
vn -1.0000 0.0046 0.0013
vn -1.0000 0.0019 0.0013
vn -1.0000 0.0018 0.0013
vn -1.0000 0.0053 -0.0021
vn -1.0000 0.0057 -0.0033
vn -1.0000 0.0053 -0.0024
vn -1.0000 0.0054 -0.0027
vn -1.0000 -0.0014 0.0035
vn -0.9994 -0.0251 0.0227
vn -1.0000 0.0054 -0.0029
vn -1.0000 0.0044 -0.0012
vn -1.0000 0.0053 -0.0020
vn -1.0000 0.0052 -0.0021
vn -1.0000 0.0043 -0.0012
vn -1.0000 0.0038 -0.0000
vn 0.9875 -0.1395 -0.0732
vn 0.9841 -0.1647 -0.0669
vn 0.9875 -0.1396 -0.0731
vn 0.9017 -0.1556 -0.4033
vn 0.8801 -0.1688 -0.4437
vn 0.8795 -0.1675 -0.4454
vn 0.9929 -0.1058 -0.0549
vn 0.8628 -0.1797 -0.4726
vn 0.8910 -0.1591 0.4252
vn 0.8837 -0.1654 0.4378
vn 0.8840 -0.1660 0.4370
vn 0.9649 -0.2297 0.1273
vn 0.9777 -0.1751 0.1155
vn 0.9776 -0.1763 0.1153
vn 0.9913 -0.1135 0.0670
vn 0.9958 -0.0758 0.0517
vn 0.9912 -0.1137 0.0672
vn 0.8684 -0.1737 0.4645
vn 1.0000 0.0054 0.0021
vn 1.0000 0.0057 0.0033
vn 1.0000 0.0055 0.0027
vn 0.9999 -0.0039 -0.0123
vn 0.9995 -0.0153 -0.0286
vn 0.9994 -0.0251 -0.0227
vn 0.9999 -0.0038 0.0124
vn 0.9999 -0.0039 0.0123
vn 0.9995 0.0029 0.0329
vn 1.0000 -0.0005 -0.0009
vn 1.0000 0.0046 -0.0014
vn 0.9991 0.0196 0.0381
vn 1.0000 0.0051 -0.0036
vn -0.9777 -0.1751 -0.1156
vn -0.9912 -0.1137 -0.0673
vn -0.8838 -0.1654 -0.4377
vn -0.8685 -0.1736 -0.4644
vn -0.9958 -0.0760 -0.0518
vn -0.8795 -0.1675 0.4455
vn -0.9642 -0.2255 0.1396
vn -0.9017 -0.1558 0.4033
vn -1.0000 0.0050 0.0037
vn -1.0000 0.0060 0.0030
vn -0.9991 0.0197 -0.0380
vn -0.9995 0.0031 -0.0329
vn -1.0000 0.0045 0.0014
vn -1.0000 0.0052 -0.0020
vn -1.0000 -0.0016 0.0035
vn -1.0000 0.0054 -0.0028
vn -1.0000 0.0055 -0.0018
vn 0.9897 -0.1252 -0.0700
vn 0.9642 -0.2254 -0.1395
vn 0.9635 -0.2268 -0.1419
vn 0.9896 -0.1255 -0.0698
vn 0.9017 -0.1557 -0.4033
vn 0.8801 -0.1689 -0.4437
vn 0.9929 -0.1056 -0.0549
vn 0.9297 -0.3260 -0.1716
vn 0.8627 -0.1798 -0.4726
vn 0.8911 -0.1590 0.4251
vn 0.9649 -0.2296 0.1273
vn 0.9776 -0.1763 0.1152
vn 0.9913 -0.1134 0.0670
vn 1.0000 0.0044 0.0012
vn 1.0000 0.0057 0.0032
vn 1.0000 0.0055 0.0026
vn 0.9999 -0.0038 -0.0122
vn 0.9994 0.0031 0.0334
vn 1.0000 -0.0016 -0.0035
vn 1.0000 -0.0006 -0.0010
vn 1.0000 0.0054 -0.0027
vn 1.0000 0.0053 -0.0024
vn 1.0000 0.0052 -0.0020
vn 1.0000 0.0060 -0.0030
vn 1.0000 0.0047 -0.0014
vn 0.9991 0.0197 0.0381
vn 1.0000 0.0049 -0.0037
vn 1.0000 0.0055 -0.0018
vn -0.9913 -0.1135 -0.0669
vn -0.9776 -0.1763 -0.1152
vn -0.8684 -0.1735 -0.4645
vn -0.9649 -0.2297 -0.1272
vn -0.8910 -0.1589 -0.4253
vn -0.8627 -0.1799 0.4726
vn -0.9929 -0.1056 0.0550
vn -0.9896 -0.1255 0.0699
vn -0.9018 -0.1557 0.4031
vn -0.9995 -0.0153 0.0287
vn -0.9995 -0.0154 0.0290
vn -1.0000 0.0054 -0.0021
vn -1.0000 0.0057 -0.0032
vn -1.0000 -0.0014 0.0036
vn -0.9994 -0.0250 0.0228
vn 0.9897 -0.1251 -0.0700
vn 0.9636 -0.2268 -0.1418
vn 0.9896 -0.1254 -0.0698
vn 0.9018 -0.1556 -0.4032
vn 0.8802 -0.1688 -0.4436
vn 0.8796 -0.1674 -0.4453
vn 0.9929 -0.1055 -0.0550
vn 0.9296 -0.3261 -0.1717
vn 0.8627 -0.1798 -0.4727
vn 0.9649 -0.2297 0.1272
vn 0.9778 -0.1751 0.1155
vn 0.9776 -0.1762 0.1152
vn 0.9913 -0.1135 0.0669
vn 0.9958 -0.0757 0.0517
vn 0.9912 -0.1137 0.0671
vn 0.8684 -0.1736 0.4644
vn 1.0000 0.0058 0.0034
vn 1.0000 0.0054 0.0030
vn 1.0000 0.0017 -0.0013
vn 0.9994 0.0031 0.0335
vn 0.9995 0.0030 0.0330
vn 1.0000 -0.0016 -0.0036
vn 1.0000 0.0046 -0.0013
vn 1.0000 0.0050 -0.0037
vn -0.9777 -0.1752 -0.1155
vn -0.9913 -0.1135 -0.0668
vn -0.8684 -0.1735 -0.4646
vn -0.8840 -0.1661 -0.4370
vn -0.9958 -0.0756 -0.0516
vn -0.9649 -0.2297 -0.1274
vn -0.9929 -0.1058 0.0549
vn -0.9897 -0.1253 0.0699
vn -0.9017 -0.1557 0.4033
vn -1.0000 0.0049 0.0038
vn -1.0000 -0.0005 0.0009
vn -0.9999 -0.0038 -0.0122
vn -0.9999 -0.0038 0.0123
vn -1.0000 0.0047 0.0013
vn -1.0000 0.0058 -0.0033
vn -1.0000 0.0055 -0.0032
vn -1.0000 0.0053 -0.0025
vn -1.0000 0.0055 -0.0028
vn 0.9875 -0.1395 -0.0731
vn 0.9841 -0.1646 -0.0670
vn 0.9017 -0.1557 -0.4032
vn 0.8795 -0.1676 -0.4454
vn 0.8627 -0.1799 -0.4727
vn 0.8910 -0.1590 0.4252
vn 0.8837 -0.1655 0.4378
vn 0.9913 -0.1135 0.0668
vn 0.9958 -0.0757 0.0515
vn 0.9913 -0.1136 0.0671
vn -0.0097 -0.1666 -0.9860
vn -0.0299 -0.2474 -0.9684
vn -0.0307 -0.2481 -0.9683
vn -0.0237 -0.3098 -0.9505
vn 0.3410 -0.1806 -0.9225
vn 0.3369 -0.1526 -0.9291
vn 0.3465 -0.1598 -0.9243
vn -0.0000 -0.0000 1.0000
vn -0.0097 -0.1667 -0.9860
vn 0.3411 -0.1806 -0.9225
vn -0.0307 -0.2480 -0.9683
vn -0.0236 -0.3098 -0.9505
vn 0.3466 -0.1598 -0.9243
vn -0.3411 -0.1806 0.9225
vn -0.3369 -0.1526 0.9291
vn -0.3466 -0.1598 0.9243
vn 0.0097 -0.1667 0.9860
vn 0.0299 -0.2474 0.9684
vn 0.0307 -0.2481 0.9683
vn 0.0237 -0.3098 0.9505
vn -0.0000 -0.0000 -1.0000
vn 0.0097 -0.1666 0.9860
vn -0.3368 -0.1525 0.9291
vn -0.3465 -0.1598 0.9243
vn 0.0672 -0.2473 0.9666
vn 0.5305 -0.3849 0.7553
vn 0.5283 -0.3908 0.7538
vn 0.0592 -0.2566 0.9647
vn 0.5068 -0.5405 0.6716
vn -0.4943 0.0181 -0.8691
vn -0.4962 0.0156 -0.8681
vn -0.4942 0.0182 -0.8691
vn -0.4806 0.0158 -0.8768
vn -0.4780 0.0154 -0.8782
vn -0.4779 0.0155 -0.8783
vn -0.4806 0.0157 -0.8768
vn -0.4750 0.0118 -0.8799
vn -0.4757 0.0052 -0.8796
vn -0.4751 0.0118 -0.8798
vn -0.5227 0.0014 -0.8525
vn -0.5249 0.0057 -0.8511
vn -0.5250 0.0057 -0.8511
vn -0.5230 0.0013 -0.8523
vn -0.5254 0.0122 -0.8508
vn -0.5221 0.0158 -0.8527
vn -0.5222 0.0159 -0.8527
vn -0.5161 0.0197 -0.8563
vn -0.5124 0.0222 -0.8585
vn -0.5162 0.0197 -0.8562
vn -0.4888 -0.0006 -0.8724
vn -0.4887 -0.0010 -0.8724
vn -0.5155 0.0120 -0.8568
vn -0.5108 0.0148 -0.8596
vn -0.5107 0.0147 -0.8596
vn -0.5063 0.0163 -0.8622
vn -0.4935 0.0163 -0.8696
vn -0.4806 0.0174 -0.8768
vn 0.4143 -0.3148 0.8540
vn 0.0692 -0.1379 0.9880
vn 0.0743 -0.1487 0.9861
vn 0.4173 -0.3185 0.8511
vn 0.3850 -0.4220 0.8207
vn -0.9998 0.0182 -0.0066
vn -0.9999 0.0158 -0.0043
vn -0.9998 0.0183 -0.0066
vn -0.9996 0.0156 -0.0222
vn -0.9995 0.0159 -0.0257
vn -0.9995 0.0158 -0.0256
vn -0.9996 0.0158 -0.0223
vn -0.9995 0.0121 -0.0293
vn -0.9996 0.0056 -0.0290
vn -0.9996 0.0056 -0.0289
vn -0.9995 0.0120 -0.0290
vn -0.9998 0.0003 0.0202
vn -0.9996 0.0051 0.0276
vn -0.9996 0.0052 0.0276
vn -0.9998 -0.0000 0.0206
vn -0.9995 0.0118 0.0284
vn -0.9996 0.0154 0.0252
vn -0.9996 0.0153 0.0251
vn -0.9995 0.0118 0.0287
vn -0.9996 0.0196 0.0187
vn -0.9997 0.0221 0.0143
vn -0.9996 0.0196 0.0188
vn -0.9998 0.0003 -0.0176
vn -0.9998 -0.0000 -0.0176
vn -0.9998 0.0121 0.0178
vn -0.9998 0.0149 0.0126
vn -0.9998 0.0147 0.0126
vn -0.9998 0.0162 0.0075
vn -0.9998 0.0163 -0.0075
vn -0.9996 0.0175 -0.0222
vn 0.9467 -0.3144 0.0695
vn 0.8879 -0.1362 0.4395
vn 0.8888 -0.1469 0.4341
vn 0.9458 -0.3182 0.0654
vn 0.9033 -0.4220 0.0780
vn 0.8717 -0.2477 0.4228
vn 0.9193 -0.3853 -0.0808
vn 0.9169 -0.3912 -0.0798
vn 0.8662 -0.2569 0.4286
vn 0.8349 -0.5408 -0.1025
vn 0.5185 -0.4220 -0.7437
vn 0.5329 -0.3146 -0.7855
vn 0.5289 -0.3183 -0.7868
vn 0.8246 -0.1362 -0.5491
vn 0.8204 -0.1471 -0.5525
vn -0.5056 0.0181 0.8626
vn -0.5037 0.0158 0.8637
vn -0.5056 0.0183 0.8626
vn -0.5191 0.0155 0.8546
vn -0.5221 0.0158 0.8527
vn -0.5220 0.0156 0.8528
vn -0.5192 0.0159 0.8545
vn -0.5251 0.0121 0.8509
vn -0.5256 0.0059 0.8507
vn -0.5251 0.0120 0.8510
vn -0.4797 0.0007 0.8774
vn -0.4750 0.0054 0.8799
vn -0.4750 0.0055 0.8800
vn -0.4794 0.0006 0.8776
vn -0.4748 0.0119 0.8800
vn -0.4777 0.0156 0.8784
vn -0.4777 0.0155 0.8784
vn -0.4749 0.0119 0.8800
vn -0.4835 0.0197 0.8751
vn -0.4874 0.0223 0.8729
vn -0.5133 -0.0001 0.8582
vn -0.5136 -0.0000 0.8580
vn -0.4843 0.0122 0.8748
vn -0.4890 0.0149 0.8722
vn -0.4891 0.0147 0.8721
vn -0.4935 0.0163 0.8696
vn -0.5064 0.0164 0.8621
vn -0.5192 0.0175 0.8545
vn 0.8017 -0.2742 -0.5311
vn 0.8088 -0.2623 -0.5264
vn 0.7994 -0.2836 -0.5297
vn -0.3340 -0.2151 0.9177
vn -0.2944 -0.1602 0.9422
vn -0.2944 -0.1608 0.9421
vn -0.4899 0.0199 0.8716
vn -0.4451 -0.1834 0.8765
vn -0.4454 -0.1822 0.8766
vn -0.4891 0.0243 0.8719
vn -0.2669 -0.1742 0.9479
vn -0.4374 -0.1750 0.8821
vn -0.4676 0.0058 0.8839
vn 0.9650 -0.2561 0.0571
vn 0.9718 -0.2235 0.0748
vn 0.9630 -0.2547 0.0877
vn 0.9655 -0.2555 0.0505
vn 0.9816 -0.1805 0.0615
vn 0.9628 -0.2700 -0.0084
vn 0.5742 -0.2119 0.7908
vn 0.5868 -0.1833 0.7887
vn 0.5743 -0.2122 0.7907
vn 0.5103 0.0179 0.8598
vn 0.5535 -0.1766 0.8139
vn 0.5532 -0.1748 0.8145
vn 0.5109 0.0224 0.8593
vn 0.5321 0.0037 0.8467
vn -0.9813 -0.1705 -0.0899
vn -0.9833 -0.1691 -0.0671
vn -0.9837 -0.1689 -0.0618
vn -0.9491 -0.1720 0.2639
vn -0.9566 -0.0591 0.2854
vn -0.9576 -0.0868 0.2746
vn -0.9965 -0.0833 0.0001
vn -0.9965 -0.0841 -0.0000
vn -0.9951 -0.0981 0.0087
vn -0.9951 -0.0986 0.0088
vn -0.9952 -0.0977 0.0028
vn 0.6527 -0.1607 -0.7404
vn 0.6039 -0.1947 -0.7729
vn 0.6030 -0.1942 -0.7737
vn 0.5539 -0.1785 -0.8132
vn 0.5322 -0.2587 -0.8061
vn 0.5268 -0.2581 -0.8099
vn 0.5535 -0.1769 -0.8139
vn 0.4742 -0.2725 -0.8372
vn 0.9720 -0.2119 -0.1018
vn 0.9765 -0.1833 -0.1138
vn 0.9719 -0.2122 -0.1020
vn 0.9998 0.0189 -0.0118
vn 0.9816 -0.1766 -0.0725
vn 0.9820 -0.1748 -0.0718
vn 0.9996 0.0233 -0.0126
vn 0.9993 0.0047 -0.0372
vn -0.5683 -0.1700 0.8050
vn -0.5497 -0.1685 0.8182
vn -0.5453 -0.1683 0.8212
vn -0.2418 -0.0723 0.9676
vn -0.2296 -0.0530 0.9718
vn -0.2394 -0.0806 0.9676
vn -0.4982 -0.0833 0.8630
vn -0.4983 -0.0841 0.8629
vn -0.4901 -0.0975 0.8662
vn -0.4900 -0.0979 0.8662
vn -0.4954 -0.0972 0.8632
vn -0.3715 -0.2389 -0.8972
vn -0.3835 -0.2567 -0.8872
vn -0.3719 -0.2385 -0.8971
vn -0.4104 -0.1710 -0.8957
vn -0.4318 -0.2592 -0.8639
vn -0.4379 -0.2586 -0.8610
vn -0.4117 -0.1686 -0.8956
vn -0.3327 -0.2118 -0.9189
vn -0.3703 -0.1497 -0.9168
vn -0.4878 -0.2730 -0.8292
vn 0.0079 0.0102 0.9999
vn 0.0056 0.0118 0.9999
vn 0.0080 0.0103 0.9999
vn 0.0139 0.0053 0.9999
vn 0.0123 0.0084 0.9999
vn 0.0124 0.0085 0.9999
vn -0.0133 0.0052 0.9999
vn 0.0135 -0.0048 0.9999
vn 0.0129 -0.0047 0.9999
vn -0.0140 0.0054 0.9999
vn -0.0102 0.0082 0.9999
vn -0.0124 0.0085 0.9999
vn -0.0123 0.0085 0.9999
vn -0.0066 0.0182 0.9998
vn -0.0075 0.0171 0.9998
vn -0.0065 0.0182 0.9998
vn 0.0117 0.0028 0.9999
vn 0.0103 0.0027 0.9999
vn -0.0104 0.0088 0.9999
vn -0.0057 0.0184 0.9998
vn -0.0007 -0.0043 1.0000
vn -0.0012 -0.0040 1.0000
vn 0.0002 -0.0039 1.0000
vn -0.0291 -0.2137 -0.9765
vn -0.0677 -0.3336 -0.9403
vn -0.0699 -0.3354 -0.9395
vn -0.0594 -0.4313 -0.9002
vn -0.8558 0.2336 -0.4616
vn -0.8603 0.2442 -0.4474
vn -0.8531 0.2397 -0.4635
vn -0.8450 0.2426 -0.4766
vn 0.1414 -0.2802 -0.9495
vn 0.1333 -0.2408 -0.9614
vn 0.1517 -0.2530 -0.9555
vn 0.5068 -0.7324 -0.4548
vn 0.4973 -0.7182 -0.4867
vn 0.5089 -0.7336 -0.4503
vn 0.5193 -0.7309 -0.4428
vn -0.0024 -0.0058 -1.0000
vn 0.0079 0.0103 0.9999
vn 0.0130 -0.0047 0.9999
vn -0.0075 0.0170 0.9998
vn -0.0104 0.0087 0.9999
vn -0.0012 -0.0041 1.0000
vn 0.0001 -0.0039 1.0000
vn -0.0593 -0.4314 -0.9002
vn -0.8557 0.2339 -0.4616
vn -0.8603 0.2445 -0.4473
vn -0.8530 0.2399 -0.4634
vn -0.8449 0.2429 -0.4765
vn 0.1516 -0.2531 -0.9555
vn 0.5068 -0.7323 -0.4548
vn 0.4974 -0.7181 -0.4867
vn 0.5090 -0.7335 -0.4503
vn -0.0057 0.0020 -1.0000
vn -0.0134 0.0052 0.9999
vn -0.0066 0.0181 0.9998
vn 0.0104 0.0027 0.9999
vn -0.8556 0.2347 -0.4613
vn -0.8602 0.2453 -0.4471
vn -0.8529 0.2407 -0.4632
vn -0.8449 0.2437 -0.4763
vn 0.1414 -0.2801 -0.9495
vn 0.1334 -0.2408 -0.9614
vn 0.1517 -0.2531 -0.9555
vn 0.5073 -0.7319 -0.4549
vn 0.4978 -0.7178 -0.4867
vn 0.5094 -0.7332 -0.4505
vn 0.5198 -0.7305 -0.4430
vn -0.0016 -0.0103 -0.9999
vn -0.0594 -0.4313 -0.9003
vn -0.8559 0.2323 -0.4620
vn -0.8605 0.2429 -0.4477
vn -0.8533 0.2384 -0.4638
vn -0.8450 0.2414 -0.4772
vn 0.1422 -0.2800 -0.9494
vn 0.1341 -0.2406 -0.9613
vn 0.1524 -0.2528 -0.9554
vn 0.5071 -0.7320 -0.4549
vn 0.4977 -0.7179 -0.4868
vn 0.5093 -0.7333 -0.4505
vn 0.5197 -0.7305 -0.4430
vn -0.0057 0.0021 -1.0000
vn -0.5202 -0.7300 0.4432
vn -0.5077 -0.7316 0.4550
vn -0.5099 -0.7328 0.4507
vn 0.8556 0.2349 0.4612
vn 0.8551 0.2477 0.4554
vn 0.8444 0.2457 0.4761
vn 0.8602 0.2456 0.4470
vn 0.8529 0.2410 0.4631
vn 0.0016 -0.0103 0.9999
vn -0.5201 -0.7302 0.4431
vn -0.5076 -0.7317 0.4550
vn -0.5097 -0.7329 0.4506
vn 0.8448 0.2439 0.4762
vn 0.8601 0.2456 0.4470
vn 0.0015 -0.0112 0.9999
vn -0.5196 -0.7306 0.4429
vn -0.5071 -0.7321 0.4548
vn -0.5092 -0.7334 0.4504
vn -0.4976 -0.7180 0.4867
vn 0.8449 0.2435 0.4763
vn 0.8557 0.2344 0.4614
vn 0.8529 0.2405 0.4633
vn 0.8602 0.2451 0.4472
vn 0.0024 -0.0058 1.0000
vn -0.5210 -0.7293 0.4435
vn -0.5086 -0.7307 0.4553
vn -0.5107 -0.7320 0.4510
vn -0.4992 -0.7165 0.4872
vn 0.8449 0.2435 0.4764
vn 0.8557 0.2345 0.4614
vn 0.8529 0.2407 0.4632
vn 0.8603 0.2451 0.4470
vn 1.0000 0.0047 0.0019
vn 1.0000 0.0032 0.0033
vn 1.0000 0.0032 0.0032
vn 0.9999 0.0033 -0.0155
vn 0.9999 0.0002 -0.0151
vn 0.9999 -0.0001 -0.0152
vn 0.9995 -0.0204 -0.0256
vn 0.9993 -0.0322 -0.0181
vn 0.9995 -0.0205 -0.0259
vn 1.0000 0.0040 0.0032
vn 1.0000 0.0096 0.0024
vn 1.0000 0.0096 0.0021
vn 1.0000 0.0040 0.0012
vn 1.0000 0.0092 0.0026
vn 0.9999 0.0096 0.0031
vn -0.9045 -0.1558 0.3969
vn -0.8923 -0.1611 0.4218
vn -0.8920 -0.1613 0.4222
vn -0.9886 -0.1304 0.0756
vn -0.9769 -0.1852 0.1065
vn -0.9768 -0.1856 0.1073
vn -0.9662 -0.2370 0.1018
vn -0.8577 0.0497 0.5117
vn -0.8579 0.0499 0.5114
vn -0.8546 0.0532 0.5166
vn -1.0000 0.0045 0.0008
vn -1.0000 0.0047 0.0019
vn -1.0000 0.0046 0.0008
vn -0.9999 -0.0103 -0.0084
vn -0.9998 -0.0184 -0.0002
vn -0.9999 -0.0103 -0.0081
vn -0.9989 0.0237 -0.0409
vn -0.9994 0.0040 -0.0342
vn -0.9994 0.0040 -0.0336
vn -1.0000 0.0033 -0.0005
vn -1.0000 -0.0022 -0.0009
vn -1.0000 -0.0018 -0.0010
vn -1.0000 -0.0023 -0.0008
vn -1.0000 0.0040 0.0013
vn 0.8698 -0.1761 0.4609
vn 0.8658 -0.1759 0.4685
vn 0.8699 -0.1778 0.4601
vn 0.9887 -0.1222 0.0863
vn 0.9910 -0.1133 0.0715
vn 0.9887 -0.1227 0.0859
vn 0.9842 -0.1542 0.0869
vn 0.8619 -0.2696 0.4294
vn 0.8611 -0.2721 0.4296
vn 0.8564 -0.2744 0.4374
vn 1.0000 0.0047 0.0018
vn 1.0000 0.0033 0.0033
vn 0.9999 0.0032 -0.0155
vn 0.9999 0.0002 -0.0150
vn 0.9995 -0.0203 -0.0255
vn 0.9993 -0.0323 -0.0181
vn 1.0000 0.0039 0.0032
vn 1.0000 0.0094 0.0020
vn 1.0000 0.0097 0.0021
vn 1.0000 0.0095 0.0029
vn -0.9045 -0.1558 0.3970
vn -0.8920 -0.1614 0.4223
vn -0.9886 -0.1304 0.0755
vn -0.9769 -0.1853 0.1065
vn -0.9768 -0.1856 0.1072
vn -1.0000 0.0044 0.0007
vn -1.0000 0.0044 0.0006
vn -0.9999 -0.0102 -0.0084
vn -0.9998 -0.0182 -0.0002
vn -0.9999 -0.0102 -0.0082
vn -0.9994 0.0041 -0.0342
vn -0.9994 0.0040 -0.0335
vn -1.0000 0.0033 -0.0004
vn -1.0000 -0.0026 -0.0009
vn -1.0000 -0.0029 -0.0010
vn -1.0000 0.0040 0.0012
vn 0.8658 -0.1760 0.4685
vn 0.8698 -0.1778 0.4602
vn 0.9910 -0.1133 0.0716
vn 0.8621 -0.2678 0.4301
vn 0.8613 -0.2703 0.4302
vn 0.8567 -0.2725 0.4379
vn 1.0000 0.0048 0.0019
vn 0.9999 0.0034 -0.0155
vn 0.9995 -0.0204 -0.0255
vn 0.9993 -0.0323 -0.0182
vn 1.0000 0.0040 0.0031
vn 0.9999 0.0115 0.0027
vn 0.9999 0.0115 0.0024
vn 1.0000 0.0038 0.0012
vn 0.9999 0.0112 0.0034
vn -0.8923 -0.1612 0.4218
vn -0.8920 -0.1614 0.4222
vn -0.9886 -0.1305 0.0755
vn -0.9767 -0.1857 0.1072
vn -0.9662 -0.2371 0.1017
vn -0.8578 0.0494 0.5117
vn -0.8579 0.0496 0.5114
vn -0.8546 0.0530 0.5165
vn -0.9998 -0.0184 -0.0001
vn -0.9999 -0.0103 -0.0082
vn -1.0000 -0.0023 -0.0010
vn 0.8699 -0.1778 0.4602
vn 0.9888 -0.1222 0.0862
vn 0.9887 -0.1226 0.0859
vn 0.9842 -0.1541 0.0869
vn 0.8622 -0.2674 0.4302
vn 0.8614 -0.2699 0.4303
vn 0.8568 -0.2722 0.4380
vn 0.9999 0.0033 -0.0156
vn 0.9999 -0.0000 -0.0152
vn 0.9995 -0.0203 -0.0256
vn 0.9993 -0.0322 -0.0182
vn 0.9995 -0.0205 -0.0260
vn 1.0000 0.0082 0.0022
vn 1.0000 0.0082 0.0018
vn 1.0000 0.0079 0.0021
vn 1.0000 0.0082 0.0027
vn 1.0000 0.0079 0.0022
vn -0.8923 -0.1611 0.4217
vn -0.9662 -0.2370 0.1017
vn -0.8575 0.0513 0.5120
vn -0.8576 0.0515 0.5117
vn -0.8544 0.0549 0.5168
vn -1.0000 0.0045 0.0007
vn -0.9998 -0.0183 -0.0002
vn -1.0000 0.0034 -0.0004
vn -1.0000 -0.0041 -0.0012
vn -1.0000 -0.0038 -0.0013
vn -1.0000 -0.0038 -0.0012
vn -1.0000 -0.0042 -0.0017
vn -1.0000 0.0038 0.0012
vn 0.8658 -0.1760 0.4684
vn 0.9888 -0.1221 0.0862
vn 0.9910 -0.1131 0.0714
vn 0.9887 -0.1226 0.0858
vn 0.9842 -0.1542 0.0867
vn 0.8624 -0.2662 0.4306
vn 0.8616 -0.2687 0.4307
vn 0.8570 -0.2709 0.4383
vn 1.0000 -0.0023 0.0008
vn 1.0000 -0.0018 0.0010
vn 1.0000 0.0048 -0.0017
vn 1.0000 0.0040 -0.0012
vn 1.0000 0.0058 -0.0016
vn -0.8569 -0.2715 -0.4381
vn -0.8623 -0.2667 -0.4304
vn -0.8615 -0.2692 -0.4305
vn -1.0000 0.0096 -0.0026
vn -1.0000 0.0096 -0.0021
vn 0.8573 0.0527 -0.5122
vn 0.8700 -0.0374 -0.4916
vn 0.8550 0.0524 -0.5160
vn 0.8574 0.0529 -0.5119
vn 0.8767 -0.1702 -0.4499
vn 0.8542 0.0562 -0.5169
vn 1.0000 0.0046 -0.0019
vn 1.0000 0.0042 -0.0020
vn 1.0000 0.0040 -0.0022
vn 1.0000 0.0047 -0.0019
vn 1.0000 0.0044 -0.0020
vn 1.0000 -0.0025 0.0010
vn 1.0000 -0.0023 0.0010
vn 1.0000 -0.0025 0.0009
vn -0.8698 -0.1761 -0.4609
vn -0.8698 -0.1777 -0.4602
vn -0.8615 -0.2691 -0.4305
vn -0.8569 -0.2714 -0.4382
vn -0.9999 0.0099 -0.0025
vn -0.9999 0.0099 -0.0021
vn 0.8576 0.0508 -0.5119
vn 0.8700 -0.0385 -0.4915
vn 0.8552 0.0506 -0.5157
vn 0.8577 0.0509 -0.5116
vn 0.8767 -0.1703 -0.4500
vn 0.8545 0.0544 -0.5167
vn 1.0000 0.0046 -0.0008
vn 1.0000 0.0044 -0.0018
vn 1.0000 0.0053 0.0003
vn 1.0000 0.0035 0.0010
vn 1.0000 -0.0041 0.0012
vn 1.0000 -0.0038 0.0013
vn 1.0000 -0.0041 0.0013
vn 1.0000 0.0038 -0.0012
vn -0.8658 -0.1760 -0.4685
vn -0.8623 -0.2665 -0.4305
vn -0.8615 -0.2689 -0.4306
vn -0.8570 -0.2713 -0.4382
vn -0.9999 0.0100 -0.0026
vn -0.9999 0.0100 -0.0021
vn -1.0000 0.0040 -0.0012
vn -1.0000 0.0047 -0.0019
vn -0.9999 0.0098 -0.0030
vn 0.8923 -0.1611 -0.4218
vn 0.9069 -0.1502 -0.3936
vn 0.9055 -0.1560 -0.3946
vn 0.8576 0.0503 -0.5119
vn 0.8577 0.0504 -0.5116
vn 0.8920 -0.1613 -0.4222
vn 0.8545 0.0538 -0.5167
vn 1.0000 0.0047 -0.0009
vn 1.0000 0.0046 -0.0018
vn 0.9998 -0.0194 0.0026
vn 0.9998 -0.0184 0.0001
vn 0.9999 -0.0151 0.0012
vn 1.0000 0.0033 0.0005
vn 1.0000 -0.0011 0.0005
vn 1.0000 -0.0007 0.0007
vn 1.0000 -0.0011 0.0004
vn -0.8658 -0.1759 -0.4685
vn -0.8698 -0.1778 -0.4602
vn -0.8621 -0.2683 -0.4299
vn -0.8613 -0.2708 -0.4300
vn -0.8566 -0.2731 -0.4377
vn -1.0000 0.0048 -0.0019
vn -1.0000 0.0031 -0.0033
vn -0.9999 0.0115 -0.0029
vn -0.9999 0.0115 -0.0024
vn -0.9999 0.0112 -0.0034
vn 0.9045 -0.1558 -0.3969
vn 0.8923 -0.1612 -0.4218
vn 0.8920 -0.1614 -0.4222
vn 0.8578 0.0493 -0.5117
vn 0.8579 0.0494 -0.5114
vn 0.8547 0.0527 -0.5165
vn -0.8751 -0.1719 -0.4523
vn -0.8732 -0.2043 -0.4424
vn -1.0000 0.0045 -0.0020
vn -1.0000 0.0049 -0.0021
vn -0.4134 -0.1687 -0.8948
vn -0.4044 -0.1619 -0.9001
vn -0.4106 -0.1647 -0.8968
vn -0.1187 0.9929 -0.0086
vn -0.4949 -0.7205 0.4857
vn -0.2322 0.9727 -0.0056
vn 0.6360 0.7711 -0.0285
vn -1.0000 0.0050 -0.0025
vn -1.0000 0.0048 -0.0016
vn -0.9999 0.0097 -0.0030
vn -1.0000 0.0092 -0.0026
vn -0.9999 0.0096 -0.0031
vn -0.8652 -0.1796 -0.4682
vn -0.0217 0.9753 -0.2199
vn 0.1275 -0.9918 -0.0002
vn 0.4715 -0.8818 0.0132
vn 0.2530 0.9671 0.0265
vn 0.2649 0.9642 0.0127
vn 0.2650 0.9642 0.0126
vn -0.4951 -0.7204 0.4857
vn 0.5352 0.8441 0.0317
vn 0.5090 0.8602 0.0314
vn 0.5089 0.8602 0.0314
vn 0.1186 -0.9929 0.0006
vn 0.2329 -0.9725 -0.0004
vn -1.0000 0.0007 -0.0045
vn -1.0000 0.0042 -0.0015
vn -0.8681 -0.2649 -0.4198
vn 0.0515 0.8493 -0.5254
vn -0.0087 0.7991 -0.6012
vn -0.0586 0.9335 -0.3537
vn 0.0516 0.8493 -0.5254
vn 0.0211 0.9755 -0.2191
vn -0.4807 0.8719 -0.0936
vn -0.3541 0.9351 -0.0140
vn 0.0539 -0.9477 0.3146
vn 0.0121 0.9993 0.0363
vn -0.1057 0.9944 -0.0004
vn -0.5085 -0.7260 0.4630
vn -1.0000 0.0095 -0.0026
vn -1.0000 0.0091 -0.0031
vn -0.9999 0.0097 -0.0029
vn -0.8628 -0.1804 -0.4723
vn -0.0206 0.9754 -0.2194
vn -0.0206 0.9754 -0.2193
vn 0.3461 -0.9382 0.0047
vn -0.5086 -0.7259 0.4630
vn -1.0000 0.0023 -0.0054
vn 0.0230 0.8551 -0.5179
vt 0.382893 0.411760
vt 0.338867 0.550760
vt 0.363473 0.509114
vt 0.334487 0.411760
vt 0.314328 0.509234
vt 0.614623 0.860880
vt 0.570587 0.999880
vt 0.595203 0.958233
vt 0.566209 0.860880
vt 0.546058 0.958354
vt 0.631673 0.613800
vt 0.587647 0.752800
vt 0.612254 0.711145
vt 0.583259 0.613800
vt 0.563109 0.711267
vt 0.087803 0.402980
vt 0.043771 0.541980
vt 0.068382 0.500328
vt 0.039389 0.402980
vt 0.019239 0.500448
vt 0.490420 0.509229
vt 0.513466 0.495044
vt 0.492947 0.497163
vt 0.533180 0.493294
vt 0.539564 0.509119
vt 0.542801 0.492609
vt 0.515227 0.550760
vt 0.138899 0.509228
vt 0.161408 0.478031
vt 0.145080 0.479718
vt 0.187142 0.475746
vt 0.188044 0.509119
vt 0.194692 0.475209
vt 0.163707 0.550760
vt 0.402539 0.509227
vt 0.424510 0.461018
vt 0.412373 0.462272
vt 0.456264 0.458199
vt 0.451683 0.509120
vt 0.461744 0.457809
vt 0.427347 0.550760
vt 0.226781 0.509231
vt 0.248212 0.444005
vt 0.240268 0.444826
vt 0.285986 0.440651
vt 0.275925 0.509120
vt 0.289396 0.440409
vt 0.251587 0.550760
vt 0.362245 0.511272
vt 0.338720 0.411760
vt 0.382842 0.411760
vt 0.338898 0.550760
vt 0.315449 0.511234
vt 0.295217 0.411760
vt 0.593975 0.960393
vt 0.570440 0.860880
vt 0.614572 0.860880
vt 0.570618 0.999880
vt 0.547179 0.960353
vt 0.526947 0.860880
vt 0.611024 0.713307
vt 0.587490 0.613800
vt 0.631622 0.613800
vt 0.587678 0.752800
vt 0.564229 0.713267
vt 0.543997 0.613800
vt 0.067156 0.502484
vt 0.043620 0.402980
vt 0.087752 0.402980
vt 0.043802 0.541980
vt 0.020360 0.502448
vt 0.000127 0.402980
vt 0.494927 0.496984
vt 0.491554 0.511225
vt 0.488737 0.497608
vt 0.515199 0.494867
vt 0.147553 0.479479
vt 0.140035 0.511226
vt 0.133755 0.480871
vt 0.163660 0.477797
vt 0.415339 0.461974
vt 0.403675 0.511227
vt 0.393933 0.464133
vt 0.427282 0.460727
vt 0.243723 0.444470
vt 0.227913 0.511223
vt 0.214710 0.447396
vt 0.251504 0.443657
vt 0.297900 0.185701
vt 0.297803 0.131505
vt 0.282935 0.126219
vt 0.294320 0.185789
vt 0.297900 0.097810
vt 0.270420 0.097760
vt 0.458200 0.752800
vt 0.458763 0.707562
vt 0.411512 0.717466
vt 0.430730 0.752390
vt 0.459241 0.639770
vt 0.374980 0.651580
vt 0.399818 0.607622
vt 0.458940 0.551004
vt 0.431505 0.551120
vt 0.207530 0.097290
vt 0.207427 0.058632
vt 0.190120 0.076170
vt 0.180060 0.097340
vt 0.197640 0.053740
vt 0.207530 0.009392
vt 0.203958 0.009325
vt 0.118890 0.197279
vt 0.115320 0.197211
vt 0.104322 0.256854
vt 0.119182 0.251471
vt 0.091740 0.285410
vt 0.119210 0.285160
vt 0.374740 0.551000
vt 0.347270 0.551300
vt 0.327268 0.586153
vt 0.374336 0.596234
vt 0.289800 0.651900
vt 0.374113 0.664031
vt 0.314865 0.695946
vt 0.347316 0.752570
vt 0.374740 0.752796
vt 0.119210 0.374350
vt 0.091740 0.374100
vt 0.101890 0.395350
vt 0.119163 0.413008
vt 0.109370 0.417830
vt 0.115299 0.462294
vt 0.118870 0.462249
vt 0.801710 0.181211
vt 0.801619 0.127015
vt 0.786752 0.121730
vt 0.798130 0.181299
vt 0.801710 0.093320
vt 0.774240 0.093260
vt 0.084080 0.744010
vt 0.084313 0.698776
vt 0.037127 0.709041
vt 0.056600 0.743820
vt 0.084292 0.630980
vt 0.000120 0.643440
vt 0.024640 0.599290
vt 0.083340 0.542224
vt 0.055914 0.542549
vt 0.468700 0.097460
vt 0.468594 0.058802
vt 0.451290 0.076330
vt 0.441220 0.097510
vt 0.458800 0.053910
vt 0.468700 0.009561
vt 0.465118 0.009495
vt 0.207220 0.097649
vt 0.203640 0.097591
vt 0.192645 0.157231
vt 0.207506 0.151845
vt 0.180060 0.185790
vt 0.207540 0.185540
vt 0.289560 0.551000
vt 0.262090 0.551300
vt 0.242089 0.586152
vt 0.289164 0.596235
vt 0.204630 0.651900
vt 0.288934 0.664031
vt 0.229687 0.695950
vt 0.262136 0.752570
vt 0.289560 0.752796
vt 0.112100 0.567610
vt 0.084630 0.567350
vt 0.094780 0.588600
vt 0.112053 0.606258
vt 0.102260 0.611080
vt 0.108189 0.655545
vt 0.111760 0.655499
vt 0.377880 0.154761
vt 0.377789 0.100565
vt 0.362922 0.095289
vt 0.374300 0.154859
vt 0.377880 0.066880
vt 0.350410 0.066820
vt 0.542700 0.752800
vt 0.543270 0.707562
vt 0.496017 0.717465
vt 0.515230 0.752390
vt 0.543741 0.639770
vt 0.459480 0.651580
vt 0.484329 0.607621
vt 0.543440 0.551004
vt 0.516015 0.551120
vt 0.548660 0.154800
vt 0.548557 0.116152
vt 0.531250 0.133680
vt 0.521190 0.154860
vt 0.538770 0.111260
vt 0.548660 0.066912
vt 0.545078 0.066836
vt 0.857910 0.552319
vt 0.854340 0.552251
vt 0.843336 0.611893
vt 0.858196 0.606515
vt 0.830750 0.640450
vt 0.858230 0.640200
vt 0.442190 0.798080
vt 0.414720 0.798390
vt 0.394717 0.833238
vt 0.441794 0.843321
vt 0.357260 0.898980
vt 0.441564 0.911112
vt 0.382317 0.943037
vt 0.414766 0.999660
vt 0.442190 0.999876
vt 0.119210 0.462800
vt 0.091740 0.462550
vt 0.101890 0.483800
vt 0.119163 0.501458
vt 0.109370 0.506280
vt 0.115299 0.550745
vt 0.118870 0.550699
vt 0.468700 0.185701
vt 0.468603 0.131505
vt 0.453735 0.126220
vt 0.465120 0.185789
vt 0.468700 0.097810
vt 0.441220 0.097750
vt 0.525650 0.999880
vt 0.526221 0.954646
vt 0.478962 0.964547
vt 0.498180 0.999470
vt 0.526691 0.886858
vt 0.442430 0.898660
vt 0.467268 0.854702
vt 0.526390 0.798094
vt 0.498965 0.798200
vt 0.297900 0.097460
vt 0.297794 0.058802
vt 0.280490 0.076340
vt 0.270420 0.097510
vt 0.288000 0.053910
vt 0.297900 0.009561
vt 0.294318 0.009495
vt 0.118890 0.285719
vt 0.115320 0.285651
vt 0.104322 0.345301
vt 0.119182 0.339915
vt 0.091740 0.373850
vt 0.119210 0.373610
vt 0.204390 0.551000
vt 0.176920 0.551300
vt 0.156908 0.586155
vt 0.203986 0.596234
vt 0.119450 0.651900
vt 0.203763 0.664031
vt 0.144512 0.695952
vt 0.176966 0.752570
vt 0.204390 0.752796
vt 0.112100 0.656060
vt 0.084630 0.655800
vt 0.094780 0.677050
vt 0.112053 0.694718
vt 0.102260 0.699530
vt 0.108189 0.743995
vt 0.111760 0.743949
vt 0.299950 0.411518
vt 0.299945 0.357974
vt 0.286330 0.368550
vt 0.297090 0.411518
vt 0.273260 0.347970
vt 0.299930 0.297533
vt 0.255680 0.329280
vt 0.234260 0.312240
vt 0.209820 0.297020
vt 0.179820 0.043150
vt 0.149393 0.043150
vt 0.149633 0.185380
vt 0.178140 0.135300
vt 0.119450 0.043150
vt 0.121130 0.135300
vt 0.149170 0.185380
vt 0.149387 0.043150
vt 0.705170 0.887754
vt 0.771060 0.901860
vt 0.795200 0.887780
vt 0.749870 0.918000
vt 0.705770 0.945797
vt 0.732420 0.936080
vt 0.719380 0.956400
vt 0.705470 0.999868
vt 0.708330 0.999878
vt 0.648980 0.436008
vt 0.648980 0.382464
vt 0.635360 0.393040
vt 0.646120 0.436008
vt 0.622300 0.372460
vt 0.648970 0.322023
vt 0.604720 0.353770
vt 0.583290 0.336730
vt 0.558850 0.321510
vt 0.209820 0.185790
vt 0.240247 0.185790
vt 0.239997 0.043560
vt 0.211500 0.093640
vt 0.270180 0.185790
vt 0.268510 0.093640
vt 0.240460 0.043560
vt 0.240253 0.185790
vt 0.702240 0.640664
vt 0.768130 0.654770
vt 0.792260 0.640690
vt 0.746930 0.670910
vt 0.702830 0.698707
vt 0.729480 0.688990
vt 0.716440 0.709310
vt 0.702530 0.752778
vt 0.705390 0.752798
vt 0.119450 0.297012
vt 0.119450 0.350562
vt 0.133070 0.339980
vt 0.122310 0.297012
vt 0.146130 0.360570
vt 0.119460 0.410997
vt 0.163710 0.379250
vt 0.185140 0.396290
vt 0.209580 0.411520
vt 0.932760 0.610160
vt 0.902333 0.610160
vt 0.902573 0.752390
vt 0.931080 0.702300
vt 0.872390 0.610160
vt 0.874070 0.702300
vt 0.902110 0.752390
vt 0.902327 0.610160
vt 0.558850 0.209134
vt 0.624740 0.223240
vt 0.648870 0.209160
vt 0.603550 0.239380
vt 0.559445 0.267177
vt 0.586100 0.257460
vt 0.573050 0.277780
vt 0.559150 0.321248
vt 0.562000 0.321258
vt 0.648980 0.550758
vt 0.648980 0.497208
vt 0.635360 0.507790
vt 0.646120 0.550758
vt 0.622300 0.487210
vt 0.648970 0.436773
vt 0.604720 0.468520
vt 0.583290 0.451480
vt 0.558850 0.436250
vt 0.440990 0.043150
vt 0.410553 0.043150
vt 0.410803 0.185380
vt 0.439300 0.135300
vt 0.380620 0.043150
vt 0.382300 0.135300
vt 0.410340 0.185380
vt 0.410547 0.043150
vt 0.649220 0.292494
vt 0.715110 0.306600
vt 0.739240 0.292520
vt 0.693920 0.322740
vt 0.649815 0.350537
vt 0.676470 0.340820
vt 0.663420 0.361140
vt 0.649510 0.404608
vt 0.652370 0.404628
vt 0.090240 0.288232
vt 0.087380 0.288232
vt 0.076610 0.331200
vt 0.090230 0.341781
vt 0.063550 0.351790
vt 0.045970 0.370470
vt 0.090240 0.402217
vt 0.024550 0.387510
vt 0.000120 0.402740
vt 0.819380 0.294340
vt 0.821060 0.386490
vt 0.849557 0.436570
vt 0.849807 0.294340
vt 0.879740 0.294340
vt 0.849813 0.294340
vt 0.850020 0.436570
vt 0.878060 0.386490
vt 0.470955 0.353651
vt 0.541100 0.411520
vt 0.530420 0.384610
vt 0.523400 0.358080
vt 0.505767 0.307799
vt 0.520620 0.332550
vt 0.522810 0.308240
vt 0.538869 0.265632
vt 0.541099 0.267462
vt 0.704940 0.770622
vt 0.702080 0.770622
vt 0.691310 0.813590
vt 0.704930 0.824176
vt 0.678250 0.834180
vt 0.660670 0.852860
vt 0.704940 0.884607
vt 0.639250 0.869900
vt 0.614820 0.885130
vt 0.869540 0.149640
vt 0.871220 0.241790
vt 0.899727 0.291870
vt 0.899977 0.149640
vt 0.929910 0.149640
vt 0.899983 0.149640
vt 0.900190 0.291870
vt 0.928230 0.241790
vt 0.300165 0.353651
vt 0.370310 0.411520
vt 0.359630 0.384610
vt 0.352610 0.358080
vt 0.334982 0.307799
vt 0.349840 0.332550
vt 0.352020 0.308240
vt 0.368079 0.265632
vt 0.370309 0.267462
vt 0.704940 0.885372
vt 0.702080 0.885372
vt 0.691310 0.928340
vt 0.704930 0.938922
vt 0.678250 0.948930
vt 0.660670 0.967610
vt 0.704940 0.999357
vt 0.639250 0.984650
vt 0.614820 0.999880
vt 0.808940 0.149640
vt 0.810620 0.241790
vt 0.839117 0.291870
vt 0.839367 0.149640
vt 0.869300 0.149640
vt 0.839373 0.149640
vt 0.839580 0.291870
vt 0.867620 0.241790
vt 0.631855 0.694931
vt 0.702000 0.752800
vt 0.691320 0.725890
vt 0.684300 0.699360
vt 0.666667 0.649079
vt 0.681520 0.673830
vt 0.683710 0.649520
vt 0.699769 0.606912
vt 0.701999 0.608732
vt 0.470730 0.297012
vt 0.467880 0.297012
vt 0.457110 0.339980
vt 0.470730 0.350566
vt 0.444050 0.360570
vt 0.426470 0.379250
vt 0.470730 0.410997
vt 0.405050 0.396290
vt 0.380620 0.411520
vt 0.875330 0.857240
vt 0.877010 0.949390
vt 0.905517 0.999470
vt 0.905757 0.857240
vt 0.935700 0.857240
vt 0.905763 0.857240
vt 0.905980 0.999470
vt 0.934020 0.949390
vt 0.649205 0.492891
vt 0.719350 0.550760
vt 0.708670 0.523850
vt 0.701650 0.497320
vt 0.684017 0.447039
vt 0.698870 0.471790
vt 0.701050 0.447480
vt 0.717119 0.404872
vt 0.719349 0.406692
vt 0.496180 0.037920
vt 0.496331 0.154519
vt 0.520948 0.037800
vt 0.518190 0.115360
vt 0.923950 0.412650
vt 0.898249 0.355616
vt 0.879980 0.399090
vt 0.935140 0.436980
vt 0.916600 0.388480
vt 0.913690 0.365020
vt 0.915980 0.342410
vt 0.934975 0.303609
vt 0.470973 0.037800
vt 0.495947 0.154519
vt 0.473720 0.115360
vt 0.000120 0.081010
vt 0.028218 0.119776
vt 0.050670 0.066890
vt 0.056240 0.046290
vt 0.047010 0.088420
vt 0.045560 0.110520
vt 0.046700 0.133240
vt 0.056071 0.176535
vt 0.737748 0.128636
vt 0.773790 0.180669
vt 0.758070 0.140060
vt 0.756170 0.116920
vt 0.758590 0.093190
vt 0.764700 0.069000
vt 0.711730 0.089330
vt 0.774000 0.044870
vt 0.300183 0.037630
vt 0.302930 0.115250
vt 0.324978 0.154518
vt 0.325180 0.037890
vt 0.325362 0.154518
vt 0.350167 0.037630
vt 0.347410 0.115250
vt 0.649220 0.136830
vt 0.711490 0.181300
vt 0.702190 0.157160
vt 0.675212 0.097559
vt 0.696080 0.132970
vt 0.693660 0.109240
vt 0.695560 0.086100
vt 0.711284 0.045491
vt 0.927810 0.561300
vt 0.905062 0.534562
vt 0.935307 0.574959
vt 0.916640 0.535770
vt 0.914370 0.513000
vt 0.917260 0.489360
vt 0.879345 0.480205
vt 0.924550 0.465000
vt 0.935660 0.440470
vt 0.833548 0.149039
vt 0.833707 0.032680
vt 0.808940 0.032550
vt 0.811690 0.109900
vt 0.833710 0.032680
vt 0.833943 0.149059
vt 0.858907 0.032550
vt 0.856170 0.109900
vt 0.056480 0.142360
vt 0.112460 0.177010
vt 0.106890 0.156410
vt 0.084662 0.103467
vt 0.103220 0.134870
vt 0.101770 0.112770
vt 0.102910 0.090050
vt 0.112345 0.046775
vt 0.966634 0.324081
vt 0.949093 0.328175
vt 0.955848 0.363332
vt 0.959520 0.364165
vt 0.935381 0.299280
vt 0.174103 0.770070
vt 0.238120 0.777030
vt 0.202310 0.753040
vt 0.978120 0.299280
vt 0.194631 0.898313
vt 0.119144 0.942941
vt 0.175612 0.939723
vt 0.162411 0.968143
vt 0.384387 0.797800
vt 0.384396 0.766681
vt 0.379869 0.765679
vt 0.374060 0.775632
vt 0.357860 0.779510
vt 0.357260 0.790580
vt 0.069709 0.760989
vt 0.118955 0.783389
vt 0.119210 0.760060
vt 0.097940 0.744260
vt 0.118565 0.861650
vt 0.000120 0.801610
vt 0.374060 0.797840
vt 0.374300 0.797840
vt -0.000187 0.942330
vt 0.384633 0.765680
vt 0.387720 0.786600
vt 0.390200 0.797842
vt 0.374050 0.753211
vt 0.357260 0.760490
vt 0.357850 0.771521
vt 0.077086 0.987440
vt 0.097970 0.999880
vt 0.119210 0.984190
vt 0.118908 0.953264
vt 0.374050 0.775380
vt 0.394610 0.765740
vt 0.394608 0.796780
vt 0.782804 0.050033
vt 0.795397 0.059094
vt 0.802553 0.024156
vt 0.798519 0.021595
vt 0.785570 0.069340
vt 0.784290 0.086050
vt 0.802510 0.093020
vt 0.307400 0.769578
vt 0.356892 0.819706
vt 0.357020 0.785420
vt 0.339120 0.773430
vt 0.238350 0.809790
vt 0.356781 0.880280
vt 0.346480 0.760940
vt 0.335850 0.753040
vt 0.774240 0.064760
vt 0.238380 0.950690
vt 0.948082 0.464466
vt 0.953450 0.490970
vt 0.954550 0.502442
vt 0.291063 0.981656
vt 0.321240 0.999880
vt 0.357020 0.976000
vt 0.356898 0.943715
vt 0.978560 0.437560
vt 0.935901 0.437560
vt 0.970100 0.453070
vt 0.963730 0.469400
vt 0.958172 0.501459
vt 0.702895 0.565930
vt 0.702240 0.606973
vt 0.706140 0.577160
vt 0.714190 0.597300
vt 0.730050 0.615034
vt 0.702240 0.640050
vt 0.766260 0.640450
vt 0.381640 0.477220
vt 0.295210 0.411760
vt 0.296420 0.477220
vt 0.933390 0.613234
vt 0.961162 0.605443
vt 0.996940 0.581650
vt 0.933000 0.581650
vt 0.945410 0.622660
vt 0.937290 0.642840
vt 0.933955 0.654205
vt 0.829855 0.640450
vt 0.830510 0.599410
vt 0.826610 0.629220
vt 0.818560 0.609080
vt 0.802700 0.591347
vt 0.830510 0.566330
vt 0.766490 0.565930
vt 0.613370 0.926340
vt 0.526940 0.860880
vt 0.528150 0.926340
vt 0.936290 0.534264
vt 0.964062 0.526473
vt 0.999840 0.502680
vt 0.935900 0.502680
vt 0.948310 0.543690
vt 0.940180 0.563870
vt 0.936855 0.575240
vt 0.922515 0.149400
vt 0.923170 0.108358
vt 0.919260 0.138170
vt 0.911220 0.118030
vt 0.895358 0.100296
vt 0.923160 0.075280
vt 0.859150 0.074880
vt 0.630420 0.679260
vt 0.543990 0.613800
vt 0.545200 0.679260
vt 0.935770 0.396001
vt 0.963542 0.388213
vt 0.999320 0.364420
vt 0.935380 0.364420
vt 0.947790 0.405420
vt 0.939660 0.425610
vt 0.936335 0.436976
vt 0.590305 0.860640
vt 0.590958 0.819600
vt 0.587050 0.849410
vt 0.579010 0.829270
vt 0.563140 0.811538
vt 0.590950 0.786520
vt 0.526940 0.786120
vt 0.086550 0.468440
vt 0.000120 0.402980
vt 0.001330 0.468440
vt 0.936329 0.958901
vt 0.964103 0.951113
vt 0.999880 0.927320
vt 0.935940 0.927320
vt 0.948340 0.968320
vt 0.940220 0.988510
vt 0.936895 0.999876
vt 0.488107 0.497641
vt 0.484041 0.498035
vt 0.549088 0.492085
vt 0.133244 0.480885
vt 0.123298 0.481849
vt 0.205880 0.477220
vt 0.205936 0.474272
vt 0.979347 0.749664
vt 0.978480 0.750834
vt 0.980620 0.752800
vt 0.979656 0.749303
vt 0.934809 0.068673
vt 0.934565 0.066801
vt 0.923400 0.074640
vt 0.935303 0.074566
vt 0.384300 0.477220
vt 0.393540 0.464130
vt 0.384075 0.465047
vt 0.469520 0.477220
vt 0.469904 0.457129
vt 0.969097 0.270909
vt 0.963185 0.278880
vt 0.977770 0.292280
vt 0.971198 0.268444
vt 0.586238 0.084065
vt 0.585652 0.079571
vt 0.558850 0.098390
vt 0.587425 0.098211
vt 0.208540 0.477220
vt 0.214437 0.447374
vt 0.208000 0.447998
vt 0.293760 0.477220
vt 0.294472 0.439986
vt 0.961696 0.154085
vt 0.950740 0.168863
vt 0.977770 0.193690
vt 0.965960 0.150858
vt 0.965316 0.149837
vt 0.965905 0.149089
vt 0.640420 0.098288
vt 0.640430 0.048251
vt 0.623150 0.048345
vt 0.636840 0.098388
vt 0.878430 0.550760
vt 0.878761 0.514530
vt 0.847419 0.525989
vt 0.861110 0.550690
vt 0.799513 0.440600
vt 0.879100 0.440471
vt 0.631440 0.563392
vt 0.627870 0.563322
vt 0.614300 0.613445
vt 0.631580 0.613429
vt 0.728840 0.181540
vt 0.711520 0.181720
vt 0.697470 0.206511
vt 0.728731 0.217768
vt 0.649293 0.292150
vt 0.728840 0.291779
vt 0.684320 0.606569
vt 0.684330 0.556521
vt 0.667050 0.556615
vt 0.680740 0.606658
vt 0.874430 0.999880
vt 0.874758 0.963650
vt 0.843410 0.975110
vt 0.857100 0.999810
vt 0.795503 0.889720
vt 0.875090 0.889591
vt 0.608380 0.759982
vt 0.604810 0.759912
vt 0.591250 0.810035
vt 0.608520 0.810029
vt 0.079740 0.177250
vt 0.062410 0.177430
vt 0.048362 0.202219
vt 0.079631 0.213478
vt 0.000193 0.287860
vt 0.079740 0.287489
vt 0.701880 0.606569
vt 0.701890 0.556521
vt 0.684620 0.556615
vt 0.698300 0.606658
vt 0.871490 0.752800
vt 0.871821 0.716570
vt 0.840476 0.728029
vt 0.854160 0.752720
vt 0.792573 0.642640
vt 0.872150 0.642511
vt 0.649060 0.556502
vt 0.645480 0.556422
vt 0.631920 0.606545
vt 0.649200 0.606539
vt 0.808700 0.181540
vt 0.791370 0.181720
vt 0.777324 0.206509
vt 0.808581 0.217768
vt 0.729153 0.292150
vt 0.808700 0.291779
vt 0.556070 0.066488
vt 0.556080 0.016441
vt 0.538800 0.016535
vt 0.552490 0.066578
vt 0.637840 0.208920
vt 0.638171 0.172690
vt 0.606829 0.184149
vt 0.620520 0.208850
vt 0.558923 0.098760
vt 0.638510 0.098631
vt 0.613870 0.563392
vt 0.610300 0.563322
vt 0.596740 0.613445
vt 0.614020 0.613429
vt 0.799200 0.440020
vt 0.781880 0.440200
vt 0.767833 0.464988
vt 0.799091 0.476248
vt 0.719653 0.550630
vt 0.799200 0.550259
vt 0.484457 0.216895
vt 0.517464 0.214216
vt 0.550557 0.155230
vt 0.470970 0.155101
vt 0.471259 0.218124
vt 0.172467 0.235735
vt 0.119523 0.186160
vt 0.148693 0.238010
vt 0.199070 0.186531
vt 0.199001 0.233575
vt 0.300574 0.235108
vt 0.313750 0.233998
vt 0.300519 0.229160
vt 0.379767 0.155230
vt 0.300180 0.155101
vt 0.279395 0.251250
vt 0.209893 0.186160
vt 0.248182 0.254234
vt 0.289440 0.186541
vt 0.289337 0.250442
vt 0.758451 0.390011
vt 0.765913 0.389324
vt 0.771161 0.379858
vt 0.739819 0.368400
vt 0.740031 0.391564
vt 0.819067 0.294470
vt 0.739480 0.294341
vt 0.460144 0.267441
vt 0.460121 0.260542
vt 0.434225 0.269872
vt 0.460240 0.186541
vt 0.380693 0.186160
vt 0.537016 0.020716
vt 0.537309 0.020747
vt 0.538460 0.016535
vt 0.521190 0.016441
vt 0.521191 0.022312
vt 0.785700 0.887530
vt 0.803020 0.887460
vt 0.816711 0.862759
vt 0.785369 0.851305
vt 0.864617 0.777370
vt 0.785030 0.777241
vt 0.784681 0.851306
vt 0.771173 0.876691
vt 0.784754 0.875418
vt 0.753423 0.862562
vt 0.761880 0.877485
vt 0.705243 0.776920
vt 0.784790 0.777301
vt 0.294319 0.185776
vt 0.288010 0.141350
vt 0.297796 0.136469
vt 0.297900 0.185708
vt 0.280490 0.118930
vt 0.410685 0.715971
vt 0.458200 0.752796
vt 0.459154 0.663752
vt 0.412477 0.585109
vt 0.459173 0.596258
vt 0.431460 0.551200
vt 0.458940 0.551000
vt 0.192491 0.069098
vt 0.207433 0.063615
vt 0.203960 0.009311
vt 0.207530 0.009399
vt 0.119171 0.246509
vt 0.109370 0.241690
vt 0.115319 0.197224
vt 0.118890 0.197272
vt 0.101890 0.264160
vt 0.374740 0.551004
vt 0.325207 0.589759
vt 0.374113 0.639679
vt 0.374336 0.707546
vt 0.327764 0.718512
vt 0.374740 0.752800
vt 0.347270 0.752490
vt 0.119176 0.408025
vt 0.104248 0.402438
vt 0.118870 0.462241
vt 0.115300 0.462309
vt 0.798128 0.181286
vt 0.791820 0.136860
vt 0.801614 0.131979
vt 0.801710 0.181218
vt 0.784310 0.114440
vt 0.036289 0.707551
vt 0.084080 0.744006
vt 0.084382 0.654962
vt 0.037135 0.576680
vt 0.083903 0.587468
vt 0.055870 0.542630
vt 0.083340 0.542220
vt 0.453658 0.069261
vt 0.468599 0.063785
vt 0.465120 0.009481
vt 0.468700 0.009569
vt 0.207493 0.146881
vt 0.197700 0.142060
vt 0.203639 0.097604
vt 0.207220 0.097642
vt 0.190210 0.164540
vt 0.289560 0.551004
vt 0.241235 0.587647
vt 0.288933 0.640048
vt 0.289164 0.707546
vt 0.242584 0.718513
vt 0.289560 0.752800
vt 0.262090 0.752490
vt 0.112066 0.601275
vt 0.097138 0.595687
vt 0.111760 0.655491
vt 0.108190 0.655559
vt 0.374299 0.154846
vt 0.367990 0.110420
vt 0.377784 0.105528
vt 0.377880 0.154768
vt 0.360480 0.088000
vt 0.494020 0.713852
vt 0.542700 0.752796
vt 0.543652 0.664121
vt 0.496987 0.585110
vt 0.543677 0.596257
vt 0.515970 0.551200
vt 0.543440 0.551000
vt 0.533621 0.126612
vt 0.548563 0.121135
vt 0.545080 0.066821
vt 0.548660 0.066919
vt 0.858183 0.601551
vt 0.848390 0.596730
vt 0.854339 0.552264
vt 0.857910 0.552312
vt 0.840900 0.619200
vt 0.442190 0.798084
vt 0.393863 0.834732
vt 0.441563 0.887130
vt 0.441794 0.954632
vt 0.395214 0.965595
vt 0.442190 0.999880
vt 0.414720 0.999580
vt 0.119176 0.496475
vt 0.104248 0.490887
vt 0.118870 0.550691
vt 0.115300 0.550759
vt 0.465119 0.185776
vt 0.458810 0.141350
vt 0.468596 0.136469
vt 0.468700 0.185708
vt 0.451290 0.118930
vt 0.478135 0.963050
vt 0.525650 0.999876
vt 0.526605 0.910839
vt 0.479933 0.832190
vt 0.526627 0.843338
vt 0.498920 0.798280
vt 0.526390 0.798090
vt 0.282858 0.069268
vt 0.297799 0.063785
vt 0.294320 0.009481
vt 0.297900 0.009569
vt 0.119171 0.334951
vt 0.109370 0.330130
vt 0.115319 0.285664
vt 0.118890 0.285712
vt 0.101890 0.352610
vt 0.204390 0.551004
vt 0.156056 0.587647
vt 0.203762 0.640048
vt 0.203986 0.707545
vt 0.157406 0.718515
vt 0.204390 0.752800
vt 0.176920 0.752490
vt 0.112066 0.689735
vt 0.097138 0.684137
vt 0.111760 0.743941
vt 0.108190 0.744009
vt 0.297090 0.411520
vt 0.294370 0.396050
vt 0.299950 0.411518
vt 0.299944 0.344789
vt 0.299930 0.297560
vt 0.149562 0.185506
vt 0.179817 0.043150
vt 0.149390 0.043150
vt 0.149240 0.185505
vt 0.119453 0.043150
vt 0.705170 0.887780
vt 0.705687 0.933129
vt 0.711170 0.984150
vt 0.705470 0.999868
vt 0.708330 0.999880
vt 0.646120 0.436010
vt 0.643410 0.420540
vt 0.648980 0.436008
vt 0.648978 0.369279
vt 0.648970 0.322050
vt 0.240068 0.043434
vt 0.209823 0.185790
vt 0.240250 0.185790
vt 0.240390 0.043435
vt 0.270177 0.185790
vt 0.702240 0.640690
vt 0.702749 0.686043
vt 0.708230 0.737070
vt 0.702530 0.752778
vt 0.705390 0.752800
vt 0.122310 0.297010
vt 0.125030 0.312480
vt 0.119450 0.297012
vt 0.119452 0.363745
vt 0.119460 0.410970
vt 0.902502 0.752516
vt 0.932757 0.610160
vt 0.902330 0.610160
vt 0.902180 0.752515
vt 0.872393 0.610160
vt 0.558850 0.209160
vt 0.559362 0.254514
vt 0.564850 0.305540
vt 0.559150 0.321248
vt 0.562000 0.321260
vt 0.646120 0.550760
vt 0.643410 0.535290
vt 0.648980 0.550758
vt 0.648978 0.484025
vt 0.648970 0.436800
vt 0.410732 0.185506
vt 0.440987 0.043150
vt 0.410550 0.043150
vt 0.410410 0.185505
vt 0.380623 0.043150
vt 0.649220 0.292520
vt 0.649732 0.337873
vt 0.655220 0.388900
vt 0.649510 0.404608
vt 0.652370 0.404630
vt 0.090240 0.288232
vt 0.084660 0.303700
vt 0.087380 0.288230
vt 0.090230 0.354965
vt 0.090240 0.402190
vt 0.819383 0.294340
vt 0.849628 0.436696
vt 0.849810 0.294340
vt 0.849950 0.436695
vt 0.879737 0.294340
vt 0.470970 0.353630
vt 0.498134 0.317777
vt 0.533550 0.281440
vt 0.538869 0.265632
vt 0.541100 0.267460
vt 0.704940 0.770622
vt 0.699360 0.786090
vt 0.702080 0.770620
vt 0.704930 0.837359
vt 0.704940 0.884580
vt 0.869543 0.149640
vt 0.899798 0.291996
vt 0.899980 0.149640
vt 0.900119 0.291995
vt 0.929907 0.149640
vt 0.300180 0.353630
vt 0.327348 0.317778
vt 0.362760 0.281440
vt 0.368079 0.265632
vt 0.370310 0.267460
vt 0.704940 0.885372
vt 0.699360 0.900840
vt 0.702080 0.885370
vt 0.704930 0.952105
vt 0.704940 0.999330
vt 0.808943 0.149640
vt 0.839188 0.291996
vt 0.839370 0.149640
vt 0.839510 0.291995
vt 0.869297 0.149640
vt 0.631870 0.694910
vt 0.659034 0.659053
vt 0.694450 0.622720
vt 0.699769 0.606912
vt 0.702000 0.608730
vt 0.470730 0.297012
vt 0.465160 0.312480
vt 0.467880 0.297010
vt 0.470730 0.363749
vt 0.470730 0.410970
vt 0.875333 0.857240
vt 0.905588 0.999596
vt 0.905760 0.857240
vt 0.905910 0.999595
vt 0.935697 0.857240
vt 0.649220 0.492870
vt 0.676384 0.457015
vt 0.711800 0.420680
vt 0.717119 0.404872
vt 0.719350 0.406690
vt 0.496251 0.154661
vt 0.496183 0.037920
vt 0.520950 0.037800
vt 0.879985 0.399075
vt 0.904498 0.343867
vt 0.927230 0.317050
vt 0.934724 0.303433
vt 0.496027 0.154661
vt 0.470970 0.037800
vt 0.496177 0.037920
vt 0.000130 0.081022
vt 0.035178 0.131246
vt 0.052310 0.161190
vt 0.055806 0.176701
vt 0.767430 0.166520
vt 0.773495 0.180892
vt 0.745150 0.139773
vt 0.711739 0.089343
vt 0.325058 0.154661
vt 0.300180 0.037630
vt 0.325177 0.037890
vt 0.350170 0.037630
vt 0.325282 0.154661
vt 0.325183 0.037890
vt 0.649229 0.136817
vt 0.682620 0.086410
vt 0.704910 0.059640
vt 0.710990 0.045271
vt 0.935547 0.574801
vt 0.898719 0.523119
vt 0.879340 0.480190
vt 0.808943 0.032550
vt 0.833643 0.149209
vt 0.858910 0.032550
vt 0.833863 0.149201
vt 0.833713 0.032680
vt 0.056490 0.142348
vt 0.091570 0.092073
vt 0.108520 0.062100
vt 0.112103 0.046638
vt 0.955830 0.363190
vt 0.954360 0.351780
vt 0.959521 0.364163
vt 0.950240 0.331110
vt 0.965988 0.326061
vt 0.943860 0.314790
vt 0.935380 0.299280
vt 0.978112 0.299280
vt 0.202310 0.753040
vt 0.238111 0.777024
vt 0.172327 0.771155
vt 0.176134 0.938551
vt 0.162101 0.967956
vt 0.119470 0.943108
vt 0.194683 0.898413
vt 0.384390 0.766740
vt 0.383320 0.777710
vt 0.379869 0.765677
vt 0.384390 0.797800
vt 0.374305 0.797840
vt 0.357860 0.779517
vt 0.374060 0.775630
vt 0.374060 0.797833
vt 0.119201 0.760053
vt 0.118910 0.790779
vt 0.076970 0.756763
vt -0.000207 0.801800
vt 0.118588 0.882058
vt 0.097940 0.744260
vt 0.357260 0.790580
vt 0.000140 0.942498
vt 0.390200 0.797833
vt 0.384630 0.765680
vt 0.394603 0.765740
vt 0.357260 0.760494
vt 0.374050 0.753210
vt 0.374050 0.775370
vt 0.069943 0.983282
vt 0.118955 0.960779
vt 0.119210 0.984190
vt 0.097976 0.999875
vt 0.357850 0.771520
vt 0.393540 0.785840
vt 0.394610 0.796800
vt 0.802510 0.024290
vt 0.799030 0.035060
vt 0.798517 0.021596
vt 0.795040 0.055570
vt 0.782726 0.049998
vt 0.796900 0.073920
vt 0.356899 0.816731
vt 0.314859 0.765230
vt 0.238023 0.809979
vt 0.356793 0.880272
vt 0.238380 0.950668
vt 0.947395 0.462242
vt 0.935900 0.437560
vt 0.978550 0.437560
vt 0.356921 0.941533
vt 0.293659 0.983239
vt 0.357020 0.976000
vt 0.321247 0.999875
vt 0.958152 0.501624
vt 0.954551 0.502436
vt 0.703210 0.565911
vt 0.702240 0.605602
vt 0.727250 0.612750
vt 0.744830 0.627090
vt 0.975790 0.594010
vt 0.933418 0.614505
vt 0.958390 0.607610
vt 0.934270 0.654227
vt 0.829540 0.640469
vt 0.830510 0.600779
vt 0.805500 0.593630
vt 0.787920 0.579300
vt 0.978690 0.515040
vt 0.936318 0.535535
vt 0.961290 0.528640
vt 0.937170 0.575259
vt 0.922200 0.149419
vt 0.923170 0.109727
vt 0.898160 0.102580
vt 0.880570 0.088240
vt 0.978170 0.376780
vt 0.935798 0.397273
vt 0.960770 0.390380
vt 0.936650 0.436997
vt 0.589990 0.860659
vt 0.590959 0.820969
vt 0.565940 0.813820
vt 0.548360 0.799490
vt 0.978730 0.939680
vt 0.936358 0.960173
vt 0.961330 0.953280
vt 0.937210 0.999897
vt 0.484052 0.498058
vt 0.549131 0.492006
vt 0.538352 0.511280
vt 0.542152 0.492605
vt 0.123312 0.481874
vt 0.979447 0.749322
vt 0.978415 0.750775
vt 0.935277 0.074566
vt 0.934618 0.067638
vt 0.384077 0.465080
vt 0.969972 0.269166
vt 0.963120 0.278820
vt 0.585930 0.082166
vt 0.580270 0.085020
vt 0.585793 0.080518
vt 0.587397 0.098212
vt 0.586317 0.086862
vt 0.208004 0.448040
vt 0.965514 0.148591
vt 0.969650 0.169630
vt 0.962544 0.152544
vt 0.636838 0.098376
vt 0.630590 0.065530
vt 0.640430 0.048262
vt 0.640420 0.098298
vt 0.623100 0.048230
vt 0.847276 0.525731
vt 0.878766 0.512411
vt 0.799512 0.440597
vt 0.728840 0.291780
vt 0.649292 0.292153
vt 0.728738 0.219888
vt 0.631580 0.613418
vt 0.621800 0.596210
vt 0.627868 0.563334
vt 0.631440 0.563382
vt 0.614250 0.613560
vt 0.697324 0.206769
vt 0.879100 0.440470
vt 0.680738 0.606646
vt 0.674490 0.573810
vt 0.684330 0.556532
vt 0.684320 0.606578
vt 0.667000 0.556500
vt 0.843266 0.974851
vt 0.874764 0.961531
vt 0.795502 0.889717
vt 0.079740 0.287490
vt 0.000192 0.287863
vt 0.079638 0.215598
vt 0.608520 0.810018
vt 0.598740 0.792810
vt 0.604808 0.759924
vt 0.608380 0.759972
vt 0.591200 0.810150
vt 0.048218 0.202476
vt 0.875090 0.889590
vt 0.698298 0.606646
vt 0.692050 0.573810
vt 0.701890 0.556532
vt 0.701880 0.606578
vt 0.684570 0.556500
vt 0.840332 0.727771
vt 0.871825 0.714451
vt 0.792572 0.642637
vt 0.808700 0.291780
vt 0.729152 0.292153
vt 0.808589 0.219888
vt 0.649200 0.606528
vt 0.639410 0.589320
vt 0.645478 0.556434
vt 0.649060 0.556492
vt 0.631870 0.606660
vt 0.777178 0.206768
vt 0.872150 0.642510
vt 0.552488 0.066566
vt 0.546240 0.033720
vt 0.556080 0.016452
vt 0.556070 0.066498
vt 0.538750 0.016420
vt 0.606686 0.183892
vt 0.638176 0.170571
vt 0.558922 0.098757
vt 0.799200 0.550260
vt 0.719652 0.550633
vt 0.799099 0.478368
vt 0.614020 0.613418
vt 0.604230 0.596210
vt 0.610298 0.563334
vt 0.613870 0.563382
vt 0.596690 0.613560
vt 0.767689 0.465244
vt 0.638510 0.098630
vt 0.483052 0.216396
vt 0.550558 0.155227
vt 0.517663 0.213860
vt 0.148530 0.237722
vt 0.119522 0.186157
vt 0.173379 0.235146
vt 0.247978 0.253872
vt 0.209892 0.186157
vt 0.280609 0.250495
vt 0.300180 0.155100
vt 0.379768 0.155227
vt 0.300514 0.227041
vt 0.739814 0.366281
vt 0.819068 0.294467
vt 0.771304 0.379601
vt 0.380692 0.186157
vt 0.460240 0.186540
vt 0.460129 0.258422
vt 0.456228 0.267070
vt 0.433846 0.269403
vt 0.460153 0.266725
vt 0.427862 0.270023
vt 0.739480 0.294340
vt 0.521662 0.016451
vt 0.538510 0.016420
vt 0.537448 0.018875
vt 0.785364 0.849187
vt 0.816854 0.862502
vt 0.864618 0.777367
vt 0.705242 0.776917
vt 0.784790 0.777300
vt 0.784689 0.849187
vt 0.753279 0.862306
vt 0.772711 0.875733
vt 0.761546 0.876896
vt 0.784756 0.874675
vt 0.785030 0.777240
vt 0.459040 0.679740
vt 0.458800 0.706510
vt 0.458510 0.731170
vt 0.297820 0.118930
vt 0.297790 0.141310
vt 0.297850 0.169890
vt 0.297900 0.185710
vt 0.207480 0.025210
vt 0.207420 0.053790
vt 0.207450 0.076170
vt 0.207530 0.097290
vt 0.459090 0.572630
vt 0.459200 0.597300
vt 0.207530 0.009390
vt 0.459250 0.624070
vt 0.459250 0.651900
vt 0.202340 0.025140
vt 0.405250 0.597990
vt 0.419250 0.573060
vt 0.203960 0.009310
vt 0.389990 0.625050
vt 0.404860 0.705400
vt 0.389800 0.678230
vt 0.294320 0.185790
vt 0.292700 0.169960
vt 0.418680 0.730440
vt 0.374310 0.597290
vt 0.374160 0.624060
vt 0.374500 0.572620
vt 0.119160 0.241670
vt 0.119210 0.264040
vt 0.118890 0.197270
vt 0.119000 0.213090
vt 0.119150 0.417850
vt 0.118990 0.446430
vt 0.119210 0.395470
vt 0.374310 0.706500
vt 0.374500 0.731170
vt 0.118870 0.462250
vt 0.374160 0.679740
vt 0.374060 0.651900
vt 0.113850 0.446460
vt 0.334670 0.730590
vt 0.320370 0.705600
vt 0.115300 0.462310
vt 0.304910 0.678490
vt 0.304910 0.625310
vt 0.320370 0.598190
vt 0.113860 0.213050
vt 0.115320 0.197210
vt 0.334670 0.573210
vt 0.084390 0.670950
vt 0.084340 0.697720
vt 0.084230 0.722390
vt 0.801630 0.114440
vt 0.801610 0.136820
vt 0.801660 0.165390
vt 0.801710 0.181220
vt 0.468650 0.025380
vt 0.468590 0.053960
vt 0.468610 0.076340
vt 0.083650 0.563840
vt 0.083940 0.588510
vt 0.468700 0.009560
vt 0.084180 0.615280
vt 0.084390 0.643110
vt 0.463500 0.025310
vt 0.030000 0.589620
vt 0.043820 0.564580
vt 0.465120 0.009480
vt 0.014940 0.616790
vt 0.030390 0.697030
vt 0.015130 0.669970
vt 0.798130 0.181300
vt 0.796520 0.165470
vt 0.044390 0.721960
vt 0.289130 0.597290
vt 0.288990 0.624060
vt 0.289330 0.572620
vt 0.207480 0.142040
vt 0.207540 0.164420
vt 0.207220 0.097640
vt 0.207320 0.113470
vt 0.112040 0.611100
vt 0.111870 0.639680
vt 0.112100 0.588720
vt 0.289130 0.706500
vt 0.289330 0.731170
vt 0.111760 0.655500
vt 0.288990 0.679740
vt 0.288880 0.651900
vt 0.106730 0.639720
vt 0.249490 0.730590
vt 0.235190 0.705600
vt 0.108190 0.655560
vt 0.219730 0.678490
vt 0.219730 0.625310
vt 0.235190 0.598190
vt 0.202180 0.113430
vt 0.203640 0.097590
vt 0.249490 0.573210
vt 0.543550 0.679740
vt 0.543300 0.706510
vt 0.543020 0.731170
vt 0.377800 0.087990
vt 0.377780 0.110370
vt 0.377830 0.138950
vt 0.377880 0.154770
vt 0.548610 0.082730
vt 0.548550 0.111310
vt 0.548580 0.133690
vt 0.543600 0.572630
vt 0.543700 0.597300
vt 0.548660 0.066910
vt 0.543750 0.624070
vt 0.543750 0.651900
vt 0.543470 0.082650
vt 0.489760 0.597990
vt 0.503760 0.573060
vt 0.545080 0.066820
vt 0.474500 0.625050
vt 0.489360 0.705400
vt 0.474300 0.678230
vt 0.374300 0.154860
vt 0.372690 0.139030
vt 0.503190 0.730440
vt 0.441760 0.844380
vt 0.441620 0.871140
vt 0.441960 0.819710
vt 0.858170 0.596710
vt 0.858230 0.619090
vt 0.857910 0.552310
vt 0.858020 0.568130
vt 0.119150 0.506300
vt 0.118990 0.534880
vt 0.119210 0.483920
vt 0.441760 0.953590
vt 0.441960 0.978260
vt 0.118870 0.550700
vt 0.441620 0.926820
vt 0.441510 0.898980
vt 0.113850 0.534920
vt 0.402120 0.977670
vt 0.387820 0.952690
vt 0.115300 0.550760
vt 0.372360 0.925570
vt 0.372360 0.872390
vt 0.387820 0.845280
vt 0.840900 0.619200
vt 0.852870 0.568090
vt 0.854340 0.552250
vt 0.402120 0.820290
vt 0.526500 0.926820
vt 0.526250 0.953590
vt 0.525970 0.978260
vt 0.468620 0.118930
vt 0.468590 0.141310
vt 0.468650 0.169890
vt 0.468700 0.185710
vt 0.297850 0.025380
vt 0.297790 0.053960
vt 0.297810 0.076340
vt 0.526550 0.819710
vt 0.526650 0.844380
vt 0.297900 0.009560
vt 0.526700 0.871150
vt 0.526700 0.898990
vt 0.292700 0.025310
vt 0.472700 0.845070
vt 0.486710 0.820140
vt 0.294320 0.009480
vt 0.457440 0.872130
vt 0.472310 0.952480
vt 0.457250 0.925310
vt 0.465120 0.185790
vt 0.463510 0.169960
vt 0.486130 0.977520
vt 0.203960 0.597290
vt 0.203810 0.624060
vt 0.204150 0.572620
vt 0.119160 0.330110
vt 0.119210 0.352490
vt 0.118890 0.285710
vt 0.119000 0.301530
vt 0.112040 0.699560
vt 0.111870 0.728130
vt 0.112100 0.677180
vt 0.203960 0.706500
vt 0.204150 0.731170
vt 0.119210 0.373610
vt 0.111760 0.743950
vt 0.203810 0.679740
vt 0.203710 0.651900
vt 0.106730 0.728170
vt 0.164310 0.730590
vt 0.150010 0.705600
vt 0.108190 0.744010
vt 0.134560 0.678490
vt 0.134560 0.625310
vt 0.150010 0.598190
vt 0.113860 0.301490
vt 0.115320 0.285650
vt 0.164310 0.573210
vt 0.708333 0.999863
vt 0.119450 0.043150
vt 0.134100 0.043150
vt 0.705660 0.917990
vt 0.705450 0.901850
vt 0.705770 0.956390
vt 0.705770 0.936070
vt 0.299950 0.368620
vt 0.299950 0.411502
vt 0.299950 0.396070
vt 0.299940 0.329540
vt 0.299940 0.348120
vt 0.299930 0.297560
vt 0.299940 0.312640
vt 0.705470 0.999852
vt 0.705600 0.984140
vt 0.164880 0.043150
vt 0.179820 0.043150
vt 0.149390 0.043150
vt 0.705170 0.887780
vt 0.646120 0.436010
vt 0.705393 0.752783
vt 0.270180 0.185790
vt 0.255540 0.185790
vt 0.702720 0.670910
vt 0.702520 0.654770
vt 0.702830 0.709300
vt 0.702830 0.688980
vt 0.648980 0.393110
vt 0.648980 0.435992
vt 0.648980 0.420560
vt 0.648980 0.354030
vt 0.648980 0.372610
vt 0.648970 0.322050
vt 0.648970 0.337130
vt 0.702530 0.752762
vt 0.702660 0.737060
vt 0.224760 0.185790
vt 0.209820 0.185790
vt 0.240250 0.185790
vt 0.702240 0.640690
vt 0.122310 0.297010
vt 0.562003 0.321243
vt 0.872390 0.610160
vt 0.887040 0.610160
vt 0.559330 0.239380
vt 0.559130 0.223240
vt 0.559450 0.277770
vt 0.559440 0.257450
vt 0.119450 0.339910
vt 0.119450 0.297028
vt 0.119450 0.312460
vt 0.119450 0.378990
vt 0.119450 0.360420
vt 0.119460 0.410970
vt 0.119460 0.395900
vt 0.559150 0.321232
vt 0.559280 0.305520
vt 0.917820 0.610160
vt 0.932760 0.610160
vt 0.558850 0.209160
vt 0.652373 0.404613
vt 0.380620 0.043150
vt 0.395270 0.043150
vt 0.649700 0.322740
vt 0.649500 0.306600
vt 0.649820 0.361130
vt 0.649810 0.340810
vt 0.648980 0.507860
vt 0.648980 0.550742
vt 0.648980 0.535310
vt 0.648980 0.468780
vt 0.648980 0.487350
vt 0.648970 0.436800
vt 0.648970 0.451870
vt 0.649510 0.404592
vt 0.649640 0.388890
vt 0.426040 0.043150
vt 0.440990 0.043150
vt 0.410550 0.043150
vt 0.649220 0.292520
vt 0.087377 0.288247
vt 0.865100 0.294340
vt 0.879740 0.294340
vt 0.479310 0.342430
vt 0.488960 0.329660
vt 0.499860 0.315420
vt 0.512200 0.299500
vt 0.090240 0.288248
vt 0.090230 0.331130
vt 0.090230 0.303680
vt 0.090230 0.351640
vt 0.090230 0.370210
vt 0.090230 0.387120
vt 0.090240 0.402190
vt 0.538859 0.265644
vt 0.529210 0.277870
vt 0.819380 0.294340
vt 0.834320 0.294340
vt 0.849810 0.294340
vt 0.470970 0.353630
vt 0.691310 0.813590
vt 0.702077 0.770637
vt 0.915260 0.149640
vt 0.929910 0.149640
vt 0.308520 0.342430
vt 0.318170 0.329660
vt 0.329070 0.315420
vt 0.341420 0.299500
vt 0.704940 0.770638
vt 0.704930 0.813530
vt 0.704930 0.786080
vt 0.704930 0.834030
vt 0.704930 0.852600
vt 0.704930 0.869510
vt 0.704940 0.884580
vt 0.368069 0.265644
vt 0.358420 0.277870
vt 0.869540 0.149640
vt 0.884490 0.149640
vt 0.899980 0.149640
vt 0.300180 0.353630
vt 0.691310 0.928340
vt 0.702077 0.885387
vt 0.854660 0.149640
vt 0.869300 0.149640
vt 0.640210 0.683700
vt 0.649860 0.670930
vt 0.660760 0.656700
vt 0.673100 0.640780
vt 0.704940 0.885388
vt 0.704930 0.928270
vt 0.704930 0.900820
vt 0.704930 0.948780
vt 0.704930 0.967350
vt 0.704930 0.984260
vt 0.704940 0.999330
vt 0.699759 0.606924
vt 0.690110 0.619150
vt 0.808940 0.149640
vt 0.823880 0.149640
vt 0.839370 0.149640
vt 0.631870 0.694910
vt 0.467877 0.297027
vt 0.921050 0.857240
vt 0.935700 0.857240
vt 0.657560 0.481670
vt 0.667210 0.468890
vt 0.678110 0.454660
vt 0.690450 0.438740
vt 0.470730 0.297028
vt 0.470730 0.339920
vt 0.470730 0.312470
vt 0.470730 0.360420
vt 0.470730 0.378990
vt 0.470730 0.395900
vt 0.470730 0.410970
vt 0.717109 0.404884
vt 0.707450 0.417110
vt 0.875330 0.857240
vt 0.890270 0.857240
vt 0.649220 0.492870
vt 0.935121 0.303741
vt 0.935123 0.303739
vt 0.508830 0.037870
vt 0.520950 0.037800
vt 0.883990 0.385210
vt 0.889960 0.370190
vt 0.897980 0.354240
vt 0.908390 0.337220
vt 0.055278 0.176980
vt 0.038950 0.138020
vt 0.055278 0.176979
vt 0.029550 0.120410
vt 0.019880 0.105200
vt 0.010000 0.092050
vt 0.934219 0.303136
vt 0.934219 0.303136
vt 0.483350 0.037870
vt 0.056231 0.176407
vt 0.056231 0.176405
vt 0.337920 0.037780
vt 0.350170 0.037630
vt 0.657050 0.124940
vt 0.665960 0.111470
vt 0.675860 0.096550
vt 0.686920 0.079950
vt 0.772892 0.181273
vt 0.749430 0.146210
vt 0.772892 0.181273
vt 0.738380 0.129610
vt 0.728470 0.114690
vt 0.719560 0.101220
vt 0.710382 0.044887
vt 0.710382 0.044887
vt 0.312430 0.037780
vt 0.773986 0.180509
vt 0.773985 0.180507
vt 0.711475 0.045653
vt 0.711476 0.045651
vt 0.935643 0.574691
vt 0.935642 0.574689
vt 0.846530 0.032630
vt 0.066360 0.131330
vt 0.076240 0.118180
vt 0.085910 0.102970
vt 0.095310 0.085360
vt 0.934869 0.575214
vt 0.909020 0.541130
vt 0.934869 0.575214
vt 0.898430 0.524230
vt 0.890130 0.508480
vt 0.883790 0.493740
vt 0.111658 0.046411
vt 0.111658 0.046411
vt 0.821060 0.032630
vt 0.112451 0.046885
vt 0.112451 0.046883
vt 0.978120 0.299280
vt 0.970020 0.315210
vt 0.154532 0.781444
vt 0.184520 0.763640
vt 0.154629 0.781386
vt 0.964080 0.331840
vt 0.119450 0.802230
vt 0.154663 0.963748
vt 0.162537 0.968338
vt 0.162675 0.968418
vt 0.154544 0.963678
vt 0.162449 0.968287
vt 0.119470 0.943130
vt 0.083220 0.752830
vt 0.035266 0.780933
vt 0.065340 0.763290
vt 0.035363 0.780877
vt 0.000120 0.801610
vt 0.118840 0.797250
vt 0.118656 0.831736
vt 0.118655 0.831879
vt 0.394606 0.796754
vt 0.394601 0.796710
vt 0.118530 0.872130
vt 0.118655 0.912439
vt 0.118656 0.912451
vt 0.118840 0.947000
vt 0.097970 0.999880
vt 0.083240 0.991300
vt 0.065360 0.980850
vt 0.035396 0.963259
vt 0.035274 0.963187
vt 0.000140 0.942520
vt 0.321220 0.761440
vt 0.335850 0.753040
vt 0.273442 0.789234
vt 0.303430 0.771750
vt 0.273539 0.789177
vt 0.238350 0.809790
vt 0.356930 0.805690
vt 0.356838 0.840016
vt 0.356838 0.840158
vt 0.958176 0.501432
vt 0.958182 0.501386
vt 0.356780 0.880280
vt 0.356838 0.920709
vt 0.356838 0.920722
vt 0.356930 0.955430
vt 0.944020 0.453480
vt 0.303450 0.989280
vt 0.273568 0.971529
vt 0.273446 0.971457
vt 0.949970 0.470110
vt 0.321240 0.999880
vt 0.238380 0.950690
vt 0.933240 0.594010
vt 0.933470 0.622650
vt 0.933400 0.607610
vt 0.702240 0.597230
vt 0.702240 0.565955
vt 0.702240 0.577150
vt 0.702240 0.626830
vt 0.702240 0.612600
vt 0.362163 0.411760
vt 0.382850 0.411760
vt 0.362058 0.411760
vt 0.933300 0.654175
vt 0.933380 0.642840
vt 0.315529 0.411760
vt 0.315632 0.411760
vt 0.703430 0.565930
vt 0.360207 0.514855
vt 0.339830 0.550760
vt 0.360389 0.514536
vt 0.945410 0.622660
vt 0.934495 0.654190
vt 0.317324 0.514577
vt 0.317468 0.514833
vt 0.337640 0.550760
vt 0.339710 0.550760
vt 0.337775 0.550760
vt 0.936140 0.515040
vt 0.935900 0.502680
vt 0.936370 0.543680
vt 0.936300 0.528640
vt 0.830510 0.609150
vt 0.830510 0.640425
vt 0.830510 0.629240
vt 0.830510 0.579560
vt 0.830510 0.593780
vt 0.593888 0.860880
vt 0.614580 0.860880
vt 0.593783 0.860880
vt 0.936200 0.575215
vt 0.936280 0.563870
vt 0.547259 0.860880
vt 0.547362 0.860880
vt 0.829320 0.640450
vt 0.591937 0.963976
vt 0.571550 0.999880
vt 0.592120 0.963655
vt 0.937395 0.575220
vt 0.549054 0.963697
vt 0.528150 0.926340
vt 0.549198 0.963953
vt 0.569360 0.999880
vt 0.569527 0.999880
vt 0.569495 0.999880
vt 0.935620 0.376770
vt 0.935850 0.405420
vt 0.935780 0.390380
vt 0.923170 0.118100
vt 0.923170 0.149375
vt 0.923170 0.138190
vt 0.923170 0.088500
vt 0.923170 0.102730
vt 0.610943 0.613800
vt 0.631630 0.613800
vt 0.610838 0.613800
vt 0.935680 0.436945
vt 0.935760 0.425600
vt 0.564309 0.613800
vt 0.564412 0.613800
vt 0.921980 0.149400
vt 0.608987 0.716891
vt 0.588610 0.752800
vt 0.609170 0.716569
vt 0.936875 0.436960
vt 0.566105 0.716614
vt 0.566248 0.716868
vt 0.586420 0.752800
vt 0.588610 0.752800
vt 0.586539 0.752800
vt 0.588474 0.752800
vt 0.936180 0.939670
vt 0.936410 0.968320
vt 0.936340 0.953280
vt 0.590960 0.829340
vt 0.590960 0.860615
vt 0.590960 0.849430
vt 0.590950 0.799750
vt 0.590960 0.813970
vt 0.067068 0.402980
vt 0.087760 0.402980
vt 0.066964 0.402980
vt 0.936240 0.999845
vt 0.936320 0.988500
vt 0.020439 0.402980
vt 0.020542 0.402980
vt 0.589770 0.860640
vt 0.065118 0.506069
vt 0.044730 0.541980
vt 0.065299 0.505751
vt 0.948340 0.968320
vt 0.937435 0.999860
vt 0.022234 0.505792
vt 0.001330 0.468440
vt 0.022377 0.506048
vt 0.042550 0.541980
vt 0.042717 0.541980
vt 0.042685 0.541980
vt 0.514000 0.550760
vt 0.493461 0.514580
vt 0.493605 0.514833
vt 0.536345 0.514856
vt 0.549551 0.491251
vt 0.549637 0.491097
vt 0.516190 0.550760
vt 0.536527 0.514531
vt 0.514120 0.550760
vt 0.516055 0.550760
vt 0.162480 0.550760
vt 0.141941 0.514580
vt 0.142086 0.514834
vt 0.184825 0.514856
vt 0.185007 0.514532
vt 0.164670 0.550760
vt 0.164503 0.550760
vt 0.164535 0.550760
vt 0.426120 0.550760
vt 0.405581 0.514579
vt 0.405726 0.514834
vt 0.469520 0.477220
vt 0.448465 0.514855
vt 0.448646 0.514534
vt 0.428310 0.550760
vt 0.428191 0.550760
vt 0.426256 0.550760
vt 0.250360 0.550760
vt 0.229822 0.514580
vt 0.229965 0.514832
vt 0.272710 0.514855
vt 0.272891 0.514532
vt 0.252550 0.550760
vt 0.252383 0.550760
vt 0.252415 0.550760
vt 0.878800 0.511390
vt 0.878630 0.533010
vt 0.640430 0.048230
vt 0.640380 0.065480
vt 0.640390 0.086710
vt 0.640420 0.098300
vt 0.878989 0.474788
vt 0.878989 0.474794
vt 0.851160 0.532710
vt 0.838970 0.510810
vt 0.636840 0.098390
vt 0.635250 0.086790
vt 0.818449 0.474136
vt 0.818476 0.474184
vt 0.799440 0.440470
vt 0.728750 0.199290
vt 0.728710 0.220910
vt 0.631580 0.596200
vt 0.631580 0.613450
vt 0.631440 0.563380
vt 0.631500 0.574970
vt 0.728742 0.257513
vt 0.728742 0.257508
vt 0.688870 0.221750
vt 0.701280 0.199760
vt 0.626360 0.574930
vt 0.627870 0.563320
vt 0.668232 0.258503
vt 0.668211 0.258541
vt 0.649220 0.292280
vt 0.874800 0.960510
vt 0.874630 0.982130
vt 0.684330 0.556500
vt 0.684270 0.573760
vt 0.684290 0.594990
vt 0.684320 0.606580
vt 0.874430 0.999880
vt 0.874979 0.923908
vt 0.874979 0.923914
vt 0.847150 0.981830
vt 0.834960 0.959930
vt 0.680740 0.606660
vt 0.679150 0.595060
vt 0.814439 0.923256
vt 0.814466 0.923304
vt 0.795430 0.889590
vt 0.079650 0.195000
vt 0.079610 0.216620
vt 0.608520 0.792790
vt 0.608520 0.810050
vt 0.608380 0.759970
vt 0.608440 0.771560
vt 0.079642 0.253223
vt 0.079642 0.253218
vt 0.039770 0.217450
vt 0.052170 0.195470
vt 0.603300 0.771520
vt 0.604810 0.759910
vt 0.019132 0.254213
vt 0.019111 0.254251
vt 0.000120 0.287990
vt 0.871860 0.713430
vt 0.871690 0.735050
vt 0.701890 0.556500
vt 0.701840 0.573760
vt 0.701860 0.594990
vt 0.701880 0.606580
vt 0.872045 0.676829
vt 0.872045 0.676834
vt 0.844220 0.734750
vt 0.832020 0.712850
vt 0.698300 0.606660
vt 0.696710 0.595060
vt 0.811499 0.676171
vt 0.811526 0.676220
vt 0.792500 0.642510
vt 0.808600 0.199290
vt 0.808560 0.220910
vt 0.649200 0.589300
vt 0.649200 0.606560
vt 0.649060 0.556490
vt 0.649120 0.568070
vt 0.808597 0.257513
vt 0.808597 0.257508
vt 0.768730 0.221750
vt 0.781130 0.199760
vt 0.643980 0.568030
vt 0.645480 0.556420
vt 0.748092 0.258503
vt 0.748071 0.258541
vt 0.729080 0.292280
vt 0.638210 0.169550
vt 0.638040 0.191170
vt 0.556080 0.016420
vt 0.556030 0.033680
vt 0.556040 0.054910
vt 0.556070 0.066500
vt 0.638399 0.132948
vt 0.638399 0.132954
vt 0.610570 0.190870
vt 0.598380 0.168970
vt 0.552490 0.066580
vt 0.550900 0.054980
vt 0.577859 0.132295
vt 0.577886 0.132345
vt 0.558850 0.098630
vt 0.799110 0.457770
vt 0.799070 0.479390
vt 0.614020 0.596200
vt 0.614020 0.613450
vt 0.613870 0.563380
vt 0.613930 0.574970
vt 0.799107 0.515993
vt 0.799107 0.515988
vt 0.759240 0.480220
vt 0.771640 0.458240
vt 0.608790 0.574930
vt 0.610300 0.563320
vt 0.604230 0.596210
vt 0.738592 0.516984
vt 0.738571 0.517020
vt 0.719580 0.550760
vt 0.471081 0.189418
vt 0.470970 0.155100
vt 0.471081 0.189424
vt 0.471232 0.218631
vt 0.471232 0.218684
vt 0.471230 0.218298
vt 0.550630 0.155100
vt 0.531598 0.188807
vt 0.531618 0.188771
vt 0.199070 0.186530
vt 0.198972 0.220797
vt 0.198972 0.220802
vt 0.138438 0.219764
vt 0.148762 0.238145
vt 0.148804 0.238221
vt 0.138466 0.219814
vt 0.148656 0.237957
vt 0.119450 0.186030
vt 0.300480 0.226020
vt 0.300554 0.235427
vt 0.300556 0.235663
vt 0.300552 0.235185
vt 0.300291 0.189418
vt 0.300291 0.189424
vt 0.360818 0.188807
vt 0.340320 0.225440
vt 0.360838 0.188771
vt 0.379840 0.155100
vt 0.289440 0.186540
vt 0.289337 0.220801
vt 0.289337 0.220807
vt 0.228803 0.219765
vt 0.248304 0.254493
vt 0.248308 0.254501
vt 0.228830 0.219813
vt 0.248104 0.254137
vt 0.209820 0.186030
vt 0.739950 0.386880
vt 0.739780 0.365260
vt 0.740000 0.391307
vt 0.740005 0.391719
vt 0.739591 0.328658
vt 0.739591 0.328664
vt 0.779610 0.364680
vt 0.767420 0.386580
vt 0.800108 0.328043
vt 0.800128 0.328007
vt 0.819140 0.294340
vt 0.460137 0.220797
vt 0.460137 0.220802
vt 0.460100 0.257400
vt 0.420270 0.256570
vt 0.428113 0.270472
vt 0.428190 0.270609
vt 0.399609 0.219765
vt 0.399636 0.219814
vt 0.380620 0.186030
vt 0.785500 0.869790
vt 0.785330 0.848160
vt 0.521207 0.021379
vt 0.521190 0.016420
vt 0.521206 0.021026
vt 0.785141 0.811563
vt 0.785030 0.777240
vt 0.785141 0.811568
vt 0.825160 0.847580
vt 0.812970 0.869480
vt 0.845658 0.810948
vt 0.845678 0.810911
vt 0.864690 0.777240
vt 0.784660 0.848160
vt 0.784700 0.869790
vt 0.784697 0.811557
vt 0.784697 0.811562
vt 0.757230 0.869310
vt 0.744830 0.847330
vt 0.724159 0.810525
vt 0.724185 0.810573
vt 0.705170 0.776790
vt 0.517230 0.214484
vt 0.517393 0.214194
vt 0.460120 0.267980
vt 0.460119 0.267712
vt 0.238030 0.797600
vt 0.238027 0.798589
vt 0.238027 0.798584
vt 0.119450 0.802230
vt 0.123707 0.482569
vt 0.219260 0.843883
vt 0.950674 0.168802
vt 0.955199 0.162430
vt 0.289306 0.251008
vt 0.289307 0.250667
vt 0.289307 0.250619
vt 0.198961 0.233967
vt 0.198961 0.233819
vt 0.198961 0.233653
vt 0.336637 0.232051
vt 0.119450 0.802230
vt 0.238026 0.802517
vt 0.274715 0.511280
vt 0.258781 0.443060
vt 0.289140 0.440377
vt 0.450472 0.511279
vt 0.438452 0.459811
vt 0.461357 0.457786
vt 0.186832 0.511279
vt 0.178724 0.476561
vt 0.194174 0.475196
vt 0.534155 0.493312
vt 0.484166 0.498261
vt 0.294445 0.439921
vt 0.469890 0.457053
vt 0.205936 0.474185
vt 0.213056 0.857971
vt 0.234104 0.811432
vt 0.784727 0.875160
vt 0.460119 0.267497
vt 0.517457 0.214079
vt 0.750688 0.389850
vt 0.740029 0.390822
vt 0.336869 0.231695
vt 0.315261 0.233278
vt 0.303772 0.234106
vt 0.300578 0.234395
vt 0.471259 0.217477
vt 0.238022 0.802451
vt 0.235677 0.807809
vt 0.336620 0.232141
vt 0.515258 0.550760
vt 0.163738 0.550760
vt 0.427378 0.550760
vt 0.251618 0.550760
vt 0.213042 0.857953
vt 0.123730 0.482610
vt 0.428107 0.270458
vt 0.336476 0.232340
vt 0.289342 0.249786
vt 0.199004 0.233063
vt 0.234863 0.809703
vt 0.484258 0.498423
vt 0.784729 0.875542
vt 0.766241 0.388733
s 1
usemtl arche.007
f 533/1/1 534/3/3 536/2/2
f 533/1/1 536/2/2 537/4/4
f 537/4/4 536/2/2 538/5/5
f 555/6/1 556/8/3 558/7/2
f 555/6/1 558/7/2 559/9/4
f 559/9/4 558/7/2 560/10/5
f 577/11/1 578/13/3 580/12/2
f 577/11/1 580/12/2 581/14/4
f 581/14/4 580/12/2 582/15/5
f 599/16/1 600/18/3 602/17/2
f 599/16/1 602/17/2 603/19/4
f 603/19/4 602/17/2 604/20/5
f 614/21/6 3413/23/8 3476/22/7
f 3370/24/9 3369/26/11 616/25/10
f 3370/24/9 615/27/12 3476/22/7
f 617/28/6 3414/30/8 3477/29/7
f 3372/31/9 3371/33/13 619/32/10
f 3372/31/9 618/34/12 3477/29/7
f 624/35/6 3416/37/8 3478/36/7
f 3374/38/9 3373/40/14 626/39/10
f 3374/38/9 625/41/12 3478/36/7
f 631/42/6 3418/44/8 3479/43/15
f 3376/45/16 3375/47/17 633/46/10
f 3376/45/16 632/48/12 3479/43/15
f 1302/49/18 1303/51/20 1304/50/19
f 1302/49/18 1304/50/19 1305/52/21
f 1304/50/19 1307/54/23 1306/53/22
f 1304/50/19 1306/53/22 1305/52/21
f 1324/55/18 1325/57/24 1326/56/19
f 1324/55/18 1326/56/19 1327/58/21
f 1326/56/19 1329/60/23 1328/59/22
f 1326/56/19 1328/59/22 1327/58/21
f 1346/61/18 1347/63/24 1348/62/19
f 1346/61/18 1348/62/19 1349/64/21
f 1348/62/19 1351/66/23 1350/65/22
f 1348/62/19 1350/65/22 1349/64/21
f 1368/67/18 1369/69/24 1370/68/19
f 1368/67/18 1370/68/19 1371/70/21
f 1370/68/19 1373/72/26 1372/71/25
f 1370/68/19 1372/71/25 1371/70/21
f 3377/73/27 3454/75/29 1382/74/28
f 3403/76/30 3377/73/27 1382/74/28
f 3378/77/31 3455/79/33 1385/78/32
f 3405/80/30 3378/77/31 1385/78/32
f 3379/81/31 3458/83/33 1391/82/32
f 3407/84/34 3379/81/31 1391/82/32
f 3380/85/31 3461/87/33 1399/86/32
f 3409/88/34 3380/85/31 1399/86/32
f 1/89/35 4/91/37 3/90/36
f 1/89/35 2/92/38 4/91/37
f 3/90/36 6/94/40 5/93/39
f 3/90/36 4/91/37 6/94/40
f 7/95/41 9/97/43 8/96/42
f 7/95/41 10/98/44 9/97/43
f 8/96/42 12/100/46 11/99/45
f 8/96/42 9/97/43 12/100/46
f 11/99/45 12/100/46 13/101/47
f 11/99/45 15/103/49 14/102/48
f 11/99/45 13/101/47 15/103/49
f 16/104/50 18/106/52 17/105/51
f 16/104/50 19/107/53 18/106/52
f 17/105/51 18/106/52 20/108/54
f 17/105/51 22/110/56 21/109/55
f 17/105/51 20/108/54 22/110/56
f 23/111/57 25/113/59 24/112/58
f 23/111/57 26/114/60 25/113/59
f 26/114/60 27/115/61 25/113/59
f 26/114/60 28/116/62 27/115/61
f 29/117/63 31/119/65 30/118/64
f 29/117/63 32/120/66 31/119/65
f 32/120/66 33/121/67 31/119/65
f 32/120/66 34/122/68 33/121/67
f 34/122/68 35/123/69 33/121/67
f 34/122/68 36/124/70 35/123/69
f 34/122/68 37/125/71 36/124/70
f 38/126/72 40/128/74 39/127/73
f 38/126/72 41/129/75 40/128/74
f 41/129/75 42/130/76 40/128/74
f 41/129/75 43/131/77 42/130/76
f 41/129/75 44/132/78 43/131/77
f 45/133/79 48/135/37 47/134/36
f 45/133/79 46/136/38 48/135/37
f 47/134/36 50/138/40 49/137/39
f 47/134/36 48/135/37 50/138/40
f 51/139/41 53/141/81 52/140/80
f 51/139/41 54/142/44 53/141/81
f 52/140/80 56/144/46 55/143/82
f 52/140/80 53/141/81 56/144/46
f 55/143/82 56/144/46 57/145/47
f 55/143/82 59/147/84 58/146/83
f 55/143/82 57/145/47 59/147/84
f 60/148/50 62/150/52 61/149/85
f 60/148/50 63/151/53 62/150/52
f 61/149/85 62/150/52 64/152/54
f 61/149/85 66/154/87 65/153/86
f 61/149/85 64/152/54 66/154/87
f 67/155/57 69/157/59 68/156/88
f 67/155/57 70/158/60 69/157/59
f 70/158/60 71/159/61 69/157/59
f 70/158/60 72/160/62 71/159/61
f 73/161/89 75/163/90 74/162/64
f 73/161/89 76/164/91 75/163/90
f 76/164/91 77/165/67 75/163/90
f 76/164/91 78/166/68 77/165/67
f 78/166/68 79/167/69 77/165/67
f 78/166/68 80/168/70 79/167/69
f 78/166/68 81/169/71 80/168/70
f 82/170/72 84/172/74 83/171/73
f 82/170/72 85/173/75 84/172/74
f 85/173/75 86/174/76 84/172/74
f 85/173/75 87/175/92 86/174/76
f 85/173/75 88/176/93 87/175/92
f 89/177/94 92/179/37 91/178/36
f 89/177/94 90/180/95 92/179/37
f 91/178/36 94/182/40 93/181/39
f 91/178/36 92/179/37 94/182/40
f 95/183/41 97/185/81 96/184/96
f 95/183/41 98/186/44 97/185/81
f 96/184/96 100/188/46 99/187/97
f 96/184/96 97/185/81 100/188/46
f 99/187/97 100/188/46 101/189/47
f 99/187/97 103/191/84 102/190/83
f 99/187/97 101/189/47 103/191/84
f 104/192/50 106/194/98 105/193/85
f 104/192/50 107/195/53 106/194/98
f 105/193/85 106/194/98 108/196/54
f 105/193/85 110/198/56 109/197/86
f 105/193/85 108/196/54 110/198/56
f 111/199/57 113/201/59 112/200/58
f 111/199/57 114/202/60 113/201/59
f 114/202/60 115/203/61 113/201/59
f 114/202/60 116/204/62 115/203/61
f 117/205/63 119/207/65 118/206/64
f 117/205/63 120/208/99 119/207/65
f 120/208/99 121/209/67 119/207/65
f 120/208/99 122/210/68 121/209/67
f 122/210/68 123/211/69 121/209/67
f 122/210/68 124/212/100 123/211/69
f 122/210/68 125/213/101 124/212/100
f 126/214/72 128/216/102 127/215/73
f 126/214/72 129/217/75 128/216/102
f 129/217/75 130/218/76 128/216/102
f 129/217/75 131/219/92 130/218/76
f 129/217/75 132/220/93 131/219/92
f 133/221/94 136/223/37 135/222/36
f 133/221/94 134/224/103 136/223/37
f 135/222/36 138/226/40 137/225/39
f 135/222/36 136/223/37 138/226/40
f 139/227/41 141/229/105 140/228/104
f 139/227/41 142/230/44 141/229/105
f 140/228/104 144/232/46 143/231/82
f 140/228/104 141/229/105 144/232/46
f 143/231/82 144/232/46 145/233/106
f 143/231/82 147/235/84 146/234/107
f 143/231/82 145/233/106 147/235/84
f 148/236/50 150/238/98 149/237/85
f 148/236/50 151/239/53 150/238/98
f 149/237/85 150/238/98 152/240/54
f 149/237/85 154/242/87 153/241/86
f 149/237/85 152/240/54 154/242/87
f 155/243/57 157/245/108 156/244/88
f 155/243/57 158/246/60 157/245/108
f 158/246/60 159/247/61 157/245/108
f 158/246/60 160/248/62 159/247/61
f 161/249/63 163/251/65 162/250/64
f 161/249/63 164/252/91 163/251/65
f 164/252/91 165/253/67 163/251/65
f 164/252/91 166/254/109 165/253/67
f 166/254/109 167/255/110 165/253/67
f 166/254/109 168/256/70 167/255/110
f 166/254/109 169/257/71 168/256/70
f 170/258/72 172/260/74 171/259/73
f 170/258/72 173/261/75 172/260/74
f 173/261/75 174/262/76 172/260/74
f 173/261/75 175/263/92 174/262/76
f 173/261/75 176/264/93 175/263/92
f 178/265/111 180/267/113 179/266/112
f 178/265/111 177/268/114 180/267/113
f 179/266/112 180/267/113 181/269/115
f 179/266/112 183/271/117 182/270/116
f 179/266/112 181/269/115 183/271/117
f 182/270/116 183/271/117 184/272/118
f 182/270/116 184/272/118 185/273/119
f 186/274/120 188/276/122 187/275/121
f 186/274/120 189/277/123 188/276/122
f 192/278/124 191/280/126 193/279/125
f 192/278/124 190/281/127 191/280/126
f 194/282/128 196/284/130 195/283/129
f 194/282/128 195/283/129 197/285/131
f 198/286/132 197/285/131 199/287/133
f 198/286/132 194/282/128 197/285/131
f 198/286/132 199/287/133 200/288/134
f 201/289/135 200/288/134 202/290/136
f 201/289/135 198/286/132 200/288/134
f 204/291/111 206/293/137 205/292/112
f 204/291/111 203/294/114 206/293/137
f 205/292/112 206/293/137 207/295/138
f 205/292/112 209/297/117 208/296/116
f 205/292/112 207/295/138 209/297/117
f 208/296/116 209/297/117 210/298/118
f 208/296/116 210/298/118 211/299/119
f 212/300/120 214/302/122 213/301/121
f 212/300/120 215/303/123 214/302/122
f 218/304/124 217/306/126 219/305/125
f 218/304/124 216/307/127 217/306/126
f 220/308/128 222/310/130 221/309/129
f 220/308/128 221/309/129 223/311/131
f 224/312/132 223/311/131 225/313/133
f 224/312/132 220/308/128 223/311/131
f 224/312/132 225/313/133 226/314/134
f 227/315/135 226/314/134 228/316/139
f 227/315/135 224/312/132 226/314/134
f 230/317/111 232/319/113 231/318/140
f 230/317/111 229/320/141 232/319/113
f 231/318/140 232/319/113 233/321/138
f 231/318/140 235/323/117 234/322/116
f 231/318/140 233/321/138 235/323/117
f 234/322/116 235/323/117 236/324/118
f 234/322/116 236/324/118 237/325/119
f 238/326/142 240/328/122 239/327/121
f 238/326/142 241/329/123 240/328/122
f 244/330/124 243/332/126 245/331/125
f 244/330/124 242/333/127 243/332/126
f 246/334/128 248/336/130 247/335/129
f 246/334/128 247/335/129 249/337/131
f 250/338/143 249/337/131 251/339/133
f 250/338/143 246/334/128 249/337/131
f 250/338/143 251/339/133 252/340/144
f 253/341/145 252/340/144 254/342/146
f 253/341/145 250/338/143 252/340/144
f 256/343/147 258/345/113 257/344/112
f 256/343/147 255/346/148 258/345/113
f 257/344/112 258/345/113 259/347/138
f 257/344/112 261/349/117 260/348/116
f 257/344/112 259/347/138 261/349/117
f 260/348/116 261/349/117 262/350/118
f 260/348/116 262/350/118 263/351/119
f 264/352/120 266/354/122 265/353/121
f 264/352/120 267/355/123 266/354/122
f 270/356/124 269/358/126 271/357/125
f 270/356/124 268/359/127 269/358/126
f 272/360/128 274/362/130 273/361/129
f 272/360/128 273/361/129 275/363/131
f 276/364/132 275/363/131 277/365/133
f 276/364/132 272/360/128 275/363/131
f 276/364/132 277/365/133 278/366/149
f 279/367/135 278/366/149 280/368/136
f 279/367/135 276/364/132 278/366/149
f 282/369/150 283/371/152 281/370/151
f 282/369/150 284/372/153 283/371/152
f 284/372/153 285/373/154 283/371/152
f 284/372/153 286/374/155 285/373/154
f 284/372/153 287/375/156 286/374/155
f 287/375/156 288/376/157 286/374/155
f 287/375/156 289/377/158 288/376/157
f 290/378/159 292/380/161 291/379/160
f 290/378/159 293/381/162 292/380/161
f 296/382/163 295/384/165 294/383/164
f 296/382/163 297/385/166 295/384/165
f 298/386/167 300/388/169 299/387/168
f 298/386/167 301/389/170 300/388/169
f 302/390/171 301/389/170 298/386/167
f 302/390/171 303/391/172 301/389/170
f 302/390/171 304/392/173 303/391/172
f 305/393/174 304/392/173 302/390/171
f 305/393/174 306/394/175 304/392/173
f 308/395/150 309/397/176 307/396/151
f 308/395/150 310/398/153 309/397/176
f 310/398/153 311/399/177 309/397/176
f 310/398/153 312/400/155 311/399/177
f 310/398/153 313/401/156 312/400/155
f 313/401/156 314/402/157 312/400/155
f 313/401/156 315/403/158 314/402/157
f 316/404/159 318/406/161 317/405/160
f 316/404/159 319/407/162 318/406/161
f 322/408/163 321/410/165 320/409/164
f 322/408/163 323/411/166 321/410/165
f 324/412/167 326/414/169 325/413/168
f 324/412/167 327/415/170 326/414/169
f 328/416/171 327/415/170 324/412/167
f 328/416/171 329/417/172 327/415/170
f 328/416/171 330/418/173 329/417/172
f 331/419/178 330/418/173 328/416/171
f 331/419/178 332/420/179 330/418/173
f 334/421/150 335/423/152 333/422/151
f 334/421/150 336/424/153 335/423/152
f 336/424/153 337/425/177 335/423/152
f 336/424/153 338/426/155 337/425/177
f 336/424/153 339/427/156 338/426/155
f 339/427/156 340/428/157 338/426/155
f 339/427/156 341/429/158 340/428/157
f 342/430/159 344/432/161 343/431/160
f 342/430/159 345/433/162 344/432/161
f 348/434/180 347/436/165 346/435/164
f 348/434/180 349/437/166 347/436/165
f 350/438/167 352/440/169 351/439/168
f 350/438/167 353/441/181 352/440/169
f 354/442/182 353/441/181 350/438/167
f 354/442/182 355/443/172 353/441/181
f 354/442/182 356/444/183 355/443/172
f 357/445/174 356/444/183 354/442/182
f 357/445/174 358/446/184 356/444/183
f 360/447/185 361/449/187 359/448/186
f 360/447/185 362/450/188 361/449/187
f 362/450/188 363/451/177 361/449/187
f 362/450/188 364/452/155 363/451/177
f 362/450/188 365/453/156 364/452/155
f 365/453/156 366/454/157 364/452/155
f 365/453/156 367/455/158 366/454/157
f 368/456/189 370/458/161 369/457/160
f 368/456/189 371/459/162 370/458/161
f 374/460/180 373/462/165 372/461/164
f 374/460/180 375/463/166 373/462/165
f 376/464/167 378/466/169 377/465/168
f 376/464/167 379/467/170 378/466/169
f 380/468/182 379/467/170 376/464/167
f 380/468/182 381/469/172 379/467/170
f 380/468/182 382/470/190 381/469/172
f 383/471/174 382/470/190 380/468/182
f 383/471/174 384/472/184 382/470/190
f 385/473/191 387/475/193 386/474/192
f 388/476/194 386/474/192 387/475/193
f 389/477/195 391/479/197 390/478/196
f 389/477/195 392/480/198 391/479/197
f 393/481/199 389/477/195 390/478/196
f 394/482/200 393/481/199 390/478/196
f 395/483/201 394/482/200 390/478/196
f 396/484/202 395/483/201 390/478/196
f 397/473/203 399/486/205 398/485/204
f 398/485/204 399/486/205 400/487/206
f 401/488/207 403/490/209 402/489/208
f 401/488/207 404/491/210 403/490/209
f 402/489/208 403/490/209 405/492/211
f 402/489/208 405/492/211 406/493/212
f 402/489/208 406/493/212 407/494/213
f 402/489/208 407/494/213 408/495/214
f 410/496/215 411/498/217 409/497/216
f 410/496/215 412/499/218 411/498/217
f 410/496/215 413/500/219 412/499/218
f 410/496/215 414/501/220 413/500/219
f 415/502/221 414/501/220 410/496/215
f 415/502/221 416/503/222 414/501/220
f 417/504/223 419/506/225 418/505/224
f 420/507/226 419/506/225 417/504/223
f 421/507/227 423/509/229 422/508/228
f 423/509/229 424/510/230 422/508/228
f 425/511/231 427/513/233 426/512/232
f 425/511/231 428/514/234 427/513/233
f 428/514/234 429/515/235 427/513/233
f 428/514/234 430/516/236 429/515/235
f 428/514/234 431/517/237 430/516/236
f 428/514/234 432/518/238 431/517/237
f 433/519/239 435/521/241 434/520/240
f 436/522/242 433/519/239 434/520/240
f 437/523/243 436/522/242 434/520/240
f 438/524/244 434/520/240 439/525/245
f 438/524/244 437/523/243 434/520/240
f 440/526/246 438/524/244 439/525/245
f 441/527/247 440/526/246 439/525/245
f 442/528/248 444/530/250 443/529/249
f 442/528/248 445/531/251 444/530/250
f 446/532/252 448/534/254 447/533/253
f 448/534/254 449/535/255 447/533/253
f 450/536/256 452/538/258 451/537/257
f 450/536/256 453/539/259 452/538/258
f 453/539/259 454/540/260 452/538/258
f 453/539/259 455/541/261 454/540/260
f 453/539/259 456/542/262 455/541/261
f 453/539/259 457/543/263 456/542/262
f 460/544/264 459/546/266 461/545/265
f 460/544/264 458/547/267 459/546/266
f 462/548/268 460/544/264 461/545/265
f 463/549/269 465/551/271 464/550/270
f 467/552/272 460/544/264 462/548/268
f 3438/553/273 3484/555/275 468/554/274
f 3484/555/275 3437/556/276 468/554/274
f 471/557/277 469/559/279 470/558/278
f 472/560/280 474/562/282 473/561/281
f 475/563/283 477/565/285 476/564/284
f 475/563/283 478/566/286 477/565/285
f 475/563/283 476/564/284 479/567/287
f 480/568/288 475/563/283 479/567/287
f 481/569/289 474/562/282 472/560/280
f 482/570/290 469/559/279 471/557/277
f 493/571/291 480/568/288 479/567/287
f 486/572/292 483/574/294 484/573/293
f 487/575/295 489/577/297 488/576/296
f 490/578/298 492/580/300 491/579/299
f 479/567/287 494/581/301 493/571/291
f 494/581/301 490/578/298 493/571/291
f 494/581/301 492/580/300 490/578/298
f 495/582/302 489/577/297 487/575/295
f 496/583/303 483/574/294 486/572/292
f 496/583/303 485/584/304 483/574/294
f 499/585/305 498/587/307 500/586/306
f 499/585/305 497/588/308 498/587/307
f 501/589/309 499/585/305 500/586/306
f 502/590/310 500/586/306 503/591/311
f 502/590/310 501/589/309 500/586/306
f 504/592/312 506/594/314 505/593/313
f 504/592/312 507/595/315 506/594/314
f 508/596/316 505/593/313 509/597/317
f 508/596/316 504/592/312 505/593/313
f 504/592/312 510/598/318 507/595/315
f 504/592/312 511/599/319 510/598/318
f 512/600/320 499/585/305 501/589/309
f 513/601/321 508/596/316 509/597/317
f 517/602/322 514/604/324 515/603/323
f 519/605/325 521/607/327 520/606/326
f 509/597/317 519/605/325 513/601/321
f 509/597/317 522/608/328 519/605/325
f 522/608/328 521/607/327 519/605/325
f 523/609/329 517/602/322 518/610/330
f 523/609/329 524/611/331 517/602/322
f 524/611/331 525/612/332 517/602/322
f 525/612/332 514/604/324 517/602/322
f 525/612/332 516/613/333 514/604/324
f 526/614/334 528/616/336 527/615/335
f 527/615/335 528/616/336 529/617/337
f 527/615/335 529/617/337 530/618/338
f 527/615/335 532/620/340 531/619/339
f 527/615/335 530/618/338 532/620/340
f 533/1/1 535/621/341 534/3/3
f 539/622/342 538/5/5 540/623/343
f 539/622/342 537/4/4 538/5/5
f 541/624/344 543/626/346 542/625/345
f 541/624/344 544/627/347 543/626/346
f 541/624/344 542/625/345 545/628/348
f 541/624/344 545/628/348 546/629/349
f 547/630/350 541/624/344 546/629/349
f 548/631/334 550/633/352 549/632/351
f 549/632/351 550/633/352 551/634/337
f 549/632/351 551/634/337 552/635/353
f 549/632/351 554/637/340 553/636/339
f 549/632/351 552/635/353 554/637/340
f 555/6/1 557/638/341 556/8/3
f 561/639/342 560/10/5 562/640/343
f 561/639/342 559/9/4 560/10/5
f 563/641/344 565/643/346 564/642/354
f 563/641/344 566/644/347 565/643/346
f 563/641/344 564/642/354 567/645/348
f 563/641/344 567/645/348 568/646/355
f 569/647/350 563/641/344 568/646/355
f 570/648/356 572/650/358 571/649/357
f 571/649/357 572/650/358 573/651/337
f 571/649/357 573/651/337 574/652/359
f 571/649/357 576/654/340 575/653/339
f 571/649/357 574/652/359 576/654/340
f 577/11/1 579/655/341 578/13/3
f 583/656/342 582/15/5 584/657/343
f 583/656/342 581/14/4 582/15/5
f 585/658/360 587/660/346 586/659/354
f 585/658/360 588/661/347 587/660/346
f 585/658/360 586/659/354 589/662/361
f 585/658/360 589/662/361 590/663/355
f 591/664/362 585/658/360 590/663/355
f 592/665/334 594/667/358 593/666/357
f 593/666/357 594/667/358 595/668/363
f 593/666/357 595/668/363 596/669/364
f 593/666/357 598/671/340 597/670/339
f 593/666/357 596/669/364 598/671/340
f 599/16/1 601/672/341 600/18/3
f 605/673/342 604/20/5 606/674/343
f 605/673/342 603/19/4 604/20/5
f 607/675/365 609/677/346 608/676/354
f 607/675/365 610/678/347 609/677/346
f 607/675/365 608/676/354 611/679/366
f 607/675/365 611/679/366 612/680/355
f 613/681/367 607/675/365 612/680/355
f 3340/682/368 614/21/6 3382/683/369
f 3340/682/368 3413/23/8 614/21/6
f 3369/26/11 3485/684/370 616/25/10
f 3341/685/368 617/28/6 3383/686/369
f 3341/685/368 3414/30/8 617/28/6
f 3371/33/13 3502/688/372 620/687/371
f 3342/689/373 621/691/375 3384/690/374
f 3342/689/373 3415/692/376 621/691/375
f 3486/693/377 622/695/379 3447/694/378
f 3486/693/377 3503/696/380 622/695/379
f 623/697/381 3344/699/382 3343/698/368
f 3343/698/368 3416/37/8 624/35/6
f 3373/40/14 3504/701/372 627/700/371
f 3345/702/383 628/704/384 3385/703/374
f 3345/702/383 3417/705/376 628/704/384
f 3487/706/385 629/708/379 3448/707/378
f 3487/706/385 3505/709/380 629/708/379
f 630/710/381 3347/712/382 3346/711/368
f 3346/711/368 3418/44/8 631/42/6
f 3375/47/17 3506/714/372 634/713/371
f 3348/715/386 635/717/384 3386/716/374
f 3348/715/386 3349/719/388 636/718/387
f 3349/719/388 3488/720/389 636/718/387
f 637/721/390 640/723/392 639/722/391
f 637/721/390 638/724/393 640/723/392
f 641/725/394 643/727/396 642/726/395
f 641/725/394 644/728/397 643/727/396
f 642/726/395 643/727/396 645/729/398
f 642/726/395 645/729/398 646/730/399
f 649/731/400 651/733/402 650/732/401
f 649/731/400 652/734/403 651/733/402
f 653/735/404 655/737/406 654/736/405
f 653/735/404 656/738/407 655/737/406
f 656/738/407 648/739/408 655/737/406
f 656/738/407 647/740/409 648/739/408
f 657/741/390 660/743/410 659/742/391
f 657/741/390 658/744/393 660/743/410
f 661/745/394 663/747/411 662/746/395
f 661/745/394 664/748/397 663/747/411
f 662/746/395 663/747/411 665/749/398
f 662/746/395 665/749/398 666/750/399
f 669/751/400 671/753/402 670/752/401
f 669/751/400 672/754/403 671/753/402
f 673/755/404 675/757/406 674/756/405
f 673/755/404 676/758/407 675/757/406
f 676/758/407 668/759/408 675/757/406
f 676/758/407 667/760/409 668/759/408
f 677/761/390 680/763/410 679/762/391
f 677/761/390 678/764/393 680/763/410
f 681/765/394 683/767/411 682/766/412
f 681/765/394 684/768/397 683/767/411
f 682/766/412 683/767/411 685/769/398
f 682/766/412 685/769/398 686/770/399
f 689/771/400 691/773/413 690/772/401
f 689/771/400 692/774/414 691/773/413
f 693/775/404 695/777/415 694/776/405
f 693/775/404 696/778/407 695/777/415
f 696/778/407 688/779/416 695/777/415
f 696/778/407 687/780/409 688/779/416
f 697/781/390 700/783/410 699/782/417
f 697/781/390 698/784/418 700/783/410
f 701/785/394 703/787/411 702/786/395
f 701/785/394 704/788/397 703/787/411
f 702/786/395 703/787/411 705/789/398
f 702/786/395 705/789/398 706/790/399
f 709/791/400 711/793/402 710/792/401
f 709/791/400 712/794/419 711/793/402
f 713/795/404 715/797/406 714/796/405
f 713/795/404 716/798/407 715/797/406
f 716/798/407 708/799/408 715/797/406
f 716/798/407 707/800/409 708/799/408
f 3387/801/420 717/803/422 3350/802/421
f 3387/801/420 3439/805/423 718/804/423
f 3388/806/424 3531/808/426 720/807/425
f 719/809/427 3507/810/428 3388/806/424
f 3449/811/429 721/813/431 3508/812/430
f 721/813/431 723/815/423 722/814/422
f 3389/816/424 3532/818/426 725/817/425
f 724/819/427 3509/820/428 3389/816/424
f 3450/821/432 726/823/434 3489/822/433
f 3450/821/432 3451/825/436 727/824/435
f 727/824/435 728/826/422 726/823/434
f 727/824/435 729/827/423 728/826/422
f 3419/828/437 3440/830/439 732/829/438
f 732/829/438 731/832/440 730/831/427
f 3534/833/441 733/835/443 3510/834/442
f 3534/833/441 3535/837/445 734/836/444
f 735/838/446 737/840/434 736/839/447
f 735/838/446 738/841/431 737/840/434
f 738/841/431 739/842/422 737/840/434
f 738/841/431 740/843/423 739/842/422
f 743/844/448 3421/846/437 3420/845/449
f 3420/845/449 3452/848/451 744/847/450
f 743/844/448 744/847/450 742/849/425
f 743/844/448 742/849/425 741/850/427
f 745/851/452 748/853/454 747/852/453
f 745/851/452 746/854/455 748/853/454
f 747/852/453 748/853/454 749/855/456
f 749/855/456 751/93/458 750/94/457
f 749/855/456 748/853/454 751/93/458
f 752/98/459 754/857/461 753/856/460
f 753/856/460 754/857/461 755/858/462
f 753/856/460 755/858/462 756/100/463
f 756/100/463 758/860/465 757/859/464
f 756/100/463 755/858/462 758/860/465
f 757/859/464 760/862/467 759/861/466
f 757/859/464 758/860/465 760/862/467
f 761/107/468 763/864/470 762/863/469
f 761/107/468 764/104/471 763/864/470
f 762/863/469 766/866/473 765/865/472
f 762/863/469 763/864/470 766/866/473
f 769/867/474 768/869/476 770/868/475
f 769/867/474 767/870/477 768/869/476
f 769/867/474 770/868/475 771/871/478
f 772/116/479 771/871/478 773/115/480
f 772/116/479 769/867/474 771/871/478
f 774/872/481 776/118/483 775/873/482
f 777/874/484 774/872/481 775/873/482
f 777/874/484 775/873/482 778/121/485
f 779/875/486 778/121/485 780/876/487
f 779/875/486 777/874/484 778/121/485
f 781/877/488 780/876/487 782/878/489
f 781/877/488 779/875/486 780/876/487
f 783/879/490 785/127/492 784/880/491
f 783/879/490 786/126/493 785/127/492
f 787/881/494 784/880/491 788/882/495
f 787/881/494 783/879/490 784/880/491
f 789/883/452 792/885/496 791/884/453
f 789/883/452 790/886/497 792/885/496
f 791/884/453 792/885/496 793/887/498
f 793/887/498 795/137/458 794/138/457
f 793/887/498 792/885/496 795/137/458
f 796/142/459 798/889/499 797/888/460
f 797/888/460 798/889/499 799/890/462
f 797/888/460 799/890/462 800/144/463
f 800/144/463 802/892/501 801/891/500
f 800/144/463 799/890/462 802/892/501
f 801/891/500 804/894/467 803/893/466
f 801/891/500 802/892/501 804/894/467
f 805/151/468 807/896/503 806/895/502
f 805/151/468 808/148/471 807/896/503
f 806/895/502 810/898/504 809/897/472
f 806/895/502 807/896/503 810/898/504
f 813/899/505 812/901/476 814/900/475
f 813/899/505 811/902/477 812/901/476
f 813/899/505 814/900/475 815/903/506
f 816/160/479 815/903/506 817/159/480
f 816/160/479 813/899/505 815/903/506
f 818/904/507 820/162/509 819/905/508
f 821/906/510 818/904/507 819/905/508
f 821/906/510 819/905/508 822/165/511
f 823/907/512 822/165/511 824/908/513
f 823/907/512 821/906/510 822/165/511
f 825/909/488 824/908/513 826/910/489
f 825/909/488 823/907/512 824/908/513
f 827/911/490 829/171/492 828/912/514
f 827/911/490 830/170/493 829/171/492
f 831/913/494 828/912/514 832/914/515
f 831/913/494 827/911/490 828/912/514
f 833/915/452 836/917/516 835/916/453
f 833/915/452 834/918/497 836/917/516
f 835/916/453 836/917/516 837/919/517
f 837/919/517 839/181/458 838/182/457
f 837/919/517 836/917/516 839/181/458
f 840/186/518 842/921/520 841/920/519
f 841/920/519 842/921/520 843/922/521
f 841/920/519 843/922/521 844/188/522
f 844/188/522 846/924/523 845/923/464
f 844/188/522 843/922/521 846/924/523
f 845/923/464 848/926/467 847/925/466
f 845/923/464 846/924/523 848/926/467
f 849/195/468 851/928/503 850/927/469
f 849/195/468 852/192/471 851/928/503
f 850/927/469 854/930/524 853/929/472
f 850/927/469 851/928/503 854/930/524
f 857/931/505 856/933/476 858/932/475
f 857/931/505 855/934/525 856/933/476
f 857/931/505 858/932/475 859/935/526
f 860/204/479 859/935/526 861/203/480
f 860/204/479 857/931/505 859/935/526
f 862/936/527 864/206/509 863/937/528
f 865/938/510 862/936/527 863/937/528
f 865/938/510 863/937/528 866/209/511
f 867/939/529 866/209/511 868/940/513
f 867/939/529 865/938/510 866/209/511
f 869/941/488 868/940/513 870/942/489
f 869/941/488 867/939/529 868/940/513
f 871/943/530 873/215/492 872/944/491
f 871/943/530 874/214/493 873/215/492
f 875/945/531 872/944/491 876/946/532
f 875/945/531 871/943/530 872/944/491
f 877/947/452 880/949/516 879/948/453
f 877/947/452 878/950/455 880/949/516
f 879/948/453 880/949/516 881/951/517
f 881/951/517 883/225/458 882/226/457
f 881/951/517 880/949/516 883/225/458
f 884/230/459 886/953/461 885/952/533
f 885/952/533 886/953/461 887/954/534
f 885/952/533 887/954/534 888/232/463
f 888/232/463 890/956/535 889/955/500
f 888/232/463 887/954/534 890/956/535
f 889/955/500 892/958/467 891/957/466
f 889/955/500 890/956/535 892/958/467
f 893/239/468 895/960/503 894/959/469
f 893/239/468 896/236/471 895/960/503
f 894/959/469 898/962/473 897/961/536
f 894/959/469 895/960/503 898/962/473
f 901/963/537 900/965/476 902/964/475
f 901/963/537 899/966/477 900/965/476
f 901/963/537 902/964/475 903/967/478
f 904/248/479 903/967/478 905/247/480
f 904/248/479 901/963/537 903/967/478
f 906/968/507 908/250/538 907/969/528
f 909/970/510 906/968/507 907/969/528
f 909/970/510 907/969/528 910/253/511
f 911/971/512 910/253/511 912/972/487
f 911/971/512 909/970/510 910/253/511
f 913/973/488 912/972/487 914/974/489
f 913/973/488 911/971/512 912/972/487
f 915/975/490 917/259/492 916/976/539
f 915/975/490 918/258/493 917/259/492
f 919/977/531 916/976/539 920/978/495
f 919/977/531 915/975/490 916/976/539
f 921/979/540 923/981/542 922/980/541
f 922/980/541 925/982/544 924/267/543
f 922/980/541 923/981/542 925/982/544
f 924/267/543 925/982/544 926/269/545
f 926/269/545 925/982/544 927/271/546
f 927/271/546 925/982/544 928/272/547
f 928/272/547 930/983/549 929/273/548
f 928/272/547 925/982/544 930/983/549
f 931/277/550 933/985/552 932/984/551
f 932/984/551 933/985/552 934/986/553
f 935/986/554 937/988/556 936/987/555
f 937/988/556 938/279/557 936/987/555
f 939/989/558 941/283/560 940/284/559
f 939/989/558 942/990/561 941/283/560
f 942/990/561 943/285/562 941/283/560
f 942/990/561 944/287/563 943/285/562
f 942/990/561 945/288/564 944/287/563
f 942/990/561 946/991/565 945/288/564
f 942/990/561 947/992/566 946/991/565
f 947/992/566 948/993/567 946/991/565
f 949/994/540 951/996/542 950/995/541
f 950/995/541 953/997/544 952/293/543
f 950/995/541 951/996/542 953/997/544
f 952/293/543 953/997/544 954/295/545
f 954/295/545 953/997/544 955/297/546
f 955/297/546 953/997/544 956/298/547
f 956/298/547 958/998/549 957/299/548
f 956/298/547 953/997/544 958/998/549
f 959/303/550 961/1000/552 960/999/568
f 960/999/568 961/1000/552 962/1001/569
f 963/1001/570 965/1003/556 964/1002/571
f 965/1003/556 966/305/572 964/1002/571
f 967/1004/573 969/309/560 968/310/559
f 967/1004/573 970/1005/561 969/309/560
f 970/1005/561 971/311/562 969/309/560
f 970/1005/561 972/313/563 971/311/562
f 970/1005/561 973/314/564 972/313/563
f 970/1005/561 974/1006/574 973/314/564
f 970/1005/561 975/1007/566 974/1006/574
f 975/1007/566 976/1008/567 974/1006/574
f 977/1009/575 979/1011/542 978/1010/541
f 978/1010/541 981/1012/544 980/319/543
f 978/1010/541 979/1011/542 981/1012/544
f 980/319/543 981/1012/544 982/321/545
f 982/321/545 981/1012/544 983/323/546
f 983/323/546 981/1012/544 984/324/547
f 984/324/547 986/1013/549 985/325/548
f 984/324/547 981/1012/544 986/1013/549
f 987/329/550 989/1015/552 988/1014/551
f 988/1014/551 989/1015/552 990/1016/576
f 991/1016/577 993/1018/556 992/1017/571
f 993/1018/556 994/331/572 992/1017/571
f 995/1019/573 997/335/560 996/336/559
f 995/1019/573 998/1020/561 997/335/560
f 998/1020/561 999/337/578 997/335/560
f 998/1020/561 1000/339/563 999/337/578
f 998/1020/561 1001/340/564 1000/339/563
f 998/1020/561 1002/1021/565 1001/340/564
f 998/1020/561 1003/1022/566 1002/1021/565
f 1003/1022/566 1004/1023/579 1002/1021/565
f 1005/1024/575 1007/1026/542 1006/1025/580
f 1006/1025/580 1009/1027/581 1008/345/543
f 1006/1025/580 1007/1026/542 1009/1027/581
f 1008/345/543 1009/1027/581 1010/347/545
f 1010/347/545 1009/1027/581 1011/349/582
f 1011/349/582 1009/1027/581 1012/350/547
f 1012/350/547 1014/1028/549 1013/351/548
f 1012/350/547 1009/1027/581 1014/1028/549
f 1015/355/550 1017/1030/552 1016/1029/551
f 1016/1029/551 1017/1030/552 1018/1031/569
f 1019/1031/583 1021/1033/556 1020/1032/571
f 1021/1033/556 1022/357/557 1020/1032/571
f 1023/1034/573 1025/361/560 1024/362/559
f 1023/1034/573 1026/1035/561 1025/361/560
f 1026/1035/561 1027/363/584 1025/361/560
f 1026/1035/561 1028/365/563 1027/363/584
f 1026/1035/561 1029/366/585 1028/365/563
f 1026/1035/561 1030/1036/574 1029/366/585
f 1026/1035/561 1031/1037/566 1030/1036/574
f 1031/1037/566 1032/1038/567 1030/1036/574
f 1033/1039/586 1035/1041/588 1034/1040/587
f 1036/1042/589 1034/1040/587 1037/371/590
f 1036/1042/589 1033/1039/586 1034/1040/587
f 1036/1042/589 1037/371/590 1038/373/591
f 1036/1042/589 1038/373/591 1039/374/592
f 1036/1042/589 1039/374/592 1040/376/593
f 1041/1043/594 1040/376/593 1042/377/595
f 1041/1043/594 1036/1042/589 1040/376/593
f 1043/1044/596 1045/379/598 1044/1045/597
f 1046/1046/599 1043/1044/596 1044/1045/597
f 1047/1047/600 1049/1048/602 1048/1046/601
f 1050/385/603 1049/1048/602 1047/1047/600
f 1051/388/604 1053/1049/606 1052/387/605
f 1051/388/604 1054/1050/607 1053/1049/606
f 1055/389/608 1054/1050/607 1051/388/604
f 1056/391/609 1054/1050/607 1055/389/608
f 1057/392/610 1054/1050/607 1056/391/609
f 1058/1051/611 1054/1050/607 1057/392/610
f 1058/1051/611 1059/1052/612 1054/1050/607
f 1060/1053/613 1059/1052/612 1058/1051/611
f 1061/1054/586 1063/1056/614 1062/1055/587
f 1064/1057/589 1062/1055/587 1065/397/590
f 1064/1057/589 1061/1054/586 1062/1055/587
f 1064/1057/589 1065/397/590 1066/399/591
f 1064/1057/589 1066/399/591 1067/400/592
f 1064/1057/589 1067/400/592 1068/402/615
f 1069/1058/594 1068/402/615 1070/403/595
f 1069/1058/594 1064/1057/589 1068/402/615
f 1071/1059/596 1073/405/598 1072/1060/597
f 1074/1061/616 1071/1059/596 1072/1060/597
f 1075/1062/617 1077/1063/602 1076/1061/601
f 1078/411/618 1077/1063/602 1075/1062/617
f 1079/414/604 1081/1064/619 1080/413/605
f 1079/414/604 1082/1065/607 1081/1064/619
f 1083/415/608 1082/1065/607 1079/414/604
f 1084/417/620 1082/1065/607 1083/415/608
f 1085/418/621 1082/1065/607 1084/417/620
f 1086/1066/622 1082/1065/607 1085/418/621
f 1086/1066/622 1087/1067/612 1082/1065/607
f 1088/1068/613 1087/1067/612 1086/1066/622
f 1089/1069/586 1091/1071/588 1090/1070/587
f 1092/1072/589 1090/1070/587 1093/423/590
f 1092/1072/589 1089/1069/586 1090/1070/587
f 1092/1072/589 1093/423/590 1094/425/623
f 1092/1072/589 1094/425/623 1095/426/592
f 1092/1072/589 1095/426/592 1096/428/593
f 1097/1073/594 1096/428/593 1098/429/595
f 1097/1073/594 1092/1072/589 1096/428/593
f 1099/1074/596 1101/431/598 1100/1075/624
f 1102/1076/616 1099/1074/596 1100/1075/624
f 1103/1077/625 1105/1078/626 1104/1076/601
f 1106/437/618 1105/1078/626 1103/1077/625
f 1107/440/604 1109/1079/619 1108/439/605
f 1107/440/604 1110/1080/607 1109/1079/619
f 1111/441/608 1110/1080/607 1107/440/604
f 1112/443/620 1110/1080/607 1111/441/608
f 1113/444/610 1110/1080/607 1112/443/620
f 1114/1081/622 1110/1080/607 1113/444/610
f 1114/1081/622 1115/1082/627 1110/1080/607
f 1116/1083/613 1115/1082/627 1114/1081/622
f 1117/1084/586 1119/1086/588 1118/1085/628
f 1120/1087/629 1118/1085/628 1121/449/590
f 1120/1087/629 1117/1084/586 1118/1085/628
f 1120/1087/629 1121/449/590 1122/451/591
f 1120/1087/629 1122/451/591 1123/452/592
f 1120/1087/629 1123/452/592 1124/454/593
f 1125/1088/594 1124/454/593 1126/455/595
f 1125/1088/594 1120/1087/629 1124/454/593
f 1127/1089/596 1129/457/598 1128/1090/624
f 1130/1091/616 1127/1089/596 1128/1090/624
f 1131/1092/600 1133/1093/602 1132/1091/630
f 1134/463/618 1133/1093/602 1131/1092/600
f 1135/466/604 1137/1094/619 1136/465/605
f 1135/466/604 1138/1095/631 1137/1094/619
f 1139/467/608 1138/1095/631 1135/466/604
f 1140/469/620 1138/1095/631 1139/467/608
f 1141/470/621 1138/1095/631 1140/469/620
f 1142/1096/611 1138/1095/631 1141/470/621
f 1142/1096/611 1143/1097/612 1138/1095/631
f 1144/1098/613 1143/1097/612 1142/1096/611
f 1146/1099/632 1147/1101/634 1145/1100/633
f 1146/1099/632 1148/476/635 1147/1101/634
f 1149/480/636 1151/477/638 1150/1102/637
f 1151/477/638 1152/481/639 1150/1102/637
f 1152/481/639 1153/1103/640 1150/1102/637
f 1152/481/639 1154/482/641 1153/1103/640
f 1154/482/641 1155/483/642 1153/1103/640
f 1155/483/642 1156/1104/643 1153/1103/640
f 1156/1104/643 1157/1105/644 1153/1103/640
f 1158/1106/645 1161/1107/647 1160/487/646
f 1158/1106/645 1159/1108/648 1161/1107/647
f 1162/491/649 1164/1109/651 1163/490/650
f 1163/490/650 1164/1109/651 1165/492/652
f 1165/492/652 1167/1110/654 1166/493/653
f 1165/492/652 1164/1109/651 1167/1110/654
f 1166/493/653 1167/1110/654 1168/494/655
f 1168/494/655 1167/1110/654 1169/1111/656
f 1169/1111/656 1167/1110/654 1170/1112/657
f 1171/1113/658 1173/1115/660 1172/1114/659
f 1174/498/661 1173/1115/660 1171/1113/658
f 1175/499/662 1173/1115/660 1174/498/661
f 1176/500/663 1173/1115/660 1175/499/662
f 1176/500/663 1177/1116/664 1173/1115/660
f 1178/501/665 1177/1116/664 1176/500/663
f 1179/503/666 1177/1116/664 1178/501/665
f 1180/1117/667 1182/1118/669 1181/505/668
f 1180/1117/667 1183/1119/670 1182/1118/669
f 1186/1120/671 1185/1121/673 1187/510/672
f 1186/1120/671 1184/1122/674 1185/1121/673
f 1188/1123/675 1190/512/677 1189/513/676
f 1188/1123/675 1189/513/676 1191/515/678
f 1192/1124/679 1191/515/678 1193/516/680
f 1192/1124/679 1188/1123/675 1191/515/678
f 1192/1124/679 1193/516/680 1194/517/681
f 1192/1124/679 1194/517/681 1195/1125/682
f 1196/1126/683 1192/1124/679 1195/1125/682
f 1197/1127/684 1199/522/686 1198/1128/685
f 1199/522/686 1200/523/687 1198/1128/685
f 1200/523/687 1201/524/688 1198/1128/685
f 1201/524/688 1202/526/689 1198/1128/685
f 1202/526/689 1203/1129/690 1198/1128/685
f 1202/526/689 1204/527/691 1203/1129/690
f 1205/531/692 1207/1131/694 1206/1130/693
f 1208/532/695 1206/1130/693 1207/1131/694
f 1211/1132/696 1210/1133/698 1212/535/697
f 1211/1132/696 1209/1134/699 1210/1133/698
f 1213/1135/700 1215/537/702 1214/538/701
f 1213/1135/700 1214/538/701 1216/540/703
f 1217/1136/704 1216/540/703 1218/541/705
f 1217/1136/704 1213/1135/700 1216/540/703
f 1217/1136/704 1218/541/705 1219/542/706
f 1217/1136/704 1219/542/706 1220/1137/707
f 1221/1138/708 1217/1136/704 1220/1137/707
f 1222/1139/709 1224/1141/711 1223/1140/710
f 1224/1141/711 1225/1142/712 1223/1140/710
f 1224/1141/711 1226/1143/713 1225/1142/712
f 1226/1143/713 1227/1144/714 1225/1142/712
f 1226/1143/713 1228/1145/715 1227/1144/714
f 1226/1143/713 1229/1146/716 1228/1145/715
f 1233/1147/717 1231/1149/719 1230/1148/718
f 3453/1150/720 1234/1152/722 3441/1151/721
f 3453/1150/720 3513/1153/723 1234/1152/722
f 1235/1154/724 1237/1156/726 1236/1155/725
f 1237/1156/726 1238/1157/727 1236/1155/725
f 1237/1156/726 1239/1158/728 1238/1157/727
f 1240/1159/729 1242/1161/731 1241/1160/730
f 1243/1162/732 1245/1164/734 1244/1163/733
f 1245/1164/734 1246/1165/735 1244/1163/733
f 1246/1165/735 1258/1166/736 1244/1163/733
f 1247/1167/737 1245/1164/734 1243/1162/732
f 1248/1168/738 1242/1161/731 1240/1159/729
f 1246/1165/735 1249/1169/739 1258/1166/736
f 1250/1170/740 1252/1172/742 1251/1171/741
f 1253/1173/743 1255/1175/745 1254/1174/744
f 1258/1166/736 1249/1169/739 1257/1176/746
f 1259/1177/747 1258/1166/736 1257/1176/746
f 1260/1178/748 1257/1176/746 1256/1179/749
f 1260/1178/748 1259/1177/747 1257/1176/746
f 1261/1180/750 1255/1175/745 1253/1173/743
f 1262/1181/751 1252/1172/742 1250/1170/740
f 1263/1182/752 1262/1181/751 1250/1170/740
f 1264/1183/753 1266/1185/755 1265/1184/754
f 1266/1185/755 1267/1186/756 1265/1184/754
f 1266/1185/755 1268/1187/757 1267/1186/756
f 1268/1187/757 1269/1188/758 1267/1186/756
f 1268/1187/757 1270/589/759 1269/1188/758
f 1270/589/759 1271/591/760 1269/1188/758
f 1270/589/759 1272/590/761 1271/591/760
f 1273/595/762 1275/1189/764 1274/594/763
f 1273/595/762 1276/1190/765 1275/1189/764
f 1276/1190/765 1277/1191/766 1275/1189/764
f 1277/1191/766 1278/1192/767 1275/1189/764
f 1279/599/768 1273/595/762 1280/598/769
f 1279/599/768 1276/1190/765 1273/595/762
f 1268/1187/757 1281/600/770 1270/589/759
f 1277/1191/766 1282/1193/771 1278/1192/767
f 1284/1194/772 1286/1196/774 1285/1195/773
f 1289/1197/775 1282/1193/771 1288/1198/776
f 1289/1197/775 1278/1192/767 1282/1193/771
f 1290/1199/777 1288/1198/776 1287/1200/778
f 1290/1199/777 1289/1197/775 1288/1198/776
f 1291/611/779 1286/1196/774 1284/1194/772
f 1292/612/780 1291/611/779 1284/1194/772
f 1293/1201/781 1284/1194/772 1283/1202/782
f 1293/1201/781 1292/612/780 1284/1194/772
f 1294/1203/783 1296/1204/785 1295/617/784
f 1295/617/784 1296/1204/785 1297/1205/786
f 1297/1205/786 1296/1204/785 1298/1206/787
f 1298/1206/787 1300/619/789 1299/620/788
f 1298/1206/787 1296/1204/785 1300/619/789
f 1301/621/790 1303/51/20 1302/49/18
f 1307/54/23 1308/623/791 1306/53/22
f 1309/627/792 1311/1207/794 1310/626/793
f 1309/627/792 1312/1208/795 1311/1207/794
f 1312/1208/795 1313/1209/796 1311/1207/794
f 1312/1208/795 1314/628/797 1313/1209/796
f 1312/1208/795 1315/1210/798 1314/628/797
f 1316/1211/799 1318/1212/800 1317/634/784
f 1317/634/784 1318/1212/800 1319/1213/786
f 1319/1213/786 1318/1212/800 1320/1214/787
f 1320/1214/787 1322/636/789 1321/637/788
f 1320/1214/787 1318/1212/800 1322/636/789
f 1323/638/790 1325/57/24 1324/55/18
f 1329/60/23 1330/640/791 1328/59/22
f 1331/644/792 1333/1215/794 1332/643/793
f 1331/644/792 1334/1216/801 1333/1215/794
f 1334/1216/801 1335/1217/802 1333/1215/794
f 1334/1216/801 1336/645/797 1335/1217/802
f 1334/1216/801 1337/1218/798 1336/645/797
f 1338/1219/783 1340/1220/803 1339/651/784
f 1339/651/784 1340/1220/803 1341/1221/786
f 1341/1221/786 1340/1220/803 1342/1222/787
f 1342/1222/787 1344/653/789 1343/654/788
f 1342/1222/787 1340/1220/803 1344/653/789
f 1345/655/790 1347/63/24 1346/61/18
f 1351/66/23 1352/657/804 1350/65/22
f 1353/661/792 1355/1223/805 1354/660/793
f 1353/661/792 1356/1224/806 1355/1223/805
f 1356/1224/806 1357/1225/802 1355/1223/805
f 1356/1224/806 1358/662/797 1357/1225/802
f 1356/1224/806 1359/1226/798 1358/662/797
f 1360/1227/783 1362/1228/800 1361/668/784
f 1361/668/784 1362/1228/800 1363/1229/807
f 1363/1229/807 1362/1228/800 1364/1230/787
f 1364/1230/787 1366/670/789 1365/671/788
f 1364/1230/787 1362/1228/800 1366/670/789
f 1367/672/790 1369/69/24 1368/67/18
f 1373/72/26 1374/674/791 1372/71/25
f 1375/678/792 1377/1231/794 1376/677/793
f 1375/678/792 1378/1232/808 1377/1231/794
f 1378/1232/808 1379/1233/802 1377/1231/794
f 1378/1232/808 1380/679/797 1379/1233/802
f 1378/1232/808 1381/1234/798 1380/679/797
f 3454/75/29 3491/1235/809 1382/74/28
f 3353/1236/810 3480/1238/812 1384/1237/811
f 3455/79/33 3492/1239/813 1385/78/32
f 3456/1240/814 3493/1241/816 1389/691/815
f 3422/1242/817 3391/1243/819 1390/695/818
f 3458/83/33 3457/1244/821 1392/697/820
f 3459/1245/814 3494/1246/816 1396/704/815
f 3354/1247/822 3536/1249/824 1397/1248/823
f 3423/1250/817 3393/1251/825 1397/1248/823
f 3393/1251/825 3354/1247/822 1397/1248/823
f 3461/87/33 3460/1252/821 1400/710/826
f 3464/1253/827 3463/1255/829 1404/1254/828
f 1406/1256/830 1409/1258/832 1408/1257/831
f 1406/1256/830 1407/1259/833 1409/1258/832
f 1408/1257/831 1409/1258/832 1410/1260/834
f 1411/728/835 1413/1262/837 1412/1261/836
f 1411/728/835 1414/725/838 1413/1262/837
f 1412/1261/836 1413/1262/837 1415/1263/839
f 1416/1264/840 1423/1266/842 1417/1265/841
f 1420/1267/843 1419/1269/845 1421/1268/844
f 1420/1267/843 1418/1270/846 1419/1269/845
f 1420/1267/843 1421/1268/844 1422/1271/847
f 1423/1266/842 1425/736/849 1424/1272/848
f 1423/1266/842 1426/735/850 1425/736/849
f 1423/1266/842 1424/1272/848 1417/1265/841
f 1415/1263/839 1413/1262/837 1427/1273/851
f 1428/1274/830 1431/1276/832 1430/1275/852
f 1428/1274/830 1429/1277/853 1431/1276/832
f 1430/1275/852 1431/1276/832 1432/1278/834
f 1433/748/835 1435/1280/855 1434/1279/854
f 1433/748/835 1436/745/838 1435/1280/855
f 1434/1279/854 1435/1280/855 1437/1281/839
f 1438/1282/840 1445/1284/857 1439/1283/856
f 1442/1285/858 1441/1287/845 1443/1286/859
f 1442/1285/858 1440/1288/860 1441/1287/845
f 1442/1285/858 1443/1286/859 1444/1289/847
f 1445/1284/857 1447/756/849 1446/1290/861
f 1445/1284/857 1448/755/850 1447/756/849
f 1445/1284/857 1446/1290/861 1439/1283/856
f 1437/1281/839 1435/1280/855 1449/1291/851
f 1450/1292/830 1453/1294/832 1452/1293/831
f 1450/1292/830 1451/1295/833 1453/1294/832
f 1452/1293/831 1453/1294/832 1454/1296/834
f 1455/768/835 1457/1298/855 1456/1297/862
f 1455/768/835 1458/765/838 1457/1298/855
f 1456/1297/862 1457/1298/855 1459/1299/839
f 1460/1300/863 1467/1302/857 1461/1301/864
f 1464/1303/843 1463/1305/865 1465/1304/844
f 1464/1303/843 1462/1306/846 1463/1305/865
f 1464/1303/843 1465/1304/844 1466/1307/847
f 1467/1302/857 1469/776/849 1468/1308/861
f 1467/1302/857 1470/775/850 1469/776/849
f 1467/1302/857 1468/1308/861 1461/1301/864
f 1459/1299/839 1457/1298/855 1471/1309/866
f 1472/1310/830 1475/1312/832 1474/1311/867
f 1472/1310/830 1473/1313/868 1475/1312/832
f 1474/1311/867 1475/1312/832 1476/1314/834
f 1477/788/835 1479/1316/837 1478/1315/869
f 1477/788/835 1480/785/838 1479/1316/837
f 1478/1315/869 1479/1316/837 1481/1317/839
f 1482/1318/863 1489/1320/870 1483/1319/864
f 1486/1321/843 1485/1323/845 1487/1322/844
f 1486/1321/843 1484/1324/860 1485/1323/845
f 1486/1321/843 1487/1322/844 1488/1325/847
f 1489/1320/870 1491/796/849 1490/1326/871
f 1489/1320/870 1492/795/850 1491/796/849
f 1489/1320/870 1490/1326/871 1483/1319/864
f 1481/1317/839 1479/1316/837 1493/1327/872
f 3514/1328/873 3496/1330/875 1494/1329/874
f 3425/1331/876 3424/1333/878 1495/1332/877
f 3427/1334/876 3426/1336/878 1500/1335/877
f 1502/1337/879 1498/1339/880 1499/1338/874
f 1503/1340/881 1504/1342/883 1505/1341/882
f 1506/1343/877 1508/1345/885 1507/1344/884
f 3515/1346/886 1508/1345/885 3537/1347/887
f 3515/1346/886 3361/1348/888 1508/1345/885
f 1506/1343/877 3428/1349/876 3537/1347/887
f 1509/1350/879 1503/1340/881 1505/1341/882
f 3516/1351/889 3498/1353/891 1510/1352/890
f 1511/1354/880 1513/839/892 1512/1355/883
f 1511/1354/880 1514/838/893 1513/839/892
f 1511/1354/880 1512/1355/883 1515/1356/874
f 1516/1357/877 1519/1359/885 1517/1358/884
f 1518/1360/894 3518/1362/895 3517/1361/886
f 3517/1361/886 3362/1363/888 1519/1359/885
f 1518/1360/894 1519/1359/885 1516/1357/877
f 1520/1364/896 1511/1354/880 1515/1356/874
f 1521/1365/897 1523/1366/898 1522/1366/898
f 1521/1365/897 1524/1365/897 1523/1366/898
f 1525/1367/899 1527/1367/899 1526/95/900
f 1528/1368/901 1530/1369/902 1529/1369/902
f 1528/1368/901 1531/1368/903 1530/1369/902
f 1532/1370/904 1534/1370/906 1533/1371/905
f 1535/1372/907 1537/1373/909 1536/1373/908
f 1535/1372/907 1538/1372/910 1537/1373/909
f 1539/1374/911 1541/1374/913 1540/1375/912
f 1542/1376/914 1544/1377/915 1543/1377/915
f 1542/1376/914 1545/1376/914 1544/1377/915
f 1546/93/916 1531/1368/903 1528/1368/901
f 1529/1369/902 1534/1370/906 1532/1370/904
f 1529/1369/902 1530/1369/902 1534/1370/906
f 1547/1378/917 1538/1372/910 1535/1372/907
f 1536/1373/908 1541/1374/913 1539/1374/911
f 1536/1373/908 1537/1373/909 1541/1374/913
f 1548/862/918 1545/1376/914 1542/1376/914
f 1543/1377/915 1550/1379/920 1549/1379/919
f 1543/1377/915 1544/1377/915 1550/1379/920
f 1549/1379/919 1552/1380/921 1551/1380/921
f 1549/1379/919 1550/1379/920 1552/1380/921
f 1551/1380/921 1524/1365/897 1521/1365/897
f 1551/1380/921 1552/1380/921 1524/1365/897
f 1522/1366/922 1527/1367/899 1525/1367/899
s 0
f 1522/1366/923 1523/1366/923 1527/1367/924
s 1
f 1553/108/925 1555/1381/927 1554/1381/926
f 1553/108/925 1556/108/928 1555/1381/927
f 1559/1382/929 1561/1382/931 1560/1383/930
f 1554/1381/926 1555/1381/927 1562/1384/932
f 1558/106/933 1556/108/928 1553/108/925
f 1564/1385/934 1561/1382/931 1559/1382/929
f 1565/1386/935 1567/1386/937 1566/1387/936
f 1570/852/938 1572/852/940 1571/855/939
f 1573/1388/941 1575/1389/943 1574/1389/942
f 1574/1389/942 1572/852/940 1570/852/938
f 1574/1389/942 1575/1389/943 1572/852/940
f 1569/1390/944 1567/1386/937 1565/1386/935
f 1583/1391/945 1585/1392/947 1584/1392/946
f 1583/1391/945 1586/1391/945 1585/1392/947
f 1587/117/948 1589/1393/949 1588/1393/949
f 1590/1394/950 1592/1395/952 1591/1395/951
f 1590/1394/950 1593/1394/953 1592/1395/952
f 1594/1396/954 1596/1397/956 1595/1397/955
f 1597/1398/957 1599/1399/959 1598/1399/958
f 1597/1398/957 1600/1398/960 1599/1399/959
f 1601/126/961 1603/1400/963 1602/1400/962
f 1604/1401/964 1606/1402/965 1605/1402/965
s 0
f 1604/1401/966 1607/1401/966 1606/1402/967
s 1
f 1591/1395/951 1592/1395/952 1608/116/968
f 1595/1397/955 1593/1394/953 1590/1394/950
f 1595/1397/955 1596/1397/956 1593/1394/953
f 1598/1399/958 1599/1399/959 1609/1403/969
f 1602/1400/962 1600/1398/960 1597/1398/957
f 1602/1400/962 1603/1400/963 1600/1398/960
f 1605/1402/965 1606/1402/965 1610/877/970
f 1611/1404/971 1607/1401/973 1604/1401/972
f 1611/1404/971 1612/1404/974 1607/1401/973
f 1613/1405/975 1612/1404/974 1611/1404/971
f 1613/1405/975 1614/1405/975 1612/1404/974
f 1584/1392/946 1614/1405/975 1613/1405/975
f 1584/1392/946 1585/1392/947 1614/1405/975
f 1588/1393/949 1586/1391/945 1583/1391/945
f 1588/1393/949 1589/1393/949 1586/1391/945
f 1615/1406/976 1617/1406/978 1616/130/977
f 1620/1407/979 1622/1408/981 1621/1408/980
f 1623/1409/982 1617/1406/978 1615/1406/976
f 1621/1408/980 1622/1408/981 1625/1410/983
f 1626/1411/984 1628/1412/986 1627/1412/985
f 1631/871/987 1633/868/989 1632/868/988
f 1634/1413/990 1636/1413/992 1635/1414/991
f 1632/868/988 1636/1413/992 1634/1413/990
f 1632/868/988 1633/868/989 1636/1413/992
f 1627/1412/985 1628/1412/986 1629/1415/993
f 1644/1416/897 1646/1417/994 1645/1417/994
f 1644/1416/897 1647/1416/897 1646/1417/994
f 1648/1418/995 1650/1418/995 1649/139/996
f 1651/1419/901 1653/1420/997 1652/1420/997
f 1651/1419/901 1654/1419/903 1653/1420/997
f 1655/1421/998 1657/1421/906 1656/1422/999
f 1658/1423/907 1660/1424/1001 1659/1424/1000
f 1658/1423/907 1661/1423/1002 1660/1424/1001
f 1662/1425/1003 1664/1425/913 1663/148/912
f 1665/1426/914 1667/1427/915 1666/1427/915
f 1665/1426/914 1668/1426/914 1667/1427/915
f 1669/137/1004 1654/1419/903 1651/1419/901
f 1652/1420/997 1657/1421/906 1655/1421/998
f 1652/1420/997 1653/1420/997 1657/1421/906
f 1670/1428/1005 1661/1423/1002 1658/1423/907
f 1659/1424/1000 1664/1425/913 1662/1425/1003
f 1659/1424/1000 1660/1424/1001 1664/1425/913
f 1671/894/1006 1668/1426/914 1665/1426/914
f 1666/1427/915 1673/1429/920 1672/1429/919
f 1666/1427/915 1667/1427/915 1673/1429/920
f 1672/1429/919 1675/1430/921 1674/1430/921
f 1672/1429/919 1673/1429/920 1675/1430/921
f 1674/1430/921 1647/1416/897 1644/1416/897
f 1674/1430/921 1675/1430/921 1647/1416/897
f 1645/1417/994 1650/1418/995 1648/1418/995
f 1645/1417/994 1646/1417/994 1650/1418/995
f 1676/152/1007 1678/1431/1008 1677/1431/926
f 1676/152/1007 1679/152/928 1678/1431/1008
f 1682/1432/1009 1684/1432/931 1683/1433/1010
f 1677/1431/926 1678/1431/1008 1685/1434/1011
f 1681/150/933 1679/152/928 1676/152/1007
f 1687/1435/934 1684/1432/931 1682/1432/1009
f 1688/1436/935 1690/1436/1012 1689/1437/936
f 1693/884/1013 1695/884/940 1694/887/939
f 1696/1438/941 1698/1439/943 1697/1439/942
f 1697/1439/942 1695/884/940 1693/884/1013
f 1697/1439/942 1698/1439/943 1695/884/940
f 1692/1440/1014 1690/1436/1012 1688/1436/935
f 1706/1441/945 1708/1442/947 1707/1442/946
f 1706/1441/945 1709/1441/945 1708/1442/947
f 1710/161/1015 1712/1443/1016 1711/1443/1016
f 1713/1444/950 1715/1445/952 1714/1445/951
f 1713/1444/950 1716/1444/950 1715/1445/952
f 1717/1446/1017 1719/1447/1018 1718/1447/955
f 1720/1448/957 1722/1449/959 1721/1449/958
f 1720/1448/957 1723/1448/957 1722/1449/959
f 1724/170/1019 1726/1450/962 1725/1450/962
f 1727/1451/1020 1729/1452/965 1728/1452/965
s 0
f 1727/1451/966 1730/1451/966 1729/1452/966
s 1
f 1714/1445/951 1715/1445/952 1731/160/1021
f 1718/1447/955 1716/1444/950 1713/1444/950
f 1718/1447/955 1719/1447/1018 1716/1444/950
f 1721/1449/958 1722/1449/959 1732/1453/969
f 1725/1450/962 1723/1448/957 1720/1448/957
f 1725/1450/962 1726/1450/962 1723/1448/957
f 1728/1452/965 1729/1452/965 1733/909/1022
f 1734/1454/971 1730/1451/1023 1727/1451/972
f 1734/1454/971 1735/1454/974 1730/1451/1023
f 1736/1455/975 1735/1454/974 1734/1454/971
f 1736/1455/975 1737/1455/975 1735/1454/974
f 1707/1442/946 1737/1455/975 1736/1455/975
f 1707/1442/946 1708/1442/947 1737/1455/975
f 1711/1443/1016 1709/1441/945 1706/1441/945
f 1711/1443/1016 1712/1443/1016 1709/1441/945
f 1738/1456/1024 1740/174/1026 1739/174/1025
f 1738/1456/1024 1741/1456/1027 1740/174/1026
f 1744/1457/1028 1746/1458/981 1745/1458/1029
f 1747/1459/1030 1741/1456/1027 1738/1456/1024
f 1739/174/1025 1740/174/1026 1742/172/1031
f 1745/1458/1029 1746/1458/981 1749/1460/1032
f 1750/1461/1033 1752/1462/986 1751/1462/985
f 1755/903/1034 1757/900/1035 1756/900/988
f 1758/1463/1036 1760/1463/992 1759/1464/991
f 1756/900/988 1760/1463/992 1758/1463/1036
f 1756/900/988 1757/900/1035 1760/1463/992
f 1751/1462/985 1752/1462/986 1753/1465/993
f 1768/1466/1037 1770/1467/994 1769/1467/994
f 1768/1466/1037 1771/1466/897 1770/1467/994
f 1772/1468/1038 1774/1468/1038 1773/183/1039
f 1775/1469/901 1777/1470/1040 1776/1470/902
f 1775/1469/901 1778/1469/903 1777/1470/1040
f 1779/1471/998 1781/1471/906 1780/1472/999
f 1782/1473/1041 1784/1474/909 1783/1474/908
f 1782/1473/1041 1785/1473/910 1784/1474/909
f 1786/1475/911 1788/1475/1043 1787/192/1042
s 0
f 1789/1476/1044 1791/1477/1045 1790/1477/1045
s 1
f 1789/1476/914 1792/1476/1047 1791/1477/1046
f 1793/181/1048 1778/1469/903 1775/1469/901
f 1776/1470/902 1781/1471/906 1779/1471/998
f 1776/1470/902 1777/1470/1040 1781/1471/906
f 1794/1478/1049 1785/1473/910 1782/1473/1041
f 1783/1474/908 1788/1475/1043 1786/1475/911
f 1783/1474/908 1784/1474/909 1788/1475/1043
f 1795/926/1050 1792/1476/1047 1789/1476/914
f 1790/1477/1051 1797/1479/920 1796/1479/919
f 1790/1477/1051 1791/1477/1051 1797/1479/920
f 1796/1479/919 1799/1480/921 1798/1480/921
f 1796/1479/919 1797/1479/920 1799/1480/921
f 1798/1480/921 1771/1466/897 1768/1466/1037
f 1798/1480/921 1799/1480/921 1771/1466/897
f 1769/1467/994 1774/1468/1038 1772/1468/1038
f 1769/1467/994 1770/1467/994 1774/1468/1038
f 1800/196/925 1802/1481/927 1801/1481/1052
f 1800/196/925 1803/196/1053 1802/1481/927
f 1806/1482/929 1808/1482/931 1807/1483/1054
f 1801/1481/1052 1802/1481/927 1809/1484/932
f 1805/194/1055 1803/196/1053 1800/196/925
f 1811/1485/1056 1808/1482/931 1806/1482/929
f 1812/1486/935 1814/1486/937 1813/1487/1057
f 1817/916/938 1819/916/940 1818/919/939
f 1820/1488/1058 1822/1489/1059 1821/1489/942
f 1821/1489/942 1819/916/940 1817/916/938
f 1821/1489/942 1822/1489/1059 1819/916/940
f 1816/1490/1060 1814/1486/937 1812/1486/935
f 1830/1491/945 1832/1492/947 1831/1492/946
f 1830/1491/945 1833/1491/945 1832/1492/947
f 1834/205/948 1836/1493/949 1835/1493/949
f 1837/1494/950 1839/1495/952 1838/1495/951
f 1837/1494/950 1840/1494/950 1839/1495/952
f 1841/1496/954 1843/1497/956 1842/1497/955
f 1844/1498/957 1846/1499/1062 1845/1499/1061
f 1844/1498/957 1847/1498/957 1846/1499/1062
f 1848/214/961 1850/1500/963 1849/1500/962
f 1851/1501/1063 1853/1502/1064 1852/1502/965
f 1851/1501/1063 1854/1501/1063 1853/1502/1064
f 1838/1495/951 1839/1495/952 1855/204/1065
f 1842/1497/955 1840/1494/950 1837/1494/950
f 1842/1497/955 1843/1497/956 1840/1494/950
f 1845/1499/1061 1846/1499/1062 1856/1503/1066
f 1849/1500/962 1847/1498/957 1844/1498/957
f 1849/1500/962 1850/1500/963 1847/1498/957
f 1852/1502/965 1853/1502/1064 1857/941/1022
f 1858/1504/974 1854/1501/1063 1851/1501/1063
f 1858/1504/974 1859/1504/974 1854/1501/1063
f 1860/1505/975 1859/1504/974 1858/1504/974
f 1860/1505/975 1861/1505/975 1859/1504/974
f 1831/1492/946 1861/1505/975 1860/1505/975
f 1831/1492/946 1832/1492/947 1861/1505/975
f 1835/1493/949 1833/1491/945 1830/1491/945
f 1835/1493/949 1836/1493/949 1833/1491/945
f 1862/1506/1067 1864/218/1068 1863/218/1025
f 1862/1506/1067 1865/1506/1069 1864/218/1068
f 1868/1507/1070 1870/1508/1072 1869/1508/1071
f 1871/1509/1073 1865/1506/1069 1862/1506/1067
f 1863/218/1025 1864/218/1068 1866/216/1074
f 1869/1508/1071 1870/1508/1072 1873/1510/1075
f 1874/1511/984 1876/1512/986 1875/1512/985
f 1879/1513/1076 1881/932/1078 1880/932/1077
f 1882/1514/1079 1884/1514/1081 1883/1515/1080
f 1880/932/1077 1884/1514/1081 1882/1514/1079
f 1880/932/1077 1881/932/1078 1884/1514/1081
f 1875/1512/985 1876/1512/986 1877/1516/1082
f 1892/1517/1037 1894/1518/994 1893/1518/994
f 1892/1517/1037 1895/1517/897 1894/1518/994
f 1896/1519/1083 1898/1519/1083 1897/227/1084
f 1899/1520/903 1901/1521/902 1900/1521/902
f 1899/1520/903 1902/1520/1085 1901/1521/902
f 1903/1522/998 1905/1522/906 1904/1523/999
f 1906/1524/1086 1908/1525/909 1907/1525/908
f 1906/1524/1086 1909/1524/1087 1908/1525/909
f 1910/1526/911 1912/1526/913 1911/236/1088
f 1913/1527/1047 1915/1528/915 1914/1528/915
f 1913/1527/1047 1916/1527/1047 1915/1528/915
f 1917/225/1089 1902/1520/1085 1899/1520/903
f 1900/1521/902 1905/1522/906 1903/1522/998
f 1900/1521/902 1901/1521/902 1905/1522/906
f 1918/1529/1005 1909/1524/1087 1906/1524/1086
f 1907/1525/908 1912/1526/913 1910/1526/911
f 1907/1525/908 1908/1525/909 1912/1526/913
f 1919/958/1090 1916/1527/1047 1913/1527/1047
f 1914/1528/915 1921/1530/920 1920/1530/919
f 1914/1528/915 1915/1528/915 1921/1530/920
f 1920/1530/919 1923/1531/921 1922/1531/921
f 1920/1530/919 1921/1530/920 1923/1531/921
f 1922/1531/921 1895/1517/897 1892/1517/1037
f 1922/1531/921 1923/1531/921 1895/1517/897
f 1893/1518/994 1898/1519/1083 1896/1519/1083
f 1893/1518/994 1894/1518/994 1898/1519/1083
f 1924/240/1091 1926/1532/927 1925/1532/1092
f 1924/240/1091 1927/240/1053 1926/1532/927
f 1930/1533/929 1932/1533/1094 1931/1534/1093
f 1925/1532/1092 1926/1532/927 1933/1535/1095
f 1929/238/1096 1927/240/1053 1924/240/1091
f 1935/1536/1056 1932/1533/1094 1930/1533/929
f 1936/1537/935 1938/1537/937 1937/1538/1057
f 1941/948/1013 1943/948/940 1942/951/939
f 1944/1539/1097 1946/1540/943 1945/1540/1098
f 1945/1540/1098 1943/948/940 1941/948/1013
f 1945/1540/1098 1946/1540/943 1943/948/940
f 1940/1541/1099 1938/1537/937 1936/1537/935
f 1954/1542/945 1956/1543/947 1955/1543/946
f 1954/1542/945 1957/1542/945 1956/1543/947
f 1958/249/1100 1960/1544/949 1959/1544/949
f 1961/1545/953 1963/1546/952 1962/1546/1101
f 1961/1545/953 1964/1545/1102 1963/1546/952
f 1965/1547/954 1967/1548/956 1966/1548/955
f 1968/1549/1103 1970/1550/1062 1969/1550/1061
f 1968/1549/1103 1971/1549/1103 1970/1550/1062
f 1972/258/1104 1974/1551/963 1973/1551/962
f 1975/1552/973 1977/1553/1106 1976/1553/1105
s 0
f 1975/1552/1107 1978/1552/1107 1977/1553/1022
s 1
f 1962/1546/1101 1963/1546/952 1979/1554/1021
f 1966/1548/955 1964/1545/1102 1961/1545/953
f 1966/1548/955 1967/1548/956 1964/1545/1102
f 1969/1550/1061 1970/1550/1062 1980/1555/969
f 1973/1551/962 1971/1549/1103 1968/1549/1103
f 1973/1551/962 1974/1551/963 1971/1549/1103
f 1976/1553/1105 1977/1553/1106 1981/973/1108
f 1982/1556/971 1978/1552/973 1975/1552/972
f 1982/1556/971 1983/1556/974 1978/1552/973
f 1984/1557/975 1983/1556/974 1982/1556/971
f 1984/1557/975 1985/1557/975 1983/1556/974
f 1955/1543/946 1985/1557/975 1984/1557/975
f 1955/1543/946 1956/1543/947 1985/1557/975
f 1959/1544/949 1957/1542/945 1954/1542/945
f 1959/1544/949 1960/1544/949 1957/1542/945
f 1986/1558/1109 1988/1558/978 1987/262/1110
f 1991/1559/1111 1993/1560/1112 1992/1560/1029
f 1994/1561/982 1988/1558/978 1986/1558/1109
f 1992/1560/1029 1993/1560/1112 1996/1562/1113
f 1997/1563/1114 1999/1564/986 1998/1564/1115
f 2002/967/1076 2004/964/1035 2003/964/988
f 2005/1565/1116 2007/1565/1118 2006/1566/1117
f 2003/964/988 2007/1565/1118 2005/1565/1116
f 2003/964/988 2004/964/1035 2007/1565/1118
f 1998/1564/1115 1999/1564/986 2000/1567/1082
f 2021/979/1119 2023/980/1121 2022/980/1120
f 2022/980/1120 2023/980/1121 2019/267/1122
f 2031/288/1123 2033/991/1125 2032/1568/1124
s 0
f 2038/1569/1126 2040/1570/1126 2039/1570/1126
f 2041/1571/1126 2043/1572/1126 2042/1572/1126
f 2041/1571/1126 2044/1571/1126 2043/1572/1126
f 2045/1573/1126 2047/1574/1126 2046/1574/1126
f 2045/1573/1126 2048/1573/1126 2047/1574/1126
f 2051/1575/1126 2053/1577/1126 2052/1576/1126
f 2051/1575/1126 2054/1575/1126 2053/1577/1126
f 2055/1578/1126 2057/1579/1126 2056/1579/1126
f 2055/1578/1126 2058/1578/1126 2057/1579/1126
f 2059/1580/1126 2061/1581/1126 2060/1581/1126
f 2046/1574/1126 2044/1571/1126 2041/1571/1126
f 2046/1574/1126 2047/1574/1126 2044/1571/1126
f 2049/1582/1126 2048/1573/1126 2045/1573/1126
f 2049/1582/1126 2050/1583/1126 2048/1573/1126
f 2056/1579/1126 2054/1575/1126 2051/1575/1126
f 2056/1579/1126 2057/1579/1126 2054/1575/1126
f 2060/1581/1126 2058/1578/1126 2055/1578/1126
f 2060/1581/1126 2061/1581/1126 2058/1578/1126
f 2062/1584/1126 2064/1584/1126 2063/1585/1126
f 2065/1586/1126 2064/1584/1126 2062/1584/1126
f 2039/1570/1126 2040/1570/1126 2065/1586/1126
f 2042/1572/1126 2043/1572/1126 2066/1587/1126
s 1
f 2075/1588/1127 2077/995/1121 2076/995/1120
f 2076/995/1120 2077/995/1121 2073/293/1122
f 2085/314/1128 2087/1006/1125 2086/1589/1124
s 0
f 2092/1590/1126 2094/1591/1126 2093/1591/1126
f 2095/1592/1126 2097/1593/1126 2096/1593/1126
f 2095/1592/1126 2098/1592/1126 2097/1593/1126
f 2099/1594/1126 2101/1595/1126 2100/1595/1126
f 2099/1594/1126 2102/1594/1126 2101/1595/1126
f 2105/1596/1126 2107/1598/1126 2106/1597/1126
f 2105/1596/1126 2108/1596/1126 2107/1598/1126
f 2109/1599/1126 2111/1600/1126 2110/1600/1126
f 2109/1599/1126 2112/1599/1126 2111/1600/1126
f 2113/1601/1126 2115/1602/1126 2114/1602/1126
f 2100/1595/1126 2098/1592/1126 2095/1592/1126
f 2100/1595/1126 2101/1595/1126 2098/1592/1126
f 2103/1603/1126 2102/1594/1126 2099/1594/1126
f 2103/1603/1126 2104/1604/1126 2102/1594/1126
f 2110/1600/1126 2108/1596/1126 2105/1596/1126
f 2110/1600/1126 2111/1600/1126 2108/1596/1126
f 2114/1602/1126 2112/1599/1126 2109/1599/1126
f 2114/1602/1126 2115/1602/1126 2112/1599/1126
f 2116/1605/1126 2118/1605/1126 2117/1606/1126
f 2119/1607/1126 2118/1605/1126 2116/1605/1126
f 2093/1591/1126 2094/1591/1126 2119/1607/1126
f 2096/1593/1126 2097/1593/1126 2120/1608/1126
s 1
f 2129/1609/1127 2131/1010/1129 2130/1010/1120
f 2130/1010/1120 2131/1010/1129 2127/319/1130
f 2139/340/1128 2141/1021/1131 2140/1610/1124
s 0
f 2146/1611/1126 2148/1612/1126 2147/1612/1126
f 2149/1613/1126 2151/1614/1126 2150/1614/1126
f 2149/1613/1126 2152/1613/1126 2151/1614/1126
f 2153/1615/1126 2155/1616/1126 2154/1616/1126
f 2153/1615/1126 2156/1615/1126 2155/1616/1126
f 2159/1617/1126 2161/1619/1126 2160/1618/1126
f 2159/1617/1126 2162/1617/1126 2161/1619/1126
f 2163/1620/1126 2165/1621/1126 2164/1621/1126
f 2163/1620/1126 2166/1620/1126 2165/1621/1126
f 2167/1622/1126 2169/1623/1126 2168/1623/1126
f 2154/1616/1126 2152/1613/1126 2149/1613/1126
f 2154/1616/1126 2155/1616/1126 2152/1613/1126
f 2157/1624/1126 2156/1615/1126 2153/1615/1126
f 2157/1624/1126 2158/1625/1126 2156/1615/1126
f 2164/1621/1126 2162/1617/1126 2159/1617/1126
f 2164/1621/1126 2165/1621/1126 2162/1617/1126
f 2168/1623/1126 2166/1620/1126 2163/1620/1126
f 2168/1623/1126 2169/1623/1126 2166/1620/1126
f 2170/1626/1126 2172/1626/1126 2171/1627/1126
f 2173/1016/1126 2172/1626/1126 2170/1626/1126
f 2147/1612/1126 2148/1612/1126 2173/1016/1126
f 2150/1614/1126 2151/1614/1126 2174/1628/1126
s 1
f 2183/1024/1119 2185/1025/1121 2184/1025/1120
f 2184/1025/1120 2185/1025/1121 2181/345/1122
f 2193/366/1128 2195/1036/1131 2194/1629/1124
s 0
f 2200/1630/1126 2202/1631/1126 2201/1631/1126
f 2203/1632/1126 2205/1633/1126 2204/1633/1126
f 2203/1632/1126 2206/1632/1126 2205/1633/1126
f 2207/1634/1126 2209/1635/1126 2208/1635/1126
f 2207/1634/1126 2210/1634/1126 2209/1635/1126
f 2213/1636/1126 2215/1638/1126 2214/1637/1126
f 2213/1636/1126 2216/1636/1126 2215/1638/1126
f 2217/1639/1126 2219/1640/1126 2218/1640/1126
f 2217/1639/1126 2220/1639/1126 2219/1640/1126
f 2221/1641/1126 2223/1642/1126 2222/1642/1126
f 2208/1635/1126 2206/1632/1126 2203/1632/1126
f 2208/1635/1126 2209/1635/1126 2206/1632/1126
f 2211/1643/1126 2210/1634/1126 2207/1634/1126
f 2211/1643/1126 2212/1644/1126 2210/1634/1126
f 2218/1640/1126 2216/1636/1126 2213/1636/1126
f 2218/1640/1126 2219/1640/1126 2216/1636/1126
f 2222/1642/1126 2220/1639/1126 2217/1639/1126
f 2222/1642/1126 2223/1642/1126 2220/1639/1126
f 2224/1645/1126 2226/1645/1126 2225/1646/1126
f 2227/1647/1126 2226/1645/1126 2224/1645/1126
f 2201/1631/1126 2202/1631/1126 2227/1647/1126
f 2204/1633/1126 2205/1633/1126 2228/1648/1126
s 1
f 2236/371/1132 2238/1040/1134 2237/1649/1133
f 2247/1053/1135 2249/1051/1137 2248/1051/1136
f 2248/1051/1136 2249/1051/1137 2245/392/1138
s 0
f 2254/1650/1139 2256/1650/1139 2255/1651/1139
f 2257/1652/1139 2259/1653/1139 2258/1653/1139
f 2257/1652/1139 2260/1652/1139 2259/1653/1139
f 2261/1654/1139 2263/1655/1139 2262/1655/1139
f 2261/1654/1139 2264/1654/1139 2263/1655/1139
f 2267/1656/1139 2269/1657/1139 2268/1657/1139
f 2267/1656/1139 2270/1658/1139 2269/1657/1139
f 2271/1659/1139 2273/1660/1139 2272/1660/1139
f 2271/1659/1139 2274/1659/1139 2273/1660/1139
f 2275/1661/1139 2277/1661/1139 2276/1662/1139
f 2258/1653/1139 2264/1654/1139 2261/1654/1139
f 2258/1653/1139 2259/1653/1139 2264/1654/1139
f 2262/1655/1139 2266/1664/1139 2265/1663/1139
f 2262/1655/1139 2263/1655/1139 2266/1664/1139
f 2268/1657/1139 2274/1659/1139 2271/1659/1139
f 2268/1657/1139 2269/1657/1139 2274/1659/1139
f 2272/1660/1139 2277/1661/1139 2275/1661/1139
f 2272/1660/1139 2273/1660/1139 2277/1661/1139
f 2278/1665/1139 2280/1666/1139 2279/1666/1139
f 2279/1666/1139 2280/1666/1139 2281/1667/1139
f 2281/1667/1139 2256/1650/1139 2254/1650/1139
f 2282/1668/1139 2260/1652/1139 2257/1652/1139
s 1
f 2290/1669/1132 2292/1055/1134 2291/1670/1133
f 2301/1068/1140 2303/1066/1137 2302/1066/1136
f 2302/1066/1136 2303/1066/1137 2299/418/1138
s 0
f 2308/1671/1139 2310/1671/1139 2309/1672/1139
f 2311/1673/1139 2313/1674/1139 2312/1674/1139
f 2311/1673/1139 2314/1673/1139 2313/1674/1139
f 2315/1675/1139 2317/1676/1139 2316/1676/1139
f 2315/1675/1139 2318/1675/1139 2317/1676/1139
f 2321/1677/1139 2323/1678/1139 2322/1678/1139
f 2321/1677/1139 2324/1679/1139 2323/1678/1139
f 2325/1680/1139 2327/1681/1139 2326/1681/1139
f 2325/1680/1139 2328/1680/1139 2327/1681/1139
f 2329/1682/1139 2331/1682/1139 2330/1683/1139
f 2312/1674/1139 2318/1675/1139 2315/1675/1139
f 2312/1674/1139 2313/1674/1139 2318/1675/1139
f 2316/1676/1139 2320/1685/1139 2319/1684/1139
f 2316/1676/1139 2317/1676/1139 2320/1685/1139
f 2322/1678/1139 2328/1680/1139 2325/1680/1139
f 2322/1678/1139 2323/1678/1139 2328/1680/1139
f 2326/1681/1139 2331/1682/1139 2329/1682/1139
f 2326/1681/1139 2327/1681/1139 2331/1682/1139
f 2332/1686/1139 2334/1687/1139 2333/1687/1139
f 2333/1687/1139 2334/1687/1139 2335/1688/1139
f 2335/1688/1139 2310/1671/1139 2308/1671/1139
f 2336/1689/1139 2314/1673/1139 2311/1673/1139
s 1
f 2344/1690/1132 2346/1070/1134 2345/1691/1133
f 2355/1083/1135 2357/1081/1137 2356/1081/1136
f 2356/1081/1136 2357/1081/1137 2353/444/1138
s 0
f 2362/1692/1139 2364/1692/1139 2363/1693/1139
f 2365/1694/1139 2367/1695/1139 2366/1695/1139
f 2365/1694/1139 2368/1694/1139 2367/1695/1139
f 2369/1696/1139 2371/1697/1139 2370/1697/1139
f 2369/1696/1139 2372/1696/1139 2371/1697/1139
f 2375/1698/1139 2377/1699/1139 2376/1699/1139
f 2375/1698/1139 2378/1700/1139 2377/1699/1139
f 2379/1701/1139 2381/1702/1139 2380/1702/1139
f 2379/1701/1139 2382/1701/1139 2381/1702/1139
f 2383/1703/1139 2385/1703/1139 2384/1704/1139
f 2366/1695/1139 2372/1696/1139 2369/1696/1139
f 2366/1695/1139 2367/1695/1139 2372/1696/1139
f 2370/1697/1139 2374/1706/1139 2373/1705/1139
f 2370/1697/1139 2371/1697/1139 2374/1706/1139
f 2376/1699/1139 2382/1701/1139 2379/1701/1139
f 2376/1699/1139 2377/1699/1139 2382/1701/1139
f 2380/1702/1139 2385/1703/1139 2383/1703/1139
f 2380/1702/1139 2381/1702/1139 2385/1703/1139
f 2386/1707/1139 2388/1708/1139 2387/1708/1139
f 2387/1708/1139 2388/1708/1139 2389/1709/1139
f 2389/1709/1139 2364/1692/1139 2362/1692/1139
f 2390/1710/1139 2368/1694/1139 2365/1694/1139
s 1
f 2398/449/1132 2400/1085/1142 2399/1711/1141
f 2409/1098/1140 2411/1096/1137 2410/1096/1136
f 2410/1096/1136 2411/1096/1137 2407/470/1138
s 0
f 2416/1712/1139 2418/1712/1139 2417/1713/1139
f 2419/1714/1139 2421/1715/1139 2420/1715/1139
f 2419/1714/1139 2422/1714/1139 2421/1715/1139
f 2423/1716/1139 2425/1717/1139 2424/1717/1139
f 2423/1716/1139 2426/1716/1139 2425/1717/1139
f 2429/1718/1139 2431/1719/1139 2430/1719/1139
f 2429/1718/1139 2432/1720/1139 2431/1719/1139
f 2433/1721/1139 2435/1722/1139 2434/1722/1139
f 2433/1721/1139 2436/1721/1139 2435/1722/1139
f 2437/1723/1139 2439/1723/1139 2438/1724/1139
f 2420/1715/1139 2426/1716/1139 2423/1716/1139
f 2420/1715/1139 2421/1715/1139 2426/1716/1139
f 2424/1717/1139 2428/1726/1139 2427/1725/1139
f 2424/1717/1139 2425/1717/1139 2428/1726/1139
f 2430/1719/1139 2436/1721/1139 2433/1721/1139
f 2430/1719/1139 2431/1719/1139 2436/1721/1139
f 2434/1722/1139 2439/1723/1139 2437/1723/1139
f 2434/1722/1139 2435/1722/1139 2439/1723/1139
f 2440/1727/1139 2442/1728/1139 2441/1728/1139
f 2441/1728/1139 2442/1728/1139 2443/1091/1139
f 2443/1091/1139 2418/1712/1139 2416/1712/1139
f 2444/1729/1139 2422/1714/1139 2419/1714/1139
s 1
f 2447/1730/1143 2449/483/1145 2448/483/1144
f 2447/1730/1143 2450/1731/1146 2449/483/1145
f 2448/483/1144 2449/483/1145 2451/482/1147
f 2457/1732/1148 2459/1732/1150 2458/1733/1149
f 2460/1734/1151 2462/1735/1153 2461/1735/1152
f 2460/1734/1151 2463/1734/1154 2462/1735/1153
f 2464/1736/1155 2466/1737/1156 2465/1737/1156
f 2464/1736/1155 2467/1736/1157 2466/1737/1156
f 2470/1738/1158 2472/1739/1160 2471/1739/1159
f 2470/1738/1158 2473/1740/1161 2472/1739/1160
f 2474/1741/1162 2476/1742/1164 2475/1742/1163
f 2474/1741/1162 2477/1741/1162 2476/1742/1164
f 2478/1743/1165 2480/1743/1167 2479/488/1166
f 2461/1735/1152 2467/1736/1157 2464/1736/1155
f 2461/1735/1152 2462/1735/1153 2467/1736/1157
f 2465/1737/1156 2469/1745/1169 2468/1744/1168
f 2465/1737/1156 2466/1737/1156 2469/1745/1169
f 2471/1739/1159 2477/1741/1162 2474/1741/1162
f 2471/1739/1159 2472/1739/1160 2477/1741/1162
f 2475/1742/1163 2480/1743/1167 2478/1743/1165
f 2475/1742/1163 2476/1742/1164 2480/1743/1167
f 2481/1107/1170 2483/1746/1172 2482/1746/1171
f 2482/1746/1171 2483/1746/1172 2484/473/1173
f 2484/473/1174 2459/1732/1150 2457/1732/1148
f 2485/479/1175 2463/1734/1154 2460/1734/1151
f 2486/494/1176 2488/1748/1178 2487/1747/1177
f 2486/494/1176 2489/494/1179 2488/1748/1178
f 2491/493/1180 2489/494/1179 2486/494/1176
f 2502/1749/1181 2504/1749/1183 2503/1750/1182
f 2505/1751/1184 2507/1752/1186 2506/1752/1185
f 2505/1751/1184 2508/1751/1187 2507/1752/1186
f 2509/1753/1188 2511/1754/1190 2510/1754/1189
f 2509/1753/1188 2512/1753/1191 2511/1754/1190
f 2515/1755/1192 2517/1756/1194 2516/1756/1193
f 2515/1755/1192 2518/1757/1195 2517/1756/1194
f 2519/1758/1196 2521/1759/1198 2520/1759/1197
f 2519/1758/1196 2522/1758/1199 2521/1759/1198
f 2523/1760/1200 2525/1760/1202 2524/502/1201
f 2506/1752/1185 2512/1753/1191 2509/1753/1188
f 2506/1752/1185 2507/1752/1186 2512/1753/1191
f 2510/1754/1189 2514/1762/1204 2513/1761/1203
f 2510/1754/1189 2511/1754/1190 2514/1762/1204
f 2516/1756/1193 2522/1758/1199 2519/1758/1196
f 2516/1756/1193 2517/1756/1194 2522/1758/1199
f 2520/1759/1197 2525/1760/1202 2523/1760/1200
f 2520/1759/1197 2521/1759/1198 2525/1760/1202
f 2526/1118/1205 2528/1763/1207 2527/1763/1206
f 2527/1763/1206 2528/1763/1207 2529/507/1208
f 2529/507/1209 2504/1749/1183 2502/1749/1181
f 2530/511/1210 2508/1751/1187 2505/1751/1184
f 2531/498/1211 2533/1765/1213 2532/1764/1212
f 2531/498/1211 2534/498/1214 2533/1765/1213
f 2536/499/1215 2534/498/1214 2531/498/1211
f 2541/1766/1216 2543/517/1218 2542/517/1217
f 2541/1766/1216 2544/1767/1219 2543/517/1218
f 2542/517/1217 2543/517/1218 2545/516/1220
f 2561/523/1221 2563/522/1223 2562/522/1222
f 2562/522/1222 2565/1769/1225 2564/1768/1224
f 2562/522/1222 2563/522/1223 2565/1769/1225
f 2567/1770/1226 2569/1770/1228 2568/1132/1227
f 2570/1771/1229 2572/1772/1231 2571/1772/1230
f 2570/1771/1229 2573/1771/1232 2572/1772/1231
f 2574/1773/1233 2576/1774/1234 2575/1774/1234
f 2574/1773/1233 2577/1773/1235 2576/1774/1234
f 2580/1775/1236 2582/1776/1238 2581/1776/1237
f 2580/1775/1236 2583/1777/1239 2582/1776/1238
f 2584/1778/1240 2586/1779/1242 2585/1779/1241
f 2584/1778/1240 2587/1778/1243 2586/1779/1242
f 2588/1780/1244 2590/1780/1244 2589/1129/1245
f 2571/1772/1230 2577/1773/1235 2574/1773/1233
f 2571/1772/1230 2572/1772/1231 2577/1773/1235
f 2575/1774/1234 2579/1782/1247 2578/1781/1246
f 2575/1774/1234 2576/1774/1234 2579/1782/1247
f 2581/1776/1237 2587/1778/1243 2584/1778/1240
f 2581/1776/1237 2582/1776/1238 2587/1778/1243
f 2585/1779/1241 2590/1780/1244 2588/1780/1244
f 2585/1779/1241 2586/1779/1242 2590/1780/1244
f 2591/530/1248 2593/1783/1250 2592/1783/1249
f 2592/1783/1249 2593/1783/1250 2594/532/1251
f 2594/532/1252 2569/1770/1228 2567/1770/1226
f 2595/536/1253 2573/1771/1232 2570/1771/1229
f 2596/1784/1254 2598/1785/1256 2597/542/1255
f 2613/1786/1257 2615/1787/1259 2614/1787/1258
f 2616/1788/1260 2618/1789/1262 2617/1789/1261
f 2616/1788/1260 2619/1790/1263 2618/1789/1262
f 2614/1787/1258 2615/1787/1259 2611/1791/1264
f 2617/1789/1261 2618/1789/1262 2621/1147/1265
f 2622/1792/1266 2619/1790/1263 2616/1788/1260
f 2630/1793/1267 3468/1795/1269 3467/1794/1268
f 3467/1794/1268 3521/1797/1271 2631/1796/1270
f 2630/1793/1267 2631/1796/1270 2632/1798/1272
f 2639/1799/1273 2641/1799/1275 2640/1167/1274
f 2642/1800/1276 2644/1801/1278 2643/1801/1277
f 2642/1800/1276 2645/1802/1279 2644/1801/1278
f 2643/1801/1277 2641/1799/1275 2639/1799/1273
f 2643/1801/1277 2644/1801/1278 2641/1799/1275
f 2649/1803/1280 2645/1802/1279 2642/1800/1276
f 2662/1804/1281 2664/1806/1283 2663/1805/1282
f 2666/583/1284 2657/1808/1286 2656/1807/1285
f 2663/1805/1282 2671/1809/1288 2670/1809/1287
f 2663/1805/1282 2664/1806/1283 2671/1809/1288
f 2670/1809/1287 2651/1811/1290 2650/1810/1289
f 2670/1809/1287 2671/1809/1288 2651/1811/1290
f 2650/1810/1289 2651/1811/1290 2652/1812/1291
f 2674/1813/1292 2676/1814/1294 2675/1814/1293
f 2677/1815/1295 2679/1817/1297 2678/1816/1296
f 2677/1815/1295 2680/1815/1298 2679/1817/1297
f 2675/1814/1293 2680/1815/1298 2677/1815/1295
f 2675/1814/1293 2676/1814/1294 2680/1815/1298
f 2678/1816/1296 2679/1817/1297 2684/1818/1299
f 2693/1819/1300 2695/1819/1302 2694/1820/1301
f 2696/1821/1303 2698/1822/1305 2697/1822/1304
f 2696/1821/1303 2699/1823/1306 2698/1822/1305
f 2697/1822/1304 2695/1819/1302 2693/1819/1300
f 2697/1822/1304 2698/1822/1305 2695/1819/1302
f 2702/1824/1307 2699/1823/1306 2696/1821/1303
f 2715/1825/1308 2717/1827/1310 2716/1826/1309
f 2708/612/1311 2710/1829/1313 2709/1828/1312
f 2716/1826/1309 2722/1830/1315 2721/1830/1314
f 2716/1826/1309 2717/1827/1310 2722/1830/1315
f 2721/1830/1314 2704/1832/1317 2703/1831/1316
f 2721/1830/1314 2722/1830/1315 2704/1832/1317
f 2703/1831/1316 2704/1832/1317 2705/1833/1318
f 2725/1834/1319 2727/1834/1321 2726/1195/1320
f 2728/1835/1322 2730/1837/1324 2729/1836/1323
f 2728/1835/1322 2731/1835/1325 2730/1837/1324
f 2724/1838/1326 2727/1834/1321 2725/1834/1319
f 2733/1839/1327 2731/1835/1325 2728/1835/1322
f 2729/1836/1323 2730/1837/1324 2734/1840/1328
f 2743/1841/1329 2745/1841/1331 2744/627/1330
f 2746/1842/1332 2748/1843/1334 2747/1843/1333
f 2746/1842/1332 2749/1842/1332 2748/1843/1334
f 2752/1844/1335 2754/1846/1337 2753/1845/1336
f 2752/1844/1335 2755/1844/1338 2754/1846/1337
f 2756/1847/1339 2758/1848/1341 2757/1848/1340
f 2756/1847/1339 2759/1847/1339 2758/1848/1341
f 2760/1849/1342 2762/1851/1344 2761/1850/1343
f 2747/1843/1333 2745/1841/1331 2743/1841/1329
f 2747/1843/1333 2748/1843/1334 2745/1841/1331
f 2750/1852/1345 2749/1842/1332 2746/1842/1332
f 2750/1852/1345 2751/1853/1346 2749/1842/1332
f 2757/1848/1340 2755/1844/1338 2752/1844/1335
f 2757/1848/1340 2758/1848/1341 2755/1844/1338
f 2763/619/1347 2759/1847/1339 2756/1847/1339
f 2764/50/1348 2762/1851/1344 2760/1849/1342
f 2741/1854/1349 2742/1855/1349 2764/50/1350
f 2765/622/1351 2742/1855/1349 2741/1854/1349
f 2772/1856/1352 2774/616/1354 2773/616/1353
f 2773/616/1353 2774/616/1354 2770/617/1355
f 2766/1857/1356 2767/1859/1358 2775/1858/1357
f 2776/621/1359 2767/1859/1358 2766/1857/1356
f 2782/1860/1360 2784/629/1362 2783/1861/1361
f 2777/1862/1363 2778/1863/1365 2785/623/1364
f 2788/1864/1366 2778/1863/1365 2777/1862/1363
f 2791/1865/1367 2792/1866/1367 2793/1864/1367
f 2796/1867/1368 2798/1867/1331 2797/1868/1330
f 2799/1869/1332 2801/1870/1334 2800/1870/1333
f 2799/1869/1332 2802/1869/1332 2801/1870/1334
f 2805/1871/1335 2807/1873/1369 2806/1872/1336
f 2805/1871/1335 2808/1871/1338 2807/1873/1369
f 2809/1874/1339 2811/1875/1341 2810/1875/1340
f 2809/1874/1339 2812/1874/1339 2811/1875/1341
f 2813/1876/1342 2815/1878/1344 2814/1877/1370
f 2800/1870/1333 2798/1867/1331 2796/1867/1368
f 2800/1870/1333 2801/1870/1334 2798/1867/1331
f 2803/1879/1345 2802/1869/1332 2799/1869/1332
f 2803/1879/1345 2804/1880/1346 2802/1869/1332
f 2810/1875/1340 2808/1871/1338 2805/1871/1335
f 2810/1875/1340 2811/1875/1341 2808/1871/1338
f 2816/636/1371 2812/1874/1339 2809/1874/1339
f 2817/56/1348 2815/1878/1344 2813/1876/1342
f 2794/1881/1349 2795/1882/1349 2817/56/1372
f 2818/639/1373 2795/1882/1349 2794/1881/1349
f 2825/1883/1352 2827/633/1354 2826/633/1353
f 2826/633/1353 2827/633/1354 2823/634/1374
f 2819/1884/1375 2820/1886/1377 2828/1885/1376
f 2829/638/1378 2820/1886/1377 2819/1884/1375
f 2835/645/1360 2837/646/1379 2836/1887/1361
f 2830/1888/1380 2831/1890/1382 2838/1889/1381
f 2841/1891/1366 2831/1890/1382 2830/1888/1380
f 2844/1885/1383 2846/1893/1383 2845/1892/1383
f 2849/1894/1329 2851/1894/1331 2850/661/1330
f 2852/1895/1332 2854/1896/1334 2853/1896/1333
f 2852/1895/1332 2855/1895/1332 2854/1896/1334
f 2858/1897/1384 2860/1899/1369 2859/1898/1336
f 2858/1897/1384 2861/1897/1338 2860/1899/1369
f 2862/1900/1339 2864/1901/1341 2863/1901/1340
f 2862/1900/1339 2865/1900/1339 2864/1901/1341
f 2866/1902/1385 2868/1904/1344 2867/1903/1370
f 2853/1896/1333 2851/1894/1331 2849/1894/1329
f 2853/1896/1333 2854/1896/1334 2851/1894/1331
f 2856/1905/1345 2855/1895/1332 2852/1895/1332
f 2856/1905/1345 2857/1906/1386 2855/1895/1332
f 2863/1901/1340 2861/1897/1338 2858/1897/1384
f 2863/1901/1340 2864/1901/1341 2861/1897/1338
f 2869/653/1347 2865/1900/1339 2862/1900/1339
f 2870/62/1348 2868/1904/1344 2866/1902/1385
f 2847/1907/1349 2848/1908/1349 2870/62/1372
f 2871/656/1351 2848/1908/1349 2847/1907/1349
f 2878/1909/1352 2880/650/1354 2879/650/1353
f 2879/650/1353 2880/650/1354 2876/651/1374
f 2872/1910/1387 2873/1912/1389 2881/1911/1388
f 2882/655/1390 2873/1912/1389 2872/1910/1387
f 2888/662/1391 2890/663/1393 2889/1913/1392
f 2883/1914/1394 2884/1915/1396 2891/657/1395
f 2894/1916/1397 2884/1915/1396 2883/1914/1394
f 2897/1917/1398 2899/1919/1398 2898/1918/1398
f 2902/1920/1329 2904/1920/1331 2903/678/1330
f 2905/1921/1332 2907/1922/1334 2906/1922/1333
f 2905/1921/1332 2908/1921/1332 2907/1922/1334
f 2911/1923/1335 2913/1925/1337 2912/1924/1336
f 2911/1923/1335 2914/1923/1338 2913/1925/1337
f 2915/1926/1339 2917/1927/1341 2916/1927/1340
f 2915/1926/1339 2918/1926/1339 2917/1927/1341
f 2919/1928/1385 2921/1930/1344 2920/1929/1370
f 2906/1922/1333 2904/1920/1331 2902/1920/1329
f 2906/1922/1333 2907/1922/1334 2904/1920/1331
f 2909/1931/1345 2908/1921/1332 2905/1921/1332
f 2909/1931/1345 2910/1932/1346 2908/1921/1332
f 2916/1927/1340 2914/1923/1338 2911/1923/1335
f 2916/1927/1340 2917/1927/1341 2914/1923/1338
f 2922/670/1347 2918/1926/1339 2915/1926/1339
f 2923/68/1348 2921/1930/1344 2919/1928/1385
f 2900/1933/1349 2901/1934/1349 2923/68/1372
f 2924/673/1351 2901/1934/1349 2900/1933/1349
f 2931/1935/1352 2933/667/1354 2932/667/1353
f 2932/667/1353 2933/667/1354 2929/668/1399
f 2925/1936/1400 2926/1938/1402 2934/1937/1401
f 2935/672/1403 2926/1938/1402 2925/1936/1400
f 2941/1939/1404 2943/680/1406 2942/1940/1405
f 2936/1941/1407 2937/1943/1409 2944/1942/1408
f 2947/1944/1410 2937/1943/1409 2936/1941/1407
f 2950/1937/1411 2952/1946/1411 2951/1945/1411
f 2955/1947/1412 2954/1949/1414 2953/1948/1413
f 2956/1950/1415 3469/1952/1417 3538/1951/1416
f 2956/1950/1415 2957/1954/1419 2958/1953/1418
f 2961/1953/1420 2960/1956/1420 2959/1955/1420
f 2964/1957/1421 2963/1959/1423 2962/1958/1422
f 2968/687/1424 2966/1961/1419 2965/1960/1415
f 2965/1960/1415 2966/1961/1419 2969/1962/1425
f 2970/1963/1426 2972/1964/1426 2971/1957/1426
f 2976/1965/1427 2974/1967/1429 2973/1966/1428
f 2973/1966/1428 2974/1967/1429 2977/697/1430
f 2982/1968/1431 2979/1970/1433 2978/1969/1432
f 2978/1969/1432 2979/1970/1433 2983/1971/1434
f 2984/1972/1435 2986/1973/1435 2985/1965/1435
f 2991/1974/1436 2988/1976/1438 2987/1975/1437
f 2987/1975/1437 2988/1976/1438 2992/710/1439
f 2998/713/1440 2994/1978/1442 2993/1977/1441
f 2993/1977/1441 2994/1978/1442 2999/1979/1443
f 3000/1980/1426 3002/1981/1426 3001/1974/1426
f 3005/1982/1444 3007/1983/1446 3006/1983/1445
f 3005/1982/1444 3008/1982/1444 3007/1983/1446
f 3009/1984/1447 3011/1985/1449 3010/1985/1448
f 3012/1986/1450 3014/1986/1452 3013/1987/1451
f 3006/1983/1445 3007/1983/1446 3015/725/1453
f 3010/1985/1448 3014/1986/1452 3012/1986/1450
f 3010/1985/1448 3011/1985/1449 3014/1986/1452
f 3016/1273/1454 3004/1989/1455 3003/1988/1455
f 3003/1988/1456 3008/1982/1444 3005/1982/1444
s 0
f 3003/1988/1457 3004/1989/1457 3008/1982/1458
s 1
f 3019/1990/1459 3021/1991/1461 3020/1991/1460
f 3024/1992/1462 3026/1993/1464 3025/1993/1463
f 3025/1993/1463 3026/1993/1464 3022/1257/1465
f 3020/1991/1460 3018/1995/1467 3017/1994/1466
f 3020/1991/1460 3021/1991/1461 3018/1995/1467
f 3017/1994/1466 3018/1995/1467 3028/1996/1468
f 3035/1997/1469 3037/1998/1470 3036/1998/1470
f 3035/1997/1469 3038/1997/1471 3037/1998/1470
f 3039/1999/1472 3041/1999/1474 3040/2000/1473
f 3042/2001/1475 3044/2002/1477 3043/2002/1476
f 3045/735/1478 3038/1997/1471 3035/1997/1469
f 3043/2002/1476 3041/1999/1474 3039/1999/1472
f 3043/2002/1476 3044/2002/1477 3041/1999/1474
f 3033/2003/1479 3034/2004/1479 3046/1264/1480
s 0
f 3036/1998/1481 3034/2004/1481 3033/2003/1481
s 1
f 3036/1998/1470 3037/1998/1470 3034/2004/1482
f 3049/2005/1483 3051/2005/1485 3050/2006/1484
f 3054/2007/1486 3056/2007/1488 3055/2008/1487
f 3053/1268/1489 3056/2007/1488 3054/2007/1486
f 3047/2009/1490 3051/2005/1485 3049/2005/1483
f 3047/2009/1490 3048/2010/1491 3051/2005/1485
f 3058/2011/1492 3048/2010/1491 3047/2009/1490
f 3065/2012/1493 3067/2013/1446 3066/2013/1494
f 3065/2012/1493 3068/2012/1444 3067/2013/1446
f 3069/2014/1495 3071/2015/1449 3070/2015/1496
f 3072/2016/1497 3074/2016/1452 3073/2017/1498
f 3066/2013/1494 3067/2013/1446 3075/2018/1499
f 3070/2015/1496 3074/2016/1452 3072/2016/1497
f 3070/2015/1496 3071/2015/1449 3074/2016/1452
s 0
f 3076/1291/1500 3064/2020/1501 3063/2019/1501
s 1
f 3063/2019/1502 3068/2012/1444 3065/2012/1493
f 3063/2019/1502 3064/2020/1502 3068/2012/1444
f 3079/2021/1503 3081/2022/1504 3080/2022/1460
f 3084/2023/1505 3086/2024/1507 3085/2024/1506
f 3085/2024/1506 3086/2024/1507 3082/1275/1465
f 3080/2022/1460 3078/2026/1467 3077/2025/1466
f 3080/2022/1460 3081/2022/1504 3078/2026/1467
f 3077/2025/1466 3078/2026/1467 3088/2027/1468
f 3095/2028/1508 3097/2029/1470 3096/2029/1470
f 3095/2028/1508 3098/2028/1509 3097/2029/1470
f 3099/2030/1510 3101/2030/1512 3100/2031/1511
f 3102/2032/1475 3104/2033/1514 3103/2033/1513
f 3105/755/1515 3098/2028/1509 3095/2028/1508
f 3103/2033/1513 3101/2030/1512 3099/2030/1510
f 3103/2033/1513 3104/2033/1514 3101/2030/1512
s 0
f 3093/2034/1516 3094/2035/1516 3106/1282/1517
f 3096/2029/1516 3094/2035/1516 3093/2034/1516
s 1
f 3096/2029/1470 3097/2029/1470 3094/2035/1518
f 3109/2036/1483 3111/2036/1520 3110/2037/1519
f 3114/2038/1486 3116/2038/1488 3115/2039/1521
f 3113/1286/1489 3116/2038/1488 3114/2038/1486
f 3107/2040/1522 3111/2036/1520 3109/2036/1483
f 3107/2040/1522 3108/2041/1523 3111/2036/1520
f 3118/2042/1524 3108/2041/1523 3107/2040/1522
f 3125/2043/1525 3127/2044/1446 3126/2044/1446
f 3125/2043/1525 3128/2043/1525 3127/2044/1446
f 3129/2045/1526 3131/2046/1449 3130/2046/1448
f 3132/2047/1527 3134/2047/1452 3133/2048/1528
f 3126/2044/1446 3127/2044/1446 3135/765/1529
f 3130/2046/1448 3134/2047/1452 3132/2047/1527
f 3130/2046/1448 3131/2046/1449 3134/2047/1452
f 3136/1309/1530 3124/2050/1531 3123/2049/1531
f 3123/2049/1532 3128/2043/1525 3125/2043/1525
s 0
f 3123/2049/1533 3124/2050/1533 3128/2043/1533
s 1
f 3139/2051/1459 3141/2052/1535 3140/2052/1534
f 3144/2053/1536 3146/2054/1537 3145/2054/1506
f 3145/2054/1506 3146/2054/1537 3142/1293/1538
f 3140/2052/1534 3138/2056/1540 3137/2055/1539
f 3140/2052/1534 3141/2052/1535 3138/2056/1540
f 3137/2055/1539 3138/2056/1540 3148/2057/1541
f 3155/2058/1508 3157/2059/1470 3156/2059/1470
f 3155/2058/1508 3158/2058/1508 3157/2059/1470
f 3159/2060/1472 3161/2060/1543 3160/2061/1542
f 3162/2062/1475 3164/2063/1514 3163/2063/1476
f 3165/775/1515 3158/2058/1508 3155/2058/1508
f 3163/2063/1476 3161/2060/1543 3159/2060/1472
f 3163/2063/1476 3164/2063/1514 3161/2060/1543
f 3153/2064/1516 3154/2065/1516 3166/1300/1544
f 3156/2059/1470 3154/2065/1516 3153/2064/1516
f 3156/2059/1470 3157/2059/1470 3154/2065/1516
f 3169/2066/1483 3171/2066/1545 3170/2067/1484
f 3174/2068/1546 3176/2068/1547 3175/2069/1521
f 3173/1304/1548 3176/2068/1547 3174/2068/1546
f 3167/2070/1549 3171/2066/1545 3169/2066/1483
f 3167/2070/1549 3168/2071/1550 3171/2066/1545
f 3178/2072/1551 3168/2071/1550 3167/2070/1549
f 3185/2073/1444 3187/2074/1494 3186/2074/1494
f 3185/2073/1444 3188/2073/1444 3187/2074/1494
f 3189/2075/1552 3191/2076/1553 3190/2076/1448
f 3192/2077/1554 3194/2077/1556 3193/2078/1555
f 3186/2074/1494 3187/2074/1494 3195/785/1453
f 3190/2076/1448 3194/2077/1556 3192/2077/1554
f 3190/2076/1448 3191/2076/1553 3194/2077/1556
f 3196/1327/1557 3184/2080/1558 3183/2079/1558
f 3183/2079/1456 3188/2073/1444 3185/2073/1444
s 0
f 3183/2079/1559 3184/2080/1561 3188/2073/1560
s 1
f 3199/2081/1459 3201/2082/1535 3200/2082/1562
f 3204/2083/1536 3206/2084/1507 3205/2084/1463
f 3205/2084/1463 3206/2084/1507 3202/1311/1563
f 3200/2082/1562 3198/2086/1565 3197/2085/1564
f 3200/2082/1562 3201/2082/1535 3198/2086/1565
f 3197/2085/1564 3198/2086/1565 3208/2087/1566
f 3215/2088/1508 3217/2089/1470 3216/2089/1470
f 3215/2088/1508 3218/2088/1567 3217/2089/1470
f 3219/2090/1472 3221/2090/1543 3220/2091/1568
f 3222/2092/1475 3224/2093/1477 3223/2093/1513
f 3225/795/1569 3218/2088/1567 3215/2088/1508
f 3223/2093/1513 3221/2090/1543 3219/2090/1472
f 3223/2093/1513 3224/2093/1477 3221/2090/1543
f 3213/2094/1570 3214/2095/1570 3226/1318/1571
s 0
f 3216/2089/1572 3214/2095/1573 3213/2094/1573
s 1
f 3216/2089/1470 3217/2089/1470 3214/2095/1574
f 3229/2096/1483 3231/2096/1485 3230/2097/1575
f 3234/2098/1576 3236/2098/1578 3235/2099/1577
f 3233/2100/1579 3236/2098/1578 3234/2098/1576
f 3227/2101/1580 3231/2096/1485 3229/2096/1483
f 3227/2101/1580 3228/2102/1581 3231/2096/1485
f 3238/2103/1582 3228/2102/1581 3227/2101/1580
f 3243/2104/1583 3244/2106/1583 3245/2105/1584
s 0
f 3243/2104/1583 3430/2108/1583 3500/2107/1583
s 1
f 3500/2107/1585 3501/2109/1587 3244/2106/1586
f 3248/2110/1588 3247/2112/1590 3246/2111/1589
f 3253/2113/1591 3252/2115/1592 3251/2114/1592
f 3254/2116/1593 3523/2118/1595 3398/2117/1594
f 3398/2117/1594 3399/2120/1597 3255/2119/1596
f 3254/2116/1593 3255/2119/1596 3256/2121/1598
f 3261/2122/1599 3525/2124/1601 3524/2123/1600
f 3524/2123/1600 3366/2125/1603 3262/2122/1602
f 3259/2126/1604 3260/2127/1606 3263/1337/1605
f 3261/2122/1599 3260/2127/1606 3259/2126/1604
f 3261/2122/1599 3262/2122/1602 3260/2127/1606
f 3264/2128/1589 3267/2129/1608 3266/2129/1607
f 3264/2128/1589 3265/2130/1609 3267/2129/1608
f 3268/2131/1610 3265/2130/1609 3264/2128/1589
f 3273/2132/1611 3272/2134/1612 3271/2133/1612
f 3274/2135/1613 3526/2137/1615 3400/2136/1614
f 3400/2136/1614 3401/2139/1617 3275/2138/1616
f 3274/2135/1613 3275/2138/1616 3276/2140/1618
f 3281/2141/1619 3283/2142/1602 3282/2142/1620
f 3281/2141/1619 3284/2141/1619 3283/2142/1602
f 3281/2141/1619 3527/2144/1622 3402/2143/1621
f 3279/2145/1623 3280/2146/1623 3285/1350/1624
s 0
f 3282/2142/1625 3280/2146/1625 3279/2145/1625
s 1
f 3282/2142/1620 3283/2142/1602 3280/2146/1626
f 3288/2147/1607 3290/2147/1608 3289/2148/1627
f 3286/2149/1628 3290/2147/1608 3288/2147/1607
f 3286/2149/1628 3287/2150/1629 3290/2147/1608
f 3291/2151/1630 3287/2150/1629 3286/2149/1628
f 3298/1344/1631 3295/2153/1632 3294/2152/1632
f 3294/2152/1633 3297/2154/1634 3296/2154/1634
s 0
f 3294/2152/1635 3295/2153/1635 3297/2154/1635
s 1
f 3301/2155/1636 3433/2157/1638 3432/2156/1637
f 3301/2155/1636 3300/2159/1640 3299/2158/1639
f 3301/2155/1636 3302/2155/1641 3300/2159/1640
f 3299/2158/1639 3300/2159/1640 3303/2160/1642
f 3308/2161/1643 3310/2162/1602 3309/2162/1644
f 3308/2161/1643 3311/2161/1619 3310/2162/1602
f 3434/2163/1645 3475/2165/1647 3312/2164/1646
f 3313/838/1648 3311/2161/1619 3308/2161/1643
f 3306/2166/1649 3307/2168/1651 3314/2167/1650
f 3309/2162/1644 3307/2168/1651 3306/2166/1649
f 3309/2162/1644 3310/2162/1602 3307/2168/1651
f 3317/2169/1607 3319/2169/1653 3318/2170/1652
f 3315/2171/1654 3319/2169/1653 3317/2169/1607
f 3315/2171/1654 3316/2172/1655 3319/2169/1653
f 3322/2173/1656 3316/2172/1655 3315/2171/1654
f 3327/2174/1657 3329/2175/1658 3328/2175/1658
f 3327/2174/1657 3330/2174/1657 3329/2175/1658
f 3331/1358/1659 3326/2177/1660 3325/2176/1660
f 3325/2176/1633 3330/2174/1657 3327/2174/1657
s 0
f 3325/2176/1661 3326/2177/1661 3330/2174/1661
s 1
f 3334/2178/1662 3336/2179/1664 3335/2179/1663
f 3335/2179/1663 3333/2181/1666 3332/2180/1665
f 3335/2179/1663 3336/2179/1664 3333/2181/1666
f 3332/2180/1665 3333/2181/1666 3337/2182/1667
f 3246/2111/1589 3539/2184/1669 3540/2183/1668
f 3296/2154/1634 3528/2186/1671 3529/2185/1670
f 2627/2187/1672 3519/2189/1674 3520/2188/1673
f 1232/2190/1675 1234/1152/722 3513/1153/723
f 2962/1958/1422 2963/1959/1423 3522/2191/1676
f 3490/2192/1677 1231/1149/719 1232/2190/1675
f 1404/1254/828 3462/2194/1678 3495/2193/816
f 1404/1254/828 3463/1255/829 3462/2194/1678
f 3271/2133/1633 3444/2196/1680 3445/2195/1679
s 0
f 3271/2133/1681 3272/2134/1681 3474/2197/1681
s 1
f 3251/2114/1633 3442/2199/1680 3443/2198/1679
s 0
f 3251/2114/1682 3252/2115/1682 3472/2200/1683
s 1
f 731/832/440 732/829/438 3440/830/439
f 3266/2129/1607 3267/2129/1608 3473/2201/1684
f 1501/2132/1685 1500/1335/877 3426/1336/878
f 1496/2113/884 1495/1332/877 3424/1333/878
f 3438/553/273 468/554/274 466/2202/1686
f 463/549/269 464/550/270 3436/2203/1687
f 1402/2204/1688 3483/2206/812 3410/2205/1689
f 1402/2204/1688 3410/2205/1689 3409/88/34
f 1394/2207/811 3482/2209/812 3408/2208/1690
f 1394/2207/811 3408/2208/1690 3407/84/34
f 1387/2210/1688 3481/2212/812 3406/2211/1689
f 1387/2210/1688 3406/2211/1689 3405/80/30
f 1384/1237/811 3480/1238/812 3404/2213/1689
f 1384/1237/811 3404/2213/1689 3403/76/30
f 2953/1948/1413 2954/1949/1414 3429/2214/1691
f 1403/713/1692 3394/2215/1693 3483/2206/812
f 1395/700/1692 3392/2216/1693 3482/2209/812
f 1388/687/1692 3390/2217/1694 3481/2212/812
f 466/2202/1686 3381/2219/1696 3412/2218/1695
f 3381/2219/1696 466/2202/1686 463/549/269
f 3328/2175/1658 3329/2175/1658 3368/2220/1697
f 3296/2154/1634 3297/2154/1634 3367/2221/1698
f 3246/2111/1589 3247/2112/1590 3365/2222/1699
f 1504/1342/883 1503/1340/881 3359/2223/1700
f 1503/1340/881 3360/2224/1701 3359/2223/1700
f 1498/1339/880 3357/2226/1702 3497/2225/875
f 1498/1339/880 3356/2227/1703 3357/2226/1702
f 1498/1339/880 3358/2228/1701 3356/2227/1703
f 1497/2105/879 3355/2229/1704 3514/1328/873
f 3511/2230/1705 1230/1148/718 1231/1149/719
f 1231/1149/719 3490/2192/1677 3352/2231/1706
f 721/813/431 722/814/422 3351/2232/1707
f 614/21/6 3476/22/7 615/27/12
f 3370/24/9 616/25/10 615/27/12
f 617/28/6 3477/29/7 618/34/12
f 3372/31/9 619/32/10 618/34/12
f 624/35/6 3478/36/7 625/41/12
f 3374/38/9 626/39/10 625/41/12
f 631/42/6 3479/43/15 632/48/12
f 3376/45/16 633/46/10 632/48/12
f 3403/76/30 1382/74/28 1383/2233/1708
f 3405/80/30 1385/78/32 1386/2234/1708
f 3407/84/34 1391/82/32 1393/2235/1708
f 3409/88/34 1399/86/32 1401/2236/1708
f 3371/33/13 620/687/371 619/32/10
f 623/697/381 3343/698/368 624/35/6
f 3373/40/14 627/700/371 626/39/10
f 630/710/381 3346/711/368 631/42/6
f 3375/47/17 634/713/371 633/46/10
f 3348/715/386 636/718/387 635/717/384
f 3387/801/420 718/804/423 717/803/422
f 719/809/427 3388/806/424 720/807/425
f 724/819/427 3389/816/424 725/817/425
f 3450/821/432 727/824/435 726/823/434
f 3534/833/441 734/836/444 733/835/443
f 743/844/448 3420/845/449 744/847/450
f 3458/83/33 1392/697/820 1391/82/32
f 3423/1250/817 1397/1248/823 1398/708/818
f 3461/87/33 1400/710/826 1399/86/32
f 1506/1343/877 3537/1347/887 1508/1345/885
f 1518/1360/894 3517/1361/886 1519/1359/885
f 2630/1793/1267 3467/1794/1268 2631/1796/1270
f 2956/1950/1415 3538/1951/1416 2957/1954/1419
s 0
f 3243/2104/1583 3500/2107/1583 3244/2106/1583
s 1
f 3254/2116/1593 3398/2117/1594 3255/2119/1596
f 3261/2122/1599 3524/2123/1600 3262/2122/1602
f 3274/2135/1613 3400/2136/1614 3275/2138/1616
f 3281/2141/1619 3402/2143/1621 3284/2141/1619
f 3301/2155/1636 3432/2156/1637 3302/2155/1641
f 1232/2190/1675 3513/1153/723 3512/2237/1709
f 2962/1958/1422 3522/2191/1676 3499/2238/1710
f 3490/2192/1677 1232/2190/1675 3512/2237/1709
f 1404/1254/828 3495/2193/816 1405/717/815
s 0
f 3271/2133/1681 3474/2197/1681 3444/2196/1681
f 3251/2114/1711 3472/2200/1713 3442/2199/1712
s 1
f 731/832/440 3440/830/439 3533/2239/426
f 3266/2129/1607 3473/2201/1684 3431/2240/1714
f 1501/2132/1685 3426/1336/878 3466/2241/1715
f 1496/2113/884 3424/1333/878 3465/2242/1716
f 3438/553/273 466/2202/1686 3412/2218/1695
f 463/549/269 3436/2203/1687 3411/2243/1717
f 1402/2204/1688 3409/88/34 1401/2236/1708
f 1394/2207/811 3407/84/34 1393/2235/1708
f 1387/2210/1688 3405/80/30 1386/2234/1708
f 1384/1237/811 3403/76/30 1383/2233/1708
f 2953/1948/1413 3429/2214/1691 3396/2244/1718
f 1403/713/1692 3483/2206/812 1402/2204/1688
f 1395/700/1692 3482/2209/812 1394/2207/811
f 1388/687/1692 3481/2212/812 1387/2210/1688
f 3381/2219/1696 463/549/269 3411/2243/1717
f 3328/2175/1658 3368/2220/1697 3541/2245/1719
f 3296/2154/1634 3367/2221/1698 3528/2186/1671
f 3246/2111/1589 3365/2222/1699 3539/2184/1669
f 1504/1342/883 3359/2223/1700 3395/2246/1720
f 1498/1339/880 3497/2225/875 1499/1338/874
f 1497/2105/879 3514/1328/873 1494/1329/874
f 3511/2230/1705 1231/1149/719 3352/2231/1706
f 721/813/431 3351/2232/1707 3508/812/430
l 1618 1619
l 1642 1643
l 1691 1692
l 1701 1702
l 1744 1748
l 1749 1765
l 1866 1867
l 1890 1891
l 1939 1940
l 1949 1950
l 1991 1995
l 1996 2012
l 2015 2016
l 2019 2020
l 2028 2029
l 2028 2034
l 2089 2121
l 2125 2126
l 2125 2128
l 2134 2135
l 2138 2139
l 2134 2144
l 2231 2232
l 2235 2236
l 2231 2239
l 2243 2244
l 2243 2246
l 2341 2342
l 2341 2348
l 2349 2350
l 2353 2354
l 2361 2392
l 2453 2454
l 2492 2493
l 2535 2536
l 2535 2538
l 2555 2556
l 2559 2560
l 2559 2566
l 2599 2600
l 2606 2607
l 2633 2634
l 2647 2648
l 2654 2655
l 2658 2659
l 2658 2667
l 2682 2683
l 2685 2686
l 2735 2736
l 2770 2771
l 2779 2780
l 2821 2822
l 2821 2824
l 2834 2835
l 2842 2843
l 2876 2877
l 2885 2886
l 2927 2928
l 2927 2930
l 2940 2941
l 2948 2949
l 2980 2981
l 2989 2990
l 3364 2997
l 1571 1576
l 1566 1577
l 1818 1823
l 1813 1824
l 1987 1989
l 2016 2024
l 2029 2030
l 2126 2133
l 2145 2176
l 2244 2250
l 2305 2337
l 2342 2343
l 2350 2360
l 2560 2561
l 2600 2601
l 2780 2781
l 2886 2887
l 1557 1558
l 1581 1582
l 1629 1630
l 1639 1640
l 1687 1703
l 1755 1761
l 1750 1762
l 1804 1805
l 1828 1829
l 1877 1878
l 1887 1888
l 1935 1951
l 2002 2008
l 1997 2009
l 2069 2070
l 2073 2074
l 2082 2083
l 2082 2088
l 2143 2175
l 2179 2180
l 2179 2182
l 2188 2189
l 2192 2193
l 2188 2198
l 2285 2286
l 2289 2290
l 2285 2293
l 2297 2298
l 2297 2300
l 2395 2396
l 2395 2402
l 2403 2404
l 2407 2408
l 2415 2446
l 2500 2501
l 2539 2540
l 2545 2546
l 2539 2552
l 2603 2604
l 2611 2612
l 2625 2626
l 2637 2638
l 2668 2669
l 2672 2673
l 2672 2681
l 2691 2692
l 2691 2701
l 2705 2706
l 2713 2714
l 2839 2840
l 2945 2946
l 3019 3027
l 3029 3030
l 3059 3060
l 3079 3087
l 3089 3090
l 3119 3120
l 3139 3147
l 3149 3150
l 3179 3180
l 3199 3207
l 3209 3210
l 3239 3240
l 1683 1686
l 1931 1934
l 2070 2078
l 2083 2084
l 2180 2187
l 2199 2230
l 2298 2304
l 2359 2391
l 2396 2397
l 2404 2414
l 2546 2547
l 2604 2605
l 2612 2620
l 2638 2646
l 2692 2700
l 3050 3057
l 3110 3117
l 3170 3177
l 3230 3237
l 3318 3321
l 1568 1569
l 1578 1579
l 1620 1624
l 1625 1641
l 1742 1743
l 1766 1767
l 1815 1816
l 1825 1826
l 1868 1872
l 1873 1889
l 1989 1990
l 2013 2014
l 2017 2018
l 2017 2020
l 2026 2027
l 2030 2031
l 2026 2036
l 2123 2124
l 2127 2128
l 2136 2137
l 2136 2142
l 2197 2229
l 2233 2234
l 2233 2240
l 2241 2242
l 2245 2246
l 2253 2284
l 2339 2340
l 2343 2344
l 2339 2347
l 2351 2352
l 2351 2354
l 2451 2452
l 2490 2491
l 2490 2493
l 2537 2538
l 2549 2550
l 2553 2554
l 2557 2558
l 2601 2602
l 2557 2608
l 2652 2653
l 2660 2661
l 2689 2690
l 2723 2724
l 2723 2732
l 2739 2740
l 2768 2769
l 2768 2771
l 2781 2782
l 2789 2790
l 2823 2824
l 2832 2833
l 2874 2875
l 2874 2877
l 2887 2888
l 2895 2896
l 2929 2930
l 2938 2939
l 3470 2967
l 2995 2996
l 2995 2997
l 1616 1618
l 1694 1699
l 1689 1700
l 1942 1947
l 1937 1948
l 2018 2025
l 2037 2068
l 2124 2132
l 2137 2138
l 2234 2235
l 2242 2252
l 2352 2358
l 2413 2445
l 2452 2453
l 2550 2551
l 2597 2599
l 2653 2665
l 2661 2662
l 2833 2834
l 2939 2940
l 1564 1580
l 1631 1637
l 1626 1638
l 1680 1681
l 1704 1705
l 1753 1754
l 1763 1764
l 1811 1827
l 1879 1885
l 1874 1886
l 1928 1929
l 1952 1953
l 2000 2001
l 2010 2011
l 2035 2067
l 2071 2072
l 2071 2074
l 2080 2081
l 2084 2085
l 2080 2090
l 2177 2178
l 2181 2182
l 2190 2191
l 2190 2196
l 2287 2288
l 2287 2294
l 2295 2296
l 2299 2300
l 2307 2338
l 2393 2394
l 2397 2398
l 2393 2401
l 2405 2406
l 2405 2408
l 2455 2456
l 2494 2495
l 2494 2496
l 2498 2499
l 2547 2548
l 2609 2610
l 2623 2624
l 2623 2628
l 2627 2629
l 2635 2636
l 2687 2688
l 2707 2708
l 2711 2712
l 2707 2718
l 2711 2719
l 2715 2720
l 2737 2738
l 2786 2787
l 2892 2893
l 3022 3023
l 3031 3032
l 3052 3053
l 3061 3062
l 3082 3083
l 3091 3092
l 3112 3113
l 3121 3122
l 3142 3143
l 3151 3152
l 3172 3173
l 3181 3182
l 3202 3203
l 3211 3212
l 3232 3233
l 3241 3242
l 3249 3250
l 3257 3258
l 3269 3270
l 3277 3278
l 3292 3293
l 3304 3305
l 3323 3324
l 3338 3339
l 1560 1563
l 1807 1810
l 2072 2079
l 2091 2122
l 2178 2186
l 2191 2192
l 2251 2283
l 2288 2289
l 2296 2306
l 2406 2412
l 2456 2497
l 2624 2625
l 2712 2713
l 2980 3363
l 2990 3397
l 3334 3435
l 3289 3446
l 2975 3471
l 3320 3530
