# Blender 5.1.1
# www.blender.org
mtllib Pillars.mtl
o Cylinder.001
v 29.423908 11.269878 6.991584
v 29.437523 11.269878 6.987312
v 29.408134 11.269878 6.996256
v 29.487576 11.269878 6.809176
v 29.728035 11.269878 6.902225
v 29.732517 11.269878 6.897532
v 29.477005 8.253700 6.877444
v 29.512226 8.219456 6.965418
v 29.444542 8.318909 6.985471
v 29.439678 11.269878 6.986911
v 29.437523 11.269878 6.987312
v 29.408134 11.269878 6.996256
v 29.408146 8.100189 6.996156
v 29.408134 8.100189 6.996256
v 29.631012 8.209869 6.929732
v 29.548740 8.328705 6.803173
v 29.656639 8.266178 6.844065
v 29.710945 8.318897 6.906752
v 29.499634 11.269878 6.797605
v 29.728035 11.269878 6.902225
v 29.726398 11.269878 6.900511
v 29.070625 11.269878 6.961059
v 29.084839 11.269878 6.962334
v 29.054264 11.269878 6.959327
v 29.199352 11.269878 6.816988
v 29.373329 11.269878 6.993084
v 29.391716 11.269878 6.992488
v 29.162228 8.219452 6.970758
v 29.112762 8.325432 6.895316
v 29.092026 8.318916 6.963325
v 29.070625 11.269878 6.961059
v 29.062027 11.269878 6.955974
v 29.054310 8.100189 6.959246
v 29.054241 8.100170 6.959464
v 29.314972 8.214802 6.987813
v 29.285542 8.209881 6.984009
v 29.335751 8.294491 6.881438
v 29.368294 8.318913 6.992517
v 29.291187 11.269878 6.833555
v 29.373329 11.269878 6.993084
v 29.379421 11.269878 6.993050
v 29.217064 8.294323 6.839163
v 28.756027 11.269878 6.797449
v 28.746696 11.269878 6.786005
v 28.741581 11.269878 6.789579
v 29.026035 11.269878 6.783360
v 29.023335 11.269878 6.943059
v 29.025360 11.269878 6.943903
v 28.973389 8.310894 6.754271
v 28.885990 8.258266 6.746101
v 28.848473 8.209885 6.846606
v 28.774921 8.318916 6.807741
v 28.756027 11.269878 6.797449
v 28.755684 11.269878 6.794383
v 28.741653 8.100189 6.789521
v 28.741581 8.100189 6.789579
v 28.957211 8.219460 6.906278
v 29.024822 8.266178 6.858071
v 29.018898 8.318913 6.940605
v 29.013687 11.269878 6.759233
v 29.023335 11.269878 6.943059
v 29.025360 11.269878 6.943903
v 28.528172 11.269878 6.525743
v 28.533405 11.269878 6.530428
v 28.517845 11.269878 6.512938
v 28.775997 11.269878 6.567411
v 28.719250 11.269878 6.762698
v 28.720798 11.269878 6.764253
v 28.667892 8.258266 6.528136
v 28.594727 8.209885 6.606575
v 28.541679 8.318913 6.542496
v 28.528172 11.269878 6.525743
v 28.532375 11.269878 6.528710
v 28.517933 8.100189 6.512912
v 28.517845 8.100189 6.512938
v 28.672279 8.219460 6.703374
v 28.753201 8.266178 6.684767
v 28.716095 8.318920 6.758731
v 28.777451 11.269878 6.572842
v 28.719250 11.269878 6.762698
v 28.720798 11.269878 6.764253
v 28.745487 8.310902 6.569187
v 28.421871 11.269878 6.187453
v 28.424068 11.269878 6.187447
v 28.417244 11.269878 6.171668
v 28.627243 11.269878 6.321911
v 28.507526 11.269878 6.479551
v 28.509880 11.269878 6.485168
v 28.447788 8.219456 6.275847
v 28.498711 8.325424 6.201383
v 28.427925 8.318916 6.208104
v 28.421871 11.269878 6.187453
v 28.423801 11.269878 6.185047
v 28.417343 8.100189 6.171678
v 28.417107 8.100170 6.171697
v 28.490185 8.214813 6.423599
v 28.482487 8.209881 6.394923
v 28.595387 8.294746 6.404043
v 28.506130 8.318916 6.474676
v 28.633751 11.269878 6.359382
v 28.507526 11.269878 6.479551
v 28.589924 8.294899 6.275797
v 28.453362 11.269878 5.834255
v 28.457600 11.269878 5.828093
v 28.455135 11.269878 5.817901
v 28.584969 11.269878 6.035447
v 28.420509 11.269878 6.136875
v 28.420670 11.269878 6.148464
v 28.443447 8.219456 5.925835
v 28.522243 8.266178 5.897868
v 28.451038 8.318916 5.855649
v 28.453362 11.269878 5.834255
v 28.452045 11.269878 5.848465
v 28.455215 8.100189 5.817944
v 28.455135 8.100189 5.817901
v 28.429863 8.209881 6.049117
v 28.421150 8.315151 6.136602
v 28.521534 8.253700 6.080570
v 28.421089 8.318916 6.131839
v 28.589787 11.269878 5.948770
v 28.420509 11.269878 6.136875
v 28.421886 11.269878 6.162708
v 28.581776 8.328705 5.996709
v 28.617832 11.269878 5.520107
v 28.625740 11.269878 5.505682
v 28.710037 11.269878 5.679274
v 28.471489 11.269878 5.787018
v 28.465725 11.269878 5.801921
v 28.677254 8.283478 5.653059
v 28.573544 8.219456 5.600876
v 28.607487 8.318920 5.538975
v 28.609921 11.269878 5.534531
v 28.613422 11.269878 5.529547
v 28.625740 11.269878 5.505682
v 28.625801 8.100189 5.505754
v 28.625740 8.100189 5.505682
v 28.552464 8.197227 5.640327
v 28.513733 8.209881 5.709531
v 28.660412 8.310890 5.737590
v 28.556477 8.266178 5.788734
v 28.473957 8.318913 5.782589
v 28.674919 11.269878 5.773330
v 28.471489 11.269878 5.787018
v 28.890156 11.269878 5.292997
v 28.885460 11.269878 5.298217
v 28.902988 11.269878 5.282705
v 28.855919 11.269878 5.532814
v 28.652683 11.269878 5.483427
v 28.649406 11.269878 5.486702
v 28.809158 8.209888 5.359339
v 28.872025 8.294327 5.482666
v 28.906540 8.325424 5.369355
v 28.873371 8.318920 5.306459
v 28.877323 11.269878 5.303288
v 28.899845 11.269878 5.290556
v 28.902988 11.269878 5.282705
v 28.903019 8.100189 5.282802
v 28.902988 8.100189 5.282705
v 28.697834 8.214802 5.446069
v 28.712135 8.219463 5.436630
v 28.757988 8.294491 5.536230
v 28.656658 8.318916 5.480282
v 28.823345 11.269878 5.538846
v 28.652683 11.269878 5.483427
v 28.648384 11.269878 5.487740
v 29.228737 11.269878 5.187620
v 29.236050 11.269878 5.189191
v 29.244534 11.269878 5.183034
v 29.072762 11.269878 5.391369
v 28.936405 11.269878 5.272478
v 28.932125 11.269878 5.274246
v 29.128483 8.209885 5.217818
v 29.196148 8.266178 5.275536
v 29.208073 8.318916 5.193620
v 29.212936 11.269878 5.192206
v 29.215099 11.269878 5.191816
v 29.244534 11.269878 5.183033
v 29.244526 8.100189 5.183125
v 29.244534 8.100189 5.183034
v 29.036526 8.258266 5.355102
v 29.009254 8.219463 5.252025
v 28.936901 8.315163 5.272966
v 28.941280 8.318928 5.271096
v 29.174797 11.269878 5.357376
v 28.936405 11.269878 5.272478
v 28.913044 11.269878 5.283586
v 29.123646 8.310894 5.365877
v 29.581848 11.269878 5.220075
v 29.598194 11.269878 5.221895
v 29.469780 11.269878 5.365943
v 29.279316 11.269878 5.186396
v 29.263344 11.269878 5.186739
v 29.477676 8.209885 5.209542
v 29.485268 8.271786 5.317847
v 29.560459 8.318920 5.217695
v 29.565498 11.269878 5.218255
v 29.598194 11.269878 5.221896
v 29.598148 8.100189 5.221983
v 29.598221 8.100170 5.221760
v 29.354443 8.219460 5.195435
v 29.318558 8.251751 5.268693
v 29.284351 8.318920 5.186990
v 29.496117 11.269878 5.344542
v 29.279316 11.269878 5.186396
v 29.246544 11.269878 5.189207
v 29.379414 8.336811 5.341457
v 29.895546 11.269878 5.385403
v 29.901493 11.269878 5.393429
v 29.909946 11.269878 5.393351
v 29.638519 11.269878 5.414366
v 29.629032 11.269878 5.238333
v 29.624760 11.269878 5.236552
v 29.803371 8.209888 5.335738
v 29.766556 8.269386 5.438083
v 29.876705 8.318920 5.375006
v 29.895546 11.269878 5.385403
v 29.882942 11.269878 5.378710
v 29.909878 8.100189 5.393408
v 29.909946 8.100189 5.393351
v 29.694965 8.219460 5.275465
v 29.631989 8.248074 5.316895
v 29.633457 8.318916 5.240810
v 29.687332 11.269878 5.465481
v 29.629032 11.269878 5.238333
v 29.623413 11.269878 5.236001
v 29.662045 8.336807 5.419916
v 30.121910 11.269878 5.658349
v 30.112835 11.269878 5.647335
v 29.985626 11.269878 5.680316
v 30.132164 11.269878 5.671211
v 29.867458 11.269878 5.541066
v 29.932129 11.269878 5.420356
v 29.931175 11.269878 5.419384
v 29.904839 8.310894 5.613723
v 29.982208 8.258266 5.655193
v 30.055817 8.209885 5.577141
v 30.108494 8.318913 5.641523
v 30.111652 11.269878 5.645487
v 30.114899 11.269878 5.650640
v 30.132164 11.269878 5.671211
v 30.132080 8.100189 5.671237
v 30.132278 8.100170 5.671132
v 29.978786 8.219463 5.479923
v 29.897758 8.266178 5.498101
v 29.935265 8.318920 5.424337
v 29.932983 11.269878 5.662017
v 29.932129 11.269878 5.420356
v 29.912964 11.269878 5.402982
v 30.226360 11.269878 5.997216
v 30.224556 11.269878 6.014184
v 30.230907 11.269878 6.013027
v 30.029484 11.269878 5.794272
v 30.142303 11.269878 5.704654
v 30.196461 8.209885 5.896873
v 30.138535 8.266182 5.964389
v 30.220421 8.318916 5.976533
v 30.226360 11.269878 5.997216
v 30.222202 11.269878 5.983565
v 30.230804 8.100189 6.013017
v 30.231041 8.100170 6.012998
v 30.059402 8.258270 5.804553
v 30.162586 8.219460 5.777551
v 30.141815 8.315155 5.705150
v 30.143669 8.318916 5.709536
v 30.056755 11.269878 5.942814
v 30.142303 11.269878 5.704654
v 30.131260 11.269878 5.681260
v 30.048389 8.310902 5.891635
v 30.192940 11.269878 6.350236
v 30.193451 11.269878 6.339827
v 30.191074 11.269878 6.366580
v 30.044502 11.269878 6.171835
v 30.227444 11.269878 6.047801
v 30.227459 11.269878 6.041712
v 30.203354 8.219456 6.258713
v 30.093990 8.294495 6.272951
v 30.195381 8.318920 6.328856
v 30.194805 11.269878 6.333891
v 30.193451 11.269878 6.339827
v 30.191074 11.269878 6.366580
v 30.190994 8.100189 6.366537
v 30.191212 8.100170 6.366606
v 30.223206 8.237041 6.084624
v 30.217617 8.209881 6.135507
v 30.155983 8.325424 6.058306
v 30.226841 8.318916 6.052834
v 30.044502 11.269878 6.171835
v 30.227444 11.269878 6.047801
v 30.227459 11.269878 6.041712
v 30.078510 8.294327 6.147921
v 30.026756 11.269878 6.663483
v 30.033489 11.269878 6.650897
v 30.018764 11.269878 6.677863
v 29.946953 11.269878 6.515671
v 30.174553 11.269878 6.397373
v 30.184292 11.269878 6.368333
v 30.071484 8.219456 6.582957
v 29.974434 8.269382 6.534348
v 30.037205 8.318916 6.644670
v 30.026756 11.269878 6.663483
v 30.018715 11.269878 6.669407
v 30.018707 8.100189 6.677792
v 30.018883 8.100170 6.677939
v 30.131886 8.209881 6.474629
v 30.095993 8.248070 6.400114
v 30.172062 8.318913 6.401790
v 30.005035 11.269878 6.397795
v 30.174553 11.269878 6.397373
v 30.175415 11.269878 6.395356
v 29.992882 8.336803 6.429890
v 29.753193 11.269878 6.889100
v 29.760921 11.269878 6.882107
v 29.786003 11.269878 6.645217
v 29.991703 11.269878 6.699970
v 29.993271 11.269878 6.698436
v 29.756729 8.258266 6.749409
v 29.825375 8.219456 6.831872
v 29.770058 8.318916 6.875732
v 29.766079 11.269878 6.878879
v 29.760921 11.269878 6.882107
v 29.740303 11.269878 6.899321
v 29.740303 8.100189 6.899322
v 29.740383 8.100170 6.899435
v 29.922688 8.209877 6.754980
v 29.798412 8.310898 6.672152
v 29.914055 8.266178 6.665384
v 29.987713 8.318916 6.703096
v 29.750038 11.269878 6.700165
v 29.991703 11.269878 6.699970
v 30.009129 11.269878 6.680851
v 29.422123 7.867599 7.147824
v 29.008987 7.867599 7.104701
v 28.644051 7.867599 6.906416
v 28.382877 7.867599 6.583486
v 28.265293 7.867599 6.185095
v 28.309547 7.867599 5.772079
v 28.508736 7.867599 5.407570
v 28.832428 7.867599 5.147257
v 29.231178 7.867599 5.030904
v 29.644005 7.867599 5.076414
v 30.008038 7.867599 5.276467
v 30.267467 7.867599 5.600872
v 30.382729 7.867599 5.999940
v 30.336220 7.867599 6.412710
v 30.135044 7.867599 6.776124
v 29.809887 7.867599 7.034522
v 29.422138 7.199650 7.147677
v 29.009056 7.199650 7.104571
v 28.644051 7.199650 6.906416
v 28.382877 7.199650 6.583486
v 28.265442 7.199650 6.185111
v 28.309677 7.199650 5.772150
v 28.508827 7.199650 5.407686
v 28.832470 7.199650 5.147399
v 29.231163 7.199650 5.031051
v 29.644005 7.199650 5.076414
v 30.007919 7.199650 5.276560
v 30.267323 7.199650 5.600914
v 30.382580 7.199650 5.999924
v 30.336090 7.199650 6.412639
v 30.134949 7.199650 6.776007
v 29.809978 7.199650 7.034637
v 29.423908 11.269878 -6.947966
v 29.403343 11.269878 -6.945367
v 29.408134 11.269878 -6.952639
v 29.608494 11.269878 -6.752832
v 29.728035 11.269878 -6.858608
v 29.720039 11.269878 -6.859720
v 29.512226 8.219456 -6.921801
v 29.439831 8.315159 -6.942615
v 29.444542 8.318909 -6.941853
v 29.423908 11.269878 -6.947966
v 29.437523 11.269878 -6.943695
v 29.408146 8.100189 -6.952538
v 29.408134 8.100189 -6.952639
v 29.479321 8.258266 -6.819687
v 29.631012 8.209869 -6.886115
v 29.656639 8.266178 -6.800447
v 29.710945 8.318897 -6.863134
v 29.499634 11.269878 -6.753988
v 29.728035 11.269878 -6.858608
v 29.726398 11.269878 -6.856894
v 29.546825 8.310894 -6.763568
v 29.070625 11.269878 -6.917441
v 29.057621 11.269878 -6.910450
v 29.054264 11.269878 -6.915710
v 29.319466 11.269878 -6.802725
v 29.373329 11.269878 -6.949467
v 29.374695 11.269878 -6.949469
v 29.123856 8.237034 -6.923035
v 29.162228 8.219452 -6.927141
v 29.112762 8.325432 -6.851698
v 29.092026 8.318916 -6.919707
v 29.070625 11.269878 -6.917441
v 29.062027 11.269878 -6.912357
v 29.054310 8.100189 -6.915629
v 29.054241 8.100170 -6.915846
v 29.253670 8.197231 -6.936323
v 29.285542 8.209881 -6.940392
v 29.322857 8.293987 -6.832830
v 29.368294 8.318913 -6.948899
v 29.291187 11.269878 -6.789938
v 29.373329 11.269878 -6.949467
v 29.379421 11.269878 -6.949432
v 29.216988 8.295284 -6.795688
v 28.756027 11.269878 -6.753830
v 28.751942 11.269878 -6.747564
v 28.741581 11.269878 -6.745962
v 28.968704 11.269878 -6.698756
v 29.023335 11.269878 -6.899442
v 29.045265 11.269878 -6.907346
v 28.848473 8.209885 -6.802989
v 28.771061 8.315159 -6.761329
v 28.774921 8.318916 -6.764123
v 28.770470 11.269878 -6.761700
v 28.755680 11.269878 -6.750766
v 28.741581 11.269878 -6.745962
v 28.741661 8.100189 -6.745898
v 28.741581 8.100189 -6.745962
v 28.885990 8.258266 -6.702484
v 28.957211 8.219460 -6.862661
v 29.024822 8.266178 -6.814454
v 29.018898 8.318913 -6.896988
v 29.013691 11.269878 -6.715617
v 29.023335 11.269878 -6.899442
v 29.025360 11.269878 -6.900286
v 28.973389 8.310894 -6.710654
v 28.528172 11.269878 -6.482126
v 28.533405 11.269878 -6.486811
v 28.517845 11.269878 -6.469321
v 28.742298 11.269878 -6.495520
v 28.719250 11.269878 -6.719081
v 28.730835 11.269878 -6.730084
v 28.594727 8.209885 -6.562957
v 28.539185 8.315151 -6.494816
v 28.541679 8.318913 -6.498879
v 28.538498 11.269878 -6.494931
v 28.532375 11.269878 -6.485093
v 28.517845 11.269878 -6.469321
v 28.517933 8.100189 -6.469295
v 28.517845 8.100189 -6.469321
v 28.667892 8.258266 -6.484519
v 28.672279 8.219460 -6.659756
v 28.745487 8.310902 -6.525570
v 28.753201 8.266178 -6.641150
v 28.716095 8.318920 -6.715114
v 28.777451 11.269878 -6.529224
v 28.719250 11.269878 -6.719081
v 28.720798 11.269878 -6.720635
v 28.421871 11.269878 -6.143836
v 28.425690 11.269878 -6.155061
v 28.417240 11.269878 -6.128050
v 28.575985 11.269878 -6.190805
v 28.507526 11.269878 -6.435934
v 28.525494 11.269878 -6.467586
v 28.436966 8.237041 -6.195178
v 28.447788 8.219456 -6.232230
v 28.498711 8.325424 -6.157766
v 28.427925 8.318916 -6.164486
v 28.421871 11.269878 -6.143836
v 28.423801 11.269878 -6.141429
v 28.417332 8.100189 -6.128059
v 28.417107 8.100170 -6.128079
v 28.482487 8.209881 -6.351305
v 28.595387 8.294746 -6.360426
v 28.506130 8.318916 -6.431059
v 28.633751 11.269878 -6.315764
v 28.507526 11.269878 -6.435934
v 28.589924 8.294899 -6.232180
v 28.453362 11.269878 -5.790638
v 28.458473 11.269878 -5.782056
v 28.455135 11.269878 -5.774284
v 28.583588 11.269878 -5.985788
v 28.420509 11.269878 -6.093258
v 28.420898 11.269878 -6.109232
v 28.443447 8.219456 -5.882217
v 28.581776 8.328705 -5.953092
v 28.522243 8.266178 -5.854250
v 28.451038 8.318916 -5.812032
v 28.453362 11.269878 -5.790638
v 28.452045 11.269878 -5.804848
v 28.455215 8.100189 -5.774327
v 28.455135 8.100189 -5.774284
v 28.521534 8.253700 -6.036953
v 28.429863 8.209881 -6.005499
v 28.421089 8.318916 -6.088222
v 28.589787 11.269878 -5.905153
v 28.420509 11.269878 -6.093258
v 28.421886 11.269878 -6.119091
v 28.617832 11.269878 -5.476490
v 28.620895 11.269878 -5.476154
v 28.625740 11.269878 -5.462065
v 28.673904 11.269878 -5.695735
v 28.471489 11.269878 -5.743401
v 28.465725 11.269878 -5.758304
v 28.573544 8.219456 -5.557259
v 28.606842 8.287235 -5.497411
v 28.607487 8.318920 -5.495358
v 28.609921 11.269878 -5.490913
v 28.613422 11.269878 -5.485930
v 28.625740 11.269878 -5.462065
v 28.625801 8.100189 -5.462137
v 28.625740 8.100189 -5.462065
v 28.552464 8.197227 -5.596710
v 28.677254 8.283478 -5.609442
v 28.513733 8.209881 -5.665914
v 28.556477 8.266178 -5.745117
v 28.473957 8.318913 -5.738972
v 28.693489 11.269878 -5.665284
v 28.471489 11.269878 -5.743401
v 28.464947 11.269878 -5.760590
v 28.660412 8.310890 -5.693973
v 28.890156 11.269878 -5.249380
v 28.906509 11.269878 -5.244499
v 28.902988 11.269878 -5.239088
v 28.793846 11.269878 -5.503813
v 28.652683 11.269878 -5.439809
v 28.651127 11.269878 -5.441351
v 28.848434 8.237041 -5.282886
v 28.809158 8.209888 -5.315722
v 28.906540 8.325424 -5.325737
v 28.873371 8.318920 -5.262842
v 28.890156 11.269878 -5.249379
v 28.906509 11.269878 -5.244499
v 28.903015 8.100189 -5.239176
v 28.902988 8.100189 -5.239088
v 28.712135 8.219463 -5.393013
v 28.757988 8.294491 -5.492612
v 28.656658 8.318916 -5.436664
v 28.807941 11.269878 -5.497267
v 28.652683 11.269878 -5.439809
v 28.648384 11.269878 -5.444123
v 28.872025 8.294327 -5.439049
v 29.228737 11.269878 -5.144003
v 29.245712 11.269878 -5.145758
v 29.244534 11.269878 -5.139417
v 29.042248 11.269878 -5.342084
v 28.936405 11.269878 -5.228860
v 28.934376 11.269878 -5.229687
v 29.128483 8.209885 -5.174201
v 29.196148 8.266178 -5.231919
v 29.208073 8.318916 -5.150002
v 29.228737 11.269878 -5.144003
v 29.215099 11.269878 -5.148199
v 29.244526 8.100189 -5.139517
v 29.244534 8.100189 -5.139417
v 29.123646 8.310894 -5.322259
v 29.036526 8.258266 -5.311485
v 29.009254 8.219463 -5.208408
v 28.941280 8.318928 -5.227479
v 29.174797 11.269878 -5.313759
v 28.936405 11.269878 -5.228860
v 28.913044 11.269878 -5.239968
v 29.581848 11.269878 -5.176458
v 29.598194 11.269878 -5.178278
v 29.496117 11.269878 -5.300924
v 29.279316 11.269878 -5.142778
v 29.246544 11.269878 -5.145590
v 29.477676 8.209885 -5.165925
v 29.558319 8.287235 -5.174263
v 29.499382 8.266911 -5.260211
v 29.560459 8.318920 -5.174078
v 29.565498 11.269878 -5.174638
v 29.598194 11.269878 -5.178278
v 29.598152 8.100189 -5.178358
v 29.598221 8.100170 -5.178142
v 29.354443 8.219460 -5.151817
v 29.318558 8.251751 -5.225076
v 29.284351 8.318920 -5.143373
v 29.496117 11.269878 -5.300924
v 29.279316 11.269878 -5.142778
v 29.246544 11.269878 -5.145590
v 29.393646 8.328709 -5.301602
v 29.895546 11.269878 -5.341786
v 29.908138 11.269878 -5.358250
v 29.909946 11.269878 -5.349733
v 29.610374 11.269878 -5.327379
v 29.629032 11.269878 -5.194715
v 29.803371 8.209888 -5.292121
v 29.802284 8.262581 -5.383487
v 29.876705 8.318920 -5.331388
v 29.881142 11.269878 -5.333838
v 29.882942 11.269878 -5.335093
v 29.909946 11.269878 -5.349734
v 29.909870 8.100189 -5.349797
v 29.909946 8.100189 -5.349734
v 29.694965 8.219460 -5.231848
v 29.619827 8.294750 -5.310199
v 29.633457 8.318916 -5.197193
v 29.720970 11.269878 -5.424556
v 29.629032 11.269878 -5.194715
v 29.611862 11.269878 -5.188129
v 29.709896 8.336548 -5.402659
v 30.121910 11.269878 -5.614731
v 30.121037 11.269878 -5.617689
v 30.132164 11.269878 -5.627594
v 29.869629 11.269878 -5.549881
v 29.932129 11.269878 -5.376739
v 29.930592 11.269878 -5.375175
v 30.055817 8.209885 -5.533524
v 30.110966 8.315144 -5.601982
v 30.108494 8.318913 -5.597907
v 30.121910 11.269878 -5.614731
v 30.121037 11.269878 -5.617689
v 30.132080 8.100189 -5.627620
v 30.132278 8.100170 -5.627514
v 29.982208 8.258266 -5.611576
v 29.978786 8.219463 -5.436306
v 29.897758 8.266178 -5.454484
v 29.935265 8.318920 -5.380720
v 29.869629 11.269878 -5.549881
v 29.932129 11.269878 -5.376739
v 29.930592 11.269878 -5.375175
v 29.904839 8.310894 -5.570105
v 30.226360 11.269878 -5.953599
v 30.224766 11.269878 -5.968275
v 30.230904 11.269878 -5.969410
v 30.026718 11.269878 -5.771263
v 30.142303 11.269878 -5.661036
v 30.141483 11.269878 -5.659004
v 30.196461 8.209885 -5.853256
v 30.138535 8.266182 -5.920771
v 30.220421 8.318916 -5.932916
v 30.226360 11.269878 -5.953599
v 30.224556 11.269878 -5.970567
v 30.230812 8.100189 -5.969400
v 30.231041 8.100170 -5.969381
v 30.048389 8.310902 -5.848018
v 30.059402 8.258270 -5.760935
v 30.162586 8.219460 -5.733933
v 30.143669 8.318916 -5.665918
v 30.028793 11.269878 -5.766567
v 30.142303 11.269878 -5.661036
v 30.141483 11.269878 -5.659004
v 30.192940 11.269878 -6.306619
v 30.185841 11.269878 -6.319561
v 30.191074 11.269878 -6.322963
v 30.078438 11.269878 -6.061684
v 30.227444 11.269878 -6.004184
v 30.227467 11.269878 -6.001992
v 30.203354 8.219456 -6.215096
v 30.093990 8.294495 -6.229334
v 30.195381 8.318920 -6.285239
v 30.194805 11.269878 -6.290274
v 30.184769 11.269878 -6.321599
v 30.191074 11.269878 -6.322963
v 30.190994 8.100189 -6.322920
v 30.191212 8.100170 -6.322989
v 30.202339 8.214809 -6.232172
v 30.217617 8.209881 -6.091890
v 30.155979 8.325424 -6.014688
v 30.226841 8.318916 -6.009216
v 30.082153 11.269878 -6.058142
v 30.227444 11.269878 -6.004184
v 30.227467 11.269878 -6.001991
v 30.078510 8.294327 -6.104304
v 30.026756 11.269878 -6.619865
v 30.020458 11.269878 -6.623899
v 30.018764 11.269878 -6.634246
v 30.000263 11.269878 -6.356506
v 30.174553 11.269878 -6.353756
v 30.175415 11.269878 -6.351738
v 30.071484 8.219456 -6.539340
v 30.037861 8.287231 -6.599001
v 29.974731 8.269287 -6.492170
v 30.037205 8.318916 -6.601052
v 30.026756 11.269878 -6.619865
v 30.018715 11.269878 -6.625790
v 30.018707 8.100189 -6.634174
v 30.018883 8.100170 -6.634322
v 30.131886 8.209881 -6.431012
v 29.992893 8.336544 -6.386336
v 30.095993 8.248070 -6.356497
v 30.172062 8.318913 -6.358172
v 29.995609 11.269878 -6.367010
v 30.174553 11.269878 -6.353756
v 30.176903 11.269878 -6.348137
v 29.753193 11.269878 -6.845483
v 29.762161 11.269878 -6.837725
v 29.760303 11.269878 -6.630847
v 29.991703 11.269878 -6.656353
v 29.999844 11.269878 -6.648101
v 29.825375 8.219456 -6.788255
v 29.765968 8.315166 -6.834576
v 29.770058 8.318916 -6.832115
v 29.753193 11.269878 -6.845483
v 29.760921 11.269878 -6.838490
v 29.740303 8.100189 -6.855704
v 29.740383 8.100170 -6.855817
v 29.756729 8.258266 -6.705791
v 29.922688 8.209877 -6.711362
v 29.914055 8.266178 -6.621767
v 29.987713 8.318916 -6.659479
v 29.750038 11.269878 -6.656548
v 29.991703 11.269878 -6.656353
v 30.009129 11.269878 -6.637233
v 29.798412 8.310894 -6.628535
v 29.422123 7.867599 -7.104207
v 29.008987 7.867599 -7.061084
v 28.644051 7.867599 -6.862799
v 28.382877 7.867599 -6.539869
v 28.265293 7.867599 -6.141478
v 28.309547 7.867599 -5.728462
v 28.508736 7.867599 -5.363954
v 28.832428 7.867599 -5.103640
v 29.231178 7.867599 -4.987287
v 29.644005 7.867599 -5.032797
v 30.008038 7.867599 -5.232850
v 30.267467 7.867599 -5.557255
v 30.382729 7.867599 -5.956323
v 30.336220 7.867599 -6.369093
v 30.135044 7.867599 -6.732506
v 29.809887 7.867599 -6.990904
v 29.422138 7.199650 -7.104060
v 29.009056 7.199650 -7.060954
v 28.644051 7.199650 -6.862799
v 28.382877 7.199650 -6.539869
v 28.265442 7.199650 -6.141494
v 28.309677 7.199650 -5.728533
v 28.508827 7.199650 -5.364069
v 28.832470 7.199650 -5.103782
v 29.231163 7.199650 -4.987433
v 29.644005 7.199650 -5.032797
v 30.007919 7.199650 -5.232943
v 30.267323 7.199650 -5.557296
v 30.382580 7.199650 -5.956307
v 30.336090 7.199650 -6.369021
v 30.134949 7.199650 -6.732390
v 29.809978 7.199650 -6.991020
v 19.655704 9.145309 12.322656
v 19.816097 9.143757 12.418720
v 19.877007 9.143314 12.650043
v 19.732208 9.143759 12.840444
v 19.494473 9.142597 12.853992
v 19.344486 9.145309 12.701872
v 19.342270 9.142599 12.488528
v 19.494495 9.145666 12.337775
v 19.784187 9.125055 12.372072
v 19.882706 9.126822 12.539277
v 19.874428 9.127672 12.678070
v 19.804203 9.126820 12.798071
v 19.684191 9.128302 12.869047
v 19.544966 9.126820 12.876709
v 19.377445 9.126904 12.778084
v 19.314631 9.126165 12.595159
v 19.378017 9.125055 12.412076
v 19.572983 9.123251 12.309670
v 19.854107 9.062683 12.338036
v 19.979034 9.062683 12.645451
v 19.711887 9.062683 12.944139
v 19.365671 9.062683 12.888804
v 19.242577 9.062683 12.474254
v 19.573956 9.062683 12.230015
v 19.344742 5.025562 12.866130
v 19.465347 9.145872 11.867083
v 19.631485 9.142181 11.976947
v 19.709606 9.144800 12.194560
v 19.668026 9.145872 12.356380
v 19.527864 9.142185 12.497888
v 19.332592 9.145607 12.535432
v 19.175255 9.144800 12.480852
v 19.035965 9.143080 12.295419
v 19.061525 9.143080 12.032664
v 19.265392 9.143082 11.864943
v 19.501839 9.126120 11.866442
v 19.639494 9.127840 11.970283
v 19.715055 9.126791 12.125451
v 19.694281 9.126120 12.331030
v 19.563047 9.125288 12.489928
v 19.400679 9.127842 12.547155
v 19.197962 9.122442 12.509418
v 19.141079 9.128460 12.468859
v 19.037548 9.126120 12.331026
v 19.024670 9.122442 12.091527
v 19.168144 9.126791 11.898909
v 19.331251 9.127382 11.842975
v 19.696533 9.062683 11.888940
v 19.819660 9.062683 12.303754
v 19.522058 9.062683 12.617430
v 19.157457 9.062683 12.597266
v 18.930227 9.059692 12.281701
v 18.986006 9.062683 11.930891
v 19.405998 9.062683 11.745366
v 18.943382 9.062683 12.351043
v 19.225315 5.025562 11.766778
v 17.886810 9.145666 12.337777
v 18.037439 9.141811 12.488607
v 18.026722 9.144367 12.726394
v 17.886915 9.145309 12.851775
v 17.698841 9.144899 12.863369
v 17.521370 9.142597 12.701790
v 17.534126 9.144367 12.463097
v 17.699465 9.143759 12.329009
v 17.939983 9.127350 12.356033
v 18.044870 9.126165 12.485532
v 18.064800 9.128036 12.623108
v 18.002779 9.124222 12.777609
v 17.836342 9.126820 12.876709
v 17.697117 9.128302 12.869047
v 17.493111 9.126820 12.595287
v 17.541422 9.126820 12.435768
v 17.645327 9.128036 12.342999
v 17.780075 9.126820 12.308067
v 18.156393 9.062683 12.665915
v 17.874157 9.062683 12.949590
v 17.443693 9.062683 12.808182
v 17.504715 9.062683 12.350265
v 17.921822 9.062683 12.236844
v 17.478662 5.025562 12.793138
v 18.185488 9.145317 11.876645
v 18.338652 9.144175 12.004474
v 18.398115 9.143860 12.228818
v 18.296028 9.144175 12.437251
v 18.153204 9.145607 12.522263
v 17.986944 9.144802 12.532047
v 17.810879 9.144802 12.438157
v 17.716648 9.144800 12.262276
v 17.749279 9.143080 12.032663
v 17.953144 9.143080 11.864943
v 18.189594 9.126120 11.866442
v 18.327484 9.128172 11.970177
v 18.401684 9.125288 12.125671
v 18.392639 9.128172 12.297719
v 18.279251 9.121189 12.469771
v 18.088388 9.128172 12.547411
v 17.886047 9.121189 12.508499
v 17.724787 9.126791 12.331122
v 17.713390 9.121189 12.091672
v 17.856091 9.126120 11.899397
v 18.018902 9.127840 11.842635
v 18.424389 9.062683 11.943188
v 18.502342 9.062683 12.328260
v 18.188665 9.062683 12.625545
v 17.865814 9.062683 12.602222
v 17.617327 9.060532 12.281691
v 17.695042 9.062683 11.898428
v 18.180677 9.062683 11.761823
v 18.410288 5.025562 12.475264
v 17.623020 9.062683 12.329895
v 18.088665 5.025562 11.742614
v 18.762087 9.143923 11.558348
v 18.999802 9.144749 11.629749
v 19.192368 9.145342 11.787140
v 19.308502 9.143921 12.006786
v 19.326939 9.141741 12.315999
v 19.103306 9.143921 12.683230
v 18.762081 9.143921 12.824575
v 18.514713 9.145346 12.801342
v 18.296127 9.143923 12.683232
v 18.138136 9.144749 12.491788
v 18.065954 9.144749 12.254019
v 18.108843 9.141739 11.946954
v 18.295597 9.144749 11.699266
v 18.514711 9.145344 11.581580
v 18.827837 9.128513 11.547364
v 19.010405 9.126623 11.610216
v 19.164085 9.128513 11.727092
v 19.281229 9.127304 11.880681
v 19.355614 9.126623 12.126855
v 19.343815 9.128513 12.319579
v 19.280964 9.126623 12.502150
v 19.118031 9.127306 12.701119
v 18.891174 9.127794 12.822607
v 18.635046 9.127306 12.847629
v 18.448402 9.128513 12.798187
v 18.153679 9.128513 12.556313
v 18.068571 9.127794 12.382916
v 18.043821 9.126623 12.126861
v 18.118202 9.127306 11.880690
v 18.281397 9.127306 11.681808
v 18.448404 9.128513 11.584735
v 18.635103 9.126623 11.535568
v 19.192219 9.062683 11.512818
v 19.516571 9.062683 12.022671
v 19.444252 9.062683 12.580611
v 19.056175 9.062683 12.938518
v 18.465250 9.062683 13.001769
v 17.985004 9.062683 12.629978
v 17.880527 9.062683 12.072795
v 18.133036 9.062683 11.578230
v 18.656805 9.062683 11.364739
v 17.926754 5.025562 12.504942
v 19.818779 5.025562 12.283583
v 19.949131 5.025562 12.734997
v 19.662806 5.025562 12.958216
v 19.239521 5.025562 12.549224
v 19.407942 5.025562 12.284790
v 19.687019 5.025562 11.861846
v 19.792690 5.025562 12.366484
v 19.470831 5.025562 12.632970
v 19.143120 5.025562 12.584530
v 18.927841 5.025562 12.299815
v 18.981964 5.025562 11.959316
v 18.130407 5.025562 12.422074
v 18.033566 5.025562 12.864127
v 17.681248 5.025562 12.949436
v 17.432178 5.025562 12.455320
v 17.731121 5.025562 12.227687
v 18.493742 5.025562 12.033365
v 18.085220 5.025562 12.644910
v 17.653564 5.025562 12.439171
v 17.714334 5.025562 11.871211
v 19.269245 5.025562 11.576034
v 19.496815 5.025562 11.986189
v 19.476139 5.025562 12.540587
v 18.978714 5.025562 12.973426
v 18.353214 5.025562 12.965911
v 17.894539 5.025562 11.988991
v 18.203821 5.025562 11.511872
v 18.741184 5.025562 11.363060
v 19.728939 29.178164 13.780411
v 19.720104 29.175285 13.779405
v 19.555794 29.178097 13.970538
v 19.277147 29.176506 14.112371
v 18.638399 29.178947 13.922944
v 18.891335 29.176254 14.075098
v 18.640232 29.176022 13.872690
v 19.089632 29.049206 14.035899
v 18.704824 29.048416 13.830871
v 19.716309 29.051678 13.397864
v 19.535542 29.051678 13.917036
v 18.825584 29.051678 13.983129
v 19.362526 9.143551 12.946030
v 19.581079 9.144234 13.112785
v 19.685347 9.144962 13.306416
v 19.701090 9.142494 13.580695
v 19.581963 9.145483 13.828716
v 19.411057 9.144234 13.967541
v 19.145573 9.142494 14.036995
v 18.830753 9.142490 13.941642
v 18.647186 9.145487 13.736664
v 18.584343 9.144234 13.525651
v 18.645569 9.145924 13.184881
v 18.709171 9.144960 13.112244
v 18.879604 9.144236 12.973248
v 19.089844 9.144957 12.908770
v 19.258873 9.128513 12.899570
v 19.420607 9.126745 12.955381
v 19.556873 9.128513 13.058851
v 19.660341 9.126743 13.195114
v 19.726994 9.127857 13.413116
v 19.704420 9.127392 13.640045
v 19.629253 9.128513 13.793740
v 19.515793 9.126743 13.921806
v 19.314999 9.127855 14.029703
v 19.088089 9.126743 14.051548
v 18.869810 9.127857 13.985858
v 18.774603 9.128056 13.922125
v 18.693920 9.126743 13.840860
v 18.607624 9.128513 13.693119
v 18.564177 9.126743 13.527635
v 18.586021 9.127855 13.300723
v 18.693722 9.127392 13.099700
v 18.869953 9.127392 12.955098
v 19.088085 9.126745 12.889242
v 19.538723 9.062683 12.838553
v 19.876736 9.062683 13.352630
v 19.705523 9.062683 13.955612
v 19.326000 9.062683 14.181378
v 18.800453 9.062683 14.130234
v 18.446564 9.061281 13.682306
v 18.514833 9.062683 13.095412
v 18.888725 9.062683 12.770365
v 18.417072 9.062683 13.660295
v 18.764877 29.175285 13.975832
v 18.539917 29.178097 14.089546
v 18.223183 29.180971 14.102688
v 18.517056 29.049206 14.014166
v 18.926254 29.051678 13.510648
v 18.600780 29.051678 14.021111
v 17.985449 29.051678 13.917162
v 18.618277 9.144960 12.972745
v 18.787849 9.144236 13.112782
v 18.892118 9.144960 13.306427
v 18.913759 9.144960 13.525561
v 18.823345 9.142498 13.784984
v 18.618357 9.145485 13.968542
v 18.407265 9.144960 14.032056
v 18.188122 9.144960 14.010413
v 17.952291 9.141195 13.870201
v 17.811583 9.145485 13.306424
v 17.916351 9.144234 13.112783
v 18.085838 9.145485 12.972248
v 18.352343 9.142490 12.903799
v 18.465643 9.128513 12.899570
v 18.627378 9.126743 12.955383
v 18.763639 9.128513 13.058851
v 18.867107 9.126743 13.195110
v 18.933544 9.127392 13.413076
v 18.922924 9.128513 13.583939
v 18.867107 9.126745 13.745681
v 18.763639 9.128513 13.881935
v 18.627380 9.126743 13.985406
v 18.465643 9.128513 14.041220
v 18.294857 9.126743 14.051548
v 18.076717 9.127392 13.985690
v 17.900482 9.127392 13.841077
v 17.814392 9.128513 13.693119
v 17.765112 9.123312 13.470393
v 17.836802 9.127392 13.195017
v 17.940557 9.128513 13.058851
v 18.076822 9.126743 12.955380
v 18.294777 9.127392 12.888951
v 18.889666 9.062683 12.929249
v 19.094095 9.062683 13.570107
v 18.709124 9.062683 14.123741
v 18.068016 9.062683 14.174616
v 17.677059 9.062683 13.159648
v 18.199348 9.062683 12.729214
v 19.043207 5.025562 13.163478
v 17.804028 5.025562 14.008331
v 17.655043 9.062683 13.727992
v 19.649601 5.025562 12.927685
v 19.890038 5.025562 13.572990
v 19.345732 5.025562 14.206993
v 18.657185 5.025562 14.032148
v 18.402758 5.025562 13.499159
v 18.554729 5.025562 13.031544
v 19.045620 5.025562 12.728397
v 18.958984 5.025562 13.904935
v 18.404148 5.025562 14.212787
v 17.618183 5.025562 13.353731
v 17.898901 5.025562 12.884843
v 18.519388 5.025562 12.737327
v 19.681469 9.145935 -12.299068
v 19.816097 9.143759 -12.387574
v 19.877005 9.143314 -12.618896
v 19.732208 9.143759 -12.809299
v 19.547262 9.145309 -12.836668
v 19.385521 9.144367 -12.741545
v 19.323185 9.145309 -12.564400
v 19.369467 9.145666 -12.409242
v 19.520367 9.143759 -12.297864
v 19.684807 9.124222 -12.288655
v 19.821892 9.127670 -12.382816
v 19.882656 9.126822 -12.507880
v 19.874779 9.128038 -12.646947
v 19.804203 9.126820 -12.766926
v 19.684191 9.128302 -12.837902
v 19.544966 9.126820 -12.845564
v 19.314631 9.126165 -12.564013
v 19.378529 9.124222 -12.381563
v 19.518024 9.128302 -12.290123
v 19.815521 9.062683 -12.265626
v 19.963648 9.062683 -12.524916
v 19.816475 9.062683 -12.883257
v 19.365671 9.062683 -12.857659
v 19.237900 9.062683 -12.531626
v 19.420612 9.062683 -12.234483
v 19.683685 5.025562 -12.208959
v 19.662806 5.025562 -12.927071
v 19.344740 5.025562 -12.834985
v 19.465347 9.145872 -11.835938
v 19.631485 9.142181 -11.945802
v 19.709217 9.143080 -12.197145
v 19.609180 9.144802 -12.406538
v 19.465355 9.145872 -12.491561
v 19.298531 9.144802 -12.500772
v 19.123554 9.144175 -12.406104
v 19.038105 9.145872 -12.263189
v 19.028893 9.144802 -12.096367
v 19.101841 9.145247 -11.947022
v 19.265392 9.143082 -11.833797
v 19.501839 9.126120 -11.835297
v 19.639732 9.128172 -11.939032
v 19.714573 9.126120 -12.094514
v 19.694281 9.126120 -12.299886
v 19.563047 9.125288 -12.458783
v 19.400679 9.127842 -12.516010
v 19.197962 9.122442 -12.478273
v 19.037548 9.126120 -12.299881
v 19.024670 9.122442 -12.060382
v 19.168144 9.126791 -11.867764
v 19.331251 9.127382 -11.811830
v 19.421822 9.062683 -11.718000
v 19.696533 9.062683 -11.857795
v 19.819660 9.062683 -12.272608
v 19.522058 9.062683 -12.586285
v 19.106396 9.062683 -12.543525
v 18.920063 9.062683 -12.130942
v 19.059822 9.062683 -11.831240
v 19.759445 5.025562 -11.917465
v 19.762791 5.025562 -12.382492
v 19.470831 5.025562 -12.601825
v 19.011875 5.025562 -12.479511
v 18.978031 5.025562 -11.913001
v 19.311535 5.025562 -11.716431
v 17.860567 9.145935 -12.299069
v 17.995197 9.143759 -12.387572
v 18.055735 9.145935 -12.536876
v 18.025490 9.143759 -12.695121
v 17.886915 9.145308 -12.820630
v 17.698841 9.144899 -12.832224
v 17.521370 9.142597 -12.670645
v 17.534128 9.144367 -12.431952
v 17.699465 9.143759 -12.297864
v 17.963287 9.125055 -12.340927
v 18.065693 9.123251 -12.535896
v 18.002779 9.124222 -12.746464
v 17.836342 9.126820 -12.845564
v 17.697117 9.128302 -12.837902
v 17.538214 9.125813 -12.725706
v 17.494713 9.123251 -12.592134
v 17.541422 9.126820 -12.404623
v 17.645327 9.128036 -12.311854
v 17.780075 9.126820 -12.276922
v 17.882824 9.062683 -12.214107
v 18.120312 9.062683 -12.419189
v 18.103369 9.062683 -12.732925
v 17.874157 9.062683 -12.918445
v 17.443693 9.062683 -12.777037
v 17.520359 9.062683 -12.296164
v 17.681248 5.025562 -12.918291
v 17.478662 5.025562 -12.761992
v 17.432178 5.025562 -12.424175
v 17.717430 5.025562 -12.204048
v 18.270988 9.145872 -11.898948
v 18.382433 9.142183 -12.064021
v 18.381479 9.145872 -12.263188
v 18.296030 9.144175 -12.406106
v 18.153204 9.145607 -12.491117
v 17.953197 9.143860 -12.494960
v 17.767712 9.144802 -12.354413
v 17.710447 9.143080 -12.129526
v 17.835175 9.143080 -11.896856
v 18.087345 9.142183 -11.821849
v 18.279980 9.122442 -11.888219
v 18.392420 9.127840 -12.061066
v 18.402285 9.126120 -12.233207
v 18.327024 9.127382 -12.388084
v 18.189899 9.126791 -12.492632
v 17.984444 9.125288 -12.511764
v 17.698837 9.125288 -12.163750
v 17.757683 9.126791 -11.965978
v 17.886873 9.127840 -11.851541
v 18.053783 9.126120 -11.808283
v 18.247011 9.062683 -11.743477
v 18.502380 9.062683 -12.115360
v 18.426880 9.062683 -12.408781
v 18.188665 9.062683 -12.594399
v 17.865814 9.062683 -12.571077
v 17.695042 9.062683 -11.867283
v 18.244724 5.025562 -11.760724
v 18.479483 5.025562 -12.001190
v 17.894510 5.025562 -11.741584
v 18.999611 9.143923 -11.599256
v 19.192369 9.145344 -11.755995
v 19.308502 9.143923 -11.975640
v 19.326939 9.141739 -12.284853
v 19.152046 9.141741 -12.612329
v 19.084965 9.136324 -12.689272
v 18.762081 9.143923 -12.793431
v 18.514713 9.145346 -12.770198
v 18.296127 9.143923 -12.652087
v 18.138136 9.144749 -12.460643
v 18.065954 9.144749 -12.222874
v 18.108843 9.141739 -11.915809
v 18.295597 9.144749 -11.668121
v 18.574738 9.141741 -11.533183
v 18.827837 9.128513 -11.516219
v 19.010571 9.127306 -11.578845
v 19.164085 9.128513 -11.695947
v 19.281229 9.127306 -11.849536
v 19.355614 9.126623 -12.095710
v 19.343815 9.128513 -12.288434
v 19.280964 9.126623 -12.471004
v 19.118031 9.127306 -12.669974
v 18.951031 9.128513 -12.767042
v 18.764389 9.127306 -12.816483
v 18.508259 9.127794 -12.791462
v 18.118050 9.127794 -12.471226
v 18.043541 9.127306 -12.224901
v 18.055622 9.128513 -12.032196
v 18.118202 9.127306 -11.849545
v 18.281397 9.127306 -11.650662
v 18.448404 9.128513 -11.553590
v 18.635103 9.126623 -11.504423
v 19.488333 9.062683 -11.823759
v 19.444252 9.062683 -12.549466
v 19.056175 9.062683 -12.907372
v 18.465248 9.062683 -12.970624
v 17.985004 9.062683 -12.598833
v 17.880527 9.062683 -12.041650
v 18.199795 9.062683 -11.465689
v 18.893663 9.062683 -11.343886
v 19.269245 5.025562 -11.544888
v 19.496815 5.025562 -11.955043
v 18.978714 5.025562 -12.942281
v 18.434454 5.025562 -12.952579
v 17.938030 5.025562 -12.510951
v 17.894539 5.025562 -11.957846
v 18.143263 5.025562 -11.545232
v 18.626528 5.025562 -11.319454
v 19.946556 5.025562 -12.432868
v 19.917589 5.025562 -12.744820
v 19.262629 5.025562 -12.368989
v 18.130407 5.025562 -12.390929
v 18.033566 5.025562 -12.832982
v 18.426168 5.025562 -12.429072
v 17.921013 5.025562 -12.624817
v 17.580296 5.025562 -12.148857
v 19.476139 5.025562 -12.509442
v 19.411510 9.144960 -12.941601
v 19.581078 9.144232 -13.081641
v 19.685347 9.144962 -13.275270
v 19.701088 9.142494 -13.549549
v 19.581963 9.145485 -13.797572
v 19.361706 9.141193 -13.961622
v 19.090166 9.144960 -14.000910
v 18.830753 9.142492 -13.910498
v 18.647186 9.145487 -13.705519
v 18.584341 9.144234 -13.494506
v 18.604813 9.145485 -13.275283
v 18.709171 9.144960 -13.081099
v 18.879429 9.144960 -12.941452
v 19.145573 9.142492 -12.872653
v 19.258873 9.128513 -12.868424
v 19.420607 9.126743 -12.924236
v 19.597136 9.127855 -13.068459
v 19.704147 9.126743 -13.269731
v 19.727339 9.128513 -13.439249
v 19.704147 9.126743 -13.608769
v 19.629253 9.128513 -13.762595
v 19.471439 9.123312 -13.927314
v 19.202644 9.127392 -14.020695
v 18.975769 9.127392 -13.998368
v 18.774603 9.128056 -13.890979
v 18.693920 9.126743 -13.809716
v 18.586239 9.127392 -13.608898
v 18.563875 9.127392 -13.382026
v 18.607624 9.128513 -13.216522
v 18.693722 9.127392 -13.068555
v 18.869953 9.127392 -12.923953
v 19.088085 9.126745 -12.858097
v 19.549564 9.062683 -12.823569
v 19.839622 9.062683 -13.183236
v 19.830360 9.062683 -13.717070
v 19.474651 9.062683 -14.111597
v 18.800453 9.062683 -14.099089
v 18.427202 9.062683 -13.231455
v 18.706326 9.062683 -12.851533
v 19.157784 9.062683 -12.701523
v 19.758583 5.025562 -13.874334
v 19.198189 5.025562 -14.176434
v 18.402758 5.025562 -13.468014
v 19.053101 5.025562 -12.703896
v 18.618277 9.144960 -12.941601
v 18.787849 9.144234 -13.081638
v 18.892118 9.144960 -13.275282
v 18.913759 9.144960 -13.494416
v 18.823345 9.142498 -13.753839
v 18.618357 9.145485 -13.937397
v 18.407265 9.144960 -14.000910
v 18.188122 9.144960 -13.979267
v 17.994492 9.144234 -13.875002
v 17.853954 9.145485 -13.705513
v 17.791107 9.144236 -13.494496
v 17.811583 9.145485 -13.275279
v 17.916351 9.144234 -13.081639
v 18.085838 9.145485 -12.941103
v 18.352343 9.142492 -12.872653
v 18.465643 9.128513 -12.868424
v 18.627378 9.126743 -12.924238
v 18.763639 9.128513 -13.027706
v 18.867107 9.126743 -13.163965
v 18.933762 9.127857 -13.381956
v 18.911192 9.127392 -13.608889
v 18.803514 9.126743 -13.809707
v 18.627562 9.127392 -13.954502
v 18.409412 9.127392 -14.020695
v 18.238554 9.128513 -14.010075
v 18.076817 9.126743 -13.954261
v 17.981377 9.128059 -13.890986
v 17.900482 9.127392 -13.809932
v 17.814392 9.128513 -13.661974
v 17.770653 9.127392 -13.496564
v 17.781273 9.128513 -13.325705
v 17.836802 9.127392 -13.163872
v 17.940557 9.128513 -13.027706
v 18.076822 9.126743 -12.924235
v 18.294777 9.127392 -12.857806
v 18.628439 9.062683 -12.756531
v 18.972410 9.062683 -13.039735
v 19.094139 9.062683 -13.530332
v 18.738642 9.062683 -14.070254
v 18.068016 9.062683 -14.143471
v 17.680092 9.062683 -13.717604
v 17.667065 9.062683 -13.161434
v 18.022776 9.062683 -12.766904
v 18.519388 5.025562 -12.706182
v 19.043207 5.025562 -13.132333
v 18.962439 5.025562 -13.868324
v 18.403603 5.025562 -14.177903
v 17.804028 5.025562 -13.977186
v 17.618183 5.025562 -13.322586
v 19.569448 5.025562 -12.837482
v 19.869949 5.025562 -13.263700
v 18.657185 5.025562 -14.001003
v 18.583572 5.025562 -12.951109
v 17.896370 5.025562 -12.850893
v 4.133828 9.145309 12.364291
v 4.245254 9.143759 12.514421
v 4.225624 9.144367 12.726393
v 4.034246 9.142599 12.869613
v 3.781538 9.142599 12.793486
v 3.701185 9.145309 12.595545
v 3.780781 9.142597 12.397596
v 3.979107 9.145666 12.316571
v 4.162189 9.125055 12.372072
v 4.264595 9.123251 12.567041
v 4.231520 9.128302 12.730083
v 4.114626 9.124222 12.849053
v 3.922966 9.126820 12.876709
v 3.692630 9.126165 12.595159
v 3.726864 9.128036 12.460431
v 3.819323 9.127350 12.356035
v 3.979104 9.126165 12.308686
v 4.074422 9.062683 12.245266
v 4.299766 9.062683 12.418421
v 3.911923 9.062683 12.962900
v 3.659117 9.062683 12.770019
v 3.626710 9.062683 12.510497
v 3.804242 9.062683 12.275174
v 4.307307 9.062683 12.784083
v 3.934583 9.144802 11.908941
v 4.045575 9.145607 12.033407
v 4.087217 9.143080 12.228291
v 3.987180 9.144800 12.437682
v 3.843355 9.145872 12.522706
v 3.676531 9.144802 12.531918
v 3.477018 9.143082 12.413390
v 3.403938 9.145247 12.228380
v 3.426258 9.144800 12.063682
v 3.526594 9.145872 11.930096
v 3.710239 9.142181 11.852995
v 3.879839 9.126120 11.866442
v 4.017494 9.127840 11.970283
v 4.093056 9.126791 12.125451
v 4.072280 9.126120 12.331031
v 3.941308 9.126120 12.490518
v 3.743915 9.125288 12.549727
v 3.576936 9.128172 12.507291
v 3.492727 9.127354 12.446576
v 3.448293 9.126120 12.392287
v 3.389083 9.125288 12.194895
v 3.431705 9.127840 12.028100
v 3.546336 9.126120 11.899396
v 3.709148 9.127842 11.842635
v 3.931766 9.062683 11.787566
v 4.191738 9.062683 12.101218
v 4.117125 9.062683 12.439926
v 3.841272 9.062683 12.647211
v 3.480202 9.062683 12.557744
v 3.308174 9.059692 12.281430
v 3.500767 9.062683 11.803919
v 4.111545 5.025562 11.940174
v 2.290324 9.144899 12.347977
v 2.415120 9.145309 12.489164
v 2.415442 9.141811 12.701709
v 2.213085 9.143314 12.871062
v 1.961323 9.141811 12.792038
v 1.880280 9.145311 12.595546
v 1.941545 9.144899 12.417356
v 2.104136 9.144876 12.323371
v 2.340909 9.124222 12.372792
v 2.439805 9.126820 12.539278
v 2.423391 9.126820 12.705148
v 2.339558 9.128036 12.816263
v 2.214094 9.126165 12.876127
v 2.075268 9.128036 12.868834
v 1.884526 9.128036 12.678090
v 1.883686 9.123251 12.511881
v 1.998596 9.126820 12.356522
v 2.158203 9.127350 12.307566
v 2.468873 9.062683 12.393239
v 2.444254 9.062683 12.850286
v 2.073433 9.062683 12.949109
v 1.847980 9.062683 12.785496
v 1.818635 9.062683 12.438946
v 2.135203 9.062683 12.229211
v 2.521251 5.025562 12.622576
v 2.622336 9.144800 11.908942
v 2.733328 9.145607 12.033406
v 2.774975 9.143082 12.228292
v 2.675247 9.145315 12.438466
v 2.498397 9.144800 12.532046
v 2.269721 9.142183 12.497887
v 2.101720 9.143080 12.295418
v 2.103861 9.145872 12.095454
v 2.188881 9.144800 11.951633
v 2.397994 9.142181 11.852996
v 2.657980 9.122442 11.919364
v 2.785547 9.121189 12.160042
v 2.744065 9.128172 12.361875
v 2.629064 9.126120 12.490519
v 2.466330 9.127382 12.546816
v 2.263718 9.122442 12.509419
v 2.090508 9.122442 12.298536
v 2.092702 9.128172 12.092064
v 2.205585 9.122442 11.919180
v 2.431784 9.126120 11.839428
v 2.746163 9.062683 11.875705
v 2.883599 9.062683 12.161291
v 2.721194 9.062683 12.541100
v 2.435276 9.062683 12.641340
v 2.148598 9.062683 12.546396
v 2.068817 9.062683 11.931185
v 2.427404 9.062683 11.734612
v 2.638318 5.025562 11.772651
v 3.140087 9.143923 11.558348
v 3.377801 9.144747 11.629750
v 3.638782 9.143925 11.891572
v 3.711971 9.145344 12.128994
v 3.686505 9.143927 12.376138
v 3.481307 9.143921 12.683230
v 3.140283 9.144749 12.825224
v 2.892712 9.145346 12.801342
v 2.674126 9.143925 12.683233
v 2.468933 9.143923 12.376138
v 2.468934 9.143921 12.006783
v 2.585065 9.145346 11.787141
v 2.833213 9.141743 11.600583
v 3.205837 9.128513 11.547364
v 3.388405 9.126623 11.610216
v 3.542086 9.128513 11.727092
v 3.659228 9.127304 11.880679
v 3.733614 9.126623 12.126858
v 3.708688 9.127306 12.382814
v 3.623757 9.128513 12.556313
v 3.495824 9.126623 12.700931
v 3.269176 9.127794 12.822607
v 3.013046 9.127306 12.847629
v 2.826404 9.128513 12.798187
v 2.531679 9.128513 12.556313
v 2.446750 9.127306 12.382820
v 2.421822 9.126623 12.126863
v 2.496201 9.127306 11.880693
v 2.613351 9.128513 11.727092
v 2.767035 9.126623 11.610213
v 3.013036 9.127306 11.535295
v 3.570217 9.062683 11.512818
v 3.882900 9.062683 11.989002
v 3.848067 9.062683 12.503286
v 3.513875 9.062683 12.903464
v 2.921062 9.062683 13.010730
v 2.412992 9.062683 12.710841
v 2.271571 9.062683 11.955034
v 2.551058 9.062683 11.556961
v 3.016078 9.062683 11.355933
v 3.071532 5.025562 13.025550
v 4.226307 5.025562 12.328032
v 4.346096 5.025562 12.604628
v 4.194347 5.025562 12.890135
v 3.899344 5.025562 12.951748
v 3.581659 5.025562 12.597270
v 3.895674 5.025562 12.228464
v 4.184377 5.025562 12.343489
v 3.734156 5.025562 12.665210
v 3.342196 5.025562 12.395083
v 3.365118 5.025562 11.918728
v 3.845321 5.025562 11.750531
v 2.381340 5.025562 12.289104
v 2.341871 5.025562 12.914145
v 2.032043 5.025562 12.936554
v 1.801633 5.025562 12.698598
v 1.926188 5.025562 12.305313
v 2.886864 5.025562 12.224430
v 2.599060 5.025562 12.637936
v 2.135771 5.025562 12.535413
v 1.983460 5.025562 12.212578
v 2.149973 5.025562 11.832885
v 3.367262 5.025562 11.401576
v 3.735585 5.025562 11.696776
v 3.907657 5.025562 12.130399
v 3.661431 5.025562 12.811134
v 2.599166 5.025562 12.870478
v 2.275639 5.025562 12.413266
v 2.348578 5.025562 11.774902
v 2.795926 5.025562 11.413791
v 3.789513 9.144964 12.972744
v 3.959080 9.144234 13.112785
v 4.063347 9.144962 13.306417
v 4.084991 9.144960 13.525553
v 3.994579 9.142494 13.784975
v 3.789500 9.144960 13.968050
v 3.523572 9.142494 14.036995
v 3.257432 9.144960 13.968196
v 3.087161 9.144962 13.828535
v 2.967667 9.142492 13.581168
v 2.999767 9.142492 13.253792
v 3.208008 9.143547 12.998484
v 3.523575 9.142490 12.903799
v 3.636874 9.128513 12.899570
v 3.798606 9.126745 12.955381
v 3.975135 9.127855 13.099603
v 4.082149 9.126743 13.300877
v 4.105339 9.128513 13.470394
v 4.082149 9.126743 13.639914
v 3.975140 9.127855 13.841178
v 3.798607 9.126743 13.985408
v 3.580645 9.127392 14.051840
v 3.353770 9.127392 14.029513
v 3.108644 9.124971 13.884734
v 3.071921 9.126743 13.840861
v 2.964239 9.127392 13.640043
v 2.941876 9.127392 13.413171
v 2.985624 9.128513 13.247667
v 3.071723 9.127392 13.099700
v 3.247952 9.127392 12.955097
v 3.466085 9.126745 12.889242
v 4.202861 9.062683 13.136871
v 4.206044 9.062683 13.746751
v 3.880352 9.062683 14.123742
v 3.385475 9.062683 14.193905
v 2.934223 9.062683 13.930690
v 2.808888 9.062683 13.260865
v 3.134632 9.062683 12.839731
v 3.732855 9.062683 12.755954
v 2.947144 9.142490 12.947017
v 3.165850 9.144236 13.112782
v 3.270118 9.144960 13.306427
v 3.291759 9.144960 13.525561
v 3.201346 9.142498 13.784984
v 2.996266 9.144960 13.968051
v 2.785564 9.144960 14.032025
v 2.566128 9.145487 14.010913
v 2.329278 9.142498 13.870872
v 2.189997 9.144958 13.634079
v 2.169107 9.144236 13.415150
v 2.258853 9.142492 13.155812
v 2.463836 9.145487 12.972249
v 2.674913 9.144957 12.908741
v 2.843642 9.128513 12.899570
v 3.005379 9.126743 12.955383
v 3.141640 9.128513 13.058851
v 3.245107 9.126743 13.195110
v 3.311544 9.127392 13.413076
v 3.300924 9.128513 13.583939
v 3.245347 9.127392 13.745861
v 3.100557 9.126745 13.921810
v 2.899765 9.127855 14.029704
v 2.672856 9.126743 14.051548
v 2.454719 9.127392 13.985691
v 2.359375 9.128059 13.922131
v 2.278483 9.127392 13.841079
v 2.170790 9.127857 13.640060
v 2.148946 9.126745 13.413155
v 2.214799 9.127392 13.195022
v 2.318557 9.128513 13.058851
v 2.454722 9.127392 12.955097
v 2.672853 9.126745 12.889242
v 3.134336 9.062683 12.854715
v 3.450509 9.062683 13.270576
v 3.361555 9.062683 13.848099
v 3.017436 9.062683 14.148560
v 2.624930 9.062683 14.196397
v 2.184680 9.062683 13.975132
v 2.031703 9.060472 13.682251
v 1.988059 9.062683 13.379311
v 2.314861 9.062683 12.858816
v 2.724154 9.062683 12.733894
v 3.759336 5.025562 12.764595
v 4.153824 5.025562 13.095407
v 4.256400 5.025562 13.637684
v 3.855512 5.025562 14.136358
v 3.213923 5.025562 14.158491
v 2.831794 5.025562 13.715173
v 2.835236 5.025562 13.160982
v 3.278558 5.025562 12.778856
v 3.279282 5.025562 12.953087
v 3.462666 5.025562 13.508888
v 3.288460 5.025562 13.952223
v 2.680553 5.025562 14.227045
v 2.057244 5.025562 13.819564
v 2.134382 5.025562 13.012188
v 2.678047 5.025562 12.728004
v -11.488215 9.141808 12.363657
v -11.362958 9.142599 12.594622
v -11.465367 9.144365 12.810742
v -11.615541 9.145750 12.870322
v -11.774131 9.144367 12.841677
v -11.887069 9.145935 12.725671
v -11.919683 9.143759 12.567889
v -11.856910 9.145937 12.419511
v -11.723517 9.144367 12.327773
v -11.507972 9.128302 12.342743
v -11.389899 9.123251 12.459927
v -11.361295 9.126820 12.651038
v -11.439799 9.126820 12.798072
v -11.614522 9.124222 12.881555
v -11.802285 9.126822 12.833942
v -11.908595 9.127352 12.705223
v -11.927144 9.127672 12.567169
v -11.881679 9.126820 12.435767
v -11.777768 9.128038 12.342997
v -11.643023 9.126820 12.308067
v -11.313605 9.062683 12.433866
v -11.354800 9.062683 12.844385
v -11.727559 9.062683 12.947553
v -12.003552 9.062683 12.703038
v -11.837190 9.062683 12.283590
v -11.540277 9.062683 12.245252
v -11.810880 9.145315 11.857046
v -11.612510 9.142185 11.976941
v -11.537589 9.145607 12.161148
v -11.560433 9.144798 12.326117
v -11.715129 9.143080 12.498898
v -11.944810 9.144802 12.532048
v -12.121663 9.145317 12.438468
v -12.205583 9.145609 12.294006
v -12.214248 9.144178 12.128015
v -12.142711 9.145607 11.977988
v -12.009915 9.144802 11.877490
v -11.741958 9.126120 11.866526
v -11.604424 9.127840 11.970382
v -11.529426 9.126118 12.125663
v -11.539376 9.127842 12.297718
v -11.652501 9.121191 12.469771
v -11.843320 9.127842 12.547155
v -12.046554 9.123514 12.510082
v -12.206534 9.126120 12.330823
v -12.219247 9.122442 12.091251
v -12.075477 9.126122 11.899270
v -11.912713 9.127842 11.842622
v -11.430261 9.062683 12.101219
v -11.557965 9.062683 12.523259
v -12.019984 9.062683 12.625284
v -12.314427 9.060532 12.281692
v -12.270497 9.062683 11.966935
v -11.831735 9.062683 11.728603
v -11.823707 5.025562 12.642216
v -12.310008 9.062683 12.332009
v -13.217721 9.144367 12.463097
v -13.191142 9.145309 12.649007
v -13.286267 9.144365 12.810740
v -13.436658 9.145935 12.870691
v -13.619761 9.142597 12.827620
v -13.740584 9.143761 12.622420
v -13.662114 9.142595 12.397596
v -13.409709 9.142597 12.320497
v -13.407655 9.126822 12.313608
v -13.282598 9.127670 12.374372
v -13.198607 9.126820 12.485171
v -13.181729 9.127350 12.651262
v -13.281346 9.124222 12.817734
v -13.491916 9.123251 12.880649
v -13.750268 9.126165 12.595163
v -13.716216 9.128302 12.460240
v -13.599319 9.124222 12.341265
v -13.150399 9.062683 12.392560
v -13.145104 9.062683 12.775448
v -13.538321 9.062683 12.973730
v -13.805764 9.062088 12.699008
v -13.571647 9.062683 12.235011
v -13.058513 9.145315 11.876647
v -12.904376 9.144800 12.004226
v -12.847585 9.144173 12.194895
v -12.923438 9.143080 12.413391
v -13.122947 9.144802 12.531918
v -13.289449 9.145607 12.522388
v -13.457877 9.143860 12.414468
v -13.534024 9.144802 12.194557
v -13.455901 9.142183 11.976946
v -13.257712 9.144802 11.857873
v -12.964744 9.121189 11.920022
v -12.851359 9.128170 12.092075
v -12.850051 9.121189 12.298116
v -12.992755 9.126120 12.490396
v -13.155568 9.127842 12.547155
v -13.358281 9.122442 12.509419
v -13.519214 9.126791 12.331121
v -13.531493 9.122442 12.091252
v -13.387462 9.125288 11.899861
v -13.190328 9.126791 11.838916
v -12.938159 9.062683 11.809814
v -12.732837 9.062683 12.190381
v -12.884374 9.062683 12.525509
v -13.285506 9.062683 12.643497
v -13.413720 9.062683 11.787042
v -13.647189 9.062683 12.267635
v -12.481914 9.143923 11.558348
v -12.140693 9.143923 11.699688
v -11.934825 9.144745 12.006724
v -11.910522 9.144743 12.254010
v -12.013589 9.140244 12.546052
v -12.243955 9.144749 12.753043
v -12.481717 9.144749 12.825224
v -12.844174 9.143925 12.752522
v -13.036937 9.145344 12.595776
v -13.153741 9.144749 12.376202
v -13.177400 9.143923 12.129111
v -13.105994 9.144749 11.891380
v -12.948606 9.145344 11.698812
v -12.729016 9.144747 11.582000
v -12.416163 9.128513 11.547364
v -12.233600 9.126623 11.610214
v -12.079913 9.128513 11.727092
v -11.962811 9.127304 11.880605
v -11.887912 9.127794 12.126806
v -11.900184 9.128513 12.319579
v -11.963038 9.126623 12.502153
v -12.079913 9.128513 12.655828
v -12.233603 9.126623 12.772711
v -12.479609 9.127306 12.847629
v -12.672400 9.128513 12.835558
v -12.855128 9.127306 12.772936
v -13.011933 9.124184 12.659436
v -13.053746 9.126623 12.609574
v -13.175225 9.127306 12.382901
v -13.200459 9.127306 12.126880
v -13.125955 9.127794 11.880563
v -12.962539 9.127306 11.681754
v -12.795594 9.128513 11.584735
v -12.608897 9.126623 11.535568
v -11.818994 9.062683 11.776735
v -11.929072 9.062683 12.745239
v -12.413793 9.062683 13.016176
v -12.967401 9.062683 12.902887
v -13.302503 9.062683 11.841769
v -12.900729 9.062683 11.444399
v -12.349231 9.062683 11.379589
v -11.795285 5.025562 11.803418
v -11.725091 9.062683 12.310121
v -13.345920 9.062683 12.442754
v -11.291238 5.025562 12.475763
v -11.411660 5.025562 12.907739
v -11.915925 5.025562 12.852356
v -11.982936 5.025562 12.469771
v -11.668788 5.025562 12.205379
v -11.642472 5.025562 11.812604
v -11.427075 5.025562 12.119114
v -11.537562 5.025562 12.490787
v -12.220950 5.025562 12.494871
v -12.325608 5.025562 12.138041
v -12.060285 5.025562 11.767934
v -13.098023 5.025562 12.493502
v -13.342860 5.025562 12.962007
v -13.729718 5.025562 12.844498
v -13.802896 5.025562 12.442320
v -13.439935 5.025562 12.227377
v -12.926925 5.025562 11.827021
v -12.740315 5.025562 12.163342
v -12.944047 5.025562 12.588424
v -13.452920 5.025562 12.561777
v -13.642747 5.025562 12.090776
v -13.309072 5.025562 11.759684
v -12.254735 5.025562 11.401577
v -11.739102 5.025562 12.393922
v -12.032571 5.025562 12.849953
v -12.585767 5.025562 13.020670
v -13.090283 5.025562 12.821814
v -13.395205 5.025562 12.166031
v -12.972737 5.025562 11.452564
v -12.043181 9.144964 12.908763
v -11.832488 9.144964 12.972742
v -11.662925 9.144234 13.112782
v -11.558656 9.144962 13.306405
v -11.537009 9.144958 13.525543
v -11.626754 9.143543 13.785701
v -11.882295 9.141193 13.992768
v -12.153832 9.144960 14.032055
v -12.413245 9.142492 13.941644
v -12.596816 9.145487 13.736659
v -12.664077 9.141190 13.470389
v -12.569915 9.142496 13.155805
v -12.315860 9.143551 12.946027
v -11.985126 9.128513 12.899570
v -11.823297 9.127392 12.955096
v -11.687127 9.128513 13.058851
v -11.583377 9.127392 13.195012
v -11.517215 9.127392 13.413181
v -11.556369 9.123310 13.695032
v -11.727981 9.127392 13.922006
v -11.929004 9.127855 14.029703
v -12.155910 9.126743 14.051548
v -12.374187 9.127857 13.985860
v -12.469398 9.128057 13.922124
v -12.550080 9.126745 13.840859
v -12.657760 9.127392 13.640046
v -12.680678 9.128513 13.470394
v -12.657487 9.126745 13.300869
v -12.550471 9.127855 13.099601
v -12.374043 9.127392 12.955095
v -12.155913 9.126745 12.889242
v -11.638200 9.062683 12.902924
v -11.401616 9.062683 13.212799
v -11.447370 9.062683 13.845411
v -12.018842 9.062683 14.210636
v -12.532580 9.062683 14.070848
v -12.513911 9.062683 12.858817
v -12.069495 9.062683 12.730982
v -12.781619 5.025562 13.780923
v -12.576911 9.142492 12.999423
v -12.394757 9.144236 13.204662
v -12.325305 9.142488 13.470154
v -12.393758 9.145487 13.736664
v -12.534289 9.144234 13.906142
v -12.727929 9.145485 14.010912
v -12.947154 9.144234 14.031384
v -13.206481 9.142496 13.941646
v -13.390046 9.145487 13.736659
v -13.457320 9.141201 13.470390
v -13.363149 9.142498 13.155807
v -13.158074 9.144960 12.972741
v -12.891896 9.143545 12.902834
v -12.778358 9.128513 12.899570
v -12.616622 9.126743 12.955383
v -12.480359 9.128513 13.058851
v -12.376897 9.126743 13.195106
v -12.310458 9.127390 13.413062
v -12.321074 9.128513 13.583939
v -12.376897 9.126745 13.745686
v -12.521117 9.127855 13.922205
v -12.722342 9.127392 14.029512
v -12.949142 9.126743 14.051548
v -13.167420 9.127857 13.985858
v -13.343314 9.126743 13.840855
v -13.451211 9.127855 13.640059
v -13.473056 9.126743 13.413157
v -13.407201 9.127392 13.195022
v -13.303443 9.128513 13.058851
v -13.167178 9.126743 12.955381
v -12.949222 9.127392 12.888951
v -12.475894 9.062683 12.835125
v -12.160499 9.062683 13.352621
v -12.245492 9.062683 13.811293
v -12.534877 9.062683 14.123741
v -13.101432 9.062683 14.184836
v -13.482507 9.062683 13.909238
v -13.590299 9.060471 13.682247
v -13.632228 9.062683 13.443201
v -13.459380 9.062683 13.009932
v -13.114608 9.062683 12.759953
v -12.175803 5.025562 13.669920
v -11.919240 5.025562 12.756810
v -11.496388 5.025562 13.030912
v -11.364757 5.025562 13.587058
v -11.704280 5.025562 14.104107
v -12.334680 5.025562 14.176194
v -12.763539 5.025562 13.155200
v -12.428914 5.025562 12.807674
v -12.635299 5.025562 12.770365
v -12.225944 5.025562 13.138201
v -12.559718 5.025562 14.136357
v -13.127913 5.025562 14.176194
v -13.522399 5.025562 13.845378
v -13.623305 5.025562 13.352621
v -13.292129 5.025562 12.830843
v 29.466869 28.596432 6.847197
v 29.600040 28.598133 6.797800
v 29.408134 28.626411 6.996256
v 29.728035 28.636715 6.902225
v 29.720768 28.635929 6.903021
v 29.753193 28.636147 6.889100
v 29.224903 28.566734 6.828382
v 29.054264 28.581093 6.959327
v 29.373329 28.622065 6.993084
v 29.399986 28.622284 6.991434
v 28.867786 28.506649 6.730112
v 29.030636 28.535873 6.779519
v 28.741581 28.508051 6.789579
v 29.024067 28.574272 6.943342
v 29.023335 28.573996 6.943059
v 28.645283 28.427467 6.497522
v 28.517845 28.418447 6.512938
v 28.719841 28.499691 6.763237
v 28.719250 28.499287 6.762698
v 28.780766 28.482002 6.666215
v 28.615791 28.399324 6.394348
v 28.417240 28.325966 6.171668
v 28.508007 28.409824 6.480593
v 28.507526 28.409349 6.479551
v 28.579498 28.316116 6.063741
v 28.455135 28.244736 5.817901
v 28.420509 28.317930 6.136875
v 28.420807 28.319345 6.142984
v 28.684105 28.246778 5.730842
v 28.625740 28.187164 5.505682
v 28.467304 28.243401 5.804227
v 28.471489 28.238987 5.787018
v 28.873455 28.209978 5.492418
v 28.902988 28.162048 5.282705
v 28.745560 28.208450 5.541211
v 28.652683 28.184582 5.483427
v 29.199013 28.201351 5.317351
v 29.077438 28.203316 5.378627
v 29.244534 28.173225 5.183034
v 28.915771 28.164070 5.282060
v 28.936405 28.163029 5.272478
v 29.428013 28.233099 5.349954
v 29.598194 28.218987 5.221895
v 29.279316 28.177616 5.186396
v 29.250977 28.177258 5.188209
v 29.652489 28.274309 5.432730
v 29.909946 28.292341 5.393351
v 29.629032 28.226118 5.238333
v 29.624939 28.225325 5.236748
v 29.950165 28.363346 5.674472
v 30.132164 28.382084 5.671211
v 29.932129 28.301123 5.420356
v 29.922710 28.297646 5.415101
v 30.079239 28.446981 5.967706
v 30.230904 28.474506 6.013027
v 30.048809 28.399832 5.780692
v 30.142303 28.391176 5.704654
v 30.140221 28.389776 5.700365
v 30.086773 28.524027 6.281870
v 30.113182 28.476240 6.075563
v 30.191074 28.555485 6.366580
v 30.227444 28.482517 6.047801
v 29.986053 28.549660 6.431048
v 30.018764 28.612654 6.677863
v 30.178120 28.556759 6.382272
v 30.174553 28.561195 6.397373
v 29.772377 28.586405 6.679096
v 30.005302 28.612181 6.684164
v 29.991703 28.615189 6.699970
v 29.423908 25.272427 -6.947967
v 29.434830 25.274622 -6.944108
v 29.408134 25.269678 -6.952639
v 29.525864 25.329693 -6.750351
v 29.066433 25.244923 -6.913915
v 29.070625 25.243402 -6.917441
v 29.054264 25.242134 -6.915710
v 29.348301 25.290112 -6.844424
v 29.373329 25.266857 -6.949467
v 29.223999 25.290955 -6.786957
v 28.756027 25.250385 -6.753831
v 28.869617 25.279762 -6.681664
v 28.741581 25.250792 -6.745962
v 29.023335 25.242863 -6.899442
v 28.998295 25.282421 -6.725808
v 28.637249 25.309813 -6.459583
v 28.528172 25.292313 -6.482126
v 28.517845 25.294331 -6.469321
v 28.719250 25.254961 -6.719081
v 28.778893 25.299454 -6.556733
v 28.421871 25.362776 -6.143836
v 28.545147 25.370667 -6.172415
v 28.417240 25.366098 -6.128050
v 28.507526 25.301304 -6.435934
v 28.610359 25.331158 -6.355500
v 28.453362 25.451015 -5.790638
v 28.452690 25.448330 -5.803354
v 28.455135 25.455132 -5.774284
v 28.586159 25.437635 -5.900055
v 28.420509 25.374809 -6.093258
v 28.617832 25.543545 -5.476490
v 28.690865 25.528515 -5.567194
v 28.625740 25.547832 -5.462065
v 28.471489 25.464249 -5.743401
v 28.587860 25.472105 -5.760528
v 28.896500 25.625233 -5.251606
v 28.890156 25.626232 -5.249379
v 28.902988 25.630032 -5.239088
v 28.795994 25.556305 -5.498854
v 28.652683 25.555960 -5.439809
v 29.226936 25.684769 -5.146679
v 29.228737 25.686449 -5.144003
v 29.244534 25.689178 -5.139417
v 28.936405 25.635933 -5.228860
v 29.104771 25.626770 -5.338538
v 29.581848 25.714991 -5.176458
v 29.570229 25.713757 -5.175699
v 29.598194 25.716236 -5.178278
v 29.279316 25.691952 -5.142778
v 29.419662 25.664505 -5.312494
v 29.895546 25.707500 -5.341786
v 29.886005 25.707417 -5.337310
v 29.762428 25.676601 -5.412635
v 29.909946 25.707071 -5.349734
v 29.633858 25.677734 -5.352272
v 29.629032 25.715454 -5.194715
v 30.119476 25.663208 -5.618413
v 30.121910 25.665121 -5.614731
v 30.132164 25.663082 -5.627594
v 29.918953 25.647858 -5.597851
v 29.932129 25.702856 -5.376739
v 30.099834 25.588997 -5.921244
v 30.226360 25.594328 -5.953599
v 30.222481 25.596313 -5.943084
v 30.230904 25.590992 -5.969410
v 30.142303 25.656078 -5.661036
v 30.020733 25.617535 -5.771389
v 30.192940 25.505936 -6.306619
v 30.090630 25.510323 -6.242740
v 30.191074 25.501810 -6.322963
v 30.227444 25.582268 -6.004184
v 30.115334 25.564545 -6.028177
v 30.025059 25.413269 -6.609309
v 30.026756 25.413446 -6.619865
v 30.018764 25.409163 -6.634246
v 30.174553 25.492699 -6.353756
v 30.037666 25.482092 -6.336314
v 29.756550 25.332497 -6.839850
v 29.753193 25.330986 -6.845483
v 29.991703 25.401054 -6.656353
v 29.845264 25.401962 -6.587873
v 19.569225 28.893436 12.315603
v 19.340622 28.905001 12.460779
v 19.611240 29.033775 12.875825
v 19.773132 28.928034 12.370832
v 19.393494 28.988674 12.786957
v 19.873026 29.021530 12.720463
v 19.326488 28.756102 11.848897
v 19.043528 28.770412 12.028572
v 19.378466 28.929796 12.542268
v 19.578857 28.798927 11.917274
v 19.108969 28.873976 12.432283
v 19.715355 28.876087 12.181623
v 19.626060 28.925991 12.423936
v 17.748333 28.705976 12.315604
v 17.519724 28.717539 12.460775
v 17.790325 28.846313 12.875827
v 17.952238 28.740574 12.370837
v 17.572592 28.801212 12.786954
v 18.052120 28.834072 12.720469
v 18.014219 28.621006 11.848899
v 17.731281 28.635317 12.028572
v 18.066200 28.794699 12.542268
v 18.266594 28.663826 11.917260
v 17.796709 28.738876 12.432265
v 18.403112 28.740995 12.181630
v 18.313797 28.790901 12.423957
v 18.626297 28.611317 11.547400
v 18.249638 28.617573 11.734446
v 18.723074 28.934641 12.838081
v 19.096079 28.691029 11.674663
v 18.221420 28.830734 12.633348
v 19.350189 28.834667 12.166756
v 18.054249 28.687553 12.105991
v 19.183949 28.927563 12.617834
v 19.667408 29.280823 13.879395
v 19.611969 29.281923 13.913121
v 19.527180 29.287537 13.988548
v 19.787518 29.183706 13.425064
v 19.069778 29.279785 14.123963
v 19.789715 29.178238 13.405024
v 19.648235 29.101173 13.134535
v 19.487560 29.049908 12.997698
v 18.558636 29.089231 13.548451
v 18.709133 28.992908 13.098478
v 19.030552 28.981750 12.912399
v 18.917412 29.179790 13.771841
v 18.603256 29.220695 14.074992
v 17.896326 29.093985 13.855519
v 18.970188 29.108267 13.469249
v 18.055294 29.148857 14.032904
v 18.876625 29.051661 13.268917
v 17.844379 29.051643 13.710547
v 18.287031 28.901825 12.899603
v 17.953213 28.907372 13.065376
v 18.703388 28.972477 13.012403
v 17.780058 28.969391 13.394648
v 19.569248 22.839006 -12.843571
v 19.873020 22.967102 -12.438705
v 19.611235 22.979345 -12.283347
v 19.340626 22.850569 -12.698400
v 19.773151 22.873608 -12.788322
v 19.393486 22.934240 -12.372227
v 19.326475 22.894314 -12.509748
v 19.626049 23.064205 -11.934698
v 19.378468 23.068008 -11.816377
v 19.043524 22.908625 -12.330074
v 19.715359 23.014301 -12.177016
v 19.578840 22.937136 -12.441386
v 19.108971 23.012190 -11.926356
v 17.748344 22.651546 -12.843570
v 18.052120 22.779642 -12.438699
v 17.790323 22.791882 -12.283346
v 17.519720 22.663109 -12.698393
v 17.952236 22.686140 -12.788337
v 17.572603 22.746786 -12.372202
v 18.014235 22.759220 -12.509748
v 18.313770 22.929115 -11.934660
v 18.066177 22.932909 -11.816374
v 17.731281 22.773529 -12.330066
v 18.403112 22.879206 -12.177018
v 18.266609 22.802042 -12.441370
v 17.796724 22.877092 -11.926363
v 18.626293 22.751179 -12.804377
v 19.183954 23.067429 -11.733947
v 18.723066 23.074505 -11.513695
v 18.249624 22.757441 -12.617317
v 19.350189 22.974531 -12.185033
v 18.054245 22.827421 -12.245768
v 19.096092 22.830900 -12.677099
v 18.221416 22.970598 -11.718435
v 19.080273 22.507814 -14.010042
v 19.574482 22.788088 -13.061386
v 19.166023 22.794359 -12.866191
v 18.746429 22.513363 -13.844254
v 19.721798 22.705755 -13.461155
v 18.573288 22.575382 -13.514985
v 19.496616 22.578466 -13.897246
v 18.721437 22.702269 -13.047643
v 18.287022 22.426151 -14.010042
v 18.781227 22.706427 -13.061361
v 18.372789 22.712694 -12.866185
v 17.953217 22.431698 -13.844273
v 18.928574 22.624096 -13.461145
v 17.780056 22.493711 -13.515019
v 18.703365 22.496796 -13.897262
v 17.928215 22.620611 -13.047624
v 3.947242 27.285160 12.315603
v 3.718618 27.296726 12.460784
v 3.989237 27.425499 12.875826
v 4.151148 27.319763 12.370848
v 3.771497 27.380400 12.786961
v 4.251024 27.413256 12.720462
v 3.704478 27.147825 11.848898
v 3.421527 27.162136 12.028573
v 3.756458 27.321518 12.542267
v 3.956853 27.190651 11.917272
v 3.486962 27.265697 12.432276
v 4.093356 27.267807 12.181606
v 4.004052 27.317715 12.423943
v 2.126358 27.097702 12.315602
v 1.897721 27.109264 12.460782
v 2.168342 27.238041 12.875825
v 2.330267 27.132305 12.370863
v 1.950593 27.192936 12.786955
v 2.430125 27.225796 12.720460
v 2.392231 27.012730 11.848898
v 2.109276 27.027042 12.028581
v 2.444201 27.186422 12.542270
v 2.644614 27.055557 11.917278
v 2.174722 27.130604 12.432281
v 2.781110 27.132715 12.181618
v 2.691798 27.182623 12.423954
v 3.004291 27.003040 11.547401
v 2.627649 27.009296 11.734432
v 3.101063 27.326363 12.838086
v 3.474080 27.082752 11.674665
v 2.599421 27.222458 12.633348
v 3.728189 27.226395 12.166762
v 2.432249 27.079273 12.105979
v 3.561933 27.319290 12.617850
v 3.458277 27.375214 12.899601
v 3.124459 27.380756 13.065360
v 3.544016 27.661755 14.043456
v 3.874620 27.445862 13.012403
v 3.099431 27.569666 13.862000
v 4.099802 27.573153 13.448485
v 2.951291 27.442776 13.394640
v 3.952479 27.655483 13.848259
v 2.665044 27.293550 12.899601
v 2.331226 27.299095 13.065364
v 2.750801 27.580093 14.043454
v 3.081382 27.364199 13.012398
v 2.306201 27.488003 13.862000
v 3.306572 27.491493 13.448503
v 2.158057 27.361115 13.394654
v 3.159238 27.573822 13.848270
v -11.674760 25.676884 12.315605
v -11.903380 25.688450 12.460780
v -11.632773 25.817223 12.875827
v -11.470843 25.711489 12.370855
v -11.850499 25.772125 12.786967
v -11.370982 25.804981 12.720468
v -11.917531 25.539549 11.848897
v -12.200471 25.553860 12.028565
v -11.865565 25.713240 12.542270
v -11.665151 25.582371 11.917268
v -12.135043 25.657419 12.432273
v -11.528646 25.659533 12.181606
v -11.617970 25.709446 12.423967
v -13.495660 25.489426 12.315603
v -13.724273 25.500984 12.460766
v -13.453662 25.629763 12.875825
v -13.291749 25.524025 12.370849
v -13.671407 25.584660 12.786952
v -13.191875 25.617519 12.720466
v -13.229772 25.404453 11.848897
v -13.512723 25.418766 12.028577
v -13.177785 25.578148 12.542270
v -12.977408 25.447273 11.917259
v -13.447270 25.522331 12.432294
v -12.840890 25.524441 12.181620
v -12.930192 25.574345 12.423943
v -12.617696 25.394764 11.547400
v -12.994365 25.401020 11.734450
v -12.520953 25.718086 12.838083
v -12.147929 25.474476 11.674658
v -13.022588 25.614178 12.633339
v -11.893815 25.618113 12.166743
v -13.189752 25.471006 12.106019
v -12.060065 25.711014 12.617846
v -12.163720 25.766937 12.899601
v -12.497561 25.772482 13.065380
v -12.077998 26.053478 14.043459
v -11.747378 25.837585 13.012404
v -12.522561 25.961391 13.862008
v -11.522195 25.964878 13.448495
v -12.670711 25.834499 13.394647
v -11.669539 26.047211 13.848277
v -12.956965 25.685272 12.899603
v -13.290788 25.690819 13.065375
v -12.871222 25.971815 14.043457
v -12.540624 25.755920 13.012393
v -13.315795 25.879730 13.862007
v -12.315429 25.883217 13.448498
v -13.463943 25.752834 13.394636
v -12.462760 25.965546 13.848269
v 29.542118 8.194763 6.956541
v 29.439831 8.315159 6.986232
v 29.408134 8.100189 6.996256
v 29.408134 8.100189 6.996256
v 29.701653 8.281750 6.909375
v 29.740379 8.100189 6.899603
v 29.740170 8.100243 6.898960
v 29.123856 8.237034 6.966652
v 29.054264 8.100189 6.959327
v 29.054264 8.100189 6.959327
v 28.864304 8.194763 6.856401
v 28.771061 8.315159 6.804946
v 28.741581 8.100189 6.789579
v 28.741508 8.100170 6.789696
v 29.010361 8.281750 6.936060
v 28.605587 8.194756 6.621708
v 28.539185 8.315151 6.538434
v 28.517845 8.100189 6.512938
v 28.517731 8.100170 6.513018
v 28.709949 8.281750 6.751261
v 28.436966 8.237041 6.238795
v 28.417240 8.100189 6.171668
v 28.417240 8.100189 6.171668
v 28.507526 11.269878 6.479551
v 28.432064 8.194756 6.030648
v 28.449932 8.281742 5.865262
v 28.455139 8.100189 5.817901
v 28.455002 8.100170 5.817877
v 28.606842 8.287235 5.541028
v 28.625740 8.100189 5.505682
v 28.625626 8.100170 5.505607
v 28.481697 8.264267 5.768131
v 28.471489 11.269878 5.787018
v 28.848434 8.237041 5.326503
v 28.902988 8.100189 5.282705
v 28.902912 8.100170 5.282593
v 29.039021 8.194763 5.242717
v 29.198757 8.281742 5.196258
v 29.244534 8.100189 5.183034
v 29.244507 8.100170 5.182900
v 29.340942 8.209068 5.192040
v 29.558319 8.287235 5.217881
v 29.565498 11.269878 5.218255
v 29.598194 8.100189 5.221895
v 29.598194 8.100189 5.221895
v 29.686165 8.212242 5.268076
v 29.874657 8.287235 5.374358
v 29.909946 8.100189 5.393351
v 29.910023 8.100170 5.393234
v 30.045021 8.194759 5.561965
v 30.110966 8.315144 5.645599
v 30.132164 8.100189 5.671211
v 30.132164 8.100189 5.671211
v 29.941372 8.281750 5.431843
v 30.171783 8.194763 5.807348
v 30.217808 8.281746 5.967216
v 30.230907 8.100189 6.013027
v 30.230904 8.100189 6.013027
v 30.202339 8.214809 6.275790
v 30.191074 8.100189 6.366580
v 30.191074 8.100189 6.366580
v 30.144657 8.212242 6.454422
v 30.037861 8.287231 6.642619
v 30.018764 8.100189 6.677863
v 30.018764 8.100189 6.677863
v 29.849785 8.194763 6.812477
v 29.765968 8.315166 6.878193
v 29.980198 8.281761 6.709174
v 29.422138 7.867599 7.147677
v 29.422138 7.867599 7.147677
v 29.422138 7.867599 7.147677
v 29.809685 7.867550 7.033934
v 29.810017 7.867619 7.034704
v 29.809776 7.867599 7.034129
v 29.009022 7.867619 7.104791
v 29.009056 7.867599 7.104571
v 29.009056 7.867599 7.104571
v 28.643936 7.867619 6.906608
v 28.644051 7.867599 6.906416
v 28.643936 7.867599 6.906509
v 28.382698 7.867619 6.583618
v 28.382877 7.867599 6.583486
v 28.382736 7.867599 6.583528
v 28.265224 7.867619 6.185163
v 28.265442 7.867599 6.185111
v 28.265442 7.867599 6.185111
v 28.309456 7.867619 5.772115
v 28.309677 7.867599 5.772150
v 28.309677 7.867599 5.772150
v 28.508636 7.867619 5.407569
v 28.508827 7.867599 5.407686
v 28.508827 7.867599 5.407686
v 28.832340 7.867619 5.147218
v 28.832470 7.867599 5.147399
v 28.832470 7.867599 5.147399
v 29.231113 7.867619 5.030834
v 29.231163 7.867599 5.031051
v 29.231163 7.867599 5.031051
v 29.644043 7.867619 5.076194
v 29.644005 7.867599 5.076414
v 29.644077 7.867599 5.076284
v 30.008038 7.867619 5.276370
v 30.007919 7.867599 5.276560
v 30.007919 7.867599 5.276560
v 30.267506 7.867619 5.600783
v 30.267323 7.867599 5.600914
v 30.267323 7.867599 5.600914
v 30.382801 7.867619 5.999873
v 30.382580 7.867599 5.999924
v 30.382580 7.867599 5.999924
v 30.336311 7.867619 6.412675
v 30.336090 7.867599 6.412639
v 30.336090 7.867599 6.412639
v 30.135139 7.867619 6.776125
v 30.134949 7.867599 6.776007
v 30.134949 7.867599 6.776007
v 30.007992 7.199650 5.276433
v 28.643982 7.199650 6.906545
v 29.644020 7.199650 5.076269
v 28.265305 7.199650 6.185152
v 30.267437 7.199650 5.600822
v 28.382763 7.199650 6.583578
v 28.309532 7.199650 5.772134
v 30.382721 7.199650 5.999884
v 28.508701 7.199650 5.407616
v 30.336235 7.199650 6.412655
v 29.422016 7.199650 7.147268
v 28.832378 7.199650 5.147285
v 29.809887 7.199650 7.034522
v 30.135078 7.199650 6.776078
v 29.009041 7.199650 7.104716
v 29.231125 7.199650 5.030910
v 29.542118 8.194763 -6.912923
v 29.408134 8.100189 -6.952639
v 29.408134 8.100189 -6.952639
v 29.701653 8.281750 -6.865757
v 29.740379 8.100189 -6.855986
v 29.740170 8.100243 -6.855342
v 29.054264 8.100189 -6.915710
v 29.054264 8.100189 -6.915710
v 29.366238 8.287231 -6.948291
v 28.864304 8.194763 -6.812784
v 28.741581 8.100189 -6.745962
v 28.741508 8.100170 -6.746079
v 29.010361 8.281750 -6.892443
v 28.605587 8.194756 -6.578091
v 28.517845 8.100189 -6.469321
v 28.517735 8.100170 -6.469401
v 28.709949 8.281750 -6.707644
v 28.417240 8.100189 -6.128050
v 28.417240 8.100189 -6.128050
v 28.490185 8.214813 -6.379982
v 28.507526 11.269878 -6.435934
v 28.432064 8.194756 -5.987031
v 28.449932 8.281742 -5.821645
v 28.455139 8.100189 -5.774284
v 28.455002 8.100170 -5.774260
v 28.421150 8.315151 -6.092985
v 28.625740 8.100189 -5.462065
v 28.625626 8.100170 -5.461990
v 28.481697 8.264267 -5.724514
v 28.902988 8.100189 -5.239088
v 28.902912 8.100170 -5.238976
v 28.697834 8.214802 -5.402452
v 29.039021 8.194763 -5.199100
v 29.198757 8.281742 -5.152641
v 29.244534 8.100189 -5.139417
v 29.244507 8.100170 -5.139283
v 28.936901 8.315163 -5.229349
v 29.340942 8.209068 -5.148423
v 29.565498 11.269878 -5.174638
v 29.598194 8.100189 -5.178278
v 29.598194 8.100189 -5.178278
v 29.868267 8.281754 -5.326661
v 29.909946 8.100189 -5.349733
v 29.910023 8.100170 -5.349617
v 29.689232 8.208950 -5.226254
v 30.045021 8.194759 -5.518348
v 30.132164 8.100189 -5.627594
v 30.132164 8.100189 -5.627594
v 29.941372 8.281750 -5.388226
v 30.171783 8.194763 -5.763731
v 30.217808 8.281746 -5.923599
v 30.230907 8.100189 -5.969409
v 30.230904 8.100189 -5.969410
v 30.141815 8.315155 -5.661532
v 30.191074 8.100189 -6.322963
v 30.191074 8.100189 -6.322963
v 30.223206 8.237041 -6.041007
v 30.144657 8.212242 -6.410805
v 30.018764 8.100189 -6.634246
v 30.018764 8.100189 -6.634246
v 29.849785 8.194763 -6.768860
v 29.980198 8.281761 -6.665557
v 29.422138 7.867599 -7.104060
v 29.422138 7.867599 -7.104060
v 29.422138 7.867599 -7.104060
v 29.809685 7.867550 -6.990316
v 29.810017 7.867619 -6.991086
v 29.809776 7.867599 -6.990512
v 29.009022 7.867619 -7.061173
v 29.009056 7.867599 -7.060954
v 29.009056 7.867599 -7.060954
v 28.643936 7.867619 -6.862990
v 28.644051 7.867599 -6.862799
v 28.643936 7.867599 -6.862892
v 28.382698 7.867619 -6.540000
v 28.382877 7.867599 -6.539869
v 28.382736 7.867599 -6.539911
v 28.265224 7.867619 -6.141546
v 28.265442 7.867599 -6.141494
v 28.265442 7.867599 -6.141494
v 28.309456 7.867619 -5.728498
v 28.309677 7.867599 -5.728533
v 28.309677 7.867599 -5.728533
v 28.508640 7.867619 -5.363952
v 28.508827 7.867599 -5.364069
v 28.508827 7.867599 -5.364069
v 28.832340 7.867619 -5.103601
v 28.832470 7.867599 -5.103782
v 28.832470 7.867599 -5.103782
v 29.231113 7.867619 -4.987216
v 29.231163 7.867599 -4.987433
v 29.231163 7.867599 -4.987433
v 29.644043 7.867619 -5.032577
v 29.644005 7.867599 -5.032797
v 29.644077 7.867599 -5.032667
v 30.008038 7.867619 -5.232753
v 30.007919 7.867599 -5.232943
v 30.007919 7.867599 -5.232943
v 30.267506 7.867619 -5.557166
v 30.267323 7.867599 -5.557296
v 30.267323 7.867599 -5.557296
v 30.382797 7.867619 -5.956256
v 30.382580 7.867599 -5.956307
v 30.382580 7.867599 -5.956307
v 30.336311 7.867619 -6.369058
v 30.336090 7.867599 -6.369021
v 30.336090 7.867599 -6.369021
v 30.135139 7.867619 -6.732508
v 30.134949 7.867599 -6.732390
v 30.134949 7.867599 -6.732390
v 30.007992 7.199650 -5.232815
v 28.643982 7.199650 -6.862928
v 29.644020 7.199650 -5.032652
v 28.265305 7.199650 -6.141535
v 30.267437 7.199650 -5.557205
v 28.382767 7.199650 -6.539960
v 28.309532 7.199650 -5.728517
v 30.382721 7.199650 -5.956266
v 28.508701 7.199650 -5.363999
v 30.336235 7.199650 -6.369038
v 29.422020 7.199650 -7.103651
v 28.832378 7.199650 -5.103668
v 29.809887 7.199650 -6.990904
v 30.135078 7.199650 -6.732461
v 29.009041 7.199650 -7.061099
v 29.231125 7.199650 -4.987293
v 19.889404 9.145924 12.528324
v 19.661831 9.145924 12.900460
v 19.292383 9.145924 12.585238
v 19.601105 9.145924 12.301129
v 19.840754 9.128248 12.435026
v 19.888638 9.127878 12.595556
v 19.805502 9.125072 12.800345
v 19.572296 9.126904 12.882655
v 19.378529 9.124222 12.777610
v 19.313570 9.127876 12.594760
v 19.396706 9.125071 12.389975
v 19.657305 9.124256 12.312635
v 19.738113 9.059748 12.264386
v 19.899345 9.060566 12.395688
v 19.956764 9.062088 12.560032
v 19.932652 9.060566 12.732322
v 19.800571 9.060568 12.893402
v 19.636166 9.062418 12.951138
v 19.431374 9.057322 12.912276
v 19.256851 9.057320 12.699376
v 19.259132 9.062088 12.491311
v 19.373661 9.056107 12.318017
v 19.566038 9.062418 12.239182
v 19.748009 9.145924 12.182615
v 19.365917 9.145924 12.563661
v 18.992813 9.145924 12.219678
v 19.329525 9.145924 11.825425
v 19.502308 9.127354 11.866509
v 19.680840 9.125574 12.027044
v 19.713705 9.126703 12.264071
v 19.593082 9.126379 12.471702
v 19.331074 9.124643 12.548624
v 19.024302 9.125570 12.298072
v 19.051397 9.125570 12.026297
v 19.262733 9.125572 11.853279
v 19.409199 9.061844 11.754636
v 19.612616 9.059692 11.825438
v 19.756020 9.061842 11.986281
v 19.810806 9.060532 12.194894
v 19.735220 9.059690 12.441821
v 19.574377 9.061844 12.585081
v 19.365776 9.059690 12.639146
v 19.157581 9.061270 12.584657
v 19.024002 9.061842 12.475604
v 18.954885 9.060532 12.024647
v 19.085331 9.061842 11.852880
v 19.237627 9.061270 11.771976
v 18.012968 9.145924 12.429365
v 18.027941 9.145924 12.760691
v 17.716103 9.145924 12.873652
v 17.471483 9.145924 12.585238
v 17.751894 9.145924 12.307727
v 17.863615 9.126902 12.318526
v 18.001625 9.128527 12.413438
v 18.067795 9.126902 12.567324
v 18.002634 9.126274 12.777704
v 17.836437 9.128248 12.877847
v 17.643574 9.126902 12.849748
v 17.558449 9.123251 12.777146
v 17.514404 9.127876 12.704827
v 17.503851 9.126902 12.510819
v 17.644562 9.126272 12.341389
v 17.949211 9.056105 12.278972
v 18.125351 9.058363 12.490460
v 18.110973 9.059748 12.732171
v 17.979675 9.060568 12.893401
v 17.815266 9.062418 12.951137
v 17.642750 9.060568 12.926585
v 17.481783 9.060568 12.794362
v 17.424524 9.062088 12.630087
v 17.448776 9.060568 12.457705
v 17.553749 9.061630 12.319224
v 17.710079 9.061232 12.242640
v 18.410492 9.145924 12.112173
v 18.275921 9.145924 12.465711
v 17.831179 9.145924 12.505773
v 17.731087 9.145924 12.049842
v 18.053669 9.145924 11.830983
v 18.189367 9.126703 11.867283
v 18.369476 9.126379 12.026092
v 18.401459 9.126703 12.264074
v 18.280834 9.126377 12.471702
v 18.053322 9.127352 12.550476
v 17.855833 9.127352 12.490359
v 17.712055 9.125570 12.298076
v 17.739151 9.125570 12.026297
v 17.950489 9.125572 11.853279
v 18.096954 9.061844 11.754636
v 18.262352 9.062256 11.804472
v 18.395296 9.061270 11.914521
v 18.477303 9.062256 12.066388
v 18.493488 9.061270 12.238212
v 18.444092 9.062256 12.403581
v 18.334248 9.061842 12.536915
v 18.140182 9.058653 12.629832
v 17.883791 9.059692 12.605383
v 17.711758 9.061842 12.475603
v 17.643288 9.059692 12.024760
v 17.773087 9.061842 11.852879
v 17.925381 9.061270 11.771976
v 18.930733 9.145924 11.591969
v 19.300194 9.145924 11.921448
v 19.280878 9.145924 12.481352
v 18.828823 9.145924 12.840514
v 18.273731 9.145924 12.681684
v 18.036062 9.145924 12.105357
v 18.448965 9.145924 11.586097
v 18.891109 9.127300 11.560992
v 19.166647 9.122639 11.724532
v 19.330698 9.127913 12.000059
v 19.354736 9.126442 12.255980
v 19.313915 9.136326 12.417240
v 19.208511 9.126444 12.609006
v 19.084965 9.136324 12.720417
v 18.828568 9.124184 12.840381
v 18.446329 9.124182 12.802600
v 18.281609 9.126623 12.700929
v 18.149500 9.124182 12.558827
v 18.043999 9.127298 12.255898
v 18.088575 9.124184 11.938073
v 18.281837 9.127296 11.682055
v 18.570864 9.124184 11.542543
v 18.699718 9.062683 11.370722
v 18.938961 9.061172 11.402925
v 19.222260 9.060320 11.554748
v 19.426426 9.061172 11.802972
v 19.504688 9.062683 12.031343
v 19.519787 9.061174 12.272180
v 19.457985 9.062683 12.505545
v 19.336676 9.061172 12.714252
v 19.155697 9.062683 12.873882
v 18.938820 9.060322 12.979678
v 18.699718 9.062683 13.012202
v 18.460615 9.060322 12.979678
v 18.176805 9.061785 12.828641
v 17.973295 9.060322 12.579748
v 17.879660 9.061172 12.272280
v 17.894747 9.062683 12.031341
v 17.973005 9.061172 11.802979
v 18.176992 9.061174 11.554449
v 18.460617 9.060320 11.403244
v 19.333076 29.281265 14.089248
v 19.155926 29.283363 14.115818
v 19.308781 29.178164 14.110209
v 19.525339 29.055862 13.049385
v 19.685329 29.052408 13.306334
v 19.716640 29.045105 13.517628
v 19.643173 29.052406 13.736232
v 19.505810 29.049206 13.909657
v 19.308929 29.053080 14.009700
v 18.879669 29.053080 13.967427
v 18.605045 29.052223 13.634287
v 18.577869 29.051960 13.394412
v 18.585379 29.053101 13.410772
v 19.687174 9.145924 13.245956
v 19.651016 9.145924 13.740690
v 19.145332 9.145924 14.078748
v 18.599827 9.145924 13.677490
v 18.604813 9.145485 13.306428
v 19.145329 9.145924 12.870049
v 19.314625 9.126764 12.912300
v 19.516062 9.128059 13.018665
v 19.660351 9.127520 13.195287
v 19.731529 9.124962 13.470643
v 19.659672 9.126766 13.745319
v 19.516056 9.128059 13.922128
v 19.314629 9.126764 14.028488
v 19.031208 9.124966 14.045383
v 18.630985 9.126762 13.745308
v 18.563763 9.128059 13.527676
v 18.603844 9.124964 13.245839
v 18.819859 9.124962 12.982850
v 19.088249 9.127514 12.889306
v 19.145330 9.062683 12.743021
v 19.357178 9.060471 12.771996
v 19.549437 9.062683 12.865605
v 19.709488 9.060472 13.007397
v 19.817337 9.062683 13.192040
v 19.871639 9.060472 13.398866
v 19.858728 9.062683 13.612297
v 19.788975 9.060472 13.814429
v 19.608728 9.061863 14.035047
v 19.357178 9.060471 14.168792
v 19.073723 9.061861 14.197336
v 18.801294 9.060472 14.114038
v 18.580673 9.061861 13.933788
v 18.417955 9.062683 13.470394
v 18.446936 9.060472 13.258531
v 18.540541 9.062683 13.066286
v 18.682137 9.061281 12.905918
v 18.933472 9.060471 12.771998
v 18.929661 29.178753 13.797192
v 18.211664 29.179642 14.134815
v 18.897133 29.058361 13.319167
v 18.880138 29.049671 13.690889
v 18.710320 29.052408 13.906508
v 18.296267 29.048088 14.037245
v 18.085840 29.052406 13.968017
v 17.864305 29.057907 13.755374
v 18.704559 9.145924 13.015368
v 18.927271 9.145924 13.413745
v 18.752182 9.145924 13.895128
v 18.221216 9.145924 14.039020
v 17.756033 9.145924 13.569584
v 17.796432 9.142494 13.581167
v 18.122355 9.145924 12.915748
v 18.521393 9.126764 12.912300
v 18.767309 9.126053 13.055181
v 18.927086 9.124964 13.356281
v 18.910803 9.127518 13.640031
v 18.803356 9.127518 13.840925
v 18.576204 9.124968 14.012073
v 18.294710 9.127516 14.051455
v 18.077175 9.126764 13.984736
v 17.864822 9.124966 13.796273
v 17.770531 9.128059 13.527676
v 17.794003 9.126766 13.301096
v 17.900372 9.128057 13.099665
v 18.077179 9.126766 12.956049
v 18.294811 9.128057 12.888830
v 18.423628 9.061281 12.743714
v 18.630451 9.062683 12.798388
v 18.815100 9.060471 12.906240
v 18.996307 9.061861 13.126060
v 19.078781 9.061281 13.398879
v 19.050831 9.061281 13.682417
v 18.916260 9.060471 13.933386
v 18.756207 9.062683 14.075184
v 18.563946 9.060471 14.168793
v 18.280491 9.061861 14.197336
v 18.007835 9.061281 14.114339
v 17.837767 9.062683 13.984725
v 17.708452 9.060471 13.814430
v 17.638699 9.062683 13.612297
v 17.625427 9.061281 13.398763
v 17.680092 9.062683 13.192036
v 17.787945 9.060471 13.007395
v 17.947990 9.062683 12.865605
v 18.140244 9.060471 12.771998
v 19.900673 9.145924 -12.603185
v 19.675303 9.145924 -12.835967
v 19.393194 9.145924 -12.771924
v 19.333935 9.145924 -12.462589
v 19.630936 9.145924 -12.261134
v 19.843094 9.125814 -12.402317
v 19.868467 9.125072 -12.675363
v 19.657066 9.125074 -12.848182
v 19.395920 9.125072 -12.768418
v 19.378529 9.124222 -12.746465
v 19.313570 9.127876 -12.563616
v 19.396706 9.125071 -12.358829
v 19.629311 9.126274 -12.277652
v 19.738113 9.059748 -12.233241
v 19.919193 9.058363 -12.393991
v 19.944187 9.056105 -12.668091
v 19.800571 9.060568 -12.862257
v 19.636166 9.062418 -12.919992
v 19.431374 9.057322 -12.881131
v 19.256851 9.057318 -12.668231
v 19.259132 9.062088 -12.460166
v 19.373661 9.056107 -12.286872
v 19.566038 9.062420 -12.208036
v 19.696585 9.145924 -12.038218
v 19.593805 9.145924 -12.460204
v 19.108589 9.145924 -12.421075
v 19.055111 9.145924 -11.969931
v 19.435272 9.145924 -11.815071
v 19.533470 9.124643 -11.850277
v 19.695175 9.127888 -12.027364
v 19.706053 9.124643 -12.266927
v 19.590752 9.128460 -12.437715
v 19.434948 9.127352 -12.512568
v 19.197319 9.125570 -12.478268
v 19.024302 9.125570 -12.266927
v 19.051399 9.125570 -11.995152
v 19.262733 9.125572 -11.822134
v 19.452454 9.059692 -11.728008
v 19.679951 9.059692 -11.849520
v 19.789547 9.062256 -12.035241
v 19.806160 9.061844 -12.207191
v 19.735220 9.059690 -12.410676
v 19.574377 9.061844 -12.553936
v 19.365913 9.058653 -12.607208
v 19.157230 9.062256 -12.554172
v 18.996456 9.059690 -12.410444
v 18.925655 9.061842 -12.207026
v 18.942997 9.061270 -12.035458
v 19.051685 9.059692 -11.849714
v 19.237419 9.061842 -11.740440
v 17.990887 9.145924 -12.353332
v 17.991486 9.145924 -12.789328
v 17.572292 9.145924 -12.771924
v 17.554890 9.145924 -12.352731
v 17.863615 9.126902 -12.287381
v 18.001625 9.128527 -12.382293
v 18.066565 9.126272 -12.535811
v 17.985996 9.125813 -12.769809
v 17.751995 9.126274 -12.850375
v 17.577106 9.126820 -12.766927
v 17.503851 9.126902 -12.479674
v 17.644562 9.126272 -12.310245
v 17.884905 9.058363 -12.218867
v 18.078621 9.060566 -12.364807
v 18.135883 9.062088 -12.529085
v 18.110975 9.059748 -12.701026
v 17.979675 9.060568 -12.862256
v 17.815266 9.062418 -12.919992
v 17.642750 9.060568 -12.895440
v 17.481783 9.060566 -12.763217
v 17.424524 9.062088 -12.598942
v 17.448776 9.060568 -12.426560
v 17.611197 9.056105 -12.247827
v 18.384338 9.145924 -12.038217
v 18.255741 9.145924 -12.488272
v 17.804764 9.145924 -12.412654
v 17.711027 9.145924 -12.034289
v 18.089119 9.145924 -11.803818
v 18.189367 9.126703 -11.836138
v 18.327171 9.128185 -11.938997
v 18.403208 9.127886 -12.094223
v 18.368191 9.125572 -12.332347
v 18.220348 9.128187 -12.476057
v 18.053322 9.127352 -12.519332
v 17.855833 9.127352 -12.459214
v 17.777407 9.123514 -12.390471
v 17.712055 9.125570 -12.266931
v 17.739151 9.125570 -11.995152
v 17.950489 9.125572 -11.822134
v 18.140469 9.060532 -11.727407
v 18.334385 9.061842 -11.821842
v 18.443434 9.061270 -11.955420
v 18.494232 9.062256 -12.120359
v 18.464050 9.059692 -12.333887
v 18.334248 9.061842 -12.505770
v 18.140182 9.058653 -12.598687
v 17.967651 9.062683 -12.596190
v 17.806742 9.059692 -12.533054
v 17.663906 9.061270 -12.372084
v 17.623020 9.062683 -12.298750
v 17.613108 9.062256 -12.207143
v 17.630753 9.061270 -12.035455
v 17.739437 9.059692 -11.849715
v 17.925173 9.061842 -11.740440
v 18.952971 9.145924 -11.548923
v 19.326265 9.145924 -11.989373
v 19.263630 9.145924 -12.482478
v 18.699718 9.145924 -12.837725
v 18.135807 9.145924 -12.482479
v 18.073170 9.145924 -11.989374
v 18.377558 9.145924 -11.596404
v 18.764172 9.127298 -11.504601
v 18.974363 9.136328 -11.566361
v 19.117270 9.126444 -11.651528
v 19.281231 9.127914 -11.849488
v 19.354736 9.126444 -12.095796
v 19.330700 9.127914 -12.351717
v 19.208509 9.126440 -12.577859
v 18.828568 9.124184 -12.809237
v 18.446329 9.124182 -12.771456
v 18.281609 9.126623 -12.669784
v 18.149500 9.124182 -12.527682
v 18.043999 9.127298 -12.224753
v 18.088575 9.124184 -11.906928
v 18.281837 9.127296 -11.650910
v 18.508661 9.126444 -11.530466
v 18.699718 9.062683 -11.339577
v 18.938961 9.061172 -11.371779
v 19.222260 9.060320 -11.523602
v 19.426426 9.061174 -11.771827
v 19.504688 9.062683 -12.000198
v 19.519787 9.061174 -12.241035
v 19.457985 9.062683 -12.474400
v 19.336676 9.061172 -12.683107
v 19.155697 9.062683 -12.842737
v 18.938820 9.060320 -12.948533
v 18.699718 9.062683 -12.981057
v 18.460615 9.060320 -12.948533
v 18.176805 9.061785 -12.797496
v 17.973295 9.060322 -12.548603
v 17.894747 9.062683 -12.320434
v 17.879660 9.061174 -12.079495
v 17.973005 9.061172 -11.771834
v 18.176992 9.061174 -11.523304
v 18.460617 9.060320 -11.372099
v 19.363884 9.145924 -12.911602
v 19.690836 9.145924 -13.232158
v 19.645092 9.145924 -13.724761
v 19.296831 9.145924 -13.994522
v 18.822710 9.145924 -13.922089
v 18.553585 9.145924 -13.399344
v 18.906033 9.145924 -12.907083
v 19.259457 9.124969 -12.864260
v 19.516064 9.128061 -12.987517
v 19.660351 9.127520 -13.164142
v 19.726421 9.127514 -13.382184
v 19.685772 9.123621 -13.663114
v 19.516056 9.128057 -13.890982
v 19.259453 9.124966 -14.014237
v 18.976032 9.126766 -13.997346
v 18.821983 9.128513 -13.923172
v 18.630985 9.126762 -13.714163
v 18.563763 9.128059 -13.496531
v 18.603844 9.124962 -13.214694
v 18.775347 9.126764 -12.988425
v 18.975685 9.127518 -12.880548
v 19.145330 9.062683 -12.711876
v 19.357178 9.060471 -12.740851
v 19.549437 9.062683 -12.834460
v 19.709488 9.060472 -12.976252
v 19.817337 9.062683 -13.160895
v 19.872002 9.061281 -13.367627
v 19.858728 9.062683 -13.581152
v 19.788975 9.060472 -13.783284
v 19.608728 9.061863 -14.003901
v 19.357178 9.060471 -14.137648
v 19.073807 9.061281 -14.165932
v 18.866974 9.062683 -14.111256
v 18.682339 9.060472 -14.003408
v 18.501122 9.061861 -13.783586
v 18.483257 9.062683 -13.755158
v 18.418648 9.061281 -13.510763
v 18.446936 9.060471 -13.227386
v 18.540541 9.062683 -13.035141
v 18.682137 9.061281 -12.874773
v 18.933472 9.060471 -12.740853
v 18.677931 9.145924 -12.951602
v 18.926258 9.145924 -13.398993
v 18.671844 9.145924 -13.951983
v 17.927589 9.145924 -13.863760
v 17.820665 9.145924 -13.175937
v 18.227154 9.145924 -12.883751
v 18.521393 9.126766 -12.881153
v 18.767309 9.126053 -13.024035
v 18.927086 9.124964 -13.325136
v 18.910803 9.127518 -13.608886
v 18.803356 9.127518 -13.809780
v 18.627024 9.126766 -13.953593
v 18.409485 9.127516 -14.020310
v 18.182755 9.127518 -13.998043
v 17.837755 9.126764 -13.714170
v 17.770531 9.128059 -13.496530
v 17.794004 9.126766 -13.269952
v 17.900372 9.128056 -13.068520
v 18.077179 9.126766 -12.924905
v 18.294811 9.128059 -12.857684
v 18.423628 9.061281 -12.712569
v 18.630451 9.062683 -12.767243
v 18.815100 9.060471 -12.875095
v 18.996307 9.061863 -13.094914
v 19.065496 9.062683 -13.297346
v 19.078403 9.060472 -13.510784
v 18.996307 9.061861 -13.783585
v 18.815285 9.061283 -14.003732
v 18.563946 9.060471 -14.137648
v 18.280575 9.061281 -14.165932
v 18.007759 9.061863 -14.083456
v 17.787611 9.061281 -13.902430
v 17.655043 9.062683 -13.696847
v 17.625416 9.061281 -13.510766
v 17.653366 9.061281 -13.227224
v 17.787945 9.060472 -12.976250
v 17.947990 9.062683 -12.834460
v 18.140244 9.060471 -12.740853
v 4.206423 9.145924 12.396157
v 4.204994 9.145924 12.780542
v 3.799339 9.145924 12.846339
v 3.762353 9.145924 12.378407
v 4.138518 9.127876 12.355862
v 4.245390 9.128248 12.484859
v 4.255457 9.126904 12.679501
v 4.114879 9.126902 12.850205
v 3.894761 9.126902 12.871510
v 3.756529 9.124222 12.777609
v 3.739805 9.127878 12.754574
v 3.692743 9.126274 12.566952
v 3.795146 9.127455 12.371005
v 3.979104 9.127432 12.308457
v 4.083320 9.057320 12.250906
v 4.277956 9.061230 12.395473
v 4.334783 9.062088 12.560234
v 4.309874 9.059748 12.732174
v 4.178573 9.060568 12.893402
v 4.014166 9.062418 12.951138
v 3.842095 9.059750 12.925932
v 3.680860 9.060566 12.794625
v 3.619678 9.061232 12.595157
v 3.681417 9.059748 12.396251
v 3.841650 9.060568 12.263733
v 4.126010 9.145924 12.182616
v 3.743916 9.145924 12.563661
v 3.361821 9.145924 12.182616
v 3.743915 9.145924 11.830983
v 3.879665 9.127354 11.866244
v 4.059720 9.126379 12.026089
v 4.084053 9.124643 12.298073
v 3.968751 9.128460 12.468860
v 3.812948 9.127352 12.543713
v 3.641314 9.127813 12.533118
v 3.394379 9.127884 12.264423
v 3.415534 9.127352 12.058500
v 3.519693 9.127811 11.921681
v 3.674201 9.127352 11.846213
v 3.830715 9.060532 11.758552
v 4.058148 9.059692 11.880860
v 4.167273 9.061842 12.066560
v 4.184159 9.061842 12.238338
v 4.133677 9.061270 12.403228
v 3.990842 9.059692 12.564199
v 3.743915 9.060530 12.639787
v 3.535582 9.061270 12.584657
v 3.401706 9.062256 12.475736
v 3.290989 9.062683 12.223362
v 3.333531 9.059692 12.024764
v 3.463331 9.061844 11.852880
v 3.615626 9.061270 11.771976
v 2.466924 9.145924 12.585238
v 2.214242 9.145924 12.876881
v 1.950185 9.145924 12.791107
v 1.882969 9.145924 12.502307
v 2.158201 9.145924 12.301129
v 2.241735 9.126272 12.319804
v 2.427089 9.125814 12.483779
v 2.412789 9.126902 12.731793
v 2.267871 9.127876 12.860957
v 2.047967 9.124256 12.861292
v 1.954844 9.127352 12.798519
v 1.880716 9.127453 12.679336
v 1.892709 9.127878 12.484753
v 2.022429 9.126904 12.340111
v 2.262046 9.062088 12.253187
v 2.411366 9.059748 12.341997
v 2.510077 9.060566 12.525005
v 2.475512 9.057320 12.764531
v 2.326824 9.062420 12.910622
v 2.158043 9.060566 12.953958
v 1.989640 9.062088 12.910301
v 1.859783 9.060568 12.794362
v 1.799405 9.060568 12.594997
v 1.881063 9.056107 12.367715
v 2.088081 9.061232 12.242640
v 2.619299 9.145924 11.895069
v 2.792986 9.145924 12.255021
v 2.431668 9.145924 12.563660
v 2.101001 9.145924 12.320428
v 2.196147 9.145924 11.907908
v 2.629511 9.127350 11.899436
v 2.773287 9.125574 12.091711
v 2.745141 9.124643 12.362450
v 2.598746 9.128185 12.506989
v 2.432016 9.127352 12.550476
v 2.204504 9.126379 12.471704
v 2.082853 9.127352 12.263928
v 2.093450 9.127811 12.092290
v 2.204952 9.125572 11.919312
v 2.431672 9.127884 11.838510
v 2.518209 9.059692 11.759153
v 2.745707 9.059692 11.880665
v 2.854978 9.061842 12.066395
v 2.872233 9.062256 12.238283
v 2.821433 9.061270 12.403227
v 2.678596 9.059692 12.564200
v 2.431808 9.059690 12.639146
v 2.223203 9.061844 12.585078
v 2.062364 9.059690 12.441821
v 1.985142 9.062683 12.264673
v 1.991107 9.062256 12.238285
v 2.021289 9.059692 12.024756
v 2.151088 9.061844 11.852879
v 2.303380 9.061270 11.771976
v 3.719332 9.145924 12.043784
v 3.504817 9.145924 12.711885
v 2.807707 9.145924 12.791938
v 2.451170 9.145924 12.362404
v 2.541454 9.145924 11.809492
v 3.209876 9.145924 11.527071
v 3.268773 9.126444 11.561610
v 3.418987 9.136324 11.633119
v 3.587126 9.127295 11.773585
v 3.708264 9.127295 12.000342
v 3.732737 9.126442 12.255978
v 3.691914 9.136326 12.417240
v 3.586511 9.126444 12.609006
v 3.462706 9.134537 12.718926
v 3.268846 9.127298 12.822009
v 3.013200 9.126444 12.846481
v 2.767254 9.127298 12.772607
v 2.659608 9.126623 12.700928
v 2.634089 9.136326 12.672507
v 2.497248 9.126444 12.501732
v 2.441597 9.136326 12.344962
v 2.422027 9.127298 12.126740
v 2.528665 9.122643 11.824598
v 2.766892 9.127914 11.609945
v 3.013265 9.127298 11.535746
v 3.077718 9.062683 11.370722
v 3.316961 9.061172 11.402925
v 3.600261 9.060320 11.554748
v 3.804425 9.061172 11.802973
v 3.898028 9.061785 12.110666
v 3.866252 9.061172 12.430712
v 3.714439 9.060322 12.713994
v 3.533697 9.062683 12.873882
v 3.316820 9.060320 12.979678
v 3.077718 9.062683 13.012202
v 2.838615 9.060322 12.979678
v 2.554805 9.061785 12.828641
v 2.351295 9.060322 12.579746
v 2.257408 9.061785 12.272252
v 2.289506 9.060320 11.952343
v 2.395297 9.062683 11.735481
v 2.554993 9.061174 11.554448
v 2.838615 9.060320 11.403244
v 3.674832 9.145924 12.915125
v 4.111980 9.145924 13.333929
v 3.889979 9.145924 13.917162
v 3.450792 9.145924 14.041374
v 3.028705 9.145924 13.779926
v 2.967831 9.145924 13.345451
v 3.200713 9.145924 12.987554
v 3.637456 9.124968 12.895405
v 3.894062 9.128057 13.018665
v 4.065010 9.124971 13.246289
v 4.097065 9.123621 13.584509
v 3.975066 9.128059 13.841118
v 3.747190 9.123619 14.010839
v 3.408769 9.126059 14.046315
v 3.199984 9.128513 13.954317
v 2.948344 9.124964 13.584517
v 2.981843 9.124964 13.245838
v 3.153347 9.126764 13.019571
v 3.353686 9.127520 12.911691
v 3.523331 9.062683 12.743021
v 3.735179 9.060471 12.771996
v 3.927437 9.062683 12.865605
v 4.087487 9.060471 13.007397
v 4.222335 9.061861 13.258350
v 4.249638 9.060472 13.541923
v 4.195337 9.062683 13.748749
v 4.087492 9.060472 13.933384
v 3.927437 9.062683 14.075184
v 3.735179 9.060471 14.168792
v 3.451806 9.061281 14.197077
v 3.179170 9.061283 14.114394
v 3.008999 9.062683 13.984725
v 2.879330 9.061281 13.814555
v 2.797023 9.060472 13.541927
v 2.809932 9.062683 13.328489
v 2.879381 9.061281 13.126140
v 3.060136 9.061281 12.905918
v 3.311472 9.060471 12.771998
v 3.318749 9.145924 13.333929
v 3.096749 9.145924 13.917161
v 2.599216 9.145924 14.039020
v 2.184592 9.145924 13.677486
v 2.230336 9.145924 13.184884
v 2.730097 9.145924 12.870049
v 2.954198 9.124966 12.928717
v 3.181830 9.128059 13.099666
v 3.305087 9.124964 13.356281
v 3.288803 9.127518 13.640031
v 3.181357 9.127518 13.840925
v 3.005208 9.127520 13.985414
v 2.787174 9.127518 14.051488
v 2.560802 9.126766 14.028490
v 2.189656 9.123617 13.694253
v 2.148532 9.128059 13.413114
v 2.215752 9.126766 13.195477
v 2.404211 9.124966 12.983124
v 2.672705 9.127516 12.889335
v 2.730098 9.062683 12.743021
v 2.942108 9.061281 12.771657
v 3.193099 9.060471 12.906240
v 3.374308 9.061861 13.126060
v 3.443497 9.062683 13.328491
v 3.456405 9.060472 13.541928
v 3.402105 9.062683 13.748749
v 3.294510 9.061281 13.933666
v 3.134206 9.062683 14.075184
v 2.941946 9.060471 14.168793
v 2.658491 9.061861 14.197336
v 2.385834 9.061281 14.114338
v 2.165610 9.061281 13.933574
v 2.002725 9.062683 13.470394
v 2.031705 9.060472 13.258530
v 2.125309 9.062683 13.066286
v 2.266908 9.061281 12.905917
v 2.518243 9.060471 12.771998
v -11.354596 9.145924 12.528322
v -11.582170 9.145924 12.900461
v -11.951617 9.145924 12.585238
v -11.642896 9.145924 12.301129
v -11.400907 9.125814 12.433464
v -11.367537 9.126274 12.678690
v -11.531514 9.125814 12.864045
v -11.753306 9.127878 12.860652
v -11.896667 9.126274 12.730805
v -11.927960 9.128527 12.567089
v -11.865327 9.126272 12.412618
v -11.643453 9.125074 12.305534
v -11.538680 9.057320 12.250906
v -11.366389 9.062418 12.368237
v -11.284926 9.057322 12.560105
v -11.344651 9.060566 12.794625
v -11.538682 9.057320 12.939412
v -11.779904 9.059750 12.925933
v -11.941140 9.060568 12.794625
v -11.998555 9.062090 12.630287
v -11.974961 9.061232 12.457609
v -11.811902 9.056107 12.278971
v -11.650195 9.145924 11.898440
v -11.547416 9.145924 12.320428
v -11.915004 9.145924 12.569762
v -12.236783 9.145924 12.219080
v -12.073646 9.145924 11.902212
v -11.742391 9.126703 11.867280
v -11.562284 9.126377 12.026088
v -11.529405 9.127350 12.264597
v -11.652034 9.125570 12.471022
v -11.878430 9.127354 12.550478
v -12.075919 9.127352 12.490361
v -12.205697 9.126705 12.330595
v -12.220754 9.126379 12.090946
v -12.075341 9.127350 11.899046
v -11.912560 9.128185 11.842578
v -11.834802 9.061844 11.754636
v -11.669631 9.061842 11.804705
v -11.508782 9.059692 11.947965
v -11.433192 9.060530 12.194894
v -11.487983 9.061842 12.403512
v -11.597510 9.061842 12.536916
v -11.749751 9.061842 12.618254
v -11.921405 9.061270 12.634714
v -12.086547 9.061844 12.585081
v -12.219995 9.061842 12.475606
v -12.287791 9.058653 12.025199
v -12.158933 9.062256 11.852692
v -12.006370 9.061270 11.771976
v -13.279668 9.145924 12.355635
v -13.196628 9.145924 12.696586
v -13.463799 9.145924 12.893109
v -13.755729 9.145924 12.643736
v -13.621800 9.145924 12.358679
v -13.279840 9.127453 12.371008
v -13.177438 9.126272 12.566956
v -13.224500 9.127876 12.754571
v -13.407012 9.125814 12.880609
v -13.623872 9.127878 12.834016
v -13.686881 9.125055 12.778244
v -13.740428 9.126902 12.678571
v -13.704291 9.125069 12.433793
v -13.492000 9.126272 12.308799
v -13.326341 9.060568 12.263733
v -13.146489 9.057320 12.425785
v -13.120715 9.056105 12.699237
v -13.264327 9.060568 12.893402
v -13.499148 9.058363 12.954100
v -13.716956 9.059748 12.848323
v -13.835946 9.062683 12.587652
v -13.815730 9.060566 12.525311
v -13.740300 9.062420 12.368234
v -13.568011 9.057320 12.250906
v -12.849681 9.145924 12.079971
v -12.914502 9.145924 12.408541
v -13.225781 9.145924 12.554828
v -13.551646 9.145924 12.255020
v -13.264346 9.145924 11.822799
v -13.054631 9.126703 11.867284
v -12.894870 9.127354 11.997050
v -12.833945 9.127884 12.194895
v -12.894868 9.127354 12.392735
v -13.087144 9.125572 12.536510
v -13.357881 9.124643 12.508369
v -13.518708 9.127350 12.331287
v -13.539866 9.127886 12.125360
v -13.415818 9.124645 11.920131
v -13.225070 9.128460 11.842190
v -13.103791 9.059692 11.759153
v -12.909749 9.061842 11.852879
v -12.779948 9.059690 12.024764
v -12.753987 9.060530 12.281686
v -12.848420 9.061842 12.475606
v -12.981868 9.061844 12.585081
v -13.190330 9.058653 12.638352
v -13.437497 9.060532 12.564811
v -13.580516 9.061844 12.403360
v -13.630149 9.061270 12.238216
v -13.600818 9.059692 12.025013
v -13.471175 9.062256 11.852690
v -13.318620 9.061270 11.771977
v -11.928357 9.145924 11.985502
v -11.986169 9.145924 12.540728
v -12.480359 9.145924 12.840463
v -13.023534 9.145924 12.642898
v -13.188552 9.145924 12.109616
v -12.954732 9.145924 11.691329
v -12.369857 9.145924 11.545375
v -12.353227 9.126444 11.561611
v -12.159032 9.136326 11.662503
v -12.035495 9.126442 11.773907
v -11.930083 9.136332 11.965678
v -11.888562 9.127300 12.127013
v -11.914430 9.126442 12.382510
v -12.034577 9.127913 12.609758
v -12.291585 9.122639 12.801535
v -12.517837 9.136326 12.845304
v -12.735349 9.126442 12.821308
v -13.194150 9.125431 12.320725
v -13.155425 9.124184 11.938075
v -12.911653 9.124182 11.641247
v -12.608737 9.127298 11.535745
v -12.463550 9.061172 11.371396
v -12.155715 9.061783 11.464514
v -11.907269 9.061174 11.668736
v -11.786016 9.062683 11.877377
v -11.724565 9.060320 12.110727
v -11.755717 9.061172 12.430613
v -11.907262 9.061174 12.714175
v -12.088302 9.062683 12.873882
v -12.305127 9.061174 12.980024
v -12.625018 9.060322 13.011179
v -12.858367 9.062683 12.949727
v -13.066813 9.060322 12.828183
v -13.270986 9.061174 12.579954
v -13.349254 9.062683 12.351579
v -13.364341 9.061174 12.110643
v -13.270711 9.060320 11.803186
v -13.124633 9.062683 11.611108
v -12.932763 9.061172 11.464750
v -12.704398 9.062683 11.386490
v -11.685042 9.145924 13.029890
v -11.567239 9.145924 13.733706
v -12.217355 9.145924 14.067058
v -12.674094 9.145924 13.567088
v -12.432204 9.145924 12.971224
v -11.823569 9.127518 12.955374
v -11.646941 9.128054 13.099669
v -11.539884 9.127512 13.301051
v -11.517612 9.127512 13.527770
v -11.612288 9.123611 13.795385
v -11.823197 9.128061 13.985778
v -12.041593 9.127518 14.051487
v -12.267968 9.126768 14.028492
v -12.639115 9.123621 13.694252
v -12.680240 9.128061 13.413125
v -12.613547 9.127520 13.195019
v -12.424140 9.124964 12.982848
v -12.098664 9.123615 12.885427
v -12.098670 9.062683 12.743021
v -11.886821 9.060471 12.771996
v -11.635474 9.061281 12.905920
v -11.454719 9.061279 13.126144
v -11.385272 9.062683 13.328491
v -11.372363 9.060472 13.541919
v -11.426661 9.062683 13.748749
v -11.534261 9.061281 13.933670
v -11.754638 9.060472 14.114040
v -12.027032 9.061281 14.197065
v -12.240573 9.062683 14.183794
v -12.442700 9.060472 14.114040
v -12.613002 9.062683 13.984725
v -12.742671 9.061281 13.814552
v -12.850339 9.062683 13.412466
v -12.824977 9.060472 13.541925
v -12.797675 9.061863 13.258350
v -12.662824 9.060471 13.007392
v -12.502776 9.062683 12.865605
v -12.310531 9.060471 12.771999
v -12.740401 9.145924 12.915124
v -12.392138 9.145924 13.184881
v -12.336629 9.145924 13.621892
v -12.667464 9.145924 14.012239
v -13.177413 9.145924 13.970159
v -13.467328 9.145924 13.567085
v -13.266011 9.145924 13.014535
v -12.722608 9.126766 12.912299
v -12.521607 9.127514 13.018944
v -12.350408 9.124971 13.245840
v -12.310338 9.128057 13.527691
v -12.377568 9.126764 13.745328
v -12.521180 9.128056 13.922129
v -12.722606 9.126764 14.028488
v -12.949183 9.128059 14.051961
v -13.166821 9.126764 13.984738
v -13.379178 9.124968 13.796274
v -13.479108 9.126062 13.470394
v -13.406777 9.127520 13.195018
v -13.262202 9.127518 13.018946
v -13.006026 9.124964 12.895410
v -12.820371 9.061281 12.743714
v -12.613547 9.062683 12.798388
v -12.428903 9.060471 12.906240
v -12.247687 9.061861 13.126069
v -12.165219 9.061281 13.398890
v -12.193172 9.061281 13.682426
v -12.327493 9.061281 13.933669
v -12.547862 9.060472 14.114037
v -12.749997 9.062683 14.183794
v -12.963508 9.061861 14.197336
v -13.235940 9.060472 14.114038
v -13.456553 9.061863 13.933793
v -13.619275 9.062683 13.470394
v -13.590638 9.061281 13.258379
v -13.456059 9.060472 13.007400
v -13.296008 9.062683 12.865605
v -13.103755 9.060471 12.771998
v 29.433765 28.626873 6.987937
v 29.408134 11.269878 6.996256
v 29.423908 28.626911 6.991584
v 29.069962 28.581287 6.956759
v 29.054264 11.269878 6.959327
v 29.070625 28.583195 6.961059
v 28.766285 28.513454 6.802101
v 28.741581 11.269878 6.789579
v 28.756027 28.511433 6.797448
v 28.538498 28.426735 6.538548
v 28.517845 11.269878 6.512938
v 28.528172 28.422592 6.525743
v 28.430408 28.330128 6.193181
v 28.417240 11.269878 6.171668
v 28.421871 28.330242 6.187453
v 28.455029 28.250004 5.840392
v 28.455135 11.269878 5.817901
v 28.453362 28.248489 5.834255
v 28.609921 11.269878 5.534531
v 28.612835 28.191956 5.530465
v 28.625740 11.269878 5.505682
v 28.617832 28.189821 5.520107
v 28.895870 28.164730 5.292420
v 28.902988 11.269878 5.282705
v 28.890156 28.163204 5.292997
v 28.652683 28.184582 5.483427
v 29.212936 28.172180 5.192206
v 29.244534 11.269878 5.183034
v 29.228737 28.172703 5.187620
v 29.565498 11.269878 5.218255
v 29.584499 28.218716 5.224976
v 29.598194 11.269878 5.221895
v 29.581848 28.216866 5.220076
v 29.883381 28.292427 5.386193
v 29.909946 11.269878 5.393351
v 29.895546 28.288944 5.385403
v 30.113377 28.375210 5.648757
v 30.132164 11.269878 5.671211
v 30.121910 28.377934 5.658349
v 30.221931 28.466396 5.982298
v 30.230904 11.269878 6.013027
v 30.226360 28.470232 5.997216
v 30.142303 11.269878 5.704654
v 30.194618 28.548334 6.334617
v 30.191074 11.269878 6.366580
v 30.192940 28.551744 6.350236
v 30.227444 28.482517 6.047801
v 30.019978 28.608358 6.667489
v 30.018764 11.269878 6.677863
v 30.026756 28.610016 6.663483
v 29.761894 28.634991 6.881506
v 29.408134 11.269878 -6.952639
v 29.728298 25.327782 -6.853424
v 29.728035 25.325239 -6.858608
v 29.054264 11.269878 -6.915710
v 29.373329 25.266857 -6.949467
v 28.770470 25.249979 -6.761700
v 28.741581 11.269878 -6.745962
v 29.044910 25.244036 -6.907197
v 28.538498 25.290295 -6.494931
v 28.517845 11.269878 -6.469321
v 28.720631 25.254841 -6.720463
v 28.426498 25.359455 -6.159622
v 28.417240 11.269878 -6.128050
v 28.508194 25.301022 -6.437508
v 28.455135 11.269878 -5.774284
v 28.423405 25.371426 -6.104176
v 28.609921 25.539259 -5.490913
v 28.625740 11.269878 -5.462065
v 28.470764 25.463772 -5.745260
v 28.902988 11.269878 -5.239088
v 28.648624 25.554537 -5.444280
v 29.244534 11.269878 -5.139417
v 28.923740 25.631439 -5.236910
v 29.565498 11.269878 -5.174638
v 29.598194 11.269878 -5.178278
v 29.258751 25.688816 -5.144494
v 29.909946 11.269878 -5.349734
v 29.629032 11.269878 -5.194715
v 29.623978 25.715210 -5.192620
v 30.132164 11.269878 -5.627594
v 29.912006 25.702986 -5.358725
v 30.230904 11.269878 -5.969410
v 30.141991 25.656351 -5.660312
v 30.194805 25.510061 -6.290274
v 30.191074 11.269878 -6.322963
v 30.227413 25.582668 -6.003393
v 30.018764 11.269878 -6.634246
v 30.174950 25.493172 -6.352699
v 29.993374 25.401525 -6.654656
vn 0.9627 0.0002 0.2705
vn -0.0908 -0.0000 0.9959
vn 0.4584 0.0022 0.8888
vn -0.3413 0.0028 0.9399
vn 0.6672 0.5626 0.4882
vn 0.2859 -0.0018 0.9582
vn 0.2841 -0.0000 0.9588
vn 0.9504 0.0006 0.3111
vn -0.1006 -0.0033 0.9949
vn 0.2369 0.5398 0.8078
vn 0.2766 0.0085 0.9610
vn 0.1979 0.2149 0.9564
vn -0.4845 0.5550 0.6761
vn 0.2438 0.0011 0.9698
vn 0.4048 -0.0048 0.9144
vn 0.2368 0.0001 0.9715
vn -0.4212 -0.0073 0.9070
vn 0.7855 0.0009 0.6189
vn -0.4655 -0.0000 0.8850
vn 0.0817 0.0009 0.9967
vn -0.6740 0.0004 0.7387
vn -0.1061 0.0007 0.9944
vn 0.8537 0.1956 0.4826
vn -0.1053 -0.0000 0.9944
vn 0.4840 -0.0097 0.8750
vn -0.4785 0.0004 0.8781
vn -0.0871 0.5401 0.8371
vn -0.5554 0.7580 0.3420
vn -0.1025 -0.0031 0.9947
vn -0.7736 0.3594 0.5220
vn -0.0931 -0.0004 0.9957
vn -0.2849 -0.0104 0.9585
vn -0.8820 -0.0047 0.4712
vn 0.0894 0.4497 0.8887
vn 0.0121 0.0032 0.9999
vn -0.7692 -0.0000 0.6390
vn -0.7059 0.0024 0.7083
vn -0.4655 -0.0000 0.8851
vn -1.0000 0.0003 -0.0044
vn -0.5558 0.2577 0.7903
vn 0.0861 0.5476 0.8323
vn -0.4744 0.0027 0.8803
vn -0.4764 -0.0004 0.8792
vn -0.4784 -0.0000 0.8782
vn 0.1440 -0.0096 0.9895
vn -0.7786 0.0004 0.6276
vn -0.6540 0.5403 0.5295
vn -0.4814 -0.0027 0.8765
vn -0.8264 0.5497 0.1219
vn -0.4694 -0.0007 0.8830
vn -0.6356 -0.0081 0.7720
vn -0.9983 -0.0015 0.0590
vn -0.1486 0.0029 0.9889
vn -0.9554 -0.0000 0.2953
vn -0.8404 0.0035 0.5419
vn -0.9625 0.0018 -0.2712
vn -0.2389 0.5479 0.8017
vn -0.7755 0.0028 0.6313
vn -0.7770 -0.0004 0.6295
vn -0.7784 -0.0000 0.6277
vn -0.1703 -0.0079 0.9854
vn -0.9583 -0.0033 0.2858
vn -0.8068 0.5406 0.2383
vn -0.7807 -0.0027 0.6249
vn -0.8102 0.5495 -0.2041
vn -0.7721 -0.0007 0.6355
vn -0.8521 -0.0078 0.5233
vn -0.9575 -0.0027 -0.2884
vn -0.8171 0.2590 0.5150
vn -0.5519 -0.0001 0.8339
vn -0.9956 -0.0000 -0.0934
vn -0.9835 0.0013 0.1811
vn -0.9554 -0.0000 0.2952
vn -0.8112 0.0019 -0.5848
vn -0.9598 0.0008 0.2806
vn -0.1195 0.1945 0.9736
vn -0.9596 -0.0000 0.2813
vn -0.6273 -0.0119 0.7787
vn -0.9946 -0.0032 -0.1035
vn -0.8068 0.5407 0.2381
vn -0.5270 0.7595 -0.3814
vn -0.9588 -0.0031 0.2839
vn -0.7719 0.3578 -0.5255
vn -0.9561 -0.0004 0.2929
vn -0.9995 -0.0102 0.0306
vn -0.7888 0.4478 0.4210
vn -0.8523 -0.0011 0.5231
vn -0.8837 -0.0000 -0.4680
vn -0.9785 -0.0000 -0.2065
vn -0.9956 -0.0000 -0.0935
vn -0.5660 0.0012 -0.8244
vn -0.9941 0.0008 -0.1086
vn -0.5764 0.5568 0.5981
vn -0.9942 -0.0000 -0.1079
vn -0.9941 -0.0000 -0.1080
vn -0.5859 -0.0004 0.8104
vn -0.8790 -0.0032 -0.4768
vn -0.7382 0.5410 -0.4029
vn -0.9944 -0.0030 -0.1054
vn -0.3778 0.2059 -0.9027
vn -0.6025 0.5601 -0.5685
vn -0.9954 -0.0004 -0.0959
vn -0.9901 -0.0058 0.1399
vn -0.7813 -0.0076 -0.6242
vn -0.9766 0.2114 -0.0397
vn -0.6369 -0.0000 -0.7709
vn -0.9688 0.0003 -0.2477
vn -0.4487 0.0002 -0.8937
vn -0.8804 0.4668 0.0840
vn -0.8764 0.0008 -0.4815
vn -0.8768 -0.0000 -0.4808
vn -0.9674 -0.0102 0.2530
vn -0.6254 0.0005 -0.7803
vn -0.5273 0.5412 -0.6550
vn -0.4588 0.8800 -0.1229
vn -0.8781 -0.0031 -0.4784
vn -0.7551 0.3256 -0.5691
vn -0.1572 0.5209 -0.8390
vn -0.8825 -0.0004 -0.4703
vn -0.8075 -0.0096 -0.5898
vn -0.9922 0.0006 -0.1249
vn -0.2927 -0.0000 -0.9562
vn -0.5756 0.0018 -0.8177
vn -0.6368 -0.0000 -0.7710
vn 0.2192 0.0019 -0.9757
vn -0.6292 0.0028 -0.7772
vn -0.6893 0.4496 -0.5681
vn -0.9460 0.1956 0.2584
vn -0.6274 -0.0004 -0.7787
vn -0.6256 -0.0000 -0.7801
vn -0.9598 -0.0097 -0.2804
vn -0.2786 0.0004 -0.9604
vn -0.2360 0.5412 -0.8071
vn 0.1535 0.7580 -0.6339
vn -0.6227 -0.0027 -0.7824
vn 0.1816 0.3594 -0.9153
vn -0.6334 -0.0008 -0.7738
vn -0.4727 -0.0104 -0.8812
vn 0.2945 -0.0047 -0.9557
vn -0.7796 0.0030 -0.6263
vn 0.0962 -0.0000 -0.9954
vn -0.0977 0.0028 -0.9952
vn 0.6399 0.0010 -0.7684
vn -0.2832 0.0027 -0.9591
vn -0.7810 0.5497 -0.2963
vn -0.2810 -0.0004 -0.9597
vn -0.2788 -0.0000 -0.9604
vn -0.9724 -0.0004 -0.2332
vn 0.1108 0.0004 -0.9938
vn 0.0914 0.5411 -0.8360
vn 0.2622 0.5472 -0.7949
vn -0.2754 -0.0027 -0.9613
vn 0.6922 0.2198 -0.6874
vn -0.2886 -0.0007 -0.9574
vn -0.5074 -0.0084 -0.8617
vn 0.2820 -0.0112 -0.9594
vn -0.3717 0.2562 -0.8923
vn 0.4704 -0.0000 -0.8825
vn -0.1398 0.0013 -0.9902
vn 0.6555 0.0005 -0.7552
vn 0.1061 0.0027 -0.9944
vn -0.4242 0.5689 -0.7046
vn 0.1084 -0.0004 -0.9941
vn 0.1107 -0.0000 -0.9939
vn 0.4832 0.0003 -0.8755
vn 0.0915 0.5412 -0.8359
vn 0.1142 -0.0027 -0.9935
vn 0.7594 0.5220 -0.3883
vn 0.1006 -0.0007 -0.9949
vn -0.2600 -0.0124 -0.9655
vn 0.5477 -0.0191 -0.8364
vn 0.3100 0.1733 -0.9348
vn -0.0804 0.0011 -0.9968
vn 0.7728 -0.0000 -0.6347
vn 0.6499 0.0008 -0.7600
vn 0.9970 -0.0000 -0.0772
vn 0.4792 0.0026 -0.8777
vn -0.1125 0.5799 -0.8068
vn 0.4812 -0.0004 -0.8766
vn 0.4832 -0.0000 -0.8755
vn -0.4055 0.0025 -0.9141
vn 0.7819 0.0004 -0.6233
vn 0.6567 0.5407 -0.5257
vn 0.4862 -0.0028 -0.8738
vn 0.8475 0.5296 0.0348
vn 0.4741 -0.0007 -0.8805
vn 0.4247 -0.0014 -0.9053
vn 0.9669 -0.0041 -0.2551
vn 0.6562 0.1795 -0.7329
vn -0.2510 0.0001 -0.9680
vn 0.3015 0.0009 -0.9535
vn 0.9570 -0.0000 -0.2902
vn 0.9939 0.0011 -0.1102
vn 0.8859 0.0006 0.4639
vn 0.8248 0.2552 -0.5045
vn 0.2424 0.5487 -0.8001
vn 0.7790 0.0027 -0.6270
vn 0.7805 -0.0004 -0.6252
vn 0.7819 -0.0000 -0.6234
vn -0.0628 0.0013 -0.9980
vn 0.9611 0.0003 -0.2761
vn 0.6567 0.5408 -0.5256
vn 0.7840 -0.0027 -0.6207
vn 0.8108 0.5480 0.2056
vn 0.7755 -0.0007 -0.6314
vn 0.6538 -0.0047 -0.7567
vn 0.9978 -0.0079 -0.0662
vn 0.7457 0.0045 -0.6663
vn 0.9951 -0.0000 0.0990
vn 0.9961 0.0035 0.0882
vn 0.9599 0.0026 -0.2804
vn 0.2985 0.5498 -0.7802
vn 0.9605 -0.0004 -0.2783
vn 0.9611 -0.0000 -0.2761
vn 0.2358 -0.0004 -0.9718
vn 0.9940 -0.0032 0.1089
vn 0.8082 0.5406 -0.2338
vn 0.7942 0.5472 0.2643
vn 0.9620 -0.0028 -0.2729
vn 0.6855 0.2198 0.6941
vn 0.9583 -0.0007 -0.2858
vn 0.8630 -0.0084 -0.5051
vn 0.9586 -0.0112 0.2846
vn 0.8933 0.2562 -0.3693
vn 0.7471 0.0024 -0.6647
vn 0.8812 -0.0000 0.4728
vn 0.9935 0.0034 0.1134
vn 0.9951 -0.0000 0.0991
vn 0.5783 0.0022 0.8158
vn 0.9935 0.0009 0.1141
vn 0.6772 0.3599 -0.6418
vn 0.9936 -0.0000 0.1134
vn 0.7370 -0.0094 -0.6759
vn 0.8764 -0.0032 0.4816
vn 0.8362 0.5403 0.0939
vn 0.3102 0.7098 0.6325
vn 0.9938 -0.0030 0.1108
vn 0.2783 0.1976 0.9399
vn 0.9949 -0.0004 0.1013
vn 0.9934 -0.0138 0.1135
vn 0.5690 -0.0092 0.8223
vn 0.8469 0.4530 0.2785
vn 0.8423 0.0012 -0.5390
vn 0.6326 -0.0000 0.7744
vn 0.9754 0.0029 0.2206
vn 0.5256 0.0029 0.8508
vn 0.8738 0.0008 0.4863
vn 0.8073 0.5805 -0.1061
vn 0.8742 -0.0000 0.4856
vn 0.9980 -0.0119 -0.0626
vn 0.6249 -0.0033 0.7807
vn 0.7365 0.5401 0.4073
vn 0.8755 -0.0031 0.4832
vn -0.0386 0.5316 0.8461
vn 0.8800 -0.0004 0.4750
vn 0.7266 -0.0077 0.6871
vn 0.0028 0.0015 1.0000
vn 0.7397 0.1787 0.6487
vn 0.9945 0.0006 0.1049
vn 0.5705 0.0012 0.8213
vn 0.6327 -0.0000 0.7744
vn -0.2487 0.0010 0.9686
vn 0.7994 0.5487 0.2446
vn 0.6206 0.0008 0.7841
vn 0.6213 -0.0000 0.7836
vn 0.6214 -0.0000 0.7835
vn 0.9982 0.0013 -0.0600
vn 0.6214 -0.0012 0.7835
vn 0.5241 0.5400 0.6585
vn 0.6234 -0.0032 0.7819
vn 0.5023 0.2552 0.8262
vn -0.2078 0.5480 0.8102
vn 0.6308 -0.0004 0.7759
vn 0.7549 -0.0047 0.6558
vn 0.0635 -0.0079 0.9980
vn -0.1039 0.0001 0.9946
vn -0.4772 0.0001 0.8788
vn -0.4774 0.0002 0.8787
vn -0.7778 0.0002 0.6286
vn -0.9943 0.0001 -0.1066
vn -0.8775 0.0001 -0.4796
vn -0.6266 0.0001 -0.7793
vn -0.2800 0.0001 -0.9600
vn 0.1093 0.0001 -0.9940
vn 0.1096 0.0002 -0.9940
vn 0.7810 0.0001 -0.6245
vn 0.9608 0.0001 -0.2774
vn 0.9937 0.0001 0.1120
vn 0.8749 0.0001 0.4844
vn 0.6224 0.0001 0.7827
vn 0.6222 0.0002 0.7829
vn -0.1034 -0.0002 0.9946
vn -0.4768 -0.0002 0.8790
vn -0.7773 -0.0002 0.6291
vn -0.9591 -0.0002 0.2831
vn -0.9943 -0.0002 -0.1062
vn -0.8777 -0.0002 -0.4792
vn -0.6270 -0.0002 -0.7790
vn -0.2805 -0.0002 -0.9599
vn 0.1089 -0.0002 -0.9941
vn 0.4816 -0.0002 -0.8764
vn 0.7807 -0.0002 -0.6249
vn 0.9606 -0.0002 -0.2778
vn 0.9938 -0.0002 0.1116
vn 0.8751 -0.0002 0.4840
vn 0.6227 -0.0002 0.7824
vn 0.6225 -0.0001 0.7826
vn 0.6869 0.0041 -0.7267
vn -0.0908 -0.0000 -0.9959
vn -0.0063 0.0033 -1.0000
vn -0.6919 0.0007 -0.7220
vn 0.2859 -0.0018 -0.9582
vn 0.9544 0.2147 -0.2074
vn 0.2841 -0.0000 -0.9588
vn 0.9504 0.0006 -0.3111
vn -0.1006 -0.0033 -0.9949
vn 0.2369 0.5398 -0.8078
vn 0.6506 0.5489 -0.5249
vn 0.2766 0.0085 -0.9610
vn -0.4963 0.5479 -0.6734
vn 0.2438 0.0011 -0.9698
vn 0.4048 -0.0048 -0.9144
vn 0.2368 0.0001 -0.9716
vn -0.4212 -0.0073 -0.9070
vn 0.1579 0.2578 -0.9532
vn 0.3829 0.0036 -0.9238
vn -0.4655 -0.0000 -0.8850
vn -0.3997 0.0032 -0.9167
vn -0.9361 0.0009 -0.3517
vn 0.5881 0.6572 -0.4714
vn -0.1061 0.0007 -0.9944
vn 0.8530 0.1969 -0.4834
vn -0.1053 -0.0000 -0.9944
vn 0.4840 -0.0097 -0.8750
vn -0.4785 0.0004 -0.8781
vn -0.0871 0.5401 -0.8371
vn -0.1763 0.8479 -0.5000
vn -0.1026 -0.0031 -0.9947
vn -0.6295 0.3967 -0.6681
vn -0.0931 -0.0004 -0.9957
vn -0.2858 -0.0084 -0.9582
vn -0.8769 -0.0022 -0.4807
vn 0.0956 0.4191 -0.9029
vn 0.2222 0.0027 -0.9750
vn -0.7692 -0.0000 -0.6390
vn -0.4787 0.0027 -0.8780
vn -0.9391 0.0013 -0.3438
vn -0.4744 0.0027 -0.8803
vn 0.5282 0.2182 -0.8206
vn -0.4764 -0.0004 -0.8792
vn -0.4784 -0.0000 -0.8781
vn 0.1440 -0.0096 -0.9895
vn -0.7785 0.0004 -0.6276
vn -0.6540 0.5403 -0.5295
vn 0.0861 0.5476 -0.8323
vn -0.4814 -0.0027 -0.8765
vn -0.8264 0.5497 -0.1219
vn -0.4694 -0.0007 -0.8830
vn -0.6356 -0.0081 -0.7720
vn -0.9983 -0.0015 -0.0589
vn -0.5558 0.2577 -0.7903
vn -0.0399 0.0022 -0.9992
vn -0.9554 -0.0000 -0.2953
vn -0.7382 0.0036 -0.6745
vn -0.9987 0.0028 0.0511
vn -0.7755 0.0027 -0.6313
vn 0.1727 0.2168 -0.9608
vn -0.7770 -0.0004 -0.6295
vn -0.7784 -0.0000 -0.6278
vn -0.1703 -0.0079 -0.9854
vn -0.9583 -0.0033 -0.2858
vn -0.8068 0.5406 -0.2383
vn -0.2389 0.5479 -0.8017
vn -0.7807 -0.0028 -0.6250
vn -0.8171 0.2590 -0.5151
vn -0.8102 0.5495 0.2041
vn -0.7719 -0.0008 -0.6357
vn -0.8521 -0.0078 -0.5233
vn -0.9575 -0.0027 0.2884
vn -0.2307 0.0008 -0.9730
vn -0.9956 -0.0000 0.0935
vn -0.8367 0.0036 -0.5477
vn -0.9830 0.0045 0.1833
vn -0.2007 0.7102 -0.6748
vn -0.9598 0.0008 -0.2806
vn -0.1195 0.1945 -0.9736
vn -0.9596 -0.0000 -0.2813
vn -0.6273 -0.0119 -0.7787
vn -0.9946 -0.0031 0.1036
vn -0.8068 0.5407 -0.2381
vn -0.9588 -0.0031 -0.2839
vn -0.7719 0.3578 0.5255
vn -0.9561 -0.0004 -0.2929
vn -0.9995 -0.0102 -0.0306
vn -0.7889 0.4478 -0.4210
vn -0.8506 0.0033 -0.5257
vn -0.8837 -0.0000 0.4680
vn -0.9826 0.0021 0.1855
vn -0.6045 -0.0002 0.7966
vn -0.9941 0.0008 0.1086
vn -0.9766 0.2114 0.0397
vn -0.5764 0.5568 -0.5981
vn -0.9942 -0.0000 0.1079
vn -0.9941 -0.0000 0.1080
vn -0.5859 -0.0004 -0.8104
vn -0.8790 -0.0032 0.4768
vn -0.7382 0.5410 0.4029
vn -0.6025 0.5601 0.5685
vn -0.9944 -0.0029 0.1054
vn -0.9954 -0.0004 0.0961
vn -0.9901 -0.0058 -0.1399
vn -0.7813 -0.0076 0.6242
vn -0.9714 0.0033 -0.2373
vn -0.6369 -0.0000 0.7709
vn -0.8672 0.0040 0.4979
vn -0.8838 -0.0000 0.4679
vn -0.2857 0.0026 0.9583
vn -0.8764 0.0008 0.4815
vn -0.7896 0.3444 -0.5078
vn -0.8768 -0.0000 0.4808
vn -0.9115 -0.0025 -0.4113
vn -0.6254 0.0005 0.7803
vn -0.5273 0.5412 0.6550
vn -0.4588 0.8800 0.1229
vn -0.8801 0.4673 -0.0842
vn -0.8781 -0.0031 0.4784
vn -0.1614 0.5182 0.8399
vn -0.8825 -0.0004 0.4702
vn -0.9297 -0.0050 0.3684
vn -0.3769 -0.0045 0.9263
vn -0.7522 0.3196 0.5762
vn -0.9173 -0.0000 0.3982
vn -0.2927 -0.0000 0.9562
vn -0.3656 0.0002 0.9308
vn -0.6369 -0.0000 0.7710
vn 0.4009 0.0003 0.9161
vn -0.7001 0.7105 -0.0712
vn -0.6292 0.0028 0.7772
vn -0.9460 0.1971 -0.2575
vn -0.6274 -0.0004 0.7787
vn -0.6257 -0.0000 0.7801
vn -0.9376 -0.0124 0.3475
vn -0.2786 0.0004 0.9604
vn -0.2360 0.5412 0.8071
vn -0.6227 -0.0027 0.7824
vn 0.1814 0.3589 0.9156
vn -0.6334 -0.0008 0.7738
vn -0.4221 -0.0112 0.9065
vn 0.3293 -0.0033 0.9442
vn -0.6889 0.4496 0.5685
vn -0.6961 0.0028 0.7180
vn 0.0962 -0.0000 0.9954
vn 0.0198 0.0026 0.9998
vn -0.2926 -0.0000 0.9562
vn 0.7215 0.0009 0.6924
vn -0.2831 0.0027 0.9591
vn -0.7810 0.5497 0.2963
vn -0.2810 -0.0004 0.9597
vn -0.2788 -0.0000 0.9603
vn -0.9724 -0.0004 0.2332
vn 0.1108 0.0004 0.9938
vn 0.0914 0.5411 0.8360
vn -0.3717 0.2562 0.8923
vn 0.2622 0.5472 0.7949
vn -0.2754 -0.0027 0.9613
vn -0.2885 -0.0007 0.9575
vn -0.5074 -0.0084 0.8617
vn 0.2820 -0.0112 0.9594
vn 0.4704 -0.0000 0.8825
vn -0.2540 0.0027 0.9672
vn 0.5306 0.0034 0.8476
vn 0.1061 0.0027 0.9944
vn -0.7880 0.4360 0.4347
vn -0.4847 0.6007 0.6358
vn 0.1084 -0.0004 0.9941
vn 0.1107 -0.0000 0.9939
vn 0.4833 0.0004 0.8755
vn 0.0915 0.5412 0.8359
vn 0.1141 -0.0027 0.9935
vn 0.7555 0.5197 0.3989
vn 0.1004 -0.0007 0.9949
vn -0.2595 -0.0114 0.9657
vn 0.5469 -0.0176 0.8370
vn 0.2015 0.2163 0.9553
vn 0.0993 0.0048 0.9950
vn 0.7727 -0.0000 0.6348
vn 0.7885 0.0037 0.6151
vn 0.4792 0.0027 0.8777
vn -0.2705 0.6295 0.7284
vn 0.4812 -0.0004 0.8766
vn 0.4832 -0.0000 0.8755
vn -0.4868 -0.0010 0.8735
vn 0.7819 0.0003 0.6234
vn 0.6567 0.5407 0.5257
vn 0.4862 -0.0028 0.8738
vn 0.9082 0.3897 0.1524
vn 0.4742 -0.0007 0.8804
vn 0.3074 -0.0111 0.9515
vn 0.9165 -0.0140 0.3999
vn 0.3126 0.2309 0.9214
vn 0.2590 0.0023 0.9659
vn 0.9570 -0.0000 0.2902
vn 0.8844 0.0028 0.4667
vn 0.9442 0.0016 -0.3295
vn 0.7790 0.0026 0.6270
vn -0.1680 0.2182 0.9613
vn 0.7804 -0.0004 0.6252
vn 0.7818 -0.0000 0.6235
vn 0.2516 -0.0096 0.9678
vn 0.9611 0.0003 0.2761
vn 0.6567 0.5408 0.5256
vn 0.2439 0.5476 0.8004
vn 0.7840 -0.0028 0.6208
vn 0.8089 0.5497 -0.2086
vn 0.7754 -0.0007 0.6315
vn 0.8855 -0.0081 0.4645
vn 0.9428 -0.0015 -0.3334
vn 0.8191 0.2577 0.5124
vn 0.7030 0.0038 0.7112
vn 0.9951 -0.0000 -0.0990
vn 1.0000 0.0029 -0.0053
vn 0.6991 0.0003 -0.7150
vn 0.9599 0.0026 0.2804
vn 0.3021 0.5488 0.7795
vn 0.9605 -0.0004 0.2783
vn 0.9611 -0.0000 0.2761
vn 0.7109 -0.0136 0.7031
vn 0.9940 -0.0031 -0.1090
vn 0.8082 0.5406 0.2338
vn 0.8892 0.2557 0.3795
vn 0.7922 0.5496 -0.2652
vn 0.9620 -0.0028 0.2729
vn 0.9583 -0.0007 0.2858
vn 0.9996 -0.0092 -0.0267
vn 0.6905 0.0007 -0.7234
vn 0.9218 0.0041 0.3877
vn 0.8812 -0.0000 -0.4728
vn 0.9216 0.0037 -0.3880
vn 0.9951 -0.0000 -0.0991
vn 0.3711 0.0012 -0.9286
vn 0.9935 0.0009 -0.1141
vn 0.6878 0.3512 0.6353
vn 0.9936 -0.0000 -0.1133
vn 0.9936 -0.0000 -0.1134
vn 0.9263 -0.0066 0.3766
vn 0.8764 -0.0032 -0.4816
vn 0.8362 0.5403 -0.0939
vn 0.4558 0.7593 0.4645
vn 0.9938 -0.0029 -0.1109
vn 0.2760 0.1992 -0.9403
vn 0.9948 -0.0004 -0.1015
vn 0.9147 -0.0078 -0.4041
vn 0.3507 -0.0045 -0.9365
vn 0.8532 0.4453 -0.2716
vn 0.9972 -0.0004 0.0753
vn 0.6326 -0.0000 -0.7744
vn 0.7428 0.0007 -0.6695
vn 0.0263 0.0013 -0.9997
vn 0.8738 0.0008 -0.4863
vn 0.7394 0.4389 0.5106
vn 0.8058 0.5816 0.1114
vn 0.8742 -0.0000 -0.4856
vn 0.9949 -0.0101 0.1003
vn 0.6249 -0.0033 -0.7807
vn 0.7365 0.5401 -0.4073
vn 0.8755 -0.0031 -0.4832
vn 0.7398 0.1805 -0.6481
vn -0.0370 0.5319 -0.8460
vn 0.8800 -0.0004 -0.4750
vn 0.7697 -0.0072 -0.6384
vn 0.0912 0.0003 -0.9958
vn 1.0000 0.0004 0.0090
vn 0.6852 0.0028 -0.7283
vn 0.6326 -0.0000 -0.7745
vn -0.0744 0.0034 -0.9972
vn 0.6206 0.0008 -0.7841
vn 0.9625 0.2157 0.1643
vn 0.6212 -0.0000 -0.7836
vn 0.9982 0.0013 0.0600
vn 0.6214 -0.0012 -0.7835
vn 0.5241 0.5400 -0.6585
vn 0.7994 0.5487 -0.2446
vn 0.6234 -0.0031 -0.7819
vn -0.2078 0.5480 -0.8102
vn 0.6308 -0.0004 -0.7759
vn 0.7549 -0.0047 -0.6558
vn 0.0635 -0.0079 -0.9980
vn 0.5023 0.2552 -0.8262
vn -0.1039 0.0001 -0.9946
vn -0.4772 0.0001 -0.8788
vn -0.4774 0.0002 -0.8787
vn -0.7778 0.0002 -0.6286
vn -0.9943 0.0001 0.1066
vn -0.8775 0.0001 0.4796
vn -0.6266 0.0001 0.7793
vn -0.2800 0.0001 0.9600
vn 0.1093 0.0001 0.9940
vn 0.1096 0.0002 0.9940
vn 0.7810 0.0001 0.6245
vn 0.9608 0.0001 0.2774
vn 0.9937 0.0001 -0.1120
vn 0.8749 0.0001 -0.4844
vn 0.6224 0.0001 -0.7827
vn 0.6222 0.0002 -0.7829
vn -0.1034 -0.0002 -0.9946
vn -0.4768 -0.0002 -0.8790
vn -0.7773 -0.0002 -0.6291
vn -0.9591 -0.0002 -0.2831
vn -0.9943 -0.0002 0.1062
vn -0.8777 -0.0002 0.4792
vn -0.6270 -0.0002 0.7790
vn -0.2805 -0.0002 0.9599
vn 0.1089 -0.0002 0.9941
vn 0.4816 -0.0002 0.8764
vn 0.7807 -0.0002 0.6249
vn 0.9606 -0.0002 0.2778
vn 0.9938 -0.0002 -0.1116
vn 0.8751 -0.0002 -0.4840
vn 0.6227 -0.0002 -0.7824
vn 0.6225 -0.0001 -0.7826
vn 0.2063 0.4332 -0.8774
vn 0.6267 0.2325 -0.7438
vn 0.9138 -0.2662 0.3068
vn 0.3372 -0.3800 0.8613
vn -0.4165 -0.3750 0.8282
vn -0.9364 -0.0828 0.3410
vn -0.8308 -0.4466 -0.3322
vn -0.2502 -0.6051 -0.7558
vn 0.4134 0.7441 -0.5248
vn 0.6516 0.7469 -0.1324
vn 0.6775 0.7178 0.1608
vn 0.5049 0.7198 0.4764
vn 0.2026 0.7378 0.6439
vn -0.1589 0.7246 0.6706
vn -0.4454 0.7899 0.4215
vn -0.6718 0.7407 0.0071
vn -0.5144 0.7366 -0.4391
vn -0.0780 0.7782 -0.6231
vn 0.7035 0.0034 -0.7106
vn 0.9859 0.0031 0.1671
vn 0.3335 0.0079 0.9427
vn -0.6601 0.0049 0.7512
vn -0.9491 0.0097 -0.3148
vn -0.1319 0.0121 -0.9912
vn -0.6957 0.0014 0.7184
vn 0.1278 0.3013 -0.9449
vn 0.6904 -0.0557 -0.7213
vn 0.9885 -0.1030 -0.1104
vn 0.8536 -0.1780 0.4895
vn 0.3109 -0.2057 0.9279
vn -0.0545 0.5347 0.8433
vn -0.4297 0.2960 0.8531
vn -0.7931 0.5738 0.2046
vn -0.7333 0.5634 -0.3806
vn -0.2900 0.5611 -0.7753
vn 0.2242 0.8014 -0.5545
vn 0.4582 0.8002 -0.3869
vn 0.5819 0.8053 -0.1134
vn 0.5626 0.7964 0.2217
vn 0.3387 0.8143 0.4713
vn 0.0512 0.8072 0.5881
vn -0.2579 0.8279 0.4981
vn -0.5178 0.7055 0.4840
vn -0.5277 0.8212 0.2173
vn -0.5489 0.8225 -0.1492
vn -0.3367 0.8178 -0.4668
vn -0.0577 0.8135 -0.5787
vn 0.7658 0.0025 -0.6431
vn 0.9729 0.0027 0.2312
vn 0.3689 0.0053 0.9295
vn -0.4407 0.0026 0.8976
vn -0.5739 0.8145 0.0850
vn -0.8107 0.0099 -0.5854
vn 0.0242 0.0091 -0.9997
vn -0.9527 0.0029 0.3038
vn -0.2339 -0.0097 -0.9722
vn 0.4539 0.3491 -0.8198
vn 0.9195 0.0407 -0.3909
vn 0.9270 -0.1671 0.3359
vn 0.4823 0.0018 0.8760
vn -0.1930 -0.0540 0.9797
vn -0.7988 0.5047 0.3274
vn -0.7986 -0.1297 -0.5877
vn -0.1541 -0.1396 -0.9781
vn 0.4428 0.6880 -0.5750
vn 0.6204 0.7126 -0.3277
vn 0.7177 0.6930 0.0677
vn 0.5205 0.7362 0.4327
vn 0.1539 0.7553 0.6371
vn -0.2063 0.7430 0.6367
vn -0.6553 0.7553 0.0119
vn -0.5607 0.7408 -0.3700
vn -0.3172 0.7378 -0.5958
vn 0.0523 0.7019 -0.7103
vn 0.9894 0.0209 0.1440
vn 0.2336 0.0155 0.9722
vn -0.8470 0.0174 0.5314
vn -0.7525 0.0164 -0.6584
vn 0.3890 0.0222 -0.9210
vn -0.8650 -0.0094 0.5016
vn 0.3337 0.4748 -0.8144
vn 0.6643 0.3459 -0.6626
vn 0.9901 0.1337 -0.0416
vn 0.8311 0.2510 0.4962
vn 0.3156 -0.1629 0.9348
vn -0.2710 0.0753 0.9596
vn -0.7792 -0.0736 0.6224
vn -0.9862 0.1604 -0.0404
vn -0.7394 0.5532 -0.3838
vn -0.2719 0.5622 -0.7810
vn 0.2183 0.8160 -0.5353
vn 0.4537 0.8101 -0.3713
vn 0.5646 0.8184 -0.1066
vn 0.5470 0.8187 0.1746
vn 0.3415 0.8299 0.4412
vn 0.0510 0.7977 0.6009
vn -0.2738 0.8307 0.4847
vn -0.5250 0.8227 0.2182
vn -0.5431 0.8258 -0.1522
vn -0.3367 0.8209 -0.4612
vn -0.0593 0.8120 -0.5806
vn 0.8409 0.0024 -0.5411
vn 0.9532 0.0121 0.3020
vn 0.3353 0.0089 0.9421
vn -0.4400 0.0093 0.8980
vn -0.5703 0.8175 0.0798
vn -0.7493 -0.0006 -0.6622
vn 0.1875 0.0015 -0.9823
vn 0.8016 -0.0121 0.5978
vn -0.9628 -0.0000 0.2702
vn 0.1408 -0.0022 -0.9900
vn 0.0557 0.3658 -0.9290
vn 0.4846 0.3013 -0.8212
vn 0.7166 0.5131 -0.4724
vn 0.5490 0.8228 -0.1468
vn 0.6401 0.7618 0.0998
vn 0.3902 0.8505 0.3528
vn -0.0407 0.5373 0.8424
vn -0.1242 0.4564 0.8811
vn -0.6343 -0.0322 0.7724
vn -0.8264 0.4837 0.2884
vn -0.6253 0.7779 0.0625
vn -0.5750 0.7834 -0.2361
vn -0.4097 0.7836 -0.4670
vn -0.3291 0.5546 -0.7642
vn 0.0711 0.9301 -0.3604
vn 0.1806 0.9249 -0.3347
vn 0.2727 0.9247 -0.2656
vn 0.3257 0.9302 -0.1695
vn 0.3607 0.9318 -0.0405
vn 0.3602 0.9301 0.0722
vn 0.3154 0.9323 0.1771
vn 0.2300 0.9326 0.2782
vn 0.1067 0.9300 0.3518
vn -0.0332 0.9300 0.3661
vn -0.1507 0.9253 0.3480
vn -0.3118 0.9251 0.2167
vn -0.3641 0.9253 0.1062
vn -0.3573 0.9333 -0.0355
vn -0.3209 0.9301 -0.1786
vn -0.2444 0.9279 -0.2815
vn -0.1503 0.9247 -0.3498
vn -0.0400 0.9299 -0.3658
vn 0.5943 0.0067 -0.8042
vn 0.9762 0.0067 -0.2167
vn 0.8870 0.0024 0.4618
vn 0.4155 0.0022 0.9096
vn -0.2715 0.0081 0.9624
vn -0.8534 0.0088 0.5212
vn -0.9896 0.0073 -0.1435
vn -0.6769 0.0074 -0.7360
vn -0.0578 0.0071 -0.9983
vn -0.9200 -0.0074 0.3918
vn 0.5999 -0.0156 -0.7999
vn 0.9503 -0.0102 0.3112
vn 0.1888 -0.0046 0.9820
vn -0.9930 -0.0014 -0.1179
vn -0.4834 -0.0120 -0.8753
vn 0.7069 -0.0133 -0.7072
vn 0.9434 -0.0082 0.3315
vn 0.2683 -0.0040 0.9633
vn -0.5094 -0.0037 0.8605
vn -0.9705 -0.0023 0.2411
vn -0.8638 -0.0027 -0.5038
vn 0.8997 -0.0218 -0.4360
vn 0.7129 -0.0168 0.7010
vn -0.2092 -0.0098 0.9778
vn -0.9243 -0.0099 -0.3814
vn -0.1015 -0.0155 -0.9947
vn 0.9275 -0.0138 -0.3735
vn 0.0201 -0.0114 0.9997
vn -0.8743 -0.0104 0.4852
vn -0.7800 0.0005 -0.6257
vn 0.6640 -0.0034 -0.7477
vn 0.9722 -0.0026 -0.2341
vn 0.9023 -0.0054 0.4311
vn 0.3455 -0.0071 0.9384
vn -0.4055 -0.0093 0.9140
vn -0.9674 -0.0050 -0.2533
vn -0.5913 -0.0052 -0.8064
vn 0.0559 -0.0060 -0.9984
vn 0.9156 0.2322 0.3283
vn 0.7476 -0.5373 0.3903
vn 0.5264 -0.5214 0.6716
vn 0.1736 -0.5499 0.8170
vn -0.2143 -0.6076 0.7648
vn -0.3279 -0.5499 0.7682
vn -0.6711 -0.5013 0.5463
vn -0.0831 -0.5125 0.8546
vn -0.6600 -0.5200 0.5422
vn 0.9958 0.0028 -0.0915
vn 0.6174 0.0051 0.7866
vn -0.5146 0.0065 0.8574
vn 0.3689 0.5330 -0.7614
vn 0.6300 0.5808 -0.5155
vn 0.9165 0.3202 -0.2397
vn 0.9400 0.2465 0.2358
vn 0.6731 0.5040 0.5413
vn 0.3819 0.5626 0.7333
vn 0.0460 0.2590 0.9648
vn -0.3842 0.5348 0.7525
vn -0.6181 0.7129 0.3312
vn -0.6132 0.7877 0.0604
vn -0.8521 -0.0024 -0.5233
vn -0.7719 -0.0438 -0.6342
vn -0.2909 0.4934 -0.8197
vn -0.0695 0.7399 -0.6691
vn 0.0809 0.9121 -0.4018
vn 0.1885 0.9132 -0.3614
vn 0.2905 0.9121 -0.2892
vn 0.3583 0.9145 -0.1879
vn 0.4044 0.9137 -0.0403
vn 0.3907 0.9133 0.1150
vn 0.3449 0.9078 0.2384
vn 0.2488 0.9143 0.3197
vn 0.1205 0.9098 0.3973
vn -0.0397 0.9143 0.4030
vn -0.1957 0.9098 0.3661
vn -0.3603 0.8524 0.3789
vn -0.3064 0.9143 0.2650
vn -0.3811 0.9097 0.1649
vn -0.4012 0.9154 0.0346
vn -0.3891 0.9137 -0.1175
vn -0.3096 0.9162 -0.2546
vn -0.1925 0.9108 -0.3652
vn -0.0492 0.9152 -0.3999
vn 0.5209 0.0125 -0.8535
vn 0.9879 0.0141 -0.1542
vn 0.7908 0.0111 0.6120
vn 0.2174 0.0073 0.9761
vn -0.4704 0.0084 0.8824
vn -0.3992 0.9081 0.1264
vn -0.8704 0.0078 -0.4923
vn -0.3035 0.0098 -0.9528
vn -0.9674 0.0110 0.2531
vn 0.5334 -0.5628 0.6314
vn 0.2300 -0.5063 0.8311
vn -0.1321 -0.4955 0.8585
vn 0.2434 -0.5330 0.8103
vn 0.9835 0.0021 0.1809
vn 0.4062 0.0042 0.9138
vn -0.5404 0.0020 0.8414
vn 0.4697 0.3191 -0.8232
vn 0.7217 0.5433 -0.4288
vn 0.8039 0.4556 -0.3824
vn 0.9459 0.3189 0.0602
vn 0.6905 0.6070 0.3934
vn 0.4809 0.5295 0.6989
vn 0.1278 0.3064 0.9433
vn -0.2546 0.5164 0.8176
vn -0.6345 0.3312 0.6983
vn -0.6711 0.7131 -0.2028
vn -0.4763 0.7876 -0.3909
vn -0.3299 0.7131 -0.6186
vn 0.0626 0.6189 -0.7829
vn 0.0816 0.9132 -0.3992
vn 0.1957 0.9132 -0.3575
vn 0.2996 0.9081 -0.2925
vn 0.3626 0.9143 -0.1807
vn 0.4082 0.9115 -0.0510
vn 0.4107 0.9087 0.0747
vn 0.3700 0.9074 0.1996
vn 0.2905 0.9121 0.2892
vn 0.1885 0.9132 0.3614
vn 0.0767 0.9081 0.4116
vn -0.0512 0.9143 0.4018
vn -0.1943 0.9115 0.3625
vn -0.3104 0.9125 0.2665
vn -0.3766 0.9145 0.1476
vn -0.3869 0.9221 -0.0078
vn -0.3601 0.9158 -0.1777
vn -0.2898 0.9119 -0.2906
vn -0.1812 0.9152 -0.3599
vn -0.0488 0.9087 -0.4146
vn 0.6978 0.0194 -0.7160
vn 0.9888 0.0185 0.1484
vn 0.4968 0.0178 0.8677
vn -0.3628 0.0180 0.9317
vn -0.8966 0.0152 -0.4426
vn -0.2030 0.0190 -0.9790
vn 0.9253 -0.0229 -0.3785
vn -0.7254 -0.0173 0.6882
vn -0.9388 0.0158 0.3442
vn 0.6927 -0.0143 -0.7211
vn 0.9848 -0.0224 0.1720
vn 0.2978 -0.0220 0.9544
vn -0.6344 -0.0145 0.7729
vn -0.9980 -0.0091 0.0625
vn -0.7877 -0.0079 -0.6160
vn -0.1172 -0.0117 -0.9930
vn 0.8303 -0.0206 0.5569
vn 0.0891 -0.0173 0.9959
vn -0.9911 -0.0142 -0.1324
vn -0.5931 -0.0156 -0.8050
vn 0.2226 -0.0203 -0.9747
vn 0.4434 -0.2040 0.8728
vn 0.6144 0.3392 0.7124
vn 0.9231 -0.3844 0.0094
vn 0.5135 -0.5191 -0.6833
vn -0.2167 -0.5965 -0.7728
vn -0.8807 0.1508 -0.4490
vn -0.8815 0.4688 -0.0560
vn -0.8988 -0.1095 0.4246
vn -0.2681 -0.5464 0.7935
vn 0.2306 0.7410 0.6306
vn 0.5162 0.6313 0.5788
vn 0.7561 0.6455 0.1078
vn 0.6739 0.7101 -0.2040
vn 0.5434 0.6907 -0.4771
vn 0.2026 0.7378 -0.6439
vn -0.1589 0.7246 -0.6706
vn -0.6707 0.7417 -0.0060
vn -0.5364 0.7301 0.4234
vn -0.2219 0.7266 0.6502
vn 0.5366 0.0101 0.8438
vn 0.9978 0.0094 0.0654
vn 0.5338 0.0134 -0.8455
vn -0.5893 0.0088 -0.8078
vn -0.9964 0.0096 0.0846
vn -0.4519 0.0146 0.8919
vn 0.1724 -0.0151 0.9849
vn 0.1658 -0.0088 -0.9861
vn -0.7421 -0.0095 -0.6702
vn 0.1446 -0.1572 0.9769
vn 0.7245 -0.2546 0.6405
vn 0.9935 -0.1133 0.0144
vn 0.7618 0.2965 -0.5760
vn 0.3417 0.4242 -0.8386
vn -0.1492 -0.2289 -0.9620
vn -0.7038 -0.3813 -0.5994
vn -0.7808 0.5756 -0.2428
vn -0.9051 -0.4117 0.1065
vn -0.5780 -0.3366 0.7434
vn -0.2937 0.5425 0.7870
vn 0.2539 0.7842 0.5662
vn 0.4662 0.8017 0.3740
vn 0.5622 0.8207 0.1018
vn 0.5408 0.8109 -0.2237
vn 0.3387 0.8143 -0.4713
vn 0.0488 0.8022 -0.5951
vn -0.2662 0.8268 -0.4956
vn -0.5266 0.8212 -0.2198
vn -0.5272 0.8324 0.1709
vn -0.3403 0.8077 0.4814
vn -0.0501 0.8024 0.5947
vn 0.0883 0.0010 0.9961
vn 0.7651 0.0024 0.6440
vn 0.9722 0.0100 -0.2338
vn 0.3462 0.0072 -0.9381
vn -0.5822 0.0108 -0.8130
vn -0.9999 0.0120 0.0077
vn -0.6581 0.0095 0.7528
vn 0.8369 -0.0137 0.5473
vn 0.8948 -0.0099 -0.4464
vn 0.1922 -0.0072 -0.9813
vn -0.7727 -0.0151 -0.6346
vn -0.8810 -0.0137 0.4729
vn -0.0565 -0.0095 0.9984
vn 0.2489 0.5354 0.8071
vn 0.6797 0.4816 0.5533
vn 0.8708 0.4841 0.0857
vn 0.8419 -0.4331 -0.3219
vn 0.2949 -0.4821 -0.8250
vn -0.4287 -0.2965 -0.8534
vn -0.9535 -0.2303 -0.1946
vn -0.7986 -0.1296 0.5877
vn -0.1550 -0.1525 0.9761
vn 0.4375 0.7221 0.5360
vn 0.6165 0.7852 0.0576
vn 0.5198 0.7501 -0.4089
vn 0.1539 0.7553 -0.6371
vn -0.1887 0.7383 -0.6476
vn -0.4831 0.7690 -0.4186
vn -0.6313 0.7731 -0.0621
vn -0.5778 0.7053 0.4107
vn -0.3322 0.7102 0.6207
vn -0.0260 0.6597 0.7511
vn 0.2438 0.0094 0.9698
vn 0.9208 0.0050 0.3901
vn 0.8915 0.0051 -0.4530
vn 0.1825 0.0125 -0.9831
vn -0.8533 0.0190 -0.5210
vn -0.7283 0.0160 0.6850
vn -0.2092 -0.0098 -0.9778
vn -0.8650 -0.0094 -0.5016
vn -0.9258 -0.0108 0.3779
vn -0.1168 -0.0145 0.9931
vn 0.5870 0.2595 0.7669
vn 0.8002 0.4946 0.3392
vn 0.9846 0.0113 -0.1746
vn 0.6981 0.0080 -0.7159
vn 0.2490 0.2814 -0.9267
vn -0.2905 -0.1293 -0.9481
vn -0.7917 -0.1909 -0.5803
vn -0.8678 -0.4890 0.0882
vn -0.5565 -0.4774 0.6800
vn 0.0619 -0.2640 0.9625
vn 0.3441 0.8305 0.4380
vn 0.5454 0.8185 0.1808
vn 0.5857 0.8024 -0.1145
vn 0.4667 0.8024 -0.3720
vn 0.2215 0.7991 -0.5588
vn -0.1124 0.8281 -0.5492
vn -0.5591 0.8289 -0.0149
vn -0.5042 0.8019 0.3207
vn -0.2880 0.8001 0.5261
vn 0.0134 0.8137 0.5812
vn 0.3679 0.0173 0.9297
vn 0.9853 0.0063 0.1708
vn 0.8367 0.0026 -0.5476
vn 0.2932 0.0075 -0.9560
vn -0.4455 0.0058 -0.8953
vn -0.7269 0.0198 0.6865
vn 0.4135 -0.0041 0.9105
vn 0.9471 -0.0063 0.3208
vn -0.4118 -0.0122 0.9112
vn 0.3176 0.8439 0.4324
vn 0.6505 0.5322 0.5419
vn 0.7672 0.6010 0.2240
vn 0.7326 0.6751 -0.0866
vn 0.4716 0.7678 -0.4337
vn 0.3430 0.8161 -0.4650
vn -0.0407 0.5374 -0.8423
vn -0.1242 0.4564 -0.8811
vn -0.6343 -0.0322 -0.7724
vn -0.8264 0.4836 -0.2884
vn -0.6253 0.7779 -0.0625
vn -0.5750 0.7834 0.2361
vn -0.3948 0.7839 0.4792
vn -0.1009 0.6344 0.7664
vn 0.0699 0.9298 0.3613
vn 0.1816 0.9240 0.3366
vn 0.2741 0.9244 0.2651
vn 0.3256 0.9302 0.1695
vn 0.3607 0.9318 0.0405
vn 0.3602 0.9301 -0.0722
vn 0.3154 0.9323 -0.1771
vn 0.2365 0.9315 -0.2763
vn 0.1418 0.9284 -0.3436
vn 0.0332 0.9300 -0.3661
vn -0.1139 0.9285 -0.3535
vn -0.3245 0.9285 -0.1806
vn -0.3636 0.9307 -0.0402
vn -0.3776 0.9213 0.0931
vn -0.3318 0.9259 0.1804
vn -0.2444 0.9279 0.2815
vn -0.1503 0.9247 0.3498
vn -0.0400 0.9299 0.3658
vn 0.9164 0.0136 0.4001
vn 0.9021 0.0028 -0.4315
vn 0.4155 0.0022 -0.9096
vn -0.2742 0.0036 -0.9617
vn -0.8522 0.0040 -0.5233
vn -0.9871 0.0071 0.1598
vn -0.5830 0.0120 0.8124
vn 0.2492 0.0182 0.9683
vn 0.6453 -0.0138 0.7638
vn 0.9738 -0.0053 0.2271
vn 0.3588 -0.0051 -0.9334
vn -0.3456 -0.0066 -0.9384
vn -0.8960 -0.0067 -0.4439
vn -0.9727 -0.0014 0.2321
vn -0.6721 -0.0052 0.7404
vn -0.0512 -0.0133 0.9986
vn 0.9268 -0.0090 0.3756
vn 0.8683 -0.0101 -0.4960
vn -0.8700 -0.0184 0.4927
vn 0.8941 -0.0156 0.4476
vn 0.7147 -0.0129 -0.6993
vn 0.7899 -0.0143 -0.6131
vn -0.2870 -0.0175 -0.9578
vn -0.9997 -0.0190 0.0157
vn 0.9035 -0.0010 -0.4287
vn 0.4096 0.3362 0.8480
vn 0.6357 0.5725 0.5179
vn 0.8094 0.5344 0.2434
vn 0.9644 0.2176 -0.1504
vn 0.7635 0.2966 -0.5736
vn 0.3970 0.3456 -0.8503
vn -0.0617 0.3112 -0.9483
vn -0.3830 0.6189 -0.6858
vn -0.6180 0.7130 -0.3312
vn -0.6132 0.7876 -0.0604
vn -0.8364 0.5251 0.1575
vn -0.7610 0.2845 0.5830
vn -0.4055 0.5152 0.7551
vn -0.0451 0.2630 0.9637
vn 0.0809 0.9121 0.4018
vn 0.1935 0.9145 0.3553
vn 0.3136 0.9140 0.2573
vn 0.3838 0.9154 0.1216
vn 0.4068 0.9135 -0.0007
vn 0.3888 0.9132 -0.1222
vn 0.3367 0.9112 -0.2373
vn 0.2067 0.9194 -0.3347
vn 0.0492 0.9134 -0.4042
vn -0.1101 0.9149 -0.3884
vn -0.3587 0.8563 -0.3716
vn -0.3217 0.9104 -0.2602
vn -0.3911 0.9127 -0.1182
vn -0.4164 0.9084 0.0371
vn -0.3802 0.9115 0.1570
vn -0.3073 0.9149 0.2618
vn -0.1925 0.9108 0.3652
vn -0.0492 0.9152 0.3999
vn 0.5596 -0.0032 0.8288
vn 0.9452 0.0047 0.3265
vn 0.9309 0.0100 -0.3652
vn 0.3992 0.0147 -0.9167
vn -0.4119 0.0133 -0.9111
vn -0.9652 0.0107 0.2612
vn -0.5877 0.0085 0.8090
vn -0.0044 -0.0005 1.0000
vn 0.8104 -0.0146 -0.5858
vn 0.0883 -0.0147 -0.9960
vn -0.9984 -0.0130 -0.0547
vn -0.1137 -0.0049 0.9935
vn 0.4698 0.3192 0.8231
vn 0.7217 0.5434 0.4288
vn 0.8039 0.4556 0.3823
vn 0.9459 0.3188 -0.0602
vn 0.6905 0.6070 -0.3934
vn 0.3320 0.7110 -0.6199
vn 0.0626 0.7458 -0.6632
vn -0.1924 0.7473 -0.6360
vn -0.3896 0.7876 -0.4773
vn -0.6239 0.7067 -0.3335
vn -0.6770 0.7068 0.2054
vn -0.4763 0.7876 0.3910
vn -0.3299 0.7131 0.6186
vn 0.0626 0.6190 0.7829
vn 0.0816 0.9132 0.3992
vn 0.1957 0.9132 0.3575
vn 0.2996 0.9081 0.2925
vn 0.3621 0.9143 0.1817
vn 0.4030 0.9142 0.0426
vn 0.3942 0.9114 -0.1180
vn 0.3135 0.9137 -0.2588
vn 0.1939 0.9108 -0.3645
vn 0.0481 0.9084 -0.4153
vn -0.0889 0.9094 -0.4063
vn -0.2011 0.9143 -0.3516
vn -0.3941 0.7828 -0.4816
vn -0.3111 0.9115 -0.2692
vn -0.3811 0.9109 -0.1579
vn -0.4107 0.9109 -0.0405
vn -0.4116 0.9084 0.0733
vn -0.3720 0.9063 0.2006
vn -0.2899 0.9119 0.2906
vn -0.1812 0.9152 0.3599
vn -0.0488 0.9087 0.4146
vn 0.3354 0.0032 0.9421
vn 0.8428 0.0024 0.5382
vn 0.9860 0.0140 -0.1664
vn 0.5211 0.0180 -0.8533
vn -0.3495 0.0188 -0.9368
vn -0.3812 0.9109 -0.1579
vn -0.9291 0.0100 0.3697
vn -0.4152 0.0107 0.9097
vn 0.2272 -0.0101 0.9738
vn 0.9231 -0.0159 0.3841
vn 0.8312 -0.0203 -0.5555
vn 0.0917 -0.0171 -0.9956
vn -0.7236 -0.0176 -0.6900
vn -0.9914 -0.0131 0.1299
vn 0.5679 -0.0037 0.8231
vn 0.9762 -0.0078 0.2167
vn -0.6588 -0.0126 -0.7522
vn -0.7562 -0.0106 0.6542
vn -0.5925 -0.0116 0.8055
vn 0.4890 0.4963 -0.7173
vn 0.9412 0.3112 -0.1315
vn 0.7996 -0.1109 0.5903
vn 0.1117 -0.3491 0.9304
vn -0.6268 -0.0938 0.7735
vn -0.9509 0.2823 0.1271
vn -0.8161 0.2089 -0.5389
vn -0.0199 0.4266 -0.9042
vn 0.4319 0.7221 -0.5405
vn 0.6313 0.7726 -0.0673
vn 0.5966 0.7327 0.3273
vn 0.2958 0.7625 0.5754
vn -0.1332 0.7580 0.6385
vn -0.6643 0.7463 0.0422
vn -0.6195 0.7234 -0.3050
vn -0.3936 0.7195 -0.5722
vn 0.0010 0.7060 -0.7082
vn 0.2698 0.0079 -0.9629
vn 0.8918 0.0091 -0.4523
vn -0.1173 0.0066 0.9931
vn -0.8647 0.0065 0.5022
vn -0.9646 0.0051 -0.2636
vn -0.4982 0.0024 -0.8671
vn 0.8461 0.0129 0.5329
vn 0.6358 -0.0629 -0.7693
vn 0.6882 0.6378 -0.3458
vn 0.9592 -0.2790 -0.0450
vn 0.7618 0.2966 0.5759
vn 0.3417 0.4242 0.8386
vn -0.1170 0.3559 0.9272
vn -0.8039 0.3108 0.5071
vn -0.9181 0.3926 -0.0544
vn -0.7768 0.5556 -0.2965
vn -0.5361 0.5327 -0.6548
vn 0.0359 0.3867 -0.9215
vn 0.2554 0.7879 -0.5604
vn 0.5076 0.7808 -0.3643
vn 0.5710 0.8114 -0.1252
vn 0.5265 0.8167 0.2362
vn 0.3326 0.8023 0.4957
vn 0.0194 0.8117 0.5837
vn -0.2690 0.8050 0.5288
vn -0.4185 0.7263 0.5453
vn -0.4959 0.8127 0.3058
vn -0.6090 0.7931 -0.0103
vn -0.5306 0.7806 -0.3304
vn -0.3411 0.8082 -0.4801
vn -0.0563 0.8010 -0.5960
vn 0.4080 0.0108 -0.9129
vn 0.9718 0.0110 -0.2357
vn 0.8375 0.0009 0.5464
vn 0.2056 0.0006 0.9786
vn -0.6049 0.0102 0.7963
vn -0.5826 0.8050 0.1124
vn -0.5397 0.0145 -0.8418
vn 0.8431 -0.0087 -0.5376
vn 0.5795 -0.3227 -0.7484
vn 0.7799 0.5574 -0.2847
vn 0.9647 0.1988 0.1726
vn 0.0662 -0.2456 0.9671
vn -0.6134 -0.5438 0.5728
vn -0.9959 -0.0790 -0.0446
vn -0.7312 -0.2389 -0.6390
vn -0.1110 -0.2632 -0.9583
vn 0.4300 0.7562 -0.4933
vn 0.6735 0.7264 -0.1370
vn 0.6877 0.6950 0.2098
vn 0.4581 0.7190 0.5227
vn 0.1345 0.7428 0.6559
vn -0.1876 0.7380 0.6482
vn -0.6634 0.7242 0.1881
vn -0.6639 0.7110 -0.2318
vn -0.4059 0.6994 -0.5883
vn 0.0137 0.7550 -0.6556
vn 0.8623 0.0168 -0.5062
vn 0.7747 0.0143 0.6321
vn -0.1843 0.0065 0.9829
vn -0.8699 0.0069 0.4931
vn -0.9006 0.0120 -0.4345
vn -0.0643 0.0139 -0.9978
vn 0.9970 -0.0119 0.0760
vn 0.4352 0.5753 -0.6926
vn 0.8209 0.0134 -0.5709
vn 0.8525 -0.5153 0.0881
vn 0.7034 -0.0558 0.7086
vn 0.2246 0.2555 0.9403
vn -0.3582 0.0156 0.9335
vn -0.8698 0.2327 0.4350
vn -0.8113 0.5196 -0.2679
vn -0.7696 0.3021 -0.5625
vn -0.2543 0.3491 -0.9019
vn 0.3529 0.8253 -0.4409
vn 0.5274 0.8464 -0.0736
vn 0.5131 0.8110 0.2812
vn 0.3227 0.7955 0.5129
vn 0.0863 0.7878 0.6099
vn -0.2682 0.8322 0.4854
vn -0.5267 0.8299 0.1840
vn -0.5579 0.8119 -0.1723
vn -0.3581 0.8295 -0.4286
vn -0.0003 0.8197 -0.5728
vn 0.7016 -0.0006 -0.7126
vn 0.9996 -0.0032 -0.0285
vn 0.6844 0.0098 0.7291
vn 0.0004 -0.0008 1.0000
vn -0.6270 -0.0061 0.7790
vn -0.7930 0.0078 -0.6091
vn -0.0426 0.0123 -0.9990
vn 0.4577 -0.0129 -0.8890
vn 0.0812 0.5883 -0.8046
vn 0.2021 0.8155 -0.5424
vn 0.7020 0.6044 -0.3768
vn 0.8511 0.5189 -0.0802
vn 0.5304 0.8438 0.0813
vn 0.4252 0.8053 0.4131
vn 0.0799 0.5510 0.8307
vn -0.2449 0.5178 0.8197
vn -0.2750 0.8522 0.4451
vn -0.4754 0.8504 0.2255
vn -0.8860 0.3448 -0.3100
vn -0.5987 0.5231 -0.6065
vn -0.2278 0.6767 -0.7002
vn 0.0722 0.9297 -0.3611
vn 0.3321 0.9284 -0.1664
vn 0.3636 0.9309 -0.0358
vn 0.3582 0.9284 0.0984
vn 0.3193 0.9247 0.2073
vn 0.2295 0.9310 0.2839
vn 0.1069 0.9303 0.3510
vn -0.3120 0.9253 0.2157
vn -0.3605 0.9267 0.1061
vn -0.3676 0.9292 -0.0388
vn -0.3266 0.9308 -0.1642
vn -0.2601 0.9297 -0.2606
vn -0.1712 0.9267 -0.3345
vn -0.0450 0.9308 -0.3628
vn 0.5923 0.0109 -0.8056
vn 0.9673 0.0087 -0.2537
vn 0.9286 0.0098 0.3710
vn 0.5020 0.0115 0.8648
vn -0.1761 0.0103 0.9843
vn -0.8171 0.0152 0.5763
vn -0.9765 0.0145 -0.2150
vn -0.6310 0.0087 -0.7757
vn -0.0674 0.0101 -0.9977
vn 0.0155 -0.0081 0.9998
vn 0.6651 -0.0087 -0.7467
vn 0.9992 -0.0105 0.0384
vn 0.5981 -0.0080 0.8014
vn -0.3085 -0.0098 0.9512
vn -0.9998 -0.0149 0.0112
vn -0.2823 -0.0106 -0.9593
vn 0.9263 -0.0134 0.3765
vn 0.0091 -0.0147 0.9999
vn -0.8960 -0.0154 0.4439
vn -0.8016 -0.0168 -0.5976
vn 0.1439 -0.0107 -0.9895
vn 0.5406 -0.0153 -0.8412
vn 0.5164 -0.0091 0.8563
vn -0.3558 -0.0056 0.9346
vn -0.9727 -0.0121 0.2319
vn -0.6054 -0.0186 -0.7957
vn 0.9986 -0.0099 0.0512
vn 0.3612 -0.0076 0.9325
vn -0.6232 -0.0038 0.7820
vn -0.9999 -0.0072 0.0149
vn -0.5991 -0.0130 -0.8006
vn 0.3223 -0.0111 -0.9466
vn 0.8047 -0.0080 -0.5936
vn 0.9998 -0.0122 -0.0186
vn 0.7057 -0.0133 0.7084
vn -0.5923 -0.0110 0.8056
vn -0.9687 -0.0131 0.2481
vn -0.8757 -0.0122 -0.4827
vn -0.3439 -0.0116 -0.9389
vn 0.4096 0.3359 -0.8482
vn 0.7443 0.3602 -0.5623
vn 0.8817 0.4545 -0.1267
vn 0.9119 0.4086 -0.0395
vn 0.7679 0.5097 0.3879
vn 0.4745 0.5197 0.7105
vn 0.0910 0.0058 0.9958
vn -0.4725 -0.0129 0.8812
vn -0.8204 0.3621 0.4425
vn -0.6603 0.7389 0.1343
vn -0.6177 0.7454 -0.2505
vn -0.4247 0.5449 -0.7230
vn -0.0460 0.2745 -0.9605
vn 0.1936 0.9145 -0.3553
vn 0.3213 0.9119 -0.2554
vn 0.3845 0.9143 -0.1276
vn 0.4187 0.9081 -0.0051
vn 0.3862 0.9145 0.1205
vn 0.1863 0.9166 0.3538
vn 0.0429 0.9108 0.4106
vn -0.1153 0.9096 0.3992
vn -0.4381 0.7675 0.4679
vn -0.3150 0.9161 0.2481
vn -0.3953 0.9108 0.1190
vn -0.4045 0.9140 -0.0306
vn -0.3777 0.9128 -0.1552
vn -0.3177 0.9096 -0.2679
vn 0.9001 0.0072 -0.4356
vn 0.9358 0.0021 0.3525
vn 0.4819 -0.0029 0.8762
vn -0.1887 0.0077 0.9820
vn -0.8171 0.0143 0.5763
vn -0.9717 0.0127 -0.2360
vn -0.5019 0.0097 -0.8649
vn 0.2700 0.0063 -0.9629
vn 0.2553 0.7467 -0.6142
vn 0.4648 0.7874 -0.4048
vn 0.7702 0.5465 -0.3288
vn 0.9459 0.3188 0.0602
vn 0.6900 0.6076 0.3934
vn 0.3120 0.7525 0.5800
vn 0.0680 0.7458 0.6627
vn -0.2031 0.7116 0.6726
vn -0.6778 0.5091 0.5305
vn -0.8431 0.5105 0.1687
vn -0.6113 0.7875 -0.0783
vn -0.6784 0.4713 -0.5635
vn -0.3193 0.5291 -0.7862
vn -0.0441 0.7456 -0.6649
vn 0.0787 0.9135 -0.3991
vn 0.1996 0.9074 -0.3700
vn 0.4051 0.9130 -0.0487
vn 0.4035 0.9115 0.0798
vn 0.3515 0.9152 0.1972
vn 0.2531 0.9174 0.3071
vn 0.1131 0.9119 0.3946
vn -0.0408 0.9143 0.4029
vn -0.3032 0.8513 0.4282
vn -0.3182 0.9109 0.2627
vn -0.3920 0.9113 0.1261
vn -0.3977 0.9166 -0.0417
vn -0.3617 0.9143 -0.1821
vn -0.2896 0.9128 -0.2879
vn -0.1897 0.9087 -0.3718
vn 0.5635 0.0056 -0.8261
vn 0.9693 0.0125 -0.2455
vn 0.8755 0.0096 0.4832
vn 0.4078 0.0074 0.9130
vn -0.1741 0.0051 0.9847
vn -0.7535 0.0087 0.6574
vn -0.3994 0.9072 0.1322
vn -0.9926 0.0164 -0.1207
vn -0.6044 0.0108 -0.7966
vn -0.0028 0.0015 -1.0000
vn 0.3286 -0.0011 -0.9445
vn 0.8612 -0.0052 -0.5083
vn 0.9696 -0.0062 0.2448
vn 0.4497 -0.0067 0.8932
vn -0.3993 -0.0130 0.9167
vn -0.9395 -0.0103 0.3425
vn -0.9085 -0.0090 -0.4178
vn -0.3593 -0.0068 -0.9332
vn 0.7197 -0.0130 -0.6942
vn 0.9995 -0.0111 0.0305
vn 0.7266 -0.0121 0.6870
vn -0.0777 -0.0164 0.9968
vn -0.8993 -0.0222 0.4369
vn -0.8270 -0.0207 -0.5619
vn -0.0608 -0.0117 -0.9981
vn 0.3798 -0.6334 -0.6742
vn 0.8686 -0.4876 -0.0881
vn 0.6589 -0.4322 0.6157
vn -0.0890 -0.6205 0.7791
vn -0.5677 0.1789 0.8035
vn -0.7732 0.4844 0.4093
vn -0.8733 0.4796 -0.0861
vn -0.6785 0.4841 -0.5525
vn -0.3551 -0.4394 -0.8251
vn 0.3436 0.7216 -0.6010
vn 0.5987 0.7486 -0.2849
vn 0.6970 0.7042 0.1353
vn 0.4634 0.7163 0.5218
vn 0.0425 0.7202 0.6924
vn -0.3766 0.7321 0.5676
vn -0.6199 0.7396 0.2622
vn -0.6669 0.7418 -0.0705
vn -0.5695 0.6962 -0.4370
vn -0.3322 0.7102 -0.6207
vn -0.0401 0.6377 -0.7693
vn 0.9232 -0.0033 -0.3844
vn 0.7655 0.0101 0.6433
vn -0.2249 0.0126 0.9743
vn -0.9723 0.0170 0.2330
vn -0.6130 0.0165 -0.7899
vn 0.2872 0.0003 -0.9579
vn 0.1610 0.1844 -0.9696
vn 0.6817 -0.0250 -0.7312
vn 0.9804 -0.1486 -0.1294
vn 0.8710 -0.0723 0.4859
vn 0.3612 -0.0889 0.9283
vn -0.2639 0.1010 0.9593
vn -0.7591 0.0232 0.6506
vn -0.9566 0.2609 0.1296
vn -0.9237 0.3826 -0.0216
vn -0.7818 -0.1628 -0.6019
vn -0.3314 0.2283 -0.9155
vn 0.2420 0.8093 -0.5352
vn 0.4550 0.7800 -0.4297
vn 0.5995 0.7879 -0.1411
vn 0.5590 0.8096 0.1792
vn 0.3484 0.8356 0.4246
vn 0.0575 0.8225 0.5658
vn -0.2661 0.8295 0.4910
vn -0.5242 0.8234 0.2174
vn -0.5571 0.8147 -0.1607
vn -0.3365 0.8212 -0.4610
vn -0.0591 0.8120 -0.5807
vn 0.9664 0.0104 -0.2568
vn 0.6824 0.0091 0.7309
vn -0.2835 0.0145 0.9589
vn -0.5706 0.8170 0.0829
vn -0.8322 0.0143 -0.5542
vn 0.1255 0.0201 -0.9919
vn 0.0683 -0.0088 0.9976
vn -0.9444 0.0113 0.3286
vn 0.8176 -0.3766 -0.4355
vn 0.9633 -0.1385 0.2297
vn 0.5473 -0.3695 0.7509
vn -0.1107 0.3034 0.9464
vn -0.4746 0.4766 0.7400
vn -0.9795 -0.1849 -0.0794
vn -0.5493 -0.2306 -0.8032
vn 0.2399 -0.3601 -0.9015
vn 0.0870 0.7110 -0.6978
vn 0.4757 0.6861 -0.5504
vn 0.6855 0.6962 -0.2131
vn 0.7158 0.6900 0.1076
vn 0.4311 0.7401 0.5162
vn -0.0622 0.7510 0.6573
vn -0.6574 0.7532 0.0219
vn -0.5863 0.7450 -0.3182
vn -0.3169 0.7363 -0.5979
vn 0.8177 0.0145 -0.5754
vn 0.8561 0.0168 0.5165
vn -0.2220 0.0225 0.9748
vn -0.6222 0.7576 0.1973
vn -0.2804 0.0163 -0.9597
vn 0.3515 0.4948 -0.7948
vn 0.6887 0.5657 -0.4535
vn 0.7665 0.6418 0.0218
vn 0.6428 0.2414 0.7270
vn 0.0373 0.2973 0.9541
vn -0.1438 -0.1640 0.9759
vn -0.7046 -0.3461 0.6194
vn -0.9873 0.1395 0.0765
vn -0.8374 -0.0718 -0.5418
vn -0.3073 0.3092 -0.9000
vn 0.3502 0.8308 -0.4327
vn 0.5712 0.8042 -0.1644
vn 0.5217 0.8350 0.1749
vn 0.3271 0.8258 0.4595
vn 0.0482 0.8012 0.5965
vn -0.2587 0.8158 0.5173
vn -0.5161 0.8276 0.2208
vn -0.5373 0.8270 -0.1656
vn -0.3243 0.8294 -0.4549
vn 0.0084 0.8121 -0.5834
vn 0.5349 0.0044 -0.8449
vn 0.9995 -0.0036 -0.0327
vn 0.6607 0.0019 0.7506
vn -0.2548 0.0141 0.9669
vn -0.5073 0.0143 -0.8616
vn -0.9874 0.0189 0.1571
vn 0.0845 0.5862 -0.8057
vn 0.3902 0.8504 -0.3529
vn 0.5585 0.8240 -0.0953
vn 0.8278 0.5542 0.0875
vn 0.5943 0.7343 0.3281
vn 0.4711 0.5448 0.6937
vn 0.1663 0.7708 0.6150
vn -0.4692 0.3500 0.8108
vn -0.7615 0.4640 0.4525
vn -0.7589 0.5394 0.3649
vn -0.9948 -0.0135 -0.1005
vn -0.6977 0.4895 -0.5230
vn -0.6645 0.4544 -0.5932
vn -0.3077 0.3289 -0.8928
vn 0.0791 0.9269 -0.3670
vn 0.1722 0.9309 -0.3222
vn 0.2606 0.9266 -0.2710
vn 0.3247 0.9307 -0.1685
vn 0.3761 0.9260 -0.0328
vn 0.3826 0.9219 0.0613
vn 0.3333 0.9259 0.1781
vn 0.2594 0.9301 0.2602
vn 0.1639 0.9323 0.3225
vn 0.0412 0.9260 0.3753
vn -0.0720 0.9284 0.3646
vn -0.1804 0.9308 0.3180
vn -0.4046 0.7988 0.4453
vn -0.2861 0.9285 0.2367
vn -0.3450 0.9327 0.1052
vn -0.3655 0.9299 -0.0417
vn -0.3319 0.9280 -0.1696
vn -0.2355 0.9307 -0.2800
vn -0.1391 0.9298 -0.3407
vn -0.0335 0.9306 -0.3645
vn 0.8528 0.0071 -0.5223
vn 0.7328 0.0076 0.6804
vn 0.1532 0.0095 0.9882
vn -0.5156 0.0100 0.8568
vn -0.9074 0.0126 -0.4200
vn -0.4304 0.0059 -0.9026
vn 0.2569 0.0047 -0.9664
vn 0.8893 -0.0031 -0.4572
vn 0.9913 0.0049 0.1313
vn -0.9522 0.0131 0.3052
vn 0.9427 -0.0082 -0.3335
vn 0.5626 -0.0169 0.8265
vn -0.6848 -0.0196 0.7285
vn -0.9393 -0.0143 -0.3427
vn -0.0369 -0.0104 -0.9993
vn 0.5114 -0.0085 -0.8593
vn 0.9872 0.0003 -0.1597
vn 0.7749 -0.0012 0.6320
vn -0.7320 -0.0118 0.6812
vn -0.9860 -0.0123 -0.1663
vn -0.4094 -0.0154 -0.9122
vn 0.9763 -0.0206 -0.2155
vn 0.3852 -0.0232 0.9225
vn -0.7469 -0.0167 0.6647
vn -0.9097 -0.0166 -0.4149
vn 0.0644 -0.0150 -0.9978
vn 0.5819 -0.0012 -0.8133
vn 0.9995 -0.0016 -0.0318
vn 0.5141 -0.0126 0.8576
vn -0.5811 -0.0193 0.8136
vn -0.9791 -0.0167 -0.2029
vn -0.2959 -0.0091 -0.9552
vn 0.3201 -0.0038 -0.9474
vn 0.9718 -0.0063 0.2356
vn 0.6055 -0.0091 0.7958
vn -0.0393 -0.0092 0.9992
vn -0.6832 -0.0123 0.7301
vn -0.9986 -0.0199 -0.0486
vn -0.5218 -0.0140 -0.8529
vn 0.1701 0.5031 -0.8473
vn 0.3130 0.7471 -0.5864
vn 0.4764 0.7875 -0.3910
vn 0.6364 0.7470 -0.1925
vn 0.6613 0.7458 0.0798
vn 0.6164 0.6722 0.4101
vn 0.2243 0.7022 0.6757
vn -0.0868 0.5269 0.8455
vn -0.3829 0.6189 0.6859
vn -0.7208 0.5001 0.4800
vn -0.7986 0.5940 0.0969
vn -0.6515 0.5254 -0.5473
vn -0.3029 -0.0426 -0.9521
vn 0.0795 0.9119 -0.4027
vn 0.1978 0.9063 -0.3735
vn 0.3014 0.9084 -0.2896
vn 0.3613 0.9132 -0.1886
vn 0.3950 0.9182 -0.0298
vn 0.3548 0.9236 0.1454
vn 0.2636 0.9132 0.3109
vn 0.1212 0.9099 0.3966
vn -0.0388 0.9172 0.3965
vn -0.1912 0.9140 0.3577
vn -0.3663 0.8508 0.3769
vn -0.3081 0.9174 0.2518
vn -0.3980 0.9087 0.1256
vn -0.4192 0.9078 -0.0066
vn -0.3845 0.9143 -0.1276
vn -0.3222 0.9115 -0.2555
vn -0.1870 0.9156 -0.3560
vn 0.6042 0.0079 -0.7968
vn 0.9575 0.0118 -0.2880
vn 0.8597 0.0178 0.5105
vn 0.1486 0.0156 0.9888
vn -0.6361 0.0184 0.7714
vn -0.6050 0.0105 -0.7962
vn 0.0491 0.0068 -0.9988
vn -0.9166 -0.0153 0.3995
vn 0.3950 0.6096 -0.6873
vn 0.7096 0.4119 -0.5716
vn 0.8449 0.5258 -0.0984
vn 0.6187 0.7130 0.3299
vn 0.3909 0.7876 0.4764
vn 0.2054 0.7067 0.6770
vn -0.0799 0.7875 0.6111
vn -0.5635 0.4711 0.6786
vn -0.8369 0.4561 0.3025
vn -0.5705 0.8211 -0.0190
vn -0.6237 0.6203 -0.4757
vn -0.4143 0.3302 -0.8481
vn 0.0494 0.2061 -0.9773
vn 0.3626 0.9143 -0.1806
vn 0.3622 0.9105 0.1995
vn 0.2624 0.9099 0.3212
vn 0.1137 0.9148 0.3876
vn -0.0386 0.9143 0.4031
vn -0.3130 0.9143 0.2569
vn -0.3909 0.9119 0.1252
vn -0.3960 0.9174 -0.0398
vn -0.3703 0.9087 -0.1926
vn -0.2899 0.9119 -0.2906
vn 0.5392 0.0126 -0.8421
vn 0.9836 0.0120 -0.1800
vn 0.8906 -0.0005 0.4547
vn 0.4528 -0.0042 0.8916
vn -0.2566 0.0022 0.9665
vn -0.8089 0.0032 0.5880
vn -0.3997 0.9072 0.1311
vn -0.9994 0.0053 -0.0338
vn -0.7901 0.0083 -0.6129
vn -0.2522 0.0109 -0.9676
vn 0.9553 -0.0071 0.2955
vn 0.2364 -0.0087 -0.9716
vn 0.8164 -0.0101 -0.5774
vn 0.9850 -0.0149 0.1717
vn 0.5240 -0.0172 0.8516
vn -0.3017 -0.0152 0.9533
vn -0.9202 -0.0125 -0.3912
vn -0.4377 -0.0081 -0.8991
vn 0.3143 -0.0138 -0.9492
vn 0.8936 -0.0123 -0.4487
vn 0.4582 -0.0027 0.8888
vn -0.3078 -0.0042 0.9514
vn -0.8588 -0.0061 0.5122
vn -0.9837 -0.0090 -0.1794
vn -0.5220 -0.0128 -0.8528
vn 0.7704 -0.0005 0.6376
vn -0.2222 -0.0013 0.9750
vn -0.6569 -0.0007 0.7540
vn -0.0694 -0.0006 0.9976
vn -0.6815 0.0005 0.7318
vn 0.1433 -0.0006 0.9897
vn -0.8669 0.0001 0.4985
vn -0.9992 -0.0001 -0.0401
vn -0.3116 -0.0025 0.9502
vn -0.8469 -0.0001 -0.5318
vn -0.9994 -0.0018 -0.0359
vn -0.9815 -0.0024 -0.1914
vn -0.9956 -0.0000 -0.0936
vn -0.6248 -0.0003 -0.7808
vn -0.9223 -0.0005 -0.3866
vn -0.8838 -0.0000 -0.4680
vn -0.4468 -0.0003 -0.8947
vn -0.8595 0.0002 -0.5111
vn -0.3220 0.0024 -0.9467
vn -0.7635 -0.0007 -0.6458
vn -0.2926 -0.0000 -0.9562
vn 0.0585 -0.0012 -0.9983
vn -0.7947 -0.0010 -0.6070
vn -0.0001 -0.0008 -1.0000
vn 0.5138 -0.0008 -0.8579
vn -0.0131 -0.0010 -0.9999
vn 0.6742 0.0010 -0.7386
vn 0.4819 -0.0009 -0.8762
vn 0.7727 -0.0000 -0.6348
vn 0.9903 -0.0007 -0.1387
vn 0.5155 -0.0031 -0.8569
vn 0.9948 -0.0040 -0.1018
vn 0.6138 -0.0019 -0.7894
vn 0.9951 -0.0000 0.0989
vn 0.9582 -0.0009 0.2861
vn 0.6599 -0.0001 0.7513
vn 0.8296 -0.0019 -0.5583
vn 0.7671 -0.0022 0.6415
vn 0.8593 -0.0025 0.5115
vn 0.6326 -0.0000 0.7745
vn 0.2462 -0.0007 0.9692
vn 0.7062 -0.0014 0.7080
vn -0.0235 -0.0019 0.9997
vn 0.9053 -0.0020 -0.4248
vn 0.2414 -0.0032 -0.9704
vn 0.6275 -0.0006 -0.7786
vn -0.7510 -0.0011 -0.6604
vn 0.0767 -0.0014 -0.9971
vn 0.1271 -0.0015 -0.9919
vn -0.7114 -0.0007 -0.7028
vn -0.1495 -0.0016 -0.9888
vn -0.9233 -0.0020 -0.3841
vn -0.6005 -0.0011 -0.7996
vn -0.9956 -0.0000 0.0936
vn -0.9840 -0.0024 0.1783
vn -0.5868 -0.0015 -0.8097
vn -0.8838 -0.0000 0.4680
vn -0.9699 -0.0034 -0.2434
vn -0.9685 -0.0026 -0.2491
vn -0.6368 -0.0000 0.7710
vn -0.5155 -0.0026 0.8569
vn -0.9263 -0.0005 0.3767
vn -0.4710 -0.0006 0.8822
vn -0.8434 -0.0011 0.5373
vn -0.3043 -0.0022 0.9526
vn -0.6737 -0.0029 0.7390
vn -0.0015 -0.0026 1.0000
vn -0.5201 -0.0020 0.8541
vn -0.0853 -0.0007 0.9964
vn 0.7728 -0.0000 0.6347
vn 0.8495 -0.0005 0.5276
vn 0.1020 0.0001 0.9948
vn 0.9570 -0.0000 0.2901
vn 0.7571 -0.0022 0.6533
vn 0.6028 -0.0007 0.7979
vn 0.1754 -0.0017 0.9845
vn 0.9645 0.0001 -0.2641
vn 0.8955 -0.0027 0.4450
vn 0.8812 -0.0000 -0.4727
vn 0.6763 -0.0013 -0.7366
vn 0.9990 -0.0025 -0.0442
vn 0.6327 -0.0000 -0.7744
vn 0.5521 -0.0017 -0.8337
vn 0.9445 -0.0046 -0.3284
vn 0.3040 -0.0036 -0.9527
vn -0.1350 0.0005 -0.9908
vn -0.9336 0.0021 -0.3584
vn 0.0987 0.0015 0.9951
vn 0.7509 0.0028 -0.6605
vn -0.7303 0.0017 0.6831
vn 0.8983 0.0035 0.4394
vn -0.1346 0.0012 -0.9909
vn -0.9336 0.0031 -0.3584
vn 0.0557 0.0010 0.9984
vn 0.6710 0.0014 -0.7414
vn -0.7305 0.0028 0.6829
vn 1.0000 0.0017 0.0013
vn 0.7198 0.0011 0.6941
vn -0.1345 0.0004 -0.9909
vn -0.9336 0.0023 -0.3583
vn 0.0993 0.0013 0.9951
vn 0.7512 0.0016 -0.6601
vn -0.7306 0.0025 0.6828
vn 0.8982 0.0020 0.4396
vn -0.1351 0.0006 -0.9908
vn -0.9343 -0.0009 -0.3565
vn 0.0559 0.0020 0.9984
vn 0.6708 0.0018 -0.7416
vn -0.7317 0.0013 0.6816
vn 1.0000 0.0004 0.0026
vn 0.7203 0.0002 0.6936
vn -0.0813 0.0022 -0.9967
vn -0.7116 0.0015 -0.7026
vn 0.0551 0.0020 0.9985
vn 0.6704 0.0030 -0.7420
vn -0.6880 0.0012 0.7257
vn 1.0000 0.0029 0.0015
vn -0.9994 0.0009 -0.0347
vn 0.7201 0.0025 0.6938
vn 0.6969 -0.1329 0.7048
vn 0.0296 0.9925 0.1189
vn 0.8627 -0.4984 -0.0858
vn -0.1416 -0.4522 0.8806
vn 0.9044 0.4008 0.1465
vn 0.6116 -0.7241 -0.3189
vn 0.5980 0.0030 -0.8015
vn -0.7448 -0.6565 0.1196
vn -0.7572 0.0001 -0.6532
vn -0.1581 0.0012 -0.9874
vn 0.7623 -0.4850 0.4286
vn 0.1463 -0.9383 0.3135
vn -0.4445 -0.7648 0.4663
vn 0.6351 -0.7705 0.0543
vn -0.3585 -0.5823 0.7297
vn 0.9280 -0.0004 -0.3727
vn -0.9138 0.0012 0.4061
vn -0.0803 0.0014 -0.9968
vn -0.7128 -0.0002 -0.7013
vn 0.6203 -0.0012 -0.7844
vn -0.9952 0.0003 -0.0977
vn -0.1342 0.0021 -0.9910
vn 0.8981 0.0043 0.4398
vn 0.0989 0.0017 0.9951
vn -0.9338 0.0034 -0.3577
vn 0.7504 0.0040 -0.6610
vn -0.7306 0.0022 0.6828
vn -0.1341 0.0024 -0.9910
vn 0.7200 0.0021 0.6940
vn 0.0546 0.0003 0.9985
vn -0.9339 0.0037 -0.3576
vn 1.0000 0.0020 0.0011
vn 0.6710 0.0017 -0.7414
vn -0.7298 0.0007 0.6837
vn -0.1340 0.0017 -0.9910
vn 0.8985 0.0036 0.4390
vn 0.0988 0.0027 0.9951
vn -0.9341 0.0023 -0.3569
vn 0.7510 0.0022 -0.6603
vn -0.7310 0.0019 0.6823
vn -0.1349 0.0028 -0.9909
vn 0.7199 0.0020 0.6941
vn 0.0550 0.0010 0.9985
vn -0.9335 0.0043 -0.3584
vn 1.0000 0.0017 0.0010
vn 0.6715 0.0020 -0.7410
vn -0.7301 0.0025 0.6833
vn -0.0828 0.0020 -0.9966
vn 0.7205 0.0043 0.6934
vn 0.0549 0.0047 0.9985
vn -0.7106 0.0014 -0.7036
vn 1.0000 0.0040 0.0012
vn -0.9993 0.0039 -0.0359
vn 0.6704 0.0043 -0.7419
vn -0.6883 0.0044 0.7254
vn -0.0816 0.0030 -0.9967
vn 0.7201 0.0036 0.6939
vn 0.0556 0.0041 0.9984
vn -0.7127 -0.0002 -0.7015
vn 1.0000 0.0040 0.0009
vn -0.9993 0.0011 -0.0370
vn 0.6705 0.0038 -0.7419
vn -0.6886 0.0045 0.7252
vn -0.0819 0.0028 -0.9966
vn 0.7206 0.0030 0.6933
vn 0.0549 0.0037 0.9985
vn -0.7112 0.0024 -0.7030
vn 1.0000 0.0008 0.0011
vn -0.9993 0.0038 -0.0362
vn 0.6719 0.0014 -0.7406
vn -0.6879 0.0040 0.7258
vn -0.1334 0.0010 -0.9911
vn -0.9345 0.0007 -0.3559
vn 0.0995 0.0021 0.9950
vn 0.7509 0.0014 -0.6604
vn -0.7316 0.0011 0.6818
vn 0.8982 0.0025 0.4395
vn -0.1351 0.0007 -0.9908
vn -0.9333 0.0028 -0.3590
vn 0.0556 0.0011 0.9984
vn 0.6710 0.0016 -0.7414
vn -0.7305 0.0031 0.6829
vn 1.0000 0.0018 0.0013
vn 0.7198 0.0012 0.6941
vn -0.1349 0.0006 -0.9909
vn -0.9341 -0.0001 -0.3570
vn 0.0990 0.0009 0.9951
vn 0.7508 0.0032 -0.6606
vn -0.7308 0.0002 0.6826
vn 0.8981 0.0032 0.4399
vn -0.1338 0.0021 -0.9910
vn -0.9339 0.0036 -0.3574
vn 0.0556 0.0011 0.9985
vn 0.6719 -0.0004 -0.7406
vn -0.7307 0.0023 0.6827
vn 1.0000 0.0007 0.0006
vn 0.7198 0.0014 0.6942
vn -0.0833 0.0014 -0.9965
vn -0.7104 0.0005 -0.7038
vn 0.0554 0.0037 0.9985
vn 0.6711 0.0035 -0.7414
vn -0.6885 0.0038 0.7253
vn 1.0000 0.0005 0.0028
vn -0.9994 0.0030 -0.0355
vn 0.7209 0.0013 0.6930
vn -0.0815 0.0022 -0.9967
vn -0.7117 0.0012 -0.7025
vn 0.0554 0.0020 0.9985
vn 0.6705 0.0031 -0.7419
vn -0.6880 0.0022 0.7257
vn 1.0000 0.0006 0.0031
vn -0.9994 0.0016 -0.0355
vn 0.7207 0.0003 0.6933
vn -0.0822 0.0013 -0.9966
vn -0.7108 0.0009 -0.7034
vn 0.0556 0.0025 0.9984
vn 0.6705 0.0032 -0.7419
vn -0.6882 0.0033 0.7255
vn 1.0000 0.0006 0.0032
vn -0.9994 0.0028 -0.0356
vn 0.7206 0.0003 0.6933
vn -0.1350 0.0006 -0.9908
vn -0.9334 0.0024 -0.3587
vn 0.0985 0.0018 0.9951
vn 0.7507 0.0033 -0.6606
vn -0.7302 0.0021 0.6832
vn 0.8983 0.0042 0.4394
vn -0.1342 0.0020 -0.9910
vn -0.9337 0.0039 -0.3580
vn 0.0561 0.0015 0.9984
vn 0.6711 0.0015 -0.7414
vn -0.7310 0.0036 0.6824
vn 1.0000 0.0017 0.0012
vn 0.7196 0.0010 0.6943
vn -0.1342 0.0016 -0.9909
vn -0.9337 0.0034 -0.3580
vn 0.0995 0.0010 0.9950
vn 0.7517 0.0012 -0.6596
vn 0.8982 0.0009 0.4395
vn -0.1340 0.0019 -0.9910
vn -0.9336 0.0042 -0.3582
vn 0.0562 0.0006 0.9984
vn 0.6706 0.0019 -0.7418
vn -0.7306 0.0034 0.6828
vn 1.0000 0.0014 0.0020
vn 0.7197 -0.0000 0.6943
vn -0.0824 0.0029 -0.9966
vn -0.7117 0.0005 -0.7025
vn 0.0553 0.0010 0.9985
vn 0.6709 0.0038 -0.7416
vn -0.6879 0.0005 0.7258
vn 1.0000 0.0030 0.0012
vn -0.9994 0.0001 -0.0347
vn 0.7198 0.0019 0.6942
vn -0.0802 0.0016 -0.9968
vn -0.7123 0.0012 -0.7019
vn 0.0574 0.0009 0.9984
vn 0.6703 0.0017 -0.7421
vn -0.6887 0.0042 0.7251
vn 1.0000 0.0033 0.0009
vn -0.9993 0.0016 -0.0362
vn 0.7188 0.0003 0.6952
vn -0.0816 0.0024 -0.9967
vn -0.7118 0.0011 -0.7024
vn 0.0551 0.0035 0.9985
vn 0.6706 0.0031 -0.7418
vn 1.0000 0.0029 0.0013
vn -0.9993 0.0020 -0.0361
vn 0.7204 0.0032 0.6936
vn 0.2454 0.9217 0.3003
vn 0.9562 0.2014 0.2126
vn 0.2836 0.0033 0.9589
vn -0.0870 0.5399 0.8372
vn -0.7892 0.4261 0.4423
vn 0.2718 0.0093 0.9623
vn 0.2367 0.5394 0.8081
vn 0.5479 0.7103 0.4418
vn -0.1051 -0.0012 0.9945
vn -0.4012 0.5401 0.7398
vn -0.0260 0.9206 0.3896
vn 0.5282 0.2182 0.8206
vn -0.4738 0.0029 0.8806
vn -0.4012 0.5402 0.7397
vn -0.8713 0.4244 -0.2463
vn -0.1734 0.9206 0.3498
vn 0.1727 0.2168 0.9608
vn -0.7751 0.0029 0.6318
vn -0.6540 0.5404 0.5293
vn -0.7104 0.4244 -0.5614
vn -0.2007 0.7102 0.6748
vn -0.9596 -0.0012 0.2815
vn -0.8364 0.5408 -0.0892
vn -0.6806 -0.0015 -0.7327
vn -0.3394 0.9217 -0.1877
vn -0.2947 0.4244 0.8562
vn -0.9942 -0.0011 -0.1077
vn -0.8363 0.5410 -0.0893
vn -0.7896 0.3444 0.5078
vn -0.8769 -0.0012 -0.4807
vn -0.7381 0.5412 -0.4030
vn 0.2176 0.5029 -0.8365
vn -0.0617 -0.0023 -0.9981
vn -0.7002 0.7103 0.0722
vn -0.6297 0.0030 -0.7768
vn -0.5272 0.5413 -0.6550
vn 0.0582 0.9206 -0.3861
vn -0.9039 0.4244 0.0536
vn -0.2837 0.0029 -0.9589
vn -0.2358 0.5413 -0.8071
vn 0.5061 0.8485 -0.1547
vn -0.7574 0.4404 -0.4820
vn -0.8764 0.0022 -0.4815
vn 0.1055 0.0029 -0.9944
vn 0.4050 0.5409 -0.7371
vn 0.4618 0.8788 0.1203
vn -0.5072 0.4294 -0.7473
vn 0.4786 0.0029 -0.8780
vn 0.4050 0.5411 -0.7370
vn 0.1753 0.9206 -0.3489
vn -0.1670 0.2157 -0.9621
vn 0.7787 0.0028 -0.6274
vn 0.8082 0.5405 -0.2339
vn 0.7051 0.4287 0.5648
vn 0.3859 0.9206 0.0592
vn -0.0511 0.4244 -0.9040
vn 0.9597 0.0028 -0.2810
vn 0.8363 0.5402 0.0938
vn 0.4545 0.7580 -0.4679
vn 0.9936 -0.0011 0.1132
vn 0.7366 0.5400 0.4073
vn -0.1221 0.8786 0.4616
vn 0.7422 0.4382 -0.5070
vn 0.8742 -0.0012 0.4855
vn 0.5243 0.5399 0.6585
vn 0.3484 0.9206 0.1762
vn 0.9625 0.2157 -0.1643
vn -0.5668 0.4286 0.7036
vn 0.2371 0.5400 0.8076
vn -0.0869 0.5399 0.8373
vn 0.2811 -0.0006 0.9597
vn 0.2369 0.5397 0.8079
vn 0.5242 0.5399 0.6585
vn 0.2804 -0.0002 0.9599
vn -0.0870 0.5400 0.8372
vn -0.4011 0.5400 0.7399
vn -0.1041 0.0002 0.9946
vn -0.6540 0.5402 0.5295
vn -0.7776 0.0001 0.6288
vn -0.6540 0.5404 0.5294
vn -0.8069 0.5405 0.2384
vn -0.9592 0.0001 0.2826
vn -0.8068 0.5406 0.2382
vn -0.8364 0.5408 -0.0891
vn -0.9593 0.0002 0.2824
vn -0.8364 0.5409 -0.0892
vn -0.7383 0.5410 -0.4029
vn -0.9943 0.0002 -0.1069
vn -0.7382 0.5411 -0.4029
vn -0.5274 0.5411 -0.6550
vn -0.8774 0.0002 -0.4798
vn -0.2360 0.5411 -0.8071
vn -0.6264 0.0002 -0.7795
vn -0.2359 0.5412 -0.8071
vn 0.0914 0.5410 -0.8360
vn -0.2798 0.0002 -0.9601
vn 0.4049 0.5409 -0.7372
vn 0.4820 0.0001 -0.8762
vn 0.4050 0.5410 -0.7371
vn 0.6567 0.5406 -0.5258
vn 0.4822 0.0002 -0.8760
vn 0.6567 0.5408 -0.5257
vn 0.8082 0.5404 -0.2340
vn 0.7812 0.0002 -0.6243
vn 0.8082 0.5405 -0.2338
vn 0.8364 0.5401 0.0937
vn 0.9608 0.0002 -0.2772
vn 0.7366 0.5399 0.4072
vn 0.9937 0.0002 0.1123
vn 0.7365 0.5400 0.4073
vn 0.5243 0.5398 0.6585
vn 0.8747 0.0002 0.4846
vn 0.4818 -0.0001 -0.8763
vn -0.4770 -0.0001 0.8789
vn 0.1091 -0.0001 -0.9940
vn -0.9592 -0.0001 0.2828
vn 0.7809 -0.0001 -0.6247
vn -0.7775 -0.0001 0.6289
vn -0.9943 -0.0001 -0.1064
vn 0.9607 -0.0001 -0.2776
vn -0.8776 -0.0001 -0.4794
vn 0.9937 -0.0001 0.1118
vn 0.2798 0.0002 0.9601
vn -0.6268 -0.0001 -0.7792
vn 0.2791 0.0006 0.9603
vn 0.8750 -0.0001 0.4842
vn -0.1037 -0.0001 0.9946
vn -0.2802 -0.0001 -0.9599
vn 0.2575 0.9206 -0.2935
vn 0.2836 0.0033 -0.9589
vn -0.0870 0.5399 -0.8372
vn -0.7892 0.4261 -0.4423
vn 0.2718 0.0093 -0.9623
vn 0.2367 0.5394 -0.8081
vn -0.1052 -0.0012 -0.9945
vn -0.4012 0.5401 -0.7398
vn -0.8644 0.3648 -0.3461
vn -0.0260 0.9206 -0.3896
vn -0.4738 0.0029 -0.8806
vn -0.4012 0.5402 -0.7397
vn -0.8713 0.4244 0.2463
vn -0.1734 0.9206 -0.3498
vn -0.7751 0.0029 -0.6318
vn -0.6540 0.5405 -0.5293
vn -0.7104 0.4244 0.5614
vn -0.9596 -0.0012 -0.2815
vn -0.8364 0.5408 0.0892
vn -0.5270 0.7594 0.3814
vn -0.6806 -0.0015 0.7326
vn -0.3394 0.9217 0.1877
vn -0.2947 0.4244 -0.8562
vn -0.9942 -0.0011 0.1077
vn -0.8363 0.5410 0.0893
vn -0.3778 0.2059 0.9027
vn -0.8769 -0.0012 0.4807
vn -0.7381 0.5412 0.4030
vn 0.2171 0.5056 0.8350
vn -0.6297 0.0030 0.7768
vn -0.5272 0.5413 0.6550
vn 0.1535 0.7580 0.6339
vn 0.0582 0.9206 0.3861
vn -0.9039 0.4244 -0.0536
vn -0.2837 0.0029 0.9589
vn -0.2358 0.5413 0.8071
vn 0.6922 0.2198 0.6874
vn 0.5106 0.8455 0.1561
vn -0.8764 0.0022 0.4815
vn 0.1055 0.0029 0.9944
vn 0.4050 0.5409 0.7371
vn -0.6520 0.4622 0.6010
vn 0.4786 0.0029 0.8780
vn 0.4050 0.5411 0.7370
vn 0.5811 0.8118 0.0580
vn 0.1753 0.9206 0.3489
vn 0.7786 0.0028 0.6275
vn 0.8082 0.5405 0.2339
vn 0.7073 0.4244 -0.5653
vn 0.3860 0.9206 -0.0592
vn -0.0523 0.4301 0.9013
vn 0.9597 0.0028 0.2810
vn 0.8363 0.5402 -0.0938
vn 0.6843 0.2190 -0.6956
vn 0.9936 -0.0011 -0.1132
vn 0.7366 0.5400 -0.4073
vn 0.3098 0.7097 -0.6328
vn -0.1209 0.8787 -0.4619
vn 0.8742 -0.0012 -0.4855
vn 0.5243 0.5399 -0.6585
vn 0.3484 0.9206 -0.1762
vn -0.5668 0.4286 -0.7036
vn 0.2371 0.5400 -0.8076
vn -0.0869 0.5398 -0.8373
vn 0.2811 -0.0006 -0.9597
vn 0.2369 0.5397 -0.8079
vn 0.5242 0.5399 -0.6585
vn 0.2804 -0.0002 -0.9599
vn -0.0870 0.5400 -0.8372
vn -0.4011 0.5400 -0.7399
vn -0.1041 0.0002 -0.9946
vn -0.6540 0.5402 -0.5295
vn -0.7776 0.0001 -0.6288
vn -0.6540 0.5404 -0.5294
vn -0.8069 0.5405 -0.2384
vn -0.9592 0.0001 -0.2826
vn -0.8068 0.5406 -0.2382
vn -0.8364 0.5408 0.0891
vn -0.9593 0.0002 -0.2824
vn -0.8364 0.5409 0.0892
vn -0.7383 0.5410 0.4029
vn -0.9943 0.0002 0.1069
vn -0.7382 0.5411 0.4029
vn -0.5274 0.5411 0.6550
vn -0.8774 0.0002 0.4798
vn -0.2360 0.5411 0.8071
vn -0.6264 0.0002 0.7795
vn -0.2359 0.5412 0.8071
vn 0.0914 0.5410 0.8360
vn -0.2798 0.0002 0.9601
vn 0.4049 0.5409 0.7372
vn 0.4820 0.0001 0.8762
vn 0.4050 0.5410 0.7371
vn 0.6567 0.5406 0.5258
vn 0.4822 0.0002 0.8760
vn 0.6567 0.5408 0.5257
vn 0.8082 0.5404 0.2340
vn 0.7812 0.0002 0.6243
vn 0.8082 0.5405 0.2338
vn 0.8364 0.5401 -0.0937
vn 0.9608 0.0002 0.2772
vn 0.7366 0.5399 -0.4072
vn 0.9937 0.0002 -0.1123
vn 0.7365 0.5400 -0.4073
vn 0.5243 0.5398 -0.6585
vn 0.8747 0.0002 -0.4846
vn 0.4818 -0.0001 0.8763
vn -0.4770 -0.0001 -0.8789
vn 0.1091 -0.0001 0.9940
vn -0.9592 -0.0001 -0.2828
vn 0.7809 -0.0001 0.6247
vn -0.7775 -0.0001 -0.6289
vn -0.9943 -0.0001 0.1064
vn 0.9607 -0.0001 0.2776
vn -0.8776 -0.0001 0.4794
vn 0.9937 -0.0001 -0.1118
vn 0.2798 0.0002 -0.9601
vn -0.6268 -0.0001 0.7792
vn 0.2791 0.0006 -0.9603
vn 0.8750 -0.0001 -0.4842
vn -0.1037 -0.0001 -0.9946
vn -0.2802 -0.0001 0.9599
vn 0.9842 -0.0046 -0.1769
vn 0.1572 -0.0067 0.9876
vn -0.9998 -0.0055 0.0183
vn -0.0381 -0.0036 -0.9993
vn 0.6367 0.7104 -0.2999
vn 0.5879 0.8025 -0.1018
vn 0.4535 0.8009 0.3911
vn -0.0010 0.8297 0.5583
vn -0.5730 0.6722 0.4689
vn -0.5872 0.8094 -0.0066
vn -0.4621 0.7540 -0.4669
vn 0.1945 0.3627 -0.9114
vn 0.2332 0.7681 -0.5963
vn 0.5489 0.7485 -0.3721
vn 0.6639 0.7467 -0.0402
vn 0.6314 0.7305 0.2601
vn 0.3949 0.7195 0.5714
vn 0.0528 0.7194 0.6926
vn -0.3522 0.7221 0.5955
vn -0.6508 0.7251 0.2252
vn -0.6382 0.7432 -0.2009
vn -0.3996 0.7414 -0.5391
vn -0.0837 0.7585 -0.6463
vn 0.9992 -0.0065 -0.0386
vn 0.0195 -0.0056 0.9998
vn -0.9982 -0.0057 0.0597
vn -0.0787 -0.0063 -0.9969
vn 0.3504 0.6619 -0.6627
vn 0.5563 0.7940 -0.2451
vn 0.7461 0.6441 0.1686
vn 0.4209 0.7696 0.4802
vn -0.0607 0.5004 0.8637
vn -0.8020 0.5634 0.1983
vn -0.7258 0.5629 -0.3955
vn -0.2701 0.5494 -0.7907
vn 0.0699 0.8008 -0.5949
vn 0.3394 0.7939 -0.5045
vn 0.5360 0.7942 -0.2861
vn 0.5983 0.8011 0.0186
vn 0.4932 0.8037 0.3330
vn 0.2803 0.8009 0.5291
vn -0.0195 0.8039 0.5945
vn -0.2609 0.8128 0.5208
vn -0.4270 0.8306 0.3576
vn -0.5243 0.8218 -0.2231
vn -0.3960 0.8106 -0.4314
vn -0.1762 0.8015 -0.5715
vn 0.8310 -0.0016 -0.5563
vn 0.8315 -0.0017 0.5556
vn -0.2566 -0.0025 0.9665
vn -0.9990 -0.0037 -0.0435
vn -0.1708 -0.0025 -0.9853
vn 0.1348 0.5895 -0.7964
vn 0.4116 0.8329 -0.3699
vn 0.5158 0.8567 -0.0043
vn 0.5414 0.6599 0.5209
vn 0.0850 0.7092 0.6999
vn -0.3882 0.7685 0.5086
vn -0.5025 0.7547 0.4218
vn -0.8210 0.4586 0.3401
vn -0.6237 0.7757 -0.0963
vn -0.3907 0.7188 -0.5751
vn 0.3513 0.6891 -0.6338
vn 0.6753 0.7017 -0.2270
vn 0.6449 0.7190 0.2592
vn 0.3719 0.7532 0.5426
vn 0.0634 0.7290 0.6816
vn -0.2875 0.7319 0.6177
vn -0.5458 0.7579 0.3573
vn -0.6590 0.7467 0.0901
vn -0.6280 0.7367 -0.2508
vn -0.4421 0.7229 -0.5309
vn -0.1124 0.7179 -0.6871
vn 0.9640 -0.0027 -0.2659
vn 0.6044 -0.0023 0.7966
vn -0.5919 -0.0018 0.8060
vn -0.9291 -0.0004 -0.3699
vn 0.0349 -0.0026 -0.9994
vn 0.3335 0.4782 -0.8125
vn 0.6319 0.7285 -0.2644
vn 0.6742 0.6872 0.2705
vn 0.4488 0.6754 0.5852
vn 0.0249 0.6888 0.7245
vn -0.3448 0.7387 0.5792
vn -0.7283 0.6293 0.2711
vn -0.7259 0.5627 -0.3956
vn -0.2534 0.5597 -0.7890
vn 0.0613 0.8043 -0.5910
vn 0.2873 0.8054 -0.5184
vn 0.4688 0.7952 -0.3847
vn 0.5608 0.8091 -0.1755
vn 0.5931 0.8036 0.0494
vn 0.4928 0.8217 0.2864
vn 0.3430 0.8253 0.4485
vn 0.1273 0.7972 0.5901
vn -0.2107 0.8113 0.5454
vn -0.4221 0.8280 0.3691
vn -0.5195 0.8250 -0.2223
vn -0.3934 0.8154 -0.4246
vn -0.1790 0.8017 -0.5703
vn 0.3617 -0.0024 -0.9323
vn 0.9194 -0.0029 -0.3933
vn 0.8929 -0.0029 0.4503
vn 0.1948 -0.0020 0.9808
vn -0.6662 -0.0016 0.7458
vn -0.9902 -0.0027 -0.1393
vn -0.4287 -0.0029 -0.9035
vn 0.1464 0.8583 -0.4919
vn 0.4289 0.7678 -0.4759
vn 0.5544 0.8177 -0.1550
vn 0.4477 0.8940 -0.0205
vn 0.4924 0.8522 0.1770
vn 0.3116 0.9234 0.2241
vn 0.3440 0.8559 0.3862
vn 0.1360 0.8556 0.4994
vn -0.2618 0.7915 0.5523
vn -0.2318 0.9309 0.2824
vn -0.4732 0.8078 0.3513
vn -0.6180 0.7838 0.0600
vn -0.5739 0.7833 -0.2391
vn -0.4113 0.7757 -0.4787
vn -0.0831 0.8047 -0.5878
vn -0.0020 0.9270 -0.3752
vn 0.1188 0.9247 -0.3616
vn 0.2447 0.9223 -0.2991
vn 0.3307 0.9258 -0.1831
vn 0.3596 0.9300 -0.0754
vn 0.3744 0.9266 0.0349
vn 0.3459 0.9272 0.1439
vn 0.2853 0.9297 0.2328
vn 0.2023 0.9283 0.3120
vn 0.1104 0.9249 0.3638
vn 0.0036 0.9281 0.3724
vn -0.1168 0.9235 0.3653
vn -0.2403 0.9255 0.2928
vn -0.3428 0.9213 0.1836
vn -0.3718 0.9274 0.0417
vn -0.3596 0.9300 -0.0754
vn -0.3244 0.9279 -0.1837
vn -0.2425 0.9258 -0.2900
vn -0.1162 0.9241 -0.3641
vn 0.2817 0.3865 0.8783
vn 0.5216 -0.7845 -0.3353
vn 0.9756 0.1361 -0.1720
vn 0.8915 -0.4492 0.0589
vn 0.7123 -0.5832 0.3906
vn 0.5242 -0.5361 0.6617
vn 0.2718 -0.5731 0.7731
vn -0.4140 -0.5766 0.7044
vn -0.8415 -0.4545 0.2919
vn -0.9999 0.0031 0.0154
vn -0.6852 -0.7261 0.0574
vn 0.9027 -0.0037 -0.4303
vn 0.8645 -0.0034 0.5026
vn -0.0220 -0.0058 0.9997
vn -0.9127 -0.0045 0.4086
vn -0.8364 0.5251 -0.1574
vn 0.0214 -0.0038 -0.9998
vn 0.0949 0.8309 -0.5483
vn 0.2839 0.8865 -0.3653
vn 0.4847 0.8354 -0.2592
vn 0.5164 0.8562 -0.0130
vn 0.4681 0.8554 0.2217
vn 0.3356 0.8441 0.4182
vn 0.1246 0.8696 0.4778
vn -0.1157 0.8934 0.4342
vn -0.6297 0.7002 0.3365
vn -0.6290 0.7751 0.0604
vn -0.5834 0.7625 -0.2795
vn -0.3621 0.7872 -0.4991
vn -0.0670 0.7514 -0.6564
vn -0.0008 0.9091 -0.4165
vn 0.1242 0.9075 -0.4013
vn 0.2307 0.9091 -0.3467
vn 0.3262 0.9075 -0.2646
vn 0.3798 0.9121 -0.1542
vn 0.4186 0.9072 -0.0412
vn 0.4056 0.9109 0.0766
vn 0.3711 0.9056 0.2056
vn 0.2601 0.9099 0.3232
vn 0.1221 0.9072 0.4025
vn -0.0402 0.9119 0.4085
vn -0.1983 0.9072 0.3709
vn -0.3171 0.9102 0.2665
vn -0.4094 0.9123 -0.0045
vn -0.4025 0.9072 -0.1221
vn -0.3458 0.9111 -0.2243
vn -0.2576 0.9098 -0.3256
vn -0.1262 0.9093 -0.3965
vn 0.5557 -0.8314 0.0060
vn 0.7881 -0.5203 0.3290
vn 0.5300 -0.5828 0.6160
vn -0.0630 -0.4969 0.8655
vn -0.3858 -0.6160 0.6868
vn -0.4270 -0.7986 0.4242
vn 0.5777 -0.0012 -0.8162
vn 0.9967 -0.0009 -0.0809
vn 0.6773 -0.0032 0.7357
vn -0.2596 -0.0047 0.9657
vn -0.9909 -0.0048 0.1346
vn -0.8031 0.5360 0.2603
vn -0.4303 -0.0036 -0.9027
vn 0.1304 0.8625 -0.4889
vn 0.3995 0.8123 -0.4250
vn 0.6245 0.7746 -0.1001
vn 0.4600 0.8740 0.1566
vn 0.3874 0.8407 0.3783
vn 0.2147 0.7698 0.6011
vn -0.0529 0.8256 0.5618
vn -0.2554 0.8705 0.4207
vn -0.3651 0.9055 0.2161
vn -0.5227 0.8524 0.0131
vn -0.6831 0.7004 -0.2072
vn -0.4827 0.7811 -0.3961
vn -0.3366 0.7003 -0.6295
vn -0.0917 0.8564 -0.5081
vn 0.0331 0.9062 -0.4216
vn 0.1611 0.9095 -0.3832
vn 0.2721 0.9063 -0.3233
vn 0.3665 0.9105 -0.1916
vn 0.4153 0.9086 -0.0444
vn 0.4052 0.9057 0.1244
vn 0.3339 0.9054 0.2622
vn 0.2307 0.9091 0.3467
vn 0.1176 0.9063 0.4059
vn -0.0443 0.9105 0.4112
vn -0.1891 0.9133 0.3607
vn -0.2771 0.9156 0.2914
vn -0.3713 0.9067 0.1999
vn -0.3963 0.9150 0.0758
vn -0.3886 0.9203 -0.0462
vn -0.3753 0.9156 -0.1445
vn -0.3267 0.9067 -0.2666
vn -0.2307 0.9091 -0.3467
vn -0.1153 0.9093 -0.3998
vn 0.9986 -0.0055 -0.0517
vn 0.2850 -0.0028 -0.9585
vn -0.7189 -0.0030 -0.6951
vn -0.9239 -0.0034 0.3827
vn 0.1520 -0.0059 0.9884
vn 0.6780 0.6594 0.3250
vn 0.6089 0.7063 -0.3610
vn 0.1293 0.6730 -0.7283
vn -0.5446 0.5252 -0.6539
vn -0.5730 0.6722 -0.4689
vn -0.8914 0.4521 -0.0304
vn -0.4926 0.6414 0.5882
vn 0.0416 0.5887 0.8073
vn 0.3075 0.7536 0.5810
vn 0.6228 0.7038 0.3418
vn 0.7061 0.6777 -0.2053
vn 0.4121 0.7125 -0.5678
vn 0.0528 0.7194 -0.6926
vn -0.3522 0.7221 -0.5955
vn -0.6508 0.7251 -0.2252
vn -0.6339 0.7465 0.2021
vn -0.4421 0.7123 0.5452
vn -0.0673 0.7343 0.6754
vn 0.9514 -0.0035 0.3079
vn 0.5860 -0.0057 -0.8103
vn -0.6940 -0.0058 -0.7200
vn -0.8609 -0.0033 0.5088
vn 0.1590 -0.0022 0.9873
vn 0.3782 0.6852 0.6224
vn 0.4381 0.8855 0.1546
vn 0.6158 0.7491 -0.2444
vn 0.4480 0.6405 -0.6237
vn 0.0935 0.6317 -0.7696
vn -0.3243 0.7405 -0.5887
vn -0.8276 0.5019 -0.2514
vn -0.6662 0.6576 0.3518
vn -0.2700 0.5349 0.8006
vn 0.1264 0.7910 0.5986
vn 0.4252 0.7865 0.4478
vn 0.5684 0.8009 0.1885
vn 0.5779 0.8134 -0.0665
vn 0.4842 0.8070 -0.3380
vn 0.2795 0.7999 -0.5310
vn -0.0192 0.7994 -0.6005
vn -0.2674 0.8197 -0.5065
vn -0.4634 0.8198 -0.3366
vn -0.5547 0.8306 -0.0492
vn -0.5527 0.8128 0.1839
vn -0.4265 0.8160 0.3902
vn -0.1767 0.7953 0.5799
vn 0.7072 -0.0067 0.7070
vn 0.6928 -0.0065 -0.7211
vn -0.7073 -0.0056 -0.7068
vn -0.7215 -0.0062 0.6924
vn 0.2428 0.5061 0.8276
vn 0.6806 0.4793 0.5541
vn 0.8916 0.4455 0.0810
vn 0.4773 0.7253 -0.4961
vn -0.0092 0.6039 -0.7970
vn -0.4866 0.7318 -0.4771
vn -0.6425 0.7603 0.0955
vn -0.3906 0.7188 0.5751
vn 0.1931 0.7202 0.6663
vn 0.5350 0.7676 0.3530
vn 0.6524 0.7554 0.0608
vn 0.5915 0.7719 -0.2332
vn 0.3719 0.7532 -0.5426
vn 0.0634 0.7290 -0.6816
vn -0.2809 0.7180 -0.6368
vn -0.5561 0.7518 -0.3543
vn -0.6521 0.7555 -0.0639
vn -0.6146 0.7458 0.2571
vn -0.3391 0.6777 0.6524
vn 0.9520 -0.0040 0.3062
vn 0.5340 -0.0056 -0.8455
vn -0.6796 -0.0049 -0.7335
vn -0.9248 -0.0044 0.3805
vn 0.0620 -0.0037 0.9981
vn 0.2313 0.7680 0.5972
vn 0.5212 0.7708 0.3664
vn 0.6643 0.7446 0.0657
vn 0.6363 0.6813 -0.3618
vn 0.3552 0.7102 -0.6079
vn 0.0017 0.7717 -0.6360
vn -0.3442 0.8120 -0.4714
vn -0.4433 0.8206 -0.3608
vn -0.5887 0.7937 -0.1534
vn -0.4646 0.8498 0.2491
vn -0.1438 0.8645 0.4816
vn 0.1326 0.8233 0.5519
vn 0.3579 0.8168 0.4524
vn 0.4996 0.8165 0.2892
vn 0.5967 0.8011 0.0464
vn 0.5582 0.7955 -0.2358
vn 0.3834 0.7944 -0.4711
vn 0.1091 0.8042 -0.5843
vn -0.1111 0.8087 -0.5776
vn -0.3118 0.8282 -0.4656
vn -0.4964 0.8335 -0.2427
vn -0.9590 0.0076 -0.2832
vn -0.5564 0.8268 -0.0826
vn -0.5577 0.8113 0.1753
vn -0.4310 0.7908 0.4346
vn -0.1736 0.7962 0.5795
vn 0.3826 -0.0043 0.9239
vn 0.9588 -0.0040 0.2842
vn 0.8436 -0.0049 -0.5370
vn -0.0005 -0.0054 -1.0000
vn -0.8433 -0.0042 -0.5375
vn -0.9647 -0.0038 0.2633
vn -0.4769 -0.0039 0.8789
vn 0.0308 0.9593 0.2807
vn 0.2321 0.8924 0.3871
vn 0.3222 0.8624 0.3905
vn 0.4334 0.8726 0.2251
vn 0.4345 0.9003 0.0264
vn 0.3779 0.9104 -0.1687
vn 0.3836 0.8940 -0.2317
vn 0.1360 0.8556 -0.4994
vn -0.2618 0.7915 -0.5522
vn -0.2318 0.9309 -0.2824
vn -0.4732 0.8079 -0.3513
vn -0.6181 0.7838 -0.0600
vn -0.5739 0.7833 0.2391
vn -0.3893 0.7901 0.4736
vn -0.1877 0.8860 0.4240
vn -0.0020 0.9270 0.3752
vn 0.1183 0.9241 0.3634
vn 0.2465 0.9216 0.2997
vn 0.3307 0.9258 0.1831
vn 0.3596 0.9300 0.0754
vn 0.3744 0.9266 -0.0349
vn 0.3459 0.9272 -0.1439
vn 0.2853 0.9297 -0.2328
vn 0.2084 0.9259 -0.3151
vn 0.1095 0.9245 -0.3651
vn -0.0036 0.9281 -0.3724
vn -0.1186 0.9249 -0.3613
vn -0.2350 0.9288 -0.2864
vn -0.3312 0.9249 -0.1868
vn -0.3637 0.9283 -0.0776
vn -0.3747 0.9260 0.0466
vn -0.3286 0.9280 0.1757
vn -0.2425 0.9258 0.2900
vn -0.1162 0.9241 0.3641
vn 0.3827 -0.0032 0.9238
vn 0.9388 -0.0037 0.3444
vn 0.8765 -0.0038 -0.4814
vn 0.2511 -0.0037 -0.9680
vn -0.5842 -0.0033 -0.8116
vn -0.9974 -0.0042 0.0721
vn -0.4522 -0.0045 0.8919
vn 0.1132 0.8575 0.5019
vn 0.3387 0.8461 0.4116
vn 0.4756 0.8410 0.2578
vn 0.4875 0.8727 0.0259
vn 0.5111 0.8293 -0.2260
vn 0.2810 0.8809 -0.3808
vn 0.0879 0.8711 -0.4832
vn -0.1630 0.8617 -0.4805
vn -0.2298 0.9117 -0.3405
vn -0.6297 0.7002 -0.3365
vn -0.6290 0.7751 -0.0604
vn -0.5770 0.7694 0.2741
vn -0.3748 0.8096 0.4517
vn -0.1212 0.8731 0.4723
vn -0.0008 0.9091 0.4165
vn 0.1242 0.9075 0.4013
vn 0.2301 0.9121 0.3393
vn 0.3251 0.9072 0.2668
vn 0.3765 0.9123 0.1609
vn 0.4141 0.9092 0.0429
vn 0.4073 0.9095 -0.0832
vn 0.3701 0.9063 -0.2038
vn 0.2563 0.9137 -0.3155
vn 0.1241 0.9143 -0.3857
vn -0.0333 0.9098 -0.4138
vn -0.1620 0.9083 -0.3858
vn -0.2755 0.9056 -0.3224
vn -0.3646 0.9100 -0.1973
vn -0.9103 0.0103 -0.4138
vn -0.4170 0.9080 -0.0393
vn -0.4101 0.9046 0.1160
vn -0.3490 0.9083 0.2307
vn -0.2576 0.9098 0.3256
vn -0.1262 0.9093 0.3965
vn 0.5702 -0.0030 0.8215
vn 0.9993 -0.0027 0.0375
vn 0.4904 -0.0059 -0.8714
vn -0.6943 -0.0090 -0.7196
vn -0.9219 -0.0057 0.3875
vn -0.2346 -0.0031 0.9721
vn 0.1304 0.8626 0.4888
vn 0.3994 0.8123 0.4249
vn 0.6245 0.7746 0.1000
vn 0.4600 0.8740 -0.1566
vn 0.3831 0.8455 -0.3720
vn 0.3364 0.7004 -0.6295
vn 0.0655 0.7439 -0.6650
vn -0.1911 0.7457 -0.6383
vn -0.6295 0.7004 -0.3365
vn -0.6213 0.7812 -0.0612
vn -0.6830 0.7004 0.2072
vn -0.4826 0.7811 0.3962
vn -0.3365 0.7004 0.6295
vn -0.0918 0.8564 0.5081
vn 0.0331 0.9062 0.4216
vn 0.1611 0.9095 0.3832
vn 0.2721 0.9063 0.3233
vn 0.3601 0.9126 0.1937
vn 0.3961 0.9140 0.0874
vn 0.4164 0.9079 -0.0479
vn 0.3655 0.9100 -0.1954
vn 0.2639 0.9090 -0.3227
vn 0.1227 0.9063 -0.4043
vn -0.0405 0.9051 -0.4233
vn -0.1987 0.9108 -0.3618
vn -0.3135 0.9108 -0.2685
vn -0.9361 0.0150 -0.3514
vn -0.4161 0.9086 -0.0357
vn -0.4071 0.9049 0.1238
vn -0.3345 0.9046 0.2641
vn -0.2307 0.9091 0.3467
vn -0.1153 0.9093 0.3998
vn 0.7227 -0.0044 -0.6912
vn 0.7606 -0.0037 0.6493
vn -0.6176 -0.0044 0.7865
vn -0.7210 -0.0049 -0.6929
vn 0.4821 0.4796 -0.7332
vn 0.6592 0.6610 -0.3585
vn 0.6621 0.7395 0.1217
vn 0.3037 0.8308 0.4664
vn -0.1247 0.8987 0.4204
vn -0.5103 0.7506 0.4197
vn -0.5742 0.7647 0.2924
vn -0.7804 0.5960 -0.1892
vn -0.3894 0.6823 -0.6188
vn -0.0172 0.4065 -0.9135
vn 0.2022 0.7245 -0.6590
vn 0.5306 0.7709 -0.3524
vn 0.6527 0.7554 -0.0582
vn 0.6341 0.7302 0.2546
vn 0.3937 0.7352 0.5518
vn 0.0724 0.7599 0.6461
vn -0.2867 0.7409 0.6073
vn -0.5578 0.7551 0.3445
vn -0.6683 0.7436 0.0189
vn -0.5861 0.7088 -0.3926
vn -0.2497 0.7164 -0.6515
vn 0.9998 -0.0065 -0.0201
vn 0.0001 -0.0066 1.0000
vn -0.9998 -0.0063 -0.0203
vn -0.0001 -0.0057 -1.0000
vn 0.1750 0.7977 -0.5771
vn 0.7232 0.5865 -0.3646
vn 0.6257 0.7413 0.2430
vn 0.4481 0.6405 0.6237
vn 0.0960 0.6505 0.7534
vn -0.3056 0.6805 0.6659
vn -0.6651 0.7225 0.1891
vn -0.7693 0.5606 -0.3063
vn -0.5433 0.5161 -0.6621
vn -0.1911 0.7297 -0.6565
vn 0.1259 0.7938 -0.5950
vn 0.4283 0.7956 -0.4285
vn 0.5476 0.8113 -0.2047
vn 0.5766 0.8148 0.0598
vn 0.4965 0.8119 0.3070
vn 0.3263 0.8060 0.4938
vn 0.0147 0.8073 0.5900
vn -0.2726 0.7951 0.5418
vn -0.4627 0.8030 0.3755
vn -0.9995 0.0141 0.0279
vn -0.5587 0.7971 -0.2291
vn -0.3935 0.8154 -0.4246
vn -0.1716 0.7982 -0.5774
vn 0.9984 -0.0048 -0.0564
vn 0.2673 -0.0024 0.9636
vn -0.7371 0.0003 0.6758
vn -0.9378 -0.0000 -0.3472
vn 0.0556 -0.0032 -0.9984
vn 0.1612 0.6220 -0.7662
vn 0.8007 0.5126 -0.3099
vn 0.5265 0.7452 0.4092
vn 0.3186 0.8266 0.4640
vn -0.1777 0.8550 0.4873
vn -0.4770 0.7340 0.4835
vn -0.5451 0.8097 0.2175
vn -0.6443 0.7265 -0.2388
vn -0.3272 0.7309 -0.5989
vn 0.2053 0.7559 -0.6217
vn 0.4960 0.7506 -0.4365
vn 0.6586 0.7420 -0.1250
vn 0.6322 0.7097 0.3110
vn 0.3325 0.7251 0.6031
vn -0.0015 0.7289 0.6846
vn -0.3267 0.7234 0.6083
vn -0.5884 0.7160 0.3756
vn -0.6856 0.7277 -0.0203
vn -0.5446 0.7193 -0.4313
vn -0.1653 0.7233 -0.6705
vn 0.5194 -0.0022 -0.8545
vn 0.9788 -0.0026 0.2048
vn 0.0361 -0.0038 0.9993
vn -0.9376 -0.0034 0.3477
vn -0.6343 -0.0039 -0.7731
vn 0.4625 0.5395 -0.7035
vn 0.6795 0.7151 -0.1642
vn 0.5846 0.7627 0.2767
vn 0.3066 0.7604 0.5726
vn -0.0678 0.8014 0.5943
vn -0.3737 0.8524 0.3659
vn -0.7246 0.6848 0.0777
vn -0.8135 0.5159 -0.2682
vn -0.3906 0.6862 -0.6137
vn 0.0681 0.7698 -0.6346
vn 0.1413 0.8134 -0.5643
vn 0.4112 0.8202 -0.3977
vn 0.4955 0.8480 -0.1880
vn 0.5573 0.8283 0.0582
vn 0.5265 0.7950 0.3011
vn 0.3213 0.7995 0.5074
vn 0.0014 0.8077 0.5896
vn -0.2718 0.8169 0.5087
vn -0.4367 0.8436 0.3123
vn -0.9901 0.0025 0.1402
vn -0.5766 0.8153 0.0536
vn -0.5424 0.8030 -0.2469
vn -0.3757 0.8168 -0.4377
vn -0.1664 0.8288 -0.5342
vn 0.9729 -0.0042 -0.2310
vn 0.6348 -0.0040 0.7726
vn -0.3729 -0.0042 0.9278
vn -0.9650 -0.0036 0.2624
vn -0.7860 -0.0038 -0.6182
vn 0.1947 -0.0048 -0.9809
vn 0.1343 0.8672 -0.4795
vn 0.2253 0.8542 -0.4685
vn 0.2833 0.9247 -0.2544
vn 0.4816 0.8632 -0.1516
vn 0.5048 0.8619 0.0481
vn 0.4747 0.8715 0.1233
vn 0.3138 0.9218 0.2277
vn 0.3562 0.8408 0.4076
vn 0.1344 0.9244 0.3569
vn -0.0505 0.8414 0.5380
vn -0.2267 0.8748 0.4282
vn -0.2939 0.8762 0.3819
vn -0.3264 0.9234 0.2021
vn -0.4562 0.8751 0.1615
vn -0.3893 0.9208 -0.0247
vn -0.5470 0.7727 -0.3221
vn -0.2543 0.8839 -0.3925
vn -0.0555 0.9098 -0.4114
vn -0.0009 0.9260 -0.3775
vn 0.3345 0.9258 -0.1760
vn 0.3662 0.9298 -0.0361
vn 0.3625 0.9258 0.1074
vn 0.2989 0.9241 0.2382
vn 0.2033 0.9291 0.3089
vn -0.3415 0.9220 0.1828
vn -0.3730 0.9272 0.0357
vn -0.3609 0.9269 -0.1027
vn -0.3144 0.9260 -0.2090
vn -0.2347 0.9247 -0.2997
vn -0.1159 0.9268 -0.3573
vn 0.3011 -0.0035 -0.9536
vn 0.9757 -0.0033 -0.2192
vn 0.6752 -0.0018 0.7376
vn -0.1389 -0.0017 0.9903
vn -0.8378 -0.0016 0.5460
vn -0.9761 -0.0013 -0.2171
vn -0.5423 -0.0021 -0.8402
vn 0.1132 0.8575 -0.5019
vn 0.3463 0.8406 -0.4165
vn 0.5714 0.7773 -0.2634
vn 0.6101 0.7745 0.1670
vn 0.3822 0.8481 0.3670
vn 0.1918 0.7741 0.6033
vn -0.1087 0.8649 0.4901
vn -0.2282 0.9132 0.3375
vn -0.6542 0.7454 0.1282
vn -0.6099 0.7517 -0.2511
vn -0.3945 0.8519 -0.3445
vn -0.1127 0.9142 -0.3892
vn 0.2301 0.9121 -0.3393
vn 0.3311 0.9072 -0.2595
vn 0.3959 0.9099 -0.1243
vn 0.4210 0.9063 0.0362
vn 0.3777 0.9121 0.1595
vn 0.2302 0.9121 0.3393
vn 0.1153 0.9093 0.3998
vn -0.0400 0.9078 0.4174
vn -0.1925 0.9065 0.3758
vn -0.2939 0.9098 0.2932
vn -0.3673 0.9107 0.1891
vn -0.4154 0.9084 0.0477
vn -0.4103 0.9084 -0.0806
vn -0.3688 0.9065 -0.2055
vn -0.2652 0.9078 -0.3248
vn 0.9641 -0.0046 -0.2654
vn 0.6622 -0.0022 0.7493
vn -0.2359 -0.0030 0.9718
vn -0.9285 -0.0034 0.3713
vn -0.8522 -0.0030 -0.5233
vn 0.0516 -0.0050 -0.9987
vn 0.2524 0.7455 -0.6169
vn 0.4773 0.7774 -0.4096
vn 0.6180 0.7807 -0.0933
vn 0.3784 0.8487 0.3695
vn 0.3133 0.7457 0.5880
vn 0.0655 0.7440 0.6650
vn -0.2056 0.7003 0.6836
vn -0.5550 0.7814 0.2852
vn -0.6186 0.7823 -0.0729
vn -0.4925 0.8472 -0.1992
vn -0.3741 0.8004 -0.4685
vn -0.0517 0.7368 -0.6742
vn -0.0021 0.9095 -0.4157
vn 0.1313 0.9070 -0.4002
vn 0.2698 0.9042 -0.3310
vn 0.3599 0.9128 -0.1929
vn 0.3933 0.9153 -0.0867
vn 0.4198 0.9067 0.0401
vn 0.3873 0.9083 0.1582
vn 0.3149 0.9128 0.2599
vn 0.2237 0.9123 0.3429
vn 0.1131 0.9072 0.4052
vn -0.0399 0.9125 0.4072
vn -0.1956 0.9109 0.3634
vn -0.3202 0.9103 0.2625
vn -0.4100 0.9121 0.0029
vn -0.3943 0.9113 -0.1185
vn -0.3482 0.9084 -0.2315
vn -0.2617 0.9062 -0.3321
vn 0.9842 -0.0055 -0.1770
vn 0.1572 -0.0079 0.9875
vn -0.9998 -0.0066 0.0182
vn -0.0381 -0.0043 -0.9993
vn 0.4040 0.8813 -0.2452
vn 0.5564 0.8008 0.2216
vn 0.2769 0.6670 0.6917
vn -0.1422 0.6646 0.7335
vn -0.7790 0.4695 0.4156
vn -0.8735 0.4791 -0.0859
vn -0.6908 0.4416 -0.5725
vn 0.0623 0.7871 -0.6136
vn 0.1840 0.6873 -0.7027
vn 0.5222 0.7381 -0.4272
vn 0.6746 0.7351 -0.0673
vn 0.5854 0.7122 0.3875
vn 0.2082 0.7231 0.6586
vn -0.2355 0.7276 0.6443
vn -0.5589 0.7265 0.3998
vn -0.6841 0.7261 0.0693
vn -0.6317 0.7200 -0.2873
vn -0.3372 0.6774 -0.6537
vn 0.6143 -0.0039 -0.7891
vn 0.9330 -0.0035 0.3598
vn -0.1155 -0.0045 0.9933
vn -0.9911 -0.0045 0.1328
vn -0.5244 -0.0038 -0.8514
vn 0.3133 0.7684 -0.5580
vn 0.5624 0.7811 -0.2713
vn 0.7233 0.6795 0.1231
vn 0.4445 0.7705 0.4568
vn 0.0614 0.7861 0.6151
vn -0.3421 0.7318 0.5895
vn -0.7264 0.5968 0.3407
vn -0.6981 0.6715 -0.2486
vn -0.4221 0.6967 -0.5801
vn -0.0656 0.7683 -0.6367
vn 0.0623 0.8039 -0.5915
vn 0.3043 0.8157 -0.4920
vn 0.5027 0.7961 -0.3369
vn 0.6075 0.7943 -0.0084
vn 0.5003 0.8187 0.2817
vn 0.3580 0.8255 0.4364
vn 0.1843 0.8212 0.5401
vn -0.0728 0.8137 0.5767
vn -0.2749 0.8094 0.5190
vn -0.4302 0.8290 0.3573
vn -0.5342 0.8132 -0.2310
vn -0.3930 0.8183 -0.4194
vn -0.1780 0.8021 -0.5701
vn 0.6150 -0.0016 -0.7886
vn 0.9399 -0.0008 0.3414
vn -0.0357 -0.0029 0.9994
vn -0.9776 -0.0039 0.2106
vn -0.5397 -0.0033 -0.8418
vn 0.3100 0.8582 -0.4092
vn 0.7046 0.7035 -0.0928
vn 0.5785 0.7306 0.3627
vn 0.1941 0.5891 0.7844
vn -0.4781 0.4589 0.7489
vn -0.4832 0.7572 0.4395
vn -0.5630 0.7871 0.2519
vn -0.6006 0.7439 -0.2930
vn -0.1219 0.8466 -0.5181
vn 0.2728 0.7023 -0.6576
vn 0.6470 0.6915 -0.3211
vn 0.6823 0.7012 0.2068
vn 0.3411 0.7557 0.5590
vn -0.0633 0.7613 0.6453
vn -0.4254 0.7459 0.5125
vn -0.9998 0.0193 0.0058
vn -0.6728 0.7279 -0.1323
vn -0.5093 0.7341 -0.4492
vn -0.1764 0.7288 -0.6616
vn 0.9173 -0.0037 -0.3982
vn 0.7878 -0.0012 0.6159
vn -0.1506 -0.0024 0.9886
vn -0.9927 -0.0060 0.1205
vn -0.2124 -0.0069 -0.9771
vn 0.3541 0.4782 -0.8037
vn 0.6858 0.5602 -0.4646
vn 0.7624 0.6469 0.0161
vn 0.6143 0.7334 0.2912
vn 0.2940 0.6592 0.6921
vn -0.3757 0.6673 0.6431
vn -0.5464 0.8113 0.2081
vn -0.5588 0.8105 -0.1756
vn -0.3656 0.7721 -0.5199
vn -0.0046 0.6726 -0.7400
vn 0.1374 0.8187 -0.5576
vn 0.3579 0.8255 -0.4364
vn 0.5463 0.8031 -0.2381
vn 0.5680 0.8167 0.1015
vn 0.4393 0.8345 0.3326
vn 0.2675 0.7983 0.5397
vn -0.0258 0.7935 0.6081
vn -0.3197 0.8214 0.4723
vn -0.5004 0.8106 0.3042
vn -0.5630 0.8258 0.0332
vn -0.5187 0.8218 -0.2356
vn -0.3858 0.8235 -0.4159
vn -0.1641 0.8113 -0.5612
vn 0.9423 -0.0039 -0.3348
vn 0.8445 -0.0027 0.5356
vn 0.0977 -0.0013 0.9952
vn -0.7243 -0.0004 0.6895
vn -0.9945 -0.0005 -0.1044
vn -0.6081 -0.0024 -0.7938
vn 0.2663 -0.0042 -0.9639
vn 0.1339 0.9142 -0.3825
vn 0.3260 0.8715 -0.3662
vn 0.3118 0.9233 -0.2242
vn 0.4994 0.8557 -0.1357
vn 0.4863 0.8729 -0.0402
vn 0.4072 0.9012 0.1481
vn 0.3069 0.9058 0.2920
vn 0.2111 0.7926 0.5721
vn 0.0918 0.8289 0.5518
vn -0.1062 0.9106 0.3995
vn -0.5568 0.8264 0.0842
vn -0.5619 0.8018 -0.2033
vn -0.3166 0.7941 -0.5187
vn -0.0484 0.8637 -0.5016
vn 0.0416 0.9257 -0.3760
vn 0.1779 0.9260 -0.3329
vn 0.2901 0.9250 -0.2452
vn 0.3455 0.9283 -0.1376
vn 0.3793 0.9248 -0.0276
vn 0.3655 0.9246 0.1076
vn 0.2987 0.9250 0.2350
vn 0.2077 0.9272 0.3118
vn 0.1027 0.9279 0.3583
vn -0.0304 0.9228 0.3842
vn -0.1445 0.9257 0.3496
vn -0.2438 0.9268 0.2858
vn -0.3251 0.9279 0.1825
vn -0.3639 0.9290 0.0675
vn -0.3712 0.9274 -0.0459
vn -0.3399 0.9249 -0.1707
vn -0.2666 0.9283 -0.2593
vn -0.1788 0.9260 -0.3325
vn -0.0726 0.9272 -0.3676
vn 0.6755 -0.0068 -0.7373
vn 0.8932 -0.0053 0.4496
vn -0.1768 -0.0052 0.9842
vn -0.9844 -0.0052 0.1759
vn -0.5261 -0.0056 -0.8504
vn 0.3147 0.7361 -0.5993
vn 0.4797 0.7842 -0.3936
vn 0.6387 0.7454 -0.1911
vn 0.6643 0.7430 0.0811
vn 0.6270 0.6578 0.4174
vn 0.2527 0.8952 0.3671
vn 0.0681 0.8871 0.4565
vn -0.1634 0.8667 0.4713
vn -0.6010 0.7773 0.1861
vn -0.4292 0.8990 -0.0871
vn -0.4640 0.8662 -0.1854
vn -0.2917 0.8774 -0.3809
vn -0.0505 0.7671 -0.6395
vn 0.1314 0.9046 -0.4054
vn 0.2697 0.9049 -0.3291
vn 0.3658 0.9086 -0.2015
vn 0.4022 0.9117 -0.0836
vn 0.3934 0.9181 0.0475
vn 0.3671 0.9180 0.1498
vn 0.3080 0.9176 0.2514
vn 0.2005 0.9057 0.3736
vn 0.0462 0.9100 0.4119
vn -0.0843 0.9123 0.4007
vn -0.1983 0.9072 0.3710
vn -0.2863 0.9123 0.2927
vn -0.9985 0.0199 -0.0512
vn -0.4266 0.9035 0.0424
vn -0.3959 0.9099 -0.1243
vn -0.3311 0.9072 -0.2595
vn -0.2326 0.9109 -0.3409
vn -0.1185 0.9113 -0.3943
vn 0.2341 -0.0033 -0.9722
vn 0.8683 -0.0028 -0.4960
vn 0.9587 -0.0030 0.2843
vn 0.3826 -0.0032 0.9239
vn -0.4923 -0.0031 0.8704
vn -0.9906 -0.0035 0.1368
vn -0.6474 -0.0038 -0.7621
vn 0.1241 0.9058 -0.4052
vn 0.3470 0.8880 -0.3017
vn 0.5332 0.8260 -0.1825
vn 0.5150 0.8525 0.0891
vn 0.6296 0.7002 0.3366
vn 0.3961 0.7811 0.4827
vn 0.2072 0.7003 0.6831
vn -0.0753 0.7889 0.6099
vn -0.1993 0.8471 0.4927
vn -0.4770 0.7954 0.3740
vn -0.5775 0.8163 -0.0120
vn -0.4393 0.8857 -0.1503
vn -0.3209 0.8739 -0.3651
vn -0.1219 0.8444 -0.5217
vn 0.4049 0.9060 0.1232
vn 0.3242 0.9081 0.2650
vn 0.2031 0.9077 0.3671
vn 0.0704 0.9153 0.3965
vn -0.0440 0.9148 0.4015
vn -0.3173 0.9119 0.2604
vn -0.4094 0.9123 0.0045
vn -0.3934 0.9107 -0.1259
vn -0.3345 0.9046 -0.2641
vn 0.9734 0.0007 0.2292
vn 0.6391 -0.0014 0.7691
vn 0.5784 -0.0014 0.8157
vn 0.3587 -0.0005 0.9335
vn -0.7335 -0.0033 0.6797
vn -0.8734 -0.0005 0.4869
vn -0.8224 0.0003 0.5688
vn -0.9415 -0.0024 0.3371
vn -0.9937 0.0008 -0.1117
vn 0.5283 -0.0003 -0.8491
vn -0.9939 -0.0013 -0.1102
vn -0.8392 0.0012 -0.5439
vn -0.6257 -0.0023 -0.7800
vn -0.1975 -0.0006 -0.9803
vn -0.1561 -0.0007 -0.9877
vn 0.1020 -0.0018 -0.9948
vn 0.6220 0.0003 0.7830
vn 0.4394 -0.0003 -0.8983
vn 0.2361 -0.0003 0.9717
vn 0.9895 -0.0029 -0.1442
vn 0.9987 -0.0001 0.0517
vn -0.4555 -0.0025 -0.8902
vn -0.9728 -0.0001 -0.2318
vn 0.6284 -0.0016 -0.7779
vn -0.9685 -0.0000 -0.2489
vn 0.3371 -0.0007 -0.9415
vn -0.9420 -0.0009 0.3355
vn -0.1072 -0.0003 -0.9942
vn -0.6255 -0.0024 0.7802
vn -0.7801 -0.0036 0.6257
vn -0.6859 -0.0013 -0.7277
vn 0.1294 -0.0010 0.9916
vn 0.3477 -0.0004 0.9376
vn 0.4912 -0.0023 0.8710
vn -0.8764 0.0003 0.4815
vn 0.7221 -0.0007 0.6918
vn 0.9903 0.0004 -0.1393
vn 0.9982 -0.0015 0.0607
vn 0.9996 -0.0033 0.0264
vn 0.6755 -0.0001 -0.7374
vn 0.4151 -0.0021 0.9098
vn 0.2159 -0.0001 -0.9764
vn -0.1185 -0.0001 -0.9930
vn -0.4110 -0.0006 -0.9116
vt 0.056937 0.717766
vt 0.057279 0.516451
vt 0.057840 0.717818
vt 0.124185 0.470213
vt 0.124326 0.671663
vt 0.123318 0.671968
vt 0.395234 0.671881
vt 0.395897 0.470252
vt 0.395816 0.672113
vt 0.306887 0.612718
vt 0.306106 0.613065
vt 0.306200 0.612323
vt 0.363455 0.775114
vt 0.363389 0.809224
vt 0.363098 0.774546
vt 0.306962 0.647372
vt 0.270206 0.705144
vt 0.270469 0.705139
vt 0.270120 0.739415
vt 0.270469 0.741968
vt 0.269568 0.740522
vt 0.268656 0.740597
vt 0.267702 0.742018
vt 0.364202 0.774589
vt 0.507531 0.696619
vt 0.507021 0.696220
vt 0.507522 0.695252
vt 0.210814 0.305513
vt 0.210398 0.270961
vt 0.210765 0.270929
vt 0.267804 0.705187
vt 0.267992 0.739454
vt 0.347600 0.470263
vt 0.347629 0.671272
vt 0.346835 0.671270
vt 0.348437 0.671474
vt 0.073078 0.201905
vt 0.073518 0.000290
vt 0.073368 0.201957
vt 0.193750 0.719548
vt 0.194440 0.719135
vt 0.194456 0.720569
vt 0.263471 0.269995
vt 0.263606 0.269404
vt 0.264091 0.270009
vt 0.505459 0.715140
vt 0.504977 0.749539
vt 0.504827 0.715432
vt 0.264141 0.235209
vt 0.273280 0.705157
vt 0.273416 0.741987
vt 0.273055 0.739425
vt 0.272482 0.740519
vt 0.271536 0.740571
vt 0.506114 0.749519
vt 0.506029 0.715026
vt 0.251757 0.840933
vt 0.252636 0.874844
vt 0.251779 0.875566
vt 0.270759 0.705141
vt 0.270848 0.739411
vt 0.066301 0.481668
vt 0.067246 0.281381
vt 0.067123 0.481836
vt 0.065699 0.281396
vt 0.065699 0.481698
vt 0.661543 0.808425
vt 0.662657 0.607668
vt 0.662657 0.808806
vt 0.070164 0.201316
vt 0.070571 0.000267
vt 0.070421 0.201407
vt 0.211882 0.306831
vt 0.211195 0.307241
vt 0.211336 0.306473
vt 0.212501 0.307261
vt 0.212518 0.341447
vt 0.211184 0.341479
vt 0.275899 0.705241
vt 0.276019 0.742074
vt 0.275700 0.739504
vt 0.275092 0.740640
vt 0.273416 0.741987
vt 0.212578 0.306502
vt 0.193619 0.708566
vt 0.194128 0.708966
vt 0.193628 0.709932
vt 0.307277 0.505651
vt 0.307503 0.539510
vt 0.306759 0.540307
vt 0.306083 0.505656
vt 0.306173 0.540241
vt 0.273673 0.705167
vt 0.273752 0.739438
vt 0.274257 0.740553
vt 0.157883 0.513816
vt 0.158662 0.713218
vt 0.157822 0.713163
vt 0.031519 0.199818
vt 0.032082 0.000126
vt 0.032481 0.200170
vt 0.033281 0.000131
vt 0.033130 0.200369
vt 0.033295 0.200409
vt 0.033669 0.000130
vt 0.033519 0.200502
vt 0.252792 0.235806
vt 0.251855 0.236147
vt 0.252036 0.235405
vt 0.253238 0.236231
vt 0.253129 0.270425
vt 0.251883 0.270439
vt 0.518755 0.750399
vt 0.518648 0.713560
vt 0.518931 0.716110
vt 0.519470 0.714932
vt 0.520952 0.713472
vt 0.520062 0.715678
vt 0.519202 0.716106
vt 0.519180 0.715294
vt 0.507531 0.727826
vt 0.507021 0.727440
vt 0.507522 0.726460
vt 0.519407 0.750313
vt 0.264188 0.410043
vt 0.263999 0.375899
vt 0.264168 0.375863
vt 0.520728 0.750324
vt 0.520659 0.716044
vt 0.520211 0.714963
vt 0.253797 0.712468
vt 0.254609 0.513831
vt 0.254993 0.712891
vt 0.243323 0.669398
vt 0.243883 0.470263
vt 0.243811 0.669408
vt 0.030938 0.199443
vt 0.031365 0.000215
vt 0.031216 0.199545
vt 0.507432 0.722008
vt 0.506710 0.722456
vt 0.506694 0.721024
vt 0.333239 0.749618
vt 0.332779 0.749863
vt 0.332285 0.749245
vt 0.332233 0.784035
vt 0.515937 0.750441
vt 0.515806 0.713599
vt 0.516155 0.716155
vt 0.516707 0.715049
vt 0.517620 0.714978
vt 0.518648 0.713560
vt 0.412920 0.807267
vt 0.412201 0.772907
vt 0.413059 0.772835
vt 0.168169 0.340788
vt 0.167710 0.306200
vt 0.168131 0.306170
vt 0.518370 0.750407
vt 0.518284 0.716126
vt 0.332311 0.667775
vt 0.332457 0.470155
vt 0.333579 0.668220
vt 0.028084 0.198410
vt 0.028523 0.000250
vt 0.028374 0.198505
vt 0.211971 0.413850
vt 0.211423 0.413393
vt 0.212496 0.413271
vt 0.193957 0.727146
vt 0.194467 0.726770
vt 0.194458 0.728136
vt 0.211825 0.447972
vt 0.210316 0.375611
vt 0.210809 0.341055
vt 0.210792 0.375623
vt 0.512996 0.750429
vt 0.512860 0.713584
vt 0.513221 0.716147
vt 0.513793 0.715052
vt 0.514739 0.714998
vt 0.515806 0.713599
vt 0.087958 0.872944
vt 0.088695 0.873169
vt 0.088007 0.873670
vt 0.212876 0.447968
vt 0.087933 0.838653
vt 0.515806 0.750443
vt 0.515516 0.750441
vt 0.515427 0.716158
vt 0.253802 0.432023
vt 0.254770 0.235202
vt 0.255069 0.432468
vt 0.660984 0.804837
vt 0.659638 0.607680
vt 0.661000 0.607670
vt 0.025171 0.197468
vt 0.025576 0.000231
vt 0.025428 0.197542
vt 0.212486 0.236234
vt 0.212511 0.270447
vt 0.211865 0.235917
vt 0.211295 0.270467
vt 0.211314 0.235570
vt 0.510499 0.750367
vt 0.510259 0.750361
vt 0.510578 0.716086
vt 0.510259 0.713517
vt 0.511082 0.715001
vt 0.511917 0.714964
vt 0.512860 0.713584
vt 0.507021 0.709221
vt 0.506864 0.708096
vt 0.507509 0.708425
vt 0.212577 0.235480
vt 0.507531 0.709468
vt 0.307049 0.541161
vt 0.307503 0.575004
vt 0.306759 0.575797
vt 0.306083 0.541162
vt 0.306187 0.575810
vt 0.512602 0.750421
vt 0.512524 0.716136
vt 0.081238 0.712820
vt 0.082492 0.516441
vt 0.082676 0.713309
vt 0.066253 0.196895
vt 0.065787 0.000129
vt 0.066947 0.000131
vt 0.067044 0.196679
vt 0.067416 0.000134
vt 0.067268 0.196697
vt 0.507399 0.698623
vt 0.506710 0.699050
vt 0.506694 0.697618
vt 0.134074 0.271542
vt 0.133343 0.271754
vt 0.132955 0.271142
vt 0.132827 0.305953
vt 0.531514 0.655125
vt 0.531300 0.655136
vt 0.531584 0.620853
vt 0.531300 0.618307
vt 0.532124 0.619670
vt 0.533609 0.618193
vt 0.532063 0.655015
vt 0.531750 0.620520
vt 0.532429 0.620601
vt 0.263732 0.446308
vt 0.263493 0.412053
vt 0.263666 0.412002
vt 0.533384 0.655033
vt 0.533315 0.620767
vt 0.532866 0.619692
vt 0.066633 0.559903
vt 0.066504 0.756630
vt 0.065799 0.756665
vt 0.685376 0.196586
vt 0.685387 0.000118
vt 0.686265 0.196872
vt 0.341718 0.666610
vt 0.341195 0.470270
vt 0.341779 0.470252
vt 0.064829 0.000250
vt 0.064960 0.196517
vt 0.064682 0.196533
vt 0.412371 0.808563
vt 0.412100 0.807938
vt 0.412979 0.808135
vt 0.507002 0.710564
vt 0.507531 0.710151
vt 0.507522 0.711518
vt 0.333331 0.785333
vt 0.333071 0.819533
vt 0.332817 0.784915
vt 0.332245 0.819531
vt 0.332244 0.784947
vt 0.528719 0.655182
vt 0.528456 0.655187
vt 0.528805 0.620911
vt 0.528456 0.618358
vt 0.529470 0.619743
vt 0.531300 0.618307
vt 0.176824 0.235928
vt 0.176470 0.235314
vt 0.176874 0.235197
vt 0.412262 0.842768
vt 0.176914 0.270233
vt 0.176218 0.236387
vt 0.531022 0.655141
vt 0.530936 0.620873
vt 0.530384 0.619786
vt 0.393340 0.667349
vt 0.394020 0.470264
vt 0.394118 0.667313
vt 0.684110 0.642208
vt 0.683027 0.445710
vt 0.684084 0.445690
vt 0.061973 0.000290
vt 0.062116 0.196693
vt 0.061826 0.196742
vt 0.507312 0.719450
vt 0.506682 0.720025
vt 0.506683 0.718519
vt 0.347947 0.750025
vt 0.347311 0.784053
vt 0.347206 0.749535
vt 0.176305 0.305117
vt 0.176427 0.270493
vt 0.176823 0.305074
vt 0.525783 0.655169
vt 0.525511 0.655167
vt 0.525872 0.620900
vt 0.525511 0.618338
vt 0.526560 0.619749
vt 0.364092 0.811304
vt 0.365182 0.845070
vt 0.364715 0.845946
vt 0.364155 0.845967
vt 0.528167 0.655185
vt 0.528078 0.620915
vt 0.527506 0.619814
vt 0.552489 0.607697
vt 0.553665 0.805355
vt 0.552739 0.805467
vt 0.647994 0.688956
vt 0.649229 0.886046
vt 0.648000 0.886051
vt 0.059061 0.000259
vt 0.059170 0.197201
vt 0.058913 0.197275
vt 0.506896 0.660603
vt 0.507531 0.659937
vt 0.507515 0.661457
vt 0.202431 0.812503
vt 0.202147 0.846530
vt 0.201713 0.811958
vt 0.201106 0.811669
vt 0.523033 0.655083
vt 0.522913 0.618250
vt 0.523232 0.620821
vt 0.523838 0.619685
vt 0.252947 0.412636
vt 0.253195 0.446578
vt 0.252631 0.447258
vt 0.251806 0.412638
vt 0.251931 0.447370
vt 0.525254 0.655159
vt 0.525175 0.620887
vt 0.524671 0.619772
vt 0.014839 0.516510
vt 0.014904 0.715121
vt 0.013751 0.715251
vt 0.010628 0.198129
vt 0.009959 0.000120
vt 0.010781 0.000131
vt 0.010944 0.000139
vt 0.011021 0.197995
vt 0.010796 0.198106
vt 0.252792 0.342274
vt 0.251855 0.342615
vt 0.252035 0.341873
vt 0.253236 0.342698
vt 0.253138 0.376894
vt 0.251886 0.376907
vt 0.518859 0.655131
vt 0.518644 0.655139
vt 0.518929 0.620846
vt 0.518644 0.618296
vt 0.519470 0.619669
vt 0.520959 0.618209
vt 0.520068 0.620414
vt 0.519208 0.620845
vt 0.519184 0.620031
vt 0.193535 0.450935
vt 0.193025 0.450549
vt 0.193526 0.449569
vt 0.520593 0.655053
vt 0.264189 0.375418
vt 0.263999 0.341273
vt 0.264169 0.341237
vt 0.520734 0.655061
vt 0.520664 0.620781
vt 0.520214 0.619700
vt 0.686700 0.000119
vt 0.687435 0.199803
vt 0.686702 0.199922
vt 0.008577 0.000218
vt 0.008706 0.199122
vt 0.008427 0.199232
vt 0.233892 0.775039
vt 0.233626 0.774407
vt 0.234506 0.774606
vt 0.210882 0.466776
vt 0.211410 0.466363
vt 0.211401 0.467730
vt 0.124590 0.812291
vt 0.124329 0.846473
vt 0.124076 0.811872
vt 0.123504 0.846470
vt 0.123502 0.811902
vt 0.515929 0.655176
vt 0.515798 0.618335
vt 0.516147 0.620890
vt 0.516813 0.619725
vt 0.518644 0.618296
vt 0.193297 0.235925
vt 0.192941 0.235317
vt 0.193346 0.235197
vt 0.233788 0.809254
vt 0.193386 0.270214
vt 0.192690 0.236387
vt 0.518366 0.655143
vt 0.518280 0.620862
vt 0.517727 0.619771
vt 0.340113 0.470260
vt 0.340414 0.670395
vt 0.339283 0.670793
vt 0.290309 0.748467
vt 0.289748 0.547837
vt 0.290265 0.547710
vt 0.687455 0.524038
vt 0.686681 0.724016
vt 0.686681 0.524020
vt 0.005719 0.000247
vt 0.005858 0.200231
vt 0.005568 0.200322
vt 0.505952 0.608640
vt 0.505836 0.643034
vt 0.505143 0.608641
vt 0.176360 0.340397
vt 0.176894 0.305791
vt 0.176877 0.340408
vt 0.513125 0.655164
vt 0.512853 0.655163
vt 0.513214 0.620882
vt 0.512853 0.618319
vt 0.513786 0.619787
vt 0.514731 0.619733
vt 0.515798 0.618335
vt 0.506710 0.652303
vt 0.507399 0.652732
vt 0.506694 0.653737
vt 0.162791 0.855380
vt 0.163038 0.855955
vt 0.162273 0.856000
vt 0.163121 0.821198
vt 0.163276 0.854962
vt 0.162224 0.821215
vt 0.515798 0.655178
vt 0.515508 0.655177
vt 0.515419 0.620893
vt 0.089050 0.560003
vt 0.089401 0.760942
vt 0.087971 0.761477
vt 0.551747 0.685281
vt 0.551860 0.886046
vt 0.550322 0.886063
vt 0.550370 0.685156
vt 0.002807 0.000222
vt 0.002913 0.201152
vt 0.002656 0.201212
vt 0.194254 0.704769
vt 0.193618 0.705435
vt 0.193634 0.703916
vt 0.200451 0.812503
vt 0.200401 0.846546
vt 0.199725 0.811963
vt 0.198954 0.846571
vt 0.199117 0.811668
vt 0.510380 0.655098
vt 0.510260 0.618251
vt 0.510578 0.620820
vt 0.511081 0.619736
vt 0.511913 0.619699
vt 0.252968 0.377151
vt 0.253197 0.411088
vt 0.252632 0.411760
vt 0.251807 0.377155
vt 0.251932 0.411871
vt 0.512596 0.655156
vt 0.512518 0.620871
vt 0.554388 0.607686
vt 0.555682 0.809070
vt 0.554323 0.809534
vt 0.076767 0.201357
vt 0.077028 0.000128
vt 0.077720 0.201471
vt 0.078380 0.000146
vt 0.078455 0.201642
vt 0.078230 0.201682
vt 0.252791 0.306783
vt 0.251855 0.307123
vt 0.252034 0.306378
vt 0.253228 0.307199
vt 0.253138 0.341419
vt 0.251886 0.341430
vt 0.267487 0.705199
vt 0.267702 0.705189
vt 0.267417 0.739472
vt 0.267702 0.742018
vt 0.266966 0.740591
vt 0.266220 0.740686
vt 0.265382 0.742131
vt 0.266273 0.739926
vt 0.267144 0.739505
vt 0.267157 0.740305
vt 0.306081 0.699995
vt 0.306590 0.700381
vt 0.306090 0.701361
vt 0.265747 0.705301
vt 0.193298 0.411076
vt 0.193059 0.376821
vt 0.193233 0.376770
vt 0.265607 0.705291
vt 0.265677 0.739557
vt 0.512469 0.615672
vt 0.515907 0.615691
vt 0.265382 0.742131
vt 0.267123 0.744651
vt 0.264414 0.744783
vt 0.509443 0.615593
vt 0.512469 0.615672
vt 0.528568 0.615734
vt 0.531888 0.615674
vt 0.512478 0.710938
vt 0.515918 0.710955
vt 0.522098 0.615608
vt 0.525130 0.615710
vt 0.273793 0.744615
vt 0.270353 0.744593
vt 0.509443 0.710860
vt 0.512478 0.710938
vt 0.519230 0.615645
vt 0.521931 0.615543
vt 0.276832 0.744717
vt 0.273793 0.744615
vt 0.515907 0.615691
vt 0.519230 0.615645
vt 0.267123 0.744651
vt 0.267702 0.742018
vt 0.531888 0.615674
vt 0.534583 0.615540
vt 0.515918 0.710955
vt 0.519236 0.710909
vt 0.525130 0.615710
vt 0.528568 0.615733
vt 0.519236 0.710909
vt 0.521925 0.710806
vt 0.522098 0.615608
vt 0.522098 0.607847
vt 0.515918 0.703191
vt 0.519230 0.607881
vt 0.512478 0.703174
vt 0.515907 0.607926
vt 0.519230 0.615645
vt 0.509443 0.710860
vt 0.509443 0.703095
vt 0.512469 0.607908
vt 0.270353 0.752354
vt 0.267123 0.744651
vt 0.531888 0.607913
vt 0.509443 0.615593
vt 0.509443 0.607829
vt 0.273793 0.752376
vt 0.528568 0.607972
vt 0.531888 0.615674
vt 0.267123 0.744651
vt 0.267123 0.752412
vt 0.276832 0.744717
vt 0.276832 0.752478
vt 0.525130 0.607949
vt 0.528568 0.615733
vt 0.519236 0.703145
vt 0.012432 0.631495
vt 0.013012 0.794825
vt 0.012022 0.794813
vt 0.013371 0.631381
vt 0.306106 0.681924
vt 0.306878 0.682228
vt 0.306200 0.682666
vt 0.250055 0.774010
vt 0.250008 0.808212
vt 0.249468 0.807907
vt 0.307053 0.647615
vt 0.283388 0.741968
vt 0.283520 0.705142
vt 0.283737 0.739415
vt 0.284288 0.740522
vt 0.285201 0.740598
vt 0.286155 0.742018
vt 0.250808 0.808642
vt 0.249873 0.808989
vt 0.507192 0.688418
vt 0.506683 0.688817
vt 0.506692 0.687450
vt 0.192953 0.305048
vt 0.193369 0.270496
vt 0.193320 0.305080
vt 0.286053 0.705187
vt 0.285865 0.739454
vt 0.192417 0.585701
vt 0.193039 0.748578
vt 0.191828 0.748573
vt 0.193126 0.585644
vt 0.688013 0.162814
vt 0.688014 0.000116
vt 0.688805 0.163056
vt 0.084297 0.118332
vt 0.084708 0.280962
vt 0.084418 0.280964
vt 0.194440 0.726073
vt 0.193750 0.725661
vt 0.194445 0.725043
vt 0.263606 0.271323
vt 0.263471 0.270732
vt 0.264091 0.270718
vt 0.504977 0.678804
vt 0.505505 0.713220
vt 0.504827 0.712912
vt 0.264141 0.305518
vt 0.280441 0.741987
vt 0.280577 0.705157
vt 0.280802 0.739425
vt 0.281375 0.740519
vt 0.282321 0.740571
vt 0.506114 0.678824
vt 0.506187 0.713243
vt 0.493140 0.841627
vt 0.492288 0.875996
vt 0.492362 0.841423
vt 0.283098 0.705141
vt 0.283388 0.705139
vt 0.283009 0.739411
vt 0.021138 0.396986
vt 0.021938 0.559719
vt 0.020486 0.559703
vt 0.662426 0.116092
vt 0.662441 0.278506
vt 0.661034 0.115642
vt 0.081640 0.118640
vt 0.081504 0.280994
vt 0.081383 0.118640
vt 0.210366 0.377047
vt 0.211882 0.376358
vt 0.210471 0.376310
vt 0.212518 0.341742
vt 0.212501 0.375928
vt 0.211184 0.341710
vt 0.277838 0.705245
vt 0.278078 0.705237
vt 0.278157 0.739504
vt 0.277838 0.742074
vt 0.278765 0.740640
vt 0.280441 0.741987
vt 0.212577 0.376687
vt 0.507021 0.713153
vt 0.507531 0.712752
vt 0.507522 0.714119
vt 0.307503 0.471543
vt 0.307277 0.505402
vt 0.306759 0.470746
vt 0.306083 0.505397
vt 0.306173 0.470812
vt 0.280184 0.705167
vt 0.280105 0.739438
vt 0.279600 0.740553
vt 0.159355 0.350432
vt 0.159247 0.513556
vt 0.158653 0.350474
vt 0.157885 0.513552
vt 0.044406 0.118551
vt 0.044247 0.281197
vt 0.043269 0.118161
vt 0.044795 0.118679
vt 0.044693 0.281181
vt 0.044571 0.118623
vt 0.132828 0.340477
vt 0.133764 0.340818
vt 0.133008 0.341219
vt 0.134101 0.306200
vt 0.134210 0.340394
vt 0.132855 0.306185
vt 0.525375 0.750421
vt 0.525162 0.750413
vt 0.525092 0.716127
vt 0.525375 0.713577
vt 0.524553 0.714950
vt 0.523071 0.713489
vt 0.524821 0.716123
vt 0.523962 0.715695
vt 0.524844 0.715312
vt 0.507192 0.691031
vt 0.506683 0.691417
vt 0.506692 0.690051
vt 0.524616 0.750330
vt 0.168050 0.375202
vt 0.168239 0.341058
vt 0.168219 0.375238
vt 0.523295 0.750341
vt 0.523071 0.750333
vt 0.523364 0.716061
vt 0.523812 0.714980
vt 0.682228 0.114644
vt 0.682431 0.278430
vt 0.681432 0.278441
vt 0.242422 0.585225
vt 0.241514 0.748684
vt 0.241357 0.584880
vt 0.235940 0.585293
vt 0.236006 0.748326
vt 0.235448 0.585107
vt 0.042490 0.118089
vt 0.042334 0.281102
vt 0.042212 0.118004
vt 0.507504 0.686046
vt 0.506782 0.685599
vt 0.507520 0.684615
vt 0.330184 0.739323
vt 0.330644 0.739567
vt 0.329690 0.739940
vt 0.329638 0.705150
vt 0.528217 0.713617
vt 0.528086 0.750458
vt 0.527869 0.716172
vt 0.527316 0.715067
vt 0.526404 0.714996
vt 0.525375 0.713577
vt 0.122471 0.808314
vt 0.123190 0.773955
vt 0.123329 0.808387
vt 0.167710 0.305102
vt 0.168169 0.270514
vt 0.168131 0.305132
vt 0.525653 0.750425
vt 0.525739 0.716143
vt 0.331350 0.634881
vt 0.332046 0.470140
vt 0.331989 0.634865
vt 0.032316 0.395608
vt 0.031902 0.559861
vt 0.031180 0.395217
vt 0.039647 0.117219
vt 0.039480 0.281071
vt 0.039357 0.117120
vt 0.211423 0.411804
vt 0.211971 0.411346
vt 0.212496 0.411925
vt 0.194467 0.723640
vt 0.193957 0.723264
vt 0.194458 0.722273
vt 0.211825 0.377224
vt 0.264118 0.340784
vt 0.263625 0.306229
vt 0.264101 0.306217
vt 0.531164 0.713602
vt 0.531028 0.750446
vt 0.530802 0.716164
vt 0.530230 0.715069
vt 0.529285 0.715015
vt 0.528217 0.713617
vt 0.021090 0.839206
vt 0.020354 0.839432
vt 0.020402 0.838705
vt 0.212876 0.377228
vt 0.020328 0.873722
vt 0.528507 0.750459
vt 0.528596 0.716175
vt 0.713103 0.444199
vt 0.713401 0.278410
vt 0.713297 0.444208
vt 0.089702 0.394450
vt 0.089494 0.559758
vt 0.088566 0.394059
vt 0.660036 0.468882
vt 0.660030 0.303957
vt 0.660964 0.469004
vt 0.036700 0.116204
vt 0.036567 0.281096
vt 0.036443 0.116104
vt 0.212342 0.270731
vt 0.212486 0.304944
vt 0.211865 0.305261
vt 0.211295 0.270711
vt 0.211314 0.305607
vt 0.533764 0.750378
vt 0.533524 0.750384
vt 0.533445 0.716104
vt 0.533764 0.713535
vt 0.532941 0.715019
vt 0.532107 0.714982
vt 0.531164 0.713602
vt 0.193800 0.715292
vt 0.193957 0.714167
vt 0.194445 0.714964
vt 0.212577 0.305697
vt 0.194467 0.713921
vt 0.307503 0.578026
vt 0.306072 0.611868
vt 0.306759 0.577233
vt 0.306187 0.577220
vt 0.531421 0.750439
vt 0.531499 0.716154
vt 0.052520 0.628505
vt 0.051030 0.794823
vt 0.050980 0.627987
vt 0.055553 0.115174
vt 0.054815 0.281130
vt 0.054663 0.115090
vt 0.056041 0.115223
vt 0.055942 0.281108
vt 0.055817 0.115117
vt 0.506710 0.679113
vt 0.507399 0.679540
vt 0.506694 0.680544
vt 0.133343 0.269394
vt 0.134074 0.269606
vt 0.132955 0.270005
vt 0.132818 0.235194
vt 0.531300 0.692300
vt 0.531407 0.655476
vt 0.531584 0.689754
vt 0.532124 0.690937
vt 0.533609 0.692414
vt 0.531750 0.690087
vt 0.532142 0.655593
vt 0.532429 0.690006
vt 0.263950 0.445830
vt 0.264189 0.411575
vt 0.264123 0.445881
vt 0.533384 0.655574
vt 0.533315 0.689839
vt 0.532866 0.690915
vt 0.685161 0.111396
vt 0.684046 0.278545
vt 0.684051 0.111001
vt 0.042478 0.794825
vt 0.041978 0.627965
vt 0.042864 0.628047
vt 0.053732 0.114157
vt 0.053580 0.281004
vt 0.053454 0.114083
vt 0.330494 0.819035
vt 0.330764 0.818412
vt 0.331372 0.818839
vt 0.507531 0.717424
vt 0.507002 0.717011
vt 0.507522 0.716057
vt 0.595213 0.808291
vt 0.595473 0.842491
vt 0.594959 0.842909
vt 0.594387 0.808293
vt 0.594386 0.842877
vt 0.528456 0.692248
vt 0.528588 0.655422
vt 0.528805 0.689695
vt 0.529470 0.690863
vt 0.531300 0.692300
vt 0.167747 0.270135
vt 0.168101 0.269521
vt 0.168151 0.270252
vt 0.330655 0.784206
vt 0.167496 0.269063
vt 0.168191 0.235216
vt 0.531022 0.655465
vt 0.530936 0.689733
vt 0.530384 0.690821
vt 0.087014 0.752850
vt 0.087213 0.585207
vt 0.087654 0.753091
vt 0.684206 0.445689
vt 0.685294 0.613056
vt 0.684246 0.613328
vt 0.050888 0.113423
vt 0.050724 0.280964
vt 0.050598 0.113392
vt 0.330624 0.783321
vt 0.331333 0.782825
vt 0.331676 0.783301
vt 0.507531 0.725226
vt 0.507003 0.724755
vt 0.507531 0.723721
vt 0.330792 0.748717
vt 0.192899 0.340814
vt 0.192760 0.306288
vt 0.193295 0.306233
vt 0.525511 0.655439
vt 0.525783 0.655438
vt 0.525872 0.689706
vt 0.525511 0.692268
vt 0.526560 0.690858
vt 0.528456 0.692248
vt 0.333242 0.821254
vt 0.332153 0.855020
vt 0.332776 0.820378
vt 0.332216 0.820357
vt 0.528167 0.655421
vt 0.528456 0.655420
vt 0.528078 0.689691
vt 0.527506 0.690792
vt 0.031484 0.670968
vt 0.032276 0.838379
vt 0.030668 0.838366
vt 0.030710 0.670742
vt 0.647321 0.607669
vt 0.647547 0.775187
vt 0.646324 0.775580
vt 0.047685 0.113150
vt 0.048068 0.280986
vt 0.047811 0.280995
vt 0.506683 0.667739
vt 0.507221 0.668215
vt 0.506745 0.669195
vt 0.001316 0.820350
vt 0.001359 0.854385
vt 0.000638 0.854984
vt 0.167849 0.376088
vt 0.167601 0.341401
vt 0.167774 0.341503
vt 0.522913 0.655527
vt 0.523153 0.655519
vt 0.523232 0.689786
vt 0.522913 0.692356
vt 0.523838 0.690921
vt 0.134271 0.414181
vt 0.134121 0.447888
vt 0.133728 0.413513
vt 0.132768 0.447882
vt 0.132893 0.413185
vt 0.525254 0.655448
vt 0.525175 0.689720
vt 0.524671 0.690834
vt 0.060156 0.627732
vt 0.058792 0.794796
vt 0.058755 0.627515
vt 0.020914 0.281195
vt 0.020472 0.113996
vt 0.021927 0.113494
vt 0.022071 0.113415
vt 0.022422 0.281189
vt 0.022197 0.281180
vt 0.132827 0.375955
vt 0.133764 0.376295
vt 0.133007 0.376696
vt 0.134286 0.341672
vt 0.134209 0.375872
vt 0.132849 0.341662
vt 0.512730 0.665927
vt 0.512623 0.702767
vt 0.512446 0.668477
vt 0.511904 0.667300
vt 0.510416 0.665840
vt 0.512167 0.668477
vt 0.511307 0.668046
vt 0.512190 0.667662
vt 0.193957 0.706351
vt 0.194467 0.705965
vt 0.194458 0.707331
vt 0.511876 0.702678
vt 0.176773 0.375198
vt 0.176963 0.341054
vt 0.176943 0.375234
vt 0.510641 0.702692
vt 0.510416 0.702684
vt 0.510710 0.668412
vt 0.511160 0.667331
vt 0.079362 0.628372
vt 0.080458 0.794861
vt 0.079435 0.794851
vt 0.688869 0.415876
vt 0.687914 0.582273
vt 0.687924 0.415797
vt 0.349527 0.748316
vt 0.348995 0.581304
vt 0.349469 0.581161
vt 0.019704 0.113880
vt 0.020108 0.281105
vt 0.019829 0.281101
vt 0.203595 0.808848
vt 0.203861 0.808216
vt 0.204475 0.808649
vt 0.133619 0.467089
vt 0.133090 0.466676
vt 0.133610 0.465722
vt 0.348105 0.811295
vt 0.349233 0.845474
vt 0.348718 0.845893
vt 0.348145 0.845863
vt 0.515577 0.665966
vt 0.515445 0.702808
vt 0.515227 0.668522
vt 0.514562 0.667356
vt 0.512730 0.665927
vt 0.210387 0.270119
vt 0.210742 0.269511
vt 0.210791 0.270238
vt 0.204561 0.774013
vt 0.210135 0.269049
vt 0.210294 0.235199
vt 0.513008 0.702775
vt 0.513094 0.668493
vt 0.513647 0.667403
vt 0.139678 0.583082
vt 0.140865 0.748685
vt 0.139658 0.748681
vt 0.193950 0.400656
vt 0.194481 0.235194
vt 0.194431 0.400653
vt 0.140939 0.582661
vt 0.686514 0.724016
vt 0.685738 0.557887
vt 0.686514 0.557719
vt 0.016846 0.114708
vt 0.017261 0.281070
vt 0.016971 0.281072
vt 0.505135 0.643300
vt 0.505952 0.677701
vt 0.505143 0.677701
vt 0.210845 0.340785
vt 0.210277 0.306181
vt 0.210794 0.306170
vt 0.518521 0.702794
vt 0.518249 0.702796
vt 0.518160 0.668513
vt 0.518521 0.665950
vt 0.517588 0.667418
vt 0.516644 0.667365
vt 0.507399 0.656211
vt 0.506710 0.656640
vt 0.506694 0.655206
vt 0.002887 0.820716
vt 0.002639 0.821291
vt 0.002121 0.820670
vt 0.003124 0.821709
vt 0.002873 0.855470
vt 0.002073 0.855456
vt 0.515866 0.702808
vt 0.515955 0.668525
vt 0.020496 0.673855
vt 0.021876 0.838352
vt 0.020462 0.838339
vt 0.507780 0.607788
vt 0.508754 0.772907
vt 0.507775 0.773045
vt 0.013936 0.115775
vt 0.014316 0.281090
vt 0.014060 0.281097
vt 0.211576 0.466363
vt 0.212207 0.467023
vt 0.211592 0.467883
vt 0.234879 0.809523
vt 0.234927 0.843580
vt 0.234191 0.844114
vt 0.233432 0.809498
vt 0.233596 0.844401
vt 0.521114 0.665883
vt 0.520994 0.702730
vt 0.520796 0.668452
vt 0.520293 0.667367
vt 0.519462 0.667330
vt 0.518521 0.665950
vt 0.134166 0.378433
vt 0.134030 0.412383
vt 0.133604 0.377772
vt 0.132778 0.412377
vt 0.132904 0.377662
vt 0.518778 0.702788
vt 0.518856 0.668503
vt 0.043251 0.631404
vt 0.044447 0.794896
vt 0.043303 0.794891
vt 0.089284 0.116892
vt 0.089206 0.281124
vt 0.088367 0.116981
vt 0.089447 0.116915
vt 0.089795 0.281117
vt 0.089570 0.281106
vt 0.251855 0.304978
vt 0.252791 0.305319
vt 0.252034 0.305723
vt 0.253138 0.270683
vt 0.253228 0.304903
vt 0.251886 0.270672
vt 0.286155 0.742018
vt 0.286262 0.705194
vt 0.286440 0.739472
vt 0.286891 0.740591
vt 0.287637 0.740686
vt 0.288475 0.742131
vt 0.286712 0.739505
vt 0.287584 0.739926
vt 0.286700 0.740305
vt 0.507021 0.670726
vt 0.507531 0.670340
vt 0.507522 0.671706
vt 0.288110 0.705301
vt 0.193059 0.445582
vt 0.193298 0.411327
vt 0.193233 0.445633
vt 0.288250 0.705291
vt 0.288180 0.739557
vt 0.518905 0.663304
vt 0.518521 0.665951
vt 0.288475 0.742131
vt 0.286734 0.744651
vt 0.286155 0.742018
vt 0.521931 0.663225
vt 0.521114 0.665883
vt 0.528568 0.694873
vt 0.528456 0.692248
vt 0.531545 0.710955
vt 0.531164 0.713602
vt 0.522098 0.694999
vt 0.522913 0.692356
vt 0.280064 0.744615
vt 0.280441 0.741987
vt 0.534580 0.710877
vt 0.533764 0.713535
vt 0.510416 0.665840
vt 0.512145 0.663277
vt 0.512730 0.665927
vt 0.277025 0.744717
vt 0.277837 0.742074
vt 0.515468 0.663322
vt 0.515577 0.665966
vt 0.286734 0.744651
vt 0.286155 0.742018
vt 0.531888 0.694933
vt 0.531300 0.692300
vt 0.528105 0.710973
vt 0.528217 0.713617
vt 0.525130 0.694896
vt 0.525511 0.692268
vt 0.524788 0.710927
vt 0.525375 0.713577
vt 0.522098 0.702760
vt 0.522098 0.694999
vt 0.525130 0.694896
vt 0.528105 0.703209
vt 0.528105 0.710973
vt 0.524787 0.710927
vt 0.512144 0.655513
vt 0.512144 0.663277
vt 0.509443 0.663175
vt 0.531545 0.703191
vt 0.531545 0.710955
vt 0.515468 0.655558
vt 0.515468 0.663322
vt 0.534580 0.703113
vt 0.534580 0.710877
vt 0.518905 0.655540
vt 0.518905 0.663304
vt 0.515468 0.663322
vt 0.283504 0.752354
vt 0.283504 0.744593
vt 0.286734 0.744651
vt 0.531888 0.702694
vt 0.531888 0.694933
vt 0.534583 0.695066
vt 0.521931 0.655461
vt 0.521931 0.663225
vt 0.280064 0.752376
vt 0.280064 0.744615
vt 0.528568 0.702634
vt 0.528568 0.694873
vt 0.531888 0.694933
vt 0.286734 0.752412
vt 0.289442 0.744783
vt 0.277025 0.752478
vt 0.277025 0.744717
vt 0.280064 0.744615
vt 0.525130 0.702657
vt 0.525130 0.694896
vt 0.528568 0.694873
vt 0.524787 0.703162
vt 0.522098 0.710824
vt 0.633796 0.229838
vt 0.633543 0.000347
vt 0.635040 0.229797
vt 0.632239 0.230164
vt 0.631916 0.000315
vt 0.607976 0.534833
vt 0.609717 0.304170
vt 0.609462 0.535208
vt 0.561899 0.533936
vt 0.562758 0.304166
vt 0.564226 0.534737
vt 0.594710 0.376391
vt 0.595270 0.607328
vt 0.593363 0.607316
vt 0.634407 0.000344
vt 0.634839 0.000133
vt 0.635161 0.000315
vt 0.608529 0.304172
vt 0.609141 0.303986
vt 0.610428 0.304168
vt 0.632090 0.000324
vt 0.631860 0.000116
vt 0.633091 0.000151
vt 0.594282 0.607311
vt 0.592552 0.607523
vt 0.592503 0.607327
vt 0.563679 0.304170
vt 0.564161 0.303959
vt 0.564433 0.304148
vt 0.561967 0.304167
vt 0.562808 0.303979
vt 0.304192 0.986680
vt 0.303592 0.986294
vt 0.304831 0.985295
vt 0.302876 0.988023
vt 0.303347 0.989531
vt 0.303496 0.987948
vt 0.302876 0.990398
vt 0.307996 0.989210
vt 0.308407 0.990787
vt 0.307490 0.991287
vt 0.303715 0.991043
vt 0.303591 0.992126
vt 0.305679 0.985975
vt 0.306528 0.985296
vt 0.307318 0.986922
vt 0.307767 0.986295
vt 0.308520 0.988421
vt 0.709030 0.933503
vt 0.707804 0.980451
vt 0.707804 0.933543
vt 0.569453 0.992959
vt 0.570020 0.946069
vt 0.571611 0.992998
vt 0.572864 0.946067
vt 0.573366 0.992957
vt 0.219795 0.545614
vt 0.219839 0.773524
vt 0.218255 0.545664
vt 0.221722 0.545210
vt 0.222119 0.773558
vt 0.342513 0.699836
vt 0.344254 0.470488
vt 0.344352 0.700299
vt 0.477840 0.698633
vt 0.479162 0.470408
vt 0.480720 0.699624
vt 0.346016 0.700325
vt 0.346249 0.470450
vt 0.219303 0.773519
vt 0.218033 0.773757
vt 0.218103 0.773559
vt 0.343965 0.470500
vt 0.343959 0.470300
vt 0.345548 0.470477
vt 0.342684 0.470470
vt 0.342386 0.470264
vt 0.454514 0.470420
vt 0.455859 0.470204
vt 0.456181 0.470394
vt 0.479775 0.470413
vt 0.481045 0.470183
vt 0.480976 0.470382
vt 0.453177 0.470405
vt 0.453943 0.470219
vt 0.452655 0.470192
vt 0.477663 0.470403
vt 0.479797 0.470215
vt 0.220931 0.773516
vt 0.219281 0.773715
vt 0.082641 0.899786
vt 0.082853 0.898114
vt 0.083764 0.898585
vt 0.084882 0.906362
vt 0.086280 0.907073
vt 0.084883 0.907461
vt 0.081685 0.899973
vt 0.086723 0.905488
vt 0.087685 0.905568
vt 0.087695 0.903140
vt 0.088490 0.902851
vt 0.085167 0.898326
vt 0.086282 0.897643
vt 0.086507 0.898962
vt 0.087440 0.900446
vt 0.083258 0.905752
vt 0.081844 0.905193
vt 0.082324 0.904266
vt 0.084527 0.897320
vt 0.083176 0.906824
vt 0.087467 0.898749
vt 0.693537 0.047350
vt 0.690992 0.094261
vt 0.690578 0.047341
vt 0.195484 0.925396
vt 0.194134 0.972350
vt 0.194134 0.925443
vt 0.198375 0.925408
vt 0.195899 0.972296
vt 0.696755 0.818315
vt 0.698194 0.771397
vt 0.699314 0.818271
vt 0.683709 0.796673
vt 0.680905 0.843616
vt 0.680627 0.796698
vt 0.061138 0.813071
vt 0.060946 0.585407
vt 0.062659 0.585434
vt 0.062696 0.812745
vt 0.063940 0.812704
vt 0.611655 0.074889
vt 0.610747 0.303365
vt 0.610169 0.074515
vt 0.599473 0.074738
vt 0.599614 0.303488
vt 0.597431 0.303492
vt 0.569660 0.531757
vt 0.570519 0.304166
vt 0.571986 0.532558
vt 0.610905 0.303366
vt 0.609799 0.303558
vt 0.609386 0.303369
vt 0.061572 0.585429
vt 0.060758 0.585202
vt 0.061768 0.585235
vt 0.063087 0.585432
vt 0.063530 0.585224
vt 0.599668 0.303488
vt 0.598393 0.303675
vt 0.597769 0.303485
vt 0.608754 0.303588
vt 0.608632 0.303398
vt 0.327957 0.896296
vt 0.328519 0.894893
vt 0.328948 0.895497
vt 0.331114 0.901160
vt 0.329914 0.902700
vt 0.329627 0.901865
vt 0.327355 0.897997
vt 0.327043 0.896703
vt 0.326712 0.899030
vt 0.331870 0.899579
vt 0.332210 0.900558
vt 0.327560 0.900172
vt 0.327172 0.900920
vt 0.330308 0.895498
vt 0.330735 0.894893
vt 0.331439 0.896553
vt 0.331944 0.897987
vt 0.332580 0.898629
vt 0.332211 0.896703
vt 0.328314 0.901373
vt 0.707041 0.933517
vt 0.706596 0.980440
vt 0.704334 0.933516
vt 0.328387 0.999824
vt 0.329722 0.952931
vt 0.331228 0.999804
vt 0.708042 0.398391
vt 0.707176 0.445279
vt 0.705671 0.398369
vt 0.336812 0.696825
vt 0.336482 0.470489
vt 0.338352 0.696775
vt 0.334885 0.697229
vt 0.334485 0.470450
vt 0.100056 0.698220
vt 0.100556 0.470427
vt 0.101895 0.698684
vt 0.492129 0.697063
vt 0.494492 0.470405
vt 0.495008 0.698054
vt 0.437281 0.698681
vt 0.437257 0.470392
vt 0.439598 0.470408
vt 0.337302 0.470490
vt 0.338571 0.470252
vt 0.338502 0.470450
vt 0.101238 0.470450
vt 0.101779 0.470257
vt 0.102606 0.470448
vt 0.335422 0.470486
vt 0.334416 0.470252
vt 0.335383 0.470289
vt 0.099919 0.470412
vt 0.100169 0.470227
vt 0.438740 0.470418
vt 0.440363 0.470204
vt 0.440570 0.470397
vt 0.493805 0.470417
vt 0.494086 0.470215
vt 0.495051 0.470390
vt 0.437156 0.470192
vt 0.438444 0.470219
vt 0.491952 0.470403
vt 0.103511 0.470222
vt 0.103577 0.470416
vt 0.337323 0.470293
vt 0.167042 0.983963
vt 0.165576 0.984128
vt 0.166762 0.983021
vt 0.168160 0.991741
vt 0.169558 0.992451
vt 0.167806 0.992774
vt 0.170002 0.990866
vt 0.170964 0.990946
vt 0.165293 0.986939
vt 0.164784 0.985783
vt 0.165919 0.985165
vt 0.164506 0.987736
vt 0.168444 0.983705
vt 0.169560 0.983022
vt 0.169786 0.984341
vt 0.170719 0.985826
vt 0.171768 0.988233
vt 0.170973 0.988518
vt 0.166536 0.991131
vt 0.165862 0.991651
vt 0.165511 0.989268
vt 0.168161 0.982633
vt 0.170745 0.984127
vt 0.368608 0.972323
vt 0.369344 0.925422
vt 0.371506 0.972299
vt 0.690750 0.303960
vt 0.690188 0.350901
vt 0.689226 0.303999
vt 0.311714 0.243566
vt 0.310351 0.469848
vt 0.308847 0.243660
vt 0.315301 0.242815
vt 0.316044 0.469908
vt 0.314185 0.469838
vt 0.306804 0.240884
vt 0.306760 0.469883
vt 0.303380 0.240022
vt 0.181650 0.229017
vt 0.179165 0.000158
vt 0.183563 0.000159
vt 0.241835 0.227369
vt 0.241852 0.000173
vt 0.245786 0.228795
vt 0.300282 0.239973
vt 0.302599 0.469832
vt 0.299838 0.469907
vt 0.239167 0.226575
vt 0.273795 0.936454
vt 0.272544 0.933873
vt 0.274997 0.935292
vt 0.269203 0.949977
vt 0.268194 0.949511
vt 0.267497 0.948385
vt 0.266356 0.946002
vt 0.265774 0.943192
vt 0.265956 0.943188
vt 0.274140 0.937081
vt 0.275979 0.939637
vt 0.275592 0.939108
vt 0.271217 0.950537
vt 0.270686 0.950694
vt 0.273300 0.950213
vt 0.270192 0.935984
vt 0.270688 0.935686
vt 0.272243 0.935984
vt 0.275252 0.947813
vt 0.273230 0.949978
vt 0.268295 0.937081
vt 0.275998 0.947054
vt 0.275066 0.948565
vt 0.266614 0.939755
vt 0.268192 0.936871
vt 0.276478 0.943190
vt 0.276730 0.942694
vt 0.276556 0.944673
vt 0.266453 0.939641
vt 0.272279 0.950645
vt 0.274440 0.951609
vt 0.272544 0.952507
vt 0.270681 0.935589
vt 0.272279 0.935735
vt 0.274241 0.949510
vt 0.276027 0.949908
vt 0.269134 0.936168
vt 0.269890 0.933873
vt 0.275445 0.948036
vt 0.267438 0.935291
vt 0.277246 0.947690
vt 0.267368 0.937815
vt 0.265933 0.937135
vt 0.276660 0.943191
vt 0.277889 0.945043
vt 0.276246 0.946099
vt 0.266188 0.940281
vt 0.276246 0.940281
vt 0.278020 0.942255
vt 0.267747 0.949094
vt 0.265933 0.949246
vt 0.266691 0.947413
vt 0.265774 0.943190
vt 0.264932 0.939555
vt 0.276501 0.937135
vt 0.277502 0.939555
vt 0.265983 0.945407
vt 0.264414 0.943191
vt 0.270681 0.950791
vt 0.269890 0.952507
vt 0.269134 0.950213
vt 0.264932 0.946826
vt 0.242103 0.878126
vt 0.238611 0.925074
vt 0.237635 0.878174
vt 0.245420 0.878193
vt 0.242782 0.925059
vt 0.203995 0.887864
vt 0.207464 0.841030
vt 0.208156 0.887938
vt 0.171190 0.840941
vt 0.167072 0.887850
vt 0.166425 0.840958
vt 0.211570 0.840958
vt 0.212088 0.887845
vt 0.115214 0.925077
vt 0.117938 0.878096
vt 0.118388 0.925005
vt 0.693780 0.303980
vt 0.689228 0.094303
vt 0.689228 0.047377
vt 0.702280 0.629726
vt 0.700232 0.676669
vt 0.700047 0.629747
vt 0.702563 0.047339
vt 0.701037 0.094270
vt 0.700160 0.047359
vt 0.367019 0.972271
vt 0.367247 0.925375
vt 0.711492 0.933524
vt 0.709429 0.980406
vt 0.711651 0.980436
vt 0.600402 0.922386
vt 0.598317 0.969315
vt 0.597407 0.922401
vt 0.110758 0.925045
vt 0.111153 0.878123
vt 0.694875 0.818275
vt 0.694906 0.771364
vt 0.704619 0.445305
vt 0.704308 0.398411
vt 0.601523 0.969329
vt 0.702906 0.398382
vt 0.700476 0.445317
vt 0.700395 0.398393
vt 0.696112 0.188968
vt 0.694916 0.235909
vt 0.694588 0.189018
vt 0.164506 0.887944
vt 0.164506 0.841036
vt 0.698689 0.188977
vt 0.696936 0.235866
vt 0.174173 0.841036
vt 0.172042 0.887872
vt 0.236300 0.925140
vt 0.500805 0.234215
vt 0.502271 0.234182
vt 0.503911 0.234080
vt 0.500144 0.234075
vt 0.502011 0.232981
vt 0.504445 0.234105
vt 0.263538 0.458240
vt 0.263776 0.456814
vt 0.263890 0.458142
vt 0.389665 0.468059
vt 0.391819 0.466664
vt 0.392604 0.468105
vt 0.504107 0.232923
vt 0.501830 0.232939
vt 0.503644 0.231761
vt 0.498634 0.232920
vt 0.500238 0.231510
vt 0.502075 0.231474
vt 0.394835 0.466591
vt 0.394804 0.467253
vt 0.393587 0.466618
vt 0.176312 0.463049
vt 0.176608 0.460989
vt 0.176664 0.462951
vt 0.187296 0.960504
vt 0.186628 0.962223
vt 0.185808 0.962873
vt 0.498642 0.231443
vt 0.500744 0.000178
vt 0.503350 0.231430
vt 0.400912 0.700775
vt 0.399990 0.470247
vt 0.402933 0.700737
vt 0.396668 0.470183
vt 0.397238 0.701503
vt 0.392811 0.466622
vt 0.393960 0.235224
vt 0.395254 0.466575
vt 0.258856 0.466637
vt 0.261069 0.235237
vt 0.262149 0.466596
vt 0.389663 0.466589
vt 0.390071 0.235219
vt 0.256668 0.466003
vt 0.257212 0.235226
vt 0.504035 0.000116
vt 0.187796 0.959399
vt 0.178614 0.956829
vt 0.178486 0.958774
vt 0.178486 0.956145
vt 0.179341 0.953841
vt 0.180962 0.951566
vt 0.180627 0.952046
vt 0.187820 0.956827
vt 0.187948 0.956145
vt 0.179919 0.962062
vt 0.179207 0.961204
vt 0.178909 0.959951
vt 0.187094 0.953842
vt 0.181875 0.963640
vt 0.180961 0.963353
vt 0.185897 0.951859
vt 0.187228 0.953717
vt 0.184127 0.963846
vt 0.183217 0.964196
vt 0.184127 0.951074
vt 0.185808 0.952046
vt 0.185063 0.963683
vt 0.179205 0.953718
vt 0.179206 0.961202
vt 0.178534 0.962826
vt 0.177647 0.960681
vt 0.188041 0.957460
vt 0.188787 0.954238
vt 0.189246 0.957460
vt 0.180537 0.963061
vt 0.186964 0.953165
vt 0.187674 0.954882
vt 0.181458 0.965555
vt 0.179868 0.964460
vt 0.184158 0.950853
vt 0.186073 0.949999
vt 0.183692 0.964196
vt 0.185524 0.965238
vt 0.183217 0.965879
vt 0.182623 0.949041
vt 0.184393 0.949203
vt 0.186628 0.962223
vt 0.185063 0.963683
vt 0.178579 0.955495
vt 0.177874 0.953472
vt 0.179206 0.953717
vt 0.188787 0.960681
vt 0.187480 0.963413
vt 0.178393 0.957459
vt 0.177188 0.958289
vt 0.177304 0.955817
vt 0.178578 0.959424
vt 0.187674 0.960037
vt 0.178954 0.951506
vt 0.452625 0.907733
vt 0.449725 0.954612
vt 0.447987 0.907680
vt 0.507833 0.907702
vt 0.504544 0.954592
vt 0.503278 0.907679
vt 0.204242 0.935134
vt 0.208035 0.888270
vt 0.209293 0.935161
vt 0.211536 0.888176
vt 0.211536 0.935084
vt 0.677455 0.351248
vt 0.673193 0.398136
vt 0.673239 0.351212
vt 0.445140 0.954661
vt 0.445032 0.907739
vt 0.440705 0.468385
vt 0.437583 0.468050
vt 0.442186 0.467987
vt 0.052963 0.513724
vt 0.054814 0.512817
vt 0.054114 0.514249
vt 0.440276 0.468051
vt 0.438308 0.466585
vt 0.440061 0.466569
vt 0.441717 0.467943
vt 0.441331 0.466507
vt 0.281008 0.497780
vt 0.281335 0.499618
vt 0.280983 0.499716
vt 0.056607 0.513485
vt 0.057865 0.512803
vt 0.501247 0.464882
vt 0.498036 0.235212
vt 0.502249 0.235237
vt 0.503787 0.464799
vt 0.435983 0.466496
vt 0.437722 0.235251
vt 0.440422 0.466518
vt 0.059598 0.512215
vt 0.057073 0.281428
vt 0.059646 0.281381
vt 0.216232 0.465711
vt 0.217535 0.235240
vt 0.218839 0.466616
vt 0.053730 0.512766
vt 0.053958 0.281392
vt 0.056306 0.512808
vt 0.213868 0.465008
vt 0.301274 0.961305
vt 0.301068 0.963882
vt 0.300919 0.963796
vt 0.299201 0.955890
vt 0.298003 0.954911
vt 0.300022 0.956541
vt 0.301068 0.958727
vt 0.301435 0.961305
vt 0.295703 0.954918
vt 0.297521 0.954919
vt 0.295270 0.967486
vt 0.296142 0.967955
vt 0.293931 0.966906
vt 0.294022 0.955890
vt 0.295222 0.954910
vt 0.297954 0.967485
vt 0.298457 0.967528
vt 0.292532 0.958260
vt 0.293199 0.956543
vt 0.299908 0.965909
vt 0.291949 0.961305
vt 0.292154 0.958728
vt 0.300022 0.966068
vt 0.295670 0.967912
vt 0.293262 0.968305
vt 0.293931 0.966905
vt 0.294766 0.955081
vt 0.296611 0.952886
vt 0.296611 0.954568
vt 0.297086 0.968041
vt 0.296611 0.969723
vt 0.293536 0.956072
vt 0.294304 0.953527
vt 0.298370 0.969400
vt 0.291973 0.959340
vt 0.291041 0.958083
vt 0.292600 0.957562
vt 0.300622 0.965048
vt 0.299961 0.968304
vt 0.298865 0.967200
vt 0.290582 0.960475
vt 0.300358 0.957010
vt 0.301624 0.956628
vt 0.301068 0.958727
vt 0.301250 0.963270
vt 0.302181 0.964526
vt 0.291973 0.963270
vt 0.290698 0.962947
vt 0.291787 0.961305
vt 0.300454 0.954765
vt 0.302640 0.962134
vt 0.291598 0.965982
vt 0.298018 0.954827
vt 0.298918 0.953526
vt 0.299291 0.955703
vt 0.302524 0.959662
vt 0.292600 0.965047
vt 0.297336 0.905675
vt 0.295801 0.952579
vt 0.292809 0.905667
vt 0.632579 0.911458
vt 0.631526 0.958351
vt 0.629077 0.911385
vt 0.667152 0.350943
vt 0.669504 0.303981
vt 0.670266 0.350856
vt 0.501025 0.954648
vt 0.500484 0.907743
vt 0.662314 0.350883
vt 0.664673 0.304035
vt 0.661698 0.303948
vt 0.625918 0.958336
vt 0.625062 0.911423
vt 0.043779 0.887192
vt 0.041208 0.934068
vt 0.038781 0.887204
vt 0.045257 0.934140
vt 0.670865 0.351285
vt 0.291795 0.952613
vt 0.290582 0.905727
vt 0.630245 0.303365
vt 0.629401 0.144222
vt 0.630958 0.143896
vt 0.644500 0.304173
vt 0.645729 0.464882
vt 0.644385 0.464861
vt 0.642898 0.464486
vt 0.628334 0.303386
vt 0.628157 0.144263
vt 0.579485 0.000336
vt 0.580670 0.160073
vt 0.578357 0.160887
vt 0.053779 0.676051
vt 0.055466 0.516659
vt 0.056105 0.676852
vt 0.464457 0.974003
vt 0.465322 0.974533
vt 0.464963 0.976081
vt 0.642673 0.304147
vt 0.642995 0.303965
vt 0.643645 0.304179
vt 0.630096 0.303562
vt 0.629216 0.303361
vt 0.630713 0.303376
vt 0.644958 0.304181
vt 0.645794 0.303957
vt 0.645744 0.304156
vt 0.628201 0.303587
vt 0.628210 0.303389
vt 0.578007 0.000130
vt 0.579643 0.000342
vt 0.577864 0.000325
vt 0.053389 0.516451
vt 0.054687 0.516668
vt 0.053338 0.516647
vt 0.580093 0.000137
vt 0.580836 0.000316
vt 0.054691 0.516469
vt 0.055949 0.516650
vt 0.644522 0.303986
vt 0.459805 0.975290
vt 0.460579 0.974536
vt 0.460283 0.976079
vt 0.461037 0.972716
vt 0.461333 0.973336
vt 0.465321 0.977628
vt 0.464458 0.978155
vt 0.462416 0.972822
vt 0.464285 0.979508
vt 0.463099 0.979252
vt 0.462933 0.972009
vt 0.463550 0.973031
vt 0.464286 0.972651
vt 0.462645 0.980123
vt 0.461742 0.979127
vt 0.460718 0.977876
vt 0.461005 0.979507
vt 0.160680 0.470482
vt 0.162359 0.630297
vt 0.160432 0.630700
vt 0.151092 0.470501
vt 0.152341 0.632227
vt 0.150677 0.632201
vt 0.148837 0.631737
vt 0.148856 0.470474
vt 0.163678 0.470475
vt 0.163899 0.630246
vt 0.033894 0.281661
vt 0.034967 0.442861
vt 0.033139 0.443369
vt 0.036246 0.281654
vt 0.036672 0.442176
vt 0.524903 0.160431
vt 0.527234 0.000336
vt 0.527782 0.161422
vt 0.148489 0.470263
vt 0.149758 0.470500
vt 0.148558 0.470461
vt 0.161221 0.470504
vt 0.161477 0.470310
vt 0.162590 0.470506
vt 0.151386 0.470503
vt 0.151918 0.470290
vt 0.152361 0.470471
vt 0.163396 0.470290
vt 0.163834 0.470472
vt 0.033760 0.281465
vt 0.035137 0.281671
vt 0.033198 0.281647
vt 0.525201 0.000148
vt 0.525210 0.000348
vt 0.524165 0.000321
vt 0.526579 0.000350
vt 0.035702 0.281468
vt 0.036733 0.281641
vt 0.527385 0.000138
vt 0.527823 0.000324
vt 0.160186 0.470274
vt 0.160248 0.470472
vt 0.149737 0.470304
vt 0.371494 0.854176
vt 0.372647 0.855449
vt 0.371949 0.856047
vt 0.365866 0.858832
vt 0.366287 0.857620
vt 0.367470 0.859775
vt 0.372647 0.857441
vt 0.371621 0.858354
vt 0.365408 0.856444
vt 0.366412 0.854914
vt 0.371865 0.859656
vt 0.370431 0.860016
vt 0.370115 0.851601
vt 0.370430 0.852873
vt 0.369062 0.852361
vt 0.366763 0.852531
vt 0.367696 0.852872
vt 0.370460 0.861160
vt 0.369063 0.860528
vt 0.368706 0.861483
vt 0.371865 0.853234
vt 0.368349 0.851440
vt 0.151104 0.858254
vt 0.148841 0.811298
vt 0.151402 0.811334
vt 0.697915 0.933263
vt 0.696565 0.886309
vt 0.697915 0.886356
vt 0.147354 0.858248
vt 0.146907 0.811329
vt 0.696151 0.933209
vt 0.693553 0.886324
vt 0.691386 0.445636
vt 0.692272 0.492545
vt 0.689581 0.492501
vt 0.150771 0.952668
vt 0.148283 0.905727
vt 0.151365 0.905753
vt 0.615969 0.607874
vt 0.617392 0.764857
vt 0.615835 0.765183
vt 0.650112 0.000337
vt 0.650493 0.158872
vt 0.649147 0.158851
vt 0.647662 0.158477
vt 0.647831 0.000329
vt 0.618457 0.607871
vt 0.618636 0.764816
vt 0.025356 0.516722
vt 0.025902 0.674281
vt 0.023588 0.675096
vt 0.589062 0.461382
vt 0.590760 0.304168
vt 0.591388 0.462183
vt 0.462185 0.987794
vt 0.461795 0.988472
vt 0.461159 0.987088
vt 0.647436 0.000315
vt 0.647966 0.000139
vt 0.648408 0.000347
vt 0.617362 0.607700
vt 0.617785 0.607892
vt 0.616266 0.607889
vt 0.649721 0.000350
vt 0.649727 0.000150
vt 0.650509 0.000324
vt 0.618634 0.607670
vt 0.618757 0.607860
vt 0.024218 0.516534
vt 0.024222 0.516734
vt 0.023095 0.516713
vt 0.025501 0.516721
vt 0.589130 0.304167
vt 0.590649 0.303973
vt 0.591032 0.304164
vt 0.615835 0.607678
vt 0.615512 0.607860
vt 0.463933 0.981868
vt 0.464910 0.981964
vt 0.464918 0.983927
vt 0.460382 0.987153
vt 0.460373 0.985190
vt 0.465448 0.985747
vt 0.464573 0.986355
vt 0.459843 0.983371
vt 0.460579 0.983016
vt 0.464504 0.987720
vt 0.463326 0.987690
vt 0.463211 0.980592
vt 0.462416 0.981301
vt 0.461036 0.981196
vt 0.461332 0.981816
vt 0.463222 0.988602
vt 0.259906 0.982369
vt 0.259461 0.935447
vt 0.262168 0.935446
vt 0.709889 0.865462
vt 0.709023 0.818575
vt 0.711394 0.818553
vt 0.711158 0.723831
vt 0.709844 0.676926
vt 0.712384 0.676953
vt 0.143472 0.470485
vt 0.144914 0.628727
vt 0.142987 0.629131
vt 0.137113 0.470501
vt 0.138620 0.630657
vt 0.136955 0.630631
vt 0.135116 0.630168
vt 0.146152 0.470480
vt 0.146454 0.628676
vt 0.510780 0.000341
vt 0.511840 0.159971
vt 0.510011 0.160478
vt 0.513118 0.000334
vt 0.513544 0.159285
vt 0.534429 0.158860
vt 0.536453 0.000339
vt 0.537308 0.159852
vt 0.677151 0.882891
vt 0.675982 0.883337
vt 0.676841 0.880901
vt 0.144600 0.470313
vt 0.145398 0.470500
vt 0.143774 0.470503
vt 0.137957 0.470300
vt 0.138640 0.470472
vt 0.137118 0.470507
vt 0.135178 0.470476
vt 0.136017 0.470304
vt 0.509733 0.000315
vt 0.509885 0.000125
vt 0.510936 0.000346
vt 0.146209 0.470283
vt 0.146604 0.470461
vt 0.511177 0.000152
vt 0.512562 0.000348
vt 0.534000 0.000331
vt 0.534727 0.000148
vt 0.535831 0.000351
vt 0.513096 0.000138
vt 0.513606 0.000321
vt 0.536911 0.000138
vt 0.537349 0.000324
vt 0.143219 0.470294
vt 0.142803 0.470472
vt 0.671570 0.878279
vt 0.671924 0.876262
vt 0.672835 0.876732
vt 0.673241 0.875500
vt 0.674238 0.876474
vt 0.674667 0.885510
vt 0.674239 0.884536
vt 0.675006 0.875661
vt 0.675578 0.877110
vt 0.673241 0.885510
vt 0.672588 0.884079
vt 0.676538 0.876897
vt 0.676511 0.878594
vt 0.671067 0.880903
vt 0.670346 0.880011
vt 0.671654 0.884418
vt 0.671522 0.882773
vt 0.677423 0.879038
vt 0.670578 0.882459
vt 0.365513 0.972292
vt 0.362827 0.925391
vt 0.366146 0.925401
vt 0.328015 0.838851
vt 0.328886 0.885789
vt 0.326832 0.885750
vt 0.070763 0.885433
vt 0.069239 0.838467
vt 0.070763 0.838506
vt 0.329764 0.235201
vt 0.330344 0.393380
vt 0.326756 0.394132
vt 0.034172 0.940036
vt 0.034765 0.943160
vt 0.034652 0.943900
vt 0.322955 0.235187
vt 0.324329 0.396973
vt 0.321231 0.396925
vt 0.317807 0.396063
vt 0.318465 0.235174
vt 0.333210 0.393287
vt 0.127775 0.000175
vt 0.129314 0.160900
vt 0.125909 0.161844
vt 0.158656 0.076620
vt 0.157861 0.234927
vt 0.155988 0.075826
vt 0.131693 0.000151
vt 0.132486 0.159624
vt 0.153943 0.234903
vt 0.152037 0.074400
vt 0.034420 0.946809
vt 0.034202 0.950617
vt 0.033240 0.949275
vt 0.024865 0.948122
vt 0.024197 0.944614
vt 0.025017 0.947983
vt 0.034252 0.946712
vt 0.025542 0.938525
vt 0.026468 0.937791
vt 0.025017 0.939818
vt 0.034153 0.947454
vt 0.033111 0.949095
vt 0.027308 0.936878
vt 0.028365 0.936694
vt 0.031937 0.950550
vt 0.031406 0.950687
vt 0.029391 0.936299
vt 0.030907 0.936926
vt 0.029392 0.951247
vt 0.031474 0.936878
vt 0.033426 0.939277
vt 0.029390 0.951501
vt 0.026931 0.950327
vt 0.024052 0.942419
vt 0.024610 0.940036
vt 0.026842 0.950547
vt 0.027308 0.936877
vt 0.028721 0.934400
vt 0.029391 0.936299
vt 0.031474 0.950923
vt 0.030718 0.934583
vt 0.030979 0.936591
vt 0.030061 0.953400
vt 0.029391 0.951501
vt 0.032614 0.935482
vt 0.032415 0.937580
vt 0.028064 0.953217
vt 0.027804 0.951209
vt 0.034202 0.937183
vt 0.033917 0.939677
vt 0.026367 0.950220
vt 0.035420 0.939400
vt 0.034625 0.941683
vt 0.022589 0.942964
vt 0.024157 0.941683
vt 0.023948 0.943900
vt 0.025612 0.951798
vt 0.024866 0.948123
vt 0.036063 0.942047
vt 0.034834 0.943900
vt 0.023106 0.940264
vt 0.024866 0.939677
vt 0.023735 0.949177
vt 0.024157 0.946117
vt 0.036194 0.944836
vt 0.024581 0.937183
vt 0.025921 0.937996
vt 0.022719 0.945753
vt 0.026788 0.935124
vt 0.658704 0.047079
vt 0.654948 0.000123
vt 0.659415 0.000170
vt 0.654268 0.047056
vt 0.651631 0.000190
vt 0.652229 0.844073
vt 0.656347 0.890982
vt 0.651582 0.890965
vt 0.650288 0.654663
vt 0.649663 0.607784
vt 0.652960 0.607681
vt 0.068068 0.885395
vt 0.066209 0.838488
vt 0.079761 0.820283
vt 0.080468 0.867220
vt 0.078893 0.867191
vt 0.082217 0.820276
vt 0.082388 0.867200
vt 0.708872 0.723862
vt 0.708560 0.676968
vt 0.278263 0.952967
vt 0.280327 0.999849
vt 0.277358 0.999854
vt 0.160832 0.774013
vt 0.163182 0.820938
vt 0.160728 0.820941
vt 0.280485 0.952938
vt 0.658612 0.236439
vt 0.659007 0.283361
vt 0.653363 0.283366
vt 0.693987 0.445597
vt 0.694020 0.492505
vt 0.712445 0.865488
vt 0.712756 0.818594
vt 0.331207 0.838837
vt 0.331263 0.885764
vt 0.045387 0.981350
vt 0.043562 0.934404
vt 0.045467 0.934426
vt 0.694804 0.724154
vt 0.696000 0.771096
vt 0.694476 0.771045
vt 0.649663 0.843979
vt 0.649663 0.890887
vt 0.042670 0.981346
vt 0.041958 0.934432
vt 0.147381 0.952666
vt 0.698014 0.724177
vt 0.698577 0.771086
vt 0.656623 0.844072
vt 0.659330 0.890886
vt 0.476270 0.000184
vt 0.477998 0.155521
vt 0.474818 0.156188
vt 0.317792 0.704847
vt 0.316642 0.546317
vt 0.319388 0.546360
vt 0.322422 0.547125
vt 0.321410 0.704857
vt 0.479878 0.000151
vt 0.480538 0.155438
vt 0.359627 0.000159
vt 0.361397 0.157771
vt 0.358380 0.158608
vt 0.389256 0.155607
vt 0.392529 0.000169
vt 0.391621 0.156310
vt 0.363506 0.000147
vt 0.364209 0.156640
vt 0.395123 0.157574
vt 0.136910 0.956631
vt 0.135705 0.958123
vt 0.135613 0.956145
vt 0.126802 0.960505
vt 0.126302 0.959400
vt 0.126219 0.957458
vt 0.129970 0.963846
vt 0.129035 0.963684
vt 0.128290 0.962873
vt 0.134583 0.953225
vt 0.135189 0.954967
vt 0.133814 0.952466
vt 0.126150 0.956146
vt 0.126574 0.954968
vt 0.127471 0.962225
vt 0.135613 0.956146
vt 0.135484 0.958093
vt 0.126871 0.953716
vt 0.127583 0.952857
vt 0.135613 0.958774
vt 0.134758 0.961077
vt 0.128202 0.951858
vt 0.129538 0.951279
vt 0.133562 0.963061
vt 0.133472 0.962874
vt 0.130414 0.950810
vt 0.131791 0.951074
vt 0.131791 0.963846
vt 0.132727 0.951236
vt 0.131351 0.964110
vt 0.126425 0.954882
vt 0.126198 0.952093
vt 0.127470 0.952697
vt 0.136794 0.959102
vt 0.135338 0.960038
vt 0.127532 0.950460
vt 0.128596 0.951490
vt 0.135894 0.962137
vt 0.134293 0.962223
vt 0.129123 0.949365
vt 0.129940 0.950853
vt 0.134230 0.964460
vt 0.132728 0.963683
vt 0.130881 0.949041
vt 0.131356 0.950724
vt 0.133188 0.949682
vt 0.133135 0.951565
vt 0.132058 0.965717
vt 0.131357 0.964196
vt 0.130288 0.965879
vt 0.129940 0.964067
vt 0.125539 0.961448
vt 0.126243 0.959425
vt 0.126870 0.961203
vt 0.135144 0.951507
vt 0.134892 0.953717
vt 0.124968 0.959103
vt 0.126057 0.957460
vt 0.128574 0.965238
vt 0.128201 0.963061
vt 0.136451 0.954238
vt 0.124853 0.956631
vt 0.126618 0.963413
vt 0.674217 0.094684
vt 0.677834 0.141600
vt 0.673537 0.141603
vt 0.391432 0.954568
vt 0.389569 0.907653
vt 0.393792 0.907665
vt 0.665563 0.445797
vt 0.668721 0.492663
vt 0.663403 0.492665
vt 0.673436 0.886388
vt 0.674276 0.933301
vt 0.670588 0.933229
vt 0.405651 0.235224
vt 0.408255 0.389640
vt 0.405076 0.390307
vt 0.313143 0.958813
vt 0.313659 0.961303
vt 0.313498 0.961306
vt 0.433342 0.000153
vt 0.433905 0.157757
vt 0.431159 0.157714
vt 0.428125 0.156949
vt 0.429966 0.000190
vt 0.410430 0.235208
vt 0.410796 0.389558
vt 0.353168 0.235243
vt 0.353648 0.391890
vt 0.350631 0.392727
vt 0.366008 0.154658
vt 0.366713 0.000147
vt 0.368373 0.155361
vt 0.356152 0.235207
vt 0.356460 0.390758
vt 0.370893 0.000151
vt 0.371875 0.156625
vt 0.304233 0.960672
vt 0.304379 0.958727
vt 0.304959 0.957686
vt 0.305424 0.966068
vt 0.304528 0.963796
vt 0.305539 0.965909
vt 0.313293 0.963881
vt 0.313143 0.963798
vt 0.305798 0.956141
vt 0.306245 0.955891
vt 0.304012 0.961305
vt 0.312247 0.966068
vt 0.312133 0.965909
vt 0.307925 0.954919
vt 0.310620 0.967320
vt 0.308367 0.954654
vt 0.309744 0.954918
vt 0.308836 0.968041
vt 0.308836 0.967816
vt 0.310683 0.955082
vt 0.311770 0.956312
vt 0.307051 0.967320
vt 0.312247 0.956542
vt 0.313848 0.965982
vt 0.311516 0.966905
vt 0.312847 0.965047
vt 0.306528 0.953526
vt 0.308835 0.954568
vt 0.306989 0.955081
vt 0.312185 0.968305
vt 0.310243 0.967782
vt 0.310012 0.953047
vt 0.310682 0.955081
vt 0.310594 0.969400
vt 0.308836 0.968041
vt 0.312185 0.954304
vt 0.312247 0.956541
vt 0.308835 0.969723
vt 0.307428 0.967782
vt 0.306528 0.969082
vt 0.306156 0.966906
vt 0.313849 0.956628
vt 0.313292 0.958726
vt 0.302922 0.959663
vt 0.304197 0.959340
vt 0.304012 0.961305
vt 0.304572 0.967258
vt 0.305088 0.965599
vt 0.314749 0.959662
vt 0.313659 0.961304
vt 0.303493 0.957317
vt 0.304825 0.957562
vt 0.303493 0.965292
vt 0.304379 0.963883
vt 0.314749 0.962946
vt 0.313474 0.963270
vt 0.304572 0.955351
vt 0.305760 0.956072
vt 0.302922 0.962947
vt 0.674906 0.701847
vt 0.673606 0.654936
vt 0.677898 0.654934
vt 0.319724 0.905677
vt 0.320805 0.952569
vt 0.317229 0.952642
vt 0.668417 0.607748
vt 0.669354 0.654646
vt 0.664527 0.654629
vt 0.477316 0.935024
vt 0.474744 0.888149
vt 0.480012 0.888168
vt 0.394951 0.954624
vt 0.395492 0.907718
vt 0.671934 0.701906
vt 0.671558 0.654994
vt 0.387561 0.954623
vt 0.386925 0.907718
vt 0.670436 0.886317
vt 0.671391 0.607661
vt 0.314144 0.905691
vt 0.313287 0.952604
vt 0.677456 0.933242
vt 0.671314 0.094615
vt 0.671314 0.141542
vt 0.473265 0.935096
vt 0.678798 0.094648
vt 0.679882 0.141542
vt 0.678912 0.701880
vt 0.680125 0.654994
vt 0.621272 0.818696
vt 0.622232 0.607873
vt 0.622516 0.818655
vt 0.638817 0.091398
vt 0.638411 0.303380
vt 0.637331 0.091023
vt 0.595593 0.091253
vt 0.595734 0.303487
vt 0.593607 0.303491
vt 0.261401 0.681557
vt 0.263310 0.470480
vt 0.263727 0.682357
vt 0.619882 0.607878
vt 0.621016 0.607899
vt 0.619715 0.607678
vt 0.621014 0.607702
vt 0.622411 0.607673
vt 0.622421 0.607869
vt 0.638822 0.303388
vt 0.638093 0.303564
vt 0.636986 0.303364
vt 0.593113 0.303505
vt 0.593840 0.303682
vt 0.593057 0.303705
vt 0.595788 0.303488
vt 0.595412 0.303679
vt 0.594085 0.303480
vt 0.262314 0.470493
vt 0.263612 0.470275
vt 0.263572 0.470475
vt 0.261055 0.470475
vt 0.262084 0.470292
vt 0.636330 0.303574
vt 0.635796 0.303398
vt 0.260813 0.470270
vt 0.295808 0.989840
vt 0.296450 0.989611
vt 0.295800 0.991804
vt 0.296118 0.987280
vt 0.292223 0.991953
vt 0.291678 0.992373
vt 0.291394 0.990448
vt 0.293248 0.993281
vt 0.294848 0.986467
vt 0.295603 0.987668
vt 0.293764 0.985953
vt 0.294915 0.985602
vt 0.293537 0.992446
vt 0.294665 0.993020
vt 0.291394 0.987972
vt 0.291488 0.986349
vt 0.292430 0.986324
vt 0.293248 0.985140
vt 0.290620 0.988807
vt 0.704142 0.492825
vt 0.702020 0.539725
vt 0.702720 0.492790
vt 0.593715 0.992983
vt 0.595854 0.946052
vt 0.596079 0.992951
vt 0.708673 0.188640
vt 0.708944 0.141745
vt 0.710008 0.188684
vt 0.554926 0.209572
vt 0.554596 0.000353
vt 0.556466 0.209522
vt 0.552999 0.209976
vt 0.552600 0.000314
vt 0.368012 0.562850
vt 0.366268 0.773512
vt 0.366172 0.562387
vt 0.487366 0.679939
vt 0.488422 0.470405
vt 0.490245 0.680930
vt 0.364508 0.562361
vt 0.364273 0.773549
vt 0.553052 0.000334
vt 0.553500 0.000153
vt 0.554880 0.000361
vt 0.556401 0.000325
vt 0.555176 0.000164
vt 0.556463 0.000128
vt 0.552530 0.000116
vt 0.430819 0.470405
vt 0.430837 0.470204
vt 0.431493 0.470382
vt 0.366830 0.773503
vt 0.368210 0.773739
vt 0.367130 0.773702
vt 0.429217 0.470418
vt 0.490162 0.470394
vt 0.489061 0.470219
vt 0.490348 0.470192
vt 0.427621 0.470388
vt 0.428653 0.470215
vt 0.487422 0.470410
vt 0.488770 0.470420
vt 0.427408 0.470183
vt 0.365461 0.773506
vt 0.364426 0.773735
vt 0.364488 0.773538
vt 0.486485 0.470382
vt 0.487382 0.470212
vt 0.691602 0.094542
vt 0.690222 0.141484
vt 0.689385 0.094581
vt 0.682105 0.747197
vt 0.680477 0.745535
vt 0.681244 0.745629
vt 0.686870 0.744067
vt 0.687322 0.742114
vt 0.687600 0.744067
vt 0.683661 0.748098
vt 0.685655 0.748531
vt 0.683946 0.749170
vt 0.683947 0.739983
vt 0.684302 0.739029
vt 0.685315 0.740495
vt 0.681059 0.743670
vt 0.680477 0.742595
vt 0.681515 0.741797
vt 0.682578 0.740495
vt 0.685313 0.747639
vt 0.687144 0.746451
vt 0.681362 0.740458
vt 0.686504 0.745978
vt 0.694127 0.094575
vt 0.693572 0.141490
vt 0.698576 0.629742
vt 0.697866 0.676639
vt 0.695319 0.629754
vt 0.690996 0.582518
vt 0.689652 0.629467
vt 0.689116 0.582559
vt 0.629033 0.816517
vt 0.628780 0.607891
vt 0.630277 0.816477
vt 0.627476 0.816844
vt 0.627153 0.607860
vt 0.604096 0.817681
vt 0.604065 0.607868
vt 0.605582 0.818056
vt 0.565780 0.513063
vt 0.567901 0.304161
vt 0.568106 0.513864
vt 0.606927 0.818077
vt 0.605920 0.607893
vt 0.607116 0.607860
vt 0.326138 0.990162
vt 0.326351 0.991500
vt 0.325566 0.991544
vt 0.627720 0.607881
vt 0.627097 0.607661
vt 0.628103 0.607694
vt 0.567946 0.304160
vt 0.567361 0.303973
vt 0.568367 0.303948
vt 0.566691 0.304178
vt 0.565382 0.304159
vt 0.565790 0.303971
vt 0.605922 0.607893
vt 0.607173 0.607661
vt 0.629219 0.607897
vt 0.321754 0.987973
vt 0.321092 0.990398
vt 0.321092 0.988024
vt 0.321653 0.990160
vt 0.322285 0.992572
vt 0.323435 0.992446
vt 0.323895 0.993334
vt 0.324125 0.985953
vt 0.325003 0.985474
vt 0.325534 0.986922
vt 0.323046 0.985296
vt 0.325276 0.992817
vt 0.324575 0.992342
vt 0.322790 0.986325
vt 0.700462 0.047059
vt 0.701831 0.000153
vt 0.703506 0.047060
vt 0.703198 0.445601
vt 0.701268 0.492523
vt 0.700525 0.445607
vt 0.707079 0.303957
vt 0.705010 0.350883
vt 0.704831 0.303980
vt 0.708269 0.236194
vt 0.707820 0.283089
vt 0.706228 0.236158
vt 0.705113 0.283083
vt 0.704437 0.236199
vt 0.708504 0.304001
vt 0.707414 0.350871
vt 0.351449 0.773503
vt 0.351988 0.773696
vt 0.350612 0.773716
vt 0.179804 0.678149
vt 0.180918 0.470480
vt 0.181344 0.678098
vt 0.353723 0.564420
vt 0.351978 0.773511
vt 0.351884 0.563956
vt 0.551648 0.208727
vt 0.549426 0.000343
vt 0.551677 0.000322
vt 0.464119 0.678369
vt 0.466220 0.470408
vt 0.466998 0.679360
vt 0.350219 0.563930
vt 0.349984 0.773549
vt 0.178098 0.470484
vt 0.177932 0.470481
vt 0.179488 0.470313
vt 0.179758 0.470507
vt 0.181216 0.470278
vt 0.353299 0.773522
vt 0.353720 0.773731
vt 0.551179 0.000338
vt 0.551923 0.000116
vt 0.551853 0.000315
vt 0.549577 0.000351
vt 0.550674 0.000148
vt 0.466053 0.470412
vt 0.467100 0.470192
vt 0.467254 0.470382
vt 0.547980 0.000321
vt 0.548493 0.000138
vt 0.464425 0.470415
vt 0.465810 0.470219
vt 0.350201 0.773538
vt 0.349914 0.773747
vt 0.463390 0.470192
vt 0.464397 0.470217
vt 0.195139 0.976155
vt 0.194204 0.978681
vt 0.194319 0.976218
vt 0.200173 0.979912
vt 0.201396 0.978182
vt 0.200827 0.980523
vt 0.200602 0.976906
vt 0.195139 0.979219
vt 0.194750 0.980522
vt 0.201165 0.975734
vt 0.196164 0.981082
vt 0.199856 0.974799
vt 0.197434 0.982725
vt 0.195758 0.981930
vt 0.197504 0.981718
vt 0.199498 0.982151
vt 0.195488 0.973774
vt 0.198908 0.981459
vt 0.196422 0.974114
vt 0.197076 0.972681
vt 0.694015 0.629757
vt 0.691956 0.676651
vt 0.691446 0.629724
vt 0.693887 0.141778
vt 0.691687 0.188676
vt 0.691267 0.141752
vt 0.548201 0.980519
vt 0.549765 0.933593
vt 0.550601 0.980470
vt 0.660808 0.299246
vt 0.659971 0.300159
vt 0.658238 0.300837
vt 0.102371 0.262319
vt 0.099697 0.469950
vt 0.099504 0.262413
vt 0.193545 0.209046
vt 0.191343 0.000173
vt 0.193927 0.000116
vt 0.265472 0.445465
vt 0.266611 0.235184
vt 0.268895 0.446328
vt 0.233112 0.208674
vt 0.235158 0.000175
vt 0.237064 0.210100
vt 0.190372 0.210323
vt 0.187395 0.000148
vt 0.230444 0.207881
vt 0.231013 0.000145
vt 0.662710 0.296737
vt 0.664558 0.294990
vt 0.663543 0.298414
vt 0.653026 0.290324
vt 0.653361 0.288914
vt 0.654166 0.287942
vt 0.658913 0.285931
vt 0.656824 0.285682
vt 0.659452 0.285921
vt 0.652657 0.290649
vt 0.662261 0.297218
vt 0.661735 0.298511
vt 0.662915 0.296047
vt 0.663046 0.294570
vt 0.663363 0.294152
vt 0.653512 0.297219
vt 0.652858 0.296047
vt 0.652726 0.294570
vt 0.662747 0.290325
vt 0.662843 0.289732
vt 0.663225 0.291654
vt 0.654963 0.299246
vt 0.655119 0.299813
vt 0.654037 0.298512
vt 0.657886 0.300484
vt 0.656824 0.300592
vt 0.660809 0.287028
vt 0.652548 0.294620
vt 0.652230 0.298415
vt 0.651214 0.294990
vt 0.663330 0.292388
vt 0.663225 0.294620
vt 0.654862 0.299457
vt 0.653361 0.297360
vt 0.662915 0.290227
vt 0.663543 0.287859
vt 0.664558 0.291284
vt 0.656299 0.300446
vt 0.654107 0.301036
vt 0.659970 0.286115
vt 0.661666 0.285238
vt 0.661735 0.287762
vt 0.657887 0.300738
vt 0.658556 0.302636
vt 0.656559 0.302454
vt 0.659871 0.284002
vt 0.659969 0.300159
vt 0.653658 0.288291
vt 0.653550 0.285758
vt 0.654863 0.286816
vt 0.658422 0.285536
vt 0.662223 0.300516
vt 0.660490 0.301913
vt 0.652443 0.292388
vt 0.651214 0.291284
vt 0.652858 0.290228
vt 0.655283 0.284360
vt 0.142055 0.878151
vt 0.139029 0.925057
vt 0.137871 0.878137
vt 0.183898 0.878144
vt 0.180234 0.925067
vt 0.178169 0.878187
vt 0.655755 0.702202
vt 0.654553 0.749102
vt 0.650990 0.702257
vt 0.135429 0.925116
vt 0.134979 0.878206
vt 0.699247 0.047369
vt 0.697259 0.094250
vt 0.696438 0.047341
vt 0.186855 0.878218
vt 0.185335 0.925099
vt 0.546699 0.933590
vt 0.700696 0.818296
vt 0.701859 0.771383
vt 0.703326 0.818294
vt 0.651227 0.492690
vt 0.652733 0.445826
vt 0.655521 0.492759
vt 0.545965 0.980483
vt 0.703747 0.000130
vt 0.689344 0.676686
vt 0.689335 0.629760
vt 0.592121 0.992940
vt 0.593597 0.946076
vt 0.699669 0.676691
vt 0.700655 0.492804
vt 0.144353 0.878218
vt 0.143776 0.925124
vt 0.697156 0.398370
vt 0.696025 0.445302
vt 0.695006 0.398415
vt 0.650896 0.749165
vt 0.693704 0.582538
vt 0.692826 0.629453
vt 0.699325 0.398414
vt 0.658783 0.702284
vt 0.658388 0.749177
vt 0.694588 0.094300
vt 0.694588 0.047392
vt 0.689556 0.188710
vt 0.689490 0.141786
vt 0.480830 0.968703
vt 0.479121 0.969657
vt 0.478649 0.969519
vt 0.268730 0.682100
vt 0.270610 0.470175
vt 0.271271 0.682017
vt 0.265551 0.682766
vt 0.264892 0.470141
vt 0.267004 0.470208
vt 0.464830 0.020546
vt 0.462555 0.234807
vt 0.461796 0.019781
vt 0.223981 0.447966
vt 0.226905 0.235224
vt 0.227483 0.449230
vt 0.038270 0.496505
vt 0.038231 0.281453
vt 0.042122 0.281479
vt 0.221617 0.447263
vt 0.223578 0.235251
vt 0.482925 0.966198
vt 0.483662 0.967685
vt 0.482061 0.967771
vt 0.481687 0.968171
vt 0.474772 0.959391
vt 0.474193 0.960429
vt 0.475614 0.957842
vt 0.479101 0.956579
vt 0.477710 0.956400
vt 0.479591 0.956401
vt 0.482526 0.966626
vt 0.476470 0.957311
vt 0.474077 0.964276
vt 0.473888 0.963668
vt 0.474077 0.961737
vt 0.483223 0.964279
vt 0.483230 0.964942
vt 0.474772 0.966623
vt 0.483076 0.961133
vt 0.476470 0.968704
vt 0.474952 0.967248
vt 0.476804 0.969231
vt 0.481584 0.958014
vt 0.483229 0.961068
vt 0.481686 0.957842
vt 0.473919 0.961693
vt 0.472737 0.964650
vt 0.472737 0.961365
vt 0.484447 0.965463
vt 0.474375 0.966198
vt 0.473919 0.964322
vt 0.483381 0.961694
vt 0.484679 0.963007
vt 0.483381 0.964322
vt 0.475239 0.967771
vt 0.474807 0.969547
vt 0.473637 0.967685
vt 0.482661 0.959265
vt 0.484220 0.959786
vt 0.476804 0.969231
vt 0.483333 0.957641
vt 0.481725 0.957775
vt 0.478056 0.971426
vt 0.476343 0.970785
vt 0.475575 0.957775
vt 0.475794 0.955547
vt 0.476804 0.956784
vt 0.480496 0.969231
vt 0.479826 0.971264
vt 0.478650 0.969744
vt 0.481999 0.970008
vt 0.474639 0.959265
vt 0.473307 0.959020
vt 0.474387 0.957054
vt 0.477474 0.954750
vt 0.639269 0.911398
vt 0.638337 0.958317
vt 0.634442 0.911413
vt 0.410870 0.905703
vt 0.407207 0.952631
vt 0.405793 0.905742
vt 0.668526 0.000140
vt 0.664863 0.047049
vt 0.663745 0.000179
vt 0.383279 0.960806
vt 0.383795 0.963294
vt 0.383633 0.963298
vt 0.470249 0.446195
vt 0.469705 0.235249
vt 0.472790 0.446112
vt 0.467070 0.446861
vt 0.466412 0.235185
vt 0.451372 0.213504
vt 0.453221 0.000183
vt 0.454406 0.214268
vt 0.247229 0.447017
vt 0.249448 0.235237
vt 0.250731 0.448280
vt 0.366129 0.449304
vt 0.366090 0.235201
vt 0.369952 0.235227
vt 0.244865 0.446313
vt 0.245569 0.235226
vt 0.374308 0.963296
vt 0.374209 0.962641
vt 0.374892 0.960251
vt 0.382268 0.958692
vt 0.383427 0.960716
vt 0.376040 0.968292
vt 0.378030 0.969903
vt 0.375935 0.968461
vt 0.374514 0.965872
vt 0.380817 0.957072
vt 0.382382 0.958533
vt 0.379879 0.969682
vt 0.378061 0.969682
vt 0.381560 0.968711
vt 0.380360 0.969691
vt 0.383050 0.966341
vt 0.382383 0.968058
vt 0.378060 0.956910
vt 0.376291 0.957695
vt 0.378504 0.956646
vt 0.376380 0.957882
vt 0.383428 0.965872
vt 0.374664 0.965789
vt 0.374960 0.959553
vt 0.379912 0.956689
vt 0.382320 0.956296
vt 0.381651 0.957695
vt 0.380817 0.969520
vt 0.378971 0.971715
vt 0.378971 0.970032
vt 0.378030 0.956689
vt 0.380147 0.955039
vt 0.382046 0.968528
vt 0.382320 0.970296
vt 0.383654 0.968663
vt 0.376115 0.955835
vt 0.377795 0.955039
vt 0.374960 0.959553
vt 0.374708 0.957343
vt 0.373628 0.959308
vt 0.383702 0.961982
vt 0.385000 0.964125
vt 0.383702 0.964610
vt 0.375224 0.967590
vt 0.373628 0.967284
vt 0.374514 0.965874
vt 0.374332 0.961331
vt 0.383984 0.958619
vt 0.384884 0.961654
vt 0.377564 0.969773
vt 0.376664 0.971074
vt 0.376291 0.968897
vt 0.382982 0.959553
vt 0.373058 0.964939
vt 0.157348 0.906511
vt 0.154088 0.953467
vt 0.152910 0.906564
vt 0.465539 0.907713
vt 0.462784 0.954599
vt 0.460897 0.907689
vt 0.664534 0.236398
vt 0.662957 0.283362
vt 0.662580 0.236473
vt 0.160924 0.906583
vt 0.159964 0.953480
vt 0.670490 0.236440
vt 0.667272 0.283287
vt 0.667724 0.236372
vt 0.670906 0.702245
vt 0.669496 0.749113
vt 0.668231 0.702171
vt 0.667161 0.843671
vt 0.667518 0.796759
vt 0.670461 0.843607
vt 0.413491 0.905769
vt 0.411592 0.952646
vt 0.663830 0.843611
vt 0.458819 0.954658
vt 0.458184 0.907753
vt 0.671148 0.000225
vt 0.668742 0.047052
vt 0.641313 0.911458
vt 0.664471 0.749115
vt 0.664271 0.702213
vt 0.645407 0.000355
vt 0.646053 0.000143
vt 0.646441 0.000331
vt 0.636280 0.415080
vt 0.636532 0.607198
vt 0.635035 0.415121
vt 0.637837 0.414754
vt 0.638159 0.607229
vt 0.643782 0.193628
vt 0.645527 0.000339
vt 0.645268 0.194003
vt 0.369692 0.662852
vt 0.370551 0.470471
vt 0.372019 0.663653
vt 0.591712 0.109947
vt 0.592273 0.303497
vt 0.590367 0.303484
vt 0.637672 0.607210
vt 0.638095 0.607422
vt 0.636531 0.607391
vt 0.635890 0.607197
vt 0.635038 0.607419
vt 0.644129 0.000337
vt 0.590853 0.303477
vt 0.589681 0.303689
vt 0.589348 0.303500
vt 0.371679 0.470471
vt 0.371695 0.470270
vt 0.372225 0.470452
vt 0.370383 0.470481
vt 0.370371 0.470284
vt 0.592390 0.303501
vt 0.591528 0.303679
vt 0.592534 0.303705
vt 0.369154 0.470459
vt 0.369206 0.470262
vt 0.152421 0.780643
vt 0.153057 0.782027
vt 0.151644 0.780709
vt 0.153679 0.781370
vt 0.152803 0.775227
vt 0.153341 0.774147
vt 0.154360 0.774939
vt 0.154483 0.782157
vt 0.151842 0.776568
vt 0.151642 0.775521
vt 0.154812 0.781161
vt 0.155765 0.781276
vt 0.155719 0.780189
vt 0.151635 0.778743
vt 0.151012 0.778115
vt 0.155578 0.775780
vt 0.156316 0.775868
vt 0.156150 0.777163
vt 0.156225 0.778758
vt 0.156748 0.778902
vt 0.155037 0.774304
vt 0.703642 0.094559
vt 0.701142 0.141472
vt 0.700782 0.094551
vt 0.703959 0.141776
vt 0.703055 0.188680
vt 0.701244 0.141757
vt 0.192187 0.949049
vt 0.190122 0.995979
vt 0.189988 0.949071
vt 0.193609 0.949094
vt 0.193241 0.995987
vt 0.356438 0.582978
vt 0.355299 0.773528
vt 0.354898 0.583028
vt 0.358118 0.773528
vt 0.376970 0.581537
vt 0.375483 0.773516
vt 0.375131 0.581073
vt 0.449845 0.662356
vt 0.448772 0.470408
vt 0.451124 0.470401
vt 0.496892 0.661245
vt 0.498199 0.470414
vt 0.499772 0.662236
vt 0.373467 0.581047
vt 0.373230 0.773548
vt 0.355682 0.773513
vt 0.355146 0.773726
vt 0.354749 0.773549
vt 0.375783 0.773503
vt 0.375242 0.773696
vt 0.373928 0.773522
vt 0.358551 0.773538
vt 0.358835 0.773747
vt 0.357867 0.773710
vt 0.357302 0.773503
vt 0.356472 0.773695
vt 0.377029 0.773538
vt 0.376853 0.773726
vt 0.450026 0.470420
vt 0.451099 0.470204
vt 0.451418 0.470394
vt 0.448675 0.470410
vt 0.449180 0.470219
vt 0.498838 0.470415
vt 0.497187 0.470215
vt 0.499130 0.470212
vt 0.447739 0.470382
vt 0.447890 0.470192
vt 0.496227 0.470391
vt 0.497473 0.470417
vt 0.287922 0.988186
vt 0.289121 0.986957
vt 0.288575 0.988797
vt 0.282761 0.987136
vt 0.282341 0.988349
vt 0.281929 0.985465
vt 0.288424 0.985564
vt 0.289005 0.984489
vt 0.287564 0.983128
vt 0.286250 0.980956
vt 0.287836 0.982046
vt 0.286655 0.989734
vt 0.286251 0.990966
vt 0.284977 0.989889
vt 0.283293 0.983393
vt 0.282499 0.983125
vt 0.283507 0.981717
vt 0.287567 0.990204
vt 0.284417 0.982188
vt 0.284824 0.980956
vt 0.698293 0.236184
vt 0.696748 0.283080
vt 0.695294 0.236203
vt 0.205236 0.982382
vt 0.206876 0.935466
vt 0.208005 0.982341
vt 0.690678 0.933257
vt 0.692555 0.886290
vt 0.692555 0.933216
vt 0.690743 0.398380
vt 0.689667 0.445330
vt 0.689226 0.398418
vt 0.085163 0.585438
vt 0.085383 0.585234
vt 0.086291 0.585410
vt 0.017182 0.698578
vt 0.016261 0.888531
vt 0.015938 0.698618
vt 0.018539 0.888532
vt 0.083540 0.776533
vt 0.084950 0.585428
vt 0.085026 0.776908
vt 0.602471 0.415958
vt 0.602392 0.607316
vt 0.600501 0.607321
vt 0.209869 0.660683
vt 0.211134 0.470484
vt 0.212195 0.661484
vt 0.086371 0.776929
vt 0.086562 0.585398
vt 0.297680 0.991008
vt 0.296766 0.988424
vt 0.297334 0.988579
vt 0.017868 0.888515
vt 0.018834 0.888735
vt 0.017212 0.888709
vt 0.019061 0.888548
vt 0.016179 0.888533
vt 0.602053 0.607308
vt 0.601386 0.607507
vt 0.600554 0.607320
vt 0.602914 0.607523
vt 0.603062 0.607330
vt 0.209376 0.470469
vt 0.209602 0.470277
vt 0.210999 0.470491
vt 0.086618 0.585200
vt 0.702099 0.351165
vt 0.700223 0.398116
vt 0.700130 0.351192
vt 0.299836 0.985953
vt 0.301654 0.986349
vt 0.301094 0.986681
vt 0.297966 0.992638
vt 0.297023 0.991137
vt 0.298928 0.992343
vt 0.299320 0.993281
vt 0.298319 0.986521
vt 0.297749 0.986048
vt 0.299607 0.985166
vt 0.300068 0.992446
vt 0.300737 0.993020
vt 0.301790 0.987948
vt 0.703303 0.724154
vt 0.701253 0.771076
vt 0.700519 0.724157
vt 0.706883 0.000134
vt 0.705575 0.047045
vt 0.704495 0.000160
vt 0.704142 0.351199
vt 0.703131 0.398101
vt 0.708864 0.350865
vt 0.710573 0.303994
vt 0.711587 0.350890
vt 0.132232 0.659462
vt 0.132378 0.470491
vt 0.133772 0.659412
vt 0.130305 0.659866
vt 0.129905 0.470461
vt 0.117805 0.583061
vt 0.116334 0.773463
vt 0.115966 0.582597
vt 0.468881 0.659675
vt 0.470447 0.470410
vt 0.471761 0.660666
vt 0.445082 0.660785
vt 0.443356 0.470395
vt 0.445845 0.470407
vt 0.114302 0.582571
vt 0.114241 0.773494
vt 0.132462 0.470506
vt 0.133642 0.470278
vt 0.133707 0.470472
vt 0.116892 0.773460
vt 0.115244 0.773660
vt 0.115525 0.773457
vt 0.130842 0.470497
vt 0.129836 0.470263
vt 0.130803 0.470300
vt 0.132201 0.470314
vt 0.117866 0.773492
vt 0.117425 0.773673
vt 0.446540 0.470397
vt 0.444982 0.470222
vt 0.446597 0.470199
vt 0.471678 0.470394
vt 0.471120 0.470211
vt 0.472086 0.470183
vt 0.443315 0.470394
vt 0.444985 0.470420
vt 0.470007 0.470420
vt 0.469441 0.470219
vt 0.114280 0.773492
vt 0.679362 0.877618
vt 0.679129 0.876593
vt 0.680870 0.876577
vt 0.683271 0.883635
vt 0.681786 0.885543
vt 0.681428 0.884510
vt 0.677961 0.879033
vt 0.684242 0.881289
vt 0.685037 0.881001
vt 0.684468 0.883340
vt 0.678870 0.882412
vt 0.677845 0.881502
vt 0.678616 0.879724
vt 0.684806 0.878552
vt 0.679804 0.883900
vt 0.678391 0.883341
vt 0.680717 0.875500
vt 0.682481 0.875661
vt 0.679722 0.884971
vt 0.682798 0.876934
vt 0.684013 0.876897
vt 0.683988 0.878597
vt 0.694125 0.351197
vt 0.692596 0.398100
vt 0.691280 0.351168
vt 0.697907 0.492799
vt 0.695516 0.539727
vt 0.694921 0.492834
vt 0.689454 0.398126
vt 0.689226 0.351208
vt 0.674580 0.299246
vt 0.673228 0.300351
vt 0.672684 0.300343
vt 0.112277 0.424163
vt 0.114823 0.235221
vt 0.115143 0.424069
vt 0.110390 0.235262
vt 0.167377 0.190352
vt 0.165661 0.000171
vt 0.167759 0.000116
vt 0.282917 0.191766
vt 0.283129 0.000149
vt 0.286340 0.192629
vt 0.164204 0.191629
vt 0.161436 0.000150
vt 0.224390 0.189980
vt 0.228264 0.000135
vt 0.228341 0.191406
vt 0.221722 0.189187
vt 0.224426 0.000182
vt 0.289438 0.192677
vt 0.286644 0.000202
vt 0.289548 0.000133
vt 0.666321 0.291148
vt 0.667133 0.288914
vt 0.667938 0.287942
vt 0.675017 0.299262
vt 0.666429 0.295624
vt 0.666215 0.293137
vt 0.666498 0.291704
vt 0.676519 0.295948
vt 0.677032 0.293875
vt 0.676184 0.297360
vt 0.676920 0.293137
vt 0.676419 0.289579
vt 0.670145 0.300112
vt 0.670597 0.300592
vt 0.668634 0.299457
vt 0.673673 0.286350
vt 0.674200 0.286484
vt 0.675379 0.287942
vt 0.671659 0.285790
vt 0.667133 0.297360
vt 0.665117 0.295908
vt 0.666320 0.294619
vt 0.677102 0.293137
vt 0.678331 0.291284
vt 0.678330 0.294990
vt 0.676687 0.290228
vt 0.667879 0.301035
vt 0.666002 0.298415
vt 0.677687 0.288637
vt 0.675508 0.287762
vt 0.669576 0.300159
vt 0.670331 0.302454
vt 0.671122 0.300738
vt 0.673742 0.286114
vt 0.676468 0.286419
vt 0.672328 0.302636
vt 0.667430 0.288291
vt 0.666848 0.286419
vt 0.668634 0.286817
vt 0.672328 0.283637
vt 0.674262 0.284360
vt 0.674682 0.299457
vt 0.674262 0.301913
vt 0.672720 0.300592
vt 0.665373 0.289502
vt 0.671658 0.285536
vt 0.670332 0.283820
vt 0.675887 0.297982
vt 0.676469 0.299854
vt 0.666215 0.292388
vt 0.666630 0.290228
vt 0.670071 0.285828
vt 0.668436 0.284718
vt 0.677687 0.297637
vt 0.664856 0.293137
vt 0.125297 0.925067
vt 0.128037 0.878204
vt 0.128717 0.925138
vt 0.653981 0.540279
vt 0.651077 0.587257
vt 0.650494 0.540374
vt 0.657950 0.350934
vt 0.658229 0.304008
vt 0.659868 0.350856
vt 0.650201 0.350856
vt 0.652733 0.304035
vt 0.653477 0.350959
vt 0.658494 0.540328
vt 0.655375 0.587179
vt 0.191846 0.878142
vt 0.189435 0.925124
vt 0.189010 0.878214
vt 0.132747 0.878174
vt 0.133008 0.925096
vt 0.196644 0.878155
vt 0.194059 0.925059
vt 0.693569 0.398393
vt 0.692277 0.445299
vt 0.673385 0.999679
vt 0.675657 0.952806
vt 0.674669 0.999721
vt 0.695357 0.492513
vt 0.698125 0.445630
vt 0.698757 0.492519
vt 0.576659 0.969350
vt 0.578884 0.922392
vt 0.578950 0.969316
vt 0.574418 0.969321
vt 0.574451 0.922394
vt 0.687728 0.933228
vt 0.690533 0.886331
vt 0.676945 0.999703
vt 0.694916 0.283122
vt 0.277453 0.663413
vt 0.279031 0.470183
vt 0.279994 0.663330
vt 0.435873 0.195766
vt 0.437911 0.000173
vt 0.438907 0.196531
vt 0.163697 0.430733
vt 0.161714 0.235233
vt 0.166250 0.235213
vt 0.197814 0.429272
vt 0.199161 0.235248
vt 0.201316 0.430535
vt 0.195449 0.428568
vt 0.195604 0.235211
vt 0.441653 0.196574
vt 0.441838 0.000127
vt 0.274889 0.470189
vt 0.006116 0.965669
vt 0.007311 0.967650
vt 0.005771 0.965198
vt 0.005389 0.962680
vt 0.005230 0.961395
vt 0.005915 0.959001
vt 0.013870 0.958434
vt 0.014449 0.959470
vt 0.014596 0.961419
vt 0.007403 0.967465
vt 0.009051 0.968657
vt 0.012173 0.956354
vt 0.013403 0.957286
vt 0.011838 0.955826
vt 0.010901 0.968436
vt 0.009083 0.968436
vt 0.009992 0.955539
vt 0.012582 0.967465
vt 0.010935 0.968656
vt 0.014072 0.965092
vt 0.012674 0.967650
vt 0.007814 0.956352
vt 0.007312 0.956449
vt 0.009525 0.955399
vt 0.014816 0.962050
vt 0.014212 0.965202
vt 0.094706 0.907706
vt 0.091830 0.954655
vt 0.090338 0.907762
vt 0.012672 0.956449
vt 0.011751 0.953955
vt 0.013342 0.955050
vt 0.009993 0.968786
vt 0.011751 0.970145
vt 0.009992 0.970469
vt 0.009052 0.955443
vt 0.009992 0.953631
vt 0.010934 0.955443
vt 0.013693 0.966286
vt 0.014675 0.967417
vt 0.013342 0.969050
vt 0.007707 0.956080
vt 0.007685 0.954272
vt 0.005729 0.956097
vt 0.014724 0.963365
vt 0.015563 0.965271
vt 0.005536 0.959472
vt 0.006581 0.957287
vt 0.014724 0.960736
vt 0.016021 0.962050
vt 0.006245 0.966344
vt 0.004650 0.966038
vt 0.005536 0.964628
vt 0.015563 0.958829
vt 0.007312 0.967651
vt 0.005729 0.968003
vt 0.003964 0.961221
vt 0.004422 0.958828
vt 0.007685 0.969828
vt 0.014003 0.958307
vt 0.014675 0.956683
vt 0.008585 0.968527
vt 0.004079 0.963692
vt 0.685763 0.886333
vt 0.683847 0.933226
vt 0.680855 0.886314
vt 0.666230 0.047377
vt 0.663867 0.094333
vt 0.662840 0.047462
vt 0.098529 0.907777
vt 0.096811 0.954650
vt 0.481840 0.935040
vt 0.484178 0.888201
vt 0.485411 0.935117
vt 0.293849 0.512583
vt 0.292212 0.704862
vt 0.291308 0.512666
vt 0.297028 0.511916
vt 0.297685 0.704907
vt 0.295573 0.704839
vt 0.428124 0.429885
vt 0.428709 0.235225
vt 0.431158 0.430650
vt 0.138502 0.429784
vt 0.137138 0.235247
vt 0.140611 0.235226
vt 0.188118 0.428322
vt 0.189465 0.235248
vt 0.191620 0.429586
vt 0.135485 0.430620
vt 0.135027 0.235195
vt 0.185753 0.427619
vt 0.185767 0.235207
vt 0.069195 0.961986
vt 0.069264 0.963297
vt 0.068611 0.965029
vt 0.059959 0.963255
vt 0.060521 0.965727
vt 0.059801 0.963299
vt 0.066712 0.956288
vt 0.066379 0.955762
vt 0.067943 0.957221
vt 0.068612 0.958943
vt 0.069111 0.960045
vt 0.062352 0.967681
vt 0.060655 0.965602
vt 0.064063 0.955335
vt 0.064063 0.968635
vt 0.061852 0.967586
vt 0.062351 0.956289
vt 0.064532 0.955473
vt 0.064532 0.968496
vt 0.061852 0.956384
vt 0.066786 0.967879
vt 0.060655 0.958367
vt 0.059801 0.960670
vt 0.060521 0.958242
vt 0.066714 0.967680
vt 0.059959 0.960714
vt 0.061852 0.967586
vt 0.063356 0.970242
vt 0.061183 0.968985
vt 0.062686 0.955761
vt 0.064532 0.953566
vt 0.064532 0.955248
vt 0.065473 0.968592
vt 0.063591 0.968592
vt 0.061457 0.956752
vt 0.062224 0.954207
vt 0.067388 0.969445
vt 0.065708 0.970242
vt 0.059801 0.960670
vt 0.058962 0.958763
vt 0.060521 0.958242
vt 0.068543 0.965728
vt 0.068795 0.967937
vt 0.067212 0.967586
vt 0.068279 0.957690
vt 0.069545 0.957308
vt 0.068989 0.959407
vt 0.069171 0.963949
vt 0.070102 0.965206
vt 0.059801 0.963299
vt 0.058735 0.964440
vt 0.058503 0.961985
vt 0.068375 0.955445
vt 0.070561 0.962814
vt 0.059519 0.966662
vt 0.065939 0.955507
vt 0.066839 0.954206
vt 0.067212 0.956383
vt 0.070445 0.960342
vt 0.069356 0.961985
vt 0.060521 0.965727
vt 0.400266 0.952689
vt 0.403539 0.905726
vt 0.404045 0.952636
vt 0.686262 0.303982
vt 0.685029 0.350891
vt 0.682498 0.303958
vt 0.396675 0.952630
vt 0.399522 0.905759
vt 0.670216 0.047434
vt 0.668744 0.094301
vt 0.671148 0.094383
vt 0.676487 0.350939
vt 0.677679 0.303998
vt 0.679000 0.350855
vt 0.488284 0.888170
vt 0.488992 0.935055
vt 0.671705 0.350903
vt 0.672677 0.304025
vt 0.680813 0.350910
vt 0.679599 0.304015
vt 0.679573 0.933269
vt 0.678628 0.886373
vt 0.687734 0.304031
vt 0.066529 0.888938
vt 0.062229 0.935869
vt 0.062029 0.888968
vt 0.069149 0.889024
vt 0.066745 0.935850
vt 0.437662 0.468058
vt 0.436316 0.467690
vt 0.496973 0.232901
vt 0.123358 0.470209
vt 0.058431 0.516451
vt 0.306135 0.647371
vt 0.506991 0.695169
vt 0.364577 0.809218
vt 0.458018 0.748613
vt 0.457456 0.748603
vt 0.457970 0.547345
vt 0.688977 0.784215
vt 0.687902 0.582528
vt 0.688961 0.582508
vt 0.073229 0.000288
vt 0.193761 0.720646
vt 0.252652 0.840919
vt 0.661528 0.607671
vt 0.070314 0.000258
vt 0.194159 0.710018
vt 0.273416 0.705158
vt 0.159066 0.513807
vt 0.033445 0.000139
vt 0.506991 0.726377
vt 0.520564 0.750316
vt 0.520952 0.750315
vt 0.682744 0.198399
vt 0.682753 0.000119
vt 0.683866 0.000134
vt 0.243300 0.470286
vt 0.031087 0.000218
vt 0.333352 0.784046
vt 0.507362 0.721058
vt 0.167705 0.340807
vt 0.518648 0.750403
vt 0.333536 0.470146
vt 0.681998 0.643825
vt 0.681880 0.445712
vt 0.682863 0.445690
vt 0.682857 0.643773
vt 0.028233 0.000249
vt 0.193927 0.728235
vt 0.210248 0.341041
vt 0.713279 0.081553
vt 0.713398 0.278178
vt 0.713203 0.278170
vt 0.659686 0.804990
vt 0.025319 0.000224
vt 0.507531 0.707551
vt 0.512860 0.750428
vt 0.081305 0.516448
vt 0.065377 0.196965
vt 0.714277 0.196729
vt 0.714109 0.196816
vt 0.714317 0.000116
vt 0.067191 0.000145
vt 0.134317 0.305944
vt 0.507362 0.697619
vt 0.533105 0.655018
vt 0.533609 0.655022
vt 0.065713 0.559921
vt 0.067177 0.756488
vt 0.065107 0.000245
vt 0.506991 0.711604
vt 0.413458 0.842754
vt 0.065109 0.666408
vt 0.065140 0.863371
vt 0.064670 0.863363
vt 0.394936 0.667136
vt 0.062263 0.000292
vt 0.507216 0.718513
vt 0.176892 0.270502
vt 0.348195 0.749469
vt 0.348430 0.784044
vt 0.553892 0.607685
vt 0.649307 0.688485
vt 0.059317 0.000268
vt 0.507006 0.661408
vt 0.200964 0.846555
vt 0.202369 0.811581
vt 0.009091 0.000135
vt 0.009175 0.198609
vt 0.013814 0.516519
vt 0.011169 0.000131
vt 0.192995 0.449486
vt 0.519117 0.655051
vt 0.520959 0.655052
vt 0.049171 0.516454
vt 0.050300 0.516444
vt 0.049187 0.716017
vt 0.050418 0.715573
vt 0.387841 0.669186
vt 0.387506 0.470266
vt 0.387912 0.470252
vt 0.387258 0.669252
vt 0.008855 0.000214
vt 0.210870 0.467816
vt 0.234984 0.809242
vt 0.289669 0.748450
vt 0.687555 0.723999
vt 0.006008 0.000249
vt 0.507362 0.653721
vt 0.176253 0.305773
vt 0.088082 0.560016
vt 0.003064 0.000229
vt 0.194143 0.703965
vt 0.200380 0.811580
vt 0.555583 0.607681
vt 0.078217 0.000135
vt 0.078606 0.000135
vt 0.306621 0.701444
vt 0.267223 0.705304
vt 0.265382 0.705302
vt 0.512853 0.618319
vt 0.267702 0.742018
vt 0.510260 0.618251
vt 0.528456 0.618358
vt 0.512859 0.713584
vt 0.522913 0.618250
vt 0.273416 0.741987
vt 0.510259 0.713517
vt 0.276019 0.742074
vt 0.515798 0.618335
vt 0.531300 0.618307
vt 0.515806 0.713599
vt 0.525510 0.618338
vt 0.518648 0.713560
vt 0.521925 0.703042
vt 0.519236 0.703145
vt 0.521931 0.607779
vt 0.519230 0.607881
vt 0.534583 0.607779
vt 0.531888 0.607913
vt 0.264414 0.752544
vt 0.680070 0.115752
vt 0.681055 0.115391
vt 0.680089 0.278545
vt 0.227954 0.585076
vt 0.228022 0.748432
vt 0.227440 0.748414
vt 0.306135 0.647618
vt 0.507223 0.687367
vt 0.251183 0.774013
vt 0.191648 0.585890
vt 0.688755 0.000126
vt 0.084587 0.118297
vt 0.193761 0.724563
vt 0.194467 0.724169
vt 0.493183 0.876010
vt 0.021997 0.396892
vt 0.713827 0.162617
vt 0.713633 0.162708
vt 0.713926 0.000116
vt 0.661018 0.278497
vt 0.081761 0.280985
vt 0.506991 0.714205
vt 0.280441 0.705158
vt 0.157834 0.350648
vt 0.043257 0.281197
vt 0.044917 0.281190
vt 0.507223 0.689968
vt 0.523460 0.750334
vt 0.681400 0.114733
vt 0.242594 0.748686
vt 0.042612 0.281105
vt 0.330756 0.705139
vt 0.506852 0.684649
vt 0.167705 0.270495
vt 0.030851 0.559852
vt 0.680598 0.609577
vt 0.680588 0.445690
vt 0.681643 0.445716
vt 0.039770 0.281070
vt 0.193927 0.722175
vt 0.263557 0.340799
vt 0.528217 0.750460
vt 0.088413 0.559756
vt 0.661382 0.303966
vt 0.036824 0.281089
vt 0.194467 0.715838
vt 0.307476 0.611880
vt 0.531164 0.750445
vt 0.052575 0.794822
vt 0.055777 0.281119
vt 0.056166 0.281120
vt 0.134382 0.235202
vt 0.507362 0.680544
vt 0.533105 0.655589
vt 0.533609 0.655585
vt 0.041422 0.794810
vt 0.147741 0.748432
vt 0.147227 0.748418
vt 0.147672 0.581447
vt 0.053858 0.281009
vt 0.506991 0.715971
vt 0.331851 0.784219
vt 0.531300 0.655471
vt 0.087677 0.585200
vt 0.235037 0.748576
vt 0.233918 0.748577
vt 0.234328 0.581247
vt 0.051014 0.280962
vt 0.506998 0.723714
vt 0.193364 0.340805
vt 0.331911 0.748726
vt 0.032212 0.671005
vt 0.646329 0.607668
vt 0.047942 0.113132
vt 0.001694 0.854927
vt 0.000216 0.820324
vt 0.507362 0.669317
vt 0.060180 0.794799
vt 0.022033 0.281188
vt 0.022296 0.113374
vt 0.193927 0.707414
vt 0.510804 0.702684
vt 0.080337 0.628086
vt 0.349012 0.748297
vt 0.019982 0.113802
vt 0.133079 0.465636
vt 0.203532 0.773995
vt 0.210809 0.235221
vt 0.512730 0.702771
vt 0.685715 0.724002
vt 0.017136 0.114605
vt 0.507362 0.655221
vt 0.506263 0.643311
vt 0.515577 0.702810
vt 0.021967 0.673384
vt 0.508957 0.607794
vt 0.014192 0.115662
vt 0.212101 0.467834
vt 0.234859 0.844488
vt 0.044650 0.630942
vt 0.088017 0.281122
vt 0.089673 0.116832
vt 0.506991 0.671790
vt 0.286634 0.705304
vt 0.288475 0.705302
vt 0.522098 0.703060
vt 0.509443 0.655411
vt 0.534583 0.702827
vt 0.283504 0.752354
vt 0.531888 0.702694
vt 0.289442 0.752544
vt 0.610824 0.303958
vt 0.592396 0.377205
vt 0.607750 0.304147
vt 0.610807 0.535229
vt 0.304574 0.992097
vt 0.306132 0.992384
vt 0.305115 0.993177
vt 0.633095 0.000352
vt 0.607813 0.303954
vt 0.593857 0.607505
vt 0.595157 0.607523
vt 0.595475 0.607336
vt 0.561355 0.303955
vt 0.307289 0.992572
vt 0.345968 0.470268
vt 0.456312 0.699058
vt 0.454608 0.699744
vt 0.454611 0.470405
vt 0.342233 0.470450
vt 0.452780 0.700251
vt 0.476959 0.470382
vt 0.221904 0.773548
vt 0.221222 0.773720
vt 0.222189 0.773757
vt 0.477612 0.470204
vt 0.452502 0.470382
vt 0.081996 0.901960
vt 0.081275 0.902853
vt 0.088259 0.900404
vt 0.699669 0.771347
vt 0.608917 0.303385
vt 0.064059 0.585400
vt 0.597159 0.075552
vt 0.611877 0.303398
vt 0.608824 0.074494
vt 0.328246 0.902237
vt 0.611351 0.303574
vt 0.060814 0.585400
vt 0.597117 0.303698
vt 0.571414 0.304167
vt 0.571466 0.303971
vt 0.572249 0.303948
vt 0.600013 0.303695
vt 0.569894 0.303973
vt 0.569512 0.304164
vt 0.568892 0.303948
vt 0.331268 0.902057
vt 0.708504 0.445319
vt 0.103439 0.470420
vt 0.440814 0.697488
vt 0.439110 0.698174
vt 0.492129 0.470405
vt 0.103559 0.698710
vt 0.495334 0.470183
vt 0.437146 0.470388
vt 0.491901 0.470204
vt 0.164784 0.989690
vt 0.171537 0.985782
vt 0.371477 0.925395
vt 0.184822 0.227740
vt 0.245790 0.000135
vt 0.178245 0.229961
vt 0.238786 0.000116
vt 0.266455 0.946744
vt 0.273763 0.936541
vt 0.267438 0.951089
vt 0.275066 0.937815
vt 0.693930 0.350910
vt 0.331451 0.952886
vt 0.245542 0.925124
vt 0.693704 0.094282
vt 0.702989 0.676658
vt 0.327567 0.952900
vt 0.203594 0.840941
vt 0.115544 0.878150
vt 0.703735 0.094280
vt 0.702411 0.445298
vt 0.684184 0.843606
vt 0.703957 0.445328
vt 0.699349 0.235907
vt 0.703931 0.980447
vt 0.198516 0.972318
vt 0.392771 0.468124
vt 0.389033 0.469167
vt 0.389780 0.468095
vt 0.504513 0.232902
vt 0.388441 0.468057
vt 0.388665 0.467164
vt 0.496931 0.232902
vt 0.497156 0.232007
vt 0.498524 0.231452
vt 0.262122 0.466643
vt 0.262798 0.468000
vt 0.260837 0.466628
vt 0.390036 0.466602
vt 0.260141 0.467054
vt 0.258989 0.466636
vt 0.403294 0.470183
vt 0.497409 0.000116
vt 0.182306 0.951074
vt 0.183686 0.950809
vt 0.187480 0.951506
vt 0.182276 0.964067
vt 0.182276 0.950853
vt 0.180910 0.949682
vt 0.180537 0.951859
vt 0.210762 0.436806
vt 0.210407 0.434709
vt 0.210753 0.434884
vt 0.441550 0.235206
vt 0.436528 0.466520
vt 0.281290 0.497704
vt 0.292304 0.963798
vt 0.291849 0.961959
vt 0.498067 0.465548
vt 0.058300 0.512799
vt 0.435415 0.235184
vt 0.213735 0.235202
vt 0.300690 0.958260
vt 0.292601 0.965049
vt 0.293315 0.965910
vt 0.294853 0.969400
vt 0.292348 0.955352
vt 0.301294 0.966671
vt 0.678364 0.398186
vt 0.298890 0.952643
vt 0.508339 0.954645
vt 0.203463 0.888198
vt 0.037876 0.934140
vt 0.453222 0.954680
vt 0.577591 0.000316
vt 0.053577 0.516653
vt 0.631279 0.303398
vt 0.056145 0.516446
vt 0.631335 0.303597
vt 0.460062 0.978006
vt 0.707701 0.094553
vt 0.705758 0.141444
vt 0.704820 0.094560
vt 0.152575 0.470461
vt 0.524650 0.000334
vt 0.032791 0.281436
vt 0.523952 0.000116
vt 0.036947 0.281436
vt 0.367032 0.860688
vt 0.365686 0.854492
vt 0.689465 0.445589
vt 0.023151 0.516713
vt 0.588860 0.304163
vt 0.650737 0.000116
vt 0.022946 0.516511
vt 0.025898 0.516512
vt 0.588764 0.303962
vt 0.591651 0.303948
vt 0.465542 0.983755
vt 0.459749 0.985362
vt 0.708560 0.865502
vt 0.135015 0.470470
vt 0.138855 0.470461
vt 0.533808 0.000324
vt 0.134769 0.470263
vt 0.138924 0.470263
vt 0.533478 0.000116
vt 0.142518 0.470263
vt 0.675984 0.884748
vt 0.670916 0.877669
vt 0.677608 0.881008
vt 0.125392 0.000116
vt 0.333492 0.235128
vt 0.326015 0.235128
vt 0.151560 0.234962
vt 0.035676 0.947535
vt 0.024053 0.945383
vt 0.033240 0.938525
vt 0.031995 0.952676
vt 0.658842 0.654667
vt 0.655076 0.654582
vt 0.658104 0.607738
vt 0.712757 0.723876
vt 0.651508 0.047121
vt 0.065570 0.885433
vt 0.704310 0.141487
vt 0.362701 0.972295
vt 0.276639 0.952923
vt 0.361659 0.972337
vt 0.651827 0.236413
vt 0.654221 0.236467
vt 0.163530 0.774003
vt 0.708109 0.141470
vt 0.262571 0.982377
vt 0.659330 0.843979
vt 0.693534 0.933231
vt 0.316252 0.704906
vt 0.389210 0.000128
vt 0.474158 0.000117
vt 0.395545 0.000116
vt 0.134892 0.961203
vt 0.125311 0.954238
vt 0.313292 0.958727
vt 0.427960 0.000131
vt 0.350591 0.235201
vt 0.304379 0.963883
vt 0.310682 0.967528
vt 0.306989 0.967528
vt 0.308242 0.952886
vt 0.671391 0.654569
vt 0.669630 0.445725
vt 0.663634 0.607696
vt 0.677625 0.886327
vt 0.480647 0.935097
vt 0.662240 0.445724
vt 0.635991 0.303389
vt 0.619715 0.819022
vt 0.593279 0.092067
vt 0.261401 0.470481
vt 0.635986 0.091002
vt 0.295022 0.991740
vt 0.619755 0.607876
vt 0.639098 0.303597
vt 0.596414 0.303705
vt 0.290807 0.990789
vt 0.711395 0.141772
vt 0.712160 0.188668
vt 0.556616 0.000314
vt 0.431288 0.680364
vt 0.429584 0.681050
vt 0.429549 0.470405
vt 0.368289 0.773549
vt 0.427755 0.681557
vt 0.365717 0.773699
vt 0.368074 0.773538
vt 0.486416 0.470183
vt 0.681362 0.747676
vt 0.686504 0.742158
vt 0.682548 0.748782
vt 0.686246 0.740154
vt 0.682547 0.739352
vt 0.630398 0.607860
vt 0.596276 0.398078
vt 0.598591 0.397264
vt 0.597681 0.607318
vt 0.565983 0.304168
vt 0.604622 0.607687
vt 0.606389 0.607691
vt 0.630281 0.607866
vt 0.629865 0.607683
vt 0.604089 0.607869
vt 0.596111 0.607336
vt 0.596868 0.607314
vt 0.596861 0.607516
vt 0.598580 0.607317
vt 0.598829 0.607519
vt 0.565010 0.303948
vt 0.326810 0.989611
vt 0.326212 0.988566
vt 0.322409 0.991740
vt 0.326478 0.987282
vt 0.321807 0.986295
vt 0.177877 0.678553
vt 0.549944 0.209413
vt 0.354000 0.773549
vt 0.548115 0.209920
vt 0.463869 0.470401
vt 0.177873 0.470283
vt 0.181350 0.470468
vt 0.463452 0.470390
vt 0.200089 0.973774
vt 0.198347 0.973758
vt 0.198501 0.972681
vt 0.105958 0.261568
vt 0.103908 0.469907
vt 0.271525 0.235163
vt 0.237540 0.000116
vt 0.186968 0.211267
vt 0.271993 0.446376
vt 0.656372 0.286162
vt 0.654861 0.286818
vt 0.652443 0.293139
vt 0.661734 0.287761
vt 0.652230 0.287860
vt 0.657886 0.283637
vt 0.661736 0.298511
vt 0.657340 0.445833
vt 0.659380 0.492671
vt 0.694155 0.188714
vt 0.699781 0.094300
vt 0.659868 0.445739
vt 0.694967 0.676670
vt 0.703709 0.771360
vt 0.700020 0.771354
vt 0.650201 0.445739
vt 0.700075 0.000121
vt 0.592121 0.946033
vt 0.694081 0.676686
vt 0.704142 0.539751
vt 0.708504 0.350909
vt 0.699394 0.445324
vt 0.177188 0.925144
vt 0.703925 0.492543
vt 0.459245 0.234857
vt 0.464998 0.234868
vt 0.044099 0.494537
vt 0.041288 0.495669
vt 0.221571 0.235206
vt 0.459050 0.019739
vt 0.481999 0.956007
vt 0.480496 0.956784
vt 0.479826 0.954750
vt 0.478649 0.956271
vt 0.456957 0.000142
vt 0.473038 0.235184
vt 0.371958 0.447336
vt 0.369147 0.448467
vt 0.450914 0.000116
vt 0.457152 0.214311
vt 0.380314 0.957115
vt 0.380729 0.971391
vt 0.382982 0.967038
vt 0.384541 0.966517
vt 0.374708 0.969250
vt 0.373058 0.961654
vt 0.374147 0.963297
vt 0.404924 0.952695
vt 0.670733 0.796692
vt 0.662580 0.047133
vt 0.663660 0.796697
vt 0.466190 0.954660
vt 0.671148 0.047133
vt 0.633964 0.958343
vt 0.641313 0.958384
vt 0.670888 0.283368
vt 0.634914 0.607229
vt 0.589399 0.110761
vt 0.643559 0.000315
vt 0.646613 0.194024
vt 0.644282 0.000146
vt 0.643503 0.000116
vt 0.373512 0.773731
vt 0.358365 0.582574
vt 0.451550 0.661670
vt 0.500027 0.470382
vt 0.448016 0.662863
vt 0.496187 0.470389
vt 0.499884 0.470388
vt 0.500097 0.470183
vt 0.495941 0.470183
vt 0.282669 0.985165
vt 0.283470 0.988849
vt 0.283507 0.990205
vt 0.284825 0.990966
vt 0.285822 0.981930
vt 0.018739 0.698251
vt 0.600157 0.416772
vt 0.083317 0.585398
vt 0.209299 0.470468
vt 0.015881 0.888741
vt 0.083769 0.585416
vt 0.083635 0.585216
vt 0.600116 0.607529
vt 0.212226 0.470469
vt 0.211448 0.470288
vt 0.212458 0.470262
vt 0.301939 0.989531
vt 0.302522 0.988809
vt 0.302016 0.991456
vt 0.301246 0.991497
vt 0.446787 0.660100
vt 0.118081 0.773503
vt 0.443253 0.661293
vt 0.468177 0.470389
vt 0.443371 0.470199
vt 0.468338 0.470393
vt 0.113995 0.773701
vt 0.468152 0.470192
vt 0.683460 0.884748
vt 0.108690 0.424915
vt 0.160800 0.192573
vt 0.221670 0.000129
vt 0.676687 0.296045
vt 0.669644 0.286350
vt 0.671130 0.285633
vt 0.668633 0.286818
vt 0.666798 0.295950
vt 0.667133 0.297361
vt 0.667939 0.298333
vt 0.676519 0.290324
vt 0.668189 0.299041
vt 0.650201 0.303948
vt 0.699361 0.283120
vt 0.712602 0.303961
vt 0.198384 0.925129
vt 0.699779 0.445577
vt 0.694191 0.445336
vt 0.673385 0.952771
vt 0.703486 0.141480
vt 0.708855 0.303957
vt 0.695224 0.445603
vt 0.576864 0.922425
vt 0.203676 0.935454
vt 0.703904 0.771097
vt 0.125277 0.878140
vt 0.700750 0.188686
vt 0.708157 0.047062
vt 0.704144 0.188710
vt 0.687748 0.886303
vt 0.699176 0.539733
vt 0.659223 0.587268
vt 0.274274 0.664080
vt 0.166508 0.429601
vt 0.201738 0.235194
vt 0.160680 0.431570
vt 0.005981 0.958309
vt 0.011839 0.968273
vt 0.005168 0.962051
vt 0.432712 0.235236
vt 0.141313 0.428652
vt 0.192042 0.235195
vt 0.433904 0.430693
vt 0.068544 0.965726
vt 0.060268 0.956032
vt 0.396566 0.905700
vt 0.098529 0.954704
vt 0.670432 0.303948
vt 0.481731 0.888126
vt 0.687734 0.350958
vt 0.686819 0.933285
vt 0.069149 0.935931
vt 0.219801 0.466587
s 1
usemtl colonne.003
f 1849/1/1718 4/2/3 1850/3/1719
f 4/4/3 1849/5/1718 3368/6/3134
f 1850/7/1719 6/8/4 1853/9/1720
f 7/10/5 2206/11/2007 2205/12/2006
f 16/13/12 19/14/15 7/15/5
f 7/10/5 19/16/15 2206/11/2007
f 10/17/7 12/18/7 9/19/7
f 9/19/7 2207/20/2008 8/21/6
f 8/21/6 2207/20/2008 15/22/11
f 2207/20/2008 2210/23/2011 15/22/11
f 17/24/13 16/13/12 7/15/5
f 2209/25/2010 17/26/13 2205/27/2006
f 19/14/15 16/13/12 17/24/13
f 21/28/17 17/29/13 2209/30/2010
f 2210/23/2011 20/31/16 18/32/14
f 2210/23/2011 18/32/14 15/22/11
f 25/33/20 1855/34/1721 3371/35/3135
f 1855/34/1721 25/33/20 1858/36/1722
f 1857/37/2 3369/38/2 1851/39/2
f 42/40/34 2212/41/2013 35/42/28
f 42/43/34 29/44/23 2212/45/2013
f 42/46/34 32/47/25 29/48/23
f 29/44/23 32/49/25 2212/45/2013
f 31/50/24 2213/51/2014 30/52/24
f 30/52/24 2213/51/2014 28/53/22
f 28/53/22 2213/51/2014 36/54/29
f 2213/51/2014 13/20/9 36/54/29
f 39/55/32 42/46/34 37/56/30
f 41/57/33 37/58/30 35/59/28
f 3/18/2 40/60/2 38/61/31
f 13/20/9 38/61/31 36/54/29
f 1859/62/1723 46/63/37 1860/64/1724
f 44/65/35 1859/62/1723 3374/66/3136
f 1860/67/1724 48/68/39 1862/69/1725
f 1863/70/19 3372/71/38 1856/72/19
f 50/73/41 2216/74/2017 2215/75/2016
f 49/76/40 60/77/51 50/73/41
f 50/73/41 54/78/45 2216/74/2017
f 53/79/44 2217/80/2018 52/81/43
f 52/81/43 2217/80/2018 51/82/42
f 2217/80/2018 33/83/26 51/82/42
f 58/84/49 49/76/40 50/73/41
f 2219/85/2020 58/86/49 2215/87/2016
f 60/88/51 49/89/40 58/90/49
f 62/91/52 58/90/49 2219/92/2020
f 33/83/26 61/93/19 59/94/50
f 33/83/26 59/94/50 57/95/48
f 33/83/26 57/95/48 51/82/42
f 64/96/53 1864/97/1726 3377/98/3137
f 1864/99/1726 66/100/55 1868/101/1728
f 1868/101/1728 68/102/56 1866/103/1727
f 1867/104/36 3375/105/36 1861/106/36
f 69/107/57 2221/108/2022 2220/109/2021
f 82/110/69 79/111/67 69/107/57
f 69/107/57 73/112/61 2221/108/2022
f 72/113/60 2222/114/2023 71/115/59
f 71/115/59 2222/114/2023 70/116/58
f 2222/114/2023 55/117/46 70/116/58
f 77/118/65 82/119/69 69/120/57
f 2224/121/2025 77/122/65 2220/123/2021
f 79/124/67 82/119/69 77/118/65
f 81/125/68 77/126/65 2224/127/2025
f 55/117/46 80/128/36 78/129/66
f 55/117/46 78/129/66 76/130/64
f 55/117/46 76/130/64 70/116/58
f 3380/131/3138 86/132/72 1869/133/1729
f 1869/134/1729 88/135/74 1871/136/1731
f 1872/137/54 3378/138/73 1865/139/54
f 102/140/86 2225/141/2026 96/142/81
f 102/143/86 90/144/76 2225/145/2026
f 102/143/86 93/146/78 90/144/76
f 90/144/76 93/146/78 2225/145/2026
f 92/147/77 2226/148/2027 91/149/77
f 91/149/77 2226/148/2027 89/150/75
f 89/150/75 2226/148/2027 97/151/82
f 2226/148/2027 74/152/62 97/151/82
f 100/153/85 102/154/86 98/155/83
f 2228/156/2029 98/157/83 96/158/81
f 74/152/62 101/159/54 99/160/84
f 74/152/62 99/160/84 97/151/82
f 3383/161/3139 104/162/87 1873/163/1732
f 1875/164/1730 3381/165/90 1870/166/1730
f 123/167/105 110/168/93 118/169/101
f 110/170/93 2230/171/2031 2229/172/2030
f 123/167/105 120/173/103 110/168/93
f 110/174/93 113/175/96 2230/176/2031
f 112/177/95 2231/178/2032 111/179/94
f 111/179/94 2231/178/2032 109/180/92
f 109/180/92 2231/178/2032 116/181/99
f 2231/178/2032 94/182/79 116/181/99
f 117/183/100 118/184/101 2229/185/2030
f 122/186/104 123/167/105 118/169/101
f 122/187/104 118/184/101 117/183/100
f 85/188/71 121/189/71 119/190/102
f 94/182/79 119/190/102 116/181/99
f 3387/191/3141 126/192/107 1877/193/1735
f 1879/194/1736 126/195/107 128/196/108
f 1880/197/1733 3384/198/88 1874/199/1733
f 139/200/117 142/201/120 129/202/109
f 129/202/109 133/203/112 2233/204/2034
f 132/205/111 134/206/111 131/207/111
f 131/207/111 2234/208/2035 130/209/110
f 130/209/110 2234/208/2035 138/210/116
f 2234/208/2035 114/211/97 138/210/116
f 140/212/118 129/213/109 137/214/115
f 140/215/118 139/200/117 129/202/109
f 2236/216/2037 140/212/118 137/214/115
f 142/217/120 139/218/117 140/219/118
f 2237/220/2038 140/219/118 2236/221/2037
f 114/211/97 143/222/88 141/223/119
f 114/211/97 141/223/119 138/210/116
f 3390/224/3142 147/225/123 1881/226/1737
f 1883/227/1739 147/228/123 149/229/125
f 1884/230/124 3388/231/124 1878/232/124
f 151/233/127 2238/234/2039 159/235/134
f 151/236/127 152/237/128 2238/238/2039
f 151/236/127 155/239/131 152/237/128
f 152/237/128 155/239/131 2238/238/2039
f 154/240/130 156/241/130 153/242/129
f 153/242/129 2239/243/2040 150/244/126
f 2239/243/2040 135/245/113 150/244/126
f 163/246/138 151/247/127 161/248/136
f 165/249/139 161/250/136 159/251/134
f 135/245/113 164/252/106 162/253/137
f 135/245/113 162/253/137 160/254/135
f 135/245/113 160/254/135 150/244/126
f 169/255/142 1886/256/1741 1885/257/1740
f 3394/258/3144 167/259/140 1885/260/1740
f 1888/261/1742 169/262/142 171/263/143
f 170/264/122 1882/265/1738 1889/266/1738
f 187/267/157 173/268/145 180/269/151
f 173/270/145 2242/271/2043 2241/272/2042
f 187/273/157 184/274/155 173/275/145
f 173/275/145 176/276/148 2242/277/2043
f 175/278/147 177/279/147 174/280/146
f 174/280/146 2243/281/2044 172/282/144
f 2243/281/2044 157/283/132 172/282/144
f 182/284/153 180/285/151 2241/286/2042
f 184/287/155 187/267/157 180/269/151
f 186/288/156 180/289/151 182/284/153
f 146/241/122 185/290/122 183/291/154
f 157/283/132 183/291/154 181/292/152
f 157/283/132 181/292/152 172/282/144
f 3398/293/3146 190/294/159 1890/295/1743
f 1893/296/1744 190/297/159 192/298/160
f 191/299/141 1887/300/141 1892/301/141
f 194/302/162 2246/303/2047 2245/304/2046
f 206/305/172 203/306/170 194/307/162
f 194/308/162 203/309/170 2246/310/2047
f 196/311/164 197/312/164 195/313/163
f 195/313/163 2248/314/2049 193/315/161
f 2248/314/2049 178/281/149 193/315/161
f 205/316/171 206/317/172 201/318/168
f 205/316/171 201/318/168 2245/319/2046
f 178/281/149 204/320/141 202/321/169
f 178/281/149 202/321/169 200/322/167
f 178/281/149 200/322/167 193/315/161
f 208/323/173 1894/324/1745 3401/325/3147
f 1897/326/1747 210/327/175 212/328/176
f 211/329/158 1891/330/158 1896/331/158
f 214/332/178 2251/333/2052 2250/334/2051
f 226/335/189 223/336/187 214/337/178
f 214/337/178 223/336/187 2251/338/2052
f 216/339/180 2252/340/2053 215/341/179
f 215/341/179 2252/340/2053 213/342/177
f 2252/340/2053 198/314/165 213/342/177
f 223/343/187 226/344/189 221/345/185
f 225/346/188 221/345/185 2250/347/2051
f 189/312/158 224/348/158 222/349/186
f 198/314/165 222/349/186 220/350/184
f 198/314/165 220/350/184 213/342/177
f 229/351/191 1898/352/1748 3404/353/3148
f 1901/354/1749 231/355/193 233/356/194
f 232/357/174 1895/358/1746 1900/359/1746
f 235/360/196 2255/361/2056 2254/362/2055
f 234/363/195 246/364/206 235/360/196
f 235/360/196 239/365/200 2255/361/2056
f 238/366/199 240/367/199 237/368/198
f 237/368/198 2256/369/2057 236/370/197
f 2256/369/2057 218/371/182 236/370/197
f 244/372/204 234/373/195 235/374/196
f 2258/375/2059 244/376/204 2254/377/2055
f 248/378/207 234/373/195 244/372/204
f 248/379/207 244/380/204 2258/381/2059
f 218/371/182 247/382/174 245/383/205
f 218/371/182 245/383/205 243/384/203
f 218/371/182 243/384/203 236/370/197
f 250/385/208 1902/386/1750 3407/387/3149
f 253/388/192 1899/389/192 1905/390/192
f 268/391/224 255/392/212 261/393/218
f 255/394/212 2260/395/2061 2259/396/2060
f 268/397/224 265/398/222 255/399/212
f 255/399/212 258/400/215 2260/401/2061
f 257/402/214 2261/403/2062 256/404/213
f 256/404/213 2261/403/2062 254/405/211
f 2261/403/2062 241/406/201 254/405/211
f 263/407/220 261/408/218 2259/409/2060
f 265/410/222 268/391/224 261/393/218
f 267/411/223 261/412/218 263/407/220
f 241/406/201 266/413/192 264/414/221
f 241/406/201 264/414/221 262/415/219
f 241/406/201 262/415/219 254/405/211
f 272/416/227 1908/417/1755 1907/418/1754
f 270/419/225 1907/420/1754 3411/421/3151
f 1908/422/1755 274/423/229 3414/424/3152
f 273/425/228 1903/426/1751 1910/427/1751
f 290/428/242 287/429/240 276/430/231
f 276/431/231 279/432/233 2263/433/2064
f 278/434/232 280/435/232 277/436/232
f 277/436/232 2264/437/2065 275/438/230
f 275/438/230 2264/437/2065 284/439/237
f 2264/437/2065 259/440/216 284/439/237
f 283/441/236 290/442/242 2263/443/2064
f 285/444/238 290/445/242 283/446/236
f 287/447/240 290/448/242 285/444/238
f 289/449/241 285/444/238 283/446/236
f 251/450/209 288/451/209 286/452/239
f 259/440/216 286/452/239 284/439/237
f 294/453/245 1911/454/1756 3415/455/3153
f 1911/456/1756 294/457/245 296/458/246
f 1911/456/1756 296/458/246 1913/459/1758
f 295/460/226 1909/461/226 1914/462/226
f 298/463/248 2267/464/2068 2266/465/2067
f 310/466/258 307/467/256 298/468/248
f 298/468/248 301/469/250 2267/470/2068
f 300/471/249 2268/472/2069 299/473/249
f 299/473/249 2268/472/2069 297/474/247
f 297/474/247 2268/472/2069 304/475/253
f 2268/472/2069 281/437/234 304/475/253
f 307/476/256 310/477/258 305/478/254
f 309/479/257 305/478/254 2266/480/2067
f 281/437/234 308/481/226 306/482/255
f 281/437/234 306/482/255 304/475/253
f 312/483/259 1915/484/1759 3418/485/3154
f 1915/486/1759 313/487/260 1916/488/1760
f 314/489/261 1912/490/1757 1917/491/1757
f 316/492/263 2271/493/2072 2270/494/2071
f 325/495/271 328/496/274 316/492/263
f 316/492/263 320/497/267 2271/493/2072
f 319/498/266 321/499/266 318/500/265
f 318/500/265 322/501/268 317/502/264
f 317/502/264 322/501/268 324/503/270
f 322/501/268 302/504/251 324/503/270
f 326/505/272 325/506/271 316/507/263
f 2272/508/2073 326/509/272 2270/510/2071
f 330/511/275 325/506/271 326/505/272
f 330/512/275 326/513/272 2272/514/2073
f 302/504/251 329/515/244 327/516/273
f 302/504/251 327/516/273 324/503/270
f 2262/403/2063 2315/517/2063 2313/518/2111
f 2269/519/2070 2277/520/2078 2319/521/2116
f 2265/437/2066 2318/522/2115 2316/523/2113
f 158/243/133 2300/524/2099 2298/525/2097
f 2227/148/2028 2291/526/2091 2289/527/2089
f 2249/314/2050 2306/528/2104 2304/529/2102
f 2208/20/2009 2279/530/2080 2274/531/2075
f 115/178/98 2294/532/2094 2292/533/2092
f 219/371/183 2309/534/2107 2307/535/2105
f 2214/51/2015 2282/536/2015 2280/537/2081
f 2257/369/2058 2312/538/2110 2310/539/2108
f 14/20/10 2276/540/2077 2211/541/2012
f 136/245/114 2297/542/114 2295/543/2095
f 75/114/63 2288/544/2088 2286/545/2086
f 179/281/150 2303/546/166 2301/547/2100
f 56/117/47 2285/548/2085 2283/549/2083
f 2308/550/2106 2321/551/2118 2305/529/2103
f 2290/527/2090 2324/552/2121 2287/545/2087
f 2311/539/2109 2325/553/2122 341/535/286
f 2293/533/2093 2327/554/2124 335/527/280
f 2314/518/2112 2328/555/2125 342/556/287
f 2296/557/2096 2329/558/2126 336/533/281
f 2317/523/2114 2330/559/2127 343/518/288
f 2275/531/2076 2331/560/2128 2278/561/2079
f 2299/525/2098 2332/562/2129 337/543/282
f 2320/563/2117 2334/564/2131 344/523/289
f 2281/537/2082 2335/565/2132 331/531/276
f 2302/547/2101 2336/566/2133 338/567/283
f 346/568/291 362/569/307 345/521/290
f 333/570/278 2322/571/2119 332/537/277
f 340/529/285 2323/572/2120 339/573/284
f 334/545/279 2326/574/2123 2284/549/2084
f 1921/575/1762 366/576/310 364/577/308
f 366/576/310 1921/575/1762 3420/578/3155
f 370/579/313 376/580/318 2337/581/2134
f 380/582/322 383/583/325 376/584/318
f 380/585/322 376/580/318 370/579/313
f 2338/586/2135 372/587/314 371/588/314
f 2338/586/2135 371/588/314 369/589/312
f 2338/586/2135 369/589/312 377/590/319
f 2341/591/2138 2338/586/2135 377/590/319
f 383/583/325 378/592/320 376/593/318
f 378/594/320 2340/595/2137 2337/596/2134
f 383/583/325 380/582/322 378/592/320
f 378/597/320 382/598/324 2340/599/2137
f 381/600/323 2341/591/2138 379/601/321
f 379/601/321 2341/591/2138 377/590/319
f 1927/602/1765 387/603/328 385/604/326
f 387/603/328 1927/602/1765 1925/605/1764
f 3423/606/3156 389/607/329 1925/608/1764
f 1926/609/309 3419/610/309 388/611/309
f 390/612/330 405/613/343 398/614/337
f 392/615/332 405/616/343 390/617/330
f 395/618/334 405/619/343 392/620/332
f 395/621/334 392/615/332 390/617/330
f 2343/622/2140 394/623/333 393/624/333
f 2343/622/2140 393/624/333 391/625/331
f 2343/622/2140 391/625/331 399/626/338
f 374/586/316 2343/622/2140 399/626/338
f 405/619/343 402/627/341 400/628/339
f 400/629/339 404/630/342 2345/631/2142
f 403/632/309 365/633/309 401/634/340
f 401/634/340 374/586/316 399/626/338
f 1929/635/1766 409/636/346 407/637/344
f 3426/638/3158 411/639/347 1932/640/1767
f 1924/641/327 410/642/327 1931/643/327
f 413/644/349 420/645/355 2346/646/2143
f 424/647/359 427/648/361 420/645/355
f 416/649/352 420/645/355 413/644/349
f 417/650/351 415/651/351 414/652/350
f 2347/653/2144 414/652/350 412/654/348
f 396/655/335 2347/653/2144 412/654/348
f 427/648/361 422/656/357 420/645/355
f 422/657/357 2349/658/2146 2346/659/2143
f 427/660/361 424/661/359 422/662/357
f 422/662/357 426/663/360 2349/664/2146
f 425/665/327 396/655/335 423/666/358
f 423/666/358 396/655/335 421/667/356
f 421/667/356 396/655/335 412/654/348
f 1937/668/1769 431/669/364 1933/670/1768
f 1933/670/1768 431/669/364 429/671/362
f 3429/672/3160 433/673/365 1937/674/1769
f 1930/675/345 432/676/345 1936/677/345
f 435/678/367 442/679/373 2350/680/2147
f 447/681/378 444/682/375 442/679/373
f 438/683/370 442/679/373 435/678/367
f 439/684/369 437/685/369 436/686/368
f 2351/687/2148 436/686/368 434/688/366
f 418/689/353 2351/687/2148 434/688/366
f 444/690/375 445/691/376 442/692/373
f 445/693/376 2353/694/2150 2350/695/2147
f 444/690/375 447/696/378 445/691/376
f 445/697/376 449/698/379 2353/699/2150
f 448/700/345 408/701/345 446/702/377
f 446/702/377 418/689/353 443/703/374
f 443/703/374 418/689/353 434/688/366
f 1939/704/1770 453/705/382 451/706/380
f 1942/707/1772 453/708/382 1939/709/1770
f 3432/710/3162 455/711/383 1942/712/1772
f 1935/713/363 454/714/363 1941/715/363
f 456/716/384 469/717/395 2356/718/2153
f 458/719/386 469/720/395 456/721/384
f 461/722/388 469/720/395 458/719/386
f 461/722/388 458/719/386 456/721/384
f 2354/723/2151 460/724/387 459/725/387
f 2354/723/2151 459/725/387 457/726/385
f 2354/723/2151 457/726/385 464/727/391
f 440/728/371 2354/723/2151 464/727/391
f 469/729/395 467/730/394 465/731/392
f 465/732/392 2357/733/2154 2356/734/2153
f 468/735/363 440/728/371 466/736/393
f 466/736/393 440/728/371 464/727/391
f 1946/737/1775 471/738/396 1944/739/1773
f 3434/740/3163 473/741/398 1946/742/1775
f 1940/743/1771 474/744/381 1947/745/1771
f 478/746/402 477/747/401 484/748/408
f 2359/749/2156 478/750/402 2358/751/2155
f 487/752/411 477/747/401 478/746/402
f 481/753/405 478/754/402 2359/755/2156
f 2360/756/2157 480/757/404 479/758/403
f 2360/756/2157 479/758/403 476/759/400
f 2360/756/2157 476/759/400 485/760/409
f 462/761/389 2360/756/2157 485/760/409
f 484/762/408 2362/763/2159 2358/764/2155
f 477/747/401 489/765/412 484/748/408
f 484/762/408 489/766/412 2362/763/2159
f 488/767/381 462/761/389 486/768/410
f 486/768/410 462/761/389 485/760/409
f 1949/769/1776 491/770/413 3435/771/3164
f 1952/772/1778 493/773/415 1949/774/1776
f 3437/775/3165 495/776/417 1952/777/1778
f 1945/778/1774 494/779/416 1951/780/1774
f 509/781/429 512/782/431 505/783/425
f 500/784/421 505/783/425 497/785/419
f 501/786/420 499/787/420 498/788/420
f 2363/789/2160 498/788/420 496/790/418
f 2363/789/2160 496/790/418 506/791/426
f 482/792/406 2363/789/2160 506/791/426
f 505/793/425 507/794/427 504/795/424
f 512/782/431 507/796/427 505/783/425
f 507/794/427 2365/797/2162 504/795/424
f 512/798/431 511/799/430 507/800/427
f 507/800/427 511/799/430 2365/801/2162
f 510/802/397 482/792/406 508/803/428
f 508/803/428 482/792/406 506/791/426
f 1956/804/1780 514/805/432 1953/806/1779
f 3439/807/3166 516/808/434 1956/809/1780
f 1950/810/1777 517/811/435 1957/812/1777
f 519/813/437 533/814/450 2368/815/2165
f 521/816/439 533/817/450 519/818/437
f 524/819/442 533/817/450 521/816/439
f 524/819/442 521/816/439 519/818/437
f 2366/820/2163 523/821/441 522/822/440
f 2366/820/2163 522/822/440 520/823/438
f 502/824/422 2366/820/2163 520/823/438
f 533/825/450 530/826/448 528/827/446
f 528/828/446 532/829/449 2368/830/2165
f 531/831/414 502/824/422 529/832/447
f 529/832/447 502/824/422 527/833/445
f 527/833/445 502/824/422 520/823/438
f 1962/834/1782 535/835/451 1958/836/1781
f 537/837/453 1962/838/1782 3441/839/3167
f 1955/840/433 538/841/454 1961/842/433
f 541/843/457 547/844/463 548/845/464
f 2370/846/2167 541/847/457 2369/848/2166
f 551/849/467 547/850/463 541/851/457
f 544/852/460 541/851/457 2370/853/2167
f 2371/854/2168 543/855/459 542/856/458
f 2371/854/2168 542/856/458 540/857/456
f 525/858/443 2371/854/2168 540/857/456
f 548/859/464 2373/860/2170 2369/861/2166
f 547/844/463 551/862/467 548/845/464
f 548/863/464 553/864/468 2373/860/2170
f 552/865/433 525/858/443 550/866/466
f 550/866/466 525/858/443 549/867/465
f 549/867/465 525/858/443 540/857/456
f 1967/868/1784 556/869/470 1964/870/1783
f 558/871/471 1967/872/1784 3444/873/3169
f 1960/874/452 557/875/452 1966/876/452
f 561/877/474 573/878/484 568/879/480
f 560/880/473 561/881/474 2374/882/2171
f 570/883/482 573/878/484 561/877/474
f 570/884/482 561/885/474 560/886/473
f 564/887/476 563/888/476 562/889/475
f 2376/890/2173 562/889/475 559/891/472
f 545/892/461 2376/890/2173 559/891/472
f 573/893/484 572/894/483 568/895/480
f 568/895/480 572/894/483 2374/896/2171
f 571/897/452 536/898/452 569/899/481
f 569/899/481 545/892/461 567/900/479
f 567/900/479 545/892/461 559/891/472
f 1970/901/1786 577/902/487 575/903/485
f 1970/901/1786 575/903/485 1969/904/1785
f 577/905/487 1972/906/1788 3447/907/3171
f 1973/908/469 3443/909/469 578/910/469
f 2378/911/2175 580/912/489 2381/913/2178
f 590/914/498 593/915/500 580/916/489
f 583/917/492 580/918/489 2378/919/2175
f 584/920/491 582/921/491 581/922/490
f 2379/923/2176 581/922/490 579/924/488
f 565/890/477 2379/923/2176 579/924/488
f 593/925/500 590/926/498 588/927/496
f 588/927/496 592/928/499 2381/929/2178
f 591/930/469 565/890/477 589/931/497
f 589/931/497 565/890/477 587/932/495
f 587/932/495 565/890/477 579/924/488
f 1977/933/1791 595/934/501 1974/935/1789
f 597/936/503 1977/937/1791 3449/938/3172
f 1978/939/1787 3445/940/486 598/941/486
f 601/942/506 607/943/512 2382/944/2179
f 611/945/516 614/946/518 607/943/512
f 604/947/509 607/943/512 601/942/506
f 2383/948/2180 603/949/508 602/950/507
f 2383/948/2180 602/950/507 600/951/505
f 585/952/493 2383/948/2180 600/951/505
f 614/953/518 609/954/514 607/955/512
f 609/956/514 2385/957/2182 2382/958/2179
f 614/953/518 611/959/516 609/954/514
f 609/960/514 613/961/517 2385/962/2182
f 612/963/486 576/964/486 610/965/515
f 610/965/515 585/952/493 608/966/513
f 608/966/513 585/952/493 600/951/505
f 1979/967/1792 618/968/521 616/969/519
f 1979/970/1792 616/971/519 1981/972/1793
f 620/973/522 1984/974/1794 3451/975/3173
f 1983/976/1790 3448/977/502 619/978/502
f 622/979/524 628/980/530 629/981/531
f 2387/982/2184 622/983/524 2386/984/2183
f 625/985/527 628/986/530 622/987/524
f 625/985/527 622/987/524 2387/988/2184
f 2388/989/2185 624/990/526 623/991/525
f 2388/989/2185 623/991/525 621/992/523
f 605/993/510 2388/989/2185 621/992/523
f 629/994/531 2390/995/2187 2386/996/2183
f 628/980/530 632/997/534 629/981/531
f 629/998/531 632/999/534 2390/995/2187
f 633/1000/502 605/993/510 631/1001/533
f 631/1001/533 605/993/510 630/1002/532
f 630/1002/532 605/993/510 621/992/523
f 1986/1003/1795 638/1004/538 636/1005/536
f 1986/1006/1795 636/1007/536 3452/1008/3174
f 638/1004/538 1986/1003/1795 1989/1009/1797
f 640/1010/540 1989/1011/1797 3454/1012/3175
f 1988/1013/520 3450/1014/539 639/1015/539
f 645/1016/545 656/1017/554 642/1018/542
f 645/1019/545 642/1020/542 649/1021/548
f 646/1022/544 644/1023/544 643/1024/543
f 2391/1025/2188 643/1024/543 641/1026/541
f 2391/1025/2188 641/1026/541 650/1027/549
f 626/989/528 2391/1025/2188 650/1027/549
f 656/1028/554 2393/1029/2190 649/1030/548
f 656/1031/554 651/1032/550 2393/1033/2190
f 656/1034/554 653/1035/552 651/1032/550
f 651/1032/550 655/1036/553 2393/1033/2190
f 654/1037/520 626/989/528 652/1038/551
f 652/1038/551 626/989/528 650/1027/549
f 1990/1039/1798 660/1040/557 658/1041/555
f 662/1042/558 1994/1043/1800 3456/1044/3176
f 1993/1045/1796 3453/1046/537 661/1047/537
f 664/1048/560 665/1049/561 2394/1050/2191
f 675/1051/570 672/1052/567 665/1053/561
f 668/1054/563 665/1053/561 664/1055/560
f 2395/1056/2192 667/1057/562 666/1058/562
f 2395/1056/2192 666/1058/562 663/1059/559
f 2395/1056/2192 663/1059/559 671/1060/566
f 647/1061/546 2395/1056/2192 671/1060/566
f 672/1062/567 675/1063/570 673/1064/568
f 673/1064/568 677/1065/571 2394/1066/2191
f 676/1067/537 647/1061/546 674/1068/569
f 674/1068/569 647/1061/546 671/1060/566
f 1995/1069/1801 680/1070/573 679/1071/572
f 3457/1072/3177 682/1073/575 1998/1074/1802
f 1997/1075/1799 3455/1076/574 681/1077/574
f 684/1078/577 690/1079/582 2397/1080/2194
f 694/1081/586 697/1082/588 690/1079/582
f 687/1083/579 690/1079/582 684/1078/577
f 688/1084/580 686/1085/578 685/1086/578
f 688/1084/580 685/1086/578 683/1087/576
f 688/1084/580 683/1087/576 691/1088/583
f 669/1089/564 688/1084/580 691/1088/583
f 697/1090/588 692/1091/584 690/1092/582
f 692/1093/584 2398/1094/2195 2397/1095/2194
f 697/1090/588 696/1096/587 692/1091/584
f 692/1097/584 696/1098/587 2398/1099/2195
f 695/1100/556 669/1089/564 693/1101/585
f 693/1101/585 669/1089/564 691/1088/583
f 2389/989/2186 2441/1102/2186 648/1103/547
f 2396/1104/2193 2403/1105/2200 689/1106/581
f 2392/1025/2189 2444/1107/2237 670/1108/565
f 526/820/444 2426/1109/2221 2372/1110/2169
f 2355/723/2152 2417/1111/2213 2361/1112/2158
f 2377/890/2174 2432/1113/2226 2380/1114/2177
f 2339/586/2136 2405/1115/2202 397/1116/336
f 483/756/407 2420/1117/2216 2364/1118/2161
f 586/1119/494 2435/1120/2229 606/1121/511
f 2344/622/2141 2408/1122/2141 2348/1123/2145
f 2384/948/2181 2438/1124/2232 627/1125/529
f 2402/1126/2199 375/586/317 2342/1127/2139
f 503/824/423 2423/1128/423 2367/1129/2164
f 441/687/372 2414/1130/2210 463/1131/390
f 546/854/462 2429/1132/478 566/1133/478
f 419/689/354 2411/1134/2207 2352/1135/2149
f 2447/1136/2240 2434/1137/2228 2431/1138/2225
f 2450/1139/2243 2416/1140/2212 2413/1141/2209
f 2451/1142/2244 2437/1143/2231 708/1144/599
f 2453/1145/2246 2419/1146/2215 702/1140/593
f 2454/1147/2247 2440/1148/2234 709/1143/600
f 2455/1149/2248 2422/1150/2218 703/1146/594
f 2456/1151/2249 2443/1152/2236 710/1153/601
f 2457/1154/2250 2401/1155/2198 2404/1156/2201
f 2458/1157/2251 2425/1158/2220 704/1159/595
f 2460/1160/2253 2446/1161/2239 711/1152/602
f 2461/1162/2254 2407/1163/2204 698/1155/589
f 2462/1164/2255 2428/1165/2223 705/1166/596
f 729/1167/620 713/1156/604 712/1168/603
f 2448/1169/2241 700/1170/591 699/1171/590
f 2449/1172/2242 707/1173/598 706/1174/597
f 2452/1175/2245 701/1141/592 2410/1176/2206
f 1999/1177/1803 2466/1178/2259 2000/1179/1804
f 2002/1180/1806 2463/1181/2256 2466/1178/2259
f 2003/1182/1807 2464/1183/2257 2001/1184/1805
f 2000/1185/1804 2465/1186/2258 2003/1187/1807
f 2004/1188/1808 2464/1189/2257 2463/1190/2256
f 737/1191/628 2473/1192/2266 736/1193/627
f 734/1194/625 2470/1195/2263 733/1196/624
f 731/1197/622 2467/1198/2260 2474/1199/2267
f 732/1200/623 2467/1201/2260 731/1202/622
f 735/1203/626 744/1204/635 734/1205/625
f 736/1206/627 2472/1207/2265 735/1203/626
f 739/1208/630 2477/1209/2270 2476/1210/2269
f 739/1208/630 2478/1211/2271 2477/1209/2270
f 741/1212/632 2478/1211/2271 740/1213/631
f 741/1212/632 2479/1214/2272 2478/1211/2271
f 746/1215/637 2483/1216/2276 745/1217/636
f 742/1218/633 2479/1214/2272 741/1212/632
f 742/1218/633 2480/1219/2273 2479/1214/2272
f 738/1220/629 2475/1221/2268 747/1222/638
f 738/1220/629 2476/1210/2269 2475/1221/2268
f 747/1222/638 2485/1223/2278 2484/1224/2277
f 750/1225/641 884/1226/775 749/1227/640
f 748/1228/639 883/1229/774 753/1230/644
f 753/1230/644 887/1231/778 752/1232/643
f 2005/1233/1809 2489/1234/2282 2006/1235/1810
f 2008/1236/1812 2486/1237/2279 2489/1234/2282
f 2009/1238/1813 2487/1239/2280 2007/1240/1811
f 2006/1241/1810 2488/1242/2281 2009/1243/1813
f 2011/1244/1815 2487/1239/2280 2486/1245/2279
f 764/1246/655 2496/1247/2289 763/1248/654
f 760/1249/651 2494/1250/2287 759/1251/650
f 761/1252/652 2494/1250/2287 760/1249/651
f 761/1252/652 772/1253/663 2494/1250/2287
f 757/1254/648 2491/1255/2284 756/1256/647
f 762/1257/653 772/1258/663 761/1259/652
f 758/1260/649 2492/1261/2285 757/1254/648
f 758/1260/649 2493/1262/2286 2492/1261/2285
f 763/1263/654 2495/1264/2288 762/1257/653
f 755/1265/646 2497/1266/2290 764/1246/655
f 767/1267/658 2500/1268/2293 766/1269/657
f 771/1270/662 2506/1271/2299 2505/1272/2298
f 767/1267/658 2501/1273/2294 2500/1268/2293
f 773/1274/664 2506/1271/2299 771/1270/662
f 773/1274/664 781/1275/672 2506/1271/2299
f 774/1276/665 781/1275/672 773/1274/664
f 774/1276/665 2507/1277/2300 781/1275/672
f 765/1278/656 2498/1279/2291 776/1280/667
f 775/1281/666 2507/1277/2300 774/1276/665
f 770/1282/661 2503/1283/2296 769/1284/660
f 765/1278/656 2499/1285/2292 2498/1279/2291
f 771/1270/662 2504/1286/2297 770/1282/661
f 766/1269/657 2499/1285/2292 765/1278/656
f 766/1269/657 2500/1268/2293 2499/1285/2292
f 776/1280/667 2498/1279/2291 2509/1287/2302
f 782/1288/673 892/1289/783 784/1290/675
f 779/1291/670 889/1292/780 778/1293/669
f 780/1294/671 890/1295/781 779/1291/670
f 783/1296/674 785/1297/676 782/1298/673
f 778/1299/669 888/1300/779 777/1301/668
f 2015/1302/1819 2510/1303/2303 2514/1304/2307
f 2012/1305/1816 2514/1304/2307 2013/1306/1817
f 2016/1307/1820 2512/1308/2305 2014/1309/1818
f 2017/1310/1821 2511/1311/2304 2510/1312/2303
f 2013/1313/1817 2513/1314/2306 2016/1315/1820
f 790/1316/681 2519/1317/2312 789/1318/680
f 786/1319/677 2516/1320/2309 2515/1321/2308
f 793/1322/684 2515/1321/2308 2524/1323/2317
f 788/1324/679 2517/1325/2310 787/1326/678
f 789/1318/680 2518/1327/2311 788/1328/679
f 789/1318/680 2519/1317/2312 2518/1327/2311
f 786/1319/677 2515/1321/2308 793/1322/684
f 796/1329/687 2526/1330/2319 795/1331/686
f 800/1332/691 2531/1333/2324 2521/1334/2314
f 797/1335/688 2527/1336/2320 796/1329/687
f 797/1335/688 2528/1337/2321 2527/1336/2320
f 801/1338/692 2533/1339/2326 800/1332/691
f 798/1340/689 2528/1337/2321 797/1335/688
f 798/1340/689 2529/1341/2322 2528/1337/2321
f 794/1342/685 2525/1343/2318 803/1344/694
f 802/1345/693 2534/1346/2327 801/1338/692
f 802/1345/693 2535/1347/2328 2534/1346/2327
f 799/1348/690 2529/1341/2322 798/1340/689
f 803/1344/694 2535/1347/2328 802/1345/693
f 794/1342/685 2526/1330/2319 2525/1343/2318
f 807/1349/698 897/1350/788 806/1351/697
f 808/1352/699 898/1353/789 807/1354/698
f 806/1355/697 896/1356/787 805/1357/696
f 2018/1358/1822 2540/1359/2333 2019/1360/1823
f 2021/1361/1825 2536/1362/2329 2540/1359/2333
f 2022/1363/1826 2538/1364/2331 2020/1365/1824
f 2019/1366/1823 2538/1367/2331 2022/1368/1826
f 2024/1369/1828 2537/1370/2330 2536/1371/2329
f 819/1372/710 2548/1373/2341 818/1374/709
f 815/1375/706 2545/1376/2338 814/1377/705
f 810/1378/701 2542/1379/2335 2541/1380/2334
f 816/1381/707 2546/1382/2339 815/1375/706
f 812/1383/703 2542/1384/2335 811/1385/702
f 817/1386/708 2547/1387/2340 816/1388/707
f 812/1383/703 2544/1389/2337 2543/1390/2336
f 818/1391/709 2547/1387/2340 817/1386/708
f 814/1377/705 2544/1392/2337 813/1393/704
f 810/1378/701 2549/1394/2342 819/1372/710
f 821/1395/712 2553/1396/2346 2552/1397/2345
f 826/1398/717 2559/1399/2352 2558/1400/2351
f 827/1401/718 2559/1399/2352 826/1398/717
f 827/1401/718 835/1402/726 2559/1399/2352
f 823/1403/714 2554/1404/2347 822/1405/713
f 823/1403/714 2555/1406/2348 2554/1404/2347
f 820/1407/711 2550/1408/2343 830/1409/721
f 829/1410/720 2560/1411/2353 828/1412/719
f 825/1413/716 2557/1414/2350 824/1415/715
f 820/1407/711 2551/1416/2344 2550/1408/2343
f 825/1413/716 2558/1400/2351 2557/1414/2350
f 821/1395/712 2551/1416/2344 820/1407/711
f 830/1409/721 2562/1417/2355 829/1410/720
f 830/1409/721 2550/1408/2343 2562/1417/2355
f 837/1418/728 840/1419/731 836/1420/727
f 839/1421/730 901/1422/792 834/1423/725
f 2025/1424/1829 2569/1425/2362 2026/1426/1830
f 2028/1427/1832 2564/1428/2357 2563/1429/2356
f 2029/1430/1833 2567/1431/2360 2027/1432/1831
f 2030/1433/1834 2565/1434/2358 2564/1435/2357
f 2031/1436/1835 2568/1437/2361 2029/1438/1833
f 2032/1439/1836 2566/1440/2359 2565/1441/2358
f 2026/1442/1830 2568/1437/2361 2031/1436/1835
f 2025/1424/1829 2563/1429/2356 2569/1425/2362
f 865/1443/756 2597/1444/2390 2596/1445/2389
f 842/1446/733 2570/1447/2363 841/1448/732
f 854/1449/745 2583/1450/2376 853/1451/744
f 848/1452/739 2577/1453/2370 847/1454/738
f 843/1455/734 2571/1456/2364 842/1446/733
f 843/1455/734 2572/1457/2365 2571/1456/2364
f 850/1458/741 2580/1459/2373 849/1460/740
f 845/1461/736 2572/1457/2365 844/1462/735
f 851/1463/742 2580/1459/2373 850/1458/741
f 845/1461/736 2574/1464/2367 2573/1465/2366
f 852/1466/743 2581/1467/2374 851/1463/742
f 846/1468/737 2576/1469/2369 2575/1470/2368
f 853/1451/744 2582/1471/2375 852/1466/743
f 858/1472/749 2589/1473/2382 2588/1474/2381
f 866/1475/757 2597/1444/2390 2579/1476/2372
f 859/1477/750 2590/1478/2383 2589/1473/2382
f 867/1479/758 2598/1480/2391 866/1475/757
f 860/1481/751 2590/1478/2383 859/1477/750
f 867/1479/758 2599/1482/2392 2598/1480/2391
f 860/1481/751 2591/1483/2384 2590/1478/2383
f 868/1484/759 2600/1485/2393 2599/1482/2392
f 862/1486/753 2592/1487/2385 861/1488/752
f 869/1489/760 2600/1485/2393 868/1484/759
f 863/1490/754 2593/1491/2386 862/1486/753
f 855/1492/746 2585/1493/2378 872/1494/763
f 870/1495/761 2601/1496/2394 869/1489/760
f 863/1490/754 2595/1497/2388 2594/1498/2387
f 871/1499/762 2602/1500/2395 870/1495/761
f 857/1501/748 2587/1502/2380 856/1503/747
f 857/1501/748 2588/1474/2381 2587/1502/2380
f 872/1494/763 2585/1493/2378 2603/1504/2396
f 879/1505/770 882/1506/773 878/1507/769
f 880/1508/771 908/1509/799 879/1505/770
f 873/1510/764 910/1511/801 881/1512/772
f 877/1513/768 906/1514/797 876/1515/767
f 881/1512/772 909/1516/800 880/1517/771
f 874/1518/765 903/1519/794 873/1520/764
f 836/1521/727 901/1422/792 839/1421/730
f 784/1290/675 891/1522/782 780/1523/671
f 749/1524/640 883/1525/774 748/1526/639
f 804/1527/695 894/1528/785 808/1529/699
f 831/1530/722 899/1531/790 837/1418/728
f 751/1532/642 885/1533/776 750/1225/641
f 754/1534/645 885/1533/776 751/1532/642
f 832/1535/723 899/1536/790 831/1537/722
f 875/1538/766 905/1539/796 874/1518/765
f 777/1540/668 888/1541/779 783/1296/674
f 805/1357/696 895/1542/786 804/1543/695
f 838/1544/729 899/1536/790 832/1535/723
f 752/1545/643 754/1546/645 751/1547/642
f 833/1548/724 838/1549/729 832/1550/723
f 876/1515/767 905/1551/796 875/1552/766
f 834/1553/725 900/1554/791 833/1548/724
f 878/1555/769 907/1556/798 877/1513/768
f 882/1506/773 907/1557/798 878/1507/769
f 2605/1558/1838 2604/1559/1838 2035/1560/1838
f 2037/1561/1840 2606/1562/2397 2033/1563/1837
f 912/1564/803 2611/1565/2402 2610/1566/2401
f 912/1567/803 2609/1568/2400 2036/1569/1839
f 913/1570/804 914/1571/805 2611/1572/2402
f 916/1573/807 918/1574/809 914/1571/805
f 914/1571/805 918/1574/809 2612/1575/2403
f 2607/1576/2398 2039/1577/1842 2608/1578/2399
f 916/1579/807 919/1580/810 2613/1581/2404
f 929/1582/820 2629/1583/2420 928/1584/819
f 922/1585/813 2619/1586/2410 921/1587/812
f 2043/1588/1846 2622/1589/2413 2042/1590/1845
f 2617/1591/2408 2622/1589/2413 2040/1592/1843
f 920/1593/811 2617/1594/2408 2040/1595/1843
f 2615/1596/2406 2620/1597/2411 922/1598/813
f 921/1599/812 2618/1600/2409 920/1593/811
f 2042/1601/1845 933/1602/824 2615/1596/2406
f 921/1587/812 2619/1586/2410 2618/1603/2409
f 929/1582/820 2630/1604/2421 2629/1583/2420
f 923/1605/814 2624/1606/2415 2623/1607/2414
f 936/1608/827 2634/1609/2425 935/1610/826
f 930/1611/821 2630/1604/2421 929/1582/820
f 930/1611/821 948/1612/839 2630/1604/2421
f 925/1613/816 2625/1614/2416 924/1615/815
f 931/1616/822 948/1612/839 930/1611/821
f 926/1617/817 2626/1618/2417 925/1613/816
f 931/1616/822 2632/1619/2423 2631/1620/2422
f 927/1621/818 2627/1622/2418 926/1617/817
f 2621/1623/2412 2632/1619/2423 932/1624/823
f 927/1621/818 2628/1625/2419 2627/1622/2418
f 923/1605/814 2635/1626/2426 936/1608/827
f 940/1627/831 2640/1628/2431 2639/1629/2430
f 947/1630/838 2648/1631/2439 2647/1632/2438
f 941/1633/832 2640/1628/2431 940/1627/831
f 950/1634/841 2648/1631/2439 949/1635/840
f 941/1633/832 2642/1636/2433 2641/1637/2432
f 952/1638/843 2649/1639/2440 951/1619/842
f 943/1640/834 2644/1641/2435 2643/1642/2434
f 952/1638/843 2651/1643/2442 2650/1644/2441
f 945/1645/836 2644/1641/2435 944/1646/835
f 937/1647/828 2636/1648/2427 955/1649/846
f 945/1645/836 2646/1650/2437 2645/1651/2436
f 938/1652/829 2638/1653/2429 2637/1654/2428
f 939/1655/830 2638/1653/2429 938/1652/829
f 947/1630/838 2646/1650/2437 946/1656/837
f 955/1649/846 2636/1648/2427 2653/1657/2444
f 958/1658/849 1014/1659/905 957/1660/848
f 962/1661/853 1017/1662/908 964/1663/855
f 956/1664/847 1019/1665/910 963/1666/854
f 963/1666/854 1018/1667/909 962/1668/853
f 960/1669/851 1015/1670/906 959/1671/850
f 957/1660/848 1013/1672/904 956/1673/847
f 2045/1674/1848 2655/1675/1848 2654/1676/1848
f 965/1677/856 2657/1678/2446 2044/1679/1847
f 966/1680/857 2659/1681/2448 968/1682/859
f 965/1683/856 968/1682/859 2658/1684/2447
f 2046/1685/1849 2660/1686/2449 2048/1687/1851
f 2047/1688/1850 2657/1678/2446 2656/1689/2445
f 2051/1690/1854 2662/1691/2451 2668/1692/2457
f 2051/1690/1854 2668/1692/2457 2052/1693/1855
f 971/1694/862 2665/1695/2454 970/1696/861
f 2053/1697/1856 2663/1698/2452 2662/1699/2451
f 2054/1700/1857 2666/1701/2455 2050/1702/1853
f 970/1703/861 2664/1704/2453 969/1705/860
f 2052/1706/1855 2666/1701/2455 2054/1700/1857
f 983/1707/874 2680/1708/2469 982/1709/873
f 972/1710/863 2670/1711/2459 2669/1712/2458
f 983/1707/874 2682/1713/2471 2681/1714/2470
f 974/1715/865 2670/1711/2459 973/1716/864
f 980/1717/871 2677/1718/2466 2676/1719/2465
f 975/1720/866 2671/1721/2460 974/1715/865
f 2667/1722/2456 2677/1718/2466 980/1717/871
f 2667/1722/2456 2678/1723/2467 2677/1718/2466
f 976/1724/867 2672/1725/2461 975/1720/866
f 981/1726/872 2678/1723/2467 2667/1722/2456
f 977/1727/868 2673/1728/2462 976/1724/867
f 981/1726/872 2680/1708/2469 2679/1729/2468
f 997/1730/888 2693/1731/2482 996/1732/887
f 989/1733/880 2686/1734/2475 988/1735/879
f 998/1736/889 2695/1737/2484 997/1730/888
f 990/1738/881 2687/1739/2476 989/1733/880
f 998/1736/889 2696/1740/2485 2695/1737/2484
f 992/1741/883 2689/1742/2478 991/1743/882
f 1000/1744/891 2697/1745/2486 999/1746/890
f 992/1741/883 2690/1747/2479 2689/1742/2478
f 985/1748/876 2683/1749/2472 1003/1750/894
f 1001/1751/892 2699/1752/2488 1000/1744/891
f 994/1753/885 2691/1754/2480 993/1755/884
f 985/1748/876 2684/1756/2473 2683/1749/2472
f 1001/1751/892 2700/1757/2489 2699/1752/2488
f 994/1753/885 2692/1758/2481 2691/1754/2480
f 987/1759/878 2685/1760/2474 986/1761/877
f 1003/1750/894 2701/1762/2490 1002/1714/893
f 996/1732/887 2692/1758/2481 995/1763/886
f 987/1759/878 2686/1734/2475 2685/1760/2474
f 1003/1750/894 2683/1749/2472 2701/1762/2490
f 1008/1764/899 1022/1765/913 1012/1766/903
f 1006/1767/897 1020/1768/911 1005/1769/896
f 1009/1770/900 1023/1771/914 1008/1772/899
f 964/1663/855 1016/1773/907 960/1774/851
f 1004/1775/895 1024/1776/915 1009/1770/900
f 1010/1777/901 1024/1776/915 1004/1775/895
f 1005/1769/896 1010/1778/901 1004/1779/895
f 1007/1780/898 1021/1781/912 1006/1782/897
f 1011/1783/902 1021/1781/912 1007/1780/898
f 959/1671/850 1015/1670/906 958/1784/849
f 1012/1766/903 1011/1785/902 1007/1786/898
f 2703/1787/2492 2055/1788/1858 2059/1789/1862
f 2706/1790/2495 2056/1791/1859 2057/1792/1860
f 2060/1793/1863 2706/1790/2495 2057/1792/1860
f 2055/1788/1858 2704/1794/2493 2058/1795/1861
f 2702/1796/2491 2059/1797/1862 2056/1798/1859
f 2058/1799/1861 2705/1800/2494 2060/1801/1863
f 1040/1802/931 2720/1803/2509 2711/1804/2500
f 1032/1805/923 2713/1806/2502 1033/1807/924
f 2709/1808/2498 1029/1809/920 1028/1810/919
f 1025/1811/916 2707/1812/2496 1026/1813/917
f 2710/1814/2499 1030/1815/921 1029/1809/920
f 2707/1816/2496 1027/1817/918 1026/1818/917
f 2710/1819/2499 1031/1820/922 1030/1821/921
f 1027/1817/918 2708/1822/2497 1028/1823/919
f 2712/1824/2501 1032/1825/923 1031/1820/922
f 2714/1826/2503 1025/1811/916 1033/1807/924
f 2716/1827/2505 1036/1828/927 1035/1829/926
f 2717/1830/2506 1037/1831/928 1036/1828/927
f 2711/1804/2500 2721/1832/2510 1041/1833/932
f 2717/1830/2506 1038/1834/929 1037/1831/928
f 2722/1835/2511 1042/1836/933 1041/1833/932
f 2718/1837/2507 1039/1838/930 1038/1834/929
f 1039/1838/930 2719/1839/2508 1040/1802/931
f 2723/1840/2512 1043/1841/934 1042/1836/933
f 1034/1842/925 2716/1827/2505 1035/1829/926
f 1043/1841/934 2724/1843/2513 1034/1842/925
f 2726/1844/2515 2061/1845/1864 2066/1846/1869
f 2729/1847/2518 2062/1848/1865 2063/1849/1866
f 2067/1850/1870 2728/1851/2517 2063/1849/1866
f 2061/1845/1864 2727/1852/2516 2064/1853/1867
f 2725/1854/2514 2065/1855/1868 2062/1856/1865
f 2726/1857/2515 2066/1858/1869 2065/1855/1868
f 2064/1859/1867 2728/1860/2517 2067/1861/1870
f 2737/1862/2526 1063/1863/954 1062/1864/953
f 1057/1865/948 2734/1866/2523 1058/1867/949
f 1053/1868/944 2730/1869/2519 1054/1870/945
f 1058/1867/949 2735/1871/2524 1059/1872/950
f 2731/1873/2520 1055/1874/946 1054/1875/945
f 2736/1876/2525 1060/1877/951 1059/1878/950
f 1060/1877/951 2736/1876/2525 1061/1879/952
f 2732/1880/2521 1056/1881/947 1055/1874/946
f 1061/1879/952 2737/1882/2526 1062/1883/953
f 2733/1884/2522 1057/1865/948 1056/1885/947
f 2738/1886/2527 1053/1868/944 1063/1863/954
f 1065/1887/956 2741/1888/2530 1066/1889/957
f 2747/1890/2536 1071/1891/962 1070/1892/961
f 1066/1889/957 2742/1893/2531 1067/1894/958
f 2748/1895/2537 1072/1896/963 1071/1891/962
f 1067/1894/958 2743/1897/2532 1068/1898/959
f 2739/1899/2528 1064/1900/955 1074/1901/965
f 2750/1902/2539 1073/1903/964 1072/1896/963
f 2744/1904/2533 1069/1905/960 1068/1898/959
f 2745/1906/2534 1070/1892/961 1069/1905/960
f 2740/1907/2529 1065/1887/956 1064/1900/955
f 1073/1903/964 2751/1908/2540 1074/1901/965
f 1085/1909/976 1080/1910/971 1079/1911/970
f 1083/1912/974 1078/1913/969 1077/1914/968
f 1086/1915/977 1081/1916/972 1080/1910/971
f 1084/1917/975 1079/1918/970 1078/1913/969
f 1087/1919/978 1075/1920/966 1081/1921/972
f 1082/1922/973 1077/1923/968 1076/1924/967
f 2753/1925/2542 2068/1926/1871 2072/1927/1875
f 2752/1928/2541 2069/1929/1872 2070/1930/1873
f 2073/1931/1876 2755/1932/2544 2070/1930/1873
f 2068/1926/1871 2754/1933/2543 2071/1934/1874
f 2753/1935/2542 2072/1936/1875 2069/1937/1872
f 2071/1938/1874 2755/1939/2544 2073/1940/1876
f 1101/1941/992 2770/1942/2559 2761/1943/2550
f 1095/1944/986 2763/1945/2552 1096/1946/987
f 2760/1947/2549 1093/1948/984 1092/1949/983
f 1088/1950/979 2756/1951/2545 1089/1952/980
f 1093/1948/984 1102/1953/993 1094/1954/985
f 2758/1955/2547 1090/1956/981 1089/1957/980
f 1090/1956/981 2758/1955/2547 1091/1958/982
f 1094/1959/985 2762/1960/2551 1095/1961/986
f 2759/1962/2548 1092/1949/983 1091/1963/982
f 2756/1951/2545 1088/1950/979 1096/1946/987
f 1097/1964/988 2765/1965/2554 1098/1966/989
f 2761/1943/2550 2771/1967/2560 1103/1968/994
f 2767/1969/2556 1099/1970/990 1098/1966/989
f 2773/1971/2562 1104/1972/995 1103/1968/994
f 2768/1973/2557 1100/1974/991 1099/1970/990
f 2764/1975/2553 1097/1964/988 1106/1976/997
f 2774/1977/2563 1105/1978/996 1104/1972/995
f 2769/1979/2558 1101/1941/992 1100/1974/991
f 2774/1977/2563 1106/1976/997 1105/1978/996
f 1115/1980/1006 1112/1981/1003 1111/1982/1002
f 1113/1983/1004 1111/1984/1002 1110/1985/1001
f 1116/1986/1007 1107/1987/998 1112/1988/1003
f 2776/1989/2565 2074/1990/1877 2079/1991/1882
f 2779/1992/2568 2075/1993/1878 2076/1994/1879
f 2080/1995/1883 2779/1992/2568 2076/1994/1879
f 2074/1990/1877 2777/1996/2566 2077/1997/1880
f 2775/1998/2564 2078/1999/1881 2075/2000/1878
f 2776/2001/2565 2079/2002/1882 2078/1999/1881
f 2077/2003/1880 2778/2004/2567 2080/2005/1883
f 2799/2006/2588 2787/2007/2576 1132/2008/1023
f 2785/2009/2574 1122/2010/1013 1121/2011/1012
f 2780/2012/2569 1117/2013/1008 1126/2014/1017
f 1125/2015/1016 2790/2016/2579 1126/2014/1017
f 1117/2017/1008 2781/2018/2570 1118/2019/1009
f 1122/2010/1013 2786/2020/2575 1123/2021/1014
f 2782/2022/2571 1119/2023/1010 1118/2019/1009
f 1123/2024/1014 2788/2025/2577 1124/2026/1015
f 1119/2023/1010 2783/2027/2572 1120/2028/1011
f 1124/2026/1015 2789/2029/2578 1125/2030/1016
f 2784/2031/2573 1121/2011/1012 1120/2032/1011
f 1127/2033/1018 2793/2034/2582 1128/2035/1019
f 1128/2035/1019 2794/2036/2583 1129/2037/1020
f 2787/2007/2576 2802/2038/2591 1133/2039/1024
f 1129/2037/1020 2795/2040/2584 1130/2041/1021
f 2803/2042/2592 1134/2043/1025 1133/2039/1024
f 2796/2044/2585 1131/2045/1022 1130/2041/1021
f 1136/2046/1027 2791/2047/2580 1127/2033/1018
f 1134/2043/1025 2804/2048/2593 1135/2049/1026
f 1131/2045/1022 2797/2050/2586 1132/2008/1023
f 1135/2049/1026 2805/2051/2594 1136/2046/1027
f 1145/2052/1036 1137/2053/1028 1142/2054/1033
f 1144/2055/1035 1138/2056/1029 1137/2057/1028
f 1200/2058/1091 2801/2059/2590 1141/2060/1032
f 2809/2061/2598 2081/2062/1884 2087/2063/1890
f 1151/2064/1042 2820/2065/2609 1152/2066/1043
f 2806/2067/2595 2082/2068/1885 2083/2069/1886
f 2088/2070/1891 2812/2071/2601 2083/2069/1886
f 2081/2062/1884 2809/2061/2598 2084/2072/1887
f 2807/2073/2596 2085/2074/1888 2082/2075/1885
f 2084/2076/1887 2810/2077/2599 2086/2078/1889
f 2808/2079/2597 2087/2080/1890 2085/2074/1888
f 2086/2078/1889 2811/2081/2600 2088/2082/1891
f 1170/2083/1061 2840/2084/2629 2822/2085/2611
f 2826/2086/2615 1159/2087/1050 1158/2088/1049
f 2820/2065/2609 1153/2089/1044 1152/2066/1043
f 2815/2090/2604 1147/2091/1038 1146/2092/1037
f 1153/2089/1044 2821/2093/2610 1154/2094/1045
f 1147/2091/1038 2816/2095/2605 1148/2096/1039
f 2823/2097/2612 1155/2098/1046 1154/2094/1045
f 2817/2099/2606 1149/2100/1040 1148/2096/1039
f 2823/2097/2612 1156/2101/1047 1155/2098/1046
f 2818/2102/2607 1150/2103/1041 1149/2100/1040
f 2824/2104/2613 1157/2105/1048 1156/2101/1047
f 2813/2106/2602 2814/2107/2603 1159/2087/1050
f 2825/2108/2614 1158/2088/1049 1157/2105/1048
f 1163/2109/1054 2832/2110/2621 1164/2111/1055
f 2840/2084/2629 1171/2112/1062 2822/2085/2611
f 2833/2113/2622 1165/2114/1056 1164/2111/1055
f 1171/2112/1062 2842/2115/2631 1172/2116/1063
f 1165/2114/1056 2834/2117/2623 1166/2118/1057
f 1172/2116/1063 2843/2119/2632 1173/2120/1064
f 2835/2121/2624 1167/2122/1058 1166/2118/1057
f 2843/2119/2632 1174/2123/1065 1173/2120/1064
f 2836/2124/2625 1168/2125/1059 1167/2122/1058
f 2828/2126/2617 1160/2127/1051 1177/2128/1068
f 2844/2129/2633 1175/2130/1066 1174/2123/1065
f 2837/2131/2626 1169/2132/1060 1168/2125/1059
f 1160/2127/1051 2829/2133/2618 1161/2134/1052
f 2845/2135/2634 1176/2136/1067 1175/2130/1066
f 2838/2137/2627 1170/2083/1061 1169/2132/1060
f 1161/2134/1052 2830/2138/2619 1162/2139/1053
f 1176/2136/1067 2846/2140/2635 1177/2128/1068
f 1162/2139/1053 2831/2141/2620 1163/2109/1054
f 1190/2142/1081 1183/2143/1074 1182/2144/1073
f 1191/2145/1082 1184/2146/1075 1183/2143/1074
f 1188/2147/1079 1181/2148/1072 1180/2149/1071
f 1186/2150/1077 1178/2151/1069 1185/2152/1076
f 1201/2153/1092 1142/2154/1033 2801/2059/2590
f 1194/2155/1085 1045/2156/936 1044/2157/935
f 1195/2158/1086 1046/2159/937 1045/2156/936
f 1197/2160/1088 1108/2161/999 1107/1987/998
f 1051/2162/942 1047/2163/938 1046/2164/937
f 1197/2165/1088 1109/2166/1000 1108/2167/999
f 1051/2162/942 1052/2168/943 1047/2163/938
f 1202/2169/1093 1179/2170/1070 1178/2171/1069
f 1082/2172/973 1076/2173/967 1075/1920/966
f 1198/2174/1089 1110/1985/1001 1109/2175/1000
f 1199/2176/1090 1139/2177/1030 1138/2056/1029
f 1052/2178/943 1048/2179/939 1047/2180/938
f 1199/2181/1090 1140/2182/1031 1139/2183/1030
f 1202/2184/1093 1180/2149/1071 1179/2185/1070
f 1196/2186/1087 1049/2187/940 1048/2179/939
f 1082/1922/973 1083/2188/974 1077/1923/968
f 1200/2189/1091 1141/2190/1032 1140/2182/1031
f 1189/2191/1080 1182/2192/1073 1181/2148/1072
f 2850/2193/2639 2089/2194/1892 2095/2195/1898
f 2847/2196/2636 2090/2197/1893 2091/2198/1894
f 2096/2199/1899 2853/2200/2642 2091/2198/1894
f 2089/2194/1892 2851/2201/2640 2092/2202/1895
f 2848/2203/2637 2093/2204/1896 2090/2205/1893
f 2092/2206/1895 2852/2207/2641 2094/2208/1897
f 2849/2209/2638 2095/2210/1898 2093/2204/1896
f 2094/2208/1897 2852/2207/2641 2096/2211/1899
f 2879/2212/2668 2862/2213/2651 1226/2214/1117
f 1216/2215/1107 2854/2216/2643 1203/2217/1094
f 1214/2218/1105 2866/2219/2655 1215/2220/1106
f 2860/2221/2649 1209/2222/1100 1208/2223/1099
f 1203/2217/1094 2855/2224/2644 1204/2225/1095
f 1215/2220/1106 2867/2226/2656 1216/2215/1107
f 2861/2227/2650 1210/2228/1101 1209/2222/1100
f 2856/2229/2645 1205/2230/1096 1204/2225/1095
f 1227/2231/1118 1211/2232/1102 1210/2228/1101
f 2857/2233/2646 1206/2234/1097 1205/2230/1096
f 1211/2232/1102 2864/2235/2653 1212/2236/1103
f 2858/2237/2647 1207/2238/1098 1206/2234/1097
f 2864/2235/2653 1213/2239/1104 1212/2236/1103
f 1207/2238/1098 2859/2240/2648 1208/2223/1099
f 1213/2239/1104 2865/2241/2654 1214/2218/1105
f 1219/2242/1110 2872/2243/2661 1220/2244/1111
f 2862/2213/2651 2880/2245/2669 1228/2246/1119
f 2873/2247/2662 1221/2248/1112 1220/2244/1111
f 2881/2249/2670 1229/2250/1120 1228/2246/1119
f 1221/2248/1112 2874/2251/2663 1222/2252/1113
f 2883/2253/2672 1230/2254/1121 1229/2250/1120
f 2875/2255/2664 1223/2256/1114 1222/2252/1113
f 1223/2256/1114 2876/2257/2665 1224/2258/1115
f 2884/2259/2673 1231/2260/1122 1230/2254/1121
f 1231/2260/1122 2885/2261/2674 1232/2262/1123
f 2868/2263/2657 1217/2264/1108 1234/2265/1125
f 2877/2266/2666 1225/2267/1116 1224/2258/1115
f 1217/2264/1108 2869/2268/2658 1218/2269/1109
f 1232/2262/1123 2886/2270/2675 1233/2271/1124
f 2878/2272/2667 1226/2214/1117 1225/2267/1116
f 2870/2273/2659 1219/2242/1110 1218/2269/1109
f 1233/2271/1124 2887/2274/2676 1234/2265/1125
f 1297/2275/1187 1237/2276/1128 1236/2277/1127
f 1245/2278/1136 1240/2279/1131 2882/2280/2671
f 1244/2281/1135 1239/2282/1130 1238/2283/1129
f 1246/2284/1137 1242/2285/1133 1241/2286/1132
f 2890/2287/2679 2097/2288/1900 2103/2289/1906
f 1252/2290/1143 2900/2291/2689 1253/2292/1144
f 2888/2293/2677 2098/2294/1901 2099/2295/1902
f 2104/2296/1907 2893/2297/2682 2099/2295/1902
f 2097/2288/1900 2891/2298/2680 2100/2299/1903
f 2889/2300/2678 2101/2301/1904 2098/2302/1901
f 2100/2303/1903 2891/2304/2680 2102/2305/1905
f 2890/2306/2679 2103/2307/1906 2101/2301/1904
f 2102/2305/1905 2892/2308/2681 2104/2309/1907
f 1261/2310/1151 2894/2311/2683 1247/2312/1138
f 2905/2313/2694 1260/2314/1150 1259/2315/1149
f 1253/2292/1144 2901/2316/2690 1254/2317/1145
f 1247/2312/1138 2895/2318/2684 1248/2319/1139
f 1260/2314/1150 2907/2320/2696 1261/2310/1151
f 1254/2317/1145 1273/2321/1163 1255/2322/1146
f 2895/2318/2684 1249/2323/1140 1248/2319/1139
f 1273/2321/1163 1256/2324/1147 1255/2322/1146
f 2896/2325/2685 1250/2326/1141 1249/2323/1140
f 1256/2324/1147 2903/2327/2692 1257/2328/1103
f 2897/2329/2686 1251/2330/1142 1250/2326/1141
f 2903/2327/2692 1258/2331/1148 1257/2328/1103
f 2898/2332/2687 1252/2290/1143 1251/2330/1142
f 1258/2331/1148 2905/2313/2694 1259/2315/1149
f 2918/2333/2707 1274/2334/1164 1272/2335/1162
f 2911/2336/2700 1266/2337/1156 1265/2338/1155
f 2919/2339/2708 1275/2340/1165 1274/2334/1164
f 1266/2337/1156 2913/2341/2702 1267/2342/1157
f 1287/2343/1177 1276/2344/1166 1275/2340/1165
f 1267/2342/1157 2914/2345/2703 1268/2346/1158
f 2921/2347/2710 1277/2348/1167 1276/2344/1166
f 2922/2349/2711 1278/2350/1168 1277/2348/1167
f 2915/2351/2704 1269/2352/1159 1268/2346/1158
f 2908/2353/2697 1262/2354/1152 1281/2355/1171
f 2923/2356/2712 1279/2357/1169 1278/2350/1168
f 2916/2358/2705 1270/2359/1160 1269/2352/1159
f 1262/2354/1152 2909/2360/2698 1263/2361/1153
f 1279/2357/1169 2924/2362/2713 1280/2363/1170
f 2917/2364/2706 1271/2365/1161 1270/2359/1160
f 2910/2366/2699 1264/2367/1154 1263/2361/1153
f 2925/2368/2714 1281/2355/1171 1280/2363/1170
f 1271/2365/1161 2918/2333/2707 1272/2335/1162
f 1264/2367/1154 2911/2336/2700 1265/2338/1155
f 1295/2369/1185 1288/2370/1178 2920/2371/2709
f 1292/2372/1182 1285/2373/1175 1284/2374/1174
f 1290/2375/1180 1282/2376/1172 1289/2377/1179
f 1293/2378/1183 1286/2379/1176 1285/2380/1175
f 1298/2381/1188 2882/2280/2671 1239/2382/1130
f 1300/2383/1190 1289/2384/1179 1288/2370/1178
f 1299/2385/1189 1241/2386/1132 1240/2279/1131
f 1299/2387/1189 1246/2284/1137 1241/2286/1132
f 1290/2375/1180 1291/2388/1181 1282/2376/1172
f 1291/2389/1181 1284/2374/1174 1283/2390/1173
f 1246/2284/1137 1235/2391/1126 1242/2285/1133
f 1296/2392/1186 1236/2277/1127 1235/2393/1126
f 1293/2378/1183 1294/2394/1184 1286/2379/1176
f 1243/2395/1134 1238/2396/1129 1237/2276/1128
f 1294/2397/1184 2920/2371/2709 1286/2398/1176
f 2105/2399/1908 2929/2400/2718 2106/2401/1909
f 2109/2402/1912 2928/2403/2717 2107/2404/1910
f 2110/2405/1913 2927/2406/2716 2926/2407/2715
f 2106/2408/1909 2928/2409/2717 2109/2410/1912
f 2105/2399/1908 2926/2411/2715 2929/2400/2718
f 1308/2412/1198 2930/2413/2719 2939/2414/2728
f 1308/2412/1198 2938/2415/2727 1307/2416/1197
f 1305/2417/1195 2934/2418/2723 1304/2419/1194
f 1301/2420/1191 2931/2421/2720 2930/2422/2719
f 1303/2423/1193 2932/2424/2721 1302/2425/1192
f 1306/2426/1196 2936/2427/2725 1305/2428/1195
f 1307/2429/1197 2937/2430/2726 1306/2426/1196
f 1304/2419/1194 2933/2431/2722 1303/2432/1193
f 1307/2429/1197 2938/2433/2727 2937/2430/2726
f 2935/2434/2724 2947/2435/2736 2946/2436/2735
f 2935/2434/2724 2948/2437/2737 2947/2435/2736
f 1311/2438/1201 2943/2439/2732 1310/2440/1200
f 1311/2438/1201 2944/2441/2733 2943/2439/2732
f 1315/2442/1205 2948/2437/2737 1314/2443/1204
f 1316/2444/1206 2949/2445/2738 1315/2442/1205
f 1312/2446/1202 2945/2447/2734 2944/2441/2733
f 1309/2448/1199 2940/2449/2729 1317/2450/1207
f 1316/2444/1206 2950/2451/2739 2949/2445/2738
f 1309/2448/1199 2941/2452/2730 2940/2449/2729
f 1317/2450/1207 2940/2449/2729 2950/2451/2739
f 1323/2453/1213 1455/2454/1341 1322/2455/1212
f 1320/2456/1210 1453/2457/1339 1324/2458/1214
f 1319/2459/1209 1451/2460/1337 1318/2461/1208
f 2111/2462/1914 2954/2463/2743 2112/2464/1915
f 2114/2465/1917 2951/2466/2740 2954/2463/2743
f 2115/2467/1918 2952/2468/2741 2113/2469/1916
f 2112/2470/1915 2953/2471/2742 2115/2472/1918
f 2117/2473/1920 2952/2468/2741 2951/2474/2740
f 1325/2475/1215 2955/2476/2744 1335/2477/1225
f 1334/2478/1224 2964/2479/2753 2963/2480/2752
f 1325/2475/1215 2956/2481/2745 2955/2476/2744
f 1326/2482/1216 2956/2483/2745 1325/2484/1215
f 1330/2485/1220 1343/2486/1233 2960/2487/2749
f 1327/2488/1217 2956/2483/2745 1326/2482/1216
f 1331/2489/1221 2961/2490/2750 1343/2491/1233
f 1328/2492/1218 2957/2493/2746 1327/2488/1217
f 1333/2494/1223 2961/2490/2750 1332/2495/1222
f 1328/2492/1218 2958/2496/2747 2957/2493/2746
f 1329/2497/1219 2958/2498/2747 1328/2499/1218
f 1335/2477/1225 2955/2476/2744 2964/2479/2753
f 1334/2500/1224 2962/2501/2751 1333/2494/1223
f 2974/2502/2763 1459/2503/1345 1353/2504/1243
f 1338/2505/1228 2966/2506/2755 1337/2507/1227
f 1342/2508/1232 2973/2509/2762 2972/2510/2761
f 1339/2511/1229 2970/2512/2759 2969/2513/2758
f 1346/2514/1236 2975/2515/2764 1345/2516/1235
f 1336/2517/1226 2965/2518/2754 1348/2519/1238
f 1347/2520/1237 2975/2515/2764 1346/2514/1236
f 1340/2521/1230 2971/2522/2760 2970/2512/2759
f 1337/2507/1227 2966/2506/2755 1336/2517/1226
f 1348/2519/1238 2977/2523/2766 1347/2520/1237
f 1342/2508/1232 2971/2522/2760 1341/2524/1231
f 1348/2519/1238 2965/2518/2754 2977/2523/2766
f 1355/2525/1245 1460/2526/1346 2974/2502/2763
f 1349/2527/1239 1461/2528/1347 1355/2529/1245
f 1350/2530/1240 1356/2531/1246 1349/2532/1239
f 2118/2533/1921 2982/2534/2771 2119/2535/1922
f 2121/2536/1924 2978/2537/2767 2982/2534/2771
f 2122/2538/1925 2980/2539/2769 2120/2540/1923
f 2119/2541/1922 2980/2542/2769 2122/2543/1925
f 2123/2544/1926 2979/2545/2768 2978/2546/2767
f 2988/2547/2777 2998/2548/2787 1370/2549/1260
f 1357/2550/1247 2984/2551/2773 2983/2552/2772
f 1361/2553/1251 2989/2554/2778 2987/2555/2776
f 1362/2556/1252 2989/2554/2778 1361/2553/1251
f 1363/2557/1253 2990/2558/2779 1362/2556/1252
f 1360/2559/1250 2985/2560/2774 1359/2546/1249
f 1357/2550/1247 2983/2552/2772 1364/2561/1254
f 1365/2562/1255 2994/2563/2783 2993/2564/2782
f 1366/2565/1256 2995/2566/2784 2994/2563/2783
f 1368/2567/1258 2996/2568/2785 2995/2566/2784
f 1373/2569/1263 3001/2570/2790 1372/2571/1262
f 1373/2569/1263 3002/2572/2791 3001/2570/2790
f 1370/2549/1260 2997/2573/2786 1369/2574/1259
f 1374/2575/1264 3002/2572/2791 1373/2569/1263
f 1376/2576/1266 1381/2577/1271 1375/2578/1265
f 1379/2579/1269 1465/2580/1351 1378/2581/1268
f 1377/2582/1267 1463/2583/1349 1376/2584/1266
f 1375/2585/1265 1462/2586/1348 1380/2587/1270
f 1380/2587/1270 1466/2588/1352 1379/2589/1269
f 1378/2590/1268 1464/2591/1350 1377/2582/1267
f 1386/2592/1276 3012/2593/2801 3011/2594/2800
f 2124/2595/1927 3007/2596/2796 2125/2597/1928
f 2128/2598/1931 3005/2599/2794 2126/2600/1929
f 2127/2601/1930 3004/2602/2793 3003/2603/2792
f 2125/2604/1928 3006/2605/2795 2128/2606/1931
f 2130/2607/1933 3005/2599/2794 3004/2608/2793
f 2124/2595/1927 3003/2609/2792 3007/2596/2796
f 1382/2610/1272 3017/2611/2806 1391/2612/1281
f 1391/2612/1281 3017/2611/2806 3016/2613/2805
f 1387/2614/1277 3013/2615/2802 3012/2593/2801
f 1383/2616/1273 3008/2617/2797 1382/2618/1272
f 1384/2619/1274 3009/2620/2798 1383/2616/1273
f 1388/2621/1278 3013/2622/2802 1387/2623/1277
f 1385/2624/1275 3010/2625/2799 1384/2619/1274
f 1389/2626/1279 3014/2627/2803 1388/2621/1278
f 1385/2628/1275 3011/2594/2800 3010/2629/2799
f 1389/2626/1279 3016/2630/2805 3015/2631/2804
f 1392/2632/1282 3020/2633/2809 3019/2634/2808
f 1397/2635/1287 3026/2636/2815 3025/2637/2814
f 1398/2638/1288 3026/2636/2815 1397/2635/1287
f 1393/2639/1283 3021/2640/2810 3020/2633/2809
f 1398/2638/1288 3028/2641/2817 3026/2636/2815
f 1394/2642/1284 3021/2640/2810 1393/2639/1283
f 1399/2643/1289 3028/2641/2817 1398/2638/1288
f 1394/2642/1284 3023/2644/2812 3022/2645/2811
f 1395/2646/1285 3024/2647/2813 3023/2644/2812
f 1392/2632/1282 3019/2634/2808 3018/2648/2807
f 1397/2635/1287 3024/2647/2813 1396/2649/1286
f 1397/2635/1287 3025/2637/2814 3024/2647/2813
f 1401/2650/1291 3018/2648/2807 3031/2651/2820
f 1404/2652/1294 1467/2653/1353 1403/2654/1293
f 1407/2655/1297 1470/2656/1356 3027/2657/2816
f 1408/2658/1298 1471/2659/1357 1407/2660/1297
f 1416/2661/1306 3046/2662/2835 3045/2663/2834
f 2131/2664/1934 3036/2665/2825 2132/2666/1935
f 2134/2667/1937 3032/2668/2821 3037/2669/2826
f 2135/2670/1938 3034/2671/2823 2133/2672/1936
f 2137/2673/1940 3035/2674/2824 2135/2675/1938
f 2136/2676/1939 3033/2677/2822 3032/2668/2821
f 2132/2678/1935 3036/2679/2825 2137/2673/1940
f 1433/2680/756 3068/2681/2390 3067/2682/2389
f 1411/2683/1301 3038/2684/2827 1410/2685/1300
f 1421/2686/1311 3055/2687/2843 3054/2688/2842
f 1411/2683/1301 3039/2689/2828 3038/2684/2827
f 1417/2690/1307 3047/2691/2836 1416/2661/1306
f 1417/2690/1307 3048/2692/2837 3047/2691/2836
f 1418/2693/1308 3050/2694/2838 3048/2692/2837
f 1413/2695/1303 3041/2696/2830 1412/2697/1302
f 1419/2698/1309 3052/2699/2840 3051/2700/2839
f 1414/2701/1304 3043/2702/2832 3042/2703/2831
f 1415/2704/1305 3045/2663/2834 3044/2705/2833
f 1421/2686/1311 3054/2688/2842 1420/2706/1310
f 1426/2707/1314 3061/2708/2847 3060/2709/2846
f 1434/2710/1320 3068/2681/2390 3049/2711/2372
f 1428/2712/1316 3061/2708/2847 1427/2713/1315
f 1435/2714/1321 3070/2715/2852 3069/2716/2851
f 1429/2717/1317 3062/2718/2848 1428/2712/1316
f 1437/2719/1323 3071/2720/2853 1436/2721/1322
f 1430/2722/1318 3064/2723/2850 3063/2724/2849
f 1437/2719/1323 3072/2725/2854 3071/2720/2853
f 1431/2726/1319 3064/2723/2850 1430/2722/1318
f 1423/2727/1313 3057/2728/2845 1440/2729/1326
f 1438/2730/1324 3072/2725/2854 1437/2719/1323
f 1431/2726/1319 3066/2731/2388 3065/2732/2387
f 1425/2733/748 3059/2734/2380 1424/2735/747
f 1440/2729/1326 3074/2736/2856 1439/2687/1325
f 1425/2733/748 3060/2709/2846 3059/2734/2380
f 1440/2729/1326 3057/2728/2845 3074/2736/2856
f 1443/2737/1329 1474/2738/1360 1442/2739/1328
f 1447/2740/1333 1477/2741/1363 1446/2742/1332
f 1445/2743/1331 1450/2744/1336 1444/2745/1330
f 1442/2739/1328 1473/2746/1359 1441/2747/1327
f 1353/2748/1243 1458/2749/1344 1352/2750/1242
f 1448/2751/1334 1478/2752/1364 1447/2740/1333
f 1409/2753/1299 1471/2659/1357 1408/2658/1298
f 1324/2754/1214 1452/2755/1338 1319/2756/1209
f 1441/2757/1327 1472/2758/1358 1449/2759/1335
f 1402/2760/1292 1409/2753/1299 1408/2658/1298
f 1381/2577/1271 1462/2761/1348 1375/2578/1265
f 1403/2654/1293 1409/2762/1299 1402/2763/1292
f 1321/2764/1211 1454/2765/1340 1320/2456/1210
f 1356/2766/1246 1461/2528/1347 1349/2527/1239
f 1322/2455/1212 1455/2454/1341 1321/2767/1211
f 1444/2768/1330 1475/2769/1361 1443/2737/1329
f 1405/2770/1295 1468/2771/1354 1404/2772/1294
f 1450/2744/1336 1475/2773/1361 1444/2745/1330
f 1351/2774/1241 1457/2775/1343 1350/2530/1240
f 1406/2776/1296 1468/2771/1354 1405/2770/1295
f 1446/2777/1332 1476/2778/1362 1445/2743/1331
f 1352/2750/1242 1457/2779/1343 1351/2780/1241
f 3027/2657/2816 1469/2781/1355 1406/2782/1296
f 1486/2783/1372 3087/2784/2869 1485/2785/1371
f 2139/2786/1942 3081/2787/2863 2140/2788/1943
f 2142/2789/1945 3076/2790/2858 3075/2791/2857
f 2139/2786/1942 3075/2791/2857 3081/2787/2863
f 2143/2792/1946 3078/2793/2860 2141/2794/1944
f 2145/2795/1948 3079/2796/2861 2143/2797/1946
f 2146/2798/1949 3077/2799/2859 3076/2800/2858
f 2140/2801/1943 3080/2802/2862 2145/2795/1948
f 3089/2803/2871 3105/2804/2884 1502/2805/1386
f 1486/2783/1372 3088/2806/2870 3087/2784/2869
f 1480/2807/1366 3083/2808/2865 3082/2809/2864
f 1491/2810/1377 3093/2811/2875 3092/2812/2874
f 1487/2813/1373 3088/2806/2870 1486/2783/1372
f 1492/2814/1378 3082/2809/2864 3093/2811/2875
f 1482/2815/1368 3084/2816/2866 1481/2817/1367
f 1488/2818/1374 1503/2819/1387 1487/2813/1373
f 1483/2820/1369 3084/2816/2866 1482/2815/1368
f 1489/2821/1375 1503/2819/1387 1488/2818/1374
f 1484/2822/1370 3085/2823/2867 1483/2820/1369
f 1484/2822/1370 3086/2824/2868 3085/2823/2867
f 1490/2825/1376 3090/2826/2872 1489/2821/1375
f 1485/2785/1371 3086/2824/2868 1484/2822/1370
f 1491/2810/1377 3091/2827/2873 1490/2825/1376
f 1495/2828/1380 3098/2829/2878 3097/2830/2877
f 3089/2803/2871 3106/2831/2885 3105/2804/2884
f 1497/2832/1382 3098/2829/2878 1496/2833/1381
f 1505/2834/1389 3107/2835/2886 1504/2836/1388
f 1498/2837/1383 3100/2838/2880 3099/2839/2879
f 1506/2840/1390 3108/2841/2887 1505/2834/1389
f 1499/2842/1110 3100/2838/2880 1498/2837/1383
f 1506/2840/1390 3109/2843/2888 3108/2841/2887
f 1507/2844/1391 3109/2843/2888 1506/2840/1390
f 1499/2842/1110 3102/2845/2881 3101/2846/2660
f 1493/2847/828 3094/2848/2427 1510/2849/846
f 1501/2850/1385 3103/2851/2882 1500/2852/1384
f 1501/2850/1385 3104/2853/2883 3103/2851/2882
f 1494/2854/1379 3096/2855/2876 3095/2856/2428
f 1502/2805/1386 3104/2853/2883 1501/2850/1385
f 1495/2828/1380 3096/2855/2876 1494/2854/1379
f 1502/2805/1386 3105/2804/2884 3104/2853/2883
f 1510/2849/846 3094/2848/2427 3112/2857/2444
f 1512/2858/1394 1564/2859/1442 1511/2860/1393
f 1516/2861/1398 1567/2862/1445 1515/2863/1397
f 1518/2864/1400 1569/2865/1447 1517/2866/1399
f 1525/2867/1407 3124/2868/2901 1524/2869/1406
f 2147/2870/1950 3118/2871/2896 2148/2872/1951
f 2150/2873/1953 3113/2874/2891 3118/2871/2896
f 2151/2875/1954 3115/2876/2893 2149/2877/1952
f 2153/2878/1956 3116/2879/2894 2151/2880/1954
f 2154/2881/1957 3114/2882/2892 3113/2883/2891
f 2148/2884/1951 3117/2885/2895 2153/2878/1956
f 1531/2886/1413 3130/2887/2907 1530/2888/1412
f 1526/2889/1408 3125/2890/2902 1525/2867/1407
f 1519/2891/1401 3120/2892/2898 3119/2893/2897
f 1531/2886/1413 3131/2894/2908 3130/2887/2907
f 1526/2889/1408 1544/2895/1423 3126/2896/2903
f 1521/2897/1403 3120/2892/2898 1520/2898/1402
f 1522/2899/1404 3121/2900/2899 1521/2897/1403
f 1523/2901/1405 3122/2902/2461 1522/2899/1404
f 1528/2903/1410 3128/2904/2905 3127/2905/2904
f 1530/2888/1412 3128/2904/2905 1529/2906/1411
f 1524/2869/1406 3123/2907/2900 1523/2901/1405
f 1532/2908/1414 3119/2893/2897 3131/2894/2908
f 1530/2888/1412 3130/2887/2907 3129/2909/2906
f 1545/2910/1424 3143/2911/2920 1543/2912/887
f 1537/2913/1417 3135/2914/2912 1536/2915/879
f 1546/2916/1425 3144/2917/2921 1545/2910/1424
f 1538/2918/1418 3137/2919/2914 1537/2913/1417
f 1538/2918/1418 3138/2920/2915 3137/2919/2914
f 1546/2916/1425 3145/2921/2922 1558/2922/1436
f 1548/2923/1427 3146/2924/2923 1547/2904/1426
f 1548/2923/1427 3147/2925/2924 3146/2924/2923
f 1541/2926/1421 3140/2927/2917 1540/2928/1420
f 1533/2929/1415 3132/2930/2909 1551/2931/846
f 1549/2932/1428 3147/2925/2924 1548/2923/1427
f 1541/2926/1421 3142/2933/2919 3141/2934/2918
f 1535/2935/878 3134/2936/2911 1534/2937/1416
f 1543/2912/887 3142/2933/2919 1542/2938/1422
f 1535/2935/878 3135/2914/2912 3134/2936/2911
f 1551/2931/846 3132/2930/2909 3149/2939/2444
f 1559/2940/1437 1574/2941/1452 1557/2942/1435
f 1554/2943/1432 1571/2944/1449 1553/2945/1431
f 1555/2946/1433 1572/2947/1450 1554/2948/1432
f 1560/2949/1438 1575/2950/1453 1559/2940/1437
f 1557/2951/1435 1573/2952/1451 1556/2953/1434
f 1515/2954/1397 1566/2955/1444 1514/2956/1396
f 1561/2957/1439 1576/2958/1454 1560/2959/1438
f 1517/2960/1399 1568/2961/1446 1516/2861/1398
f 1552/2962/1430 1576/2958/1454 1561/2957/1439
f 1553/2945/1431 1570/2963/1448 1552/2964/1430
f 1511/2965/1393 1562/2966/1440 1518/2864/1400
f 1556/2953/1434 1573/2952/1451 1555/2946/1433
f 1513/2967/1395 1564/2859/1442 1512/2858/1394
f 1514/2956/1396 1565/2968/1443 1513/2969/1395
f 1580/2970/1458 3156/2971/2932 1579/2972/1457
f 2155/2973/1958 3153/2974/2929 2156/2975/1959
f 2158/2976/1961 3150/2977/2926 3153/2974/2929
f 2159/2978/1962 3151/2979/2927 2157/2980/1960
f 2156/2981/1959 3152/2982/2928 2159/2983/1962
f 2160/2984/1963 3151/2985/2927 3150/2986/2926
f 1577/2987/1455 3154/2988/2930 3161/2989/2937
f 1585/2990/1463 3161/2989/2937 3160/2991/2936
f 1581/2992/1459 3156/2971/2932 1580/2970/1458
f 1578/2993/1456 3154/2994/2930 1577/2995/1455
f 1582/2996/1460 3158/2997/2934 1581/2998/1459
f 1583/2999/1461 3159/3000/2935 3158/2997/2934
f 1579/3001/1457 3155/3002/2931 1578/2993/1456
f 1579/3001/1457 3156/3003/2932 3155/3002/2931
f 1584/3004/1462 3160/3005/2936 1583/2999/1461
f 1591/3006/1469 3168/3007/2944 3167/3008/2943
f 1592/3009/1470 3168/3007/2944 1591/3006/1469
f 1588/3010/1466 3164/3011/2940 1587/3012/1465
f 1592/3009/1470 3169/3013/2945 3168/3007/2944
f 1589/3014/1467 3165/3015/2941 1588/3010/1466
f 1593/3016/1471 3170/3017/2946 3169/3013/2945
f 1594/3018/1472 3170/3017/2946 1593/3016/1471
f 1590/3019/1468 3166/3020/2942 1589/3014/1467
f 1586/3021/1464 3162/3022/2938 1596/3023/1474
f 1595/3024/1473 3171/3025/2947 1594/3018/1472
f 1586/3021/1464 3163/3026/2939 3162/3022/2938
f 1596/3023/1474 3171/3025/2947 1595/3024/1473
f 1591/3006/1469 3167/3008/2943 1590/3019/1468
f 1596/3023/1474 3162/3022/2938 3171/3025/2947
f 1598/3027/1476 1725/3028/1603 1597/3029/1475
f 1601/3030/1479 1728/3031/1606 1600/3032/1478
f 1599/3033/1477 1726/3034/1604 1598/3035/1476
f 1600/3036/1478 1727/3037/1605 1599/3033/1477
f 2161/3038/1964 3176/3039/2952 2162/3040/1965
f 2161/3038/1964 3172/3041/2948 3176/3039/2952
f 2165/3042/1968 3174/3043/2950 2163/3044/1966
f 2166/3045/1969 3173/3046/2949 3172/3047/2948
f 2162/3048/1965 3175/3049/2951 2165/3050/1968
f 2167/3051/1970 3174/3043/2950 3173/3052/2949
f 1613/3053/1491 3185/3054/2961 1612/3055/1490
f 1608/3056/1486 3181/3057/2957 1607/3058/1485
f 1604/3059/1482 3178/3060/2954 3177/3061/2953
f 1603/3062/1481 3186/3063/2962 1613/3053/1491
f 1609/3064/1487 3182/3065/2958 1608/3056/1486
f 1605/3066/1483 3178/3067/2954 1604/3068/1482
f 1606/3069/1484 3179/3070/2955 1605/3066/1483
f 1610/3071/1488 3184/3072/2960 3183/3073/2959
f 1607/3074/1485 3180/3075/2956 1606/3069/1484
f 1612/3076/1490 3184/3072/2960 1611/3077/1489
f 1620/3078/1498 3196/3079/2972 3195/3080/2971
f 1616/3081/1494 3190/3082/2966 3189/3083/2965
f 1621/3084/1499 1628/3085/1506 3196/3079/2972
f 1622/3086/1500 3198/3087/2974 3197/3088/2973
f 1619/3089/1497 3193/3090/2969 1618/3091/1496
f 1614/3092/1492 3188/3093/2964 3187/3094/2963
f 1620/3078/1498 3194/3095/2970 1619/3089/1497
f 1614/3092/1492 3189/3083/2965 3188/3093/2964
f 1620/3078/1498 3195/3080/2971 3194/3095/2970
f 1624/3096/1502 3187/3094/2963 3199/3097/2975
f 1627/3098/1505 1631/3099/1509 1626/3100/1504
f 1630/3101/1508 1735/3102/1613 1629/3103/1507
f 1625/3104/1503 1730/3105/1608 1630/3106/1508
f 1632/3107/1510 1733/3108/1611 1627/3109/1505
f 1636/3110/1514 3208/3111/2984 1635/3112/1513
f 2168/3113/1971 3204/3114/2980 2169/3115/1972
f 2168/3113/1971 3200/3116/2976 3204/3114/2980
f 2172/3117/1820 3202/3118/2978 2170/3119/1973
f 2173/3120/1975 3201/3121/2977 3200/3122/2976
f 2169/3123/1972 3203/3124/2979 2172/3125/1820
f 2173/3126/1975 3202/3118/2978 3201/3127/2977
f 3210/3128/2986 3218/3129/2994 1646/3130/1524
f 1640/3131/1518 3205/3132/2981 3213/3133/2989
f 1633/3134/1511 3205/3132/2981 1640/3131/1518
f 1640/3131/1518 3213/3133/2989 1639/3135/1517
f 1634/3136/1512 3206/3137/2982 1633/3138/1511
f 1634/3136/1512 3207/3139/2983 3206/3137/2982
f 1635/3140/1513 3207/3139/2983 1634/3136/1512
f 1639/3141/1517 3212/3142/2988 1638/3143/1516
f 1635/3112/1513 3208/3111/2984 3207/3144/2983
f 3220/3145/2996 1738/3146/1616 1652/3147/1530
f 1644/3148/1522 3215/3149/2991 1643/3150/1521
f 3210/3128/2986 1653/3151/1531 3219/3152/2995
f 1647/3153/1525 3221/3154/2997 1653/3151/1531
f 1645/3155/1523 3217/3156/2993 3216/3157/2992
f 1648/3158/1526 3221/3154/2997 1647/3153/1525
f 1648/3158/1526 3222/3159/2998 3221/3154/2997
f 1645/3155/1523 3218/3129/2994 3217/3156/2993
f 1643/3150/1521 3215/3149/2991 1642/3160/1520
f 1651/3161/1529 1736/3162/1614 1650/3163/1528
f 1652/3164/1530 1737/3165/1615 1651/3166/1529
f 1654/3167/1532 1739/3168/1617 3220/3145/2996
f 1650/3169/1528 1740/3170/1618 1654/3171/1532
f 2174/3172/1976 3228/3173/3004 2175/3174/1977
f 2177/3175/1979 3224/3176/3000 3228/3173/3004
f 2178/3177/1980 3226/3178/3002 2176/3179/1978
f 2175/3180/1977 3227/3181/3003 2178/3182/1980
f 2179/3183/1981 3225/3184/3001 3224/3185/3000
f 2180/3186/1982 3226/3178/3002 3225/3187/3001
f 1664/3188/1542 3237/3189/3013 1663/3190/1541
f 1660/3191/1538 3233/3192/3009 1659/3193/1537
f 1655/3194/1533 3230/3195/3006 3229/3196/3005
f 1664/3188/1542 3238/3197/3014 3237/3189/3013
f 1661/3198/1539 3234/3199/3010 1660/3191/1538
f 1656/3200/1534 3231/3201/3007 3230/3202/3006
f 1661/3203/1539 3235/3204/3011 3234/3205/3010
f 1658/3206/1536 3231/3201/3007 1657/3207/1535
f 1662/3208/1540 3236/3209/3012 3235/3204/3011
f 1659/3193/1537 3233/3192/3009 1658/3210/1536
f 1655/3194/1533 3238/3197/3014 1664/3188/1542
f 1666/3211/1544 3241/3212/3017 1665/3213/1543
f 1671/3214/1549 3246/3215/3022 1670/3216/1548
f 1666/3211/1544 3242/3217/3018 3241/3212/3017
f 1672/3218/1550 3249/3219/3025 3248/3220/3024
f 1668/3221/1546 3243/3222/3019 1667/3223/1545
f 1672/3218/1550 3250/3224/3026 3249/3219/3025
f 1669/3225/1547 3244/3226/3020 1668/3221/1546
f 1665/3213/1543 3240/3227/3016 3239/3228/3015
f 1670/3216/1548 3245/3229/3021 1669/3225/1547
f 1674/3230/1552 3251/3231/3027 1673/3232/1551
f 1670/3216/1548 3246/3215/3022 3245/3229/3021
f 1665/3213/1543 3241/3212/3017 3240/3227/3016
f 1674/3230/1552 3239/3228/3015 3251/3231/3027
f 1679/3233/1557 1745/3234/1623 1680/3235/1558
f 1678/3236/1556 1743/3237/1621 1677/3238/1555
f 1680/3235/1558 1744/3239/1622 1678/3240/1556
f 1687/3241/1565 3266/3242/3042 1686/3243/1564
f 2181/3244/1983 3257/3245/3033 2182/3246/1984
f 2181/3244/1983 3258/3247/3034 3257/3245/3033
f 2184/3248/1986 3252/3249/3028 3258/3250/3034
f 2185/3251/1987 3255/3252/3031 2183/3253/1985
f 2186/3254/1988 3253/3255/3029 3252/3249/3028
f 2187/3256/1989 3255/3257/3031 2185/3258/1987
f 2182/3259/1984 3256/3260/3032 2187/3256/1989
f 2188/3261/1990 3254/3262/3030 3253/3263/3029
f 3260/3264/3036 3259/3265/3035 1681/3266/1559
f 1687/3241/1565 3267/3267/3043 3266/3242/3042
f 3262/3268/3038 3261/3269/3037 1682/3270/1560
f 1688/3271/1566 1707/3272/1585 3268/3273/3044
f 1689/3274/1567 1707/3272/1585 1688/3271/1566
f 1689/3274/1567 3269/3275/3045 1707/3272/1585
f 1685/3276/1563 3265/3277/3041 3264/3278/3040
f 1692/3279/1570 3270/3280/3046 1691/3281/1569
f 1686/3243/1564 3265/3277/3041 1685/3276/1563
f 1693/3282/1571 3270/3280/3046 1692/3279/1570
f 1699/3283/1577 3276/3284/3052 1698/3285/1576
f 1708/3286/1586 3285/3287/3061 3284/3288/3060
f 1709/3289/1587 3285/3287/3061 1708/3286/1586
f 1699/3283/1577 3278/3290/3054 3277/3291/3053
f 1709/3289/1587 3286/3292/3062 3285/3287/3061
f 1710/3293/1588 3286/3292/3062 1709/3289/1587
f 1701/3294/1579 3279/3295/3055 3278/3290/3054
f 1702/3296/1580 3279/3295/3055 1701/3294/1579
f 1711/3297/1589 3287/3298/3063 1710/3293/1588
f 1702/3296/1580 3280/3299/3056 3279/3295/3055
f 1695/3300/1573 3273/3301/3049 1714/3302/1592
f 1711/3297/1589 3289/3303/3065 3288/3304/3064
f 1704/3305/1582 3281/3306/3057 1703/3307/1581
f 1695/3300/1573 3274/3308/3050 3273/3301/3049
f 1712/3309/1590 3290/3310/3066 3289/3303/3065
f 1705/3311/1583 3282/3312/3058 1704/3305/1582
f 1697/3313/1575 3274/3308/3050 1696/3314/1574
f 1713/3315/1591 3291/3316/3067 3290/3310/3066
f 1705/3311/1583 3283/3317/3059 3282/3312/3058
f 1698/3285/1576 3275/3318/3051 1697/3313/1575
f 1714/3302/1592 3273/3301/3049 3291/3316/3067
f 1716/3319/1594 1748/3320/1626 1723/3321/1601
f 1717/3322/1595 1749/3323/1627 1716/3324/1594
f 1720/3325/1598 1753/3326/1631 1719/3327/1597
f 1715/3328/1593 1747/3329/1625 1721/3330/1599
f 1718/3331/1596 1750/3332/1628 1717/3322/1595
f 1721/3330/1599 1753/3326/1631 1720/3325/1598
f 1724/3333/1602 1751/3334/1629 1718/3335/1596
f 1723/3321/1601 1722/3336/1600 1715/3337/1593
f 1719/3338/1597 1752/3339/1630 1724/3333/1602
f 1629/3340/1507 1734/3341/1612 1632/3107/1510
f 1597/3342/1475 1729/3343/1607 1602/3344/1480
f 1675/3345/1553 1746/3346/1624 1679/3347/1557
f 1676/3348/1554 1741/3349/1619 1675/3350/1553
f 1677/3351/1555 1743/3352/1621 1676/3348/1554
f 1626/3353/1504 1731/3354/1609 1625/3104/1503
f 1602/3344/1480 1729/3343/1607 1601/3355/1479
f 1631/3099/1509 1732/3356/1610 1626/3100/1504
f 2189/3357/1991 3296/3358/3072 2190/3359/1992
f 2193/3360/1995 3294/3361/3070 2191/3362/1993
f 2194/3363/1996 3293/3364/3069 3292/3365/3068
f 2195/3366/1997 3295/3367/3071 2193/3368/1995
f 2190/3369/1992 3296/3370/3072 2195/3366/1997
f 2196/3371/1998 3294/3361/3070 3293/3372/3069
f 2189/3357/1991 3292/3373/3068 3296/3358/3072
f 1754/3374/1632 3297/3375/3073 3309/3376/3085
f 1766/3377/1644 3308/3378/3084 1765/3379/1643
f 1761/3380/1639 3303/3381/3079 1760/3382/1638
f 1755/3383/1633 3298/3384/3074 3297/3375/3073
f 1762/3385/1640 3304/3386/3080 1761/3380/1639
f 1762/3385/1640 1777/3387/1655 3304/3386/3080
f 1757/3388/1635 3298/3384/3074 1756/3389/1634
f 1763/3390/1641 1777/3387/1655 1762/3385/1640
f 1758/3391/1636 3299/3392/3075 1757/3388/1635
f 1759/3393/1637 3300/3394/3076 1758/3391/1636
f 1764/3395/1642 3306/3396/3082 3305/3397/3081
f 1765/3379/1643 3306/3396/3082 1764/3395/1642
f 1759/3393/1637 3302/3398/3078 3301/3399/3077
f 3324/3400/3098 1792/3401/1669 1789/3402/1666
f 1776/3403/1654 3322/3404/3097 3321/3405/3096
f 1770/3406/1648 3314/3407/3089 3313/3408/3088
f 1779/3409/1657 3323/3410/2886 1778/3411/1656
f 1772/3412/1650 3316/3413/3091 3315/3414/3090
f 1780/3415/1658 3325/3416/3099 1779/3409/1657
f 1780/3415/1658 3326/3417/3100 3325/3416/3099
f 1773/3418/1651 3317/3419/3092 1772/3412/1650
f 1782/3420/1660 3326/3417/3100 1781/3421/1659
f 1774/3422/1652 3318/3423/3093 1773/3418/1651
f 1767/3424/1645 3310/3425/2427 1784/3426/846
f 1774/3422/1652 3319/3427/3094 3318/3423/3093
f 1768/3428/1646 3311/3429/3086 1767/3424/1645
f 1782/3420/1660 3328/3430/3102 3327/3431/3101
f 1768/3428/1646 3312/3432/3087 3311/3429/3086
f 1775/3433/1653 3320/3434/3095 3319/3427/3094
f 1769/3435/1647 3312/3432/3087 1768/3428/1646
f 1776/3403/1654 3320/3434/3095 1775/3433/1653
f 1769/3435/1647 3313/3408/3088 3312/3432/3087
f 1784/3426/846 3310/3425/2427 3329/3436/3103
f 1787/3437/1664 1837/3438/1706 1786/3439/1663
f 1788/3440/1665 1838/3441/1707 1787/3442/1664
f 1790/3443/1667 1840/3444/1709 3324/3400/3098
f 1785/3445/1662 1835/3446/1704 1791/3447/1668
f 2197/3448/1999 3336/3449/3110 2198/3450/2000
f 2200/3451/2002 3331/3452/3105 3330/3453/3104
f 2197/3448/1999 3330/3453/3104 3336/3449/3110
f 2201/3454/1954 3334/3455/3108 2199/3456/2001
f 2202/3457/2003 3332/3458/3106 3331/3459/3105
f 2203/3460/2004 3335/3461/3109 2201/3462/1954
f 2204/3463/2005 3333/3464/3107 3332/3458/3106
f 2198/3465/2000 3336/3466/3110 2203/3460/2004
f 1804/3467/1681 3349/3468/3123 1803/3469/1680
f 1798/3470/1675 3344/3471/3118 3343/3472/3117
f 1793/3473/1670 3338/3474/3112 3337/3475/3111
f 1805/3476/1682 3350/3477/3124 1804/3467/1681
f 1800/3478/1677 3344/3471/3118 1799/3479/1676
f 1793/3473/1670 3339/3480/3113 3338/3474/3112
f 1800/3478/1677 3346/3481/3120 3345/3482/3119
f 1795/3483/1672 3339/3480/3113 1794/3484/1671
f 1801/3485/1678 3346/3481/3120 1800/3478/1677
f 1795/3483/1672 3340/3486/3114 3339/3480/3113
f 1801/3485/1678 3347/3487/3121 3346/3481/3120
f 1796/3488/1673 3340/3486/3114 1795/3483/1672
f 1796/3488/1673 3342/3489/3116 3341/3490/3115
f 1803/3469/1680 3347/3487/3121 1802/3491/1679
f 1798/3470/1675 3342/3489/3116 1797/3492/1674
f 1816/3493/838 3362/3494/3130 3361/3495/3096
f 1810/3496/880 3354/3497/2475 1809/3498/1683
f 1818/3499/1689 3362/3494/3130 1817/3500/1688
f 1811/3501/881 3355/3502/2476 1810/3496/880
f 1818/3499/1689 3363/3503/3131 1830/3504/1699
f 1813/3505/1685 3357/3506/3126 1812/3507/1684
f 1820/3508/1691 3364/3509/3132 1819/3510/1690
f 1806/3511/876 3351/3512/2472 1823/3513/894
f 1821/3514/1692 3365/3515/3133 1820/3508/1691
f 1814/3516/1686 3359/3517/3128 3358/3518/3127
f 1806/3511/876 3352/3519/2473 3351/3512/2472
f 1821/3514/1692 3366/3520/2489 3365/3515/3133
f 1814/3516/1686 3360/3521/3129 3359/3517/3128
f 1808/3522/878 3353/3523/2474 1807/3524/877
f 1823/3513/894 3367/3525/2490 1822/3526/893
f 1816/3493/838 3360/3521/3129 1815/3527/1687
f 1808/3522/878 3354/3497/2475 3353/3523/2474
f 1823/3513/894 3351/3512/2472 3367/3525/2490
f 1831/3528/1700 1846/3529/1715 1829/3530/1698
f 1826/3531/1695 1834/3532/1703 1825/3533/1694
f 1832/3534/1701 1847/3535/1716 1831/3528/1700
f 1789/3536/1666 1839/3537/1708 1788/3440/1665
f 1792/3538/1669 1839/3537/1708 1789/3536/1666
f 1833/3539/1702 1848/3540/1717 1832/3541/1701
f 1791/3447/1668 1841/3542/1710 1790/3543/1667
f 1824/3544/1693 1842/3545/1711 1833/3539/1702
f 1825/3533/1694 1843/3546/1712 1824/3547/1693
f 1834/3532/1703 1843/3546/1712 1825/3533/1694
f 1786/3439/1663 1836/3548/1705 1785/3549/1662
f 1827/3550/1696 1834/3532/1703 1826/3531/1695
f 1828/3551/1697 1844/3552/1713 1827/3553/1696
f 1829/3554/1698 1845/3555/1714 1828/3551/1697
f 967/3556/858 2048/3557/1851 2659/1681/2448
f 2615/1596/2406 933/1602/824 2620/1597/2411
f 2037/1561/1840 915/3558/806 2606/1562/2397
f 2/3559/1 4/4/3 3368/6/3134
f 1850/3/1719 4/2/3 6/3560/4
f 2206/11/2007 19/16/15 11/3561/8
f 9/19/7 12/18/7 2207/20/2008
f 2205/27/2006 17/26/13 7/3562/5
f 21/3563/17 19/14/15 17/24/13
f 23/3564/18 25/3565/20 3371/3566/3135
f 1858/3567/1722 25/3568/20 27/3569/21
f 1857/37/2 26/3570/2 3369/38/2
f 42/46/34 39/55/32 32/47/25
f 35/42/28 37/3571/30 42/40/34
f 41/57/33 39/3572/32 37/58/30
f 13/20/9 3/18/2 38/61/31
f 1859/62/1723 44/65/35 46/63/37
f 1860/67/1724 46/3573/37 48/68/39
f 1863/70/19 47/3574/38 3372/71/38
f 50/73/41 60/77/51 54/78/45
f 2215/87/2016 58/86/49 50/3575/41
f 62/91/52 60/88/51 58/90/49
f 33/83/26 24/3576/19 61/93/19
f 1864/97/1726 64/96/53 66/3577/55
f 1868/101/1728 66/100/55 68/102/56
f 1867/104/36 67/3578/36 3375/105/36
f 69/107/57 79/111/67 73/112/61
f 2220/123/2021 77/122/65 69/3579/57
f 81/3580/68 79/124/67 77/118/65
f 55/117/46 45/3581/36 80/128/36
f 3380/3582/3138 84/3583/70 86/3584/72
f 1869/134/1729 86/3585/72 88/135/74
f 1872/137/54 87/3586/73 3378/138/73
f 102/143/86 100/3587/85 93/146/78
f 96/142/81 98/3588/83 102/140/86
f 2228/156/2029 100/3589/85 98/157/83
f 74/152/62 65/3590/54 101/159/54
f 1873/163/1732 104/162/87 106/3591/89
f 1873/3592/1732 106/3593/89 108/3594/91
f 1876/3595/1734 1873/3592/1732 108/3594/91
f 1875/164/1730 107/3596/90 3381/165/90
f 118/3597/101 110/170/93 2229/172/2030
f 110/174/93 120/3598/103 113/175/96
f 122/186/104 120/173/103 123/167/105
f 94/182/79 85/188/71 119/190/102
f 3387/3599/3141 3386/3600/3140 126/3601/107
f 1879/194/1736 1877/3602/1735 126/195/107
f 1880/197/1733 127/3603/88 3384/198/88
f 137/214/115 129/213/109 2233/3604/2034
f 129/202/109 142/201/120 133/203/112
f 131/207/111 134/206/111 2234/208/2035
f 2237/220/2038 142/217/120 140/219/118
f 114/211/97 105/3605/88 143/222/88
f 3390/224/3142 145/3606/121 147/225/123
f 1883/227/1739 1881/3607/1737 147/228/123
f 3393/3608/3143 1883/3609/1739 149/3610/125
f 1884/230/124 148/3611/124 3388/231/124
f 151/236/127 163/3612/138 155/239/131
f 153/242/129 156/241/130 2239/243/2040
f 159/235/134 161/3613/136 151/233/127
f 165/3614/139 163/246/138 161/248/136
f 135/245/113 125/3615/106 164/252/106
f 1885/257/1740 167/3616/140 169/255/142
f 1888/3617/1742 1886/256/1741 169/255/142
f 170/264/122 3391/3618/122 1882/265/1738
f 180/3619/151 173/270/145 2241/272/2042
f 173/275/145 184/274/155 176/276/148
f 174/280/146 177/279/147 2243/281/2044
f 186/3620/156 184/287/155 180/269/151
f 157/283/132 146/241/122 183/291/154
f 3398/3621/3146 3397/3622/3145 190/3623/159
f 1893/3624/1744 1890/295/1743 190/294/159
f 191/299/141 3395/3625/141 1887/300/141
f 201/3626/168 194/302/162 2245/304/2046
f 2246/310/2047 203/309/170 2247/3627/2048
f 195/313/163 197/312/164 2248/314/2049
f 201/3628/168 206/305/172 194/307/162
f 205/3629/171 203/306/170 206/305/172
f 178/281/149 168/279/141 204/320/141
f 208/323/173 210/3630/175 1894/324/1745
f 1897/326/1747 1894/3631/1745 210/327/175
f 211/329/158 3399/3632/158 1891/330/158
f 221/3633/185 214/332/178 2250/334/2051
f 2251/338/2052 223/336/187 217/3634/181
f 221/3635/185 226/335/189 214/337/178
f 225/346/188 223/343/187 221/345/185
f 198/314/165 189/312/158 222/349/186
f 229/3636/191 231/355/193 1898/3637/1748
f 228/3638/190 229/351/191 3404/353/3148
f 1901/354/1749 1898/3637/1748 231/355/193
f 232/357/174 3402/3639/174 1895/358/1746
f 235/360/196 246/364/206 239/365/200
f 237/368/198 240/367/199 2256/369/2057
f 2254/377/2055 244/376/204 235/3640/196
f 248/378/207 246/3641/206 234/373/195
f 218/371/182 209/3642/174 247/382/174
f 250/3643/208 252/3644/210 1902/3645/1750
f 1904/3646/1752 1902/3645/1750 252/3644/210
f 1906/3647/1753 252/3648/210 3410/3649/3150
f 1906/3647/1753 1904/3650/1752 252/3648/210
f 253/388/192 3405/3651/192 1899/389/192
f 261/3652/218 255/394/212 2259/396/2060
f 255/399/212 265/398/222 258/400/215
f 267/3653/223 265/410/222 261/393/218
f 241/406/201 230/367/192 266/413/192
f 270/419/225 272/3654/227 1907/420/1754
f 1908/422/1755 272/3655/227 274/423/229
f 273/425/228 3408/3656/228 1903/426/1751
f 290/442/242 276/3657/231 2263/443/2064
f 276/431/231 287/3658/240 279/432/233
f 277/436/232 280/435/232 2264/437/2065
f 289/449/241 287/447/240 285/444/238
f 259/440/216 251/450/209 286/452/239
f 292/3659/243 294/453/245 3415/455/3153
f 295/460/226 3412/3660/226 1909/461/226
f 305/3661/254 298/463/248 2266/465/2067
f 298/468/248 307/467/256 301/469/250
f 305/3662/254 310/466/258 298/468/248
f 309/479/257 307/476/256 305/478/254
f 281/437/234 271/435/226 308/481/226
f 312/483/259 313/3663/260 1915/484/1759
f 1916/488/1760 313/487/260 315/3664/262
f 314/489/261 3416/3665/261 1912/490/1757
f 316/492/263 328/496/274 320/497/267
f 318/500/265 321/499/266 322/501/268
f 2270/510/2071 326/509/272 316/3666/263
f 330/511/275 328/3667/274 325/506/271
f 302/504/251 293/3668/244 329/515/244
f 2262/403/2063 282/3669/235 2315/517/2063
f 2269/519/2070 323/3670/269 2277/520/2078
f 2265/437/2066 303/3671/252 2318/522/2115
f 158/243/133 2244/3672/2045 2300/524/2099
f 2227/148/2028 2232/3673/2033 2291/526/2091
f 2249/314/2050 2253/3674/2054 2306/528/2104
f 2208/20/2009 34/3675/27 2279/530/2080
f 115/178/98 2235/3676/2036 2294/532/2094
f 219/371/183 242/406/202 2309/534/2107
f 2214/51/2015 2218/3677/2019 2282/536/2015
f 2257/369/2058 260/3678/217 2312/538/2110
f 14/20/10 2273/531/2074 2276/540/2077
f 136/245/114 2240/3679/2041 2297/542/114
f 75/114/63 95/3680/80 2288/544/2088
f 179/281/150 199/3681/166 2303/546/166
f 56/117/47 2223/3682/2024 2285/548/2085
f 2284/549/2084 2326/574/2123 349/3683/294
f 2305/529/2103 2321/551/2118 356/572/301
f 2287/545/2087 2324/552/2121 350/3684/295
f 341/535/286 2325/553/2122 357/3685/302
f 335/527/280 2327/554/2124 351/552/296
f 342/556/287 2328/555/2125 358/3686/303
f 336/533/281 2329/558/2126 352/554/297
f 343/518/288 2330/559/2127 359/555/304
f 2278/561/2079 2331/560/2128 2333/569/2130
f 337/543/282 2332/562/2129 353/3687/298
f 344/523/289 2334/564/2131 360/559/305
f 331/531/276 2335/565/2132 347/560/292
f 338/567/283 2336/566/2133 354/3688/299
f 345/521/290 362/569/307 361/3689/306
f 332/537/277 2322/571/2119 348/565/293
f 339/573/284 2323/572/2120 355/566/300
f 1919/3690/1761 1921/3691/1762 364/3692/308
f 3420/3693/3155 368/3694/311 366/3695/310
f 373/3696/315 380/585/322 370/579/313
f 376/3697/318 378/594/320 2337/596/2134
f 378/592/320 380/582/322 382/3698/324
f 1922/3699/1763 1927/602/1765 385/604/326
f 1925/608/1764 389/607/329 387/3700/328
f 1926/609/309 1920/3701/309 3419/610/309
f 395/618/334 402/627/341 405/619/343
f 405/613/343 400/3702/339 398/614/337
f 398/614/337 400/3702/339 2345/3703/2142
f 400/629/339 402/3704/341 404/630/342
f 401/634/340 365/633/309 374/586/316
f 1929/635/1766 1932/3705/1767 409/636/346
f 3424/3706/3157 1929/3707/1766 407/3708/344
f 1932/640/1767 411/639/347 409/3709/346
f 1924/641/327 3422/3710/327 410/642/327
f 416/649/352 424/647/359 420/645/355
f 2347/653/2144 417/650/351 414/652/350
f 420/3711/355 422/657/357 2346/659/2143
f 422/662/357 424/661/359 426/663/360
f 425/665/327 386/3712/327 396/655/335
f 3427/3713/3159 1933/670/1768 429/671/362
f 1937/674/1769 433/673/365 431/3714/364
f 1930/675/345 3425/3715/345 432/676/345
f 438/683/370 447/681/378 442/679/373
f 2351/687/2148 439/684/369 436/686/368
f 442/3716/373 445/693/376 2350/695/2147
f 445/691/376 447/696/378 449/3717/379
f 446/702/377 408/701/345 418/689/353
f 3430/3718/3161 1939/704/1770 451/706/380
f 1942/707/1772 455/3719/383 453/708/382
f 1935/713/363 3428/3720/363 454/714/363
f 461/722/388 467/3721/394 469/720/395
f 469/717/395 465/3722/392 2356/718/2153
f 465/732/392 467/3723/394 2357/733/2154
f 468/735/363 430/684/363 440/728/371
f 1946/742/1775 473/741/398 471/3724/396
f 3434/3725/3163 475/3726/399 473/3727/398
f 1940/743/1771 3431/3728/381 474/744/381
f 2358/751/2155 478/750/402 484/3729/408
f 481/753/405 487/3730/411 478/754/402
f 477/747/401 487/752/411 489/765/412
f 488/767/381 452/3731/381 462/761/389
f 1949/774/1776 493/773/415 491/3732/413
f 1952/777/1778 495/776/417 493/3733/415
f 1945/778/1774 3433/3734/416 494/779/416
f 497/3735/419 505/793/425 504/795/424
f 500/784/421 509/781/429 505/783/425
f 2363/789/2160 501/786/420 498/788/420
f 512/798/431 509/3736/429 511/799/430
f 510/802/397 472/3737/397 482/792/406
f 1956/804/1780 516/3738/434 514/805/432
f 518/3739/436 516/808/434 3439/807/3166
f 1950/810/1777 3436/3740/435 517/811/435
f 524/819/442 530/3741/448 533/817/450
f 533/814/450 528/3742/446 2368/815/2165
f 528/827/446 530/826/448 532/3743/449
f 531/831/414 492/3744/414 502/824/422
f 1962/838/1782 537/837/453 535/3745/451
f 539/3746/455 537/3747/453 3441/3748/3167
f 1955/840/433 3438/3749/454 538/841/454
f 2369/848/2166 541/847/457 548/3750/464
f 544/852/460 551/849/467 541/851/457
f 548/845/464 551/862/467 553/3751/468
f 552/865/433 515/3752/433 525/858/443
f 1964/870/1783 556/869/470 3442/3753/3168
f 558/3754/471 556/3755/470 1967/3756/1784
f 1960/874/452 3440/3757/452 557/875/452
f 2374/882/2171 561/881/474 568/3758/480
f 2375/3759/2172 570/884/482 560/886/473
f 2376/890/2173 564/887/476 562/889/475
f 573/878/484 570/883/482 572/3760/483
f 569/899/481 536/898/452 545/892/461
f 1970/901/1786 1972/3761/1788 577/902/487
f 3446/3762/3170 577/905/487 3447/907/3171
f 1973/908/469 1965/3763/469 3443/909/469
f 580/916/489 593/915/500 588/3764/496
f 583/3765/492 590/914/498 580/916/489
f 2379/923/2176 584/920/491 581/922/490
f 580/912/489 588/3766/496 2381/913/2178
f 588/927/496 590/926/498 592/928/499
f 591/930/469 555/887/469 565/890/477
f 1977/933/1791 597/3767/503 595/934/501
f 599/3768/504 597/936/503 3449/938/3172
f 1978/939/1787 1971/3769/1787 3445/940/486
f 604/947/509 611/945/516 607/943/512
f 607/3770/512 609/956/514 2382/958/2179
f 609/954/514 611/959/516 613/3771/517
f 610/965/515 576/964/486 585/952/493
f 1979/967/1792 1984/3772/1794 618/968/521
f 620/973/522 618/3773/521 1984/974/1794
f 1983/976/1790 1976/3774/1790 3448/977/502
f 2386/984/2183 622/983/524 629/3775/531
f 625/3776/527 632/997/534 628/980/530
f 2390/995/2187 632/999/534 634/3777/535
f 633/1000/502 596/3778/502 605/993/510
f 640/1010/540 638/3779/538 1989/1011/1797
f 1988/1013/520 1982/3780/520 3450/1014/539
f 649/1030/548 642/3781/542 656/1028/554
f 645/1016/545 653/3782/552 656/1017/554
f 2391/1025/2188 646/1022/544 643/1024/543
f 651/1032/550 653/1035/552 655/1036/553
f 654/1037/520 617/3783/520 626/989/528
f 1990/1039/1798 1994/3784/1800 660/1040/557
f 662/1042/558 660/3785/557 1994/1043/1800
f 1993/1045/1796 1987/3786/1796 3453/1046/537
f 2394/1050/2191 665/1049/561 673/3787/568
f 668/1054/563 675/1051/570 665/1053/561
f 665/1053/561 672/1052/567 673/3788/568
f 673/1064/568 675/1063/570 677/1065/571
f 676/1067/537 637/1022/537 647/1061/546
f 1995/1069/1801 1998/3789/1802 680/1070/573
f 682/1073/575 680/3790/573 1998/1074/1802
f 1997/1075/1799 1992/3791/1799 3455/1076/574
f 687/1083/579 694/1081/586 690/1079/582
f 690/3792/582 692/1093/584 2397/1095/2194
f 697/1090/588 694/3793/586 696/1096/587
f 695/1100/556 659/3794/556 669/1089/564
f 2389/989/2186 2439/1148/2233 2441/1102/2186
f 2396/1104/2193 2445/1168/2238 2403/1105/2200
f 2392/1025/2189 2442/1152/2235 2444/1107/2237
f 526/820/444 2424/1158/2219 2426/1109/2221
f 2355/723/2152 2415/1140/2211 2417/1111/2213
f 2377/890/2174 2430/1173/2224 2432/1113/2226
f 2339/586/2136 2400/1155/2197 2405/1115/2202
f 483/756/407 2418/1146/2214 2420/1117/2216
f 586/1119/494 2433/1144/2227 2435/1120/2229
f 2344/622/2141 2406/1163/2203 2408/1122/2141
f 2384/948/2181 2436/1143/2230 2438/1124/2232
f 2402/1126/2199 2399/1155/2196 375/586/317
f 503/824/423 2421/1159/2217 2423/1128/423
f 441/687/372 2412/1141/2208 2414/1130/2210
f 546/854/462 2427/1165/2222 2429/1132/478
f 419/689/354 2409/1176/2205 2411/1134/2207
f 716/3795/607 2452/1175/2245 2410/1176/2206
f 723/1172/614 2447/1136/2240 2431/1138/2225
f 717/1175/608 2450/1139/2243 2413/1141/2209
f 724/3796/615 2451/1142/2244 708/1144/599
f 718/1139/609 2453/1145/2246 702/1140/593
f 725/1142/616 2454/1147/2247 709/1143/600
f 719/1145/610 2455/1149/2248 703/1146/594
f 726/1147/617 2456/1151/2249 710/1153/601
f 2459/1167/2252 2457/1154/2250 2404/1156/2201
f 720/3797/611 2458/1157/2251 704/1159/595
f 727/1151/618 2460/1160/2253 711/1152/602
f 714/3798/605 2461/1162/2254 698/1155/589
f 721/3799/612 2462/1164/2255 705/1166/596
f 728/3800/619 729/1167/620 712/1168/603
f 715/1162/606 2448/1169/2241 699/1171/590
f 722/1164/613 2449/1172/2242 706/1174/597
f 733/1196/624 2470/1195/2263 2469/3801/2262
f 1999/1177/1803 2002/1180/1806 2466/1178/2259
f 2000/1179/1804 2466/1178/2259 2465/1193/2258
f 2002/3802/1806 2004/1188/1808 2463/1190/2256
f 2003/1182/1807 2465/3803/2258 2464/1183/2257
f 2004/3804/1808 2001/1184/1805 2464/1183/2257
f 743/3805/634 2471/3806/2264 2481/3807/2274
f 730/3808/621 731/1197/622 2474/1199/2267
f 737/1191/628 2474/1199/2267 2473/1192/2266
f 737/1191/628 730/3808/621 2474/1199/2267
f 734/1194/625 744/3809/635 2470/1195/2263
f 732/1200/623 2468/3810/2261 2467/1201/2260
f 735/1203/626 2472/1207/2265 744/1204/635
f 732/1200/623 2469/3811/2262 2468/3810/2261
f 732/1200/623 733/3812/624 2469/3811/2262
f 736/1206/627 2473/3813/2266 2472/1207/2265
f 738/1220/629 739/1208/630 2476/1210/2269
f 2471/3806/2264 2482/3814/2275 2481/3807/2274
f 739/1208/630 740/1213/631 2478/1211/2271
f 2471/3806/2264 745/1217/636 2482/3814/2275
f 745/1217/636 2483/1216/2276 2482/3814/2275
f 746/1215/637 2484/1224/2277 2483/1216/2276
f 747/1222/638 2475/1221/2268 2485/1223/2278
f 742/1218/633 743/3805/634 2480/1219/2273
f 746/1215/637 747/1222/638 2484/1224/2277
f 743/3805/634 2481/3807/2274 2480/1219/2273
f 759/1251/650 2494/1250/2287 2493/3815/2286
f 2005/1233/1809 2008/1236/1812 2489/1234/2282
f 2008/3816/1812 2010/3817/1814 2486/3818/2279
f 2009/1238/1813 2488/3819/2281 2487/1239/2280
f 2010/3817/1814 2011/3820/1815 2486/3818/2279
f 2011/1244/1815 2007/1240/1811 2487/1239/2280
f 2006/1241/1810 2489/3821/2282 2488/1242/2281
f 764/1246/655 2497/1266/2290 2496/1247/2289
f 755/1265/646 756/3822/647 2490/3823/2283
f 756/3822/647 2491/3824/2284 2490/3823/2283
f 762/1257/653 2495/1264/2288 772/1258/663
f 757/1254/648 2492/1261/2285 2491/1255/2284
f 763/1263/654 2496/3825/2289 2495/1264/2288
f 758/1260/649 759/3826/650 2493/1262/2286
f 755/1265/646 2490/3823/2283 2497/1266/2290
f 767/1267/658 768/3827/659 2501/1273/2294
f 768/3827/659 2502/3828/2295 2501/1273/2294
f 768/3827/659 769/1284/660 2502/3828/2295
f 769/1284/660 2503/1283/2296 2502/3828/2295
f 775/1281/666 2508/3829/2301 2507/1277/2300
f 770/1282/661 2504/1286/2297 2503/1283/2296
f 775/1281/666 2509/1287/2302 2508/3829/2301
f 775/1281/666 776/1280/667 2509/1287/2302
f 771/1270/662 2505/1272/2298 2504/1286/2297
f 782/1298/673 785/1297/676 893/3830/784
f 2014/1309/1818 2512/1308/2305 2511/3831/2304
f 2012/1305/1816 2015/1302/1819 2514/1304/2307
f 2013/1306/1817 2514/1304/2307 2513/3832/2306
f 2015/3833/1819 2017/1310/1821 2510/1312/2303
f 2016/1307/1820 2513/3834/2306 2512/1308/2305
f 2017/3835/1821 2014/1309/1818 2511/3831/2304
f 799/1348/690 2521/1334/2314 2530/3836/2323
f 792/3832/683 793/1322/684 2524/1323/2317
f 790/1316/681 2520/3837/2313 2519/1317/2312
f 786/1319/677 787/3838/678 2516/1320/2309
f 787/1326/678 2517/1325/2310 2516/3839/2309
f 790/1316/681 791/3834/682 2520/3837/2313
f 791/3840/682 2522/3841/2315 2520/3842/2313
f 788/1324/679 2518/3843/2311 2517/1325/2310
f 791/3840/682 2523/3844/2316 2522/3841/2315
f 791/3840/682 792/3845/683 2523/3844/2316
f 792/3845/683 2524/3846/2317 2523/3844/2316
f 2521/1334/2314 2531/1333/2324 2530/3836/2323
f 796/1329/687 2527/1336/2320 2526/1330/2319
f 800/1332/691 2532/3847/2325 2531/1333/2324
f 800/1332/691 2533/1339/2326 2532/3847/2325
f 803/1344/694 2525/1343/2318 2535/1347/2328
f 801/1338/692 2534/1346/2327 2533/1339/2326
f 799/1348/690 2530/3836/2323 2529/1341/2322
f 794/1342/685 795/1331/686 2526/1330/2319
f 806/1355/697 809/3848/700 896/1356/787
f 2020/1365/1824 2538/1364/2331 2537/3849/2330
f 814/1377/705 2545/1376/2338 2544/1392/2337
f 2018/1358/1822 2021/1361/1825 2540/1359/2333
f 2019/1360/1823 2540/1359/2333 2539/1374/2332
f 2021/3850/1825 2023/3851/1827 2536/1371/2329
f 2023/3851/1827 2024/1369/1828 2536/1371/2329
f 2019/1366/1823 2539/3852/2332 2538/1367/2331
f 2024/3853/1828 2020/1365/1824 2537/3849/2330
f 819/1372/710 2549/1394/2342 2548/1373/2341
f 810/1378/701 811/1362/702 2542/1379/2335
f 815/1375/706 2546/1382/2339 2545/1376/2338
f 816/1388/707 2547/1387/2340 2546/3854/2339
f 812/1383/703 2543/1390/2336 2542/1384/2335
f 812/1383/703 813/3855/704 2544/1389/2337
f 818/1391/709 2548/3856/2341 2547/1387/2340
f 810/1378/701 2541/1380/2334 2549/1394/2342
f 821/1395/712 822/1405/713 2553/1396/2346
f 822/1405/713 2554/1404/2347 2553/1396/2346
f 827/1401/718 828/1412/719 835/1402/726
f 823/1403/714 824/1415/715 2555/1406/2348
f 828/1412/719 2560/1411/2353 835/1402/726
f 824/1415/715 2556/3857/2349 2555/1406/2348
f 824/1415/715 2557/1414/2350 2556/3857/2349
f 829/1410/720 2561/3858/2354 2560/1411/2353
f 829/1410/720 2562/1417/2355 2561/3858/2354
f 825/1413/716 826/1398/717 2558/1400/2351
f 821/1395/712 2552/1397/2345 2551/1416/2344
f 836/1420/727 840/1419/731 902/3859/793
f 2576/1469/2369 847/1454/738 2577/1453/2370
f 2025/1424/1829 2028/1427/1832 2563/1429/2356
f 2027/1432/1831 2567/1431/2360 2566/1440/2359
f 2028/3860/1832 2030/1433/1834 2564/1435/2357
f 2029/1438/1833 2568/1437/2361 2567/3861/2360
f 2030/1433/1834 2032/3862/1836 2565/1434/2358
f 2032/1439/1836 2027/1432/1831 2566/1440/2359
f 2026/1442/1830 2569/3863/2362 2568/1437/2361
f 865/1443/756 2579/1476/2372 2597/1444/2390
f 842/1446/733 2571/1456/2364 2570/1447/2363
f 854/1449/745 2584/3864/2377 2583/1450/2376
f 848/1452/739 2578/3865/2371 2577/1453/2370
f 854/1449/745 841/1448/732 2584/3864/2377
f 848/1452/739 849/1460/740 2578/3865/2371
f 843/1455/734 844/1462/735 2572/1457/2365
f 849/1460/740 2580/1459/2373 2578/3865/2371
f 845/1461/736 2573/1465/2366 2572/1457/2365
f 851/1463/742 2581/1467/2374 2580/1459/2373
f 852/1466/743 2582/1471/2375 2581/1467/2374
f 2574/1464/2367 846/1468/737 2575/1470/2368
f 841/1448/732 2570/1447/2363 2584/3864/2377
f 853/1451/744 2583/1450/2376 2582/1471/2375
f 858/1472/749 859/1477/750 2589/1473/2382
f 866/1475/757 2598/1480/2391 2597/1444/2390
f 860/1481/751 861/1488/752 2591/1483/2384
f 867/1479/758 868/1484/759 2599/1482/2392
f 861/1488/752 2592/1487/2385 2591/1483/2384
f 869/1489/760 2601/1496/2394 2600/1485/2393
f 862/1486/753 2593/1491/2386 2592/1487/2385
f 863/1490/754 2594/1498/2387 2593/1491/2386
f 855/1492/746 2586/3866/2379 2585/1493/2378
f 870/1495/761 2602/1500/2395 2601/1496/2394
f 855/1492/746 856/1503/747 2586/3866/2379
f 863/1490/754 864/3867/755 2595/1497/2388
f 856/1503/747 2587/1502/2380 2586/3866/2379
f 871/1499/762 2603/1504/2396 2602/1500/2395
f 864/3867/755 2596/1445/2389 2595/1497/2388
f 871/1499/762 872/1494/763 2603/1504/2396
f 864/3867/755 865/1443/756 2596/1445/2389
f 857/1501/748 858/1472/749 2588/1474/2381
f 879/1505/770 908/1509/799 882/1506/773
f 836/1521/727 902/3868/793 901/1422/792
f 807/1354/698 898/1353/789 897/3869/788
f 880/1508/771 909/3870/800 908/1509/799
f 784/1290/675 892/1289/783 891/1522/782
f 881/1512/772 910/1511/801 909/1516/800
f 782/1288/673 893/3871/784 892/1289/783
f 749/1524/640 884/3872/775 883/1525/774
f 808/1352/699 894/3873/785 898/1353/789
f 750/1225/641 885/1533/776 884/1226/775
f 873/1510/764 903/3874/794 910/1511/801
f 837/1418/728 899/1531/790 840/1419/731
f 874/1518/765 904/3875/795 903/1519/794
f 804/1527/695 895/3876/786 894/1528/785
f 783/1296/674 888/1541/779 785/1297/676
f 874/1518/765 905/1539/796 904/3875/795
f 752/1545/643 886/3877/777 754/1546/645
f 805/1357/696 896/1356/787 895/1542/786
f 876/1515/767 906/1514/797 905/1551/796
f 778/1299/669 889/3878/780 888/1300/779
f 833/1548/724 900/1554/791 838/1549/729
f 752/1545/643 887/3879/778 886/3877/777
f 877/1513/768 907/1556/798 906/1514/797
f 834/1553/725 901/3880/792 900/1554/791
f 779/1291/670 890/1295/781 889/1292/780
f 806/1351/697 897/1350/788 809/3881/700
f 753/1230/644 883/1229/774 887/1231/778
f 780/1294/671 891/3882/782 890/1295/781
f 2038/3883/1841 2033/3884/1837 911/3885/802
f 2033/1563/1837 2606/1562/2397 911/3886/802
f 913/3887/804 2611/3888/2402 912/1567/803
f 917/3889/808 919/3890/810 916/1573/807
f 2039/1577/1842 2036/1569/1839 2609/1568/2400
f 914/1571/805 2612/1575/2403 2611/1572/2402
f 916/1573/807 2613/3891/2404 918/1574/809
f 2039/1577/1842 2609/1568/2400 2608/1578/2399
f 919/3892/810 917/3893/808 2614/3894/2405
f 2609/1568/2400 912/1567/803 2610/3895/2401
f 2041/3896/1844 2616/3897/2407 2614/3894/2405
f 2042/1590/1845 2622/1589/2413 933/3898/824
f 922/1585/813 2620/3899/2411 2619/1586/2410
f 920/1593/811 2618/1600/2409 2617/1594/2408
f 2043/1588/1846 2040/1592/1843 2622/1589/2413
f 934/3900/825 935/1610/826 2634/1609/2425
f 923/1605/814 924/1615/815 2624/1606/2415
f 936/1608/827 2635/1626/2426 2634/1609/2425
f 924/1615/815 2625/1614/2416 2624/1606/2415
f 925/1613/816 2626/1618/2417 2625/1614/2416
f 931/1616/822 2631/1620/2422 948/1612/839
f 931/1616/822 932/1624/823 2632/1619/2423
f 926/1617/817 2627/1622/2418 2626/1618/2417
f 2621/1623/2412 2633/3901/2424 2632/1619/2423
f 927/1621/818 928/1584/819 2628/1625/2419
f 2621/1623/2412 934/3900/825 2633/3901/2424
f 928/1584/819 2629/1583/2420 2628/1625/2419
f 923/1605/814 2623/1607/2414 2635/1626/2426
f 934/3900/825 2634/1609/2425 2633/3901/2424
f 947/1630/838 949/1635/840 2648/1631/2439
f 941/1633/832 2641/1637/2432 2640/1628/2431
f 950/1634/841 961/3902/852 2648/1631/2439
f 941/1633/832 942/3903/833 2642/1636/2433
f 950/1634/841 951/1619/842 961/3902/852
f 942/3903/833 2643/1642/2434 2642/1636/2433
f 951/1619/842 2649/1639/2440 961/3902/852
f 942/3903/833 943/1640/834 2643/1642/2434
f 952/1638/843 2650/1644/2441 2649/1639/2440
f 943/1640/834 944/1646/835 2644/1641/2435
f 952/1638/843 953/3904/844 2651/1643/2442
f 945/1645/836 2645/1651/2436 2644/1641/2435
f 937/1647/828 2637/1654/2428 2636/1648/2427
f 953/3904/844 2652/3905/2443 2651/1643/2442
f 937/1647/828 938/1652/829 2637/1654/2428
f 953/3904/844 954/3906/845 2652/3905/2443
f 945/1645/836 946/1656/837 2646/1650/2437
f 954/3906/845 2653/1657/2444 2652/3905/2443
f 939/1655/830 2639/1629/2430 2638/1653/2429
f 954/3906/845 955/1649/846 2653/1657/2444
f 947/1630/838 2647/1632/2438 2646/1650/2437
f 939/1655/830 940/1627/831 2639/1629/2430
f 2657/3907/2446 965/3908/856 2658/3909/2447
f 2047/1688/1850 2044/1679/1847 2657/1678/2446
f 966/1680/857 968/1682/859 965/1683/856
f 966/1680/857 967/3556/858 2659/1681/2448
f 970/1696/861 2665/1695/2454 2664/3910/2453
f 2048/3557/1851 2660/3911/2449 2659/1681/2448
f 2046/1685/1849 2661/3912/2450 2660/1686/2449
f 977/1727/868 978/3913/869 2674/3914/2463
f 2051/1690/1854 2053/3915/1856 2662/1691/2451
f 2053/1697/1856 2049/3916/1852 2663/1698/2452
f 971/1694/862 2666/3917/2455 2665/1695/2454
f 969/1705/860 2663/1698/2452 2049/3916/1852
f 969/1705/860 2664/1704/2453 2663/1698/2452
f 2052/1706/1855 2668/3918/2457 2666/1701/2455
f 984/3919/875 972/1710/863 2669/1712/2458
f 983/1707/874 2681/1714/2470 2680/1708/2469
f 978/3913/869 2675/3920/2464 2674/3914/2463
f 978/3913/869 979/3921/870 2675/3920/2464
f 972/1710/863 973/1716/864 2670/1711/2459
f 983/1707/874 984/3919/875 2682/1713/2471
f 979/3921/870 2676/1719/2465 2675/3920/2464
f 979/3921/870 980/1717/871 2676/1719/2465
f 974/1715/865 2671/1721/2460 2670/1711/2459
f 975/1720/866 2672/1725/2461 2671/1721/2460
f 976/1724/867 2673/1728/2462 2672/1725/2461
f 981/1726/872 2679/1729/2468 2678/1723/2467
f 977/1727/868 2674/3914/2463 2673/1728/2462
f 981/1726/872 982/1709/873 2680/1708/2469
f 984/3919/875 2669/1712/2458 2682/1713/2471
f 997/1730/888 2694/3922/2483 2693/1731/2482
f 989/1733/880 2687/1739/2476 2686/1734/2475
f 997/1730/888 2695/1737/2484 2694/3922/2483
f 990/1738/881 2688/3923/2477 2687/1739/2476
f 998/1736/889 999/1746/890 2696/1740/2485
f 990/1738/881 991/1743/882 2688/3923/2477
f 999/1746/890 2697/1745/2486 2696/1740/2485
f 991/1743/882 2689/1742/2478 2688/3923/2477
f 1000/1744/891 2698/3924/2487 2697/1745/2486
f 992/1741/883 993/1755/884 2690/1747/2479
f 1000/1744/891 2699/1752/2488 2698/3924/2487
f 993/1755/884 2691/1754/2480 2690/1747/2479
f 985/1748/876 986/1761/877 2684/1756/2473
f 1001/1751/892 1002/1714/893 2700/1757/2489
f 994/1753/885 995/1763/886 2692/1758/2481
f 986/1761/877 2685/1760/2474 2684/1756/2473
f 1002/1714/893 2701/1762/2490 2700/1757/2489
f 996/1732/887 2693/1731/2482 2692/1758/2481
f 987/1759/878 988/1735/879 2686/1734/2475
f 960/1669/851 1016/3925/907 1015/1670/906
f 1008/1764/899 1023/3926/914 1022/1765/913
f 964/1663/855 1017/1662/908 1016/1773/907
f 1009/1770/900 1024/1776/915 1023/1771/914
f 962/1661/853 1018/3927/909 1017/1662/908
f 963/1666/854 1019/1665/910 1018/1667/909
f 956/1664/847 1013/3928/904 1019/1665/910
f 1005/1769/896 1020/1768/911 1010/1778/901
f 957/1660/848 1014/1659/905 1013/1672/904
f 1006/1782/897 1021/1781/912 1020/3929/911
f 958/1658/849 1015/3930/906 1014/1659/905
f 1012/1766/903 1022/1765/913 1011/1785/902
f 2060/1793/1863 2705/1805/2494 2706/1790/2495
f 2703/1787/2492 2704/1794/2493 2055/1788/1858
f 2706/3931/2495 2702/1796/2491 2056/1798/1859
f 2058/1799/1861 2704/3932/2493 2705/1800/2494
f 2702/3933/2491 2703/1787/2492 2059/1789/1862
f 1025/1811/916 2714/1826/2503 2707/1812/2496
f 2713/1806/2502 2714/1826/2503 1033/1807/924
f 2709/1808/2498 2710/1814/2499 1029/1809/920
f 2707/1816/2496 2708/1822/2497 1027/1817/918
f 2710/1819/2499 2712/1824/2501 1031/1820/922
f 2712/1824/2501 2713/3934/2502 1032/1825/923
f 2708/3935/2497 2709/1808/2498 1028/1810/919
f 2720/1803/2509 2721/1832/2510 2711/1804/2500
f 2716/1827/2505 2717/1830/2506 1036/1828/927
f 2721/1832/2510 2722/1835/2511 1041/1833/932
f 1038/1834/929 2717/1830/2506 2718/1837/2507
f 2722/1835/2511 2723/1840/2512 1042/1836/933
f 2724/1843/2513 2715/3936/2504 1034/1842/925
f 1039/1838/930 2718/1837/2507 2719/1839/2508
f 2719/1839/2508 2720/1803/2509 1040/1802/931
f 1034/1842/925 2715/3936/2504 2716/1827/2505
f 1043/1841/934 2723/1840/2512 2724/1843/2513
f 1049/3937/940 1050/3938/941 1044/3939/935
f 2726/1844/2515 2727/1852/2516 2061/1845/1864
f 2729/1847/2518 2725/3940/2514 2062/1848/1865
f 2063/1849/1866 2728/1851/2517 2729/1847/2518
f 2725/1854/2514 2726/1857/2515 2065/1855/1868
f 2064/1859/1867 2727/3941/2516 2728/1860/2517
f 2737/1862/2526 2738/1886/2527 1063/1863/954
f 2734/1866/2523 2735/1871/2524 1058/1867/949
f 1054/1875/945 2730/3942/2519 2731/1873/2520
f 2735/3943/2524 2736/1876/2525 1059/1878/950
f 2731/1873/2520 2732/1880/2521 1055/1874/946
f 2736/1876/2525 2737/1882/2526 1061/1879/952
f 1056/1881/947 2732/1880/2521 2733/3944/2522
f 2733/1884/2522 2734/1866/2523 1057/1865/948
f 2738/1886/2527 2730/1869/2519 1053/1868/944
f 1065/1887/956 2740/1907/2529 2741/1888/2530
f 2746/3945/2535 2747/1890/2536 1070/1892/961
f 2741/1888/2530 2742/1893/2531 1066/1889/957
f 2747/1890/2536 2748/1895/2537 1071/1891/962
f 2742/1893/2531 2743/1897/2532 1067/1894/958
f 2748/1895/2537 2749/3946/2538 1072/1896/963
f 2743/1897/2532 2744/1904/2533 1068/1898/959
f 1072/1896/963 2749/3946/2538 2750/1902/2539
f 2744/1904/2533 2745/1906/2534 1069/1905/960
f 1064/1900/955 2739/1899/2528 2740/1907/2529
f 1073/1903/964 2750/1902/2539 2751/1908/2540
f 1070/1892/961 2745/1906/2534 2746/3945/2535
f 1074/1901/965 2751/1908/2540 2739/1899/2528
f 1086/3947/977 1087/1919/978 1081/1921/972
f 2759/1962/2548 2760/1947/2549 1092/1949/983
f 2753/1925/2542 2754/1933/2543 2068/1926/1871
f 2752/3948/2541 2753/1935/2542 2069/1937/1872
f 2071/1938/1874 2754/3949/2543 2755/1939/2544
f 2070/1930/1873 2755/1932/2544 2752/1928/2541
f 1089/1952/980 2756/1951/2545 2757/3950/2546
f 1096/1946/987 2763/1945/2552 2756/1951/2545
f 1093/1948/984 2760/1947/2549 1102/1953/993
f 2757/3951/2546 2758/1955/2547 1089/1957/980
f 1091/1958/982 2758/1955/2547 2759/3952/2548
f 1102/3953/993 2762/1960/2551 1094/1959/985
f 2762/1960/2551 2763/3954/2552 1095/1961/986
f 2770/1942/2559 2771/1967/2560 2761/1943/2550
f 2765/1965/2554 2766/3955/2555 1098/1966/989
f 2766/3955/2555 2767/1969/2556 1098/1966/989
f 2771/1967/2560 2772/3956/2561 1103/1968/994
f 2772/3956/2561 2773/1971/2562 1103/1968/994
f 1099/1970/990 2767/1969/2556 2768/1973/2557
f 2773/1971/2562 2774/1977/2563 1104/1972/995
f 1100/1974/991 2768/1973/2557 2769/1979/2558
f 2769/1979/2558 2770/1942/2559 1101/1941/992
f 2764/1975/2553 2765/1965/2554 1097/1964/988
f 1106/1976/997 2774/1977/2563 2764/1975/2553
f 1113/1983/1004 1114/3957/1005 1111/1984/1002
f 2784/2031/2573 2785/2009/2574 1121/2011/1012
f 2080/1995/1883 2778/3958/2567 2779/1992/2568
f 2779/1992/2568 2775/3959/2564 2075/1993/1878
f 2776/1989/2565 2777/1996/2566 2074/1990/1877
f 2775/1998/2564 2776/2001/2565 2078/1999/1881
f 2077/2003/1880 2777/3960/2566 2778/2004/2567
f 2789/3961/2578 2790/2016/2579 1125/2015/1016
f 1117/2013/1008 2780/2012/2569 2781/3962/2570
f 2785/2009/2574 2786/2020/2575 1122/2010/1013
f 1118/2019/1009 2781/2018/2570 2782/2022/2571
f 2786/3963/2575 2788/2025/2577 1123/2024/1014
f 2782/2022/2571 2783/2027/2572 1119/2023/1010
f 2788/2025/2577 2789/2029/2578 1124/2026/1015
f 2783/3964/2572 2784/2031/2573 1120/2032/1011
f 2790/2016/2579 2780/2012/2569 1126/2014/1017
f 1128/2035/1019 2793/2034/2582 2794/2036/2583
f 2799/2006/2588 2800/3965/2589 2787/2007/2576
f 2794/2036/2583 2795/2040/2584 1129/2037/1020
f 2787/2007/2576 2800/3965/2589 2802/2038/2591
f 2802/2038/2591 2803/2042/2592 1133/2039/1024
f 2795/2040/2584 2796/2044/2585 1130/2041/1021
f 1134/2043/1025 2803/2042/2592 2804/2048/2593
f 2796/2044/2585 2797/2050/2586 1131/2045/1022
f 2791/2047/2580 2792/3966/2581 1127/2033/1018
f 1135/2049/1026 2804/2048/2593 2805/2051/2594
f 1132/2008/1023 2797/2050/2586 2798/3967/2587
f 2798/3967/2587 2799/2006/2588 1132/2008/1023
f 2792/3966/2581 2793/2034/2582 1127/2033/1018
f 1136/2046/1027 2805/2051/2594 2791/2047/2580
f 2806/3968/2595 2807/2073/2596 2082/2075/1885
f 2083/2069/1886 2812/2071/2601 2806/2067/2595
f 2084/2072/1887 2809/2061/2598 2810/3969/2599
f 2807/2073/2596 2808/2079/2597 2085/2074/1888
f 2086/2078/1889 2810/2077/2599 2811/2081/2600
f 2808/3970/2597 2809/2061/2598 2087/2063/1890
f 2088/2082/1891 2811/2081/2600 2812/3971/2601
f 1170/2083/1061 2839/3972/2628 2840/2084/2629
f 2814/2107/2603 2815/2090/2604 1146/2092/1037
f 2826/2086/2615 2827/3973/2616 1159/2087/1050
f 2820/2065/2609 2821/2093/2610 1153/2089/1044
f 1147/2091/1038 2815/2090/2604 2816/2095/2605
f 1159/2087/1050 2827/3973/2616 2813/2106/2602
f 2821/2093/2610 2823/2097/2612 1154/2094/1045
f 2816/2095/2605 2817/2099/2606 1148/2096/1039
f 1149/2100/1040 2817/2099/2606 2818/2102/2607
f 2823/2097/2612 2824/2104/2613 1156/2101/1047
f 2818/2102/2607 2819/3974/2608 1150/2103/1041
f 2824/2104/2613 2825/2108/2614 1157/2105/1048
f 1150/2103/1041 2819/3974/2608 1151/2064/1042
f 2825/2108/2614 2826/2086/2615 1158/2088/1049
f 1163/2109/1054 2831/2141/2620 2832/2110/2621
f 2840/2084/2629 2841/3975/2630 1171/2112/1062
f 1164/2111/1055 2832/2110/2621 2833/2113/2622
f 1171/2112/1062 2841/3975/2630 2842/2115/2631
f 1165/2114/1056 2833/2113/2622 2834/2117/2623
f 2842/2115/2631 2843/2119/2632 1172/2116/1063
f 2834/2117/2623 2835/2121/2624 1166/2118/1057
f 2843/2119/2632 2844/2129/2633 1174/2123/1065
f 2835/2121/2624 2836/2124/2625 1167/2122/1058
f 2836/2124/2625 2837/2131/2626 1168/2125/1059
f 2828/2126/2617 2829/2133/2618 1160/2127/1051
f 2844/2129/2633 2845/2135/2634 1175/2130/1066
f 1169/2132/1060 2837/2131/2626 2838/2137/2627
f 2829/2133/2618 2830/2138/2619 1161/2134/1052
f 2845/2135/2634 2846/2140/2635 1176/2136/1067
f 2838/2137/2627 2839/3972/2628 1170/2083/1061
f 1162/2139/1053 2830/2138/2619 2831/2141/2620
f 1177/2128/1068 2846/2140/2635 2828/2126/2617
f 1192/3976/1083 1193/3977/1084 1184/3978/1075
f 1184/3978/1075 1193/3977/1084 1185/2152/1076
f 1190/2142/1081 1191/2145/1082 1183/2143/1074
f 1115/3979/1006 1116/1986/1007 1112/1988/1003
f 1191/2145/1082 1192/3980/1083 1184/2146/1075
f 1201/2153/1092 1145/3981/1036 1142/2154/1033
f 1085/1909/976 1086/1915/977 1080/1910/971
f 1050/3938/941 1194/3982/1085 1044/3939/935
f 1194/2155/1085 1195/2158/1086 1045/2156/936
f 1116/1986/1007 1197/2160/1088 1107/1987/998
f 1145/2052/1036 1143/3983/1034 1137/2053/1028
f 1195/3984/1086 1051/2162/942 1046/2164/937
f 1193/3977/1084 1186/2150/1077 1185/2152/1076
f 1143/3983/1034 1144/3985/1035 1137/2053/1028
f 1186/3986/1077 1187/3987/1078 1178/2171/1069
f 1197/2165/1088 1198/3988/1089 1109/2166/1000
f 1187/3987/1078 1202/2169/1093 1178/2171/1069
f 1087/1919/978 1082/2172/973 1075/1920/966
f 1144/2055/1035 1199/2176/1090 1138/2056/1029
f 1052/2178/943 1196/2186/1087 1048/2179/939
f 1198/2174/1089 1113/1983/1004 1110/1985/1001
f 1202/2184/1093 1188/2147/1079 1180/2149/1071
f 1199/2181/1090 1200/2189/1091 1140/2182/1031
f 1188/2147/1079 1189/2191/1080 1181/2148/1072
f 1196/3989/1087 1050/3938/941 1049/3937/940
f 1083/1912/974 1084/1917/975 1078/1913/969
f 1114/3990/1005 1115/1980/1006 1111/1982/1002
f 1189/2191/1080 1190/3991/1081 1182/2192/1073
f 1200/2058/1091 1201/2153/1092 2801/2059/2590
f 1084/1917/975 1085/3992/976 1079/1918/970
f 2850/2193/2639 2851/2201/2640 2089/2194/1892
f 2847/2196/2636 2848/3993/2637 2090/2197/1893
f 2092/2206/1895 2851/3994/2640 2852/2207/2641
f 2848/2203/2637 2849/2209/2638 2093/2204/1896
f 2849/3995/2638 2850/2193/2639 2095/2195/1898
f 2091/2198/1894 2853/2200/2642 2847/2196/2636
f 2096/2211/1899 2852/2207/2641 2853/3996/2642
f 2879/2212/2668 2880/2245/2669 2862/2213/2651
f 1203/2217/1094 2854/2216/2643 2855/2224/2644
f 1215/2220/1106 2866/2219/2655 2867/2226/2656
f 2860/2221/2649 2861/2227/2650 1209/2222/1100
f 2855/2224/2644 2856/2229/2645 1204/2225/1095
f 1216/2215/1107 2867/2226/2656 2854/2216/2643
f 1210/2228/1101 2861/2227/2650 1227/2231/1118
f 2856/2229/2645 2857/2233/2646 1205/2230/1096
f 1227/2231/1118 2863/3997/2652 1211/2232/1102
f 2857/2233/2646 2858/2237/2647 1206/2234/1097
f 1211/2232/1102 2863/3997/2652 2864/2235/2653
f 2864/2235/2653 2865/2241/2654 1213/2239/1104
f 1207/2238/1098 2858/2237/2647 2859/2240/2648
f 2859/2240/2648 2860/2221/2649 1208/2223/1099
f 2865/2241/2654 2866/2219/2655 1214/2218/1105
f 1219/2242/1110 2871/3998/2660 2872/2243/2661
f 1220/2244/1111 2872/2243/2661 2873/2247/2662
f 1228/2246/1119 2880/2245/2669 2881/2249/2670
f 1221/2248/1112 2873/2247/2662 2874/2251/2663
f 2881/2249/2670 2883/2253/2672 1229/2250/1120
f 2874/2251/2663 2875/2255/2664 1222/2252/1113
f 2883/2253/2672 2884/2259/2673 1230/2254/1121
f 1223/2256/1114 2875/2255/2664 2876/2257/2665
f 1231/2260/1122 2884/2259/2673 2885/2261/2674
f 2876/2257/2665 2877/2266/2666 1224/2258/1115
f 2868/2263/2657 2869/2268/2658 1217/2264/1108
f 2885/2261/2674 2886/2270/2675 1232/2262/1123
f 1225/2267/1116 2877/2266/2666 2878/2272/2667
f 1218/2269/1109 2869/2268/2658 2870/2273/2659
f 2886/2270/2675 2887/2274/2676 1233/2271/1124
f 2870/2273/2659 2871/3998/2660 1219/2242/1110
f 1226/2214/1117 2878/2272/2667 2879/2212/2668
f 1234/2265/1125 2887/2274/2676 2868/2263/2657
f 1252/2290/1143 2899/3999/2688 2900/2291/2689
f 2104/2296/1907 2892/4000/2681 2893/2297/2682
f 2890/2287/2679 2891/2298/2680 2097/2288/1900
f 2888/4001/2677 2889/2300/2678 2098/2302/1901
f 2889/2300/2678 2890/2306/2679 2101/2301/1904
f 2102/2305/1905 2891/2304/2680 2892/2308/2681
f 2099/2295/1902 2893/2297/2682 2888/2293/2677
f 2905/2313/2694 2906/4002/2695 1260/2314/1150
f 1247/2312/1138 2894/2311/2683 2895/2318/2684
f 1253/2292/1144 2900/2291/2689 2901/2316/2690
f 1260/2314/1150 2906/4002/2695 2907/2320/2696
f 1254/2317/1145 2901/2316/2690 1273/2321/1163
f 2895/2318/2684 2896/2325/2685 1249/2323/1140
f 1273/2321/1163 2902/4003/2691 1256/2324/1147
f 2896/2325/2685 2897/2329/2686 1250/2326/1141
f 1256/2324/1147 2902/4003/2691 2903/2327/2692
f 2897/2329/2686 2898/2332/2687 1251/2330/1142
f 2903/2327/2692 2904/4004/2693 1258/2331/1148
f 2898/2332/2687 2899/3999/2688 1252/2290/1143
f 1258/2331/1148 2904/4004/2693 2905/2313/2694
f 2907/2320/2696 2894/2311/2683 1261/2310/1151
f 2918/2333/2707 2919/2339/2708 1274/2334/1164
f 2911/2336/2700 2912/4005/2701 1266/2337/1156
f 2912/4005/2701 2913/2341/2702 1266/2337/1156
f 2919/2339/2708 1287/2343/1177 1275/2340/1165
f 1287/2343/1177 2921/2347/2710 1276/2344/1166
f 1267/2342/1157 2913/2341/2702 2914/2345/2703
f 2921/2347/2710 2922/2349/2711 1277/2348/1167
f 2914/2345/2703 2915/2351/2704 1268/2346/1158
f 2922/2349/2711 2923/2356/2712 1278/2350/1168
f 2915/2351/2704 2916/2358/2705 1269/2352/1159
f 1262/2354/1152 2908/2353/2697 2909/2360/2698
f 1279/2357/1169 2923/2356/2712 2924/2362/2713
f 1270/2359/1160 2916/2358/2705 2917/2364/2706
f 2909/2360/2698 2910/2366/2699 1263/2361/1153
f 2924/2362/2713 2925/2368/2714 1280/2363/1170
f 1271/2365/1161 2917/2364/2706 2918/2333/2707
f 1264/2367/1154 2910/2366/2699 2911/2336/2700
f 1281/2355/1171 2925/2368/2714 2908/2353/2697
f 1282/2376/1172 1291/2388/1181 1283/4006/1173
f 1244/2281/1135 1298/4007/1188 1239/2282/1130
f 1295/2369/1185 1300/2383/1190 1288/2370/1178
f 1298/2381/1188 1245/2278/1136 2882/2280/2671
f 1300/4008/1190 1290/2375/1180 1289/2377/1179
f 1245/2278/1136 1299/2385/1189 1240/2279/1131
f 1246/2284/1137 1296/4009/1186 1235/2391/1126
f 1291/2389/1181 1292/2372/1182 1284/2374/1174
f 1296/2392/1186 1297/2275/1187 1236/2277/1127
f 1292/4010/1182 1293/2378/1183 1285/2380/1175
f 1297/2275/1187 1243/2395/1134 1237/2276/1128
f 1243/4011/1134 1244/2281/1135 1238/2283/1129
f 1294/2397/1184 1295/2369/1185 2920/2371/2709
f 2107/2404/1910 2928/2403/2717 2927/4012/2716
f 2105/2399/1908 2108/4013/1911 2926/2411/2715
f 2108/4014/1911 2110/2405/1913 2926/2407/2715
f 2106/2408/1909 2929/4015/2718 2928/2409/2717
f 2110/4016/1913 2107/2404/1910 2927/4012/2716
f 1313/4017/1203 2935/2434/2724 2946/2436/2735
f 1308/2412/1198 1301/4018/1191 2930/2413/2719
f 1304/2419/1194 2934/2418/2723 2933/2431/2722
f 1308/2412/1198 2939/2414/2728 2938/2415/2727
f 1301/2420/1191 1302/2425/1192 2931/2421/2720
f 1305/2417/1195 2936/4019/2725 2934/2418/2723
f 1302/2425/1192 2932/2424/2721 2931/2421/2720
f 1306/2426/1196 2937/2430/2726 2936/2427/2725
f 1303/2423/1193 2933/4020/2722 2932/2424/2721
f 1309/2448/1199 1310/2440/1200 2941/2452/2730
f 1310/2440/1200 2942/4021/2731 2941/2452/2730
f 1310/2440/1200 2943/2439/2732 2942/4021/2731
f 2935/2434/2724 1314/2443/1204 2948/2437/2737
f 1311/2438/1201 1312/2446/1202 2944/2441/2733
f 1315/2442/1205 2949/2445/2738 2948/2437/2737
f 1312/2446/1202 1313/4017/1203 2945/2447/2734
f 1313/4017/1203 2946/2436/2735 2945/2447/2734
f 1316/2444/1206 1317/2450/1207 2950/2451/2739
f 1318/2461/1208 1456/4022/1342 1323/4023/1213
f 2111/2462/1914 2114/2465/1917 2954/2463/2743
f 2112/2464/1915 2954/2463/2743 2953/4024/2742
f 2114/4025/1917 2116/4026/1919 2951/4027/2740
f 2115/2467/1918 2953/4028/2742 2952/2468/2741
f 2116/4026/1919 2117/4029/1920 2951/4027/2740
f 2117/2473/1920 2113/2469/1916 2952/2468/2741
f 1329/2497/1219 1330/2485/1220 2959/4030/2748
f 1334/2478/1224 1335/2477/1225 2964/2479/2753
f 1330/2485/1220 2960/2487/2749 2959/4030/2748
f 1330/2485/1220 1331/4031/1221 1343/2486/1233
f 1327/2488/1217 2957/2493/2746 2956/2483/2745
f 1331/2489/1221 1332/2495/1222 2961/2490/2750
f 1333/2494/1223 2962/2501/2751 2961/2490/2750
f 1329/2497/1219 2959/4030/2748 2958/2498/2747
f 1334/2500/1224 2963/4032/2752 2962/2501/2751
f 1338/2505/1228 2967/4033/2756 2966/2506/2755
f 1342/2508/1232 1344/4034/1234 2973/2509/2762
f 1338/2505/1228 2968/4035/2757 2967/4033/2756
f 1344/4034/1234 1354/4036/1244 2973/2509/2762
f 1338/2505/1228 1339/2511/1229 2968/4035/2757
f 1344/4034/1234 1345/2516/1235 1354/4036/1244
f 1339/2511/1229 2969/2513/2758 2968/4035/2757
f 1345/2516/1235 2975/2515/2764 1354/4036/1244
f 1339/2511/1229 1340/2521/1230 2970/2512/2759
f 1347/2520/1237 2976/4037/2765 2975/2515/2764
f 1340/2521/1230 1341/2524/1231 2971/2522/2760
f 1336/2517/1226 2966/2506/2755 2965/2518/2754
f 1347/2520/1237 2977/2523/2766 2976/4037/2765
f 1342/2508/1232 2972/2510/2761 2971/2522/2760
f 2118/2533/1921 2121/2536/1924 2982/2534/2771
f 2119/2535/1922 2982/2534/2771 2981/4038/2770
f 2120/2540/1923 2980/2539/2769 2979/2545/2768
f 2121/4039/1924 2123/4040/1926 2978/4041/2767
f 2119/2541/1922 2981/4042/2770 2980/2542/2769
f 2123/2544/1926 2120/2540/1923 2979/2545/2768
f 1360/2559/1250 2987/4043/2776 2986/4044/2775
f 1363/4045/1253 1364/2561/1254 2991/4046/2780
f 1360/2559/1250 1361/4047/1251 2987/4043/2776
f 1357/4048/1247 1358/4049/1248 2984/4050/2773
f 1364/2561/1254 2983/2552/2772 2991/4046/2780
f 1358/4049/1248 1359/4051/1249 2984/4050/2773
f 1359/4051/1249 2985/4052/2774 2984/4050/2773
f 1362/2556/1252 2990/2558/2779 2989/2554/2778
f 1360/2559/1250 2986/4044/2775 2985/2560/2774
f 1363/2557/1253 2991/4053/2780 2990/2558/2779
f 1365/2562/1255 1366/2565/1256 2994/2563/2783
f 2988/2547/2777 2999/4054/2788 2998/2548/2787
f 2988/2547/2777 1371/4055/1261 2999/4054/2788
f 1366/2565/1256 1367/4056/1257 2995/2566/2784
f 1371/4055/1261 3000/4057/2789 2999/4054/2788
f 1371/4055/1261 1372/2571/1262 3000/4057/2789
f 1367/4056/1257 1368/2567/1258 2995/2566/2784
f 1372/2571/1262 3001/2570/2790 3000/4057/2789
f 1368/2567/1258 1369/2574/1259 2996/2568/2785
f 1374/2575/1264 2992/4058/2781 3002/2572/2791
f 1369/2574/1259 2997/2573/2786 2996/2568/2785
f 1374/2575/1264 1365/2562/1255 2992/4058/2781
f 1365/2562/1255 2993/2564/2782 2992/4058/2781
f 1370/2549/1260 2998/2548/2787 2997/2573/2786
f 2124/2595/1927 2127/4059/1930 3003/2609/2792
f 2127/2601/1930 2129/4060/1932 3004/2602/2793
f 2128/2598/1931 3006/4061/2795 3005/2599/2794
f 2129/4060/1932 2130/4062/1933 3004/2602/2793
f 2125/2604/1928 3007/4063/2796 3006/2605/2795
f 2130/2607/1933 2126/2600/1929 3005/2599/2794
f 1382/2610/1272 3008/4064/2797 3017/2611/2806
f 1390/4065/1280 1391/2612/1281 3016/2613/2805
f 1386/2592/1276 1387/2614/1277 3012/2593/2801
f 1383/2616/1273 3009/2620/2798 3008/2617/2797
f 1388/2621/1278 3014/2627/2803 3013/2622/2802
f 1384/2619/1274 3010/2625/2799 3009/2620/2798
f 1389/2626/1279 3015/2631/2804 3014/2627/2803
f 1389/2626/1279 1390/4066/1280 3016/2630/2805
f 1385/2628/1275 1386/2592/1276 3011/2594/2800
f 1392/2632/1282 1393/2639/1283 3020/2633/2809
f 1394/2642/1284 3022/2645/2811 3021/2640/2810
f 1399/2643/1289 3029/4067/2818 3028/2641/2817
f 1394/2642/1284 1395/2646/1285 3023/2644/2812
f 1399/2643/1289 1400/4068/1290 3029/4067/2818
f 1400/4068/1290 3030/4069/2819 3029/4067/2818
f 1395/2646/1285 1396/2649/1286 3024/2647/2813
f 1401/2650/1291 1392/2632/1282 3018/2648/2807
f 1400/4068/1290 3031/2651/2820 3030/4069/2819
f 1400/4068/1290 1401/2650/1291 3031/2651/2820
f 2131/2664/1934 2134/4070/1937 3037/4071/2826
f 2133/2672/1936 3034/2671/2823 3033/4072/2822
f 2131/2664/1934 3037/4071/2826 3036/2665/2825
f 2134/2667/1937 2136/2676/1939 3032/2668/2821
f 2135/2675/1938 3035/2674/2824 3034/4073/2823
f 2136/2676/1939 2138/4074/1941 3033/2677/2822
f 2137/2673/1940 3036/2679/2825 3035/2674/2824
f 2138/4075/1941 2133/2672/1936 3033/4072/2822
f 1433/2680/756 3049/2711/2372 3068/2681/2390
f 1421/2686/1311 1422/4076/1312 3055/2687/2843
f 1416/2661/1306 3047/2691/2836 3046/2662/2835
f 1422/4076/1312 3056/4077/2844 3055/2687/2843
f 3039/2689/2828 1412/2697/1302 3040/4078/2829
f 1422/4076/1312 1410/2685/1300 3056/4077/2844
f 1417/2690/1307 1418/2693/1308 3048/2692/2837
f 1412/2697/1302 3041/2696/2830 3040/4078/2829
f 1413/2695/1303 3042/2703/2831 3041/2696/2830
f 3050/2694/2838 1419/2698/1309 3051/2700/2839
f 1413/2695/1303 1414/2701/1304 3042/2703/2831
f 3052/2699/2840 1420/2706/1310 3053/4079/2841
f 3043/2702/2832 1415/2704/1305 3044/2705/2833
f 1420/2706/1310 3054/2688/2842 3053/4079/2841
f 1410/2685/1300 3038/2684/2827 3056/4077/2844
f 1426/2707/1314 1427/2713/1315 3061/2708/2847
f 1434/2710/1320 3069/2716/2851 3068/2681/2390
f 1434/2710/1320 1435/2714/1321 3069/2716/2851
f 1428/2712/1316 3062/2718/2848 3061/2708/2847
f 1435/2714/1321 1436/2721/1322 3070/2715/2852
f 1429/2717/1317 3063/2724/2849 3062/2718/2848
f 1436/2721/1322 3071/2720/2853 3070/2715/2852
f 1429/2717/1317 1430/2722/1318 3063/2724/2849
f 1431/2726/1319 3065/2732/2387 3064/2723/2850
f 1423/2727/1313 3058/4080/2379 3057/2728/2845
f 1438/2730/1324 3073/4081/2855 3072/2725/2854
f 1423/2727/1313 1424/2735/747 3058/4080/2379
f 1438/2730/1324 1439/2687/1325 3073/4081/2855
f 1431/2726/1319 1432/4082/755 3066/2731/2388
f 1424/2735/747 3059/2734/2380 3058/4080/2379
f 1439/2687/1325 3074/2736/2856 3073/4081/2855
f 1432/4082/755 3067/2682/2389 3066/2731/2388
f 1432/4082/755 1433/2680/756 3067/2682/2389
f 1425/2733/748 1426/2707/1314 3060/2709/2846
f 1449/2759/1335 1479/4083/1365 1448/4084/1334
f 1447/2740/1333 1478/2752/1364 1477/2741/1363
f 1407/2655/1297 1471/4085/1357 1470/2656/1356
f 1353/2748/1243 1459/4086/1345 1458/2749/1344
f 1380/2587/1270 1462/2586/1348 1466/2588/1352
f 1448/4084/1334 1479/4083/1365 1478/4087/1364
f 2974/2502/2763 1460/2526/1346 1459/2503/1345
f 1449/2759/1335 1472/2758/1358 1479/4083/1365
f 1355/2529/1245 1461/2528/1347 1460/4088/1346
f 1318/2461/1208 1451/2460/1337 1456/4022/1342
f 1319/2756/1209 1452/2755/1338 1451/4089/1337
f 1324/2754/1214 1453/4090/1339 1452/2755/1338
f 1320/2456/1210 1454/2765/1340 1453/2457/1339
f 1441/2757/1327 1473/4091/1359 1472/2758/1358
f 1403/2654/1293 1467/2653/1353 1409/2762/1299
f 1442/2739/1328 1474/2738/1360 1473/2746/1359
f 1376/2576/1266 1463/4092/1349 1381/2577/1271
f 1321/2764/1211 1455/4093/1341 1454/2765/1340
f 1443/2737/1329 1475/2769/1361 1474/2738/1360
f 1404/2652/1294 1468/4094/1354 1467/2653/1353
f 1377/2582/1267 1464/2591/1350 1463/2583/1349
f 1350/2530/1240 1457/2775/1343 1356/2531/1246
f 1323/2453/1213 1456/4095/1342 1455/2454/1341
f 1378/2590/1268 1465/4096/1351 1464/2591/1350
f 1406/2776/1296 1469/4097/1355 1468/2771/1354
f 1445/2743/1331 1476/2778/1362 1450/2744/1336
f 1352/2750/1242 1458/2749/1344 1457/2779/1343
f 1446/2742/1332 1477/2741/1363 1476/4098/1362
f 3027/2657/2816 1470/2656/1356 1469/2781/1355
f 1379/2579/1269 1466/4099/1352 1465/2580/1351
f 2141/2794/1944 3078/2793/2860 3077/4100/2859
f 2139/2786/1942 2142/2789/1945 3075/2791/2857
f 2143/2792/1946 3079/4101/2861 3078/2793/2860
f 2142/4102/1945 2144/4103/1947 3076/2800/2858
f 2144/4103/1947 2146/2798/1949 3076/2800/2858
f 2145/2795/1948 3080/2802/2862 3079/2796/2861
f 2140/2801/1943 3081/4104/2863 3080/2802/2862
f 2146/4105/1949 2141/2794/1944 3077/4100/2859
f 1492/2814/1378 1480/2807/1366 3082/2809/2864
f 1480/2807/1366 1481/2817/1367 3083/2808/2865
f 1491/2810/1377 1492/2814/1378 3093/2811/2875
f 1481/2817/1367 3084/2816/2866 3083/2808/2865
f 1487/2813/1373 1503/2819/1387 3088/2806/2870
f 1483/2820/1369 3085/2823/2867 3084/2816/2866
f 1489/2821/1375 3090/2826/2872 1503/2819/1387
f 1490/2825/1376 3091/2827/2873 3090/2826/2872
f 1485/2785/1371 3087/2784/2869 3086/2824/2868
f 1491/2810/1377 3092/2812/2874 3091/2827/2873
f 1495/2828/1380 1496/2833/1381 3098/2829/2878
f 3089/2803/2871 1504/2836/1388 3106/2831/2885
f 1504/2836/1388 3107/2835/2886 3106/2831/2885
f 1497/2832/1382 3099/2839/2879 3098/2829/2878
f 1497/2832/1382 1498/2837/1383 3099/2839/2879
f 1505/2834/1389 3108/2841/2887 3107/2835/2886
f 1499/2842/1110 3101/2846/2660 3100/2838/2880
f 1507/2844/1391 3110/4106/2889 3109/2843/2888
f 1499/2842/1110 1500/2852/1384 3102/2845/2881
f 1507/2844/1391 1508/4107/1392 3110/4106/2889
f 1500/2852/1384 3103/2851/2882 3102/2845/2881
f 1493/2847/828 3095/2856/2428 3094/2848/2427
f 1508/4107/1392 3111/4108/2890 3110/4106/2889
f 1493/2847/828 1494/2854/1379 3095/2856/2428
f 1508/4107/1392 1509/4109/845 3111/4108/2890
f 1509/4109/845 3112/2857/2444 3111/4108/2890
f 1495/2828/1380 3097/2830/2877 3096/2855/2876
f 1509/4109/845 1510/2849/846 3112/2857/2444
f 2149/2877/1952 3115/2876/2893 3114/4110/2892
f 1525/2867/1407 3125/2890/2902 3124/2868/2901
f 2147/2870/1950 2150/2873/1953 3118/2871/2896
f 2148/2872/1951 3118/2871/2896 3117/4111/2895
f 2150/4112/1953 2152/4113/1955 3113/2883/2891
f 2151/2875/1954 3116/4114/2894 3115/2876/2893
f 2152/4113/1955 2154/2881/1957 3113/2883/2891
f 2153/2878/1956 3117/2885/2895 3116/2879/2894
f 2154/4115/1957 2149/2877/1952 3114/4110/2892
f 1526/2889/1408 3126/2896/2903 3125/2890/2902
f 1519/2891/1401 1520/2898/1402 3120/2892/2898
f 1531/2886/1413 1532/2908/1414 3131/2894/2908
f 1526/2889/1408 1527/4116/1409 1544/2895/1423
f 1521/2897/1403 3121/2900/2899 3120/2892/2898
f 1527/4116/1409 3127/2905/2904 1544/2895/1423
f 1527/4116/1409 1528/2903/1410 3127/2905/2904
f 1522/2899/1404 3122/2902/2461 3121/2900/2899
f 1528/2903/1410 1529/2906/1411 3128/2904/2905
f 1523/2901/1405 3123/2907/2900 3122/2902/2461
f 1530/2888/1412 3129/2909/2906 3128/2904/2905
f 1524/2869/1406 3124/2868/2901 3123/2907/2900
f 1532/2908/1414 1519/2891/1401 3119/2893/2897
f 1545/2910/1424 3144/2917/2921 3143/2911/2920
f 1537/2913/1417 3136/4117/2913 3135/2914/2912
f 1537/2913/1417 3137/2919/2914 3136/4117/2913
f 1546/2916/1425 1558/2922/1436 3144/2917/2921
f 1538/2918/1418 1539/4118/1419 3138/2920/2915
f 1546/2916/1425 1547/2904/1426 3145/2921/2922
f 1539/4118/1419 3139/4119/2916 3138/2920/2915
f 1547/2904/1426 3146/2924/2923 3145/2921/2922
f 1539/4118/1419 1540/2928/1420 3139/4119/2916
f 1540/2928/1420 3140/2927/2917 3139/4119/2916
f 1541/2926/1421 3141/2934/2918 3140/2927/2917
f 1533/2929/1415 3133/4120/2910 3132/2930/2909
f 1549/2932/1428 3148/4121/2925 3147/2925/2924
f 1533/2929/1415 1534/2937/1416 3133/4120/2910
f 1549/2932/1428 1550/4122/1429 3148/4121/2925
f 1541/2926/1421 1542/2938/1422 3142/2933/2919
f 1534/2937/1416 3134/2936/2911 3133/4120/2910
f 1550/4122/1429 3149/2939/2444 3148/4121/2925
f 1550/4122/1429 1551/2931/846 3149/2939/2444
f 1543/2912/887 3143/2911/2920 3142/2933/2919
f 1535/2935/878 1536/2915/879 3135/2914/2912
f 1559/2940/1437 1575/2950/1453 1574/2941/1452
f 1515/2863/1397 1567/2862/1445 1566/4123/1444
f 1560/2959/1438 1576/2958/1454 1575/4124/1453
f 1516/2861/1398 1568/2961/1446 1567/2862/1445
f 1517/2866/1399 1569/2865/1447 1568/4125/1446
f 1518/2864/1400 1562/2966/1440 1569/2865/1447
f 1552/2962/1430 1570/4126/1448 1576/2958/1454
f 1553/2945/1431 1571/2944/1449 1570/2963/1448
f 1554/2943/1432 1572/4127/1450 1571/2944/1449
f 1511/2965/1393 1563/4128/1441 1562/2966/1440
f 1511/2860/1393 1564/2859/1442 1563/4129/1441
f 1555/2946/1433 1573/2952/1451 1572/2947/1450
f 1513/2967/1395 1565/4130/1443 1564/2859/1442
f 1557/2951/1435 1574/4131/1452 1573/2952/1451
f 1514/2956/1396 1566/2955/1444 1565/2968/1443
f 2155/2973/1958 2158/2976/1961 3153/2974/2929
f 2156/2975/1959 3153/2974/2929 3152/4132/2928
f 2158/4133/1961 2160/2984/1963 3150/2986/2926
f 2159/2978/1962 3152/4134/2928 3151/2979/2927
f 2160/4135/1963 2157/2980/1960 3151/2979/2927
f 1584/4132/1462 1585/2990/1463 3160/2991/2936
f 1581/2992/1459 3157/4136/2933 3156/2971/2932
f 1581/2992/1459 3158/4137/2934 3157/4136/2933
f 1578/2993/1456 3155/3002/2931 3154/2994/2930
f 1582/2996/1460 1583/2999/1461 3158/2997/2934
f 1583/2999/1461 3160/3005/2936 3159/3000/2935
f 1585/2990/1463 1577/2987/1455 3161/2989/2937
f 1587/3012/1465 3164/3011/2940 3163/3026/2939
f 1588/3010/1466 3165/3015/2941 3164/3011/2940
f 1592/3009/1470 1593/3016/1471 3169/3013/2945
f 1589/3014/1467 3166/3020/2942 3165/3015/2941
f 1594/3018/1472 3171/3025/2947 3170/3017/2946
f 1590/3019/1468 3167/3008/2943 3166/3020/2942
f 1586/3021/1464 1587/3012/1465 3163/3026/2939
f 1607/3058/1485 3181/3057/2957 3180/4138/2956
f 2161/3038/1964 2164/4139/1967 3172/3041/2948
f 2164/4140/1967 2166/3045/1969 3172/3047/2948
f 2165/3050/1968 3175/3049/2951 3174/4141/2950
f 2166/3045/1969 2167/4142/1970 3173/3046/2949
f 2162/3048/1965 3176/4143/2952 3175/3049/2951
f 2167/3051/1970 2163/3044/1966 3174/3043/2950
f 1603/3062/1481 1604/3059/1482 3177/3061/2953
f 1613/3053/1491 3186/3063/2962 3185/3054/2961
f 1608/3056/1486 3182/3065/2958 3181/3057/2957
f 1609/4144/1487 3183/3073/2959 3182/4145/2958
f 1605/3066/1483 3179/3070/2955 3178/3067/2954
f 1609/4144/1487 1610/3071/1488 3183/3073/2959
f 1610/3071/1488 1611/3077/1489 3184/3072/2960
f 1606/3069/1484 3180/3075/2956 3179/3070/2955
f 1603/3062/1481 3177/3061/2953 3186/3063/2962
f 1612/3076/1490 3185/4146/2961 3184/3072/2960
f 1615/4147/1493 1616/3081/1494 3189/3083/2965
f 1620/3078/1498 1621/3084/1499 3196/3079/2972
f 1616/3081/1494 1617/4148/1495 3190/3082/2966
f 1617/4148/1495 3191/4149/2967 3190/3082/2966
f 1621/3084/1499 1622/3086/1500 1628/3085/1506
f 1617/4148/1495 1618/3091/1496 3191/4149/2967
f 1622/3086/1500 3197/3088/2973 1628/3085/1506
f 1618/3091/1496 3192/4150/2968 3191/4149/2967
f 1618/3091/1496 3193/3090/2969 3192/4150/2968
f 1624/3096/1502 1614/3092/1492 3187/3094/2963
f 1622/3086/1500 1623/4151/1501 3198/3087/2974
f 1619/3089/1497 3194/3095/2970 3193/3090/2969
f 1623/4151/1501 3199/3097/2975 3198/3087/2974
f 1614/3092/1492 1615/4147/1493 3189/3083/2965
f 1623/4151/1501 1624/3096/1502 3199/3097/2975
f 2168/3113/1971 2171/4152/1974 3200/3116/2976
f 2171/4153/1974 2173/3120/1975 3200/3122/2976
f 2172/3117/1820 3203/4154/2979 3202/3118/2978
f 2169/3123/1972 3204/4155/2980 3203/3124/2979
f 2173/3126/1975 2170/3119/1973 3202/3118/2978
f 3210/3128/2986 3219/3152/2995 3218/3129/2994
f 1639/3135/1517 3213/3133/2989 3212/4156/2988
f 1636/3110/1514 1637/4157/1515 3208/3111/2984
f 1637/4157/1515 3209/4158/2985 3208/3111/2984
f 1633/3138/1511 3206/3137/2982 3205/4159/2981
f 1637/4160/1515 3211/4161/2987 3209/4162/2985
f 1637/4160/1515 1638/3143/1516 3211/4161/2987
f 1638/3143/1516 3212/3142/2988 3211/4161/2987
f 1644/3148/1522 3216/3157/2992 3215/3149/2991
f 3210/3128/2986 1647/3153/1525 1653/3151/1531
f 1644/3148/1522 1645/3155/1523 3216/3157/2992
f 1641/4163/1519 3214/4164/2990 3223/4165/2999
f 1648/3158/1526 1649/4166/1527 3222/3159/2998
f 1645/3155/1523 1646/3130/1524 3218/3129/2994
f 1649/4166/1527 3223/4165/2999 3222/3159/2998
f 1641/4163/1519 1642/3160/1520 3214/4164/2990
f 1642/3160/1520 3215/3149/2991 3214/4164/2990
f 1649/4166/1527 1641/4163/1519 3223/4165/2999
f 2174/3172/1976 2177/3175/1979 3228/3173/3004
f 2177/4167/1979 2179/3183/1981 3224/3185/3000
f 2178/3177/1980 3227/4168/3003 3226/3178/3002
f 2179/3183/1981 2180/4169/1982 3225/3184/3001
f 2175/3180/1977 3228/4170/3004 3227/3181/3003
f 2180/3186/1982 2176/3179/1978 3226/3178/3002
f 1660/3191/1538 3234/3199/3010 3233/3192/3009
f 1655/3194/1533 1656/3176/1534 3230/3195/3006
f 1656/3200/1534 1657/3207/1535 3231/3201/3007
f 1661/3203/1539 1662/3208/1540 3235/3204/3011
f 1658/3206/1536 3232/4171/3008 3231/3201/3007
f 1662/3208/1540 1663/4172/1541 3236/3209/3012
f 1658/3210/1536 3233/3192/3009 3232/4173/3008
f 1663/4172/1541 3237/4174/3013 3236/3209/3012
f 1655/3194/1533 3229/3196/3005 3238/3197/3014
f 1671/3214/1549 3247/4175/3023 3246/3215/3022
f 1666/3211/1544 1667/3223/1545 3242/3217/3018
f 1671/3214/1549 3248/3220/3024 3247/4175/3023
f 1671/3214/1549 1672/3218/1550 3248/3220/3024
f 1667/3223/1545 3243/3222/3019 3242/3217/3018
f 1668/3221/1546 3244/3226/3020 3243/3222/3019
f 1672/3218/1550 1673/3232/1551 3250/3224/3026
f 1669/3225/1547 3245/3229/3021 3244/3226/3020
f 1674/3230/1552 1665/3213/1543 3239/3228/3015
f 1673/3232/1551 3251/3231/3027 3250/3224/3026
f 2181/3244/1983 2184/4176/1986 3258/3247/3034
f 2183/3253/1985 3255/3252/3031 3254/3262/3030
f 2184/3248/1986 2186/3254/1988 3252/3249/3028
f 2187/3256/1989 3256/3260/3032 3255/3257/3031
f 2186/3254/1988 2188/4177/1990 3253/3255/3029
f 2182/3259/1984 3257/4178/3033 3256/3260/3032
f 2188/3261/1990 2183/3253/1985 3254/3262/3030
f 1706/4179/1584 3284/3288/3060 3283/3317/3059
f 1693/3282/1571 1694/4180/1572 3271/4181/3047
f 1682/3270/1560 3261/3269/3037 3260/3264/3036
f 1694/4180/1572 3272/4182/3048 3271/4181/3047
f 3267/3267/3043 1688/3271/1566 3268/3273/3044
f 1694/4180/1572 1681/3266/1559 3272/4182/3048
f 1683/4183/1561 3263/4184/3039 3262/3268/3038
f 1683/4183/1561 1684/4185/1562 3263/4184/3039
f 1689/3274/1567 1690/4186/1568 3269/3275/3045
f 1684/4185/1562 3264/3278/3040 3263/4184/3039
f 1684/4185/1562 1685/3276/1563 3264/3278/3040
f 1690/4186/1568 1691/3281/1569 3269/3275/3045
f 1691/3281/1569 3270/3280/3046 3269/3275/3045
f 1686/3243/1564 3266/3242/3042 3265/3277/3041
f 1681/3266/1559 3259/3265/3035 3272/4182/3048
f 1693/3282/1571 3271/4181/3047 3270/3280/3046
f 1698/3285/1576 3276/3284/3052 3275/3318/3051
f 1706/4179/1584 1708/3286/1586 3284/3288/3060
f 1699/3283/1577 3277/3291/3053 3276/3284/3052
f 1699/3283/1577 1700/4187/1578 3278/3290/3054
f 1700/4187/1578 1701/3294/1579 3278/3290/3054
f 1710/3293/1588 3287/3298/3063 3286/3292/3062
f 1711/3297/1589 3288/3304/3064 3287/3298/3063
f 1702/3296/1580 1703/3307/1581 3280/3299/3056
f 1703/3307/1581 3281/3306/3057 3280/3299/3056
f 1711/3297/1589 1712/3309/1590 3289/3303/3065
f 1695/3300/1573 1696/3314/1574 3274/3308/3050
f 1704/3305/1582 3282/3312/3058 3281/3306/3057
f 1712/3309/1590 1713/3315/1591 3290/3310/3066
f 1697/3313/1575 3275/3318/3051 3274/3308/3050
f 1713/3315/1591 1714/3302/1592 3291/3316/3067
f 1705/3311/1583 1706/4179/1584 3283/3317/3059
f 1715/3328/1593 1722/4188/1600 1747/3329/1625
f 1627/3098/1505 1733/4189/1611 1631/3099/1509
f 1654/3171/1532 1740/3170/1618 1739/4190/1617
f 1719/3338/1597 1753/4191/1631 1752/3339/1630
f 1679/3347/1557 1746/3346/1624 1745/4192/1623
f 1632/3107/1510 1734/3341/1612 1733/3108/1611
f 1721/3330/1599 1747/3329/1625 1753/3326/1631
f 1629/3340/1507 1735/4193/1613 1734/3341/1612
f 1597/3342/1475 1725/4194/1603 1729/3343/1607
f 1598/3027/1476 1726/4195/1604 1725/3028/1603
f 1650/3169/1528 1736/4196/1614 1740/3170/1618
f 1675/3345/1553 1741/4197/1619 1746/3346/1624
f 1599/3033/1477 1727/3037/1605 1726/3034/1604
f 1676/3348/1554 1742/4198/1620 1741/3349/1619
f 1630/3101/1508 1730/4199/1608 1735/3102/1613
f 1651/3161/1529 1737/4200/1615 1736/3162/1614
f 1723/3321/1601 1748/3320/1626 1722/3336/1600
f 1676/3348/1554 1743/3352/1621 1742/4198/1620
f 1716/3319/1594 1749/4201/1627 1748/3320/1626
f 1625/3104/1503 1731/3354/1609 1730/3105/1608
f 1600/3032/1478 1728/3031/1606 1727/4202/1605
f 1652/3164/1530 1738/4203/1616 1737/3165/1615
f 1717/3322/1595 1750/3332/1628 1749/3323/1627
f 1601/3030/1479 1729/4204/1607 1728/3031/1606
f 1626/3353/1504 1732/4205/1610 1731/3354/1609
f 1678/3236/1556 1744/4206/1622 1743/3237/1621
f 1718/3331/1596 1751/4207/1629 1750/3332/1628
f 3220/3145/2996 1739/3168/1617 1738/3146/1616
f 1680/3235/1558 1745/3234/1623 1744/3239/1622
f 1724/3333/1602 1752/3339/1630 1751/3334/1629
f 1760/3382/1638 3303/3381/3079 3302/3398/3078
f 2189/3357/1991 2192/4208/1994 3292/3373/3068
f 2192/4209/1994 2194/3363/1996 3292/3365/3068
f 2193/3368/1995 3295/3367/3071 3294/4210/3070
f 2194/3363/1996 2196/4211/1998 3293/3364/3069
f 2195/3366/1997 3296/3370/3072 3295/3367/3071
f 2196/3371/1998 2191/3362/1993 3294/3361/3070
f 1754/3374/1632 1755/3383/1633 3297/3375/3073
f 1761/3380/1639 3304/3386/3080 3303/3381/3079
f 1755/3383/1633 1756/3389/1634 3298/3384/3074
f 1766/3377/1644 3309/3376/3085 3308/3378/3084
f 1766/3377/1644 1754/3374/1632 3309/3376/3085
f 1757/3388/1635 3299/3392/3075 3298/3384/3074
f 1763/3390/1641 3305/3397/3081 1777/3387/1655
f 1758/3391/1636 3300/3394/3076 3299/3392/3075
f 1763/3390/1641 1764/3395/1642 3305/3397/3081
f 1759/3393/1637 3301/3399/3077 3300/3394/3076
f 1765/3379/1643 3307/4212/3083 3306/3396/3082
f 1759/3393/1637 1760/3382/1638 3302/3398/3078
f 1765/3379/1643 3308/3378/3084 3307/4212/3083
f 1776/3403/1654 1778/3411/1656 3322/3404/3097
f 1770/3406/1648 1771/4213/1649 3314/3407/3089
f 1778/3411/1656 3323/3410/2886 3322/3404/3097
f 1771/4213/1649 3315/3414/3090 3314/3407/3089
f 1771/4213/1649 1772/3412/1650 3315/3414/3090
f 1779/3409/1657 3325/3416/3099 3323/3410/2886
f 1772/3412/1650 3317/3419/3092 3316/3413/3091
f 1780/3415/1658 1781/3421/1659 3326/3417/3100
f 1773/3418/1651 3318/3423/3093 3317/3419/3092
f 1782/3420/1660 3327/3431/3101 3326/3417/3100
f 1767/3424/1645 3311/3429/3086 3310/3425/2427
f 1782/3420/1660 1783/4214/1661 3328/3430/3102
f 1774/3422/1652 1775/3433/1653 3319/3427/3094
f 1783/4214/1661 3329/3436/3103 3328/3430/3102
f 1783/4214/1661 1784/3426/846 3329/3436/3103
f 1776/3403/1654 3321/3405/3096 3320/3434/3095
f 1769/3435/1647 1770/3406/1648 3313/3408/3088
f 2197/3448/1999 2200/3451/2002 3330/3453/3104
f 2199/3456/2001 3334/3455/3108 3333/4215/3107
f 2200/4216/2002 2202/3457/2003 3331/3459/3105
f 2201/3462/1954 3335/3461/3109 3334/4217/3108
f 2202/3457/2003 2204/3463/2005 3332/3458/3106
f 2203/3460/2004 3336/3466/3110 3335/3461/3109
f 2204/4218/2005 2199/3456/2001 3333/4215/3107
f 1805/3476/1682 1793/3473/1670 3337/3475/3111
f 1798/3470/1675 1799/3479/1676 3344/3471/3118
f 1804/3467/1681 3350/3477/3124 3349/3468/3123
f 1800/3478/1677 3345/3482/3119 3344/3471/3118
f 1793/3473/1670 1794/3484/1671 3339/3480/3113
f 1801/3485/1678 1802/3491/1679 3347/3487/3121
f 1796/3488/1673 3341/3490/3115 3340/3486/3114
f 1796/3488/1673 1797/3492/1674 3342/3489/3116
f 1803/3469/1680 3348/4219/3122 3347/3487/3121
f 1798/3470/1675 3343/3472/3117 3342/3489/3116
f 1805/3476/1682 3337/3475/3111 3350/3477/3124
f 1803/3469/1680 3349/3468/3123 3348/4219/3122
f 1816/3493/838 1817/3500/1688 3362/3494/3130
f 1810/3496/880 3355/3502/2476 3354/3497/2475
f 1818/3499/1689 1830/3504/1699 3362/3494/3130
f 1811/3501/881 3356/4220/3125 3355/3502/2476
f 1811/3501/881 1812/3507/1684 3356/4220/3125
f 1818/3499/1689 1819/3510/1690 3363/3503/3131
f 1812/3507/1684 3357/3506/3126 3356/4220/3125
f 1819/3510/1690 3364/3509/3132 3363/3503/3131
f 1813/3505/1685 3358/3518/3127 3357/3506/3126
f 1820/3508/1691 3365/3515/3133 3364/3509/3132
f 1813/3505/1685 1814/3516/1686 3358/3518/3127
f 1806/3511/876 1807/3524/877 3352/3519/2473
f 1821/3514/1692 1822/3526/893 3366/3520/2489
f 1814/3516/1686 1815/3527/1687 3360/3521/3129
f 1807/3524/877 3353/3523/2474 3352/3519/2473
f 1822/3526/893 3367/3525/2490 3366/3520/2489
f 1816/3493/838 3361/3495/3096 3360/3521/3129
f 1808/3522/878 1809/3498/1683 3354/3497/2475
f 1832/3534/1701 1848/4221/1717 1847/3535/1716
f 3324/3400/3098 1840/3444/1709 1792/3401/1669
f 1833/3539/1702 1842/3545/1711 1848/3540/1717
f 1790/3443/1667 1841/4222/1710 1840/3444/1709
f 1791/3447/1668 1835/3446/1704 1841/3542/1710
f 1824/3544/1693 1843/4223/1712 1842/3545/1711
f 1785/3445/1662 1836/4224/1705 1835/3446/1704
f 1827/3550/1696 1844/4225/1713 1834/3532/1703
f 1786/3439/1663 1837/3438/1706 1836/3548/1705
f 1828/3551/1697 1845/3555/1714 1844/3552/1713
f 1787/3437/1664 1838/4226/1707 1837/3438/1706
f 1829/3554/1698 1846/4227/1715 1845/3555/1714
f 1788/3440/1665 1839/3537/1708 1838/3441/1707
f 1831/3528/1700 1847/3535/1716 1846/3529/1715
f 2666/1701/2455 971/4228/862 2050/1702/1853
f 2614/3894/2405 917/3893/808 2041/3896/1844
l 291 3417
l 2035 2034
l 5 1852
l 311 1854
l 166 3396
l 188 3400
l 207 3403
l 227 3406
l 249 3409
l 269 3413
l 363 1918
l 367 3421
l 384 1923
l 406 1928
l 428 1934
l 450 1938
l 470 1943
l 490 1948
l 513 1954
l 534 1959
l 554 1963
l 574 1968
l 594 1975
l 615 1980
l 635 1985
l 657 1991
l 678 1996
l 1 3370
l 22 3373
l 43 3376
l 63 3379
l 83 3382
l 103 3385
l 124 3389
l 144 3392
