# Blender 5.1.1
# www.blender.org
mtllib Arches.mtl
o Circle.006_0
v 6.062166 5.932220 -6.551402
v 6.059184 6.124826 -6.131870
v 5.848979 6.967175 -5.613708
v 5.779355 6.966371 -6.156252
v 7.206391 1.400640 -8.081142
v 6.566821 3.595865 -8.002329
v 6.438447 3.830048 -8.246508
v 7.148511 1.392863 -8.334007
v 6.204583 5.004242 -7.578330
v 6.133685 5.368723 -7.291169
v 5.526066 6.961650 -8.134079
v 5.910016 5.643806 -8.181391
v 6.086470 5.679686 -6.943106
v 6.062252 5.930912 -6.553751
v 5.779116 6.966368 -6.158109
v 5.714954 6.965623 -6.658083
v 6.303893 4.572956 -7.798391
v 6.204911 5.002704 -7.579309
v 5.910742 5.641315 -8.181479
v 6.048874 5.167197 -8.198502
v 6.059248 6.125722 -6.129317
v 6.127057 6.356273 -5.072824
v 5.921657 6.968019 -5.047373
v 5.849237 6.967178 -5.611691
v 6.133445 5.370097 -7.289880
v 6.086686 5.678022 -6.945254
v 5.714725 6.965621 -6.659873
v 5.525677 6.963430 -8.133009
v 6.982511 3.721422 -8.055794
v 6.878927 3.963077 -8.303299
v 6.690342 4.610363 -8.280059
v 6.884919 4.075053 -8.000887
v 6.478499 6.055514 -6.605076
v 6.220528 7.097014 -6.213130
v 6.290153 7.097823 -5.670585
v 6.475516 6.248125 -6.185545
v 6.983154 3.719157 -8.056004
v 7.622724 1.523937 -8.134815
v 7.589687 1.523505 -8.390884
v 6.879622 3.960689 -8.303385
v 6.620914 5.127541 -7.632002
v 6.351191 5.774446 -8.238268
v 5.967240 7.092299 -8.190956
v 6.550018 5.492019 -7.344838
v 6.502803 5.802984 -6.996776
v 6.156127 7.096271 -6.714960
v 6.220289 7.097013 -6.214986
v 6.478584 6.054212 -6.607424
v 6.720228 4.696249 -7.852060
v 6.490047 5.297843 -8.255379
v 6.351916 5.771955 -8.238358
v 6.621245 5.125999 -7.632985
v 6.475581 6.249014 -6.182992
v 6.290411 7.097826 -5.668570
v 6.362839 7.098665 -5.104184
v 6.543398 6.479568 -5.126434
v 6.549778 5.493392 -7.343554
v 5.966850 7.094078 -8.189886
v 6.155898 7.096268 -6.716750
v 6.503019 5.801314 -6.998929
v 7.292862 3.606544 -2.339500
v 7.230197 3.841609 -2.071373
v 7.041611 4.488906 -2.048134
v 7.184433 3.960051 -2.369020
v 6.467827 3.954550 -7.946668
v 6.304413 4.570875 -7.799131
v 6.049754 5.164176 -8.198610
v 6.248122 4.483313 -8.223053
v 6.884161 4.077848 -8.000341
v 6.689295 4.613956 -8.279932
v 6.490929 5.294817 -8.255487
v 6.720747 4.694170 -7.852805
v 6.437998 5.936574 -3.622770
v 6.064185 6.969668 -3.936733
v 5.994559 6.968863 -4.479279
v 6.329109 6.127954 -4.028514
v 7.230891 3.839229 -2.071458
v 7.293537 3.604285 -2.339453
v 7.933107 1.409060 -2.418266
v 7.940955 1.402045 -2.158958
v 6.835447 5.011551 -2.662369
v 6.702459 5.652987 -2.006341
v 6.318511 6.970832 -1.959028
v 6.694202 5.375218 -2.923392
v 6.560513 5.685175 -3.249161
v 6.128585 6.970417 -3.434901
v 6.064424 6.969673 -3.934870
v 6.438673 5.935275 -3.620518
v 6.987267 4.580872 -2.473256
v 6.841318 5.176377 -2.023453
v 6.703184 5.650495 -2.006433
v 6.836014 5.010015 -2.661502
v 6.328524 6.128841 -4.031003
v 5.994302 6.968861 -4.481288
v 5.921883 6.968020 -5.045609
v 6.127283 6.356276 -5.071060
v 6.693644 5.376585 -2.924577
v 6.317863 6.972609 -1.959970
v 6.128814 6.970417 -3.433110
v 6.561266 5.683519 -3.247128
v 7.709210 3.729842 -2.393055
v 7.600782 4.083344 -2.422575
v 7.482804 4.619542 -2.104880
v 7.671389 3.972255 -2.128118
v 6.854347 6.059868 -3.676324
v 6.745456 6.251252 -4.082069
v 6.435751 7.099507 -4.536018
v 6.505376 7.100316 -3.993471
v 7.709885 3.727582 -2.393008
v 7.672082 3.969874 -2.128203
v 8.382147 1.532687 -2.215703
v 8.349455 1.532358 -2.471821
v 7.251796 5.134849 -2.715924
v 7.110551 5.498510 -2.976942
v 6.759702 7.101474 -2.015774
v 7.143652 5.783628 -2.063087
v 6.976862 5.808475 -3.302712
v 6.855021 6.058571 -3.674069
v 6.505614 7.100317 -3.991616
v 6.569776 7.101060 -3.491639
v 7.403617 4.704165 -2.526806
v 7.252363 5.133312 -2.715052
v 7.144377 5.781137 -2.063176
v 7.282508 5.307023 -2.080199
v 6.744874 6.252133 -4.084558
v 6.543624 6.479571 -5.124673
v 6.363064 7.098668 -5.102421
v 6.435493 7.099504 -4.538033
v 7.109993 5.499883 -2.978127
v 6.977616 5.806815 -3.300678
v 6.570006 7.101065 -3.489852
v 6.759052 7.103254 -2.016716
v 7.449940 3.608364 -1.115490
v 7.352346 3.961997 -1.060582
v 7.132928 4.489963 -1.336553
v 7.321514 3.842667 -1.359791
v 7.183563 3.962844 -2.369365
v 7.040565 4.492492 -2.048005
v 6.842197 5.173357 -2.023561
v 6.987959 4.578794 -2.472660
v 7.599911 4.086141 -2.422919
v 7.404307 4.702089 -2.526215
v 7.283390 5.303998 -2.080307
v 7.481756 4.623137 -2.104750
v 6.945928 5.942460 0.335228
v 6.942945 6.135066 0.754758
v 6.732740 6.977415 1.272923
v 6.663116 6.976608 0.730378
v 7.322208 3.840287 -1.359876
v 8.032272 1.403103 -1.447377
v 8.090151 1.410879 -1.194512
v 7.450582 3.606104 -1.115699
v 7.088343 5.014481 -0.691700
v 7.017446 5.378963 -0.404539
v 6.409827 6.971889 -1.247447
v 6.793777 5.654044 -1.294760
v 6.970231 5.689923 -0.056478
v 6.946012 5.941153 0.332878
v 6.662877 6.976605 0.728522
v 6.598716 6.975863 0.228545
v 7.187654 4.583194 -0.911761
v 7.088673 5.012941 -0.692680
v 6.794503 5.651553 -1.294851
v 6.932635 5.177435 -1.311872
v 6.943009 6.135962 0.757311
v 7.010818 6.366510 1.813807
v 6.805417 6.978257 1.839257
v 6.732998 6.977418 1.274938
v 7.017205 5.380334 -0.403250
v 6.970446 5.688261 -0.058624
v 6.598486 6.975860 0.226755
v 6.409438 6.973670 -1.246379
v 7.866272 3.731661 -1.169163
v 7.762688 3.973316 -1.416669
v 7.574104 4.620600 -1.393430
v 7.768680 4.085291 -1.114256
v 7.362261 6.065753 0.281553
v 7.104288 7.107254 0.673499
v 7.173913 7.108060 1.216045
v 7.359278 6.258363 0.701084
v 7.866916 3.729397 -1.169374
v 8.506485 1.534177 -1.248185
v 8.473447 1.533745 -1.504254
v 7.763382 3.970928 -1.416754
v 7.504677 5.137779 -0.745372
v 7.234951 5.784685 -1.351638
v 6.851001 7.102535 -1.304325
v 7.433780 5.502256 -0.458206
v 7.386564 5.813222 -0.110145
v 7.039888 7.106508 0.171668
v 7.104051 7.107251 0.671644
v 7.362344 6.064450 0.279206
v 7.603988 4.706488 -0.965429
v 7.373808 5.308081 -1.368747
v 7.235677 5.782194 -1.351727
v 7.505006 5.136239 -0.746354
v 7.359343 6.259254 0.703638
v 7.174172 7.108064 1.218060
v 7.246600 7.108902 1.782444
v 7.427158 6.489808 1.760195
v 7.433538 5.503630 -0.456924
v 6.850612 7.104316 -1.303257
v 7.039659 7.106505 0.169878
v 7.386781 5.811554 -0.112299
v 8.176623 3.616782 4.547130
v 8.068195 3.970289 4.517611
v 7.351588 3.964790 -1.060036
v 7.188175 4.581113 -0.912501
v 6.933515 5.174416 -1.311980
v 7.131882 4.493550 -1.336424
v 7.767921 4.088088 -1.113710
v 7.573057 4.624195 -1.393301
v 7.374690 5.305056 -1.368857
v 7.604506 4.704410 -0.966174
v 7.321759 5.946814 3.263860
v 6.947947 6.979908 2.949903
v 6.878321 6.979101 2.407354
v 7.212869 6.138192 2.858114
v 8.177298 3.614522 4.547174
v 8.816869 1.419298 4.468363
v 7.719208 5.021790 4.224263
v 7.577962 5.385457 3.963238
v 7.444275 5.695415 3.637470
v 7.012347 6.980654 3.451730
v 6.948185 6.979911 2.951760
v 7.322433 5.945513 3.266109
v 7.871029 4.591112 4.413374
v 7.719775 5.020254 4.225128
v 7.212286 6.139081 2.855624
v 6.878063 6.979098 2.405343
v 6.805645 6.978260 1.841020
v 7.011044 6.366513 1.815573
v 7.577404 5.386825 3.962054
v 7.012575 6.980658 3.453519
v 7.445026 5.693759 3.639503
v 8.592972 3.740079 4.493575
v 8.484544 4.093585 4.464054
v 7.738107 6.070107 3.210306
v 7.629217 6.261490 2.804559
v 7.319513 7.109747 2.350610
v 7.389138 7.110554 2.893157
v 8.593648 3.737816 4.493621
v 9.233217 1.542595 4.414810
v 8.135557 5.145087 4.170709
v 7.994311 5.508749 3.909688
v 7.860622 5.818714 3.583918
v 7.738782 6.068810 3.212562
v 7.389375 7.110556 2.895013
v 7.453537 7.111300 3.394984
v 8.287376 4.714406 4.359825
v 8.136124 5.143549 4.171576
v 7.628635 6.262373 2.802069
v 7.427384 6.489811 1.761958
v 7.246826 7.108905 1.784207
v 7.319254 7.109744 2.348598
v 7.993753 5.510120 3.908504
v 7.861376 5.817052 3.585953
v 7.453766 7.111302 3.396778
v 8.067324 3.973081 4.517263
v 7.871719 4.589033 4.413969
v 8.483672 4.096378 4.463709
v 8.288068 4.712328 4.360415
v -4.159549 0.423638 -6.620968
v -4.237947 0.672748 -6.871712
v -4.426534 1.320045 -6.848474
v -4.257143 0.777272 -6.566061
v -4.663561 2.757735 -5.170249
v -4.896346 3.806690 -4.781542
v -4.826721 3.807498 -4.238997
v -4.666543 2.950341 -4.750719
v -4.237253 0.670368 -6.871799
v -4.158906 0.421376 -6.621177
v -3.519335 -1.773847 -6.699990
v -3.527189 -1.766816 -6.959297
v -4.521144 1.829754 -6.197177
v -4.765684 2.484126 -6.806680
v -5.149634 3.801970 -6.759368
v -4.592042 2.194237 -5.910016
v -4.639257 2.505198 -5.561954
v -4.960746 3.805943 -5.283374
v -4.896584 3.806688 -4.783400
v -4.663476 2.756427 -5.172598
v -4.421835 1.398468 -6.417238
v -4.626826 2.007517 -6.823792
v -4.764959 2.481636 -6.806770
v -4.520815 1.828215 -6.198157
v -4.666479 2.951236 -4.748166
v -4.826462 3.807501 -4.236982
v -4.754044 3.808339 -3.672662
v -4.598670 3.181785 -3.691672
v -4.592282 2.195609 -5.908728
v -5.150023 3.803751 -6.758299
v -4.960975 3.805943 -5.285164
v -4.639042 2.503536 -5.564102
v -4.575937 0.300478 -6.567413
v -4.673530 0.654106 -6.512506
v -4.867759 1.189517 -6.791723
v -4.679175 0.542234 -6.814963
v -5.079947 2.634571 -5.116695
v -5.082931 2.827179 -4.697163
v -5.267949 3.676979 -4.182247
v -5.337574 3.676172 -4.724792
v -4.575293 0.298212 -6.567622
v -4.678480 0.539846 -6.815048
v -3.968415 -1.897336 -6.902547
v -3.935723 -1.897007 -6.646434
v -4.937532 1.706594 -6.143621
v -5.008428 2.071074 -5.856456
v -5.590862 3.671456 -6.702620
v -5.206911 2.353606 -6.749931
v -5.055645 2.382039 -5.508393
v -5.079864 2.633265 -5.119043
v -5.337813 3.676170 -4.726648
v -5.401973 3.675426 -5.226624
v -4.838221 1.275303 -6.363679
v -4.937203 1.705055 -6.144602
v -5.206185 2.351114 -6.750020
v -5.068054 1.876999 -6.767042
v -5.082866 2.828071 -4.694610
v -5.015050 3.058625 -3.638054
v -5.195263 3.677822 -3.615847
v -5.267691 3.676981 -4.180233
v -5.008670 2.072448 -5.855172
v -5.055429 2.380372 -5.510547
v -5.402203 3.675425 -5.228415
v -5.591251 3.673234 -6.701550
v -3.432864 0.432057 -0.958348
v -3.541293 0.785564 -0.987867
v -3.634090 1.329225 -0.673425
v -3.445503 0.681931 -0.696663
v -4.257899 0.780065 -6.565516
v -4.427578 1.323631 -6.848344
v -4.625946 2.004497 -6.823900
v -4.421314 1.396387 -6.417979
v -4.674287 0.656905 -6.511960
v -4.837702 1.273224 -6.364423
v -5.067173 1.873975 -6.767151
v -4.868807 1.193114 -6.791595
v -4.287729 2.762089 -2.241616
v -4.396618 2.953468 -2.647361
v -4.681140 3.809185 -3.104567
v -4.611515 3.809991 -2.562020
v -3.444809 0.679550 -0.696748
v -2.734745 -1.757635 -0.784248
v -2.792620 -1.765427 -1.037114
v -3.432189 0.429797 -0.958302
v -3.890280 1.837064 -1.281215
v -4.031525 2.200732 -1.542238
v -4.357190 3.811152 -0.584319
v -3.973240 2.493306 -0.631632
v -4.165213 2.510690 -1.868009
v -4.287054 2.760788 -2.239366
v -4.611276 3.809994 -2.560160
v -4.547115 3.810737 -2.060190
v -3.738460 1.406385 -1.092104
v -3.889713 1.835527 -1.280349
v -3.972515 2.490816 -0.631721
v -3.834382 2.016696 -0.648743
v -4.397202 2.954356 -2.649850
v -4.598444 3.181787 -3.689908
v -4.753817 3.808342 -3.670901
v -4.681398 3.809181 -3.106579
v -4.032083 2.202098 -1.543423
v -4.164462 2.509033 -1.865975
v -4.546885 3.810739 -2.058401
v -4.357837 3.812929 -0.585260
v -3.849237 0.308897 -0.904674
v -3.886713 0.551413 -0.639782
v -4.075298 1.198699 -0.616544
v -3.957665 0.662400 -0.934194
v -4.704101 2.638924 -2.187942
v -5.052724 3.679473 -2.505135
v -5.122350 3.678666 -3.047682
v -4.812992 2.830307 -2.593686
v -3.848562 0.306637 -0.904627
v -3.208992 -1.888588 -0.983440
v -3.175954 -1.888156 -0.727368
v -3.886020 0.549032 -0.639867
v -4.306653 1.713905 -1.227541
v -4.414450 2.362786 -0.574751
v -4.798400 3.680630 -0.527437
v -4.447896 2.077566 -1.488560
v -4.581586 2.387531 -1.814330
v -4.988326 3.680219 -2.003304
v -5.052487 3.679476 -2.503279
v -4.703426 2.637627 -2.185687
v -4.154831 1.283221 -1.038425
v -4.275593 1.886180 -0.591861
v -4.413723 2.360294 -0.574840
v -4.306086 1.712367 -1.226670
v -4.813575 2.831190 -2.596176
v -5.122608 3.678663 -3.049696
v -5.195036 3.677824 -3.614084
v -5.014824 3.058628 -3.636290
v -4.448455 2.078937 -1.489746
v -4.799048 3.682411 -0.528378
v -4.988096 3.680221 -2.001514
v -4.580832 2.385869 -1.812297
v -3.275787 0.433877 0.265663
v -3.354186 0.682987 0.014919
v -3.542772 1.330283 0.038157
v -3.373381 0.787510 0.320568
v -3.542164 0.788357 -0.988213
v -3.737768 1.404307 -1.091508
v -3.833502 2.013679 -0.648852
v -3.635134 1.332812 -0.673296
v -3.958537 0.665196 -0.934539
v -4.076346 1.202295 -0.616415
v -4.274712 1.883156 -0.591970
v -4.154141 1.281145 -1.037834
v -3.779799 2.767973 1.716380
v -4.012585 3.816929 2.105089
v -3.942960 3.817735 2.647635
v -3.782782 2.960578 2.135911
v -3.353492 0.680608 0.014833
v -3.275146 0.431617 0.265453
v -2.635575 -1.763608 0.186639
v -2.643427 -1.756576 -0.072667
v -3.637383 1.839993 0.689453
v -3.881923 2.494364 0.079950
v -4.265872 3.812210 0.127263
v -3.708281 2.204477 0.976614
v -3.755496 2.515437 1.324676
v -4.076985 3.816183 1.603257
v -4.012824 3.816926 2.103232
v -3.779715 2.766664 1.714033
v -3.538073 1.408707 0.469390
v -3.743064 2.017755 0.062839
v -3.881198 2.491874 0.079861
v -3.637054 1.838454 0.688472
v -3.782718 2.961474 2.138463
v -3.942702 3.817739 2.649647
v -3.870283 3.818578 3.213968
v -3.714909 3.192023 3.194960
v -3.708521 2.205846 0.977903
v -4.266263 3.813991 0.128332
v -4.077215 3.816180 1.601467
v -3.755280 2.513774 1.322528
v -3.692175 0.310716 0.319218
v -3.789768 0.664345 0.374124
v -3.983998 1.199756 0.094906
v -3.795414 0.552474 0.071668
v -4.196187 2.644808 1.769935
v -4.199170 2.837417 2.189466
v -4.384188 3.687217 2.704382
v -4.453813 3.686410 2.161837
v -3.691533 0.308451 0.319008
v -3.794719 0.550086 0.071582
v -3.084654 -1.887098 -0.015917
v -3.051962 -1.886768 0.240195
v -4.053772 1.716834 0.743008
v -4.124668 2.081311 1.030174
v -4.707101 3.681693 0.184012
v -4.323150 2.363843 0.136699
v -4.171884 2.392277 1.378237
v -4.196103 2.643505 1.767588
v -4.454051 3.686408 2.159982
v -4.518213 3.685664 1.660006
v -3.954460 1.285542 0.522951
v -4.053442 1.715293 0.742028
v -4.322424 2.361351 0.136609
v -4.184293 1.887237 0.119588
v -4.199105 2.838308 2.192019
v -4.131289 3.068863 3.248577
v -4.311502 3.688059 3.270782
v -4.383930 3.687220 2.706397
v -4.124909 2.082685 1.031456
v -4.171667 2.390609 1.376083
v -4.518443 3.685662 1.658217
v -4.707489 3.683472 0.185080
v -3.374139 0.790303 0.321116
v -3.543817 1.333869 0.038286
v -3.742185 2.014736 0.062731
v -3.537552 1.406625 0.468652
v -3.790527 0.667143 0.374670
v -3.953940 1.283465 0.522206
v -4.183412 1.884213 0.119480
v -3.985045 1.203352 0.095035
v -3.403968 2.772326 4.645014
v -3.512858 2.963705 4.239270
v -3.797379 3.819422 3.782065
v -3.727753 3.820228 4.324613
v -3.147765 2.210969 5.344391
v -3.281452 2.520928 5.018620
v -3.403293 2.771025 4.647263
v -3.727515 3.820231 4.326469
v -3.663354 3.820975 4.826440
v -3.513442 2.964593 4.236779
v -3.714683 3.192026 3.196722
v -3.870057 3.818580 3.215731
v -3.797637 3.819419 3.780053
v -3.148322 2.212337 5.343207
v -3.280701 2.519273 5.020656
v -3.663125 3.820976 4.828230
v -3.820340 2.649162 4.698688
v -4.168964 3.689711 4.381495
v -4.238589 3.688904 3.838950
v -3.929232 2.840545 4.292942
v -3.564136 2.087803 5.398070
v -3.697825 2.397768 5.072298
v -4.104566 3.690458 4.883319
v -4.168726 3.689713 4.383349
v -3.819665 2.647865 4.700942
v -3.929813 2.841428 4.290452
v -4.238847 3.688901 3.836934
v -4.311275 3.688061 3.272545
v -4.131062 3.068865 3.250338
v -3.564694 2.089175 5.396885
v -4.104334 3.690459 4.885115
v -3.697072 2.396107 5.074333
v 2.571950 2.694013 -13.390875
v 2.436940 3.038859 -13.374060
v 3.023394 3.794721 -13.450443
v 3.212282 3.146393 -13.473721
v 0.864677 4.722120 -13.174795
v 0.498684 4.822257 -13.127975
v -0.017812 5.591685 -13.062838
v 0.481178 5.739370 -13.127092
v 3.212807 3.144594 -13.473785
v 3.922957 0.707116 -13.561295
v 3.212198 0.496748 -13.469770
v 2.572542 2.692262 -13.390947
v 1.881671 4.016730 -13.304256
v 1.569614 4.319745 -13.264662
v 2.300405 6.276268 -13.361351
v 2.684527 4.957829 -13.408686
v 1.225793 4.555299 -13.220888
v 0.866871 4.721305 -13.175076
v 0.482874 5.739872 -13.127310
v 0.942647 5.875951 -13.186516
v 2.161120 3.631172 -13.339546
v 1.882842 4.015376 -13.304403
v 2.685120 4.955796 -13.408760
v 2.823454 4.480985 -13.425806
v 0.496322 4.822609 -13.127672
v -0.358155 4.818354 -13.018011
v -0.538558 5.437560 -12.995781
v -0.019588 5.591159 -13.062609
v 1.568171 4.320931 -13.264477
v 1.227852 4.554112 -13.221151
v 0.944343 5.876453 -13.186733
v 2.298931 6.277369 -13.361164
v 2.615476 2.694940 -13.050835
v 2.737577 2.994055 -13.066951
v 2.549159 3.640775 -13.043732
v 2.480914 3.038645 -13.034079
v 0.908164 4.722753 -12.834751
v 0.338394 5.684767 -12.763062
v -0.069148 5.564147 -12.710585
v 0.542522 4.822793 -12.787977
v 2.616341 2.692384 -13.050943
v 3.255860 0.497334 -13.129749
v 3.448386 0.554316 -13.154541
v 2.738371 2.991331 -13.067047
v 1.925272 4.017373 -12.964228
v 2.209835 4.805450 -13.001919
v 1.826054 6.122715 -12.954624
v 1.613380 4.320230 -12.924654
v 1.269238 4.555985 -12.880840
v 0.715656 5.796425 -12.811644
v 0.340140 5.685284 -12.763288
v 0.910804 4.721765 -12.835089
v 2.204623 3.631976 -12.999504
v 2.348661 4.328947 -13.019024
v 2.210672 4.802574 -13.002020
v 1.926593 4.015833 -12.964396
v 0.539903 4.823191 -12.787642
v -0.070988 5.563603 -12.710346
v -0.494940 5.438126 -12.655754
v -0.314539 4.818928 -12.677984
v 1.611759 4.321566 -12.924448
v 1.824505 6.124611 -12.954430
v 0.717365 5.796931 -12.811863
v 1.271849 4.554465 -12.881172
v -1.685169 1.434037 -12.842686
v -2.466510 1.465645 -12.742462
v -2.655398 2.113973 -12.719185
v -1.756583 1.797705 -12.834061
v 2.436145 3.040721 -13.373962
v 2.162082 3.629524 -13.339666
v 2.824064 4.478891 -13.425880
v 3.022783 3.796818 -13.450369
v 2.479510 3.041936 -13.033903
v 2.547881 3.645160 -13.043573
v 2.349716 4.325331 -13.019154
v 2.205947 3.629667 -12.999670
v -1.336907 4.070519 -12.891296
v -1.559986 5.135248 -12.864252
v -1.060996 5.282934 -12.928508
v -1.082740 4.354204 -12.924335
v -2.465986 1.463845 -12.742527
v -1.684729 1.432240 -12.842739
v -1.045074 -0.763275 -12.921562
v -1.755835 -0.973632 -12.830036
v -1.814038 2.922913 -12.828360
v -2.994266 3.277081 -12.677429
v -3.378387 4.595520 -12.630095
v -1.714070 3.347876 -12.841822
v -1.551200 3.733395 -12.863297
v -2.021454 4.998668 -12.804829
v -1.561682 5.134746 -12.864033
v -1.338316 4.068637 -12.891113
v -1.842292 2.446285 -12.824026
v -2.855339 2.800237 -12.694548
v -2.993673 3.275048 -12.677502
v -1.814293 2.921138 -12.828325
v -1.080937 4.355790 -12.924570
v -1.059220 5.283460 -12.928736
v -0.540250 5.437059 -12.995564
v -0.359847 4.817854 -13.017794
v -1.713496 3.349658 -12.841898
v -3.377738 4.597249 -12.630180
v -2.023150 4.998166 -12.804609
v -1.552296 3.731272 -12.863152
v -1.641668 1.434956 -12.502644
v -1.712846 1.797421 -12.494047
v -2.093259 2.266761 -12.445927
v -1.904840 1.620042 -12.469144
v -1.293216 4.071213 -12.551279
v -1.039291 4.354625 -12.584286
v -0.922424 5.311603 -12.600708
v -1.329966 5.190984 -12.548229
v -1.641025 1.432336 -12.502722
v -1.904046 1.617318 -12.469244
v -1.194031 -0.819697 -12.556736
v -1.001504 -0.762715 -12.581530
v -1.770447 2.923554 -12.488332
v -1.670537 3.348291 -12.501783
v -2.816363 4.748702 -12.356821
v -2.432583 3.431436 -12.404114
v -1.507502 3.734154 -12.523279
v -1.294907 4.068942 -12.551060
v -1.331713 5.190466 -12.548004
v -1.707228 5.079326 -12.499649
v -1.798705 2.447113 -12.483995
v -1.770733 2.921538 -12.488291
v -2.431746 3.428562 -12.404217
v -2.293756 2.954934 -12.421221
v -1.037297 4.356387 -12.584545
v -0.316231 4.818428 -12.677765
v -0.496632 5.437625 -12.655537
v -0.920584 5.312148 -12.600945
v -1.669891 3.350298 -12.501869
v -1.508883 3.731454 -12.523098
v -1.708937 5.078820 -12.499430
v -2.816072 4.751141 -12.356861
v 6.303131 3.636722 -9.368818
v 6.180402 3.986049 -9.382750
v 6.335722 4.597788 -8.938030
v 6.524539 3.949703 -8.961298
v -1.756913 1.799705 -12.834023
v -2.656009 2.116070 -12.719110
v -2.854729 2.798143 -12.694624
v -1.842218 2.444374 -12.824034
v -1.713430 1.800953 -12.493979
v -1.798581 2.444450 -12.484007
v -2.292702 2.951317 -12.421350
v -2.094537 2.271147 -12.445770
v 4.990592 5.815573 -10.146708
v 4.743958 5.961043 -10.399498
v 4.271802 6.755927 -10.674065
v 4.522777 6.816784 -10.332453
v 6.525096 3.947793 -8.961367
v 7.235229 1.510375 -9.048874
v 6.943367 1.439408 -9.447636
v 6.303727 3.634867 -9.368814
v 5.720696 5.000577 -9.553644
v 5.487814 5.333749 -9.713242
v 5.612746 7.079294 -8.848942
v 5.996769 5.761188 -8.896261
v 5.241147 5.606619 -9.914614
v 4.992400 5.814267 -10.144953
v 4.523854 6.817045 -10.330988
v 4.755107 6.873118 -10.016220
v 5.941024 4.592494 -9.440170
v 5.721618 4.999073 -9.553089
v 5.997423 5.758946 -8.896341
v 6.135681 5.284399 -8.913380
v 4.742221 5.961780 -10.401390
v 4.190438 6.073039 -11.053457
v 4.009616 6.692353 -11.030937
v 4.270666 6.755651 -10.675611
v 5.486718 5.335141 -9.714066
v 5.242990 5.604810 -9.913013
v 4.756158 6.873374 -10.014788
v 5.611661 7.080792 -8.849709
v 6.042315 3.553735 -9.162399
v 6.092212 3.825438 -8.993698
v 5.903793 4.472154 -8.970480
v 5.919931 3.902088 -9.176289
v 4.729883 5.732280 -9.940277
v 4.264296 6.734211 -10.127775
v 4.013321 6.673355 -10.469385
v 4.483250 5.877748 -10.193061
v 6.043139 3.551163 -9.162399
v 6.682658 1.356113 -9.241205
v 6.803022 1.385694 -9.081291
v 6.093007 3.822708 -8.993797
v 5.459955 4.917335 -9.347237
v 5.564468 5.636832 -8.928667
v 5.180690 6.954093 -8.881376
v 5.227160 5.250384 -9.506773
v 4.980440 5.523325 -9.708178
v 4.496626 6.790546 -9.811543
v 4.265370 6.734471 -10.126307
v 4.731692 5.730974 -9.938519
v 5.680219 4.509381 -9.233784
v 5.703297 5.160325 -8.945774
v 5.565308 5.633954 -8.928770
v 5.460968 4.915678 -9.346630
v 4.481514 5.878482 -10.194955
v 4.012185 6.673078 -10.470932
v 3.751104 6.609773 -10.826302
v 3.929705 5.989739 -10.847057
v 5.225981 5.251886 -9.507658
v 5.179489 6.956127 -8.882071
v 4.497678 6.790801 -9.810110
v 4.982285 5.521513 -9.706583
v 3.681473 3.000988 -12.937262
v 3.210253 3.145995 -13.472157
v 3.021377 3.794280 -13.448881
v 3.597849 3.359962 -12.897894
v 6.179601 3.988202 -9.382891
v 5.941879 4.590638 -9.439837
v 6.136382 5.281993 -8.913465
v 6.335002 4.600263 -8.937941
v 5.918682 3.905438 -9.176506
v 5.902515 4.476541 -8.970324
v 5.704350 5.156710 -8.945904
v 5.681313 4.506987 -9.233369
v 3.634963 5.486862 -11.991899
v 3.495409 6.567668 -11.730835
v 3.746388 6.628526 -11.389225
v 3.769878 5.724849 -11.725344
v 3.210782 3.144179 -13.472221
v 3.681942 2.999190 -12.937393
v 4.321595 0.803683 -13.016216
v 3.920928 0.706714 -13.559729
v 3.444766 4.448696 -12.651499
v 2.682494 4.957444 -13.407122
v 2.298393 6.275810 -13.359789
v 3.465587 4.843439 -12.465750
v 3.531193 5.191991 -12.242083
v 3.263078 6.511333 -12.047072
v 3.494335 6.567408 -11.732302
v 3.634108 5.484910 -11.993773
v 3.475617 3.994638 -12.795937
v 2.821418 4.480609 -13.424240
v 2.683097 4.955372 -13.407196
v 3.444786 4.447018 -12.652153
v 3.770985 5.726275 -11.723373
v 3.747519 6.628799 -11.387682
v 4.008574 6.692099 -11.032351
v 4.189397 6.072785 -11.054873
v 3.465776 4.845087 -12.464844
v 2.298606 6.277433 -13.358863
v 3.262027 6.511078 -12.048500
v 3.530582 5.189587 -12.243834
v 3.420628 2.918032 -12.730867
v 3.337278 3.275849 -12.691624
v 3.044841 3.778917 -12.861902
v 3.233259 3.132202 -12.885118
v 3.374202 5.403555 -11.785542
v 3.509118 5.641541 -11.518986
v 3.487841 6.545936 -11.184631
v 3.236866 6.485081 -11.526243
v 3.421314 2.915427 -12.731050
v 3.234055 3.129472 -12.885216
v 3.944070 0.692458 -12.972710
v 4.060835 0.720376 -12.809856
v 3.184011 4.365465 -12.445107
v 3.204818 4.760008 -12.259449
v 2.321737 6.260857 -12.772795
v 2.705516 4.943596 -12.820087
v 3.270434 5.108683 -12.035727
v 3.373343 5.401603 -11.787415
v 3.235792 6.484820 -11.527708
v 3.004535 6.428746 -11.842480
v 3.214839 3.911578 -12.589500
v 3.184034 4.363568 -12.445840
v 2.706355 4.940717 -12.820190
v 2.844345 4.467088 -12.837194
v 3.510224 5.642966 -11.517015
v 3.928663 5.989487 -10.848478
v 3.750058 6.609518 -10.827718
v 3.488976 6.546212 -11.183088
v 3.205029 4.761848 -12.258443
v 3.269819 5.106275 -12.037476
v 3.003484 6.428490 -11.843908
v 2.321672 6.263165 -12.771946
v -4.279543 0.504574 -8.006086
v -4.531907 0.677334 -7.537560
v -4.720724 1.325419 -7.514292
v -4.370492 0.863308 -8.024111
v 3.597424 3.361974 -12.897623
v 3.020746 3.796447 -13.448803
v 2.822045 4.478459 -13.424318
v 3.475866 3.992767 -12.796377
v 3.336534 3.279321 -12.691162
v 3.215193 3.909007 -12.590094
v 2.845398 4.463472 -12.837324
v 3.043563 3.783305 -12.861744
v -4.564171 2.987657 -8.916342
v -4.764698 4.067976 -9.136503
v -4.608131 4.127740 -9.530594
v -4.501022 3.224813 -9.209021
v -4.531351 0.675423 -7.537628
v -4.279028 0.502696 -8.006075
v -3.639390 -1.692763 -8.084894
v -3.821218 -1.761995 -7.625135
v -4.581270 1.951511 -8.227062
v -5.059676 2.488817 -7.472523
v -5.443701 3.806925 -7.425201
v -4.608169 2.345648 -8.413181
v -4.601295 2.693559 -8.647202
v -4.909629 4.012653 -8.771690
v -4.765366 4.067720 -9.134813
v -4.564528 2.985709 -8.914309
v -4.514783 1.497895 -8.093775
v -4.920765 2.012029 -7.489641
v -5.059023 2.486578 -7.472604
v -4.581079 1.949791 -8.226411
v -4.500450 3.226233 -9.211212
v -4.607427 4.128008 -9.532377
v -4.444576 4.190172 -9.942289
v -4.264526 3.570628 -9.964710
v -4.608218 2.347351 -8.414141
v -5.443800 3.808716 -7.426096
v -4.910286 4.012402 -8.770039
v -4.601448 2.691157 -8.645346
v -3.975310 0.588825 -7.872431
v -4.066004 0.946558 -7.890400
v -4.310518 1.449031 -7.655184
v -4.122100 0.802315 -7.678402
v -4.259862 3.071591 -8.782667
v -4.196711 3.308745 -9.075344
v -4.306420 4.210967 -9.398050
v -4.462983 4.151205 -9.003962
v -3.974599 0.586221 -7.872416
v -4.121305 0.799585 -7.678501
v -3.411291 -1.637428 -7.765994
v -3.335079 -1.608830 -7.951221
v -4.276963 2.035504 -8.093414
v -4.303853 2.429495 -8.279465
v -5.033622 3.930970 -7.566079
v -4.649843 2.613709 -7.613371
v -4.296985 2.777491 -8.513525
v -4.260218 3.069644 -8.780630
v -4.463655 4.150948 -9.002270
v -4.607918 4.095881 -8.639149
v -4.210500 1.582033 -7.960157
v -4.276754 2.033608 -8.092703
v -4.649004 2.610831 -7.613474
v -4.511014 2.137203 -7.630478
v -4.196138 3.310163 -9.077534
v -3.960196 3.654572 -9.831076
v -4.142845 4.273406 -9.809797
v -4.305716 4.211236 -9.399836
v -4.303903 2.431332 -8.280495
v -4.297137 2.775089 -8.511673
v -4.608574 4.095630 -8.637495
v -5.033901 3.933275 -7.566894
v -2.644087 1.128817 -12.122721
v -2.759505 1.478379 -12.079258
v -2.653161 2.114792 -12.718170
v -2.464285 1.466505 -12.741446
v -4.371026 0.865540 -8.024286
v -4.721445 1.327891 -7.514202
v -4.920065 2.009624 -7.489727
v -4.514404 1.495899 -8.093382
v -4.066841 0.950028 -7.890669
v -4.210006 1.579458 -7.959665
v -4.509961 2.133586 -7.630608
v -4.311796 1.453418 -7.655027
v -3.718509 3.310460 -11.044994
v -3.893377 3.456761 -10.738546
v -4.280370 4.252852 -10.355618
v -4.123807 4.312613 -10.749712
v -2.463756 1.464690 -12.741510
v -1.753610 -0.972776 -12.829020
v -2.003884 -1.068465 -12.201683
v -2.643537 1.127041 -12.122862
v -3.161500 2.493445 -11.800810
v -3.346684 2.827216 -11.588533
v -3.376145 4.596321 -12.629079
v -2.992044 3.277955 -12.676411
v -3.534598 3.100733 -11.332222
v -3.717202 3.309148 -11.047144
v -4.123134 4.312870 -10.751398
v -3.978876 4.367937 -11.114526
v -2.976796 2.084921 -11.965059
v -3.160763 2.491979 -11.801556
v -2.991440 3.275883 -12.676485
v -2.853120 2.801120 -12.693531
v -3.894579 3.457505 -10.736279
v -4.263876 3.570877 -9.966344
v -4.443926 4.190420 -9.943922
v -4.281078 4.252581 -10.353838
v -3.347509 2.828564 -11.587498
v -3.533217 3.098919 -11.334229
v -3.978219 4.368187 -11.116173
v -3.376972 4.597636 -12.628019
v -2.339855 1.213105 -11.989092
v -2.338635 1.483092 -12.167627
v -2.527053 2.129808 -12.144407
v -2.454898 1.561543 -11.945765
v -3.414164 3.394407 -10.911406
v -3.822057 4.395855 -10.617264
v -3.978620 4.336093 -10.223173
v -3.589031 3.540706 -10.604958
v -2.339058 1.210532 -11.989288
v -1.699538 -0.984518 -12.068094
v -1.627825 -0.956651 -12.255217
v -2.337840 1.480363 -12.167725
v -2.857186 2.577456 -11.667183
v -2.866378 3.294486 -12.102594
v -3.250158 4.611747 -12.055302
v -3.042278 2.911059 -11.455011
v -3.230252 3.184680 -11.198633
v -3.677126 4.451178 -10.982080
v -3.821384 4.396112 -10.618954
v -3.412856 3.393097 -10.913555
v -2.672552 2.169092 -11.831382
v -2.727549 2.817979 -12.119701
v -2.865539 3.291607 -12.102697
v -2.856359 2.575797 -11.668020
v -3.590232 3.541448 -10.602690
v -3.979328 4.335823 -10.221394
v -4.142195 4.273654 -9.811432
v -3.959547 3.654819 -9.832714
v -3.043201 2.912564 -11.453859
v -3.251140 4.613784 -12.054337
v -3.676469 4.451429 -10.983728
v -3.228870 3.182863 -11.200640
v -2.760171 1.480320 -12.078957
v -2.976099 2.083184 -11.965557
v -2.852493 2.798970 -12.693607
v -2.653791 2.116958 -12.718092
v -2.456051 1.564893 -11.945251
v -2.528331 2.134196 -12.144251
v -2.726496 2.814363 -12.119831
v -2.671598 2.166698 -11.832052
v 6.249166 4.479724 -8.223183
v 6.468585 3.951757 -7.947213
v 6.566178 3.598124 -8.002119
v 6.437754 3.832427 -8.246421
v 7.346310 6.435140 4.731624
v 7.625076 5.475810 4.688608
v 7.711497 5.191780 4.675529
v 7.789890 4.922173 4.663433
v 7.273272 6.678542 4.742742
v 7.764935 6.626256 4.698027
v 8.055639 5.624527 4.653142
v 8.129766 5.369177 4.641698
v 8.214487 5.077241 4.628619
v 7.702012 6.843029 4.707737
v 7.946548 4.401361 4.639610
v 8.017770 4.156621 4.628625
v -3.026798 1.899516 5.567939
v -3.235863 2.645221 5.600697
v -3.452731 1.800970 5.603945
v -3.651391 2.485695 5.634620
v 8.056179 5.622667 4.653059
v 8.215021 5.075397 4.628537
v 7.179830 6.982594 4.756827
v 7.703063 6.839410 4.707578
v 8.056368 5.622012 4.653029
v -3.234847 2.641593 5.600538
v -4.001217 3.691654 5.688636
v 7.625301 5.475080 4.688576
v 7.790305 4.920815 4.663370
v 7.274350 6.674935 4.742579
v 7.625818 5.473300 4.688495
v 7.623557 7.113269 4.719849
v 7.790798 4.919116 4.663296
v -3.557455 3.822201 5.651655
v -3.650342 2.482077 5.634458
v 7.702885 6.840024 4.707603
v -3.235589 2.644248 5.600654
v 7.273479 6.677855 4.742710
v -3.650600 2.482967 5.634497
v 8.119736 3.816561 4.613098
v 8.162756 3.668801 4.606468
v 8.707207 1.798805 4.522524
v 8.163464 3.666404 4.606358
v 8.524468 4.009272 4.580768
v 8.581787 3.811762 4.571917
v 8.776518 3.140756 4.541853
v 8.582485 3.809356 4.571808
v 8.350754 4.607795 4.607584
v 8.435078 4.317235 4.594564
v 8.581993 3.811050 4.571885
v 8.436138 4.313581 4.594400
v 8.215376 5.074181 4.628481
v 8.163309 3.666934 4.606380
v 8.018856 4.152986 4.628459
v 8.817991 1.418294 4.505444
v 9.240294 1.542667 4.470250
v 8.435513 4.315732 4.594498
v 8.018490 4.154243 4.628517
vn -0.9427 -0.3077 0.1293
vn -0.9420 -0.3105 0.1275
vn -0.9412 -0.3123 0.1286
vn -0.9424 -0.3088 0.1289
vn -0.9339 -0.2801 0.2224
vn -0.9338 -0.2812 0.2214
vn -0.9338 -0.2820 0.2201
vn -0.9456 -0.2871 0.1531
vn -0.9470 -0.2871 0.1442
vn -0.9471 -0.2898 0.1380
vn -0.9461 -0.2865 0.1510
vn -0.9443 -0.3023 0.1301
vn -0.9437 -0.3046 0.1288
vn -0.9431 -0.3062 0.1299
vn -0.9442 -0.3029 0.1296
vn -0.9425 -0.2883 0.1691
vn -0.9441 -0.2890 0.1587
vn -0.9443 -0.2891 0.1570
vn -0.9433 -0.2891 0.1632
vn -0.9407 -0.3143 0.1275
vn -0.9398 -0.3182 0.1244
vn -0.9400 -0.3182 0.1234
vn -0.9404 -0.3152 0.1273
vn -0.9471 -0.2928 0.1313
vn -0.9460 -0.2986 0.1261
vn -0.9453 -0.3000 0.1284
vn -0.9469 -0.2942 0.1298
vn 0.9516 0.2816 -0.1234
vn 0.9516 0.2816 -0.1233
vn 0.9516 0.2816 -0.1231
vn 0.9516 0.2818 -0.1229
vn 0.9518 0.2815 -0.1221
vn 0.9516 0.2819 -0.1227
vn 0.9517 0.2818 -0.1223
vn 0.9516 0.2817 -0.1232
vn 0.9514 0.2821 -0.1234
vn 0.9518 0.2814 -0.1220
vn 0.9517 0.2818 -0.1222
vn 0.9516 0.2820 -0.1220
vn 0.9515 0.2821 -0.1228
vn 0.9517 0.2816 -0.1221
vn 0.9516 0.2818 -0.1227
vn 0.9516 0.2819 -0.1228
vn 0.9516 0.2818 -0.1224
vn 0.9516 0.2817 -0.1230
vn 0.9515 0.2817 -0.1233
vn 0.9515 0.2820 -0.1227
vn 0.9519 0.2810 -0.1222
vn 0.9516 0.2819 -0.1226
vn 0.9515 0.2819 -0.1229
vn 0.9516 0.2815 -0.1231
vn 0.9516 0.2819 -0.1222
vn 0.9515 0.2819 -0.1232
vn -0.9587 -0.2833 0.0267
vn -0.9584 -0.2837 0.0316
vn -0.9571 -0.2864 0.0435
vn -0.9580 -0.2845 0.0364
vn -0.9377 -0.2864 0.1966
vn -0.9407 -0.2869 0.1810
vn -0.9417 -0.2872 0.1750
vn -0.9398 -0.2864 0.1863
vn 0.9516 0.2817 -0.1231
vn 0.9514 0.2819 -0.1238
vn 0.9516 0.2817 -0.1229
vn -0.9446 -0.3081 0.1129
vn -0.9442 -0.3088 0.1146
vn -0.9431 -0.3123 0.1146
vn -0.9436 -0.3103 0.1152
vn -0.9592 -0.2818 0.0235
vn -0.9595 -0.2809 0.0221
vn -0.9597 -0.2804 0.0215
vn -0.9535 -0.2870 0.0917
vn -0.9535 -0.2864 0.0935
vn -0.9511 -0.2894 0.1077
vn -0.9525 -0.2877 0.1002
vn -0.9464 -0.3024 0.1136
vn -0.9461 -0.3031 0.1139
vn -0.9452 -0.3061 0.1140
vn -0.9455 -0.3048 0.1143
vn -0.9546 -0.2885 0.0749
vn -0.9538 -0.2892 0.0813
vn -0.9534 -0.2888 0.0873
vn -0.9534 -0.2891 0.0857
vn -0.9426 -0.3137 0.1149
vn -0.9420 -0.3152 0.1154
vn -0.9406 -0.3182 0.1183
vn -0.9406 -0.3182 0.1187
vn -0.9492 -0.2936 0.1129
vn -0.9489 -0.2940 0.1151
vn -0.9469 -0.3002 0.1154
vn -0.9471 -0.2986 0.1178
vn 0.9518 0.2816 -0.1216
vn 0.9517 0.2817 -0.1218
vn 0.9517 0.2817 -0.1224
vn 0.9518 0.2816 -0.1218
vn 0.9516 0.2819 -0.1225
vn 0.9517 0.2818 -0.1216
vn 0.9518 0.2813 -0.1220
vn 0.9517 0.2819 -0.1219
vn 0.9516 0.2821 -0.1218
vn 0.9517 0.2816 -0.1223
vn 0.9516 0.2819 -0.1221
vn 0.9516 0.2821 -0.1222
vn 0.9516 0.2819 -0.1223
vn 0.9516 0.2817 -0.1225
vn 0.9517 0.2817 -0.1221
vn 0.9514 0.2823 -0.1232
vn 0.9517 0.2818 -0.1215
vn 0.9516 0.2817 -0.1228
vn 0.9515 0.2820 -0.1229
vn -0.9341 -0.2830 0.2176
vn -0.9360 -0.2844 0.2075
vn -0.9374 -0.2851 0.1999
vn -0.9352 -0.2835 0.2120
vn -0.9570 -0.2860 0.0481
vn -0.9562 -0.2868 0.0577
vn -0.9553 -0.2874 0.0696
vn -0.9558 -0.2871 0.0632
vn 0.9517 0.2819 -0.1217
vn 0.9518 0.2817 -0.1215
vn 0.9517 0.2817 -0.1220
vn -0.9425 -0.3082 0.1295
vn -0.9420 -0.3105 0.1277
vn -0.9414 -0.3126 0.1269
vn -0.9424 -0.3086 0.1287
vn -0.9339 -0.2818 0.2198
vn -0.9338 -0.2809 0.2218
vn -0.9455 -0.2870 0.1536
vn -0.9469 -0.2876 0.1440
vn -0.9475 -0.2889 0.1373
vn -0.9462 -0.2864 0.1507
vn -0.9442 -0.3024 0.1305
vn -0.9437 -0.3047 0.1289
vn -0.9432 -0.3058 0.1299
vn -0.9441 -0.3030 0.1300
vn -0.9425 -0.2878 0.1699
vn -0.9440 -0.2889 0.1592
vn -0.9445 -0.2890 0.1558
vn -0.9433 -0.2891 0.1633
vn -0.9406 -0.3145 0.1280
vn -0.9399 -0.3181 0.1242
vn -0.9399 -0.3182 0.1238
vn -0.9405 -0.3154 0.1264
vn -0.9469 -0.2935 0.1309
vn -0.9460 -0.2986 0.1262
vn -0.9452 -0.3000 0.1287
vn -0.9471 -0.2938 0.1294
vn 0.9516 0.2815 -0.1233
vn 0.9515 0.2814 -0.1240
vn 0.9515 0.2818 -0.1236
vn 0.9517 0.2815 -0.1226
vn 0.9516 0.2815 -0.1232
vn 0.9516 0.2817 -0.1233
vn 0.9519 0.2808 -0.1228
vn 0.9516 0.2816 -0.1230
vn 0.9516 0.2815 -0.1234
vn 0.9516 0.2818 -0.1226
vn 0.9515 0.2819 -0.1233
vn 0.9516 0.2816 -0.1229
vn 0.9517 0.2817 -0.1225
vn 0.9513 0.2824 -0.1234
vn 0.9516 0.2815 -0.1230
vn 0.9515 0.2820 -0.1228
vn 0.9514 0.2819 -0.1241
vn 0.9516 0.2818 -0.1225
vn -0.9378 -0.2864 0.1959
vn -0.9407 -0.2867 0.1812
vn -0.9416 -0.2874 0.1754
vn -0.9398 -0.2864 0.1862
vn 0.9515 0.2818 -0.1231
vn 0.9517 0.2816 -0.1224
vn 0.9515 0.2819 -0.1231
vn -0.9445 -0.3080 0.1141
vn -0.9442 -0.3088 0.1149
vn -0.9430 -0.3123 0.1148
vn -0.9436 -0.3105 0.1152
vn -0.9594 -0.2810 0.0226
vn -0.9598 -0.2799 0.0227
vn -0.9592 -0.2815 0.0253
vn -0.9465 -0.3025 0.1122
vn -0.9462 -0.3030 0.1139
vn -0.9451 -0.3061 0.1144
vn -0.9455 -0.3047 0.1146
vn -0.9423 -0.3145 0.1149
vn -0.9420 -0.3153 0.1154
vn -0.9406 -0.3182 0.1186
vn -0.9493 -0.2933 0.1131
vn -0.9469 -0.3001 0.1155
vn -0.9471 -0.2986 0.1173
vn 0.9518 0.2815 -0.1220
vn 0.9515 0.2819 -0.1230
vn 0.9517 0.2820 -0.1218
vn 0.9517 0.2816 -0.1220
vn 0.9516 0.2819 -0.1224
vn 0.9517 0.2820 -0.1213
vn 0.9514 0.2818 -0.1245
vn 0.9520 0.2807 -0.1220
vn 0.9516 0.2819 -0.1229
vn 0.9603 0.2778 -0.0271
vn 0.9603 0.2773 -0.0320
vn 0.9600 0.2763 -0.0443
vn 0.9602 0.2770 -0.0370
vn 0.9600 0.2550 -0.1156
vn 0.9601 0.2543 -0.1166
vn 0.9610 0.2507 -0.1168
vn 0.9604 0.2525 -0.1174
vn 0.9602 0.2783 -0.0237
vn 0.9598 0.2797 -0.0222
vn 0.9597 0.2804 -0.0215
vn 0.9569 0.2753 -0.0920
vn 0.9563 0.2769 -0.0940
vn 0.9557 0.2739 -0.1078
vn 0.9558 0.2761 -0.1010
vn 0.9586 0.2607 -0.1148
vn 0.9586 0.2602 -0.1154
vn 0.9595 0.2569 -0.1158
vn 0.9590 0.2584 -0.1162
vn 0.9585 0.2748 -0.0755
vn 0.9583 0.2737 -0.0818
vn 0.9575 0.2744 -0.0885
vn 0.9580 0.2735 -0.0862
vn 0.9615 0.2485 -0.1176
vn 0.9617 0.2477 -0.1178
vn 0.9620 0.2447 -0.1215
vn 0.9620 0.2448 -0.1213
vn 0.9560 0.2704 -0.1142
vn 0.9562 0.2691 -0.1157
vn 0.9576 0.2632 -0.1168
vn 0.9570 0.2646 -0.1189
vn -0.9520 -0.2812 0.1214
vn -0.9517 -0.2815 0.1222
vn -0.9517 -0.2819 0.1217
vn -0.9516 -0.2820 0.1224
vn -0.9517 -0.2817 0.1224
vn -0.9517 -0.2814 0.1225
vn -0.9517 -0.2816 0.1224
vn -0.9517 -0.2816 0.1228
vn -0.9518 -0.2817 0.1218
vn -0.9515 -0.2823 0.1222
vn -0.9517 -0.2817 0.1218
vn -0.9516 -0.2818 0.1226
vn -0.9515 -0.2821 0.1224
vn -0.9517 -0.2817 0.1220
vn -0.9517 -0.2817 0.1221
vn -0.9517 -0.2813 0.1232
vn -0.9517 -0.2816 0.1222
vn -0.9516 -0.2816 0.1229
vn -0.9517 -0.2815 0.1225
vn -0.9518 -0.2813 0.1222
vn -0.9517 -0.2816 0.1221
vn -0.9517 -0.2815 0.1226
vn -0.9517 -0.2814 0.1228
vn -0.9515 -0.2821 0.1226
vn -0.9517 -0.2814 0.1224
vn -0.9518 -0.2811 0.1226
vn 0.9360 0.2772 -0.2171
vn 0.9383 0.2767 -0.2076
vn 0.9400 0.2758 -0.2006
vn 0.9371 0.2771 -0.2122
vn 0.9599 0.2759 -0.0492
vn 0.9595 0.2757 -0.0582
vn 0.9588 0.2752 -0.0700
vn 0.9591 0.2756 -0.0637
vn -0.9517 -0.2816 0.1223
vn -0.9518 -0.2814 0.1219
vn -0.9517 -0.2817 0.1219
vn 0.9580 0.2549 -0.1312
vn 0.9588 0.2526 -0.1296
vn 0.9594 0.2506 -0.1297
vn 0.9583 0.2542 -0.1305
vn 0.9350 0.2784 -0.2199
vn 0.9339 0.2801 -0.2224
vn 0.9342 0.2793 -0.2217
vn 0.9489 0.2759 -0.1534
vn 0.9503 0.2761 -0.1441
vn 0.9519 0.2736 -0.1380
vn 0.9490 0.2766 -0.1513
vn 0.9564 0.2609 -0.1308
vn 0.9572 0.2584 -0.1305
vn 0.9574 0.2570 -0.1314
vn 0.9566 0.2602 -0.1309
vn 0.9465 0.2741 -0.1702
vn 0.9485 0.2738 -0.1594
vn 0.9487 0.2743 -0.1571
vn 0.9478 0.2736 -0.1638
vn 0.9598 0.2488 -0.1300
vn 0.9612 0.2448 -0.1270
vn 0.9613 0.2447 -0.1266
vn 0.9602 0.2477 -0.1292
vn 0.9537 0.2707 -0.1313
vn 0.9559 0.2647 -0.1270
vn 0.9560 0.2632 -0.1294
vn 0.9542 0.2691 -0.1303
vn -0.9516 -0.2816 0.1231
vn -0.9516 -0.2816 0.1232
vn -0.9515 -0.2814 0.1242
vn -0.9515 -0.2817 0.1234
vn -0.9518 -0.2813 0.1224
vn -0.9517 -0.2815 0.1224
vn -0.9517 -0.2814 0.1227
vn -0.9516 -0.2817 0.1232
vn -0.9516 -0.2815 0.1232
vn -0.9517 -0.2815 0.1228
vn -0.9516 -0.2818 0.1230
vn -0.9517 -0.2816 0.1226
vn -0.9517 -0.2815 0.1227
vn -0.9516 -0.2814 0.1235
vn -0.9515 -0.2819 0.1232
vn -0.9517 -0.2814 0.1223
vn -0.9518 -0.2810 0.1228
vn -0.9517 -0.2814 0.1226
vn 0.9604 0.2772 -0.0272
vn 0.9602 0.2775 -0.0321
vn 0.9602 0.2760 -0.0439
vn 0.9602 0.2771 -0.0365
vn 0.9411 0.2755 -0.1960
vn 0.9441 0.2752 -0.1816
vn 0.9452 0.2752 -0.1758
vn 0.9430 0.2755 -0.1867
vn -0.9515 -0.2817 0.1237
vn -0.9516 -0.2815 0.1229
vn 0.9599 0.2551 -0.1166
vn 0.9600 0.2544 -0.1167
vn 0.9610 0.2505 -0.1173
vn 0.9604 0.2527 -0.1174
vn 0.9600 0.2788 -0.0238
vn 0.9599 0.2794 -0.0224
vn 0.9568 0.2758 -0.0921
vn 0.9563 0.2767 -0.0940
vn 0.9556 0.2743 -0.1075
vn 0.9559 0.2759 -0.1008
vn 0.9586 0.2608 -0.1143
vn 0.9586 0.2602 -0.1157
vn 0.9594 0.2572 -0.1160
vn 0.9590 0.2584 -0.1165
vn 0.9587 0.2742 -0.0754
vn 0.9583 0.2737 -0.0817
vn 0.9577 0.2742 -0.0877
vn 0.9579 0.2739 -0.0863
vn 0.9614 0.2490 -0.1172
vn 0.9617 0.2475 -0.1181
vn 0.9620 0.2447 -0.1210
vn 0.9620 0.2448 -0.1212
vn 0.9561 0.2701 -0.1137
vn 0.9560 0.2697 -0.1156
vn 0.9576 0.2632 -0.1171
vn 0.9570 0.2646 -0.1188
vn -0.9518 -0.2812 0.1223
vn -0.9518 -0.2816 0.1219
vn -0.9518 -0.2814 0.1220
vn -0.9517 -0.2814 0.1230
vn -0.9518 -0.2815 0.1220
vn -0.9516 -0.2817 0.1231
vn -0.9517 -0.2817 0.1222
vn -0.9518 -0.2815 0.1222
vn -0.9518 -0.2814 0.1223
vn -0.9517 -0.2818 0.1218
vn -0.9517 -0.2812 0.1231
vn -0.9519 -0.2811 0.1221
vn -0.9517 -0.2815 0.1229
vn 0.9599 0.2762 -0.0479
vn 0.9588 0.2753 -0.0697
vn 0.9592 0.2754 -0.0635
vn -0.9516 -0.2819 0.1225
vn -0.9518 -0.2815 0.1215
vn -0.9517 -0.2816 0.1220
vn 0.9580 0.2549 -0.1315
vn 0.9589 0.2526 -0.1296
vn 0.9593 0.2507 -0.1301
vn 0.9583 0.2542 -0.1304
vn 0.9505 0.2757 -0.1431
vn 0.9503 0.2760 -0.1444
vn 0.9548 0.2677 -0.1294
vn 0.9563 0.2609 -0.1317
vn 0.9572 0.2584 -0.1306
vn 0.9575 0.2568 -0.1312
vn 0.9566 0.2602 -0.1314
vn 0.9598 0.2490 -0.1295
vn 0.9613 0.2447 -0.1269
vn 0.9614 0.2447 -0.1261
vn 0.9601 0.2478 -0.1294
vn 0.9538 0.2702 -0.1317
vn 0.9559 0.2647 -0.1273
vn 0.9559 0.2632 -0.1299
vn -0.9512 -0.2822 0.1249
vn -0.9519 -0.2812 0.1220
vn -0.9517 -0.2815 0.1223
vn -0.9517 -0.2814 0.1229
vn -0.1271 -0.0019 -0.9919
vn -0.1261 -0.0024 -0.9920
vn -0.1270 -0.0019 -0.9919
vn -0.1273 -0.0004 -0.9919
vn -0.1270 -0.0009 -0.9919
vn -0.1274 -0.0017 -0.9919
vn -0.1274 -0.0008 -0.9918
vn -0.1275 -0.0015 -0.9918
vn -0.1278 0.0001 -0.9918
vn -0.1273 -0.0015 -0.9919
vn -0.1272 -0.0018 -0.9919
vn -0.1274 -0.0020 -0.9918
vn -0.1276 -0.0013 -0.9918
vn -0.1279 -0.0012 -0.9918
vn -0.1274 -0.0010 -0.9919
vn -0.1273 -0.0013 -0.9919
vn -0.1271 -0.0011 -0.9919
vn -0.1274 -0.0016 -0.9919
vn -0.1270 -0.0014 -0.9919
vn -0.1274 -0.0012 -0.9919
vn -0.1272 -0.0029 -0.9919
vn -0.1272 -0.0016 -0.9919
vn -0.1272 -0.0024 -0.9919
vn -0.1272 -0.0014 -0.9919
vn -0.1275 -0.0016 -0.9918
vn -0.1274 -0.0009 -0.9918
vn -0.1268 -0.0012 -0.9919
vn -0.1274 -0.0015 -0.9919
vn -0.1277 -0.0010 -0.9918
vn 0.1301 0.0019 0.9915
vn 0.1272 0.0010 0.9919
vn 0.1277 0.0015 0.9918
vn 0.1273 0.0015 0.9919
vn 0.1273 0.0009 0.9919
vn 0.1266 0.0013 0.9920
vn 0.1270 0.0016 0.9919
vn 0.1280 0.0016 0.9918
vn 0.1259 0.0014 0.9920
vn 0.1263 0.0013 0.9920
vn 0.1271 0.0016 0.9919
vn 0.1264 0.0015 0.9920
vn 0.1272 0.0019 0.9919
vn 0.1275 0.0014 0.9918
vn 0.1268 0.0017 0.9919
vn 0.1281 0.0019 0.9918
vn 0.1261 0.0013 0.9920
vn 0.1274 0.0016 0.9919
vn 0.1272 0.0017 0.9919
vn 0.1272 0.0014 0.9919
vn 0.1276 0.0017 0.9918
vn 0.1267 0.0015 0.9919
vn 0.1270 0.0015 0.9919
vn 0.1280 0.0014 0.9918
vn 0.1272 0.0015 0.9919
vn -0.1273 -0.0017 -0.9919
vn -0.1273 -0.0014 -0.9919
vn -0.1274 -0.0017 -0.9918
vn -0.1274 -0.0021 -0.9918
vn -0.1255 -0.0017 -0.9921
vn -0.1271 -0.0015 -0.9919
vn -0.1270 -0.0018 -0.9919
vn -0.1272 -0.0017 -0.9919
vn 0.1275 0.0015 0.9918
vn -0.1269 -0.0010 -0.9919
vn -0.1271 -0.0018 -0.9919
vn -0.1281 -0.0015 -0.9918
vn -0.1270 -0.0015 -0.9919
vn -0.1273 -0.0016 -0.9919
vn -0.1274 -0.0009 -0.9919
vn -0.1270 -0.0006 -0.9919
vn -0.1267 -0.0006 -0.9919
vn -0.1281 -0.0018 -0.9918
vn -0.1268 -0.0016 -0.9919
vn -0.1273 -0.0018 -0.9919
vn -0.1272 -0.0011 -0.9919
vn -0.1272 -0.0013 -0.9919
vn -0.1274 -0.0012 -0.9918
vn -0.1277 -0.0011 -0.9918
vn -0.1274 -0.0015 -0.9918
vn -0.1279 -0.0015 -0.9918
vn -0.1276 -0.0017 -0.9918
vn -0.1268 -0.0009 -0.9919
vn -0.1266 -0.0015 -0.9919
vn -0.1276 -0.0016 -0.9918
vn 0.1277 0.0008 0.9918
vn 0.1274 0.0017 0.9918
vn 0.1277 0.0018 0.9918
vn 0.1275 0.0007 0.9918
vn 0.1271 0.0015 0.9919
vn 0.1280 0.0015 0.9918
vn 0.1276 0.0014 0.9918
vn 0.1279 0.0005 0.9918
vn 0.1282 0.0008 0.9917
vn 0.1260 0.0015 0.9920
vn 0.1271 0.0014 0.9919
vn 0.1269 0.0012 0.9919
vn 0.1278 0.0009 0.9918
vn 0.1273 0.0016 0.9919
vn 0.1274 0.0015 0.9919
vn 0.1258 0.0015 0.9921
vn 0.1283 0.0021 0.9917
vn 0.1278 0.0014 0.9918
vn 0.1281 0.0014 0.9918
vn 0.1264 0.0009 0.9920
vn 0.7614 0.2436 -0.6008
vn 0.7614 0.2426 -0.6011
vn 0.7615 0.2434 -0.6007
vn -0.1273 -0.0025 -0.9919
vn -0.1272 -0.0012 -0.9919
vn 0.1262 0.0019 0.9920
vn 0.1284 0.0013 0.9917
vn 0.7605 0.2435 -0.6020
vn 0.7604 0.2430 -0.6023
vn 0.7604 0.2439 -0.6019
vn 0.7617 0.2430 -0.6007
vn 0.7615 0.2435 -0.6007
vn 0.7612 0.2431 -0.6012
vn 0.7610 0.2434 -0.6014
vn 0.7610 0.2427 -0.6016
vn 0.7609 0.2434 -0.6015
vn 0.7607 0.2437 -0.6016
vn 0.7605 0.2433 -0.6020
vn 0.7601 0.2435 -0.6024
vn 0.7606 0.2436 -0.6018
vn 0.7613 0.2440 -0.6007
vn 0.7611 0.2435 -0.6012
vn 0.7610 0.2436 -0.6013
vn 0.7614 0.2433 -0.6009
vn 0.7604 0.2441 -0.6019
vn 0.7602 0.2439 -0.6022
vn 0.7608 0.2434 -0.6016
vn 0.7604 0.2436 -0.6020
vn 0.7607 0.2439 -0.6015
vn 0.7608 0.2437 -0.6015
vn 0.7607 0.2436 -0.6017
vn 0.7605 0.2432 -0.6021
vn -0.7537 -0.2414 0.6113
vn -0.7541 -0.2413 0.6108
vn -0.7550 -0.2415 0.6096
vn -0.7546 -0.2413 0.6102
vn -0.7605 -0.2400 0.6033
vn -0.7607 -0.2403 0.6029
vn -0.7617 -0.2401 0.6018
vn -0.7609 -0.2401 0.6028
vn -0.7534 -0.2414 0.6117
vn -0.7533 -0.2414 0.6117
vn -0.7531 -0.2415 0.6119
vn -0.7587 -0.2421 0.6048
vn -0.7585 -0.2424 0.6049
vn -0.7595 -0.2418 0.6039
vn -0.7590 -0.2423 0.6043
vn -0.7608 -0.2410 0.6026
vn -0.7603 -0.2405 0.6034
vn -0.7606 -0.2405 0.6030
vn -0.7606 -0.2406 0.6030
vn -0.7568 -0.2418 0.6073
vn -0.7578 -0.2418 0.6060
vn -0.7580 -0.2424 0.6055
vn -0.7582 -0.2418 0.6055
vn -0.7613 -0.2397 0.6024
vn -0.7615 -0.2401 0.6021
vn -0.7614 -0.2396 0.6024
vn -0.7615 -0.2396 0.6023
vn -0.7602 -0.2419 0.6030
vn -0.7603 -0.2419 0.6029
vn -0.7604 -0.2409 0.6032
vn -0.7607 -0.2416 0.6025
vn 0.7595 0.2438 -0.6031
vn 0.7597 0.2427 -0.6033
vn 0.7595 0.2432 -0.6033
vn 0.7596 0.2426 -0.6034
vn 0.7616 0.2431 -0.6007
vn 0.7614 0.2434 -0.6009
vn 0.7612 0.2435 -0.6010
vn -0.7555 -0.2413 0.6090
vn -0.7561 -0.2416 0.6082
vn -0.7572 -0.2416 0.6068
vn -0.7563 -0.2417 0.6079
vn 0.7598 0.2439 -0.6027
vn 0.7599 0.2439 -0.6026
vn 0.7599 0.2426 -0.6031
vn 0.7594 0.2441 -0.6031
vn 0.7596 0.2430 -0.6033
vn 0.7601 0.2430 -0.6026
vn 0.7599 0.2430 -0.6029
vn 0.7603 0.2440 -0.6020
vn 0.7603 0.2430 -0.6024
vn 0.7609 0.2437 -0.6014
vn 0.7604 0.2433 -0.6021
vn 0.7606 0.2435 -0.6018
vn 0.7600 0.2437 -0.6025
vn 0.7591 0.2438 -0.6037
vn 0.7598 0.2428 -0.6031
vn 0.7603 0.2439 -0.6020
vn 0.7600 0.2432 -0.6027
vn 0.7601 0.2439 -0.6023
vn 0.7607 0.2435 -0.6017
vn 0.7606 0.2433 -0.6018
vn 0.7600 0.2439 -0.6024
vn 0.7608 0.2431 -0.6018
vn 0.7603 0.2432 -0.6023
vn 0.7604 0.2435 -0.6020
vn -0.7674 -0.2446 0.5927
vn -0.7665 -0.2442 0.5940
vn -0.7661 -0.2444 0.5944
vn -0.7669 -0.2442 0.5934
vn -0.7621 -0.2407 0.6011
vn -0.7615 -0.2406 0.6018
vn -0.7618 -0.2407 0.6014
vn -0.7617 -0.2409 0.6015
vn -0.7676 -0.2448 0.5923
vn -0.7675 -0.2441 0.5927
vn -0.7676 -0.2449 0.5923
vn -0.7631 -0.2419 0.5993
vn -0.7626 -0.2426 0.5997
vn -0.7609 -0.2450 0.6008
vn -0.7626 -0.2435 0.5993
vn -0.7616 -0.2414 0.6014
vn -0.7617 -0.2412 0.6013
vn -0.7618 -0.2411 0.6013
vn -0.7613 -0.2413 0.6018
vn -0.7638 -0.2442 0.5974
vn -0.7634 -0.2425 0.5986
vn -0.7628 -0.2435 0.5991
vn -0.7636 -0.2430 0.5982
vn -0.7618 -0.2402 0.6017
vn -0.7622 -0.2398 0.6013
vn -0.7619 -0.2397 0.6017
vn -0.7620 -0.2403 0.6013
vn -0.7621 -0.2411 0.6009
vn -0.7613 -0.2417 0.6017
vn -0.7611 -0.2416 0.6020
vn -0.7608 -0.2429 0.6019
vn -0.8884 -0.2452 -0.3881
vn -0.8884 -0.2448 -0.3883
vn -0.8884 -0.2450 -0.3883
vn -0.8884 -0.2446 -0.3885
vn 0.7598 0.2426 -0.6032
vn 0.7596 0.2431 -0.6033
vn 0.7603 0.2417 -0.6029
vn 0.7597 0.2435 -0.6030
vn -0.7655 -0.2438 0.5955
vn -0.7648 -0.2440 0.5963
vn -0.7645 -0.2430 0.5970
vn -0.7652 -0.2437 0.5959
vn -0.8879 -0.2443 -0.3898
vn -0.8880 -0.2442 -0.3896
vn -0.8877 -0.2445 -0.3901
vn -0.8881 -0.2440 -0.3895
vn -0.8884 -0.2447 -0.3884
vn -0.8884 -0.2449 -0.3883
vn -0.8884 -0.2449 -0.3882
vn -0.8882 -0.2448 -0.3889
vn -0.8881 -0.2452 -0.3889
vn -0.8880 -0.2440 -0.3897
vn -0.8881 -0.2447 -0.3890
vn -0.8880 -0.2443 -0.3896
vn -0.8878 -0.2444 -0.3899
vn -0.8879 -0.2442 -0.3899
vn -0.8881 -0.2442 -0.3895
vn -0.8883 -0.2444 -0.3888
vn -0.8883 -0.2448 -0.3887
vn -0.8882 -0.2454 -0.3885
vn -0.8882 -0.2450 -0.3886
vn -0.8881 -0.2439 -0.3896
vn -0.8878 -0.2443 -0.3900
vn -0.8881 -0.2443 -0.3894
vn -0.8879 -0.2440 -0.3900
vn -0.8880 -0.2446 -0.3893
vn -0.8880 -0.2441 -0.3897
vn -0.8879 -0.2444 -0.3898
vn -0.8878 -0.2444 -0.3900
vn 0.8833 0.2432 0.4007
vn 0.8838 0.2435 0.3994
vn 0.8839 0.2439 0.3990
vn 0.8837 0.2432 0.3999
vn 0.8869 0.2467 0.3906
vn 0.8869 0.2471 0.3903
vn 0.8864 0.2475 0.3912
vn 0.8869 0.2471 0.3902
vn 0.8833 0.2431 0.4008
vn 0.8836 0.2425 0.4006
vn 0.8833 0.2430 0.4009
vn 0.8863 0.2453 0.3929
vn 0.8865 0.2448 0.3926
vn 0.8874 0.2450 0.3905
vn 0.8864 0.2446 0.3929
vn 0.8873 0.2467 0.3896
vn 0.8868 0.2466 0.3908
vn 0.8869 0.2469 0.3904
vn 0.8870 0.2464 0.3906
vn 0.8856 0.2442 0.3950
vn 0.8858 0.2451 0.3940
vn 0.8864 0.2444 0.3932
vn 0.8857 0.2448 0.3944
vn 0.8870 0.2474 0.3899
vn 0.8867 0.2483 0.3899
vn 0.8868 0.2480 0.3899
vn 0.8864 0.2477 0.3909
vn 0.8868 0.2456 0.3915
vn 0.8873 0.2463 0.3900
vn 0.8872 0.2461 0.3903
vn 0.8874 0.2459 0.3899
vn -0.8874 -0.2436 -0.3913
vn -0.8872 -0.2445 -0.3912
vn -0.8875 -0.2441 -0.3909
vn -0.8873 -0.2449 -0.3909
vn -0.8885 -0.2440 -0.3887
vn -0.8883 -0.2446 -0.3888
vn -0.8884 -0.2441 -0.3888
vn 0.8842 0.2440 0.3983
vn 0.8850 0.2441 0.3965
vn 0.8852 0.2448 0.3956
vn 0.8848 0.2441 0.3969
vn -0.8879 -0.2442 -0.3898
vn -0.8877 -0.2436 -0.3907
vn -0.8880 -0.2440 -0.3899
vn -0.8872 -0.2446 -0.3912
vn -0.8872 -0.2444 -0.3912
vn -0.8874 -0.2441 -0.3912
vn -0.8872 -0.2450 -0.3908
vn -0.8875 -0.2444 -0.3906
vn -0.8883 -0.2442 -0.3890
vn -0.8874 -0.2445 -0.3908
vn -0.8877 -0.2443 -0.3901
vn -0.8879 -0.2439 -0.3901
vn -0.8880 -0.2438 -0.3899
vn -0.8875 -0.2442 -0.3907
vn -0.8873 -0.2450 -0.3908
vn -0.8876 -0.2443 -0.3905
vn -0.8873 -0.2446 -0.3911
vn -0.8875 -0.2443 -0.3907
vn -0.8877 -0.2440 -0.3905
vn -0.8879 -0.2441 -0.3899
vn -0.8876 -0.2444 -0.3905
vn -0.8877 -0.2442 -0.3902
vn -0.8878 -0.2440 -0.3903
vn -0.8882 -0.2440 -0.3892
vn 0.8916 0.2468 0.3796
vn 0.8917 0.2464 0.3797
vn 0.8916 0.2462 0.3801
vn 0.8913 0.2464 0.3805
vn 0.8871 0.2473 0.3897
vn 0.8874 0.2475 0.3890
vn 0.8871 0.2474 0.3897
vn 0.8874 0.2474 0.3890
vn 0.8920 0.2465 0.3789
vn 0.8922 0.2463 0.3786
vn 0.8922 0.2464 0.3785
vn 0.8889 0.2461 0.3865
vn 0.8890 0.2454 0.3866
vn 0.8883 0.2460 0.3878
vn 0.8886 0.2456 0.3875
vn 0.8877 0.2464 0.3890
vn 0.8877 0.2466 0.3888
vn 0.8875 0.2474 0.3888
vn 0.8874 0.2470 0.3892
vn 0.8898 0.2458 0.3844
vn 0.8893 0.2462 0.3854
vn 0.8895 0.2455 0.3854
vn 0.8891 0.2461 0.3858
vn 0.8872 0.2480 0.3890
vn 0.8871 0.2479 0.3894
vn 0.8870 0.2481 0.3894
vn 0.8870 0.2483 0.3893
vn 0.8876 0.2462 0.3893
vn 0.8880 0.2457 0.3886
vn 0.8878 0.2463 0.3888
vn 0.8875 0.2463 0.3894
vn -0.8874 -0.2444 -0.3910
vn -0.8875 -0.2442 -0.3908
vn -0.8872 -0.2447 -0.3911
vn -0.8873 -0.2443 -0.3911
vn 0.8905 0.2463 0.3826
vn 0.8905 0.2462 0.3825
vn 0.8897 0.2465 0.3842
vn 0.8903 0.2461 0.3832
vn -0.9375 -0.2849 0.1999
vn -0.9360 -0.2844 0.2076
vn -0.9341 -0.2841 0.2162
vn -0.9352 -0.2836 0.2120
vn -0.9587 -0.2829 0.0280
vn -0.9573 -0.2874 0.0302
vn -0.9580 -0.2856 0.0277
vn -0.9546 -0.2883 0.0745
vn -0.9494 -0.3005 0.0913
vn -0.9530 -0.2933 0.0763
vn -0.9558 -0.2870 0.0631
vn -0.9543 -0.2892 0.0748
vn -0.9510 -0.2846 0.1211
vn -0.9476 -0.2958 0.1204
vn -0.9525 -0.2875 0.1004
vn -0.9493 -0.2935 0.1127
vn 0.9516 0.2822 -0.1217
vn 0.9519 0.2821 -0.1193
vn 0.9528 0.2791 -0.1193
vn 0.9524 0.2804 -0.1197
vn 0.9522 0.2807 -0.1203
vn 0.9517 0.2813 -0.1234
vn 0.9518 0.2812 -0.1228
vn 0.9519 0.2809 -0.1222
vn 0.9516 0.2834 -0.1190
vn 0.9521 0.2812 -0.1201
vn 0.9524 0.2725 -0.1366
vn 0.9552 0.2677 -0.1264
vn -0.9516 -0.2819 0.1223
vn -0.9580 -0.2845 0.0365
vn -0.9565 -0.2876 0.0498
vn -0.9522 -0.2978 0.0684
vn 0.9515 0.2830 -0.1203
vn 0.9520 0.2810 -0.1216
vn 0.9517 0.2820 -0.1216
vn 0.9520 0.2812 -0.1212
vn 0.9517 0.2814 -0.1229
vn 0.9516 0.2817 -0.1234
vn 0.9517 0.2817 -0.1222
vn 0.9518 0.2817 -0.1217
vn -0.9550 -0.2921 0.0526
vn -0.9534 -0.2895 0.0853
vn -0.9520 -0.2924 0.0910
vn -0.9478 -0.3015 0.1036
vn 0.9520 0.2810 -0.1217
vn -0.9569 -0.2863 0.0485
vn -0.9557 -0.2897 0.0525
vn -0.9522 -0.2950 0.0793
vn 0.9517 0.2817 -0.1223
vn 0.9522 0.2805 -0.1208
vn 0.9517 0.2814 -0.1230
vn -0.9494 -0.2991 0.0964
vn -0.9533 -0.2878 0.0911
vn -0.9516 -0.2930 0.0926
vn -0.9496 -0.2935 0.1104
vn 0.9554 0.2660 -0.1284
vn -0.9470 -0.2975 0.1212
vt 0.362530 0.850690
vt 0.369410 0.864220
vt 0.399850 0.880090
vt 0.399850 0.862310
vt 0.200150 0.805900
vt 0.278850 0.805900
vt 0.287530 0.797500
vt 0.200160 0.797500
vt 0.329310 0.818130
vt 0.342370 0.827110
vt 0.399790 0.797500
vt 0.352540 0.797500
vt 0.353490 0.838160
vt 0.362480 0.850620
vt 0.399850 0.862250
vt 0.399850 0.845870
vt 0.313860 0.811430
vt 0.329260 0.818100
vt 0.352460 0.797500
vt 0.335460 0.797500
vt 0.369440 0.864300
vt 0.377650 0.898650
vt 0.399850 0.898650
vt 0.399850 0.880160
vt 0.342410 0.827160
vt 0.353430 0.838090
vt 0.399850 0.845810
vt 0.399850 0.797540
vt 0.321070 0.197970
vt 0.312390 0.189580
vt 0.289190 0.189580
vt 0.308400 0.199350
vt 0.237470 0.242770
vt 0.200150 0.254390
vt 0.200150 0.272160
vt 0.230590 0.256290
vt 0.321150 0.197970
vt 0.399840 0.197970
vt 0.399840 0.189580
vt 0.312480 0.189580
vt 0.270680 0.210210
vt 0.247460 0.189580
vt 0.200220 0.189580
vt 0.257630 0.219190
vt 0.246500 0.230230
vt 0.200150 0.237940
vt 0.200150 0.254320
vt 0.237520 0.242690
vt 0.286130 0.203500
vt 0.264540 0.189580
vt 0.247550 0.189580
vt 0.270740 0.210180
vt 0.230560 0.256370
vt 0.200150 0.272230
vt 0.200150 0.290720
vt 0.222350 0.290720
vt 0.257580 0.219230
vt 0.200150 0.189610
vt 0.200150 0.237880
vt 0.246560 0.230160
vt 0.278930 0.991460
vt 0.287610 0.999860
vt 0.310820 0.999860
vt 0.291600 0.990080
vt 0.291700 0.807300
vt 0.313790 0.811410
vt 0.335350 0.797500
vt 0.310940 0.797500
vt 0.308300 0.199370
vt 0.289060 0.189580
vt 0.264650 0.189580
vt 0.286210 0.203480
vt 0.362530 0.946660
vt 0.399850 0.935050
vt 0.399850 0.917270
vt 0.369410 0.933140
vt 0.287530 0.999860
vt 0.278850 0.991460
vt 0.200150 0.991460
vt 0.200160 0.999860
vt 0.329310 0.979230
vt 0.352540 0.999860
vt 0.399790 0.999860
vt 0.342370 0.970240
vt 0.353490 0.959200
vt 0.399850 0.951490
vt 0.399850 0.935110
vt 0.362480 0.946740
vt 0.313860 0.985930
vt 0.335460 0.999860
vt 0.352460 0.999860
vt 0.329260 0.979260
vt 0.369440 0.933060
vt 0.399850 0.917200
vt 0.399850 0.898710
vt 0.377650 0.898710
vt 0.342410 0.970200
vt 0.399850 0.999820
vt 0.399850 0.951550
vt 0.353430 0.959270
vt 0.321070 0.383540
vt 0.308400 0.382150
vt 0.289190 0.391930
vt 0.312390 0.391930
vt 0.237470 0.338740
vt 0.230590 0.325220
vt 0.200150 0.309340
vt 0.200150 0.327120
vt 0.321150 0.383540
vt 0.312480 0.391930
vt 0.399840 0.391930
vt 0.399840 0.383540
vt 0.270680 0.371300
vt 0.257630 0.362320
vt 0.200220 0.391930
vt 0.247460 0.391930
vt 0.246500 0.351280
vt 0.237520 0.338820
vt 0.200150 0.327180
vt 0.200150 0.343570
vt 0.286130 0.378010
vt 0.270740 0.371330
vt 0.247550 0.391930
vt 0.264540 0.391930
vt 0.230560 0.325140
vt 0.222350 0.290780
vt 0.200150 0.290780
vt 0.200150 0.309280
vt 0.257580 0.362280
vt 0.246560 0.351350
vt 0.200150 0.343630
vt 0.200150 0.391900
vt 0.121070 0.788820
vt 0.108400 0.787440
vt 0.089190 0.797210
vt 0.112390 0.797210
vt 0.291700 0.990060
vt 0.310940 0.999860
vt 0.335350 0.999860
vt 0.313790 0.985950
vt 0.308300 0.382140
vt 0.286210 0.378030
vt 0.264650 0.391930
vt 0.289060 0.391930
vt 0.037480 0.744020
vt 0.030590 0.730500
vt 0.000150 0.714630
vt 0.000150 0.732400
vt 0.112480 0.797210
vt 0.199840 0.797210
vt 0.199850 0.788820
vt 0.121160 0.788820
vt 0.070690 0.776580
vt 0.057640 0.767600
vt 0.000220 0.797210
vt 0.047460 0.797210
vt 0.046510 0.756560
vt 0.037520 0.744100
vt 0.000150 0.732470
vt 0.000150 0.748850
vt 0.086140 0.783290
vt 0.070740 0.776610
vt 0.047550 0.797210
vt 0.064540 0.797210
vt 0.030560 0.730420
vt 0.022350 0.696070
vt 0.000150 0.696070
vt 0.000150 0.714560
vt 0.057590 0.767560
vt 0.046570 0.756630
vt 0.000150 0.748910
vt 0.000150 0.797180
vt 0.121070 0.197970
vt 0.112390 0.189580
vt 0.089190 0.189580
vt 0.108390 0.199350
vt 0.037470 0.242770
vt 0.000150 0.254390
vt 0.000150 0.272160
vt 0.030590 0.256290
vt 0.121150 0.197970
vt 0.199840 0.197970
vt 0.199840 0.189580
vt 0.112480 0.189580
vt 0.070680 0.210210
vt 0.047460 0.189580
vt 0.000220 0.189580
vt 0.057630 0.219190
vt 0.046500 0.230230
vt 0.000150 0.237940
vt 0.000150 0.254320
vt 0.037520 0.242690
vt 0.086130 0.203500
vt 0.064540 0.189580
vt 0.047550 0.189580
vt 0.070740 0.210170
vt 0.030560 0.256370
vt 0.000150 0.272230
vt 0.000150 0.290720
vt 0.022350 0.290720
vt 0.057580 0.219230
vt 0.000150 0.189610
vt 0.000150 0.237880
vt 0.046560 0.230160
vt 0.108300 0.787420
vt 0.086210 0.783310
vt 0.064650 0.797210
vt 0.089060 0.797210
vt 0.108290 0.199370
vt 0.089060 0.189580
vt 0.064650 0.189580
vt 0.086210 0.203480
vt 0.037480 0.648050
vt 0.000150 0.659670
vt 0.000150 0.677450
vt 0.030590 0.661580
vt 0.121160 0.603250
vt 0.186206 0.601940
vt 0.119243 0.601397
vt 0.199850 0.603250
vt 0.199849 0.602050
vt 0.046510 0.635510
vt 0.000150 0.643230
vt 0.000150 0.659610
vt 0.037520 0.647980
vt 0.030560 0.661660
vt 0.000150 0.677520
vt 0.000150 0.696010
vt 0.022350 0.696010
vt 0.057590 0.624510
vt 0.000150 0.643170
vt 0.046570 0.635450
vt 0.037470 0.338740
vt 0.030590 0.325220
vt 0.000150 0.309340
vt 0.000150 0.327120
vt 0.046500 0.351280
vt 0.037520 0.338820
vt 0.000150 0.327180
vt 0.000150 0.343570
vt 0.030560 0.325140
vt 0.022350 0.290780
vt 0.000150 0.290780
vt 0.000150 0.309280
vt 0.057580 0.362280
vt 0.046560 0.351350
vt 0.000150 0.343630
vt 0.321080 0.603260
vt 0.312390 0.594860
vt 0.289190 0.594860
vt 0.308400 0.604640
vt 0.237480 0.648050
vt 0.200150 0.659670
vt 0.200150 0.677450
vt 0.230600 0.661580
vt 0.312480 0.594860
vt 0.321160 0.603250
vt 0.399850 0.603250
vt 0.399840 0.594860
vt 0.270690 0.615490
vt 0.247460 0.594860
vt 0.200220 0.594860
vt 0.257640 0.624470
vt 0.246510 0.635510
vt 0.200150 0.643230
vt 0.200150 0.659610
vt 0.237520 0.647980
vt 0.286140 0.608790
vt 0.264540 0.594860
vt 0.247550 0.594860
vt 0.270750 0.615460
vt 0.230560 0.661660
vt 0.200150 0.677520
vt 0.200150 0.696010
vt 0.222350 0.696010
vt 0.257590 0.624510
vt 0.200150 0.594890
vt 0.200150 0.643170
vt 0.246570 0.635450
vt 0.721070 0.586170
vt 0.708400 0.584780
vt 0.689190 0.594560
vt 0.712400 0.594560
vt 0.637480 0.541370
vt 0.630590 0.527850
vt 0.600160 0.511980
vt 0.600160 0.529750
vt 0.721150 0.586170
vt 0.712480 0.594560
vt 0.799850 0.594560
vt 0.799850 0.586170
vt 0.670690 0.573930
vt 0.657640 0.564950
vt 0.600220 0.594560
vt 0.647460 0.594560
vt 0.646510 0.553910
vt 0.637520 0.541450
vt 0.600160 0.529820
vt 0.600160 0.546200
vt 0.686140 0.580640
vt 0.670740 0.573960
vt 0.647550 0.594560
vt 0.664550 0.594560
vt 0.630560 0.527770
vt 0.622350 0.493410
vt 0.600160 0.493410
vt 0.600160 0.511910
vt 0.657590 0.564910
vt 0.646570 0.553980
vt 0.600160 0.546260
vt 0.600160 0.594530
vt 0.321080 0.788820
vt 0.308400 0.787440
vt 0.289190 0.797210
vt 0.312390 0.797210
vt 0.308300 0.604660
vt 0.289060 0.594860
vt 0.264650 0.594860
vt 0.286210 0.608770
vt 0.708300 0.584770
vt 0.686210 0.580660
vt 0.664660 0.594560
vt 0.689060 0.594560
vt 0.237480 0.744020
vt 0.230600 0.730500
vt 0.200150 0.714630
vt 0.200150 0.732400
vt 0.312480 0.797210
vt 0.399840 0.797210
vt 0.399850 0.788820
vt 0.321160 0.788820
vt 0.270690 0.776580
vt 0.257640 0.767600
vt 0.200220 0.797210
vt 0.247460 0.797210
vt 0.246510 0.756560
vt 0.237520 0.744100
vt 0.200150 0.732470
vt 0.200150 0.748850
vt 0.286140 0.783290
vt 0.270750 0.776610
vt 0.247550 0.797210
vt 0.264540 0.797210
vt 0.230560 0.730420
vt 0.222350 0.696070
vt 0.200150 0.696070
vt 0.200150 0.714560
vt 0.257590 0.767560
vt 0.246570 0.756630
vt 0.200150 0.748910
vt 0.200150 0.797180
vt 0.721070 0.400600
vt 0.712400 0.392210
vt 0.689190 0.392210
vt 0.708400 0.401990
vt 0.637480 0.445400
vt 0.600160 0.457020
vt 0.600160 0.474800
vt 0.630590 0.458920
vt 0.721150 0.400600
vt 0.799850 0.400600
vt 0.799850 0.392210
vt 0.712480 0.392210
vt 0.670690 0.412840
vt 0.647460 0.392210
vt 0.600220 0.392210
vt 0.657640 0.421820
vt 0.646510 0.432860
vt 0.600160 0.440570
vt 0.600160 0.456960
vt 0.637520 0.445320
vt 0.686140 0.406130
vt 0.664550 0.392210
vt 0.647550 0.392210
vt 0.670740 0.412810
vt 0.630560 0.459000
vt 0.600160 0.474860
vt 0.600160 0.493360
vt 0.622350 0.493360
vt 0.657590 0.421860
vt 0.600160 0.392240
vt 0.600160 0.440510
vt 0.646570 0.432790
vt 0.321080 0.400620
vt 0.312390 0.392220
vt 0.289190 0.392220
vt 0.308400 0.402000
vt 0.308300 0.787420
vt 0.286210 0.783310
vt 0.264650 0.797210
vt 0.289060 0.797210
vt 0.708300 0.402000
vt 0.689060 0.392210
vt 0.664660 0.392210
vt 0.686210 0.406110
vt 0.237480 0.445410
vt 0.200150 0.457030
vt 0.200150 0.474810
vt 0.230600 0.458930
vt 0.312480 0.392220
vt 0.321160 0.400610
vt 0.399850 0.400610
vt 0.399840 0.392220
vt 0.270690 0.412850
vt 0.247460 0.392220
vt 0.200220 0.392220
vt 0.257640 0.421830
vt 0.246510 0.432870
vt 0.200150 0.440590
vt 0.200150 0.456970
vt 0.237520 0.445340
vt 0.286140 0.406150
vt 0.264540 0.392220
vt 0.247550 0.392220
vt 0.270750 0.412820
vt 0.230560 0.459020
vt 0.200150 0.474880
vt 0.200150 0.493370
vt 0.222350 0.493370
vt 0.257590 0.421870
vt 0.200150 0.392250
vt 0.200150 0.440530
vt 0.246570 0.432800
vt 0.478930 0.400610
vt 0.491600 0.402000
vt 0.510810 0.392220
vt 0.487610 0.392220
vt 0.562530 0.445410
vt 0.569410 0.458930
vt 0.599850 0.474810
vt 0.599850 0.457030
vt 0.478850 0.400610
vt 0.487520 0.392220
vt 0.400160 0.392220
vt 0.400160 0.400610
vt 0.529320 0.412850
vt 0.542370 0.421830
vt 0.599780 0.392220
vt 0.552540 0.392220
vt 0.553500 0.432870
vt 0.562480 0.445330
vt 0.599850 0.456970
vt 0.599850 0.440580
vt 0.513870 0.406140
vt 0.529260 0.412820
vt 0.552450 0.392220
vt 0.535460 0.392220
vt 0.569440 0.459010
vt 0.577650 0.493370
vt 0.599850 0.493370
vt 0.599850 0.474870
vt 0.542420 0.421870
vt 0.553440 0.432800
vt 0.599850 0.440520
vt 0.599850 0.392250
vt 0.308300 0.402010
vt 0.289060 0.392220
vt 0.264650 0.392220
vt 0.286210 0.406120
vt 0.491700 0.402010
vt 0.513790 0.406120
vt 0.535350 0.392220
vt 0.510940 0.392220
vt 0.237480 0.541380
vt 0.230600 0.527860
vt 0.200150 0.511980
vt 0.200150 0.529760
vt 0.268816 0.572651
vt 0.257640 0.564960
vt 0.242286 0.572878
vt 0.246510 0.553920
vt 0.237520 0.541460
vt 0.200150 0.529820
vt 0.200150 0.546210
vt 0.230560 0.527780
vt 0.222350 0.493430
vt 0.200150 0.493430
vt 0.200150 0.511920
vt 0.257590 0.564920
vt 0.246570 0.553990
vt 0.200150 0.546270
vt 0.562530 0.541380
vt 0.599850 0.529760
vt 0.599850 0.511980
vt 0.569410 0.527860
vt 0.532077 0.572043
vt 0.556490 0.572243
vt 0.542370 0.564960
vt 0.553500 0.553920
vt 0.599850 0.546210
vt 0.599850 0.529820
vt 0.562480 0.541460
vt 0.569440 0.527780
vt 0.599850 0.511920
vt 0.599850 0.493420
vt 0.577650 0.493420
vt 0.542420 0.564920
vt 0.599850 0.546270
vt 0.553440 0.553990
vt 0.878920 0.830180
vt 0.891620 0.831270
vt 0.910840 0.805900
vt 0.887600 0.805900
vt 0.962530 0.865280
vt 0.969410 0.875870
vt 0.999850 0.885060
vt 0.999850 0.868020
vt 0.887530 0.805900
vt 0.800150 0.805900
vt 0.800150 0.830180
vt 0.878860 0.830180
vt 0.929320 0.839770
vt 0.942360 0.846800
vt 0.999800 0.805900
vt 0.952530 0.805900
vt 0.953500 0.855460
vt 0.962480 0.865220
vt 0.999850 0.867960
vt 0.999850 0.852260
vt 0.913860 0.834510
vt 0.929260 0.839740
vt 0.952460 0.805900
vt 0.935440 0.805900
vt 0.969440 0.875940
vt 0.977650 0.902850
vt 0.999850 0.902850
vt 0.999850 0.885130
vt 0.942420 0.846840
vt 0.953440 0.855400
vt 0.999850 0.852200
vt 0.999850 0.805940
vt 0.807120 0.312350
vt 0.800150 0.320560
vt 0.800150 0.342460
vt 0.808260 0.324310
vt 0.844270 0.391350
vt 0.853900 0.426610
vt 0.868630 0.426610
vt 0.855460 0.397840
vt 0.807110 0.312270
vt 0.807110 0.237910
vt 0.800150 0.237910
vt 0.800150 0.320460
vt 0.817260 0.359960
vt 0.800150 0.381910
vt 0.800150 0.426540
vt 0.824700 0.372290
vt 0.833870 0.382820
vt 0.840260 0.426610
vt 0.853840 0.426610
vt 0.844190 0.391290
vt 0.811700 0.345370
vt 0.800150 0.365770
vt 0.800150 0.381820
vt 0.817230 0.359900
vt 0.855550 0.397880
vt 0.868700 0.426610
vt 0.884020 0.426610
vt 0.884020 0.405630
vt 0.824750 0.372340
vt 0.800190 0.426610
vt 0.840200 0.426610
vt 0.833800 0.382750
vt 0.878920 0.975580
vt 0.887600 0.999860
vt 0.910840 0.999860
vt 0.891620 0.974490
vt 0.891690 0.831270
vt 0.913800 0.834500
vt 0.935360 0.805900
vt 0.910910 0.805900
vt 0.808280 0.324430
vt 0.800150 0.342610
vt 0.800150 0.365650
vt 0.811680 0.345280
vt 0.962530 0.940480
vt 0.999850 0.937740
vt 0.999850 0.920690
vt 0.969410 0.929890
vt 0.887530 0.999860
vt 0.878860 0.975580
vt 0.800150 0.975580
vt 0.800150 0.999860
vt 0.929320 0.965990
vt 0.952530 0.999860
vt 0.999800 0.999860
vt 0.942360 0.958950
vt 0.953500 0.950300
vt 0.999850 0.953500
vt 0.999850 0.937790
vt 0.962480 0.940540
vt 0.913860 0.971250
vt 0.935440 0.999860
vt 0.952460 0.999860
vt 0.929260 0.966010
vt 0.969440 0.929810
vt 0.999850 0.920630
vt 0.999850 0.902910
vt 0.977650 0.902910
vt 0.942420 0.958920
vt 0.999850 0.999820
vt 0.999850 0.953550
vt 0.953440 0.950360
vt 0.960990 0.312350
vt 0.959840 0.324310
vt 0.967950 0.342460
vt 0.967950 0.320560
vt 0.923830 0.391350
vt 0.912640 0.397840
vt 0.899470 0.426610
vt 0.914200 0.426610
vt 0.960990 0.312270
vt 0.967950 0.320460
vt 0.967950 0.237910
vt 0.960990 0.237910
vt 0.950840 0.359970
vt 0.943400 0.372290
vt 0.967950 0.426540
vt 0.967950 0.381910
vt 0.934230 0.382820
vt 0.923910 0.391290
vt 0.914260 0.426610
vt 0.927840 0.426610
vt 0.956400 0.345370
vt 0.950870 0.359900
vt 0.967950 0.381820
vt 0.967950 0.365770
vt 0.912550 0.397880
vt 0.884080 0.405630
vt 0.884080 0.426610
vt 0.899400 0.426610
vt 0.943360 0.372340
vt 0.934300 0.382750
vt 0.927900 0.426610
vt 0.967920 0.426610
vt 0.815040 0.541220
vt 0.816040 0.529230
vt 0.800150 0.511010
vt 0.800150 0.532970
vt 0.891690 0.974480
vt 0.910910 0.999860
vt 0.935360 0.999860
vt 0.913800 0.971260
vt 0.959830 0.324430
vt 0.956420 0.345280
vt 0.967950 0.365650
vt 0.967950 0.342610
vt 0.847220 0.462310
vt 0.856910 0.455840
vt 0.868310 0.427110
vt 0.855550 0.427070
vt 0.800150 0.533030
vt 0.800150 0.615590
vt 0.815040 0.615650
vt 0.815040 0.541280
vt 0.823830 0.493620
vt 0.830280 0.481320
vt 0.800150 0.426950
vt 0.800150 0.471600
vt 0.838210 0.470820
vt 0.847150 0.462360
vt 0.855500 0.427070
vt 0.843740 0.427030
vt 0.819010 0.508210
vt 0.823810 0.493680
vt 0.800150 0.471680
vt 0.800150 0.487750
vt 0.856990 0.455810
vt 0.881640 0.448130
vt 0.881630 0.427150
vt 0.868370 0.427110
vt 0.830310 0.481260
vt 0.838150 0.470890
vt 0.843690 0.427030
vt 0.800180 0.426900
vt 0.139480 0.114830
vt 0.145470 0.106640
vt 0.145470 0.084740
vt 0.138490 0.102870
vt 0.107310 0.035740
vt 0.098920 0.000450
vt 0.086160 0.000410
vt 0.097610 0.029220
vt 0.139480 0.114920
vt 0.139480 0.189280
vt 0.145470 0.189290
vt 0.145470 0.106740
vt 0.130690 0.067200
vt 0.145470 0.045280
vt 0.145470 0.000660
vt 0.124250 0.054850
vt 0.116310 0.044300
vt 0.110730 0.000480
vt 0.098980 0.000450
vt 0.107370 0.035800
vt 0.135510 0.081810
vt 0.145470 0.061430
vt 0.145470 0.045380
vt 0.130720 0.067260
vt 0.097540 0.029180
vt 0.086110 0.000410
vt 0.072840 0.000370
vt 0.072880 0.021350
vt 0.124210 0.054800
vt 0.145440 0.000590
vt 0.110780 0.000480
vt 0.116370 0.044370
vt 0.948300 0.541630
vt 0.968600 0.533480
vt 0.968600 0.511520
vt 0.947300 0.529620
vt 0.816050 0.529150
vt 0.819000 0.508280
vt 0.800150 0.487840
vt 0.800150 0.510930
vt 0.138480 0.102750
vt 0.145470 0.084590
vt 0.145470 0.061550
vt 0.135530 0.081890
vt 0.916120 0.462520
vt 0.907770 0.427230
vt 0.895010 0.427190
vt 0.906420 0.456000
vt 0.968600 0.533550
vt 0.948300 0.541690
vt 0.948300 0.616060
vt 0.968600 0.616110
vt 0.939510 0.493980
vt 0.968600 0.472120
vt 0.968600 0.427470
vt 0.933060 0.481630
vt 0.925130 0.471080
vt 0.919580 0.427270
vt 0.907830 0.427230
vt 0.916190 0.462580
vt 0.944330 0.508600
vt 0.968600 0.488280
vt 0.968600 0.472190
vt 0.939530 0.494030
vt 0.906350 0.455960
vt 0.894960 0.427190
vt 0.881690 0.427150
vt 0.881700 0.448130
vt 0.933030 0.481580
vt 0.968570 0.427420
vt 0.919630 0.427270
vt 0.925190 0.471150
vt 0.006220 0.114420
vt 0.007220 0.102470
vt 0.000150 0.084290
vt 0.000150 0.106200
vt 0.038400 0.035530
vt 0.048100 0.029060
vt 0.059460 0.000330
vt 0.046700 0.000290
vt 0.006220 0.114510
vt 0.000150 0.106290
vt 0.000150 0.188840
vt 0.006220 0.188870
vt 0.015010 0.066840
vt 0.021460 0.054540
vt 0.000150 0.000220
vt 0.000150 0.044840
vt 0.029390 0.044030
vt 0.038330 0.035580
vt 0.046640 0.000290
vt 0.034890 0.000250
vt 0.010200 0.081420
vt 0.014990 0.066900
vt 0.000150 0.044940
vt 0.000150 0.060980
vt 0.048170 0.029030
vt 0.072830 0.021350
vt 0.072780 0.000370
vt 0.059510 0.000330
vt 0.021490 0.054480
vt 0.029330 0.044110
vt 0.034840 0.000250
vt 0.000180 0.000140
vt 0.815040 0.691300
vt 0.800150 0.699550
vt 0.800150 0.721500
vt 0.816040 0.703290
vt 0.947290 0.529560
vt 0.968600 0.511450
vt 0.968600 0.488350
vt 0.944340 0.508660
vt 0.007230 0.102350
vt 0.010180 0.081510
vt 0.000150 0.061100
vt 0.000150 0.084140
vt 0.847220 0.770200
vt 0.855550 0.805440
vt 0.868310 0.805400
vt 0.856910 0.776670
vt 0.800150 0.699480
vt 0.815040 0.691230
vt 0.815040 0.616860
vt 0.800150 0.616920
vt 0.823830 0.738890
vt 0.800150 0.760910
vt 0.800150 0.805560
vt 0.830280 0.751200
vt 0.838210 0.761700
vt 0.843740 0.805480
vt 0.855500 0.805440
vt 0.847150 0.770150
vt 0.819010 0.724300
vt 0.800150 0.744760
vt 0.800150 0.760830
vt 0.823810 0.738830
vt 0.856990 0.776700
vt 0.868370 0.805400
vt 0.881630 0.805360
vt 0.881640 0.784380
vt 0.830310 0.751250
vt 0.800180 0.805610
vt 0.843690 0.805480
vt 0.838150 0.761630
vt 0.939480 0.122930
vt 0.938490 0.134900
vt 0.945470 0.153030
vt 0.945470 0.131120
vt 0.907310 0.202030
vt 0.897610 0.208550
vt 0.886170 0.237360
vt 0.898920 0.237320
vt 0.939480 0.122850
vt 0.945470 0.131030
vt 0.945470 0.048480
vt 0.939480 0.048490
vt 0.930690 0.170570
vt 0.924250 0.182910
vt 0.945470 0.237100
vt 0.945470 0.192480
vt 0.916310 0.193470
vt 0.907370 0.201970
vt 0.898980 0.237320
vt 0.910730 0.237280
vt 0.935510 0.155960
vt 0.930720 0.170510
vt 0.945470 0.192380
vt 0.945470 0.176340
vt 0.897540 0.208590
vt 0.872880 0.216420
vt 0.872840 0.237400
vt 0.886110 0.237360
vt 0.924210 0.182970
vt 0.916370 0.193390
vt 0.910780 0.237280
vt 0.945440 0.237180
vt 0.948300 0.690890
vt 0.947300 0.702890
vt 0.968600 0.720990
vt 0.968600 0.699030
vt 0.816050 0.703360
vt 0.800150 0.721580
vt 0.800150 0.744680
vt 0.819000 0.724240
vt 0.938480 0.135010
vt 0.935530 0.155870
vt 0.945470 0.176220
vt 0.945470 0.153180
vt 0.916120 0.769990
vt 0.906420 0.776520
vt 0.895010 0.805320
vt 0.907770 0.805280
vt 0.968600 0.698970
vt 0.968600 0.616400
vt 0.948300 0.616460
vt 0.948300 0.690830
vt 0.939510 0.738530
vt 0.933060 0.750880
vt 0.968600 0.805050
vt 0.968600 0.760390
vt 0.925130 0.761430
vt 0.916190 0.769940
vt 0.907830 0.805280
vt 0.919580 0.805250
vt 0.944330 0.723920
vt 0.939530 0.738480
vt 0.968600 0.760320
vt 0.968600 0.744240
vt 0.906350 0.776550
vt 0.881700 0.784380
vt 0.881690 0.805360
vt 0.894960 0.805320
vt 0.933030 0.750930
vt 0.925190 0.761360
vt 0.919630 0.805250
vt 0.968570 0.805100
vt 0.806230 0.123340
vt 0.800150 0.131570
vt 0.800150 0.153480
vt 0.807220 0.135300
vt 0.838400 0.202240
vt 0.846700 0.237480
vt 0.859460 0.237440
vt 0.848100 0.208700
vt 0.806220 0.123250
vt 0.806220 0.048900
vt 0.800150 0.048930
vt 0.800150 0.131480
vt 0.815010 0.170930
vt 0.800150 0.192930
vt 0.800150 0.237550
vt 0.821460 0.183230
vt 0.829390 0.193730
vt 0.834890 0.237520
vt 0.846650 0.237480
vt 0.838330 0.202180
vt 0.810200 0.156340
vt 0.800150 0.176790
vt 0.800150 0.192830
vt 0.814990 0.170870
vt 0.848170 0.208740
vt 0.859510 0.237440
vt 0.872780 0.237400
vt 0.872830 0.216420
vt 0.821490 0.183290
vt 0.800180 0.237620
vt 0.834840 0.237520
vt 0.829330 0.193660
vt 0.947290 0.702950
vt 0.944340 0.723850
vt 0.968600 0.744160
vt 0.968600 0.721060
vt 0.807230 0.135420
vt 0.800150 0.153620
vt 0.800150 0.176660
vt 0.810180 0.156260
vt 0.310820 0.797500
vt 0.291600 0.807280
vt 0.278930 0.805900
vt 0.287610 0.797500
vt 0.121070 0.603260
vt 0.119223 0.601397
vt 0.119149 0.601401
vt 0.086140 0.608790
vt 0.074179 0.601047
vt 0.074132 0.601046
vt 0.086210 0.608770
vt 0.074240 0.601048
vt 0.011127 0.600538
vt 0.011102 0.600538
vt 0.057640 0.624470
vt 0.011237 0.600541
vt 0.118590 0.386017
vt 0.121070 0.383540
vt 0.118530 0.386021
vt 0.118503 0.386021
vt 0.073249 0.386386
vt 0.086130 0.378010
vt 0.073203 0.386387
vt 0.073136 0.386388
vt 0.009973 0.386900
vt 0.009950 0.386900
vt 0.009838 0.386904
vt 0.242190 0.572879
vt 0.242154 0.572880
vt 0.556523 0.572244
vt 0.556622 0.572245
vt 0.108400 0.604640
vt 0.101764 0.601261
vt 0.101718 0.601261
vt 0.108290 0.382140
vt 0.100512 0.386163
vt 0.108390 0.382150
vt 0.100381 0.386166
vt 0.100435 0.386166
vt 0.086210 0.378030
vt 0.089964 0.386251
vt 0.121150 0.383540
vt 0.142555 0.385822
vt 0.199840 0.383540
vt 0.111424 0.386078
vt 0.113852 0.601358
vt 0.070740 0.615460
vt 0.054336 0.600888
vt 0.054272 0.600888
vt 0.070680 0.371300
vt 0.053613 0.386544
vt 0.070740 0.371330
vt 0.108300 0.604660
vt 0.101633 0.601264
vt 0.092857 0.601193
vt 0.062674 0.386473
vt 0.053521 0.386545
vt 0.053588 0.386545
vt 0.057630 0.362320
vt 0.017613 0.386838
vt 0.064469 0.600967
vt 0.070690 0.615490
vt 0.054247 0.600888
vt 0.019856 0.600608
vt 0.199840 0.385356
vt 0.599850 0.572599
vt 0.200150 0.573251
vt 0.000150 0.386983
vt 0.000150 0.600456
s 1
usemtl mur-bas.008
f 1/1/1 2/2/2 3/3/3
f 1/1/1 3/3/3 4/4/4
f 5/5/5 6/6/6 7/7/7
f 5/5/5 7/7/7 8/8/5
f 9/9/8 10/10/9 11/11/10
f 9/9/8 11/11/10 12/12/11
f 13/13/12 14/14/13 15/15/14
f 13/13/12 15/15/14 16/16/15
f 17/17/16 18/18/17 19/19/18
f 17/17/16 19/19/18 20/20/19
f 21/21/20 22/22/21 23/23/22
f 21/21/20 23/23/22 24/24/23
f 25/25/24 26/26/25 27/27/26
f 25/25/24 27/27/26 28/28/27
f 29/29/28 30/30/29 31/31/30
f 29/29/28 31/31/30 32/32/31
f 33/33/32 34/34/33 35/35/34
f 33/33/32 35/35/34 36/36/33
f 37/37/29 38/38/35 39/39/35
f 37/37/29 39/39/35 40/40/36
f 41/41/37 42/42/38 43/43/39
f 41/41/37 43/43/39 44/44/40
f 45/45/41 46/46/42 47/47/43
f 45/45/41 47/47/43 48/48/44
f 49/49/45 50/50/46 51/51/47
f 49/49/45 51/51/47 52/52/48
f 53/53/49 54/54/44 55/55/50
f 53/53/49 55/55/50 56/56/49
f 57/57/51 58/58/52 59/59/53
f 57/57/51 59/59/53 60/60/42
f 61/61/54 62/62/55 63/63/56
f 61/61/54 63/63/56 64/64/57
f 65/65/58 66/66/59 67/67/60
f 65/65/58 67/67/60 68/68/61
f 69/69/49 70/70/62 71/71/63
f 69/69/49 71/71/63 72/72/64
f 73/73/65 74/74/66 75/75/67
f 73/73/65 75/75/67 76/76/68
f 77/77/69 78/78/70 79/79/71
f 77/77/69 79/79/71 80/80/71
f 81/81/72 82/82/73 83/83/74
f 81/81/72 83/83/74 84/84/75
f 85/85/76 86/86/77 87/87/78
f 85/85/76 87/87/78 88/88/79
f 89/89/80 90/90/81 91/91/82
f 89/89/80 91/91/82 92/92/83
f 93/93/84 94/94/85 95/95/86
f 93/93/84 95/95/86 96/96/87
f 97/97/88 98/98/89 99/99/90
f 97/97/88 99/99/90 100/100/91
f 101/101/92 102/102/93 103/103/94
f 101/101/92 103/103/94 104/104/95
f 105/105/49 106/106/96 107/107/96
f 105/105/49 107/107/96 108/108/97
f 109/109/93 110/110/98 111/111/93
f 109/109/93 111/111/93 112/112/93
f 113/113/99 114/114/100 115/115/44
f 113/113/99 115/115/44 116/116/101
f 117/117/31 118/118/33 119/119/102
f 117/117/31 119/119/102 120/120/32
f 121/121/103 122/122/104 123/123/105
f 121/121/103 123/123/105 124/124/106
f 125/125/107 126/126/96 127/127/33
f 125/125/107 127/127/33 128/128/96
f 129/129/108 130/130/109 131/131/105
f 129/129/108 131/131/105 132/132/110
f 133/133/111 134/134/112 135/135/113
f 133/133/111 135/135/113 136/136/114
f 137/137/115 138/138/116 139/139/117
f 137/137/115 139/139/117 140/140/118
f 141/141/119 142/142/106 143/143/120
f 141/141/119 143/143/120 144/144/121
f 145/145/122 146/146/123 147/147/124
f 145/145/122 147/147/124 148/148/125
f 149/149/126 150/150/5 151/151/5
f 149/149/126 151/151/5 152/152/127
f 153/153/128 154/154/129 155/155/130
f 153/153/128 155/155/130 156/156/131
f 157/157/132 158/158/133 159/159/134
f 157/157/132 159/159/134 160/160/135
f 161/161/136 162/162/137 163/163/138
f 161/161/136 163/163/138 164/164/139
f 165/165/140 166/166/141 167/167/142
f 165/165/140 167/167/142 168/168/143
f 169/169/144 170/170/145 171/171/146
f 169/169/144 171/171/146 172/172/147
f 173/173/47 174/174/148 175/175/149
f 173/173/47 175/175/149 176/176/150
f 177/177/151 178/178/94 179/179/33
f 177/177/151 179/179/33 180/180/33
f 181/181/152 182/182/153 183/183/153
f 181/181/152 183/183/153 184/184/154
f 185/185/155 186/186/109 187/187/156
f 185/185/155 187/187/156 188/188/157
f 189/189/158 190/190/44 191/191/159
f 189/189/158 191/191/159 192/192/160
f 193/193/161 194/194/162 195/195/163
f 193/193/161 195/195/163 196/196/64
f 197/197/49 198/198/49 199/199/164
f 197/197/49 199/199/164 200/200/99
f 201/201/165 202/202/155 203/203/94
f 201/201/165 203/203/94 204/204/42
f 207/205/166 208/206/167 209/207/168
f 207/205/166 209/207/168 210/208/169
f 211/209/110 212/210/170 213/211/171
f 211/209/110 213/211/171 214/212/172
f 215/213/173 216/214/174 217/215/175
f 215/213/173 217/215/175 218/216/176
f 219/217/177 984/218/178 985/219/179
f 984/218/178 220/220/71 997/221/71
f 223/222/180 224/223/181 225/224/182
f 223/222/180 225/224/182 226/225/183
f 229/226/184 230/227/185 231/228/87
f 229/226/184 231/228/87 232/229/186
f 233/230/187 234/231/188 235/232/189
f 238/233/190 239/234/191 240/235/44
f 238/233/190 240/235/44 241/236/192
f 246/237/193 247/238/44 248/239/102
f 246/237/193 248/239/102 249/240/194
f 252/241/50 253/242/195 254/243/196
f 252/241/50 254/243/196 255/244/165
f 256/245/197 257/246/109 258/247/198
f 263/248/199 264/249/200 265/250/201
f 263/248/199 265/250/201 266/251/202
f 267/252/203 268/253/204 269/254/205
f 267/252/203 269/254/205 270/255/206
f 271/256/207 272/257/208 273/258/209
f 271/256/207 273/258/209 274/259/209
f 275/260/210 276/261/211 277/262/212
f 275/260/210 277/262/212 278/263/213
f 279/264/214 280/265/215 281/266/216
f 279/264/214 281/266/216 282/267/217
f 283/268/218 284/269/219 285/270/220
f 283/268/218 285/270/220 286/271/221
f 287/272/222 288/273/223 289/274/224
f 287/272/222 289/274/224 290/275/225
f 291/276/226 292/277/227 293/278/228
f 291/276/226 293/278/228 294/279/229
f 295/280/230 296/281/231 297/282/232
f 295/280/230 297/282/232 298/283/233
f 299/284/234 300/285/235 301/286/236
f 299/284/234 301/286/236 302/287/237
f 303/288/238 304/289/239 305/290/240
f 303/288/238 305/290/240 306/291/240
f 307/292/241 308/293/242 309/294/243
f 307/292/241 309/294/243 310/295/244
f 311/296/245 312/297/246 313/298/247
f 311/296/245 313/298/247 314/299/235
f 315/300/248 316/301/247 317/302/249
f 315/300/248 317/302/249 318/303/250
f 319/304/251 320/305/235 321/306/252
f 319/304/251 321/306/252 322/307/235
f 323/308/253 324/309/248 325/310/254
f 323/308/253 325/310/254 326/311/255
f 327/312/256 328/313/257 329/314/258
f 327/312/256 329/314/258 330/315/259
f 331/316/260 332/317/261 333/318/262
f 331/316/260 333/318/262 334/319/263
f 335/320/252 336/321/264 337/322/265
f 335/320/252 337/322/265 338/323/266
f 339/324/267 340/325/268 341/326/269
f 339/324/267 341/326/269 342/327/270
f 343/328/271 344/329/272 345/330/272
f 343/328/271 345/330/272 346/331/273
f 347/332/274 348/333/275 349/334/276
f 347/332/274 349/334/276 350/335/277
f 351/336/278 352/337/279 353/338/280
f 351/336/278 353/338/280 354/339/281
f 355/340/282 356/341/283 357/342/284
f 355/340/282 357/342/284 358/343/285
f 359/344/286 360/345/287 361/346/288
f 359/344/286 361/346/288 362/347/289
f 363/348/290 364/349/291 365/350/292
f 363/348/290 365/350/292 366/351/293
f 367/352/294 368/353/295 369/354/296
f 367/352/294 369/354/296 370/355/297
f 371/356/298 372/357/251 373/358/299
f 371/356/298 373/358/299 374/359/300
f 375/360/301 376/361/301 377/362/301
f 375/360/301 377/362/301 378/363/302
f 379/364/303 380/365/304 381/366/302
f 379/364/303 381/366/302 382/367/305
f 383/368/306 384/369/306 385/370/248
f 383/368/306 385/370/248 386/371/300
f 387/372/307 388/373/247 389/374/308
f 387/372/307 389/374/308 390/375/303
f 391/376/309 392/377/310 393/378/252
f 391/376/309 393/378/252 394/379/311
f 395/380/244 396/381/306 397/382/303
f 395/380/244 397/382/303 398/383/306
f 399/384/312 400/385/313 401/386/314
f 399/384/312 401/386/314 402/387/315
f 403/388/316 404/389/317 405/390/318
f 403/388/316 405/390/318 406/391/319
f 407/392/295 408/393/320 409/394/244
f 407/392/295 409/394/244 410/395/321
f 411/396/322 412/397/323 413/398/324
f 411/396/322 413/398/324 414/399/325
f 415/400/326 416/401/327 417/402/209
f 415/400/326 417/402/209 418/403/209
f 419/404/328 420/405/329 421/406/330
f 419/404/328 421/406/330 422/407/331
f 423/408/332 424/409/333 425/410/334
f 423/408/332 425/410/334 426/411/335
f 427/412/336 428/413/337 429/414/338
f 427/412/336 429/414/338 430/415/339
f 431/416/340 432/417/341 433/418/342
f 431/416/340 433/418/342 434/419/343
f 435/420/344 436/421/345 437/422/346
f 435/420/344 437/422/346 438/423/347
f 439/424/348 440/425/243 441/426/231
f 439/424/348 441/426/231 442/427/349
f 443/428/350 444/429/351 445/430/235
f 443/428/350 445/430/235 446/431/251
f 447/432/352 448/433/352 449/434/266
f 447/432/352 449/434/266 450/435/266
f 451/436/303 452/437/248 453/438/353
f 451/436/303 453/438/353 454/439/354
f 455/440/355 456/441/356 457/442/248
f 455/440/355 457/442/248 458/443/246
f 459/444/357 460/445/236 461/446/244
f 459/444/357 461/446/244 462/447/250
f 463/448/358 464/449/252 465/450/311
f 463/448/358 465/450/311 466/451/359
f 467/452/251 468/453/299 469/454/240
f 467/452/251 469/454/240 470/455/360
f 471/456/361 472/457/261 473/458/362
f 471/456/361 473/458/362 474/459/363
f 475/460/364 476/461/243 477/462/365
f 475/460/364 477/462/365 478/463/366
f 479/464/367 480/465/368 481/466/369
f 479/464/367 481/466/369 482/467/370
f 959/468/371 483/469/372 968/470/373
f 484/471/374 485/472/375 486/473/376
f 484/471/374 486/473/376 487/474/377
f 488/475/378 489/476/379 490/477/380
f 488/475/378 490/477/380 491/478/381
f 492/479/382 493/480/383 494/481/384
f 495/482/235 496/483/248 497/484/231
f 495/482/235 497/484/231 498/485/311
f 961/486/305 977/487/385 499/488/386
f 500/489/387 501/490/303 502/491/248
f 500/489/387 502/491/248 503/492/300
f 504/493/249 505/494/299 506/495/311
f 504/493/249 506/495/311 507/496/388
f 508/497/236 509/498/309 510/499/251
f 511/500/389 512/501/390 513/502/391
f 511/500/389 513/502/391 514/503/392
f 515/504/393 516/505/394 517/506/395
f 515/504/393 517/506/395 518/507/396
f 519/508/397 520/509/398 521/510/398
f 519/508/397 521/510/398 522/511/399
f 523/512/400 524/513/401 525/514/402
f 523/512/400 525/514/402 526/515/403
f 527/516/404 528/517/405 529/518/406
f 527/516/404 529/518/406 530/519/407
f 531/520/408 532/521/409 533/522/399
f 531/520/408 533/522/399 534/523/410
f 535/524/411 536/525/412 537/526/413
f 535/524/411 537/526/413 538/527/414
f 539/528/415 540/529/416 541/530/407
f 539/528/415 541/530/407 542/531/417
f 543/532/418 544/533/419 545/534/420
f 543/532/418 545/534/420 546/535/421
f 547/536/422 548/537/423 549/538/424
f 547/536/422 549/538/424 550/539/421
f 551/540/425 552/541/421 553/542/421
f 551/540/425 553/542/421 554/543/426
f 555/544/427 556/545/428 557/546/420
f 555/544/427 557/546/420 558/547/429
f 559/548/430 560/549/431 561/550/432
f 559/548/430 561/550/432 562/551/433
f 563/552/434 564/553/421 565/554/433
f 563/552/434 565/554/433 566/555/423
f 567/556/435 568/557/436 569/558/437
f 567/556/435 569/558/437 570/559/438
f 571/560/439 572/561/440 573/562/441
f 571/560/439 573/562/441 574/563/442
f 575/564/443 576/565/444 577/566/445
f 575/564/443 577/566/445 578/567/446
f 579/568/447 580/569/448 581/570/449
f 579/568/447 581/570/449 582/571/450
f 583/572/420 584/573/421 585/574/451
f 583/572/420 585/574/451 586/575/442
f 587/576/452 588/577/453 589/578/454
f 587/576/452 589/578/454 590/579/455
f 591/580/444 592/581/456 593/582/398
f 591/580/444 593/582/398 594/583/398
f 595/584/457 596/585/458 597/586/459
f 595/584/457 597/586/459 598/587/398
f 599/588/460 600/589/461 601/590/462
f 599/588/460 601/590/462 602/591/412
f 603/592/463 604/593/464 605/594/465
f 603/592/463 605/594/465 606/595/466
f 607/596/467 608/597/468 609/598/469
f 607/596/467 609/598/469 610/599/412
f 611/600/398 612/601/470 613/602/471
f 611/600/398 613/602/471 614/603/472
f 615/604/473 616/605/474 617/606/475
f 615/604/473 617/606/475 618/607/476
f 619/608/442 620/609/477 621/610/478
f 619/608/442 621/610/478 622/611/421
f 623/612/479 624/613/480 625/614/421
f 623/612/479 625/614/421 626/615/421
f 627/616/481 628/617/475 629/618/482
f 627/616/481 629/618/482 630/619/421
f 631/620/478 632/621/442 633/622/439
f 631/620/478 633/622/439 634/623/483
f 635/624/484 636/625/485 637/626/486
f 635/624/484 637/626/486 638/627/487
f 639/628/488 640/629/489 641/630/490
f 639/628/488 641/630/490 642/631/487
f 643/632/491 644/633/421 645/634/483
f 643/632/491 645/634/483 646/635/492
f 647/636/493 648/637/493 649/638/494
f 647/636/493 649/638/494 650/639/495
f 651/640/496 652/641/444 653/642/444
f 651/640/496 653/642/444 654/643/497
f 655/644/498 656/645/421 657/646/499
f 655/644/498 657/646/499 658/647/421
f 659/648/500 660/649/501 661/650/500
f 659/648/500 661/650/500 662/651/502
f 663/652/503 664/653/495 665/654/495
f 663/652/503 665/654/495 666/655/504
f 667/656/505 668/657/506 669/658/507
f 667/656/505 669/658/507 670/659/508
f 671/660/509 672/661/510 673/662/511
f 671/660/509 673/662/511 674/663/512
f 675/664/513 676/665/514 677/666/515
f 675/664/513 677/666/515 678/667/516
f 679/668/517 680/669/518 681/670/519
f 679/668/517 681/670/519 682/671/520
f 683/672/521 684/673/522 685/674/523
f 683/672/521 685/674/523 686/675/524
f 687/676/525 688/677/526 689/678/527
f 687/676/525 689/678/527 690/679/528
f 691/680/529 692/681/530 693/682/531
f 691/680/529 693/682/531 694/683/532
f 695/684/533 696/685/534 697/686/534
f 695/684/533 697/686/534 698/687/535
f 699/688/536 700/689/537 701/690/538
f 699/688/536 701/690/538 702/691/539
f 703/692/540 704/693/541 705/694/542
f 703/692/540 705/694/542 706/695/543
f 707/696/544 708/697/545 709/698/546
f 707/696/544 709/698/546 710/699/547
f 711/700/548 712/701/549 713/702/550
f 711/700/548 713/702/550 714/703/551
f 715/704/552 716/705/553 717/706/554
f 715/704/552 717/706/554 718/707/555
f 719/708/556 720/709/557 721/710/558
f 719/708/556 721/710/558 722/711/559
f 723/712/560 724/713/561 725/714/562
f 723/712/560 725/714/562 726/715/561
f 727/716/563 728/717/564 729/718/565
f 727/716/563 729/718/565 730/719/566
f 731/720/567 732/721/520 733/722/500
f 731/720/567 733/722/500 734/723/568
f 735/724/569 736/725/570 737/726/571
f 735/724/569 737/726/571 738/727/571
f 739/728/572 740/729/573 741/730/574
f 739/728/572 741/730/574 742/731/575
f 743/732/576 744/733/577 745/734/578
f 743/732/576 745/734/578 746/735/579
f 747/736/580 748/737/581 749/738/582
f 747/736/580 749/738/582 750/739/583
f 751/740/584 752/741/585 753/742/586
f 751/740/584 753/742/586 754/743/587
f 755/744/588 756/745/574 757/746/589
f 755/744/588 757/746/589 758/747/590
f 759/748/591 760/749/592 761/750/593
f 759/748/591 761/750/593 762/751/594
f 763/752/595 764/753/596 765/754/597
f 763/752/595 765/754/597 766/755/598
f 767/756/599 768/757/600 769/758/601
f 767/756/599 769/758/601 770/759/601
f 771/760/602 772/761/603 773/762/604
f 771/760/602 773/762/604 774/763/605
f 775/764/606 776/765/607 777/766/608
f 775/764/606 777/766/608 778/767/609
f 779/768/610 780/769/611 781/770/612
f 779/768/610 781/770/612 782/771/613
f 783/772/614 784/773/615 785/774/616
f 783/772/614 785/774/616 786/775/617
f 787/776/618 788/777/619 789/778/620
f 787/776/618 789/778/620 790/779/621
f 791/780/622 792/781/623 793/782/624
f 791/780/622 793/782/624 794/783/625
f 795/784/626 796/785/627 797/786/628
f 795/784/626 797/786/628 798/787/629
f 799/788/630 800/789/631 801/790/632
f 799/788/630 801/790/632 802/791/633
f 803/792/634 804/793/635 805/794/636
f 803/792/634 805/794/636 806/795/637
f 807/796/638 808/797/639 809/798/640
f 807/796/638 809/798/640 810/799/640
f 811/800/641 812/801/642 813/802/643
f 811/800/641 813/802/643 814/803/644
f 815/804/645 816/805/646 817/806/647
f 815/804/645 817/806/647 818/807/648
f 819/808/649 820/809/650 821/810/651
f 819/808/649 821/810/651 822/811/652
f 823/812/653 824/813/654 825/814/655
f 823/812/653 825/814/655 826/815/656
f 827/816/657 828/817/658 829/818/659
f 827/816/657 829/818/659 830/819/660
f 831/820/661 832/821/662 833/822/663
f 831/820/661 833/822/663 834/823/664
f 835/824/665 836/825/666 837/826/667
f 835/824/665 837/826/667 838/827/668
f 839/828/669 840/829/670 841/830/671
f 839/828/669 841/830/671 842/831/671
f 843/832/672 844/833/673 845/834/674
f 843/832/672 845/834/674 846/835/675
f 847/836/676 848/837/677 849/838/678
f 847/836/676 849/838/678 850/839/679
f 851/840/680 852/841/681 853/842/682
f 851/840/680 853/842/682 854/843/683
f 855/844/684 856/845/685 857/846/686
f 855/844/684 857/846/686 858/847/687
f 859/848/688 860/849/689 861/850/690
f 859/848/688 861/850/690 862/851/691
f 863/852/692 864/853/693 865/854/694
f 863/852/692 865/854/694 866/855/695
f 867/856/696 868/857/639 869/858/697
f 867/856/696 869/858/697 870/859/698
f 871/860/699 872/861/700 873/862/701
f 871/860/699 873/862/701 874/863/702
f 875/864/703 876/865/704 877/866/635
f 875/864/703 877/866/635 878/867/705
f 879/868/706 880/869/707 881/870/707
f 879/868/706 881/870/707 882/871/708
f 883/872/709 884/873/710 885/874/711
f 883/872/709 885/874/711 886/875/712
f 887/876/713 888/877/647 889/878/714
f 887/876/713 889/878/714 890/879/715
f 891/880/716 892/881/717 893/882/718
f 891/880/716 893/882/718 894/883/719
f 895/884/720 896/885/721 897/886/656
f 895/884/720 897/886/656 898/887/722
f 899/888/723 900/889/724 901/890/725
f 899/888/723 901/890/725 902/891/726
f 903/892/727 904/893/728 905/894/729
f 903/892/727 905/894/729 906/895/730
f 907/896/731 908/897/732 909/898/733
f 907/896/731 909/898/733 910/899/734
f 911/900/735 912/901/736 913/902/736
f 911/900/735 913/902/736 914/903/737
f 915/904/738 916/905/739 917/906/740
f 915/904/738 917/906/740 918/907/741
f 919/908/742 920/909/743 921/910/744
f 919/908/742 921/910/744 922/911/745
f 923/912/746 924/913/747 925/914/748
f 923/912/746 925/914/748 926/915/749
f 927/916/750 928/917/751 929/918/752
f 927/916/750 929/918/752 930/919/753
f 931/920/754 932/921/755 933/922/756
f 931/920/754 933/922/756 934/923/757
f 935/924/758 936/925/759 937/926/760
f 935/924/758 937/926/760 938/927/761
f 939/928/762 940/929/763 941/930/764
f 939/928/762 941/930/764 942/931/765
f 1/1/1 4/4/4 15/15/14
f 1/1/1 15/15/14 14/14/13
f 27/27/26 26/26/25 13/13/12
f 27/27/26 13/13/12 16/16/15
f 23/23/22 22/22/21 96/96/87
f 23/23/22 96/96/87 95/95/86
f 65/65/58 68/68/61 943/932/766
f 65/65/58 943/932/766 944/933/767
f 7/7/7 6/6/6 945/934/768
f 7/7/7 945/934/768 946/935/769
f 9/9/8 12/12/11 19/19/18
f 9/9/8 19/19/18 18/18/17
f 67/67/60 66/66/59 17/17/16
f 67/67/60 17/17/16 20/20/19
f 11/11/10 10/10/9 25/25/24
f 11/11/10 25/25/24 28/28/27
f 21/21/20 24/24/23 3/3/3
f 21/21/20 3/3/3 2/2/2
f 48/48/44 47/47/43 34/34/33
f 48/48/44 34/34/33 33/33/32
f 46/46/42 45/45/41 60/60/42
f 46/46/42 60/60/42 59/59/53
f 127/127/33 126/126/96 56/56/49
f 127/127/33 56/56/49 55/55/50
f 32/32/31 31/31/30 70/70/62
f 32/32/31 70/70/62 69/69/49
f 30/30/29 29/29/28 37/37/29
f 30/30/29 37/37/29 40/40/36
f 52/52/48 51/51/47 42/42/38
f 52/52/48 42/42/38 41/41/37
f 50/50/46 49/49/45 72/72/64
f 50/50/46 72/72/64 71/71/63
f 58/58/52 57/57/51 44/44/40
f 58/58/52 44/44/40 43/43/39
f 36/36/33 35/35/34 54/54/44
f 36/36/33 54/54/44 53/53/49
f 88/88/79 87/87/78 74/74/66
f 88/88/79 74/74/66 73/73/65
f 86/86/77 85/85/76 100/100/91
f 86/86/77 100/100/91 99/99/90
f 64/64/57 63/63/56 138/138/116
f 64/64/57 138/138/116 137/137/115
f 62/62/55 61/61/54 78/78/70
f 62/62/55 78/78/70 77/77/69
f 92/92/83 91/91/82 82/82/73
f 92/92/83 82/82/73 81/81/72
f 90/90/81 89/89/80 140/140/118
f 90/90/81 140/140/118 139/139/117
f 98/98/89 97/97/88 84/84/75
f 98/98/89 84/84/75 83/83/74
f 76/76/68 75/75/67 94/94/85
f 76/76/68 94/94/85 93/93/84
f 105/105/49 108/108/97 119/119/102
f 105/105/49 119/119/102 118/118/33
f 131/131/105 130/130/109 117/117/31
f 131/131/105 117/117/31 120/120/32
f 141/141/119 144/144/121 103/103/94
f 141/141/119 103/103/94 102/102/93
f 110/110/98 109/109/93 101/101/92
f 110/110/98 101/101/92 104/104/95
f 113/113/99 116/116/101 123/123/105
f 113/113/99 123/123/105 122/122/104
f 143/143/120 142/142/106 121/121/103
f 143/143/120 121/121/103 124/124/106
f 115/115/44 114/114/100 129/129/108
f 115/115/44 129/129/108 132/132/110
f 125/125/107 128/128/96 107/107/96
f 125/125/107 107/107/96 106/106/96
f 145/145/122 148/148/125 159/159/134
f 145/145/122 159/159/134 158/158/133
f 171/171/146 170/170/145 157/157/132
f 171/171/146 157/157/132 160/160/135
f 167/167/142 166/166/141 232/229/186
f 167/167/142 232/229/186 231/228/87
f 207/205/166 210/208/169 135/135/113
f 207/205/166 135/135/113 134/134/112
f 149/149/126 152/152/127 133/133/111
f 149/149/126 133/133/111 136/136/114
f 153/153/128 156/156/131 163/163/138
f 153/153/128 163/163/138 162/162/137
f 209/207/168 208/206/167 161/161/136
f 209/207/168 161/161/136 164/164/139
f 155/155/130 154/154/129 169/169/144
f 155/155/130 169/169/144 172/172/147
f 165/165/140 168/168/143 147/147/124
f 165/165/140 147/147/124 146/146/123
f 192/192/160 191/191/159 178/178/94
f 192/192/160 178/178/94 177/177/151
f 190/190/44 189/189/158 204/204/42
f 190/190/44 204/204/42 203/203/94
f 254/243/196 253/242/195 200/200/99
f 254/243/196 200/200/99 199/199/164
f 176/176/150 175/175/149 212/210/170
f 176/176/150 212/210/170 211/209/110
f 174/174/148 173/173/47 181/181/152
f 174/174/148 181/181/152 184/184/154
f 196/196/64 195/195/163 186/186/109
f 196/196/64 186/186/109 185/185/155
f 194/194/162 193/193/161 214/212/172
f 194/194/162 214/212/172 213/211/171
f 202/202/155 201/201/165 188/188/157
f 202/202/155 188/188/157 187/187/156
f 180/180/33 179/179/33 198/198/49
f 180/180/33 198/198/49 197/197/49
f 226/225/183 225/224/182 216/214/174
f 226/225/183 216/214/174 215/213/173
f 224/223/181 223/222/180 235/232/189
f 224/223/181 235/232/189 234/231/188
f 205/936/770 995/937/771 983/938/772
f 995/937/771 219/217/177 985/219/179
f 227/939/773 971/940/774 950/941/775
f 971/940/774 260/942/776 975/943/777
f 233/230/187 980/944/778 951/945/779
f 980/944/778 222/946/780 972/947/781
f 218/216/176 217/215/175 230/227/185
f 218/216/176 230/227/185 229/226/184
f 238/233/190 241/236/192 248/239/102
f 238/233/190 248/239/102 247/238/44
f 258/247/198 257/246/109 246/237/193
f 258/247/198 246/237/193 249/240/194
f 989/948/782 236/949/783 992/950/784
f 992/950/784 236/949/783 987/951/785
f 994/952/786 250/953/787 964/954/788
f 964/954/788 250/953/787 955/955/789
f 966/956/790 256/245/197 978/957/791
f 978/957/791 256/245/197 956/958/45
f 252/241/50 255/244/165 240/235/44
f 252/241/50 240/235/44 239/234/191
f 282/267/217 281/266/216 268/253/204
f 282/267/217 268/253/204 267/252/203
f 280/265/215 279/264/214 294/279/229
f 280/265/215 294/279/229 293/278/228
f 361/346/288 360/345/287 290/275/225
f 361/346/288 290/275/225 289/274/224
f 266/251/202 265/250/201 332/317/261
f 266/251/202 332/317/261 331/316/260
f 264/249/200 263/248/199 272/257/208
f 264/249/200 272/257/208 271/256/207
f 286/271/221 285/270/220 276/261/211
f 286/271/221 276/261/211 275/260/210
f 284/269/219 283/268/218 334/319/263
f 284/269/219 334/319/263 333/318/262
f 292/277/227 291/276/226 278/263/213
f 292/277/227 278/263/213 277/262/212
f 270/255/206 269/254/205 288/273/223
f 270/255/206 288/273/223 287/272/222
f 299/284/234 302/287/237 313/298/247
f 299/284/234 313/298/247 312/297/246
f 325/310/254 324/309/248 311/296/245
f 325/310/254 311/296/245 314/299/235
f 321/306/252 320/305/235 394/379/311
f 321/306/252 394/379/311 393/378/252
f 335/320/252 338/323/266 297/282/232
f 335/320/252 297/282/232 296/281/231
f 304/289/239 303/288/238 295/280/230
f 304/289/239 295/280/230 298/283/233
f 307/292/241 310/295/244 317/302/249
f 307/292/241 317/302/249 316/301/247
f 337/322/265 336/321/264 315/300/248
f 337/322/265 315/300/248 318/303/250
f 309/294/243 308/293/242 323/308/253
f 309/294/243 323/308/253 326/311/255
f 319/304/251 322/307/235 301/286/236
f 319/304/251 301/286/236 300/285/235
f 339/324/267 342/327/270 353/338/280
f 339/324/267 353/338/280 352/337/279
f 365/350/292 364/349/291 351/336/278
f 365/350/292 351/336/278 354/339/281
f 403/388/316 406/391/319 329/314/258
f 403/388/316 329/314/258 328/313/257
f 343/328/271 346/331/273 327/312/256
f 343/328/271 327/312/256 330/315/259
f 347/332/274 350/335/277 357/342/284
f 347/332/274 357/342/284 356/341/283
f 405/390/318 404/389/317 355/340/282
f 405/390/318 355/340/282 358/343/285
f 349/334/276 348/333/275 363/348/290
f 349/334/276 363/348/290 366/351/293
f 359/344/286 362/347/289 341/326/269
f 359/344/286 341/326/269 340/325/268
f 386/371/300 385/370/248 372/357/251
f 386/371/300 372/357/251 371/356/298
f 384/369/306 383/368/306 398/383/306
f 384/369/306 398/383/306 397/382/303
f 370/355/297 369/354/296 408/393/320
f 370/355/297 408/393/320 407/392/295
f 368/353/295 367/352/294 375/360/301
f 368/353/295 375/360/301 378/363/302
f 390/375/303 389/374/308 380/365/304
f 390/375/303 380/365/304 379/364/303
f 388/373/247 387/372/307 410/395/321
f 388/373/247 410/395/321 409/394/244
f 396/381/306 395/380/244 382/367/305
f 396/381/306 382/367/305 381/366/302
f 374/359/300 373/358/299 392/377/310
f 374/359/300 392/377/310 391/376/309
f 426/411/335 425/410/334 412/397/323
f 426/411/335 412/397/323 411/396/322
f 424/409/333 423/408/332 438/423/347
f 424/409/333 438/423/347 437/422/346
f 490/477/380 489/476/379 434/419/343
f 490/477/380 434/419/343 433/418/342
f 402/387/315 401/386/314 472/457/261
f 402/387/315 472/457/261 471/456/361
f 400/385/313 399/384/312 416/401/327
f 400/385/313 416/401/327 415/400/326
f 430/415/339 429/414/338 420/405/329
f 430/415/339 420/405/329 419/404/328
f 428/413/337 427/412/336 474/459/363
f 428/413/337 474/459/363 473/458/362
f 436/421/345 435/420/344 422/407/331
f 436/421/345 422/407/331 421/406/330
f 414/399/325 413/398/324 432/417/341
f 414/399/325 432/417/341 431/416/340
f 443/428/350 446/431/251 457/442/248
f 443/428/350 457/442/248 456/441/356
f 469/454/240 468/453/299 455/440/355
f 469/454/240 455/440/355 458/443/246
f 465/450/311 464/449/252 507/496/388
f 465/450/311 507/496/388 506/495/311
f 475/460/364 478/463/366 441/426/231
f 475/460/364 441/426/231 440/425/243
f 448/433/352 447/432/352 439/424/348
f 448/433/352 439/424/348 442/427/349
f 451/436/303 454/439/354 461/446/244
f 451/436/303 461/446/244 460/445/236
f 477/462/365 476/461/243 459/444/357
f 477/462/365 459/444/357 462/447/250
f 453/438/353 452/437/248 467/452/251
f 453/438/353 467/452/251 470/455/360
f 463/448/358 466/451/359 445/430/235
f 463/448/358 445/430/235 444/429/351
f 479/464/367 482/467/370 486/473/376
f 479/464/367 486/473/376 485/472/375
f 494/481/384 493/480/383 484/471/374
f 494/481/384 484/471/374 487/474/377
f 968/470/373 492/479/382 979/959/792
f 979/959/792 492/479/382 960/960/793
f 488/475/378 491/478/381 481/466/369
f 488/475/378 481/466/369 480/465/368
f 503/492/300 502/491/248 496/483/248
f 503/492/300 496/483/248 495/482/235
f 501/490/303 500/489/387 510/499/251
f 501/490/303 510/499/251 509/498/309
f 508/497/236 981/961/794 962/962/248
f 981/961/794 499/488/386 977/487/385
f 498/485/311 497/484/231 505/494/299
f 498/485/311 505/494/299 504/493/249
f 515/504/393 518/507/396 529/518/406
f 515/504/393 529/518/406 528/517/405
f 541/530/407 540/529/416 527/516/404
f 541/530/407 527/516/404 530/519/407
f 537/526/413 536/525/412 610/599/412
f 537/526/413 610/599/412 609/598/469
f 579/568/447 582/571/450 513/502/391
f 579/568/447 513/502/391 512/501/390
f 519/508/397 522/511/399 511/500/389
f 519/508/397 511/500/389 514/503/392
f 523/512/400 526/515/403 533/522/399
f 523/512/400 533/522/399 532/521/409
f 581/570/449 580/569/448 531/520/408
f 581/570/449 531/520/408 534/523/410
f 525/514/402 524/513/401 539/528/415
f 525/514/402 539/528/415 542/531/417
f 535/524/411 538/527/414 517/506/395
f 535/524/411 517/506/395 516/505/394
f 562/551/433 561/550/432 548/537/423
f 562/551/433 548/537/423 547/536/422
f 560/549/431 559/548/430 574/563/442
f 560/549/431 574/563/442 573/562/441
f 641/630/490 640/629/489 570/559/438
f 641/630/490 570/559/438 569/558/437
f 546/535/421 545/534/420 584/573/421
f 546/535/421 584/573/421 583/572/420
f 544/533/419 543/532/418 551/540/425
f 544/533/419 551/540/425 554/543/426
f 566/555/423 565/554/433 556/545/428
f 566/555/423 556/545/428 555/544/427
f 564/553/421 563/552/434 586/575/442
f 564/553/421 586/575/442 585/574/451
f 572/561/440 571/560/439 558/547/429
f 572/561/440 558/547/429 557/546/420
f 550/539/421 549/538/424 568/557/436
f 550/539/421 568/557/436 567/556/435
f 602/591/412 601/590/462 588/577/453
f 602/591/412 588/577/453 587/576/452
f 600/589/461 599/588/460 614/603/472
f 600/589/461 614/603/472 613/602/471
f 578/567/446 577/566/445 652/641/444
f 578/567/446 652/641/444 651/640/496
f 576/565/444 575/564/443 592/581/456
f 576/565/444 592/581/456 591/580/444
f 606/595/466 605/594/465 596/585/458
f 606/595/466 596/585/458 595/584/457
f 604/593/464 603/592/463 654/643/497
f 604/593/464 654/643/497 653/642/444
f 612/601/470 611/600/398 598/587/398
f 612/601/470 598/587/398 597/586/459
f 590/579/455 589/578/454 608/597/468
f 590/579/455 608/597/468 607/596/467
f 619/608/442 622/611/421 633/622/439
f 619/608/442 633/622/439 632/621/442
f 645/634/483 644/633/421 631/620/478
f 645/634/483 631/620/478 634/623/483
f 655/644/498 658/647/421 617/606/475
f 655/644/498 617/606/475 616/605/474
f 624/613/480 623/612/479 615/604/473
f 624/613/480 615/604/473 618/607/476
f 627/616/481 630/619/421 637/626/486
f 627/616/481 637/626/486 636/625/485
f 657/646/499 656/645/421 635/624/484
f 657/646/499 635/624/484 638/627/487
f 629/618/482 628/617/475 643/632/491
f 629/618/482 643/632/491 646/635/492
f 639/628/488 642/631/487 621/610/478
f 639/628/488 621/610/478 620/609/477
f 659/648/500 662/651/502 673/662/511
f 659/648/500 673/662/511 672/661/510
f 685/674/523 684/673/522 671/660/509
f 685/674/523 671/660/509 674/663/512
f 681/670/519 680/669/518 754/743/587
f 681/670/519 754/743/587 753/742/586
f 723/712/560 726/715/561 649/638/494
f 723/712/560 649/638/494 648/637/493
f 663/652/503 666/655/504 647/636/493
f 663/652/503 647/636/493 650/639/495
f 667/656/505 670/659/508 677/666/515
f 667/656/505 677/666/515 676/665/514
f 725/714/562 724/713/561 675/664/513
f 725/714/562 675/664/513 678/667/516
f 669/658/507 668/657/506 683/672/521
f 669/658/507 683/672/521 686/675/524
f 679/668/517 682/671/520 661/650/500
f 679/668/517 661/650/500 660/649/501
f 706/695/543 705/694/542 692/681/530
f 706/695/543 692/681/530 691/680/529
f 704/693/541 703/692/540 718/707/555
f 704/693/541 718/707/555 717/706/554
f 785/774/616 784/773/615 714/703/551
f 785/774/616 714/703/551 713/702/550
f 690/679/528 689/678/527 728/717/564
f 690/679/528 728/717/564 727/716/563
f 688/677/526 687/676/525 695/684/533
f 688/677/526 695/684/533 698/687/535
f 710/699/547 709/698/546 700/689/537
f 710/699/547 700/689/537 699/688/536
f 708/697/545 707/696/544 730/719/566
f 708/697/545 730/719/566 729/718/565
f 716/705/553 715/704/552 702/691/539
f 716/705/553 702/691/539 701/690/538
f 694/683/532 693/682/531 712/701/549
f 694/683/532 712/701/549 711/700/548
f 746/735/579 745/734/578 732/721/520
f 746/735/579 732/721/520 731/720/567
f 744/733/577 743/732/576 758/747/590
f 744/733/577 758/747/590 757/746/589
f 722/711/559 721/710/558 796/785/627
f 722/711/559 796/785/627 795/784/626
f 720/709/557 719/708/556 736/725/570
f 720/709/557 736/725/570 735/724/569
f 750/739/583 749/738/582 740/729/573
f 750/739/583 740/729/573 739/728/572
f 748/737/581 747/736/580 798/787/629
f 748/737/581 798/787/629 797/786/628
f 756/745/574 755/744/588 742/731/575
f 756/745/574 742/731/575 741/730/574
f 734/723/568 733/722/500 752/741/585
f 734/723/568 752/741/585 751/740/584
f 763/752/595 766/755/598 777/766/608
f 763/752/595 777/766/608 776/765/607
f 789/778/620 788/777/619 775/764/606
f 789/778/620 775/764/606 778/767/609
f 799/788/630 802/791/633 761/750/593
f 799/788/630 761/750/593 760/749/592
f 768/757/600 767/756/599 759/748/591
f 768/757/600 759/748/591 762/751/594
f 771/760/602 774/763/605 781/770/612
f 771/760/602 781/770/612 780/769/611
f 801/790/632 800/789/631 779/768/610
f 801/790/632 779/768/610 782/771/613
f 773/762/604 772/761/603 787/776/618
f 773/762/604 787/776/618 790/779/621
f 783/772/614 786/775/617 765/754/597
f 783/772/614 765/754/597 764/753/596
f 818/807/648 817/806/647 804/793/635
f 818/807/648 804/793/635 803/792/634
f 816/805/646 815/804/645 830/819/660
f 816/805/646 830/819/660 829/818/659
f 897/886/656 896/885/721 826/815/656
f 897/886/656 826/815/656 825/814/655
f 794/783/625 793/782/624 868/857/639
f 794/783/625 868/857/639 867/856/696
f 792/781/623 791/780/622 808/797/639
f 792/781/623 808/797/639 807/796/638
f 822/811/652 821/810/651 812/801/642
f 822/811/652 812/801/642 811/800/641
f 820/809/650 819/808/649 870/859/698
f 820/809/650 870/859/698 869/858/697
f 828/817/658 827/816/657 814/803/644
f 828/817/658 814/803/644 813/802/643
f 806/795/637 805/794/636 824/813/654
f 806/795/637 824/813/654 823/812/653
f 835/824/665 838/827/668 849/838/678
f 835/824/665 849/838/678 848/837/677
f 861/850/690 860/849/689 847/836/676
f 861/850/690 847/836/676 850/839/679
f 857/846/686 856/845/685 930/919/753
f 857/846/686 930/919/753 929/918/752
f 871/860/699 874/863/702 833/822/663
f 871/860/699 833/822/663 832/821/662
f 840/829/670 839/828/669 831/820/661
f 840/829/670 831/820/661 834/823/664
f 843/832/672 846/835/675 853/842/682
f 843/832/672 853/842/682 852/841/681
f 873/862/701 872/861/700 851/840/680
f 873/862/701 851/840/680 854/843/683
f 845/834/674 844/833/673 859/848/688
f 845/834/674 859/848/688 862/851/691
f 855/844/684 858/847/687 837/826/667
f 855/844/684 837/826/667 836/825/666
f 875/864/703 878/867/705 889/878/714
f 875/864/703 889/878/714 888/877/647
f 901/890/725 900/889/724 887/876/713
f 901/890/725 887/876/713 890/879/715
f 935/924/758 938/927/761 865/854/694
f 935/924/758 865/854/694 864/853/693
f 879/868/706 882/871/708 863/852/692
f 879/868/706 863/852/692 866/855/695
f 883/872/709 886/875/712 893/882/718
f 883/872/709 893/882/718 892/881/717
f 937/926/760 936/925/759 891/880/716
f 937/926/760 891/880/716 894/883/719
f 885/874/711 884/873/710 899/888/723
f 885/874/711 899/888/723 902/891/726
f 895/884/720 898/887/722 877/866/635
f 895/884/720 877/866/635 876/865/704
f 922/911/745 921/910/744 908/897/732
f 922/911/745 908/897/732 907/896/731
f 920/909/743 919/908/742 934/923/757
f 920/909/743 934/923/757 933/922/756
f 906/895/730 905/894/729 940/929/763
f 906/895/730 940/929/763 939/928/762
f 904/893/728 903/892/727 911/900/735
f 904/893/728 911/900/735 914/903/737
f 926/915/749 925/914/748 916/905/739
f 926/915/749 916/905/739 915/904/738
f 924/913/747 923/912/746 942/931/765
f 924/913/747 942/931/765 941/930/764
f 932/921/755 931/920/754 918/907/741
f 932/921/755 918/907/741 917/906/740
f 910/899/734 909/898/733 928/917/751
f 910/899/734 928/917/751 927/916/750
f 945/934/768 944/933/767 943/932/766
f 945/934/768 943/932/766 946/935/769
f 206/963/795 996/964/796 1000/965/797
f 261/966/798 993/967/799 237/968/800
f 261/966/798 991/969/801 999/970/802
f 262/971/803 990/972/804 261/966/798
f 261/966/798 990/972/804 991/969/801
f 242/973/805 989/948/782 988/974/93
f 988/974/93 243/975/93 242/973/805
f 237/968/800 986/976/121 236/949/783
f 236/949/783 986/976/121 987/951/785
f 205/936/770 983/938/772 982/977/806
f 982/977/806 206/963/795 205/936/770
f 228/978/807 973/979/808 970/980/809
f 244/981/810 967/982/106 251/983/94
f 962/962/248 509/498/309 508/497/236
f 494/481/384 960/960/793 492/479/382
f 1000/965/797 259/984/811 206/963/795
f 259/984/811 958/985/812 957/986/813
f 957/986/813 260/942/776 259/984/811
f 258/247/198 956/958/45 256/245/197
f 251/983/94 954/987/814 250/953/787
f 250/953/787 954/987/814 955/955/789
f 244/981/810 953/988/157 963/989/815
f 245/990/816 952/991/94 244/981/810
f 244/981/810 952/991/94 953/988/157
f 951/945/779 234/231/188 233/230/187
f 227/939/773 950/941/775 949/992/817
f 949/992/817 228/978/807 227/939/773
f 970/980/809 221/993/818 228/978/807
f 221/993/818 948/994/819 947/995/820
f 947/995/820 222/946/780 221/993/818
f 219/217/177 220/220/71 984/218/178
f 205/936/770 219/217/177 995/937/771
f 227/939/773 260/942/776 971/940/774
f 233/230/187 222/946/780 980/944/778
f 989/948/782 242/973/805 236/949/783
f 994/952/786 262/971/803 250/953/787
f 966/956/790 245/990/816 256/245/197
f 968/470/373 483/469/372 492/479/382
f 508/497/236 499/488/386 981/961/794
f 261/966/798 999/970/802 993/967/799
f 262/971/803 994/952/786 990/972/804
f 988/974/93 998/996/93 243/975/93
f 237/968/800 993/967/799 986/976/121
f 982/977/806 996/964/796 206/963/795
f 244/981/810 963/989/815 967/982/106
f 962/962/248 969/997/305 509/498/309
f 494/481/384 976/998/821 960/960/793
f 1000/965/797 958/985/812 259/984/811
f 957/986/813 975/943/777 260/942/776
f 258/247/198 974/999/165 956/958/45
f 251/983/94 967/982/106 954/987/814
f 245/990/816 966/956/790 952/991/94
f 951/945/779 965/1000/822 234/231/188
f 949/992/817 973/979/808 228/978/807
f 970/980/809 948/994/819 221/993/818
f 947/995/820 972/947/781 222/946/780
