# Blender 5.1.1
# www.blender.org
mtllib HalfPillars.mtl
o Circle.020_0.001
v 12.698631 2.493753 -9.321724
v 12.698215 2.505233 -9.331470
v 12.680706 2.504167 -9.328795
v 12.681084 2.493831 -9.320023
v 12.664017 2.504659 -9.323209
v 12.664345 2.495870 -9.315749
v 12.662861 2.514340 -9.328640
v 12.679344 2.515551 -9.335179
v 12.696703 2.517886 -9.338566
v 12.715879 2.507828 -9.331137
v 12.716324 2.495641 -9.320793
v 12.733477 2.499418 -9.317255
v 12.733019 2.511845 -9.327804
v 12.714273 2.521261 -9.338666
v 12.731382 2.525539 -9.335483
v 12.711571 2.535419 -9.343091
v 12.728622 2.539975 -9.339994
v 12.707872 2.549763 -9.344242
v 12.724855 2.554599 -9.341167
v 12.348422 3.783520 -9.299948
v 12.365404 3.788358 -9.296873
v 12.331220 3.778493 -9.299524
v 12.690670 2.544734 -9.343819
v 12.694153 2.531226 -9.342731
v 12.677048 2.527557 -9.338931
v 12.660913 2.524550 -9.331828
v 12.658247 2.534888 -9.332658
v 12.673914 2.539712 -9.339905
v 12.314464 3.773470 -9.295610
v 12.298798 3.768646 -9.288363
v 11.755201 5.438478 -8.950193
v 11.745193 5.433513 -8.936208
v 11.732205 5.428625 -8.947515
v 11.742022 5.433487 -8.961234
v 11.752647 5.435567 -8.975053
v 11.766034 5.440592 -8.964281
v 11.763678 5.434774 -8.988441
v 11.777281 5.439787 -8.977934
v 11.774693 5.431143 -9.000880
v 11.788508 5.436088 -8.990621
v 11.785260 5.424817 -9.011902
v 11.799283 5.429634 -9.001852
v 11.794980 5.416028 -9.021071
v 11.809193 5.420677 -9.011207
v 11.780064 5.409402 -9.028319
v 11.770908 5.417676 -9.019679
v 11.760953 5.423642 -9.009300
v 11.750582 5.427063 -8.997579
v 11.740190 5.427806 -8.984968
v 11.730181 5.425849 -8.971950
v 11.720931 5.421266 -8.959029
v 11.712811 5.414231 -8.946693
v 11.723583 5.421153 -8.934423
v 11.736400 5.425899 -8.922857
v 11.716479 5.411368 -8.922462
v 11.729156 5.415926 -8.910662
v 11.711172 5.399648 -8.912088
v 11.723744 5.403972 -8.900086
v 11.707860 5.386432 -8.903708
v 11.720368 5.390501 -8.891541
v 11.697998 5.381525 -8.917765
v 11.701118 5.393968 -8.925657
v 11.706121 5.405013 -8.935431
v 11.698472 5.397100 -8.949067
v 11.704493 5.405393 -8.959204
v 11.711807 5.411724 -8.970305
v 11.720127 5.415854 -8.981932
v 11.729137 5.417612 -8.993648
v 11.738485 5.416941 -9.005000
v 11.747822 5.413865 -9.015545
v 11.756782 5.408496 -9.024887
v 11.743424 5.397628 -9.027328
v 11.735802 5.402185 -9.019384
v 11.727864 5.404803 -9.010416
v 11.719910 5.405377 -9.000762
v 11.712248 5.403880 -8.990801
v 11.705175 5.400372 -8.980908
v 11.698956 5.394983 -8.971472
v 11.693837 5.387930 -8.962847
v 11.701294 5.387635 -8.990438
v 11.706854 5.390393 -8.998208
v 11.712873 5.391567 -9.006035
v 11.719120 5.391119 -9.013616
v 11.725362 5.389065 -9.020664
v 11.731343 5.385478 -9.026907
v 11.693973 5.387159 -8.940275
v 11.707860 5.386432 -8.903708
v 11.706676 5.372242 -8.897638
v 11.696882 5.368155 -8.912045
v 11.697998 5.381525 -8.917765
v 11.720368 5.390501 -8.891541
v 11.719157 5.376029 -8.885350
v 11.707660 5.357612 -8.894109
v 11.720164 5.361112 -8.881757
v 11.710781 5.343112 -8.893260
v 11.723345 5.346329 -8.880893
v 12.182859 3.722771 -8.951433
v 12.195424 3.725988 -8.939066
v 12.172827 3.720375 -8.966094
v 11.700746 5.340715 -8.907921
v 11.697809 5.354378 -8.908720
v 11.770908 5.417676 -9.019679
v 11.756782 5.408496 -9.024887
v 11.765023 5.401050 -9.032664
v 11.780064 5.409402 -9.028319
v 11.772223 5.391808 -9.038575
v 11.788067 5.399131 -9.034887
v 11.794980 5.416028 -9.021071
v 11.803477 5.405126 -9.028047
v 11.809193 5.420677 -9.011207
v 11.817859 5.409560 -9.018316
v 11.810425 5.392523 -9.032550
v 11.824944 5.396706 -9.022907
v 11.815558 5.378707 -9.034415
v 11.830174 5.382620 -9.024808
v 12.287639 3.758365 -9.092588
v 12.302255 3.762279 -9.082981
v 12.271527 3.753905 -9.099060
v 11.799447 5.374246 -9.040886
v 11.794611 5.387262 -9.039129
v 11.778115 5.381123 -9.042394
v 11.761566 5.374346 -9.042217
v 11.756553 5.383431 -9.038967
v 11.750429 5.391291 -9.033940
v 11.743424 5.397628 -9.027328
v 11.736850 5.380501 -9.032105
v 11.731343 5.385478 -9.026907
v 11.724805 5.369094 -9.027218
v 11.721012 5.372526 -9.023640
v 11.728122 5.364842 -9.029941
v 11.741664 5.374323 -9.036052
v 11.745600 5.367187 -9.038603
v 11.748505 5.359359 -9.039660
v 11.765267 5.364383 -9.043561
v 11.782468 5.369409 -9.043974
v 12.254548 3.749068 -9.102147
v 12.237348 3.744042 -9.101734
v 12.220586 3.739019 -9.097833
v 12.204914 3.734192 -9.090598
v 11.732834 5.354533 -9.032425
v 11.730830 5.359927 -9.031696
v 12.629852 2.436379 -9.057975
v 12.615843 2.434232 -9.068913
v 12.605217 2.432155 -9.055094
v 12.619017 2.434258 -9.043886
v 12.594187 2.432944 -9.041706
v 12.607765 2.435067 -9.030233
v 12.583175 2.436576 -9.029262
v 12.596541 2.438766 -9.017547
v 12.572607 2.442907 -9.018241
v 12.585767 2.445220 -9.006311
v 12.562884 2.451691 -9.009071
v 12.575855 2.454179 -8.996961
v 12.551661 2.451458 -9.022960
v 12.560817 2.443185 -9.031596
v 12.570775 2.437222 -9.041980
v 12.581147 2.433806 -9.053697
v 12.591537 2.433056 -9.066311
v 12.601550 2.435016 -9.079326
v 12.610793 2.439597 -9.092250
v 12.625656 2.439099 -9.082632
v 12.639856 2.441338 -9.071960
v 12.634281 2.446565 -9.095723
v 12.648651 2.448955 -9.085310
v 12.641386 2.456350 -9.107681
v 12.655893 2.458929 -9.097507
v 12.646694 2.468075 -9.118054
v 12.661304 2.470881 -9.108077
v 12.630608 2.466894 -9.125617
v 12.625608 2.455849 -9.115849
v 12.618917 2.446637 -9.104582
v 12.603142 2.449149 -9.111549
v 12.595832 2.442819 -9.100449
v 12.587511 2.438694 -9.088818
v 12.578501 2.436932 -9.077106
v 12.569148 2.437601 -9.065753
v 12.559815 2.440683 -9.055208
v 12.550855 2.446046 -9.045866
v 12.550719 2.446817 -9.068439
v 12.558657 2.444200 -9.077411
v 12.566610 2.443631 -9.087061
v 12.574269 2.445127 -9.097026
v 12.581346 2.448636 -9.106915
v 12.587564 2.454021 -9.116355
v 12.592685 2.461074 -9.124976
v 12.609163 2.457447 -9.121686
v 12.613666 2.467385 -9.130479
v 12.576810 2.466601 -9.125587
v 12.572785 2.461054 -9.118811
v 12.567897 2.456825 -9.111398
v 12.562341 2.454071 -9.103627
v 12.556320 2.452892 -9.095800
v 12.562884 2.451691 -9.009071
v 12.551661 2.451458 -9.022960
v 12.543656 2.461730 -9.016392
v 12.554391 2.462599 -9.002100
v 12.575855 2.454179 -8.996961
v 12.567189 2.465293 -8.989851
v 12.547441 2.475197 -8.997593
v 12.560107 2.478143 -8.985260
v 12.542311 2.489013 -8.995728
v 12.554875 2.492230 -8.983360
v 12.182859 3.722771 -8.951433
v 12.195424 3.725988 -8.939066
v 12.172827 3.720375 -8.966094
v 12.532279 2.486617 -9.010388
v 12.537112 2.473605 -9.012146
v 12.592685 2.461074 -9.124976
v 12.596517 2.469526 -9.132453
v 12.579813 2.473242 -9.131462
v 12.576810 2.466601 -9.125587
v 12.609163 2.457447 -9.121686
v 12.613666 2.467385 -9.130479
v 12.598899 2.479054 -9.138494
v 12.616472 2.478588 -9.137586
v 12.630608 2.466894 -9.125617
v 12.633726 2.479337 -9.133514
v 12.646694 2.468075 -9.118054
v 12.650007 2.481287 -9.126434
v 12.661304 2.470881 -9.108077
v 12.664680 2.484354 -9.116627
v 12.651190 2.495482 -9.132508
v 12.665888 2.498825 -9.122817
v 12.650206 2.510108 -9.136033
v 12.664885 2.513738 -9.126411
v 12.647091 2.524607 -9.136883
v 12.661707 2.528521 -9.127275
v 12.287639 3.758365 -9.092588
v 12.302255 3.762279 -9.082981
v 12.271527 3.753905 -9.099060
v 12.630978 2.520146 -9.143353
v 12.633915 2.506489 -9.142554
v 12.634844 2.492707 -9.139234
v 12.617474 2.490616 -9.142733
v 12.599751 2.489284 -9.142872
v 12.582362 2.488761 -9.139648
v 12.581691 2.480721 -9.136212
v 12.565501 2.483532 -9.130815
v 12.564212 2.478380 -9.127545
v 12.565968 2.489071 -9.133185
v 12.565580 2.494779 -9.134561
v 12.581805 2.497050 -9.141646
v 12.599048 2.499833 -9.145418
v 12.616642 2.503020 -9.145723
v 12.613998 2.515311 -9.146441
v 12.254548 3.749068 -9.102147
v 12.237348 3.744042 -9.101734
v 12.596796 2.510283 -9.146029
v 12.580036 2.505260 -9.142126
v 12.564363 2.500434 -9.134892
v 12.204914 3.734192 -9.090598
v 12.220586 3.739019 -9.097833
v 11.595237 5.386685 -8.805745
v 11.580815 5.380625 -8.797043
v 11.572946 5.377387 -8.812792
v 11.587093 5.383326 -8.821328
v 11.602046 5.386481 -8.829965
v 11.610484 5.389897 -8.814553
v 11.617238 5.386722 -8.838367
v 11.625978 5.390147 -8.823120
v 11.632089 5.384044 -8.846219
v 11.641116 5.387420 -8.831126
v 11.646020 5.378553 -8.853210
v 11.655320 5.381817 -8.838255
v 11.658502 5.370451 -8.859079
v 11.668044 5.373558 -8.844235
v 11.647353 5.365125 -8.871975
v 11.635596 5.372754 -8.866445
v 11.622473 5.377930 -8.859858
v 11.608489 5.380455 -8.852466
v 11.594174 5.380224 -8.844547
v 11.580089 5.377254 -8.836412
v 11.566766 5.371659 -8.828372
v 11.554717 5.363649 -8.820733
v 11.560160 5.368884 -8.804686
v 11.567777 5.371957 -8.788774
v 11.549222 5.358145 -8.797316
v 11.556622 5.361013 -8.781264
v 11.540546 5.345588 -8.790972
v 11.547782 5.348208 -8.774796
v 11.534476 5.331689 -8.785893
v 11.541593 5.334039 -8.769617
v 11.536244 5.341703 -8.807818
v 11.544411 5.353533 -8.813795
v 11.542389 5.347355 -8.830065
v 11.551662 5.356456 -8.836309
v 11.562504 5.363661 -8.843183
v 11.574491 5.368702 -8.850419
v 11.587175 5.371372 -8.857742
v 11.600052 5.371579 -8.864866
v 11.612639 5.369310 -8.871523
v 11.624452 5.364648 -8.877451
v 11.613011 5.354552 -8.885803
v 11.602967 5.358510 -8.880760
v 11.592260 5.360438 -8.875101
v 11.581310 5.360269 -8.869040
v 11.570527 5.357995 -8.862813
v 11.560331 5.353712 -8.856659
v 11.551111 5.347578 -8.850816
v 11.543224 5.339837 -8.845504
v 11.553084 5.337363 -8.863689
v 11.560328 5.342177 -8.868282
v 11.568339 5.345547 -8.873116
v 11.576812 5.347329 -8.878010
v 11.585418 5.347468 -8.882771
v 11.593827 5.345951 -8.887218
v 11.562494 5.329515 -8.877603
v 11.568008 5.331835 -8.880935
v 11.535038 5.336704 -8.824688
v 11.668044 5.373558 -8.844235
v 11.658502 5.370451 -8.859079
v 11.669046 5.360056 -8.863598
v 11.678798 5.362961 -8.848844
v 11.677259 5.347766 -8.866592
v 11.687171 5.350427 -8.851893
v 11.682817 5.334057 -8.867944
v 11.692835 5.336449 -8.853276
v 12.469887 2.384589 -8.913527
v 12.460916 2.384072 -8.929008
v 12.445956 2.380918 -8.920370
v 12.454637 2.381371 -8.904722
v 12.430766 2.380674 -8.911968
v 12.439144 2.381125 -8.896152
v 12.415915 2.383353 -8.904116
v 12.424007 2.383854 -8.888150
v 12.401981 2.388848 -8.897124
v 12.409804 2.389456 -8.881021
v 12.389503 2.396948 -8.891256
v 12.397080 2.397717 -8.875036
v 12.395947 2.390920 -8.913757
v 12.409067 2.385741 -8.920344
v 12.423053 2.383223 -8.927736
v 12.437370 2.383449 -8.935655
v 12.451454 2.386423 -8.943789
v 12.464779 2.392016 -8.951830
v 12.475057 2.390013 -8.937543
v 12.484305 2.390643 -8.922233
v 12.487844 2.398513 -8.945649
v 12.497347 2.399316 -8.930497
v 12.498782 2.409252 -8.953020
v 12.508500 2.410260 -8.938011
v 12.507455 2.421812 -8.959363
v 12.517342 2.423064 -8.944480
v 12.513528 2.435709 -8.964441
v 12.523531 2.437236 -8.949655
v 12.495297 2.421971 -8.972383
v 12.487129 2.410138 -8.966407
v 12.476825 2.400029 -8.959468
v 12.464709 2.403786 -8.971416
v 12.453870 2.396580 -8.964542
v 12.441875 2.391542 -8.957305
v 12.429198 2.388869 -8.949984
v 12.416318 2.388662 -8.942859
v 12.403730 2.390936 -8.936206
v 12.391921 2.395592 -8.930280
v 12.400106 2.398725 -8.951095
v 12.410810 2.396794 -8.956754
v 12.421766 2.396971 -8.962811
v 12.432549 2.399242 -8.969038
v 12.442746 2.403527 -8.975192
v 12.451962 2.409655 -8.981040
v 12.459850 2.417397 -8.986352
v 12.473980 2.412892 -8.977664
v 12.481335 2.423536 -8.983042
v 12.431837 2.412589 -8.983373
v 12.423826 2.409224 -8.978535
v 12.415355 2.407437 -8.973645
v 12.406747 2.407296 -8.968884
v 12.372284 2.434819 -8.865999
v 12.012833 3.668577 -8.821705
v 11.995460 3.663147 -8.811451
v 12.354910 2.429389 -8.855745
v 12.377953 2.420841 -8.867378
v 12.359116 2.414953 -8.856263
v 12.386321 2.408311 -8.870432
v 12.363160 2.401072 -8.856762
v 12.397080 2.397717 -8.875036
v 12.366886 2.388280 -8.857221
v 12.409804 2.389456 -8.881021
v 12.370153 2.377064 -8.857624
v 12.424007 2.383854 -8.888150
v 12.372837 2.367861 -8.857954
v 12.439144 2.381125 -8.896152
v 12.374827 2.361025 -8.858199
v 12.454637 2.381371 -8.904722
v 12.376056 2.356811 -8.858351
v 12.469887 2.384589 -8.913527
v 12.376470 2.355393 -8.858402
v 12.389275 2.311437 -8.859980
v 12.482695 2.340634 -8.915104
v 12.577032 2.370133 -8.971149
v 12.564228 2.414086 -8.969572
v 12.563812 2.415506 -8.969521
v 12.484305 2.390643 -8.922233
v 12.562586 2.419719 -8.969369
v 12.497347 2.399316 -8.930497
v 12.560595 2.426555 -8.969124
v 12.508500 2.410260 -8.938011
v 12.557914 2.435758 -8.968794
v 12.517342 2.423064 -8.944480
v 12.554646 2.446974 -8.968390
v 12.523531 2.437236 -8.949655
v 12.550920 2.459767 -8.967932
v 12.526829 2.452225 -8.953344
v 12.546874 2.473647 -8.967433
v 12.527115 2.467458 -8.955398
v 12.542668 2.488083 -8.966915
v 12.524367 2.482349 -8.955744
v 12.183216 3.721841 -8.922621
v 12.164916 3.716108 -8.911449
v 12.268328 2.323387 -8.844499
v 12.284901 2.329832 -8.846581
v 12.300001 2.338875 -8.848478
v 12.313060 2.350165 -8.850122
v 12.323572 2.363271 -8.851450
v 12.331127 2.377687 -8.852406
v 12.335443 2.392860 -8.852955
v 12.336354 2.408208 -8.853082
v 12.333821 2.423138 -8.852770
v 11.995460 3.663147 -8.811451
v 11.974370 3.656896 -8.808475
v 12.281135 2.279432 -8.846077
v 12.174193 2.247794 -8.832646
v 12.161387 2.291748 -8.831069
v 12.160974 2.293167 -8.831017
v 12.250935 2.319783 -8.842315
v 12.159746 2.297381 -8.830867
v 12.233375 2.319164 -8.840115
v 12.157756 2.304217 -8.830621
v 12.216333 2.321548 -8.837976
v 12.155073 2.313420 -8.830291
v 12.200461 2.326848 -8.835992
v 12.151806 2.324636 -8.829887
v 12.186366 2.334861 -8.834227
v 12.148079 2.337427 -8.829429
v 12.174596 2.345273 -8.832758
v 12.144033 2.351309 -8.828930
v 12.165597 2.357689 -8.831639
v 12.139829 2.365746 -8.828412
v 12.159720 2.371629 -8.830911
v 11.780377 3.599503 -8.784118
v 11.800269 3.605387 -8.786616
v 12.121750 2.345038 -8.835086
v 12.119176 2.359932 -8.834092
v 11.780377 3.599503 -8.784118
v 11.759727 3.593690 -8.789798
v 12.120972 2.329801 -8.836988
v 12.116870 2.314810 -8.839728
v 12.109591 2.300632 -8.843201
v 12.099432 2.287822 -8.847269
v 12.086768 2.276870 -8.851784
v 12.072096 2.268190 -8.856565
v 12.055972 2.262125 -8.861432
v 12.068778 2.218171 -8.863009
v 11.964645 2.188920 -8.893328
v 11.951838 2.232874 -8.891749
v 11.951424 2.234294 -8.891699
v 12.039022 2.258900 -8.866193
v 11.950197 2.238507 -8.891547
v 12.021894 2.258647 -8.870671
v 11.948205 2.245344 -8.891302
v 12.005249 2.261367 -8.874696
v 11.945523 2.254546 -8.890971
v 11.989723 2.266963 -8.878102
v 11.942256 2.265762 -8.890569
v 11.975915 2.275216 -8.880770
v 11.938528 2.278554 -8.890109
v 11.964355 2.285809 -8.882590
v 11.934485 2.292437 -8.889611
v 11.955485 2.298335 -8.883496
v 11.930278 2.306872 -8.889092
v 11.949650 2.312313 -8.883453
v 11.570827 3.540629 -8.844799
v 11.590199 3.546072 -8.839160
v 11.916090 2.287600 -8.904163
v 11.913220 2.302385 -8.902557
v 11.570827 3.540629 -8.844799
v 11.553769 3.536142 -8.858263
v 11.916174 2.272679 -8.907880
v 11.913479 2.258204 -8.913562
v 11.908102 2.244722 -8.920993
v 11.900247 2.232755 -8.929888
v 11.890219 2.222769 -8.939905
v 11.878403 2.215136 -8.950660
v 11.865250 2.210160 -8.961740
v 11.878058 2.166207 -8.963318
v 11.792645 2.143816 -9.032756
v 11.779840 2.187770 -9.031178
v 11.779426 2.189189 -9.031126
v 11.851274 2.208025 -8.972713
v 11.778198 2.193402 -9.030975
v 11.837007 2.208820 -8.983166
v 11.776206 2.200238 -9.030730
v 11.822994 2.212504 -8.992692
v 11.773526 2.209441 -9.030399
v 11.809778 2.218945 -9.000926
v 11.770258 2.220657 -9.029997
v 11.797864 2.227894 -9.007552
v 11.766531 2.233450 -9.029537
v 11.787714 2.239003 -9.012320
v 11.762488 2.247330 -9.029039
v 11.779709 2.251846 -9.015036
v 11.758282 2.261766 -9.028521
v 11.774170 2.265932 -9.015604
v 11.398829 3.495525 -8.984226
v 11.414718 3.499689 -8.971311
v 11.393680 5.325484 -8.736718
v 11.377114 5.319036 -8.734636
v 11.375624 5.317730 -8.752425
v 11.391874 5.324049 -8.754466
v 11.408938 5.327586 -8.756607
v 11.411078 5.329085 -8.738902
v 11.426157 5.328194 -8.758769
v 11.428635 5.329707 -8.741102
v 11.442874 5.325853 -8.760861
v 11.445675 5.327323 -8.743237
v 11.458438 5.320656 -8.762811
v 11.461551 5.322024 -8.745226
v 11.472264 5.312797 -8.764542
v 11.475640 5.314011 -8.746986
v 11.466692 5.309229 -8.781127
v 11.453671 5.316628 -8.779498
v 11.439007 5.321527 -8.777663
v 11.423262 5.323734 -8.775691
v 11.407041 5.323158 -8.773653
v 11.390965 5.319829 -8.771640
v 11.375661 5.313875 -8.769716
v 11.361705 5.305522 -8.767962
v 11.360811 5.308861 -8.750565
v 11.362007 5.309995 -8.732738
v 11.348004 5.297785 -8.748949
v 11.348948 5.298706 -8.731091
v 11.337699 5.284934 -8.747648
v 11.338439 5.285601 -8.729767
v 11.330283 5.270791 -8.746712
v 11.330880 5.271183 -8.728806
v 11.339934 5.282979 -8.765215
v 11.349642 5.295088 -8.766443
v 11.353800 5.290716 -8.782891
v 11.364661 5.300103 -8.784258
v 11.377213 5.307620 -8.785840
v 11.390994 5.312985 -8.787572
v 11.405460 5.315976 -8.789383
v 11.420055 5.316492 -8.791217
v 11.434224 5.314510 -8.792992
v 11.447423 5.310100 -8.794643
v 11.459144 5.303441 -8.796106
v 11.439941 5.301325 -8.807664
v 11.428717 5.305066 -8.806260
v 11.416666 5.306753 -8.804748
v 11.404252 5.306317 -8.803189
v 11.391948 5.303771 -8.801647
v 11.380234 5.299213 -8.800178
v 11.369555 5.292815 -8.798834
v 11.360322 5.284831 -8.797672
v 11.352891 5.275569 -8.796732
v 11.345064 5.279817 -8.781789
v 11.363114 5.270390 -8.809471
v 11.368955 5.277671 -8.810209
v 11.376206 5.283943 -8.811123
v 11.384599 5.288966 -8.812176
v 11.393802 5.292551 -8.813335
v 11.403469 5.294549 -8.814548
v 11.413223 5.294895 -8.815768
v 11.339934 5.282979 -8.765215
v 11.332949 5.269660 -8.764330
v 11.338780 5.267831 -8.780996
v 11.345064 5.279817 -8.781789
v 11.347543 5.265371 -8.796058
v 11.352891 5.275569 -8.796732
v 11.358914 5.262380 -8.808938
v 11.363114 5.270390 -8.809471
v 11.356514 5.253947 -8.808637
v 11.344491 5.254643 -8.795668
v 11.335188 5.255216 -8.780535
v 11.328962 5.255642 -8.763824
v 11.330283 5.270791 -8.746712
v 11.337699 5.284934 -8.747648
v 11.326048 5.255908 -8.746173
v 11.330880 5.271183 -8.728806
v 11.326565 5.256010 -8.728257
v 11.325159 5.240856 -8.746050
v 11.325655 5.240657 -8.728136
v 11.327645 5.226214 -8.746351
v 11.328188 5.225728 -8.728443
v 11.799726 3.605872 -8.804524
v 11.800269 3.605387 -8.786616
v 11.802543 3.607326 -8.822166
v 11.330464 5.227668 -8.763993
v 11.328121 5.241464 -8.763709
v 11.334435 5.242455 -8.780433
v 11.343851 5.243791 -8.795578
v 11.356011 5.245425 -8.808568
v 11.370447 5.247292 -8.818892
v 11.370795 5.253161 -8.818941
v 11.372451 5.258968 -8.819153
v 11.371419 5.241575 -8.819013
v 11.357418 5.237127 -8.808736
v 11.345643 5.233232 -8.795797
v 11.336539 5.230037 -8.780688
v 11.808619 3.609697 -8.838862
v 11.817722 3.612891 -8.853971
v 11.829499 3.616786 -8.866909
v 11.843499 3.621234 -8.877186
v 11.472264 5.312797 -8.764542
v 11.466692 5.309229 -8.781127
v 11.477567 5.299606 -8.782485
v 11.483806 5.302582 -8.765981
v 11.475640 5.314011 -8.746986
v 11.487412 5.303597 -8.748454
v 11.492633 5.290403 -8.767077
v 11.496411 5.291177 -8.749578
v 11.498398 5.276731 -8.767793
v 11.502289 5.277237 -8.750302
v 11.970478 3.656391 -8.825966
v 11.974370 3.656896 -8.808475
v 11.963390 3.654914 -8.842364
v 11.491312 5.275255 -8.784191
v 11.485880 5.288137 -8.783518
v 11.481302 5.272866 -8.798868
v 11.476412 5.284458 -8.798263
v 12.268328 2.323387 -8.844499
v 12.265696 2.324795 -8.862145
v 12.248635 2.321262 -8.860004
v 12.250935 2.319783 -8.842315
v 12.231417 2.320652 -8.857847
v 12.233375 2.319164 -8.840115
v 12.214701 2.322993 -8.855750
v 12.216333 2.321548 -8.837976
v 12.199133 2.328193 -8.853801
v 12.200461 2.326848 -8.835992
v 12.199633 2.332195 -8.871154
v 12.214297 2.327296 -8.872993
v 12.230042 2.325096 -8.874965
v 12.246264 2.325666 -8.876998
v 12.262334 2.328997 -8.879016
v 12.277645 2.334949 -8.880936
v 12.281948 2.331117 -8.864186
v 12.284901 2.329832 -8.846581
v 12.296761 2.339985 -8.866051
v 12.300001 2.338875 -8.848478
v 12.309570 2.351061 -8.867662
v 12.313060 2.350165 -8.850122
v 12.319875 2.363914 -8.868963
v 12.323572 2.363271 -8.851450
v 12.327291 2.378056 -8.869905
v 12.331127 2.377687 -8.852406
v 12.320357 2.379163 -8.886321
v 12.313370 2.365845 -8.885437
v 12.303661 2.353735 -8.884212
v 12.291597 2.343307 -8.882694
v 12.284712 2.348701 -8.897766
v 12.272154 2.341184 -8.896184
v 12.258378 2.335825 -8.894457
v 12.243909 2.332828 -8.892641
v 12.229316 2.332312 -8.890807
v 12.215142 2.334299 -8.889031
v 12.201946 2.338704 -8.887381
v 12.205984 2.347468 -8.901856
v 12.217205 2.343719 -8.903264
v 12.229257 2.342032 -8.904772
v 12.241670 2.342471 -8.906330
v 12.253971 2.345018 -8.907872
v 12.265686 2.349577 -8.909342
v 12.276366 2.355972 -8.910686
v 12.285599 2.363954 -8.911852
v 12.295566 2.358092 -8.899133
v 12.304306 2.368987 -8.900234
v 12.239626 2.354224 -8.917539
v 12.249290 2.356226 -8.918755
v 12.229871 2.353878 -8.916318
v 12.220402 2.355207 -8.915132
v 12.217205 2.343719 -8.903264
v 12.220402 2.355207 -8.915132
v 12.211585 2.358154 -8.914026
v 12.205984 2.347468 -8.901856
v 12.203753 2.362599 -8.913046
v 12.196012 2.353135 -8.900612
v 12.201946 2.338704 -8.887381
v 12.190228 2.345368 -8.885919
v 12.199633 2.332195 -8.871154
v 12.186612 2.339594 -8.869525
v 12.199133 2.328193 -8.853801
v 12.185310 2.336050 -8.852075
v 12.200461 2.326848 -8.835992
v 12.186366 2.334861 -8.834227
v 12.173760 2.346265 -8.850635
v 12.174596 2.345273 -8.832758
v 12.164937 2.358440 -8.849534
v 12.165597 2.357689 -8.831639
v 12.159177 2.372114 -8.848819
v 12.159720 2.371629 -8.830911
v 11.799726 3.605872 -8.804524
v 11.800269 3.605387 -8.786616
v 11.802543 3.607326 -8.822166
v 12.161994 2.373568 -8.866461
v 12.167424 2.360690 -8.867134
v 12.175739 2.349217 -8.868171
v 12.180442 2.354024 -8.884693
v 12.187690 2.360497 -8.899573
v 12.197212 2.368385 -8.912233
v 12.208641 2.377390 -8.922187
v 12.213148 2.373405 -8.922750
v 12.205196 2.382142 -8.921756
v 12.192216 2.375286 -8.911611
v 12.181329 2.369278 -8.898779
v 12.172960 2.364351 -8.883761
v 12.168071 2.375939 -8.883156
v 11.808619 3.609697 -8.838862
v 11.817722 3.612891 -8.853971
v 12.177175 2.379133 -8.898265
v 12.188949 2.383029 -8.911203
v 12.202950 2.387476 -8.921480
v 11.843499 3.621234 -8.877186
v 11.829499 3.616786 -8.866909
v 12.327291 2.378056 -8.869905
v 12.331521 2.392938 -8.870442
v 12.324343 2.393182 -8.886831
v 12.320357 2.379163 -8.886321
v 12.331127 2.377687 -8.852406
v 12.335443 2.392860 -8.852955
v 12.332415 2.407989 -8.870562
v 12.336354 2.408208 -8.853082
v 12.329930 2.422633 -8.870260
v 12.333821 2.423138 -8.852770
v 11.970478 3.656391 -8.825966
v 11.974370 3.656896 -8.808475
v 11.963390 3.654914 -8.842364
v 12.322842 2.421156 -8.886658
v 12.325183 2.407364 -8.886943
v 11.181321 5.264223 -8.753651
v 11.165203 5.258155 -8.758514
v 11.170382 5.258768 -8.775638
v 11.186198 5.264716 -8.770865
v 11.202821 5.267879 -8.766192
v 11.198276 5.267446 -8.748886
v 11.219622 5.268129 -8.761803
v 11.215401 5.267701 -8.744408
v 11.235949 5.265457 -8.757858
v 11.232050 5.264983 -8.740383
v 11.251171 5.259972 -8.754512
v 11.247569 5.259385 -8.736976
v 11.252921 5.257876 -8.772119
v 11.238576 5.263046 -8.775269
v 11.223197 5.265563 -8.778985
v 11.207374 5.265326 -8.783119
v 11.191713 5.262347 -8.787522
v 11.176815 5.256742 -8.792019
v 11.163259 5.248727 -8.796437
v 11.155992 5.250256 -8.780326
v 11.150527 5.249478 -8.763294
v 11.143574 5.239511 -8.784752
v 11.137865 5.238526 -8.767810
v 11.133604 5.226948 -8.788746
v 11.127702 5.225715 -8.771877
v 11.126471 5.213042 -8.792151
v 11.120429 5.211539 -8.775350
v 11.135454 5.213674 -8.807572
v 11.142174 5.226766 -8.804363
v 11.151562 5.238604 -8.800603
v 11.161524 5.235840 -8.814755
v 11.172052 5.244948 -8.811003
v 11.184253 5.252162 -8.807027
v 11.197655 5.257209 -8.802979
v 11.211751 5.259886 -8.799021
v 11.225992 5.260099 -8.795297
v 11.239834 5.257837 -8.791952
v 11.252743 5.253182 -8.789116
v 11.250648 5.246073 -8.804852
v 11.239670 5.250025 -8.807262
v 11.227898 5.251949 -8.810105
v 11.215787 5.251772 -8.813273
v 11.203801 5.249494 -8.816643
v 11.192402 5.245203 -8.820085
v 11.182028 5.239065 -8.823462
v 11.173076 5.231319 -8.826658
v 11.165886 5.222263 -8.829535
v 11.153071 5.225185 -8.818135
v 11.147026 5.213401 -8.821025
v 11.160742 5.212237 -8.831987
v 11.192802 5.231307 -8.833347
v 11.200957 5.236127 -8.830691
v 11.209912 5.239500 -8.827988
v 11.219332 5.241287 -8.825340
v 11.228847 5.241432 -8.822852
v 11.238094 5.239920 -8.820618
v 11.147026 5.213401 -8.821025
v 11.143611 5.200936 -8.823302
v 11.157839 5.201637 -8.833925
v 11.160742 5.212237 -8.831987
v 11.135454 5.213674 -8.807572
v 11.131658 5.199819 -8.810102
v 11.126471 5.213042 -8.792151
v 11.122443 5.198337 -8.794839
v 11.120429 5.211539 -8.775350
v 11.116323 5.196545 -8.778090
v 11.121681 5.183392 -8.796703
v 11.115543 5.181305 -8.779993
v 11.124209 5.168786 -8.797679
v 11.118118 5.166412 -8.780987
v 11.596290 3.548444 -8.855852
v 11.590199 3.546072 -8.839160
v 11.605402 3.551642 -8.870953
v 11.133324 5.171984 -8.812779
v 11.130940 5.185744 -8.811863
v 11.142963 5.188266 -8.824884
v 11.157288 5.190863 -8.835272
v 11.159113 5.180330 -8.835975
v 11.145107 5.175881 -8.825710
v 11.617188 3.555540 -8.883883
v 11.631194 3.559989 -8.894148
v 11.252921 5.257876 -8.772119
v 11.252743 5.253182 -8.789116
v 11.264222 5.246320 -8.786896
v 11.265676 5.250251 -8.769653
v 11.251171 5.259972 -8.754512
v 11.264717 5.251874 -8.751896
v 11.247569 5.259385 -8.736976
v 11.261382 5.251133 -8.734309
v 11.276054 5.241486 -8.750109
v 11.272939 5.240538 -8.732488
v 11.284753 5.229197 -8.749222
v 11.281809 5.228007 -8.731582
v 11.290477 5.215489 -8.749264
v 11.287645 5.214031 -8.731625
v 11.762556 3.595148 -8.807437
v 11.759727 3.593690 -8.789798
v 11.762020 3.595635 -8.825346
v 11.289940 5.215976 -8.767174
v 11.284548 5.228892 -8.767133
v 11.276356 5.240464 -8.767971
v 11.273835 5.237515 -8.785383
v 11.268586 5.232745 -8.801681
v 11.260414 5.240234 -8.802969
v 11.250648 5.246073 -8.804852
v 11.274855 5.223886 -8.801038
v 11.281212 5.227098 -8.784630
v 11.286061 5.215474 -8.784665
v 11.758142 3.595133 -8.842838
v 11.751061 3.593659 -8.859242
v 11.278983 5.213999 -8.801069
v 11.268982 5.211613 -8.815752
v 11.265741 5.219381 -8.815728
v 11.741060 3.591272 -8.873925
v 12.055972 2.262125 -8.861432
v 12.060020 2.265460 -8.878545
v 12.043392 2.262299 -8.883217
v 12.039022 2.258900 -8.866193
v 12.026597 2.262047 -8.887608
v 12.021894 2.258647 -8.870671
v 12.010267 2.264718 -8.891552
v 12.005249 2.261367 -8.874696
v 11.995040 2.270207 -8.894898
v 11.989723 2.266963 -8.878102
v 12.001873 2.275984 -8.910301
v 12.016217 2.270813 -8.907152
v 12.031594 2.268302 -8.903440
v 12.047419 2.268533 -8.899301
v 12.063081 2.271515 -8.894898
v 12.077976 2.277117 -8.890402
v 12.075831 2.271410 -8.873772
v 12.072096 2.268190 -8.856565
v 12.090225 2.279920 -8.869084
v 12.086768 2.276870 -8.851784
v 12.102642 2.290665 -8.864658
v 12.099432 2.287822 -8.847269
v 12.112608 2.303231 -8.860664
v 12.109591 2.300632 -8.843201
v 12.112620 2.307092 -8.878057
v 12.103231 2.295254 -8.881818
v 12.091533 2.285138 -8.885987
v 12.090648 2.292308 -8.901846
v 12.078447 2.285093 -8.905821
v 12.065041 2.280049 -8.909864
v 12.050948 2.277369 -8.913828
v 12.036708 2.277155 -8.917552
v 12.022865 2.279423 -8.920896
v 12.009953 2.284073 -8.923727
v 12.018976 2.294162 -8.934659
v 12.029958 2.290206 -8.932249
v 12.041728 2.288281 -8.929401
v 12.053838 2.288462 -8.926237
v 12.065823 2.290740 -8.922868
v 12.077223 2.295032 -8.919426
v 12.087599 2.301166 -8.916043
v 12.096551 2.308912 -8.912853
v 12.101173 2.301419 -8.898092
v 12.109624 2.312069 -8.894708
v 12.103741 2.317971 -8.909976
v 12.001873 2.275984 -8.910301
v 12.009953 2.284073 -8.923727
v 11.998473 2.290937 -8.925947
v 11.989119 2.283607 -8.912767
v 11.995040 2.270207 -8.894898
v 11.981497 2.278301 -8.897514
v 11.989723 2.266963 -8.878102
v 11.975915 2.275216 -8.880770
v 11.970156 2.288693 -8.899301
v 11.964355 2.285809 -8.882590
v 11.961462 2.300977 -8.900187
v 11.955485 2.298335 -8.883496
v 11.955741 2.314688 -8.900146
v 11.949650 2.312313 -8.883453
v 11.596290 3.548444 -8.855852
v 11.590199 3.546072 -8.839160
v 11.605402 3.551642 -8.870953
v 11.964852 2.317884 -8.915247
v 11.970245 2.304971 -8.915288
v 11.978435 2.293395 -8.914449
v 11.988862 2.299742 -8.927460
v 11.981488 2.310161 -8.928214
v 11.976639 2.321782 -8.928178
v 11.617188 3.555540 -8.883883
v 11.631194 3.559989 -8.894148
v 11.990644 2.326231 -8.938442
v 11.994765 2.316349 -8.938472
v 12.001038 2.307490 -8.937830
v 12.112620 2.307092 -8.878057
v 12.119340 2.320185 -8.874848
v 12.115672 2.323858 -8.891818
v 12.109624 2.312069 -8.894708
v 12.108883 2.327998 -8.907523
v 12.103741 2.317971 -8.909976
v 12.111785 2.338599 -8.905586
v 12.119088 2.336322 -8.889542
v 12.123132 2.334039 -8.872317
v 12.119742 2.317133 -8.857258
v 12.112608 2.303231 -8.860664
v 12.109591 2.300632 -8.843201
v 12.116870 2.314810 -8.839728
v 12.123768 2.331841 -8.854570
v 12.120972 2.329801 -8.836988
v 12.124533 2.346783 -8.852706
v 12.121750 2.345038 -8.835086
v 12.122007 2.361390 -8.851731
v 12.119176 2.359932 -8.834092
v 11.762556 3.595148 -8.807437
v 11.759727 3.593690 -8.789798
v 11.762020 3.595635 -8.825346
v 12.121472 2.361877 -8.869640
v 12.123851 2.348119 -8.870558
v 12.119737 2.348995 -8.887959
v 12.112334 2.349373 -8.904239
v 12.110514 2.359901 -8.903537
v 12.117594 2.361375 -8.887133
v 11.758142 3.595133 -8.842838
v 11.751061 3.593659 -8.859242
v 11.741060 3.591272 -8.873925
v 12.100513 2.357514 -8.918220
v 10.990602 5.212258 -8.853958
v 10.977454 5.207279 -8.865035
v 10.988580 5.209507 -8.878882
v 11.001476 5.214385 -8.868016
v 11.015184 5.216482 -8.857250
v 11.004580 5.214391 -8.842981
v 11.029180 5.215703 -8.847000
v 11.018849 5.213601 -8.832529
v 11.042923 5.212086 -8.837659
v 11.032860 5.209916 -8.823003
v 11.055883 5.205770 -8.829580
v 11.046080 5.203475 -8.814769
v 11.064013 5.205470 -8.845432
v 11.051800 5.211423 -8.853038
v 11.038856 5.214831 -8.861840
v 11.025671 5.215560 -8.871499
v 11.012759 5.213590 -8.881638
v 11.000607 5.208989 -8.891874
v 10.989693 5.201943 -8.901808
v 10.976991 5.202022 -8.889429
v 10.965638 5.199650 -8.875790
v 10.967155 5.192223 -8.899256
v 10.955609 5.189664 -8.885806
v 10.959455 5.180490 -8.907978
v 10.947756 5.177698 -8.894701
v 10.954177 5.167265 -8.915266
v 10.942378 5.164218 -8.902133
v 10.968203 5.169202 -8.926147
v 10.973174 5.181655 -8.919280
v 10.980430 5.192711 -8.911064
v 10.994925 5.191109 -8.920781
v 11.003263 5.199414 -8.912450
v 11.013088 5.205757 -8.903508
v 11.024018 5.209899 -8.894297
v 11.035639 5.211670 -8.885171
v 11.047508 5.211013 -8.876481
v 11.059156 5.207948 -8.868562
v 11.070144 5.202589 -8.861714
v 11.064706 5.201791 -8.883621
v 11.054796 5.204398 -8.890356
v 11.044706 5.204960 -8.897746
v 11.034822 5.203453 -8.905509
v 11.025524 5.199932 -8.913340
v 11.017170 5.194534 -8.920948
v 11.010078 5.187469 -8.928031
v 11.004524 5.179012 -8.934318
v 10.988394 5.181157 -8.928178
v 10.983920 5.169949 -8.934353
v 11.030887 5.187494 -8.926973
v 11.037450 5.191732 -8.920997
v 11.044754 5.194500 -8.914841
v 11.052524 5.195684 -8.908742
v 11.060452 5.195245 -8.902939
v 11.068237 5.193196 -8.897643
v 10.954177 5.167265 -8.915266
v 10.951530 5.153066 -8.920842
v 10.965714 5.155826 -8.931400
v 10.968203 5.169202 -8.926147
v 10.942378 5.164218 -8.902133
v 10.939682 5.149739 -8.907819
v 10.951619 5.138432 -8.924483
v 10.939768 5.134815 -8.911531
v 10.954433 5.123930 -8.926061
v 10.942638 5.120030 -8.913136
v 11.426514 3.503590 -8.984234
v 11.414718 3.499689 -8.971311
v 11.440525 3.508040 -8.994485
v 10.968444 5.128382 -8.936312
v 10.965794 5.142044 -8.934831
v 11.044754 5.194500 -8.914841
v 11.053440 5.183389 -8.921934
v 11.058789 5.184203 -8.917738
v 11.052524 5.195684 -8.908742
v 11.064250 5.183901 -8.913737
v 11.060452 5.195245 -8.902939
v 11.069611 5.182492 -8.910090
v 11.068237 5.193196 -8.897643
v 11.068778 5.170084 -8.920482
v 11.066042 5.170804 -8.922341
v 11.063259 5.170956 -8.924381
v 11.060534 5.170537 -8.926522
v 11.071356 5.168827 -8.918875
v 11.074670 5.180026 -8.906940
v 11.073679 5.167081 -8.917584
v 11.079227 5.176599 -8.904402
v 11.075659 5.164916 -8.916652
v 11.083112 5.172348 -8.902582
v 11.077221 5.162410 -8.916123
v 11.086170 5.167435 -8.901538
v 11.068237 5.193196 -8.897643
v 11.069611 5.182492 -8.910090
v 11.074670 5.180026 -8.906940
v 11.075578 5.189619 -8.893068
v 11.064706 5.201791 -8.883621
v 11.074050 5.197241 -8.877797
v 11.059156 5.207948 -8.868562
v 11.070144 5.202589 -8.861714
v 11.082477 5.190911 -8.873111
v 11.080050 5.195151 -8.856204
v 11.064013 5.205470 -8.845432
v 11.075018 5.197205 -8.839310
v 11.055883 5.205770 -8.829580
v 11.067570 5.196992 -8.823082
v 11.046080 5.203475 -8.814769
v 11.057992 5.194526 -8.808142
v 11.077527 5.186097 -8.818411
v 11.068143 5.183416 -8.803379
v 11.085374 5.173497 -8.815742
v 11.076148 5.170569 -8.800659
v 11.090809 5.159683 -8.815187
v 11.081688 5.156483 -8.800090
v 11.562891 3.539342 -8.873361
v 11.553769 3.536142 -8.858263
v 11.568992 3.541719 -8.890045
v 11.096910 5.162060 -8.831872
v 11.091789 5.175076 -8.832399
v 11.084396 5.186940 -8.834909
v 11.088491 5.185916 -8.852242
v 11.089653 5.183057 -8.869745
v 11.087836 5.178473 -8.886739
v 11.082196 5.184647 -8.889389
v 11.079227 5.176599 -8.904402
v 11.083112 5.172348 -8.902582
v 11.086170 5.167435 -8.901538
v 11.092282 5.171340 -8.885228
v 11.095312 5.173975 -8.867824
v 11.095142 5.175234 -8.849983
v 11.099756 5.163522 -8.849508
v 11.571836 3.543180 -8.907682
v 11.571313 3.543672 -8.925593
v 11.099230 5.164012 -8.867419
v 11.095363 5.163514 -8.884913
v 11.088294 5.162043 -8.901322
v 11.078306 5.159659 -8.916012
v 11.077221 5.162410 -8.916123
v 11.550385 3.539318 -8.974185
v 11.560375 3.541702 -8.959496
v 11.567442 3.543173 -8.943087
v 11.865250 2.210160 -8.961740
v 11.875299 2.215130 -8.975695
v 11.861590 2.213038 -8.986461
v 11.851274 2.208025 -8.972713
v 11.847595 2.213813 -8.996711
v 11.837007 2.208820 -8.983166
v 11.833849 2.217429 -9.006056
v 11.822994 2.212504 -8.992692
v 11.820890 2.223749 -9.014131
v 11.809778 2.218945 -9.000926
v 11.809204 2.232523 -9.020629
v 11.797864 2.227894 -9.007552
v 11.821867 2.239136 -9.031342
v 11.832873 2.230873 -9.025219
v 11.845085 2.224919 -9.017613
v 11.858028 2.221517 -9.008811
v 11.871212 2.220780 -8.999156
v 11.884126 2.222758 -8.989014
v 11.896275 2.227351 -8.978782
v 11.888193 2.220013 -8.964828
v 11.878403 2.215136 -8.950660
v 11.899784 2.227494 -8.954282
v 11.890219 2.222769 -8.939905
v 11.909617 2.237293 -8.944460
v 11.900247 2.232755 -8.929888
v 11.917318 2.249028 -8.935733
v 11.908102 2.244722 -8.920993
v 11.922596 2.262252 -8.928445
v 11.913479 2.258204 -8.913562
v 11.923714 2.254687 -8.951371
v 11.916456 2.243631 -8.959587
v 11.907194 2.234406 -8.968843
v 11.912164 2.243222 -8.983030
v 11.902334 2.236876 -8.991972
v 11.891401 2.232740 -9.001183
v 11.879783 2.230965 -9.010308
v 11.867919 2.231622 -9.018999
v 11.856267 2.234691 -9.026922
v 11.845277 2.240045 -9.033770
v 11.866961 2.246357 -9.033622
v 11.876870 2.243751 -9.026887
v 11.886959 2.243190 -9.019492
v 11.896843 2.244700 -9.011734
v 11.906141 2.248219 -9.003899
v 11.914495 2.253615 -8.996295
v 11.921587 2.260678 -8.989213
v 11.920498 2.251531 -8.974703
v 11.927027 2.261476 -8.967306
v 11.919686 2.270733 -9.002565
v 11.914116 2.265179 -9.008133
v 11.907550 2.260943 -9.014105
v 11.900242 2.258177 -9.020260
v 11.892474 2.256991 -9.026360
v 11.809204 2.232523 -9.020629
v 11.821867 2.239136 -9.031342
v 11.812490 2.249403 -9.035746
v 11.799245 2.243421 -9.025304
v 11.797864 2.227894 -9.007552
v 11.787714 2.239003 -9.012320
v 11.791400 2.256017 -9.027967
v 11.779709 2.251846 -9.015036
v 11.785964 2.269832 -9.028528
v 11.774170 2.265932 -9.015604
v 11.426514 3.503590 -8.984234
v 11.414718 3.499689 -8.971311
v 11.440525 3.508040 -8.994485
v 11.799976 2.274283 -9.038779
v 11.805095 2.261271 -9.038256
v 11.900242 2.258177 -9.020260
v 11.907550 2.260943 -9.014105
v 11.906503 2.274560 -9.022200
v 11.901472 2.272653 -9.026435
v 11.903041 2.288540 -9.027865
v 11.900477 2.287569 -9.030026
v 11.905345 2.290030 -9.025766
v 11.911025 2.277477 -9.018084
v 11.914116 2.265179 -9.008133
v 11.914864 2.281299 -9.014249
v 11.919686 2.270733 -9.002565
v 11.907304 2.291980 -9.023811
v 11.908834 2.294314 -9.022076
v 11.917868 2.285880 -9.010846
v 11.909883 2.296943 -9.020628
v 11.919925 2.291036 -9.007999
v 11.910409 2.299767 -9.019516
v 11.920958 2.296577 -9.005827
v 11.910392 2.302679 -9.018793
v 11.920919 2.302286 -9.004402
v 11.909837 2.305561 -9.018479
v 11.919826 2.307944 -9.003790
v 11.919686 2.270733 -9.002565
v 11.924046 2.277382 -8.997623
v 11.917868 2.285880 -9.010846
v 11.914864 2.281299 -9.014249
v 11.921587 2.260678 -8.989213
v 11.927142 2.269139 -8.982922
v 11.920498 2.251531 -8.974703
v 11.927027 2.261476 -8.967306
v 11.930947 2.278675 -8.977666
v 11.931501 2.272689 -8.961126
v 11.923714 2.254687 -8.951371
v 11.928683 2.267138 -8.944504
v 11.917318 2.249028 -8.935733
v 11.922596 2.262252 -8.928445
v 11.931173 2.280516 -8.939256
v 11.925241 2.276454 -8.922873
v 11.913479 2.258204 -8.913562
v 11.916174 2.272679 -8.907880
v 11.925154 2.291083 -8.919227
v 11.916090 2.287600 -8.904163
v 11.922340 2.305585 -8.917655
v 11.913220 2.302385 -8.902557
v 11.562891 3.539342 -8.873361
v 11.553769 3.536142 -8.858263
v 11.568992 3.541719 -8.890045
v 11.928442 2.307961 -8.934340
v 11.931091 2.294303 -8.935824
v 11.933668 2.297131 -8.953312
v 11.933743 2.284724 -8.956400
v 11.932853 2.288911 -8.973651
v 11.928535 2.292911 -8.990335
v 11.927037 2.284867 -8.993497
v 11.919925 2.291036 -9.007999
v 11.920958 2.296577 -9.005827
v 11.920919 2.302286 -9.004402
v 11.928485 2.301202 -8.988272
v 11.932792 2.299461 -8.971024
v 11.930763 2.309914 -8.969887
v 11.931286 2.309423 -8.951977
v 11.571836 3.543180 -8.907682
v 11.571313 3.543672 -8.925593
v 11.567442 3.543173 -8.943087
v 11.926892 2.309414 -8.987381
v 11.919826 2.307944 -9.003790
v 11.560375 3.541702 -8.959496
v 11.550385 3.539318 -8.974185
v 11.909837 2.305561 -9.018479
v 10.850657 5.177531 -9.022318
v 10.842554 5.174183 -9.037924
v 10.857982 5.177471 -9.046383
v 10.865931 5.180749 -9.031080
v 10.874691 5.181245 -9.015872
v 10.859593 5.178031 -9.006814
v 10.883928 5.178927 -9.001353
v 10.869008 5.175670 -8.992008
v 10.893290 5.173891 -8.988073
v 10.878551 5.170539 -8.978470
v 10.902408 5.166331 -8.976546
v 10.887849 5.162830 -8.966720
v 10.910939 5.156534 -8.967218
v 10.896545 5.152842 -8.957206
v 10.915809 5.167418 -8.988242
v 10.907216 5.174541 -8.999097
v 10.898400 5.179287 -9.011608
v 10.889697 5.181466 -9.025286
v 10.881444 5.181002 -9.039609
v 10.873960 5.177913 -9.054027
v 10.867522 5.172316 -9.067984
v 10.851153 5.171526 -9.061204
v 10.835591 5.168125 -9.053031
v 10.845702 5.163145 -9.074961
v 10.830030 5.159584 -9.067060
v 10.841841 5.152656 -9.087135
v 10.826098 5.148887 -9.079472
v 10.839721 5.140453 -9.097254
v 10.823936 5.136447 -9.089791
v 10.856756 5.143043 -9.101944
v 10.858753 5.154535 -9.092413
v 10.862391 5.164421 -9.080944
v 10.879455 5.163354 -9.084777
v 10.884075 5.170457 -9.073112
v 10.889867 5.175496 -9.060550
v 10.896605 5.178279 -9.047572
v 10.904035 5.178694 -9.034680
v 10.911864 5.176732 -9.022374
v 10.919797 5.172464 -9.011117
v 10.927528 5.166051 -9.001346
v 10.930552 5.167733 -9.023666
v 10.923805 5.171364 -9.033237
v 10.917143 5.173035 -9.043708
v 10.910830 5.172683 -9.054672
v 10.905099 5.170316 -9.065705
v 10.900172 5.166028 -9.076389
v 10.896245 5.159987 -9.086308
v 10.893457 5.152426 -9.095085
v 10.876182 5.154457 -9.095094
v 10.912107 5.154453 -9.085485
v 10.915195 5.159199 -9.077689
v 10.919066 5.162566 -9.069296
v 10.923564 5.164425 -9.060628
v 10.928530 5.164702 -9.052012
v 10.919066 5.162566 -9.069296
v 10.915195 5.159199 -9.077689
v 10.928567 5.150229 -9.076967
v 10.931232 5.152550 -9.071183
v 10.926436 5.146963 -9.082335
v 10.912107 5.154453 -9.085485
v 10.924931 5.142869 -9.087083
v 10.909919 5.148509 -9.092379
v 10.896245 5.159987 -9.086308
v 10.893457 5.152426 -9.095085
v 10.908718 5.141598 -9.098111
v 10.891931 5.143629 -9.102382
v 10.876182 5.154457 -9.095094
v 10.874384 5.144114 -9.103675
v 10.858753 5.154535 -9.092413
v 10.856756 5.143043 -9.101944
v 10.874130 5.132723 -9.110181
v 10.856471 5.130382 -9.109175
v 10.839721 5.140453 -9.097254
v 10.839420 5.127012 -9.104934
v 10.823936 5.136447 -9.089791
v 10.823626 5.122740 -9.097618
v 10.840948 5.112845 -9.109872
v 10.825183 5.108293 -9.102654
v 10.844250 5.098501 -9.111883
v 10.828550 5.093670 -9.104704
v 11.316329 3.478161 -9.170056
v 11.300633 3.473329 -9.162877
v 11.333102 3.483184 -9.173897
v 10.861024 5.103525 -9.115724
v 10.857910 5.117040 -9.113830
v 10.875424 5.120713 -9.114371
v 10.892813 5.123724 -9.111476
v 10.891711 5.133937 -9.107913
v 10.908551 5.133984 -9.102461
v 10.923988 5.132861 -9.094027
v 10.924105 5.138104 -9.091034
v 10.937496 5.133286 -9.081413
v 10.937921 5.135714 -9.079401
v 10.938687 5.137802 -9.076980
v 10.939771 5.139469 -9.074244
v 10.937436 5.130615 -9.082943
v 10.937738 5.127798 -9.083923
v 10.924584 5.127337 -9.095955
v 10.909413 5.125960 -9.105257
v 10.911284 5.117835 -9.106400
v 10.895197 5.113380 -9.112927
v 10.878226 5.108551 -9.116075
v 11.350307 3.488210 -9.174248
v 11.367277 3.493041 -9.171101
v 11.383366 3.497494 -9.164573
v 11.397956 3.501398 -9.154913
v 10.925874 5.121738 -9.096739
v 10.938396 5.124941 -9.084326
v 11.410476 3.504600 -9.142499
v 10.904310 5.140959 -8.950298
v 10.918552 5.144879 -8.960443
v 10.924957 5.131814 -8.956483
v 10.910843 5.127635 -8.946259
v 10.929903 5.117841 -8.955488
v 10.915884 5.113389 -8.945245
v 11.401983 3.497499 -9.013661
v 11.387966 3.493047 -9.003419
v 11.725305 2.175433 -9.130098
v 11.739752 2.181494 -9.138759
v 11.730990 2.181002 -9.153962
v 11.716374 2.174928 -9.145602
v 11.721757 2.183316 -9.168486
v 11.706959 2.177293 -9.160408
v 11.712397 2.188353 -9.181761
v 11.697416 2.182425 -9.173946
v 11.703276 2.195915 -9.193288
v 11.688119 2.190134 -9.185697
v 11.694749 2.205711 -9.202617
v 11.679421 2.200124 -9.195210
v 11.718452 2.203752 -9.198352
v 11.727044 2.196629 -9.187493
v 11.735858 2.191889 -9.174987
v 11.744562 2.189704 -9.161309
v 11.752811 2.190170 -9.146985
v 11.760301 2.193257 -9.132568
v 11.747700 2.184775 -9.123450
v 11.733416 2.178776 -9.114493
v 11.754534 2.190718 -9.108635
v 11.740377 2.184839 -9.099385
v 11.759986 2.199098 -9.094874
v 11.745937 2.193380 -9.085356
v 11.763843 2.209590 -9.082699
v 11.749869 2.204077 -9.072945
v 11.765965 2.221792 -9.072580
v 11.752033 2.216519 -9.062625
v 11.777506 2.228125 -9.084646
v 11.775507 2.216635 -9.094181
v 11.771872 2.206749 -9.105646
v 11.766737 2.198861 -9.118610
v 11.776519 2.208941 -9.128923
v 11.770728 2.203902 -9.141481
v 11.763988 2.201121 -9.154458
v 11.756561 2.200702 -9.167351
v 11.748730 2.202666 -9.179661
v 11.740795 2.206937 -9.190918
v 11.733065 2.213344 -9.200685
v 11.753127 2.218875 -9.191899
v 11.759871 2.215244 -9.182328
v 11.766532 2.213575 -9.171857
v 11.772851 2.213930 -9.160897
v 11.778577 2.216294 -9.149860
v 11.783504 2.220580 -9.139175
v 11.787433 2.226622 -9.129257
v 11.781139 2.216047 -9.117258
v 11.784410 2.224938 -9.106937
v 11.787428 2.233325 -9.148982
v 11.783554 2.229961 -9.157374
v 11.779051 2.228103 -9.166047
v 11.774091 2.227825 -9.174659
v 11.768859 2.229132 -9.182884
v 11.778947 2.242905 -9.175645
v 11.780909 2.258232 -9.174781
v 11.779073 2.258694 -9.177670
v 11.775342 2.243806 -9.181314
v 11.774091 2.227825 -9.174659
v 11.768859 2.229132 -9.182884
v 11.771688 2.245770 -9.186494
v 11.763556 2.231990 -9.190408
v 11.759871 2.215244 -9.182328
v 11.753127 2.218875 -9.191899
v 11.758388 2.236273 -9.196934
v 11.746549 2.224325 -9.200209
v 11.740795 2.206937 -9.190918
v 11.733065 2.213344 -9.200685
v 11.740401 2.231391 -9.206936
v 11.725832 2.221652 -9.208596
v 11.718452 2.203752 -9.198352
v 11.710420 2.212978 -9.207139
v 11.703276 2.195915 -9.193288
v 11.694749 2.205711 -9.202617
v 11.703248 2.223958 -9.213521
v 11.687134 2.217367 -9.209395
v 11.679421 2.200124 -9.195210
v 11.671658 2.212004 -9.202118
v 11.680728 2.230430 -9.213356
v 11.665126 2.225324 -9.206158
v 11.675780 2.244402 -9.214351
v 11.660083 2.239572 -9.207171
v 11.316329 3.478161 -9.170056
v 11.300633 3.473329 -9.162877
v 11.333102 3.483184 -9.173897
v 11.692554 2.249427 -9.218191
v 11.697214 2.236266 -9.217255
v 11.713951 2.242609 -9.217700
v 11.719380 2.231531 -9.214338
v 11.734910 2.239790 -9.211818
v 11.749247 2.248421 -9.206058
v 11.753558 2.241818 -9.202219
v 11.764802 2.252543 -9.194632
v 11.768130 2.248722 -9.190989
v 11.775399 2.261200 -9.182601
v 11.777212 2.259699 -9.180309
v 11.773701 2.263149 -9.184457
v 11.772186 2.265466 -9.185807
v 11.761833 2.257090 -9.197272
v 11.759335 2.262189 -9.198819
v 11.745619 2.255824 -9.208301
v 11.730291 2.249211 -9.214677
v 11.726727 2.259283 -9.215395
v 11.709760 2.254452 -9.218542
v 11.350307 3.488210 -9.174248
v 11.367277 3.493041 -9.171101
v 11.383366 3.497494 -9.164573
v 11.742815 2.263736 -9.208867
v 11.757406 2.267640 -9.199206
v 11.769927 2.270842 -9.186793
v 11.770909 2.268065 -9.186592
v 11.410476 3.504600 -9.142499
v 11.397956 3.501398 -9.154913
v 11.660083 2.239572 -9.207171
v 11.300633 3.473329 -9.162877
v 11.290655 3.471076 -9.181094
v 11.650105 2.237317 -9.225389
v 11.665126 2.225324 -9.206158
v 11.654311 2.222882 -9.225906
v 11.671658 2.212004 -9.202118
v 11.658357 2.209002 -9.226405
v 11.679421 2.200124 -9.195210
v 11.662084 2.196208 -9.226864
v 11.688119 2.190134 -9.185697
v 11.665352 2.184992 -9.227267
v 11.697416 2.182425 -9.173946
v 11.668032 2.175790 -9.227597
v 11.706959 2.177293 -9.160408
v 11.670024 2.168952 -9.227842
v 11.716374 2.174928 -9.145602
v 11.671249 2.164739 -9.227994
v 11.725305 2.175433 -9.130098
v 11.671664 2.163321 -9.228045
v 11.684468 2.119366 -9.229623
v 11.738111 2.131479 -9.131677
v 11.792645 2.143816 -9.032756
v 11.779840 2.187770 -9.031178
v 11.779426 2.189189 -9.031126
v 11.733416 2.178776 -9.114493
v 11.778198 2.193402 -9.030975
v 11.740377 2.184839 -9.099385
v 11.776206 2.200238 -9.030730
v 11.745937 2.193380 -9.085356
v 11.773526 2.209441 -9.030399
v 11.749869 2.204077 -9.072945
v 11.770258 2.220657 -9.029997
v 11.752033 2.216519 -9.062625
v 11.766531 2.233450 -9.029537
v 11.752343 2.230223 -9.054799
v 11.762488 2.247330 -9.029039
v 11.750783 2.244665 -9.049763
v 11.758282 2.261766 -9.028521
v 11.747416 2.259289 -9.047712
v 11.398829 3.495525 -8.984226
v 11.387966 3.493047 -9.003419
v 11.657519 2.163247 -9.340788
v 11.659278 2.164663 -9.323034
v 11.660136 2.168874 -9.305859
v 11.660070 2.175709 -9.289922
v 11.659079 2.184908 -9.275837
v 11.657194 2.196123 -9.264150
v 11.654496 2.208914 -9.255304
v 11.651089 2.222795 -9.249640
v 11.647095 2.237231 -9.247379
v 11.290655 3.471076 -9.181094
v 11.287643 3.470988 -9.203085
v 11.670323 2.119293 -9.342366
v 11.656640 2.119308 -9.453865
v 11.643834 2.163264 -9.452287
v 11.643420 2.164682 -9.452236
v 11.654932 2.164669 -9.358444
v 11.642192 2.168896 -9.452085
v 11.651612 2.168884 -9.375317
v 11.640202 2.175732 -9.451838
v 11.647698 2.175724 -9.390763
v 11.637518 2.184935 -9.451509
v 11.643328 2.184928 -9.404187
v 11.634252 2.196151 -9.451106
v 11.638673 2.196146 -9.415069
v 11.630524 2.208943 -9.450646
v 11.633917 2.208939 -9.422996
v 11.626478 2.222824 -9.450149
v 11.629241 2.222822 -9.427664
v 11.622274 2.237260 -9.449630
v 11.624820 2.237258 -9.428887
v 11.262823 3.471018 -9.405335
v 11.265369 3.471016 -9.384593
v 11.632234 2.225331 -9.473264
v 11.627584 2.239576 -9.471052
v 11.262823 3.471018 -9.405335
v 11.268132 3.473334 -9.426758
v 11.637588 2.212010 -9.478761
v 11.643451 2.200131 -9.487347
v 11.649592 2.190145 -9.498681
v 11.655770 2.182440 -9.512336
v 11.661752 2.177312 -9.527780
v 11.667314 2.174953 -9.544424
v 11.672234 2.175462 -9.561626
v 11.685040 2.131508 -9.563205
v 11.713411 2.143653 -9.671215
v 11.700607 2.187607 -9.669637
v 11.700193 2.189025 -9.669586
v 11.676326 2.178811 -9.578728
v 11.698963 2.193239 -9.669435
v 11.679430 2.184879 -9.595074
v 11.696973 2.200075 -9.669189
v 11.681430 2.193424 -9.610026
v 11.694291 2.209278 -9.668859
v 11.682252 2.204124 -9.623017
v 11.691024 2.220495 -9.668456
v 11.681851 2.216569 -9.633551
v 11.687297 2.233287 -9.667997
v 11.680261 2.230276 -9.641212
v 11.683251 2.247168 -9.667499
v 11.677529 2.244719 -9.645719
v 11.679049 2.261604 -9.666981
v 11.673765 2.259344 -9.646888
v 11.319594 3.495362 -9.622686
v 11.314315 3.493102 -9.602594
v 11.697095 2.251882 -9.686466
v 11.691855 2.265967 -9.684569
v 11.319594 3.495362 -9.622686
v 11.332403 3.499725 -9.640275
v 11.704204 2.239040 -9.691043
v 11.712901 2.227933 -9.698120
v 11.722856 2.218985 -9.707437
v 11.733693 2.212548 -9.718622
v 11.744985 2.208868 -9.731255
v 11.756304 2.208076 -9.744848
v 11.767211 2.210216 -9.758879
v 11.780015 2.166262 -9.760457
v 11.846107 2.188677 -9.848480
v 11.833302 2.232632 -9.846903
v 11.832889 2.234050 -9.846851
v 11.777291 2.215194 -9.772802
v 11.831661 2.238264 -9.846700
v 11.786160 2.222832 -9.786095
v 11.829668 2.245100 -9.846455
v 11.793468 2.232822 -9.798237
v 11.826987 2.254303 -9.846125
v 11.798936 2.244789 -9.808765
v 11.823719 2.265519 -9.845721
v 11.802360 2.258274 -9.817272
v 11.819993 2.278312 -9.845263
v 11.803603 2.272753 -9.823435
v 11.815948 2.292192 -9.844764
v 11.802617 2.287672 -9.827014
v 11.811743 2.306628 -9.844246
v 11.799449 2.302459 -9.827870
v 11.452293 3.540387 -9.799952
v 11.439998 3.536217 -9.783576
v 11.750783 2.244665 -9.049763
v 11.747416 2.259289 -9.047712
v 11.761434 2.263742 -9.057956
v 11.764738 2.249399 -9.059967
v 11.401983 3.497499 -9.013661
v 11.387966 3.493047 -9.003419
v 10.782868 5.165346 -9.233007
v 10.781110 5.163924 -9.250766
v 10.798546 5.167557 -9.252561
v 10.800269 5.168945 -9.235143
v 10.802810 5.167552 -9.217830
v 10.785457 5.163918 -9.215355
v 10.806059 5.163418 -9.201281
v 10.788767 5.159706 -9.198483
v 10.809905 5.156707 -9.186130
v 10.792688 5.152868 -9.183037
v 10.814185 5.147682 -9.172968
v 10.797056 5.143661 -9.169612
v 10.830942 5.149532 -9.178728
v 10.826908 5.158038 -9.191128
v 10.823286 5.164360 -9.205397
v 10.820223 5.168251 -9.220988
v 10.817835 5.169567 -9.237299
v 10.816209 5.168256 -9.253703
v 10.815410 5.164369 -9.269574
v 10.797700 5.163429 -9.269406
v 10.780246 5.159716 -9.267941
v 10.797767 5.156721 -9.285034
v 10.780315 5.152884 -9.283877
v 10.798738 5.147699 -9.298848
v 10.781303 5.143680 -9.297962
v 10.800587 5.136700 -9.310311
v 10.783187 5.132468 -9.309649
v 10.818131 5.139193 -9.308108
v 10.816392 5.149549 -9.297308
v 10.815471 5.158051 -9.284297
v 10.832757 5.156819 -9.281688
v 10.832701 5.162501 -9.268438
v 10.833420 5.166000 -9.254157
v 10.834877 5.167183 -9.239393
v 10.837031 5.165996 -9.224710
v 10.839789 5.162494 -9.210685
v 10.843047 5.156806 -9.197840
v 10.846680 5.149151 -9.186680
v 10.857699 5.153055 -9.206005
v 10.854934 5.157893 -9.216928
v 10.852583 5.160874 -9.228859
v 10.850758 5.161884 -9.241343
v 10.849511 5.160879 -9.253898
v 10.848905 5.157900 -9.266044
v 10.848950 5.153065 -9.277312
v 10.849652 5.146564 -9.287269
v 10.833583 5.149166 -9.293397
v 10.863436 5.146945 -9.271334
v 10.863401 5.150743 -9.262481
v 10.863876 5.153080 -9.252938
v 10.864853 5.153871 -9.243073
v 10.816392 5.149549 -9.297308
v 10.818131 5.139193 -9.308108
v 10.835146 5.139843 -9.303114
v 10.833583 5.149166 -9.293397
v 10.850987 5.138634 -9.295534
v 10.849652 5.146564 -9.287269
v 10.865032 5.135603 -9.285650
v 10.863988 5.141833 -9.279158
v 10.866531 5.128495 -9.290568
v 10.852889 5.129589 -9.301791
v 10.837388 5.129209 -9.310471
v 10.820624 5.127372 -9.316278
v 10.800587 5.136700 -9.310311
v 10.803234 5.124154 -9.318989
v 10.783187 5.132468 -9.309649
v 10.785886 5.119676 -9.318495
v 10.806576 5.110538 -9.324542
v 10.789299 5.105791 -9.324160
v 10.810494 5.096381 -9.326763
v 10.793288 5.091356 -9.326420
v 11.282576 3.476040 -9.384935
v 11.265369 3.471016 -9.384593
v 11.299542 3.480870 -9.381775
v 10.827460 5.101211 -9.323602
v 10.823773 5.114551 -9.321512
v 10.840227 5.117667 -9.315182
v 10.855305 5.119773 -9.305793
v 10.868427 5.120786 -9.293713
v 10.870644 5.112763 -9.294971
v 10.858129 5.109564 -9.307394
v 10.843548 5.105663 -9.317060
v 11.315626 3.485322 -9.375233
v 11.330210 3.489223 -9.365567
v 11.342724 3.492422 -9.353144
v 10.814185 5.147682 -9.172968
v 10.830942 5.149532 -9.178728
v 10.835245 5.139172 -9.168672
v 10.818751 5.136677 -9.162291
v 10.797056 5.143661 -9.169612
v 10.801707 5.132446 -9.158730
v 10.823416 5.124129 -9.154518
v 10.806464 5.119650 -9.150804
v 10.828002 5.110512 -9.149938
v 10.811146 5.105764 -9.146136
v 10.832338 5.096354 -9.148739
v 10.815564 5.091329 -9.144912
v 11.304419 3.476012 -9.206912
v 11.287643 3.470988 -9.203085
v 11.320122 3.480844 -9.214079
v 10.848041 5.101185 -9.155906
v 10.843956 5.114526 -9.157037
v 10.839634 5.127349 -9.161349
v 10.862068 5.105639 -9.166141
v 10.858393 5.117645 -9.167161
v 11.334148 3.485299 -9.224314
v 11.657519 2.163247 -9.340788
v 11.674090 2.169691 -9.342821
v 11.671556 2.171087 -9.360139
v 11.654932 2.164669 -9.358444
v 11.668305 2.175219 -9.376688
v 11.651612 2.168884 -9.375317
v 11.664460 2.181929 -9.391834
v 11.647698 2.175724 -9.390763
v 11.660173 2.190958 -9.405001
v 11.643328 2.184928 -9.404187
v 11.676090 2.198766 -9.403246
v 11.680126 2.190260 -9.390846
v 11.683744 2.183944 -9.376577
v 11.686811 2.180047 -9.360986
v 11.689203 2.178735 -9.344675
v 11.690825 2.180042 -9.328271
v 11.675817 2.171083 -9.325408
v 11.659278 2.164663 -9.323034
v 11.676664 2.175209 -9.308562
v 11.660136 2.168874 -9.305859
v 11.676600 2.181915 -9.292931
v 11.660070 2.175709 -9.289922
v 11.675620 2.190939 -9.279120
v 11.659079 2.184908 -9.275837
v 11.673778 2.201937 -9.267653
v 11.657194 2.196123 -9.264150
v 11.688909 2.209107 -9.273867
v 11.690643 2.198749 -9.284667
v 11.691563 2.190246 -9.297677
v 11.691622 2.183935 -9.312400
v 11.704447 2.194701 -9.317234
v 11.703728 2.191204 -9.331511
v 11.702262 2.190023 -9.346278
v 11.700115 2.191208 -9.360957
v 11.697356 2.194710 -9.374988
v 11.694098 2.200401 -9.387828
v 11.690466 2.208053 -9.398988
v 11.702744 2.218463 -9.392393
v 11.705832 2.211953 -9.382903
v 11.708604 2.207118 -9.371983
v 11.710948 2.204137 -9.360050
v 11.712780 2.203130 -9.347568
v 11.714019 2.204134 -9.335011
v 11.714632 2.207109 -9.322865
v 11.714583 2.211942 -9.311597
v 11.704389 2.200390 -9.303981
v 11.703564 2.208038 -9.292272
v 11.701994 2.217362 -9.282553
v 11.718903 2.218338 -9.358301
v 11.720340 2.217548 -9.348492
v 11.717064 2.220677 -9.367676
v 11.714885 2.224482 -9.376256
v 11.705832 2.211953 -9.382903
v 11.714885 2.224482 -9.376256
v 11.712457 2.229597 -9.383713
v 11.702744 2.218463 -9.392393
v 11.709871 2.235822 -9.389757
v 11.699455 2.226397 -9.400088
v 11.690466 2.208053 -9.398988
v 11.686596 2.217380 -9.408036
v 11.676090 2.198766 -9.403246
v 11.671795 2.209126 -9.413303
v 11.660173 2.190958 -9.405001
v 11.655613 2.201959 -9.415674
v 11.643328 2.184928 -9.404187
v 11.638673 2.196146 -9.415069
v 11.650948 2.214510 -9.423450
v 11.633917 2.208939 -9.422996
v 11.646358 2.228122 -9.428026
v 11.629241 2.222822 -9.427664
v 11.642027 2.242282 -9.429230
v 11.624820 2.237258 -9.428887
v 11.282576 3.476040 -9.384935
v 11.265369 3.471016 -9.384593
v 11.299542 3.480870 -9.381775
v 11.658993 2.247113 -9.426069
v 11.663077 2.233777 -9.424937
v 11.667399 2.220949 -9.420625
v 11.682640 2.228018 -9.414629
v 11.696089 2.235442 -9.405697
v 11.707231 2.242933 -9.394165
v 11.704631 2.250648 -9.396756
v 11.692783 2.245260 -9.408993
v 11.678752 2.239563 -9.418511
v 11.675077 2.251563 -9.419527
v 11.315626 3.485322 -9.375233
v 11.330210 3.489223 -9.365567
v 11.689661 2.255465 -9.409862
v 11.702175 2.258666 -9.397438
v 11.342724 3.492422 -9.353144
v 11.673778 2.201937 -9.267653
v 11.671129 2.214485 -9.258980
v 11.686411 2.220925 -9.265696
v 11.688909 2.209107 -9.273867
v 11.657194 2.196123 -9.264150
v 11.654496 2.208914 -9.255304
v 11.667785 2.228097 -9.253422
v 11.651089 2.222795 -9.249640
v 11.663870 2.242254 -9.251206
v 11.647095 2.237231 -9.247379
v 11.304419 3.476012 -9.206912
v 11.287643 3.470988 -9.203085
v 11.320122 3.480844 -9.214079
v 11.679573 2.247087 -9.258373
v 11.683257 2.233752 -9.260462
v 11.693599 2.251541 -9.268608
v 11.696918 2.239541 -9.270491
v 11.334148 3.485299 -9.224314
v 10.797584 5.177561 -9.453846
v 10.802505 5.178066 -9.471048
v 10.819345 5.181276 -9.465911
v 10.814522 5.180776 -9.449039
v 10.810512 5.177494 -9.432262
v 10.793491 5.174209 -9.436746
v 10.807463 5.171543 -9.416238
v 10.790385 5.168144 -9.420403
v 10.805504 5.163161 -9.401567
v 10.788385 5.159600 -9.405451
v 10.804698 5.152666 -9.388825
v 10.787571 5.148899 -9.392456
v 10.822386 5.154545 -9.387796
v 10.823139 5.164433 -9.399799
v 10.824990 5.172332 -9.413617
v 10.827857 5.177933 -9.428713
v 10.831635 5.181028 -9.444514
v 10.836183 5.181496 -9.460404
v 10.841318 5.179321 -9.475785
v 10.824799 5.178963 -9.482232
v 10.808064 5.175711 -9.487697
v 10.830669 5.173931 -9.497384
v 10.814046 5.170584 -9.503141
v 10.836730 5.166376 -9.510774
v 10.820228 5.162878 -9.516792
v 10.842755 5.156582 -9.521892
v 10.826365 5.152892 -9.528131
v 10.858230 5.158237 -9.513139
v 10.852561 5.167460 -9.502666
v 10.846848 5.174579 -9.490051
v 10.861962 5.172500 -9.481436
v 10.856987 5.176764 -9.468593
v 10.852363 5.178721 -9.454752
v 10.848270 5.178304 -9.440448
v 10.844874 5.175515 -9.426233
v 10.842291 5.170474 -9.412644
v 10.840624 5.163367 -9.400209
v 10.839948 5.154466 -9.389404
v 10.856709 5.152438 -9.393596
v 10.857286 5.159999 -9.402781
v 10.858705 5.166043 -9.413355
v 10.860896 5.170334 -9.424912
v 10.863789 5.172706 -9.437004
v 10.867268 5.173062 -9.449169
v 10.871202 5.171392 -9.460937
v 10.875430 5.167766 -9.471860
v 10.879802 5.162322 -9.481514
v 10.867101 5.166089 -9.492785
v 10.872206 5.157789 -9.502215
v 10.858230 5.158237 -9.513139
v 10.863645 5.147260 -9.521072
v 10.877077 5.147912 -9.509350
v 10.872206 5.157789 -9.502215
v 10.842755 5.156582 -9.521892
v 10.848500 5.144929 -9.530310
v 10.826365 5.152892 -9.528131
v 10.832230 5.141012 -9.536712
v 10.853755 5.131864 -9.535706
v 10.837589 5.127689 -9.542214
v 10.858316 5.117893 -9.537869
v 10.842236 5.113442 -9.544421
v 11.330397 3.497552 -9.596043
v 11.314315 3.493102 -9.602594
v 11.344973 3.501451 -9.586368
v 10.872892 5.121792 -9.528194
v 10.868595 5.134956 -9.526153
v 10.881536 5.136837 -9.513926
v 10.885400 5.124990 -9.515761
v 11.357481 3.504649 -9.573935
v 10.822386 5.154545 -9.387796
v 10.839948 5.154466 -9.389404
v 10.840274 5.144122 -9.380649
v 10.822754 5.143051 -9.378067
v 10.804698 5.152666 -9.388825
v 10.805087 5.140460 -9.378498
v 10.787571 5.148899 -9.392456
v 10.787963 5.136456 -9.381927
v 10.806651 5.127017 -9.370980
v 10.789556 5.122747 -9.374260
v 10.809328 5.112848 -9.366562
v 10.792291 5.108300 -9.369760
v 10.813020 5.098505 -9.365415
v 10.796052 5.093674 -9.368585
v 11.285101 3.478164 -9.423588
v 11.268132 3.473334 -9.426758
v 11.302303 3.483186 -9.423917
v 10.830224 5.103528 -9.365744
v 10.826748 5.117043 -9.366823
v 10.824224 5.130385 -9.370987
v 10.841601 5.132728 -9.374277
v 10.858115 5.133945 -9.380727
v 10.856987 5.143634 -9.386148
v 10.856709 5.152438 -9.393596
v 10.860044 5.123729 -9.377541
v 10.843867 5.120715 -9.370531
v 10.846999 5.108553 -9.369557
v 11.319081 3.488212 -9.427731
v 11.334787 3.493046 -9.434889
v 10.862707 5.113386 -9.376716
v 10.876741 5.117842 -9.386938
v 10.874649 5.125968 -9.387587
v 11.348820 3.497500 -9.445111
v 11.672234 2.175462 -9.561626
v 11.688343 2.181521 -9.556718
v 11.692355 2.184808 -9.573489
v 11.676326 2.178811 -9.578728
v 11.695401 2.190754 -9.589514
v 11.679430 2.184879 -9.595074
v 11.697365 2.199140 -9.604184
v 11.681430 2.193424 -9.610026
v 11.698166 2.209636 -9.616925
v 11.682252 2.204124 -9.623017
v 11.712260 2.216678 -9.608604
v 11.711502 2.206788 -9.596601
v 11.709654 2.198895 -9.582788
v 11.706785 2.193287 -9.567687
v 11.703004 2.190195 -9.551890
v 11.698462 2.189724 -9.535995
v 11.683520 2.181026 -9.539842
v 11.667314 2.174953 -9.544424
v 11.678065 2.183334 -9.523520
v 11.661752 2.177312 -9.527780
v 11.672200 2.188367 -9.508368
v 11.655770 2.182440 -9.512336
v 11.666134 2.195926 -9.494979
v 11.649592 2.190145 -9.498681
v 11.682086 2.203762 -9.493734
v 11.687795 2.196640 -9.506349
v 11.693326 2.191905 -9.520620
v 11.706948 2.202683 -9.519194
v 11.711568 2.200724 -9.533034
v 11.715654 2.201144 -9.547333
v 11.719057 2.203928 -9.561553
v 11.721642 2.208973 -9.575142
v 11.723305 2.216082 -9.587576
v 11.723983 2.224976 -9.598377
v 11.732894 2.234220 -9.586638
v 11.732312 2.226653 -9.577452
v 11.730902 2.220608 -9.566875
v 11.728703 2.216322 -9.555322
v 11.725809 2.213950 -9.543229
v 11.722331 2.213594 -9.531064
v 11.718404 2.215261 -9.519294
v 11.714170 2.218886 -9.508373
v 11.701967 2.206949 -9.506351
v 11.696831 2.213354 -9.494996
v 11.709801 2.224336 -9.498720
v 11.730344 2.227842 -9.530169
v 11.733075 2.228123 -9.539728
v 11.712260 2.216678 -9.608604
v 11.723983 2.224976 -9.598377
v 11.723654 2.235326 -9.607137
v 11.711894 2.228171 -9.618334
v 11.698166 2.209636 -9.616925
v 11.697782 2.221841 -9.627254
v 11.682252 2.204124 -9.623017
v 11.681851 2.216569 -9.633551
v 11.696215 2.235285 -9.634771
v 11.680261 2.230276 -9.641212
v 11.693535 2.249449 -9.639190
v 11.677529 2.244719 -9.645719
v 11.689849 2.263794 -9.640337
v 11.673765 2.259344 -9.646888
v 11.330397 3.497552 -9.596043
v 11.314315 3.493102 -9.602594
v 11.344973 3.501451 -9.586368
v 11.704424 2.267693 -9.630662
v 11.707898 2.254183 -9.629578
v 11.710423 2.240836 -9.625419
v 11.722327 2.246721 -9.613508
v 11.720059 2.258734 -9.617254
v 11.716930 2.270891 -9.618228
v 11.357481 3.504649 -9.573935
v 11.726897 2.273267 -9.603518
v 11.729555 2.262927 -9.602688
v 11.682086 2.203762 -9.493734
v 11.676416 2.212985 -9.483261
v 11.691725 2.221659 -9.485570
v 11.696831 2.213354 -9.494996
v 11.705456 2.231398 -9.490704
v 11.709801 2.224336 -9.498720
v 11.701314 2.239798 -9.484632
v 11.686852 2.231535 -9.478436
v 11.670999 2.223962 -9.475332
v 11.660113 2.205718 -9.483860
v 11.666134 2.195926 -9.494979
v 11.649592 2.190145 -9.498681
v 11.643451 2.200131 -9.487347
v 11.654366 2.217373 -9.475442
v 11.637588 2.212010 -9.478761
v 11.649109 2.230433 -9.470046
v 11.632234 2.225331 -9.473264
v 11.644551 2.244406 -9.467882
v 11.627584 2.239576 -9.471052
v 11.285101 3.478164 -9.423588
v 11.268132 3.473334 -9.426758
v 11.302303 3.483186 -9.423917
v 11.661755 2.249430 -9.468211
v 11.666050 2.236270 -9.470248
v 11.682392 2.242612 -9.473861
v 11.697522 2.249217 -9.480741
v 11.694239 2.259288 -9.479183
v 11.678532 2.254455 -9.472025
v 11.319081 3.488212 -9.427731
v 11.334787 3.493046 -9.434889
v 11.348820 3.497500 -9.445111
v 11.708271 2.263743 -9.489406
v 11.710853 2.255831 -9.490630
v 10.892561 5.212313 -9.651097
v 10.903470 5.214449 -9.665124
v 10.917209 5.216536 -9.653841
v 10.906511 5.214436 -9.640080
v 10.896626 5.209555 -9.626424
v 10.882483 5.207331 -9.637170
v 10.887928 5.202065 -9.613386
v 10.873617 5.199698 -9.623878
v 10.880761 5.192263 -9.601479
v 10.866309 5.189708 -9.611736
v 10.875395 5.180527 -9.591156
v 10.860834 5.177739 -9.601212
v 10.891442 5.181690 -9.583503
v 10.896494 5.192749 -9.593232
v 10.903249 5.201983 -9.604450
v 10.911441 5.209034 -9.616728
v 10.920752 5.213635 -9.629593
v 10.930831 5.215611 -9.642553
v 10.941285 5.214885 -9.655114
v 10.928313 5.215763 -9.667171
v 10.914790 5.213664 -9.678719
v 10.939387 5.212147 -9.679565
v 10.926082 5.209982 -9.691351
v 10.950011 5.205834 -9.690535
v 10.936917 5.203544 -9.702540
v 10.959777 5.197058 -9.699671
v 10.946874 5.194597 -9.711852
v 10.970932 5.197267 -9.685724
v 10.961729 5.205529 -9.677121
v 10.951720 5.211479 -9.666785
v 10.962609 5.208000 -9.653502
v 10.953220 5.211061 -9.643001
v 10.943810 5.211717 -9.631698
v 10.934737 5.209942 -9.620032
v 10.926357 5.205798 -9.608452
v 10.918988 5.199450 -9.597402
v 10.912911 5.191144 -9.587307
v 10.929372 5.187505 -9.583938
v 10.934540 5.194570 -9.592525
v 10.940804 5.199971 -9.601922
v 10.947933 5.203493 -9.611769
v 10.955647 5.205004 -9.621687
v 10.963653 5.204445 -9.631299
v 10.971637 5.201839 -9.640233
v 10.954226 5.191769 -9.597383
v 10.959827 5.194538 -9.605118
v 10.949304 5.187531 -9.589995
v 10.971619 5.202644 -9.662807
v 10.946874 5.194597 -9.711852
v 10.955572 5.183489 -9.718934
v 10.968308 5.186164 -9.706614
v 10.959777 5.197058 -9.699671
v 10.975279 5.173568 -9.711102
v 10.962677 5.170641 -9.723510
v 10.980419 5.159752 -9.712960
v 10.967919 5.156559 -9.725403
v 11.452498 3.539411 -9.771133
v 11.439998 3.536217 -9.783576
v 10.959827 5.194538 -9.605118
v 10.969968 5.183425 -9.600335
v 10.966108 5.181517 -9.595007
v 10.954226 5.191769 -9.597383
v 10.962715 5.178595 -9.589920
v 10.949304 5.187531 -9.589995
v 10.959918 5.174774 -9.585272
v 10.945241 5.181977 -9.583251
v 10.972838 5.166166 -9.589928
v 10.974262 5.168115 -9.592296
v 10.975991 5.169602 -9.594891
v 10.977962 5.170574 -9.597605
v 10.971770 5.163832 -9.587874
v 10.957828 5.170194 -9.581246
v 10.971105 5.161202 -9.586217
v 10.956517 5.165030 -9.577988
v 10.970859 5.158378 -9.585011
v 10.956039 5.159489 -9.575633
v 10.971053 5.155468 -9.584315
v 10.956416 5.153784 -9.574261
v 10.934540 5.194570 -9.592525
v 10.949304 5.187531 -9.589995
v 10.945241 5.181977 -9.583251
v 10.929372 5.187505 -9.583938
v 10.942204 5.175329 -9.577403
v 10.925502 5.179046 -9.576492
v 10.912911 5.191144 -9.587307
v 10.908363 5.181189 -9.578553
v 10.896494 5.192749 -9.593232
v 10.891442 5.181690 -9.583503
v 10.905516 5.169981 -9.571481
v 10.888281 5.169236 -9.575644
v 10.875395 5.180527 -9.591156
v 10.872038 5.167299 -9.582810
v 10.860834 5.177739 -9.601212
v 10.857415 5.164256 -9.592701
v 10.870816 5.153098 -9.576767
v 10.856173 5.149777 -9.586542
v 10.871783 5.138464 -9.573257
v 10.857155 5.134851 -9.582963
v 10.874895 5.123964 -9.572416
v 10.860324 5.120066 -9.582102
v 11.346975 3.503623 -9.630590
v 11.332403 3.499725 -9.640275
v 11.363051 3.508070 -9.624025
v 10.890971 5.128411 -9.565851
v 10.888039 5.142075 -9.566643
v 10.887130 5.155858 -9.569952
v 10.904480 5.157943 -9.566357
v 10.922200 5.159272 -9.566119
v 10.923079 5.169508 -9.570477
v 10.940304 5.167838 -9.572676
v 10.956517 5.165030 -9.577988
v 10.957828 5.170194 -9.581246
v 10.959918 5.174774 -9.585272
v 10.956039 5.159489 -9.575633
v 10.939610 5.159790 -9.569250
v 10.940157 5.151504 -9.567265
v 10.922894 5.148720 -9.563589
v 10.905299 5.145535 -9.563383
v 10.907938 5.133239 -9.562668
v 11.380016 3.512899 -9.620841
v 11.397222 3.517923 -9.621157
v 10.925139 5.138264 -9.562984
v 10.941921 5.143289 -9.566789
v 10.957634 5.148124 -9.573934
v 10.956416 5.153784 -9.574261
v 10.971671 5.152580 -9.584148
v 10.971053 5.155468 -9.584315
v 11.443751 3.532239 -9.642322
v 11.429713 3.527783 -9.632107
v 11.414001 3.522948 -9.624962
v 11.767211 2.210216 -9.758879
v 11.780333 2.215181 -9.747760
v 11.790220 2.220066 -9.761420
v 11.777291 2.215194 -9.772802
v 11.798917 2.227553 -9.774453
v 11.786160 2.222832 -9.786095
v 11.806081 2.237355 -9.786366
v 11.793468 2.232822 -9.798237
v 11.811444 2.249094 -9.796687
v 11.798936 2.244789 -9.808765
v 11.814802 2.262316 -9.805033
v 11.802360 2.258274 -9.817272
v 11.824594 2.267201 -9.790918
v 11.821429 2.254746 -9.783060
v 11.816376 2.243687 -9.773335
v 11.809622 2.234459 -9.762117
v 11.801435 2.227401 -9.749836
v 11.792119 2.222803 -9.736969
v 11.782044 2.220826 -9.724010
v 11.769635 2.213086 -9.734002
v 11.756304 2.208076 -9.744848
v 11.758532 2.213855 -9.720669
v 11.744985 2.208868 -9.731255
v 11.747456 2.217469 -9.708279
v 11.733693 2.212548 -9.718622
v 11.736829 2.223786 -9.697309
v 11.722856 2.218985 -9.707437
v 11.727064 2.232559 -9.688173
v 11.712901 2.227933 -9.698120
v 11.751143 2.230907 -9.689441
v 11.761150 2.224957 -9.699781
v 11.771585 2.221558 -9.711453
v 11.783644 2.231659 -9.703951
v 11.793053 2.231006 -9.715253
v 11.802121 2.232783 -9.726918
v 11.810505 2.236924 -9.738499
v 11.817875 2.243270 -9.749549
v 11.823951 2.251582 -9.759644
v 11.828500 2.261532 -9.768397
v 11.828522 2.260727 -9.745824
v 11.823352 2.253661 -9.737237
v 11.817081 2.248263 -9.727839
v 11.809953 2.244740 -9.717993
v 11.802239 2.243230 -9.708076
v 11.794239 2.243787 -9.698463
v 11.786253 2.246392 -9.689529
v 11.774252 2.234727 -9.693448
v 11.765245 2.240078 -9.684144
v 11.778593 2.250944 -9.681617
v 11.796690 2.259514 -9.688173
v 11.802969 2.257464 -9.695190
v 11.809252 2.257027 -9.702744
v 11.815314 2.258216 -9.710537
v 11.820914 2.260982 -9.718272
v 11.802360 2.258274 -9.817272
v 11.814802 2.262316 -9.805033
v 11.816023 2.276520 -9.811076
v 11.803603 2.272753 -9.823435
v 11.815059 2.291153 -9.814587
v 11.802617 2.287672 -9.827014
v 11.811948 2.305654 -9.815428
v 11.799449 2.302459 -9.827870
v 11.452498 3.539411 -9.771133
v 11.439998 3.536217 -9.783576
v 11.821902 2.308026 -9.800712
v 11.824833 2.294368 -9.799920
v 11.815314 2.258216 -9.710537
v 11.809252 2.257027 -9.702744
v 11.813823 2.271873 -9.699468
v 11.817999 2.272690 -9.704836
v 11.815771 2.287187 -9.698375
v 11.817904 2.287605 -9.701109
v 11.813566 2.287342 -9.695722
v 11.809491 2.272170 -9.694266
v 11.802969 2.257464 -9.695190
v 11.805169 2.273582 -9.689430
v 11.796690 2.259514 -9.688173
v 11.811362 2.288062 -9.693257
v 11.809249 2.289318 -9.691074
v 11.801026 2.276048 -9.685151
v 11.807308 2.291063 -9.689260
v 11.797215 2.279468 -9.681584
v 11.805608 2.293229 -9.687876
v 11.793885 2.283718 -9.678878
v 11.804226 2.295737 -9.686985
v 11.791166 2.288636 -9.677125
v 11.796690 2.259514 -9.688173
v 11.790674 2.263093 -9.681957
v 11.801026 2.276048 -9.685151
v 11.805169 2.273582 -9.689430
v 11.786253 2.246392 -9.689529
v 11.778593 2.250944 -9.681617
v 11.785143 2.268058 -9.676784
v 11.771547 2.257272 -9.675032
v 11.765245 2.240078 -9.684144
v 11.756966 2.247517 -9.676403
v 11.751143 2.230907 -9.689441
v 11.741944 2.239169 -9.680840
v 11.736829 2.223786 -9.697309
v 11.727064 2.232559 -9.688173
v 11.733906 2.249432 -9.674298
v 11.718531 2.243454 -9.681229
v 11.712901 2.227933 -9.698120
v 11.704204 2.239040 -9.691043
v 11.711566 2.256050 -9.676742
v 11.697095 2.251882 -9.686466
v 11.706426 2.269865 -9.674884
v 11.691855 2.265967 -9.684569
v 11.346975 3.503623 -9.630590
v 11.332403 3.499725 -9.640275
v 11.363051 3.508070 -9.624025
v 11.722501 2.274313 -9.668319
v 11.727343 2.261300 -9.670068
v 11.743824 2.267433 -9.666712
v 11.749731 2.256750 -9.670515
v 11.765398 2.265125 -9.670024
v 11.780308 2.274229 -9.672847
v 11.793885 2.283718 -9.678878
v 11.797215 2.279468 -9.681584
v 11.791166 2.288636 -9.677125
v 11.776361 2.281367 -9.670307
v 11.760374 2.274207 -9.666789
v 11.756672 2.284166 -9.665451
v 11.739469 2.279141 -9.665135
v 11.380016 3.512899 -9.620841
v 11.397222 3.517923 -9.621157
v 11.414001 3.522948 -9.624962
v 11.773452 2.289190 -9.669256
v 11.789165 2.294025 -9.676401
v 11.803203 2.298481 -9.686616
v 11.804226 2.295737 -9.686985
v 11.443751 3.532239 -9.642322
v 11.429713 3.527783 -9.632107
v 11.053288 5.264295 -9.794622
v 11.068584 5.267517 -9.803343
v 11.077184 5.267948 -9.787649
v 11.062181 5.264781 -9.779096
v 11.047994 5.258833 -9.770643
v 11.038822 5.258224 -9.786004
v 11.035158 5.250318 -9.762616
v 11.025739 5.249546 -9.777820
v 11.024181 5.239571 -9.755322
v 11.014544 5.238592 -9.770381
v 11.015471 5.227006 -9.749042
v 11.005665 5.225779 -9.763979
v 11.009377 5.213101 -9.744018
v 10.999447 5.211602 -9.758854
v 11.027561 5.226822 -9.735958
v 11.035765 5.238662 -9.741872
v 11.046108 5.248786 -9.748744
v 11.058198 5.256804 -9.756307
v 11.071561 5.262409 -9.764268
v 11.085692 5.265388 -9.772324
v 11.100047 5.265628 -9.780166
v 11.092422 5.268198 -9.795972
v 11.084121 5.267776 -9.811831
v 11.107310 5.265530 -9.803748
v 11.099301 5.265058 -9.819757
v 11.121275 5.260045 -9.810677
v 11.113540 5.259464 -9.826822
v 11.133785 5.251949 -9.816491
v 11.126297 5.251212 -9.832748
v 11.127228 5.257944 -9.794016
v 11.114073 5.263113 -9.787491
v 11.119324 5.257898 -9.771605
v 11.106703 5.260160 -9.765015
v 11.093787 5.259944 -9.757957
v 11.081067 5.257267 -9.750707
v 11.069040 5.252218 -9.743541
v 11.058159 5.245001 -9.736734
v 11.048853 5.235893 -9.730553
v 11.070857 5.239116 -9.727058
v 11.080105 5.245256 -9.732843
v 11.090333 5.249547 -9.738938
v 11.101151 5.251828 -9.745103
v 11.112138 5.252006 -9.751105
v 11.122870 5.250082 -9.756710
v 11.116136 5.241484 -9.738972
v 11.107505 5.241340 -9.734257
v 11.099007 5.239551 -9.729408
v 11.090968 5.236176 -9.724621
v 11.131168 5.253245 -9.777482
v 11.107505 5.241340 -9.734257
v 11.116136 5.241484 -9.738972
v 11.118548 5.228992 -9.729073
v 11.112601 5.228894 -9.725827
v 11.124357 5.227953 -9.732111
v 11.124571 5.239973 -9.743377
v 11.112138 5.252006 -9.751105
v 11.122870 5.250082 -9.756710
v 11.132482 5.236865 -9.747299
v 11.132937 5.246131 -9.761706
v 11.119324 5.257898 -9.771605
v 11.131168 5.253245 -9.777482
v 11.141957 5.240294 -9.765898
v 11.141770 5.246385 -9.782408
v 11.127228 5.257944 -9.794016
v 11.139012 5.250322 -9.799496
v 11.121275 5.260045 -9.810677
v 11.133785 5.251949 -9.816491
v 11.148968 5.240534 -9.803711
v 11.144353 5.241560 -9.820969
v 11.126297 5.251212 -9.832748
v 11.137072 5.240619 -9.837316
v 11.152581 5.229274 -9.823937
v 11.145459 5.228088 -9.840344
v 11.158142 5.215565 -9.825285
v 11.151129 5.214112 -9.841714
v 11.630222 3.595223 -9.883458
v 11.623207 3.593770 -9.899887
v 11.634036 3.595706 -9.865948
v 11.161955 5.216047 -9.807775
v 11.156711 5.228963 -9.806507
v 11.157703 5.227163 -9.788722
v 11.150728 5.237579 -9.786206
v 11.149577 5.232804 -9.769127
v 11.145553 5.226394 -9.753129
v 11.139565 5.232279 -9.750595
v 11.134689 5.222651 -9.737081
v 11.129805 5.225813 -9.734810
v 11.125022 5.213395 -9.724728
v 11.122242 5.214485 -9.723347
v 11.119280 5.215017 -9.721802
v 11.127508 5.211783 -9.725883
v 11.129611 5.209719 -9.726771
v 11.138811 5.218599 -9.738827
v 11.142018 5.213808 -9.739985
v 11.150212 5.219437 -9.754809
v 11.155505 5.223947 -9.771268
v 11.159521 5.214062 -9.772240
v 11.162417 5.215538 -9.789865
v 11.634497 3.595198 -9.848038
v 11.631599 3.593722 -9.830413
v 11.625444 3.591329 -9.813747
v 11.153365 5.211670 -9.755574
v 11.144193 5.208456 -9.740511
v 11.132354 5.204545 -9.727632
v 11.131247 5.207276 -9.727364
v 11.604435 3.584204 -9.785805
v 11.616274 3.588115 -9.798684
v 11.927938 2.262196 -9.902404
v 11.936003 2.265525 -9.886775
v 11.950196 2.271479 -9.895227
v 11.942407 2.268262 -9.911022
v 11.963024 2.279989 -9.903254
v 11.955489 2.276944 -9.919207
v 11.974004 2.290736 -9.910549
v 11.966685 2.287900 -9.926641
v 11.982710 2.303304 -9.916829
v 11.975564 2.300711 -9.933047
v 11.988813 2.317208 -9.921854
v 11.981783 2.314889 -9.938169
v 11.986929 2.307160 -9.899954
v 11.978729 2.295322 -9.894040
v 11.968382 2.285203 -9.887168
v 11.956297 2.277179 -9.879605
v 11.942928 2.271577 -9.871644
v 11.928800 2.268595 -9.863589
v 11.921002 2.262364 -9.878222
v 11.912644 2.258969 -9.893683
v 11.905763 2.262109 -9.869899
v 11.897106 2.258713 -9.885197
v 11.890877 2.264778 -9.862123
v 11.881929 2.261432 -9.877266
v 11.876908 2.270266 -9.855194
v 11.867685 2.267025 -9.870204
v 11.864404 2.278360 -9.849380
v 11.854935 2.275279 -9.864274
v 11.875484 2.283661 -9.836417
v 11.887260 2.276039 -9.841896
v 11.900422 2.270870 -9.848421
v 11.914445 2.268360 -9.855747
v 11.922813 2.277210 -9.843284
v 11.935734 2.277424 -9.850342
v 11.948451 2.280108 -9.857593
v 11.960482 2.285153 -9.864758
v 11.971358 2.292368 -9.871564
v 11.980666 2.301481 -9.877746
v 11.988050 2.312132 -9.883074
v 11.979753 2.308970 -9.862302
v 11.971835 2.301223 -9.857044
v 11.962587 2.295086 -9.851255
v 11.952356 2.290793 -9.845163
v 11.941540 2.288514 -9.838996
v 11.930555 2.288333 -9.832997
v 11.919823 2.290256 -9.827388
v 11.910195 2.279475 -9.836694
v 11.898354 2.284124 -9.830821
v 11.937364 2.301289 -9.825269
v 11.945994 2.301435 -9.829984
v 11.954493 2.303228 -9.834827
v 11.962530 2.306600 -9.839620
v 11.969800 2.311418 -9.844166
v 11.962530 2.306600 -9.839620
v 11.960318 2.319251 -9.830289
v 11.965324 2.322569 -9.833419
v 11.969800 2.311418 -9.844166
v 11.969608 2.326762 -9.836269
v 11.976021 2.317510 -9.848298
v 11.971835 2.301223 -9.857044
v 11.979753 2.308970 -9.862302
v 11.980950 2.324629 -9.851854
v 11.986028 2.318029 -9.866831
v 11.980666 2.301481 -9.877746
v 11.988050 2.312132 -9.883074
v 11.990426 2.328057 -9.870453
v 11.993217 2.323921 -9.887330
v 11.986929 2.307160 -9.899954
v 11.992675 2.320256 -9.904690
v 11.982710 2.303304 -9.916829
v 11.988813 2.317208 -9.921854
v 11.995744 2.334110 -9.908057
v 11.992068 2.331917 -9.925430
v 11.981783 2.314889 -9.938169
v 11.985106 2.329883 -9.941816
v 11.992362 2.346859 -9.927422
v 11.985400 2.345119 -9.943849
v 11.989675 2.361466 -9.927752
v 11.982659 2.360012 -9.944181
v 11.630222 3.595223 -9.883458
v 11.623207 3.593770 -9.899887
v 11.634036 3.595706 -9.865948
v 11.993486 2.361949 -9.910242
v 11.996016 2.348190 -9.909932
v 11.996228 2.349060 -9.892051
v 11.995980 2.336387 -9.890365
v 11.992774 2.338658 -9.873033
v 11.986252 2.340832 -9.856726
v 11.984405 2.332500 -9.854702
v 11.975388 2.337089 -9.840678
v 11.973003 2.331666 -9.838715
v 11.962501 2.338881 -9.827928
v 11.960767 2.336382 -9.826675
v 11.958584 2.334244 -9.825228
v 11.963712 2.341646 -9.828925
v 11.964361 2.344570 -9.829636
v 11.976655 2.342828 -9.842072
v 11.976768 2.348659 -9.842849
v 11.986417 2.349299 -9.857853
v 11.992984 2.349433 -9.874469
v 11.991052 2.359963 -9.874707
v 11.993948 2.361440 -9.892332
v 11.634497 3.595198 -9.848038
v 11.631599 3.593722 -9.830413
v 11.625444 3.591329 -9.813747
v 11.984898 2.357571 -9.858042
v 11.975723 2.354358 -9.842978
v 11.963885 2.350447 -9.830099
v 11.964421 2.347544 -9.830033
v 11.604435 3.584204 -9.785805
v 11.616274 3.588115 -9.798684
v 11.255219 5.325562 -9.862501
v 11.272625 5.329162 -9.864588
v 11.274831 5.327659 -9.846888
v 11.257760 5.324122 -9.844839
v 11.241494 5.317803 -9.842895
v 11.238636 5.319113 -9.860516
v 11.226669 5.308932 -9.841123
v 11.223519 5.310072 -9.858711
v 11.213856 5.297857 -9.839591
v 11.210451 5.298783 -9.857151
v 11.203537 5.285005 -9.838365
v 11.199935 5.285678 -9.855899
v 11.196115 5.270863 -9.837490
v 11.192366 5.271259 -9.855004
v 11.202967 5.269729 -9.821035
v 11.209954 5.283046 -9.821862
v 11.219675 5.295155 -9.823020
v 11.231749 5.305589 -9.824459
v 11.245710 5.313940 -9.826129
v 11.261028 5.319896 -9.827961
v 11.277113 5.323225 -9.829890
v 11.293344 5.323800 -9.831835
v 11.292063 5.328265 -9.848956
v 11.290196 5.329785 -9.866696
v 11.308791 5.325925 -9.850965
v 11.307245 5.327400 -9.868746
v 11.324366 5.320728 -9.852839
v 11.323129 5.322100 -9.870655
v 11.323773 5.316695 -9.835497
v 11.309097 5.321593 -9.833729
v 11.308167 5.314571 -9.817705
v 11.293989 5.316556 -9.816000
v 11.279380 5.316038 -9.814246
v 11.264907 5.313046 -9.812510
v 11.251121 5.307683 -9.810863
v 11.238554 5.300165 -9.809360
v 11.227688 5.290779 -9.808064
v 11.218939 5.279877 -9.807022
v 11.246826 5.292873 -9.796403
v 11.257512 5.299271 -9.797681
v 11.269237 5.303830 -9.799085
v 11.281547 5.306376 -9.800560
v 11.293971 5.306811 -9.802052
v 11.306030 5.305124 -9.803499
v 11.321372 5.310163 -9.819294
v 11.308167 5.314571 -9.817705
v 11.321372 5.310163 -9.819294
v 11.317262 5.301383 -9.804850
v 11.306030 5.305124 -9.803499
v 11.327233 5.295713 -9.806053
v 11.333096 5.303502 -9.820708
v 11.323773 5.316695 -9.835497
v 11.336798 5.309295 -9.837068
v 11.324366 5.320728 -9.852839
v 11.338193 5.312867 -9.854508
v 11.323129 5.322100 -9.870655
v 11.337229 5.314088 -9.872359
v 11.349744 5.302656 -9.855904
v 11.349007 5.303674 -9.873779
v 11.358574 5.290475 -9.856974
v 11.358011 5.291254 -9.874871
v 11.364343 5.276803 -9.857680
v 11.363887 5.277315 -9.875591
v 11.836422 3.656462 -9.915854
v 11.835968 3.656973 -9.933764
v 11.833507 3.654981 -9.898231
v 11.361428 5.275321 -9.840057
v 11.355995 5.288204 -9.839393
v 11.347682 5.299674 -9.838383
v 11.342889 5.294846 -9.821890
v 11.335558 5.288352 -9.807061
v 11.325968 5.280440 -9.794465
v 11.319427 5.286230 -9.793674
v 11.311589 5.290679 -9.792728
v 11.330968 5.273545 -9.795070
v 11.341925 5.279572 -9.807835
v 11.350370 5.284520 -9.822799
v 11.355262 5.272927 -9.823396
v 11.827343 3.652587 -9.881569
v 11.818161 3.649370 -9.866512
v 11.346081 5.269711 -9.808339
v 11.334236 5.265798 -9.795468
v 11.806316 3.645458 -9.853642
v 11.196115 5.270863 -9.837490
v 11.202967 5.269729 -9.821035
v 11.198970 5.255708 -9.820569
v 11.191875 5.255980 -9.836995
v 11.192366 5.271259 -9.855004
v 11.188045 5.256086 -9.854499
v 11.190982 5.240927 -9.836899
v 11.187135 5.240736 -9.854404
v 11.193468 5.226285 -9.837214
v 11.189665 5.225805 -9.854720
v 11.665548 3.605944 -9.895387
v 11.661744 3.605464 -9.912893
v 11.672544 3.607393 -9.878946
v 11.200466 5.227733 -9.820773
v 11.198128 5.241531 -9.820480
v 12.129868 2.323464 -9.970283
v 12.131581 2.324867 -9.952518
v 12.147840 2.331190 -9.954466
v 12.146447 2.329908 -9.972267
v 12.162665 2.340056 -9.956239
v 12.161564 2.338953 -9.974072
v 12.175486 2.351132 -9.957766
v 12.174629 2.350242 -9.975632
v 12.185800 2.363986 -9.958992
v 12.185152 2.363347 -9.976881
v 12.183474 2.365912 -9.941436
v 12.173753 2.353801 -9.940278
v 12.161676 2.343374 -9.938838
v 12.147717 2.335016 -9.937173
v 12.132397 2.329065 -9.935337
v 12.116315 2.325732 -9.933412
v 12.114504 2.321334 -9.950474
v 12.112457 2.319858 -9.968195
v 12.097274 2.320722 -9.948405
v 12.094889 2.319241 -9.966087
v 12.080552 2.323065 -9.946392
v 12.077837 2.321624 -9.964037
v 12.064973 2.328264 -9.944517
v 12.061956 2.326925 -9.962124
v 12.051143 2.336122 -9.942853
v 12.047851 2.334936 -9.960423
v 12.056629 2.339662 -9.926230
v 12.069653 2.332262 -9.927800
v 12.084330 2.327364 -9.929569
v 12.100083 2.325163 -9.931462
v 12.103208 2.332374 -9.915909
v 12.117816 2.332891 -9.917663
v 12.132291 2.335888 -9.919395
v 12.146074 2.341246 -9.921046
v 12.158646 2.348763 -9.922550
v 12.169510 2.358154 -9.923846
v 12.178253 2.369051 -9.924886
v 12.170353 2.373280 -9.909974
v 12.162911 2.364013 -9.909090
v 12.153671 2.356029 -9.907991
v 12.142983 2.349635 -9.906713
v 12.131257 2.345076 -9.905310
v 12.118949 2.342530 -9.903833
v 12.106526 2.342090 -9.902342
v 12.094466 2.343777 -9.900890
v 12.089029 2.334362 -9.914204
v 12.075821 2.338764 -9.912614
v 12.064097 2.345428 -9.911201
v 12.119678 2.354279 -9.892455
v 12.129345 2.356282 -9.893614
v 12.138558 2.359862 -9.894716
v 12.146956 2.364882 -9.895720
v 12.154215 2.371160 -9.896585
v 12.183474 2.365912 -9.941436
v 12.178253 2.369051 -9.924886
v 12.184544 2.381039 -9.925631
v 12.190462 2.379228 -9.942263
v 12.185800 2.363986 -9.958992
v 12.193218 2.378126 -9.959870
v 12.185152 2.363347 -9.976881
v 12.192716 2.377765 -9.977778
v 12.197459 2.393011 -9.960365
v 12.197039 2.392937 -9.978280
v 12.198356 2.408061 -9.960458
v 12.197951 2.408284 -9.978374
v 12.195873 2.422704 -9.960148
v 12.195418 2.423215 -9.978059
v 11.836422 3.656462 -9.915854
v 11.835968 3.656973 -9.933764
v 11.833507 3.654981 -9.898231
v 12.192957 2.421222 -9.942525
v 12.195297 2.407429 -9.942818
v 12.194458 2.393251 -9.942729
v 12.188139 2.393653 -9.926047
v 12.178758 2.394206 -9.910967
v 12.175703 2.383478 -9.910608
v 12.170353 2.373280 -9.909974
v 12.164268 2.386448 -9.897781
v 12.160059 2.378442 -9.897284
v 12.166666 2.394878 -9.898062
v 12.167171 2.403408 -9.898112
v 12.179402 2.405059 -9.911035
v 12.188896 2.406417 -9.926127
v 12.186793 2.418829 -9.925863
v 11.827343 3.652587 -9.881569
v 11.818161 3.649370 -9.866512
v 12.177611 2.415613 -9.910807
v 12.165769 2.411700 -9.897936
v 11.806316 3.645458 -9.853642
v 12.126629 2.369067 -9.884766
v 12.119809 2.382243 -9.878695
v 12.123201 2.382942 -9.879104
v 12.051143 2.336122 -9.942853
v 12.039589 2.346337 -9.941457
v 12.045746 2.349283 -9.924915
v 12.056629 2.339662 -9.926230
v 12.047851 2.334936 -9.960423
v 12.036077 2.345350 -9.959000
v 12.030762 2.358512 -9.940383
v 12.027078 2.357767 -9.957909
v 12.024999 2.372186 -9.939681
v 12.021194 2.371706 -9.957188
v 11.665548 3.605944 -9.895387
v 11.661744 3.605464 -9.912893
v 11.672544 3.607393 -9.878946
v 12.031996 2.373635 -9.923241
v 12.037432 2.360758 -9.923905
v 11.467493 5.386756 -9.844361
v 11.484420 5.389967 -9.839503
v 11.479957 5.386547 -9.822508
v 11.463357 5.383391 -9.827273
v 11.447567 5.377455 -9.832139
v 11.451396 5.380698 -9.849322
v 11.433201 5.368953 -9.836914
v 11.436745 5.372032 -9.854191
v 11.420804 5.358216 -9.841424
v 11.424107 5.361091 -9.858785
v 11.410854 5.345662 -9.845488
v 11.413962 5.348287 -9.862931
v 11.403737 5.331764 -9.848949
v 11.406703 5.334118 -9.866464
v 11.410751 5.341770 -9.828100
v 11.420125 5.353602 -9.824271
v 11.431804 5.363717 -9.820026
v 11.445336 5.371721 -9.815525
v 11.460210 5.377316 -9.810945
v 11.475846 5.380283 -9.806458
v 11.491649 5.380513 -9.802236
v 11.496736 5.386786 -9.818029
v 11.501524 5.390214 -9.834932
v 11.513040 5.384104 -9.814001
v 11.518147 5.387485 -9.830829
v 11.528245 5.378612 -9.810585
v 11.533656 5.381882 -9.827349
v 11.521336 5.372808 -9.795226
v 11.507007 5.377987 -9.798445
v 11.500288 5.369362 -9.784750
v 11.486465 5.371633 -9.788163
v 11.472243 5.371428 -9.791962
v 11.458172 5.368760 -9.796004
v 11.444784 5.363721 -9.800126
v 11.432604 5.356515 -9.804175
v 11.422092 5.347417 -9.807998
v 11.413659 5.336768 -9.811443
v 11.419463 5.330845 -9.796151
v 11.426639 5.339894 -9.793222
v 11.435574 5.347633 -9.789971
v 11.445933 5.353765 -9.786525
v 11.457315 5.358048 -9.783018
v 11.469284 5.360320 -9.779584
v 11.481378 5.360489 -9.776355
v 11.493134 5.358559 -9.773451
v 11.513183 5.364701 -9.781854
v 11.521336 5.372808 -9.795226
v 11.534075 5.365178 -9.792705
v 11.524649 5.357834 -9.779587
v 11.513183 5.364701 -9.781854
v 11.528245 5.378612 -9.810585
v 11.541776 5.370508 -9.807914
v 11.533656 5.381882 -9.827349
v 11.547447 5.373621 -9.824621
v 11.553103 5.360114 -9.806081
v 11.558998 5.363023 -9.822753
v 11.561794 5.347823 -9.805166
v 11.567857 5.350487 -9.821819
v 11.567514 5.334113 -9.805199
v 11.573688 5.336510 -9.821856
v 12.039597 3.713772 -9.863372
v 12.045770 3.716169 -9.880031
v 12.030404 3.710554 -9.848324
v 11.558324 5.330895 -9.790151
v 11.552931 5.343812 -9.790118
v 11.544748 5.355387 -9.790981
v 11.534249 5.349022 -9.778037
v 11.541618 5.338603 -9.777260
v 11.546470 5.326980 -9.777291
v 12.018552 3.706639 -9.835464
v 11.410751 5.341770 -9.828100
v 11.413659 5.336768 -9.811443
v 11.407624 5.324989 -9.814380
v 11.404047 5.328682 -9.831366
v 11.410854 5.345662 -9.845488
v 11.403737 5.331764 -9.848949
v 11.400264 5.314834 -9.833938
v 11.399723 5.317064 -9.851684
v 11.406703 5.334118 -9.866464
v 11.402609 5.319129 -9.869246
v 11.398965 5.302121 -9.853576
v 11.401837 5.303892 -9.871176
v 11.401496 5.287515 -9.854555
v 11.404419 5.289000 -9.872180
v 11.873575 3.667174 -9.912728
v 11.876499 3.668659 -9.930353
v 11.874017 3.666661 -9.894820
v 11.401936 5.287002 -9.836647
v 11.399550 5.300762 -9.835721
v 11.403580 5.299860 -9.818299
v 11.404222 5.312529 -9.816693
v 11.411437 5.310228 -9.800615
v 11.414331 5.320824 -9.798650
v 11.419463 5.330845 -9.796151
v 11.410892 5.299455 -9.801981
v 11.412718 5.288923 -9.802689
v 11.405723 5.287475 -9.819130
v 11.877802 3.667134 -9.877303
v 11.884797 3.668582 -9.860862
v 12.342143 2.384658 -9.952143
v 12.337180 2.384137 -9.934952
v 12.352967 2.390076 -9.930086
v 12.358241 2.390712 -9.947183
v 12.367337 2.398576 -9.925312
v 12.372893 2.399382 -9.942309
v 12.379733 2.409313 -9.920802
v 12.385531 2.410325 -9.937715
v 12.389682 2.421870 -9.916738
v 12.395678 2.423128 -9.933574
v 12.396802 2.435766 -9.913277
v 12.402933 2.437299 -9.930040
v 12.387738 2.435112 -9.897900
v 12.381035 2.422025 -9.901164
v 12.371662 2.410195 -9.904994
v 12.359984 2.400087 -9.909238
v 12.346448 2.392076 -9.913740
v 12.331580 2.386485 -9.918321
v 12.315940 2.383512 -9.922807
v 12.320578 2.380986 -9.939717
v 12.325217 2.381444 -9.957001
v 12.303806 2.380744 -9.944197
v 12.308112 2.381200 -9.961567
v 12.287498 2.383424 -9.948224
v 12.291492 2.383930 -9.965671
v 12.272289 2.388921 -9.951640
v 12.275985 2.389534 -9.969156
v 12.270452 2.390987 -9.934039
v 12.284779 2.385809 -9.930820
v 12.300140 2.383290 -9.927030
v 12.297259 2.388725 -9.910725
v 12.311479 2.388928 -9.906926
v 12.325556 2.391602 -9.902889
v 12.338939 2.396635 -9.898763
v 12.351119 2.403841 -9.894712
v 12.361629 2.412945 -9.890890
v 12.370065 2.423588 -9.887445
v 12.376097 2.435371 -9.884509
v 12.357188 2.426499 -9.876114
v 12.350017 2.417446 -9.879043
v 12.341077 2.409706 -9.882293
v 12.330720 2.403579 -9.885736
v 12.319337 2.399296 -9.889242
v 12.307370 2.397024 -9.892677
v 12.295272 2.396850 -9.895910
v 12.283519 2.398782 -9.898814
v 12.283435 2.390999 -9.914139
v 12.270541 2.395655 -9.917034
v 12.272554 2.402744 -9.901276
v 12.303766 2.407489 -9.880616
v 12.313166 2.409272 -9.877917
v 12.387738 2.435112 -9.897900
v 12.376097 2.435371 -9.884509
v 12.379501 2.447831 -9.882195
v 12.391524 2.448961 -9.895327
v 12.396802 2.435766 -9.913277
v 12.400818 2.450469 -9.910542
v 12.402933 2.437299 -9.930040
v 12.407029 2.452286 -9.927255
v 12.401576 2.465408 -9.908650
v 12.407800 2.467520 -9.925323
v 12.399046 2.480015 -9.907666
v 12.405220 2.482410 -9.924325
v 12.039597 3.713772 -9.863372
v 12.045770 3.716169 -9.880031
v 12.030404 3.710554 -9.848324
v 12.389854 2.476797 -9.892618
v 12.392235 2.463038 -9.893543
v 12.380143 2.460500 -9.880589
v 12.378000 2.472881 -9.879759
v 12.018552 3.706639 -9.835464
v 12.270452 2.390987 -9.934039
v 12.257710 2.398617 -9.936561
v 12.259075 2.402525 -9.919302
v 12.270541 2.395655 -9.917034
v 12.262800 2.408588 -9.903205
v 12.272554 2.402744 -9.901276
v 12.254636 2.416081 -9.904521
v 12.249472 2.411335 -9.920852
v 12.247039 2.408409 -9.938284
v 12.258764 2.397024 -9.954312
v 12.272289 2.388921 -9.951640
v 12.275985 2.389534 -9.969156
v 12.262190 2.397795 -9.971883
v 12.247437 2.407421 -9.956144
v 12.250642 2.408393 -9.973746
v 12.238747 2.419707 -9.957060
v 12.241783 2.420923 -9.974680
v 12.233025 2.433416 -9.957023
v 12.235950 2.434901 -9.974648
v 11.873575 3.667174 -9.912728
v 11.876499 3.668659 -9.930353
v 11.874017 3.666661 -9.894820
v 12.233467 2.432903 -9.939115
v 12.238853 2.419989 -9.939146
v 12.242105 2.421757 -9.921628
v 12.248371 2.424943 -9.905181
v 12.244248 2.434824 -9.905156
v 12.237254 2.433377 -9.921597
v 11.877802 3.667134 -9.877303
v 11.884797 3.668582 -9.860862
v 11.657695 5.438530 -9.742974
v 11.671616 5.440643 -9.731921
v 11.661231 5.435615 -9.718236
v 11.647577 5.433537 -9.729077
v 11.634735 5.428678 -9.740018
v 11.644603 5.433572 -9.754129
v 11.623201 5.421212 -9.750638
v 11.632841 5.425960 -9.764957
v 11.613419 5.411430 -9.760530
v 11.622865 5.415990 -9.775044
v 11.605759 5.399711 -9.769311
v 11.615054 5.404040 -9.783998
v 11.600516 5.386499 -9.776649
v 11.609713 5.390572 -9.791479
v 11.599285 5.394028 -9.753716
v 11.606497 5.405071 -9.745441
v 11.615714 5.414286 -9.736126
v 11.626580 5.421316 -9.726122
v 11.638675 5.425896 -9.715816
v 11.651536 5.427850 -9.705604
v 11.664670 5.427104 -9.695880
v 11.675169 5.434819 -9.707916
v 11.685830 5.439834 -9.721395
v 11.688863 5.431183 -9.698506
v 11.699788 5.436133 -9.711804
v 11.701781 5.424853 -9.690369
v 11.712963 5.429676 -9.703510
v 11.713433 5.416065 -9.683821
v 11.724840 5.420715 -9.696835
v 11.700707 5.409435 -9.673189
v 11.689734 5.417711 -9.679353
v 11.677567 5.423678 -9.687017
v 11.666337 5.413899 -9.677783
v 11.654727 5.416979 -9.685761
v 11.642910 5.417653 -9.694511
v 11.631331 5.415897 -9.703701
v 11.620449 5.411772 -9.712976
v 11.610669 5.405444 -9.721978
v 11.602376 5.397153 -9.730365
v 11.595881 5.387214 -9.737811
v 11.601211 5.387978 -9.715872
v 11.608264 5.395030 -9.708744
v 11.616575 5.400414 -9.701085
v 11.625834 5.403921 -9.693196
v 11.635676 5.405415 -9.685383
v 11.645730 5.404840 -9.677939
v 11.615115 5.387673 -9.690905
v 11.622387 5.390432 -9.684709
v 11.608580 5.383446 -9.696920
v 11.603042 5.377907 -9.702523
v 11.677290 5.408530 -9.670887
v 11.724840 5.420715 -9.696835
v 11.734964 5.409597 -9.692033
v 11.723361 5.405159 -9.679115
v 11.713433 5.416065 -9.683821
v 11.731194 5.392554 -9.676427
v 11.742948 5.396742 -9.689292
v 11.736620 5.378737 -9.675861
v 11.748485 5.382655 -9.688718
v 12.208700 3.758397 -9.734035
v 12.220564 3.762314 -9.746891
v 11.601211 5.387978 -9.715872
v 11.603042 5.377907 -9.702523
v 11.598699 5.371266 -9.707500
v 11.595686 5.379533 -9.722207
v 11.602376 5.397153 -9.730365
v 11.595881 5.387214 -9.737811
v 11.591907 5.370007 -9.727493
v 11.591440 5.376018 -9.744031
v 11.599285 5.394028 -9.753716
v 11.594346 5.381586 -9.760629
v 11.605759 5.399711 -9.769311
v 11.600516 5.386499 -9.776649
v 11.591880 5.368217 -9.765911
v 11.597900 5.372310 -9.782256
v 11.609713 5.390572 -9.791479
v 11.607043 5.376102 -9.797196
v 11.598002 5.357681 -9.785922
v 11.607147 5.361185 -9.800933
v 11.600820 5.343180 -9.787503
v 11.610025 5.346403 -9.802545
v 12.072901 3.722840 -9.845676
v 12.082106 3.726061 -9.860718
v 12.066713 3.720439 -9.829025
v 11.594633 5.340781 -9.770852
v 11.591978 5.354443 -9.769362
v 11.589309 5.351588 -9.751894
v 11.589217 5.363988 -9.748786
v 11.590020 5.359776 -9.731538
v 11.594246 5.355743 -9.714831
v 11.595732 5.363785 -9.711656
v 11.602766 5.357590 -9.697122
v 11.604809 5.362746 -9.694259
v 11.601740 5.352053 -9.699311
v 11.601782 5.346351 -9.700743
v 11.594304 5.347461 -9.716910
v 11.590093 5.349230 -9.734179
v 11.592128 5.338774 -9.735321
v 11.591697 5.339292 -9.753231
v 12.063776 3.718951 -9.811404
v 12.064209 3.718433 -9.793494
v 12.067983 3.718905 -9.775980
v 11.595902 5.339246 -9.717807
v 11.602886 5.340689 -9.701360
v 12.074965 3.720348 -9.759533
v 12.660082 5.232789 4.122161
v 12.670994 5.234923 4.108136
v 12.684731 5.237011 4.119418
v 12.674032 5.234910 4.133178
v 12.664146 5.230029 4.146834
v 12.650003 5.227805 4.136091
v 12.655453 5.222540 4.159873
v 12.641140 5.220174 4.149381
v 12.648285 5.212738 4.171782
v 12.633829 5.210183 4.161525
v 12.642914 5.201002 4.182104
v 12.628357 5.198214 4.172050
v 12.664017 5.213224 4.180025
v 12.670771 5.222459 4.168809
v 12.678961 5.229509 4.156531
v 12.688274 5.234111 4.143667
v 12.698355 5.236086 4.130706
v 12.708809 5.235360 4.118146
v 12.695835 5.236238 4.106090
v 12.682312 5.234138 4.094541
v 12.706909 5.232622 4.093695
v 12.693607 5.230456 4.081909
v 12.717531 5.226309 4.082726
v 12.704437 5.224018 4.070720
v 12.727299 5.217534 4.073586
v 12.714394 5.215073 4.061406
v 12.738451 5.217742 4.087537
v 12.729250 5.226004 4.096138
v 12.719242 5.231953 4.106473
v 12.730131 5.228475 4.119757
v 12.720741 5.231537 4.130259
v 12.711332 5.232191 4.141562
v 12.702259 5.230417 4.153226
v 12.693880 5.226273 4.164807
v 12.686510 5.219927 4.175857
v 12.702061 5.215045 4.180735
v 12.708326 5.220446 4.171337
v 12.715454 5.223969 4.161491
v 12.723167 5.225479 4.151572
v 12.731176 5.224919 4.141961
v 12.739159 5.222315 4.133027
v 12.721750 5.212243 4.175878
v 12.727348 5.215014 4.168142
v 12.739140 5.223119 4.110454
v 12.714394 5.215073 4.061406
v 12.723095 5.203965 4.054325
v 12.735832 5.206640 4.066644
v 12.727299 5.217534 4.073586
v 12.742802 5.194042 4.062157
v 12.730196 5.191116 4.049754
v 12.747938 5.180227 4.060300
v 12.735439 5.177033 4.047857
v 13.220022 3.559887 4.002128
v 13.207520 3.556692 3.989682
v 12.727348 5.215014 4.168142
v 12.737490 5.203901 4.172926
v 12.733629 5.201992 4.178253
v 12.721750 5.212243 4.175878
v 12.745481 5.191050 4.175655
v 12.702061 5.215045 4.180735
v 12.664017 5.213224 4.180025
v 12.642914 5.201002 4.182104
v 12.628357 5.198214 4.172050
v 12.624937 5.184731 4.180559
v 12.623693 5.170252 4.186717
v 13.534733 2.230690 4.014382
v 13.547857 2.235656 4.025500
v 13.557741 2.240542 4.011839
v 13.544813 2.235669 4.000459
v 13.566439 2.248028 3.998808
v 13.553680 2.243306 3.987165
v 13.573603 2.257830 3.986895
v 13.560989 2.253298 3.975023
v 13.578966 2.269568 3.976573
v 13.566460 2.265265 3.964494
v 13.582327 2.282792 3.968225
v 13.569881 2.278749 3.955988
v 13.592117 2.287676 3.982342
v 13.588951 2.275221 3.990201
v 13.583899 2.264162 3.999928
v 13.577141 2.254933 4.011144
v 13.568958 2.247876 4.023425
v 13.559639 2.243279 4.036290
v 13.549564 2.241301 4.049251
v 13.537157 2.233561 4.039257
v 13.523823 2.228551 4.028412
v 13.512510 2.229342 4.042006
v 13.501215 2.233023 4.054639
v 13.569643 2.253258 4.046343
v 13.578028 2.257400 4.034762
v 13.585396 2.263745 4.023711
v 13.591471 2.272058 4.013616
v 13.596022 2.282007 4.004861
v 13.596043 2.281202 4.027437
v 13.590874 2.274136 4.036021
v 13.584606 2.268738 4.045421
v 13.569881 2.278749 3.955988
v 13.582327 2.282792 3.968225
v 13.583546 2.296995 3.962182
v 13.571127 2.293228 3.949824
v 13.582582 2.311627 3.958673
v 13.570141 2.308146 3.946248
v 13.579468 2.326129 3.957834
v 13.566971 2.322934 3.945390
v 13.220022 3.559887 4.002128
v 13.207520 3.556692 3.989682
v 13.589424 2.328502 3.972548
v 13.592356 2.314842 3.973339
v 12.820810 5.284769 3.978639
v 12.836107 5.287991 3.969915
v 12.844706 5.288422 3.985611
v 12.829704 5.285255 3.994164
v 12.815516 5.279308 4.002617
v 12.806343 5.278698 3.987255
v 12.802681 5.270794 4.010643
v 12.793261 5.270021 3.995440
v 12.791702 5.260046 4.017938
v 12.782068 5.259067 4.002873
v 12.782995 5.247482 4.024219
v 12.773188 5.246253 4.009280
v 12.776897 5.233576 4.029243
v 12.766970 5.232077 4.014405
v 12.795084 5.247297 4.037303
v 12.803286 5.259137 4.031388
v 12.813631 5.269261 4.024514
v 12.825720 5.277278 4.016952
v 12.839081 5.282884 4.008993
v 12.853214 5.285864 4.000937
v 12.867567 5.286103 3.993093
v 12.859943 5.288673 3.977288
v 12.851641 5.288251 3.961431
v 12.874832 5.286005 3.969512
v 12.866823 5.285532 3.953505
v 12.888800 5.280519 3.962583
v 12.881062 5.279939 3.946437
v 12.901308 5.272424 3.956769
v 12.893820 5.271687 3.940507
v 12.894751 5.278419 3.979244
v 12.881596 5.283588 3.985768
v 12.886848 5.278374 4.001657
v 12.874226 5.280634 4.008245
v 12.861309 5.280419 4.015303
v 12.848589 5.277742 4.022553
v 12.836561 5.272692 4.029717
v 12.825680 5.265476 4.036525
v 12.816376 5.256368 4.042707
v 12.838377 5.259590 4.046202
v 12.847626 5.265731 4.040417
v 12.857855 5.270023 4.034321
v 12.868673 5.272303 4.028157
v 12.879658 5.272481 4.022155
v 12.890390 5.270556 4.016549
v 12.883657 5.261959 4.034287
v 12.875027 5.261815 4.039002
v 12.866526 5.260026 4.043853
v 12.858488 5.256650 4.048639
v 12.898689 5.273720 3.995778
v 12.875027 5.261815 4.039002
v 12.883657 5.261959 4.034287
v 12.886070 5.249468 4.044188
v 12.880123 5.249370 4.047433
v 12.891878 5.248428 4.041148
v 12.892096 5.260448 4.029882
v 12.879658 5.272481 4.022155
v 12.890390 5.270556 4.016549
v 12.900002 5.257340 4.025961
v 12.900459 5.266607 4.011553
v 12.886848 5.278374 4.001657
v 12.898689 5.273720 3.995778
v 12.909479 5.260769 4.007361
v 12.909290 5.266860 3.990852
v 12.894751 5.278419 3.979244
v 12.906532 5.270797 3.973763
v 12.888800 5.280519 3.962583
v 12.901308 5.272424 3.956769
v 12.916487 5.261009 3.969547
v 12.911875 5.262036 3.952292
v 12.893820 5.271687 3.940507
v 12.904596 5.261095 3.935945
v 12.920105 5.249750 3.949322
v 12.912981 5.248564 3.932916
v 12.925665 5.236039 3.947976
v 12.918652 5.234586 3.931544
v 13.397747 3.615698 3.889802
v 13.390730 3.614245 3.873372
v 13.401554 3.616181 3.907312
v 12.929478 5.236522 3.965485
v 12.924234 5.249439 3.966752
v 12.925226 5.247639 3.984539
v 12.918249 5.258054 3.987053
v 12.917099 5.253280 4.004134
v 12.913074 5.246868 4.020130
v 12.907087 5.252755 4.022665
v 12.902212 5.243127 4.036178
v 12.897326 5.246287 4.038445
v 12.892544 5.233869 4.048532
v 12.889765 5.234960 4.049913
v 12.886803 5.235492 4.051460
v 12.895031 5.232259 4.047379
v 12.897133 5.230193 4.046484
v 12.906332 5.239074 4.034433
v 12.909536 5.234282 4.033272
v 12.917732 5.239912 4.018450
v 12.923027 5.244421 4.001992
v 12.927044 5.234537 4.001020
v 12.929939 5.236014 3.983395
v 13.402020 3.615673 3.925222
v 13.399122 3.614196 3.942847
v 13.392969 3.611804 3.959513
v 12.920887 5.232145 4.017685
v 12.911715 5.228930 4.032749
v 12.899876 5.225020 4.045629
v 12.898771 5.227751 4.045897
v 13.371954 3.604679 3.987455
v 13.383795 3.608591 3.974576
v 12.918652 5.234586 3.931544
v 12.936085 5.240031 3.921391
v 13.408165 3.619690 3.863218
v 13.390730 3.614245 3.873372
v 12.912981 5.248564 3.932916
v 12.931877 5.254465 3.921910
v 12.904596 5.261095 3.935945
v 12.927834 5.268351 3.922409
v 12.893820 5.271687 3.940507
v 12.924107 5.281145 3.922869
v 12.881062 5.279939 3.946437
v 12.920839 5.292360 3.923270
v 12.866823 5.285532 3.953505
v 12.918158 5.301563 3.923601
v 12.851641 5.288251 3.961431
v 12.916166 5.308400 3.923846
v 12.836107 5.287991 3.969915
v 12.914938 5.312608 3.923997
v 12.820810 5.284769 3.978639
v 12.914526 5.314033 3.924048
v 12.901718 5.357986 3.925626
v 12.808004 5.328723 3.980214
v 12.713367 5.299158 4.035715
v 12.726173 5.255204 4.034138
v 12.726589 5.253780 4.034086
v 12.806343 5.278698 3.987255
v 12.727814 5.249570 4.033937
v 12.793261 5.270021 3.995440
v 12.729807 5.242735 4.033691
v 12.782068 5.259067 4.002873
v 12.732487 5.233531 4.033360
v 12.773188 5.246253 4.009280
v 12.735756 5.222317 4.032958
v 12.766970 5.232077 4.014405
v 12.739483 5.209523 4.032498
v 12.763647 5.217082 4.018050
v 12.743528 5.195637 4.032000
v 12.763353 5.201841 4.020082
v 12.747732 5.181202 4.031481
v 12.766090 5.186948 4.020414
v 13.219814 3.560861 3.973308
v 13.238171 3.566607 3.962241
v 12.689459 5.332496 4.021102
v 12.787525 5.363132 3.963586
v 12.884636 5.393456 3.907018
v 13.009933 5.389991 3.912335
v 13.022739 5.346038 3.910759
v 13.116949 5.421629 3.899520
v 13.129755 5.377675 3.897942
v 13.130169 5.376251 3.897890
v 13.040146 5.349637 3.908670
v 13.131395 5.372042 3.897739
v 13.057718 5.350259 3.906564
v 13.133389 5.365207 3.897493
v 13.074768 5.347876 3.904512
v 13.136070 5.356003 3.897163
v 13.090652 5.342576 3.902604
v 13.139334 5.344787 3.896762
v 13.104750 5.334563 3.900901
v 13.143063 5.331995 3.896303
v 13.116526 5.324149 3.899481
v 13.147108 5.318109 3.895805
v 13.125532 5.311729 3.898389
v 13.151316 5.303673 3.895286
v 13.131411 5.297789 3.897668
v 13.623398 3.683333 3.837112
v 13.603489 3.677448 3.839495
v 13.171938 5.309474 3.901078
v 13.644020 3.689134 3.842905
v 13.169363 5.324367 3.902083
v 13.170132 5.339604 3.904015
v 13.174227 5.354594 3.906795
v 13.181484 5.368762 3.910328
v 13.191629 5.381565 3.914471
v 13.204268 5.392508 3.919071
v 13.218916 5.401173 3.923938
v 13.235016 5.407232 3.928898
v 13.222208 5.451185 3.930474
v 13.326187 5.480370 3.961389
v 13.338993 5.436415 3.959811
v 13.339405 5.434992 3.959761
v 13.251940 5.410443 3.933756
v 13.340633 5.430782 3.959608
v 13.269049 5.410690 3.938329
v 13.342627 5.423946 3.959361
v 13.285667 5.407960 3.942430
v 13.345306 5.414742 3.959032
v 13.301178 5.402357 3.945911
v 13.348574 5.403528 3.958630
v 13.314968 5.394095 3.948640
v 13.352301 5.390734 3.958171
v 13.326517 5.383498 3.950506
v 13.356348 5.376848 3.957671
v 13.335377 5.370963 3.951441
v 13.360552 5.362413 3.957154
v 13.341209 5.356985 3.951403
v 13.832634 3.742073 3.898981
v 13.813292 3.736643 3.893230
v 13.377550 5.366878 3.970716
v 13.849628 3.746537 3.912542
v 13.374668 5.381659 3.972327
v 13.374565 5.396577 3.976066
v 13.377232 5.411047 3.981782
v 13.382576 5.424516 3.989262
v 13.390387 5.436466 3.998216
v 13.400362 5.446436 4.008303
v 13.412123 5.454046 4.019132
v 13.425217 5.459006 4.030286
v 13.412411 5.502961 4.031863
v 13.497463 5.525229 4.101783
v 13.510269 5.481276 4.100204
v 13.510681 5.479852 4.100153
v 13.439138 5.461119 4.041338
v 13.511911 5.475642 4.100001
v 13.453354 5.460309 4.051861
v 13.513903 5.468807 4.099755
v 13.467312 5.456608 4.061457
v 13.516584 5.459603 4.099425
v 13.480484 5.450151 4.069749
v 13.519850 5.448388 4.099025
v 13.492361 5.441191 4.076427
v 13.523577 5.435594 4.098565
v 13.502487 5.430073 4.081229
v 13.527622 5.421708 4.098065
v 13.510469 5.417217 4.083969
v 13.531830 5.407274 4.097548
v 13.516005 5.403130 4.084540
v 14.003910 3.786932 4.039373
v 13.988085 3.782789 4.026367
v 13.413836 5.543684 4.017107
v 13.501974 5.566761 4.089562
v 13.324488 5.520275 3.944081
v 13.216743 5.490034 3.912050
v 13.107670 5.459407 3.879967
v 12.996773 5.426622 3.893251
v 13.695461 2.282671 3.870856
v 13.703526 2.286000 3.886486
v 13.717716 2.291954 3.878033
v 13.709929 2.288737 3.862238
v 13.730547 2.300463 3.870006
v 13.723009 2.297418 3.854054
v 13.741526 2.311211 3.862711
v 13.734207 2.308374 3.846619
v 13.750233 2.323779 3.856431
v 13.743086 2.321185 3.840212
v 13.756334 2.337682 3.851406
v 13.749306 2.335364 3.835087
v 13.754452 2.327635 3.873305
v 13.746252 2.315797 3.879219
v 13.735905 2.305677 3.886091
v 13.723818 2.297655 3.893654
v 13.710449 2.292053 3.901615
v 13.696321 2.289069 3.909671
v 13.688526 2.282840 3.895038
v 13.680166 2.279443 3.879577
v 13.673286 2.282584 3.903361
v 13.664629 2.279188 3.888063
v 13.658398 2.285253 3.911138
v 13.649450 2.281907 3.895990
v 13.644430 2.290741 3.918067
v 13.635208 2.287501 3.903056
v 13.631922 2.298836 3.923879
v 13.622454 2.295754 3.908985
v 13.643005 2.304135 3.936844
v 13.654783 2.296514 3.931364
v 13.667942 2.291344 3.924838
v 13.681969 2.288836 3.917513
v 13.690336 2.297685 3.929976
v 13.703257 2.297900 3.922919
v 13.715975 2.300583 3.915668
v 13.728004 2.305627 3.908503
v 13.738880 2.312843 3.901696
v 13.748188 2.321956 3.895514
v 13.755571 2.332608 3.890184
v 13.747272 2.329445 3.910958
v 13.739359 2.321699 3.916217
v 13.730110 2.315562 3.922004
v 13.719875 2.311269 3.928097
v 13.709063 2.308990 3.934263
v 13.698076 2.308808 3.940263
v 13.687344 2.310730 3.945871
v 13.677717 2.299950 3.936566
v 13.665874 2.304599 3.942436
v 13.704887 2.321764 3.947990
v 13.713516 2.321909 3.943274
v 13.722015 2.323703 3.938433
v 13.730051 2.327075 3.933640
v 13.737320 2.331892 3.929093
v 13.730051 2.327075 3.933640
v 13.727837 2.339725 3.942970
v 13.732847 2.343044 3.939840
v 13.737320 2.331892 3.929093
v 13.737129 2.347237 3.936991
v 13.743544 2.337985 3.924960
v 13.739359 2.321699 3.916217
v 13.747272 2.329445 3.910958
v 13.748472 2.345104 3.921407
v 13.753551 2.338505 3.906428
v 13.748188 2.321956 3.895514
v 13.755571 2.332608 3.890184
v 13.757950 2.348532 3.902807
v 13.760740 2.344397 3.885929
v 13.754452 2.327635 3.873305
v 13.760197 2.340730 3.868568
v 13.750233 2.323779 3.856431
v 13.756334 2.337682 3.851406
v 13.763264 2.354586 3.865201
v 13.759590 2.352392 3.847831
v 13.749306 2.335364 3.835087
v 13.752628 2.350359 3.831444
v 13.759886 2.367334 3.845840
v 13.752922 2.365594 3.829411
v 13.757195 2.381942 3.845507
v 13.750181 2.380487 3.829077
v 13.397747 3.615698 3.889802
v 13.390730 3.614245 3.873372
v 13.401554 3.616181 3.907312
v 13.761009 2.382424 3.863017
v 13.763538 2.368664 3.863328
v 13.763750 2.369534 3.881208
v 13.763502 2.356861 3.882894
v 13.760298 2.359133 3.900229
v 13.753773 2.361306 3.916533
v 13.751926 2.352974 3.918558
v 13.742907 2.357563 3.932580
v 13.740526 2.352141 3.934540
v 13.730024 2.359356 3.945331
v 13.728291 2.356857 3.946585
v 13.726107 2.354718 3.948034
v 13.731236 2.362120 3.944334
v 13.731884 2.365045 3.943619
v 13.744177 2.363302 3.931187
v 13.744287 2.369134 3.930406
v 13.753937 2.369774 3.915408
v 13.760506 2.369908 3.898791
v 13.758574 2.380438 3.898554
v 13.761469 2.381915 3.880928
v 13.402020 3.615673 3.925222
v 13.399122 3.614196 3.942847
v 13.392969 3.611804 3.959513
v 13.752417 2.378046 3.915217
v 13.743246 2.374833 3.930281
v 13.731405 2.370922 3.943160
v 13.731943 2.368019 3.943228
v 13.371954 3.604679 3.987455
v 13.383795 3.608591 3.974576
v 13.750181 2.380487 3.829077
v 13.390730 3.614245 3.873372
v 13.408165 3.619690 3.863218
v 13.767618 2.385932 3.818923
v 13.752922 2.365594 3.829411
v 13.771822 2.371496 3.818405
v 13.752628 2.350359 3.831444
v 13.775866 2.357615 3.817907
v 13.749306 2.335364 3.835087
v 13.779593 2.344822 3.817450
v 13.743086 2.321185 3.840212
v 13.782860 2.333606 3.817046
v 13.734207 2.308374 3.846619
v 13.785543 2.324404 3.816717
v 13.723009 2.297418 3.854054
v 13.787537 2.317567 3.816470
v 13.709929 2.288737 3.862238
v 13.788761 2.313353 3.816319
v 13.695461 2.282671 3.870856
v 13.789173 2.311935 3.816268
v 13.801981 2.267981 3.814689
v 13.708263 2.238717 3.869277
v 13.613628 2.209153 3.924778
v 13.600824 2.253106 3.926357
v 13.600412 2.254526 3.926408
v 13.680166 2.279443 3.879577
v 13.599184 2.258738 3.926559
v 13.664629 2.279188 3.888063
v 13.597189 2.265575 3.926806
v 13.649450 2.281907 3.895990
v 13.594511 2.274778 3.927135
v 13.635208 2.287501 3.903056
v 13.591244 2.285994 3.927539
v 13.622454 2.295754 3.908985
v 13.587513 2.298787 3.927996
v 13.611681 2.306346 3.913548
v 13.583469 2.312667 3.928495
v 13.603296 2.318871 3.916578
v 13.579264 2.327103 3.929013
v 13.597620 2.332849 3.917947
v 13.219814 3.560861 3.973308
v 13.238171 3.566607 3.962241
v 13.897390 2.343939 3.802977
v 13.879980 2.340333 3.805064
v 13.862411 2.339715 3.807173
v 13.845360 2.342099 3.809222
v 13.829477 2.347400 3.811137
v 13.815374 2.355412 3.812837
v 13.803600 2.365824 3.814261
v 13.794598 2.378242 3.815351
v 13.788715 2.392182 3.816072
v 13.408165 3.619690 3.863218
v 13.429266 3.625939 3.860367
v 13.910192 2.299985 3.801399
v 14.017214 2.331624 3.788583
v 14.004406 2.375578 3.790161
v 14.003990 2.376997 3.790213
v 13.913967 2.350382 3.800993
v 14.002764 2.381210 3.790364
v 13.929087 2.359428 3.799188
v 14.000772 2.388046 3.790610
v 13.942152 2.370717 3.797627
v 13.998091 2.397249 3.790939
v 13.952675 2.383821 3.796379
v 13.994823 2.408465 3.791342
v 13.960238 2.398241 3.795482
v 13.991096 2.421258 3.791800
v 13.964561 2.413413 3.794980
v 13.987051 2.435139 3.792299
v 13.965473 2.428760 3.794885
v 13.982845 2.449575 3.792817
v 13.962942 2.443691 3.795199
v 13.623398 3.683333 3.837112
v 13.603489 3.677448 3.839495
v 14.009304 2.441397 3.798580
v 14.003469 2.455375 3.798613
v 13.623398 3.683333 3.837112
v 13.644020 3.689134 3.842905
v 14.018162 2.428868 3.799513
v 14.029711 2.418271 3.801376
v 14.043507 2.410010 3.804102
v 14.059013 2.404406 3.807587
v 14.075634 2.401675 3.811692
v 14.092739 2.401918 3.816260
v 14.109667 2.405133 3.821116
v 14.122469 2.361179 3.819537
v 14.226450 2.390365 3.850452
v 14.213642 2.434318 3.852028
v 14.213228 2.435737 3.852080
v 14.125763 2.411187 3.826077
v 14.212000 2.439950 3.852232
v 14.140413 2.419858 3.830952
v 14.210012 2.446786 3.852477
v 14.153053 2.430801 3.835546
v 14.207331 2.455989 3.852809
v 14.163200 2.443603 3.839685
v 14.204062 2.467205 3.853210
v 14.170458 2.457773 3.843219
v 14.200335 2.479998 3.853670
v 14.174551 2.472762 3.846004
v 14.196289 2.493879 3.854169
v 14.175320 2.487994 3.847937
v 14.192085 2.508315 3.854686
v 14.172741 2.502886 3.848935
v 13.832634 3.742073 3.898981
v 13.813292 3.736643 3.893230
v 14.214611 2.498690 3.868823
v 14.209078 2.512779 3.868246
v 13.832634 3.742073 3.898981
v 13.849628 3.746537 3.912542
v 14.222597 2.485841 3.871563
v 14.232721 2.474724 3.876360
v 14.244598 2.465762 3.883037
v 14.257771 2.459307 3.891330
v 14.271729 2.455604 3.900926
v 14.285946 2.454791 3.911452
v 14.299868 2.456908 3.922505
v 14.312672 2.412955 3.920925
v 14.312962 2.461864 3.933659
v 14.324718 2.469479 3.944484
v 14.334694 2.479448 3.954572
v 14.342506 2.491397 3.963524
v 14.347849 2.504868 3.971006
v 14.350519 2.519337 3.976727
v 14.350410 2.534247 3.980464
v 14.347536 2.549032 3.982074
v 14.003910 3.786932 4.039373
v 13.988085 3.782789 4.026367
v 13.022739 5.346038 3.910759
v 13.040146 5.349637 3.908670
v 13.042353 5.348133 3.926373
v 13.025282 5.344598 3.928419
v 13.009014 5.338277 3.930364
v 13.006157 5.339588 3.912744
v 12.994190 5.329407 3.932137
v 12.991043 5.330547 3.914550
v 12.981379 5.318332 3.933668
v 12.977974 5.319259 3.916108
v 12.971060 5.305480 3.934895
v 12.967457 5.306152 3.917361
v 12.963638 5.291338 3.935771
v 12.959887 5.291735 3.918256
v 12.970488 5.290203 3.952224
v 12.977476 5.303520 3.951397
v 12.987196 5.315631 3.950241
v 12.999269 5.326065 3.948799
v 13.013233 5.334415 3.947130
v 13.028551 5.340372 3.945299
v 13.044636 5.343700 3.943368
v 13.060863 5.344274 3.941424
v 13.059584 5.348741 3.924302
v 13.057718 5.350259 3.906564
v 13.076313 5.346400 3.922297
v 13.074768 5.347876 3.904512
v 13.091885 5.341202 3.920422
v 13.090652 5.342576 3.902604
v 13.091293 5.337171 3.937762
v 13.076622 5.342068 3.939530
v 13.075687 5.335047 3.955553
v 13.061510 5.337030 3.957259
v 13.046904 5.336513 3.959015
v 13.032427 5.333522 3.960751
v 13.018644 5.328159 3.962398
v 13.006075 5.320641 3.963899
v 12.995211 5.311254 3.965199
v 12.986460 5.300352 3.966237
v 13.014347 5.313349 3.976856
v 13.025034 5.319746 3.975579
v 13.036760 5.324305 3.974174
v 13.049068 5.326850 3.972699
v 13.061491 5.327286 3.971209
v 13.073553 5.325599 3.969762
v 13.088894 5.330637 3.953967
v 13.075687 5.335047 3.955553
v 13.088894 5.330637 3.953967
v 13.084785 5.321858 3.968407
v 13.073553 5.325599 3.969762
v 13.094753 5.316189 3.967207
v 13.100618 5.323977 3.952552
v 13.091293 5.337171 3.937762
v 13.104319 5.329769 3.936193
v 13.091885 5.341202 3.920422
v 13.105715 5.333343 3.918752
v 13.090652 5.342576 3.902604
v 13.104750 5.334563 3.900901
v 13.117268 5.323131 3.917357
v 13.116526 5.324149 3.899481
v 13.126097 5.310951 3.916286
v 13.125532 5.311729 3.898389
v 13.131863 5.297277 3.915579
v 13.131411 5.297789 3.897668
v 13.603943 3.676938 3.857407
v 13.603489 3.677448 3.839495
v 13.601028 3.675456 3.875030
v 13.128948 5.295796 3.933203
v 13.123516 5.308679 3.933867
v 13.115204 5.320149 3.934877
v 13.110411 5.315320 3.951370
v 13.103081 5.308826 3.966198
v 13.093493 5.300916 3.978795
v 13.086948 5.306704 3.979585
v 13.079109 5.311154 3.980531
v 13.098490 5.294020 3.978189
v 13.109446 5.300047 3.965425
v 13.117895 5.304994 3.950459
v 13.122784 5.293403 3.949862
v 13.594866 3.673062 3.891690
v 13.585680 3.669845 3.906746
v 13.113602 5.290186 3.964920
v 13.101757 5.286273 3.977793
v 13.573839 3.665932 3.919618
v 12.963638 5.291338 3.935771
v 12.970488 5.290203 3.952224
v 12.966492 5.276183 3.952690
v 12.959394 5.276456 3.936266
v 12.959887 5.291735 3.918256
v 12.955566 5.276561 3.918760
v 12.958502 5.261402 3.936361
v 12.954659 5.261211 3.918857
v 12.960987 5.246759 3.936046
v 12.957184 5.246279 3.918540
v 13.433069 3.626418 3.877873
v 13.429266 3.625939 3.860367
v 13.440069 3.627868 3.894309
v 12.967987 5.248209 3.952481
v 12.965651 5.262006 3.952781
v 12.957184 5.246279 3.918540
v 13.429266 3.625939 3.860367
v 12.954659 5.261211 3.918857
v 12.955566 5.276561 3.918760
v 12.959887 5.291735 3.918256
v 12.967457 5.306152 3.917361
v 12.977974 5.319259 3.916108
v 12.991043 5.330547 3.914550
v 13.006157 5.339588 3.912744
v 13.897390 2.343939 3.802977
v 13.899105 2.345343 3.820743
v 13.915361 2.351664 3.818793
v 13.913967 2.350382 3.800993
v 13.930187 2.360531 3.817020
v 13.929087 2.359428 3.799188
v 13.943008 2.371606 3.815494
v 13.942152 2.370717 3.797627
v 13.953323 2.384462 3.814268
v 13.952675 2.383821 3.796379
v 13.950996 2.386386 3.831824
v 13.941277 2.374276 3.832984
v 13.929199 2.363848 3.834421
v 13.915237 2.355491 3.836086
v 13.899920 2.349539 3.837923
v 13.883835 2.346206 3.839847
v 13.882027 2.341809 3.822786
v 13.879980 2.340333 3.805064
v 13.864796 2.341197 3.824854
v 13.862411 2.339715 3.807173
v 13.848072 2.343539 3.826869
v 13.845360 2.342099 3.809222
v 13.832495 2.348739 3.828742
v 13.829477 2.347400 3.811137
v 13.818663 2.356596 3.830407
v 13.815374 2.355412 3.812837
v 13.824150 2.360136 3.847030
v 13.837175 2.352737 3.845459
v 13.851852 2.347840 3.843690
v 13.867607 2.345639 3.841798
v 13.870731 2.352848 3.857350
v 13.885340 2.353365 3.855598
v 13.899815 2.356362 3.853867
v 13.913599 2.361721 3.852214
v 13.926165 2.369238 3.850710
v 13.937031 2.378629 3.849413
v 13.945774 2.389525 3.848374
v 13.937876 2.393756 3.863281
v 13.930435 2.384487 3.864170
v 13.921192 2.376503 3.865270
v 13.910505 2.370110 3.866547
v 13.898779 2.365551 3.867951
v 13.886469 2.363005 3.869427
v 13.874048 2.362565 3.870919
v 13.861990 2.364252 3.872370
v 13.856550 2.354836 3.859056
v 13.843344 2.359240 3.860645
v 13.831619 2.365903 3.862058
v 13.887197 2.374755 3.880804
v 13.896870 2.376756 3.879645
v 13.906078 2.380336 3.878539
v 13.914478 2.385357 3.877539
v 13.921738 2.391635 3.876676
v 13.950996 2.386386 3.831824
v 13.945774 2.389525 3.848374
v 13.952066 2.401514 3.847630
v 13.957981 2.399703 3.830997
v 13.953323 2.384462 3.814268
v 13.960741 2.398601 3.813388
v 13.952675 2.383821 3.796379
v 13.960238 2.398241 3.795482
v 13.964979 2.413487 3.812895
v 13.964561 2.413413 3.794980
v 13.965878 2.428536 3.812801
v 13.965473 2.428760 3.794885
v 13.963394 2.443180 3.813111
v 13.962942 2.443691 3.795199
v 13.603943 3.676938 3.857407
v 13.603489 3.677448 3.839495
v 13.601028 3.675456 3.875030
v 13.960480 2.441698 3.830734
v 13.962818 2.427905 3.830442
v 13.961981 2.413725 3.830531
v 13.955662 2.414129 3.847212
v 13.946280 2.414680 3.862293
v 13.943222 2.403952 3.862652
v 13.937876 2.393756 3.863281
v 13.931787 2.406922 3.875479
v 13.927580 2.398918 3.875977
v 13.934187 2.415353 3.875199
v 13.934694 2.423882 3.875148
v 13.946928 2.425534 3.862225
v 13.956417 2.426891 3.847132
v 13.954313 2.439304 3.847396
v 13.594866 3.673062 3.891690
v 13.585680 3.669845 3.906746
v 13.945133 2.436088 3.862453
v 13.933289 2.432174 3.875323
v 13.573839 3.665932 3.919618
v 13.818663 2.356596 3.830407
v 13.807110 2.366811 3.831803
v 13.813269 2.369759 3.848345
v 13.824150 2.360136 3.847030
v 13.815374 2.355412 3.812837
v 13.803600 2.365824 3.814261
v 13.798281 2.378988 3.832877
v 13.794598 2.378242 3.815351
v 13.792519 2.392662 3.833578
v 13.788715 2.392182 3.816072
v 13.433069 3.626418 3.877873
v 13.429266 3.625939 3.860367
v 13.440069 3.627868 3.894309
v 13.799517 2.394110 3.850015
v 13.804955 2.381233 3.849356
v 13.235016 5.407232 3.928898
v 13.251940 5.410443 3.933756
v 13.247478 5.407022 3.950751
v 13.230881 5.403866 3.945987
v 13.215088 5.397930 3.941120
v 13.218916 5.401173 3.923938
v 13.200724 5.389429 3.936344
v 13.204268 5.392508 3.919071
v 13.188328 5.378692 3.931837
v 13.191629 5.381565 3.914471
v 13.178377 5.366138 3.927772
v 13.181484 5.368762 3.910328
v 13.171257 5.352240 3.924310
v 13.174227 5.354594 3.906795
v 13.178274 5.362245 3.945159
v 13.187647 5.374076 3.948989
v 13.199326 5.384192 3.953232
v 13.212858 5.392196 3.957734
v 13.227732 5.397791 3.962316
v 13.243368 5.400758 3.966802
v 13.259171 5.400988 3.971023
v 13.264256 5.407260 3.955231
v 13.269049 5.410690 3.938329
v 13.280558 5.404580 3.959258
v 13.285667 5.407960 3.942430
v 13.295767 5.399086 3.962674
v 13.301178 5.402357 3.945911
v 13.288855 5.393283 3.978033
v 13.274529 5.398463 3.974815
v 13.267809 5.389837 3.988510
v 13.253988 5.392107 3.985096
v 13.239765 5.391903 3.981300
v 13.225693 5.389235 3.977257
v 13.212305 5.384196 3.973133
v 13.200129 5.376990 3.969085
v 13.189615 5.367891 3.965261
v 13.181181 5.357243 3.961815
v 13.186983 5.351321 3.977108
v 13.194160 5.360369 3.980037
v 13.203094 5.368109 3.983288
v 13.213457 5.374240 3.986732
v 13.224836 5.378523 3.990242
v 13.236807 5.380795 3.993675
v 13.248899 5.380964 3.996905
v 13.260656 5.379034 3.999808
v 13.280704 5.385177 3.991407
v 13.288855 5.393283 3.978033
v 13.301598 5.385653 3.980552
v 13.292171 5.378309 3.993673
v 13.280704 5.385177 3.991407
v 13.295767 5.399086 3.962674
v 13.309298 5.390983 3.965345
v 13.301178 5.402357 3.945911
v 13.314968 5.394095 3.948640
v 13.320627 5.380589 3.967179
v 13.326517 5.383498 3.950506
v 13.329317 5.368299 3.968094
v 13.335377 5.370963 3.951441
v 13.335037 5.354588 3.968056
v 13.341209 5.356985 3.951403
v 13.807119 3.734247 3.909883
v 13.813292 3.736643 3.893230
v 13.797924 3.731029 3.924929
v 13.325846 5.351370 3.983104
v 13.320454 5.364286 3.983142
v 13.312271 5.375861 3.982275
v 13.301769 5.369498 3.995224
v 13.309141 5.359079 3.996000
v 13.313990 5.347455 3.995968
v 13.786072 3.727113 3.937796
v 13.178274 5.362245 3.945159
v 13.181181 5.357243 3.961815
v 13.175148 5.345465 3.958880
v 13.171570 5.349158 3.941895
v 13.178377 5.366138 3.927772
v 13.171257 5.352240 3.924310
v 13.167784 5.335308 3.939322
v 13.167246 5.337540 3.921577
v 13.174227 5.354594 3.906795
v 13.170132 5.339604 3.904015
v 13.166487 5.322597 3.919685
v 13.169363 5.324367 3.902083
v 13.169016 5.307990 3.918703
v 13.171938 5.309474 3.901078
v 13.641096 3.687649 3.860531
v 13.644020 3.689134 3.842905
v 13.641539 3.687135 3.878440
v 13.169456 5.307477 3.936614
v 13.167074 5.321238 3.937539
v 13.171103 5.320336 3.954962
v 13.171743 5.333004 3.956566
v 13.178959 5.330704 3.972644
v 13.181854 5.341300 3.974609
v 13.186983 5.351321 3.977108
v 13.178413 5.319931 3.971278
v 13.180239 5.309398 3.970571
v 13.173246 5.307950 3.954129
v 13.645327 3.687610 3.895957
v 13.652321 3.689057 3.912398
v 14.109667 2.405133 3.821116
v 14.104702 2.404612 3.838308
v 14.120489 2.410552 3.843174
v 14.125763 2.411187 3.826077
v 14.134861 2.419051 3.847947
v 14.140413 2.419858 3.830952
v 14.147253 2.429787 3.852458
v 14.153053 2.430801 3.835546
v 14.157204 2.442346 3.856523
v 14.163200 2.443603 3.839685
v 14.164324 2.456242 3.859982
v 14.170458 2.457773 3.843219
v 14.155262 2.455588 3.875357
v 14.148558 2.442500 3.872095
v 14.139183 2.430669 3.868264
v 14.127506 2.420562 3.864020
v 14.113972 2.412550 3.859520
v 14.099102 2.406959 3.854939
v 14.083462 2.403988 3.850452
v 14.088099 2.401462 3.833541
v 14.092739 2.401918 3.816260
v 14.071327 2.401220 3.829062
v 14.075634 2.401675 3.811692
v 14.055019 2.403900 3.825037
v 14.059013 2.404406 3.807587
v 14.039810 2.409397 3.821620
v 14.043507 2.410010 3.804102
v 14.037971 2.411462 3.839222
v 14.052303 2.406284 3.842441
v 14.067663 2.403765 3.846229
v 14.064783 2.409200 3.862534
v 14.079002 2.409403 3.866334
v 14.093077 2.412076 3.870371
v 14.106459 2.417110 3.874498
v 14.118641 2.424315 3.878546
v 14.129150 2.433419 3.882370
v 14.137587 2.444064 3.885814
v 14.143620 2.455846 3.888750
v 14.124710 2.446974 3.897146
v 14.117537 2.437922 3.894217
v 14.108599 2.430182 3.890967
v 14.098242 2.424054 3.887523
v 14.086859 2.419770 3.884017
v 14.074890 2.417499 3.880579
v 14.062794 2.417325 3.877350
v 14.051044 2.419257 3.874444
v 14.050957 2.411474 3.859122
v 14.038063 2.416130 3.856224
v 14.040077 2.423220 3.871984
v 14.071283 2.427964 3.892644
v 14.080690 2.429747 3.895341
v 14.155262 2.455588 3.875357
v 14.143620 2.455846 3.888750
v 14.147022 2.468306 3.891064
v 14.159046 2.469437 3.877928
v 14.164324 2.456242 3.859982
v 14.168339 2.470944 3.862719
v 14.170458 2.457773 3.843219
v 14.174551 2.472762 3.846004
v 14.169096 2.485884 3.864609
v 14.175320 2.487994 3.847937
v 14.166569 2.500490 3.865587
v 14.172741 2.502886 3.848935
v 13.807119 3.734247 3.909883
v 13.813292 3.736643 3.893230
v 13.797924 3.731029 3.924929
v 14.157375 2.497271 3.880637
v 14.159756 2.483513 3.879716
v 14.147665 2.480976 3.892671
v 14.145521 2.493355 3.893501
v 13.786072 3.727113 3.937796
v 14.037971 2.411462 3.839222
v 14.025234 2.419092 3.836699
v 14.026594 2.423000 3.853959
v 14.038063 2.416130 3.856224
v 14.030321 2.429063 3.870055
v 14.040077 2.423220 3.871984
v 14.022158 2.436556 3.868738
v 14.016998 2.431810 3.852407
v 14.014561 2.428885 3.834977
v 14.026285 2.417499 3.818947
v 14.039810 2.409397 3.821620
v 14.043507 2.410010 3.804102
v 14.029711 2.418271 3.801376
v 14.014959 2.427895 3.817114
v 14.018162 2.428868 3.799513
v 14.006266 2.440181 3.816200
v 14.009304 2.441397 3.798580
v 14.000547 2.453892 3.816236
v 14.003469 2.455375 3.798613
v 13.641096 3.687649 3.860531
v 13.644020 3.689134 3.842905
v 13.641539 3.687135 3.878440
v 14.000986 2.453377 3.834146
v 14.006374 2.440463 3.834115
v 14.009624 2.442232 3.851632
v 14.015890 2.445417 3.868076
v 14.011768 2.455299 3.868104
v 14.004776 2.453852 3.851662
v 13.645327 3.687610 3.895957
v 13.652321 3.689057 3.912398
v 13.425217 5.459006 4.030286
v 13.439138 5.461119 4.041338
v 13.428751 5.456090 4.055023
v 13.415100 5.454013 4.044183
v 13.402256 5.449152 4.033242
v 13.412123 5.454046 4.019132
v 13.390722 5.441687 4.022622
v 13.400362 5.446436 4.008303
v 13.380941 5.431906 4.012731
v 13.390387 5.436466 3.998216
v 13.373280 5.420187 4.003947
v 13.382576 5.424516 3.989262
v 13.368036 5.406974 3.996612
v 13.377232 5.411047 3.981782
v 13.366808 5.414503 4.019543
v 13.374020 5.425545 4.027819
v 13.383236 5.434761 4.037133
v 13.394100 5.441791 4.047136
v 13.406197 5.446372 4.057445
v 13.419058 5.448325 4.067652
v 13.432192 5.447578 4.077379
v 13.442696 5.455294 4.065343
v 13.453354 5.460309 4.051861
v 13.456383 5.451658 4.074755
v 13.467312 5.456608 4.061457
v 13.469303 5.445329 4.082891
v 13.480484 5.450151 4.069749
v 13.480955 5.436539 4.089439
v 13.492361 5.441191 4.076427
v 13.468231 5.429911 4.100069
v 13.457256 5.438187 4.093906
v 13.445089 5.444154 4.086241
v 13.433859 5.434375 4.095478
v 13.422249 5.437454 4.087497
v 13.410435 5.438128 4.078749
v 13.398853 5.436371 4.069559
v 13.387974 5.432247 4.060283
v 13.378191 5.425919 4.051282
v 13.369898 5.417629 4.042894
v 13.363403 5.407689 4.035448
v 13.368731 5.408453 4.057387
v 13.375784 5.415504 4.064513
v 13.384098 5.420889 4.072173
v 13.393356 5.424397 4.080060
v 13.403200 5.425891 4.087875
v 13.413254 5.425314 4.095320
v 13.382635 5.408148 4.082355
v 13.389910 5.410907 4.088552
v 13.376102 5.403921 4.076339
v 13.370562 5.398382 4.070731
v 13.444815 5.429004 4.102373
v 13.492361 5.441191 4.076427
v 13.502487 5.430073 4.081229
v 13.490883 5.425633 4.094144
v 13.480955 5.436539 4.089439
v 13.498713 5.413029 4.096832
v 13.510469 5.417217 4.083969
v 13.504143 5.399211 4.097399
v 13.516005 5.403130 4.084540
v 13.976223 3.778871 4.039225
v 13.988085 3.782789 4.026367
v 13.368731 5.408453 4.057387
v 13.370562 5.398382 4.070731
v 13.366220 5.391741 4.065761
v 13.363207 5.400009 4.051052
v 13.369898 5.417629 4.042894
v 13.363403 5.407689 4.035448
v 13.359428 5.390481 4.045768
v 13.358963 5.396492 4.029230
v 13.366808 5.414503 4.019543
v 13.361868 5.402061 4.012632
v 13.373280 5.420187 4.003947
v 13.368036 5.406974 3.996612
v 13.359402 5.388692 4.007351
v 13.365419 5.392784 3.991004
v 13.377232 5.411047 3.981782
v 13.374565 5.396577 3.976066
v 13.365526 5.378157 3.987338
v 13.374668 5.381659 3.972327
v 13.368341 5.363656 3.985755
v 13.377550 5.366878 3.970716
v 13.840422 3.743315 3.927583
v 13.849628 3.746537 3.912542
v 13.834236 3.740914 3.944233
v 13.362156 5.361255 4.002408
v 13.359499 5.374918 4.003896
v 13.356833 5.372063 4.021367
v 13.356741 5.384463 4.024475
v 13.357540 5.380251 4.041723
v 13.361767 5.376219 4.058429
v 13.363255 5.384259 4.061604
v 13.370289 5.378066 4.076135
v 13.372332 5.383222 4.079002
v 13.369263 5.372529 4.073948
v 13.369307 5.366825 4.072517
v 13.361830 5.367937 4.056350
v 13.357613 5.369706 4.039080
v 13.359650 5.359250 4.037938
v 13.359219 5.359767 4.020024
v 13.831295 3.739425 3.961851
v 13.831730 3.738909 3.979764
v 13.835505 3.739380 3.997280
v 13.363428 5.359722 4.055454
v 13.370405 5.361164 4.071899
v 13.842485 3.740823 4.013728
v 14.299868 2.456908 3.922505
v 14.288921 2.454758 3.936504
v 14.301762 2.459622 3.947443
v 14.312962 2.461864 3.933659
v 14.313295 2.467085 3.958062
v 14.324718 2.469479 3.944484
v 14.323078 2.476866 3.967953
v 14.334694 2.479448 3.954572
v 14.330740 2.488588 3.976739
v 14.342506 2.491397 3.963524
v 14.335979 2.501798 3.984076
v 14.347849 2.504868 3.971006
v 14.309746 2.476362 3.979692
v 14.300528 2.467152 3.970376
v 14.289658 2.460116 3.960369
v 14.277565 2.455539 3.950068
v 14.264706 2.453582 3.939855
v 14.275267 2.452684 3.925664
v 14.285946 2.454791 3.911452
v 14.261326 2.453477 3.915339
v 14.271729 2.455604 3.900926
v 14.247635 2.457112 3.905929
v 14.257771 2.459307 3.891330
v 14.234716 2.463445 3.897796
v 14.244598 2.465762 3.883037
v 14.226507 2.463721 3.913604
v 14.238676 2.457753 3.921270
v 14.251574 2.454335 3.930131
v 14.242847 2.458126 3.944734
v 14.254665 2.457454 3.953484
v 14.266237 2.459212 3.962672
v 14.277128 2.463335 3.971949
v 14.286903 2.469661 3.980948
v 14.272953 2.474532 3.989382
v 14.264635 2.469149 3.981724
v 14.255375 2.465642 3.973835
v 14.245533 2.464148 3.966021
v 14.235483 2.464721 3.958577
v 14.225615 2.467341 3.951797
v 14.231239 2.461210 3.936755
v 14.220285 2.466577 3.929857
v 14.216299 2.471906 3.945928
v 14.222012 2.475919 3.965809
v 14.229767 2.473855 3.971144
v 14.237663 2.473408 3.976992
v 14.245394 2.474584 3.983131
v 14.252672 2.477337 3.989326
v 14.347849 2.504868 3.971006
v 14.335979 2.501798 3.984076
v 14.350519 2.519337 3.976727
v 14.350410 2.534247 3.980464
v 14.347536 2.549032 3.982074
v 13.976223 3.778871 4.039225
v 13.988085 3.782789 4.026367
v 14.225615 2.467341 3.951797
v 14.216299 2.471906 3.945928
v 14.214693 2.479505 3.961205
v 14.222012 2.475919 3.965809
v 14.208094 2.484478 3.957497
v 14.207901 2.478245 3.941213
v 14.220285 2.466577 3.929857
v 14.210409 2.474028 3.924308
v 14.226507 2.463721 3.913604
v 14.215534 2.471995 3.907437
v 14.234716 2.463445 3.897796
v 14.223063 2.472232 3.891248
v 14.244598 2.465762 3.883037
v 14.232721 2.474724 3.876360
v 14.213137 2.483140 3.886542
v 14.222597 2.485841 3.871563
v 14.205305 2.495741 3.883856
v 14.214611 2.498690 3.868823
v 14.199873 2.509557 3.883288
v 14.209078 2.512779 3.868246
v 13.840422 3.743315 3.927583
v 13.849628 3.746537 3.912542
v 13.834236 3.740914 3.944233
v 14.193686 2.507157 3.899939
v 14.198803 2.494144 3.900473
v 14.206177 2.482268 3.903005
v 14.201992 2.483272 3.920316
v 14.200741 2.486105 3.937816
v 14.202465 2.490656 3.954831
v 14.207109 2.496757 3.970703
v 14.210985 2.492503 3.972538
v 14.215530 2.489076 3.975097
v 14.204056 2.501677 3.969653
v 14.198032 2.497799 3.953306
v 14.195091 2.495192 3.935879
v 14.195356 2.493960 3.918037
v 14.190748 2.505668 3.917558
v 13.831295 3.739425 3.961851
v 13.831730 3.738909 3.979764
v 14.191183 2.505151 3.935471
v 14.194958 2.505622 3.952987
v 14.201937 2.507066 3.969433
v 13.842485 3.740823 4.013728
v 13.835505 3.739380 3.997280
v 13.324488 5.520275 3.944081
v 13.216743 5.490034 3.912050
v 13.220280 5.528611 3.863391
v 13.337536 5.561522 3.898252
v 13.413836 5.543684 4.017107
v 13.434774 5.587000 3.977728
v 13.501974 5.566761 4.089562
v 13.530689 5.612113 4.056582
v 12.496789 5.306387 4.181983
v 12.620974 5.309268 4.112315
v 12.571904 5.331886 4.081343
v 12.689459 5.332496 4.021102
v 12.646435 5.357164 3.982079
v 12.787525 5.363132 3.963586
v 12.753164 5.390506 3.919486
v 12.884636 5.393456 3.907018
v 12.858847 5.423506 3.857921
v 12.996773 5.426622 3.893251
v 12.980885 5.459600 3.842935
v 13.107670 5.459407 3.879967
v 13.101572 5.495282 3.828478
v 13.490145 5.751281 4.061579
v 13.530689 5.612113 4.056582
v 13.434774 5.587000 3.977728
v 13.337536 5.561522 3.898252
v 13.296988 5.700690 3.903249
v 13.394228 5.726167 3.982724
v 13.530689 5.612113 4.056582
v 13.490145 5.751281 4.061579
v 13.179731 5.667778 3.868386
v 13.220280 5.528611 3.863391
v 13.061028 5.634450 3.833475
v 13.101572 5.495282 3.828478
v 12.940340 5.598767 3.847933
v 12.980885 5.459600 3.842935
v 12.818298 5.562674 3.862917
v 12.858847 5.423506 3.857921
v 12.712616 5.529673 3.924482
v 12.753164 5.390506 3.919486
v 12.605888 5.496331 3.987075
v 12.646435 5.357164 3.982079
v 12.496789 5.306387 4.181983
v 12.456244 5.445555 4.186978
v 12.571904 5.331886 4.081343
v 12.531359 5.471054 4.086340
v 12.646435 5.357164 3.982079
v 12.605888 5.496331 3.987075
v 14.017214 2.331624 3.788583
v 14.122469 2.361179 3.819537
v 14.175394 2.272264 3.724831
v 14.052525 2.237764 3.688693
v 13.910192 2.299985 3.801399
v 13.927599 2.200830 3.703655
v 13.801981 2.267981 3.814689
v 13.801277 2.163470 3.719166
v 14.296772 2.306331 3.760919
v 14.226450 2.390365 3.850452
v 14.496704 2.358696 3.924800
v 14.312672 2.412955 3.920925
v 14.397421 2.332700 3.843181
v 14.226450 2.390365 3.850452
v 14.296772 2.306331 3.760919
v 13.426510 2.042240 4.054605
v 13.547539 2.186737 4.012802
v 13.504261 2.068632 3.950437
v 13.426510 2.042240 4.054605
v 13.581409 2.094798 3.847685
v 13.613628 2.209153 3.924778
v 13.691889 2.129311 3.782892
v 13.708263 2.238717 3.869277
v 13.801277 2.163470 3.719166
v 13.801981 2.267981 3.814689
v 13.504261 2.068632 3.950437
v 13.581409 2.094798 3.847685
v 13.664400 1.809949 3.837459
v 13.587250 1.783783 3.940209
v 13.426510 2.042240 4.054605
v 13.509497 1.757391 4.044378
v 13.691889 2.129311 3.782892
v 13.801277 2.163470 3.719166
v 13.884266 1.878621 3.708940
v 13.774878 1.844462 3.772666
v 13.581409 2.094798 3.847685
v 13.664400 1.809949 3.837459
v 14.010588 1.915982 3.693430
v 13.927599 2.200830 3.703655
v 14.135515 1.952915 3.678467
v 14.052525 2.237764 3.688693
v 14.258387 1.987416 3.714603
v 14.175394 2.272264 3.724831
v 14.379761 2.021483 3.750690
v 14.296772 2.306331 3.760919
v 14.480412 2.047853 3.832954
v 14.397421 2.332700 3.843181
v 14.579693 2.073847 3.914574
v 14.496704 2.358696 3.924800
v 14.496704 2.358696 3.924800
v 14.579693 2.073847 3.914574
v 12.676538 5.211998 4.184546
v 12.701057 5.213675 4.182400
v 12.726414 5.205003 4.179980
v 12.718489 5.209437 4.180768
v 12.668226 5.209126 4.185231
v 12.631166 5.179545 4.187965
v 13.526197 2.234320 4.052423
v 13.538208 2.238132 4.051426
v 14.384354 2.431724 3.979856
v 14.366596 2.494996 3.982635
v 14.354074 2.539600 3.984597
v 14.295395 2.477560 3.988636
v 14.344402 2.525072 3.985181
v 12.491328 5.304051 4.202768
v 14.519432 2.363820 3.966553
v 12.679501 5.212667 4.184296
v 12.708010 5.212210 4.181753
v 12.703699 5.213117 4.182154
v 12.708010 5.212210 4.181753
v 12.701057 5.213675 4.182400
v 12.661005 5.206631 4.185826
v 12.626003 5.170775 4.188257
v 13.526039 2.234293 4.052435
v 14.365889 2.497520 3.982746
v 14.351162 2.549981 3.985054
v 14.326111 2.494475 3.986227
v 14.318417 2.487528 3.986779
v 14.346046 2.532916 3.985186
v 12.491328 5.304051 4.202768
v 12.484280 5.328026 4.203851
v 12.450447 5.443076 4.209044
v 12.715263 5.210293 4.181070
v 12.652172 5.201673 4.186519
v 12.625515 5.168933 4.188268
v 12.624125 5.163692 4.188291
v 13.525875 2.234264 4.052449
v 14.363838 2.504826 3.983068
v 14.345449 2.537904 3.985332
v 12.536715 5.291514 4.198492
v 12.558124 5.287934 4.196521
v 12.656824 5.204284 4.186154
v 13.513744 2.233652 4.053515
v 14.371586 2.477214 3.981854
v 14.362732 2.508764 3.983242
v 14.333904 2.501510 3.985667
v 14.294577 2.477334 3.988705
v 14.283022 2.476376 3.989715
v 14.344255 2.547948 3.985631
v 14.057659 3.499362 4.029190
v 12.646906 5.197506 4.186908
v 14.370611 2.480678 3.982006
v 14.360773 2.515741 3.983548
v 13.425695 2.041892 4.057703
v 13.425695 2.041892 4.057703
v 14.519432 2.363820 3.966553
v 12.652172 5.201673 4.186519
v 12.640804 5.192674 4.187357
v 14.370403 2.481440 3.982039
v 14.359131 2.521590 3.983807
v 14.340776 2.513368 3.985282
v 13.427015 2.044377 4.057631
v 13.509050 1.758438 4.044906
v 13.509375 1.757338 4.044856
v 14.548256 2.263163 3.962077
v 14.601086 2.078671 3.953874
v 12.681532 5.213124 4.184124
v 12.692160 5.213424 4.183185
v 12.743326 5.190507 4.178201
v 12.637804 5.189413 4.187563
v 12.635523 5.186934 4.187718
v 13.560219 2.248329 4.049661
v 13.567501 2.252837 4.049100
v 13.582714 2.267804 4.048030
v 13.585579 2.271975 4.047854
v 14.368900 2.486793 3.982275
v 14.357523 2.527311 3.984056
v 14.316078 2.486057 3.986959
v 14.274057 2.475637 3.990499
v 14.336645 2.505395 3.985498
v 13.516708 5.570084 4.116632
v 13.521814 5.758420 4.119758
v 14.419216 2.418608 3.976506
v 14.384354 2.431724 3.979856
v 13.429810 2.049635 4.057483
v 13.488344 2.133787 4.053877
v 13.518261 2.176797 4.052033
v 13.429810 2.049635 4.057483
v 12.661005 5.206631 4.185826
v 12.718489 5.209437 4.180768
v 12.732908 5.201372 4.179333
v 12.735897 5.198263 4.179008
v 12.741941 5.191974 4.178351
v 12.743664 5.190151 4.178163
v 12.676538 5.211998 4.184546
v 13.548462 2.241378 4.050576
v 13.549665 2.241966 4.050480
v 13.550980 2.242610 4.050375
v 13.571789 2.256534 4.048787
v 13.569660 2.254699 4.048942
v 14.382421 2.438614 3.980158
v 14.371984 2.475793 3.981793
v 14.371647 2.476998 3.981845
v 14.368477 2.488293 3.982342
v 14.355225 2.535507 3.984416
v 14.317293 2.486821 3.986865
v 14.296377 2.477828 3.988553
v 14.305935 2.481819 3.987781
v 14.342739 2.517154 3.985179
v 13.542389 5.598060 4.114882
v 13.561710 5.619105 4.113564
v 13.542339 5.686752 4.116570
v 13.561710 5.619105 4.113564
vn -0.0227 0.7125 0.7013
vn -0.0065 0.5702 0.8215
vn 0.1809 0.5713 0.8006
vn 0.1619 0.7024 0.6931
vn 0.3655 0.5515 0.7498
vn 0.3464 0.6670 0.6596
vn 0.3949 0.4160 0.8191
vn 0.2125 0.4152 0.8846
vn 0.0240 0.3990 0.9167
vn -0.1910 0.5492 0.8135
vn -0.2023 0.6988 0.6861
vn -0.2883 0.6837 0.6704
vn -0.2800 0.5320 0.7991
vn -0.1638 0.3685 0.9151
vn -0.2550 0.3486 0.9019
vn -0.1206 0.1632 0.9792
vn -0.2130 0.1400 0.9670
vn -0.0782 0.0006 0.9969
vn -0.1711 -0.0252 0.9849
vn -0.0618 -0.0538 0.9966
vn -0.1552 -0.0806 0.9846
vn 0.1264 0.0012 0.9920
vn 0.1099 0.0523 0.9926
vn 0.0682 0.2053 0.9763
vn 0.2550 0.2397 0.9367
vn 0.4327 0.2654 0.8616
vn 0.4669 0.1477 0.8719
vn 0.2940 0.1019 0.9504
vn 0.3097 0.0561 0.9492
vn 0.4809 0.1089 0.8700
vn 0.3416 -0.9397 0.0167
vn 0.4348 -0.8934 -0.1131
vn 0.4940 -0.8673 -0.0602
vn 0.4016 -0.9133 0.0679
vn 0.3026 -0.9324 0.1977
vn 0.2415 -0.9591 0.1478
vn 0.1977 -0.9235 0.3287
vn 0.1346 -0.9507 0.2794
vn 0.0877 -0.8842 0.4588
vn 0.0218 -0.9118 0.4100
vn -0.0263 -0.8110 0.5845
vn -0.0958 -0.8389 0.5359
vn -0.1411 -0.7004 0.6997
vn -0.2141 -0.7280 0.6513
vn 0.0097 -0.6267 0.7792
vn 0.1144 -0.7348 0.6685
vn 0.2194 -0.8077 0.5473
vn 0.3220 -0.8477 0.4215
vn 0.4208 -0.8578 0.2951
vn 0.5148 -0.8402 0.1703
vn 0.6038 -0.7956 0.0486
vn 0.6864 -0.7239 -0.0695
vn 0.5792 -0.7939 -0.1851
vn 0.5201 -0.8197 -0.2399
vn 0.6548 -0.6916 -0.3050
vn 0.5952 -0.7170 -0.3629
vn 0.7171 -0.5584 -0.4170
vn 0.6569 -0.5832 -0.4780
vn 0.7610 -0.3939 -0.5155
vn 0.6997 -0.4177 -0.5797
vn 0.8649 -0.3362 -0.3728
vn 0.8214 -0.4948 -0.2839
vn 0.7601 -0.6240 -0.1811
vn 0.8440 -0.5343 -0.0473
vn 0.7758 -0.6287 0.0528
vn 0.6994 -0.6966 0.1599
vn 0.6170 -0.7385 0.2718
vn 0.5305 -0.7541 0.3873
vn 0.4407 -0.7426 0.5043
vn 0.3483 -0.7027 0.6205
vn 0.2549 -0.6322 0.7317
vn 0.3904 -0.5036 0.7707
vn 0.4703 -0.5686 0.6749
vn 0.5500 -0.6067 0.5739
vn 0.6283 -0.6189 0.4714
vn 0.7043 -0.6059 0.3700
vn 0.7764 -0.5686 0.2720
vn 0.8430 -0.5073 0.1792
vn 0.9017 -0.4221 0.0936
vn 0.8285 -0.4105 0.3809
vn 0.7701 -0.4414 0.4605
vn 0.7084 -0.4514 0.5426
vn 0.6446 -0.4398 0.6254
vn 0.5799 -0.4065 0.7060
vn 0.5158 -0.3513 0.7814
vn 0.9002 -0.4130 -0.1378
vn 0.7610 -0.3939 -0.5156
vn 0.7798 -0.2008 -0.5930
vn 0.8842 -0.1515 -0.4418
vn 0.8649 -0.3361 -0.3729
vn 0.7001 -0.4174 -0.5794
vn 0.7174 -0.2225 -0.6602
vn 0.7673 0.0131 -0.6412
vn 0.7036 -0.0061 -0.7106
vn 0.7358 0.1787 -0.6532
vn 0.6710 0.1615 -0.7236
vn 0.7215 0.2336 -0.6518
vn 0.6560 0.2171 -0.7228
vn 0.8313 0.2598 -0.4914
vn 0.8444 0.2079 -0.4937
vn 0.8735 0.0514 -0.4840
vn 0.1145 -0.7349 0.6685
vn 0.2548 -0.6322 0.7317
vn 0.1627 -0.5298 0.8323
vn 0.0097 -0.6266 0.7792
vn 0.0750 -0.3960 0.9152
vn -0.0904 -0.4825 0.8712
vn -0.1411 -0.7003 0.6997
vn -0.2512 -0.5509 0.7959
vn -0.2142 -0.7279 0.6513
vn -0.3278 -0.5775 0.7477
vn -0.3489 -0.3661 0.8627
vn -0.4285 -0.3908 0.8147
vn -0.4083 -0.2101 0.8883
vn -0.4898 -0.2329 0.8401
vn -0.4244 -0.1557 0.8920
vn -0.5069 -0.1780 0.8435
vn -0.2481 -0.1068 0.9628
vn -0.2340 -0.1585 0.9592
vn -0.1796 -0.3063 0.9348
vn -0.0031 -0.2349 0.9720
vn 0.1742 -0.1544 0.9725
vn 0.2395 -0.2939 0.9254
vn 0.3126 -0.4116 0.8561
vn 0.3905 -0.5037 0.7706
vn 0.4540 -0.2748 0.8476
vn 0.5158 -0.3512 0.7814
vn 0.5802 -0.1240 0.8049
vn 0.6243 -0.1791 0.7604
vn 0.5396 -0.0562 0.8401
vn 0.3963 -0.1791 0.9005
vn 0.3455 -0.0677 0.9360
vn 0.3152 0.0238 0.9487
vn 0.1347 -0.0393 0.9901
vn -0.0507 -0.1008 0.9936
vn -0.0624 -0.0540 0.9966
vn 0.1257 0.0010 0.9921
vn 0.3090 0.0559 0.9494
vn 0.4804 0.1087 0.8703
vn 0.4838 0.0861 0.8709
vn 0.5039 0.0220 0.8635
vn -0.2156 0.9728 0.0853
vn -0.1499 0.9793 0.1357
vn -0.0496 0.9987 0.0068
vn -0.1146 0.9924 -0.0452
vn 0.0592 0.9909 -0.1209
vn -0.0057 0.9845 -0.1753
vn 0.1755 0.9532 -0.2461
vn 0.1105 0.9466 -0.3030
vn 0.2974 0.8821 -0.3654
vn 0.2321 0.8746 -0.4256
vn 0.4207 0.7737 -0.4737
vn 0.3551 0.7651 -0.5372
vn 0.5421 0.7715 -0.3331
vn 0.4221 0.8757 -0.2346
vn 0.3030 0.9448 -0.1246
vn 0.1893 0.9819 -0.0082
vn 0.0835 0.9901 0.1125
vn -0.0131 0.9718 0.2354
vn -0.0996 0.9279 0.3592
vn -0.2410 0.9337 0.2647
vn -0.3080 0.9267 0.2154
vn -0.3222 0.8613 0.3928
vn -0.3913 0.8535 0.3442
vn -0.3916 0.7606 0.5178
vn -0.4630 0.7517 0.4697
vn -0.4460 0.6296 0.6362
vn -0.5204 0.6190 0.5883
vn -0.2847 0.6355 0.7176
vn -0.2375 0.7611 0.6035
vn -0.1750 0.8581 0.4828
vn -0.0170 0.8278 0.5607
vn 0.0507 0.8934 0.4463
vn 0.1297 0.9344 0.3319
vn 0.2194 0.9507 0.2192
vn 0.3183 0.9417 0.1090
vn 0.4245 0.9054 0.0044
vn 0.5353 0.8396 -0.0927
vn 0.5362 0.8326 0.1387
vn 0.4425 0.8671 0.2286
vn 0.3552 0.8769 0.3238
vn 0.2763 0.8631 0.4227
vn 0.2073 0.8266 0.5232
vn 0.1497 0.7675 0.6233
vn 0.1047 0.6861 0.7200
vn -0.0712 0.7370 0.6721
vn -0.1100 0.6203 0.7766
vn 0.2849 0.6064 0.7423
vn 0.3199 0.6745 0.6654
vn 0.3660 0.7239 0.5848
vn 0.4219 0.7540 0.5034
vn 0.4860 0.7647 0.4232
vn 0.4208 0.7736 -0.4737
vn 0.5422 0.7714 -0.3331
vn 0.6562 0.6309 -0.4138
vn 0.5388 0.6264 -0.5634
vn 0.3552 0.7649 -0.5373
vn 0.4731 0.6158 -0.6301
vn 0.6420 0.4431 -0.6257
vn 0.5766 0.4296 -0.6949
vn 0.7041 0.2876 -0.6493
vn 0.6389 0.2720 -0.7196
vn 0.6560 0.2171 -0.7229
vn 0.8145 0.3107 -0.4900
vn 0.7553 0.4573 -0.4695
vn 0.1047 0.6861 0.7199
vn 0.0740 0.5823 0.8096
vn 0.2618 0.5206 0.8127
vn 0.2849 0.6064 0.7424
vn -0.1101 0.6203 0.7766
vn 0.0594 0.4574 0.8873
vn -0.1309 0.4780 0.8686
vn -0.2848 0.6355 0.7176
vn -0.3130 0.4810 0.8190
vn -0.4459 0.6295 0.6363
vn -0.4814 0.4672 0.7416
vn -0.5200 0.6191 0.5885
vn -0.5587 0.4546 0.6937
vn -0.4922 0.2761 0.8255
vn -0.5721 0.2606 0.7777
vn -0.4742 0.0639 0.8781
vn -0.5555 0.0451 0.8303
vn -0.4401 -0.1010 0.8922
vn -0.5221 -0.1224 0.8441
vn -0.4243 -0.1557 0.8920
vn -0.5068 -0.1779 0.8435
vn -0.2640 -0.0556 0.9629
vn -0.2979 0.0996 0.9494
vn -0.3184 0.2998 0.8993
vn -0.1314 0.3130 0.9406
vn 0.0622 0.3146 0.9472
vn 0.2556 0.3037 0.9178
vn 0.2519 0.4188 0.8725
vn 0.4385 0.3624 0.8224
vn 0.4452 0.4353 0.7825
vn 0.4414 0.2812 0.8521
vn 0.4536 0.1948 0.8697
vn 0.2731 0.1804 0.9449
vn 0.0828 0.1591 0.9838
vn -0.1099 0.1317 0.9852
vn -0.0778 -0.0080 0.9969
vn 0.1117 0.0399 0.9929
vn 0.2970 0.0864 0.9510
vn 0.4711 0.1296 0.8725
vn 0.3183 -0.9472 0.0377
vn 0.4523 -0.8908 -0.0428
vn 0.4877 -0.8724 0.0307
vn 0.3550 -0.9284 0.1099
vn 0.2153 -0.9576 0.1915
vn 0.1768 -0.9769 0.1198
vn 0.0694 -0.9590 0.2749
vn 0.0285 -0.9787 0.2032
vn -0.0810 -0.9298 0.3591
vn -0.1244 -0.9500 0.2865
vn -0.2339 -0.8663 0.4413
vn -0.2804 -0.8866 0.3679
vn -0.3839 -0.7646 0.5177
vn -0.4338 -0.7846 0.4431
vn -0.2736 -0.7047 0.6546
vn -0.1345 -0.8042 0.5789
vn 0.0081 -0.8675 0.4974
vn 0.1501 -0.8976 0.4145
vn 0.2887 -0.8977 0.3329
vn 0.4219 -0.8703 0.2541
vn 0.5492 -0.8163 0.1792
vn 0.6688 -0.7355 0.1085
vn 0.6124 -0.7892 -0.0455
vn 0.5779 -0.8072 -0.1206
vn 0.7261 -0.6775 -0.1173
vn 0.6923 -0.6948 -0.1951
vn 0.8243 -0.5356 -0.1832
vn 0.7910 -0.5518 -0.2644
vn 0.9002 -0.3633 -0.2401
vn 0.8670 -0.3780 -0.3247
vn 0.8717 -0.4898 -0.0149
vn 0.7779 -0.6269 0.0432
vn 0.8059 -0.5545 0.2074
vn 0.7062 -0.6566 0.2647
vn 0.5963 -0.7327 0.3279
vn 0.4788 -0.7833 0.3965
vn 0.3559 -0.8079 0.4698
vn 0.2293 -0.8057 0.5461
vn 0.1002 -0.7751 0.6238
vn -0.0282 -0.7135 0.7001
vn 0.0826 -0.5944 0.7999
vn 0.1926 -0.6517 0.7336
vn 0.3042 -0.6816 0.6655
vn 0.4149 -0.6856 0.5982
vn 0.5228 -0.6646 0.5339
vn 0.6257 -0.6197 0.4738
vn 0.7212 -0.5513 0.4194
vn 0.8068 -0.4597 0.3712
vn 0.7094 -0.4188 0.5669
vn 0.6327 -0.4758 0.6109
vn 0.5495 -0.5128 0.6596
vn 0.4618 -0.5292 0.7118
vn 0.3719 -0.5243 0.7661
vn 0.2818 -0.4973 0.8205
vn 0.6131 -0.3022 0.7299
vn 0.5543 -0.3290 0.7646
vn 0.8906 -0.4264 0.1579
vn -0.4338 -0.7845 0.4432
vn -0.3841 -0.7646 0.5176
vn -0.5228 -0.6224 0.5825
vn -0.5760 -0.6412 0.5070
vn -0.6395 -0.4424 0.6287
vn -0.6957 -0.4592 0.5524
vn -0.7054 -0.2879 0.6477
vn -0.7636 -0.3030 0.5701
vn -0.2389 0.9652 0.1063
vn -0.1965 0.9643 0.1777
vn -0.0559 0.9936 0.0977
vn -0.0971 0.9950 0.0250
vn 0.0923 0.9956 0.0186
vn 0.0521 0.9971 -0.0558
vn 0.2469 0.9673 -0.0584
vn 0.2075 0.9688 -0.1356
vn 0.4046 0.9050 -0.1316
vn 0.3662 0.9060 -0.2121
vn 0.5600 0.8044 -0.1982
vn 0.5226 0.8046 -0.2820
vn 0.4725 0.8807 0.0343
vn 0.3208 0.9419 0.0996
vn 0.1718 0.9704 0.1697
vn 0.0289 0.9695 0.2432
vn -0.1059 0.9417 0.3192
vn -0.2317 0.8881 0.3970
vn -0.3284 0.9085 0.2585
vn -0.3725 0.9089 0.1875
vn -0.4505 0.8259 0.3390
vn -0.4968 0.8255 0.2679
vn -0.5604 0.7150 0.4181
vn -0.6089 0.7136 0.3463
vn -0.6536 0.5742 0.4930
vn -0.7051 0.5712 0.4202
vn -0.7241 0.4031 0.5596
vn -0.7784 0.3979 0.4855
vn -0.5338 0.5662 0.6280
vn -0.4488 0.7014 0.5537
vn -0.3468 0.8083 0.4758
vn -0.2285 0.7647 0.6025
vn -0.1240 0.8396 0.5289
vn -0.0085 0.8896 0.4567
vn 0.1163 0.9147 0.3871
vn 0.2488 0.9139 0.3209
vn 0.3864 0.8852 0.2591
vn 0.5257 0.8261 0.2029
vn 0.4413 0.7950 0.4162
vn 0.3208 0.8230 0.4687
vn 0.2044 0.8257 0.5258
vn 0.0948 0.8043 0.5866
vn -0.0062 0.7598 0.6501
vn -0.0962 0.6927 0.7148
vn -0.1730 0.6030 0.7787
vn -0.3192 0.6647 0.6755
vn -0.3930 0.5390 0.7450
vn 0.1194 0.6459 0.7540
vn 0.2011 0.6827 0.7025
vn 0.2903 0.6994 0.6531
vn 0.3847 0.6955 0.6069
vn 0.4799 0.1086 0.8706
vn 0.3146 0.0575 0.9475
vn 0.4798 0.1085 0.8706
vn 0.3141 0.0568 0.9477
vn 0.4798 0.1087 0.8706
vn 0.3134 0.0559 0.9480
vn 0.3124 0.0552 0.9483
vn 0.4798 0.1086 0.8706
vn 0.3116 0.0547 0.9486
vn 0.3111 0.0541 0.9488
vn 0.4798 0.1084 0.8706
vn 0.3108 0.0532 0.9490
vn 0.4791 0.1087 0.8710
vn 0.3114 0.0498 0.9490
vn 0.4812 0.1082 0.8699
vn 0.3107 0.0516 0.9491
vn 0.3093 0.0560 0.9493
vn 0.4810 0.1089 0.8699
vn 0.6341 0.1576 0.7570
vn 0.6356 0.1534 0.7567
vn 0.6361 0.1517 0.7565
vn 0.4874 0.0925 0.8683
vn 0.6354 0.1547 0.7566
vn 0.4849 0.1028 0.8685
vn 0.6356 0.1556 0.7562
vn 0.4851 0.1050 0.8681
vn 0.6360 0.1561 0.7557
vn 0.4861 0.1063 0.8674
vn 0.6366 0.1566 0.7551
vn 0.4875 0.1073 0.8665
vn 0.6374 0.1573 0.7543
vn 0.4893 0.1087 0.8653
vn 0.6380 0.1580 0.7537
vn 0.4910 0.1103 0.8641
vn 0.6383 0.1587 0.7533
vn 0.4921 0.1116 0.8634
vn 0.5913 0.1437 0.7936
vn 0.4918 0.1123 0.8634
vn 0.1259 0.0007 0.9920
vn 0.1323 -0.0155 0.9911
vn 0.1300 -0.0050 0.9915
vn 0.1303 -0.0027 0.9915
vn 0.1314 -0.0015 0.9913
vn 0.1331 -0.0004 0.9911
vn 0.1353 0.0009 0.9908
vn 0.1371 0.0027 0.9905
vn 0.1382 0.0041 0.9904
vn 0.2561 0.0399 0.9658
vn 0.1383 0.0047 0.9904
vn 0.1258 0.0010 0.9921
vn -0.0627 -0.0540 0.9966
vn -0.0614 -0.0585 0.9964
vn -0.0607 -0.0602 0.9963
vn 0.1244 0.0006 0.9922
vn -0.0612 -0.0568 0.9965
vn 0.1244 0.0007 0.9922
vn -0.0609 -0.0559 0.9966
vn -0.0603 -0.0554 0.9966
vn 0.1244 0.0005 0.9922
vn -0.0595 -0.0548 0.9967
vn 0.1244 0.0008 0.9922
vn -0.0585 -0.0542 0.9968
vn -0.0579 -0.0530 0.9969
vn -0.0572 -0.0526 0.9970
vn 0.1245 0.0006 0.9922
vn -0.2375 -0.1055 0.9656
vn -0.2363 -0.1045 0.9661
vn -0.1181 -0.0700 0.9905
vn -0.2366 -0.1036 0.9661
vn -0.2394 -0.1073 0.9650
vn -0.2416 -0.1086 0.9643
vn -0.2432 -0.1097 0.9638
vn -0.2444 -0.1107 0.9633
vn -0.2445 -0.1131 0.9630
vn -0.2423 -0.1238 0.9623
vn -0.2484 -0.1079 0.9626
vn -0.2487 -0.1070 0.9626
vn -0.4251 -0.1559 0.8916
vn -0.4237 -0.1605 0.8915
vn -0.4230 -0.1622 0.8915
vn -0.2493 -0.1079 0.9624
vn -0.4237 -0.1587 0.8918
vn -0.2500 -0.1074 0.9623
vn -0.4235 -0.1578 0.8920
vn -0.2501 -0.1070 0.9623
vn -0.4230 -0.1572 0.8924
vn -0.2500 -0.1076 0.9623
vn -0.4223 -0.1568 0.8928
vn -0.2500 -0.1073 0.9623
vn -0.4213 -0.1562 0.8934
vn -0.4205 -0.1554 0.8939
vn -0.4202 -0.1547 0.8941
vn -0.5759 -0.1980 0.7932
vn -0.5750 -0.1970 0.7941
vn -0.4744 -0.1692 0.8639
vn -0.5753 -0.1961 0.7941
vn -0.5775 -0.1995 0.7916
vn -0.5791 -0.2007 0.7901
vn -0.5805 -0.2015 0.7890
vn -0.5812 -0.2029 0.7880
vn -0.5814 -0.2048 0.7874
vn -0.5784 -0.2159 0.7867
vn -0.5849 -0.1996 0.7861
vn -0.5852 -0.1987 0.7862
vn -0.7227 -0.2339 0.6504
vn -0.7213 -0.2384 0.6502
vn -0.7206 -0.2402 0.6504
vn -0.5863 -0.1996 0.7851
vn -0.7212 -0.2368 0.6509
vn -0.5863 -0.1987 0.7853
vn -0.7213 -0.2359 0.6513
vn -0.5862 -0.1991 0.7853
vn -0.7209 -0.2354 0.6518
vn -0.5863 -0.1991 0.7853
vn -0.7204 -0.2350 0.6526
vn -0.5863 -0.1989 0.7853
vn -0.7197 -0.2345 0.6535
vn -0.5863 -0.1988 0.7853
vn -0.7192 -0.2338 0.6543
vn -0.5863 -0.1992 0.7852
vn -0.7189 -0.2332 0.6548
vn -0.5862 -0.1989 0.7853
vn -0.5862 -0.1990 0.7853
vn -0.5863 -0.1990 0.7853
vn 0.2889 -0.9562 0.0478
vn 0.4428 -0.8962 0.0288
vn 0.4485 -0.8868 0.1116
vn 0.2963 -0.9462 0.1300
vn 0.1365 -0.9791 0.1508
vn 0.1273 -0.9895 0.0684
vn -0.0298 -0.9843 0.1742
vn -0.0408 -0.9950 0.0910
vn -0.2010 -0.9590 0.1998
vn -0.2142 -0.9700 0.1150
vn -0.3737 -0.8994 0.2268
vn -0.3897 -0.9103 0.1397
vn -0.5421 -0.8012 0.2534
vn -0.5609 -0.8115 0.1639
vn -0.4904 -0.7598 0.4269
vn -0.3325 -0.8554 0.3972
vn -0.1695 -0.9145 0.3673
vn -0.0066 -0.9405 0.3396
vn 0.1522 -0.9368 0.3150
vn 0.3049 -0.9058 0.2941
vn 0.4505 -0.8486 0.2775
vn 0.5871 -0.7649 0.2651
vn 0.5918 -0.8004 0.0962
vn 0.5876 -0.8090 0.0119
vn 0.7232 -0.6856 0.0838
vn 0.7205 -0.6935 -0.0024
vn 0.8377 -0.5410 0.0746
vn 0.8367 -0.5475 -0.0142
vn 0.9279 -0.3664 0.0688
vn 0.9283 -0.3711 -0.0230
vn 0.8194 -0.5146 0.2524
vn 0.7118 -0.6538 0.2567
vn 0.6767 -0.6000 0.4266
vn 0.5638 -0.7041 0.4317
vn 0.4389 -0.7827 0.4413
vn 0.3046 -0.8362 0.4562
vn 0.1635 -0.8641 0.4760
vn 0.0176 -0.8658 0.5001
vn -0.1311 -0.8390 0.5281
vn -0.2790 -0.7815 0.5581
vn -0.4205 -0.6909 0.5881
vn -0.2137 -0.6773 0.7040
vn -0.0866 -0.7310 0.6768
vn 0.0426 -0.7574 0.6515
vn 0.1701 -0.7580 0.6297
vn 0.2943 -0.7340 0.6120
vn 0.4115 -0.6866 0.5994
vn 0.5200 -0.6161 0.5916
vn 0.6164 -0.5230 0.5886
vn 0.6971 -0.4079 0.5897
vn 0.7729 -0.4703 0.4259
vn 0.5919 -0.3275 0.7365
vn 0.5297 -0.4221 0.7357
vn 0.4537 -0.4995 0.7380
vn 0.3666 -0.5581 0.7444
vn 0.2715 -0.5973 0.7547
vn 0.1709 -0.6161 0.7689
vn 0.0672 -0.6138 0.7866
vn 0.8195 -0.5145 0.2525
vn 0.9032 -0.3475 0.2519
vn 0.8462 -0.3162 0.4289
vn 0.7569 -0.2728 0.5939
vn 0.6971 -0.4078 0.5897
vn 0.6365 -0.2178 0.7399
vn 0.5920 -0.3275 0.7364
vn 0.6604 -0.0967 0.7446
vn 0.7908 -0.1214 0.6000
vn 0.8895 -0.1414 0.4344
vn 0.9543 -0.1561 0.2548
vn 0.9280 -0.3662 0.0688
vn 0.8378 -0.5409 0.0746
vn 0.9840 -0.1648 0.0669
vn 0.9284 -0.3708 -0.0225
vn 0.9856 -0.1670 -0.0275
vn 0.9961 0.0544 0.0689
vn 0.9981 0.0550 -0.0270
vn 0.9724 0.2215 0.0736
vn 0.9742 0.2246 -0.0234
vn 0.9580 0.2764 0.0763
vn 0.9597 0.2804 -0.0215
vn 0.9272 0.2605 0.2691
vn 0.9412 0.2089 0.2656
vn 0.9643 0.0512 0.2599
vn 0.8961 0.0460 0.4414
vn 0.7939 0.0394 0.6067
vn 0.6611 0.0307 0.7497
vn 0.5021 0.0214 0.8645
vn 0.5031 -0.0676 0.8616
vn 0.4883 -0.1528 0.8592
vn 0.4882 0.0874 0.8683
vn 0.6433 0.1264 0.7551
vn 0.7735 0.1603 0.6131
vn 0.8741 0.1881 0.4479
vn 0.8607 0.2345 0.4518
vn 0.7612 0.1996 0.6171
vn 0.6324 0.1570 0.7586
vn 0.4793 0.1084 0.8709
vn -0.5422 -0.8011 0.2533
vn -0.4904 -0.7597 0.4269
vn -0.6340 -0.6259 0.4541
vn -0.6962 -0.6619 0.2778
vn -0.5609 -0.8115 0.1641
vn -0.7176 -0.6710 0.1866
vn -0.8230 -0.4840 0.2973
vn -0.8469 -0.4908 0.2045
vn -0.8924 -0.3302 0.3076
vn -0.9176 -0.3350 0.2138
vn -0.9095 -0.2761 0.3108
vn -0.9353 -0.2802 0.2162
vn -0.8320 -0.2600 0.4902
vn -0.8164 -0.3112 0.4864
vn -0.7520 -0.4566 0.4753
vn -0.7094 -0.2803 0.6467
vn -0.6526 -0.4121 0.6358
vn -0.2683 0.9563 0.1164
vn -0.2552 0.9464 0.1978
vn -0.0952 0.9793 0.1787
vn -0.1067 0.9896 0.0966
vn 0.0717 0.9845 0.1603
vn 0.0619 0.9951 0.0767
vn 0.2440 0.9592 0.1428
vn 0.2358 0.9701 0.0573
vn 0.4180 0.8996 0.1263
vn 0.4119 0.9104 0.0380
vn 0.4201 0.8559 0.3017
vn 0.2546 0.9149 0.3131
vn 0.0901 0.9410 0.3263
vn -0.0697 0.9373 0.3416
vn -0.2230 0.9062 0.3593
vn -0.3682 0.8490 0.3791
vn -0.4072 0.8870 0.2178
vn -0.4220 0.8963 0.1361
vn -0.5498 0.8006 0.2384
vn -0.5665 0.8092 0.1557
vn -0.6802 0.6858 0.2588
vn -0.6989 0.6936 0.1746
vn -0.7935 0.5412 0.2784
vn -0.8144 0.5476 0.1920
vn -0.8823 0.3666 0.2953
vn -0.9054 0.3710 0.2065
vn -0.8130 0.3480 0.4668
vn -0.7318 0.5151 0.4463
vn -0.6264 0.6543 0.4238
vn -0.5036 0.7653 0.4008
vn -0.4399 0.7047 0.5566
vn -0.3163 0.7833 0.5351
vn -0.1828 0.8367 0.5163
vn -0.0412 0.8647 0.5005
vn 0.1064 0.8664 0.4879
vn 0.2573 0.8397 0.4783
vn 0.4079 0.7822 0.4709
vn 0.3807 0.6781 0.6286
vn 0.2509 0.7318 0.6337
vn 0.1195 0.7582 0.6410
vn -0.0097 0.7587 0.6513
vn -0.1339 0.7349 0.6649
vn -0.2509 0.6875 0.6815
vn -0.3579 0.6170 0.7009
vn -0.4522 0.5238 0.7219
vn -0.5506 0.6007 0.5797
vn -0.6438 0.4710 0.6030
vn 0.0241 0.6170 0.7866
vn -0.0769 0.5982 0.7976
vn 0.1290 0.6148 0.7781
vn 0.2346 0.5907 0.7720
vn 0.2348 0.5907 0.7720
vn 0.3379 0.5444 0.7677
vn 0.3806 0.6781 0.6288
vn 0.4345 0.4758 0.7647
vn 0.5036 0.5963 0.6251
vn 0.4080 0.7822 0.4710
vn 0.5526 0.6916 0.4652
vn 0.4202 0.8558 0.3017
vn 0.5805 0.7602 0.2917
vn 0.5877 0.8014 0.1107
vn 0.4120 0.9104 0.0379
vn 0.5839 0.8116 0.0195
vn 0.7431 0.6622 0.0966
vn 0.7413 0.6712 0.0026
vn 0.8709 0.4841 0.0844
vn 0.8711 0.4909 -0.0114
vn 0.9407 0.3303 0.0775
vn 0.9420 0.3351 -0.0195
vn 0.9597 0.2804 -0.0216
vn 0.9272 0.2605 0.2692
vn 0.9112 0.3116 0.2693
vn 0.8460 0.4571 0.2745
vn 0.7264 0.6264 0.2828
vn 0.6830 0.5674 0.4600
vn 0.6136 0.4867 0.6218
vn 0.5197 0.3864 0.7619
vn 0.4048 0.2699 0.8736
vn 0.3466 0.3338 0.8766
vn 0.4519 0.1943 0.8707
vn 0.5885 0.2793 0.7587
vn 0.7026 0.3527 0.6180
vn 0.7893 0.4128 0.4546
vn 0.8470 0.2810 0.4513
vn 0.8607 0.2345 0.4519
vn 0.7612 0.1996 0.6170
vn 0.7505 0.2396 0.6159
vn 0.6251 0.1889 0.7573
vn 0.4756 0.1310 0.8698
vn 0.6324 0.1570 0.7585
vn -0.8824 0.3664 0.2952
vn -0.9371 0.1650 0.3075
vn -0.8620 0.1564 0.4821
vn -0.8132 0.3478 0.4666
vn -0.9053 0.3710 0.2069
vn -0.9618 0.1673 0.2166
vn -0.9483 -0.0539 0.3129
vn -0.9739 -0.0548 0.2203
vn -0.9241 -0.2212 0.3117
vn -0.9498 -0.2245 0.2178
vn -0.9353 -0.2803 0.2161
vn -0.8319 -0.2600 0.4902
vn -0.8463 -0.2084 0.4903
vn -0.8703 -0.0507 0.4900
vn 0.2579 -0.9651 0.0453
vn 0.4075 -0.9087 0.0908
vn 0.3822 -0.9082 0.1705
vn 0.2343 -0.9641 0.1251
vn 0.0785 -0.9935 0.0821
vn 0.1004 -0.9949 0.0018
vn -0.0848 -0.9955 0.0421
vn -0.0642 -0.9971 -0.0400
vn -0.2535 -0.9673 0.0057
vn -0.2344 -0.9689 -0.0787
vn -0.4244 -0.9051 -0.0265
vn -0.4072 -0.9062 -0.1139
vn -0.4492 -0.8806 0.1509
vn -0.2862 -0.9417 0.1768
vn -0.1245 -0.9702 0.2081
vn 0.0322 -0.9692 0.2441
vn 0.1816 -0.9414 0.2843
vn 0.3226 -0.8876 0.3286
vn 0.4538 -0.8077 0.3764
vn 0.5205 -0.8255 0.2183
vn 0.5475 -0.8253 0.1381
vn 0.6463 -0.7146 0.2677
vn 0.6756 -0.7133 0.1861
vn 0.7552 -0.5737 0.3171
vn 0.7871 -0.5708 0.2338
vn 0.8400 -0.4025 0.3640
vn 0.8742 -0.3976 0.2788
vn 0.7493 -0.4022 0.5262
vn 0.6724 -0.5655 0.4776
vn 0.5719 -0.7007 0.4266
vn 0.4763 -0.6638 0.5767
vn 0.3704 -0.7640 0.5284
vn 0.2509 -0.8389 0.4830
vn 0.1212 -0.8891 0.4414
vn -0.0170 -0.9142 0.4050
vn -0.1616 -0.9134 0.3737
vn -0.3104 -0.8848 0.3476
vn -0.4592 -0.8258 0.3274
vn -0.4532 -0.7396 0.4976
vn -0.3246 -0.7945 0.5133
vn -0.1951 -0.8224 0.5344
vn -0.0684 -0.8250 0.5610
vn 0.0530 -0.8036 0.5928
vn 0.1667 -0.7590 0.6294
vn 0.2698 -0.6919 0.6697
vn 0.3600 -0.6021 0.7127
vn 0.4337 -0.4905 0.7559
vn 0.5650 -0.5380 0.6255
vn 0.6307 -0.3877 0.6722
vn 0.4867 -0.3588 0.7965
vn 0.1533 -0.5890 0.7935
vn 0.0705 -0.6450 0.7609
vn -0.0214 -0.6817 0.7313
vn -0.1200 -0.6984 0.7055
vn -0.2229 -0.6946 0.6840
vn -0.3271 -0.6694 0.6671
vn 0.6678 -0.2161 0.7123
vn 0.5148 -0.2102 0.8312
vn 0.7493 -0.4021 0.5262
vn 0.7944 -0.2139 0.5685
vn 0.8400 -0.4024 0.3639
vn 0.8913 -0.2040 0.4048
vn 0.8741 -0.3976 0.2792
vn 0.9275 -0.1964 0.3180
vn 0.9002 0.0132 0.4352
vn 0.9374 0.0239 0.3473
vn 0.8752 0.1797 0.4492
vn 0.9126 0.1928 0.3605
vn 0.8604 0.2344 0.4525
vn 0.8980 0.2486 0.3630
vn 0.7607 0.1995 0.6177
vn 0.7755 0.1481 0.6138
vn 0.8003 -0.0088 0.5996
vn 0.6701 -0.0306 0.7417
vn 0.5141 -0.0512 0.8562
vn 0.4920 0.0692 0.8679
vn 0.6461 0.1107 0.7552
vn 0.6318 0.1568 0.7591
vn 0.4788 0.1082 0.8712
vn -0.4493 -0.8805 0.1509
vn -0.4593 -0.8257 0.3274
vn -0.6025 -0.7341 0.3130
vn -0.6077 -0.7833 0.1310
vn -0.4245 -0.9051 -0.0264
vn -0.5915 -0.8046 -0.0527
vn -0.4071 -0.9063 -0.1139
vn -0.5759 -0.8049 -0.1431
vn -0.7447 -0.6636 -0.0714
vn -0.7310 -0.6622 -0.1648
vn -0.8711 -0.4844 -0.0805
vn -0.8590 -0.4808 -0.1758
vn -0.9405 -0.3305 -0.0795
vn -0.9293 -0.3246 -0.1761
vn -0.9580 -0.2763 -0.0769
vn -0.9471 -0.2697 -0.1742
vn -0.9521 -0.2817 0.1189
vn -0.9359 -0.3327 0.1154
vn -0.8709 -0.4783 0.1128
vn -0.7522 -0.6483 0.1180
vn -0.7320 -0.6094 0.3048
vn -0.6844 -0.5471 0.4820
vn -0.5752 -0.6571 0.4872
vn -0.4531 -0.7397 0.4976
vn -0.7732 -0.4129 0.4814
vn -0.8380 -0.4542 0.3026
vn -0.8957 -0.3223 0.3063
vn -0.9097 -0.2762 0.3102
vn -0.8322 -0.2600 0.4896
vn -0.8212 -0.2997 0.4856
vn -0.7154 -0.2656 0.6463
vn -0.6788 -0.3556 0.6425
vn -0.7229 -0.2340 0.6501
vn -0.2993 0.9473 0.1139
vn -0.3170 0.9286 0.1929
vn -0.1614 0.9579 0.2375
vn -0.1420 0.9771 0.1586
vn 0.0004 0.9593 0.2824
vn 0.0218 0.9790 0.2029
vn 0.1672 0.9302 0.3267
vn 0.1911 0.9503 0.2458
vn 0.3355 0.8668 0.3688
vn 0.3623 0.8871 0.2861
vn 0.2731 0.8050 0.5267
vn 0.1147 0.8681 0.4830
vn -0.0432 0.8981 0.4376
vn -0.1976 0.8982 0.3927
vn -0.3463 0.8706 0.3494
vn -0.4882 0.8166 0.3081
vn -0.4652 0.8726 0.1491
vn -0.4490 0.8909 0.0692
vn -0.6047 0.7893 0.1062
vn -0.5899 0.8071 0.0245
vn -0.7327 0.6774 0.0646
vn -0.7191 0.6946 -0.0192
vn -0.8441 0.5355 0.0253
vn -0.8319 0.5516 -0.0614
vn -0.8485 0.4899 0.2001
vn -0.7432 0.6271 0.2333
vn -0.6215 0.7357 0.2694
vn -0.6193 0.6570 0.4299
vn -0.4969 0.7332 0.4642
vn -0.3662 0.7838 0.5016
vn -0.2292 0.8085 0.5421
vn -0.0873 0.8065 0.5848
vn 0.0569 0.7759 0.6283
vn 0.2001 0.7144 0.6705
vn 0.1173 0.5955 0.7948
vn -0.0056 0.6526 0.7577
vn -0.1306 0.6825 0.7191
vn -0.2545 0.6863 0.6813
vn -0.3749 0.6654 0.6455
vn -0.4893 0.6204 0.6129
vn -0.5955 0.5519 0.5838
vn -0.6902 0.4604 0.5583
vn -0.7298 0.5549 0.3993
vn -0.8242 0.4267 0.3723
vn -0.7695 0.3464 0.5366
vn 0.2732 0.8049 0.5267
vn 0.2000 0.7144 0.6705
vn 0.3372 0.6201 0.7084
vn 0.4265 0.7055 0.5659
vn 0.4998 0.7652 0.4059
vn 0.3622 0.8871 0.2862
vn 0.5297 0.7850 0.3212
vn 0.6504 0.6230 0.4346
vn 0.6833 0.6418 0.3480
vn 0.7749 0.4431 0.4507
vn 0.8104 0.4599 0.3630
vn 0.8434 0.2887 0.4531
vn 0.8804 0.3035 0.3644
vn 0.8604 0.2344 0.4526
vn 0.8980 0.2486 0.3631
vn 0.7455 0.2509 0.6175
vn 0.6820 0.3971 0.6142
vn 0.5665 0.5685 0.5965
vn 0.4612 0.4929 0.7378
vn 0.5632 0.3361 0.7548
vn 0.6190 0.2035 0.7585
vn 0.6319 0.1568 0.7591
vn 0.4689 0.1484 0.8707
vn 0.4227 0.2622 0.8675
vn 0.3375 0.3979 0.8531
vn -0.9304 0.3243 0.1707
vn -0.8962 0.2737 0.3492
vn -0.8241 0.4268 0.3724
vn -0.8284 0.2119 0.5185
vn -0.7695 0.3462 0.5366
vn -0.8617 0.0612 0.5038
vn -0.9386 0.0998 0.3303
vn -0.9801 0.1341 0.1460
vn -0.9317 0.3631 -0.0109
vn -0.8441 0.5356 0.0253
vn -0.8319 0.5515 -0.0610
vn -0.9204 0.3777 -0.1008
vn -0.9857 0.1635 -0.0417
vn -0.9751 0.1759 -0.1347
vn -0.9964 -0.0544 -0.0650
vn -0.9861 -0.0447 -0.1602
vn -0.9723 -0.2213 -0.0756
vn -0.9616 -0.2139 -0.1720
vn -0.9580 -0.2763 -0.0770
vn -0.9521 -0.2817 0.1187
vn -0.9659 -0.2298 0.1192
vn -0.9892 -0.0723 0.1275
vn -0.9448 -0.0874 0.3158
vn -0.8645 -0.0992 0.4927
vn -0.8443 -0.2205 0.4883
vn -0.9228 -0.2296 0.3095
vn -0.8322 -0.2600 0.4897
vn -0.7336 -0.2031 0.6486
vn 0.2301 -0.9727 0.0307
vn 0.3520 -0.9264 0.1338
vn 0.2991 -0.9334 0.1982
vn 0.1788 -0.9792 0.0958
vn 0.0499 -0.9987 -0.0044
vn 0.1000 -0.9924 -0.0710
vn -0.0871 -0.9910 -0.1015
vn -0.0377 -0.9847 -0.1699
vn -0.2307 -0.9535 -0.1939
vn -0.1818 -0.9468 -0.2656
vn -0.3782 -0.8826 -0.2795
vn -0.3297 -0.8751 -0.3541
vn -0.4668 -0.8759 -0.1221
vn -0.3243 -0.9449 -0.0451
vn -0.1853 -0.9819 0.0401
vn -0.0530 -0.9900 0.1309
vn 0.0710 -0.9715 0.2260
vn 0.1853 -0.9275 0.3247
vn 0.2889 -0.8575 0.4256
vn 0.4094 -0.8609 0.3021
vn 0.4641 -0.8532 0.2380
vn 0.5074 -0.7600 0.4062
vn 0.5647 -0.7512 0.3418
vn 0.5893 -0.6288 0.5072
vn 0.6498 -0.6185 0.4419
vn 0.6495 -0.4666 0.6004
vn 0.7127 -0.4539 0.5349
vn 0.5056 -0.4800 0.7169
vn 0.4532 -0.6346 0.6259
vn 0.3791 -0.7605 0.5271
vn 0.2350 -0.7362 0.6347
vn 0.1548 -0.8272 0.5402
vn 0.0614 -0.8928 0.4462
vn -0.0436 -0.9339 0.3548
vn -0.1584 -0.9504 0.2675
vn -0.2813 -0.9415 0.1857
vn -0.4101 -0.9054 0.1101
vn -0.5415 -0.8396 0.0433
vn -0.4851 -0.8324 0.2678
vn -0.3723 -0.8668 0.3319
vn -0.2642 -0.8764 0.4026
vn -0.1633 -0.8625 0.4790
vn -0.0715 -0.8259 0.5593
vn 0.0090 -0.7668 0.6418
vn 0.0764 -0.6852 0.7244
vn 0.1282 -0.5812 0.8036
vn 0.2985 -0.6193 0.7262
vn 0.3415 -0.4769 0.8099
vn -0.1457 -0.6735 0.7247
vn -0.2102 -0.7231 0.6580
vn -0.2845 -0.7534 0.5928
vn -0.3665 -0.7641 0.5309
vn -0.4542 -0.7544 0.4739
vn -0.5451 -0.7239 0.4229
vn 0.6496 -0.4663 0.6004
vn 0.6808 -0.2752 0.6788
vn 0.5306 -0.2988 0.7932
vn 0.5056 -0.4799 0.7169
vn 0.7124 -0.4538 0.5353
vn 0.7464 -0.2598 0.6127
vn 0.6763 -0.0628 0.7339
vn 0.7432 -0.0442 0.6676
vn 0.6467 0.1020 0.7559
vn 0.7142 0.1233 0.6890
vn 0.6313 0.1567 0.7595
vn 0.6992 0.1789 0.6922
vn 0.4781 0.1080 0.8716
vn 0.4935 0.0568 0.8679
vn 0.5230 -0.0985 0.8466
vn -0.2844 -0.7533 0.5930
vn -0.4011 -0.6045 0.6882
vn -0.4593 -0.6116 0.6442
vn -0.3665 -0.7640 0.5311
vn -0.5212 -0.6035 0.6034
vn -0.5850 -0.5801 0.5668
vn -0.5449 -0.7240 0.4229
vn -0.5997 -0.4045 0.6904
vn -0.5670 -0.4174 0.7102
vn -0.5348 -0.4220 0.7320
vn -0.5042 -0.4183 0.7555
vn -0.6317 -0.3836 0.6736
vn -0.6478 -0.5415 0.5359
vn -0.6619 -0.3551 0.6602
vn -0.7072 -0.4886 0.5110
vn -0.6888 -0.3201 0.6504
vn -0.7602 -0.4224 0.4936
vn -0.7111 -0.2796 0.6451
vn -0.8040 -0.3452 0.4842
vn -0.5452 -0.7240 0.4226
vn -0.5849 -0.5801 0.5668
vn -0.6359 -0.6723 0.3789
vn -0.4853 -0.8324 0.2677
vn -0.5992 -0.7720 0.2122
vn -0.4102 -0.9053 0.1102
vn -0.5415 -0.8396 0.0434
vn -0.7096 -0.6846 0.1668
vn -0.6701 -0.7422 -0.0125
vn -0.4669 -0.8759 -0.1221
vn -0.6075 -0.7717 -0.1880
vn -0.3783 -0.8825 -0.2795
vn -0.5246 -0.7742 -0.3541
vn -0.3298 -0.8751 -0.3541
vn -0.4767 -0.7656 -0.4320
vn -0.6611 -0.6270 -0.4121
vn -0.6139 -0.6164 -0.4932
vn -0.7766 -0.4437 -0.4473
vn -0.7303 -0.4306 -0.5303
vn -0.8426 -0.2883 -0.4549
vn -0.7968 -0.2728 -0.5392
vn -0.8601 -0.2343 -0.4531
vn -0.8142 -0.2179 -0.5381
vn -0.9268 -0.2603 -0.2707
vn -0.9101 -0.3112 -0.2734
vn -0.8477 -0.4580 -0.2678
vn -0.7380 -0.6314 -0.2382
vn -0.7884 -0.6128 -0.0541
vn -0.8098 -0.5711 0.1341
vn -0.8007 -0.5070 0.3191
vn -0.7227 -0.5995 0.3440
vn -0.7071 -0.4886 0.5112
vn -0.8038 -0.3454 0.4843
vn -0.8650 -0.3980 0.3055
vn -0.8931 -0.4347 0.1157
vn -0.8871 -0.4549 -0.0779
vn -0.9431 -0.3224 -0.0812
vn -0.9579 -0.2763 -0.0778
vn -0.9522 -0.2817 0.1182
vn -0.9402 -0.3210 0.1142
vn -0.9012 -0.3076 0.3054
vn -0.8275 -0.2824 0.4852
vn -0.7222 -0.2459 0.6466
vn -0.7112 -0.2793 0.6451
vn -0.7234 -0.2341 0.6496
vn -0.8326 -0.2601 0.4889
vn -0.9099 -0.2762 0.3095
vn -0.3271 0.9398 0.0993
vn -0.3725 0.9135 0.1636
vn -0.2446 0.9327 0.2652
vn -0.1976 0.9594 0.2015
vn -0.1107 0.9239 0.3662
vn -0.0613 0.9511 0.3027
vn 0.0283 0.8848 0.4651
vn 0.0801 0.9124 0.4014
vn 0.1697 0.8117 0.5589
vn 0.2249 0.8395 0.4946
vn 0.3094 0.7012 0.6423
vn 0.3683 0.7288 0.5772
vn 0.1827 0.6277 0.7567
vn 0.0539 0.7357 0.6752
vn -0.0778 0.8084 0.5835
vn -0.2081 0.8483 0.4869
vn -0.3349 0.8583 0.3888
vn -0.4571 0.8404 0.2912
vn -0.5732 0.7958 0.1950
vn -0.4937 0.8674 0.0626
vn -0.4494 0.8933 -0.0031
vn -0.6070 0.7938 -0.0373
vn -0.5633 0.8195 -0.1053
vn -0.7099 0.6913 -0.1349
vn -0.6665 0.7167 -0.2054
vn -0.7980 0.5580 -0.2277
vn -0.7546 0.5827 -0.3016
vn -0.8647 0.3934 -0.3122
vn -0.8212 0.4170 -0.3896
vn -0.8660 0.4947 -0.0728
vn -0.7814 0.6240 0.0115
vn -0.6823 0.7240 0.1013
vn -0.7389 0.6289 0.2419
vn -0.6383 0.6970 0.3268
vn -0.5310 0.7389 0.4149
vn -0.4188 0.7545 0.5053
vn -0.3025 0.7433 0.5966
vn -0.1844 0.7035 0.6863
vn -0.0664 0.6331 0.7712
vn -0.2891 0.5697 0.7693
vn -0.3913 0.6076 0.6911
vn -0.4927 0.6195 0.6111
vn -0.5912 0.6064 0.5317
vn -0.6853 0.5691 0.4545
vn -0.7727 0.5076 0.3812
vn -0.8508 0.4224 0.3128
vn -0.8296 0.5344 0.1618
vn -0.9064 0.4131 0.0883
vn -0.8401 0.2888 0.4591
vn -0.7788 0.3598 0.5139
vn -0.7088 0.4112 0.5732
vn -0.6328 0.4422 0.6357
vn -0.5526 0.4522 0.7001
vn 0.1829 0.6276 0.7568
vn 0.3027 0.4837 0.8213
vn 0.4399 0.5519 0.7084
vn 0.3683 0.7287 0.5774
vn 0.5021 0.5785 0.6428
vn 0.5510 0.3672 0.7494
vn 0.6161 0.3918 0.6833
vn 0.6149 0.2111 0.7598
vn 0.6820 0.2338 0.6930
vn 0.6314 0.1567 0.7595
vn 0.6992 0.1789 0.6921
vn 0.4782 0.1080 0.8716
vn 0.4636 0.1596 0.8715
vn 0.4048 0.3075 0.8612
vn -0.6327 0.4420 0.6358
vn -0.7088 0.4110 0.5732
vn -0.7032 0.2256 0.6743
vn -0.6496 0.2479 0.7188
vn -0.6634 0.0198 0.7480
vn -0.6357 0.0315 0.7713
vn -0.6885 0.0001 0.7252
vn -0.7520 0.1882 0.6318
vn -0.7788 0.3597 0.5140
vn -0.7937 0.1368 0.5927
vn -0.8401 0.2887 0.4593
vn -0.7098 -0.0270 0.7039
vn -0.7261 -0.0609 0.6849
vn -0.8267 0.0726 0.5579
vn -0.7366 -0.1001 0.6689
vn -0.8488 -0.0020 0.5286
vn -0.7405 -0.1432 0.6566
vn -0.8585 -0.0851 0.5058
vn -0.7375 -0.1891 0.6483
vn -0.8543 -0.1727 0.4903
vn -0.7287 -0.2232 0.6474
vn -0.8404 -0.2384 0.4867
vn -0.8403 0.2887 0.4588
vn -0.8898 0.1996 0.4103
vn -0.8268 0.0727 0.5578
vn -0.7938 0.1368 0.5925
vn -0.8508 0.4223 0.3127
vn -0.9156 0.3140 0.2512
vn -0.9065 0.4129 0.0883
vn -0.9627 0.1843 0.1981
vn -0.9638 0.2656 0.0237
vn -0.8661 0.4945 -0.0728
vn -0.9302 0.3358 -0.1482
vn -0.7980 0.5579 -0.2278
vn -0.8647 0.3933 -0.3123
vn -0.9659 0.1510 -0.2101
vn -0.9020 0.2001 -0.3825
vn -0.8214 0.4169 -0.3892
vn -0.8581 0.2219 -0.4630
vn -0.9019 -0.0137 -0.4318
vn -0.8574 0.0055 -0.5147
vn -0.8743 -0.1794 -0.4510
vn -0.8288 -0.1622 -0.5356
vn -0.9268 -0.2603 -0.2706
vn -0.9401 -0.2083 -0.2697
vn -0.9660 -0.0518 -0.2532
vn -0.9940 -0.0880 -0.0647
vn -0.9950 0.0961 -0.0286
vn -0.9871 0.0372 0.1559
vn -0.9414 -0.0242 0.3364
vn -0.9247 0.0941 0.3690
vn -0.8488 -0.0020 0.5287
vn -0.8583 -0.0851 0.5060
vn -0.8542 -0.1726 0.4905
vn -0.9374 -0.1495 0.3144
vn -0.9845 -0.1211 0.1269
vn -0.9632 -0.2418 0.1170
vn -0.9702 -0.2294 -0.0779
vn -0.9579 -0.2763 -0.0777
vn -0.9099 -0.2762 0.3096
vn -0.9195 -0.2451 0.3074
vn -0.8403 -0.2386 0.4867
vn -0.7288 -0.2233 0.6473
vn 0.2097 -0.9778 0.0061
vn 0.2846 -0.9466 0.1512
vn 0.2118 -0.9586 0.1904
vn 0.1380 -0.9893 0.0468
vn 0.0553 -0.9939 -0.0953
vn 0.1263 -0.9824 -0.1375
vn -0.0363 -0.9715 -0.2344
vn 0.0348 -0.9597 -0.2788
vn -0.1360 -0.9197 -0.3683
vn -0.0644 -0.9073 -0.4155
vn -0.2421 -0.8352 -0.4938
vn -0.1697 -0.8217 -0.5441
vn -0.3514 -0.7149 -0.6045
vn -0.2783 -0.6997 -0.6581
vn -0.3826 -0.8421 -0.3802
vn -0.2780 -0.9235 -0.2643
vn -0.1799 -0.9739 -0.1387
vn -0.0903 -0.9959 -0.0070
vn -0.0103 -0.9917 0.1282
vn 0.0593 -0.9621 0.2661
vn 0.1180 -0.9066 0.4052
vn 0.2755 -0.9010 0.3350
vn 0.3499 -0.8886 0.2967
vn 0.3275 -0.8150 0.4780
vn 0.4043 -0.8015 0.4406
vn 0.3655 -0.6980 0.6158
vn 0.4454 -0.6828 0.5792
vn 0.3860 -0.5484 0.7418
vn 0.4688 -0.5310 0.7059
vn 0.2093 -0.5691 0.7952
vn 0.1953 -0.7116 0.6750
vn 0.1640 -0.8237 0.5428
vn -0.0100 -0.8060 0.5918
vn -0.0491 -0.8839 0.4651
vn -0.1009 -0.9362 0.3368
vn -0.1645 -0.9639 0.2092
vn -0.2389 -0.9673 0.0847
vn -0.3230 -0.9457 -0.0351
vn -0.4153 -0.8975 -0.1481
vn -0.5132 -0.8207 -0.2509
vn -0.5437 -0.8390 -0.0221
vn -0.4620 -0.8837 0.0748
vn -0.3875 -0.9044 0.1789
vn -0.3220 -0.9019 0.2878
vn -0.2665 -0.8770 0.3998
vn -0.2226 -0.8296 0.5121
vn -0.1909 -0.7594 0.6220
vn -0.1727 -0.6662 0.7256
vn 0.0143 -0.7016 0.7124
vn -0.3730 -0.6814 0.6297
vn -0.3976 -0.7405 0.5419
vn -0.4326 -0.7805 0.4513
vn -0.4775 -0.8013 0.3606
vn -0.5308 -0.8026 0.2721
vn -0.4327 -0.7804 0.4514
vn -0.3976 -0.7404 0.5420
vn -0.5653 -0.6145 0.5504
vn -0.5901 -0.6440 0.4868
vn -0.5479 -0.5710 0.6114
vn -0.3731 -0.6813 0.6298
vn -0.5384 -0.5144 0.6674
vn -0.3598 -0.6038 0.7113
vn -0.1910 -0.7594 0.6220
vn -0.1728 -0.6661 0.7256
vn -0.3584 -0.5093 0.7824
vn -0.1690 -0.5505 0.8176
vn 0.0144 -0.7015 0.7125
vn 0.0224 -0.5703 0.8212
vn 0.1953 -0.7115 0.6750
vn 0.0126 -0.4141 0.9101
vn 0.2031 -0.3980 0.8946
vn 0.3860 -0.5482 0.7419
vn 0.3847 -0.3676 0.8467
vn 0.4682 -0.5311 0.7062
vn 0.4699 -0.3475 0.8115
vn 0.3587 -0.1620 0.9193
vn 0.4451 -0.1388 0.8846
vn 0.3219 0.0006 0.9468
vn 0.4090 0.0264 0.9122
vn 0.3059 0.0550 0.9505
vn 0.3936 0.0818 0.9156
vn 0.1224 -0.0000 0.9925
vn 0.1385 -0.0510 0.9890
vn 0.1749 -0.2041 0.9632
vn -0.0158 -0.2387 0.9710
vn -0.2066 -0.2645 0.9420
vn -0.1803 -0.4149 0.8918
vn -0.3686 -0.3999 0.8392
vn -0.5445 -0.3690 0.7532
vn -0.5373 -0.4465 0.7155
vn -0.6972 -0.3638 0.6177
vn -0.6983 -0.3999 0.5937
vn -0.7041 -0.4303 0.5648
vn -0.7140 -0.4539 0.5330
vn -0.7005 -0.3229 0.6364
vn -0.7078 -0.2784 0.6492
vn -0.5596 -0.2850 0.7783
vn -0.3901 -0.2800 0.8771
vn -0.4153 -0.1871 0.8902
vn -0.2372 -0.1467 0.9603
vn -0.0502 -0.1007 0.9937
vn -0.0657 -0.0549 0.9963
vn -0.2513 -0.1077 0.9619
vn -0.4273 -0.1565 0.8905
vn -0.5869 -0.1992 0.7848
vn -0.5778 -0.2202 0.7859
vn -0.7181 -0.2448 0.6514
vn -0.7239 -0.2342 0.6490
vn -0.3844 -0.5404 -0.7485
vn -0.4580 -0.5578 -0.6921
vn -0.5538 -0.3681 -0.7468
vn -0.4803 -0.3477 -0.8052
vn -0.6135 -0.2106 -0.7611
vn -0.5399 -0.1878 -0.8205
vn -0.6309 -0.1565 -0.7600
vn -0.5569 -0.1328 -0.8199
vn -0.3475 0.9347 0.0747
vn -0.4132 0.9034 0.1146
vn -0.3319 0.9075 0.2574
vn -0.2650 0.9391 0.2188
vn -0.2446 0.8837 0.3990
vn -0.1755 0.9157 0.3615
vn -0.1516 0.8298 0.5371
vn -0.0801 0.8621 0.5003
vn -0.0542 0.7426 0.6675
vn 0.0206 0.7751 0.6315
vn 0.0458 0.6193 0.7838
vn 0.1243 0.6516 0.7483
vn -0.2041 0.6589 0.7240
vn -0.2932 0.7451 0.5991
vn -0.3790 0.7992 0.4664
vn -0.4609 0.8237 0.3303
vn -0.5383 0.8203 0.1933
vn -0.6105 0.7899 0.0570
vn -0.4884 0.8722 -0.0283
vn -0.4231 0.9034 -0.0698
vn -0.5563 0.8134 -0.1702
vn -0.4908 0.8446 -0.2141
vn -0.6152 0.7251 -0.3094
vn -0.5490 0.7563 -0.3559
vn -0.6618 0.6054 -0.4422
vn -0.5944 0.6362 -0.4919
vn -0.6916 0.4529 -0.5627
vn -0.6227 0.4829 -0.6156
vn -0.8125 0.3807 -0.4414
vn -0.7819 0.5283 -0.3309
vn -0.7351 0.6453 -0.2078
vn -0.6769 0.7320 -0.0774
vn -0.7806 0.6247 0.0211
vn -0.7189 0.6801 0.1440
vn -0.6519 0.7089 0.2693
vn -0.5810 0.7112 0.3958
vn -0.5065 0.6866 0.5215
vn -0.4295 0.6337 0.6434
vn -0.3506 0.5510 0.7573
vn -0.5564 0.4954 0.6670
vn -0.6229 0.5448 0.5614
vn -0.6877 0.5684 0.4516
vn -0.7500 0.5670 0.3406
vn -0.8087 0.5411 0.2308
vn -0.8625 0.4906 0.1240
vn -0.9092 0.4157 0.0230
vn -0.8348 0.5421 -0.0964
vn -0.8782 0.4318 -0.2059
vn -0.9159 0.3302 0.2283
vn -0.8731 0.3726 0.3145
vn -0.8257 0.3942 0.4034
vn -0.7750 0.3948 0.4935
vn -0.7222 0.3739 0.5820
vn -0.8339 0.1930 0.5171
vn -0.8560 -0.0281 0.5162
vn -0.8357 -0.0365 0.5480
vn -0.7958 0.1773 0.5790
vn -0.7751 0.3946 0.4935
vn -0.7222 0.3738 0.5820
vn -0.7565 0.1459 0.6375
vn -0.6680 0.3313 0.6663
vn -0.6231 0.5447 0.5613
vn -0.5566 0.4953 0.6670
vn -0.6139 0.2680 0.7425
vn -0.4891 0.4198 0.7646
vn -0.4296 0.6336 0.6435
vn -0.3506 0.5509 0.7573
vn -0.4221 0.3184 0.8488
vn -0.2712 0.4375 0.8574
vn -0.2040 0.6588 0.7241
vn -0.1134 0.5385 0.8350
vn -0.0542 0.7425 0.6676
vn 0.0457 0.6193 0.7838
vn -0.0249 0.3846 0.9228
vn 0.1437 0.4596 0.8764
vn 0.1242 0.6515 0.7484
vn 0.2256 0.4908 0.8415
vn 0.2334 0.2680 0.9347
vn 0.3182 0.2972 0.9003
vn 0.2901 0.1096 0.9507
vn 0.3768 0.1369 0.9161
vn 0.1086 0.0518 0.9927
vn 0.0566 0.2019 0.9778
vn -0.1227 0.1282 0.9841
vn -0.1940 0.2949 0.9356
vn -0.3575 0.1934 0.9137
vn -0.5093 0.0832 0.8566
vn -0.5603 0.1844 0.8075
vn -0.6792 0.0401 0.7329
vn -0.7174 0.0999 0.6894
vn -0.7925 -0.0775 0.6049
vn -0.8144 -0.0530 0.5779
vn -0.7716 -0.1088 0.6267
vn -0.7517 -0.1464 0.6430
vn -0.6428 -0.0315 0.7654
vn -0.6100 -0.1119 0.7845
vn -0.4624 -0.0322 0.8861
vn -0.2978 0.0490 0.9534
vn -0.2603 -0.0673 0.9632
vn -0.0772 -0.0079 0.9970
vn -0.2512 -0.1077 0.9619
vn -0.4272 -0.1564 0.8905
vn -0.4336 -0.1242 0.8925
vn -0.5905 -0.1766 0.7875
vn -0.7247 -0.2223 0.6522
vn -0.7340 -0.1885 0.6525
vn -0.7238 -0.2342 0.6490
vn -0.5868 -0.1992 0.7848
vn -0.8329 -0.2602 0.4885
vn -0.8330 -0.2602 0.4883
vn -0.9080 -0.2760 0.3152
vn -0.8329 -0.2603 0.4883
vn -0.9080 -0.2766 0.3147
vn -0.9082 -0.2772 0.3137
vn -0.8329 -0.2601 0.4884
vn -0.9084 -0.2776 0.3125
vn -0.8330 -0.2601 0.4884
vn -0.9087 -0.2779 0.3116
vn -0.8329 -0.2603 0.4884
vn -0.9088 -0.2783 0.3109
vn -0.8330 -0.2603 0.4883
vn -0.9087 -0.2790 0.3104
vn -0.8332 -0.2595 0.4883
vn -0.9077 -0.2830 0.3098
vn -0.8322 -0.2603 0.4896
vn -0.9082 -0.2814 0.3097
vn -0.9098 -0.2762 0.3099
vn -0.8323 -0.2601 0.4896
vn -0.7213 -0.2384 0.6503
vn -0.7205 -0.2402 0.6505
vn -0.8264 -0.2764 0.4906
vn -0.7214 -0.2368 0.6508
vn -0.8293 -0.2661 0.4914
vn -0.7213 -0.2359 0.6512
vn -0.8293 -0.2643 0.4923
vn -0.7210 -0.2354 0.6517
vn -0.8288 -0.2635 0.4936
vn -0.7204 -0.2350 0.6525
vn -0.8281 -0.2625 0.4954
vn -0.7197 -0.2345 0.6534
vn -0.8270 -0.2617 0.4975
vn -0.8262 -0.2604 0.4996
vn -0.7190 -0.2332 0.6548
vn -0.8259 -0.2590 0.5007
vn -0.7581 -0.2426 0.6054
vn -0.8260 -0.2586 0.5009
vn -0.9521 -0.2820 0.1182
vn -0.9466 -0.2996 0.1193
vn -0.9500 -0.2882 0.1204
vn -0.9504 -0.2864 0.1214
vn -0.9505 -0.2855 0.1228
vn -0.9504 -0.2849 0.1247
vn -0.9502 -0.2843 0.1272
vn -0.9503 -0.2832 0.1295
vn -0.9504 -0.2821 0.1309
vn -0.9261 -0.2789 0.2542
vn -0.9505 -0.2816 0.1312
vn -0.9522 -0.2816 0.1182
vn -0.9579 -0.2763 -0.0780
vn -0.9567 -0.2805 -0.0779
vn -0.9561 -0.2824 -0.0778
vn -0.9522 -0.2821 0.1169
vn -0.9571 -0.2793 -0.0775
vn -0.9523 -0.2820 0.1168
vn -0.9573 -0.2786 -0.0769
vn -0.9525 -0.2813 0.1169
vn -0.9574 -0.2784 -0.0761
vn -0.9523 -0.2819 0.1169
vn -0.9576 -0.2780 -0.0752
vn -0.9524 -0.2817 0.1168
vn -0.9578 -0.2778 -0.0740
vn -0.9524 -0.2816 0.1169
vn -0.9581 -0.2771 -0.0730
vn -0.9524 -0.2816 0.1170
vn -0.9582 -0.2767 -0.0724
vn -0.9524 -0.2817 0.1167
vn -0.9524 -0.2817 0.1169
vn -0.9291 -0.2629 -0.2602
vn -0.9297 -0.2621 -0.2588
vn -0.9525 -0.2727 -0.1357
vn -0.9299 -0.2616 -0.2587
vn -0.9281 -0.2639 -0.2625
vn -0.9274 -0.2642 -0.2649
vn -0.9267 -0.2645 -0.2668
vn -0.9262 -0.2652 -0.2680
vn -0.9252 -0.2676 -0.2690
vn -0.9221 -0.2768 -0.2704
vn -0.9266 -0.2606 -0.2712
vn -0.9267 -0.2603 -0.2712
vn -0.8597 -0.2342 -0.4539
vn -0.8585 -0.2386 -0.4540
vn -0.8580 -0.2405 -0.4538
vn -0.9266 -0.2594 -0.2724
vn -0.8591 -0.2373 -0.4535
vn -0.9262 -0.2604 -0.2725
vn -0.8595 -0.2366 -0.4530
vn -0.9263 -0.2603 -0.2726
vn -0.8600 -0.2363 -0.4523
vn -0.9264 -0.2598 -0.2726
vn -0.8605 -0.2362 -0.4514
vn -0.9262 -0.2604 -0.2727
vn -0.8610 -0.2361 -0.4504
vn -0.9263 -0.2600 -0.2726
vn -0.8617 -0.2356 -0.4494
vn -0.9264 -0.2600 -0.2725
vn -0.8621 -0.2352 -0.4489
vn -0.9263 -0.2601 -0.2727
vn -0.7658 -0.2029 -0.6102
vn -0.7670 -0.2021 -0.6090
vn -0.8334 -0.2247 -0.5049
vn -0.7672 -0.2017 -0.6088
vn -0.7642 -0.2036 -0.6121
vn -0.7625 -0.2037 -0.6141
vn -0.7612 -0.2040 -0.6156
vn -0.7603 -0.2043 -0.6166
vn -0.7591 -0.2062 -0.6175
vn -0.7553 -0.2156 -0.6190
vn -0.7594 -0.1999 -0.6192
vn -0.7596 -0.1991 -0.6192
vn -0.6302 -0.1563 -0.7605
vn -0.6291 -0.1607 -0.7605
vn -0.6288 -0.1626 -0.7604
vn -0.7582 -0.1988 -0.6209
vn -0.6298 -0.1595 -0.7602
vn -0.7589 -0.1984 -0.6203
vn -0.6304 -0.1588 -0.7599
vn -0.7588 -0.1988 -0.6203
vn -0.6310 -0.1586 -0.7594
vn -0.7587 -0.1989 -0.6203
vn -0.6318 -0.1586 -0.7588
vn -0.7588 -0.1987 -0.6203
vn -0.6327 -0.1585 -0.7580
vn -0.6336 -0.1582 -0.7573
vn -0.7587 -0.1988 -0.6204
vn -0.6342 -0.1578 -0.7569
vn -0.7588 -0.1986 -0.6203
vn -0.7587 -0.1988 -0.6203
vn -0.6069 0.0883 -0.7899
vn -0.5721 -0.0773 -0.8165
vn -0.6452 -0.1016 -0.7572
vn -0.6791 0.0619 -0.7314
vn -0.6308 -0.1565 -0.7600
vn 0.1998 -0.9795 -0.0247
vn 0.2158 -0.9663 0.1403
vn 0.1336 -0.9798 0.1485
vn 0.1183 -0.9929 -0.0147
vn 0.0937 -0.9798 -0.1767
vn 0.1754 -0.9663 -0.1886
vn 0.0597 -0.9398 -0.3364
vn 0.1421 -0.9259 -0.3500
vn 0.0160 -0.8710 -0.4910
vn 0.0999 -0.8562 -0.5069
vn -0.0370 -0.7703 -0.6366
vn 0.0489 -0.7540 -0.6550
vn -0.2094 -0.7843 -0.5839
vn -0.1545 -0.8811 -0.4470
vn -0.1090 -0.9474 -0.3010
vn -0.0741 -0.9861 -0.1489
vn -0.0496 -0.9988 0.0059
vn -0.0359 -0.9861 0.1621
vn -0.0331 -0.9475 0.3181
vn 0.1392 -0.9399 0.3117
vn 0.2225 -0.9260 0.3050
vn 0.1342 -0.8711 0.4724
vn 0.2194 -0.8564 0.4674
vn 0.1179 -0.7705 0.6265
vn 0.2059 -0.7542 0.6235
vn 0.0894 -0.6357 0.7668
vn 0.1796 -0.6174 0.7659
vn -0.0944 -0.6559 0.7489
vn -0.0620 -0.7845 0.6170
vn -0.0416 -0.8810 0.4713
vn -0.2216 -0.8627 0.4545
vn -0.2106 -0.9256 0.3147
vn -0.2111 -0.9623 0.1714
vn -0.2230 -0.9744 0.0272
vn -0.2463 -0.9623 -0.1155
vn -0.2805 -0.9255 -0.2547
vn -0.3249 -0.8626 -0.3877
vn -0.3787 -0.7722 -0.5102
vn -0.4912 -0.8133 -0.3118
vn -0.4506 -0.8706 -0.1973
vn -0.4195 -0.9045 -0.0763
vn -0.3988 -0.9157 0.0487
vn -0.3887 -0.9045 0.1752
vn -0.3895 -0.8706 0.3004
vn -0.4012 -0.8134 0.4212
vn -0.4232 -0.7322 0.5337
vn -0.2441 -0.7724 0.5864
vn -0.5739 -0.7305 0.3701
vn -0.5639 -0.7792 0.2735
vn -0.5628 -0.8084 0.1725
vn -0.5709 -0.8181 0.0700
vn -0.0621 -0.7844 0.6171
vn -0.2776 -0.6535 0.7042
vn -0.2441 -0.7723 0.5865
vn -0.4543 -0.6270 0.6328
vn -0.4231 -0.7322 0.5337
vn -0.6177 -0.5759 0.5355
vn -0.5922 -0.6625 0.4587
vn -0.6489 -0.4728 0.5961
vn -0.4932 -0.4996 0.7122
vn -0.3207 -0.5073 0.7999
vn -0.1380 -0.4960 0.8573
vn 0.0894 -0.6356 0.7668
vn 0.0483 -0.4668 0.8830
vn 0.1789 -0.6176 0.7659
vn 0.1403 -0.4461 0.8839
vn -0.0042 -0.2693 0.9631
vn 0.0889 -0.2455 0.9653
vn -0.0497 -0.1094 0.9928
vn 0.0440 -0.0829 0.9956
vn -0.0663 -0.0551 0.9963
vn 0.0280 -0.0277 0.9992
vn -0.2520 -0.1079 0.9617
vn -0.2354 -0.1588 0.9588
vn -0.1908 -0.3095 0.9315
vn -0.3708 -0.3383 0.8649
vn -0.5373 -0.3544 0.7653
vn -0.6839 -0.3568 0.6363
vn -0.7128 -0.2649 0.6494
vn -0.5733 -0.2383 0.7839
vn -0.4121 -0.2023 0.8884
vn -0.4278 -0.1566 0.8902
vn -0.5873 -0.1993 0.7845
vn -0.7242 -0.2343 0.6485
vn -0.0370 -0.7702 -0.6367
vn -0.2094 -0.7842 -0.5840
vn -0.2726 -0.6557 -0.7041
vn -0.0987 -0.6353 -0.7659
vn 0.0487 -0.7540 -0.6551
vn -0.0111 -0.6172 -0.7868
vn -0.1666 -0.4666 -0.8686
vn -0.0776 -0.4458 -0.8917
vn -0.2369 -0.2690 -0.9336
vn -0.1475 -0.2454 -0.9581
vn -0.2882 -0.1089 -0.9514
vn -0.1981 -0.0826 -0.9767
vn -0.3052 -0.0548 -0.9507
vn -0.2145 -0.0274 -0.9763
vn -0.4769 -0.1076 -0.8723
vn -0.4602 -0.1585 -0.8736
vn -0.4104 -0.3092 -0.8579
vn -0.3412 -0.4957 -0.7987
vn -0.6147 -0.2021 -0.7624
vn -0.5690 -0.3380 -0.7497
vn -0.6303 -0.1563 -0.7604
vn -0.3574 0.9329 0.0440
vn -0.4330 0.8998 0.0532
vn -0.4100 0.8862 0.2155
vn -0.3338 0.9194 0.2079
vn -0.3808 0.8449 0.3757
vn -0.3030 0.8783 0.3699
vn -0.3449 0.7737 0.5315
vn -0.2652 0.8073 0.5272
vn -0.3018 0.6701 0.6782
vn -0.2191 0.7037 0.6759
vn -0.4613 0.5860 0.6661
vn -0.4988 0.6878 0.5274
vn -0.5301 0.7584 0.3793
vn -0.5561 0.7997 0.2263
vn -0.5776 0.8132 0.0710
vn -0.5943 0.7998 -0.0849
vn -0.4500 0.8863 -0.1097
vn -0.3741 0.9195 -0.1208
vn -0.4603 0.8450 -0.2722
vn -0.3834 0.8784 -0.2854
vn -0.4631 0.7739 -0.4321
vn -0.3847 0.8075 -0.4473
vn -0.4567 0.6703 -0.5849
vn -0.3761 0.7038 -0.6026
vn -0.4389 0.5322 -0.7240
vn -0.3555 0.5653 -0.7443
vn -0.5954 0.4520 -0.6643
vn -0.6087 0.5861 -0.5348
vn -0.6115 0.6879 -0.3910
vn -0.6060 0.7585 -0.2397
vn -0.7379 0.6450 -0.1984
vn -0.7263 0.6851 -0.0562
vn -0.7104 0.6983 0.0873
vn -0.6911 0.6850 0.2304
vn -0.6680 0.6449 0.3712
vn -0.6410 0.5769 0.5062
vn -0.6090 0.4801 0.6313
vn -0.7395 0.3537 0.5727
vn -0.7668 0.4413 0.4662
vn -0.7900 0.5037 0.3496
vn -0.8099 0.5409 0.2270
vn -0.8268 0.5532 0.1016
vn -0.8407 0.5409 -0.0244
vn -0.8511 0.5038 -0.1480
vn -0.8567 0.4414 -0.2669
vn -0.7443 0.5771 -0.3360
vn -0.7436 0.4802 -0.4653
vn -0.7333 0.3544 -0.5803
vn -0.9052 0.3668 0.2147
vn -0.9192 0.3774 0.1128
vn -0.8885 0.3351 0.3136
vn -0.8689 0.2824 0.4065
vn -0.7668 0.4412 0.4662
vn -0.8689 0.2822 0.4066
vn -0.8461 0.2093 0.4901
vn -0.7395 0.3538 0.5727
vn -0.8198 0.1178 0.5604
vn -0.7075 0.2420 0.6640
vn -0.5713 0.3543 0.7403
vn -0.4613 0.5860 0.6662
vn -0.4172 0.4517 0.7887
vn -0.3017 0.6701 0.6782
vn -0.2507 0.5320 0.8088
vn -0.2191 0.7036 0.6760
vn -0.1650 0.5650 0.8084
vn -0.1927 0.3603 0.9127
vn -0.1039 0.3922 0.9140
vn -0.1295 0.1607 0.9785
vn -0.0382 0.1905 0.9809
vn -0.0815 -0.0003 0.9967
vn 0.0119 0.0276 0.9996
vn -0.2520 -0.1080 0.9617
vn -0.2653 -0.0560 0.9625
vn -0.3091 0.0964 0.9461
vn -0.3660 0.2865 0.8854
vn -0.5273 0.2018 0.8253
vn -0.6704 0.1087 0.7340
vn -0.7897 0.0103 0.6134
vn -0.7563 -0.1087 0.6452
vn -0.6287 -0.0406 0.7766
vn -0.4777 0.0285 0.8781
vn -0.4391 -0.1096 0.8917
vn -0.5965 -0.1589 0.7868
vn -0.7310 -0.2024 0.6516
vn -0.7242 -0.2343 0.6486
vn -0.4388 0.5322 -0.7240
vn -0.4076 0.3606 -0.8390
vn -0.5692 0.2867 -0.7706
vn -0.5954 0.4519 -0.6643
vn -0.3560 0.5652 -0.7442
vn -0.3218 0.3925 -0.8616
vn -0.3622 0.1610 -0.9181
vn -0.2741 0.1908 -0.9426
vn -0.3199 -0.0001 -0.9475
vn -0.2303 0.0278 -0.9727
vn -0.2145 -0.0275 -0.9763
vn -0.4770 -0.1076 -0.8723
vn -0.4901 -0.0557 -0.8699
vn -0.5287 0.0967 -0.8433
vn -0.6417 -0.1093 -0.7591
vn -0.6758 0.0287 -0.7366
vn -0.6304 -0.1564 -0.7604
vn 0.2019 -0.9777 -0.0569
vn 0.1558 -0.9824 0.1028
vn 0.0766 -0.9939 0.0788
vn 0.1226 -0.9893 -0.0790
vn 0.1594 -0.9585 -0.2363
vn 0.2395 -0.9466 -0.2158
vn 0.1863 -0.9010 -0.3919
vn 0.2678 -0.8885 -0.3727
vn 0.2021 -0.8149 -0.5432
vn 0.2859 -0.8013 -0.5255
vn 0.2058 -0.6977 -0.6862
vn 0.2922 -0.6825 -0.6699
vn 0.0263 -0.7114 -0.7023
vn 0.0278 -0.8236 -0.5665
vn 0.0164 -0.9065 -0.4219
vn -0.0068 -0.9620 -0.2729
vn -0.0410 -0.9917 -0.1222
vn -0.0859 -0.9959 0.0287
vn -0.1410 -0.9739 0.1778
vn 0.0214 -0.9715 0.2359
vn 0.1010 -0.9598 0.2618
vn -0.0430 -0.9198 0.3900
vn 0.0379 -0.9075 0.4184
vn -0.1157 -0.8353 0.5374
vn -0.0332 -0.8219 0.5687
vn -0.1948 -0.7151 0.6713
vn -0.1109 -0.6999 0.7056
vn -0.3590 -0.7271 0.5852
vn -0.2794 -0.8422 0.4611
vn -0.2059 -0.9236 0.3234
vn -0.3672 -0.8976 0.2440
vn -0.3050 -0.9458 0.1118
vn -0.2523 -0.9673 -0.0247
vn -0.2102 -0.9639 -0.1636
vn -0.1794 -0.9361 -0.3026
vn -0.1601 -0.8838 -0.4397
vn -0.1528 -0.8059 -0.5720
vn -0.1583 -0.7014 -0.6950
vn -0.3430 -0.6659 -0.6625
vn -0.3357 -0.7592 -0.5576
vn -0.3398 -0.8295 -0.4432
vn -0.3553 -0.8769 -0.3237
vn -0.3820 -0.9019 -0.2018
vn -0.4194 -0.9043 -0.0800
vn -0.4665 -0.8837 0.0388
vn -0.5222 -0.8391 0.1525
vn -0.5847 -0.7694 0.2574
vn -0.4374 -0.8208 0.3673
vn -0.5128 -0.7139 0.4769
vn -0.3590 -0.7271 0.5851
vn -0.4406 -0.5780 0.6869
vn -0.5892 -0.5770 0.5656
vn -0.5129 -0.7139 0.4768
vn -0.1949 -0.7150 0.6714
vn -0.2772 -0.5579 0.7822
vn -0.1114 -0.7000 0.7054
vn -0.1921 -0.5406 0.8191
vn -0.3568 -0.3683 0.8585
vn -0.2714 -0.3480 0.8974
vn -0.4112 -0.2108 0.8868
vn -0.3255 -0.1880 0.9267
vn -0.4283 -0.1567 0.8899
vn -0.3421 -0.1331 0.9302
vn -0.5877 -0.1994 0.7841
vn -0.5710 -0.2503 0.7819
vn -0.5184 -0.3987 0.7565
vn -0.6610 -0.4142 0.6257
vn -0.7090 -0.2802 0.6471
vn -0.7245 -0.2344 0.6482
vn -0.1583 -0.7014 -0.6949
vn -0.1768 -0.5700 -0.8024
vn 0.0107 -0.5688 -0.8224
vn 0.1951 -0.5480 -0.8134
vn 0.2922 -0.6826 -0.6699
vn 0.2840 -0.5308 -0.7985
vn 0.1685 -0.3673 -0.9147
vn 0.2597 -0.3472 -0.9011
vn 0.1258 -0.1616 -0.9788
vn 0.2182 -0.1384 -0.9661
vn 0.0834 0.0009 -0.9965
vn 0.1763 0.0265 -0.9840
vn 0.0669 0.0553 -0.9962
vn 0.1604 0.0821 -0.9836
vn -0.1211 0.0003 -0.9926
vn -0.1047 -0.0506 -0.9932
vn -0.0632 -0.2038 -0.9770
vn -0.0193 -0.3976 -0.9174
vn -0.2078 -0.4137 -0.8864
vn -0.3906 -0.4147 -0.8219
vn -0.3616 -0.5503 -0.7526
vn -0.3430 -0.6660 -0.6624
vn -0.4282 -0.2640 -0.8642
vn -0.2501 -0.2384 -0.9384
vn -0.2889 -0.1004 -0.9521
vn -0.3046 -0.0546 -0.9509
vn -0.4764 -0.1075 -0.8726
vn -0.4624 -0.1463 -0.8745
vn -0.6183 -0.1867 -0.7635
vn -0.5908 -0.2797 -0.7568
vn -0.6299 -0.1562 -0.7608
vn -0.3552 0.9347 0.0118
vn -0.4287 0.9034 -0.0110
vn -0.4670 0.8722 0.1458
vn -0.3936 0.9034 0.1704
vn -0.4987 0.8133 0.2999
vn -0.4244 0.8445 0.3267
vn -0.5221 0.7250 0.4492
vn -0.4466 0.7562 0.4783
vn -0.5354 0.6052 0.5892
vn -0.4579 0.6361 0.6211
vn -0.6786 0.5282 0.5104
vn -0.6630 0.6452 0.3795
vn -0.6381 0.7319 0.2391
vn -0.6062 0.7899 0.0926
vn -0.5690 0.8203 -0.0572
vn -0.5270 0.8238 -0.2088
vn -0.3843 0.9076 -0.1693
vn -0.3099 0.9392 -0.1480
vn -0.3338 0.8838 -0.3278
vn -0.2577 0.9158 -0.3080
vn -0.2770 0.8299 -0.4843
vn -0.1987 0.8623 -0.4658
vn -0.2139 0.7428 -0.6344
vn -0.1326 0.7754 -0.6175
vn -0.3730 0.6590 -0.6531
vn -0.4294 0.7453 -0.5101
vn -0.4806 0.7994 -0.3607
vn -0.6175 0.6867 -0.3834
vn -0.6594 0.7113 -0.2434
vn -0.6976 0.7089 -0.1036
vn -0.7323 0.6801 0.0342
vn -0.7625 0.6247 0.1684
vn -0.7866 0.5421 0.2956
vn -0.8023 0.4317 0.4122
vn -0.9011 0.3166 0.2963
vn -0.8878 0.4157 0.1976
vn -0.8669 0.4907 0.0883
vn -0.8405 0.5411 -0.0282
vn -0.8100 0.5671 -0.1490
vn -0.7764 0.5686 -0.2718
vn -0.7402 0.5450 -0.3939
vn -0.7012 0.4956 -0.5125
vn -0.5723 0.6338 -0.5203
vn -0.5233 0.5511 -0.6500
vn -0.6594 0.4200 -0.6235
vn -0.8713 0.3949 -0.2912
vn -0.8988 0.3943 -0.1917
vn -0.6786 0.5282 0.5103
vn -0.8023 0.4316 0.4123
vn -0.8065 0.2939 0.5130
vn -0.6817 0.3805 0.6249
vn -0.5354 0.6052 0.5891
vn -0.5350 0.4526 0.7134
vn -0.4579 0.6360 0.6211
vn -0.4554 0.4826 0.7481
vn -0.5180 0.2690 0.8120
vn -0.4363 0.2976 0.8491
vn -0.4821 0.0617 0.8739
vn -0.3984 0.0879 0.9130
vn -0.4429 -0.1018 0.8907
vn -0.3576 -0.0776 0.9307
vn -0.4284 -0.1567 0.8899
vn -0.5878 -0.1994 0.7841
vn -0.6010 -0.1474 0.7856
vn -0.6367 0.0073 0.7711
vn -0.6686 0.2044 0.7150
vn -0.7958 0.1319 0.5910
vn -0.7678 -0.0474 0.6389
vn -0.7361 -0.1874 0.6505
vn -0.7246 -0.2344 0.6481
vn -0.8432 -0.2202 0.4905
vn -0.8702 -0.1005 0.4823
vn -0.3120 0.5387 -0.7826
vn -0.4705 0.4377 -0.7662
vn -0.5232 0.5511 -0.6500
vn -0.6148 0.3187 -0.7214
vn -0.5678 0.1937 -0.8000
vn -0.4144 0.2952 -0.8609
vn -0.2472 0.3848 -0.8893
vn -0.1450 0.6195 -0.7715
vn -0.2140 0.7428 -0.6344
vn -0.1332 0.7751 -0.6176
vn -0.0604 0.6517 -0.7561
vn -0.0725 0.4598 -0.8850
vn 0.0154 0.4910 -0.8710
vn 0.0005 0.2682 -0.9634
vn 0.0912 0.2974 -0.9504
vn 0.0516 0.1099 -0.9926
vn 0.1440 0.1373 -0.9800
vn -0.1346 0.0521 -0.9895
vn -0.1815 0.2021 -0.9624
vn -0.3570 0.1284 -0.9252
vn -0.5196 0.0496 -0.8530
vn -0.4855 -0.0671 -0.8717
vn -0.3160 -0.0076 -0.9487
vn -0.4764 -0.1075 -0.8727
vn -0.6298 -0.1562 -0.7609
vn -0.6365 -0.1241 -0.7612
vn -0.6630 -0.0315 -0.7480
vn 0.2158 -0.9727 -0.0856
vn 0.1142 -0.9925 0.0444
vn 0.0495 -0.9987 -0.0081
vn 0.1503 -0.9792 -0.1365
vn 0.2422 -0.9334 -0.2649
vn 0.3091 -0.9264 -0.2152
vn 0.3241 -0.8608 -0.3924
vn 0.3928 -0.8531 -0.3434
vn 0.3941 -0.7599 -0.5170
vn 0.4655 -0.7510 -0.4683
vn 0.4493 -0.6286 -0.6348
vn 0.5235 -0.6182 -0.5864
vn 0.2884 -0.6345 -0.7171
vn 0.2406 -0.7603 -0.6034
vn 0.1774 -0.8574 -0.4831
vn 0.1012 -0.9274 -0.3601
vn 0.0142 -0.9715 -0.2367
vn -0.0831 -0.9899 -0.1146
vn -0.1896 -0.9818 0.0056
vn -0.0600 -0.9911 0.1192
vn 0.0045 -0.9848 0.1737
vn -0.1770 -0.9536 0.2436
vn -0.1124 -0.9470 0.3009
vn -0.2996 -0.8826 0.3624
vn -0.2346 -0.8753 0.4229
vn -0.4234 -0.7743 0.4702
vn -0.3581 -0.7657 0.5343
vn -0.5441 -0.7718 0.3291
vn -0.4235 -0.8759 0.2311
vn -0.3039 -0.9449 0.1218
vn -0.4246 -0.9053 -0.0079
vn -0.3178 -0.9415 -0.1124
vn -0.2184 -0.9504 -0.2215
vn -0.1281 -0.9338 -0.3340
vn -0.0483 -0.8927 -0.4481
vn 0.0196 -0.8270 -0.5619
vn 0.0745 -0.7361 -0.6728
vn -0.1011 -0.6851 -0.7214
vn -0.1465 -0.7667 -0.6251
vn -0.2047 -0.8257 -0.5256
vn -0.2742 -0.8624 -0.4255
vn -0.3537 -0.8763 -0.3271
vn -0.4415 -0.8667 -0.2322
vn -0.5355 -0.8324 -0.1428
vn -0.3631 -0.7230 -0.5878
vn -0.4194 -0.7534 -0.5065
vn -0.3166 -0.6734 -0.6681
vn -0.5360 -0.8396 0.0888
vn -0.3587 -0.7657 0.5339
vn -0.4766 -0.6165 0.6267
vn -0.5418 -0.6271 0.5596
vn -0.4234 -0.7743 0.4704
vn -0.6454 -0.4439 0.6216
vn -0.5805 -0.4306 0.6911
vn -0.7076 -0.2885 0.6451
vn -0.6427 -0.2730 0.7158
vn -0.7251 -0.2345 0.6475
vn -0.6600 -0.2181 0.7189
vn -0.4194 -0.7533 -0.5065
vn -0.5556 -0.6042 -0.5711
vn -0.5158 -0.5823 -0.6283
vn -0.3632 -0.7229 -0.5878
vn -0.4827 -0.5461 -0.6847
vn -0.3166 -0.6733 -0.6681
vn -0.4575 -0.4961 -0.7379
vn -0.2811 -0.6052 -0.7448
vn -0.6196 -0.3604 -0.6973
vn -0.6332 -0.3869 -0.6703
vn -0.6510 -0.4064 -0.6411
vn -0.6721 -0.4181 -0.6112
vn -0.6106 -0.3274 -0.7211
vn -0.4413 -0.4340 -0.7855
vn -0.6065 -0.2888 -0.7408
vn -0.4343 -0.3611 -0.8252
vn -0.6073 -0.2458 -0.7555
vn -0.4370 -0.2798 -0.8548
vn -0.6133 -0.2002 -0.7640
vn -0.4491 -0.1934 -0.8723
vn -0.3165 -0.6734 -0.6682
vn -0.1011 -0.6850 -0.7215
vn -0.2578 -0.5194 -0.8147
vn -0.0699 -0.5811 -0.8108
vn 0.0747 -0.7359 -0.6729
vn 0.1141 -0.6190 -0.7770
vn 0.2406 -0.7602 -0.6035
vn 0.1355 -0.4767 -0.8686
vn 0.3172 -0.4797 -0.8181
vn 0.4492 -0.6287 -0.6348
vn 0.4851 -0.4662 -0.7398
vn 0.5234 -0.6182 -0.5864
vn 0.5622 -0.4536 -0.6915
vn 0.4965 -0.2749 -0.8233
vn 0.5761 -0.2594 -0.7751
vn 0.4788 -0.0624 -0.8757
vn 0.5597 -0.0440 -0.8275
vn 0.4447 0.1023 -0.8898
vn 0.5262 0.1233 -0.8414
vn 0.4290 0.1569 -0.8896
vn 0.5112 0.1791 -0.8406
vn 0.2533 0.1083 -0.9613
vn 0.2691 0.0571 -0.9614
vn 0.3028 -0.0982 -0.9480
vn 0.3230 -0.2986 -0.8980
vn 0.1365 -0.3115 -0.9404
vn -0.0572 -0.3130 -0.9480
vn -0.0548 -0.4560 -0.8883
vn -0.2475 -0.4174 -0.8744
vn -0.4342 -0.3610 -0.8253
vn -0.4576 -0.4961 -0.7379
vn -0.4369 -0.2798 -0.8549
vn -0.2509 -0.3024 -0.9196
vn -0.2682 -0.1788 -0.9466
vn -0.0776 -0.1575 -0.9845
vn 0.1150 -0.1303 -0.9848
vn 0.0829 0.0095 -0.9965
vn 0.0676 0.0555 -0.9962
vn -0.1205 0.0005 -0.9927
vn -0.1065 -0.0383 -0.9936
vn -0.2920 -0.0848 -0.9526
vn -0.4667 -0.1282 -0.8751
vn -0.6234 -0.1663 -0.7640
vn -0.6131 -0.1999 -0.7643
vn -0.6294 -0.1560 -0.7613
vn -0.4759 -0.1073 -0.8729
vn -0.3040 -0.0544 -0.9511
vn -0.3413 0.9398 -0.0170
vn -0.4010 0.9135 -0.0685
vn -0.4942 0.8673 0.0589
vn -0.4352 0.8933 0.1120
vn -0.5800 0.7937 0.1832
vn -0.5211 0.8195 0.2387
vn -0.6562 0.6912 0.3028
vn -0.5970 0.7165 0.3607
vn -0.7192 0.5579 0.4141
vn -0.6593 0.5826 0.4753
vn -0.7636 0.3933 0.5121
vn -0.7026 0.4168 0.5767
vn -0.8667 0.3358 0.3688
vn -0.8228 0.4945 0.2803
vn -0.7609 0.6239 0.1780
vn -0.6866 0.7240 0.0669
vn -0.6034 0.7958 -0.0504
vn -0.5138 0.8405 -0.1718
vn -0.4189 0.8584 -0.2960
vn -0.3015 0.9327 -0.1979
vn -0.2404 0.9594 -0.1475
vn -0.1960 0.9240 -0.3283
vn -0.1326 0.9512 -0.2786
vn -0.0850 0.8849 -0.4579
vn -0.0193 0.9125 -0.4086
vn 0.0295 0.8118 -0.5831
vn 0.0986 0.8397 -0.5341
vn 0.1449 0.7014 -0.6979
vn 0.2178 0.7289 -0.6490
vn -0.1109 0.7360 -0.6679
vn -0.2166 0.8086 -0.5470
vn -0.3196 0.8484 -0.4219
vn -0.4377 0.7435 -0.5056
vn -0.5285 0.7546 -0.3889
vn -0.6155 0.7390 -0.2740
vn -0.6983 0.6971 -0.1626
vn -0.7754 0.6290 -0.0557
vn -0.8441 0.5345 0.0437
vn -0.9009 0.4129 0.1337
vn -0.9011 0.4225 -0.0977
vn -0.8419 0.5077 -0.1828
vn -0.7748 0.5691 -0.2753
vn -0.7022 0.6066 -0.3728
vn -0.6259 0.6197 -0.4736
vn -0.5470 0.6077 -0.5758
vn -0.4666 0.5698 -0.6765
vn -0.3448 0.7037 -0.6212
vn -0.2509 0.6334 -0.7320
vn -0.3863 0.5050 -0.7718
vn -0.5761 0.4077 -0.7084
vn -0.6412 0.4410 -0.6280
vn -0.7055 0.4523 -0.5456
vn -0.7677 0.4422 -0.4638
vn -0.8263 0.4113 -0.3848
vn -0.7027 0.4167 0.5767
vn -0.7635 0.3932 0.5123
vn -0.7828 0.1999 0.5893
vn -0.7208 0.2216 0.6567
vn -0.7707 -0.0139 0.6371
vn -0.7074 0.0052 0.7068
vn -0.7394 -0.1795 0.6489
vn -0.6750 -0.1624 0.7197
vn -0.7250 -0.2345 0.6477
vn -0.6599 -0.2181 0.7191
vn -0.8470 -0.2085 0.4890
vn -0.8761 -0.0521 0.4794
vn -0.7678 0.4422 -0.4636
vn -0.7056 0.4522 -0.5456
vn -0.7595 0.2548 -0.5985
vn -0.8039 0.2480 -0.5406
vn -0.7796 0.0351 -0.6253
vn -0.8029 0.0318 -0.5952
vn -0.7549 0.0302 -0.6552
vn -0.7134 0.2457 -0.6563
vn -0.6412 0.4408 -0.6281
vn -0.6665 0.2207 -0.7121
vn -0.5761 0.4075 -0.7085
vn -0.7295 0.0169 -0.6838
vn -0.7044 -0.0046 -0.7097
vn -0.6204 0.1803 -0.7633
vn -0.6805 -0.0335 -0.7320
vn -0.5762 0.1253 -0.8076
vn -0.6586 -0.0691 -0.7493
vn -0.5353 0.0576 -0.8427
vn -0.6396 -0.1099 -0.7608
vn -0.4994 -0.0205 -0.8661
vn -0.5761 0.4076 -0.7085
vn -0.5118 0.3525 -0.7834
vn -0.6203 0.1804 -0.7633
vn -0.6664 0.2208 -0.7121
vn -0.4666 0.5697 -0.6765
vn -0.3863 0.5049 -0.7719
vn -0.4496 0.2763 -0.8494
vn -0.3080 0.4130 -0.8571
vn -0.2509 0.6334 -0.7321
vn -0.1581 0.5311 -0.8325
vn -0.1109 0.7359 -0.6679
vn -0.0055 0.6278 -0.7783
vn 0.0295 0.8119 -0.5831
vn 0.1449 0.7015 -0.6978
vn 0.0951 0.4839 -0.8700
vn 0.2556 0.5521 -0.7936
vn 0.2174 0.7288 -0.6493
vn 0.3319 0.5786 -0.7450
vn 0.3535 0.3674 -0.8603
vn 0.4326 0.3921 -0.8118
vn 0.4130 0.2113 -0.8859
vn 0.4940 0.2341 -0.8374
vn 0.5110 0.1791 -0.8407
vn 0.2532 0.1083 -0.9613
vn 0.2392 0.1599 -0.9577
vn 0.1845 0.3077 -0.9334
vn 0.0082 0.2364 -0.9716
vn -0.0701 0.3974 -0.9150
vn -0.2344 0.2953 -0.9262
vn -0.3916 0.1806 -0.9022
vn -0.5353 0.0575 -0.8427
vn -0.5761 0.1254 -0.8077
vn -0.4995 -0.0206 -0.8661
vn -0.3406 0.0694 -0.9376
vn -0.1690 0.1559 -0.9732
vn -0.1295 0.0408 -0.9907
vn 0.0559 0.1024 -0.9932
vn -0.3103 -0.0223 -0.9504
vn -0.4793 -0.0847 -0.8735
vn -0.6300 -0.1440 -0.7632
vn -0.6393 -0.1102 -0.7610
vn -0.4759 -0.1073 -0.8730
vn 0.2392 -0.9651 -0.1066
vn 0.0970 -0.9949 -0.0259
vn 0.0562 -0.9935 -0.0989
vn 0.1972 -0.9640 -0.1783
vn 0.3296 -0.9082 -0.2581
vn 0.3734 -0.9086 -0.1869
vn 0.4522 -0.8254 -0.3379
vn 0.4979 -0.8252 -0.2667
vn 0.5624 -0.7145 -0.4162
vn 0.6108 -0.7131 -0.3442
vn 0.6561 -0.5736 -0.4904
vn 0.7072 -0.5707 -0.4174
vn 0.7269 -0.4024 -0.5564
vn 0.7807 -0.3975 -0.4821
vn 0.5371 -0.5654 -0.6260
vn 0.4516 -0.7007 -0.5524
vn 0.3492 -0.8077 -0.4752
vn 0.2336 -0.8875 -0.3971
vn 0.1073 -0.9412 -0.3203
vn -0.0278 -0.9692 -0.2449
vn -0.1711 -0.9701 -0.1721
vn -0.0925 -0.9955 -0.0206
vn -0.0526 -0.9972 0.0540
vn -0.2474 -0.9673 0.0555
vn -0.2084 -0.9690 0.1329
vn -0.4054 -0.9051 0.1280
vn -0.3675 -0.9063 0.2087
vn -0.5611 -0.8047 0.1940
vn -0.5241 -0.8050 0.2781
vn -0.4725 -0.8805 -0.0381
vn -0.3205 -0.9417 -0.1026
vn -0.3852 -0.8847 -0.2625
vn -0.2472 -0.9133 -0.3237
vn -0.1145 -0.9141 -0.3890
vn 0.0108 -0.8889 -0.4579
vn 0.1267 -0.8388 -0.5295
vn 0.2315 -0.7639 -0.6024
vn 0.3226 -0.6637 -0.6749
vn 0.0999 -0.6917 -0.7153
vn 0.0095 -0.7589 -0.6512
vn -0.0919 -0.8034 -0.5884
vn -0.2020 -0.8248 -0.5281
vn -0.3185 -0.8222 -0.4717
vn -0.4391 -0.7943 -0.4197
vn -0.3817 -0.6945 -0.6099
vn -0.2871 -0.6984 -0.6556
vn -0.1976 -0.6816 -0.7046
vn -0.1157 -0.6448 -0.7555
vn -0.5248 -0.8257 -0.2069
vn -0.2871 -0.6983 -0.6558
vn -0.3818 -0.6944 -0.6100
vn -0.4321 -0.5297 -0.7299
vn -0.3653 -0.5338 -0.7627
vn -0.5001 -0.5100 -0.6999
vn -0.4787 -0.6692 -0.5683
vn -0.3186 -0.8222 -0.4717
vn -0.4391 -0.7943 -0.4198
vn -0.5750 -0.6219 -0.5316
vn -0.5600 -0.7395 -0.3735
vn -0.3853 -0.8847 -0.2625
vn -0.6760 -0.6569 -0.3340
vn -0.6604 -0.7340 -0.1583
vn -0.4724 -0.8806 -0.0381
vn -0.6214 -0.7833 0.0196
vn -0.4055 -0.9051 0.1280
vn -0.5613 -0.8046 0.1940
vn -0.7585 -0.6482 0.0672
vn -0.7053 -0.6636 0.2492
vn -0.5245 -0.8049 0.2775
vn -0.6694 -0.6623 0.3364
vn -0.8258 -0.4845 0.2885
vn -0.7911 -0.4808 0.3782
vn -0.8935 -0.3304 0.3042
vn -0.8594 -0.3245 0.3952
vn -0.9109 -0.2764 0.3063
vn -0.8768 -0.2697 0.3981
vn -0.9526 -0.2817 0.1147
vn -0.9361 -0.3327 0.1141
vn -0.8724 -0.4783 0.1008
vn -0.8863 -0.4541 -0.0911
vn -0.7840 -0.6092 -0.1189
vn -0.7807 -0.5469 -0.3024
vn -0.7473 -0.4631 -0.4765
vn -0.6661 -0.5528 -0.5007
vn -0.6295 -0.4242 -0.6510
vn -0.5668 -0.4746 -0.6734
vn -0.5338 -0.3025 -0.7896
vn -0.4996 -0.3216 -0.8043
vn -0.4643 -0.3325 -0.8209
vn -0.5660 -0.2755 -0.7771
vn -0.5943 -0.2414 -0.7671
vn -0.6847 -0.3601 -0.6337
vn -0.7300 -0.2840 -0.6216
vn -0.8139 -0.3556 -0.4595
vn -0.8665 -0.4129 -0.2804
vn -0.9142 -0.2997 -0.2726
vn -0.9432 -0.3222 -0.0805
vn -0.9577 -0.2761 -0.0811
vn -0.9260 -0.2600 -0.2738
vn -0.8587 -0.2338 -0.4561
vn -0.8503 -0.2655 -0.4543
vn -0.7539 -0.2209 -0.6187
vn -0.6281 -0.1680 -0.7598
vn -0.6172 -0.2015 -0.7605
vn -0.6289 -0.1559 -0.7617
vn -0.7584 -0.1987 -0.6208
vn -0.3179 0.9474 -0.0379
vn -0.3542 0.9287 -0.1103
vn -0.4875 0.8726 -0.0319
vn -0.4524 0.8909 0.0417
vn -0.6124 0.7893 0.0434
vn -0.5783 0.8071 0.1191
vn -0.7266 0.6774 0.1147
vn -0.6931 0.6946 0.1928
vn -0.8252 0.5355 0.1797
vn -0.7922 0.5516 0.2610
vn -0.9014 0.3631 0.2359
vn -0.8687 0.3775 0.3206
vn -0.8717 0.4900 0.0112
vn -0.7775 0.6272 -0.0464
vn -0.6681 0.7358 -0.1108
vn -0.5481 0.8166 -0.1807
vn -0.4204 0.8707 -0.2551
vn -0.2866 0.8983 -0.3330
vn -0.2141 0.9579 -0.1912
vn -0.1762 0.9771 -0.1193
vn -0.0679 0.9594 -0.2739
vn -0.0276 0.9790 -0.2018
vn 0.0832 0.9303 -0.3571
vn 0.1260 0.9504 -0.2844
vn 0.2365 0.8669 -0.4387
vn 0.2824 0.8871 -0.3651
vn 0.3868 0.7653 -0.5145
vn 0.4362 0.7851 -0.4397
vn 0.2771 0.7057 -0.6521
vn 0.1377 0.8051 -0.5769
vn -0.0056 0.8682 -0.4962
vn -0.1479 0.8982 -0.4139
vn -0.2260 0.8067 -0.5461
vn -0.3534 0.8086 -0.4704
vn -0.4766 0.7839 -0.3979
vn -0.5944 0.7334 -0.3301
vn -0.7048 0.6571 -0.2672
vn -0.8046 0.5551 -0.2109
vn -0.8897 0.4269 -0.1619
vn -0.8047 0.4604 -0.3748
vn -0.7189 0.5521 -0.4224
vn -0.6230 0.6205 -0.4763
vn -0.5198 0.6656 -0.5356
vn -0.4117 0.6866 -0.5993
vn -0.3006 0.6828 -0.6660
vn -0.1886 0.6528 -0.7337
vn -0.0968 0.7761 -0.6232
vn 0.0319 0.7146 -0.6988
vn -0.3677 0.5256 -0.7672
vn -0.4580 0.5304 -0.7134
vn -0.5461 0.5139 -0.6616
vn -0.6295 0.4769 -0.6134
vn -0.7063 0.4199 -0.5700
vn -0.6294 0.4769 -0.6135
vn -0.6095 0.3037 -0.7323
vn -0.6628 0.2621 -0.7014
vn -0.7091 0.2069 -0.6741
vn -0.7740 0.3436 -0.5319
vn -0.7189 0.5521 -0.4223
vn -0.8047 0.4604 -0.3747
vn -0.8290 0.2499 -0.5003
vn -0.8764 0.3464 -0.3346
vn -0.8047 0.5550 -0.2109
vn -0.8898 0.4267 -0.1619
vn -0.9292 0.2121 -0.3027
vn -0.9540 0.2736 -0.1221
vn -0.8717 0.4899 0.0112
vn -0.9441 0.3244 0.0593
vn -0.8252 0.5356 0.1796
vn -0.9864 0.1341 0.0952
vn -0.9463 0.1635 0.2789
vn -0.8687 0.3776 0.3206
vn -0.9137 0.1760 0.3664
vn -0.9511 -0.0544 0.3040
vn -0.9181 -0.0449 0.3939
vn -0.9251 -0.2214 0.3084
vn -0.8915 -0.2141 0.3992
vn -0.9109 -0.2764 0.3064
vn -0.9526 -0.2817 0.1148
vn -0.9661 -0.2298 0.1177
vn -0.9907 -0.0723 0.1154
vn -0.9931 -0.0874 -0.0780
vn -0.9906 0.0998 -0.0936
vn -0.9579 0.0614 -0.2805
vn -0.8882 0.0202 -0.4591
vn -0.8682 0.1410 -0.4758
vn -0.7711 0.0623 -0.6337
vn -0.7457 0.1398 -0.6514
vn -0.6281 0.0203 -0.7779
vn -0.6098 0.0557 -0.7906
vn -0.5866 0.0847 -0.8054
vn -0.6405 -0.0205 -0.7677
vn -0.6457 -0.0649 -0.7609
vn -0.7830 -0.0226 -0.6216
vn -0.7802 -0.1111 -0.6156
vn -0.8863 -0.1072 -0.4506
vn -0.9580 -0.0989 -0.2691
vn -0.9374 -0.2203 -0.2697
vn -0.9702 -0.2296 -0.0772
vn -0.9577 -0.2761 -0.0810
vn -0.8687 -0.2028 -0.4520
vn -0.7665 -0.1774 -0.6173
vn -0.6348 -0.1455 -0.7588
vn -0.6436 -0.1111 -0.7573
vn -0.7583 -0.1986 -0.6209
vn 0.2687 -0.9562 -0.1165
vn 0.1070 -0.9895 -0.0974
vn 0.0960 -0.9790 -0.1796
vn 0.2560 -0.9462 -0.1981
vn 0.4081 -0.8867 -0.2171
vn 0.4226 -0.8961 -0.1352
vn 0.5509 -0.8003 -0.2367
vn 0.5671 -0.8091 -0.1541
vn 0.6813 -0.6856 -0.2565
vn 0.6996 -0.6935 -0.1721
vn 0.7948 -0.5409 -0.2752
vn 0.8153 -0.5474 -0.1886
vn 0.8837 -0.3663 -0.2913
vn 0.9064 -0.3710 -0.2022
vn 0.8154 -0.3474 -0.4630
vn 0.7340 -0.5145 -0.4432
vn 0.6285 -0.6538 -0.4214
vn 0.5056 -0.7648 -0.3994
vn 0.3700 -0.8484 -0.3785
vn 0.2247 -0.9057 -0.3594
vn 0.0714 -0.9367 -0.3427
vn -0.0886 -0.9405 -0.3282
vn -0.0711 -0.9842 -0.1622
vn -0.0616 -0.9950 -0.0788
vn -0.2434 -0.9589 -0.1457
vn -0.2357 -0.9700 -0.0600
vn -0.4176 -0.8993 -0.1298
vn -0.4119 -0.9103 -0.0415
vn -0.4188 -0.8553 -0.3051
vn -0.2532 -0.9144 -0.3158
vn -0.2549 -0.8389 -0.4809
vn -0.1038 -0.8655 -0.4900
vn 0.0436 -0.8640 -0.5017
vn 0.1853 -0.8360 -0.5165
vn 0.3191 -0.7825 -0.5346
vn 0.4427 -0.7040 -0.5553
vn 0.5535 -0.6000 -0.5776
vn 0.6470 -0.4702 -0.6003
vn 0.3615 -0.6160 -0.6999
vn 0.2543 -0.6864 -0.6813
vn 0.1373 -0.7339 -0.6652
vn 0.0130 -0.7578 -0.6523
vn -0.1163 -0.7572 -0.6428
vn -0.2477 -0.7308 -0.6361
vn -0.4056 -0.7814 -0.4742
vn -0.4056 -0.7813 -0.4743
vn -0.3775 -0.6772 -0.6316
vn -0.2477 -0.7308 -0.6360
vn -0.5008 -0.5951 -0.6285
vn -0.5502 -0.6908 -0.4691
vn -0.4188 -0.8553 -0.3052
vn -0.5791 -0.7597 -0.2959
vn -0.4175 -0.8993 -0.1298
vn -0.5874 -0.8011 -0.1151
vn -0.4120 -0.9102 -0.0422
vn -0.5839 -0.8115 -0.0240
vn -0.7427 -0.6619 -0.1015
vn -0.7414 -0.6710 -0.0076
vn -0.8705 -0.4839 -0.0897
vn -0.8712 -0.4908 0.0061
vn -0.9403 -0.3302 -0.0829
vn -0.9421 -0.3350 0.0143
vn -0.9576 -0.2761 -0.0819
vn -0.9598 -0.2802 0.0163
vn -0.9258 -0.2599 -0.2746
vn -0.9098 -0.3110 -0.2747
vn -0.8447 -0.4565 -0.2796
vn -0.7250 -0.6259 -0.2874
vn -0.6806 -0.5666 -0.4644
vn -0.6103 -0.4857 -0.6259
vn -0.5158 -0.3852 -0.7652
vn -0.4306 -0.4745 -0.7677
vn -0.3338 -0.5432 -0.7704
vn -0.5847 -0.2778 -0.7622
vn -0.6993 -0.3517 -0.6223
vn -0.7870 -0.4119 -0.4593
vn -0.8447 -0.2802 -0.4561
vn -0.8584 -0.2337 -0.4567
vn -0.7580 -0.1985 -0.6213
vn -0.7473 -0.2385 -0.6203
vn -0.6211 -0.1876 -0.7610
vn -0.6285 -0.1557 -0.7621
vn 0.8839 -0.3660 -0.2912
vn 0.8155 -0.3472 -0.4629
vn 0.8645 -0.1559 -0.4779
vn 0.9387 -0.1648 -0.3029
vn 0.9064 -0.3708 -0.2021
vn 0.9630 -0.1670 -0.2117
vn 0.9499 0.0545 -0.3077
vn 0.9751 0.0551 -0.2150
vn 0.9258 0.2216 -0.3063
vn 0.9510 0.2245 -0.2128
vn 0.9112 0.2764 -0.3055
vn 0.9364 0.2804 -0.2111
vn 0.8346 0.2606 -0.4853
vn 0.8490 0.2090 -0.4853
vn 0.8729 0.0513 -0.4853
vn -0.2885 0.9563 -0.0478
vn -0.2954 0.9465 -0.1300
vn -0.4477 0.8870 -0.1126
vn -0.4423 0.8963 -0.0299
vn -0.5910 0.8007 -0.0982
vn -0.5873 0.8092 -0.0138
vn -0.7226 0.6858 -0.0865
vn -0.7204 0.6936 -0.0001
vn -0.8372 0.5413 -0.0781
vn -0.8367 0.5476 0.0108
vn -0.8180 0.5152 -0.2560
vn -0.7101 0.6545 -0.2596
vn -0.5856 0.7654 -0.2669
vn -0.4489 0.8491 -0.2785
vn -0.3032 0.9063 -0.2945
vn -0.1502 0.9374 -0.3143
vn -0.1356 0.9793 -0.1501
vn -0.1269 0.9896 -0.0677
vn 0.0309 0.9845 -0.1726
vn 0.0415 0.9951 -0.0893
vn 0.2022 0.9593 -0.1973
vn 0.2150 0.9701 -0.1123
vn 0.3752 0.8996 -0.2233
vn 0.3906 0.9104 -0.1362
vn 0.5435 0.8015 -0.2494
vn 0.5617 0.8117 -0.1598
vn 0.4927 0.7603 -0.4232
vn 0.3348 0.8559 -0.3941
vn 0.1713 0.9151 -0.3651
vn 0.0086 0.9411 -0.3381
vn -0.0148 0.8665 -0.4989
vn -0.1611 0.8649 -0.4755
vn -0.3021 0.8368 -0.4565
vn -0.4362 0.7835 -0.4426
vn -0.5615 0.7049 -0.4334
vn -0.6744 0.6008 -0.4292
vn -0.7706 0.4710 -0.4293
vn -0.6939 0.4089 -0.5927
vn -0.6133 0.5240 -0.5910
vn -0.5167 0.6172 -0.5934
vn -0.4082 0.6876 -0.6005
vn -0.2907 0.7351 -0.6125
vn -0.1669 0.7589 -0.6294
vn -0.0390 0.7584 -0.6506
vn 0.0903 0.7320 -0.6753
vn 0.1340 0.8398 -0.5260
vn 0.2820 0.7823 -0.5554
vn 0.4237 0.6918 -0.5848
vn -0.1669 0.6172 -0.7689
vn -0.2675 0.5985 -0.7552
vn -0.3624 0.5594 -0.7455
vn -0.4496 0.5007 -0.7397
vn -0.5258 0.4234 -0.7377
vn -0.8180 0.5151 -0.2559
vn -0.7705 0.4712 -0.4293
vn -0.8438 0.3170 -0.4330
vn -0.9018 0.3480 -0.2562
vn -0.8373 0.5411 -0.0780
vn -0.9276 0.3665 -0.0731
vn -0.9284 0.3710 0.0185
vn -0.9836 0.1652 -0.0718
vn -0.9856 0.1673 0.0225
vn -0.9958 -0.0539 -0.0743
vn -0.9983 -0.0549 0.0219
vn -0.9720 -0.2211 -0.0790
vn -0.9743 -0.2245 0.0184
vn -0.9576 -0.2761 -0.0818
vn -0.9598 -0.2802 0.0164
vn -0.9398 -0.2082 -0.2710
vn -0.9629 -0.0506 -0.2650
vn -0.9530 0.1565 -0.2594
vn -0.8871 0.1423 -0.4391
vn -0.7875 0.1225 -0.6040
vn -0.7539 0.2736 -0.5973
vn -0.6939 0.4089 -0.5926
vn -0.6327 0.2190 -0.7428
vn -0.5881 0.3288 -0.7390
vn -0.6565 0.0979 -0.7479
vn -0.6570 -0.0296 -0.7533
vn -0.7907 -0.0381 -0.6110
vn -0.8938 -0.0453 -0.4461
vn -0.8718 -0.1873 -0.4527
vn -0.7704 -0.1592 -0.6174
vn -0.6394 -0.1251 -0.7586
vn -0.6284 -0.1557 -0.7621
vn -0.2295 0.4280 -0.8742
vn -0.1438 0.2327 -0.9619
vn -0.1814 0.2261 -0.9571
vn 0.5436 0.8014 -0.2494
vn 0.6977 0.6622 -0.2732
vn 0.6366 0.6265 -0.4497
vn 0.4928 0.7603 -0.4232
vn 0.5618 0.8116 -0.1605
vn 0.7188 0.6711 -0.1816
vn 0.8247 0.4842 -0.2923
vn 0.8481 0.4910 -0.1993
vn 0.8940 0.3304 -0.3025
vn 0.9187 0.3352 -0.2086
vn 0.9112 0.2764 -0.3056
vn 0.9365 0.2804 -0.2106
vn 0.8345 0.2606 -0.4854
vn 0.8191 0.3118 -0.4815
vn 0.7546 0.4572 -0.4707
vn 0.2997 -0.9472 -0.1138
vn 0.1425 -0.9769 -0.1592
vn 0.1626 -0.9575 -0.2381
vn 0.3179 -0.9283 -0.1928
vn 0.4658 -0.8724 -0.1479
vn 0.4493 -0.8908 -0.0681
vn 0.6052 -0.7892 -0.1042
vn 0.5898 -0.8072 -0.0229
vn 0.7329 -0.6775 -0.0619
vn 0.7190 -0.6947 0.0223
vn 0.8442 -0.5357 -0.0216
vn 0.8314 -0.5519 0.0650
vn 0.9315 -0.3634 0.0152
vn 0.9198 -0.3781 0.1051
vn 0.8495 -0.4897 -0.1964
vn 0.7443 -0.6269 -0.2302
vn 0.6227 -0.7354 -0.2672
vn 0.4896 -0.8162 -0.3069
vn 0.3479 -0.8702 -0.3488
vn 0.1996 -0.8976 -0.3931
vn 0.0454 -0.8974 -0.4388
vn 0.0008 -0.9589 -0.2838
vn -0.0210 -0.9786 -0.2045
vn -0.1655 -0.9297 -0.3291
vn -0.1898 -0.9499 -0.2484
vn -0.3337 -0.8662 -0.3719
vn -0.3610 -0.8866 -0.2894
vn -0.2706 -0.8040 -0.5294
vn -0.1124 -0.8673 -0.4849
vn -0.0536 -0.7749 -0.6298
vn 0.0904 -0.8055 -0.5856
vn 0.2317 -0.8077 -0.5421
vn 0.3687 -0.7831 -0.5008
vn 0.4993 -0.7326 -0.4626
vn 0.6213 -0.6565 -0.4277
vn 0.7318 -0.5544 -0.3964
vn 0.8261 -0.4262 -0.3687
vn 0.7723 -0.3456 -0.5331
vn 0.6931 -0.4596 -0.5554
vn 0.5984 -0.5512 -0.5814
vn 0.4924 -0.6196 -0.6112
vn 0.3782 -0.6644 -0.6446
vn 0.2580 -0.6854 -0.6809
vn 0.1343 -0.6815 -0.7194
vn 0.0096 -0.6515 -0.7586
vn -0.1966 -0.7133 -0.6727
vn -0.2706 -0.8041 -0.5294
vn -0.4237 -0.7046 -0.5692
vn -0.3336 -0.6190 -0.7110
vn -0.1966 -0.7134 -0.6726
vn -0.4978 -0.7644 -0.4097
vn -0.3607 -0.8864 -0.2901
vn -0.5280 -0.7844 -0.3254
vn -0.6481 -0.6223 -0.4390
vn -0.6815 -0.6411 -0.3529
vn -0.7726 -0.4423 -0.4554
vn -0.8087 -0.4590 -0.3678
vn -0.8411 -0.2878 -0.4578
vn -0.8787 -0.3027 -0.3692
vn -0.8581 -0.2336 -0.4572
vn -0.8962 -0.2479 -0.3678
vn -0.7575 -0.1984 -0.6219
vn -0.7422 -0.2499 -0.6218
vn -0.6788 -0.3961 -0.6183
vn -0.5635 -0.5675 -0.6003
vn -0.4574 -0.4917 -0.7410
vn -0.5593 -0.3349 -0.7583
vn -0.6151 -0.2022 -0.7620
vn -0.6280 -0.1556 -0.7625
vn 0.8260 -0.4264 -0.3687
vn 0.8980 -0.2733 -0.3449
vn 0.9312 -0.3242 -0.1664
vn 0.8442 -0.5356 -0.0218
vn 0.9316 -0.3632 0.0152
vn 0.9809 -0.1341 -0.1412
vn 0.9854 -0.1638 0.0467
vn 0.9199 -0.3778 0.1051
vn 0.9744 -0.1763 0.1395
vn 0.9961 0.0542 0.0703
vn 0.9852 0.0444 0.1654
vn 0.9719 0.2210 0.0810
vn 0.9607 0.2135 0.1774
vn 0.9576 0.2760 0.0824
vn 0.9462 0.2692 0.1796
vn 0.9528 0.2817 -0.1133
vn 0.9666 0.2299 -0.1137
vn 0.9899 0.0723 -0.1222
vn 0.9464 0.0876 -0.3107
vn 0.9403 -0.0994 -0.3255
vn 0.8642 -0.0606 -0.4995
vn 0.8310 -0.2113 -0.5146
vn 0.7722 -0.3456 -0.5332
vn 0.8671 0.0998 -0.4881
vn 0.8469 0.2211 -0.4836
vn 0.9244 0.2298 -0.3045
vn 0.9114 0.2765 -0.3049
vn 0.8349 0.2607 -0.4847
vn -0.2575 0.9652 -0.0451
vn -0.2336 0.9643 -0.1247
vn -0.3811 0.9085 -0.1711
vn -0.4067 0.9089 -0.0916
vn -0.5191 0.8260 -0.2198
vn -0.5464 0.8258 -0.1398
vn -0.6448 0.7151 -0.2699
vn -0.6746 0.7137 -0.1886
vn -0.7534 0.5743 -0.3201
vn -0.7857 0.5713 -0.2370
vn -0.8379 0.4033 -0.3678
vn -0.8726 0.3982 -0.2829
vn -0.7464 0.4031 -0.5295
vn -0.6698 0.5664 -0.4801
vn -0.5693 0.7016 -0.4285
vn -0.4516 0.8084 -0.3775
vn -0.3208 0.8882 -0.3289
vn -0.1800 0.9418 -0.2839
vn -0.0306 0.9696 -0.2427
vn -0.0778 0.9937 -0.0809
vn -0.1002 0.9950 -0.0005
vn 0.0851 0.9956 -0.0402
vn 0.0642 0.9970 0.0421
vn 0.2537 0.9673 -0.0027
vn 0.2342 0.9688 0.0817
vn 0.4244 0.9050 0.0301
vn 0.4066 0.9060 0.1174
vn 0.4502 0.8807 -0.1472
vn 0.2871 0.9419 -0.1740
vn 0.1257 0.9704 -0.2060
vn 0.1639 0.9140 -0.3712
vn 0.0192 0.9148 -0.4035
vn -0.1187 0.8897 -0.4408
vn -0.2481 0.8397 -0.4830
vn -0.3674 0.7649 -0.5292
vn -0.4731 0.6648 -0.5781
vn -0.5616 0.5392 -0.6276
vn -0.6272 0.3888 -0.6748
vn -0.4296 0.4918 -0.7573
vn -0.3561 0.6034 -0.7136
vn -0.2662 0.6929 -0.6701
vn -0.1631 0.7601 -0.6290
vn -0.0499 0.8045 -0.5918
vn 0.0713 0.8259 -0.5594
vn 0.1981 0.8233 -0.5320
vn 0.3275 0.7953 -0.5102
vn 0.3123 0.8853 -0.3447
vn 0.4612 0.8261 -0.3237
vn 0.4558 0.7404 -0.4940
vn 0.1239 0.6996 -0.7037
vn 0.0254 0.6829 -0.7301
vn -0.7465 0.4031 -0.5294
vn -0.6273 0.3887 -0.6749
vn -0.6639 0.2173 -0.7156
vn -0.7914 0.2149 -0.5723
vn -0.8379 0.4032 -0.3678
vn -0.8891 0.2049 -0.4093
vn -0.8726 0.3982 -0.2828
vn -0.9258 0.1972 -0.3226
vn -0.8979 -0.0122 -0.4400
vn -0.9357 -0.0232 -0.3521
vn -0.8729 -0.1788 -0.4539
vn -0.9108 -0.1923 -0.3653
vn -0.7575 -0.1984 -0.6220
vn -0.7722 -0.1469 -0.6181
vn -0.7971 0.0099 -0.6038
vn -0.6661 0.0318 -0.7452
vn -0.6421 -0.1095 -0.7588
vn -0.6279 -0.1556 -0.7625
vn 0.4502 0.8807 -0.1473
vn 0.6085 0.7834 -0.1267
vn 0.6043 0.7344 -0.3089
vn 0.4611 0.8262 -0.3238
vn 0.5779 0.6576 -0.4833
vn 0.4559 0.7403 -0.4941
vn 0.6871 0.5476 -0.4775
vn 0.7339 0.6095 -0.2998
vn 0.7530 0.6483 -0.1130
vn 0.5914 0.8043 0.0572
vn 0.4245 0.9049 0.0300
vn 0.4068 0.9060 0.1168
vn 0.5753 0.8045 0.1475
vn 0.7444 0.6633 0.0764
vn 0.7302 0.6619 0.1696
vn 0.8707 0.4842 0.0858
vn 0.8582 0.4803 0.1810
vn 0.9401 0.3301 0.0849
vn 0.9285 0.3241 0.1813
vn 0.9461 0.2692 0.1799
vn 0.9366 0.3327 -0.1100
vn 0.8716 0.4782 -0.1075
vn 0.8396 0.4545 -0.2975
vn 0.7758 0.4134 -0.4767
vn 0.8238 0.3003 -0.4808
vn 0.8973 0.3227 -0.3011
vn 0.8349 0.2606 -0.4848
vn 0.3274 -0.9397 -0.0990
vn 0.1983 -0.9591 -0.2020
vn 0.2458 -0.9323 -0.2653
vn 0.3733 -0.9133 -0.1632
vn 0.4939 -0.8674 -0.0614
vn 0.4492 -0.8934 0.0040
vn 0.6066 -0.7940 0.0391
vn 0.5626 -0.8198 0.1069
vn 0.7091 -0.6916 0.1375
vn 0.6653 -0.7171 0.2077
vn 0.7966 -0.5585 0.2312
vn 0.7529 -0.5833 0.3047
vn 0.8629 -0.3942 0.3162
vn 0.8190 -0.4178 0.3933
vn 0.8656 -0.4948 0.0767
vn 0.7814 -0.6240 -0.0082
vn 0.6827 -0.7240 -0.0988
vn 0.5741 -0.7956 -0.1933
vn 0.4583 -0.8402 -0.2899
vn 0.3369 -0.8577 -0.3883
vn 0.2104 -0.8476 -0.4871
vn 0.1123 -0.9234 -0.3670
vn 0.0630 -0.9506 -0.3040
vn -0.0258 -0.8841 -0.4667
vn -0.0780 -0.9117 -0.4034
vn -0.1668 -0.8108 -0.5610
vn -0.2225 -0.8387 -0.4971
vn -0.3061 -0.7002 -0.6450
vn -0.3653 -0.7278 -0.5803
vn -0.1790 -0.6265 -0.7586
vn -0.0505 -0.7348 -0.6764
vn 0.0805 -0.8075 -0.5843
vn 0.1879 -0.7026 -0.6864
vn 0.3055 -0.7425 -0.5961
vn 0.4210 -0.7539 -0.5043
vn 0.5330 -0.7384 -0.4131
vn 0.6400 -0.6966 -0.3243
vn 0.7400 -0.6287 -0.2391
vn 0.8303 -0.5343 -0.1583
vn 0.9068 -0.4130 -0.0842
vn 0.8523 -0.4221 -0.3090
vn 0.7745 -0.5072 -0.3780
vn 0.6877 -0.5684 -0.4517
vn 0.5939 -0.6057 -0.5295
vn 0.4957 -0.6187 -0.6095
vn 0.3949 -0.6066 -0.6900
vn 0.7118 -0.4104 -0.5701
vn 0.6360 -0.4413 -0.6331
vn 0.7815 -0.3591 -0.5102
vn 0.8426 -0.2883 -0.4549
vn 0.0704 -0.6321 -0.7717
vn -0.3650 -0.7276 -0.5808
vn -0.4988 -0.5773 -0.6464
vn -0.4363 -0.5507 -0.7116
vn -0.3063 -0.7001 -0.6450
vn -0.5471 -0.3659 -0.7529
vn -0.6128 -0.3905 -0.6870
vn -0.6110 -0.2098 -0.7633
vn -0.6784 -0.2327 -0.6969
vn -0.6274 -0.1554 -0.7630
vn -0.6956 -0.1777 -0.6961
vn 0.8522 -0.4221 -0.3091
vn 0.8425 -0.2883 -0.4550
vn 0.8920 -0.1991 -0.4059
vn 0.9168 -0.3139 -0.2469
vn 0.8304 -0.5342 -0.1583
vn 0.9069 -0.4130 -0.0840
vn 0.9637 -0.1842 -0.1933
vn 0.9638 -0.2659 -0.0190
vn 0.8656 -0.4949 0.0766
vn 0.9293 -0.3363 0.1525
vn 0.7966 -0.5586 0.2310
vn 0.8630 -0.3940 0.3162
vn 0.9648 -0.1515 0.2150
vn 0.9000 -0.2008 0.3869
vn 0.8191 -0.4176 0.3933
vn 0.8557 -0.2227 0.4671
vn 0.8996 0.0128 0.4365
vn 0.8546 -0.0064 0.5192
vn 0.8720 0.1784 0.4559
vn 0.8260 0.1613 0.5401
vn 0.8578 0.2335 0.4580
vn 0.8114 0.2169 0.5427
vn 0.9254 0.2597 0.2758
vn 0.9388 0.2077 0.2749
vn 0.9647 0.0512 0.2584
vn 0.9937 0.0878 0.0701
vn 0.9948 -0.0964 0.0336
vn 0.9879 -0.0372 -0.1508
vn 0.9432 0.0243 -0.3315
vn 0.9266 -0.0935 -0.3642
vn 0.8517 0.0027 -0.5241
vn 0.8297 -0.0721 -0.5536
vn 0.8611 0.0856 -0.5011
vn 0.8568 0.1732 -0.4857
vn 0.9391 0.1500 -0.3091
vn 0.9852 0.1211 -0.1215
vn 0.9639 0.2418 -0.1115
vn 0.9698 0.2290 0.0833
vn 0.9576 0.2760 0.0830
vn 0.9529 0.2817 -0.1129
vn 0.9116 0.2765 -0.3043
vn 0.9211 0.2453 -0.3024
vn 0.8429 0.2393 -0.4820
vn 0.8352 0.2607 -0.4842
vn 0.2158 -0.9727 -0.0857
vn 0.1142 -0.9925 0.0445
vn 0.1505 -0.9792 -0.1363
vn 0.3092 -0.9263 -0.2152
vn 0.3927 -0.8531 -0.3434
vn 0.3940 -0.7599 -0.5170
vn 0.4652 -0.7511 -0.4684
vn 0.5234 -0.6182 -0.5865
vn 0.2406 -0.7603 -0.6033
vn 0.0142 -0.9715 -0.2368
vn -0.1123 -0.9469 0.3012
vn -0.2996 -0.8826 0.3623
vn -0.4234 -0.7744 0.4702
vn -0.3580 -0.7658 0.5343
vn -0.5441 -0.7719 0.3289
vn -0.4234 -0.8760 0.2311
vn -0.3178 -0.9415 -0.1120
vn -0.1281 -0.9339 -0.3339
vn 0.0196 -0.8270 -0.5618
vn -0.1464 -0.7667 -0.6251
vn -0.2047 -0.8257 -0.5257
vn -0.3536 -0.8763 -0.3271
vn -0.5355 -0.8323 -0.1428
vn -0.3630 -0.7230 -0.5877
vn -0.4195 -0.7532 -0.5067
vn -0.3586 -0.7657 0.5339
vn -0.4235 -0.7742 0.4705
vn -0.6454 -0.4438 0.6217
vn -0.5804 -0.4305 0.6912
vn -0.7076 -0.2885 0.6450
vn -0.6428 -0.2732 0.7157
vn -0.4194 -0.7532 -0.5067
vn -0.5554 -0.6044 -0.5712
vn -0.5154 -0.5825 -0.6286
vn -0.3631 -0.7230 -0.5877
vn -0.5213 0.8194 0.2383
vn -0.5970 0.7166 0.3607
vn -0.7192 0.5580 0.4140
vn -0.6593 0.5826 0.4752
vn -0.7635 0.3933 0.5122
vn -0.7025 0.4167 0.5769
vn -0.8667 0.3358 0.3687
vn -0.8228 0.4946 0.2801
vn -0.7609 0.6240 0.1779
vn -0.6034 0.7958 -0.0503
vn -0.4191 0.8583 -0.2961
vn -0.3014 0.9327 -0.1979
vn -0.6155 0.7389 -0.2741
vn -0.6984 0.6970 -0.1625
vn -0.8440 0.5345 0.0438
vn -0.9011 0.4224 -0.0978
vn -0.7748 0.5691 -0.2754
vn -0.7113 0.6280 -0.3157
vn -0.8092 0.4123 -0.4185
vn -0.7026 0.4167 0.5768
vn -0.7635 0.3932 0.5124
vn -0.7208 0.2216 0.6568
vn -0.7707 -0.0140 0.6371
vn -0.7393 -0.1795 0.6490
vn -0.6751 -0.1623 0.7197
vn -0.7250 -0.2345 0.6476
vn -0.8470 -0.2086 0.4889
vn -0.8761 -0.0522 0.4793
vn 0.0563 -0.9935 -0.0989
vn 0.1971 -0.9640 -0.1783
vn 0.3295 -0.9082 -0.2581
vn 0.4980 -0.8252 -0.2667
vn 0.6106 -0.7132 -0.3442
vn 0.7071 -0.5707 -0.4174
vn 0.3491 -0.8077 -0.4752
vn 0.2336 -0.8875 -0.3972
vn 0.1075 -0.9413 -0.3200
vn -0.0279 -0.9692 -0.2448
vn -0.0526 -0.9972 0.0541
vn -0.2084 -0.9690 0.1328
vn -0.3675 -0.9063 0.2086
vn -0.5612 -0.8046 0.1940
vn -0.5243 -0.8049 0.2780
vn -0.2472 -0.9133 -0.3238
vn 0.1267 -0.8388 -0.5296
vn 0.2314 -0.7639 -0.6024
vn 0.3226 -0.6637 -0.6748
vn 0.0999 -0.6916 -0.7153
vn 0.0095 -0.7588 -0.6512
vn -0.0919 -0.8033 -0.5884
vn -0.3818 -0.6945 -0.6099
vn -0.2872 -0.6984 -0.6556
vn -0.1977 -0.6815 -0.7046
vn -0.1156 -0.6447 -0.7556
vn -0.5249 -0.8257 -0.2068
vn -0.2871 -0.6982 -0.6558
vn -0.3818 -0.6944 -0.6099
vn -0.4322 -0.5298 -0.7298
vn -0.3652 -0.5338 -0.7627
vn -0.5003 -0.5100 -0.6997
vn -0.4787 -0.6692 -0.5684
vn -0.3186 -0.8222 -0.4716
vn -0.5750 -0.6218 -0.5317
vn -0.6760 -0.6569 -0.3339
vn -0.4724 -0.8805 -0.0381
vn -0.4056 -0.9051 0.1280
vn -0.7584 -0.6483 0.0672
vn -0.7053 -0.6637 0.2491
vn -0.5244 -0.8050 0.2774
vn -0.6694 -0.6624 0.3364
vn -0.7911 -0.4807 0.3782
vn -0.8934 -0.3304 0.3045
vn -0.8594 -0.3246 0.3951
vn -0.8767 -0.2697 0.3982
vn -0.9361 -0.3327 0.1140
vn -0.8862 -0.4542 -0.0912
vn -0.7840 -0.6093 -0.1189
vn -0.7807 -0.5469 -0.3023
vn -0.6292 -0.4243 -0.6512
vn -0.5667 -0.4746 -0.6735
vn -0.5337 -0.3026 -0.7897
vn -0.4997 -0.3218 -0.8042
vn -0.4649 -0.3326 -0.8205
vn -0.5657 -0.2757 -0.7771
vn -0.5939 -0.2418 -0.7674
vn -0.6849 -0.3598 -0.6337
vn -0.7298 -0.2844 -0.6218
vn -0.8139 -0.3555 -0.4595
vn -0.9142 -0.2998 -0.2726
vn -0.8504 -0.2655 -0.4543
vn -0.7536 -0.2214 -0.6189
vn -0.6281 -0.1679 -0.7598
vn -0.6171 -0.2015 -0.7606
vn -0.6287 -0.1558 -0.7618
vn -0.4751 -0.1071 -0.8734
vn -0.3095 -0.0559 -0.9493
vn -0.2511 -0.0384 -0.9672
vn -0.4752 -0.1071 -0.8733
vn -0.4752 -0.1069 -0.8734
vn -0.3092 -0.0553 -0.9494
vn -0.3084 -0.0544 -0.9497
vn -0.4752 -0.1072 -0.8733
vn -0.3074 -0.0538 -0.9500
vn -0.4753 -0.1068 -0.8733
vn -0.3067 -0.0531 -0.9503
vn -0.4752 -0.1074 -0.8733
vn -0.3061 -0.0526 -0.9505
vn -0.4752 -0.1082 -0.8732
vn -0.3058 -0.0516 -0.9507
vn -0.4750 -0.1073 -0.8734
vn -0.3066 -0.0482 -0.9506
vn -0.4767 -0.1067 -0.8726
vn -0.3058 -0.0499 -0.9508
vn -0.2226 -0.2985 -0.9281
vn -0.3936 -0.3390 -0.8545
vn -0.5374 -0.3970 -0.7440
vn -0.6315 -0.1518 -0.7604
vn -0.6321 -0.1501 -0.7602
vn -0.4828 -0.0902 -0.8711
vn -0.6314 -0.1536 -0.7601
vn -0.4805 -0.1016 -0.8711
vn -0.6317 -0.1543 -0.7597
vn -0.4807 -0.1034 -0.8708
vn -0.6321 -0.1547 -0.7593
vn -0.4815 -0.1050 -0.8702
vn -0.6327 -0.1553 -0.7587
vn -0.4830 -0.1062 -0.8692
vn -0.6335 -0.1559 -0.7579
vn -0.4849 -0.1072 -0.8680
vn -0.6341 -0.1566 -0.7572
vn -0.4865 -0.1089 -0.8669
vn -0.6343 -0.1574 -0.7569
vn -0.4871 -0.1106 -0.8663
vn -0.5872 -0.1425 -0.7968
vn -0.4874 -0.1109 -0.8661
vn -0.2578 -0.7801 -0.5700
vn -0.1632 -0.7266 -0.6674
vn -0.0240 -0.7069 -0.7069
vn -0.0485 -0.2341 -0.9710
vn -0.1208 0.0013 -0.9927
vn 0.1373 -0.1920 -0.9718
vn 0.0668 0.0598 -0.9960
vn 0.0659 0.0616 -0.9959
vn -0.1190 -0.0009 -0.9929
vn 0.0665 0.0586 -0.9961
vn -0.1191 0.0008 -0.9929
vn 0.0662 0.0575 -0.9962
vn -0.1192 0.0012 -0.9929
vn 0.0656 0.0569 -0.9962
vn -0.1191 0.0006 -0.9929
vn 0.0648 0.0563 -0.9963
vn 0.0638 0.0555 -0.9964
vn -0.1191 0.0007 -0.9929
vn 0.0628 0.0548 -0.9965
vn -0.1192 0.0010 -0.9929
vn 0.0624 0.0542 -0.9966
vn -0.1191 0.0011 -0.9929
vn 0.1233 0.0715 -0.9898
vn -0.1191 0.0010 -0.9929
vn 0.2416 0.1056 -0.9646
vn 0.2415 0.1050 -0.9647
vn 0.2425 0.1070 -0.9642
vn 0.2445 0.1087 -0.9635
vn 0.2465 0.1101 -0.9629
vn 0.2482 0.1112 -0.9623
vn 0.2493 0.1124 -0.9619
vn 0.2498 0.1137 -0.9616
vn 0.2466 0.1252 -0.9610
vn 0.2537 0.1087 -0.9612
vn 0.3144 -0.1293 -0.9404
vn 0.4871 -0.0936 -0.8683
vn 0.4287 0.1616 -0.8889
vn 0.4277 0.1637 -0.8890
vn 0.2552 0.1080 -0.9608
vn 0.4283 0.1604 -0.8893
vn 0.2553 0.1080 -0.9608
vn 0.4282 0.1591 -0.8896
vn 0.2550 0.1088 -0.9608
vn 0.4277 0.1586 -0.8899
vn 0.2551 0.1089 -0.9608
vn 0.4269 0.1581 -0.8904
vn 0.2551 0.1086 -0.9608
vn 0.4260 0.1575 -0.8909
vn 0.4253 0.1567 -0.8914
vn 0.2550 0.1086 -0.9608
vn 0.4249 0.1560 -0.8917
vn 0.2551 0.1087 -0.9608
vn 0.4788 0.1704 -0.8612
vn 0.5794 0.1978 -0.7907
vn 0.5793 0.1972 -0.7909
vn 0.5801 0.1990 -0.7898
vn 0.5815 0.2007 -0.7884
vn 0.5833 0.2015 -0.7869
vn 0.5846 0.2030 -0.7855
vn 0.5854 0.2039 -0.7847
vn 0.5854 0.2061 -0.7841
vn 0.5824 0.2158 -0.7837
vn 0.5892 0.2003 -0.7828
vn 0.6398 -0.0406 -0.7675
vn 0.7735 -0.0185 -0.6336
vn 0.7249 0.2387 -0.6462
vn 0.7241 0.2408 -0.6463
vn 0.5897 0.2034 -0.7816
vn 0.7247 0.2379 -0.6466
vn 0.5906 0.1997 -0.7819
vn 0.7247 0.2366 -0.6471
vn 0.5904 0.1999 -0.7819
vn 0.7244 0.2362 -0.6477
vn 0.5904 0.2003 -0.7819
vn 0.7239 0.2358 -0.6484
vn 0.5904 0.2002 -0.7819
vn 0.7232 0.2354 -0.6493
vn 0.5904 0.2001 -0.7819
vn 0.7227 0.2349 -0.6500
vn 0.5904 0.2000 -0.7820
vn 0.7225 0.2340 -0.6505
vn 0.5903 0.2000 -0.7820
vn 0.7612 0.2433 -0.6012
vn 0.6238 -0.4990 -0.6016
vn 0.7162 -0.4985 -0.4884
vn 0.5033 -0.5545 -0.6628
vn 0.3759 -0.5667 -0.7332
vn 0.2433 -0.6277 -0.7395
vn 0.0995 -0.6466 -0.7563
vn -0.3542 0.9287 -0.1102
vn -0.4874 0.8726 -0.0319
vn -0.4524 0.8909 0.0416
vn -0.6124 0.7893 0.0435
vn -0.7265 0.6775 0.1147
vn -0.6931 0.6946 0.1927
vn -0.9014 0.3630 0.2359
vn -0.8688 0.3776 0.3205
vn -0.8717 0.4899 0.0111
vn -0.6681 0.7358 -0.1109
vn -0.5481 0.8167 -0.1807
vn -0.4205 0.8707 -0.2551
vn -0.0679 0.9594 -0.2738
vn -0.0276 0.9791 -0.2017
vn 0.0833 0.9303 -0.3571
vn 0.4363 0.7851 -0.4397
vn -0.2264 0.8066 -0.5461
vn -0.5944 0.7334 -0.3299
vn -0.8047 0.5550 -0.2108
vn -0.8898 0.4268 -0.1618
vn -0.8047 0.4605 -0.3748
vn -0.5198 0.6655 -0.5356
vn -0.4117 0.6865 -0.5993
vn -0.3006 0.6827 -0.6660
vn -0.1887 0.6529 -0.7336
vn -0.0968 0.7760 -0.6232
vn 0.0320 0.7146 -0.6988
vn -0.3678 0.5257 -0.7671
vn -0.5460 0.5140 -0.6616
vn -0.6295 0.4768 -0.6135
vn -0.7064 0.4197 -0.5699
vn -0.6295 0.4768 -0.6136
vn -0.6094 0.3037 -0.7324
vn -0.7063 0.4197 -0.5701
vn -0.7090 0.2071 -0.6741
vn -0.7739 0.3436 -0.5320
vn -0.7190 0.5520 -0.4222
vn -0.8047 0.4605 -0.3747
vn -0.8289 0.2499 -0.5004
vn -0.8898 0.4268 -0.1619
vn -0.9292 0.2121 -0.3028
vn -0.9540 0.2737 -0.1221
vn -0.9441 0.3243 0.0593
vn -0.8253 0.5354 0.1797
vn -0.9864 0.1340 0.0953
vn -0.9463 0.1635 0.2788
vn -0.8687 0.3776 0.3205
vn -0.9136 0.1759 0.3665
vn -0.9180 -0.0449 0.3940
vn -0.9251 -0.2215 0.3085
vn -0.8915 -0.2141 0.3993
vn -0.9527 -0.2817 0.1145
vn -0.9661 -0.2298 0.1178
vn -0.9907 -0.0722 0.1155
vn -0.9906 0.0998 -0.0935
vn -0.9579 0.0613 -0.2805
vn -0.8682 0.1409 -0.4758
vn -0.7710 0.0624 -0.6338
vn -0.7458 0.1399 -0.6513
vn -0.6281 0.0201 -0.7779
vn -0.6095 0.0559 -0.7908
vn -0.5857 0.0851 -0.8061
vn -0.6405 -0.0204 -0.7677
vn -0.6458 -0.0642 -0.7608
vn -0.7830 -0.0228 -0.6216
vn -0.7802 -0.1110 -0.6156
vn -0.8863 -0.1071 -0.4506
vn -0.9580 -0.0990 -0.2691
vn -0.9374 -0.2202 -0.2697
vn -0.9702 -0.2295 -0.0772
vn -0.9260 -0.2600 -0.2737
vn -0.8686 -0.2028 -0.4520
vn -0.7664 -0.1774 -0.6173
vn -0.6347 -0.1456 -0.7589
vn -0.6437 -0.1112 -0.7572
vn -0.6288 -0.1559 -0.7618
vn -0.3094 -0.0562 -0.9493
vn -0.4750 -0.1072 -0.8734
vn -0.3088 -0.0568 -0.9494
vn -0.3076 -0.0569 -0.9498
vn -0.3065 -0.0569 -0.9502
vn -0.4751 -0.1072 -0.8734
vn -0.3055 -0.0570 -0.9505
vn -0.4753 -0.1070 -0.8733
vn -0.3047 -0.0570 -0.9507
vn -0.4753 -0.1076 -0.8732
vn -0.3041 -0.0574 -0.9509
vn -0.4753 -0.1071 -0.8733
vn -0.3028 -0.0612 -0.9511
vn -0.4762 -0.1083 -0.8726
vn -0.3031 -0.0595 -0.9511
vn -0.3044 -0.0545 -0.9510
vn -0.4765 -0.1075 -0.8726
vn -0.6301 -0.1563 -0.7606
vn -0.6293 -0.1598 -0.7606
vn -0.6289 -0.1618 -0.7605
vn -0.4726 -0.1254 -0.8723
vn -0.6297 -0.1596 -0.7602
vn -0.4765 -0.1147 -0.8716
vn -0.6303 -0.1587 -0.7600
vn -0.4779 -0.1134 -0.8711
vn -0.4792 -0.1128 -0.8704
vn -0.6317 -0.1587 -0.7588
vn -0.4811 -0.1123 -0.8695
vn -0.6327 -0.1584 -0.7580
vn -0.4833 -0.1125 -0.8682
vn -0.4856 -0.1120 -0.8670
vn -0.4870 -0.1113 -0.8663
vn -0.5871 -0.1424 -0.7969
vn -0.1204 0.0001 -0.9927
vn -0.1172 -0.0170 -0.9930
vn -0.1209 -0.0073 -0.9926
vn -0.1223 -0.0054 -0.9925
vn -0.1240 -0.0044 -0.9923
vn -0.1260 -0.0047 -0.9920
vn -0.1284 -0.0048 -0.9917
vn -0.1310 -0.0043 -0.9914
vn -0.1326 -0.0035 -0.9912
vn -0.1331 -0.0032 -0.9911
vn -0.1206 0.0006 -0.9927
vn 0.0679 0.0556 -0.9961
vn 0.0691 0.0516 -0.9963
vn 0.0694 0.0497 -0.9964
vn -0.1195 0.0025 -0.9928
vn 0.0682 0.0523 -0.9963
vn -0.1193 0.0013 -0.9929
vn 0.0674 0.0530 -0.9963
vn 0.0667 0.0531 -0.9964
vn -0.1193 0.0012 -0.9929
vn 0.0657 0.0531 -0.9964
vn 0.0645 0.0534 -0.9965
vn -0.1193 0.0010 -0.9929
vn 0.0633 0.0539 -0.9965
vn -0.1192 0.0009 -0.9929
vn 0.0625 0.0538 -0.9966
vn -0.1191 0.0009 -0.9929
vn 0.2436 0.1038 -0.9643
vn 0.2420 0.1044 -0.9646
vn 0.1232 0.0714 -0.9898
vn 0.2414 0.1050 -0.9647
vn 0.2460 0.1035 -0.9637
vn 0.2485 0.1034 -0.9631
vn 0.2505 0.1034 -0.9626
vn 0.2522 0.1024 -0.9622
vn 0.2534 0.1019 -0.9620
vn 0.2565 0.0920 -0.9621
vn 0.2538 0.1082 -0.9612
vn 0.2538 0.1085 -0.9612
vn 0.4299 0.1572 -0.8891
vn 0.4311 0.1528 -0.8893
vn 0.4314 0.1509 -0.8894
vn 0.2549 0.1100 -0.9607
vn 0.4302 0.1539 -0.8895
vn 0.2549 0.1091 -0.9608
vn 0.4295 0.1546 -0.8897
vn 0.4288 0.1549 -0.8900
vn 0.2552 0.1086 -0.9608
vn 0.4279 0.1548 -0.8905
vn 0.4268 0.1550 -0.8910
vn 0.4257 0.1557 -0.8914
vn 0.4250 0.1556 -0.8917
vn 0.2550 0.1089 -0.9608
vn 0.2551 0.1088 -0.9608
vn 0.5810 0.1960 -0.7899
vn 0.5797 0.1967 -0.7907
vn 0.5831 0.1952 -0.7886
vn 0.5851 0.1953 -0.7871
vn 0.5868 0.1949 -0.7859
vn 0.5882 0.1945 -0.7850
vn 0.5894 0.1926 -0.7845
vn 0.5930 0.1828 -0.7842
vn 0.5895 0.1994 -0.7828
vn 0.5893 0.1998 -0.7828
vn 0.5903 0.2001 -0.7820
vn 0.0960 -0.9790 -0.1797
vn 0.2560 -0.9463 -0.1977
vn 0.4227 -0.8961 -0.1352
vn 0.5510 -0.8003 -0.2367
vn 0.5674 -0.8090 -0.1539
vn 0.6814 -0.6855 -0.2565
vn 0.6998 -0.6934 -0.1719
vn 0.7948 -0.5409 -0.2751
vn 0.8153 -0.5474 -0.1885
vn 0.9063 -0.3711 -0.2023
vn 0.8155 -0.3473 -0.4630
vn 0.7341 -0.5145 -0.4432
vn 0.5056 -0.7648 -0.3993
vn -0.0711 -0.9842 -0.1621
vn -0.0618 -0.9950 -0.0785
vn -0.4176 -0.8993 -0.1299
vn -0.4120 -0.9102 -0.0417
vn -0.2549 -0.8390 -0.4808
vn -0.1039 -0.8656 -0.4899
vn 0.0435 -0.8640 -0.5017
vn 0.1853 -0.8360 -0.5166
vn 0.3192 -0.7825 -0.5346
vn 0.5535 -0.5999 -0.5777
vn 0.6470 -0.4700 -0.6003
vn 0.1372 -0.7338 -0.6654
vn 0.0129 -0.7577 -0.6524
vn -0.1163 -0.7571 -0.6428
vn -0.4056 -0.7813 -0.4744
vn -0.3776 -0.6771 -0.6317
vn -0.2478 -0.7308 -0.6360
vn -0.5007 -0.5952 -0.6286
vn -0.4175 -0.8993 -0.1299
vn -0.4119 -0.9102 -0.0422
vn -0.5839 -0.8115 -0.0239
vn -0.7427 -0.6619 -0.1014
vn -0.7414 -0.6710 -0.0075
vn -0.8712 -0.4908 0.0062
vn -0.9403 -0.3301 -0.0829
vn -0.9598 -0.2802 0.0162
vn -0.9258 -0.2599 -0.2747
vn -0.9099 -0.3111 -0.2745
vn -0.7250 -0.6258 -0.2875
vn -0.6806 -0.5666 -0.4645
vn -0.6103 -0.4856 -0.6259
vn -0.4307 -0.4745 -0.7677
vn -0.3340 -0.5430 -0.7705
vn -0.5848 -0.2777 -0.7622
vn -0.6994 -0.3517 -0.6222
vn -0.7869 -0.4120 -0.4593
vn -0.7580 -0.1985 -0.6214
vn -0.7473 -0.2386 -0.6202
vn -0.6212 -0.1876 -0.7608
vn -0.6285 -0.1558 -0.7621
vn 0.8838 -0.3662 -0.2912
vn 0.8156 -0.3473 -0.4629
vn 0.8645 -0.1560 -0.4779
vn 0.9064 -0.3708 -0.2022
vn 0.9751 0.0551 -0.2149
vn 0.9257 0.2216 -0.3064
vn 0.9510 0.2247 -0.2125
vn 0.9111 0.2764 -0.3057
vn 0.9364 0.2804 -0.2110
vn 0.8345 0.2605 -0.4856
vn 0.8729 0.0513 -0.4852
vn -0.1329 -0.0026 -0.9911
vn -0.1330 -0.0032 -0.9911
vn -0.1320 -0.0012 -0.9913
vn -0.1301 0.0008 -0.9915
vn -0.1279 0.0019 -0.9918
vn -0.1262 0.0030 -0.9920
vn -0.1253 0.0047 -0.9921
vn -0.1247 0.0066 -0.9922
vn -0.1273 0.0167 -0.9917
vn -0.4423 0.8964 -0.0299
vn -0.5873 0.8092 -0.0139
vn -0.7204 0.6935 -0.0002
vn -0.8373 0.5412 -0.0782
vn -0.8368 0.5474 0.0107
vn -0.3032 0.9063 -0.2944
vn 0.0308 0.9845 -0.1727
vn 0.0416 0.9952 -0.0891
vn 0.3752 0.8997 -0.2233
vn 0.5618 0.8117 -0.1599
vn 0.4927 0.7604 -0.4232
vn 0.3347 0.8560 -0.3941
vn -0.0147 0.8665 -0.4989
vn -0.1611 0.8648 -0.4755
vn -0.3021 0.8369 -0.4565
vn -0.4363 0.7835 -0.4425
vn -0.7706 0.4711 -0.4294
vn -0.6940 0.4089 -0.5926
vn -0.5167 0.6171 -0.5935
vn -0.4081 0.6876 -0.6005
vn -0.2907 0.7350 -0.6126
vn -0.1668 0.7590 -0.6294
vn 0.0904 0.7320 -0.6753
vn 0.2821 0.7823 -0.5554
vn 0.4237 0.6917 -0.5848
vn -0.1667 0.6172 -0.7690
vn -0.2674 0.5984 -0.7553
vn -0.3626 0.5593 -0.7455
vn -0.8181 0.5150 -0.2559
vn -0.7705 0.4712 -0.4294
vn -0.9275 0.3665 -0.0731
vn -0.9285 0.3710 0.0185
vn -0.9837 0.1651 -0.0717
vn -0.9857 0.1673 0.0224
vn -0.9958 -0.0539 -0.0744
vn -0.9983 -0.0548 0.0217
vn -0.9720 -0.2212 -0.0791
vn -0.9743 -0.2245 0.0182
vn -0.9258 -0.2599 -0.2745
vn -0.9629 -0.0507 -0.2649
vn -0.9530 0.1565 -0.2593
vn -0.7538 0.2737 -0.5974
vn -0.6939 0.4088 -0.5927
vn -0.6326 0.2190 -0.7428
vn -0.5878 0.3288 -0.7392
vn -0.6566 0.0979 -0.7479
vn -0.6570 -0.0297 -0.7533
vn -0.7907 -0.0382 -0.6110
vn -0.8717 -0.1873 -0.4528
vn -0.7703 -0.1593 -0.6174
vn -0.6393 -0.1252 -0.7587
vn 0.5437 0.8014 -0.2494
vn 0.6365 0.6265 -0.4499
vn 0.4929 0.7602 -0.4233
vn 0.5618 0.8116 -0.1603
vn 0.7188 0.6711 -0.1815
vn 0.8481 0.4910 -0.1992
vn 0.9188 0.3352 -0.2084
vn 0.9111 0.2764 -0.3056
vn 0.8345 0.2606 -0.4856
vn 0.8190 0.3118 -0.4817
vn 0.7545 0.4573 -0.4708
vn 0.1426 -0.9769 -0.1593
vn 0.1626 -0.9575 -0.2382
vn 0.4659 -0.8724 -0.1479
vn 0.4493 -0.8908 -0.0680
vn 0.7329 -0.6775 -0.0620
vn 0.7188 -0.6948 0.0220
vn 0.8441 -0.5357 -0.0217
vn 0.8314 -0.5518 0.0651
vn 0.8495 -0.4897 -0.1963
vn 0.7444 -0.6269 -0.2302
vn 0.1995 -0.8976 -0.3931
vn 0.0455 -0.8974 -0.4388
vn 0.0012 -0.9588 -0.2841
vn -0.0210 -0.9786 -0.2046
vn -0.1901 -0.9499 -0.2482
vn -0.3336 -0.8663 -0.3718
vn -0.3610 -0.8866 -0.2893
vn -0.1124 -0.8673 -0.4848
vn 0.0903 -0.8055 -0.5856
vn 0.2316 -0.8077 -0.5421
vn 0.4993 -0.7326 -0.4625
vn 0.6213 -0.6565 -0.4278
vn 0.7723 -0.3457 -0.5330
vn 0.6930 -0.4596 -0.5554
vn 0.5984 -0.5512 -0.5815
vn 0.4925 -0.6196 -0.6112
vn 0.3781 -0.6644 -0.6447
vn 0.2580 -0.6853 -0.6810
vn 0.1342 -0.6815 -0.7194
vn 0.0094 -0.6514 -0.7587
vn -0.1967 -0.7133 -0.6727
vn -0.2705 -0.8040 -0.5295
vn -0.4238 -0.7045 -0.5692
vn -0.3336 -0.6190 -0.7111
vn -0.1967 -0.7132 -0.6728
vn -0.4977 -0.7645 -0.4097
vn -0.3608 -0.8864 -0.2900
vn -0.5281 -0.7844 -0.3253
vn -0.6481 -0.6224 -0.4389
vn -0.6816 -0.6411 -0.3527
vn -0.7727 -0.4422 -0.4554
vn -0.8412 -0.2878 -0.4578
vn -0.8786 -0.3027 -0.3692
vn -0.8580 -0.2336 -0.4574
vn -0.8962 -0.2479 -0.3679
vn -0.7576 -0.1984 -0.6219
vn -0.7423 -0.2498 -0.6218
vn -0.6788 -0.3961 -0.6184
vn -0.5634 -0.5676 -0.6004
vn -0.4573 -0.4918 -0.7409
vn -0.6151 -0.2022 -0.7621
vn -0.6281 -0.1556 -0.7624
vn 0.8494 -0.4897 -0.1966
vn 0.8261 -0.4263 -0.3686
vn 0.9312 -0.3243 -0.1665
vn 0.9316 -0.3632 0.0154
vn 0.9808 -0.1341 -0.1412
vn 0.9198 -0.3780 0.1051
vn 0.9744 -0.1764 0.1393
vn 0.9960 0.0542 0.0704
vn 0.9607 0.2134 0.1773
vn 0.9576 0.2761 0.0823
vn 0.9462 0.2692 0.1797
vn 0.9528 0.2817 -0.1135
vn 0.9666 0.2298 -0.1137
vn 0.9464 0.0876 -0.3108
vn 0.9403 -0.0994 -0.3254
vn 0.8644 -0.0606 -0.4992
vn 0.8311 -0.2114 -0.5144
vn 0.7722 -0.3456 -0.5331
vn 0.8672 0.0998 -0.4879
vn 0.8469 0.2211 -0.4835
vn 0.9113 0.2765 -0.3050
vn 0.8350 0.2606 -0.4846
vn -0.2575 0.9652 -0.0452
vn -0.3811 0.9085 -0.1712
vn -0.4067 0.9089 -0.0917
vn -0.5191 0.8259 -0.2198
vn -0.5466 0.8256 -0.1397
vn -0.7534 0.5743 -0.3202
vn -0.7857 0.5713 -0.2372
vn -0.7465 0.4030 -0.5295
vn -0.6699 0.5663 -0.4802
vn -0.4516 0.8084 -0.3776
vn -0.3209 0.8882 -0.3289
vn -0.0778 0.9937 -0.0810
vn -0.1002 0.9950 -0.0006
vn 0.0643 0.9970 0.0421
vn 0.2342 0.9687 0.0817
vn 0.4245 0.9050 0.0301
vn 0.4065 0.9061 0.1174
vn 0.4501 0.8808 -0.1472
vn 0.2871 0.9420 -0.1740
vn 0.1639 0.9140 -0.3711
vn -0.4730 0.6648 -0.5781
vn -0.5616 0.5391 -0.6277
vn -0.6272 0.3888 -0.6749
vn -0.4296 0.4918 -0.7574
vn -0.3560 0.6033 -0.7137
vn -0.2662 0.6929 -0.6700
vn -0.0499 0.8046 -0.5918
vn 0.0713 0.8258 -0.5594
vn 0.1982 0.8232 -0.5320
vn 0.4610 0.8262 -0.3238
vn 0.4557 0.7404 -0.4941
vn 0.1238 0.6998 -0.7036
vn 0.0254 0.6832 -0.7298
vn -0.7465 0.4030 -0.5294
vn -0.6271 0.3887 -0.6750
vn -0.6638 0.2174 -0.7156
vn -0.7914 0.2150 -0.5722
vn -0.8891 0.2049 -0.4092
vn -0.8727 0.3981 -0.2827
vn -0.9258 0.1971 -0.3225
vn -0.8979 -0.0123 -0.4399
vn -0.9356 -0.0232 -0.3522
vn -0.8729 -0.1788 -0.4540
vn -0.8581 -0.2336 -0.4573
vn -0.8962 -0.2479 -0.3680
vn -0.7723 -0.1469 -0.6181
vn -0.7971 0.0099 -0.6037
vn -0.6660 0.0319 -0.7452
vn -0.6421 -0.1095 -0.7587
vn 0.4503 0.8807 -0.1472
vn 0.6044 0.7344 -0.3088
vn 0.4611 0.8261 -0.3238
vn 0.6871 0.5476 -0.4776
vn 0.7529 0.6483 -0.1132
vn 0.5914 0.8043 0.0571
vn 0.4244 0.9050 0.0300
vn 0.4067 0.9061 0.1168
vn 0.7444 0.6633 0.0765
vn 0.7301 0.6619 0.1696
vn 0.8708 0.4842 0.0858
vn 0.8582 0.4803 0.1809
vn 0.9401 0.3300 0.0849
vn 0.9285 0.3241 0.1812
vn 0.9576 0.2760 0.0826
vn 0.8716 0.4782 -0.1077
vn 0.8395 0.4545 -0.2976
vn 0.8238 0.3003 -0.4807
vn 0.9113 0.2764 -0.3050
vn 0.8348 0.2606 -0.4849
vn 0.4939 -0.8673 -0.0614
vn 0.4492 -0.8934 0.0042
vn 0.6067 -0.7939 0.0394
vn 0.5626 -0.8198 0.1068
vn 0.7090 -0.6917 0.1375
vn 0.7966 -0.5585 0.2313
vn 0.7528 -0.5833 0.3051
vn 0.8629 -0.3941 0.3162
vn 0.8191 -0.4178 0.3932
vn 0.7814 -0.6240 -0.0081
vn 0.5741 -0.7956 -0.1932
vn 0.2105 -0.8476 -0.4871
vn 0.0630 -0.9506 -0.3039
vn -0.0779 -0.9117 -0.4033
vn -0.3654 -0.7278 -0.5803
vn -0.0505 -0.7347 -0.6765
vn 0.0805 -0.8076 -0.5843
vn 0.1878 -0.7025 -0.6864
vn 0.5330 -0.7383 -0.4132
vn 0.6400 -0.6966 -0.3244
vn 0.8304 -0.5343 -0.1583
vn 0.9069 -0.4129 -0.0843
vn 0.8523 -0.4220 -0.3090
vn 0.7747 -0.5071 -0.3778
vn 0.5940 -0.6057 -0.5294
vn 0.4957 -0.6186 -0.6095
vn 0.3949 -0.6065 -0.6901
vn 0.7118 -0.4104 -0.5699
vn 0.6361 -0.4412 -0.6330
vn 0.7816 -0.3591 -0.5101
vn 0.8426 -0.2883 -0.4548
vn 0.0703 -0.6320 -0.7718
vn -0.3649 -0.7276 -0.5809
vn -0.4987 -0.5773 -0.6465
vn -0.4361 -0.5507 -0.7117
vn -0.3063 -0.7000 -0.6451
vn -0.5470 -0.3659 -0.7529
vn -0.6128 -0.3904 -0.6870
vn -0.6785 -0.2326 -0.6968
vn -0.6276 -0.1554 -0.7629
vn -0.6957 -0.1777 -0.6960
vn 0.8523 -0.4220 -0.3092
vn 0.8426 -0.2882 -0.4549
vn 0.8920 -0.1991 -0.4058
vn 0.8304 -0.5343 -0.1582
vn 0.9068 -0.4131 -0.0840
vn 0.9637 -0.1843 -0.1934
vn 0.9294 -0.3363 0.1524
vn 0.7967 -0.5585 0.2310
vn 0.8631 -0.3940 0.3160
vn 0.9648 -0.1515 0.2149
vn 0.9000 -0.2007 0.3870
vn 0.8190 -0.4177 0.3933
vn 0.8556 -0.2226 0.4673
vn 0.8546 -0.0065 0.5192
vn 0.8720 0.1784 0.4558
vn 0.8577 0.2335 0.4580
vn 0.8113 0.2169 0.5430
vn 0.9254 0.2597 0.2760
vn 0.9388 0.2077 0.2750
vn 0.9937 0.0877 0.0701
vn 0.9948 -0.0964 0.0337
vn 0.9879 -0.0371 -0.1507
vn 0.9432 0.0239 -0.3315
vn 0.9266 -0.0939 -0.3643
vn 0.8517 0.0027 -0.5240
vn 0.8298 -0.0719 -0.5534
vn 0.9391 0.1501 -0.3091
vn 0.9852 0.1212 -0.1215
vn 0.9639 0.2418 -0.1117
vn 0.9699 0.2290 0.0833
vn 0.9528 0.2817 -0.1129
vn 0.9116 0.2765 -0.3042
vn 0.9211 0.2452 -0.3024
vn 0.8430 0.2393 -0.4818
vn 0.8353 0.2607 -0.4841
vn -0.2298 0.9728 -0.0303
vn -0.1782 0.9794 -0.0951
vn -0.2978 0.9338 -0.1983
vn -0.3510 0.9267 -0.1343
vn -0.4076 0.8614 -0.3030
vn -0.4630 0.8535 -0.2390
vn -0.5052 0.7607 -0.4075
vn -0.5628 0.7519 -0.3434
vn -0.5866 0.6297 -0.5093
vn -0.6472 0.6192 -0.4447
vn -0.6463 0.4674 -0.6032
vn -0.7099 0.4547 -0.5379
vn -0.3764 0.7613 -0.5279
vn -0.2865 0.8582 -0.4259
vn -0.1835 0.9280 -0.3242
vn -0.0695 0.9719 -0.2250
vn 0.0539 0.9902 -0.1290
vn -0.0498 0.9987 0.0056
vn -0.1003 0.9924 0.0719
vn 0.0867 0.9909 0.1033
vn 0.0370 0.9845 0.1715
vn 0.2299 0.9532 0.1966
vn 0.1806 0.9465 0.2676
vn 0.3770 0.8820 0.2829
vn 0.3282 0.8744 0.3573
vn 0.4664 0.8756 0.1259
vn 0.3242 0.9448 0.0480
vn 0.1857 0.9819 -0.0376
vn 0.2825 0.9417 -0.1825
vn 0.1599 0.9508 -0.2653
vn 0.0457 0.9345 -0.3531
vn -0.0589 0.8935 -0.4451
vn -0.1521 0.8280 -0.5397
vn -0.0056 0.7676 -0.6409
vn 0.0745 0.8268 -0.5575
vn 0.1660 0.8632 -0.4768
vn 0.2664 0.8770 -0.3999
vn 0.3743 0.8672 -0.3285
vn 0.4867 0.8327 -0.2640
vn 0.4109 0.9054 -0.1066
vn 0.5419 0.8395 -0.0391
vn 0.6004 0.7722 -0.2080
vn 0.5475 0.7246 -0.4185
vn 0.4569 0.7551 -0.4702
vn 0.3694 0.7649 -0.5278
vn 0.2878 0.7542 -0.5902
vn 0.2139 0.7240 -0.6558
vn -0.7106 -0.1221 -0.6929
vn -0.6275 -0.1554 -0.7630
vn 0.4866 0.8328 -0.2640
vn 0.6004 0.7723 -0.2078
vn 0.6378 0.6729 -0.3747
vn 0.5474 0.7245 -0.4189
vn 0.7243 0.6002 -0.3393
vn 0.7105 0.6848 -0.1621
vn 0.5419 0.8395 -0.0392
vn 0.6702 0.7419 0.0171
vn 0.4663 0.8756 0.1258
vn 0.6066 0.7714 0.1922
vn 0.3769 0.8820 0.2828
vn 0.5228 0.7736 0.3582
vn 0.3285 0.8746 0.3566
vn 0.4746 0.7648 0.4358
vn 0.6591 0.6261 0.4166
vn 0.6115 0.6155 0.4972
vn 0.7743 0.4431 0.4519
vn 0.7276 0.4296 0.5348
vn 0.8402 0.2876 0.4598
vn 0.7939 0.2718 0.5440
vn 0.8112 0.2169 0.5431
vn 0.9255 0.2597 0.2758
vn 0.9087 0.3107 0.2786
vn 0.8464 0.4573 0.2729
vn 0.7369 0.6308 0.2430
vn 0.7883 0.6125 0.0591
vn 0.8106 0.5712 -0.1288
vn 0.8022 0.5078 -0.3141
vn 0.7628 0.4230 -0.4891
vn 0.7098 0.4893 -0.5067
vn 0.6504 0.5425 -0.5316
vn 0.8065 0.3461 -0.4794
vn 0.8669 0.3979 -0.3003
vn 0.8939 0.4346 -0.1103
vn 0.8868 0.4546 0.0832
vn 0.9427 0.3222 0.0865
vn 0.9576 0.2760 0.0832
vn 0.9529 0.2817 -0.1126
vn 0.9408 0.3209 -0.1088
vn 0.9029 0.3078 -0.3001
vn 0.8303 0.2828 -0.4802
vn 0.5033 -0.5545 -0.6627
vn 0.3759 -0.5668 -0.7331
vn 0.3732 -0.7400 -0.5596
vn 0.4686 -0.7188 -0.5135
vn 0.6238 -0.4991 -0.6015
vn 0.5586 -0.6894 -0.4612
vn 0.7163 -0.4982 -0.4885
vn 0.6302 -0.6763 -0.3813
vn 0.6087 -0.6999 -0.3737
vn 0.7162 -0.5009 -0.4859
vn 0.6940 -0.6557 -0.2973
vn -0.2752 -0.8711 -0.4068
vn -0.2776 -0.9439 -0.1790
vn -0.2333 -0.9325 -0.2759
vn -0.3719 -0.7944 -0.4802
vn -0.1858 -0.9102 -0.3703
vn -0.2578 -0.7802 -0.5700
vn -0.1086 -0.8900 -0.4429
vn -0.1631 -0.7267 -0.6674
vn -0.0298 -0.8595 -0.5103
vn -0.0240 -0.7070 -0.7068
vn 0.0686 -0.8345 -0.5468
vn 0.0995 -0.6467 -0.7562
vn 0.1665 -0.7998 -0.5767
vn 0.2433 -0.6277 -0.7394
vn 0.2713 -0.7743 -0.5716
vn 0.8840 0.2207 -0.4122
vn 0.7261 0.2348 -0.6462
vn 0.7644 0.4417 -0.4696
vn 0.8342 0.2605 -0.4861
vn 0.4298 0.1571 -0.8891
vn 0.4298 0.1572 -0.8891
vn 0.7261 0.2348 -0.6463
vn 0.7261 0.2347 -0.6463
vn 0.2538 0.1084 -0.9612
vn -0.1206 0.0005 -0.9927
vn -0.6302 -0.1563 -0.7606
vn -0.6301 -0.1562 -0.7606
vn -0.8597 -0.2342 -0.4540
vn -0.1412 0.6960 -0.7040
vn -0.0019 0.7285 -0.6850
vn -0.1414 0.6960 -0.7040
vn -0.2778 0.6492 -0.7081
vn -0.4131 0.6159 -0.6708
vn -0.4133 0.6158 -0.6707
vn 0.1230 0.7700 -0.6261
vn 0.1232 0.7700 -0.6260
vn 0.2725 0.8060 -0.5255
vn 0.4261 0.8403 -0.3351
vn 0.3397 0.8266 -0.4488
vn 0.2455 0.7957 -0.5537
vn 0.1232 0.7701 -0.6260
vn 0.1231 0.7700 -0.6260
vn -0.8617 0.4937 -0.1173
vn -0.8184 0.4847 -0.3087
vn -0.9235 0.3263 -0.2019
vn -0.7987 0.5357 -0.2739
vn -0.7484 0.5027 -0.4326
vn -0.7468 0.5481 -0.3766
vn -0.8006 0.5191 -0.2992
vn -0.7524 0.5804 -0.3116
vn -0.6511 0.5418 -0.5315
vn -0.6510 0.5418 -0.5316
vn -0.5400 0.5699 -0.6194
vn -0.4134 0.6158 -0.6707
vn -0.4132 0.6159 -0.6708
vn -0.8598 -0.2342 -0.4538
vn -0.8597 -0.2349 -0.4536
vn -0.9257 -0.2599 -0.2748
vn -0.9264 -0.2601 -0.2723
vn -0.9263 -0.2622 -0.2706
vn 0.0679 0.0555 -0.9961
vn -0.2640 0.7796 -0.5679
vn -0.2885 0.6865 -0.6674
vn 0.6631 0.2135 -0.7174
vn 0.6631 0.2124 -0.7177
vn 0.6541 0.2380 -0.7180
vn -0.6200 0.6877 -0.3778
vn -0.6843 0.6671 -0.2945
vn -0.4278 0.8091 -0.4029
vn -0.5027 0.8079 -0.3076
vn -0.3449 0.8754 -0.3387
vn -0.6112 -0.4579 -0.6456
vn -0.5834 -0.4370 -0.6846
vn -0.4912 -0.5729 -0.6561
vn -0.4650 0.7062 -0.5340
vn -0.4299 0.7054 -0.5636
vn 0.5901 0.2002 -0.7821
vn 0.6057 0.1065 -0.7885
vn 0.5902 0.2006 -0.7819
vn 0.6659 0.1915 -0.7211
vn 0.5904 0.2005 -0.7818
vn -0.5523 0.7733 -0.3116
vn -0.5207 0.8059 -0.2818
vn 0.5209 -0.5220 -0.6754
vn 0.5234 -0.6181 -0.5865
vn -0.6722 -0.4185 -0.6108
vn -0.5696 -0.4700 -0.6743
vn -0.0662 -0.7238 -0.6869
vn 0.0588 -0.7714 -0.6336
vn 0.7261 0.2347 -0.6462
vn -0.7098 0.4548 -0.5379
vn -0.6388 0.3620 -0.6788
vn -0.7239 0.2780 -0.6314
vn -0.7430 0.2609 -0.6163
vn 0.6058 0.1058 -0.7885
vn 0.6665 0.1896 -0.7210
vn 0.4678 -0.5568 -0.6864
vn 0.7644 0.4418 -0.4696
vn 0.5847 0.1074 -0.8041
vn 0.6021 0.1020 -0.7919
vn 0.5901 0.2010 -0.7819
vn 0.3447 -0.5622 -0.7517
vn -0.6268 -0.1550 -0.7637
vn -0.0702 0.7402 -0.6687
vn -0.2062 0.7894 -0.5783
vn 0.5846 0.1069 -0.8043
vn 0.6011 0.1045 -0.7923
vn -0.0777 0.9364 -0.3424
vn -0.0775 0.9364 -0.3423
vn 0.3385 -0.6117 -0.7150
vn 0.2887 -0.7008 -0.6524
vn -0.2904 -0.7824 -0.5510
vn -0.7026 -0.0273 -0.7111
vn -0.7398 0.0452 -0.6713
vn 0.6575 0.1461 -0.7392
vn 0.5905 0.1999 -0.7819
vn -0.1622 0.9559 -0.2447
vn 0.5760 -0.2595 -0.7752
vn 0.5723 -0.1554 -0.8052
vn 0.5721 -0.1553 -0.8054
vn 0.2982 -0.5937 -0.7473
vn -0.3023 -0.7211 -0.6234
vn -0.9263 -0.2601 -0.2726
vn -0.7171 0.0955 -0.6904
vn -0.4843 0.6716 -0.5607
vn -0.5415 0.4557 -0.7065
vn -0.4952 0.5677 -0.6576
vn 0.5901 0.1999 -0.7822
vn 0.5902 0.2000 -0.7821
vn 0.6408 0.1237 -0.7577
vn 0.6578 0.1458 -0.7389
vn -0.1875 0.9594 -0.2106
vn 0.5759 -0.2908 -0.7641
vn -0.1466 -0.7665 -0.6253
vn -0.3236 -0.6485 -0.6890
vn -0.2084 -0.6323 -0.7462
vn -0.1687 -0.6757 -0.7176
vn -0.2743 -0.6714 -0.6884
vn 0.0965 -0.7929 -0.6017
vn -0.7090 0.3125 -0.6321
vn -0.7158 0.1866 -0.6729
vn -0.2476 0.8000 -0.5465
vn 0.6016 0.1065 -0.7917
vn 0.6015 0.1063 -0.7918
vn 0.6579 0.1457 -0.7389
vn -0.3105 0.8984 -0.3107
vn -0.2181 0.9473 -0.2347
vn 0.5561 -0.4893 -0.6718
vn 0.5728 -0.3621 -0.7354
vn 0.0574 -0.7061 -0.7057
vn 0.1819 -0.6491 -0.7387
vn 0.2185 -0.6649 -0.7143
vn -0.4313 -0.5943 -0.6788
vn -0.3245 -0.6385 -0.6979
vn 0.1329 -0.7510 -0.6468
vn -0.8185 0.4851 -0.3077
vn 0.2463 0.7959 -0.5531
vn -0.5550 -0.4473 -0.7014
vn -0.6462 0.4683 -0.6027
vn -0.6951 -0.0796 -0.7145
vn -0.0765 0.7057 -0.7044
vn 0.3146 -0.6910 -0.6508
vn -0.2988 -0.6846 -0.6648
vn 0.7265 0.2333 -0.6463
vn -0.0639 -0.7379 -0.6719
vt 0.386370 0.011730
vt 0.386350 0.012290
vt 0.386930 0.012480
vt 0.386950 0.011980
vt 0.387440 0.012730
vt 0.387460 0.012300
vt 0.387420 0.013220
vt 0.386910 0.013050
vt 0.386330 0.012930
vt 0.385730 0.012180
vt 0.385760 0.011580
vt 0.385120 0.011530
vt 0.385090 0.012140
vt 0.385710 0.012850
vt 0.385080 0.012820
vt 0.385700 0.013570
vt 0.385070 0.013560
vt 0.385700 0.014320
vt 0.385060 0.014320
vt 0.385740 0.079030
vt 0.385100 0.079030
vt 0.386360 0.079020
vt 0.386320 0.014310
vt 0.386320 0.013610
vt 0.386900 0.013670
vt 0.387420 0.013740
vt 0.387410 0.014280
vt 0.386900 0.014300
vt 0.386940 0.079010
vt 0.387460 0.078990
vt 0.258720 0.931240
vt 0.258740 0.932130
vt 0.259380 0.932090
vt 0.259360 0.931220
vt 0.259350 0.930330
vt 0.258720 0.930340
vt 0.259350 0.929470
vt 0.258720 0.929460
vt 0.259360 0.928660
vt 0.258720 0.928630
vt 0.259380 0.927940
vt 0.258740 0.927890
vt 0.259410 0.927330
vt 0.258770 0.927270
vt 0.260020 0.927520
vt 0.260000 0.928100
vt 0.259980 0.928780
vt 0.259970 0.929540
vt 0.259970 0.930350
vt 0.259980 0.931190
vt 0.260000 0.932010
vt 0.260020 0.932780
vt 0.259410 0.932910
vt 0.258770 0.932970
vt 0.259440 0.933660
vt 0.258800 0.933730
vt 0.259480 0.934300
vt 0.258840 0.934380
vt 0.259520 0.934810
vt 0.258890 0.934900
vt 0.260130 0.934570
vt 0.260090 0.934090
vt 0.260050 0.933490
vt 0.260630 0.933210
vt 0.260600 0.932580
vt 0.260580 0.931880
vt 0.260560 0.931140
vt 0.260550 0.930390
vt 0.260550 0.929660
vt 0.260560 0.928980
vt 0.260580 0.928360
vt 0.261100 0.928720
vt 0.261080 0.929250
vt 0.261080 0.929830
vt 0.261080 0.930450
vt 0.261080 0.931090
vt 0.261100 0.931720
vt 0.261110 0.932310
vt 0.261140 0.932850
vt 0.261530 0.931520
vt 0.261520 0.931030
vt 0.261520 0.930530
vt 0.261510 0.930040
vt 0.261520 0.929580
vt 0.261530 0.929170
vt 0.260660 0.933750
vt 0.711890 0.118740
vt 0.711760 0.118070
vt 0.711290 0.118010
vt 0.711410 0.118640
vt 0.712440 0.118780
vt 0.712300 0.118090
vt 0.711680 0.117350
vt 0.712220 0.117360
vt 0.711660 0.116610
vt 0.712200 0.116600
vt 0.711900 0.031610
vt 0.712440 0.031600
vt 0.711430 0.031630
vt 0.711200 0.116620
vt 0.711220 0.117330
vt 0.616400 0.564220
vt 0.617000 0.563980
vt 0.616850 0.563500
vt 0.616240 0.563700
vt 0.616740 0.562950
vt 0.616120 0.563090
vt 0.615620 0.563810
vt 0.615490 0.563170
vt 0.615030 0.563840
vt 0.614900 0.563180
vt 0.615420 0.562460
vt 0.614820 0.562460
vt 0.615390 0.561720
vt 0.614790 0.561710
vt 0.615550 0.476730
vt 0.614950 0.476720
vt 0.616180 0.476740
vt 0.616020 0.561730
vt 0.616040 0.562420
vt 0.616680 0.562360
vt 0.617290 0.562260
vt 0.617350 0.562770
vt 0.617440 0.563230
vt 0.617570 0.563630
vt 0.617990 0.562900
vt 0.618080 0.563210
vt 0.618460 0.562510
vt 0.618530 0.562730
vt 0.618410 0.562260
vt 0.617910 0.562530
vt 0.617870 0.562130
vt 0.617850 0.561710
vt 0.617270 0.561720
vt 0.616650 0.561730
vt 0.616810 0.476740
vt 0.617430 0.476740
vt 0.618010 0.476730
vt 0.618530 0.476710
vt 0.618370 0.561700
vt 0.618380 0.561980
vt 0.451960 0.488210
vt 0.451330 0.488210
vt 0.451330 0.489100
vt 0.451960 0.489110
vt 0.451330 0.489940
vt 0.451960 0.489980
vt 0.451330 0.490720
vt 0.451960 0.490770
vt 0.451330 0.491410
vt 0.451960 0.491470
vt 0.451330 0.491970
vt 0.451960 0.492040
vt 0.450720 0.491750
vt 0.450720 0.491220
vt 0.450720 0.490580
vt 0.450720 0.489840
vt 0.450720 0.489040
vt 0.450720 0.488210
vt 0.450720 0.487380
vt 0.451330 0.487330
vt 0.451960 0.487320
vt 0.451330 0.486490
vt 0.451960 0.486450
vt 0.451330 0.485710
vt 0.451960 0.485660
vt 0.451330 0.485020
vt 0.451960 0.484960
vt 0.450720 0.485210
vt 0.450720 0.485850
vt 0.450720 0.486590
vt 0.450160 0.486750
vt 0.450160 0.487470
vt 0.450160 0.488210
vt 0.450160 0.488960
vt 0.450160 0.489680
vt 0.450160 0.490340
vt 0.450160 0.490920
vt 0.449660 0.490020
vt 0.449660 0.489460
vt 0.449660 0.488850
vt 0.449660 0.488210
vt 0.449660 0.487580
vt 0.449660 0.486970
vt 0.449660 0.486410
vt 0.450160 0.486090
vt 0.450160 0.485510
vt 0.449260 0.486790
vt 0.449260 0.487240
vt 0.449260 0.487720
vt 0.449260 0.488210
vt 0.449260 0.488710
vt 0.342420 0.000600
vt 0.341940 0.000740
vt 0.341820 0.001350
vt 0.342290 0.001250
vt 0.342960 0.000540
vt 0.342830 0.001200
vt 0.342210 0.001950
vt 0.342750 0.001920
vt 0.342190 0.002690
vt 0.342730 0.002670
vt 0.342420 0.067410
vt 0.342960 0.067390
vt 0.341960 0.067430
vt 0.341720 0.002720
vt 0.341750 0.002020
vt 0.461380 0.059870
vt 0.461230 0.060230
vt 0.461740 0.060640
vt 0.461860 0.060360
vt 0.460840 0.059480
vt 0.460660 0.059900
vt 0.461100 0.060660
vt 0.460510 0.060400
vt 0.460060 0.059640
vt 0.459900 0.060200
vt 0.459450 0.059480
vt 0.459280 0.060080
vt 0.458860 0.059420
vt 0.458690 0.060030
vt 0.459150 0.060750
vt 0.458560 0.060710
vt 0.459070 0.061470
vt 0.458480 0.061450
vt 0.459050 0.062220
vt 0.458450 0.062210
vt 0.459210 0.126930
vt 0.458610 0.126920
vt 0.459840 0.126930
vt 0.459680 0.062220
vt 0.459700 0.061520
vt 0.459770 0.060840
vt 0.460400 0.060970
vt 0.461010 0.061150
vt 0.461570 0.061360
vt 0.461640 0.060980
vt 0.462120 0.061330
vt 0.462190 0.061100
vt 0.462070 0.061590
vt 0.462040 0.061880
vt 0.461530 0.061770
vt 0.460950 0.061670
vt 0.460340 0.061580
vt 0.460310 0.062220
vt 0.460470 0.126920
vt 0.461090 0.126910
vt 0.460930 0.062200
vt 0.461510 0.062190
vt 0.462030 0.062170
vt 0.462190 0.126880
vt 0.461670 0.126900
vt 0.190370 0.917420
vt 0.190370 0.918310
vt 0.191010 0.918310
vt 0.191010 0.917430
vt 0.191020 0.916550
vt 0.190390 0.916520
vt 0.191050 0.915690
vt 0.190410 0.915650
vt 0.191080 0.914900
vt 0.190440 0.914840
vt 0.191120 0.914190
vt 0.190490 0.914120
vt 0.191170 0.913600
vt 0.190540 0.913520
vt 0.191790 0.913830
vt 0.191740 0.914380
vt 0.191700 0.915050
vt 0.191670 0.915790
vt 0.191640 0.916600
vt 0.191630 0.917430
vt 0.191630 0.918260
vt 0.191650 0.919050
vt 0.191020 0.919140
vt 0.190390 0.919170
vt 0.191050 0.919910
vt 0.190410 0.919950
vt 0.191080 0.920570
vt 0.190450 0.920620
vt 0.191120 0.921100
vt 0.190490 0.921170
vt 0.191700 0.920390
vt 0.191670 0.919770
vt 0.192250 0.919530
vt 0.192230 0.918880
vt 0.192220 0.918170
vt 0.192220 0.917430
vt 0.192230 0.916680
vt 0.192250 0.915950
vt 0.192280 0.915280
vt 0.192320 0.914680
vt 0.192830 0.915080
vt 0.192800 0.915590
vt 0.192770 0.916160
vt 0.192760 0.916780
vt 0.192750 0.917420
vt 0.192750 0.918050
vt 0.192760 0.918650
vt 0.192770 0.919200
vt 0.193210 0.918370
vt 0.193200 0.917900
vt 0.193200 0.917400
vt 0.193200 0.916900
vt 0.193220 0.916410
vt 0.193240 0.915960
vt 0.193550 0.917720
vt 0.193550 0.917370
vt 0.192280 0.920090
vt 0.179470 0.910720
vt 0.179020 0.910900
vt 0.178940 0.911600
vt 0.179400 0.911440
vt 0.178940 0.912330
vt 0.179400 0.912180
vt 0.179020 0.913070
vt 0.179470 0.912940
vt 0.390620 0.918530
vt 0.389980 0.918530
vt 0.389980 0.919410
vt 0.390620 0.919430
vt 0.389980 0.920260
vt 0.390620 0.920290
vt 0.389980 0.921040
vt 0.390620 0.921090
vt 0.389980 0.921720
vt 0.390620 0.921790
vt 0.389980 0.922290
vt 0.390620 0.922360
vt 0.389370 0.921540
vt 0.389370 0.920890
vt 0.389370 0.920160
vt 0.389370 0.919360
vt 0.389370 0.918530
vt 0.389370 0.917700
vt 0.389980 0.917650
vt 0.390620 0.917630
vt 0.389980 0.916800
vt 0.390620 0.916770
vt 0.389980 0.916020
vt 0.390620 0.915970
vt 0.389980 0.915340
vt 0.390620 0.915270
vt 0.389980 0.914780
vt 0.390620 0.914700
vt 0.389370 0.915520
vt 0.389370 0.916170
vt 0.389370 0.916900
vt 0.388810 0.917070
vt 0.388810 0.917780
vt 0.388810 0.918530
vt 0.388810 0.919280
vt 0.388810 0.920000
vt 0.388810 0.920660
vt 0.388810 0.921240
vt 0.388320 0.920340
vt 0.388320 0.919780
vt 0.388320 0.919170
vt 0.388320 0.918530
vt 0.388320 0.917900
vt 0.388320 0.917280
vt 0.388320 0.916720
vt 0.388810 0.916400
vt 0.388810 0.915820
vt 0.387920 0.918030
vt 0.387920 0.918530
vt 0.387920 0.919030
vt 0.387920 0.919510
vt 0.008350 0.751220
vt 0.008350 0.815930
vt 0.008910 0.815900
vt 0.008910 0.751190
vt 0.008300 0.750460
vt 0.008910 0.750430
vt 0.008160 0.749740
vt 0.008910 0.749710
vt 0.007940 0.749080
vt 0.008910 0.749030
vt 0.007640 0.748500
vt 0.008910 0.748450
vt 0.007270 0.748040
vt 0.008910 0.747960
vt 0.006840 0.747700
vt 0.008910 0.747610
vt 0.006390 0.747500
vt 0.008910 0.747380
vt 0.005910 0.747440
vt 0.008910 0.747310
vt 0.008910 0.745000
vt 0.005910 0.745140
vt 0.002890 0.745270
vt 0.002890 0.747580
vt 0.002890 0.747650
vt 0.005430 0.747540
vt 0.002890 0.747870
vt 0.004980 0.747780
vt 0.002890 0.748230
vt 0.004550 0.748160
vt 0.002890 0.748710
vt 0.004180 0.748660
vt 0.002890 0.749300
vt 0.003880 0.749260
vt 0.002890 0.749970
vt 0.003660 0.749940
vt 0.002890 0.750700
vt 0.003520 0.750670
vt 0.002890 0.751460
vt 0.003470 0.751430
vt 0.002890 0.816170
vt 0.003470 0.816140
vt 0.012730 0.747240
vt 0.012130 0.747330
vt 0.011550 0.747560
vt 0.011020 0.747930
vt 0.010550 0.748420
vt 0.010170 0.749010
vt 0.009880 0.749690
vt 0.009710 0.750420
vt 0.009650 0.751180
vt 0.009650 0.815890
vt 0.012730 0.744940
vt 0.016510 0.744870
vt 0.016510 0.747180
vt 0.016510 0.747250
vt 0.013330 0.747310
vt 0.016510 0.747480
vt 0.013900 0.747520
vt 0.016510 0.747830
vt 0.014440 0.747870
vt 0.016510 0.748320
vt 0.014900 0.748340
vt 0.016510 0.748900
vt 0.015280 0.748930
vt 0.016510 0.749580
vt 0.015570 0.749590
vt 0.016510 0.750300
vt 0.015740 0.750320
vt 0.016510 0.751060
vt 0.015800 0.751070
vt 0.016510 0.815770
vt 0.015800 0.815780
vt 0.017360 0.750310
vt 0.017290 0.751060
vt 0.017290 0.815770
vt 0.017540 0.749580
vt 0.017840 0.748910
vt 0.018240 0.748320
vt 0.018730 0.747840
vt 0.019290 0.747480
vt 0.019900 0.747270
vt 0.020540 0.747190
vt 0.020530 0.744890
vt 0.024520 0.744900
vt 0.024520 0.747210
vt 0.024520 0.747280
vt 0.021170 0.747270
vt 0.024520 0.747500
vt 0.021780 0.747490
vt 0.024520 0.747860
vt 0.022340 0.747850
vt 0.024520 0.748340
vt 0.022830 0.748340
vt 0.024520 0.748930
vt 0.023230 0.748930
vt 0.024520 0.749600
vt 0.023530 0.749600
vt 0.024520 0.750330
vt 0.023710 0.750330
vt 0.024520 0.751090
vt 0.023780 0.751080
vt 0.024520 0.815800
vt 0.023780 0.815790
vt 0.025290 0.750350
vt 0.025230 0.751100
vt 0.025230 0.815810
vt 0.025450 0.749620
vt 0.025720 0.748960
vt 0.026080 0.748380
vt 0.026520 0.747910
vt 0.027030 0.747560
vt 0.027570 0.747360
vt 0.028140 0.747300
vt 0.028140 0.744990
vt 0.031720 0.745080
vt 0.031720 0.747380
vt 0.031720 0.747460
vt 0.028710 0.747380
vt 0.031720 0.747680
vt 0.029260 0.747620
vt 0.031720 0.748040
vt 0.029760 0.747990
vt 0.031720 0.748520
vt 0.030200 0.748480
vt 0.031720 0.749110
vt 0.030560 0.749080
vt 0.031720 0.749780
vt 0.030830 0.749760
vt 0.031720 0.750510
vt 0.031000 0.750490
vt 0.031720 0.751270
vt 0.031050 0.751250
vt 0.031720 0.815970
vt 0.031050 0.815960
vt 0.223950 0.931060
vt 0.223940 0.931960
vt 0.224570 0.931960
vt 0.224580 0.931080
vt 0.224600 0.930200
vt 0.223970 0.930170
vt 0.224630 0.929360
vt 0.224000 0.929300
vt 0.224670 0.928580
vt 0.224040 0.928510
vt 0.224730 0.927890
vt 0.224090 0.927810
vt 0.224780 0.927330
vt 0.224150 0.927240
vt 0.225400 0.927570
vt 0.225340 0.928100
vt 0.225290 0.928740
vt 0.225250 0.929470
vt 0.225220 0.930270
vt 0.225200 0.931100
vt 0.225200 0.931930
vt 0.225200 0.932730
vt 0.224580 0.932810
vt 0.223950 0.932830
vt 0.224600 0.933590
vt 0.223970 0.933620
vt 0.224630 0.934280
vt 0.224000 0.934320
vt 0.224670 0.934840
vt 0.224040 0.934900
vt 0.225250 0.934110
vt 0.225220 0.933470
vt 0.225810 0.933250
vt 0.225790 0.932580
vt 0.225790 0.931870
vt 0.225790 0.931120
vt 0.225810 0.930370
vt 0.225840 0.929650
vt 0.225870 0.928990
vt 0.225920 0.928410
vt 0.225970 0.927940
vt 0.226430 0.928830
vt 0.226390 0.929330
vt 0.226360 0.929890
vt 0.226340 0.930500
vt 0.226320 0.931130
vt 0.226320 0.931770
vt 0.226320 0.932380
vt 0.226340 0.932940
vt 0.226360 0.933440
vt 0.225840 0.933830
vt 0.226810 0.932960
vt 0.226790 0.932570
vt 0.226780 0.932130
vt 0.226770 0.931650
vt 0.226780 0.931150
vt 0.226790 0.930650
vt 0.226810 0.930170
vt 0.629570 0.728970
vt 0.629430 0.729510
vt 0.630050 0.729710
vt 0.630170 0.729220
vt 0.630630 0.729980
vt 0.630740 0.729560
vt 0.631160 0.730300
vt 0.631240 0.729980
vt 0.631100 0.730680
vt 0.630550 0.730450
vt 0.629950 0.730270
vt 0.629330 0.730130
vt 0.628810 0.729390
vt 0.628960 0.728810
vt 0.628700 0.730050
vt 0.628200 0.729350
vt 0.628090 0.730020
vt 0.628630 0.730760
vt 0.628020 0.730750
vt 0.628610 0.731500
vt 0.628000 0.731510
vt 0.628690 0.816540
vt 0.628080 0.816540
vt 0.629320 0.816540
vt 0.629240 0.731500
vt 0.629260 0.730800
vt 0.629900 0.730870
vt 0.630500 0.730970
vt 0.631060 0.731080
vt 0.631540 0.731210
vt 0.631570 0.730940
vt 0.631610 0.730680
vt 0.631540 0.731500
vt 0.631050 0.731500
vt 0.630490 0.731500
vt 0.629880 0.731500
vt 0.629960 0.816540
vt 0.630560 0.816540
vt 0.631120 0.816540
vt 0.631610 0.816540
vt 0.701880 0.654870
vt 0.701330 0.654990
vt 0.701260 0.655620
vt 0.701810 0.655540
vt 0.702480 0.654830
vt 0.702400 0.655510
vt 0.701760 0.656260
vt 0.702360 0.656240
vt 0.701750 0.657000
vt 0.702340 0.657000
vt 0.701880 0.742030
vt 0.702480 0.742030
vt 0.701340 0.742030
vt 0.701210 0.657000
vt 0.701220 0.656290
vt 0.700740 0.656990
vt 0.700750 0.656360
vt 0.457250 0.824280
vt 0.456610 0.824280
vt 0.456610 0.825170
vt 0.457250 0.825180
vt 0.456610 0.826010
vt 0.457250 0.826050
vt 0.456610 0.826790
vt 0.457250 0.826840
vt 0.456610 0.827480
vt 0.457250 0.827540
vt 0.456000 0.827290
vt 0.456000 0.826650
vt 0.456000 0.825910
vt 0.456000 0.825110
vt 0.456000 0.824280
vt 0.456000 0.823450
vt 0.456610 0.823400
vt 0.457250 0.823390
vt 0.456610 0.822560
vt 0.457250 0.822520
vt 0.456610 0.821780
vt 0.457250 0.821730
vt 0.456610 0.821090
vt 0.457250 0.821030
vt 0.456610 0.820530
vt 0.457250 0.820460
vt 0.456000 0.820750
vt 0.456000 0.821280
vt 0.456000 0.821920
vt 0.456000 0.822660
vt 0.455440 0.822820
vt 0.455440 0.823540
vt 0.455440 0.824280
vt 0.455440 0.825030
vt 0.455440 0.825750
vt 0.455440 0.826410
vt 0.455440 0.826990
vt 0.454950 0.826590
vt 0.454950 0.826090
vt 0.454950 0.825530
vt 0.454950 0.824920
vt 0.454950 0.824280
vt 0.454950 0.823650
vt 0.454950 0.823040
vt 0.454950 0.822480
vt 0.455440 0.822160
vt 0.455440 0.821580
vt 0.454550 0.824780
vt 0.454550 0.824280
vt 0.454550 0.825260
vt 0.454550 0.825710
vt 0.670330 0.937020
vt 0.670810 0.936530
vt 0.670710 0.936260
vt 0.670200 0.936680
vt 0.670620 0.935930
vt 0.670090 0.936260
vt 0.669640 0.937020
vt 0.669510 0.936520
vt 0.669040 0.937270
vt 0.668900 0.936720
vt 0.668420 0.937420
vt 0.668270 0.936840
vt 0.667820 0.937480
vt 0.667670 0.936880
vt 0.668160 0.936180
vt 0.667560 0.936210
vt 0.668100 0.935470
vt 0.667490 0.935480
vt 0.668070 0.934720
vt 0.667460 0.934720
vt 0.668150 0.869970
vt 0.667540 0.869970
vt 0.668790 0.869980
vt 0.668710 0.934720
vt 0.668730 0.935430
vt 0.668790 0.936100
vt 0.669420 0.935960
vt 0.670010 0.935780
vt 0.670560 0.935560
vt 0.671040 0.935310
vt 0.671080 0.935560
vt 0.671010 0.935030
vt 0.670520 0.935150
vt 0.669970 0.935270
vt 0.669360 0.935360
vt 0.669340 0.934730
vt 0.669420 0.869980
vt 0.670030 0.869980
vt 0.669950 0.934730
vt 0.670510 0.934730
vt 0.671000 0.934740
vt 0.671080 0.869990
vt 0.670590 0.869980
vt 0.278730 0.067980
vt 0.278650 0.067320
vt 0.278110 0.067230
vt 0.278180 0.067850
vt 0.279330 0.068030
vt 0.279250 0.067360
vt 0.278610 0.066610
vt 0.279200 0.066630
vt 0.278590 0.065870
vt 0.279190 0.065880
vt 0.278730 0.001130
vt 0.279330 0.001130
vt 0.278190 0.001120
vt 0.278050 0.065860
vt 0.278060 0.066560
vt 0.408840 0.832450
vt 0.408830 0.831540
vt 0.408190 0.831570
vt 0.408200 0.832460
vt 0.408200 0.833330
vt 0.408840 0.833340
vt 0.408190 0.834170
vt 0.408830 0.834190
vt 0.408170 0.834930
vt 0.408800 0.834970
vt 0.408130 0.835590
vt 0.408770 0.835640
vt 0.407510 0.835410
vt 0.407550 0.834790
vt 0.407570 0.834070
vt 0.407580 0.833280
vt 0.407580 0.832460
vt 0.407570 0.831630
vt 0.407550 0.830820
vt 0.408170 0.830720
vt 0.408800 0.830670
vt 0.408130 0.829920
vt 0.408770 0.829860
vt 0.408090 0.829210
vt 0.408720 0.829140
vt 0.408040 0.828630
vt 0.408670 0.828540
vt 0.407430 0.828850
vt 0.407470 0.829400
vt 0.407510 0.830070
vt 0.406930 0.830300
vt 0.406960 0.830980
vt 0.406980 0.831700
vt 0.406990 0.832450
vt 0.406990 0.833200
vt 0.406980 0.833910
vt 0.406960 0.834550
vt 0.406930 0.835110
vt 0.406410 0.834700
vt 0.406440 0.834230
vt 0.406460 0.833680
vt 0.406460 0.833070
vt 0.406460 0.832440
vt 0.406460 0.831800
vt 0.406440 0.831190
vt 0.406410 0.830610
vt 0.406380 0.830100
vt 0.406900 0.829710
vt 0.406850 0.829210
vt 0.406350 0.829680
vt 0.406000 0.831440
vt 0.406010 0.831920
vt 0.406010 0.832420
vt 0.406010 0.832920
vt 0.406010 0.833390
vt 0.406000 0.833830
vt 0.693840 0.299370
vt 0.693830 0.298820
vt 0.693340 0.298630
vt 0.693350 0.299100
vt 0.694400 0.299570
vt 0.694390 0.298960
vt 0.695000 0.299700
vt 0.695000 0.299040
vt 0.695640 0.299740
vt 0.695640 0.299070
vt 0.695000 0.298330
vt 0.695630 0.298340
vt 0.695000 0.297590
vt 0.695630 0.297590
vt 0.695000 0.212550
vt 0.695640 0.212550
vt 0.694400 0.212550
vt 0.694390 0.297580
vt 0.694390 0.298280
vt 0.693830 0.298210
vt 0.693340 0.298110
vt 0.693340 0.297580
vt 0.693830 0.297580
vt 0.693840 0.212540
vt 0.693350 0.212540
vt 0.664920 0.206170
vt 0.665510 0.205920
vt 0.665460 0.205420
vt 0.664870 0.205620
vt 0.664300 0.206320
vt 0.664250 0.205740
vt 0.663670 0.206380
vt 0.663610 0.205780
vt 0.664210 0.205080
vt 0.663580 0.205100
vt 0.664190 0.204360
vt 0.663550 0.204370
vt 0.664180 0.203610
vt 0.663540 0.203610
vt 0.664180 0.118580
vt 0.663550 0.118580
vt 0.664810 0.118580
vt 0.664810 0.203620
vt 0.664820 0.204320
vt 0.664840 0.204990
vt 0.665430 0.204860
vt 0.665970 0.204680
vt 0.665990 0.205160
vt 0.666030 0.205580
vt 0.665950 0.204160
vt 0.665410 0.204250
vt 0.665400 0.203620
vt 0.665410 0.118590
vt 0.665950 0.118590
vt 0.665940 0.203630
vt 0.666410 0.203630
vt 0.666410 0.204050
vt 0.666410 0.118600
vt 0.493940 0.481240
vt 0.493300 0.481240
vt 0.493300 0.482120
vt 0.493940 0.482140
vt 0.493300 0.482970
vt 0.493940 0.483000
vt 0.493300 0.483750
vt 0.493940 0.483800
vt 0.493300 0.484430
vt 0.493940 0.484490
vt 0.492690 0.484250
vt 0.492690 0.483600
vt 0.492690 0.482870
vt 0.492690 0.482070
vt 0.492690 0.481240
vt 0.492690 0.480410
vt 0.493300 0.480360
vt 0.493940 0.480340
vt 0.493300 0.479510
vt 0.493940 0.479480
vt 0.493300 0.478730
vt 0.493940 0.478680
vt 0.493300 0.478040
vt 0.493940 0.477980
vt 0.492690 0.478230
vt 0.492690 0.478870
vt 0.492690 0.479610
vt 0.492130 0.479770
vt 0.492130 0.480490
vt 0.492130 0.481240
vt 0.492130 0.481980
vt 0.492130 0.482700
vt 0.492130 0.483360
vt 0.492130 0.483940
vt 0.491640 0.483540
vt 0.491640 0.483050
vt 0.491640 0.482480
vt 0.491640 0.481870
vt 0.491640 0.481240
vt 0.491640 0.480600
vt 0.491640 0.479990
vt 0.491640 0.479430
vt 0.492130 0.479110
vt 0.492130 0.478530
vt 0.491640 0.478930
vt 0.599200 0.003060
vt 0.598640 0.003310
vt 0.598640 0.003800
vt 0.599200 0.003600
vt 0.599810 0.002900
vt 0.599810 0.003480
vt 0.600440 0.002850
vt 0.600440 0.003440
vt 0.599800 0.004140
vt 0.600440 0.004110
vt 0.599800 0.004860
vt 0.600440 0.004840
vt 0.599800 0.005600
vt 0.600440 0.005600
vt 0.599810 0.070350
vt 0.600440 0.070350
vt 0.599200 0.070350
vt 0.599190 0.005600
vt 0.599190 0.004900
vt 0.599200 0.004220
vt 0.598640 0.004360
vt 0.598630 0.004970
vt 0.598630 0.005600
vt 0.598640 0.070350
vt 0.598150 0.070340
vt 0.598140 0.005590
vt 0.598140 0.005060
vt 0.598150 0.004540
vt 0.001640 0.087590
vt 0.001690 0.087050
vt 0.001100 0.086850
vt 0.001060 0.087330
vt 0.000570 0.086570
vt 0.000540 0.086980
vt 0.000600 0.086100
vt 0.001140 0.086290
vt 0.001730 0.086430
vt 0.002320 0.087170
vt 0.002270 0.087740
vt 0.002900 0.087800
vt 0.002950 0.087210
vt 0.002360 0.086520
vt 0.002990 0.086550
vt 0.002380 0.085810
vt 0.003020 0.085820
vt 0.002390 0.085070
vt 0.003020 0.085070
vt 0.002390 0.020320
vt 0.003020 0.020320
vt 0.001760 0.020320
vt 0.001760 0.085060
vt 0.001750 0.085760
vt 0.001160 0.085690
vt 0.000620 0.085590
vt 0.000620 0.085050
vt 0.001160 0.085060
vt 0.001160 0.020310
vt 0.000620 0.020310
vt 0.000160 0.020300
vt 0.000160 0.085050
vt 0.410950 0.747710
vt 0.410950 0.748610
vt 0.411590 0.748590
vt 0.411580 0.747700
vt 0.411580 0.746830
vt 0.410950 0.746820
vt 0.411590 0.746010
vt 0.410950 0.745980
vt 0.411610 0.745260
vt 0.410970 0.745220
vt 0.411630 0.744620
vt 0.411000 0.744570
vt 0.412250 0.744800
vt 0.412230 0.745410
vt 0.412210 0.746110
vt 0.412200 0.746890
vt 0.412200 0.747710
vt 0.412210 0.748540
vt 0.412230 0.749350
vt 0.411610 0.749450
vt 0.410970 0.749490
vt 0.411630 0.750260
vt 0.411000 0.750310
vt 0.411670 0.750980
vt 0.411030 0.751050
vt 0.411710 0.751590
vt 0.411070 0.751670
vt 0.412320 0.751370
vt 0.412280 0.750800
vt 0.412250 0.750120
vt 0.412830 0.749890
vt 0.412810 0.749210
vt 0.412790 0.748480
vt 0.412780 0.747730
vt 0.412780 0.746990
vt 0.412790 0.746290
vt 0.412810 0.745660
vt 0.412830 0.745110
vt 0.413320 0.746000
vt 0.413310 0.746540
vt 0.413300 0.747130
vt 0.413300 0.747760
vt 0.413310 0.748400
vt 0.413320 0.749020
vt 0.413340 0.749600
vt 0.413370 0.750120
vt 0.412860 0.750510
vt 0.412890 0.751020
vt 0.413760 0.748790
vt 0.413750 0.748300
vt 0.413740 0.747800
vt 0.413740 0.747310
vt 0.413750 0.746840
vt 0.413760 0.746420
vt 0.710200 0.836830
vt 0.710090 0.836170
vt 0.709600 0.836090
vt 0.709700 0.836700
vt 0.710770 0.836880
vt 0.710650 0.836210
vt 0.710020 0.835460
vt 0.710580 0.835480
vt 0.710000 0.834720
vt 0.710560 0.834720
vt 0.710210 0.749680
vt 0.710770 0.749690
vt 0.709720 0.749680
vt 0.709510 0.834710
vt 0.709530 0.835410
vt 0.601510 0.295640
vt 0.601640 0.296300
vt 0.601860 0.296330
vt 0.601820 0.295690
vt 0.602070 0.296420
vt 0.602130 0.295820
vt 0.602260 0.296560
vt 0.602410 0.296020
vt 0.602040 0.297150
vt 0.601950 0.297080
vt 0.601840 0.297040
vt 0.601730 0.297020
vt 0.602130 0.297250
vt 0.602430 0.296750
vt 0.602200 0.297360
vt 0.602570 0.296970
vt 0.602260 0.297490
vt 0.602680 0.297230
vt 0.602290 0.297640
vt 0.602740 0.297510
vt 0.325510 0.222850
vt 0.325930 0.222290
vt 0.325830 0.222110
vt 0.325370 0.222580
vt 0.325020 0.223340
vt 0.324850 0.222990
vt 0.324480 0.223740
vt 0.324280 0.223330
vt 0.324710 0.222570
vt 0.324110 0.222840
vt 0.323690 0.223590
vt 0.323500 0.223040
vt 0.323090 0.223750
vt 0.322900 0.223170
vt 0.322520 0.223810
vt 0.322320 0.223210
vt 0.322750 0.222500
vt 0.322170 0.222540
vt 0.322660 0.221790
vt 0.322080 0.221800
vt 0.322630 0.221040
vt 0.322050 0.221050
vt 0.322630 0.136010
vt 0.322050 0.136010
vt 0.323250 0.136010
vt 0.323250 0.221040
vt 0.323280 0.221740
vt 0.323360 0.222420
vt 0.323990 0.222280
vt 0.324600 0.222090
vt 0.325180 0.221870
vt 0.325260 0.222250
vt 0.325750 0.221880
vt 0.325700 0.221620
vt 0.325660 0.221340
vt 0.325130 0.221470
vt 0.324530 0.221580
vt 0.323910 0.221670
vt 0.323880 0.221040
vt 0.323890 0.136010
vt 0.324520 0.136010
vt 0.324510 0.221040
vt 0.325110 0.221040
vt 0.325650 0.221050
vt 0.326110 0.221060
vt 0.326120 0.221210
vt 0.326120 0.136020
vt 0.325660 0.136020
vt 0.325110 0.136010
vt 0.369500 0.918530
vt 0.368860 0.918530
vt 0.368860 0.919410
vt 0.369500 0.919430
vt 0.368860 0.920260
vt 0.369500 0.920290
vt 0.368860 0.921040
vt 0.369500 0.921090
vt 0.368860 0.921720
vt 0.369500 0.921790
vt 0.368860 0.922290
vt 0.369500 0.922360
vt 0.368250 0.922070
vt 0.368250 0.921540
vt 0.368250 0.920890
vt 0.368250 0.920160
vt 0.368250 0.919360
vt 0.368250 0.918530
vt 0.368250 0.917700
vt 0.368860 0.917650
vt 0.369500 0.917630
vt 0.368860 0.916800
vt 0.369500 0.916770
vt 0.368860 0.916020
vt 0.369500 0.915970
vt 0.368860 0.915340
vt 0.369500 0.915280
vt 0.368860 0.914780
vt 0.369500 0.914700
vt 0.368250 0.915520
vt 0.368250 0.916170
vt 0.368250 0.916900
vt 0.367690 0.917070
vt 0.367690 0.917780
vt 0.367690 0.918530
vt 0.367690 0.919280
vt 0.367690 0.920000
vt 0.367690 0.920660
vt 0.367690 0.921240
vt 0.367200 0.920340
vt 0.367200 0.919780
vt 0.367200 0.919170
vt 0.367200 0.918530
vt 0.367200 0.917900
vt 0.367200 0.917290
vt 0.367200 0.916720
vt 0.367690 0.916400
vt 0.367690 0.915820
vt 0.366800 0.917110
vt 0.366800 0.917550
vt 0.366800 0.918030
vt 0.366800 0.918530
vt 0.366800 0.919030
vt 0.220330 0.000760
vt 0.219830 0.000880
vt 0.219720 0.001500
vt 0.220220 0.001420
vt 0.220890 0.000710
vt 0.220780 0.001390
vt 0.220150 0.002140
vt 0.220710 0.002120
vt 0.220130 0.002880
vt 0.220690 0.002880
vt 0.220330 0.067630
vt 0.220890 0.067630
vt 0.219850 0.067630
vt 0.219640 0.002880
vt 0.219660 0.002180
vt 0.601480 0.137710
vt 0.601800 0.137670
vt 0.601830 0.137000
vt 0.601610 0.137020
vt 0.601810 0.136270
vt 0.601700 0.136290
vt 0.601910 0.136230
vt 0.602040 0.136920
vt 0.602100 0.137560
vt 0.602230 0.136790
vt 0.602380 0.137370
vt 0.602010 0.136170
vt 0.602100 0.136070
vt 0.602400 0.136610
vt 0.602170 0.135960
vt 0.602540 0.136390
vt 0.602220 0.135830
vt 0.602640 0.136130
vt 0.602250 0.135690
vt 0.602710 0.135850
vt 0.602260 0.135540
vt 0.602730 0.135570
vt 0.525610 0.126260
vt 0.525750 0.126000
vt 0.525290 0.125520
vt 0.525200 0.125700
vt 0.526100 0.126750
vt 0.526270 0.126420
vt 0.526640 0.127160
vt 0.526840 0.126760
vt 0.526420 0.126010
vt 0.527010 0.126280
vt 0.527430 0.127010
vt 0.527620 0.126470
vt 0.528030 0.127160
vt 0.528230 0.126590
vt 0.527760 0.125860
vt 0.528370 0.125940
vt 0.528800 0.126630
vt 0.528950 0.125960
vt 0.528460 0.125230
vt 0.529040 0.125240
vt 0.528490 0.124490
vt 0.529070 0.124480
vt 0.528490 0.059740
vt 0.529070 0.059730
vt 0.527870 0.059740
vt 0.527870 0.124490
vt 0.527840 0.125190
vt 0.527210 0.125120
vt 0.527130 0.125720
vt 0.526520 0.125530
vt 0.525940 0.125310
vt 0.525860 0.125680
vt 0.525370 0.125300
vt 0.525420 0.125040
vt 0.525460 0.124770
vt 0.526000 0.124900
vt 0.526590 0.125020
vt 0.526610 0.124490
vt 0.527240 0.124490
vt 0.527240 0.059740
vt 0.526610 0.059740
vt 0.526010 0.059740
vt 0.526010 0.124480
vt 0.525470 0.124480
vt 0.525470 0.059730
vt 0.525010 0.059720
vt 0.525010 0.124470
vt 0.288250 0.918360
vt 0.288240 0.919260
vt 0.288880 0.919250
vt 0.288880 0.918370
vt 0.288890 0.917500
vt 0.288250 0.917470
vt 0.288900 0.916690
vt 0.288270 0.916640
vt 0.288920 0.915950
vt 0.288280 0.915890
vt 0.288940 0.915320
vt 0.288300 0.915250
vt 0.288960 0.914830
vt 0.288320 0.914750
vt 0.289550 0.915530
vt 0.289530 0.916120
vt 0.289520 0.916810
vt 0.289500 0.917580
vt 0.289500 0.918400
vt 0.289500 0.919230
vt 0.289500 0.920040
vt 0.288880 0.920120
vt 0.288250 0.920140
vt 0.288890 0.920930
vt 0.288250 0.920970
vt 0.288900 0.921670
vt 0.288270 0.921720
vt 0.288920 0.922290
vt 0.288280 0.922360
vt 0.289530 0.922090
vt 0.289520 0.921510
vt 0.289500 0.920810
vt 0.290080 0.920610
vt 0.290070 0.919920
vt 0.290070 0.919190
vt 0.290070 0.918440
vt 0.290080 0.917700
vt 0.290090 0.917010
vt 0.290100 0.916390
vt 0.290120 0.915860
vt 0.290600 0.916750
vt 0.290590 0.917280
vt 0.290580 0.917870
vt 0.290580 0.918500
vt 0.290580 0.919130
vt 0.290580 0.919760
vt 0.290580 0.920350
vt 0.290590 0.920880
vt 0.290090 0.921240
vt 0.291000 0.920020
vt 0.291000 0.919560
vt 0.291000 0.919070
vt 0.291000 0.918570
vt 0.291000 0.918070
vt 0.181380 0.324170
vt 0.181150 0.324280
vt 0.181520 0.324900
vt 0.181680 0.324820
vt 0.181380 0.325030
vt 0.180950 0.324470
vt 0.181260 0.325210
vt 0.180770 0.324730
vt 0.180460 0.323990
vt 0.180230 0.324320
vt 0.180620 0.325050
vt 0.180050 0.324720
vt 0.179680 0.323980
vt 0.179460 0.324460
vt 0.179110 0.323740
vt 0.178870 0.324270
vt 0.179290 0.325010
vt 0.178690 0.324890
vt 0.178310 0.324170
vt 0.178120 0.324820
vt 0.177800 0.324150
vt 0.177600 0.324810
vt 0.178000 0.325530
vt 0.177480 0.325530
vt 0.177960 0.326270
vt 0.177440 0.326290
vt 0.178220 0.411250
vt 0.177700 0.411270
vt 0.178800 0.411230
vt 0.178540 0.326250
vt 0.178580 0.325550
vt 0.179190 0.325610
vt 0.179820 0.325700
vt 0.179910 0.325190
vt 0.180510 0.325410
vt 0.181080 0.325680
vt 0.181160 0.325430
vt 0.181630 0.325840
vt 0.181680 0.325730
vt 0.181750 0.325640
vt 0.181820 0.325570
vt 0.181590 0.325970
vt 0.181570 0.326110
vt 0.181040 0.325950
vt 0.180450 0.325820
vt 0.180430 0.326240
vt 0.179800 0.326230
vt 0.179160 0.326240
vt 0.179420 0.411220
vt 0.180050 0.411220
vt 0.180680 0.411220
vt 0.181280 0.411230
vt 0.181020 0.326240
vt 0.181560 0.326260
vt 0.181820 0.411240
vt 0.483760 0.040480
vt 0.483320 0.040490
vt 0.483200 0.041210
vt 0.483640 0.041210
vt 0.483160 0.041960
vt 0.483600 0.041970
vt 0.483320 0.126950
vt 0.483760 0.126970
vt 0.348380 0.918530
vt 0.347740 0.918530
vt 0.347740 0.919410
vt 0.348380 0.919430
vt 0.347740 0.920260
vt 0.348380 0.920290
vt 0.347740 0.921040
vt 0.348380 0.921090
vt 0.347740 0.921720
vt 0.348380 0.921790
vt 0.347740 0.922290
vt 0.348380 0.922360
vt 0.347130 0.921540
vt 0.347130 0.920890
vt 0.347130 0.920160
vt 0.347130 0.919360
vt 0.347130 0.918530
vt 0.347130 0.917700
vt 0.347740 0.917650
vt 0.348380 0.917630
vt 0.347740 0.916800
vt 0.348380 0.916770
vt 0.347740 0.916020
vt 0.348380 0.915970
vt 0.347740 0.915340
vt 0.348380 0.915280
vt 0.347740 0.914780
vt 0.348380 0.914700
vt 0.347130 0.914990
vt 0.347130 0.915520
vt 0.347130 0.916170
vt 0.347130 0.916900
vt 0.346570 0.917070
vt 0.346570 0.917780
vt 0.346570 0.918530
vt 0.346570 0.919280
vt 0.346570 0.920000
vt 0.346570 0.920660
vt 0.346570 0.921240
vt 0.346080 0.920340
vt 0.346080 0.919780
vt 0.346080 0.919170
vt 0.346080 0.918530
vt 0.346080 0.917900
vt 0.346080 0.917290
vt 0.346080 0.916720
vt 0.346570 0.916400
vt 0.346570 0.915820
vt 0.345670 0.917550
vt 0.345670 0.918030
vt 0.345670 0.918530
vt 0.345670 0.919030
vt 0.345670 0.919510
vt 0.313490 0.134350
vt 0.313710 0.133640
vt 0.313630 0.133590
vt 0.313340 0.134260
vt 0.313190 0.135010
vt 0.312970 0.134880
vt 0.313200 0.134110
vt 0.312760 0.134660
vt 0.312540 0.135420
vt 0.312280 0.135150
vt 0.312580 0.134380
vt 0.312050 0.134790
vt 0.311750 0.135550
vt 0.311490 0.135130
vt 0.311860 0.134360
vt 0.311270 0.134630
vt 0.310920 0.135390
vt 0.310680 0.134830
vt 0.310380 0.135560
vt 0.310120 0.134960
vt 0.310500 0.134200
vt 0.309930 0.134290
vt 0.309610 0.135020
vt 0.309410 0.134330
vt 0.309810 0.133570
vt 0.309300 0.133600
vt 0.309780 0.132820
vt 0.309260 0.132840
vt 0.310110 0.068120
vt 0.309590 0.068130
vt 0.310690 0.068110
vt 0.310360 0.132820
vt 0.310390 0.133520
vt 0.311010 0.133450
vt 0.311110 0.134060
vt 0.311720 0.133880
vt 0.312330 0.133670
vt 0.312440 0.134050
vt 0.312970 0.133690
vt 0.313070 0.133920
vt 0.313500 0.133420
vt 0.313560 0.133520
vt 0.313450 0.133300
vt 0.313410 0.133170
vt 0.312900 0.133420
vt 0.312850 0.133140
vt 0.312260 0.133260
vt 0.311640 0.133360
vt 0.311620 0.132820
vt 0.310980 0.132820
vt 0.311310 0.068110
vt 0.311950 0.068110
vt 0.312580 0.068130
vt 0.312240 0.132830
vt 0.312840 0.132850
vt 0.313380 0.132870
vt 0.313390 0.133020
vt 0.313710 0.068170
vt 0.313170 0.068140
vt 0.094220 0.881780
vt 0.094220 0.817030
vt 0.093630 0.817030
vt 0.093630 0.881770
vt 0.094270 0.882540
vt 0.093630 0.882530
vt 0.094420 0.883270
vt 0.093630 0.883260
vt 0.094660 0.883940
vt 0.093630 0.883930
vt 0.094980 0.884540
vt 0.093630 0.884520
vt 0.095370 0.885020
vt 0.093630 0.885000
vt 0.095810 0.885390
vt 0.093630 0.885360
vt 0.096300 0.885620
vt 0.093630 0.885580
vt 0.096800 0.885700
vt 0.093630 0.885660
vt 0.093630 0.887960
vt 0.096800 0.888000
vt 0.100000 0.888040
vt 0.100000 0.885740
vt 0.100000 0.885660
vt 0.097300 0.885630
vt 0.100000 0.885440
vt 0.097790 0.885410
vt 0.100000 0.885080
vt 0.098230 0.885060
vt 0.100000 0.884600
vt 0.098630 0.884580
vt 0.100000 0.884010
vt 0.098950 0.884000
vt 0.100000 0.883340
vt 0.099180 0.883330
vt 0.100000 0.882610
vt 0.099330 0.882600
vt 0.100000 0.881850
vt 0.099380 0.881850
vt 0.100000 0.817110
vt 0.099380 0.817100
vt 0.089740 0.885640
vt 0.090350 0.885570
vt 0.090940 0.885350
vt 0.091480 0.884990
vt 0.091950 0.884510
vt 0.092350 0.883920
vt 0.092640 0.883250
vt 0.092810 0.882530
vt 0.092870 0.881770
vt 0.092870 0.817020
vt 0.089740 0.887940
vt 0.085880 0.887930
vt 0.085880 0.885620
vt 0.085880 0.885550
vt 0.089120 0.885560
vt 0.085880 0.885320
vt 0.088530 0.885340
vt 0.085880 0.884970
vt 0.087990 0.884980
vt 0.085880 0.884480
vt 0.087520 0.884490
vt 0.085880 0.883890
vt 0.087120 0.883900
vt 0.085880 0.883220
vt 0.086830 0.883230
vt 0.085880 0.882490
vt 0.086660 0.882500
vt 0.085880 0.881740
vt 0.086600 0.881740
vt 0.085880 0.816990
vt 0.086600 0.816990
vt 0.085030 0.882500
vt 0.085100 0.881740
vt 0.085100 0.816990
vt 0.084850 0.883220
vt 0.084550 0.883900
vt 0.084150 0.884490
vt 0.083660 0.884970
vt 0.083110 0.885330
vt 0.082500 0.885550
vt 0.081880 0.885630
vt 0.081880 0.887940
vt 0.077920 0.887940
vt 0.077920 0.885640
vt 0.077920 0.885560
vt 0.081250 0.885560
vt 0.077920 0.885340
vt 0.080640 0.885340
vt 0.077920 0.884980
vt 0.080090 0.884980
vt 0.077920 0.884500
vt 0.079600 0.884500
vt 0.077920 0.883910
vt 0.079200 0.883910
vt 0.077920 0.883240
vt 0.078900 0.883240
vt 0.077920 0.882510
vt 0.078720 0.882510
vt 0.077920 0.881750
vt 0.078650 0.881750
vt 0.077920 0.817010
vt 0.078650 0.817010
vt 0.077180 0.882520
vt 0.077230 0.881760
vt 0.077230 0.817020
vt 0.077020 0.883250
vt 0.076760 0.883920
vt 0.076410 0.884520
vt 0.075980 0.885000
vt 0.075500 0.885370
vt 0.074970 0.885590
vt 0.074420 0.885670
vt 0.074420 0.887980
vt 0.070970 0.888010
vt 0.070970 0.885710
vt 0.070970 0.885630
vt 0.073870 0.885600
vt 0.070970 0.885410
vt 0.073350 0.885390
vt 0.070970 0.885050
vt 0.072860 0.885030
vt 0.070970 0.884570
vt 0.072440 0.884550
vt 0.070970 0.883980
vt 0.072090 0.883970
vt 0.070970 0.883310
vt 0.071830 0.883300
vt 0.070970 0.882580
vt 0.071670 0.882570
vt 0.070970 0.881820
vt 0.071610 0.881820
vt 0.070970 0.817080
vt 0.071610 0.817070
vt 0.488760 0.288510
vt 0.488720 0.287760
vt 0.488280 0.287740
vt 0.488320 0.288480
vt 0.488320 0.223020
vt 0.488760 0.223040
vt 0.427070 0.824450
vt 0.427070 0.823550
vt 0.426440 0.823560
vt 0.426440 0.824440
vt 0.426440 0.825310
vt 0.427070 0.825330
vt 0.426440 0.826120
vt 0.427070 0.826160
vt 0.426440 0.826850
vt 0.427070 0.826910
vt 0.426440 0.827470
vt 0.427080 0.827540
vt 0.425830 0.827270
vt 0.425830 0.826680
vt 0.425830 0.826000
vt 0.425830 0.825230
vt 0.425830 0.824410
vt 0.425830 0.823580
vt 0.425830 0.822760
vt 0.426440 0.822690
vt 0.427070 0.822670
vt 0.426440 0.821870
vt 0.427070 0.821830
vt 0.426440 0.821130
vt 0.427070 0.821080
vt 0.426440 0.820510
vt 0.427080 0.820440
vt 0.425830 0.820710
vt 0.425830 0.821300
vt 0.425830 0.821990
vt 0.425270 0.822190
vt 0.425270 0.822880
vt 0.425270 0.823620
vt 0.425270 0.824370
vt 0.425270 0.825100
vt 0.425270 0.825790
vt 0.425270 0.826410
vt 0.425270 0.826940
vt 0.424780 0.826050
vt 0.424780 0.825520
vt 0.424780 0.824930
vt 0.424780 0.824310
vt 0.424780 0.823670
vt 0.424780 0.823050
vt 0.424780 0.822460
vt 0.424780 0.821930
vt 0.425270 0.821570
vt 0.424370 0.822780
vt 0.424370 0.823240
vt 0.424370 0.823740
vt 0.424370 0.824240
vt 0.134690 0.453240
vt 0.134570 0.453770
vt 0.135190 0.453970
vt 0.135290 0.453500
vt 0.135760 0.454240
vt 0.135850 0.453840
vt 0.136270 0.454580
vt 0.136350 0.454270
vt 0.136220 0.454950
vt 0.135690 0.454710
vt 0.135110 0.454520
vt 0.134490 0.454380
vt 0.133950 0.453650
vt 0.133850 0.454300
vt 0.133330 0.453620
vt 0.133230 0.454280
vt 0.133800 0.455000
vt 0.133180 0.455000
vt 0.133780 0.455740
vt 0.133160 0.455750
vt 0.133940 0.540730
vt 0.133320 0.540740
vt 0.134580 0.540720
vt 0.134420 0.455740
vt 0.134430 0.455040
vt 0.135060 0.455110
vt 0.135650 0.455220
vt 0.136190 0.455350
vt 0.136180 0.455770
vt 0.135640 0.455750
vt 0.135040 0.455740
vt 0.135210 0.540730
vt 0.135800 0.540740
vt 0.136350 0.540750
vt 0.463750 0.039190
vt 0.463210 0.039340
vt 0.463100 0.039900
vt 0.463620 0.039780
vt 0.464340 0.039140
vt 0.464210 0.039750
vt 0.463530 0.040460
vt 0.464120 0.040430
vt 0.463480 0.041180
vt 0.464060 0.041170
vt 0.463460 0.041920
vt 0.464040 0.041930
vt 0.463750 0.126920
vt 0.464340 0.126930
vt 0.463230 0.126910
vt 0.462940 0.041910
vt 0.462960 0.041210
vt 0.463010 0.040530
vt 0.462500 0.041890
vt 0.462520 0.041260
vt 0.462790 0.126890
vt 0.448490 0.839920
vt 0.449130 0.839920
vt 0.449130 0.839040
vt 0.448490 0.839020
vt 0.449130 0.838190
vt 0.448490 0.838160
vt 0.449130 0.837410
vt 0.448490 0.837360
vt 0.449130 0.836730
vt 0.448490 0.836660
vt 0.449730 0.836910
vt 0.449730 0.837560
vt 0.449730 0.838290
vt 0.449730 0.839090
vt 0.449730 0.839920
vt 0.449730 0.840750
vt 0.449130 0.840800
vt 0.448490 0.840820
vt 0.449130 0.841650
vt 0.448490 0.841680
vt 0.449130 0.842430
vt 0.448490 0.842480
vt 0.449130 0.843110
vt 0.448490 0.843180
vt 0.449130 0.843680
vt 0.448490 0.843750
vt 0.449730 0.843460
vt 0.449730 0.842930
vt 0.449730 0.842280
vt 0.449730 0.841550
vt 0.450300 0.841390
vt 0.450300 0.840670
vt 0.450300 0.839920
vt 0.450300 0.839170
vt 0.450300 0.838460
vt 0.450300 0.837790
vt 0.450300 0.837210
vt 0.450790 0.837620
vt 0.450790 0.838110
vt 0.450790 0.838670
vt 0.450790 0.839290
vt 0.450790 0.839920
vt 0.450790 0.840560
vt 0.450790 0.841170
vt 0.450790 0.841730
vt 0.450300 0.842050
vt 0.450300 0.842630
vt 0.450300 0.843100
vt 0.451190 0.839420
vt 0.451190 0.839920
vt 0.451190 0.838940
vt 0.451190 0.838500
vt 0.029500 0.223110
vt 0.029970 0.222640
vt 0.029890 0.222350
vt 0.029390 0.222760
vt 0.029820 0.222020
vt 0.029300 0.222330
vt 0.028830 0.223090
vt 0.028730 0.222580
vt 0.028230 0.223330
vt 0.028110 0.222770
vt 0.027610 0.223490
vt 0.027490 0.222890
vt 0.027000 0.223550
vt 0.026870 0.222940
vt 0.027400 0.222220
vt 0.026780 0.222250
vt 0.027340 0.221500
vt 0.026720 0.221510
vt 0.027320 0.220750
vt 0.026700 0.220750
vt 0.027570 0.156040
vt 0.026950 0.156040
vt 0.028210 0.156050
vt 0.027960 0.220750
vt 0.027980 0.221460
vt 0.028030 0.222140
vt 0.028650 0.222010
vt 0.029240 0.221840
vt 0.029760 0.221630
vt 0.029730 0.221220
vt 0.029200 0.221320
vt 0.028600 0.221400
vt 0.028590 0.220770
vt 0.028840 0.156060
vt 0.029430 0.156070
vt 0.029180 0.220780
vt 0.029720 0.220800
vt 0.029970 0.156090
vt 0.634010 0.070460
vt 0.633920 0.069820
vt 0.633390 0.069710
vt 0.633480 0.070320
vt 0.634590 0.070520
vt 0.634500 0.069860
vt 0.633860 0.069110
vt 0.634440 0.069140
vt 0.633840 0.068370
vt 0.634430 0.068380
vt 0.634010 0.003650
vt 0.634590 0.003660
vt 0.633490 0.003630
vt 0.633320 0.068350
vt 0.633340 0.069050
vt 0.632890 0.068330
vt 0.632900 0.068960
vt 0.633050 0.003610
vt 0.476230 0.942570
vt 0.476230 0.941670
vt 0.475600 0.941680
vt 0.475600 0.942560
vt 0.475610 0.943430
vt 0.476240 0.943450
vt 0.475620 0.944240
vt 0.476250 0.944290
vt 0.475630 0.944980
vt 0.476260 0.945040
vt 0.475650 0.945610
vt 0.476280 0.945670
vt 0.475040 0.945400
vt 0.475030 0.944810
vt 0.475010 0.944120
vt 0.475000 0.943350
vt 0.475000 0.942530
vt 0.475000 0.941700
vt 0.475000 0.940890
vt 0.475610 0.940810
vt 0.476240 0.940790
vt 0.475620 0.939990
vt 0.476250 0.939950
vt 0.475630 0.939260
vt 0.476260 0.939210
vt 0.475650 0.938640
vt 0.476280 0.938570
vt 0.475040 0.938840
vt 0.475030 0.939430
vt 0.475010 0.940120
vt 0.474460 0.940320
vt 0.474450 0.941010
vt 0.474450 0.941740
vt 0.474450 0.942490
vt 0.474450 0.943230
vt 0.474460 0.943920
vt 0.474470 0.944540
vt 0.474490 0.945070
vt 0.474010 0.944630
vt 0.474000 0.944180
vt 0.473990 0.943650
vt 0.473980 0.943060
vt 0.473970 0.942440
vt 0.473970 0.941800
vt 0.473980 0.941170
vt 0.473990 0.940590
vt 0.474000 0.940060
vt 0.474470 0.939690
vt 0.474490 0.939170
vt 0.698680 0.476030
vt 0.698660 0.475420
vt 0.698120 0.475270
vt 0.698140 0.475810
vt 0.699280 0.476160
vt 0.699260 0.475520
vt 0.699910 0.476210
vt 0.699890 0.475550
vt 0.699250 0.474810
vt 0.699880 0.474830
vt 0.699240 0.474070
vt 0.699870 0.474080
vt 0.699280 0.389090
vt 0.699910 0.389090
vt 0.698690 0.389070
vt 0.698650 0.474060
vt 0.698650 0.474760
vt 0.698110 0.474670
vt 0.698110 0.474040
vt 0.698150 0.389060
vt 0.666110 0.749300
vt 0.665540 0.749540
vt 0.665560 0.750050
vt 0.666140 0.749860
vt 0.666730 0.749150
vt 0.666760 0.749740
vt 0.667370 0.749090
vt 0.667400 0.749700
vt 0.666780 0.750410
vt 0.667420 0.750380
vt 0.666800 0.751130
vt 0.667430 0.751120
vt 0.666800 0.751880
vt 0.667440 0.751880
vt 0.666800 0.836880
vt 0.667440 0.836880
vt 0.666180 0.836870
vt 0.666180 0.751870
vt 0.666170 0.751170
vt 0.666160 0.750490
vt 0.665580 0.750620
vt 0.665060 0.750790
vt 0.665050 0.750300
vt 0.665030 0.749880
vt 0.665070 0.751310
vt 0.665590 0.751230
vt 0.665600 0.751860
vt 0.665600 0.836860
vt 0.665080 0.836840
vt 0.665080 0.751850
vt 0.664640 0.751830
vt 0.664630 0.751400
vt 0.664640 0.836820
vt 0.472310 0.832390
vt 0.471680 0.832390
vt 0.471680 0.833270
vt 0.472310 0.833290
vt 0.471680 0.834120
vt 0.472310 0.834150
vt 0.471680 0.834900
vt 0.472310 0.834950
vt 0.471680 0.835580
vt 0.472310 0.835640
vt 0.471070 0.835400
vt 0.471070 0.834750
vt 0.471070 0.834020
vt 0.471070 0.833220
vt 0.471070 0.832390
vt 0.471070 0.831560
vt 0.471680 0.831510
vt 0.472310 0.831490
vt 0.471680 0.830660
vt 0.472310 0.830630
vt 0.471680 0.829880
vt 0.472310 0.829830
vt 0.471680 0.829200
vt 0.472310 0.829130
vt 0.471070 0.829380
vt 0.471070 0.830030
vt 0.471070 0.830760
vt 0.470510 0.830920
vt 0.470510 0.831640
vt 0.470510 0.832390
vt 0.470510 0.833140
vt 0.470510 0.833850
vt 0.470510 0.834520
vt 0.470510 0.835100
vt 0.470010 0.834690
vt 0.470020 0.834200
vt 0.470010 0.833630
vt 0.470020 0.833020
vt 0.470020 0.832390
vt 0.470020 0.831750
vt 0.470020 0.831140
vt 0.470020 0.830580
vt 0.470510 0.830260
vt 0.470510 0.829680
vt 0.470020 0.830090
vt 0.469610 0.831890
vt 0.469610 0.832390
vt 0.703850 0.870170
vt 0.703310 0.870410
vt 0.703280 0.870920
vt 0.703830 0.870730
vt 0.704450 0.870020
vt 0.704420 0.870620
vt 0.705080 0.869970
vt 0.705050 0.870580
vt 0.704410 0.871290
vt 0.705030 0.871270
vt 0.704390 0.872020
vt 0.705020 0.872010
vt 0.704390 0.872760
vt 0.705020 0.872770
vt 0.704450 0.937470
vt 0.705080 0.937480
vt 0.703860 0.937460
vt 0.703800 0.872750
vt 0.703800 0.872050
vt 0.703810 0.871370
vt 0.703270 0.871490
vt 0.703260 0.872100
vt 0.703260 0.872740
vt 0.703320 0.937450
vt 0.702790 0.872720
vt 0.702790 0.872180
vt 0.012110 0.020490
vt 0.012080 0.021020
vt 0.012660 0.021220
vt 0.012690 0.020750
vt 0.013180 0.021510
vt 0.013200 0.021100
vt 0.013160 0.021970
vt 0.012640 0.021770
vt 0.012060 0.021620
vt 0.011460 0.020890
vt 0.011490 0.020330
vt 0.010860 0.020280
vt 0.010830 0.020850
vt 0.011440 0.021530
vt 0.010810 0.021510
vt 0.011430 0.022240
vt 0.010790 0.022230
vt 0.011420 0.022980
vt 0.010790 0.022980
vt 0.011430 0.087700
vt 0.010790 0.087700
vt 0.012050 0.087710
vt 0.012050 0.022990
vt 0.012050 0.022290
vt 0.012630 0.022370
vt 0.013150 0.022480
vt 0.013150 0.023010
vt 0.012630 0.023000
vt 0.012630 0.087720
vt 0.013150 0.087730
vt 0.013590 0.087750
vt 0.013590 0.023030
vt 0.013590 0.022610
vt 0.469210 0.832500
vt 0.469210 0.831600
vt 0.468580 0.831610
vt 0.468580 0.832490
vt 0.468590 0.833370
vt 0.469220 0.833390
vt 0.468610 0.834190
vt 0.469240 0.834230
vt 0.468630 0.834940
vt 0.469260 0.834990
vt 0.468670 0.835580
vt 0.469300 0.835640
vt 0.468070 0.835380
vt 0.468040 0.834780
vt 0.468010 0.834070
vt 0.468000 0.833290
vt 0.467990 0.832470
vt 0.467990 0.831640
vt 0.468000 0.830830
vt 0.468590 0.830750
vt 0.469220 0.830720
vt 0.468610 0.829940
vt 0.469240 0.829900
vt 0.468630 0.829220
vt 0.469260 0.829160
vt 0.468670 0.828610
vt 0.469300 0.828540
vt 0.468070 0.828810
vt 0.468040 0.829390
vt 0.468010 0.830070
vt 0.467470 0.830280
vt 0.467460 0.830960
vt 0.467450 0.831690
vt 0.467450 0.832440
vt 0.467460 0.833180
vt 0.467470 0.833880
vt 0.467500 0.834510
vt 0.467030 0.834160
vt 0.467010 0.833620
vt 0.467000 0.833030
vt 0.466990 0.832400
vt 0.466990 0.831760
vt 0.467000 0.831140
vt 0.467010 0.830560
vt 0.466630 0.832840
vt 0.466620 0.832350
vt 0.466640 0.833310
vt 0.467500 0.829660
vt 0.714020 0.937480
vt 0.713890 0.936820
vt 0.713350 0.936770
vt 0.713480 0.937420
vt 0.713270 0.936060
vt 0.713810 0.936100
vt 0.713240 0.935320
vt 0.713780 0.935340
vt 0.713480 0.850340
vt 0.714020 0.850360
vt 0.433540 0.633960
vt 0.433700 0.634630
vt 0.433910 0.634660
vt 0.433850 0.633990
vt 0.434110 0.634740
vt 0.434140 0.634110
vt 0.434300 0.634870
vt 0.434410 0.634310
vt 0.434100 0.635480
vt 0.434000 0.635420
vt 0.433900 0.635380
vt 0.433790 0.635360
vt 0.434180 0.635580
vt 0.434460 0.635050
vt 0.434250 0.635690
vt 0.434590 0.635280
vt 0.434300 0.635820
vt 0.434690 0.635530
vt 0.434330 0.635960
vt 0.434760 0.635810
vt 0.336080 0.136210
vt 0.335630 0.136750
vt 0.335770 0.136960
vt 0.336260 0.136480
vt 0.335900 0.137240
vt 0.336410 0.136830
vt 0.336800 0.136080
vt 0.336980 0.136490
vt 0.337370 0.135770
vt 0.337580 0.136240
vt 0.337130 0.136990
vt 0.337750 0.136790
vt 0.338180 0.136070
vt 0.338360 0.136670
vt 0.338770 0.136010
vt 0.338950 0.136610
vt 0.338490 0.137340
vt 0.339080 0.137300
vt 0.338570 0.138060
vt 0.339170 0.138030
vt 0.338600 0.138800
vt 0.339200 0.138790
vt 0.338600 0.223800
vt 0.339200 0.223790
vt 0.337970 0.223810
vt 0.337970 0.138810
vt 0.337950 0.138100
vt 0.337870 0.137420
vt 0.337240 0.137560
vt 0.336640 0.137740
vt 0.336540 0.137260
vt 0.336000 0.137580
vt 0.335520 0.137940
vt 0.335450 0.137710
vt 0.335360 0.137520
vt 0.335570 0.138200
vt 0.336070 0.137960
vt 0.336120 0.138370
vt 0.336700 0.138260
vt 0.337310 0.138170
vt 0.337340 0.138810
vt 0.337340 0.223800
vt 0.336720 0.223800
vt 0.336720 0.138800
vt 0.336130 0.138790
vt 0.335610 0.138770
vt 0.335600 0.138480
vt 0.335170 0.138750
vt 0.335170 0.138600
vt 0.335170 0.223750
vt 0.335610 0.223770
vt 0.336130 0.223790
vt 0.327570 0.918530
vt 0.328200 0.918530
vt 0.328200 0.917650
vt 0.327570 0.917630
vt 0.328200 0.916800
vt 0.327570 0.916770
vt 0.328200 0.916020
vt 0.327570 0.915970
vt 0.328200 0.915340
vt 0.327570 0.915280
vt 0.328200 0.914780
vt 0.327570 0.914700
vt 0.328810 0.914990
vt 0.328810 0.915520
vt 0.328810 0.916170
vt 0.328810 0.916900
vt 0.328810 0.917700
vt 0.328810 0.918530
vt 0.328810 0.919360
vt 0.328200 0.919410
vt 0.327570 0.919430
vt 0.328200 0.920260
vt 0.327570 0.920290
vt 0.328200 0.921040
vt 0.327570 0.921090
vt 0.328200 0.921720
vt 0.327570 0.921790
vt 0.328200 0.922290
vt 0.327570 0.922360
vt 0.328810 0.921540
vt 0.328810 0.920890
vt 0.328810 0.920160
vt 0.329380 0.920000
vt 0.329380 0.919280
vt 0.329380 0.918530
vt 0.329380 0.917780
vt 0.329380 0.917070
vt 0.329380 0.916400
vt 0.329380 0.915820
vt 0.329870 0.916720
vt 0.329870 0.917290
vt 0.329870 0.917900
vt 0.329870 0.918530
vt 0.329870 0.919170
vt 0.329870 0.919780
vt 0.329870 0.920340
vt 0.329380 0.920660
vt 0.329380 0.921240
vt 0.329870 0.920830
vt 0.330270 0.919950
vt 0.330270 0.919510
vt 0.330270 0.919030
vt 0.330270 0.918530
vt 0.330270 0.918030
vt 0.195640 0.000530
vt 0.195090 0.000550
vt 0.194960 0.001230
vt 0.195510 0.001210
vt 0.194890 0.001950
vt 0.195430 0.001950
vt 0.194860 0.002690
vt 0.195400 0.002710
vt 0.195100 0.067400
vt 0.195640 0.067420
vt 0.194400 0.002680
vt 0.194420 0.001970
vt 0.006680 0.156640
vt 0.006370 0.156680
vt 0.006320 0.157340
vt 0.006530 0.157310
vt 0.006330 0.158050
vt 0.006430 0.158030
vt 0.006220 0.158090
vt 0.006120 0.157420
vt 0.006080 0.156810
vt 0.005930 0.157560
vt 0.005810 0.157010
vt 0.006130 0.158160
vt 0.006050 0.158260
vt 0.005770 0.157750
vt 0.005980 0.158370
vt 0.005630 0.157980
vt 0.005930 0.158500
vt 0.005530 0.158230
vt 0.005900 0.158650
vt 0.005470 0.158510
vt 0.154330 0.069110
vt 0.154210 0.069370
vt 0.154660 0.069850
vt 0.154740 0.069680
vt 0.153850 0.068620
vt 0.153690 0.068950
vt 0.154110 0.069690
vt 0.153570 0.069350
vt 0.153130 0.068610
vt 0.152980 0.069080
vt 0.152530 0.068360
vt 0.152360 0.068880
vt 0.151930 0.068210
vt 0.151750 0.068770
vt 0.152240 0.069490
vt 0.151620 0.069410
vt 0.151160 0.068740
vt 0.151020 0.069400
vt 0.151530 0.070120
vt 0.150940 0.070120
vt 0.151510 0.070860
vt 0.150910 0.070870
vt 0.151510 0.135580
vt 0.150920 0.135590
vt 0.152140 0.135580
vt 0.152130 0.070860
vt 0.152160 0.070160
vt 0.152790 0.070230
vt 0.152860 0.069630
vt 0.153470 0.069820
vt 0.154040 0.070060
vt 0.154540 0.070330
vt 0.154590 0.070070
vt 0.154510 0.070600
vt 0.153990 0.070460
vt 0.153410 0.070330
vt 0.153390 0.070860
vt 0.152770 0.070860
vt 0.152780 0.135580
vt 0.153400 0.135580
vt 0.153980 0.135600
vt 0.153970 0.070880
vt 0.154490 0.070890
vt 0.154930 0.070910
vt 0.154940 0.070760
vt 0.154940 0.135630
vt 0.154500 0.135610
vt 0.399440 0.840000
vt 0.399440 0.839100
vt 0.398820 0.839110
vt 0.398810 0.840000
vt 0.398820 0.840870
vt 0.399440 0.840900
vt 0.398840 0.841710
vt 0.399460 0.841750
vt 0.398870 0.842470
vt 0.399490 0.842530
vt 0.398900 0.843130
vt 0.399530 0.843200
vt 0.398950 0.843670
vt 0.399580 0.843750
vt 0.398310 0.842940
vt 0.398270 0.842310
vt 0.398250 0.841600
vt 0.398230 0.840810
vt 0.398230 0.839980
vt 0.398230 0.839150
vt 0.398250 0.838340
vt 0.398840 0.838260
vt 0.399460 0.838230
vt 0.398870 0.837460
vt 0.399490 0.837420
vt 0.398900 0.836760
vt 0.399530 0.836700
vt 0.398950 0.836170
vt 0.399580 0.836100
vt 0.398310 0.836930
vt 0.398270 0.837590
vt 0.397740 0.837810
vt 0.397720 0.838490
vt 0.397700 0.839210
vt 0.397700 0.839960
vt 0.397700 0.840700
vt 0.397720 0.841410
vt 0.397740 0.842060
vt 0.397260 0.841170
vt 0.397250 0.840570
vt 0.397250 0.839930
vt 0.397250 0.839300
vt 0.397260 0.838680
vt 0.397280 0.838110
vt 0.396910 0.838920
vt 0.396900 0.839400
vt 0.396890 0.839900
vt 0.396900 0.840400
vt 0.397770 0.837210
vt 0.145240 0.136640
vt 0.145040 0.136760
vt 0.145410 0.137380
vt 0.145550 0.137290
vt 0.145280 0.137520
vt 0.144850 0.136970
vt 0.144600 0.136220
vt 0.144360 0.136480
vt 0.144680 0.137240
vt 0.144150 0.136830
vt 0.143830 0.136080
vt 0.143590 0.136490
vt 0.143980 0.137250
vt 0.143380 0.136980
vt 0.143010 0.136240
vt 0.142780 0.136790
vt 0.142450 0.136080
vt 0.142210 0.136660
vt 0.142620 0.137410
vt 0.142030 0.137330
vt 0.141670 0.136620
vt 0.141490 0.137290
vt 0.141920 0.138040
vt 0.141380 0.138030
vt 0.141890 0.138790
vt 0.141350 0.138780
vt 0.142120 0.223820
vt 0.141580 0.223820
vt 0.142720 0.223820
vt 0.142480 0.138790
vt 0.142520 0.138090
vt 0.143140 0.138160
vt 0.143230 0.137550
vt 0.143850 0.137730
vt 0.144450 0.137950
vt 0.144550 0.137570
vt 0.145070 0.137940
vt 0.145170 0.137710
vt 0.145580 0.138220
vt 0.145630 0.138120
vt 0.145700 0.138050
vt 0.145530 0.138340
vt 0.145490 0.138470
vt 0.145000 0.138200
vt 0.144960 0.138480
vt 0.144390 0.138350
vt 0.143770 0.138250
vt 0.143750 0.138780
vt 0.143110 0.138790
vt 0.143350 0.223820
vt 0.143980 0.223810
vt 0.144600 0.223810
vt 0.144370 0.138780
vt 0.144950 0.138770
vt 0.145460 0.138760
vt 0.145470 0.138610
vt 0.145700 0.223790
vt 0.145180 0.223800
vt 0.324550 0.918530
vt 0.325190 0.918530
vt 0.325190 0.917650
vt 0.324550 0.917630
vt 0.325190 0.916800
vt 0.324550 0.916770
vt 0.325190 0.916020
vt 0.324550 0.915970
vt 0.325190 0.915340
vt 0.324550 0.915280
vt 0.325190 0.914780
vt 0.324550 0.914700
vt 0.325800 0.915520
vt 0.325800 0.916170
vt 0.325800 0.916900
vt 0.325800 0.917700
vt 0.325800 0.918530
vt 0.325800 0.919360
vt 0.325190 0.919410
vt 0.324550 0.919430
vt 0.325190 0.920260
vt 0.324550 0.920290
vt 0.325190 0.921040
vt 0.324550 0.921090
vt 0.325190 0.921720
vt 0.324550 0.921790
vt 0.325190 0.922290
vt 0.324550 0.922360
vt 0.325800 0.922070
vt 0.325800 0.921540
vt 0.325800 0.920890
vt 0.325800 0.920160
vt 0.326360 0.920000
vt 0.326360 0.919280
vt 0.326360 0.918530
vt 0.326360 0.917780
vt 0.326360 0.917070
vt 0.326360 0.916400
vt 0.326360 0.915820
vt 0.326850 0.916720
vt 0.326850 0.917280
vt 0.326850 0.917900
vt 0.326850 0.918530
vt 0.326850 0.919170
vt 0.326850 0.919780
vt 0.326850 0.920340
vt 0.326360 0.920660
vt 0.326360 0.921240
vt 0.327250 0.919510
vt 0.327250 0.919030
vt 0.327250 0.918530
vt 0.327250 0.918030
vt 0.327250 0.917550
vt 0.334720 0.134760
vt 0.335030 0.134110
vt 0.334890 0.134020
vt 0.334520 0.134640
vt 0.334760 0.133890
vt 0.334330 0.134440
vt 0.334080 0.135180
vt 0.333840 0.134930
vt 0.334160 0.134180
vt 0.333630 0.134590
vt 0.333310 0.135330
vt 0.333060 0.134930
vt 0.333460 0.134180
vt 0.332860 0.134440
vt 0.332490 0.135170
vt 0.332260 0.134630
vt 0.331920 0.135320
vt 0.331680 0.134750
vt 0.332100 0.134020
vt 0.331510 0.134090
vt 0.331150 0.134780
vt 0.330970 0.134110
vt 0.331400 0.133380
vt 0.330860 0.133380
vt 0.331370 0.132640
vt 0.330830 0.132630
vt 0.331600 0.067890
vt 0.331060 0.067880
vt 0.332200 0.067900
vt 0.331960 0.132650
vt 0.332000 0.133340
vt 0.332620 0.133280
vt 0.332710 0.133890
vt 0.333330 0.133700
vt 0.333930 0.133480
vt 0.334030 0.133850
vt 0.334550 0.133480
vt 0.334650 0.133700
vt 0.335060 0.133190
vt 0.335110 0.133280
vt 0.335180 0.133350
vt 0.335010 0.133070
vt 0.334970 0.132940
vt 0.334480 0.133230
vt 0.334440 0.132950
vt 0.333870 0.133080
vt 0.333250 0.133190
vt 0.333230 0.132660
vt 0.332590 0.132650
vt 0.332830 0.067910
vt 0.333460 0.067910
vt 0.334080 0.067910
vt 0.333850 0.132660
vt 0.334430 0.132660
vt 0.334940 0.132650
vt 0.334950 0.132800
vt 0.335180 0.067910
vt 0.334660 0.067910
vt 0.481390 0.941840
vt 0.481410 0.940940
vt 0.480780 0.940950
vt 0.480770 0.941830
vt 0.480770 0.942710
vt 0.481390 0.942740
vt 0.480780 0.943560
vt 0.481410 0.943610
vt 0.480810 0.944340
vt 0.481430 0.944400
vt 0.480850 0.945030
vt 0.481470 0.945100
vt 0.480890 0.945590
vt 0.481520 0.945670
vt 0.480300 0.945370
vt 0.480260 0.944840
vt 0.480220 0.944190
vt 0.480200 0.943450
vt 0.480190 0.942660
vt 0.480190 0.941830
vt 0.480200 0.941000
vt 0.480220 0.940200
vt 0.480810 0.940110
vt 0.481430 0.940080
vt 0.480850 0.939330
vt 0.481470 0.939290
vt 0.480890 0.938640
vt 0.481520 0.938590
vt 0.480300 0.938820
vt 0.480260 0.939460
vt 0.479720 0.939690
vt 0.479690 0.940350
vt 0.479670 0.941070
vt 0.479660 0.941820
vt 0.479660 0.942570
vt 0.479670 0.943280
vt 0.479690 0.943950
vt 0.479720 0.944530
vt 0.479220 0.943060
vt 0.479210 0.942450
vt 0.479210 0.941810
vt 0.479220 0.941180
vt 0.479240 0.940570
vt 0.479270 0.940000
vt 0.479760 0.939110
vt 0.658930 0.388460
vt 0.658830 0.388870
vt 0.659380 0.389210
vt 0.659460 0.388860
vt 0.659300 0.389630
vt 0.658740 0.389360
vt 0.658230 0.388620
vt 0.658130 0.389170
vt 0.657610 0.388460
vt 0.657510 0.389050
vt 0.656980 0.388410
vt 0.656880 0.389010
vt 0.657430 0.389710
vt 0.656800 0.389680
vt 0.657390 0.390430
vt 0.656760 0.390410
vt 0.657370 0.391170
vt 0.656740 0.391170
vt 0.657500 0.476210
vt 0.656880 0.476210
vt 0.658140 0.476200
vt 0.658010 0.391170
vt 0.658020 0.390470
vt 0.658060 0.389790
vt 0.658680 0.389930
vt 0.659250 0.390110
vt 0.659760 0.390320
vt 0.659800 0.389950
vt 0.659860 0.389620
vt 0.659730 0.390730
vt 0.659220 0.390620
vt 0.658640 0.390540
vt 0.658630 0.391170
vt 0.658760 0.476200
vt 0.659340 0.476190
vt 0.659210 0.391160
vt 0.659720 0.391150
vt 0.659860 0.476180
vt 0.707160 0.126140
vt 0.706660 0.126270
vt 0.706550 0.126890
vt 0.707060 0.126800
vt 0.707730 0.126090
vt 0.707620 0.126760
vt 0.706990 0.127510
vt 0.707560 0.127490
vt 0.706970 0.128250
vt 0.707530 0.128250
vt 0.707170 0.213290
vt 0.707730 0.213290
vt 0.706670 0.213290
vt 0.706470 0.128260
vt 0.706490 0.127560
vt 0.433460 0.831820
vt 0.434100 0.831820
vt 0.434100 0.830940
vt 0.433460 0.830920
vt 0.434100 0.830090
vt 0.433460 0.830050
vt 0.434100 0.829310
vt 0.433460 0.829260
vt 0.434100 0.828620
vt 0.433460 0.828560
vt 0.434700 0.828810
vt 0.434700 0.829450
vt 0.434700 0.830190
vt 0.434700 0.830990
vt 0.434700 0.831820
vt 0.434700 0.832650
vt 0.434100 0.832700
vt 0.433460 0.832710
vt 0.434100 0.833540
vt 0.433460 0.833580
vt 0.434100 0.834330
vt 0.433460 0.834370
vt 0.434100 0.835010
vt 0.433460 0.835070
vt 0.434100 0.835570
vt 0.433460 0.835640
vt 0.434700 0.835350
vt 0.434700 0.834820
vt 0.434700 0.834180
vt 0.434700 0.833440
vt 0.435270 0.833280
vt 0.435270 0.832560
vt 0.435270 0.831820
vt 0.435270 0.831070
vt 0.435270 0.830350
vt 0.435270 0.829690
vt 0.435270 0.829110
vt 0.435760 0.829510
vt 0.435760 0.830010
vt 0.435760 0.830570
vt 0.435760 0.831180
vt 0.435760 0.831820
vt 0.435760 0.832450
vt 0.435760 0.833060
vt 0.435760 0.833630
vt 0.435270 0.833940
vt 0.435270 0.834520
vt 0.435270 0.835000
vt 0.436160 0.832320
vt 0.436160 0.831820
vt 0.436160 0.831320
vt 0.436160 0.830840
vt 0.436160 0.830400
vt 0.104180 0.103030
vt 0.104780 0.102780
vt 0.104700 0.102290
vt 0.104090 0.102490
vt 0.103560 0.103180
vt 0.103460 0.102610
vt 0.102940 0.103230
vt 0.102830 0.102650
vt 0.103390 0.101960
vt 0.102760 0.101980
vt 0.103340 0.101250
vt 0.102710 0.101260
vt 0.103330 0.100500
vt 0.102700 0.100500
vt 0.103460 0.035760
vt 0.102830 0.035750
vt 0.104100 0.035760
vt 0.103960 0.100510
vt 0.103980 0.101210
vt 0.104020 0.101880
vt 0.104630 0.101740
vt 0.105210 0.101550
vt 0.105260 0.102020
vt 0.105330 0.102440
vt 0.105750 0.101690
vt 0.105810 0.102020
vt 0.105710 0.101320
vt 0.105690 0.100920
vt 0.105170 0.101040
vt 0.104600 0.101140
vt 0.104580 0.100510
vt 0.104720 0.035760
vt 0.105290 0.035760
vt 0.105160 0.100500
vt 0.105680 0.100500
vt 0.105810 0.035750
vt 0.216310 0.222560
vt 0.216370 0.221830
vt 0.216250 0.221840
vt 0.306760 0.067620
vt 0.306650 0.066960
vt 0.306150 0.066870
vt 0.306250 0.067490
vt 0.307330 0.067660
vt 0.307220 0.066990
vt 0.306580 0.066240
vt 0.307150 0.066260
vt 0.306560 0.065500
vt 0.307130 0.065500
vt 0.306760 0.000750
vt 0.307330 0.000750
vt 0.306260 0.000750
vt 0.306070 0.065500
vt 0.306090 0.066200
vt 0.475500 0.488160
vt 0.475510 0.487260
vt 0.474890 0.487280
vt 0.474880 0.488160
vt 0.474880 0.489040
vt 0.475500 0.489060
vt 0.474890 0.489900
vt 0.475510 0.489930
vt 0.474910 0.490690
vt 0.475540 0.490740
vt 0.474950 0.491400
vt 0.475570 0.491460
vt 0.474990 0.491990
vt 0.475610 0.492060
vt 0.474350 0.491220
vt 0.474320 0.490550
vt 0.474300 0.489800
vt 0.474290 0.489000
vt 0.474290 0.488160
vt 0.474300 0.487340
vt 0.474320 0.486550
vt 0.474910 0.486440
vt 0.475540 0.486410
vt 0.474950 0.485680
vt 0.475570 0.485630
vt 0.474990 0.485020
vt 0.475610 0.484960
vt 0.474390 0.485210
vt 0.474350 0.485830
vt 0.473820 0.486080
vt 0.473790 0.486730
vt 0.473770 0.487430
vt 0.473760 0.488180
vt 0.473760 0.488930
vt 0.473770 0.489650
vt 0.473790 0.490330
vt 0.473820 0.490930
vt 0.473360 0.490540
vt 0.473340 0.490030
vt 0.473320 0.489450
vt 0.473310 0.488840
vt 0.473310 0.488200
vt 0.473320 0.487570
vt 0.473340 0.486960
vt 0.473360 0.486410
vt 0.473850 0.485520
vt 0.696590 0.387760
vt 0.696540 0.387210
vt 0.696010 0.387010
vt 0.696060 0.387510
vt 0.697170 0.387910
vt 0.697120 0.387330
vt 0.697790 0.387960
vt 0.697740 0.387370
vt 0.697080 0.386660
vt 0.697700 0.386690
vt 0.697060 0.385950
vt 0.697680 0.385960
vt 0.697050 0.385200
vt 0.697670 0.385200
vt 0.697170 0.300170
vt 0.697790 0.300170
vt 0.696590 0.300170
vt 0.696470 0.385200
vt 0.696480 0.385910
vt 0.696500 0.386580
vt 0.695980 0.386450
vt 0.695960 0.385840
vt 0.695950 0.385210
vt 0.696080 0.300180
vt 0.684180 0.584620
vt 0.684740 0.584360
vt 0.684740 0.583880
vt 0.684170 0.584080
vt 0.683570 0.584780
vt 0.683560 0.584200
vt 0.684170 0.583460
vt 0.683560 0.583540
vt 0.682930 0.584240
vt 0.682930 0.583570
vt 0.683560 0.582830
vt 0.682920 0.582850
vt 0.683560 0.582090
vt 0.682920 0.582090
vt 0.683560 0.497050
vt 0.682930 0.497050
vt 0.684180 0.497050
vt 0.684170 0.582090
vt 0.684170 0.582790
vt 0.684730 0.582710
vt 0.684740 0.583320
vt 0.685230 0.583130
vt 0.685240 0.583610
vt 0.685240 0.584020
vt 0.685230 0.582620
vt 0.685230 0.582080
vt 0.684730 0.582090
vt 0.684740 0.497050
vt 0.685240 0.497040
vt 0.443220 0.481240
vt 0.443860 0.481240
vt 0.443860 0.480360
vt 0.443220 0.480340
vt 0.443860 0.479510
vt 0.443220 0.479480
vt 0.443860 0.478730
vt 0.443220 0.478680
vt 0.443860 0.478040
vt 0.443220 0.477980
vt 0.443860 0.477480
vt 0.443220 0.477410
vt 0.444470 0.477700
vt 0.444470 0.478230
vt 0.444470 0.478870
vt 0.444470 0.479610
vt 0.444470 0.480410
vt 0.444470 0.481240
vt 0.444470 0.482070
vt 0.443860 0.482120
vt 0.443220 0.482140
vt 0.443860 0.482970
vt 0.443220 0.483000
vt 0.443860 0.483750
vt 0.443220 0.483800
vt 0.443860 0.484430
vt 0.443220 0.484490
vt 0.444470 0.484250
vt 0.444470 0.483600
vt 0.444470 0.482870
vt 0.445030 0.482700
vt 0.445030 0.481980
vt 0.445030 0.481240
vt 0.445030 0.480490
vt 0.445030 0.479770
vt 0.445030 0.479110
vt 0.445030 0.478530
vt 0.445030 0.478050
vt 0.445520 0.478930
vt 0.445520 0.479430
vt 0.445520 0.479990
vt 0.445520 0.480600
vt 0.445520 0.481240
vt 0.445520 0.481870
vt 0.445520 0.482480
vt 0.445520 0.483050
vt 0.445030 0.483360
vt 0.445030 0.483940
vt 0.445520 0.483540
vt 0.445930 0.481740
vt 0.445930 0.481240
vt 0.060620 0.021000
vt 0.060100 0.021200
vt 0.060060 0.021760
vt 0.060580 0.021610
vt 0.061200 0.020870
vt 0.061160 0.021520
vt 0.061820 0.020820
vt 0.061780 0.021490
vt 0.061140 0.022230
vt 0.061760 0.022220
vt 0.061130 0.022980
vt 0.061750 0.022970
vt 0.061200 0.087720
vt 0.061820 0.087720
vt 0.060630 0.087730
vt 0.060550 0.022980
vt 0.060560 0.022280
vt 0.060040 0.022360
vt 0.060040 0.022990
vt 0.060110 0.087730
vt 0.170430 0.006060
vt 0.170430 0.006610
vt 0.170990 0.006810
vt 0.171000 0.006320
vt 0.171490 0.007070
vt 0.171490 0.006660
vt 0.171490 0.007550
vt 0.170990 0.007370
vt 0.170430 0.007230
vt 0.169820 0.006490
vt 0.169820 0.005910
vt 0.169190 0.005860
vt 0.169180 0.006450
vt 0.169810 0.007150
vt 0.169180 0.007120
vt 0.169810 0.007870
vt 0.169180 0.007850
vt 0.169810 0.008610
vt 0.169180 0.008610
vt 0.169820 0.073360
vt 0.169190 0.073360
vt 0.170430 0.073360
vt 0.170420 0.008610
vt 0.170420 0.007910
vt 0.170990 0.007980
vt 0.171490 0.008070
vt 0.171490 0.008600
vt 0.170990 0.008610
vt 0.171000 0.073360
vt 0.171490 0.073350
vt 0.402480 0.839780
vt 0.402480 0.838900
vt 0.401860 0.838930
vt 0.401850 0.839800
vt 0.401860 0.840680
vt 0.402480 0.840690
vt 0.401870 0.841540
vt 0.402500 0.841560
vt 0.401890 0.842350
vt 0.402520 0.842390
vt 0.401920 0.843080
vt 0.402550 0.843130
vt 0.401950 0.843690
vt 0.402580 0.843750
vt 0.401320 0.842910
vt 0.401290 0.842230
vt 0.401270 0.841470
vt 0.401260 0.840660
vt 0.401260 0.839820
vt 0.401260 0.839000
vt 0.401270 0.838230
vt 0.401870 0.838100
vt 0.402500 0.838050
vt 0.401890 0.837350
vt 0.402520 0.837290
vt 0.401920 0.836710
vt 0.402550 0.836640
vt 0.401960 0.836210
vt 0.402580 0.836120
vt 0.401360 0.836440
vt 0.401320 0.836920
vt 0.401290 0.837520
vt 0.400750 0.837790
vt 0.400740 0.838420
vt 0.400720 0.839120
vt 0.400720 0.839860
vt 0.400720 0.840610
vt 0.400730 0.841340
vt 0.400750 0.842030
vt 0.400780 0.842640
vt 0.400290 0.841750
vt 0.400270 0.841170
vt 0.400260 0.840550
vt 0.400260 0.839910
vt 0.400260 0.839280
vt 0.400270 0.838690
vt 0.399900 0.840470
vt 0.399890 0.839970
vt 0.399900 0.840950
vt 0.399920 0.841410
vt 0.400780 0.837250
vt 0.488610 0.106700
vt 0.488470 0.106020
vt 0.487950 0.106000
vt 0.488090 0.106660
vt 0.487860 0.105280
vt 0.488370 0.105290
vt 0.487830 0.104540
vt 0.488340 0.104530
vt 0.488100 0.019510
vt 0.488610 0.019500
vt 0.551590 0.205750
vt 0.552070 0.205260
vt 0.551960 0.204990
vt 0.551450 0.205410
vt 0.551050 0.206150
vt 0.550890 0.205750
vt 0.551340 0.204990
vt 0.550750 0.205260
vt 0.550290 0.206000
vt 0.550140 0.205460
vt 0.549670 0.206150
vt 0.549520 0.205580
vt 0.550030 0.204840
vt 0.549400 0.204920
vt 0.548920 0.205610
vt 0.548800 0.204940
vt 0.549330 0.204200
vt 0.548730 0.204220
vt 0.549310 0.203460
vt 0.548700 0.203460
vt 0.549450 0.118420
vt 0.548840 0.118420
vt 0.550080 0.118430
vt 0.549940 0.203460
vt 0.549960 0.204160
vt 0.550600 0.204100
vt 0.550660 0.204700
vt 0.551260 0.204520
vt 0.551810 0.204290
vt 0.551870 0.204660
vt 0.552330 0.204290
vt 0.552390 0.204520
vt 0.552290 0.204030
vt 0.552260 0.203760
vt 0.551770 0.203890
vt 0.551210 0.204000
vt 0.551190 0.203470
vt 0.550580 0.203470
vt 0.550720 0.118430
vt 0.551330 0.118430
vt 0.551900 0.118430
vt 0.551750 0.203470
vt 0.552250 0.203470
vt 0.552390 0.118430
vt 0.469190 0.840060
vt 0.469190 0.839160
vt 0.468570 0.839170
vt 0.468570 0.840050
vt 0.468570 0.840920
vt 0.469200 0.840950
vt 0.468590 0.841750
vt 0.469220 0.841790
vt 0.468620 0.842490
vt 0.469250 0.842550
vt 0.468650 0.843130
vt 0.469280 0.843200
vt 0.468020 0.842330
vt 0.468000 0.841630
vt 0.467980 0.840850
vt 0.467970 0.840030
vt 0.467970 0.839200
vt 0.467980 0.838380
vt 0.468570 0.838300
vt 0.469200 0.838280
vt 0.468590 0.837490
vt 0.469220 0.837450
vt 0.468620 0.836770
vt 0.469250 0.836710
vt 0.468650 0.836160
vt 0.469280 0.836090
vt 0.468050 0.836370
vt 0.468020 0.836940
vt 0.468000 0.837620
vt 0.467460 0.837830
vt 0.467440 0.838520
vt 0.467430 0.839250
vt 0.467430 0.840000
vt 0.467440 0.840740
vt 0.467460 0.841440
vt 0.466990 0.841180
vt 0.466980 0.840580
vt 0.466970 0.839960
vt 0.466970 0.839320
vt 0.466980 0.838700
vt 0.466990 0.838110
vt 0.466610 0.840400
vt 0.466610 0.839900
vt 0.467480 0.837220
vt 0.714630 0.476240
vt 0.714500 0.475590
vt 0.713960 0.475540
vt 0.714090 0.476180
vt 0.713880 0.474830
vt 0.714420 0.474870
vt 0.713850 0.474090
vt 0.714390 0.474110
vt 0.714090 0.389110
vt 0.714630 0.389130
vt 0.191290 0.365390
vt 0.191440 0.366070
vt 0.191650 0.366090
vt 0.191590 0.365430
vt 0.309150 0.918530
vt 0.308520 0.918530
vt 0.308520 0.919410
vt 0.309150 0.919430
vt 0.308520 0.920260
vt 0.309150 0.920290
vt 0.308520 0.921040
vt 0.309150 0.921090
vt 0.308520 0.921720
vt 0.309150 0.921790
vt 0.308520 0.922290
vt 0.309150 0.922360
vt 0.307910 0.922070
vt 0.307910 0.921540
vt 0.307910 0.920890
vt 0.307910 0.920160
vt 0.307910 0.919360
vt 0.307910 0.918530
vt 0.307910 0.917700
vt 0.308520 0.917650
vt 0.309150 0.917630
vt 0.307350 0.918530
vt 0.307350 0.919280
vt 0.307350 0.920000
vt 0.307350 0.920660
vt 0.307350 0.921240
vt 0.306850 0.920340
vt 0.306850 0.919780
vt 0.306850 0.919170
vt 0.306850 0.919000
vt 0.306748 0.919134
vt 0.194080 0.000530
vt 0.193540 0.000550
vt 0.193410 0.001230
vt 0.193950 0.001210
vt 0.193330 0.001950
vt 0.193870 0.001950
vt 0.193310 0.002690
vt 0.193850 0.002710
vt 0.193540 0.067400
vt 0.194080 0.067420
vt 0.192840 0.002680
vt 0.192870 0.001970
vt 0.398060 0.931150
vt 0.398070 0.930250
vt 0.397440 0.930260
vt 0.397440 0.931140
vt 0.397440 0.932020
vt 0.398070 0.932050
vt 0.397460 0.932860
vt 0.398080 0.932900
vt 0.397490 0.933620
vt 0.398110 0.933680
vt 0.397530 0.934280
vt 0.398150 0.934350
vt 0.397570 0.934820
vt 0.398200 0.934900
vt 0.396930 0.934080
vt 0.396900 0.933460
vt 0.396870 0.932740
vt 0.396850 0.931950
vt 0.396850 0.931130
vt 0.396850 0.930300
vt 0.396870 0.929490
vt 0.397460 0.929400
vt 0.398080 0.929380
vt 0.397490 0.928610
vt 0.398110 0.928570
vt 0.397530 0.927900
vt 0.398150 0.927850
vt 0.397570 0.927310
vt 0.398200 0.927250
vt 0.396930 0.928080
vt 0.396900 0.928740
vt 0.396360 0.928960
vt 0.396340 0.929630
vt 0.396320 0.930360
vt 0.396320 0.931110
vt 0.396320 0.931850
vt 0.396340 0.932560
vt 0.396360 0.933210
vt 0.395890 0.932320
vt 0.395870 0.931710
vt 0.395870 0.931080
vt 0.395870 0.930440
vt 0.395890 0.929830
vt 0.395910 0.929250
vt 0.395530 0.930070
vt 0.395520 0.930550
vt 0.395520 0.931050
vt 0.395520 0.931550
vt 0.396400 0.928360
vt 0.288520 0.136700
vt 0.288310 0.136830
vt 0.288680 0.137450
vt 0.288830 0.137360
vt 0.288550 0.137590
vt 0.288130 0.137040
vt 0.287880 0.136290
vt 0.287640 0.136550
vt 0.287960 0.137310
vt 0.287430 0.136900
vt 0.287110 0.136150
vt 0.286860 0.136560
vt 0.287250 0.137320
vt 0.286660 0.137050
vt 0.286290 0.136310
vt 0.286060 0.136860
vt 0.285720 0.136150
vt 0.285480 0.136730
vt 0.285890 0.137480
vt 0.285310 0.137400
vt 0.284950 0.136690
vt 0.284770 0.137360
vt 0.285200 0.138110
vt 0.284660 0.138100
vt 0.285160 0.138860
vt 0.284620 0.138850
vt 0.285400 0.223890
vt 0.284860 0.223890
vt 0.285990 0.223890
vt 0.285760 0.138860
vt 0.285790 0.138160
vt 0.286420 0.138220
vt 0.286510 0.137620
vt 0.287130 0.137800
vt 0.287730 0.138020
vt 0.287830 0.137640
vt 0.288350 0.138010
vt 0.288440 0.137780
vt 0.288850 0.138290
vt 0.288910 0.138190
vt 0.288980 0.138120
vt 0.288800 0.138410
vt 0.288770 0.138540
vt 0.288280 0.138270
vt 0.288240 0.138550
vt 0.287660 0.138420
vt 0.287050 0.138320
vt 0.287020 0.138850
vt 0.286390 0.138860
vt 0.286620 0.223890
vt 0.287260 0.223880
vt 0.287880 0.223880
vt 0.287640 0.138850
vt 0.288220 0.138840
vt 0.288740 0.138830
vt 0.288750 0.138680
vt 0.288980 0.223860
vt 0.288460 0.223870
vt 0.327400 0.403180
vt 0.327970 0.403200
vt 0.327670 0.318200
vt 0.327110 0.318190
vt 0.327360 0.403940
vt 0.327970 0.403960
vt 0.327220 0.404660
vt 0.327970 0.404690
vt 0.327000 0.405330
vt 0.327970 0.405360
vt 0.326690 0.405910
vt 0.327980 0.405950
vt 0.326320 0.406380
vt 0.327980 0.406430
vt 0.325900 0.406720
vt 0.327980 0.406790
vt 0.325440 0.406930
vt 0.327980 0.407010
vt 0.324960 0.406990
vt 0.327980 0.407080
vt 0.327990 0.409390
vt 0.324960 0.409300
vt 0.321910 0.409210
vt 0.321900 0.406900
vt 0.321900 0.406820
vt 0.324480 0.406900
vt 0.321900 0.406600
vt 0.324010 0.406670
vt 0.321900 0.406250
vt 0.323590 0.406300
vt 0.321900 0.405760
vt 0.323210 0.405800
vt 0.321900 0.405170
vt 0.322900 0.405200
vt 0.321900 0.404500
vt 0.322670 0.404530
vt 0.321890 0.403770
vt 0.322530 0.403790
vt 0.321890 0.403020
vt 0.322480 0.403040
vt 0.321590 0.318020
vt 0.322180 0.318040
vt 0.321330 0.411150
vt 0.324490 0.411250
vt 0.327630 0.411340
vt 0.331820 0.409420
vt 0.331810 0.407110
vt 0.335610 0.409440
vt 0.335600 0.407140
vt 0.335600 0.407060
vt 0.332410 0.407040
vt 0.335600 0.406840
vt 0.332990 0.406820
vt 0.335600 0.406480
vt 0.333520 0.406470
vt 0.335600 0.406000
vt 0.333990 0.405990
vt 0.335600 0.405410
vt 0.334370 0.405400
vt 0.335590 0.404740
vt 0.334650 0.404730
vt 0.335590 0.404010
vt 0.334830 0.404010
vt 0.335590 0.403260
vt 0.334880 0.403250
vt 0.335290 0.318260
vt 0.334590 0.318250
vt 0.336380 0.403250
vt 0.336080 0.318250
vt 0.336440 0.404010
vt 0.336630 0.404730
vt 0.336930 0.405400
vt 0.337330 0.405980
vt 0.337830 0.406460
vt 0.338390 0.406810
vt 0.339000 0.407030
vt 0.339630 0.407100
vt 0.339640 0.409400
vt 0.343620 0.409360
vt 0.343610 0.407060
vt 0.343610 0.406980
vt 0.340260 0.407020
vt 0.343610 0.406760
vt 0.340870 0.406790
vt 0.343610 0.406400
vt 0.341430 0.406420
vt 0.343610 0.405920
vt 0.341920 0.405940
vt 0.343600 0.405330
vt 0.342320 0.405340
vt 0.343600 0.404660
vt 0.342610 0.404670
vt 0.343600 0.403930
vt 0.342800 0.403940
vt 0.343600 0.403170
vt 0.342860 0.403180
vt 0.343300 0.318180
vt 0.342560 0.318180
vt 0.344300 0.403150
vt 0.344010 0.318160
vt 0.344360 0.403910
vt 0.344530 0.404630
vt 0.344800 0.405300
vt 0.345160 0.405870
vt 0.345600 0.406350
vt 0.346110 0.406690
vt 0.346650 0.406890
vt 0.347220 0.406950
vt 0.347220 0.409260
vt 0.350780 0.409160
vt 0.350780 0.406850
vt 0.350780 0.406780
vt 0.347780 0.406860
vt 0.350770 0.406550
vt 0.348320 0.406630
vt 0.350770 0.406200
vt 0.348820 0.406250
vt 0.350770 0.405710
vt 0.349260 0.405760
vt 0.350770 0.405120
vt 0.349620 0.405160
vt 0.350770 0.404450
vt 0.349880 0.404480
vt 0.350760 0.403730
vt 0.350050 0.403750
vt 0.350760 0.402970
vt 0.350100 0.402990
vt 0.350470 0.317970
vt 0.349800 0.317990
vt 0.347560 0.411210
vt 0.351250 0.411100
vt 0.343820 0.411310
vt 0.339700 0.411350
vt 0.335530 0.411400
vt 0.331600 0.411370
vt 0.317070 0.931070
vt 0.317700 0.931070
vt 0.317700 0.930190
vt 0.317070 0.930170
vt 0.317700 0.929340
vt 0.317070 0.929310
vt 0.317700 0.928560
vt 0.317070 0.928510
vt 0.317700 0.927870
vt 0.317070 0.927810
vt 0.317700 0.927310
vt 0.317070 0.927240
vt 0.318310 0.928060
vt 0.318310 0.928700
vt 0.318310 0.929440
vt 0.318310 0.930240
vt 0.318310 0.931070
vt 0.318310 0.931900
vt 0.317700 0.931950
vt 0.317070 0.931970
vt 0.317700 0.932800
vt 0.317070 0.932830
vt 0.317700 0.933580
vt 0.317070 0.933630
vt 0.317700 0.934260
vt 0.317070 0.934320
vt 0.317700 0.934820
vt 0.317070 0.934900
vt 0.318310 0.934600
vt 0.318310 0.934080
vt 0.318310 0.933430
vt 0.318310 0.932700
vt 0.318870 0.932530
vt 0.318870 0.931810
vt 0.318870 0.931070
vt 0.318870 0.930320
vt 0.318870 0.929600
vt 0.318870 0.928940
vt 0.318870 0.928360
vt 0.319360 0.929260
vt 0.319360 0.929820
vt 0.319360 0.930430
vt 0.319360 0.931070
vt 0.319360 0.931700
vt 0.319360 0.932310
vt 0.319360 0.932880
vt 0.318870 0.933190
vt 0.318870 0.933780
vt 0.319770 0.932050
vt 0.319770 0.931570
vt 0.319770 0.931070
vt 0.319770 0.930570
vt 0.319770 0.930090
vt 0.339390 0.134760
vt 0.339700 0.134110
vt 0.339560 0.134020
vt 0.339190 0.134640
vt 0.339430 0.133890
vt 0.339000 0.134440
vt 0.338750 0.135180
vt 0.338510 0.134930
vt 0.338830 0.134180
vt 0.338300 0.134590
vt 0.337980 0.135330
vt 0.337730 0.134930
vt 0.338130 0.134180
vt 0.337530 0.134440
vt 0.337160 0.135170
vt 0.336930 0.134630
vt 0.336590 0.135320
vt 0.336350 0.134750
vt 0.336770 0.134020
vt 0.336180 0.134090
vt 0.335820 0.134780
vt 0.335640 0.134110
vt 0.336070 0.133380
vt 0.335530 0.133380
vt 0.336040 0.132640
vt 0.335490 0.132630
vt 0.336270 0.067890
vt 0.335730 0.067880
vt 0.336870 0.067900
vt 0.336630 0.132650
vt 0.336670 0.133340
vt 0.337290 0.133280
vt 0.337380 0.133890
vt 0.338000 0.133700
vt 0.338600 0.133480
vt 0.338700 0.133850
vt 0.339220 0.133480
vt 0.339310 0.133700
vt 0.339720 0.133190
vt 0.339780 0.133280
vt 0.339850 0.133350
vt 0.339680 0.133070
vt 0.339640 0.132940
vt 0.339150 0.133230
vt 0.339110 0.132950
vt 0.338540 0.133080
vt 0.337920 0.133190
vt 0.337900 0.132660
vt 0.337260 0.132650
vt 0.337500 0.067910
vt 0.338130 0.067910
vt 0.338750 0.067910
vt 0.338520 0.132660
vt 0.339100 0.132660
vt 0.339610 0.132650
vt 0.339620 0.132800
vt 0.339850 0.067910
vt 0.339330 0.067910
vt 0.264060 0.790100
vt 0.264060 0.725380
vt 0.263500 0.725350
vt 0.263500 0.790070
vt 0.264110 0.790850
vt 0.263500 0.790830
vt 0.264250 0.791590
vt 0.263500 0.791560
vt 0.264470 0.792270
vt 0.263500 0.792230
vt 0.264780 0.792870
vt 0.263500 0.792820
vt 0.265150 0.793360
vt 0.263500 0.793300
vt 0.265580 0.793740
vt 0.263500 0.793660
vt 0.266040 0.793980
vt 0.263500 0.793880
vt 0.266520 0.794070
vt 0.263500 0.793960
vt 0.263500 0.796260
vt 0.266520 0.796370
vt 0.269570 0.796490
vt 0.269570 0.794180
vt 0.269570 0.794110
vt 0.267000 0.794010
vt 0.269570 0.793890
vt 0.267460 0.793810
vt 0.269570 0.793530
vt 0.267890 0.793470
vt 0.269570 0.793050
vt 0.268260 0.793000
vt 0.269570 0.792460
vt 0.268570 0.792420
vt 0.269570 0.791790
vt 0.268790 0.791760
vt 0.269570 0.791060
vt 0.268930 0.791030
vt 0.269570 0.790300
vt 0.268980 0.790280
vt 0.269570 0.725580
vt 0.268980 0.725560
vt 0.259670 0.793900
vt 0.260270 0.793840
vt 0.260850 0.793620
vt 0.261380 0.793270
vt 0.261850 0.792800
vt 0.262230 0.792210
vt 0.262520 0.791550
vt 0.262690 0.790820
vt 0.262750 0.790060
vt 0.262750 0.725340
vt 0.259670 0.796210
vt 0.255870 0.796150
vt 0.255870 0.793850
vt 0.255870 0.793770
vt 0.259060 0.793820
vt 0.255870 0.793550
vt 0.258480 0.793590
vt 0.255870 0.793190
vt 0.257950 0.793220
vt 0.255870 0.792710
vt 0.257480 0.792730
vt 0.255870 0.792120
vt 0.257100 0.792140
vt 0.255870 0.791450
vt 0.256810 0.791470
vt 0.255870 0.790720
vt 0.256640 0.790730
vt 0.255870 0.789970
vt 0.256580 0.789980
vt 0.255870 0.725250
vt 0.256580 0.725260
vt 0.255020 0.790730
vt 0.255090 0.789970
vt 0.255090 0.725250
vt 0.254840 0.791450
vt 0.254540 0.792130
vt 0.254140 0.792720
vt 0.253650 0.793200
vt 0.253090 0.793560
vt 0.252480 0.793780
vt 0.251850 0.793860
vt 0.251850 0.796170
vt 0.247870 0.796180
vt 0.247870 0.793870
vt 0.247870 0.793800
vt 0.251220 0.793790
vt 0.247870 0.793580
vt 0.250610 0.793570
vt 0.247870 0.793220
vt 0.250050 0.793210
vt 0.247870 0.792740
vt 0.249560 0.792730
vt 0.247870 0.792150
vt 0.249150 0.792140
vt 0.247870 0.791480
vt 0.248850 0.791470
vt 0.247870 0.790750
vt 0.248670 0.790750
vt 0.247870 0.789990
vt 0.248610 0.789990
vt 0.247870 0.725270
vt 0.248610 0.725270
vt 0.247100 0.790770
vt 0.247160 0.790010
vt 0.247160 0.725290
vt 0.246940 0.791500
vt 0.246670 0.792170
vt 0.246310 0.792770
vt 0.245870 0.793260
vt 0.245370 0.793630
vt 0.244830 0.793870
vt 0.244260 0.793950
vt 0.244260 0.796260
vt 0.241360 0.790130
vt 0.241360 0.725410
vt 0.240700 0.725430
vt 0.482990 0.823710
vt 0.483010 0.822810
vt 0.482380 0.822820
vt 0.482370 0.823700
vt 0.482370 0.824580
vt 0.482990 0.824610
vt 0.482380 0.825430
vt 0.483010 0.825470
vt 0.482410 0.826210
vt 0.483030 0.826270
vt 0.482450 0.826890
vt 0.483070 0.826970
vt 0.482490 0.827460
vt 0.483120 0.827540
vt 0.481900 0.827230
vt 0.481860 0.826700
vt 0.481820 0.826060
vt 0.481800 0.825320
vt 0.481790 0.824520
vt 0.481790 0.823690
vt 0.481800 0.822860
vt 0.481820 0.822060
vt 0.482410 0.821970
vt 0.483030 0.821950
vt 0.482450 0.821190
vt 0.483070 0.821150
vt 0.482490 0.820510
vt 0.483120 0.820450
vt 0.481900 0.820690
vt 0.481860 0.821330
vt 0.481320 0.821560
vt 0.481290 0.822220
vt 0.481270 0.822940
vt 0.481260 0.823680
vt 0.481260 0.824430
vt 0.481270 0.825150
vt 0.481290 0.825810
vt 0.481320 0.826390
vt 0.480820 0.824920
vt 0.480810 0.824310
vt 0.480810 0.823680
vt 0.480820 0.823040
vt 0.480840 0.822430
vt 0.480870 0.821870
vt 0.481360 0.820980
vt 0.659260 0.654290
vt 0.659150 0.654700
vt 0.659700 0.655030
vt 0.659790 0.654690
vt 0.659630 0.655460
vt 0.659070 0.655190
vt 0.658560 0.654450
vt 0.658460 0.655000
vt 0.657930 0.654290
vt 0.657830 0.654880
vt 0.657310 0.654240
vt 0.657210 0.654830
vt 0.657760 0.655540
vt 0.657130 0.655510
vt 0.657720 0.656260
vt 0.657090 0.656240
vt 0.657700 0.657000
vt 0.657070 0.657000
vt 0.657830 0.742030
vt 0.657200 0.742030
vt 0.658470 0.742030
vt 0.658340 0.657000
vt 0.658350 0.656300
vt 0.658390 0.655620
vt 0.659010 0.655750
vt 0.659580 0.655930
vt 0.660090 0.656150
vt 0.660130 0.655780
vt 0.660180 0.655450
vt 0.660060 0.656560
vt 0.659550 0.656450
vt 0.658970 0.656360
vt 0.658960 0.656990
vt 0.659090 0.742030
vt 0.659670 0.742020
vt 0.659540 0.656990
vt 0.660050 0.656980
vt 0.660180 0.742010
vt 0.706430 0.585920
vt 0.705920 0.586050
vt 0.705820 0.586660
vt 0.706320 0.586580
vt 0.707000 0.585870
vt 0.706890 0.586540
vt 0.706260 0.587290
vt 0.706820 0.587270
vt 0.706240 0.588030
vt 0.706800 0.588030
vt 0.706430 0.673070
vt 0.707000 0.673060
vt 0.705940 0.673070
vt 0.705740 0.588040
vt 0.705760 0.587340
vt 0.328710 0.403210
vt 0.328420 0.318210
vt 0.328770 0.403960
vt 0.328950 0.404690
vt 0.329240 0.405370
vt 0.329630 0.405960
vt 0.330090 0.406440
vt 0.330630 0.406810
vt 0.331210 0.407030
vt 0.431160 0.488210
vt 0.431790 0.488210
vt 0.431790 0.487330
vt 0.431160 0.487320
vt 0.431790 0.486490
vt 0.431160 0.486450
vt 0.431790 0.485710
vt 0.431160 0.485660
vt 0.431790 0.485020
vt 0.431160 0.484960
vt 0.432400 0.485210
vt 0.432400 0.485850
vt 0.432400 0.486590
vt 0.432400 0.487380
vt 0.432400 0.488210
vt 0.432400 0.489040
vt 0.431790 0.489100
vt 0.431160 0.489110
vt 0.431790 0.489940
vt 0.431160 0.489980
vt 0.431790 0.490720
vt 0.431160 0.490770
vt 0.431790 0.491410
vt 0.431160 0.491470
vt 0.431790 0.491970
vt 0.431160 0.492040
vt 0.432400 0.491750
vt 0.432400 0.491220
vt 0.432400 0.490580
vt 0.432400 0.489840
vt 0.432960 0.489680
vt 0.432960 0.488960
vt 0.432960 0.488210
vt 0.432960 0.487470
vt 0.432960 0.486750
vt 0.432960 0.486090
vt 0.432960 0.485510
vt 0.433450 0.485910
vt 0.433450 0.486410
vt 0.433450 0.486970
vt 0.433450 0.487580
vt 0.433450 0.488210
vt 0.433450 0.488850
vt 0.433450 0.489460
vt 0.433450 0.490020
vt 0.432960 0.490340
vt 0.432960 0.490920
vt 0.432960 0.491400
vt 0.433860 0.488710
vt 0.433860 0.488210
vt 0.433860 0.487720
vt 0.433860 0.487240
vt 0.433860 0.486790
vt 0.126080 0.103030
vt 0.126680 0.102780
vt 0.126590 0.102290
vt 0.125990 0.102490
vt 0.125460 0.103180
vt 0.125360 0.102610
vt 0.124830 0.103230
vt 0.124730 0.102650
vt 0.125280 0.101960
vt 0.124660 0.101980
vt 0.125240 0.101240
vt 0.124610 0.101250
vt 0.125220 0.100500
vt 0.124600 0.100500
vt 0.125360 0.035760
vt 0.124730 0.035750
vt 0.125990 0.035760
vt 0.125860 0.100500
vt 0.125870 0.101200
vt 0.125920 0.101870
vt 0.126530 0.101740
vt 0.127100 0.101550
vt 0.127160 0.102020
vt 0.127230 0.102430
vt 0.127650 0.101690
vt 0.127710 0.102020
vt 0.127610 0.101320
vt 0.127580 0.100920
vt 0.127070 0.101040
vt 0.126490 0.101130
vt 0.126480 0.100500
vt 0.126610 0.035760
vt 0.127190 0.035760
vt 0.127060 0.100500
vt 0.127580 0.100500
vt 0.127710 0.035750
vt 0.368900 0.067630
vt 0.368800 0.066970
vt 0.368290 0.066880
vt 0.368400 0.067510
vt 0.369470 0.067670
vt 0.369360 0.067000
vt 0.368730 0.066250
vt 0.369300 0.066270
vt 0.368710 0.065510
vt 0.369270 0.065510
vt 0.368910 0.000760
vt 0.369470 0.000760
vt 0.368410 0.000760
vt 0.368210 0.065510
vt 0.368230 0.066210
vt 0.477440 0.831740
vt 0.477450 0.830840
vt 0.476830 0.830860
vt 0.476820 0.831740
vt 0.476820 0.832620
vt 0.477440 0.832640
vt 0.476830 0.833480
vt 0.477450 0.833510
vt 0.476850 0.834270
vt 0.477470 0.834320
vt 0.476880 0.834980
vt 0.477510 0.835040
vt 0.476930 0.835570
vt 0.477550 0.835640
vt 0.476290 0.834800
vt 0.476260 0.834130
vt 0.476240 0.833380
vt 0.476230 0.832580
vt 0.476230 0.831740
vt 0.476240 0.830920
vt 0.476260 0.830130
vt 0.476850 0.830020
vt 0.477470 0.829990
vt 0.476880 0.829260
vt 0.477510 0.829210
vt 0.476930 0.828600
vt 0.477550 0.828540
vt 0.476330 0.828790
vt 0.476290 0.829410
vt 0.475760 0.829660
vt 0.475730 0.830310
vt 0.475710 0.831020
vt 0.475700 0.831760
vt 0.475700 0.832510
vt 0.475710 0.833230
vt 0.475730 0.833910
vt 0.475760 0.834510
vt 0.475300 0.834120
vt 0.475270 0.833610
vt 0.475260 0.833030
vt 0.475250 0.832420
vt 0.475250 0.831780
vt 0.475260 0.831150
vt 0.475270 0.830550
vt 0.475300 0.830000
vt 0.475790 0.829100
vt 0.696580 0.118570
vt 0.696530 0.118020
vt 0.696000 0.117820
vt 0.696050 0.118320
vt 0.697160 0.118720
vt 0.697110 0.118140
vt 0.697780 0.118780
vt 0.697730 0.118180
vt 0.697070 0.117480
vt 0.697690 0.117500
vt 0.697050 0.116760
vt 0.697670 0.116770
vt 0.697040 0.116010
vt 0.697660 0.116010
vt 0.697160 0.030980
vt 0.697780 0.030980
vt 0.696590 0.030980
vt 0.696460 0.116020
vt 0.696470 0.116720
vt 0.696490 0.117390
vt 0.695970 0.117260
vt 0.695950 0.116650
vt 0.695950 0.116020
vt 0.696070 0.030990
vt 0.684700 0.937320
vt 0.685270 0.937060
vt 0.685260 0.936580
vt 0.684700 0.936780
vt 0.684090 0.937480
vt 0.684090 0.936900
vt 0.684700 0.936160
vt 0.684090 0.936240
vt 0.683450 0.936940
vt 0.683450 0.936270
vt 0.684080 0.935530
vt 0.683450 0.935550
vt 0.684080 0.934790
vt 0.683450 0.934790
vt 0.684090 0.849750
vt 0.683460 0.849750
vt 0.684700 0.849750
vt 0.684690 0.934790
vt 0.684690 0.935490
vt 0.685260 0.935420
vt 0.685260 0.936020
vt 0.685760 0.935830
vt 0.685760 0.936310
vt 0.685760 0.936720
vt 0.685760 0.935320
vt 0.685760 0.934780
vt 0.685260 0.934790
vt 0.685270 0.849750
vt 0.685760 0.849750
vt 0.437540 0.941850
vt 0.436910 0.941850
vt 0.436910 0.942730
vt 0.437540 0.942740
vt 0.436910 0.943570
vt 0.437540 0.943610
vt 0.436910 0.944360
vt 0.437540 0.944400
vt 0.436910 0.945040
vt 0.437540 0.945100
vt 0.436910 0.945600
vt 0.437540 0.945670
vt 0.436300 0.945380
vt 0.436300 0.944850
vt 0.436300 0.944210
vt 0.436300 0.943470
vt 0.436300 0.942680
vt 0.436300 0.941850
vt 0.436300 0.941020
vt 0.436910 0.940970
vt 0.437540 0.940950
vt 0.436910 0.940120
vt 0.437540 0.940080
vt 0.436910 0.939340
vt 0.437540 0.939290
vt 0.436910 0.938650
vt 0.437540 0.938590
vt 0.436300 0.938840
vt 0.436300 0.939480
vt 0.436300 0.940220
vt 0.435730 0.940380
vt 0.435730 0.941100
vt 0.435730 0.941850
vt 0.435730 0.942590
vt 0.435730 0.943310
vt 0.435730 0.943970
vt 0.435730 0.944550
vt 0.435730 0.945030
vt 0.435240 0.944150
vt 0.435240 0.943660
vt 0.435240 0.943090
vt 0.435240 0.942480
vt 0.435240 0.941850
vt 0.435240 0.941210
vt 0.435240 0.940600
vt 0.435240 0.940040
vt 0.435730 0.939720
vt 0.435730 0.939140
vt 0.435240 0.939540
vt 0.434840 0.941350
vt 0.434840 0.941850
vt 0.395830 0.012290
vt 0.395300 0.012500
vt 0.395270 0.013050
vt 0.395790 0.012910
vt 0.396410 0.012160
vt 0.396370 0.012820
vt 0.397030 0.012120
vt 0.396990 0.012780
vt 0.396350 0.013530
vt 0.396970 0.013510
vt 0.396340 0.014270
vt 0.396960 0.014270
vt 0.396410 0.079010
vt 0.397030 0.079010
vt 0.395830 0.079020
vt 0.395760 0.014270
vt 0.395770 0.013580
vt 0.395250 0.013650
vt 0.395240 0.014280
vt 0.395320 0.079030
vt 0.167800 0.006060
vt 0.167800 0.006610
vt 0.168360 0.006810
vt 0.168370 0.006320
vt 0.168860 0.007070
vt 0.168860 0.006660
vt 0.168860 0.007550
vt 0.168360 0.007370
vt 0.167790 0.007230
vt 0.167190 0.006490
vt 0.167190 0.005910
vt 0.166560 0.005860
vt 0.166550 0.006450
vt 0.167180 0.007150
vt 0.166550 0.007120
vt 0.167180 0.007870
vt 0.166550 0.007850
vt 0.167180 0.008610
vt 0.166550 0.008610
vt 0.167190 0.073360
vt 0.166550 0.073360
vt 0.167800 0.073360
vt 0.167790 0.008610
vt 0.167790 0.007910
vt 0.168360 0.007980
vt 0.168850 0.008070
vt 0.168850 0.008600
vt 0.168360 0.008610
vt 0.168360 0.073360
vt 0.168860 0.073350
vt 0.402480 0.823570
vt 0.402480 0.822690
vt 0.401860 0.822720
vt 0.401850 0.823590
vt 0.401860 0.824470
vt 0.402480 0.824480
vt 0.401870 0.825340
vt 0.402500 0.825360
vt 0.401890 0.826140
vt 0.402520 0.826180
vt 0.401920 0.826870
vt 0.402550 0.826920
vt 0.401960 0.827480
vt 0.402580 0.827540
vt 0.401320 0.826700
vt 0.401290 0.826020
vt 0.401270 0.825260
vt 0.401260 0.824450
vt 0.401260 0.823610
vt 0.401260 0.822790
vt 0.401270 0.822020
vt 0.401870 0.821890
vt 0.402500 0.821850
vt 0.401890 0.821150
vt 0.402520 0.821080
vt 0.401920 0.820510
vt 0.402550 0.820430
vt 0.401950 0.820000
vt 0.402580 0.819910
vt 0.401360 0.820230
vt 0.401320 0.820710
vt 0.401290 0.821310
vt 0.400750 0.821580
vt 0.400730 0.822210
vt 0.400720 0.822910
vt 0.400720 0.823650
vt 0.400720 0.824400
vt 0.400730 0.825130
vt 0.400750 0.825820
vt 0.400780 0.826430
vt 0.400290 0.825540
vt 0.400270 0.824960
vt 0.400260 0.824340
vt 0.400260 0.823700
vt 0.400260 0.823070
vt 0.400270 0.822480
vt 0.399900 0.824260
vt 0.399890 0.823760
vt 0.399900 0.824750
vt 0.399920 0.825200
vt 0.400780 0.821040
vt 0.679910 0.118140
vt 0.679760 0.117470
vt 0.679250 0.117440
vt 0.679390 0.118100
vt 0.679160 0.116720
vt 0.679670 0.116730
vt 0.679130 0.115980
vt 0.679640 0.115980
vt 0.679400 0.030950
vt 0.679910 0.030940
vt 0.587220 0.205760
vt 0.587700 0.205270
vt 0.587590 0.205000
vt 0.587080 0.205420
vt 0.586680 0.206160
vt 0.586520 0.205760
vt 0.586970 0.205000
vt 0.586390 0.205270
vt 0.585920 0.206010
vt 0.585770 0.205470
vt 0.585310 0.206160
vt 0.585150 0.205590
vt 0.585660 0.204850
vt 0.585040 0.204930
vt 0.584550 0.205620
vt 0.584430 0.204950
vt 0.584970 0.204210
vt 0.584360 0.204230
vt 0.584940 0.203470
vt 0.584340 0.203470
vt 0.585080 0.118430
vt 0.584480 0.118430
vt 0.585720 0.118440
vt 0.585580 0.203470
vt 0.585600 0.204170
vt 0.586230 0.204110
vt 0.586290 0.204710
vt 0.586890 0.204530
vt 0.587440 0.204300
vt 0.587510 0.204670
vt 0.587970 0.204300
vt 0.588030 0.204530
vt 0.587920 0.204040
vt 0.587890 0.203770
vt 0.587400 0.203900
vt 0.586840 0.204010
vt 0.586820 0.203480
vt 0.586210 0.203480
vt 0.586350 0.118440
vt 0.586960 0.118440
vt 0.587530 0.118440
vt 0.587390 0.203480
vt 0.587880 0.203480
vt 0.588030 0.118440
vt 0.433430 0.824280
vt 0.434060 0.824280
vt 0.434060 0.823400
vt 0.433430 0.823390
vt 0.434060 0.822560
vt 0.433430 0.822520
vt 0.434060 0.821780
vt 0.433430 0.821730
vt 0.434060 0.821090
vt 0.433430 0.821030
vt 0.434060 0.820530
vt 0.433430 0.820460
vt 0.434670 0.821920
vt 0.434670 0.822660
vt 0.434670 0.823450
vt 0.434670 0.824280
vt 0.434670 0.825110
vt 0.434060 0.825170
vt 0.433430 0.825180
vt 0.434060 0.826010
vt 0.433430 0.826050
vt 0.434060 0.826790
vt 0.433430 0.826840
vt 0.434060 0.827480
vt 0.433430 0.827540
vt 0.434670 0.827290
vt 0.434670 0.826650
vt 0.434670 0.825910
vt 0.435230 0.825750
vt 0.435230 0.825030
vt 0.435230 0.824280
vt 0.435230 0.823540
vt 0.435230 0.822820
vt 0.435720 0.823040
vt 0.435720 0.823650
vt 0.435720 0.824280
vt 0.435720 0.824920
vt 0.435720 0.825530
vt 0.435720 0.826090
vt 0.435230 0.826410
vt 0.435230 0.826990
vt 0.435720 0.826590
vt 0.436130 0.825710
vt 0.436130 0.825260
vt 0.436130 0.824780
vt 0.436130 0.824280
vt 0.436130 0.823790
vt 0.026440 0.002560
vt 0.026190 0.067320
vt 0.026710 0.067310
vt 0.668080 0.585730
vt 0.667950 0.586070
vt 0.668460 0.586490
vt 0.668560 0.586220
vt 0.668370 0.586820
vt 0.667840 0.586490
vt 0.667380 0.585740
vt 0.667250 0.586230
vt 0.666780 0.585490
vt 0.666640 0.586030
vt 0.666170 0.585330
vt 0.666010 0.585910
vt 0.665570 0.585280
vt 0.665410 0.585870
vt 0.665900 0.586570
vt 0.665290 0.586540
vt 0.665830 0.587290
vt 0.665220 0.587270
vt 0.665810 0.588030
vt 0.665200 0.588030
vt 0.665950 0.652780
vt 0.665340 0.652780
vt 0.666580 0.652780
vt 0.666440 0.588030
vt 0.666460 0.587330
vt 0.666530 0.586650
vt 0.667150 0.586790
vt 0.667750 0.586970
vt 0.668300 0.587190
vt 0.668790 0.587440
vt 0.668830 0.587190
vt 0.668890 0.586960
vt 0.668760 0.587720
vt 0.668270 0.587600
vt 0.667700 0.587490
vt 0.667090 0.587400
vt 0.667080 0.588030
vt 0.667220 0.652770
vt 0.667830 0.652770
vt 0.667690 0.588020
vt 0.668250 0.588020
vt 0.668750 0.588010
vt 0.668890 0.652760
vt 0.668390 0.652770
vt 0.341000 0.418870
vt 0.343930 0.423000
vt 0.345070 0.421240
vt 0.341890 0.416740
vt 0.337150 0.416600
vt 0.337700 0.414270
vt 0.333340 0.414370
vt 0.333560 0.411840
vt 0.331684 0.412926
vt 0.332247 0.414370
vt 0.331258 0.411840
vt 0.347362 0.461164
vt 0.347852 0.463068
vt 0.348390 0.462300
vt 0.348560 0.455270
vt 0.350110 0.456350
vt 0.350110 0.449860
vt 0.351800 0.450470
vt 0.350100 0.443940
vt 0.351790 0.444020
vt 0.350080 0.438080
vt 0.351770 0.437650
vt 0.348470 0.432600
vt 0.350020 0.431690
vt 0.346880 0.427200
vt 0.348280 0.425800
vt 0.603080 0.997403
vt 0.605740 0.999780
vt 0.605730 0.997383
vt 0.600580 0.999770
vt 0.600575 0.997422
vt 0.475680 0.533270
vt 0.475600 0.527500
vt 0.470450 0.527530
vt 0.470530 0.533300
vt 0.475760 0.538960
vt 0.470610 0.538990
vt 0.470430 0.521170
vt 0.475580 0.521140
vt 0.470400 0.514730
vt 0.475550 0.514710
vt 0.470430 0.508670
vt 0.475580 0.508650
vt 0.470450 0.502550
vt 0.475600 0.502520
vt 0.470530 0.497720
vt 0.475680 0.497690
vt 0.470610 0.492840
vt 0.475760 0.492810
vt 0.507660 0.533360
vt 0.507630 0.527770
vt 0.502480 0.527780
vt 0.502510 0.533370
vt 0.507690 0.538880
vt 0.502540 0.538880
vt 0.251600 0.801230
vt 0.256300 0.801210
vt 0.260730 0.801270
vt 0.265200 0.801340
vt 0.246950 0.801240
vt 0.386985 0.738642
vt 0.384632 0.736285
vt 0.384300 0.738650
vt 0.388510 0.744190
vt 0.385210 0.745120
vt 0.389300 0.749800
vt 0.386130 0.751670
vt 0.145319 0.892990
vt 0.145220 0.893090
vt 0.145333 0.893090
vt 0.145287 0.892778
vt 0.377780 0.652160
vt 0.377274 0.656286
vt 0.378132 0.654626
vt 0.374470 0.653100
vt 0.375593 0.659536
vt 0.373570 0.646620
vt 0.377010 0.646620
vt 0.374480 0.640070
vt 0.377790 0.641000
vt 0.375400 0.633600
vt 0.378580 0.635460
vt 0.141130 0.893130
vt 0.137100 0.893170
vt 0.137100 0.908120
vt 0.141130 0.908080
vt 0.145220 0.908040
vt 0.145238 0.907982
vt 0.145237 0.908040
vt 0.268730 0.801470
vt 0.265200 0.816280
vt 0.268730 0.816410
vt 0.272290 0.801600
vt 0.272290 0.816540
vt 0.260730 0.816220
vt 0.256300 0.816150
vt 0.251600 0.816170
vt 0.246950 0.816180
vt 0.242740 0.816270
vt 0.242740 0.801330
vt 0.238590 0.816360
vt 0.238590 0.801420
vt 0.435185 0.822141
vt 0.434935 0.821759
vt 0.241241 0.793958
vt 0.241241 0.794018
vt 0.241257 0.795966
vt 0.307281 0.918443
vt 0.307213 0.918530
vt 0.307876 0.917661
vt 0.307838 0.917710
vt 0.307910 0.917615
vt 0.191650 0.366695
vt 0.191678 0.366301
vt 0.191695 0.366107
vt 0.434636 0.821308
vt 0.434670 0.821358
vt 0.241420 0.790890
vt 0.241218 0.791322
vt 0.241580 0.791610
vt 0.242650 0.793330
vt 0.241237 0.793446
vt 0.243150 0.793680
vt 0.307350 0.918353
vt 0.307565 0.918068
vt 0.342764 0.136566
vt 0.343290 0.136610
vt 0.343110 0.136010
vt 0.191540 0.366800
vt 0.191643 0.366787
vt 0.467215 0.841592
vt 0.467476 0.841956
vt 0.341310 0.551256
vt 0.340120 0.541590
vt 0.340120 0.556540
vt 0.026710 0.000410
vt 0.026152 0.000627
vt 0.026198 0.000953
vt 0.026560 0.001080
vt 0.241221 0.791618
vt 0.241239 0.793719
vt 0.342637 0.136448
vt 0.341335 0.556533
vt 0.241224 0.791926
vt 0.241850 0.792280
vt 0.241240 0.793759
vt 0.243700 0.793890
vt 0.342530 0.136070
vt 0.342394 0.136293
vt 0.026129 0.052653
vt 0.435506 0.822628
vt 0.435230 0.822210
vt 0.241227 0.792291
vt 0.241242 0.793947
vt 0.309150 0.916770
vt 0.309150 0.915970
vt 0.308834 0.916394
vt 0.468304 0.843020
vt 0.468164 0.842850
vt 0.347112 0.460242
vt 0.026285 0.002069
vt 0.026470 0.001810
vt 0.241229 0.792496
vt 0.242210 0.792860
vt 0.308528 0.916800
vt 0.343430 0.137300
vt 0.343371 0.137389
vt 0.343465 0.137621
vt 0.342178 0.136168
vt 0.466686 0.840817
vt 0.506740 0.526682
vt 0.026280 0.001817
vt 0.434605 0.821260
vt 0.434150 0.820562
vt 0.434379 0.820912
vt 0.241209 0.790135
vt 0.241232 0.792879
vt 0.308524 0.916805
vt 0.343337 0.137306
vt 0.340420 0.136210
vt 0.340243 0.136427
vt 0.340374 0.136325
vt 0.340455 0.136262
vt 0.466841 0.841055
vt 0.467530 0.842027
vt 0.507628 0.526692
vt 0.026221 0.001106
vt 0.026250 0.001461
vt 0.435209 0.822178
vt 0.241216 0.790681
vt 0.241218 0.790896
vt 0.241233 0.793010
vt 0.241236 0.793366
vt 0.308191 0.917245
vt 0.308520 0.916811
vt 0.342863 0.136653
vt 0.343081 0.136949
vt 0.341720 0.135770
vt 0.341278 0.136006
vt 0.341578 0.136025
vt 0.341839 0.136050
vt 0.191738 0.365837
vt 0.191789 0.365503
vt 0.467608 0.842132
vt 0.375400 0.659650
vt 0.387853 0.739512
vt 0.191642 0.366809
vt 0.341263 0.541583
vt 0.026190 0.000460
vt 0.026296 0.002566
vt 0.435720 0.822952
vt 0.468038 0.842694
vt 0.466617 0.840711
vt 0.502478 0.526635
vt 0.241260 0.796327
vt 0.466994 0.841285
s 1
usemtl colonne-ext
f 1/1/1 2/2/2 3/3/3
f 1/1/1 3/3/3 4/4/4
f 4/4/4 3/3/3 5/5/5
f 4/4/4 5/5/5 6/6/6
f 3/3/3 7/7/7 5/5/5
f 3/3/3 8/8/8 7/7/7
f 2/2/2 8/8/8 3/3/3
f 2/2/2 9/9/9 8/8/8
f 10/10/10 9/9/9 2/2/2
f 11/11/11 10/10/10 2/2/2
f 11/11/11 2/2/2 1/1/1
f 12/12/12 10/10/10 11/11/11
f 12/12/12 13/13/13 10/10/10
f 13/13/13 14/14/14 10/10/10
f 13/13/13 15/15/15 14/14/14
f 15/15/15 16/16/16 14/14/14
f 15/15/15 17/17/17 16/16/16
f 17/17/17 18/18/18 16/16/16
f 17/17/17 19/19/19 18/18/18
f 19/19/19 20/20/20 18/18/18
f 19/19/19 21/21/21 20/20/20
f 18/18/18 20/20/20 22/22/22
f 18/18/18 22/22/22 23/23/23
f 16/16/16 18/18/18 23/23/23
f 16/16/16 23/23/23 24/24/24
f 14/14/14 16/16/16 24/24/24
f 14/14/14 24/24/24 9/9/9
f 10/10/10 14/14/14 9/9/9
f 9/9/9 24/24/24 25/25/25
f 9/9/9 25/25/25 8/8/8
f 8/8/8 25/25/25 26/26/26
f 8/8/8 26/26/26 7/7/7
f 25/25/25 27/27/27 26/26/26
f 25/25/25 28/28/28 27/27/27
f 24/24/24 28/28/28 25/25/25
f 24/24/24 23/23/23 28/28/28
f 23/23/23 29/29/29 28/28/28
f 23/23/23 22/22/22 29/29/29
f 28/28/28 29/29/29 30/30/30
f 28/28/28 30/30/30 27/27/27
f 31/31/31 32/32/32 33/33/33
f 31/31/31 33/33/33 34/34/34
f 31/31/31 34/34/34 35/35/35
f 31/31/31 35/35/35 36/36/36
f 36/36/36 35/35/35 37/37/37
f 36/36/36 37/37/37 38/38/38
f 38/38/38 37/37/37 39/39/39
f 38/38/38 39/39/39 40/40/40
f 40/40/40 39/39/39 41/41/41
f 40/40/40 41/41/41 42/42/42
f 42/42/42 41/41/41 43/43/43
f 42/42/42 43/43/43 44/44/44
f 41/41/41 45/45/45 43/43/43
f 41/41/41 46/46/46 45/45/45
f 39/39/39 46/46/46 41/41/41
f 39/39/39 47/47/47 46/46/46
f 37/37/37 47/47/47 39/39/39
f 37/37/37 48/48/48 47/47/47
f 35/35/35 48/48/48 37/37/37
f 35/35/35 49/49/49 48/48/48
f 34/34/34 49/49/49 35/35/35
f 34/34/34 50/50/50 49/49/49
f 34/34/34 51/51/51 50/50/50
f 34/34/34 33/33/33 51/51/51
f 33/33/33 52/52/52 51/51/51
f 33/33/33 53/53/53 52/52/52
f 32/32/32 53/53/53 33/33/33
f 32/32/32 54/54/54 53/53/53
f 54/54/54 55/55/55 53/53/53
f 54/54/54 56/56/56 55/55/55
f 56/56/56 57/57/57 55/55/55
f 56/56/56 58/58/58 57/57/57
f 58/58/58 59/59/59 57/57/57
f 58/58/58 60/60/60 59/59/59
f 57/57/57 59/59/59 61/61/61
f 57/57/57 61/61/61 62/62/62
f 55/55/55 57/57/57 62/62/62
f 55/55/55 62/62/62 63/63/63
f 53/53/53 55/55/55 63/63/63
f 53/53/53 63/63/63 52/52/52
f 52/52/52 63/63/63 64/64/64
f 52/52/52 64/64/64 65/65/65
f 51/51/51 52/52/52 65/65/65
f 51/51/51 65/65/65 66/66/66
f 50/50/50 51/51/51 66/66/66
f 50/50/50 66/66/66 67/67/67
f 50/50/50 67/67/67 68/68/68
f 50/50/50 68/68/68 49/49/49
f 49/49/49 68/68/68 69/69/69
f 49/49/49 69/69/69 48/48/48
f 48/48/48 69/69/69 70/70/70
f 48/48/48 70/70/70 47/47/47
f 47/47/47 70/70/70 71/71/71
f 47/47/47 71/71/71 46/46/46
f 70/70/70 72/72/72 71/71/71
f 70/70/70 73/73/73 72/72/72
f 69/69/69 73/73/73 70/70/70
f 69/69/69 74/74/74 73/73/73
f 68/68/68 74/74/74 69/69/69
f 68/68/68 75/75/75 74/74/74
f 67/67/67 75/75/75 68/68/68
f 67/67/67 76/76/76 75/75/75
f 67/67/67 77/77/77 76/76/76
f 67/67/67 66/66/66 77/77/77
f 66/66/66 78/78/78 77/77/77
f 66/66/66 65/65/65 78/78/78
f 65/65/65 79/79/79 78/78/78
f 65/65/65 64/64/64 79/79/79
f 76/76/76 77/77/77 80/80/80
f 76/76/76 80/80/80 81/81/81
f 76/76/76 81/81/81 82/82/82
f 76/76/76 82/82/82 75/75/75
f 75/75/75 82/82/82 83/83/83
f 75/75/75 83/83/83 74/74/74
f 74/74/74 83/83/83 84/84/84
f 74/74/74 84/84/84 73/73/73
f 73/73/73 84/84/84 85/85/85
f 73/73/73 85/85/85 72/72/72
f 63/63/63 86/86/86 64/64/64
f 63/63/63 62/62/62 86/86/86
f 87/87/87 88/88/88 89/89/89
f 87/87/87 89/89/89 90/90/90
f 91/91/91 88/88/88 87/87/87
f 91/91/91 92/92/92 88/88/88
f 92/92/92 93/93/93 88/88/88
f 92/92/92 94/94/94 93/93/93
f 94/94/94 95/95/95 93/93/93
f 94/94/94 96/96/96 95/95/95
f 96/96/96 97/97/97 95/95/95
f 96/96/96 98/98/98 97/97/97
f 95/95/95 97/97/97 99/99/99
f 95/95/95 99/99/99 100/100/100
f 93/93/93 95/95/95 100/100/100
f 93/93/93 100/100/100 101/101/101
f 88/88/88 93/93/93 101/101/101
f 88/88/88 101/101/101 89/89/89
f 102/102/102 103/103/103 104/104/104
f 102/102/102 104/104/104 105/105/105
f 105/105/105 104/104/104 106/106/106
f 105/105/105 106/106/106 107/107/107
f 108/108/108 105/105/105 107/107/107
f 108/108/108 107/107/107 109/109/109
f 110/110/110 108/108/108 109/109/109
f 110/110/110 109/109/109 111/111/111
f 111/111/111 109/109/109 112/112/112
f 111/111/111 112/112/112 113/113/113
f 113/113/113 112/112/112 114/114/114
f 113/113/113 114/114/114 115/115/115
f 115/115/115 114/114/114 116/116/116
f 115/115/115 116/116/116 117/117/117
f 114/114/114 118/118/118 116/116/116
f 114/114/114 119/119/119 118/118/118
f 112/112/112 119/119/119 114/114/114
f 112/112/112 120/120/120 119/119/119
f 109/109/109 120/120/120 112/112/112
f 109/109/109 107/107/107 120/120/120
f 107/107/107 121/121/121 120/120/120
f 107/107/107 106/106/106 121/121/121
f 106/106/106 122/122/122 121/121/121
f 106/106/106 123/123/123 122/122/122
f 104/104/104 123/123/123 106/106/106
f 104/104/104 124/124/124 123/123/123
f 103/103/103 124/124/124 104/104/104
f 103/103/103 125/125/125 124/124/124
f 125/125/125 126/126/126 124/124/124
f 125/125/125 127/127/127 126/126/126
f 127/127/127 128/128/128 126/126/126
f 127/127/127 129/129/129 128/128/128
f 126/126/126 128/128/128 130/130/130
f 126/126/126 130/130/130 131/131/131
f 124/124/124 126/126/126 131/131/131
f 124/124/124 131/131/131 123/123/123
f 123/123/123 131/131/131 132/132/132
f 123/123/123 132/132/132 122/122/122
f 122/122/122 132/132/132 133/133/133
f 122/122/122 133/133/133 134/134/134
f 121/121/121 122/122/122 134/134/134
f 121/121/121 134/134/134 135/135/135
f 120/120/120 121/121/121 135/135/135
f 120/120/120 135/135/135 119/119/119
f 119/119/119 135/135/135 136/136/136
f 119/119/119 136/136/136 118/118/118
f 135/135/135 137/137/137 136/136/136
f 135/135/135 134/134/134 137/137/137
f 134/134/134 138/138/138 137/137/137
f 134/134/134 133/133/133 138/138/138
f 133/133/133 139/139/139 138/138/138
f 133/133/133 140/140/140 139/139/139
f 132/132/132 140/140/140 133/133/133
f 132/132/132 141/141/141 140/140/140
f 131/131/131 141/141/141 132/132/132
f 131/131/131 130/130/130 141/141/141
f 142/142/142 143/143/143 144/144/144
f 142/142/142 144/144/144 145/145/145
f 145/145/145 144/144/144 146/146/146
f 145/145/145 146/146/146 147/147/147
f 147/147/147 146/146/146 148/148/148
f 147/147/147 148/148/148 149/149/149
f 149/149/149 148/148/148 150/150/150
f 149/149/149 150/150/150 151/151/151
f 151/151/151 150/150/150 152/152/152
f 151/151/151 152/152/152 153/153/153
f 150/150/150 154/154/154 152/152/152
f 150/150/150 155/155/155 154/154/154
f 148/148/148 155/155/155 150/150/150
f 148/148/148 156/156/156 155/155/155
f 146/146/146 156/156/156 148/148/148
f 146/146/146 157/157/157 156/156/156
f 144/144/144 157/157/157 146/146/146
f 144/144/144 158/158/158 157/157/157
f 143/143/143 158/158/158 144/144/144
f 143/143/143 159/159/159 158/158/158
f 143/143/143 160/160/160 159/159/159
f 143/143/143 161/161/161 160/160/160
f 142/142/142 161/161/161 143/143/143
f 142/142/142 162/162/162 161/161/161
f 162/162/162 163/163/163 161/161/161
f 162/162/162 164/164/164 163/163/163
f 164/164/164 165/165/165 163/163/163
f 164/164/164 166/166/166 165/165/165
f 166/166/166 167/167/167 165/165/165
f 166/166/166 168/168/168 167/167/167
f 165/165/165 167/167/167 169/169/169
f 165/165/165 169/169/169 170/170/170
f 163/163/163 165/165/165 170/170/170
f 163/163/163 170/170/170 171/171/171
f 161/161/161 163/163/163 171/171/171
f 161/161/161 171/171/171 160/160/160
f 160/160/160 171/171/171 172/172/172
f 160/160/160 172/172/172 173/173/173
f 159/159/159 160/160/160 173/173/173
f 159/159/159 173/173/173 174/174/174
f 159/159/159 174/174/174 175/175/175
f 159/159/159 175/175/175 158/158/158
f 158/158/158 175/175/175 176/176/176
f 158/158/158 176/176/176 157/157/157
f 157/157/157 176/176/176 177/177/177
f 157/157/157 177/177/177 156/156/156
f 156/156/156 177/177/177 178/178/178
f 156/156/156 178/178/178 155/155/155
f 176/176/176 179/179/179 177/177/177
f 176/176/176 180/180/180 179/179/179
f 175/175/175 180/180/180 176/176/176
f 175/175/175 181/181/181 180/180/180
f 174/174/174 181/181/181 175/175/175
f 174/174/174 182/182/182 181/181/181
f 174/174/174 183/183/183 182/182/182
f 174/174/174 173/173/173 183/183/183
f 173/173/173 184/184/184 183/183/183
f 173/173/173 172/172/172 184/184/184
f 172/172/172 185/185/185 184/184/184
f 172/172/172 186/186/186 185/185/185
f 171/171/171 186/186/186 172/172/172
f 171/171/171 170/170/170 186/186/186
f 170/170/170 187/187/187 186/186/186
f 170/170/170 169/169/169 187/187/187
f 184/184/184 185/185/185 188/188/188
f 184/184/184 188/188/188 189/189/189
f 183/183/183 184/184/184 189/189/189
f 183/183/183 189/189/189 190/190/190
f 182/182/182 183/183/183 190/190/190
f 182/182/182 190/190/190 191/191/191
f 182/182/182 191/191/191 192/192/192
f 182/182/182 192/192/192 181/181/181
f 193/193/193 194/194/194 195/195/195
f 193/193/193 195/195/195 196/196/196
f 197/197/197 193/193/193 196/196/196
f 197/197/197 196/196/196 198/198/198
f 198/198/198 196/196/196 199/199/199
f 198/198/198 199/199/199 200/200/200
f 200/200/200 199/199/199 201/201/201
f 200/200/200 201/201/201 202/202/202
f 202/202/202 201/201/201 203/203/97
f 202/202/202 203/203/97 204/204/203
f 201/201/201 205/205/99 203/203/97
f 201/201/201 206/206/204 205/205/99
f 199/199/199 206/206/204 201/201/201
f 199/199/199 207/207/205 206/206/204
f 196/196/196 207/207/205 199/199/199
f 196/196/196 195/195/195 207/207/205
f 208/208/206 209/209/207 210/210/208
f 208/208/206 210/210/208 211/211/209
f 212/212/186 209/209/207 208/208/206
f 212/212/186 213/213/210 209/209/207
f 213/213/210 214/214/211 209/209/207
f 213/213/210 215/215/212 214/214/211
f 216/216/213 215/215/212 213/213/210
f 216/216/213 217/217/214 215/215/212
f 218/218/215 217/217/214 216/216/213
f 218/218/215 219/219/216 217/217/214
f 220/220/217 219/219/216 218/218/215
f 220/220/217 221/221/218 219/219/216
f 221/221/218 222/222/219 219/219/216
f 221/221/218 223/223/220 222/222/219
f 223/223/220 224/224/221 222/222/219
f 223/223/220 225/225/222 224/224/221
f 225/225/222 226/226/223 224/224/221
f 225/225/222 227/227/224 226/226/223
f 227/227/224 228/228/225 226/226/223
f 227/227/224 229/229/226 228/228/225
f 226/226/223 228/228/225 230/230/118
f 226/226/223 230/230/118 231/231/227
f 224/224/221 226/226/223 231/231/227
f 224/224/221 231/231/227 232/232/228
f 222/222/219 224/224/221 232/232/228
f 222/222/219 232/232/228 233/233/229
f 219/219/216 222/222/219 233/233/229
f 219/219/216 233/233/229 217/217/214
f 217/217/214 233/233/229 234/234/230
f 217/217/214 234/234/230 215/215/212
f 215/215/212 234/234/230 235/235/231
f 215/215/212 235/235/231 214/214/211
f 214/214/211 235/235/231 236/236/232
f 214/214/211 236/236/232 237/237/233
f 209/209/207 214/214/211 237/237/233
f 209/209/207 237/237/233 210/210/208
f 210/210/208 237/237/233 238/238/234
f 210/210/208 238/238/234 239/239/235
f 237/237/233 240/240/236 238/238/234
f 237/237/233 236/236/232 240/240/236
f 236/236/232 241/241/237 240/240/236
f 236/236/232 242/242/238 241/241/237
f 235/235/231 242/242/238 236/236/232
f 235/235/231 243/243/239 242/242/238
f 234/234/230 243/243/239 235/235/231
f 234/234/230 244/244/240 243/243/239
f 233/233/229 244/244/240 234/234/230
f 233/233/229 232/232/228 244/244/240
f 232/232/228 245/245/241 244/244/240
f 232/232/228 231/231/227 245/245/241
f 231/231/227 246/246/136 245/245/241
f 231/231/227 230/230/118 246/246/136
f 245/245/241 246/246/136 247/247/137
f 245/245/241 247/247/137 248/248/242
f 244/244/240 245/245/241 248/248/242
f 244/244/240 248/248/242 243/243/239
f 243/243/239 248/248/242 249/249/243
f 243/243/239 249/249/243 242/242/238
f 242/242/238 249/249/243 250/250/244
f 242/242/238 250/250/244 241/241/237
f 249/249/243 251/251/139 250/250/244
f 249/249/243 252/252/138 251/251/139
f 248/248/242 252/252/138 249/249/243
f 248/248/242 247/247/137 252/252/138
f 253/253/245 254/254/246 255/255/247
f 253/253/245 255/255/247 256/256/248
f 253/253/245 256/256/248 257/257/249
f 253/253/245 257/257/249 258/258/250
f 258/258/250 257/257/249 259/259/251
f 258/258/250 259/259/251 260/260/252
f 260/260/252 259/259/251 261/261/253
f 260/260/252 261/261/253 262/262/254
f 262/262/254 261/261/253 263/263/255
f 262/262/254 263/263/255 264/264/256
f 264/264/256 263/263/255 265/265/257
f 264/264/256 265/265/257 266/266/258
f 263/263/255 267/267/259 265/265/257
f 263/263/255 268/268/260 267/267/259
f 261/261/253 268/268/260 263/263/255
f 261/261/253 269/269/261 268/268/260
f 259/259/251 269/269/261 261/261/253
f 259/259/251 270/270/262 269/269/261
f 257/257/249 270/270/262 259/259/251
f 257/257/249 271/271/263 270/270/262
f 256/256/248 271/271/263 257/257/249
f 256/256/248 272/272/264 271/271/263
f 256/256/248 273/273/265 272/272/264
f 256/256/248 255/255/247 273/273/265
f 255/255/247 274/274/266 273/273/265
f 255/255/247 275/275/267 274/274/266
f 254/254/246 275/275/267 255/255/247
f 254/254/246 276/276/268 275/275/267
f 276/276/268 277/277/269 275/275/267
f 276/276/268 278/278/270 277/277/269
f 278/278/270 279/279/271 277/277/269
f 278/278/270 280/280/272 279/279/271
f 280/280/272 281/281/273 279/279/271
f 280/280/272 282/282/274 281/281/273
f 277/277/269 279/279/271 283/283/275
f 277/277/269 283/283/275 284/284/276
f 275/275/267 277/277/269 284/284/276
f 275/275/267 284/284/276 274/274/266
f 274/274/266 284/284/276 285/285/277
f 274/274/266 285/285/277 286/286/278
f 273/273/265 274/274/266 286/286/278
f 273/273/265 286/286/278 287/287/279
f 272/272/264 273/273/265 287/287/279
f 272/272/264 287/287/279 288/288/280
f 272/272/264 288/288/280 289/289/281
f 272/272/264 289/289/281 271/271/263
f 271/271/263 289/289/281 290/290/282
f 271/271/263 290/290/282 270/270/262
f 270/270/262 290/290/282 291/291/283
f 270/270/262 291/291/283 269/269/261
f 269/269/261 291/291/283 292/292/284
f 269/269/261 292/292/284 268/268/260
f 291/291/283 293/293/285 292/292/284
f 291/291/283 294/294/286 293/293/285
f 290/290/282 294/294/286 291/291/283
f 290/290/282 295/295/287 294/294/286
f 289/289/281 295/295/287 290/290/282
f 289/289/281 296/296/288 295/295/287
f 288/288/280 296/296/288 289/289/281
f 288/288/280 297/297/289 296/296/288
f 288/288/280 298/298/290 297/297/289
f 288/288/280 287/287/279 298/298/290
f 287/287/279 299/299/291 298/298/290
f 287/287/279 286/286/278 299/299/291
f 286/286/278 300/300/292 299/299/291
f 286/286/278 285/285/277 300/300/292
f 298/298/290 299/299/291 301/301/293
f 298/298/290 301/301/293 302/302/294
f 297/297/289 298/298/290 302/302/294
f 297/297/289 302/302/294 303/303/295
f 297/297/289 303/303/295 304/304/296
f 297/297/289 304/304/296 296/296/288
f 296/296/288 304/304/296 305/305/297
f 296/296/288 305/305/297 295/295/287
f 295/295/287 305/305/297 306/306/298
f 295/295/287 306/306/298 294/294/286
f 303/303/295 302/302/294 307/307/299
f 303/303/295 307/307/299 308/308/300
f 284/284/276 309/309/301 285/285/277
f 284/284/276 283/283/275 309/309/301
f 310/310/302 311/311/303 312/312/304
f 310/310/302 312/312/304 313/313/305
f 313/313/305 312/312/304 314/314/306
f 313/313/305 314/314/306 315/315/307
f 315/315/307 314/314/306 316/316/308
f 315/315/307 316/316/308 317/317/309
f 318/318/310 319/319/311 320/320/312
f 318/318/310 320/320/312 321/321/313
f 321/321/313 320/320/312 322/322/314
f 321/321/313 322/322/314 323/323/315
f 323/323/315 322/322/314 324/324/316
f 323/323/315 324/324/316 325/325/317
f 325/325/317 324/324/316 326/326/318
f 325/325/317 326/326/318 327/327/319
f 327/327/319 326/326/318 328/328/320
f 327/327/319 328/328/320 329/329/321
f 324/324/316 330/330/322 326/326/318
f 324/324/316 331/331/323 330/330/322
f 322/322/314 331/331/323 324/324/316
f 322/322/314 332/332/324 331/331/323
f 320/320/312 332/332/324 322/322/314
f 320/320/312 333/333/325 332/332/324
f 319/319/311 333/333/325 320/320/312
f 319/319/311 334/334/326 333/333/325
f 319/319/311 335/335/327 334/334/326
f 319/319/311 336/336/328 335/335/327
f 318/318/310 336/336/328 319/319/311
f 318/318/310 337/337/329 336/336/328
f 337/337/329 338/338/330 336/336/328
f 337/337/329 339/339/331 338/338/330
f 339/339/331 340/340/332 338/338/330
f 339/339/331 341/341/333 340/340/332
f 341/341/333 342/342/334 340/340/332
f 341/341/333 343/343/335 342/342/334
f 343/343/335 344/344/336 342/342/334
f 343/343/335 345/345/337 344/344/336
f 340/340/332 342/342/334 346/346/338
f 340/340/332 346/346/338 347/347/339
f 338/338/330 340/340/332 347/347/339
f 338/338/330 347/347/339 348/348/340
f 336/336/328 338/338/330 348/348/340
f 336/336/328 348/348/340 335/335/327
f 335/335/327 348/348/340 349/349/341
f 335/335/327 349/349/341 350/350/342
f 334/334/326 335/335/327 350/350/342
f 334/334/326 350/350/342 351/351/343
f 334/334/326 351/351/343 352/352/344
f 334/334/326 352/352/344 333/333/325
f 333/333/325 352/352/344 353/353/345
f 333/333/325 353/353/345 332/332/324
f 332/332/324 353/353/345 354/354/346
f 332/332/324 354/354/346 331/331/323
f 331/331/323 354/354/346 355/355/347
f 331/331/323 355/355/347 330/330/322
f 353/353/345 356/356/348 354/354/346
f 353/353/345 357/357/349 356/356/348
f 352/352/344 357/357/349 353/353/345
f 352/352/344 358/358/350 357/357/349
f 351/351/343 358/358/350 352/352/344
f 351/351/343 359/359/351 358/358/350
f 351/351/343 360/360/352 359/359/351
f 351/351/343 350/350/342 360/360/352
f 350/350/342 361/361/353 360/360/352
f 350/350/342 349/349/341 361/361/353
f 349/349/341 362/362/354 361/361/353
f 349/349/341 363/363/355 362/362/354
f 348/348/340 363/363/355 349/349/341
f 348/348/340 347/347/339 363/363/355
f 347/347/339 364/364/356 363/363/355
f 347/347/339 346/346/338 364/364/356
f 359/359/351 360/360/352 365/365/357
f 359/359/351 365/365/357 366/366/358
f 359/359/351 366/366/358 367/367/359
f 359/359/351 367/367/359 358/358/350
f 358/358/350 367/367/359 368/368/360
f 358/358/350 368/368/360 357/357/349
s 0
f 369/369/361 370/370/361 371/371/361
s 1
f 369/369/361 371/371/361 372/372/362
f 373/373/363 369/369/361 372/372/362
f 373/373/363 372/372/362 374/374/364
f 375/375/365 373/373/363 374/374/364
f 375/375/365 374/374/364 376/376/366
f 377/377/363 375/375/365 376/376/366
f 377/377/363 376/376/366 378/378/367
f 379/379/368 377/377/363 378/378/367
f 379/379/368 378/378/367 380/380/369
f 381/381/365 379/379/368 380/380/369
f 381/381/365 380/380/369 382/382/370
f 383/383/371 381/381/365 382/382/370
f 383/383/371 382/382/370 384/384/372
f 385/385/373 383/383/371 384/384/372
f 385/385/373 384/384/372 386/386/374
f 387/387/375 385/385/373 386/386/374
f 387/387/375 386/386/374 388/388/376
f 387/387/375 388/388/376 389/389/377
f 387/387/375 389/389/377 390/390/378
f 387/387/375 390/390/378 391/391/379
f 387/387/375 391/391/379 392/392/380
f 387/387/375 392/392/380 393/393/381
f 387/387/375 393/393/381 394/394/382
f 394/394/382 393/393/381 395/395/383
f 394/394/382 395/395/383 396/396/384
f 396/396/384 395/395/383 397/397/385
f 396/396/384 397/397/385 398/398/386
f 398/398/386 397/397/385 399/399/387
f 398/398/386 399/399/387 400/400/388
f 400/400/388 399/399/387 401/401/389
f 400/400/388 401/401/389 402/402/390
f 402/402/390 401/401/389 403/403/391
f 402/402/390 403/403/391 404/404/392
f 404/404/392 403/403/391 405/405/393
f 404/404/392 405/405/393 406/406/394
f 406/406/394 405/405/393 407/407/395
f 406/406/394 407/407/395 408/408/396
f 408/408/396 407/407/395 409/409/397
f 408/408/396 409/409/397 410/410/398
f 411/411/399 389/389/377 388/388/376
f 411/411/399 388/388/376 386/386/374
f 411/411/399 386/386/374 412/412/400
f 412/412/400 386/386/374 384/384/372
f 412/412/400 384/384/372 413/413/401
f 413/413/401 384/384/372 382/382/370
f 413/413/401 382/382/370 414/414/402
f 414/414/402 382/382/370 380/380/369
f 414/414/402 380/380/369 415/415/403
f 415/415/403 380/380/369 378/378/367
f 415/415/403 378/378/367 416/416/404
f 416/416/404 378/378/367 376/376/366
f 416/416/404 376/376/366 417/417/405
f 417/417/405 376/376/366 374/374/364
f 417/417/405 374/374/364 418/418/406
f 418/418/406 374/374/364 372/372/362
f 418/418/406 372/372/362 419/419/407
f 419/419/407 372/372/362 420/371/408
f 419/419/407 420/371/408 421/420/409
f 411/411/399 422/421/410 389/389/377
f 411/411/399 423/422/411 422/421/410
f 411/411/399 424/423/412 423/422/411
f 411/411/399 425/424/413 424/423/412
f 411/411/399 426/425/414 425/424/413
f 426/425/414 427/426/415 425/424/413
f 426/425/414 428/427/416 427/426/415
f 428/427/416 429/428/417 427/426/415
f 428/427/416 430/429/416 429/428/417
f 430/429/416 431/430/418 429/428/417
f 430/429/416 432/431/419 431/430/418
f 432/431/419 433/432/420 431/430/418
f 432/431/419 434/433/421 433/432/420
f 434/433/421 435/434/422 433/432/420
f 434/433/421 436/435/416 435/434/422
f 436/435/416 437/436/423 435/434/422
f 436/435/416 438/437/416 437/436/423
f 438/437/416 439/438/424 437/436/423
f 438/437/416 440/439/425 439/438/424
f 440/439/425 441/440/414 439/438/424
s 0
f 440/439/414 442/441/414 441/440/414
s 1
f 443/442/426 437/436/423 439/438/424
f 443/442/426 439/438/424 444/443/427
f 444/443/427 439/438/424 445/440/428
f 444/443/427 445/440/428 446/444/429
f 447/445/430 437/436/423 443/442/426
f 447/445/430 435/434/422 437/436/423
f 448/446/431 435/434/422 447/445/430
f 448/446/431 433/432/420 435/434/422
f 449/447/432 433/432/420 448/446/431
f 449/447/432 431/430/418 433/432/420
f 450/448/433 431/430/418 449/447/432
f 450/448/433 429/428/417 431/430/418
f 451/449/434 429/428/417 450/448/433
f 451/449/434 427/426/415 429/428/417
f 452/450/435 427/426/415 451/449/434
f 452/450/435 425/424/413 427/426/415
f 453/451/436 425/424/413 452/450/435
f 453/451/436 424/423/412 425/424/413
f 453/451/436 423/422/411 424/423/412
f 453/451/436 454/452/437 423/422/411
f 453/451/436 455/453/438 454/452/437
f 453/451/436 456/454/439 455/453/438
f 453/451/436 457/455/440 456/454/439
f 453/451/436 458/456/441 457/455/440
f 458/456/441 459/457/442 457/455/440
f 458/456/441 460/458/443 459/457/442
f 460/458/443 461/459/444 459/457/442
f 460/458/443 462/460/445 461/459/444
f 462/460/445 463/461/446 461/459/444
f 462/460/445 464/462/447 463/461/446
f 464/462/447 465/463/448 463/461/446
f 464/462/447 466/464/449 465/463/448
f 466/464/449 467/465/450 465/463/448
f 466/464/449 468/466/443 467/465/450
f 468/466/443 469/467/451 467/465/450
f 468/466/443 470/468/443 469/467/451
f 470/468/443 471/469/452 469/467/451
f 470/468/443 472/470/449 471/469/452
f 472/470/449 473/471/443 471/469/452
s 0
f 472/470/443 474/472/443 473/471/443
s 1
f 475/473/453 469/467/451 471/469/452
f 475/473/453 471/469/452 476/474/454
f 476/474/454 471/469/452 477/471/455
f 476/474/454 477/471/455 478/475/456
f 479/476/457 469/467/451 475/473/453
f 479/476/457 467/465/450 469/467/451
f 480/477/458 467/465/450 479/476/457
f 480/477/458 465/463/448 467/465/450
f 481/478/459 465/463/448 480/477/458
f 481/478/459 463/461/446 465/463/448
f 482/479/460 463/461/446 481/478/459
f 482/479/460 461/459/444 463/461/446
f 483/480/461 461/459/444 482/479/460
f 483/480/461 459/457/442 461/459/444
f 484/481/462 459/457/442 483/480/461
f 484/481/462 457/455/440 459/457/442
f 485/482/463 457/455/440 484/481/462
f 485/482/463 456/454/439 457/455/440
f 485/482/463 455/453/438 456/454/439
f 485/482/463 486/483/464 455/453/438
f 485/482/463 487/484/465 486/483/464
f 485/482/463 488/485/466 487/484/465
f 485/482/463 489/486/467 488/485/466
f 485/482/463 490/487/468 489/486/467
f 490/487/468 491/488/469 489/486/467
f 490/487/468 492/489/470 491/488/469
f 492/489/470 493/490/471 491/488/469
f 492/489/470 494/491/472 493/490/471
f 494/491/472 495/492/473 493/490/471
f 494/491/472 496/493/474 495/492/473
f 496/493/474 497/494/475 495/492/473
f 496/493/474 498/495/476 497/494/475
f 498/495/476 499/496/477 497/494/475
f 498/495/476 500/497/478 499/496/477
f 500/497/478 501/498/479 499/496/477
f 500/497/478 502/499/480 501/498/479
f 502/499/480 503/500/481 501/498/479
f 502/499/480 504/501/482 503/500/481
f 504/501/482 505/502/483 503/500/481
s 0
f 504/501/484 506/503/484 505/502/484
s 1
f 507/504/485 508/505/486 509/506/487
f 507/504/485 509/506/487 510/507/488
f 507/504/485 510/507/488 511/508/489
f 507/504/485 511/508/489 512/509/490
f 512/509/490 511/508/489 513/510/491
f 512/509/490 513/510/491 514/511/492
f 514/511/492 513/510/491 515/512/493
f 514/511/492 515/512/493 516/513/494
f 516/513/494 515/512/493 517/514/495
f 516/513/494 517/514/495 518/515/496
f 518/515/496 517/514/495 519/516/497
f 518/515/496 519/516/497 520/517/498
f 517/514/495 521/518/499 519/516/497
f 517/514/495 522/519/500 521/518/499
f 515/512/493 522/519/500 517/514/495
f 515/512/493 523/520/501 522/519/500
f 513/510/491 523/520/501 515/512/493
f 513/510/491 524/521/502 523/520/501
f 511/508/489 524/521/502 513/510/491
f 511/508/489 525/522/503 524/521/502
f 510/507/488 525/522/503 511/508/489
f 510/507/488 526/523/504 525/522/503
f 510/507/488 527/524/505 526/523/504
f 510/507/488 509/506/487 527/524/505
f 509/506/487 528/525/506 527/524/505
f 509/506/487 529/526/507 528/525/506
f 508/505/486 529/526/507 509/506/487
f 508/505/486 530/527/508 529/526/507
f 530/527/508 531/528/509 529/526/507
f 530/527/508 532/529/510 531/528/509
f 532/529/510 533/530/511 531/528/509
f 532/529/510 534/531/512 533/530/511
f 534/531/512 535/532/513 533/530/511
f 534/531/512 536/533/514 535/532/513
f 531/528/509 533/530/511 537/534/515
f 531/528/509 537/534/515 538/535/516
f 529/526/507 531/528/509 538/535/516
f 529/526/507 538/535/516 528/525/506
f 528/525/506 538/535/516 539/536/517
f 528/525/506 539/536/517 540/537/518
f 527/524/505 528/525/506 540/537/518
f 527/524/505 540/537/518 541/538/519
f 526/523/504 527/524/505 541/538/519
f 526/523/504 541/538/519 542/539/520
f 526/523/504 542/539/520 543/540/521
f 526/523/504 543/540/521 525/522/503
f 525/522/503 543/540/521 544/541/522
f 525/522/503 544/541/522 524/521/502
f 524/521/502 544/541/522 545/542/523
f 524/521/502 545/542/523 523/520/501
f 523/520/501 545/542/523 546/543/524
f 523/520/501 546/543/524 522/519/500
f 522/519/500 546/543/524 547/544/525
f 522/519/500 547/544/525 521/518/499
f 545/542/523 548/545/526 546/543/524
f 545/542/523 549/546/527 548/545/526
f 544/541/522 549/546/527 545/542/523
f 544/541/522 550/547/528 549/546/527
f 543/540/521 550/547/528 544/541/522
f 543/540/521 551/548/529 550/547/528
f 542/539/520 551/548/529 543/540/521
f 542/539/520 552/549/530 551/548/529
f 542/539/520 553/550/531 552/549/530
f 542/539/520 541/538/519 553/550/531
f 541/538/519 554/551/532 553/550/531
f 541/538/519 540/537/518 554/551/532
f 540/537/518 555/552/533 554/551/532
f 540/537/518 539/536/517 555/552/533
f 539/536/517 556/553/534 555/552/533
f 539/536/517 557/554/535 556/553/534
f 538/535/516 557/554/535 539/536/517
f 538/535/516 537/534/515 557/554/535
f 555/552/533 556/553/534 558/555/536
f 555/552/533 558/555/536 559/556/537
f 554/551/532 555/552/533 559/556/537
f 554/551/532 559/556/537 560/557/538
f 553/550/531 554/551/532 560/557/538
f 553/550/531 560/557/538 561/558/539
f 552/549/530 553/550/531 561/558/539
f 552/549/530 561/558/539 562/559/540
f 552/549/530 562/559/540 563/560/541
f 552/549/530 563/560/541 551/548/529
f 551/548/529 563/560/541 564/561/542
f 551/548/529 564/561/542 550/547/528
f 565/562/543 566/563/544 567/564/545
f 565/562/543 567/564/545 568/565/535
f 568/565/535 567/564/545 569/566/546
f 568/565/535 569/566/546 570/567/547
f 570/567/547 569/566/546 571/568/548
f 570/567/547 571/568/548 572/569/549
f 569/566/546 573/570/550 571/568/548
f 569/566/546 574/571/551 573/570/550
f 567/564/545 574/571/551 569/566/546
f 567/564/545 575/572/552 574/571/551
f 566/563/544 575/572/552 567/564/545
f 566/563/544 576/573/553 575/572/552
f 577/574/554 576/573/553 566/563/544
f 578/575/555 577/574/554 566/563/544
f 578/575/555 566/563/544 565/562/543
f 577/574/554 579/576/556 576/573/553
f 580/577/557 579/576/556 577/574/554
f 580/577/557 581/578/558 579/576/556
f 581/578/558 582/579/559 579/576/556
f 581/578/558 583/580/560 582/579/559
f 583/580/560 584/581/561 582/579/559
f 583/580/560 585/582/562 584/581/561
f 585/582/562 586/583/563 584/581/561
f 585/582/562 587/584/564 586/583/563
f 584/581/561 586/583/563 588/585/565
f 584/581/561 588/585/565 589/586/566
f 582/579/559 584/581/561 589/586/566
f 582/579/559 589/586/566 590/587/567
f 579/576/556 582/579/559 590/587/567
f 579/576/556 590/587/567 576/573/553
f 576/573/553 590/587/567 591/588/568
f 576/573/553 591/588/568 575/572/552
f 575/572/552 591/588/568 592/589/569
f 575/572/552 592/589/569 574/571/551
f 574/571/551 592/589/569 593/590/570
f 574/571/551 593/590/570 573/570/550
f 573/570/550 593/590/570 594/591/571
f 573/570/550 594/591/571 595/592/572
f 571/568/548 573/570/550 595/592/572
f 571/568/548 595/592/572 596/593/573
f 593/590/570 597/594/574 594/591/571
f 593/590/570 598/595/575 597/594/574
f 592/589/569 598/595/575 593/590/570
f 592/589/569 599/596/576 598/595/575
f 591/588/568 599/596/576 592/589/569
f 591/588/568 600/597/577 599/596/576
f 590/587/567 600/597/577 591/588/568
f 590/587/567 589/586/566 600/597/577
f 589/586/566 601/598/578 600/597/577
f 589/586/566 588/585/565 601/598/578
f 600/597/577 601/598/578 602/599/579
f 600/597/577 602/599/579 599/596/576
f 599/596/576 602/599/579 603/600/580
f 599/596/576 603/600/580 598/595/575
f 598/595/575 603/600/580 604/601/581
f 598/595/575 604/601/581 597/594/574
f 605/602/582 606/603/583 607/604/584
f 605/602/582 607/604/584 608/605/585
f 609/606/586 605/602/582 608/605/585
f 609/606/586 608/605/585 610/607/587
f 610/607/587 608/605/585 611/608/588
f 610/607/587 611/608/588 612/609/589
f 612/609/589 611/608/588 613/610/590
f 612/609/589 613/610/590 614/611/591
f 614/611/591 613/610/590 615/612/592
f 614/611/591 615/612/592 616/613/593
f 613/610/590 617/614/594 615/612/592
f 613/610/590 618/615/595 617/614/594
f 611/608/588 618/615/595 613/610/590
f 611/608/588 619/616/596 618/615/595
f 608/605/585 619/616/596 611/608/588
f 608/605/585 607/604/584 619/616/596
f 619/616/596 620/617/597 618/615/595
f 619/616/596 621/618/598 620/617/597
f 622/619/599 623/620/600 624/621/601
f 622/619/599 624/621/601 625/622/602
f 625/622/602 624/621/601 626/623/603
f 625/622/602 626/623/603 627/624/604
f 627/624/604 626/623/603 628/625/605
f 627/624/604 628/625/605 629/626/606
f 629/626/606 628/625/605 630/627/607
f 629/626/606 630/627/607 631/628/608
f 628/625/605 632/629/609 630/627/607
f 628/625/605 633/630/610 632/629/609
f 626/623/603 633/630/610 628/625/605
f 626/623/603 634/631/611 633/630/610
f 624/621/601 634/631/611 626/623/603
f 624/621/601 635/632/612 634/631/611
f 623/620/600 635/632/612 624/621/601
f 623/620/600 636/633/613 635/632/612
f 623/620/600 637/634/614 636/633/613
f 623/620/600 638/635/615 637/634/614
f 622/619/599 638/635/615 623/620/600
f 622/619/599 639/636/616 638/635/615
f 639/636/616 640/637/617 638/635/615
f 639/636/616 641/638/618 640/637/617
f 641/638/618 642/639/619 640/637/617
f 641/638/618 643/640/620 642/639/619
f 643/640/620 644/641/621 642/639/619
f 643/640/620 645/642/622 644/641/621
f 645/642/622 646/643/623 644/641/621
f 645/642/622 647/644/624 646/643/623
f 644/641/621 646/643/623 648/645/625
f 644/641/621 648/645/625 649/646/626
f 642/639/619 644/641/621 649/646/626
f 642/639/619 649/646/626 650/647/627
f 640/637/617 642/639/619 650/647/627
f 640/637/617 650/647/627 651/648/628
f 638/635/615 640/637/617 651/648/628
f 638/635/615 651/648/628 637/634/614
f 637/634/614 651/648/628 652/649/629
f 637/634/614 652/649/629 653/650/630
f 636/633/613 637/634/614 653/650/630
f 636/633/613 653/650/630 654/651/631
f 636/633/613 654/651/631 655/652/632
f 636/633/613 655/652/632 635/632/612
f 635/632/612 655/652/632 656/653/633
f 635/632/612 656/653/633 634/631/611
f 634/631/611 656/653/633 657/654/634
f 634/631/611 657/654/634 633/630/610
f 633/630/610 657/654/634 658/655/635
f 633/630/610 658/655/635 632/629/609
f 657/654/634 659/656/636 658/655/635
f 657/654/634 660/657/637 659/656/636
f 656/653/633 660/657/637 657/654/634
f 656/653/633 661/658/638 660/657/637
f 655/652/632 661/658/638 656/653/633
f 655/652/632 662/659/639 661/658/638
f 654/651/631 662/659/639 655/652/632
f 654/651/631 663/660/640 662/659/639
f 654/651/631 664/661/641 663/660/640
f 654/651/631 653/650/630 664/661/641
f 653/650/630 665/662/642 664/661/641
f 653/650/630 652/649/629 665/662/642
f 652/649/629 666/663/643 665/662/642
f 652/649/629 667/664/644 666/663/643
f 651/648/628 667/664/644 652/649/629
f 651/648/628 650/647/627 667/664/644
f 650/647/627 668/665/645 667/664/644
f 650/647/627 649/646/626 668/665/645
f 663/660/640 669/666/646 662/659/639
f 663/660/640 670/667/647 669/666/646
f 662/659/639 669/666/646 671/668/648
f 662/659/639 671/668/648 661/658/638
f 661/658/638 671/668/648 672/669/649
f 661/658/638 672/669/649 660/657/637
f 673/670/637 674/671/650 675/672/651
f 673/670/637 675/672/651 676/673/652
f 676/673/652 675/672/651 677/674/653
f 676/673/652 677/674/653 678/675/654
f 679/676/655 676/673/652 678/675/654
f 679/676/655 678/675/654 680/677/656
f 681/678/657 679/676/655 680/677/656
f 681/678/657 680/677/656 682/679/658
f 683/680/607 681/678/657 682/679/658
f 683/680/607 682/679/658 684/681/659
f 685/682/660 683/680/607 684/681/659
f 685/682/660 684/681/659 686/683/661
f 686/683/661 684/681/659 687/684/662
f 686/683/661 687/684/662 688/685/663
f 688/685/663 687/684/662 689/686/664
f 688/685/663 689/686/664 690/687/665
f 690/687/665 689/686/664 691/688/666
f 690/687/665 691/688/666 692/689/667
f 692/689/667 691/688/666 693/690/563
f 692/689/667 693/690/563 694/691/668
f 691/688/666 695/692/669 693/690/563
f 691/688/666 696/693/670 695/692/669
f 689/686/664 696/693/670 691/688/666
f 689/686/664 697/694/671 696/693/670
f 687/684/662 697/694/671 689/686/664
f 687/684/662 698/695/672 697/694/671
f 684/681/659 698/695/672 687/684/662
f 684/681/659 682/679/658 698/695/672
f 682/679/658 699/696/673 698/695/672
f 682/679/658 680/677/656 699/696/673
f 680/677/656 700/697/674 699/696/673
f 680/677/656 678/675/654 700/697/674
f 678/675/654 701/698/675 700/697/674
f 678/675/654 677/674/653 701/698/675
f 677/674/653 702/699/676 701/698/675
f 677/674/653 703/700/677 702/699/676
f 701/698/675 702/699/676 704/701/678
f 701/698/675 704/701/678 705/702/679
f 700/697/674 701/698/675 705/702/679
f 700/697/674 705/702/679 706/703/680
f 699/696/673 700/697/674 706/703/680
f 699/696/673 706/703/680 707/704/681
f 698/695/672 699/696/673 707/704/681
f 698/695/672 707/704/681 697/694/671
f 697/694/671 707/704/681 708/705/682
f 697/694/671 708/705/682 696/693/670
f 696/693/670 708/705/682 709/706/683
f 696/693/670 709/706/683 695/692/669
f 708/705/682 710/707/684 709/706/683
f 708/705/682 711/708/685 710/707/684
f 707/704/681 711/708/685 708/705/682
f 707/704/681 706/703/680 711/708/685
f 706/703/680 712/709/686 711/708/685
f 706/703/680 705/702/679 712/709/686
f 705/702/679 713/710/687 712/709/686
f 705/702/679 704/701/678 713/710/687
f 712/709/686 713/710/687 714/711/581
f 712/709/686 714/711/581 715/712/688
f 711/708/685 712/709/686 715/712/688
f 711/708/685 715/712/688 710/707/684
f 716/713/689 717/714/690 718/715/691
f 716/713/689 718/715/691 719/716/692
f 720/717/693 717/714/690 716/713/689
f 720/717/693 721/718/694 717/714/690
f 721/718/694 722/719/695 717/714/690
f 721/718/694 723/720/696 722/719/695
f 723/720/696 724/721/697 722/719/695
f 723/720/696 725/722/698 724/721/697
f 725/722/698 726/723/592 724/721/697
f 725/722/698 727/724/699 726/723/592
f 724/721/697 726/723/592 728/725/700
f 724/721/697 728/725/700 729/726/701
f 722/719/695 724/721/697 729/726/701
f 722/719/695 729/726/701 730/727/702
f 717/714/690 722/719/695 730/727/702
f 717/714/690 730/727/702 718/715/691
f 731/728/703 732/729/704 733/730/705
f 731/728/703 733/730/705 734/731/706
f 731/728/703 734/731/706 735/732/707
f 731/728/703 735/732/707 736/733/708
f 736/733/708 735/732/707 737/734/709
f 736/733/708 737/734/709 738/735/710
f 738/735/710 737/734/709 739/736/711
f 738/735/710 739/736/711 740/737/712
f 740/737/712 739/736/711 741/738/713
f 740/737/712 741/738/713 742/739/714
f 739/736/711 743/740/715 741/738/713
f 739/736/711 744/741/716 743/740/715
f 737/734/709 744/741/716 739/736/711
f 737/734/709 745/742/717 744/741/716
f 735/732/707 745/742/717 737/734/709
f 735/732/707 746/743/718 745/742/717
f 734/731/706 746/743/718 735/732/707
f 734/731/706 747/744/719 746/743/718
f 734/731/706 748/745/720 747/744/719
f 734/731/706 733/730/705 748/745/720
f 733/730/705 749/746/721 748/745/720
f 733/730/705 750/747/722 749/746/721
f 732/729/704 750/747/722 733/730/705
f 732/729/704 751/748/723 750/747/722
f 751/748/723 752/749/724 750/747/722
f 751/748/723 753/750/725 752/749/724
f 753/750/725 754/751/726 752/749/724
f 753/750/725 755/752/727 754/751/726
f 755/752/727 756/753/728 754/751/726
f 755/752/727 757/754/729 756/753/728
f 754/751/726 756/753/728 758/755/730
f 754/751/726 758/755/730 759/756/731
f 752/749/724 754/751/726 759/756/731
f 752/749/724 759/756/731 760/757/732
f 750/747/722 752/749/724 760/757/732
f 750/747/722 760/757/732 749/746/721
f 749/746/721 760/757/732 761/758/733
f 749/746/721 761/758/733 762/759/734
f 748/745/720 749/746/721 762/759/734
f 748/745/720 762/759/734 763/760/735
f 747/744/719 748/745/720 763/760/735
f 747/744/719 763/760/735 764/761/736
f 747/744/719 764/761/736 765/762/737
f 747/744/719 765/762/737 746/743/718
f 746/743/718 765/762/737 766/763/738
f 746/743/718 766/763/738 745/742/717
f 745/742/717 766/763/738 767/764/739
f 745/742/717 767/764/739 744/741/716
f 744/741/716 767/764/739 768/765/740
f 744/741/716 768/765/740 743/740/715
f 767/764/739 769/766/741 768/765/740
f 767/764/739 770/767/742 769/766/741
f 766/763/738 770/767/742 767/764/739
f 766/763/738 771/768/743 770/767/742
f 765/762/737 771/768/743 766/763/738
f 765/762/737 772/769/744 771/768/743
f 764/761/736 772/769/744 765/762/737
f 764/761/736 773/770/745 772/769/744
f 764/761/736 774/771/746 773/770/745
f 764/761/736 763/760/735 774/771/746
f 763/760/735 775/772/747 774/771/746
f 763/760/735 762/759/734 775/772/747
f 762/759/734 776/773/748 775/772/747
f 762/759/734 761/758/733 776/773/748
f 761/758/733 777/774/749 776/773/748
f 761/758/733 778/775/750 777/774/749
f 760/757/732 778/775/750 761/758/733
f 760/757/732 759/756/731 778/775/750
f 759/756/731 779/776/751 778/775/750
f 759/756/731 758/755/730 779/776/751
f 778/775/750 779/776/751 780/777/752
f 778/775/750 780/777/752 777/774/749
f 774/771/746 775/772/747 781/778/753
f 774/771/746 781/778/753 782/779/754
f 773/770/745 774/771/746 782/779/754
f 773/770/745 782/779/754 783/780/755
f 773/770/745 783/780/755 784/781/756
f 773/770/745 784/781/756 772/769/744
f 772/769/744 784/781/756 785/782/757
f 772/769/744 785/782/757 771/768/743
f 771/768/743 785/782/757 786/783/758
f 771/768/743 786/783/758 770/767/742
f 787/784/751 788/785/759 789/786/760
f 787/784/751 789/786/760 790/787/752
f 791/788/761 788/785/759 787/784/751
f 791/788/761 792/789/762 788/785/759
f 793/790/763 792/789/762 791/788/761
f 793/790/763 794/791/764 792/789/762
f 795/792/765 794/791/764 793/790/763
f 795/792/765 796/793/766 794/791/764
f 796/793/766 797/794/767 794/791/764
f 796/793/766 798/795/768 797/794/767
f 798/795/768 799/796/769 797/794/767
f 798/795/768 800/797/770 799/796/769
f 800/797/770 801/798/771 799/796/769
f 800/797/770 802/799/772 801/798/771
f 799/796/769 801/798/771 803/800/773
f 799/796/769 803/800/773 804/801/774
f 797/794/767 799/796/769 804/801/774
f 797/794/767 804/801/774 805/802/775
f 794/791/764 797/794/767 805/802/775
f 794/791/764 805/802/775 792/789/762
f 792/789/762 805/802/775 806/803/776
f 792/789/762 806/803/776 788/785/759
f 788/785/759 806/803/776 807/804/777
f 788/785/759 807/804/777 789/786/760
f 806/803/776 808/805/778 807/804/777
f 806/803/776 809/806/779 808/805/778
f 805/802/775 809/806/779 806/803/776
f 805/802/775 804/801/774 809/806/779
f 804/801/774 810/807/780 809/806/779
f 804/801/774 803/800/773 810/807/780
f 809/806/779 810/807/780 811/808/781
f 809/806/779 811/808/781 808/805/778
f 812/809/782 813/810/783 814/811/784
f 812/809/782 814/811/784 815/812/785
f 816/813/786 812/809/782 815/812/785
f 816/813/786 815/812/785 817/814/787
f 818/815/788 816/813/786 817/814/787
f 818/815/788 817/814/787 819/816/789
f 819/816/789 817/814/787 820/817/790
f 819/816/789 820/817/790 821/818/791
f 821/818/791 820/817/790 822/819/792
f 821/818/791 822/819/792 823/820/793
f 823/820/793 822/819/792 824/821/794
f 823/820/793 824/821/794 825/822/795
f 825/822/795 824/821/794 826/823/796
f 825/822/795 826/823/796 827/824/797
f 824/821/794 828/825/798 826/823/796
f 824/821/794 829/826/799 828/825/798
f 822/819/792 829/826/799 824/821/794
f 822/819/792 830/827/800 829/826/799
f 820/817/790 830/827/800 822/819/792
f 820/817/790 831/828/801 830/827/800
f 817/814/787 831/828/801 820/817/790
f 817/814/787 815/812/785 831/828/801
f 815/812/785 832/829/802 831/828/801
f 815/812/785 814/811/784 832/829/802
f 814/811/784 833/830/803 832/829/802
f 814/811/784 834/831/804 833/830/803
f 813/810/783 834/831/804 814/811/784
f 813/810/783 835/832/805 834/831/804
f 832/829/802 833/830/803 836/833/806
f 832/829/802 836/833/806 837/834/807
f 831/828/801 832/829/802 837/834/807
f 831/828/801 837/834/807 830/827/800
f 830/827/800 837/834/807 838/835/808
f 830/827/800 838/835/808 829/826/799
f 829/826/799 838/835/808 839/836/809
f 829/826/799 839/836/809 828/825/798
f 838/835/808 840/837/810 839/836/809
f 838/835/808 841/838/811 840/837/810
f 837/834/807 841/838/811 838/835/808
f 837/834/807 836/833/806 841/838/811
f 836/833/806 842/839/812 841/838/811
f 836/833/806 843/840/813 842/839/812
f 841/838/811 842/839/812 844/841/814
f 841/838/811 844/841/814 840/837/810
f 845/842/815 846/843/816 847/844/817
f 845/842/815 847/844/817 848/845/818
f 848/845/818 847/844/817 849/846/819
f 848/845/818 849/846/819 850/847/820
f 850/847/820 849/846/819 851/848/821
f 850/847/820 851/848/821 852/849/822
f 852/849/822 851/848/821 853/850/823
f 852/849/822 853/850/823 854/851/824
f 851/848/821 855/852/825 853/850/823
f 851/848/821 856/853/826 855/852/825
f 849/846/819 856/853/826 851/848/821
f 849/846/819 857/854/827 856/853/826
f 847/844/817 857/854/827 849/846/819
f 847/844/817 858/855/828 857/854/827
f 846/843/816 858/855/828 847/844/817
f 846/843/816 859/856/829 858/855/828
f 846/843/816 860/857/830 859/856/829
f 846/843/816 861/858/831 860/857/830
f 845/842/815 861/858/831 846/843/816
f 845/842/815 862/859/832 861/858/831
f 862/859/832 863/860/833 861/858/831
f 862/859/832 864/861/834 863/860/833
f 864/861/834 865/862/835 863/860/833
f 864/861/834 866/863/836 865/862/835
f 866/863/836 867/864/837 865/862/835
f 866/863/836 868/865/838 867/864/837
f 865/862/835 867/864/837 869/866/839
f 865/862/835 869/866/839 870/867/840
f 863/860/833 865/862/835 870/867/840
f 863/860/833 870/867/840 871/868/841
f 861/858/831 863/860/833 871/868/841
f 861/858/831 871/868/841 860/857/830
f 860/857/830 871/868/841 872/869/842
f 860/857/830 872/869/842 873/870/843
f 859/856/829 860/857/830 873/870/843
f 859/856/829 873/870/843 874/871/844
f 859/856/829 874/871/844 875/872/845
f 859/856/829 875/872/845 858/855/828
f 858/855/828 875/872/845 876/873/846
f 858/855/828 876/873/846 857/854/827
f 857/854/827 876/873/846 877/874/847
f 857/854/827 877/874/847 856/853/826
f 856/853/826 877/874/847 878/875/848
f 856/853/826 878/875/848 855/852/825
f 877/874/847 879/876/849 878/875/848
f 877/874/847 880/877/850 879/876/849
f 876/873/846 880/877/850 877/874/847
f 876/873/846 881/878/851 880/877/850
f 875/872/845 881/878/851 876/873/846
f 875/872/845 882/879/852 881/878/851
f 874/871/844 882/879/852 875/872/845
f 874/871/844 883/880/853 882/879/852
f 874/871/844 884/881/854 883/880/853
f 874/871/844 873/870/843 884/881/854
f 873/870/843 885/882/855 884/881/854
f 873/870/843 872/869/842 885/882/855
f 872/869/842 886/883/856 885/882/855
f 872/869/842 887/884/857 886/883/856
f 871/868/841 887/884/857 872/869/842
f 871/868/841 870/867/840 887/884/857
f 870/867/840 888/885/858 887/884/857
f 870/867/840 869/866/839 888/885/858
f 887/884/857 888/885/858 889/886/859
f 887/884/857 889/886/859 886/883/856
f 890/887/860 891/888/861 892/889/862
f 890/887/860 892/889/862 893/890/863
f 894/891/823 890/887/860 893/890/863
f 894/891/823 893/890/863 895/892/864
f 896/893/865 894/891/823 895/892/864
f 896/893/865 895/892/864 897/894/866
f 897/894/866 895/892/864 898/895/867
f 897/894/866 898/895/867 899/896/868
f 899/896/868 898/895/867 900/897/869
f 899/896/868 900/897/869 901/898/870
f 901/898/870 900/897/869 902/899/871
f 901/898/870 902/899/871 903/900/872
f 903/900/872 902/899/871 904/901/873
f 903/900/872 904/901/873 905/902/874
f 902/899/871 906/903/773 904/901/873
f 902/899/871 907/904/875 906/903/773
f 900/897/869 907/904/875 902/899/871
f 900/897/869 908/905/876 907/904/875
f 898/895/867 908/905/876 900/897/869
f 898/895/867 909/906/877 908/905/876
f 895/892/864 909/906/877 898/895/867
f 895/892/864 893/890/863 909/906/877
f 893/890/863 910/907/878 909/906/877
f 893/890/863 892/889/862 910/907/878
f 909/906/877 910/907/878 911/908/879
f 909/906/877 911/908/879 908/905/876
f 908/905/876 911/908/879 912/909/880
f 908/905/876 912/909/880 907/904/875
f 907/904/875 912/909/880 913/910/881
f 907/904/875 913/910/881 906/903/773
f 912/909/880 914/911/781 913/910/881
f 912/909/880 915/912/882 914/911/781
f 911/908/879 915/912/882 912/909/880
f 911/908/879 916/913/883 915/912/882
f 910/907/878 916/913/883 911/908/879
f 910/907/878 917/914/884 916/913/883
f 918/915/839 919/916/885 920/917/886
f 918/915/839 920/917/886 921/918/887
f 921/918/887 920/917/886 922/919/888
f 921/918/887 922/919/888 923/920/889
f 920/917/886 924/921/890 922/919/888
f 920/917/886 925/922/891 924/921/890
f 919/916/885 925/922/891 920/917/886
f 919/916/885 926/923/892 925/922/891
f 927/924/893 926/923/892 919/916/885
f 928/925/894 927/924/893 919/916/885
f 928/925/894 919/916/885 918/915/839
f 929/926/895 927/924/893 928/925/894
f 929/926/895 930/927/896 927/924/893
f 930/927/896 931/928/897 927/924/893
f 930/927/896 932/929/898 931/928/897
f 932/929/898 933/930/899 931/928/897
f 932/929/898 934/931/900 933/930/899
f 934/931/900 935/932/901 933/930/899
f 934/931/900 936/933/902 935/932/901
f 936/933/902 937/934/903 935/932/901
f 936/933/902 938/935/797 937/934/903
f 935/932/901 937/934/903 939/936/904
f 935/932/901 939/936/904 940/937/905
f 933/930/899 935/932/901 940/937/905
f 933/930/899 940/937/905 941/938/906
f 931/928/897 933/930/899 941/938/906
f 931/928/897 941/938/906 926/923/892
f 927/924/893 931/928/897 926/923/892
f 926/923/892 941/938/906 942/939/907
f 926/923/892 942/939/907 925/922/891
f 925/922/891 942/939/907 943/940/908
f 925/922/891 943/940/908 924/921/890
f 942/939/907 944/941/909 943/940/908
f 942/939/907 945/942/910 944/941/909
f 941/938/906 945/942/910 942/939/907
f 941/938/906 940/937/905 945/942/910
f 940/937/905 946/943/809 945/942/910
f 940/937/905 939/936/904 946/943/809
f 945/942/910 946/943/809 947/944/911
f 945/942/910 947/944/911 944/941/909
f 944/941/909 947/944/911 948/945/814
f 944/941/909 948/945/814 949/946/912
f 950/947/913 951/948/914 952/949/915
f 950/947/913 952/949/915 953/950/916
f 950/947/913 953/950/916 954/951/917
f 950/947/913 954/951/917 955/952/918
f 955/952/918 954/951/917 956/953/919
f 955/952/918 956/953/919 957/954/920
f 957/954/920 956/953/919 958/955/921
f 957/954/920 958/955/921 959/956/922
f 959/956/922 958/955/921 960/957/923
f 959/956/922 960/957/923 961/958/924
f 958/955/921 962/959/925 960/957/923
f 958/955/921 963/960/926 962/959/925
f 956/953/919 963/960/926 958/955/921
f 956/953/919 964/961/927 963/960/926
f 954/951/917 964/961/927 956/953/919
f 954/951/917 965/962/928 964/961/927
f 953/950/916 965/962/928 954/951/917
f 953/950/916 966/963/929 965/962/928
f 953/950/916 967/964/930 966/963/929
f 953/950/916 952/949/915 967/964/930
f 952/949/915 968/965/931 967/964/930
f 952/949/915 969/966/932 968/965/931
f 951/948/914 969/966/932 952/949/915
f 951/948/914 970/967/933 969/966/932
f 970/967/933 971/968/934 969/966/932
f 970/967/933 972/969/935 971/968/934
f 972/969/935 973/970/936 971/968/934
f 972/969/935 974/971/937 973/970/936
f 974/971/937 975/972/938 973/970/936
f 974/971/937 976/973/939 975/972/938
f 973/970/936 975/972/938 977/974/940
f 973/970/936 977/974/940 978/975/941
f 971/968/934 973/970/936 978/975/941
f 971/968/934 978/975/941 979/976/942
f 969/966/932 971/968/934 979/976/942
f 969/966/932 979/976/942 968/965/931
f 968/965/931 979/976/942 980/977/943
f 968/965/931 980/977/943 981/978/944
f 967/964/930 968/965/931 981/978/944
f 967/964/930 981/978/944 982/979/945
f 966/963/929 967/964/930 982/979/945
f 966/963/929 982/979/945 983/980/946
f 966/963/929 983/980/946 984/981/947
f 966/963/929 984/981/947 965/962/928
f 965/962/928 984/981/947 985/982/948
f 965/962/928 985/982/948 964/961/927
f 964/961/927 985/982/948 986/983/949
f 964/961/927 986/983/949 963/960/926
f 963/960/926 986/983/949 987/984/950
f 963/960/926 987/984/950 962/959/925
f 985/982/948 988/985/951 986/983/949
f 985/982/948 989/986/952 988/985/951
f 984/981/947 989/986/952 985/982/948
f 984/981/947 990/987/953 989/986/952
f 983/980/946 990/987/953 984/981/947
f 983/980/946 991/988/954 990/987/953
f 983/980/946 992/989/955 991/988/954
f 983/980/946 982/979/945 992/989/955
f 982/979/945 993/990/956 992/989/955
f 982/979/945 981/978/944 993/990/956
f 981/978/944 994/991/957 993/990/956
f 981/978/944 980/977/943 994/991/957
f 980/977/943 995/992/958 994/991/957
f 980/977/943 996/993/959 995/992/958
f 979/976/942 996/993/959 980/977/943
f 979/976/942 978/975/941 996/993/959
f 978/975/941 997/994/960 996/993/959
f 978/975/941 977/974/940 997/994/960
f 992/989/955 993/990/956 998/995/961
f 992/989/955 998/995/961 999/996/962
f 991/988/954 992/989/955 999/996/962
f 991/988/954 999/996/962 1000/997/963
f 991/988/954 1000/997/963 1001/998/964
f 991/988/954 1001/998/964 990/987/953
f 990/987/953 1001/998/964 1002/999/965
f 990/987/953 1002/999/965 989/986/952
f 989/986/952 1002/999/965 1003/1000/966
f 989/986/952 1003/1000/966 988/985/951
f 1004/1001/967 1005/1002/968 1006/1003/969
f 1004/1001/967 1006/1003/969 1007/1004/970
f 1008/1005/971 1005/1002/968 1004/1001/967
f 1008/1005/971 1009/1006/972 1005/1002/968
f 1009/1006/972 1010/1007/973 1005/1002/968
f 1009/1006/972 1011/1008/974 1010/1007/973
f 1011/1008/974 1012/1009/975 1010/1007/973
f 1011/1008/974 1013/1010/976 1012/1009/975
f 1013/1010/976 1014/1011/977 1012/1009/975
f 1013/1010/976 1015/1012/978 1014/1011/977
f 1012/1009/975 1014/1011/977 1016/1013/979
f 1012/1009/975 1016/1013/979 1017/1014/980
f 1010/1007/973 1012/1009/975 1017/1014/980
f 1010/1007/973 1017/1014/980 1018/1015/981
f 1005/1002/968 1010/1007/973 1018/1015/981
f 1005/1002/968 1018/1015/981 1006/1003/969
f 1019/1016/982 1020/1017/983 1021/1018/984
f 1019/1016/982 1021/1018/984 1022/1019/985
f 1022/1019/985 1021/1018/984 1023/1020/986
f 1022/1019/985 1023/1020/986 1024/1021/965
f 1024/1021/965 1023/1020/986 1025/1022/987
f 1024/1021/965 1025/1022/987 1026/1023/988
f 1023/1020/986 1027/1024/989 1025/1022/987
f 1023/1020/986 1028/1025/990 1027/1024/989
f 1021/1018/984 1028/1025/990 1023/1020/986
f 1021/1018/984 1029/1026/991 1028/1025/990
f 1020/1017/983 1029/1026/991 1021/1018/984
f 1020/1017/983 1030/1027/992 1029/1026/991
f 1025/1022/987 1027/1024/989 1031/1028/993
f 1025/1022/987 1031/1028/993 1032/1029/994
f 1032/1029/994 1031/1028/993 1033/1030/995
f 1032/1029/994 1033/1030/995 1034/1031/996
f 1034/1031/996 1033/1030/995 1035/1032/997
f 1034/1031/996 1035/1032/997 1036/1033/998
f 1036/1033/998 1035/1032/997 1037/1034/999
f 1036/1033/998 1037/1034/999 1038/1035/1000
f 1039/1036/1001 1040/1037/1002 1041/1038/994
f 1039/1036/1001 1041/1038/994 1042/1039/1003
f 1043/1040/1004 1039/1036/1001 1042/1039/1003
f 1043/1040/1004 1042/1039/1003 1044/1041/1005
f 1045/1042/1006 1043/1040/1004 1044/1041/1005
f 1045/1042/1006 1044/1041/1005 1046/1043/1007
f 1046/1043/1007 1044/1041/1005 1047/1044/1008
f 1046/1043/1007 1047/1044/1008 1048/1045/1009
f 1049/1046/1010 1046/1043/1007 1048/1045/1009
f 1049/1046/1010 1048/1045/1009 1050/1047/1011
f 1051/1048/1012 1049/1046/1010 1050/1047/1011
f 1051/1048/1012 1050/1047/1011 1052/1049/1013
f 1053/1050/1014 1051/1048/1012 1052/1049/1013
f 1053/1050/1014 1052/1049/1013 1054/1051/1015
f 1054/1051/1015 1052/1049/1013 1055/1052/1016
f 1054/1051/1015 1055/1052/1016 1056/1053/1017
f 1056/1053/1017 1055/1052/1016 1057/1054/1018
f 1056/1053/1017 1057/1054/1018 1058/1055/1019
f 1058/1055/1019 1057/1054/1018 1059/1056/1020
f 1058/1055/1019 1059/1056/1020 1060/1057/1021
f 1060/1057/1021 1059/1056/1020 1061/1058/1022
f 1060/1057/1021 1061/1058/1022 1062/1059/1023
f 1059/1056/1020 1063/1060/1024 1061/1058/1022
f 1059/1056/1020 1064/1061/1025 1063/1060/1024
f 1057/1054/1018 1064/1061/1025 1059/1056/1020
f 1057/1054/1018 1065/1062/1026 1064/1061/1025
f 1055/1052/1016 1065/1062/1026 1057/1054/1018
f 1055/1052/1016 1066/1063/1027 1065/1062/1026
f 1052/1049/1013 1066/1063/1027 1055/1052/1016
f 1052/1049/1013 1050/1047/1011 1066/1063/1027
f 1050/1047/1011 1067/1064/1028 1066/1063/1027
f 1050/1047/1011 1048/1045/1009 1067/1064/1028
f 1048/1045/1009 1068/1065/1029 1067/1064/1028
f 1048/1045/1009 1047/1044/1008 1068/1065/1029
f 1047/1044/1008 1069/1066/1030 1068/1065/1029
f 1047/1044/1008 1070/1067/1031 1069/1066/1030
f 1044/1041/1005 1070/1067/1031 1047/1044/1008
f 1044/1041/1005 1042/1039/1003 1070/1067/1031
f 1042/1039/1003 1071/1068/1032 1070/1067/1031
f 1042/1039/1003 1041/1038/994 1071/1068/1032
f 1070/1067/1031 1071/1068/1032 1072/1069/998
f 1070/1067/1031 1072/1069/998 1069/1066/1030
f 1069/1066/1030 1072/1069/998 1073/1070/1033
f 1069/1066/1030 1073/1070/1033 1074/1071/1034
f 1068/1065/1029 1069/1066/1030 1074/1071/1034
f 1068/1065/1029 1074/1071/1034 1075/1072/1035
f 1067/1064/1028 1068/1065/1029 1075/1072/1035
f 1067/1064/1028 1075/1072/1035 1076/1073/1036
f 1066/1063/1027 1067/1064/1028 1076/1073/1036
f 1066/1063/1027 1076/1073/1036 1065/1062/1026
f 1065/1062/1026 1076/1073/1036 1077/1074/1037
f 1065/1062/1026 1077/1074/1037 1064/1061/1025
f 1064/1061/1025 1077/1074/1037 1078/1075/1038
f 1064/1061/1025 1078/1075/1038 1063/1060/1024
f 1077/1074/1037 1079/1076/1039 1078/1075/1038
f 1077/1074/1037 1080/1077/1040 1079/1076/1039
f 1076/1073/1036 1080/1077/1040 1077/1074/1037
f 1076/1073/1036 1075/1072/1035 1080/1077/1040
f 1075/1072/1035 1081/1078/1041 1080/1077/1040
f 1075/1072/1035 1074/1071/1034 1081/1078/1041
f 1074/1071/1034 1082/1079/1042 1081/1078/1041
f 1074/1071/1034 1073/1070/1033 1082/1079/1042
f 1073/1070/1033 1083/1080/1043 1082/1079/1042
f 1073/1070/1033 1084/1081/1044 1083/1080/1043
f 1082/1079/1042 1083/1080/1043 1085/1082/1045
f 1082/1079/1042 1085/1082/1045 1086/1083/1046
f 1081/1078/1041 1082/1079/1042 1086/1083/1046
f 1081/1078/1041 1086/1083/1046 1087/1084/1047
f 1080/1077/1040 1081/1078/1041 1087/1084/1047
f 1080/1077/1040 1087/1084/1047 1079/1076/1039
f 1088/1085/1048 1089/1086/1049 1090/1087/1050
f 1088/1085/1048 1090/1087/1050 1091/1088/1051
f 1091/1088/1051 1090/1087/1050 1092/1089/1052
f 1091/1088/1051 1092/1089/1052 1093/1090/1053
f 1093/1090/1053 1092/1089/1052 1094/1091/1054
f 1093/1090/1053 1094/1091/1054 1095/1092/1055
f 1095/1092/1055 1094/1091/1054 1096/1093/1056
f 1095/1092/1055 1096/1093/1056 1097/1094/1057
f 1097/1094/1057 1096/1093/1056 1098/1095/1058
f 1097/1094/1057 1098/1095/1058 1099/1096/1059
f 1096/1093/1056 1100/1097/1060 1098/1095/1058
f 1096/1093/1056 1101/1098/1061 1100/1097/1060
f 1094/1091/1054 1101/1098/1061 1096/1093/1056
f 1094/1091/1054 1102/1099/1062 1101/1098/1061
f 1092/1089/1052 1102/1099/1062 1094/1091/1054
f 1092/1089/1052 1103/1100/1063 1102/1099/1062
f 1090/1087/1050 1103/1100/1063 1092/1089/1052
f 1090/1087/1050 1104/1101/1064 1103/1100/1063
f 1089/1086/1049 1104/1101/1064 1090/1087/1050
f 1089/1086/1049 1105/1102/1065 1104/1101/1064
f 1089/1086/1049 1106/1103/1066 1105/1102/1065
f 1089/1086/1049 1107/1104/1067 1106/1103/1066
f 1088/1085/1048 1107/1104/1067 1089/1086/1049
f 1088/1085/1048 1108/1105/1068 1107/1104/1067
f 1108/1105/1068 1109/1106/1069 1107/1104/1067
f 1108/1105/1068 1110/1107/1070 1109/1106/1069
f 1110/1107/1070 1111/1108/1071 1109/1106/1069
f 1110/1107/1070 1112/1109/1072 1111/1108/1071
f 1112/1109/1072 1113/1110/1073 1111/1108/1071
f 1112/1109/1072 1114/1111/1074 1113/1110/1073
f 1114/1111/1074 1115/1112/1075 1113/1110/1073
f 1114/1111/1074 1116/1113/1076 1115/1112/1075
f 1111/1108/1071 1113/1110/1073 1117/1114/1077
f 1111/1108/1071 1117/1114/1077 1118/1115/1078
f 1109/1106/1069 1111/1108/1071 1118/1115/1078
f 1109/1106/1069 1118/1115/1078 1119/1116/1079
f 1107/1104/1067 1109/1106/1069 1119/1116/1079
f 1107/1104/1067 1119/1116/1079 1106/1103/1066
f 1106/1103/1066 1119/1116/1079 1120/1117/1080
f 1106/1103/1066 1120/1117/1080 1121/1118/1081
f 1105/1102/1065 1106/1103/1066 1121/1118/1081
f 1105/1102/1065 1121/1118/1081 1122/1119/1082
f 1105/1102/1065 1122/1119/1082 1123/1120/1083
f 1105/1102/1065 1123/1120/1083 1104/1101/1064
f 1104/1101/1064 1123/1120/1083 1124/1121/1084
f 1104/1101/1064 1124/1121/1084 1103/1100/1063
f 1103/1100/1063 1124/1121/1084 1125/1122/1085
f 1103/1100/1063 1125/1122/1085 1102/1099/1062
f 1102/1099/1062 1125/1122/1085 1126/1123/1086
f 1102/1099/1062 1126/1123/1086 1101/1098/1061
f 1124/1121/1084 1127/1124/1087 1125/1122/1085
f 1124/1121/1084 1128/1125/1088 1127/1124/1087
f 1123/1120/1083 1128/1125/1088 1124/1121/1084
f 1123/1120/1083 1129/1126/1089 1128/1125/1088
f 1122/1119/1082 1129/1126/1089 1123/1120/1083
f 1122/1119/1082 1130/1127/1090 1129/1126/1089
f 1122/1119/1082 1131/1128/1091 1130/1127/1090
f 1122/1119/1082 1121/1118/1081 1131/1128/1091
f 1121/1118/1081 1132/1129/1092 1131/1128/1091
f 1121/1118/1081 1120/1117/1080 1132/1129/1092
f 1120/1117/1080 1133/1130/1093 1132/1129/1092
f 1120/1117/1080 1134/1131/1094 1133/1130/1093
f 1119/1116/1079 1134/1131/1094 1120/1117/1080
f 1119/1116/1079 1118/1115/1078 1134/1131/1094
f 1118/1115/1078 1135/1132/1095 1134/1131/1094
f 1118/1115/1078 1117/1114/1077 1135/1132/1095
f 1132/1129/1092 1133/1130/1093 1136/1133/1096
f 1132/1129/1092 1136/1133/1096 1137/1134/1097
f 1131/1128/1091 1132/1129/1092 1137/1134/1097
f 1131/1128/1091 1137/1134/1097 1138/1135/1098
f 1130/1127/1090 1131/1128/1091 1138/1135/1098
f 1130/1127/1090 1138/1135/1098 1139/1136/1099
f 1130/1127/1090 1139/1136/1099 1140/1137/1100
f 1130/1127/1090 1140/1137/1100 1129/1126/1089
f 1141/1138/1058 1142/1139/1101 1143/1140/1102
f 1141/1138/1058 1143/1140/1102 1144/1141/1103
f 1145/1142/1104 1141/1138/1058 1144/1141/1103
f 1145/1142/1104 1144/1141/1103 1146/1143/1105
f 1146/1143/1105 1144/1141/1103 1147/1144/1106
f 1146/1143/1105 1147/1144/1106 1148/1145/1107
f 1148/1145/1107 1147/1144/1106 1149/1146/1108
f 1148/1145/1107 1149/1146/1108 1150/1147/1109
f 1150/1147/1109 1149/1146/1108 1151/1148/1110
f 1150/1147/1109 1151/1148/1110 1152/1149/1111
f 1149/1146/1108 1153/1150/1112 1151/1148/1110
f 1149/1146/1108 1154/1151/1113 1153/1150/1112
f 1147/1144/1106 1154/1151/1113 1149/1146/1108
f 1147/1144/1106 1155/1152/1114 1154/1151/1113
f 1144/1141/1103 1155/1152/1114 1147/1144/1106
f 1144/1141/1103 1143/1140/1102 1155/1152/1114
f 1156/1153/1115 1157/1154/1116 1158/1155/1117
f 1156/1153/1115 1158/1155/1117 1159/1156/1118
f 1159/1156/1118 1158/1155/1117 1160/1157/1119
f 1159/1156/1118 1160/1157/1119 1161/1158/1120
f 1158/1155/1117 1162/1159/1121 1160/1157/1119
f 1158/1155/1117 1163/1160/1122 1162/1159/1121
f 1157/1154/1116 1163/1160/1122 1158/1155/1117
f 1157/1154/1116 1164/1161/1123 1163/1160/1122
f 1164/1161/1123 1165/1162/1124 1163/1160/1122
f 1164/1161/1123 1166/1163/1125 1165/1162/1124
f 1163/1160/1122 1165/1162/1124 1167/1164/1126
f 1163/1160/1122 1167/1164/1126 1162/1159/1121
f 1165/1162/1124 1168/1165/1127 1167/1164/1126
f 1165/1162/1124 1169/1166/1128 1168/1165/1127
f 1169/1166/1128 1170/1167/1129 1168/1165/1127
f 1169/1166/1128 1171/1168/1130 1170/1167/1129
f 1171/1168/1130 1172/1169/1131 1170/1167/1129
f 1171/1168/1130 1173/1170/1132 1172/1169/1131
f 1173/1170/1132 1174/1171/1133 1172/1169/1131
f 1173/1170/1132 1175/1172/1134 1174/1171/1133
f 1175/1172/1134 1176/1173/1135 1174/1171/1133
f 1175/1172/1134 1177/1174/1136 1176/1173/1135
f 1178/1175/1137 1179/1176/1138 1180/1177/1139
f 1178/1175/1137 1180/1177/1139 1181/1178/1140
f 1182/1179/1141 1179/1176/1138 1178/1175/1137
f 1182/1179/1141 1183/1180/1142 1179/1176/1138
f 1184/1181/1094 1183/1180/1142 1182/1179/1141
f 1184/1181/1094 1185/1182/1143 1183/1180/1142
f 1185/1182/1143 1186/1183/1144 1183/1180/1142
f 1185/1182/1143 1187/1184/1145 1186/1183/1144
f 1188/1185/1146 1187/1184/1145 1185/1182/1143
f 1188/1185/1146 1189/1186/1147 1187/1184/1145
f 1190/1187/1148 1189/1186/1147 1188/1185/1146
f 1190/1187/1148 1191/1188/1149 1189/1186/1147
f 1191/1188/1149 1192/1189/1150 1189/1186/1147
f 1191/1188/1149 1193/1190/1151 1192/1189/1150
f 1194/1191/1152 1193/1190/1151 1191/1188/1149
f 1194/1191/1152 1195/1192/1153 1193/1190/1151
f 1195/1192/1153 1196/1193/1154 1193/1190/1151
f 1195/1192/1153 1197/1194/1155 1196/1193/1154
f 1197/1194/1155 1198/1195/1156 1196/1193/1154
f 1197/1194/1155 1199/1196/1157 1198/1195/1156
f 1199/1196/1157 1200/1197/1022 1198/1195/1156
f 1199/1196/1157 1201/1198/1023 1200/1197/1022
f 1198/1195/1156 1200/1197/1022 1202/1199/1158
f 1198/1195/1156 1202/1199/1158 1203/1200/1159
f 1196/1193/1154 1198/1195/1156 1203/1200/1159
f 1196/1193/1154 1203/1200/1159 1204/1201/1160
f 1193/1190/1151 1196/1193/1154 1204/1201/1160
f 1193/1190/1151 1204/1201/1160 1192/1189/1150
f 1192/1189/1150 1204/1201/1160 1205/1202/1161
f 1192/1189/1150 1205/1202/1161 1206/1203/1162
f 1189/1186/1147 1192/1189/1150 1206/1203/1162
f 1189/1186/1147 1206/1203/1162 1187/1184/1145
f 1187/1184/1145 1206/1203/1162 1207/1204/1163
f 1187/1184/1145 1207/1204/1163 1186/1183/1144
f 1186/1183/1144 1207/1204/1163 1208/1205/1164
f 1186/1183/1144 1208/1205/1164 1209/1206/1165
f 1183/1180/1142 1186/1183/1144 1209/1206/1165
f 1183/1180/1142 1209/1206/1165 1179/1176/1138
f 1179/1176/1138 1209/1206/1165 1210/1207/1166
f 1179/1176/1138 1210/1207/1166 1180/1177/1139
f 1209/1206/1165 1211/1208/1167 1210/1207/1166
f 1209/1206/1165 1208/1205/1164 1211/1208/1167
f 1208/1205/1164 1212/1209/1168 1211/1208/1167
f 1208/1205/1164 1213/1210/1169 1212/1209/1168
f 1207/1204/1163 1213/1210/1169 1208/1205/1164
f 1207/1204/1163 1214/1211/1170 1213/1210/1169
f 1206/1203/1162 1214/1211/1170 1207/1204/1163
f 1206/1203/1162 1205/1202/1161 1214/1211/1170
f 1205/1202/1161 1215/1212/1171 1214/1211/1170
f 1205/1202/1161 1216/1213/1172 1215/1212/1171
f 1204/1201/1160 1216/1213/1172 1205/1202/1161
f 1204/1201/1160 1203/1200/1159 1216/1213/1172
f 1203/1200/1159 1217/1214/1173 1216/1213/1172
f 1203/1200/1159 1202/1199/1158 1217/1214/1173
f 1216/1213/1172 1217/1214/1173 1218/1215/1039
f 1216/1213/1172 1218/1215/1039 1215/1212/1171
f 1215/1212/1171 1218/1215/1039 1219/1216/1174
f 1215/1212/1171 1219/1216/1174 1220/1217/1175
f 1214/1211/1170 1215/1212/1171 1220/1217/1175
f 1214/1211/1170 1220/1217/1175 1213/1210/1169
f 1213/1210/1169 1220/1217/1175 1221/1218/1176
f 1213/1210/1169 1221/1218/1176 1212/1209/1168
f 1220/1217/1175 1222/1219/1046 1221/1218/1176
f 1220/1217/1175 1219/1216/1174 1222/1219/1046
f 1221/1218/1176 1222/1219/1046 1223/1220/1045
f 1221/1218/1176 1223/1220/1045 1224/1221/1177
f 1225/1222/1178 1226/1223/1179 1227/1224/1180
f 1225/1222/1178 1227/1224/1180 1228/1225/1181
f 1225/1222/1178 1228/1225/1181 1229/1226/1182
f 1225/1222/1178 1229/1226/1182 1230/1227/1183
f 1230/1227/1183 1229/1226/1182 1231/1228/1184
f 1230/1227/1183 1231/1228/1184 1232/1229/1185
f 1232/1229/1185 1231/1228/1184 1233/1230/1186
f 1232/1229/1185 1233/1230/1186 1234/1231/1187
f 1234/1231/1187 1233/1230/1186 1235/1232/1188
f 1234/1231/1187 1235/1232/1188 1236/1233/1189
f 1236/1233/1189 1235/1232/1188 1237/1234/1190
f 1236/1233/1189 1237/1234/1190 1238/1235/1191
f 1233/1230/1186 1239/1236/1192 1235/1232/1188
f 1233/1230/1186 1240/1237/1193 1239/1236/1192
f 1231/1228/1184 1240/1237/1193 1233/1230/1186
f 1231/1228/1184 1241/1238/1194 1240/1237/1193
f 1229/1226/1182 1241/1238/1194 1231/1228/1184
f 1229/1226/1182 1242/1239/1195 1241/1238/1194
f 1228/1225/1181 1242/1239/1195 1229/1226/1182
f 1228/1225/1181 1243/1240/1196 1242/1239/1195
f 1228/1225/1181 1244/1241/1197 1243/1240/1196
f 1228/1225/1181 1227/1224/1180 1244/1241/1197
f 1227/1224/1180 1245/1242/1198 1244/1241/1197
f 1227/1224/1180 1246/1243/1199 1245/1242/1198
f 1226/1223/1179 1246/1243/1199 1227/1224/1180
f 1226/1223/1179 1247/1244/1200 1246/1243/1199
f 1247/1244/1200 1248/1245/1201 1246/1243/1199
f 1247/1244/1200 1249/1246/1202 1248/1245/1201
f 1249/1246/1202 1250/1247/1203 1248/1245/1201
f 1249/1246/1202 1251/1248/1204 1250/1247/1203
f 1251/1248/1204 1252/1249/1205 1250/1247/1203
f 1251/1248/1204 1253/1250/1206 1252/1249/1205
f 1250/1247/1203 1252/1249/1205 1254/1251/1207
f 1250/1247/1203 1254/1251/1207 1255/1252/1208
f 1248/1245/1201 1250/1247/1203 1255/1252/1208
f 1248/1245/1201 1255/1252/1208 1256/1253/1209
f 1246/1243/1199 1248/1245/1201 1256/1253/1209
f 1246/1243/1199 1256/1253/1209 1245/1242/1198
f 1245/1242/1198 1256/1253/1209 1257/1254/1210
f 1245/1242/1198 1257/1254/1210 1258/1255/1211
f 1244/1241/1197 1245/1242/1198 1258/1255/1211
f 1244/1241/1197 1258/1255/1211 1259/1256/1212
f 1243/1240/1196 1244/1241/1197 1259/1256/1212
f 1243/1240/1196 1259/1256/1212 1260/1257/1213
f 1243/1240/1196 1260/1257/1213 1261/1258/1214
f 1243/1240/1196 1261/1258/1214 1242/1239/1195
f 1242/1239/1195 1261/1258/1214 1262/1259/1215
f 1242/1239/1195 1262/1259/1215 1241/1238/1194
f 1241/1238/1194 1262/1259/1215 1263/1260/1216
f 1241/1238/1194 1263/1260/1216 1240/1237/1193
f 1240/1237/1193 1263/1260/1216 1264/1261/1217
f 1240/1237/1193 1264/1261/1217 1239/1236/1192
f 1262/1259/1215 1265/1262/1218 1263/1260/1216
f 1262/1259/1215 1266/1263/1219 1265/1262/1218
f 1261/1258/1214 1266/1263/1219 1262/1259/1215
f 1261/1258/1214 1267/1264/1220 1266/1263/1219
f 1260/1257/1213 1267/1264/1220 1261/1258/1214
f 1260/1257/1213 1268/1265/1221 1267/1264/1220
f 1260/1257/1213 1269/1266/1222 1268/1265/1221
f 1260/1257/1213 1259/1256/1212 1269/1266/1222
f 1259/1256/1212 1270/1267/1223 1269/1266/1222
f 1259/1256/1212 1258/1255/1211 1270/1267/1223
f 1258/1255/1211 1271/1268/1224 1270/1267/1223
f 1258/1255/1211 1257/1254/1210 1271/1268/1224
f 1257/1254/1210 1272/1269/1225 1271/1268/1224
f 1257/1254/1210 1273/1270/1226 1272/1269/1225
f 1256/1253/1209 1273/1270/1226 1257/1254/1210
f 1256/1253/1209 1255/1252/1208 1273/1270/1226
f 1270/1267/1223 1271/1268/1224 1274/1271/1227
f 1270/1267/1223 1274/1271/1227 1275/1272/1228
f 1269/1266/1222 1270/1267/1223 1275/1272/1228
f 1269/1266/1222 1275/1272/1228 1276/1273/1229
f 1268/1265/1221 1269/1266/1222 1276/1273/1229
f 1268/1265/1221 1276/1273/1229 1277/1274/1230
f 1268/1265/1221 1277/1274/1230 1278/1275/1231
f 1268/1265/1221 1278/1275/1231 1267/1264/1220
f 1279/1276/1232 1280/1277/1233 1281/1278/1234
f 1279/1276/1232 1281/1278/1234 1282/1279/1235
f 1280/1277/1233 1283/1280/1236 1281/1278/1234
f 1280/1277/1233 1284/1281/1237 1283/1280/1236
f 1284/1281/1237 1285/1282/1238 1283/1280/1236
f 1284/1281/1237 1286/1283/1239 1285/1282/1238
f 1287/1284/1240 1286/1283/1239 1284/1281/1237
f 1287/1284/1240 1288/1285/1241 1286/1283/1239
f 1288/1285/1241 1289/1286/1242 1286/1283/1239
f 1288/1285/1241 1290/1287/1243 1289/1286/1242
f 1291/1288/1244 1290/1287/1243 1288/1285/1241
f 1291/1288/1244 1292/1289/1245 1290/1287/1243
f 1293/1290/1246 1292/1289/1245 1291/1288/1244
f 1293/1290/1246 1294/1291/1207 1292/1289/1245
f 1294/1291/1207 1295/1292/1247 1292/1289/1245
f 1294/1291/1207 1296/1293/1248 1295/1292/1247
f 1297/1294/1249 1296/1293/1248 1294/1291/1207
f 1297/1294/1249 1298/1295/1250 1296/1293/1248
f 1299/1296/1251 1298/1295/1250 1297/1294/1249
f 1299/1296/1251 1300/1297/1252 1298/1295/1250
f 1300/1297/1252 1301/1298/1253 1298/1295/1250
f 1300/1297/1252 1302/1299/1254 1301/1298/1253
f 1302/1299/1254 1303/1300/1255 1301/1298/1253
f 1302/1299/1254 1304/1301/1256 1303/1300/1255
f 1304/1301/1256 1305/1302/1257 1303/1300/1255
f 1304/1301/1256 1306/1303/1258 1305/1302/1257
f 1303/1300/1255 1305/1302/1257 1307/1304/1259
f 1303/1300/1255 1307/1304/1259 1308/1305/1260
f 1301/1298/1253 1303/1300/1255 1308/1305/1260
f 1301/1298/1253 1308/1305/1260 1309/1306/1261
f 1298/1295/1250 1301/1298/1253 1309/1306/1261
f 1298/1295/1250 1309/1306/1261 1296/1293/1248
f 1296/1293/1248 1309/1306/1261 1310/1307/1262
f 1296/1293/1248 1310/1307/1262 1295/1292/1247
f 1295/1292/1247 1310/1307/1262 1311/1308/1263
f 1295/1292/1247 1311/1308/1263 1312/1309/1264
f 1292/1289/1245 1295/1292/1247 1312/1309/1264
f 1292/1289/1245 1312/1309/1264 1290/1287/1243
f 1290/1287/1243 1312/1309/1264 1313/1310/1265
f 1290/1287/1243 1313/1310/1265 1289/1286/1242
f 1289/1286/1242 1313/1310/1265 1314/1311/1266
f 1289/1286/1242 1314/1311/1266 1315/1312/1267
f 1286/1283/1239 1289/1286/1242 1315/1312/1267
f 1286/1283/1239 1315/1312/1267 1285/1282/1238
f 1285/1282/1238 1315/1312/1267 1316/1313/1268
f 1285/1282/1238 1316/1313/1268 1317/1314/1269
f 1283/1280/1236 1285/1282/1238 1317/1314/1269
f 1283/1280/1236 1317/1314/1269 1318/1315/1270
f 1281/1278/1234 1283/1280/1236 1318/1315/1270
f 1281/1278/1234 1318/1315/1270 1319/1316/1271
f 1315/1312/1267 1320/1317/1272 1316/1313/1268
f 1315/1312/1267 1314/1311/1266 1320/1317/1272
f 1314/1311/1266 1321/1318/1273 1320/1317/1272
f 1314/1311/1266 1322/1319/1274 1321/1318/1273
f 1313/1310/1265 1322/1319/1274 1314/1311/1266
f 1313/1310/1265 1323/1320/1275 1322/1319/1274
f 1312/1309/1264 1323/1320/1275 1313/1310/1265
f 1312/1309/1264 1311/1308/1263 1323/1320/1275
f 1311/1308/1263 1324/1321/1276 1323/1320/1275
f 1311/1308/1263 1325/1322/1277 1324/1321/1276
f 1310/1307/1262 1325/1322/1277 1311/1308/1263
f 1310/1307/1262 1326/1323/1278 1325/1322/1277
f 1309/1306/1261 1326/1323/1278 1310/1307/1262
f 1309/1306/1261 1308/1305/1260 1326/1323/1278
f 1308/1305/1260 1327/1324/1279 1326/1323/1278
f 1308/1305/1260 1307/1304/1259 1327/1324/1279
f 1326/1323/1278 1327/1324/1279 1328/1325/1280
f 1326/1323/1278 1328/1325/1280 1325/1322/1277
f 1325/1322/1277 1328/1325/1280 1329/1326/1281
f 1325/1322/1277 1329/1326/1281 1324/1321/1276
f 1324/1321/1276 1329/1326/1281 1330/1327/1282
f 1324/1321/1276 1330/1327/1282 1331/1328/1283
f 1323/1320/1275 1324/1321/1276 1331/1328/1283
f 1323/1320/1275 1331/1328/1283 1322/1319/1274
f 1322/1319/1274 1331/1328/1283 1332/1329/1284
f 1322/1319/1274 1332/1329/1284 1321/1318/1273
f 1331/1328/1283 1333/1330/1285 1332/1329/1284
f 1331/1328/1283 1330/1327/1282 1333/1330/1285
f 1334/1331/1286 1335/1332/1287 1336/1333/1288
f 1334/1331/1286 1336/1333/1288 1337/1334/1289
f 1337/1334/1289 1336/1333/1288 1338/1335/1290
f 1337/1334/1289 1338/1335/1290 1339/1336/1291
f 1339/1336/1291 1338/1335/1290 1340/1337/1292
f 1339/1336/1291 1340/1337/1292 1341/1338/1293
f 1342/1339/1294 1343/1340/1295 1344/1341/1296
f 1342/1339/1294 1344/1341/1296 1345/1342/1297
f 1345/1342/1297 1344/1341/1296 1346/1343/1298
f 1345/1342/1297 1346/1343/1298 1347/1344/1299
f 1347/1344/1299 1346/1343/1298 1348/1345/1300
f 1347/1344/1299 1348/1345/1300 1349/1346/1301
f 1349/1346/1301 1348/1345/1300 1350/1347/1302
f 1349/1346/1301 1350/1347/1302 1351/1348/1303
f 1351/1348/1303 1350/1347/1302 1352/1349/1304
f 1351/1348/1303 1352/1349/1304 1353/1350/1305
f 1348/1345/1300 1354/1351/1306 1350/1347/1302
f 1348/1345/1300 1355/1352/1307 1354/1351/1306
f 1346/1343/1298 1355/1352/1307 1348/1345/1300
f 1346/1343/1298 1356/1353/1308 1355/1352/1307
f 1344/1341/1296 1356/1353/1308 1346/1343/1298
f 1344/1341/1296 1357/1354/1309 1356/1353/1308
f 1343/1340/1295 1357/1354/1309 1344/1341/1296
f 1343/1340/1295 1358/1355/1310 1357/1354/1309
f 1343/1340/1295 1359/1356/1311 1358/1355/1310
f 1343/1340/1295 1360/1357/1312 1359/1356/1311
f 1342/1339/1294 1360/1357/1312 1343/1340/1295
f 1342/1339/1294 1361/1358/1313 1360/1357/1312
f 1361/1358/1313 1362/1359/1314 1360/1357/1312
f 1361/1358/1313 1363/1360/1315 1362/1359/1314
f 1363/1360/1315 1364/1361/1316 1362/1359/1314
f 1363/1360/1315 1365/1362/1317 1364/1361/1316
f 1365/1362/1317 1366/1363/1318 1364/1361/1316
f 1365/1362/1317 1367/1364/1319 1366/1363/1318
f 1367/1364/1319 1368/1365/1320 1366/1363/1318
f 1367/1364/1319 1369/1366/1321 1368/1365/1320
f 1366/1363/1318 1368/1365/1320 1370/1367/1322
f 1366/1363/1318 1370/1367/1322 1371/1368/1323
f 1364/1361/1316 1366/1363/1318 1371/1368/1323
f 1364/1361/1316 1371/1368/1323 1372/1369/1324
f 1362/1359/1314 1364/1361/1316 1372/1369/1324
f 1362/1359/1314 1372/1369/1324 1373/1370/1325
f 1360/1357/1312 1362/1359/1314 1373/1370/1325
f 1360/1357/1312 1373/1370/1325 1359/1356/1311
f 1359/1356/1311 1373/1370/1325 1374/1371/1326
f 1359/1356/1311 1374/1371/1326 1375/1372/1327
f 1358/1355/1310 1359/1356/1311 1375/1372/1327
f 1358/1355/1310 1375/1372/1327 1376/1373/1328
f 1358/1355/1310 1376/1373/1328 1377/1374/1329
f 1358/1355/1310 1377/1374/1329 1357/1354/1309
f 1357/1354/1309 1377/1374/1329 1378/1375/1330
f 1357/1354/1309 1378/1375/1330 1356/1353/1308
f 1356/1353/1308 1378/1375/1330 1379/1376/1331
f 1356/1353/1308 1379/1376/1331 1355/1352/1307
f 1355/1352/1307 1379/1376/1331 1380/1377/1332
f 1355/1352/1307 1380/1377/1332 1354/1351/1306
f 1378/1375/1330 1381/1378/1333 1379/1376/1331
f 1378/1375/1330 1382/1379/1334 1381/1378/1333
f 1377/1374/1329 1382/1379/1334 1378/1375/1330
f 1377/1374/1329 1383/1380/1335 1382/1379/1334
f 1376/1373/1328 1383/1380/1335 1377/1374/1329
f 1376/1373/1328 1384/1381/1336 1383/1380/1335
f 1376/1373/1328 1385/1382/1337 1384/1381/1336
f 1376/1373/1328 1375/1372/1327 1385/1382/1337
f 1375/1372/1327 1386/1383/1338 1385/1382/1337
f 1375/1372/1327 1374/1371/1326 1386/1383/1338
f 1374/1371/1326 1387/1384/1339 1386/1383/1338
f 1374/1371/1326 1388/1385/1340 1387/1384/1339
f 1373/1370/1325 1388/1385/1340 1374/1371/1326
f 1373/1370/1325 1372/1369/1324 1388/1385/1340
f 1372/1369/1324 1389/1386/1341 1388/1385/1340
f 1372/1369/1324 1371/1368/1323 1389/1386/1341
f 1385/1382/1337 1386/1383/1338 1390/1387/1342
f 1385/1382/1337 1390/1387/1342 1391/1388/1343
f 1384/1381/1336 1385/1382/1337 1391/1388/1343
f 1384/1381/1336 1391/1388/1343 1392/1389/1344
f 1384/1381/1336 1392/1389/1344 1393/1390/1345
f 1384/1381/1336 1393/1390/1345 1383/1380/1335
f 1383/1380/1335 1393/1390/1345 1394/1391/1346
f 1383/1380/1335 1394/1391/1346 1382/1379/1334
f 1395/1392/1347 1396/1393/1348 1397/1394/1349
f 1395/1392/1347 1397/1394/1349 1398/1395/1350
f 1399/1396/1351 1395/1392/1347 1398/1395/1350
f 1399/1396/1351 1398/1395/1350 1400/1397/1352
f 1400/1397/1352 1398/1395/1350 1401/1398/1353
f 1400/1397/1352 1401/1398/1353 1402/1399/1354
f 1403/1400/1355 1400/1397/1352 1402/1399/1354
f 1403/1400/1355 1402/1399/1354 1404/1401/1356
f 1404/1401/1356 1402/1399/1354 1405/1402/1357
f 1404/1401/1356 1405/1402/1357 1406/1403/1358
f 1407/1404/1359 1404/1401/1356 1406/1403/1358
f 1407/1404/1359 1406/1403/1358 1408/1405/1360
f 1408/1405/1360 1406/1403/1358 1409/1406/1361
f 1408/1405/1360 1409/1406/1361 1410/1407/1362
f 1411/1408/1363 1408/1405/1360 1410/1407/1362
f 1411/1408/1363 1410/1407/1362 1412/1409/1364
f 1413/1410/1365 1411/1408/1363 1412/1409/1364
f 1413/1410/1365 1412/1409/1364 1414/1411/1366
f 1414/1411/1366 1412/1409/1364 1415/1412/1367
f 1414/1411/1366 1415/1412/1367 1416/1413/1368
f 1417/1414/1369 1414/1411/1366 1416/1413/1368
f 1417/1414/1369 1416/1413/1368 1418/1415/1370
f 1418/1415/1370 1416/1413/1368 1419/1416/1371
f 1418/1415/1370 1419/1416/1371 1420/1417/1372
f 1420/1417/1372 1419/1416/1371 1421/1418/1373
f 1420/1417/1372 1421/1418/1373 1422/1419/1374
f 1422/1419/1374 1421/1418/1373 1423/1420/1257
f 1422/1419/1374 1423/1420/1257 1424/1421/1258
f 1421/1418/1373 1425/1422/1259 1423/1420/1257
f 1421/1418/1373 1426/1423/1375 1425/1422/1259
f 1419/1416/1371 1426/1423/1375 1421/1418/1373
f 1419/1416/1371 1427/1424/1376 1426/1423/1375
f 1416/1413/1368 1427/1424/1376 1419/1416/1371
f 1416/1413/1368 1415/1412/1367 1427/1424/1376
f 1415/1412/1367 1428/1425/1377 1427/1424/1376
f 1415/1412/1367 1429/1426/1378 1428/1425/1377
f 1412/1409/1364 1429/1426/1378 1415/1412/1367
f 1412/1409/1364 1410/1407/1362 1429/1426/1378
f 1410/1407/1362 1430/1427/1379 1429/1426/1378
f 1410/1407/1362 1409/1406/1361 1430/1427/1379
f 1409/1406/1361 1431/1428/1380 1430/1427/1379
f 1409/1406/1361 1432/1429/1381 1431/1428/1380
f 1406/1403/1358 1432/1429/1381 1409/1406/1361
f 1406/1403/1358 1405/1402/1357 1432/1429/1381
f 1405/1402/1357 1433/1430/1382 1432/1429/1381
f 1405/1402/1357 1434/1431/1383 1433/1430/1382
f 1402/1399/1354 1434/1431/1383 1405/1402/1357
f 1402/1399/1354 1401/1398/1353 1434/1431/1383
f 1401/1398/1353 1435/1432/1384 1434/1431/1383
f 1401/1398/1353 1436/1433/1385 1435/1432/1384
f 1398/1395/1350 1436/1433/1385 1401/1398/1353
f 1398/1395/1350 1397/1394/1349 1436/1433/1385
f 1434/1431/1383 1435/1432/1384 1437/1434/1386
f 1434/1431/1383 1437/1434/1386 1433/1430/1382
f 1433/1430/1382 1437/1434/1386 1438/1435/1387
f 1433/1430/1382 1438/1435/1387 1439/1436/1388
f 1432/1429/1381 1433/1430/1382 1439/1436/1388
f 1432/1429/1381 1439/1436/1388 1431/1428/1380
f 1431/1428/1380 1439/1436/1388 1440/1437/1389
f 1431/1428/1380 1440/1437/1389 1441/1438/1390
f 1430/1427/1379 1431/1428/1380 1441/1438/1390
f 1430/1427/1379 1441/1438/1390 1442/1439/1391
f 1429/1426/1378 1430/1427/1379 1442/1439/1391
f 1429/1426/1378 1442/1439/1391 1428/1425/1377
f 1428/1425/1377 1442/1439/1391 1443/1440/1392
f 1428/1425/1377 1443/1440/1392 1444/1441/1393
f 1427/1424/1376 1428/1425/1377 1444/1441/1393
f 1427/1424/1376 1444/1441/1393 1426/1423/1375
f 1426/1423/1375 1444/1441/1393 1445/1442/1279
f 1426/1423/1375 1445/1442/1279 1425/1422/1259
f 1444/1441/1393 1446/1443/1394 1445/1442/1279
f 1444/1441/1393 1443/1440/1392 1446/1443/1394
f 1443/1440/1392 1447/1444/1395 1446/1443/1394
f 1443/1440/1392 1448/1445/1396 1447/1444/1395
f 1442/1439/1391 1448/1445/1396 1443/1440/1392
f 1442/1439/1391 1441/1438/1390 1448/1445/1396
f 1441/1438/1390 1449/1446/1397 1448/1445/1396
f 1441/1438/1390 1440/1437/1389 1449/1446/1397
f 1440/1437/1389 1450/1447/1398 1449/1446/1397
f 1440/1437/1389 1451/1448/1399 1450/1447/1398
f 1439/1436/1388 1451/1448/1399 1440/1437/1389
f 1439/1436/1388 1438/1435/1387 1451/1448/1399
f 1449/1446/1397 1450/1447/1398 1452/1449/1400
f 1449/1446/1397 1452/1449/1400 1453/1450/1401
f 1448/1445/1396 1449/1446/1397 1453/1450/1401
f 1448/1445/1396 1453/1450/1401 1447/1444/1395
s 0
f 1454/1451/1402 1455/1452/1402 1456/1453/1402
s 1
f 1454/1451/1403 1456/1453/1403 1457/1454/1404
f 1458/1455/1405 1454/1451/1403 1457/1454/1404
f 1458/1455/1405 1457/1454/1404 1459/1456/1406
f 1460/1457/1405 1458/1455/1405 1459/1456/1406
f 1460/1457/1405 1459/1456/1406 1461/1458/1407
f 1462/1459/1408 1460/1457/1405 1461/1458/1407
f 1462/1459/1408 1461/1458/1407 1463/1460/1409
f 1464/1461/1410 1462/1459/1408 1463/1460/1409
f 1464/1461/1410 1463/1460/1409 1465/1462/1411
f 1466/1463/1412 1464/1461/1410 1465/1462/1411
f 1466/1463/1412 1465/1462/1411 1467/1464/1413
f 1468/1465/1414 1466/1463/1412 1467/1464/1413
f 1468/1465/1414 1467/1464/1413 1469/1466/1415
f 1470/1467/1416 1468/1465/1414 1469/1466/1415
f 1470/1467/1416 1469/1466/1415 1471/1468/1417
f 1472/1469/1418 1470/1467/1416 1471/1468/1417
f 1472/1469/1418 1471/1468/1417 1473/1470/1419
f 1472/1469/1418 1473/1470/1419 1474/1471/1420
f 1472/1469/1418 1474/1471/1420 1475/1472/1421
f 1472/1469/1418 1475/1472/1421 1476/1473/465
f 1472/1469/1418 1476/1473/465 1477/1474/1422
f 1472/1469/1418 1477/1474/1422 1478/1475/1423
f 1472/1469/1418 1478/1475/1423 1479/1476/1424
f 1479/1476/1424 1478/1475/1423 1480/1477/1425
f 1479/1476/1424 1480/1477/1425 1481/1478/1426
f 1481/1478/1426 1480/1477/1425 1482/1479/1427
f 1481/1478/1426 1482/1479/1427 1483/1480/1428
f 1483/1480/1428 1482/1479/1427 1484/1481/1429
f 1483/1480/1428 1484/1481/1429 1485/1482/1430
f 1485/1482/1430 1484/1481/1429 1486/1483/1431
f 1485/1482/1430 1486/1483/1431 1487/1484/1432
f 1487/1484/1432 1486/1483/1431 1488/1485/1433
f 1487/1484/1432 1488/1485/1433 1489/1486/1434
f 1489/1486/1434 1488/1485/1433 1490/1487/479
f 1489/1486/1434 1490/1487/479 1491/1488/1435
f 1491/1488/1435 1490/1487/479 1492/1489/1436
f 1491/1488/1435 1492/1489/1436 1493/1490/1437
f 1493/1490/1437 1492/1489/1436 1494/1491/1438
f 1493/1490/1437 1494/1491/1438 1495/1492/1439
f 1496/1493/1440 1474/1471/1420 1473/1470/1419
f 1496/1493/1440 1473/1470/1419 1471/1468/1417
f 1496/1493/1440 1471/1468/1417 1497/1494/1441
f 1497/1494/1441 1471/1468/1417 1469/1466/1415
f 1497/1494/1441 1469/1466/1415 1498/1495/1442
f 1498/1495/1442 1469/1466/1415 1467/1464/1413
f 1498/1495/1442 1467/1464/1413 1499/1496/1443
f 1499/1496/1443 1467/1464/1413 1465/1462/1411
f 1499/1496/1443 1465/1462/1411 1500/1497/1444
f 1500/1497/1444 1465/1462/1411 1463/1460/1409
f 1500/1497/1444 1463/1460/1409 1501/1498/1445
f 1501/1498/1445 1463/1460/1409 1461/1458/1407
f 1501/1498/1445 1461/1458/1407 1502/1499/1446
f 1502/1499/1446 1461/1458/1407 1459/1456/1406
f 1502/1499/1446 1459/1456/1406 1503/1500/1447
f 1503/1500/1447 1459/1456/1406 1457/1454/1404
f 1503/1500/1447 1457/1454/1404 1504/1501/1448
f 1504/1501/1448 1457/1454/1404 1505/1453/1449
f 1504/1501/1448 1505/1453/1449 1506/1502/1450
f 1496/1493/1440 1507/1503/1451 1474/1471/1420
f 1496/1493/1440 1508/1504/1452 1507/1503/1451
f 1496/1493/1440 1509/1505/1453 1508/1504/1452
f 1496/1493/1440 1510/1506/1454 1509/1505/1453
f 1496/1493/1440 1511/1507/1455 1510/1506/1454
f 1511/1507/1455 1512/1508/1456 1510/1506/1454
f 1511/1507/1455 1513/1509/1457 1512/1508/1456
f 1513/1509/1457 1514/1510/1458 1512/1508/1456
f 1513/1509/1457 1515/1511/1459 1514/1510/1458
f 1515/1511/1459 1516/1512/1460 1514/1510/1458
f 1515/1511/1459 1517/1513/1461 1516/1512/1460
f 1517/1513/1461 1518/1514/1462 1516/1512/1460
f 1517/1513/1461 1519/1515/1463 1518/1514/1462
f 1519/1515/1463 1520/1516/1464 1518/1514/1462
f 1519/1515/1463 1521/1517/1465 1520/1516/1464
f 1521/1517/1465 1522/1518/1466 1520/1516/1464
f 1521/1517/1465 1523/1519/1467 1522/1518/1466
f 1523/1519/1467 1524/1520/1468 1522/1518/1466
f 1523/1519/1467 1525/1521/1463 1524/1520/1468
f 1525/1521/1463 1526/1522/1469 1524/1520/1468
s 0
f 1525/1521/1470 1527/1523/1470 1526/1522/1470
s 1
f 1528/1524/1471 1522/1518/1466 1524/1520/1468
f 1528/1524/1471 1524/1520/1468 1529/1525/1472
f 1529/1525/1472 1524/1520/1468 1530/1522/1473
f 1529/1525/1472 1530/1522/1473 1531/1526/1474
f 1532/1527/1475 1522/1518/1466 1528/1524/1471
f 1532/1527/1475 1520/1516/1464 1522/1518/1466
f 1533/1528/1476 1520/1516/1464 1532/1527/1475
f 1533/1528/1476 1518/1514/1462 1520/1516/1464
f 1534/1529/1477 1518/1514/1462 1533/1528/1476
f 1534/1529/1477 1516/1512/1460 1518/1514/1462
f 1535/1530/1478 1516/1512/1460 1534/1529/1477
f 1535/1530/1478 1514/1510/1458 1516/1512/1460
f 1536/1531/1479 1514/1510/1458 1535/1530/1478
f 1536/1531/1479 1512/1508/1456 1514/1510/1458
f 1537/1532/1480 1512/1508/1456 1536/1531/1479
f 1537/1532/1480 1510/1506/1454 1512/1508/1456
f 1538/1533/1481 1510/1506/1454 1537/1532/1480
f 1538/1533/1481 1509/1505/1453 1510/1506/1454
f 1538/1533/1481 1508/1504/1452 1509/1505/1453
f 1538/1533/1481 1539/1534/1482 1508/1504/1452
f 1538/1533/1481 1540/1535/1483 1539/1534/1482
f 1538/1533/1481 1541/1536/1484 1540/1535/1483
f 1538/1533/1481 1542/1537/1485 1541/1536/1484
f 1538/1533/1481 1543/1538/1486 1542/1537/1485
f 1543/1538/1486 1544/1539/1487 1542/1537/1485
f 1543/1538/1486 1545/1540/1488 1544/1539/1487
f 1545/1540/1488 1546/1541/1489 1544/1539/1487
f 1545/1540/1488 1547/1542/1490 1546/1541/1489
f 1547/1542/1490 1548/1543/1491 1546/1541/1489
f 1547/1542/1490 1549/1544/1492 1548/1543/1491
f 1549/1544/1492 1550/1545/1493 1548/1543/1491
f 1549/1544/1492 1551/1546/1494 1550/1545/1493
f 1551/1546/1494 1552/1547/1495 1550/1545/1493
f 1551/1546/1494 1553/1548/1496 1552/1547/1495
f 1553/1548/1496 1554/1549/1497 1552/1547/1495
f 1553/1548/1496 1555/1550/1498 1554/1549/1497
f 1555/1550/1498 1556/1551/1499 1554/1549/1497
f 1555/1550/1498 1557/1552/1498 1556/1551/1499
f 1557/1552/1498 1558/1553/1500 1556/1551/1499
s 0
f 1557/1552/1500 1559/1554/1500 1558/1553/1500
s 1
f 1560/1555/1501 1554/1549/1497 1556/1551/1499
f 1560/1555/1501 1556/1551/1499 1561/1556/1502
f 1561/1556/1502 1556/1551/1499 1562/1553/1503
f 1561/1556/1502 1562/1553/1503 1563/1557/1504
f 1564/1558/1505 1554/1549/1497 1560/1555/1501
f 1564/1558/1505 1552/1547/1495 1554/1549/1497
f 1565/1559/1506 1552/1547/1495 1564/1558/1505
f 1565/1559/1506 1550/1545/1493 1552/1547/1495
f 1566/1560/1507 1550/1545/1493 1565/1559/1506
f 1566/1560/1507 1548/1543/1491 1550/1545/1493
f 1567/1561/1508 1548/1543/1491 1566/1560/1507
f 1567/1561/1508 1546/1541/1489 1548/1543/1491
f 1568/1562/1509 1546/1541/1489 1567/1561/1508
f 1568/1562/1509 1544/1539/1487 1546/1541/1489
f 1569/1563/1510 1544/1539/1487 1568/1562/1509
f 1569/1563/1510 1542/1537/1485 1544/1539/1487
f 1570/1564/1511 1542/1537/1485 1569/1563/1510
f 1570/1564/1511 1541/1536/1484 1542/1537/1485
f 1570/1564/1511 1540/1535/1483 1541/1536/1484
f 1570/1564/1511 1571/1565/1512 1540/1535/1483
f 1570/1564/1511 1572/1566/1513 1571/1565/1512
f 1570/1564/1511 1573/1567/1514 1572/1566/1513
f 1570/1564/1511 1574/1568/1515 1573/1567/1514
f 1570/1564/1511 1575/1569/1516 1574/1568/1515
f 1575/1569/1516 1576/1570/1517 1574/1568/1515
f 1575/1569/1516 1577/1571/1518 1576/1570/1517
f 1577/1571/1518 1578/1572/1519 1576/1570/1517
f 1577/1571/1518 1579/1573/1520 1578/1572/1519
f 1579/1573/1520 1580/1574/1521 1578/1572/1519
f 1579/1573/1520 1581/1575/1522 1580/1574/1521
f 1581/1575/1522 1582/1576/1523 1580/1574/1521
f 1581/1575/1522 1583/1577/1524 1582/1576/1523
f 1583/1577/1524 1584/1578/1525 1582/1576/1523
f 1583/1577/1524 1585/1579/1522 1584/1578/1525
f 1585/1579/1522 1586/1580/1526 1584/1578/1525
f 1585/1579/1522 1587/1581/1527 1586/1580/1526
f 1587/1581/1527 1588/1582/1528 1586/1580/1526
f 1587/1581/1527 1589/1583/1529 1588/1582/1528
f 1589/1583/1529 1590/1584/1530 1588/1582/1528
s 0
f 1589/1583/1527 1591/1585/1527 1590/1584/1527
s 1
f 1592/1586/1531 1593/1587/1532 1594/1588/1533
f 1592/1586/1531 1594/1588/1533 1595/1589/1534
f 1593/1587/1532 1596/1590/1535 1594/1588/1533
f 1593/1587/1532 1597/1591/1293 1596/1590/1535
f 1598/1592/1536 1599/1593/1537 1600/1594/1538
f 1598/1592/1536 1600/1594/1538 1601/1595/1539
f 1598/1592/1536 1601/1595/1539 1602/1596/1540
f 1598/1592/1536 1602/1596/1540 1603/1597/1541
f 1603/1597/1541 1602/1596/1540 1604/1598/1542
f 1603/1597/1541 1604/1598/1542 1605/1599/1543
f 1605/1599/1543 1604/1598/1542 1606/1600/1544
f 1605/1599/1543 1606/1600/1544 1607/1601/1545
f 1607/1601/1545 1606/1600/1544 1608/1602/1546
f 1607/1601/1545 1608/1602/1546 1609/1603/1547
f 1606/1600/1544 1610/1604/1548 1608/1602/1546
f 1606/1600/1544 1611/1605/1549 1610/1604/1548
f 1604/1598/1542 1611/1605/1549 1606/1600/1544
f 1604/1598/1542 1612/1606/1550 1611/1605/1549
f 1602/1596/1540 1612/1606/1550 1604/1598/1542
f 1602/1596/1540 1613/1607/1551 1612/1606/1550
f 1601/1595/1539 1613/1607/1551 1602/1596/1540
f 1601/1595/1539 1614/1608/1552 1613/1607/1551
f 1601/1595/1539 1615/1609/1553 1614/1608/1552
f 1601/1595/1539 1600/1594/1538 1615/1609/1553
f 1600/1594/1538 1616/1610/1554 1615/1609/1553
f 1600/1594/1538 1617/1611/1555 1616/1610/1554
f 1599/1593/1537 1617/1611/1555 1600/1594/1538
f 1599/1593/1537 1618/1612/1556 1617/1611/1555
f 1618/1612/1556 1619/1613/1557 1617/1611/1555
f 1618/1612/1556 1620/1614/1558 1619/1613/1557
f 1620/1614/1558 1621/1615/1559 1619/1613/1557
f 1620/1614/1558 1622/1616/1560 1621/1615/1559
f 1622/1616/1560 1623/1617/1561 1621/1615/1559
f 1622/1616/1560 1624/1618/1562 1623/1617/1561
f 1621/1615/1559 1623/1617/1561 1625/1619/1563
f 1621/1615/1559 1625/1619/1563 1626/1620/1564
f 1619/1613/1557 1621/1615/1559 1626/1620/1564
f 1619/1613/1557 1626/1620/1564 1627/1621/1565
f 1617/1611/1555 1619/1613/1557 1627/1621/1565
f 1617/1611/1555 1627/1621/1565 1616/1610/1554
f 1616/1610/1554 1627/1621/1565 1628/1622/1566
f 1616/1610/1554 1628/1622/1566 1629/1623/1567
f 1615/1609/1553 1616/1610/1554 1629/1623/1567
f 1615/1609/1553 1629/1623/1567 1630/1624/1568
f 1614/1608/1552 1615/1609/1553 1630/1624/1568
f 1614/1608/1552 1630/1624/1568 1631/1625/1569
f 1614/1608/1552 1631/1625/1569 1632/1626/1570
f 1614/1608/1552 1632/1626/1570 1613/1607/1551
f 1613/1607/1551 1632/1626/1570 1633/1627/1571
f 1613/1607/1551 1633/1627/1571 1612/1606/1550
f 1612/1606/1550 1633/1627/1571 1634/1628/1572
f 1612/1606/1550 1634/1628/1572 1611/1605/1549
f 1611/1605/1549 1634/1628/1572 1635/1629/1573
f 1611/1605/1549 1635/1629/1573 1610/1604/1548
f 1633/1627/1571 1636/1630/1574 1634/1628/1572
f 1633/1627/1571 1637/1631/1575 1636/1630/1574
f 1632/1626/1570 1637/1631/1575 1633/1627/1571
f 1632/1626/1570 1638/1632/1576 1637/1631/1575
f 1631/1625/1569 1638/1632/1576 1632/1626/1570
f 1631/1625/1569 1639/1633/1577 1638/1632/1576
f 1631/1625/1569 1640/1634/1578 1639/1633/1577
f 1631/1625/1569 1630/1624/1568 1640/1634/1578
f 1630/1624/1568 1641/1635/1579 1640/1634/1578
f 1630/1624/1568 1629/1623/1567 1641/1635/1579
f 1629/1623/1567 1642/1636/1580 1641/1635/1579
f 1629/1623/1567 1628/1622/1566 1642/1636/1580
f 1628/1622/1566 1643/1637/1581 1642/1636/1580
f 1628/1622/1566 1644/1638/1582 1643/1637/1581
f 1627/1621/1565 1644/1638/1582 1628/1622/1566
f 1627/1621/1565 1626/1620/1564 1644/1638/1582
f 1641/1635/1579 1642/1636/1580 1645/1639/1583
f 1641/1635/1579 1645/1639/1583 1646/1640/1584
f 1640/1634/1578 1641/1635/1579 1646/1640/1584
f 1640/1634/1578 1646/1640/1584 1647/1641/1585
f 1639/1633/1577 1640/1634/1578 1647/1641/1585
f 1639/1633/1577 1647/1641/1585 1648/1642/1586
f 1649/1643/1587 1650/1644/1563 1651/1645/1588
f 1649/1643/1587 1651/1645/1588 1652/1646/1589
f 1652/1646/1589 1651/1645/1588 1653/1647/1590
f 1652/1646/1589 1653/1647/1590 1654/1648/1591
f 1654/1648/1591 1653/1647/1590 1655/1649/1592
f 1654/1648/1591 1655/1649/1592 1656/1650/1593
f 1653/1647/1590 1657/1651/1594 1655/1649/1592
f 1653/1647/1590 1658/1652/1595 1657/1651/1594
f 1651/1645/1588 1658/1652/1595 1653/1647/1590
f 1651/1645/1588 1659/1653/1596 1658/1652/1595
f 1650/1644/1563 1659/1653/1596 1651/1645/1588
f 1650/1644/1563 1660/1654/1597 1659/1653/1596
f 1661/1655/1598 1660/1654/1597 1650/1644/1563
f 1661/1655/1598 1662/1656/1599 1660/1654/1597
f 1663/1657/1600 1662/1656/1599 1661/1655/1598
f 1663/1657/1600 1664/1658/1601 1662/1656/1599
f 1664/1658/1601 1665/1659/1602 1662/1656/1599
f 1664/1658/1601 1666/1660/1603 1665/1659/1602
f 1666/1660/1603 1667/1661/1604 1665/1659/1602
f 1666/1660/1603 1668/1662/1605 1667/1661/1604
f 1668/1662/1605 1669/1663/1606 1667/1661/1604
f 1668/1662/1605 1670/1664/1607 1669/1663/1606
f 1667/1661/1604 1669/1663/1606 1671/1665/1608
f 1667/1661/1604 1671/1665/1608 1672/1666/1609
f 1665/1659/1602 1667/1661/1604 1672/1666/1609
f 1665/1659/1602 1672/1666/1609 1673/1667/1610
f 1662/1656/1599 1665/1659/1602 1673/1667/1610
f 1662/1656/1599 1673/1667/1610 1660/1654/1597
f 1660/1654/1597 1673/1667/1610 1674/1668/1611
f 1660/1654/1597 1674/1668/1611 1659/1653/1596
f 1659/1653/1596 1674/1668/1611 1675/1669/1612
f 1659/1653/1596 1675/1669/1612 1658/1652/1595
f 1658/1652/1595 1675/1669/1612 1676/1670/1613
f 1658/1652/1595 1676/1670/1613 1657/1651/1594
f 1675/1669/1612 1677/1671/1614 1676/1670/1613
f 1675/1669/1612 1678/1672/1615 1677/1671/1614
f 1674/1668/1611 1678/1672/1615 1675/1669/1612
f 1674/1668/1611 1679/1673/1616 1678/1672/1615
f 1673/1667/1610 1679/1673/1616 1674/1668/1611
f 1673/1667/1610 1672/1666/1609 1679/1673/1616
f 1672/1666/1609 1680/1674/1617 1679/1673/1616
f 1672/1666/1609 1671/1665/1608 1680/1674/1617
f 1679/1673/1616 1680/1674/1617 1681/1675/1618
f 1679/1673/1616 1681/1675/1618 1678/1672/1615
f 1678/1672/1615 1681/1675/1618 1682/1676/1619
f 1678/1672/1615 1682/1676/1619 1677/1671/1614
f 1683/1677/1620 1684/1678/1621 1685/1679/1622
f 1683/1677/1620 1685/1679/1622 1686/1680/1623
f 1687/1681/1624 1683/1677/1620 1686/1680/1623
f 1687/1681/1624 1686/1680/1623 1688/1682/1625
f 1688/1682/1625 1686/1680/1623 1689/1683/1626
f 1688/1682/1625 1689/1683/1626 1690/1684/1627
f 1690/1684/1627 1689/1683/1626 1691/1685/1628
f 1690/1684/1627 1691/1685/1628 1692/1686/1629
f 1692/1686/1629 1691/1685/1628 1693/1687/1630
f 1692/1686/1629 1693/1687/1630 1694/1688/1631
f 1694/1688/1631 1693/1687/1630 1695/1689/1632
f 1694/1688/1631 1695/1689/1632 1696/1690/1633
f 1693/1687/1630 1697/1691/1634 1695/1689/1632
f 1693/1687/1630 1698/1692/1635 1697/1691/1634
f 1691/1685/1628 1698/1692/1635 1693/1687/1630
f 1691/1685/1628 1699/1693/1636 1698/1692/1635
f 1689/1683/1626 1699/1693/1636 1691/1685/1628
f 1689/1683/1626 1700/1694/1637 1699/1693/1636
f 1686/1680/1623 1700/1694/1637 1689/1683/1626
f 1686/1680/1623 1685/1679/1622 1700/1694/1637
f 1699/1693/1636 1701/1695/1638 1698/1692/1635
f 1699/1693/1636 1702/1696/1639 1701/1695/1638
f 1698/1692/1635 1701/1695/1638 1703/1697/1640
f 1698/1692/1635 1703/1697/1640 1697/1691/1634
f 1704/1698/1641 1705/1699/1642 1706/1700/1643
f 1704/1698/1641 1706/1700/1643 1707/1701/1644
f 1707/1701/1644 1706/1700/1643 1708/1702/1645
f 1707/1701/1644 1708/1702/1645 1709/1703/1646
f 1709/1703/1646 1708/1702/1645 1710/1704/1647
f 1709/1703/1646 1710/1704/1647 1711/1705/1648
f 1711/1705/1648 1710/1704/1647 1712/1706/1649
f 1711/1705/1648 1712/1706/1649 1713/1707/1650
f 1710/1704/1647 1714/1708/1651 1712/1706/1649
f 1710/1704/1647 1715/1709/1652 1714/1708/1651
f 1708/1702/1645 1715/1709/1652 1710/1704/1647
f 1708/1702/1645 1716/1710/1653 1715/1709/1652
f 1706/1700/1643 1716/1710/1653 1708/1702/1645
f 1706/1700/1643 1717/1711/1654 1716/1710/1653
f 1705/1699/1642 1717/1711/1654 1706/1700/1643
f 1705/1699/1642 1718/1712/1655 1717/1711/1654
f 1705/1699/1642 1719/1713/1656 1718/1712/1655
f 1705/1699/1642 1720/1714/1657 1719/1713/1656
f 1704/1698/1641 1720/1714/1657 1705/1699/1642
f 1704/1698/1641 1721/1715/1658 1720/1714/1657
f 1721/1715/1658 1722/1716/1659 1720/1714/1657
f 1721/1715/1658 1723/1717/1660 1722/1716/1659
f 1723/1717/1660 1724/1718/1661 1722/1716/1659
f 1723/1717/1660 1725/1719/1662 1724/1718/1661
f 1725/1719/1662 1726/1720/1663 1724/1718/1661
f 1725/1719/1662 1727/1721/1664 1726/1720/1663
f 1727/1721/1664 1728/1722/1665 1726/1720/1663
f 1727/1721/1664 1729/1723/1666 1728/1722/1665
f 1726/1720/1663 1728/1722/1665 1730/1724/1667
f 1726/1720/1663 1730/1724/1667 1731/1725/1668
f 1724/1718/1661 1726/1720/1663 1731/1725/1668
f 1724/1718/1661 1731/1725/1668 1732/1726/1669
f 1722/1716/1659 1724/1718/1661 1732/1726/1669
f 1722/1716/1659 1732/1726/1669 1733/1727/1670
f 1720/1714/1657 1722/1716/1659 1733/1727/1670
f 1720/1714/1657 1733/1727/1670 1719/1713/1656
f 1719/1713/1656 1733/1727/1670 1734/1728/1671
f 1719/1713/1656 1734/1728/1671 1735/1729/1672
f 1718/1712/1655 1719/1713/1656 1735/1729/1672
f 1718/1712/1655 1735/1729/1672 1736/1730/1673
f 1718/1712/1655 1736/1730/1673 1737/1731/1674
f 1718/1712/1655 1737/1731/1674 1717/1711/1654
f 1717/1711/1654 1737/1731/1674 1738/1732/1675
f 1717/1711/1654 1738/1732/1675 1716/1710/1653
f 1716/1710/1653 1738/1732/1675 1739/1733/1676
f 1716/1710/1653 1739/1733/1676 1715/1709/1652
f 1715/1709/1652 1739/1733/1676 1740/1734/1677
f 1715/1709/1652 1740/1734/1677 1714/1708/1651
f 1739/1733/1676 1741/1735/1678 1740/1734/1677
f 1739/1733/1676 1742/1736/1679 1741/1735/1678
f 1738/1732/1675 1742/1736/1679 1739/1733/1676
f 1738/1732/1675 1743/1737/1680 1742/1736/1679
f 1737/1731/1674 1743/1737/1680 1738/1732/1675
f 1737/1731/1674 1744/1738/1681 1743/1737/1680
f 1736/1730/1673 1744/1738/1681 1737/1731/1674
f 1736/1730/1673 1745/1739/1682 1744/1738/1681
f 1736/1730/1673 1746/1740/1683 1745/1739/1682
f 1736/1730/1673 1735/1729/1672 1746/1740/1683
f 1735/1729/1672 1747/1741/1684 1746/1740/1683
f 1735/1729/1672 1734/1728/1671 1747/1741/1684
f 1734/1728/1671 1748/1742/1685 1747/1741/1684
f 1734/1728/1671 1749/1743/1686 1748/1742/1685
f 1733/1727/1670 1749/1743/1686 1734/1728/1671
f 1733/1727/1670 1732/1726/1669 1749/1743/1686
f 1732/1726/1669 1750/1744/1687 1749/1743/1686
f 1732/1726/1669 1731/1725/1668 1750/1744/1687
f 1731/1725/1668 1751/1745/1688 1750/1744/1687
f 1731/1725/1668 1730/1724/1667 1751/1745/1688
f 1745/1739/1682 1752/1746/1689 1744/1738/1681
f 1745/1739/1682 1753/1747/1690 1752/1746/1689
f 1744/1738/1681 1752/1746/1689 1754/1748/1691
f 1744/1738/1681 1754/1748/1691 1743/1737/1680
f 1743/1737/1680 1754/1748/1691 1755/1749/1692
f 1743/1737/1680 1755/1749/1692 1742/1736/1679
f 1756/1750/1693 1757/1751/1694 1758/1752/1695
f 1756/1750/1693 1758/1752/1695 1759/1753/1696
f 1759/1753/1696 1758/1752/1695 1760/1754/1697
f 1759/1753/1696 1760/1754/1697 1761/1755/1698
f 1762/1756/1677 1759/1753/1696 1761/1755/1698
f 1762/1756/1677 1761/1755/1698 1763/1757/1699
f 1764/1758/1700 1762/1756/1677 1763/1757/1699
f 1764/1758/1700 1763/1757/1699 1765/1759/1701
f 1766/1760/1702 1764/1758/1700 1765/1759/1701
f 1766/1760/1702 1765/1759/1701 1767/1761/1703
f 1768/1762/1704 1766/1760/1702 1767/1761/1703
f 1768/1762/1704 1767/1761/1703 1769/1763/1705
f 1769/1763/1705 1767/1761/1703 1770/1764/1706
f 1769/1763/1705 1770/1764/1706 1771/1765/1707
f 1771/1765/1707 1770/1764/1706 1772/1766/1708
f 1771/1765/1707 1772/1766/1708 1773/1767/1709
f 1773/1767/1709 1772/1766/1708 1774/1768/1710
f 1773/1767/1709 1774/1768/1710 1775/1769/1711
f 1775/1769/1711 1774/1768/1710 1776/1770/1606
f 1775/1769/1711 1776/1770/1606 1777/1771/1607
f 1774/1768/1710 1778/1772/1712 1776/1770/1606
f 1774/1768/1710 1779/1773/1713 1778/1772/1712
f 1772/1766/1708 1779/1773/1713 1774/1768/1710
f 1772/1766/1708 1780/1774/1714 1779/1773/1713
f 1770/1764/1706 1780/1774/1714 1772/1766/1708
f 1770/1764/1706 1781/1775/1715 1780/1774/1714
f 1767/1761/1703 1781/1775/1715 1770/1764/1706
f 1767/1761/1703 1765/1759/1701 1781/1775/1715
f 1765/1759/1701 1782/1776/1716 1781/1775/1715
f 1765/1759/1701 1763/1757/1699 1782/1776/1716
f 1763/1757/1699 1783/1777/1717 1782/1776/1716
f 1763/1757/1699 1761/1755/1698 1783/1777/1717
f 1761/1755/1698 1784/1778/1718 1783/1777/1717
f 1761/1755/1698 1760/1754/1697 1784/1778/1718
f 1783/1777/1717 1784/1778/1718 1785/1779/1719
f 1783/1777/1717 1785/1779/1719 1786/1780/1720
f 1782/1776/1716 1783/1777/1717 1786/1780/1720
f 1782/1776/1716 1786/1780/1720 1787/1781/1721
f 1781/1775/1715 1782/1776/1716 1787/1781/1721
f 1781/1775/1715 1787/1781/1721 1780/1774/1714
f 1780/1774/1714 1787/1781/1721 1788/1782/1722
f 1780/1774/1714 1788/1782/1722 1779/1773/1713
f 1779/1773/1713 1788/1782/1722 1789/1783/1617
f 1779/1773/1713 1789/1783/1617 1778/1772/1712
f 1788/1782/1722 1790/1784/1618 1789/1783/1617
f 1788/1782/1722 1791/1785/1723 1790/1784/1618
f 1787/1781/1721 1791/1785/1723 1788/1782/1722
f 1787/1781/1721 1786/1780/1720 1791/1785/1723
f 1786/1780/1720 1792/1786/1724 1791/1785/1723
f 1786/1780/1720 1785/1779/1719 1792/1786/1724
f 1791/1785/1723 1792/1786/1724 1793/1787/1725
f 1791/1785/1723 1793/1787/1725 1790/1784/1618
f 1794/1788/1726 1795/1789/1727 1796/1790/1728
f 1794/1788/1726 1796/1790/1728 1797/1791/1729
f 1798/1792/1730 1795/1789/1727 1794/1788/1726
f 1798/1792/1730 1799/1793/1731 1795/1789/1727
f 1799/1793/1731 1800/1794/1732 1795/1789/1727
f 1799/1793/1731 1801/1795/1733 1800/1794/1732
f 1801/1795/1733 1802/1796/1734 1800/1794/1732
f 1801/1795/1733 1803/1797/1735 1802/1796/1734
f 1803/1797/1735 1804/1798/1632 1802/1796/1734
f 1803/1797/1735 1805/1799/1736 1804/1798/1632
f 1802/1796/1734 1804/1798/1632 1806/1800/1737
f 1802/1796/1734 1806/1800/1737 1807/1801/1738
f 1800/1794/1732 1802/1796/1734 1807/1801/1738
f 1800/1794/1732 1807/1801/1738 1808/1802/1739
f 1795/1789/1727 1800/1794/1732 1808/1802/1739
f 1795/1789/1727 1808/1802/1739 1796/1790/1728
f 1808/1802/1739 1807/1801/1738 1809/1803/1740
f 1808/1802/1739 1809/1803/1740 1810/1804/1741
f 1807/1801/1738 1811/1805/1742 1809/1803/1740
f 1807/1801/1738 1806/1800/1737 1811/1805/1742
f 1812/1806/1743 1813/1807/1744 1814/1808/1745
f 1812/1806/1743 1814/1808/1745 1815/1809/1746
f 1812/1806/1743 1815/1809/1746 1816/1810/1747
f 1812/1806/1743 1816/1810/1747 1817/1811/1748
f 1817/1811/1748 1816/1810/1747 1818/1812/1749
f 1817/1811/1748 1818/1812/1749 1819/1813/1750
f 1819/1813/1750 1818/1812/1749 1820/1814/1751
f 1819/1813/1750 1820/1814/1751 1821/1815/1752
f 1821/1815/1752 1820/1814/1751 1822/1816/1753
f 1821/1815/1752 1822/1816/1753 1823/1817/1754
f 1820/1814/1751 1824/1818/1755 1822/1816/1753
f 1820/1814/1751 1825/1819/1756 1824/1818/1755
f 1818/1812/1749 1825/1819/1756 1820/1814/1751
f 1818/1812/1749 1826/1820/1757 1825/1819/1756
f 1816/1810/1747 1826/1820/1757 1818/1812/1749
f 1816/1810/1747 1827/1821/1758 1826/1820/1757
f 1815/1809/1746 1827/1821/1758 1816/1810/1747
f 1815/1809/1746 1828/1822/1759 1827/1821/1758
f 1815/1809/1746 1829/1823/1760 1828/1822/1759
f 1815/1809/1746 1814/1808/1745 1829/1823/1760
f 1814/1808/1745 1830/1824/1761 1829/1823/1760
f 1814/1808/1745 1831/1825/1762 1830/1824/1761
f 1813/1807/1744 1831/1825/1762 1814/1808/1745
f 1813/1807/1744 1832/1826/1763 1831/1825/1762
f 1832/1826/1763 1833/1827/1764 1831/1825/1762
f 1832/1826/1763 1834/1828/1765 1833/1827/1764
f 1834/1828/1765 1835/1829/1766 1833/1827/1764
f 1834/1828/1765 1836/1830/1767 1835/1829/1766
f 1836/1830/1767 1837/1831/1768 1835/1829/1766
f 1836/1830/1767 1838/1832/1769 1837/1831/1768
f 1835/1829/1766 1837/1831/1768 1839/1833/1770
f 1835/1829/1766 1839/1833/1770 1840/1834/1771
f 1833/1827/1764 1835/1829/1766 1840/1834/1771
f 1833/1827/1764 1840/1834/1771 1841/1835/1772
f 1831/1825/1762 1833/1827/1764 1841/1835/1772
f 1831/1825/1762 1841/1835/1772 1830/1824/1761
f 1830/1824/1761 1841/1835/1772 1842/1836/1773
f 1830/1824/1761 1842/1836/1773 1843/1837/1774
f 1829/1823/1760 1830/1824/1761 1843/1837/1774
f 1829/1823/1760 1843/1837/1774 1844/1838/1775
f 1828/1822/1759 1829/1823/1760 1844/1838/1775
f 1828/1822/1759 1844/1838/1775 1845/1839/1776
f 1828/1822/1759 1845/1839/1776 1846/1840/1777
f 1828/1822/1759 1846/1840/1777 1827/1821/1758
f 1827/1821/1758 1846/1840/1777 1847/1841/1778
f 1827/1821/1758 1847/1841/1778 1826/1820/1757
f 1826/1820/1757 1847/1841/1778 1848/1842/1779
f 1826/1820/1757 1848/1842/1779 1825/1819/1756
f 1825/1819/1756 1848/1842/1779 1849/1843/1780
f 1825/1819/1756 1849/1843/1780 1824/1818/1755
f 1848/1842/1779 1850/1844/1781 1849/1843/1780
f 1848/1842/1779 1851/1845/1782 1850/1844/1781
f 1847/1841/1778 1851/1845/1782 1848/1842/1779
f 1847/1841/1778 1852/1846/1783 1851/1845/1782
f 1846/1840/1777 1852/1846/1783 1847/1841/1778
f 1846/1840/1777 1853/1847/1784 1852/1846/1783
f 1845/1839/1776 1853/1847/1784 1846/1840/1777
f 1845/1839/1776 1854/1848/1785 1853/1847/1784
f 1845/1839/1776 1855/1849/1786 1854/1848/1785
f 1845/1839/1776 1844/1838/1775 1855/1849/1786
f 1844/1838/1775 1856/1850/1787 1855/1849/1786
f 1844/1838/1775 1843/1837/1774 1856/1850/1787
f 1843/1837/1774 1857/1851/1788 1856/1850/1787
f 1843/1837/1774 1842/1836/1773 1857/1851/1788
f 1842/1836/1773 1858/1852/1789 1857/1851/1788
f 1842/1836/1773 1859/1853/1790 1858/1852/1789
f 1841/1835/1772 1859/1853/1790 1842/1836/1773
f 1841/1835/1772 1840/1834/1771 1859/1853/1790
f 1840/1834/1771 1860/1854/1791 1859/1853/1790
f 1840/1834/1771 1839/1833/1770 1860/1854/1791
f 1861/1855/1792 1862/1856/1793 1863/1857/1794
f 1861/1855/1792 1863/1857/1794 1864/1858/1795
f 1865/1859/1796 1862/1856/1793 1861/1855/1792
f 1865/1859/1796 1866/1860/1797 1862/1856/1793
f 1867/1861/1798 1866/1860/1797 1865/1859/1796
f 1867/1861/1798 1868/1862/1799 1866/1860/1797
f 1868/1862/1799 1869/1863/1800 1866/1860/1797
f 1868/1862/1799 1870/1864/1801 1869/1863/1800
f 1870/1864/1801 1871/1865/1802 1869/1863/1800
f 1870/1864/1801 1872/1866/1803 1871/1865/1802
f 1872/1866/1803 1873/1867/1804 1871/1865/1802
f 1872/1866/1803 1874/1868/1805 1873/1867/1804
f 1871/1865/1802 1873/1867/1804 1875/1869/1806
f 1871/1865/1802 1875/1869/1806 1876/1870/1807
f 1869/1863/1800 1871/1865/1802 1876/1870/1807
f 1869/1863/1800 1876/1870/1807 1877/1871/1808
f 1866/1860/1797 1869/1863/1800 1877/1871/1808
f 1866/1860/1797 1877/1871/1808 1862/1856/1793
f 1862/1856/1793 1877/1871/1808 1878/1872/1809
f 1862/1856/1793 1878/1872/1809 1863/1857/1794
f 1877/1871/1808 1879/1873/1810 1878/1872/1809
f 1877/1871/1808 1876/1870/1807 1879/1873/1810
f 1876/1870/1807 1880/1874/1811 1879/1873/1810
f 1876/1870/1807 1875/1869/1806 1880/1874/1811
f 1881/1875/1755 1882/1876/1812 1883/1877/1813
f 1881/1875/1755 1883/1877/1813 1884/1878/1814
f 1885/1879/1753 1881/1875/1755 1884/1878/1814
f 1885/1879/1753 1884/1878/1814 1886/1880/1815
f 1887/1881/1816 1885/1879/1753 1886/1880/1815
f 1887/1881/1816 1886/1880/1815 1888/1882/1817
f 1888/1882/1817 1886/1880/1815 1889/1883/1818
f 1888/1882/1817 1889/1883/1818 1890/1884/1819
f 1890/1884/1819 1889/1883/1818 1891/1885/1820
f 1890/1884/1819 1891/1885/1820 1892/1886/1821
f 1892/1886/1821 1891/1885/1820 1893/1887/1822
f 1892/1886/1821 1893/1887/1822 1894/1888/1823
f 1894/1888/1823 1893/1887/1822 1895/1889/1824
f 1894/1888/1823 1895/1889/1824 1896/1890/1825
f 1893/1887/1822 1897/1891/1826 1895/1889/1824
f 1893/1887/1822 1898/1892/1827 1897/1891/1826
f 1891/1885/1820 1898/1892/1827 1893/1887/1822
f 1891/1885/1820 1899/1893/1828 1898/1892/1827
f 1889/1883/1818 1899/1893/1828 1891/1885/1820
f 1889/1883/1818 1900/1894/1829 1899/1893/1828
f 1886/1880/1815 1900/1894/1829 1889/1883/1818
f 1886/1880/1815 1884/1878/1814 1900/1894/1829
f 1884/1878/1814 1901/1895/1830 1900/1894/1829
f 1884/1878/1814 1883/1877/1813 1901/1895/1830
f 1883/1877/1813 1902/1896/1831 1901/1895/1830
f 1883/1877/1813 1903/1897/1832 1902/1896/1831
f 1882/1876/1812 1903/1897/1832 1883/1877/1813
f 1882/1876/1812 1904/1898/1833 1903/1897/1832
f 1901/1895/1830 1902/1896/1831 1905/1899/1834
f 1901/1895/1830 1905/1899/1834 1906/1900/1835
f 1900/1894/1829 1901/1895/1830 1906/1900/1835
f 1900/1894/1829 1906/1900/1835 1899/1893/1828
f 1899/1893/1828 1906/1900/1835 1907/1901/1836
f 1899/1893/1828 1907/1901/1836 1898/1892/1827
f 1898/1892/1827 1907/1901/1836 1908/1902/1837
f 1898/1892/1827 1908/1902/1837 1897/1891/1826
f 1907/1901/1836 1909/1903/1838 1908/1902/1837
f 1907/1901/1836 1910/1904/1839 1909/1903/1838
f 1906/1900/1835 1910/1904/1839 1907/1901/1836
f 1906/1900/1835 1905/1899/1834 1910/1904/1839
f 1905/1899/1834 1911/1905/1840 1910/1904/1839
f 1905/1899/1834 1912/1906/1841 1911/1905/1840
f 1910/1904/1839 1911/1905/1840 1913/1907/1842
f 1910/1904/1839 1913/1907/1842 1909/1903/1838
f 1914/1908/1843 1915/1909/1844 1916/1910/1845
f 1914/1908/1843 1916/1910/1845 1917/1911/1846
f 1917/1911/1846 1916/1910/1845 1918/1912/1847
f 1917/1911/1846 1918/1912/1847 1919/1913/1848
f 1919/1913/1848 1918/1912/1847 1920/1914/1849
f 1919/1913/1848 1920/1914/1849 1921/1915/1850
f 1921/1915/1850 1920/1914/1849 1922/1916/1851
f 1921/1915/1850 1922/1916/1851 1923/1917/1852
f 1920/1914/1849 1924/1918/1853 1922/1916/1851
f 1920/1914/1849 1925/1919/1854 1924/1918/1853
f 1918/1912/1847 1925/1919/1854 1920/1914/1849
f 1918/1912/1847 1926/1920/1855 1925/1919/1854
f 1916/1910/1845 1926/1920/1855 1918/1912/1847
f 1916/1910/1845 1927/1921/1856 1926/1920/1855
f 1915/1909/1844 1927/1921/1856 1916/1910/1845
f 1915/1909/1844 1928/1922/1857 1927/1921/1856
f 1915/1909/1844 1929/1923/1858 1928/1922/1857
f 1915/1909/1844 1930/1924/1859 1929/1923/1858
f 1914/1908/1843 1930/1924/1859 1915/1909/1844
f 1914/1908/1843 1931/1925/1860 1930/1924/1859
f 1931/1925/1860 1932/1926/1861 1930/1924/1859
f 1931/1925/1860 1933/1927/1862 1932/1926/1861
f 1933/1927/1862 1934/1928/1863 1932/1926/1861
f 1933/1927/1862 1935/1929/1864 1934/1928/1863
f 1935/1929/1864 1936/1930/1865 1934/1928/1863
f 1935/1929/1864 1937/1931/1866 1936/1930/1865
f 1934/1928/1863 1936/1930/1865 1938/1932/1867
f 1934/1928/1863 1938/1932/1867 1939/1933/1868
f 1932/1926/1861 1934/1928/1863 1939/1933/1868
f 1932/1926/1861 1939/1933/1868 1940/1934/1869
f 1930/1924/1859 1932/1926/1861 1940/1934/1869
f 1930/1924/1859 1940/1934/1869 1929/1923/1858
f 1929/1923/1858 1940/1934/1869 1941/1935/1870
f 1929/1923/1858 1941/1935/1870 1942/1936/1871
f 1928/1922/1857 1929/1923/1858 1942/1936/1871
f 1928/1922/1857 1942/1936/1871 1943/1937/1872
f 1928/1922/1857 1943/1937/1872 1944/1938/1873
f 1928/1922/1857 1944/1938/1873 1927/1921/1856
f 1927/1921/1856 1944/1938/1873 1945/1939/1874
f 1927/1921/1856 1945/1939/1874 1926/1920/1855
f 1926/1920/1855 1945/1939/1874 1946/1940/1875
f 1926/1920/1855 1946/1940/1875 1925/1919/1854
f 1925/1919/1854 1946/1940/1875 1947/1941/1876
f 1925/1919/1854 1947/1941/1876 1924/1918/1853
f 1946/1940/1875 1948/1942/1877 1947/1941/1876
f 1946/1940/1875 1949/1943/1878 1948/1942/1877
f 1945/1939/1874 1949/1943/1878 1946/1940/1875
f 1945/1939/1874 1950/1944/1879 1949/1943/1878
f 1944/1938/1873 1950/1944/1879 1945/1939/1874
f 1944/1938/1873 1951/1945/1880 1950/1944/1879
f 1943/1937/1872 1951/1945/1880 1944/1938/1873
f 1943/1937/1872 1952/1946/1881 1951/1945/1880
f 1943/1937/1872 1953/1947/1882 1952/1946/1881
f 1943/1937/1872 1942/1936/1871 1953/1947/1882
f 1942/1936/1871 1954/1948/1883 1953/1947/1882
f 1942/1936/1871 1941/1935/1870 1954/1948/1883
f 1941/1935/1870 1955/1949/1884 1954/1948/1883
f 1941/1935/1870 1956/1950/1885 1955/1949/1884
f 1940/1934/1869 1956/1950/1885 1941/1935/1870
f 1940/1934/1869 1939/1933/1868 1956/1950/1885
f 1939/1933/1868 1957/1951/1886 1956/1950/1885
f 1939/1933/1868 1938/1932/1867 1957/1951/1886
f 1956/1950/1885 1957/1951/1886 1958/1952/1887
f 1956/1950/1885 1958/1952/1887 1955/1949/1884
f 1952/1946/1881 1953/1947/1882 1959/1953/1888
f 1952/1946/1881 1959/1953/1888 1960/1954/1889
f 1961/1955/1890 1962/1956/1891 1963/1957/1892
f 1961/1955/1890 1963/1957/1892 1964/1958/1893
f 1965/1959/1894 1961/1955/1890 1964/1958/1893
f 1965/1959/1894 1964/1958/1893 1966/1960/1895
f 1967/1961/1896 1965/1959/1894 1966/1960/1895
f 1967/1961/1896 1966/1960/1895 1968/1962/1897
f 1968/1962/1897 1966/1960/1895 1969/1963/1898
f 1968/1962/1897 1969/1963/1898 1970/1964/1899
f 1970/1964/1899 1969/1963/1898 1971/1965/1900
f 1970/1964/1899 1971/1965/1900 1972/1966/1901
f 1972/1966/1901 1971/1965/1900 1973/1967/1902
f 1972/1966/1901 1973/1967/1902 1974/1968/1903
f 1974/1968/1903 1973/1967/1902 1975/1969/1904
f 1974/1968/1903 1975/1969/1904 1976/1970/1805
f 1973/1967/1902 1977/1971/1905 1975/1969/1904
f 1973/1967/1902 1978/1972/1906 1977/1971/1905
f 1971/1965/1900 1978/1972/1906 1973/1967/1902
f 1971/1965/1900 1979/1973/1907 1978/1972/1906
f 1969/1963/1898 1979/1973/1907 1971/1965/1900
f 1969/1963/1898 1980/1974/1908 1979/1973/1907
f 1966/1960/1895 1980/1974/1908 1969/1963/1898
f 1966/1960/1895 1964/1958/1893 1980/1974/1908
f 1964/1958/1893 1981/1975/1909 1980/1974/1908
f 1964/1958/1893 1963/1957/1892 1981/1975/1909
f 1980/1974/1908 1981/1975/1909 1982/1976/1910
f 1980/1974/1908 1982/1976/1910 1979/1973/1907
f 1979/1973/1907 1982/1976/1910 1983/1977/1911
f 1979/1973/1907 1983/1977/1911 1978/1972/1906
f 1978/1972/1906 1983/1977/1911 1984/1978/1912
f 1978/1972/1906 1984/1978/1912 1977/1971/1905
f 1982/1976/1910 1985/1979/1913 1983/1977/1911
f 1982/1976/1910 1986/1980/1914 1985/1979/1913
f 1987/1981/1867 1988/1982/1915 1989/1983/1916
f 1987/1981/1867 1989/1983/1916 1990/1984/1917
f 1990/1984/1917 1989/1983/1916 1991/1985/1918
f 1990/1984/1917 1991/1985/1918 1992/1986/1887
f 1989/1983/1916 1993/1987/1919 1991/1985/1918
f 1989/1983/1916 1994/1988/1920 1993/1987/1919
f 1988/1982/1915 1994/1988/1920 1989/1983/1916
f 1988/1982/1915 1995/1989/1921 1994/1988/1920
f 1996/1990/1922 1995/1989/1921 1988/1982/1915
f 1997/1991/1923 1996/1990/1922 1988/1982/1915
f 1997/1991/1923 1988/1982/1915 1987/1981/1867
f 1998/1992/1924 1996/1990/1922 1997/1991/1923
f 1998/1992/1924 1999/1993/1925 1996/1990/1922
f 1999/1993/1925 2000/1994/1926 1996/1990/1922
f 1999/1993/1925 2001/1995/1927 2000/1994/1926
f 2001/1995/1927 2002/1996/1928 2000/1994/1926
f 2001/1995/1927 2003/1997/1929 2002/1996/1928
f 2003/1997/1929 2004/1998/1930 2002/1996/1928
f 2003/1997/1929 2005/1999/1931 2004/1998/1930
f 2005/1999/1931 2006/2000/1824 2004/1998/1930
f 2005/1999/1931 2007/2001/1825 2006/2000/1824
f 2004/1998/1930 2006/2000/1824 2008/2002/1826
f 2004/1998/1930 2008/2002/1826 2009/2003/1932
f 2002/1996/1928 2004/1998/1930 2009/2003/1932
f 2002/1996/1928 2009/2003/1932 2010/2004/1933
f 2000/1994/1926 2002/1996/1928 2010/2004/1933
f 2000/1994/1926 2010/2004/1933 1995/1989/1921
f 1996/1990/1922 2000/1994/1926 1995/1989/1921
f 1995/1989/1921 2010/2004/1933 2011/2005/1934
f 1995/1989/1921 2011/2005/1934 1994/1988/1920
f 1994/1988/1920 2011/2005/1934 2012/2006/1935
f 1994/1988/1920 2012/2006/1935 1993/1987/1919
f 2011/2005/1934 2013/2007/1936 2012/2006/1935
f 2011/2005/1934 2014/2008/1937 2013/2007/1936
f 2010/2004/1933 2014/2008/1937 2011/2005/1934
f 2010/2004/1933 2009/2003/1932 2014/2008/1937
f 2009/2003/1932 2015/2009/1837 2014/2008/1937
f 2009/2003/1932 2008/2002/1826 2015/2009/1837
f 2014/2008/1937 2015/2009/1837 2016/2010/1938
f 2014/2008/1937 2016/2010/1938 2013/2007/1936
f 2013/2007/1936 2016/2010/1938 2017/2011/1939
f 2013/2007/1936 2017/2011/1939 2018/2012/1940
f 2012/2006/1935 2013/2007/1936 2018/2012/1940
f 2012/2006/1935 2018/2012/1940 2019/2013/1941
f 2020/2014/1942 2021/2015/1943 2022/2016/1944
f 2020/2014/1942 2022/2016/1944 2023/2017/1945
f 2020/2014/1942 2023/2017/1945 2024/2018/1946
f 2020/2014/1942 2024/2018/1946 2025/2019/1947
f 2025/2019/1947 2024/2018/1946 2026/2020/1948
f 2025/2019/1947 2026/2020/1948 2027/2021/1949
f 2027/2021/1949 2026/2020/1948 2028/2022/1950
f 2027/2021/1949 2028/2022/1950 2029/2023/1951
f 2029/2023/1951 2028/2022/1950 2030/2024/1952
f 2029/2023/1951 2030/2024/1952 2031/2025/1953
f 2028/2022/1950 2032/2026/1954 2030/2024/1952
f 2028/2022/1950 2033/2027/1955 2032/2026/1954
f 2026/2020/1948 2033/2027/1955 2028/2022/1950
f 2026/2020/1948 2034/2028/1956 2033/2027/1955
f 2024/2018/1946 2034/2028/1956 2026/2020/1948
f 2024/2018/1946 2035/2029/1957 2034/2028/1956
f 2023/2017/1945 2035/2029/1957 2024/2018/1946
f 2023/2017/1945 2036/2030/1958 2035/2029/1957
f 2023/2017/1945 2037/2031/1959 2036/2030/1958
f 2023/2017/1945 2022/2016/1944 2037/2031/1959
f 2022/2016/1944 2038/2032/1960 2037/2031/1959
f 2022/2016/1944 2039/2033/1961 2038/2032/1960
f 2021/2015/1943 2039/2033/1961 2022/2016/1944
f 2021/2015/1943 2040/2034/1962 2039/2033/1961
f 2040/2034/1962 2041/2035/1963 2039/2033/1961
f 2040/2034/1962 2042/2036/1964 2041/2035/1963
f 2042/2036/1964 2043/2037/1965 2041/2035/1963
f 2042/2036/1964 2044/2038/1966 2043/2037/1965
f 2044/2038/1966 2045/2039/1967 2043/2037/1965
f 2044/2038/1966 2046/2040/1968 2045/2039/1967
f 2043/2037/1965 2045/2039/1967 2047/2041/1969
f 2043/2037/1965 2047/2041/1969 2048/2042/1970
f 2041/2035/1963 2043/2037/1965 2048/2042/1970
f 2041/2035/1963 2048/2042/1970 2049/2043/1971
f 2039/2033/1961 2041/2035/1963 2049/2043/1971
f 2039/2033/1961 2049/2043/1971 2038/2032/1960
f 2038/2032/1960 2049/2043/1971 2050/2044/1972
f 2038/2032/1960 2050/2044/1972 2051/2045/1973
f 2037/2031/1959 2038/2032/1960 2051/2045/1973
f 2037/2031/1959 2051/2045/1973 2052/2046/1974
f 2036/2030/1958 2037/2031/1959 2052/2046/1974
f 2036/2030/1958 2052/2046/1974 2053/2047/1975
f 2036/2030/1958 2053/2047/1975 2054/2048/1976
f 2036/2030/1958 2054/2048/1976 2035/2029/1957
f 2035/2029/1957 2054/2048/1976 2055/2049/1977
f 2035/2029/1957 2055/2049/1977 2034/2028/1956
f 2034/2028/1956 2055/2049/1977 2056/2050/1978
f 2034/2028/1956 2056/2050/1978 2033/2027/1955
f 2055/2049/1977 2057/2051/1979 2056/2050/1978
f 2055/2049/1977 2058/2052/1980 2057/2051/1979
f 2054/2048/1976 2058/2052/1980 2055/2049/1977
f 2054/2048/1976 2059/2053/1981 2058/2052/1980
f 2053/2047/1975 2059/2053/1981 2054/2048/1976
f 2053/2047/1975 2060/2054/1982 2059/2053/1981
f 2053/2047/1975 2061/2055/1983 2060/2054/1982
f 2053/2047/1975 2052/2046/1974 2061/2055/1983
f 2052/2046/1974 2062/2056/1984 2061/2055/1983
f 2052/2046/1974 2051/2045/1973 2062/2056/1984
f 2051/2045/1973 2063/2057/1985 2062/2056/1984
f 2051/2045/1973 2050/2044/1972 2063/2057/1985
f 2060/2054/1982 2064/2058/1986 2059/2053/1981
f 2060/2054/1982 2065/2059/1987 2064/2058/1986
f 2059/2053/1981 2064/2058/1986 2066/2060/1988
f 2059/2053/1981 2066/2060/1988 2058/2052/1980
f 2049/2043/1971 2067/2061/1989 2050/2044/1972
f 2049/2043/1971 2048/2042/1970 2067/2061/1989
f 2068/2062/1990 2069/2063/1991 2070/2064/1992
f 2068/2062/1990 2070/2064/1992 2071/2065/1993
f 2069/2063/1991 2072/2066/1994 2070/2064/1992
f 2069/2063/1991 2073/2067/1995 2072/2066/1994
f 2073/2067/1995 2074/2068/1996 2072/2066/1994
f 2073/2067/1995 2075/2069/1997 2074/2068/1996
f 2075/2069/1997 2076/2070/1998 2074/2068/1996
f 2075/2069/1997 2077/2071/1999 2076/2070/1998
f 2078/2072/2000 2079/2073/2001 2080/2074/2002
f 2078/2072/2000 2080/2074/2002 2081/2075/2003
f 2081/2075/2003 2080/2074/2002 2082/2076/2004
f 2081/2075/2003 2082/2076/2004 2083/2077/2005
f 2083/2077/2005 2082/2076/2004 2084/2078/2006
f 2083/2077/2005 2084/2078/2006 2085/2079/2007
f 2082/2076/2004 2086/2080/2008 2084/2078/2006
f 2082/2076/2004 2087/2081/2009 2086/2080/2008
f 2080/2074/2002 2087/2081/2009 2082/2076/2004
f 2080/2074/2002 2088/2082/2010 2087/2081/2009
f 2079/2073/2001 2088/2082/2010 2080/2074/2002
f 2079/2073/2001 2089/2083/2011 2088/2082/2010
f 2084/2078/2006 2086/2080/2008 2090/2084/2012
f 2084/2078/2006 2090/2084/2012 2091/2085/2013
f 2091/2085/2013 2090/2084/2012 2092/2086/2014
f 2091/2085/2013 2092/2086/2014 2093/2087/2015
f 2093/2087/2015 2092/2086/2014 2094/2088/2016
f 2093/2087/2015 2094/2088/2016 2095/2089/2017
f 2095/2089/2017 2094/2088/2016 2096/2090/2018
f 2095/2089/2017 2096/2090/2018 2097/2091/2019
f 2098/2092/1980 2099/2093/2020 2100/2094/2007
f 2098/2092/1980 2100/2094/2007 2101/2095/2021
f 2101/2095/2021 2100/2094/2007 2102/2096/2022
f 2101/2095/2021 2102/2096/2022 2103/2097/2023
f 2104/2098/2024 2101/2095/2021 2103/2097/2023
f 2104/2098/2024 2103/2097/2023 2105/2099/2025
f 2106/2100/2026 2104/2098/2024 2105/2099/2025
f 2106/2100/2026 2105/2099/2025 2107/2101/1954
f 2107/2101/1954 2105/2099/2025 2108/2102/2027
f 2107/2101/1954 2108/2102/2027 2109/2103/2028
f 2110/2104/2029 2107/2101/1954 2109/2103/2028
f 2110/2104/2029 2109/2103/2028 2111/2105/2030
f 2112/2106/2031 2110/2104/2029 2111/2105/2030
f 2112/2106/2031 2111/2105/2030 2113/2107/2032
f 2113/2107/2032 2111/2105/2030 2114/2108/2033
f 2113/2107/2032 2114/2108/2033 2115/2109/2034
f 2115/2109/2034 2114/2108/2033 2116/2110/2035
f 2115/2109/2034 2116/2110/2035 2117/2111/2036
f 2117/2111/2036 2116/2110/2035 2118/2112/2037
f 2117/2111/2036 2118/2112/2037 2119/2113/2038
f 2119/2113/2038 2118/2112/2037 2120/2114/2039
f 2119/2113/2038 2120/2114/2039 2121/2115/2040
f 2118/2112/2037 2122/2116/2041 2120/2114/2039
f 2118/2112/2037 2123/2117/2042 2122/2116/2041
f 2116/2110/2035 2123/2117/2042 2118/2112/2037
f 2116/2110/2035 2124/2118/2043 2123/2117/2042
f 2114/2108/2033 2124/2118/2043 2116/2110/2035
f 2114/2108/2033 2125/2119/2044 2124/2118/2043
f 2111/2105/2030 2125/2119/2044 2114/2108/2033
f 2111/2105/2030 2109/2103/2028 2125/2119/2044
f 2109/2103/2028 2126/2120/2045 2125/2119/2044
f 2109/2103/2028 2108/2102/2027 2126/2120/2045
f 2108/2102/2027 2127/2121/2046 2126/2120/2045
f 2108/2102/2027 2128/2122/2047 2127/2121/2046
f 2105/2099/2025 2128/2122/2047 2108/2102/2027
f 2105/2099/2025 2103/2097/2023 2128/2122/2047
f 2103/2097/2023 2129/2123/2048 2128/2122/2047
f 2103/2097/2023 2102/2096/2022 2129/2123/2048
f 2102/2096/2022 2130/2124/2049 2129/2123/2048
f 2102/2096/2022 2131/2125/2013 2130/2124/2049
f 2100/2094/2007 2131/2125/2013 2102/2096/2022
f 2100/2094/2007 2132/2126/2050 2131/2125/2013
f 2129/2123/2048 2130/2124/2049 2133/2127/2051
f 2129/2123/2048 2133/2127/2051 2134/2128/2052
f 2128/2122/2047 2129/2123/2048 2134/2128/2052
f 2128/2122/2047 2134/2128/2052 2127/2121/2046
f 2127/2121/2046 2134/2128/2052 2135/2129/2053
f 2127/2121/2046 2135/2129/2053 2136/2130/2054
f 2126/2120/2045 2127/2121/2046 2136/2130/2054
f 2126/2120/2045 2136/2130/2054 2137/2131/2055
f 2125/2119/2044 2126/2120/2045 2137/2131/2055
f 2125/2119/2044 2137/2131/2055 2124/2118/2043
f 2124/2118/2043 2137/2131/2055 2138/2132/2056
f 2124/2118/2043 2138/2132/2056 2123/2117/2042
f 2123/2117/2042 2138/2132/2056 2139/2133/2057
f 2123/2117/2042 2139/2133/2057 2122/2116/2041
f 2138/2132/2056 2140/2134/2058 2139/2133/2057
f 2138/2132/2056 2141/2135/2059 2140/2134/2058
f 2137/2131/2055 2141/2135/2059 2138/2132/2056
f 2137/2131/2055 2136/2130/2054 2141/2135/2059
f 2136/2130/2054 2142/2136/2060 2141/2135/2059
f 2136/2130/2054 2135/2129/2053 2142/2136/2060
f 2135/2129/2053 2143/2137/2061 2142/2136/2060
f 2135/2129/2053 2144/2138/2019 2143/2137/2061
f 2134/2128/2052 2144/2138/2019 2135/2129/2053
f 2134/2128/2052 2133/2127/2051 2144/2138/2019
f 2144/2138/2019 2145/2139/2062 2143/2137/2061
f 2144/2138/2019 2146/2140/2063 2145/2139/2062
f 2143/2137/2061 2145/2139/2062 2147/2141/2064
f 2143/2137/2061 2147/2141/2064 2148/2142/2065
f 2142/2136/2060 2143/2137/2061 2148/2142/2065
f 2142/2136/2060 2148/2142/2065 2149/2143/2066
f 2141/2135/2059 2142/2136/2060 2149/2143/2066
f 2141/2135/2059 2149/2143/2066 2140/2134/2058
f 2150/2144/2067 2151/2145/2068 2152/2146/2069
f 2150/2144/2067 2152/2146/2069 2153/2147/2070
f 2153/2147/2070 2152/2146/2069 2154/2148/2071
f 2153/2147/2070 2154/2148/2071 2155/2149/2072
f 2155/2149/2072 2154/2148/2071 2156/2150/2073
f 2155/2149/2072 2156/2150/2073 2157/2151/2074
f 2157/2151/2074 2156/2150/2073 2158/2152/2075
f 2157/2151/2074 2158/2152/2075 2159/2153/2076
f 2159/2153/2076 2158/2152/2075 2160/2154/2077
f 2159/2153/2076 2160/2154/2077 2161/2155/2078
f 2158/2152/2075 2162/2156/2079 2160/2154/2077
f 2158/2152/2075 2163/2157/2080 2162/2156/2079
f 2156/2150/2073 2163/2157/2080 2158/2152/2075
f 2156/2150/2073 2164/2158/2081 2163/2157/2080
f 2154/2148/2071 2164/2158/2081 2156/2150/2073
f 2154/2148/2071 2165/2159/2082 2164/2158/2081
f 2152/2146/2069 2165/2159/2082 2154/2148/2071
f 2152/2146/2069 2166/2160/2083 2165/2159/2082
f 2151/2145/2068 2166/2160/2083 2152/2146/2069
f 2151/2145/2068 2167/2161/2084 2166/2160/2083
f 2151/2145/2068 2168/2162/2085 2167/2161/2084
f 2151/2145/2068 2169/2163/2086 2168/2162/2085
f 2150/2144/2067 2169/2163/2086 2151/2145/2068
f 2150/2144/2067 2170/2164/2087 2169/2163/2086
f 2170/2164/2087 2171/2165/2088 2169/2163/2086
f 2170/2164/2087 2172/2166/2089 2171/2165/2088
f 2172/2166/2089 2173/2167/2090 2171/2165/2088
f 2172/2166/2089 2174/2168/2091 2173/2167/2090
f 2174/2168/2091 2175/2169/2092 2173/2167/2090
f 2174/2168/2091 2176/2170/2093 2175/2169/2092
f 2176/2170/2093 2177/2171/2094 2175/2169/2092
f 2176/2170/2093 2178/2172/2095 2177/2171/2094
f 2173/2167/2090 2175/2169/2092 2179/2173/2096
f 2173/2167/2090 2179/2173/2096 2180/2174/2097
f 2171/2165/2088 2173/2167/2090 2180/2174/2097
f 2171/2165/2088 2180/2174/2097 2181/2175/2098
f 2169/2163/2086 2171/2165/2088 2181/2175/2098
f 2169/2163/2086 2181/2175/2098 2168/2162/2085
f 2168/2162/2085 2181/2175/2098 2182/2176/2099
f 2168/2162/2085 2182/2176/2099 2183/2177/2100
f 2167/2161/2084 2168/2162/2085 2183/2177/2100
f 2167/2161/2084 2183/2177/2100 2184/2178/2101
f 2167/2161/2084 2184/2178/2101 2185/2179/2102
f 2167/2161/2084 2185/2179/2102 2166/2160/2083
f 2166/2160/2083 2185/2179/2102 2186/2180/2103
f 2166/2160/2083 2186/2180/2103 2165/2159/2082
f 2165/2159/2082 2186/2180/2103 2187/2181/2104
f 2165/2159/2082 2187/2181/2104 2164/2158/2081
f 2164/2158/2081 2187/2181/2104 2188/2182/2105
f 2164/2158/2081 2188/2182/2105 2163/2157/2080
f 2186/2180/2103 2189/2183/2106 2187/2181/2104
f 2186/2180/2103 2190/2184/2107 2189/2183/2106
f 2185/2179/2102 2190/2184/2107 2186/2180/2103
f 2185/2179/2102 2191/2185/2108 2190/2184/2107
f 2184/2178/2101 2191/2185/2108 2185/2179/2102
f 2184/2178/2101 2192/2186/2109 2191/2185/2108
f 2184/2178/2101 2193/2187/2110 2192/2186/2109
f 2184/2178/2101 2183/2177/2100 2193/2187/2110
f 2183/2177/2100 2194/2188/2111 2193/2187/2110
f 2183/2177/2100 2182/2176/2099 2194/2188/2111
f 2182/2176/2099 2195/2189/2112 2194/2188/2111
f 2182/2176/2099 2196/2190/2113 2195/2189/2112
f 2181/2175/2098 2196/2190/2113 2182/2176/2099
f 2181/2175/2098 2180/2174/2097 2196/2190/2113
f 2180/2174/2097 2197/2191/2114 2196/2190/2113
f 2180/2174/2097 2179/2173/2096 2197/2191/2114
f 2196/2190/2113 2197/2191/2114 2198/2192/2115
f 2196/2190/2113 2198/2192/2115 2195/2189/2112
f 2194/2188/2111 2195/2189/2112 2199/2193/2116
f 2194/2188/2111 2199/2193/2116 2200/2194/2117
f 2193/2187/2110 2194/2188/2111 2200/2194/2117
f 2193/2187/2110 2200/2194/2117 2201/2195/2118
f 2192/2186/2109 2193/2187/2110 2201/2195/2118
f 2192/2186/2109 2201/2195/2118 2202/2196/2119
f 2192/2186/2109 2202/2196/2119 2203/2197/2120
f 2192/2186/2109 2203/2197/2120 2191/2185/2108
f 2204/2198/2121 2205/2199/2122 2206/2200/2123
f 2204/2198/2121 2206/2200/2123 2207/2201/2124
f 2207/2201/2124 2206/2200/2123 2208/2202/2125
f 2207/2201/2124 2208/2202/2125 2209/2203/2126
f 2209/2203/2126 2208/2202/2125 2210/2204/2127
f 2209/2203/2126 2210/2204/2127 2211/2205/2128
f 2211/2205/2128 2210/2204/2127 2212/2206/2129
f 2211/2205/2128 2212/2206/2129 2213/2207/2130
f 2208/2202/2125 2214/2208/2131 2210/2204/2127
f 2208/2202/2125 2215/2209/2132 2214/2208/2131
f 2216/2210/2133 2217/2211/2134 2218/2212/2135
f 2216/2210/2133 2218/2212/2135 2219/2213/2136
f 2219/2213/2136 2218/2212/2135 2220/2214/2137
f 2219/2213/2136 2220/2214/2137 2221/2215/2138
f 2218/2212/2135 2222/2216/2139 2220/2214/2137
f 2218/2212/2135 2223/2217/2140 2222/2216/2139
f 2217/2211/2134 2223/2217/2140 2218/2212/2135
f 2217/2211/2134 2224/2218/2141 2223/2217/2140
f 2224/2218/2141 2225/2219/2142 2223/2217/2140
f 2224/2218/2141 2226/2220/2143 2225/2219/2142
f 2223/2217/2140 2225/2219/2142 2227/2221/2144
f 2223/2217/2140 2227/2221/2144 2222/2216/2139
f 2225/2219/2142 2228/2222/2145 2227/2221/2144
f 2225/2219/2142 2229/2223/2146 2228/2222/2145
f 2229/2223/2146 2230/2224/2147 2228/2222/2145
f 2229/2223/2146 2231/2225/2148 2230/2224/2147
f 2231/2225/2148 2232/2226/2149 2230/2224/2147
f 2231/2225/2148 2233/2227/2150 2232/2226/2149
f 2233/2227/2150 2234/2228/2151 2232/2226/2149
f 2233/2227/2150 2235/2229/2152 2234/2228/2151
f 2236/2230/2153 2237/2231/2154 2238/2232/2155
f 2236/2230/2153 2238/2232/2155 2239/2233/2156
f 2240/2234/2157 2237/2231/2154 2236/2230/2153
f 2240/2234/2157 2241/2235/2158 2237/2231/2154
f 2241/2235/2158 2242/2236/2159 2237/2231/2154
f 2241/2235/2158 2243/2237/2160 2242/2236/2159
f 2244/2238/2161 2243/2237/2160 2241/2235/2158
f 2244/2238/2161 2245/2239/2162 2243/2237/2160
f 2246/2240/2163 2245/2239/2162 2244/2238/2161
f 2246/2240/2163 2247/2241/2164 2245/2239/2162
f 2248/2242/2165 2247/2241/2164 2246/2240/2163
f 2248/2242/2165 2249/2243/2166 2247/2241/2164
f 2249/2243/2166 2250/2244/2167 2247/2241/2164
f 2249/2243/2166 2251/2245/2168 2250/2244/2167
f 2252/2246/2169 2251/2245/2168 2249/2243/2166
f 2252/2246/2169 2253/2247/2170 2251/2245/2168
f 2253/2247/2170 2254/2248/2171 2251/2245/2168
f 2253/2247/2170 2255/2249/2172 2254/2248/2171
f 2255/2249/2172 2256/2250/2173 2254/2248/2171
f 2255/2249/2172 2257/2251/2174 2256/2250/2173
f 2257/2251/2174 2258/2252/2039 2256/2250/2173
f 2257/2251/2174 2259/2253/2175 2258/2252/2039
f 2256/2250/2173 2258/2252/2039 2260/2254/2176
f 2256/2250/2173 2260/2254/2176 2261/2255/2177
f 2254/2248/2171 2256/2250/2173 2261/2255/2177
f 2254/2248/2171 2261/2255/2177 2262/2256/2178
f 2251/2245/2168 2254/2248/2171 2262/2256/2178
f 2251/2245/2168 2262/2256/2178 2250/2244/2167
f 2250/2244/2167 2262/2256/2178 2263/2257/2179
f 2250/2244/2167 2263/2257/2179 2264/2258/2180
f 2247/2241/2164 2250/2244/2167 2264/2258/2180
f 2247/2241/2164 2264/2258/2180 2245/2239/2162
f 2245/2239/2162 2264/2258/2180 2265/2259/2181
f 2245/2239/2162 2265/2259/2181 2243/2237/2160
f 2243/2237/2160 2265/2259/2181 2266/2260/2182
f 2243/2237/2160 2266/2260/2182 2242/2236/2159
f 2242/2236/2159 2266/2260/2182 2267/2261/2183
f 2242/2236/2159 2267/2261/2183 2268/2262/2184
f 2237/2231/2154 2242/2236/2159 2268/2262/2184
f 2237/2231/2154 2268/2262/2184 2238/2232/2155
f 2266/2260/2182 2269/2263/2185 2267/2261/2183
f 2266/2260/2182 2270/2264/2186 2269/2263/2185
f 2265/2259/2181 2270/2264/2186 2266/2260/2182
f 2265/2259/2181 2271/2265/2187 2270/2264/2186
f 2264/2258/2180 2271/2265/2187 2265/2259/2181
f 2264/2258/2180 2263/2257/2179 2271/2265/2187
f 2263/2257/2179 2272/2266/2188 2271/2265/2187
f 2263/2257/2179 2273/2267/2189 2272/2266/2188
f 2262/2256/2178 2273/2267/2189 2263/2257/2179
f 2262/2256/2178 2261/2255/2177 2273/2267/2189
f 2261/2255/2177 2274/2268/2057 2273/2267/2189
f 2261/2255/2177 2260/2254/2176 2274/2268/2057
f 2273/2267/2189 2274/2268/2057 2275/2269/2058
f 2273/2267/2189 2275/2269/2058 2272/2266/2188
f 2272/2266/2188 2275/2269/2058 2276/2270/2066
f 2272/2266/2188 2276/2270/2066 2277/2271/2190
f 2271/2265/2187 2272/2266/2188 2277/2271/2190
f 2271/2265/2187 2277/2271/2190 2270/2264/2186
f 2270/2264/2186 2277/2271/2190 2278/2272/2191
f 2270/2264/2186 2278/2272/2191 2269/2263/2185
f 2269/2263/2185 2278/2272/2191 2279/2273/2192
f 2269/2263/2185 2279/2273/2192 2280/2274/2193
f 2278/2272/2191 2281/2275/2064 2279/2273/2192
f 2278/2272/2191 2282/2276/2194 2281/2275/2064
f 2277/2271/2190 2282/2276/2194 2278/2272/2191
f 2277/2271/2190 2276/2270/2066 2282/2276/2194
f 2283/2277/2195 2284/2278/2196 2285/2279/2197
f 2283/2277/2195 2285/2279/2197 2286/2280/2198
f 2283/2277/2195 2286/2280/2198 2287/2281/2199
f 2283/2277/2195 2287/2281/2199 2288/2282/2200
f 2288/2282/2200 2287/2281/2199 2289/2283/2201
f 2288/2282/2200 2289/2283/2201 2290/2284/2202
f 2290/2284/2202 2289/2283/2201 2291/2285/2203
f 2290/2284/2202 2291/2285/2203 2292/2286/2204
f 2292/2286/2204 2291/2285/2203 2293/2287/2205
f 2292/2286/2204 2293/2287/2205 2294/2288/2206
f 2294/2288/2206 2293/2287/2205 2295/2289/2207
f 2294/2288/2206 2295/2289/2207 2296/2290/2208
f 2291/2285/2203 2297/2291/2209 2293/2287/2205
f 2291/2285/2203 2298/2292/2210 2297/2291/2209
f 2289/2283/2201 2298/2292/2210 2291/2285/2203
f 2289/2283/2201 2299/2293/2211 2298/2292/2210
f 2287/2281/2199 2299/2293/2211 2289/2283/2201
f 2287/2281/2199 2300/2294/2212 2299/2293/2211
f 2286/2280/2198 2300/2294/2212 2287/2281/2199
f 2286/2280/2198 2301/2295/2213 2300/2294/2212
f 2286/2280/2198 2302/2296/2214 2301/2295/2213
f 2286/2280/2198 2285/2279/2197 2302/2296/2214
f 2285/2279/2197 2303/2297/2215 2302/2296/2214
f 2285/2279/2197 2304/2298/2216 2303/2297/2215
f 2284/2278/2196 2304/2298/2216 2285/2279/2197
f 2284/2278/2196 2305/2299/2217 2304/2298/2216
f 2305/2299/2217 2306/2300/2218 2304/2298/2216
f 2305/2299/2217 2307/2301/2219 2306/2300/2218
f 2307/2301/2219 2308/2302/2220 2306/2300/2218
f 2307/2301/2219 2309/2303/2221 2308/2302/2220
f 2309/2303/2221 2310/2304/2222 2308/2302/2220
f 2309/2303/2221 2311/2305/2223 2310/2304/2222
f 2306/2300/2218 2308/2302/2220 2312/2306/2224
f 2306/2300/2218 2312/2306/2224 2313/2307/2225
f 2304/2298/2216 2306/2300/2218 2313/2307/2225
f 2304/2298/2216 2313/2307/2225 2303/2297/2215
f 2303/2297/2215 2313/2307/2225 2314/2308/2226
f 2303/2297/2215 2314/2308/2226 2315/2309/2227
f 2302/2296/2214 2303/2297/2215 2315/2309/2227
f 2302/2296/2214 2315/2309/2227 2316/2310/2228
f 2301/2295/2213 2302/2296/2214 2316/2310/2228
f 2301/2295/2213 2316/2310/2228 2317/2311/2229
f 2301/2295/2213 2317/2311/2229 2318/2312/2230
f 2301/2295/2213 2318/2312/2230 2300/2294/2212
f 2300/2294/2212 2318/2312/2230 2319/2313/2231
f 2300/2294/2212 2319/2313/2231 2299/2293/2211
f 2299/2293/2211 2319/2313/2231 2320/2314/2232
f 2299/2293/2211 2320/2314/2232 2298/2292/2210
f 2318/2312/2230 2321/2315/2233 2319/2313/2231
f 2318/2312/2230 2322/2316/2234 2321/2315/2233
f 2317/2311/2229 2322/2316/2234 2318/2312/2230
f 2317/2311/2229 2323/2317/2235 2322/2316/2234
f 2317/2311/2229 2324/2318/2236 2323/2317/2235
f 2317/2311/2229 2316/2310/2228 2324/2318/2236
f 2316/2310/2228 2325/2319/2237 2324/2318/2236
f 2316/2310/2228 2315/2309/2227 2325/2319/2237
f 2315/2309/2227 2326/2320/2238 2325/2319/2237
f 2315/2309/2227 2314/2308/2226 2326/2320/2238
f 2324/2318/2236 2325/2319/2237 2327/2321/2239
f 2324/2318/2236 2327/2321/2239 2328/2322/2240
f 2323/2317/2235 2324/2318/2236 2328/2322/2240
f 2323/2317/2235 2328/2322/2240 2329/2323/2241
f 2323/2317/2235 2329/2323/2241 2330/2324/2242
f 2323/2317/2235 2330/2324/2242 2322/2316/2234
f 2313/2307/2225 2331/2325/2243 2314/2308/2226
f 2313/2307/2225 2312/2306/2224 2331/2325/2243
f 2332/2326/2244 2333/2327/2245 2334/2328/2246
f 2332/2326/2244 2334/2328/2246 2335/2329/2247
f 2333/2327/2245 2336/2330/2248 2334/2328/2246
f 2333/2327/2245 2337/2331/2249 2336/2330/2248
f 2338/2332/2250 2337/2331/2249 2333/2327/2245
f 2338/2332/2250 2339/2333/2251 2337/2331/2249
f 2339/2333/2251 2340/2334/2252 2337/2331/2249
f 2339/2333/2251 2341/2335/2253 2340/2334/2252
f 2342/2336/2254 2341/2335/2253 2339/2333/2251
f 2342/2336/2254 2343/2337/2243 2341/2335/2253
f 2343/2337/2243 2344/2338/2255 2341/2335/2253
f 2343/2337/2243 2345/2339/2256 2344/2338/2255
f 2346/2340/2257 2345/2339/2256 2343/2337/2243
f 2346/2340/2257 2347/2341/2258 2345/2339/2256
f 2348/2342/2259 2347/2341/2258 2346/2340/2257
f 2348/2342/2259 2349/2343/2260 2347/2341/2258
f 2349/2343/2260 2350/2344/2261 2347/2341/2258
f 2349/2343/2260 2351/2345/2262 2350/2344/2261
f 2352/2346/2263 2351/2345/2262 2349/2343/2260
f 2352/2346/2263 2353/2347/2264 2351/2345/2262
f 2353/2347/2264 2354/2348/2265 2351/2345/2262
f 2353/2347/2264 2355/2349/2266 2354/2348/2265
f 2355/2349/2266 2356/2350/2267 2354/2348/2265
f 2355/2349/2266 2357/2351/2268 2356/2350/2267
f 2357/2351/2268 2358/2352/2269 2356/2350/2267
f 2357/2351/2268 2359/2353/2270 2358/2352/2269
f 2356/2350/2267 2358/2352/2269 2360/2354/2271
f 2356/2350/2267 2360/2354/2271 2361/2355/2272
f 2354/2348/2265 2356/2350/2267 2361/2355/2272
f 2354/2348/2265 2361/2355/2272 2362/2356/2273
f 2351/2345/2262 2354/2348/2265 2362/2356/2273
f 2351/2345/2262 2362/2356/2273 2350/2344/2261
f 2350/2344/2261 2362/2356/2273 2363/2357/2274
f 2350/2344/2261 2363/2357/2274 2364/2358/2275
f 2347/2341/2258 2350/2344/2261 2364/2358/2275
f 2347/2341/2258 2364/2358/2275 2345/2339/2256
f 2345/2339/2256 2364/2358/2275 2365/2359/2276
f 2345/2339/2256 2365/2359/2276 2344/2338/2255
f 2344/2338/2255 2365/2359/2276 2366/2360/2277
f 2344/2338/2255 2366/2360/2277 2367/2361/2278
f 2341/2335/2253 2344/2338/2255 2367/2361/2278
f 2341/2335/2253 2367/2361/2278 2340/2334/2252
f 2340/2334/2252 2367/2361/2278 2368/2362/2279
f 2340/2334/2252 2368/2362/2279 2369/2363/2280
f 2337/2331/2249 2340/2334/2252 2369/2363/2280
f 2337/2331/2249 2369/2363/2280 2336/2330/2248
f 2336/2330/2248 2369/2363/2280 2370/2364/2281
f 2336/2330/2248 2370/2364/2281 2371/2365/2282
f 2334/2328/2246 2336/2330/2248 2371/2365/2282
f 2334/2328/2246 2371/2365/2282 2372/2366/2283
f 2369/2363/2280 2373/2367/2284 2370/2364/2281
f 2369/2363/2280 2368/2362/2279 2373/2367/2284
f 2368/2362/2279 2374/2368/2285 2373/2367/2284
f 2368/2362/2279 2375/2369/2286 2374/2368/2285
f 2367/2361/2278 2375/2369/2286 2368/2362/2279
f 2367/2361/2278 2366/2360/2277 2375/2369/2286
f 2366/2360/2277 2376/2370/2287 2375/2369/2286
f 2366/2360/2277 2377/2371/2288 2376/2370/2287
f 2365/2359/2276 2377/2371/2288 2366/2360/2277
f 2365/2359/2276 2378/2372/2289 2377/2371/2288
f 2364/2358/2275 2378/2372/2289 2365/2359/2276
f 2364/2358/2275 2363/2357/2274 2378/2372/2289
f 2363/2357/2274 2379/2373/2290 2378/2372/2289
f 2363/2357/2274 2380/2374/2291 2379/2373/2290
f 2362/2356/2273 2380/2374/2291 2363/2357/2274
f 2362/2356/2273 2361/2355/2272 2380/2374/2291
f 2361/2355/2272 2381/2375/2292 2380/2374/2291
f 2361/2355/2272 2360/2354/2271 2381/2375/2292
f 2380/2374/2291 2381/2375/2292 2382/2376/2293
f 2380/2374/2291 2382/2376/2293 2379/2373/2290
f 2379/2373/2290 2382/2376/2293 2383/2377/2294
f 2379/2373/2290 2383/2377/2294 2384/2378/2295
f 2378/2372/2289 2379/2373/2290 2384/2378/2295
f 2378/2372/2289 2384/2378/2295 2377/2371/2288
f 2377/2371/2288 2384/2378/2295 2385/2379/2296
f 2377/2371/2288 2385/2379/2296 2376/2370/2287
f 2376/2370/2287 2385/2379/2296 2386/2380/2297
f 2376/2370/2287 2386/2380/2297 2387/2381/2298
f 2375/2369/2286 2376/2370/2287 2387/2381/2298
f 2375/2369/2286 2387/2381/2298 2374/2368/2285
f 2385/2379/2296 2388/2382/2299 2386/2380/2297
f 2385/2379/2296 2389/2383/2300 2388/2382/2299
f 2384/2378/2295 2389/2383/2300 2385/2379/2296
f 2384/2378/2295 2383/2377/2294 2389/2383/2300
f 2390/2384/2301 2391/2385/2302 2392/2386/2303
f 2390/2384/2301 2392/2386/2303 2393/2387/2304
f 2393/2387/2304 2392/2386/2303 2394/2388/2305
f 2393/2387/2304 2394/2388/2305 2395/2389/2306
f 2395/2389/2306 2394/2388/2305 2396/2390/2307
f 2395/2389/2306 2396/2390/2307 2397/2391/2308
f 2397/2391/2308 2396/2390/2307 2398/2392/2309
f 2397/2391/2308 2398/2392/2309 2399/2393/2310
f 2399/2393/2310 2398/2392/2309 2400/2394/2311
f 2399/2393/2310 2400/2394/2311 2401/2395/2312
f 2396/2390/2307 2402/2396/2313 2398/2392/2309
f 2396/2390/2307 2403/2397/2314 2402/2396/2313
f 2394/2388/2305 2403/2397/2314 2396/2390/2307
f 2394/2388/2305 2404/2398/2315 2403/2397/2314
f 2392/2386/2303 2404/2398/2315 2394/2388/2305
f 2392/2386/2303 2405/2399/2316 2404/2398/2315
f 2391/2385/2302 2405/2399/2316 2392/2386/2303
f 2391/2385/2302 2406/2400/2317 2405/2399/2316
f 2391/2385/2302 2407/2401/2318 2406/2400/2317
f 2391/2385/2302 2408/2402/2319 2407/2401/2318
f 2390/2384/2301 2408/2402/2319 2391/2385/2302
f 2390/2384/2301 2409/2403/2320 2408/2402/2319
f 2409/2403/2320 2410/2404/2321 2408/2402/2319
f 2409/2403/2320 2411/2405/2322 2410/2404/2321
f 2411/2405/2322 2412/2406/2323 2410/2404/2321
f 2411/2405/2322 2413/2407/2324 2412/2406/2323
f 2413/2407/2324 2414/2408/2325 2412/2406/2323
f 2413/2407/2324 2415/2409/2326 2414/2408/2325
f 2415/2409/2326 2416/2410/2327 2414/2408/2325
f 2415/2409/2326 2417/2411/2328 2416/2410/2327
f 2414/2408/2325 2416/2410/2327 2418/2412/2329
f 2414/2408/2325 2418/2412/2329 2419/2413/2330
f 2412/2406/2323 2414/2408/2325 2419/2413/2330
f 2412/2406/2323 2419/2413/2330 2420/2414/2331
f 2410/2404/2321 2412/2406/2323 2420/2414/2331
f 2410/2404/2321 2420/2414/2331 2421/2415/2332
f 2408/2402/2319 2410/2404/2321 2421/2415/2332
f 2408/2402/2319 2421/2415/2332 2407/2401/2318
f 2407/2401/2318 2421/2415/2332 2422/2416/2333
f 2407/2401/2318 2422/2416/2333 2423/2417/2334
f 2406/2400/2317 2407/2401/2318 2423/2417/2334
f 2406/2400/2317 2423/2417/2334 2424/2418/2335
f 2406/2400/2317 2424/2418/2335 2425/2419/2336
f 2406/2400/2317 2425/2419/2336 2405/2399/2316
f 2405/2399/2316 2425/2419/2336 2426/2420/2337
f 2405/2399/2316 2426/2420/2337 2404/2398/2315
f 2404/2398/2315 2426/2420/2337 2427/2421/2338
f 2404/2398/2315 2427/2421/2338 2403/2397/2314
f 2403/2397/2314 2427/2421/2338 2428/2422/2339
f 2403/2397/2314 2428/2422/2339 2402/2396/2313
f 2426/2420/2337 2429/2423/2340 2427/2421/2338
f 2426/2420/2337 2430/2424/2341 2429/2423/2340
f 2425/2419/2336 2430/2424/2341 2426/2420/2337
f 2425/2419/2336 2431/2425/2342 2430/2424/2341
f 2424/2418/2335 2431/2425/2342 2425/2419/2336
f 2424/2418/2335 2432/2426/2343 2431/2425/2342
f 2424/2418/2335 2433/2427/2344 2432/2426/2343
f 2424/2418/2335 2423/2417/2334 2433/2427/2344
f 2423/2417/2334 2434/2428/2345 2433/2427/2344
f 2423/2417/2334 2422/2416/2333 2434/2428/2345
f 2422/2416/2333 2435/2429/2346 2434/2428/2345
f 2422/2416/2333 2436/2430/2347 2435/2429/2346
f 2421/2415/2332 2436/2430/2347 2422/2416/2333
f 2421/2415/2332 2420/2414/2331 2436/2430/2347
f 2420/2414/2331 2437/2431/2348 2436/2430/2347
f 2420/2414/2331 2419/2413/2330 2437/2431/2348
f 2433/2427/2344 2434/2428/2345 2438/2432/2349
f 2433/2427/2344 2438/2432/2349 2439/2433/2350
f 2432/2426/2343 2433/2427/2344 2439/2433/2350
f 2432/2426/2343 2439/2433/2350 2440/2434/2351
f 2432/2426/2343 2440/2434/2351 2441/2435/2352
f 2432/2426/2343 2441/2435/2352 2431/2425/2342
f 2431/2425/2342 2441/2435/2352 2442/2436/2353
f 2431/2425/2342 2442/2436/2353 2430/2424/2341
f 2443/2437/2354 2444/2438/2355 2445/2439/2356
f 2443/2437/2354 2445/2439/2356 2446/2440/2353
f 2446/2440/2353 2445/2439/2356 2447/2441/2357
f 2446/2440/2353 2447/2441/2357 2448/2442/2358
f 2449/2443/2359 2446/2440/2353 2448/2442/2358
f 2449/2443/2359 2448/2442/2358 2450/2444/2360
f 2450/2444/2360 2448/2442/2358 2451/2445/2361
f 2450/2444/2360 2451/2445/2361 2452/2446/2362
f 2453/2447/2363 2450/2444/2360 2452/2446/2362
f 2453/2447/2363 2452/2446/2362 2454/2448/2364
f 2454/2448/2364 2452/2446/2362 2455/2449/2365
f 2454/2448/2364 2455/2449/2365 2456/2450/2366
f 2457/2451/2367 2454/2448/2364 2456/2450/2366
f 2457/2451/2367 2456/2450/2366 2458/2452/2368
f 2459/2453/2369 2457/2451/2367 2458/2452/2368
f 2459/2453/2369 2458/2452/2368 2460/2454/2311
f 2460/2454/2311 2458/2452/2368 2461/2455/2370
f 2460/2454/2311 2461/2455/2370 2462/2456/2371
f 2463/2457/2372 2460/2454/2311 2462/2456/2371
f 2463/2457/2372 2462/2456/2371 2464/2458/2373
f 2464/2458/2373 2462/2456/2371 2465/2459/2374
f 2464/2458/2373 2465/2459/2374 2466/2460/2375
f 2466/2460/2375 2465/2459/2374 2467/2461/2376
f 2466/2460/2375 2467/2461/2376 2468/2462/2377
f 2468/2462/2377 2467/2461/2376 2469/2463/2378
f 2468/2462/2377 2469/2463/2378 2470/2464/2270
f 2467/2461/2376 2471/2465/2379 2469/2463/2378
f 2467/2461/2376 2472/2466/2380 2471/2465/2379
f 2465/2459/2374 2472/2466/2380 2467/2461/2376
f 2465/2459/2374 2473/2467/2381 2472/2466/2380
f 2462/2456/2371 2473/2467/2381 2465/2459/2374
f 2462/2456/2371 2461/2455/2370 2473/2467/2381
f 2461/2455/2370 2474/2468/2382 2473/2467/2381
f 2461/2455/2370 2475/2469/2383 2474/2468/2382
f 2458/2452/2368 2475/2469/2383 2461/2455/2370
f 2458/2452/2368 2456/2450/2366 2475/2469/2383
f 2456/2450/2366 2476/2470/2384 2475/2469/2383
f 2456/2450/2366 2455/2449/2365 2476/2470/2384
f 2455/2449/2365 2477/2471/2385 2476/2470/2384
f 2455/2449/2365 2478/2472/2386 2477/2471/2385
f 2452/2446/2362 2478/2472/2386 2455/2449/2365
f 2452/2446/2362 2451/2445/2361 2478/2472/2386
f 2451/2445/2361 2479/2473/2387 2478/2472/2386
f 2451/2445/2361 2480/2474/2388 2479/2473/2387
f 2448/2442/2358 2480/2474/2388 2451/2445/2361
f 2448/2442/2358 2447/2441/2357 2480/2474/2388
f 2447/2441/2357 2481/2475/2389 2480/2474/2388
f 2447/2441/2357 2482/2476/2390 2481/2475/2389
f 2445/2439/2356 2482/2476/2390 2447/2441/2357
f 2445/2439/2356 2483/2477/2391 2482/2476/2390
f 2480/2474/2388 2481/2475/2389 2484/2478/2392
f 2480/2474/2388 2484/2478/2392 2479/2473/2387
f 2479/2473/2387 2484/2478/2392 2485/2479/2393
f 2479/2473/2387 2485/2479/2393 2486/2480/2394
f 2478/2472/2386 2479/2473/2387 2486/2480/2394
f 2478/2472/2386 2486/2480/2394 2477/2471/2385
f 2477/2471/2385 2486/2480/2394 2487/2481/2395
f 2477/2471/2385 2487/2481/2395 2488/2482/2396
f 2476/2470/2384 2477/2471/2385 2488/2482/2396
f 2476/2470/2384 2488/2482/2396 2489/2483/2397
f 2475/2469/2383 2476/2470/2384 2489/2483/2397
f 2475/2469/2383 2489/2483/2397 2474/2468/2382
f 2474/2468/2382 2489/2483/2397 2490/2484/2398
f 2474/2468/2382 2490/2484/2398 2491/2485/2399
f 2473/2467/2381 2474/2468/2382 2491/2485/2399
f 2473/2467/2381 2491/2485/2399 2472/2466/2380
f 2472/2466/2380 2491/2485/2399 2492/2486/2400
f 2472/2466/2380 2492/2486/2400 2471/2465/2379
f 2491/2485/2399 2493/2487/2293 2492/2486/2400
f 2491/2485/2399 2490/2484/2398 2493/2487/2293
f 2490/2484/2398 2494/2488/2294 2493/2487/2293
f 2490/2484/2398 2495/2489/2401 2494/2488/2294
f 2489/2483/2397 2495/2489/2401 2490/2484/2398
f 2489/2483/2397 2488/2482/2396 2495/2489/2401
f 2488/2482/2396 2496/2490/2402 2495/2489/2401
f 2488/2482/2396 2487/2481/2395 2496/2490/2402
f 2487/2481/2395 2497/2491/2403 2496/2490/2402
f 2487/2481/2395 2498/2492/2404 2497/2491/2403
f 2486/2480/2394 2498/2492/2404 2487/2481/2395
f 2486/2480/2394 2485/2479/2393 2498/2492/2404
f 2496/2490/2402 2497/2491/2403 2499/2493/2299
f 2496/2490/2402 2499/2493/2299 2500/2494/2405
f 2495/2489/2401 2496/2490/2402 2500/2494/2405
f 2495/2489/2401 2500/2494/2405 2494/2488/2294
f 2501/2495/2406 2502/2496/2407 2503/2497/2408
f 2501/2495/2406 2503/2497/2408 2504/2498/2409
f 2501/2495/2406 2504/2498/2409 2505/2499/2410
f 2501/2495/2406 2505/2499/2410 2506/2500/2411
f 2506/2500/2411 2505/2499/2410 2507/2501/2412
f 2506/2500/2411 2507/2501/2412 2508/2502/2413
f 2508/2502/2413 2507/2501/2412 2509/2503/2414
f 2508/2502/2413 2509/2503/2414 2510/2504/2415
f 2510/2504/2415 2509/2503/2414 2511/2505/2416
f 2510/2504/2415 2511/2505/2416 2512/2506/2417
f 2512/2506/2417 2511/2505/2416 2513/2507/2418
f 2512/2506/2417 2513/2507/2418 2514/2508/2419
f 2511/2505/2416 2515/2509/2420 2513/2507/2418
f 2511/2505/2416 2516/2510/2421 2515/2509/2420
f 2509/2503/2414 2516/2510/2421 2511/2505/2416
f 2509/2503/2414 2517/2511/2422 2516/2510/2421
f 2507/2501/2412 2517/2511/2422 2509/2503/2414
f 2507/2501/2412 2518/2512/2423 2517/2511/2422
f 2505/2499/2410 2518/2512/2423 2507/2501/2412
f 2505/2499/2410 2519/2513/2424 2518/2512/2423
f 2504/2498/2409 2519/2513/2424 2505/2499/2410
f 2504/2498/2409 2520/2514/2425 2519/2513/2424
f 2504/2498/2409 2521/2515/2426 2520/2514/2425
f 2504/2498/2409 2503/2497/2408 2521/2515/2426
f 2503/2497/2408 2522/2516/2427 2521/2515/2426
f 2503/2497/2408 2523/2517/2428 2522/2516/2427
f 2502/2496/2407 2523/2517/2428 2503/2497/2408
f 2502/2496/2407 2524/2518/2429 2523/2517/2428
f 2524/2518/2429 2525/2519/2430 2523/2517/2428
f 2524/2518/2429 2526/2520/2431 2525/2519/2430
f 2526/2520/2431 2527/2521/2432 2525/2519/2430
f 2526/2520/2431 2528/2522/2433 2527/2521/2432
f 2525/2519/2430 2527/2521/2432 2529/2523/2434
f 2525/2519/2430 2529/2523/2434 2530/2524/2435
f 2523/2517/2428 2525/2519/2430 2530/2524/2435
f 2523/2517/2428 2530/2524/2435 2522/2516/2427
f 2522/2516/2427 2530/2524/2435 2531/2525/2436
f 2522/2516/2427 2531/2525/2436 2532/2526/2437
f 2521/2515/2426 2522/2516/2427 2532/2526/2437
f 2521/2515/2426 2532/2526/2437 2533/2527/2438
f 2520/2514/2425 2521/2515/2426 2533/2527/2438
f 2520/2514/2425 2533/2527/2438 2534/2528/2439
f 2520/2514/2425 2534/2528/2439 2535/2529/2440
f 2520/2514/2425 2535/2529/2440 2519/2513/2424
f 2519/2513/2424 2535/2529/2440 2536/2530/2441
f 2519/2513/2424 2536/2530/2441 2518/2512/2423
f 2518/2512/2423 2536/2530/2441 2537/2531/2442
f 2518/2512/2423 2537/2531/2442 2517/2511/2422
f 2517/2511/2422 2537/2531/2442 2538/2532/2443
f 2517/2511/2422 2538/2532/2443 2516/2510/2421
f 2535/2529/2440 2539/2533/2444 2536/2530/2441
f 2535/2529/2440 2540/2534/2445 2539/2533/2444
f 2534/2528/2439 2540/2534/2445 2535/2529/2440
f 2534/2528/2439 2541/2535/2446 2540/2534/2445
f 2534/2528/2439 2542/2536/2447 2541/2535/2446
f 2534/2528/2439 2533/2527/2438 2542/2536/2447
f 2533/2527/2438 2543/2537/2448 2542/2536/2447
f 2533/2527/2438 2532/2526/2437 2543/2537/2448
f 2532/2526/2437 2544/2538/2449 2543/2537/2448
f 2532/2526/2437 2531/2525/2436 2544/2538/2449
f 2530/2524/2435 2545/2539/2450 2531/2525/2436
f 2530/2524/2435 2529/2523/2434 2545/2539/2450
f 2546/2540/2436 2547/2541/2451 2548/2542/2452
f 2546/2540/2436 2548/2542/2452 2549/2543/2453
f 2547/2541/2451 2550/2544/2454 2548/2542/2452
f 2547/2541/2451 2551/2545/2455 2550/2544/2454
f 2552/2546/2456 2551/2545/2455 2547/2541/2451
f 2552/2546/2456 2553/2547/2457 2551/2545/2455
f 2554/2548/2458 2553/2547/2457 2552/2546/2456
f 2554/2548/2458 2555/2549/2459 2553/2547/2457
f 2556/2550/2460 2555/2549/2459 2554/2548/2458
f 2556/2550/2460 2557/2551/2461 2555/2549/2459
f 2557/2551/2461 2558/2552/2462 2555/2549/2459
f 2557/2551/2461 2559/2553/2463 2558/2552/2462
f 2559/2553/2463 2560/2554/2464 2558/2552/2462
f 2559/2553/2463 2561/2555/2465 2560/2554/2464
f 2561/2555/2465 2562/2556/2466 2560/2554/2464
f 2561/2555/2465 2563/2557/2467 2562/2556/2466
f 2563/2557/2467 2564/2558/2468 2562/2556/2466
f 2563/2557/2467 2565/2559/2469 2564/2558/2468
f 2562/2556/2466 2564/2558/2468 2566/2560/2470
f 2562/2556/2466 2566/2560/2470 2567/2561/2471
f 2560/2554/2464 2562/2556/2466 2567/2561/2471
f 2560/2554/2464 2567/2561/2471 2568/2562/2472
f 2558/2552/2462 2560/2554/2464 2568/2562/2472
f 2558/2552/2462 2568/2562/2472 2569/2563/2473
f 2555/2549/2459 2558/2552/2462 2569/2563/2473
f 2555/2549/2459 2569/2563/2473 2553/2547/2457
f 2553/2547/2457 2569/2563/2473 2570/2564/2474
f 2553/2547/2457 2570/2564/2474 2551/2545/2455
f 2551/2545/2455 2570/2564/2474 2571/2565/2475
f 2551/2545/2455 2571/2565/2475 2550/2544/2454
f 2550/2544/2454 2571/2565/2475 2572/2566/2476
f 2550/2544/2454 2572/2566/2476 2573/2567/2477
f 2548/2542/2452 2550/2544/2454 2573/2567/2477
f 2548/2542/2452 2573/2567/2477 2574/2568/2478
f 2571/2565/2475 2575/2569/2479 2572/2566/2476
f 2571/2565/2475 2576/2570/2480 2575/2569/2479
f 2570/2564/2474 2576/2570/2480 2571/2565/2475
f 2570/2564/2474 2577/2571/2481 2576/2570/2480
f 2569/2563/2473 2577/2571/2481 2570/2564/2474
f 2569/2563/2473 2568/2562/2472 2577/2571/2481
f 2568/2562/2472 2578/2572/2482 2577/2571/2481
f 2568/2562/2472 2567/2561/2471 2578/2572/2482
f 2567/2561/2471 2579/2573/2483 2578/2572/2482
f 2567/2561/2471 2566/2560/2470 2579/2573/2483
f 2578/2572/2482 2579/2573/2483 2580/2574/2484
f 2578/2572/2482 2580/2574/2484 2581/2575/2485
f 2577/2571/2481 2578/2572/2482 2581/2575/2485
f 2577/2571/2481 2581/2575/2485 2576/2570/2480
f 2576/2570/2480 2581/2575/2485 2582/2576/2486
f 2576/2570/2480 2582/2576/2486 2575/2569/2479
f 2581/2575/2485 2583/2577/2487 2582/2576/2486
f 2581/2575/2485 2580/2574/2484 2583/2577/2487
f 2584/2578/2488 2585/2579/2489 2586/2580/2490
f 2584/2578/2488 2586/2580/2490 2587/2581/2491
f 2588/2582/2492 2584/2578/2488 2587/2581/2491
f 2588/2582/2492 2587/2581/2491 2589/2583/2493
f 2589/2583/2493 2587/2581/2491 2590/2584/2494
f 2589/2583/2493 2590/2584/2494 2591/2585/2495
f 2591/2585/2495 2590/2584/2494 2592/2586/2496
f 2591/2585/2495 2592/2586/2496 2593/2587/2497
f 2593/2587/2497 2592/2586/2496 2594/2588/2498
f 2593/2587/2497 2594/2588/2498 2595/2589/2499
f 2592/2586/2496 2596/2590/2500 2594/2588/2498
f 2592/2586/2496 2597/2591/2501 2596/2590/2500
f 2590/2584/2494 2597/2591/2501 2592/2586/2496
f 2590/2584/2494 2598/2592/2502 2597/2591/2501
f 2587/2581/2491 2598/2592/2502 2590/2584/2494
f 2587/2581/2491 2586/2580/2490 2598/2592/2502
f 2599/2593/2503 2600/2594/2504 2601/2595/2505
f 2599/2593/2503 2601/2595/2505 2602/2596/2506
f 2602/2596/2506 2601/2595/2505 2603/2597/2507
f 2602/2596/2506 2603/2597/2507 2604/2598/2508
f 2604/2598/2508 2603/2597/2507 2605/2599/2509
f 2604/2598/2508 2605/2599/2509 2606/2600/2510
f 2606/2600/2510 2605/2599/2509 2607/2601/2511
f 2606/2600/2510 2607/2601/2511 2608/2602/2512
f 2605/2599/2509 2609/2603/2513 2607/2601/2511
f 2605/2599/2509 2610/2604/2514 2609/2603/2513
f 2603/2597/2507 2610/2604/2514 2605/2599/2509
f 2603/2597/2507 2611/2605/2515 2610/2604/2514
f 2601/2595/2505 2611/2605/2515 2603/2597/2507
f 2601/2595/2505 2612/2606/2516 2611/2605/2515
f 2600/2594/2504 2612/2606/2516 2601/2595/2505
f 2600/2594/2504 2613/2607/2517 2612/2606/2516
f 2600/2594/2504 2614/2608/2518 2613/2607/2517
f 2600/2594/2504 2615/2609/2519 2614/2608/2518
f 2599/2593/2503 2615/2609/2519 2600/2594/2504
f 2599/2593/2503 2616/2610/2520 2615/2609/2519
f 2616/2610/2520 2617/2611/2521 2615/2609/2519
f 2616/2610/2520 2618/2612/2522 2617/2611/2521
f 2618/2612/2522 2619/2613/2523 2617/2611/2521
f 2618/2612/2522 2620/2614/2524 2619/2613/2523
f 2620/2614/2524 2621/2615/2525 2619/2613/2523
f 2620/2614/2524 2622/2616/2526 2621/2615/2525
f 2622/2616/2526 2623/2617/2527 2621/2615/2525
f 2622/2616/2526 2624/2618/2528 2623/2617/2527
f 2621/2615/2525 2623/2617/2527 2625/2619/2529
f 2621/2615/2525 2625/2619/2529 2626/2620/2530
f 2619/2613/2523 2621/2615/2525 2626/2620/2530
f 2619/2613/2523 2626/2620/2530 2627/2621/2531
f 2617/2611/2521 2619/2613/2523 2627/2621/2531
f 2617/2611/2521 2627/2621/2531 2628/2622/2532
f 2615/2609/2519 2617/2611/2521 2628/2622/2532
f 2615/2609/2519 2628/2622/2532 2614/2608/2518
f 2614/2608/2518 2628/2622/2532 2629/2623/2533
f 2614/2608/2518 2629/2623/2533 2630/2624/2534
f 2613/2607/2517 2614/2608/2518 2630/2624/2534
f 2613/2607/2517 2630/2624/2534 2631/2625/2535
f 2613/2607/2517 2631/2625/2535 2632/2626/2536
f 2613/2607/2517 2632/2626/2536 2612/2606/2516
f 2612/2606/2516 2632/2626/2536 2633/2627/2537
f 2612/2606/2516 2633/2627/2537 2611/2605/2515
f 2611/2605/2515 2633/2627/2537 2634/2628/2538
f 2611/2605/2515 2634/2628/2538 2610/2604/2514
f 2610/2604/2514 2634/2628/2538 2635/2629/2539
f 2610/2604/2514 2635/2629/2539 2609/2603/2513
f 2634/2628/2538 2636/2630/2540 2635/2629/2539
f 2634/2628/2538 2637/2631/2541 2636/2630/2540
f 2633/2627/2537 2637/2631/2541 2634/2628/2538
f 2633/2627/2537 2638/2632/2542 2637/2631/2541
f 2632/2626/2536 2638/2632/2542 2633/2627/2537
f 2632/2626/2536 2639/2633/2543 2638/2632/2542
f 2631/2625/2535 2639/2633/2543 2632/2626/2536
f 2631/2625/2535 2640/2634/2544 2639/2633/2543
f 2631/2625/2535 2641/2635/2545 2640/2634/2544
f 2631/2625/2535 2630/2624/2534 2641/2635/2545
f 2630/2624/2534 2642/2636/2546 2641/2635/2545
f 2630/2624/2534 2629/2623/2533 2642/2636/2546
f 2629/2623/2533 2643/2637/2547 2642/2636/2546
f 2629/2623/2533 2644/2638/2548 2643/2637/2547
f 2628/2622/2532 2644/2638/2548 2629/2623/2533
f 2628/2622/2532 2627/2621/2531 2644/2638/2548
f 2627/2621/2531 2645/2639/2549 2644/2638/2548
f 2627/2621/2531 2626/2620/2530 2645/2639/2549
f 2626/2620/2530 2646/2640/2550 2645/2639/2549
f 2626/2620/2530 2625/2619/2529 2646/2640/2550
f 2640/2634/2544 2641/2635/2545 2647/2641/2551
f 2640/2634/2544 2647/2641/2551 2648/2642/2552
f 2640/2634/2544 2648/2642/2552 2649/2643/2553
f 2640/2634/2544 2649/2643/2553 2639/2633/2543
f 2639/2633/2543 2649/2643/2553 2650/2644/2554
f 2639/2633/2543 2650/2644/2554 2638/2632/2542
f 2638/2632/2542 2650/2644/2554 2651/2645/2555
f 2638/2632/2542 2651/2645/2555 2637/2631/2541
f 2652/2646/2556 2653/2647/2557 2654/2648/2558
f 2652/2646/2556 2654/2648/2558 2655/2649/2559
f 2656/2650/2560 2652/2646/2556 2655/2649/2559
f 2656/2650/2560 2655/2649/2559 2657/2651/2561
f 2658/2652/2512 2656/2650/2560 2657/2651/2561
f 2658/2652/2512 2657/2651/2561 2659/2653/2562
f 2659/2653/2562 2657/2651/2561 2660/2654/2563
f 2659/2653/2562 2660/2654/2563 2661/2655/2564
f 2661/2655/2564 2660/2654/2563 2662/2656/2565
f 2661/2655/2564 2662/2656/2565 2663/2657/2566
f 2663/2657/2566 2662/2656/2565 2664/2658/2567
f 2663/2657/2566 2664/2658/2567 2665/2659/2568
f 2665/2659/2568 2664/2658/2567 2666/2660/2569
f 2665/2659/2568 2666/2660/2569 2667/2661/2570
f 2664/2658/2567 2668/2662/2470 2666/2660/2569
f 2664/2658/2567 2669/2663/2571 2668/2662/2470
f 2662/2656/2565 2669/2663/2571 2664/2658/2567
f 2662/2656/2565 2670/2664/2572 2669/2663/2571
f 2660/2654/2563 2670/2664/2572 2662/2656/2565
f 2660/2654/2563 2671/2665/2573 2670/2664/2572
f 2657/2651/2561 2671/2665/2573 2660/2654/2563
f 2657/2651/2561 2655/2649/2559 2671/2665/2573
f 2655/2649/2559 2672/2666/2574 2671/2665/2573
f 2655/2649/2559 2654/2648/2558 2672/2666/2574
f 2654/2648/2558 2673/2667/2575 2672/2666/2574
f 2654/2648/2558 2674/2668/2576 2673/2667/2575
f 2653/2647/2557 2674/2668/2576 2654/2648/2558
f 2653/2647/2557 2675/2669/2577 2674/2668/2576
f 2675/2669/2577 2676/2670/2578 2674/2668/2576
f 2675/2669/2577 2677/2671/2579 2676/2670/2578
f 2674/2668/2576 2676/2670/2578 2678/2672/2580
f 2674/2668/2576 2678/2672/2580 2673/2667/2575
f 2673/2667/2575 2678/2672/2580 2679/2673/2581
f 2673/2667/2575 2679/2673/2581 2680/2674/2582
f 2672/2666/2574 2673/2667/2575 2680/2674/2582
f 2672/2666/2574 2680/2674/2582 2681/2675/2583
f 2671/2665/2573 2672/2666/2574 2681/2675/2583
f 2671/2665/2573 2681/2675/2583 2670/2664/2572
f 2670/2664/2572 2681/2675/2583 2682/2676/2584
f 2670/2664/2572 2682/2676/2584 2669/2663/2571
f 2669/2663/2571 2682/2676/2584 2683/2677/2483
f 2669/2663/2571 2683/2677/2483 2668/2662/2470
f 2682/2676/2584 2684/2678/2484 2683/2677/2483
f 2682/2676/2584 2685/2679/2585 2684/2678/2484
f 2681/2675/2583 2685/2679/2585 2682/2676/2584
f 2681/2675/2583 2680/2674/2582 2685/2679/2585
f 2680/2674/2582 2686/2680/2586 2685/2679/2585
f 2680/2674/2582 2679/2673/2581 2686/2680/2586
f 2685/2679/2585 2686/2680/2586 2687/2681/2587
f 2685/2679/2585 2687/2681/2587 2684/2678/2484
f 2688/2682/2588 2689/2683/2589 2690/2684/2590
f 2691/2685/2591 2692/2686/2592 2693/2687/2593
f 2691/2685/2591 2693/2687/2593 2694/2688/2594
f 2695/2689/2595 2692/2686/2592 2691/2685/2591
f 2695/2689/2595 2696/2690/2596 2692/2686/2592
f 2696/2690/2596 2697/2691/2597 2692/2686/2592
f 2696/2690/2596 2698/2692/2598 2697/2691/2597
f 2698/2692/2598 2699/2693/2599 2697/2691/2597
f 2698/2692/2598 2700/2694/2600 2699/2693/2599
f 2700/2694/2600 2701/2695/2601 2699/2693/2599
f 2700/2694/2600 2702/2696/2602 2701/2695/2601
f 2699/2693/2599 2701/2695/2601 2703/2697/2603
f 2699/2693/2599 2703/2697/2603 2704/2698/2604
f 2697/2691/2597 2699/2693/2599 2704/2698/2604
f 2697/2691/2597 2704/2698/2604 2705/2699/2605
f 2692/2686/2592 2697/2691/2597 2705/2699/2605
f 2692/2686/2592 2705/2699/2605 2693/2687/2593
f 2706/2700/2606 2707/2701/2607 2708/2702/2608
f 2706/2700/2606 2708/2702/2608 2709/2703/2609
f 2706/2700/2606 2709/2703/2609 2710/2704/2610
f 2706/2700/2606 2710/2704/2610 2711/2705/2611
f 2711/2705/2611 2710/2704/2610 2712/2706/2612
f 2711/2705/2611 2712/2706/2612 2713/2707/2613
f 2713/2707/2613 2712/2706/2612 2714/2708/2614
f 2713/2707/2613 2714/2708/2614 2715/2709/2615
f 2715/2709/2615 2714/2708/2614 2716/2710/2616
f 2715/2709/2615 2716/2710/2616 2717/2711/2617
f 2717/2711/2617 2716/2710/2616 2718/2712/2618
f 2717/2711/2617 2718/2712/2618 2719/2713/2619
f 2714/2708/2614 2720/2714/2620 2716/2710/2616
f 2714/2708/2614 2721/2715/2621 2720/2714/2620
f 2712/2706/2612 2721/2715/2621 2714/2708/2614
f 2712/2706/2612 2722/2716/2622 2721/2715/2621
f 2710/2704/2610 2722/2716/2622 2712/2706/2612
f 2710/2704/2610 2723/2717/2623 2722/2716/2622
f 2709/2703/2609 2723/2717/2623 2710/2704/2610
f 2709/2703/2609 2724/2718/2624 2723/2717/2623
f 2709/2703/2609 2725/2719/2625 2724/2718/2624
f 2709/2703/2609 2708/2702/2608 2725/2719/2625
f 2708/2702/2608 2726/2720/2626 2725/2719/2625
f 2708/2702/2608 2727/2721/2627 2726/2720/2626
f 2707/2701/2607 2727/2721/2627 2708/2702/2608
f 2707/2701/2607 2728/2722/2628 2727/2721/2627
f 2728/2722/2628 2729/2723/2629 2727/2721/2627
f 2728/2722/2628 2730/2724/2630 2729/2723/2629
f 2730/2724/2630 2731/2725/2631 2729/2723/2629
f 2730/2724/2630 2732/2726/2632 2731/2725/2631
f 2729/2723/2629 2731/2725/2631 2733/2727/2633
f 2729/2723/2629 2733/2727/2633 2734/2728/2634
f 2727/2721/2627 2729/2723/2629 2734/2728/2634
f 2727/2721/2627 2734/2728/2634 2726/2720/2626
f 2726/2720/2626 2734/2728/2634 2735/2729/2635
f 2726/2720/2626 2735/2729/2635 2736/2730/2636
f 2725/2719/2625 2726/2720/2626 2736/2730/2636
f 2725/2719/2625 2736/2730/2636 2737/2731/2637
f 2724/2718/2624 2725/2719/2625 2737/2731/2637
f 2724/2718/2624 2737/2731/2637 2738/2732/2638
f 2724/2718/2624 2738/2732/2638 2739/2733/2639
f 2724/2718/2624 2739/2733/2639 2723/2717/2623
f 2723/2717/2623 2739/2733/2639 2740/2734/2640
f 2723/2717/2623 2740/2734/2640 2722/2716/2622
f 2722/2716/2622 2740/2734/2640 2741/2735/2641
f 2722/2716/2622 2741/2735/2641 2721/2715/2621
f 2721/2715/2621 2741/2735/2641 2742/2736/2642
f 2721/2715/2621 2742/2736/2642 2720/2714/2620
f 2741/2735/2641 2743/2737/2643 2742/2736/2642
f 2741/2735/2641 2744/2738/2644 2743/2737/2643
f 2740/2734/2640 2744/2738/2644 2741/2735/2641
f 2740/2734/2640 2745/2739/2645 2744/2738/2644
f 2739/2733/2639 2745/2739/2645 2740/2734/2640
f 2739/2733/2639 2746/2740/2646 2745/2739/2645
f 2738/2732/2638 2746/2740/2646 2739/2733/2639
f 2738/2732/2638 2747/2741/2647 2746/2740/2646
f 2738/2732/2638 2748/2742/2648 2747/2741/2647
f 2738/2732/2638 2737/2731/2637 2748/2742/2648
f 2737/2731/2637 2749/2743/2649 2748/2742/2648
f 2737/2731/2637 2736/2730/2636 2749/2743/2649
f 2736/2730/2636 2750/2744/2650 2749/2743/2649
f 2736/2730/2636 2735/2729/2635 2750/2744/2650
f 2734/2728/2634 2751/2745/2651 2735/2729/2635
f 2734/2728/2634 2733/2727/2633 2751/2745/2651
f 2752/2746/2652 2753/2747/2653 2754/2748/2654
f 2752/2746/2652 2754/2748/2654 2755/2749/2655
f 2756/2750/2631 2753/2747/2653 2752/2746/2652
f 2756/2750/2631 2757/2751/2656 2753/2747/2653
f 2758/2752/2657 2757/2751/2656 2756/2750/2631
f 2758/2752/2657 2759/2753/2658 2757/2751/2656
f 2759/2753/2658 2760/2754/2659 2757/2751/2656
f 2759/2753/2658 2761/2755/2660 2760/2754/2659
f 2761/2755/2660 2762/2756/2661 2760/2754/2659
f 2761/2755/2660 2763/2757/2662 2762/2756/2661
f 2763/2757/2662 2764/2758/2663 2762/2756/2661
f 2763/2757/2662 2765/2759/2664 2764/2758/2663
f 2765/2759/2664 2766/2760/2665 2764/2758/2663
f 2765/2759/2664 2767/2761/2666 2766/2760/2665
f 2764/2758/2663 2766/2760/2665 2768/2762/2667
f 2764/2758/2663 2768/2762/2667 2769/2763/2668
f 2762/2756/2661 2764/2758/2663 2769/2763/2668
f 2762/2756/2661 2769/2763/2668 2770/2764/2669
f 2760/2754/2659 2762/2756/2661 2770/2764/2669
f 2760/2754/2659 2770/2764/2669 2771/2765/2670
f 2757/2751/2656 2760/2754/2659 2771/2765/2670
f 2757/2751/2656 2771/2765/2670 2753/2747/2653
f 2753/2747/2653 2771/2765/2670 2772/2766/2671
f 2753/2747/2653 2772/2766/2671 2754/2748/2654
f 2771/2765/2670 2773/2767/2672 2772/2766/2671
f 2771/2765/2670 2770/2764/2669 2773/2767/2672
f 2770/2764/2669 2774/2768/2673 2773/2767/2672
f 2770/2764/2669 2769/2763/2668 2774/2768/2673
f 2769/2763/2668 2775/2769/2674 2774/2768/2673
f 2769/2763/2668 2768/2762/2667 2775/2769/2674
f 2776/2770/2620 2777/2771/2675 2778/2772/2676
f 2776/2770/2620 2778/2772/2676 2779/2773/2677
f 2780/2774/2678 2776/2770/2620 2779/2773/2677
f 2780/2774/2678 2779/2773/2677 2781/2775/2679
f 2781/2775/2679 2779/2773/2677 2782/2776/2680
f 2781/2775/2679 2782/2776/2680 2783/2777/2681
f 2784/2778/2682 2781/2775/2679 2783/2777/2681
f 2784/2778/2682 2783/2777/2681 2785/2779/2683
f 2785/2779/2683 2783/2777/2681 2786/2780/2684
f 2785/2779/2683 2786/2780/2684 2787/2781/2685
f 2787/2781/2685 2786/2780/2684 2788/2782/2686
f 2787/2781/2685 2788/2782/2686 2789/2783/2687
f 2789/2783/2687 2788/2782/2686 2790/2784/2688
f 2789/2783/2687 2790/2784/2688 2791/2785/2689
f 2788/2782/2686 2792/2786/2690 2790/2784/2688
f 2788/2782/2686 2793/2787/2691 2792/2786/2690
f 2786/2780/2684 2793/2787/2691 2788/2782/2686
f 2786/2780/2684 2794/2788/2692 2793/2787/2691
f 2783/2777/2681 2794/2788/2692 2786/2780/2684
f 2783/2777/2681 2782/2776/2680 2794/2788/2692
f 2782/2776/2680 2795/2789/2693 2794/2788/2692
f 2782/2776/2680 2796/2790/2694 2795/2789/2693
f 2779/2773/2677 2796/2790/2694 2782/2776/2680
f 2779/2773/2677 2778/2772/2676 2796/2790/2694
f 2778/2772/2676 2797/2791/2695 2796/2790/2694
f 2778/2772/2676 2798/2792/2696 2797/2791/2695
f 2777/2771/2675 2798/2792/2696 2778/2772/2676
f 2777/2771/2675 2799/2793/2697 2798/2792/2696
f 2796/2790/2694 2797/2791/2695 2800/2794/2698
f 2796/2790/2694 2800/2794/2698 2795/2789/2693
f 2795/2789/2693 2800/2794/2698 2801/2795/2699
f 2795/2789/2693 2801/2795/2699 2802/2796/2700
f 2794/2788/2692 2795/2789/2693 2802/2796/2700
f 2794/2788/2692 2802/2796/2700 2793/2787/2691
f 2793/2787/2691 2802/2796/2700 2803/2797/2701
f 2793/2787/2691 2803/2797/2701 2792/2786/2690
f 2802/2796/2700 2804/2798/2702 2803/2797/2701
f 2802/2796/2700 2801/2795/2699 2804/2798/2702
f 2805/2799/2703 2806/2800/2704 2807/2801/2705
f 2805/2799/2703 2807/2801/2705 2808/2802/2706
f 2808/2802/2706 2807/2801/2705 2809/2803/2707
f 2808/2802/2706 2809/2803/2707 2810/2804/2708
f 2810/2804/2708 2809/2803/2707 2811/2805/2709
f 2810/2804/2708 2811/2805/2709 2812/2806/2710
f 2812/2806/2710 2811/2805/2709 2813/2807/2711
f 2812/2806/2710 2813/2807/2711 2814/2808/2712
f 2814/2808/2712 2813/2807/2711 2815/2809/2713
f 2814/2808/2712 2815/2809/2713 2816/2810/2714
f 2813/2807/2711 2817/2811/2715 2815/2809/2713
f 2813/2807/2711 2818/2812/2716 2817/2811/2715
f 2811/2805/2709 2818/2812/2716 2813/2807/2711
f 2811/2805/2709 2819/2813/2717 2818/2812/2716
f 2809/2803/2707 2819/2813/2717 2811/2805/2709
f 2809/2803/2707 2820/2814/2718 2819/2813/2717
f 2807/2801/2705 2820/2814/2718 2809/2803/2707
f 2807/2801/2705 2821/2815/2719 2820/2814/2718
f 2806/2800/2704 2821/2815/2719 2807/2801/2705
f 2806/2800/2704 2822/2816/2720 2821/2815/2719
f 2806/2800/2704 2823/2817/2721 2822/2816/2720
f 2806/2800/2704 2824/2818/2722 2823/2817/2721
f 2805/2799/2703 2824/2818/2722 2806/2800/2704
f 2805/2799/2703 2825/2819/2723 2824/2818/2722
f 2825/2819/2723 2826/2820/2724 2824/2818/2722
f 2825/2819/2723 2827/2821/2725 2826/2820/2724
f 2827/2821/2725 2828/2822/2726 2826/2820/2724
f 2827/2821/2725 2829/2823/2727 2828/2822/2726
f 2829/2823/2727 2830/2824/2728 2828/2822/2726
f 2829/2823/2727 2831/2825/2729 2830/2824/2728
f 2828/2822/2726 2830/2824/2728 2832/2826/2730
f 2828/2822/2726 2832/2826/2730 2833/2827/2731
f 2826/2820/2724 2828/2822/2726 2833/2827/2731
f 2826/2820/2724 2833/2827/2731 2834/2828/2732
f 2824/2818/2722 2826/2820/2724 2834/2828/2732
f 2824/2818/2722 2834/2828/2732 2823/2817/2721
f 2823/2817/2721 2834/2828/2732 2835/2829/2733
f 2823/2817/2721 2835/2829/2733 2836/2830/2734
f 2822/2816/2720 2823/2817/2721 2836/2830/2734
f 2822/2816/2720 2836/2830/2734 2837/2831/2735
f 2822/2816/2720 2837/2831/2735 2838/2832/2736
f 2822/2816/2720 2838/2832/2736 2821/2815/2719
f 2821/2815/2719 2838/2832/2736 2839/2833/2737
f 2821/2815/2719 2839/2833/2737 2820/2814/2718
f 2820/2814/2718 2839/2833/2737 2840/2834/2738
f 2820/2814/2718 2840/2834/2738 2819/2813/2717
f 2819/2813/2717 2840/2834/2738 2841/2835/2739
f 2819/2813/2717 2841/2835/2739 2818/2812/2716
f 2818/2812/2716 2841/2835/2739 2842/2836/2740
f 2818/2812/2716 2842/2836/2740 2817/2811/2715
f 2840/2834/2738 2843/2837/2741 2841/2835/2739
f 2840/2834/2738 2844/2838/2742 2843/2837/2741
f 2839/2833/2737 2844/2838/2742 2840/2834/2738
f 2839/2833/2737 2845/2839/2743 2844/2838/2742
f 2838/2832/2736 2845/2839/2743 2839/2833/2737
f 2838/2832/2736 2846/2840/2744 2845/2839/2743
f 2837/2831/2735 2846/2840/2744 2838/2832/2736
f 2837/2831/2735 2847/2841/2745 2846/2840/2744
f 2837/2831/2735 2848/2842/2746 2847/2841/2745
f 2837/2831/2735 2836/2830/2734 2848/2842/2746
f 2836/2830/2734 2849/2843/2747 2848/2842/2746
f 2836/2830/2734 2835/2829/2733 2849/2843/2747
f 2835/2829/2733 2850/2844/2748 2849/2843/2747
f 2835/2829/2733 2851/2845/2749 2850/2844/2748
f 2834/2828/2732 2851/2845/2749 2835/2829/2733
f 2834/2828/2732 2833/2827/2731 2851/2845/2749
f 2833/2827/2731 2852/2846/2750 2851/2845/2749
f 2833/2827/2731 2832/2826/2730 2852/2846/2750
f 2851/2845/2749 2852/2846/2750 2853/2847/2751
f 2851/2845/2749 2853/2847/2751 2850/2844/2748
f 2847/2841/2745 2848/2842/2746 2854/2848/2752
f 2847/2841/2745 2854/2848/2752 2855/2849/2753
f 2856/2850/2754 2857/2851/2755 2858/2852/2756
f 2856/2850/2754 2858/2852/2756 2859/2853/2757
f 2860/2854/2758 2856/2850/2754 2859/2853/2757
f 2860/2854/2758 2859/2853/2757 2861/2855/2759
f 2862/2856/2760 2860/2854/2758 2861/2855/2759
f 2862/2856/2760 2861/2855/2759 2863/2857/2761
f 2863/2857/2761 2861/2855/2759 2864/2858/2762
f 2863/2857/2761 2864/2858/2762 2865/2859/2763
f 2865/2859/2763 2864/2858/2762 2866/2860/2764
f 2865/2859/2763 2866/2860/2764 2867/2861/2765
f 2867/2861/2765 2866/2860/2764 2868/2862/2665
f 2867/2861/2765 2868/2862/2665 2869/2863/2666
f 2866/2860/2764 2870/2864/2766 2868/2862/2665
f 2866/2860/2764 2871/2865/2767 2870/2864/2766
f 2864/2858/2762 2871/2865/2767 2866/2860/2764
f 2864/2858/2762 2872/2866/2768 2871/2865/2767
f 2861/2855/2759 2872/2866/2768 2864/2858/2762
f 2861/2855/2759 2859/2853/2757 2872/2866/2768
f 2859/2853/2757 2873/2867/2769 2872/2866/2768
f 2859/2853/2757 2858/2852/2756 2873/2867/2769
f 2872/2866/2768 2873/2867/2769 2874/2868/2770
f 2872/2866/2768 2874/2868/2770 2871/2865/2767
f 2871/2865/2767 2874/2868/2770 2875/2869/2771
f 2871/2865/2767 2875/2869/2771 2870/2864/2766
f 2876/2870/2772 2877/2871/2773 2878/2872/2774
f 2876/2870/2772 2878/2872/2774 2879/2873/2775
f 2879/2873/2775 2878/2872/2774 2880/2874/2776
f 2879/2873/2775 2880/2874/2776 2881/2875/2777
f 2878/2872/2774 2882/2876/2778 2880/2874/2776
f 2878/2872/2774 2883/2877/2779 2882/2876/2778
f 2877/2871/2773 2883/2877/2779 2878/2872/2774
f 2877/2871/2773 2884/2878/2780 2883/2877/2779
f 2885/2879/2781 2884/2878/2780 2877/2871/2773
f 2886/2880/2782 2885/2879/2781 2877/2871/2773
f 2886/2880/2782 2877/2871/2773 2876/2870/2772
f 2887/2881/2783 2885/2879/2781 2886/2880/2782
f 2887/2881/2783 2888/2882/2784 2885/2879/2781
f 2888/2882/2784 2889/2883/2785 2885/2879/2781
f 2888/2882/2784 2890/2884/2786 2889/2883/2785
f 2890/2884/2786 2891/2885/2787 2889/2883/2785
f 2890/2884/2786 2892/2886/2788 2891/2885/2787
f 2892/2886/2788 2893/2887/2789 2891/2885/2787
f 2892/2886/2788 2894/2888/2790 2893/2887/2789
f 2894/2888/2790 2895/2889/2688 2893/2887/2789
f 2894/2888/2790 2896/2890/2791 2895/2889/2688
f 2893/2887/2789 2895/2889/2688 2897/2891/2690
f 2893/2887/2789 2897/2891/2690 2898/2892/2792
f 2891/2885/2787 2893/2887/2789 2898/2892/2792
f 2891/2885/2787 2898/2892/2792 2899/2893/2793
f 2889/2883/2785 2891/2885/2787 2899/2893/2793
f 2889/2883/2785 2899/2893/2793 2884/2878/2780
f 2885/2879/2781 2889/2883/2785 2884/2878/2780
f 2884/2878/2780 2899/2893/2793 2900/2894/2794
f 2884/2878/2780 2900/2894/2794 2883/2877/2779
f 2883/2877/2779 2900/2894/2794 2901/2895/2795
f 2883/2877/2779 2901/2895/2795 2882/2876/2778
f 2900/2894/2794 2902/2896/2796 2901/2895/2795
f 2900/2894/2794 2903/2897/2797 2902/2896/2796
f 2899/2893/2793 2903/2897/2797 2900/2894/2794
f 2899/2893/2793 2898/2892/2792 2903/2897/2797
f 2898/2892/2792 2904/2898/2701 2903/2897/2797
f 2898/2892/2792 2897/2891/2690 2904/2898/2701
f 2903/2897/2797 2904/2898/2701 2905/2899/2798
f 2903/2897/2797 2905/2899/2798 2902/2896/2796
f 2906/2900/2799 2907/2901/2800 2908/2902/2801
f 2906/2900/2799 2908/2902/2801 2909/2903/2802
f 2906/2900/2799 2909/2903/2802 2910/2904/2803
f 2906/2900/2799 2910/2904/2803 2911/2905/2804
f 2911/2905/2804 2910/2904/2803 2912/2906/2805
f 2911/2905/2804 2912/2906/2805 2913/2907/2806
f 2913/2907/2806 2912/2906/2805 2914/2908/2807
f 2913/2907/2806 2914/2908/2807 2915/2909/2808
f 2915/2909/2808 2914/2908/2807 2916/2910/2809
f 2915/2909/2808 2916/2910/2809 2917/2911/2810
f 2917/2911/2810 2916/2910/2809 2918/2912/2811
f 2917/2911/2810 2918/2912/2811 2919/2913/2812
f 2914/2908/2807 2920/2914/2813 2916/2910/2809
f 2914/2908/2807 2921/2915/2814 2920/2914/2813
f 2912/2906/2805 2921/2915/2814 2914/2908/2807
f 2912/2906/2805 2922/2916/2815 2921/2915/2814
f 2910/2904/2803 2922/2916/2815 2912/2906/2805
f 2910/2904/2803 2923/2917/2816 2922/2916/2815
f 2909/2903/2802 2923/2917/2816 2910/2904/2803
f 2909/2903/2802 2924/2918/2817 2923/2917/2816
f 2909/2903/2802 2925/2919/2818 2924/2918/2817
f 2909/2903/2802 2908/2902/2801 2925/2919/2818
f 2908/2902/2801 2926/2920/2819 2925/2919/2818
f 2908/2902/2801 2927/2921/2820 2926/2920/2819
f 2907/2901/2800 2927/2921/2820 2908/2902/2801
f 2907/2901/2800 2928/2922/2821 2927/2921/2820
f 2928/2922/2821 2929/2923/2822 2927/2921/2820
f 2928/2922/2821 2930/2924/2823 2929/2923/2822
f 2930/2924/2823 2931/2925/2824 2929/2923/2822
f 2930/2924/2823 2932/2926/2825 2931/2925/2824
f 2932/2926/2825 2933/2927/2826 2931/2925/2824
f 2932/2926/2825 2934/2928/2827 2933/2927/2826
f 2931/2925/2824 2933/2927/2826 2935/2929/2828
f 2931/2925/2824 2935/2929/2828 2936/2930/2829
f 2929/2923/2822 2931/2925/2824 2936/2930/2829
f 2929/2923/2822 2936/2930/2829 2937/2931/2830
f 2927/2921/2820 2929/2923/2822 2937/2931/2830
f 2927/2921/2820 2937/2931/2830 2926/2920/2819
f 2926/2920/2819 2937/2931/2830 2938/2932/2831
f 2926/2920/2819 2938/2932/2831 2939/2933/2832
f 2925/2919/2818 2926/2920/2819 2939/2933/2832
f 2925/2919/2818 2939/2933/2832 2940/2934/2833
f 2924/2918/2817 2925/2919/2818 2940/2934/2833
f 2924/2918/2817 2940/2934/2833 2941/2935/2834
f 2924/2918/2817 2941/2935/2834 2942/2936/2835
f 2924/2918/2817 2942/2936/2835 2923/2917/2816
f 2923/2917/2816 2942/2936/2835 2943/2937/2836
f 2923/2917/2816 2943/2937/2836 2922/2916/2815
f 2922/2916/2815 2943/2937/2836 2944/2938/2837
f 2922/2916/2815 2944/2938/2837 2921/2915/2814
f 2921/2915/2814 2944/2938/2837 2945/2939/2838
f 2921/2915/2814 2945/2939/2838 2920/2914/2813
f 2943/2937/2836 2946/2940/2839 2944/2938/2837
f 2943/2937/2836 2947/2941/2840 2946/2940/2839
f 2942/2936/2835 2947/2941/2840 2943/2937/2836
f 2942/2936/2835 2948/2942/2841 2947/2941/2840
f 2941/2935/2834 2948/2942/2841 2942/2936/2835
f 2941/2935/2834 2949/2943/2842 2948/2942/2841
f 2941/2935/2834 2950/2944/2843 2949/2943/2842
f 2941/2935/2834 2940/2934/2833 2950/2944/2843
f 2940/2934/2833 2951/2945/2844 2950/2944/2843
f 2940/2934/2833 2939/2933/2832 2951/2945/2844
f 2949/2943/2842 2952/2946/2845 2948/2942/2841
f 2949/2943/2842 2953/2947/2846 2952/2946/2845
f 2948/2942/2841 2952/2946/2845 2954/2948/2847
f 2948/2942/2841 2954/2948/2847 2947/2941/2840
f 2947/2941/2840 2954/2948/2847 2955/2949/2848
f 2947/2941/2840 2955/2949/2848 2946/2940/2839
f 2937/2931/2830 2956/2950/2849 2938/2932/2831
f 2937/2931/2830 2936/2930/2829 2956/2950/2849
f 2957/2951/2850 2958/2952/2851 2959/2953/2852
f 2957/2951/2850 2959/2953/2852 2960/2954/2853
f 2958/2952/2851 2961/2955/2854 2959/2953/2852
f 2958/2952/2851 2962/2956/2855 2961/2955/2854
f 2962/2956/2855 2963/2957/2856 2961/2955/2854
f 2962/2956/2855 2964/2958/2857 2963/2957/2856
f 2964/2958/2857 2965/2959/2858 2963/2957/2856
f 2964/2958/2857 2966/2960/2859 2965/2959/2858
f 2967/2961/2860 2968/2962/2861 2969/2963/2862
f 2967/2961/2860 2969/2963/2862 2970/2964/2863
f 2971/2965/2864 2967/2961/2860 2970/2964/2863
f 2971/2965/2864 2970/2964/2863 2972/2966/2865
f 2972/2966/2865 2970/2964/2863 2973/2967/2866
f 2972/2966/2865 2973/2967/2866 2974/2968/2867
f 2975/2969/2868 2972/2966/2865 2974/2968/2867
f 2975/2969/2868 2974/2968/2867 2976/2970/2869
f 2977/2971/2870 2975/2969/2868 2976/2970/2869
f 2977/2971/2870 2976/2970/2869 2978/2972/2871
f 2978/2972/2871 2976/2970/2869 2979/2973/2872
f 2978/2972/2871 2979/2973/2872 2980/2974/2873
f 2981/2975/2874 2978/2972/2871 2980/2974/2873
f 2981/2975/2874 2980/2974/2873 2982/2976/2875
f 2982/2976/2875 2980/2974/2873 2983/2977/2876
f 2982/2976/2875 2983/2977/2876 2984/2978/2877
f 2984/2978/2877 2983/2977/2876 2985/2979/2878
f 2984/2978/2877 2985/2979/2878 2986/2980/2879
f 2986/2980/2879 2985/2979/2878 2987/2981/2880
f 2986/2980/2879 2987/2981/2880 2988/2982/2881
f 2985/2979/2878 2989/2983/2882 2987/2981/2880
f 2985/2979/2878 2990/2984/2883 2989/2983/2882
f 2983/2977/2876 2990/2984/2883 2985/2979/2878
f 2983/2977/2876 2991/2985/2884 2990/2984/2883
f 2980/2974/2873 2991/2985/2884 2983/2977/2876
f 2980/2974/2873 2979/2973/2872 2991/2985/2884
f 2979/2973/2872 2992/2986/2885 2991/2985/2884
f 2979/2973/2872 2993/2987/2886 2992/2986/2885
f 2976/2970/2869 2993/2987/2886 2979/2973/2872
f 2976/2970/2869 2974/2968/2867 2993/2987/2886
f 2974/2968/2867 2994/2988/2887 2993/2987/2886
f 2974/2968/2867 2973/2967/2866 2994/2988/2887
f 2973/2967/2866 2995/2989/2888 2994/2988/2887
f 2973/2967/2866 2996/2990/2889 2995/2989/2888
f 2970/2964/2863 2996/2990/2889 2973/2967/2866
f 2970/2964/2863 2969/2963/2862 2996/2990/2889
f 2969/2963/2862 2997/2991/2890 2996/2990/2889
f 2969/2963/2862 2998/2992/2891 2997/2991/2890
f 2996/2990/2889 2997/2991/2890 2999/2993/2892
f 2996/2990/2889 2999/2993/2892 2995/2989/2888
f 2995/2989/2888 2999/2993/2892 3000/2994/2893
f 2995/2989/2888 3000/2994/2893 3001/2995/2894
f 2994/2988/2887 2995/2989/2888 3001/2995/2894
f 2994/2988/2887 3001/2995/2894 3002/2996/2895
f 2993/2987/2886 2994/2988/2887 3002/2996/2895
f 2993/2987/2886 3002/2996/2895 2992/2986/2885
f 2992/2986/2885 3002/2996/2895 3003/2997/2896
f 2992/2986/2885 3003/2997/2896 3004/2998/2897
f 2991/2985/2884 2992/2986/2885 3004/2998/2897
f 2991/2985/2884 3004/2998/2897 2990/2984/2883
f 2990/2984/2883 3004/2998/2897 3005/2999/2898
f 2990/2984/2883 3005/2999/2898 2989/2983/2882
f 3004/2998/2897 3006/3000/2899 3005/2999/2898
f 3004/2998/2897 3003/2997/2896 3006/3000/2899
f 3003/2997/2896 3007/3001/2900 3006/3000/2899
f 3003/2997/2896 3008/3002/2901 3007/3001/2900
f 3002/2996/2895 3008/3002/2901 3003/2997/2896
f 3002/2996/2895 3001/2995/2894 3008/3002/2901
f 3001/2995/2894 3009/3003/2902 3008/3002/2901
f 3001/2995/2894 3000/2994/2893 3009/3003/2902
f 3008/3002/2901 3009/3003/2902 3010/3004/2903
f 3008/3002/2901 3010/3004/2903 3007/3001/2900
f 3011/3005/2904 3012/3006/2905 3013/3007/1944
f 3011/3005/2904 3013/3007/1944 3014/3008/2906
f 3011/3005/2904 3014/3008/2906 3015/3009/1946
f 3011/3005/2904 3015/3009/1946 3016/3010/2907
f 3016/3010/2907 3015/3009/1946 3017/3011/1948
f 3016/3010/2907 3017/3011/1948 3018/3012/2908
f 3018/3012/2908 3017/3011/1948 3019/3013/2909
f 3018/3012/2908 3019/3013/2909 3020/3014/2910
f 3020/3014/2910 3019/3013/2909 3021/3015/2029
f 3020/3014/2910 3021/3015/2029 3022/3016/2911
f 3017/3011/1948 3023/3017/2912 3019/3013/2909
f 3017/3011/1948 3024/3018/1956 3023/3017/2912
f 3015/3009/1946 3024/3018/1956 3017/3011/1948
f 3015/3009/1946 3025/3019/1957 3024/3018/1956
f 3014/3008/2906 3025/3019/1957 3015/3009/1946
f 3014/3008/2906 3026/3020/2913 3025/3019/1957
f 3014/3008/2906 3027/3021/1959 3026/3020/2913
f 3014/3008/2906 3013/3007/1944 3027/3021/1959
f 3013/3007/1944 3028/3022/1960 3027/3021/1959
f 3013/3007/1944 3029/3023/1961 3028/3022/1960
f 3012/3006/2905 3029/3023/1961 3013/3007/1944
f 3012/3006/2905 3030/3024/1962 3029/3023/1961
f 3030/3024/1962 3031/3025/1963 3029/3023/1961
f 3030/3024/1962 3032/3026/2914 3031/3025/1963
f 3032/3026/2914 3033/3027/2915 3031/3025/1963
f 3032/3026/2914 3034/3028/1966 3033/3027/2915
f 3034/3028/1966 3035/3029/2916 3033/3027/2915
f 3034/3028/1966 3036/3030/2917 3035/3029/2916
f 3033/3027/2915 3035/3029/2916 3037/3031/2918
f 3033/3027/2915 3037/3031/2918 3038/3032/2919
f 3031/3025/1963 3033/3027/2915 3038/3032/2919
f 3031/3025/1963 3038/3032/2919 3039/3033/1971
f 3029/3023/1961 3031/3025/1963 3039/3033/1971
f 3029/3023/1961 3039/3033/1971 3028/3022/1960
f 3028/3022/1960 3039/3033/1971 3040/3034/1972
f 3028/3022/1960 3040/3034/1972 3041/3035/2920
f 3027/3021/1959 3028/3022/1960 3041/3035/2920
f 3027/3021/1959 3041/3035/2920 3042/3036/1974
f 3026/3020/2913 3027/3021/1959 3042/3036/1974
f 3026/3020/2913 3042/3036/1974 3043/3037/2921
f 3026/3020/2913 3043/3037/2921 3044/3038/1976
f 3026/3020/2913 3044/3038/1976 3025/3019/1957
f 3025/3019/1957 3044/3038/1976 3045/3039/2922
f 3025/3019/1957 3045/3039/2922 3024/3018/1956
f 3044/3038/1976 3046/3040/2923 3045/3039/2922
f 3044/3038/1976 3047/3041/2924 3046/3040/2923
f 3043/3037/2921 3047/3041/2924 3044/3038/1976
f 3043/3037/2921 3048/3042/1982 3047/3041/2924
f 3043/3037/2921 3049/3043/2925 3048/3042/1982
f 3043/3037/2921 3042/3036/1974 3049/3043/2925
f 3042/3036/1974 3050/3044/1984 3049/3043/2925
f 3042/3036/1974 3041/3035/2920 3050/3044/1984
f 3041/3035/2920 3051/3045/2926 3050/3044/1984
f 3041/3035/2920 3040/3034/1972 3051/3045/2926
f 3048/3042/1982 3052/3046/2927 3047/3041/2924
f 3048/3042/1982 3053/3047/2928 3052/3046/2927
f 3039/3033/1971 3054/3048/1989 3040/3034/1972
f 3039/3033/1971 3038/3032/2919 3054/3048/1989
f 3055/3049/2929 3056/3050/1991 3057/3051/1992
f 3055/3049/2929 3057/3051/1992 3058/3052/2930
f 3056/3050/1991 3059/3053/2931 3057/3051/1992
f 3056/3050/1991 3060/3054/2932 3059/3053/2931
f 3060/3054/2932 3061/3055/2933 3059/3053/2931
f 3060/3054/2932 3062/3056/2934 3061/3055/2933
f 3062/3056/2934 3063/3057/1998 3061/3055/2933
f 3062/3056/2934 3064/3058/1999 3063/3057/1998
f 3065/3059/2935 3066/3060/2936 3067/3061/2937
f 3065/3059/2935 3067/3061/2937 3068/3062/2938
f 3076/3063/2067 3077/3064/2068 3078/3065/2069
f 3076/3063/2067 3078/3065/2069 3079/3066/2070
f 3079/3066/2070 3078/3065/2069 3080/3067/2071
f 3079/3066/2070 3080/3067/2071 3081/3068/2939
f 3081/3068/2939 3080/3067/2071 3082/3069/2073
f 3081/3068/2939 3082/3069/2073 3083/3070/2940
f 3083/3070/2940 3082/3069/2073 3084/3071/2941
f 3083/3070/2940 3084/3071/2941 3085/3072/2942
f 3085/3072/2942 3084/3071/2941 3086/3073/2943
f 3085/3072/2942 3086/3073/2943 3087/3074/2944
f 3084/3071/2941 3088/3075/2945 3086/3073/2943
f 3084/3071/2941 3089/3076/2946 3088/3075/2945
f 3082/3069/2073 3089/3076/2946 3084/3071/2941
f 3082/3069/2073 3090/3077/2947 3089/3076/2946
f 3080/3067/2071 3090/3077/2947 3082/3069/2073
f 3080/3067/2071 3091/3078/2082 3090/3077/2947
f 3078/3065/2069 3091/3078/2082 3080/3067/2071
f 3078/3065/2069 3092/3079/2948 3091/3078/2082
f 3077/3064/2068 3092/3079/2948 3078/3065/2069
f 3077/3064/2068 3093/3080/2084 3092/3079/2948
f 3077/3064/2068 3094/3081/2949 3093/3080/2084
f 3077/3064/2068 3095/3082/2950 3094/3081/2949
f 3076/3063/2067 3095/3082/2950 3077/3064/2068
f 3076/3063/2067 3096/3083/2087 3095/3082/2950
f 3093/3080/2084 3099/3084/2951 3100/3085/2952
f 3093/3080/2084 3100/3085/2952 3092/3079/2948
f 3092/3079/2948 3100/3085/2952 3101/3086/2103
f 3092/3079/2948 3101/3086/2103 3091/3078/2082
f 3091/3078/2082 3101/3086/2103 3102/3087/2953
f 3091/3078/2082 3102/3087/2953 3090/3077/2947
f 3090/3077/2947 3102/3087/2953 3103/3088/2105
f 3090/3077/2947 3103/3088/2105 3089/3076/2946
f 3101/3086/2103 3104/3089/2954 3102/3087/2953
f 3101/3086/2103 3105/3090/2107 3104/3089/2954
f 3100/3085/2952 3105/3090/2107 3101/3086/2103
f 3100/3085/2952 3106/3091/2955 3105/3090/2107
f 3099/3084/2951 3106/3091/2955 3100/3085/2952
f 4384/3092/2956 4385/3093/2957 3106/3091/2955
f 3107/3094/2958 3108/3095/2959 3109/3096/2123
f 3107/3094/2958 3109/3096/2123 3110/3097/2960
f 3110/3097/2960 3109/3096/2123 3111/3098/2961
f 3110/3097/2960 3111/3098/2961 3112/3099/2126
f 3112/3099/2126 3111/3098/2961 3113/3100/2962
f 3112/3099/2126 3113/3100/2962 3114/3101/2963
f 3114/3101/2963 3113/3100/2962 3115/3102/2964
f 3114/3101/2963 3115/3102/2964 3116/3103/1999
f 3111/3098/2961 3117/3104/2965 3113/3100/2962
f 3111/3098/2961 3118/3105/2966 3117/3104/2965
f 3119/3106/2195 3120/3107/2196 3121/3108/2967
f 3119/3106/2195 3121/3108/2967 3122/3109/2968
f 3119/3106/2195 3122/3109/2968 3123/3110/2969
f 3119/3106/2195 3123/3110/2969 3124/3111/2200
f 3124/3111/2200 3123/3110/2969 3125/3112/2201
f 3124/3111/2200 3125/3112/2201 3126/3113/2970
f 3126/3113/2970 3125/3112/2201 3127/3114/2203
f 3126/3113/2970 3127/3114/2203 3128/3115/2971
f 3128/3115/2971 3127/3114/2203 3129/3116/2205
f 3128/3115/2971 3129/3116/2205 3130/3117/2972
f 3130/3117/2972 3129/3116/2205 3131/3118/2207
f 3130/3117/2972 3131/3118/2207 3132/3119/2208
f 3127/3114/2203 3133/3120/2209 3129/3116/2205
f 3127/3114/2203 3134/3121/2210 3133/3120/2209
f 3125/3112/2201 3134/3121/2210 3127/3114/2203
f 3125/3112/2201 3135/3122/2973 3134/3121/2210
f 3123/3110/2969 3135/3122/2973 3125/3112/2201
f 3123/3110/2969 3136/3123/2974 3135/3122/2973
f 3122/3109/2968 3136/3123/2974 3123/3110/2969
f 3122/3109/2968 3137/3124/2975 3136/3123/2974
f 3122/3109/2968 3138/3125/2976 3137/3124/2975
f 3122/3109/2968 3121/3108/2967 3138/3125/2976
f 3121/3108/2967 3139/3126/2215 3138/3125/2976
f 3121/3108/2967 3140/3127/2216 3139/3126/2215
f 3120/3107/2196 3140/3127/2216 3121/3108/2967
f 3120/3107/2196 3141/3128/2977 3140/3127/2216
f 3141/3128/2977 3142/3129/2218 3140/3127/2216
f 3141/3128/2977 3143/3130/2978 3142/3129/2218
f 3143/3130/2978 3144/3131/2220 3142/3129/2218
f 3143/3130/2978 3145/3132/2979 3144/3131/2220
f 3145/3132/2979 3146/3133/2980 3144/3131/2220
f 3145/3132/2979 3147/3134/2981 3146/3133/2980
f 3142/3129/2218 3144/3131/2220 3148/3135/2257
f 3142/3129/2218 3148/3135/2257 3149/3136/2225
f 3140/3127/2216 3142/3129/2218 3149/3136/2225
f 3140/3127/2216 3149/3136/2225 3139/3126/2215
f 3139/3126/2215 3149/3136/2225 3150/3137/2226
f 3139/3126/2215 3150/3137/2226 3151/3138/2982
f 3138/3125/2976 3139/3126/2215 3151/3138/2982
f 3138/3125/2976 3151/3138/2982 3152/3139/2228
f 3137/3124/2975 3138/3125/2976 3152/3139/2228
f 3137/3124/2975 3152/3139/2228 3153/3140/2229
f 3137/3124/2975 3153/3140/2229 3154/3141/2983
f 3137/3124/2975 3154/3141/2983 3136/3123/2974
f 3136/3123/2974 3154/3141/2983 3155/3142/2984
f 3136/3123/2974 3155/3142/2984 3135/3122/2973
f 3135/3122/2973 3155/3142/2984 3156/3143/2985
f 3135/3122/2973 3156/3143/2985 3134/3121/2210
f 3154/3141/2983 3157/3144/2986 3155/3142/2984
f 3154/3141/2983 3158/3145/2987 3157/3144/2986
f 3153/3140/2229 3158/3145/2987 3154/3141/2983
f 3153/3140/2229 3159/3146/2988 3158/3145/2987
f 3153/3140/2229 3160/3147/2236 3159/3146/2988
f 3153/3140/2229 3152/3139/2228 3160/3147/2236
f 3152/3139/2228 3161/3148/2237 3160/3147/2236
f 3152/3139/2228 3151/3138/2982 3161/3148/2237
f 3151/3138/2982 3162/3149/2251 3161/3148/2237
f 3151/3138/2982 3150/3137/2226 3162/3149/2251
f 3160/3147/2236 3161/3148/2237 3163/3150/2989
f 3160/3147/2236 3163/3150/2989 3164/3151/2990
f 3159/3146/2988 3160/3147/2236 3164/3151/2990
f 3159/3146/2988 3164/3151/2990 3165/3152/2991
f 3159/3146/2988 3165/3152/2991 3166/3153/2992
f 3159/3146/2988 3166/3153/2992 3158/3145/2987
f 3149/3136/2225 3167/3154/2993 3150/3137/2226
f 3149/3136/2225 3148/3135/2257 3167/3154/2993
f 3168/3155/2994 3169/3156/2995 3170/3157/2996
f 3168/3155/2994 3170/3157/2996 3171/3158/2997
f 3169/3156/2995 3172/3159/2998 3170/3157/2996
f 3169/3156/2995 3173/3160/2999 3172/3159/2998
f 3174/3161/3000 3173/3160/2999 3169/3156/2995
f 3174/3161/3000 3175/3162/2251 3173/3160/2999
f 3175/3162/2251 3176/3163/3001 3173/3160/2999
f 3175/3162/2251 3177/3164/2253 3176/3163/3001
f 3178/3165/2226 3177/3164/2253 3175/3162/2251
f 3178/3165/2226 3179/3166/2993 3177/3164/2253
f 3179/3166/2993 3180/3167/3002 3177/3164/2253
f 3179/3166/2993 3181/3168/2256 3180/3167/3002
f 3182/3169/3003 3181/3168/2256 3179/3166/2993
f 3182/3169/3003 3183/3170/2258 3181/3168/2256
f 3184/3171/3004 3183/3170/2258 3182/3169/3003
f 3184/3171/3004 3185/3172/2260 3183/3170/2258
f 3185/3172/2260 3186/3173/3005 3183/3170/2258
f 3185/3172/2260 3187/3174/3006 3186/3173/3005
f 3188/3175/3007 3187/3174/3006 3185/3172/2260
f 3188/3175/3007 3189/3176/3008 3187/3174/3006
f 3189/3176/3008 3190/3177/2265 3187/3174/3006
f 3189/3176/3008 3191/3178/3009 3190/3177/2265
f 3191/3178/3009 3192/3179/3010 3190/3177/2265
f 3191/3178/3009 3193/3180/3011 3192/3179/3010
f 3193/3180/3011 3194/3181/2269 3192/3179/3010
f 3193/3180/3011 3195/3182/3012 3194/3181/2269
f 3192/3179/3010 3194/3181/2269 3196/3183/2379
f 3192/3179/3010 3196/3183/2379 3197/3184/3013
f 3190/3177/2265 3192/3179/3010 3197/3184/3013
f 3190/3177/2265 3197/3184/3013 3198/3185/2273
f 3187/3174/3006 3190/3177/2265 3198/3185/2273
f 3187/3174/3006 3198/3185/2273 3186/3173/3005
f 3186/3173/3005 3198/3185/2273 3199/3186/3014
f 3186/3173/3005 3199/3186/3014 3200/3187/3015
f 3183/3170/2258 3186/3173/3005 3200/3187/3015
f 3183/3170/2258 3200/3187/3015 3181/3168/2256
f 3181/3168/2256 3200/3187/3015 3201/3188/3016
f 3181/3168/2256 3201/3188/3016 3180/3167/3002
f 3180/3167/3002 3201/3188/3016 3202/3189/2277
f 3180/3167/3002 3202/3189/2277 3203/3190/2278
f 3177/3164/2253 3180/3167/3002 3203/3190/2278
f 3177/3164/2253 3203/3190/2278 3176/3163/3001
f 3176/3163/3001 3203/3190/2278 3204/3191/3017
f 3176/3163/3001 3204/3191/3017 3205/3192/3018
f 3173/3160/2999 3176/3163/3001 3205/3192/3018
f 3173/3160/2999 3205/3192/3018 3172/3159/2998
f 3172/3159/2998 3205/3192/3018 3206/3193/3019
f 3172/3159/2998 3206/3193/3019 3207/3194/3020
f 3170/3157/2996 3172/3159/2998 3207/3194/3020
f 3170/3157/2996 3207/3194/3020 3208/3195/3021
f 3205/3192/3018 3209/3196/3022 3206/3193/3019
f 3205/3192/3018 3204/3191/3017 3209/3196/3022
f 3204/3191/3017 3210/3197/3023 3209/3196/3022
f 3204/3191/3017 3211/3198/3024 3210/3197/3023
f 3203/3190/2278 3211/3198/3024 3204/3191/3017
f 3203/3190/2278 3202/3189/2277 3211/3198/3024
f 3202/3189/2277 3212/3199/3025 3211/3198/3024
f 3202/3189/2277 3213/3200/3026 3212/3199/3025
f 3201/3188/3016 3213/3200/3026 3202/3189/2277
f 3201/3188/3016 3214/3201/2289 3213/3200/3026
f 3200/3187/3015 3214/3201/2289 3201/3188/3016
f 3200/3187/3015 3199/3186/3014 3214/3201/2289
f 3199/3186/3014 3215/3202/3027 3214/3201/2289
f 3199/3186/3014 3216/3203/2291 3215/3202/3027
f 3198/3185/2273 3216/3203/2291 3199/3186/3014
f 3198/3185/2273 3197/3184/3013 3216/3203/2291
f 3197/3184/3013 3217/3204/2400 3216/3203/2291
f 3197/3184/3013 3196/3183/2379 3217/3204/2400
f 3216/3203/2291 3217/3204/2400 3218/3205/2293
f 3216/3203/2291 3218/3205/2293 3215/3202/3027
f 3215/3202/3027 3218/3205/2293 3219/3206/2294
f 3215/3202/3027 3219/3206/2294 3220/3207/3028
f 3214/3201/2289 3215/3202/3027 3220/3207/3028
f 3214/3201/2289 3220/3207/3028 3213/3200/3026
f 3213/3200/3026 3220/3207/3028 3221/3208/3029
f 3213/3200/3026 3221/3208/3029 3212/3199/3025
f 3212/3199/3025 3221/3208/3029 3222/3209/3030
f 3212/3199/3025 3222/3209/3030 3223/3210/3031
f 3211/3198/3024 3212/3199/3025 3223/3210/3031
f 3211/3198/3024 3223/3210/3031 3210/3197/3023
f 3221/3208/3029 3224/3211/3032 3222/3209/3030
f 3221/3208/3029 3225/3212/2405 3224/3211/3032
f 3220/3207/3028 3225/3212/2405 3221/3208/3029
f 3220/3207/3028 3219/3206/2294 3225/3212/2405
f 3226/3213/3033 3227/3214/3034 3228/3215/3035
f 3226/3213/3033 3228/3215/3035 3229/3216/3036
f 3230/3217/3037 3227/3214/3034 3226/3213/3033
f 3230/3217/3037 3231/3218/3038 3227/3214/3034
f 3232/3219/3036 3231/3218/3038 3230/3217/3037
f 3232/3219/3036 3233/3220/3039 3231/3218/3038
f 3234/3221/3040 3233/3220/3039 3232/3219/3036
f 3234/3221/3040 3235/3222/3041 3233/3220/3039
f 3236/3223/3042 3235/3222/3041 3234/3221/3040
f 3236/3223/3042 3237/3224/3043 3235/3222/3041
f 3238/3225/3044 3237/3224/3043 3236/3223/3042
f 3238/3225/3044 3239/3226/3045 3237/3224/3043
f 3240/3227/3046 3239/3226/3045 3238/3225/3044
f 3240/3227/3046 3241/3228/3047 3239/3226/3045
f 3242/3229/3048 3241/3228/3047 3240/3227/3046
f 3242/3229/3048 3243/3230/3049 3241/3228/3047
f 3244/3231/3050 3243/3230/3049 3242/3229/3048
f 3244/3231/3050 3245/3232/3051 3243/3230/3049
f 3244/3231/3050 3246/3233/3052 3245/3232/3051
f 3244/3231/3050 3247/3234/3053 3246/3233/3052
f 3244/3231/3050 3248/3235/3054 3247/3234/3053
f 3244/3231/3050 3249/3236/3055 3248/3235/3054
f 3244/3231/3050 3250/3237/3056 3249/3236/3055
f 3244/3231/3050 3251/3238/3057 3250/3237/3056
f 3251/3238/3057 3252/3239/3058 3250/3237/3056
f 3251/3238/3057 3253/3240/3059 3252/3239/3058
f 3253/3240/3059 3254/3241/3060 3252/3239/3058
f 3253/3240/3059 3255/3242/3061 3254/3241/3060
f 3255/3242/3061 3256/3243/3062 3254/3241/3060
f 3255/3242/3061 3257/3244/3063 3256/3243/3062
f 3257/3244/3063 3258/3245/3064 3256/3243/3062
f 3257/3244/3063 3259/3246/3065 3258/3245/3064
f 3259/3246/3065 3260/3247/3066 3258/3245/3064
f 3259/3246/3065 3261/3248/3067 3260/3247/3066
f 3261/3248/3067 3262/3249/3068 3260/3247/3066
f 3261/3248/3067 3263/3250/3069 3262/3249/3068
f 3263/3250/3069 3264/3251/3070 3262/3249/3068
f 3263/3250/3069 3265/3252/3071 3264/3251/3070
f 3265/3252/3071 3266/3253/3072 3264/3251/3070
f 3265/3252/3071 3267/3254/3073 3266/3253/3072
f 3247/3234/3053 3248/3235/3054 3268/3255/3074
f 3247/3234/3053 3268/3255/3074 3269/3256/3075
f 3246/3233/3052 3247/3234/3053 3269/3256/3075
f 3246/3233/3052 3269/3256/3075 3270/3257/3076
f 3271/3258/3077 3246/3233/3052 3270/3257/3076
f 3272/3259/3078 3246/3233/3052 3271/3258/3077
f 3272/3259/3078 3271/3258/3077 3273/3260/3079
f 3272/3259/3078 3273/3260/3079 3274/3261/3080
f 3272/3259/3078 3274/3261/3080 3275/3262/3081
f 3272/3259/3078 3275/3262/3081 3276/3263/3082
f 3276/3263/3082 3275/3262/3081 3277/3264/3083
f 3276/3263/3082 3277/3264/3083 3278/3265/3084
f 3278/3265/3084 3277/3264/3083 3279/3266/3085
f 3278/3265/3084 3279/3266/3085 3280/3267/3086
f 3280/3267/3086 3279/3266/3085 3281/3268/3087
f 3280/3267/3086 3281/3268/3087 3282/3269/3088
f 3282/3269/3088 3281/3268/3087 3283/3270/3089
f 3282/3269/3088 3283/3270/3089 3284/3271/3086
f 3284/3271/3086 3283/3270/3089 3285/3272/3090
f 3284/3271/3086 3285/3272/3090 3286/3273/3091
f 3286/3273/3091 3285/3272/3090 3287/3274/3092
f 3286/3273/3091 3287/3274/3092 3288/3275/3093
f 3288/3275/3093 3287/3274/3092 3289/3276/3094
f 3288/3275/3093 3289/3276/3094 3290/3277/3095
f 3290/3277/3095 3289/3276/3094 3291/3278/3096
f 3290/3277/3095 3291/3278/3096 3292/3279/3097
f 3293/3280/3098 3291/3278/3096 3289/3276/3094
f 3293/3280/3098 3294/3281/3099 3291/3278/3096
f 3295/3282/3100 3293/3280/3098 3289/3276/3094
f 3295/3282/3100 3289/3276/3094 3287/3274/3092
f 3296/3283/3101 3295/3282/3100 3287/3274/3092
f 3296/3283/3101 3287/3274/3092 3285/3272/3090
f 3297/3284/3102 3296/3283/3101 3285/3272/3090
f 3297/3284/3102 3285/3272/3090 3283/3270/3089
f 3298/3285/3103 3297/3284/3102 3283/3270/3089
f 3298/3285/3103 3283/3270/3089 3281/3268/3087
f 3299/3286/3104 3298/3285/3103 3281/3268/3087
f 3299/3286/3104 3281/3268/3087 3279/3266/3085
f 3300/3287/3105 3299/3286/3104 3279/3266/3085
f 3300/3287/3105 3279/3266/3085 3277/3264/3083
f 3301/3288/3106 3300/3287/3105 3277/3264/3083
f 3301/3288/3106 3277/3264/3083 3275/3262/3081
f 3302/3289/3107 3301/3288/3106 3275/3262/3081
f 3302/3289/3107 3275/3262/3081 3274/3261/3080
f 3302/3289/3107 3274/3261/3080 3273/3260/3079
f 3302/3289/3107 3273/3260/3079 3303/3290/3108
f 3302/3289/3107 3303/3290/3108 3304/3291/3109
f 3302/3289/3107 3304/3291/3109 3305/3292/3110
f 3302/3289/3107 3305/3292/3110 3306/3293/3111
f 3302/3289/3107 3306/3293/3111 3307/3294/3112
f 3307/3294/3112 3306/3293/3111 3308/3295/3113
f 3307/3294/3112 3308/3295/3113 3309/3296/3114
f 3309/3296/3114 3308/3295/3113 3310/3297/3115
f 3309/3296/3114 3310/3297/3115 3311/3298/3116
f 3311/3298/3116 3310/3297/3115 3312/3299/3117
f 3311/3298/3116 3312/3299/3117 3313/3300/3118
f 3313/3300/3118 3312/3299/3117 3314/3301/3119
f 3313/3300/3118 3314/3301/3119 3315/3302/3120
f 3315/3302/3120 3314/3301/3119 3316/3303/3121
f 3315/3302/3120 3316/3303/3121 3317/3304/3116
f 3317/3304/3116 3316/3303/3121 3318/3305/3122
f 3317/3304/3116 3318/3305/3122 3319/3306/3123
f 3319/3306/3123 3318/3305/3122 3320/3307/3124
f 3319/3306/3123 3320/3307/3124 3321/3308/3125
f 3321/3308/3125 3320/3307/3124 3322/3309/3126
f 3321/3308/3125 3322/3309/3126 3323/3310/3116
f 3324/3311/3127 3322/3309/3126 3320/3307/3124
f 3324/3311/3127 3325/3312/3128 3322/3309/3126
f 3326/3313/3129 3324/3311/3127 3320/3307/3124
f 3326/3313/3129 3320/3307/3124 3318/3305/3122
f 3327/3314/3130 3326/3313/3129 3318/3305/3122
f 3327/3314/3130 3318/3305/3122 3316/3303/3121
f 3328/3315/3131 3327/3314/3130 3316/3303/3121
f 3328/3315/3131 3316/3303/3121 3314/3301/3119
f 3329/3316/3132 3328/3315/3131 3314/3301/3119
f 3329/3316/3132 3314/3301/3119 3312/3299/3117
f 3330/3317/3133 3329/3316/3132 3312/3299/3117
f 3330/3317/3133 3312/3299/3117 3310/3297/3115
f 3331/3318/3134 3330/3317/3133 3310/3297/3115
f 3331/3318/3134 3310/3297/3115 3308/3295/3113
f 3332/3319/3135 3331/3318/3134 3308/3295/3113
f 3332/3319/3135 3308/3295/3113 3306/3293/3111
f 3333/3320/3136 3332/3319/3135 3306/3293/3111
f 3333/3320/3136 3306/3293/3111 3305/3292/3110
f 3333/3320/3136 3305/3292/3110 3304/3291/3109
f 3333/3320/3136 3304/3291/3109 3334/3321/3137
f 3333/3320/3136 3334/3321/3137 3335/3322/3138
f 3333/3320/3136 3335/3322/3138 3336/3323/3139
f 3333/3320/3136 3336/3323/3139 3337/3324/3140
f 3333/3320/3136 3337/3324/3140 3338/3325/3141
f 3338/3325/3141 3337/3324/3140 3339/3326/3142
f 3338/3325/3141 3339/3326/3142 3340/3327/3143
f 3340/3327/3143 3339/3326/3142 3341/3328/3144
f 3340/3327/3143 3341/3328/3144 3342/3329/3145
f 3342/3329/3145 3341/3328/3144 3343/3330/3146
f 3342/3329/3145 3343/3330/3146 3344/3331/3147
f 3344/3331/3147 3343/3330/3146 3345/3332/3148
f 3344/3331/3147 3345/3332/3148 3346/3333/3149
f 3346/3333/3149 3345/3332/3148 3347/3334/3150
f 3346/3333/3149 3347/3334/3150 3348/3335/3151
f 3348/3335/3151 3347/3334/3150 3349/3336/3152
f 3348/3335/3151 3349/3336/3152 3350/3337/3153
f 3350/3337/3153 3349/3336/3152 3351/3338/3154
f 3350/3337/3153 3351/3338/3154 3352/3339/3155
f 3352/3339/3155 3351/3338/3154 3353/3340/3156
f 3352/3339/3155 3353/3340/3156 3354/3341/3155
f 3335/3322/3138 3334/3321/3137 3355/3342/3157
f 3335/3322/3138 3355/3342/3157 3356/3343/3158
f 3334/3321/3137 3357/3344/3159 3355/3342/3157
f 3334/3321/3137 3304/3291/3109 3357/3344/3159
f 3304/3291/3109 3358/3345/3160 3357/3344/3159
f 3304/3291/3109 3303/3290/3108 3358/3345/3160
f 3303/3290/3108 3359/3346/3161 3358/3345/3160
f 3303/3290/3108 3273/3260/3079 3359/3346/3161
f 3273/3260/3079 3360/3347/3162 3359/3346/3161
f 3273/3260/3079 3271/3258/3077 3360/3347/3162
f 3271/3258/3077 3270/3257/3076 3360/3347/3162
f 3361/3348/2301 3362/3349/3163 3363/3350/3164
f 3361/3348/2301 3363/3350/3164 3364/3351/3165
f 3364/3351/3165 3363/3350/3164 3365/3352/3166
f 3364/3351/3165 3365/3352/3166 3366/3353/2306
f 3366/3353/2306 3365/3352/3166 3367/3354/3167
f 3366/3353/2306 3367/3354/3167 3368/3355/3168
f 3368/3355/3168 3367/3354/3167 3369/3356/2309
f 3368/3355/3168 3369/3356/2309 3370/3357/2310
f 3370/3357/2310 3369/3356/2309 3371/3358/3169
f 3370/3357/2310 3371/3358/3169 3372/3359/3170
f 3367/3354/3167 3373/3360/3171 3369/3356/2309
f 3367/3354/3167 3374/3361/2314 3373/3360/3171
f 3365/3352/3166 3374/3361/2314 3367/3354/3167
f 3365/3352/3166 3375/3362/3172 3374/3361/2314
f 3363/3350/3164 3375/3362/3172 3365/3352/3166
f 3363/3350/3164 3376/3363/3173 3375/3362/3172
f 3362/3349/3163 3376/3363/3173 3363/3350/3164
f 3362/3349/3163 3377/3364/3174 3376/3363/3173
f 3362/3349/3163 3378/3365/2318 3377/3364/3174
f 3362/3349/3163 3379/3366/2319 3378/3365/2318
f 3361/3348/2301 3379/3366/2319 3362/3349/3163
f 3361/3348/2301 3380/3367/2320 3379/3366/2319
f 3380/3367/2320 3381/3368/3175 3379/3366/2319
f 3380/3367/2320 3382/3369/3176 3381/3368/3175
f 3382/3369/3176 3383/3370/3177 3381/3368/3175
f 3382/3369/3176 3384/3371/2324 3383/3370/3177
f 3384/3371/2324 3385/3372/2325 3383/3370/3177
f 3384/3371/2324 3386/3373/2326 3385/3372/2325
f 3386/3373/2326 3387/3374/2327 3385/3372/2325
f 3386/3373/2326 3388/3375/3178 3387/3374/2327
f 3385/3372/2325 3387/3374/2327 3389/3376/2329
f 3385/3372/2325 3389/3376/2329 3390/3377/2330
f 3383/3370/3177 3385/3372/2325 3390/3377/2330
f 3383/3370/3177 3390/3377/2330 3391/3378/2331
f 3381/3368/3175 3383/3370/3177 3391/3378/2331
f 3381/3368/3175 3391/3378/2331 3392/3379/2332
f 3379/3366/2319 3381/3368/3175 3392/3379/2332
f 3379/3366/2319 3392/3379/2332 3378/3365/2318
f 3378/3365/2318 3392/3379/2332 3393/3380/3179
f 3378/3365/2318 3393/3380/3179 3394/3381/2334
f 3377/3364/3174 3378/3365/2318 3394/3381/2334
f 3377/3364/3174 3394/3381/2334 3395/3382/2335
f 3377/3364/3174 3395/3382/2335 3396/3383/3180
f 3377/3364/3174 3396/3383/3180 3376/3363/3173
f 3376/3363/3173 3396/3383/3180 3397/3384/2337
f 3376/3363/3173 3397/3384/2337 3375/3362/3172
f 3375/3362/3172 3397/3384/2337 3398/3385/3181
f 3375/3362/3172 3398/3385/3181 3374/3361/2314
f 3374/3361/2314 3398/3385/3181 3399/3386/3182
f 3374/3361/2314 3399/3386/3182 3373/3360/3171
f 3397/3384/2337 3400/3387/3183 3398/3385/3181
f 3397/3384/2337 3401/3388/2359 3400/3387/3183
f 3396/3383/3180 3401/3388/2359 3397/3384/2337
f 3396/3383/3180 3402/3389/2342 3401/3388/2359
f 3395/3382/2335 3402/3389/2342 3396/3383/3180
f 3395/3382/2335 3403/3390/3184 3402/3389/2342
f 3395/3382/2335 3404/3391/3185 3403/3390/3184
f 3395/3382/2335 3394/3381/2334 3404/3391/3185
f 3394/3381/2334 3405/3392/3186 3404/3391/3185
f 3394/3381/2334 3393/3380/3179 3405/3392/3186
f 3393/3380/3179 3406/3393/3187 3405/3392/3186
f 3393/3380/3179 3407/3394/3188 3406/3393/3187
f 3392/3379/2332 3407/3394/3188 3393/3380/3179
f 3392/3379/2332 3391/3378/2331 3407/3394/3188
f 3391/3378/2331 3408/3395/3189 3407/3394/3188
f 3391/3378/2331 3390/3377/2330 3408/3395/3189
f 3404/3391/3185 3405/3392/3186 3409/3396/3190
f 3404/3391/3185 3409/3396/3190 3410/3397/2350
f 3403/3390/3184 3404/3391/3185 3410/3397/2350
f 3403/3390/3184 3410/3397/2350 3411/3398/3191
f 3403/3390/3184 3411/3398/3191 3412/3399/3192
f 3403/3390/3184 3412/3399/3192 3402/3389/2342
f 3402/3389/2342 3412/3399/3192 3413/3400/3193
f 3402/3389/2342 3413/3400/3193 3401/3388/2359
f 3414/3401/3194 3415/3402/3195 3416/3403/2356
f 3414/3401/3194 3416/3403/2356 3417/3404/3196
f 3417/3404/3196 3416/3403/2356 3418/3405/3197
f 3417/3404/3196 3418/3405/3197 3419/3406/3198
f 3420/3407/3199 3417/3404/3196 3419/3406/3198
f 3420/3407/3199 3419/3406/3198 3421/3408/3200
f 3421/3408/3200 3419/3406/3198 3422/3409/3201
f 3421/3408/3200 3422/3409/3201 3423/3410/2362
f 3424/3411/2363 3421/3408/3200 3423/3410/2362
f 3424/3411/2363 3423/3410/2362 3425/3412/3202
f 3425/3412/3202 3423/3410/2362 3426/3413/3203
f 3425/3412/3202 3426/3413/3203 3427/3414/3204
f 3428/3415/3171 3425/3412/3202 3427/3414/3204
f 3428/3415/3171 3427/3414/3204 3429/3416/3205
f 3430/3417/3206 3428/3415/3171 3429/3416/3205
f 3430/3417/3206 3429/3416/3205 3431/3418/3169
f 3431/3418/3169 3429/3416/3205 3432/3419/3207
f 3431/3418/3169 3432/3419/3207 3433/3420/3208
f 3434/3421/3209 3431/3418/3169 3433/3420/3208
f 3434/3421/3209 3433/3420/3208 3435/3422/3210
f 3435/3422/3210 3433/3420/3208 3436/3423/2374
f 3435/3422/3210 3436/3423/2374 3437/3424/3211
f 3437/3424/3211 3436/3423/2374 3438/3425/3212
f 3437/3424/3211 3438/3425/3212 3439/3426/3213
f 3439/3426/3213 3438/3425/3212 3440/3427/2269
f 3439/3426/3213 3440/3427/2269 3441/3428/3012
f 3438/3425/3212 3442/3429/3214 3440/3427/2269
f 3438/3425/3212 3443/3430/3215 3442/3429/3214
f 3436/3423/2374 3443/3430/3215 3438/3425/3212
f 3436/3423/2374 3444/3431/3216 3443/3430/3215
f 3433/3420/3208 3444/3431/3216 3436/3423/2374
f 3433/3420/3208 3432/3419/3207 3444/3431/3216
f 3432/3419/3207 3445/3432/2382 3444/3431/3216
f 3432/3419/3207 3446/3433/3217 3445/3432/2382
f 3429/3416/3205 3446/3433/3217 3432/3419/3207
f 3429/3416/3205 3427/3414/3204 3446/3433/3217
f 3427/3414/3204 3447/3434/3218 3446/3433/3217
f 3427/3414/3204 3426/3413/3203 3447/3434/3218
f 3426/3413/3203 3448/3435/2385 3447/3434/3218
f 3426/3413/3203 3449/3436/3219 3448/3435/2385
f 3423/3410/2362 3449/3436/3219 3426/3413/3203
f 3423/3410/2362 3422/3409/3201 3449/3436/3219
f 3422/3409/3201 3450/3437/3220 3449/3436/3219
f 3422/3409/3201 3451/3438/3221 3450/3437/3220
f 3419/3406/3198 3451/3438/3221 3422/3409/3201
f 3419/3406/3198 3418/3405/3197 3451/3438/3221
f 3418/3405/3197 3452/3439/3222 3451/3438/3221
f 3418/3405/3197 3453/3440/3223 3452/3439/3222
f 3416/3403/2356 3453/3440/3223 3418/3405/3197
f 3416/3403/2356 3454/3441/3224 3453/3440/3223
f 3451/3438/3221 3452/3439/3222 3455/3442/3225
f 3451/3438/3221 3455/3442/3225 3450/3437/3220
f 3450/3437/3220 3455/3442/3225 3456/3443/3226
f 3450/3437/3220 3456/3443/3226 3457/3444/3227
f 3449/3436/3219 3450/3437/3220 3457/3444/3227
f 3449/3436/3219 3457/3444/3227 3448/3435/2385
f 3448/3435/2385 3457/3444/3227 3458/3445/3228
f 3448/3435/2385 3458/3445/3228 3459/3446/3229
f 3447/3434/3218 3448/3435/2385 3459/3446/3229
f 3447/3434/3218 3459/3446/3229 3460/3447/3230
f 3446/3433/3217 3447/3434/3218 3460/3447/3230
f 3446/3433/3217 3460/3447/3230 3445/3432/2382
f 3445/3432/2382 3460/3447/3230 3461/3448/3231
f 3445/3432/2382 3461/3448/3231 3462/3449/3232
f 3444/3431/3216 3445/3432/2382 3462/3449/3232
f 3444/3431/3216 3462/3449/3232 3443/3430/3215
f 3443/3430/3215 3462/3449/3232 3463/3450/2292
f 3443/3430/3215 3463/3450/2292 3442/3429/3214
f 3462/3449/3232 3464/3451/3233 3463/3450/2292
f 3462/3449/3232 3461/3448/3231 3464/3451/3233
f 3461/3448/3231 3465/3452/2294 3464/3451/3233
f 3461/3448/3231 3466/3453/3234 3465/3452/2294
f 3460/3447/3230 3466/3453/3234 3461/3448/3231
f 3460/3447/3230 3459/3446/3229 3466/3453/3234
f 3459/3446/3229 3467/3454/3235 3466/3453/3234
f 3459/3446/3229 3458/3445/3228 3467/3454/3235
f 3458/3445/3228 3468/3455/3236 3467/3454/3235
f 3458/3445/3228 3469/3456/3237 3468/3455/3236
f 3457/3444/3227 3469/3456/3237 3458/3445/3228
f 3457/3444/3227 3456/3443/3226 3469/3456/3237
f 3467/3454/3235 3468/3455/3236 3470/3457/3238
f 3467/3454/3235 3470/3457/3238 3471/3458/2405
f 3466/3453/3234 3467/3454/3235 3471/3458/2405
f 3466/3453/3234 3471/3458/2405 3465/3452/2294
s 0
f 3472/3459/3033 3473/3460/3033 3474/3461/3033
s 1
f 3472/3459/3033 3474/3461/3036 3475/3462/3239
f 3476/3463/3240 3472/3459/3033 3475/3462/3239
f 3476/3463/3240 3475/3462/3239 3477/3464/3241
f 3478/3465/3036 3476/3463/3240 3477/3464/3241
f 3478/3465/3036 3477/3464/3241 3479/3466/3242
f 3480/3467/3033 3478/3465/3036 3479/3466/3242
f 3480/3467/3033 3479/3466/3242 3481/3468/3243
f 3482/3469/3244 3480/3467/3033 3481/3468/3243
f 3482/3469/3244 3481/3468/3243 3483/3470/3245
f 3484/3471/3246 3482/3469/3244 3483/3470/3245
f 3484/3471/3246 3483/3470/3245 3485/3472/3247
f 3486/3473/3248 3484/3471/3246 3485/3472/3247
f 3486/3473/3248 3485/3472/3247 3487/3474/3249
f 3488/3475/3250 3486/3473/3248 3487/3474/3249
f 3488/3475/3250 3487/3474/3249 3489/3476/3251
f 3490/3477/3252 3488/3475/3250 3489/3476/3251
f 3490/3477/3252 3489/3476/3251 3491/3478/3253
f 3490/3477/3252 3491/3478/3253 3492/3479/3254
f 3490/3477/3252 3492/3479/3254 3493/3480/3255
f 3490/3477/3252 3493/3480/3255 3494/3481/3256
f 3490/3477/3252 3494/3481/3256 3495/3482/3257
f 3490/3477/3252 3495/3482/3257 3496/3483/3258
f 3490/3477/3252 3496/3483/3258 3497/3484/3259
f 3497/3484/3259 3496/3483/3258 3498/3485/3260
f 3497/3484/3259 3498/3485/3260 3499/3486/3261
f 3499/3486/3261 3498/3485/3260 3500/3487/3262
f 3499/3486/3261 3500/3487/3262 3501/3488/3263
f 3501/3488/3263 3500/3487/3262 3502/3489/1521
f 3501/3488/3263 3502/3489/1521 3503/3490/3264
f 3503/3490/3264 3502/3489/1521 3504/3491/3265
f 3503/3490/3264 3504/3491/3265 3505/3492/3266
f 3505/3492/3266 3504/3491/3265 3506/3493/3267
f 3505/3492/3266 3506/3493/3267 3507/3494/3268
f 3507/3494/3268 3506/3493/3267 3508/3495/1526
f 3507/3494/3268 3508/3495/1526 3509/3496/3269
f 3509/3496/3269 3508/3495/1526 3510/3497/1528
f 3509/3496/3269 3510/3497/1528 3511/3498/3270
f 3511/3498/3270 3510/3497/1528 3512/3499/3271
f 3511/3498/3270 3512/3499/3271 3513/3500/3073
f 3514/3501/3272 3492/3479/3254 3491/3478/3253
f 3514/3501/3272 3491/3478/3253 3489/3476/3251
f 3514/3501/3272 3489/3476/3251 3515/3502/3273
f 3515/3502/3273 3489/3476/3251 3487/3474/3249
f 3515/3502/3273 3487/3474/3249 3516/3503/3274
f 3516/3503/3274 3487/3474/3249 3485/3472/3247
f 3516/3503/3274 3485/3472/3247 3517/3504/3275
f 3517/3504/3275 3485/3472/3247 3483/3470/3245
f 3517/3504/3275 3483/3470/3245 3518/3505/3276
f 3518/3505/3276 3483/3470/3245 3481/3468/3243
f 3518/3505/3276 3481/3468/3243 3519/3506/3277
f 3519/3506/3277 3481/3468/3243 3479/3466/3242
f 3519/3506/3277 3479/3466/3242 3520/3507/3278
f 3520/3507/3278 3479/3466/3242 3477/3464/3241
f 3520/3507/3278 3477/3464/3241 3521/3508/3279
f 3521/3508/3279 3477/3464/3241 3475/3462/3239
f 3521/3508/3279 3475/3462/3239 3522/3509/3280
f 3522/3509/3280 3475/3462/3239 3523/3461/3035
f 3522/3509/3280 3523/3461/3035 3524/3510/3281
f 3514/3501/3272 3525/3511/3282 3492/3479/3254
f 3514/3501/3272 3526/3512/3283 3525/3511/3282
f 3514/3501/3272 3527/3513/3284 3526/3512/3283
f 3514/3501/3272 3528/3514/3285 3527/3513/3284
f 3514/3501/3272 3529/3515/3286 3528/3514/3285
f 3529/3515/3286 3530/3516/3287 3528/3514/3285
f 3529/3515/3286 3531/3517/3288 3530/3516/3287
f 3531/3517/3288 3532/3518/3289 3530/3516/3287
f 3531/3517/3288 3533/3519/3091 3532/3518/3289
f 3533/3519/3091 3534/3520/3290 3532/3518/3289
f 3533/3519/3091 3535/3521/3291 3534/3520/3290
f 3535/3521/3291 3536/3522/3292 3534/3520/3290
f 3535/3521/3291 3537/3523/3091 3536/3522/3292
f 3537/3523/3091 3538/3524/3293 3536/3522/3292
f 3537/3523/3091 3539/3525/3294 3538/3524/3293
f 3539/3525/3294 3540/3526/3295 3538/3524/3293
f 3539/3525/3294 3541/3527/3296 3540/3526/3295
f 3541/3527/3296 3542/3528/3297 3540/3526/3295
f 3541/3527/3296 3543/3529/3084 3542/3528/3297
f 3543/3529/3084 3544/3530/3298 3542/3528/3297
s 0
f 3543/3529/3097 3545/3531/3097 3544/3530/3097
s 1
f 3546/3532/3299 3540/3526/3295 3542/3528/3297
f 3546/3532/3299 3542/3528/3297 3547/3533/3300
f 3547/3533/3300 3542/3528/3297 3548/3530/3301
f 3547/3533/3300 3548/3530/3301 3549/3534/3302
f 3550/3535/3303 3540/3526/3295 3546/3532/3299
f 3550/3535/3303 3538/3524/3293 3540/3526/3295
f 3551/3536/3304 3538/3524/3293 3550/3535/3303
f 3551/3536/3304 3536/3522/3292 3538/3524/3293
f 3552/3537/3305 3536/3522/3292 3551/3536/3304
f 3552/3537/3305 3534/3520/3290 3536/3522/3292
f 3553/3538/3306 3534/3520/3290 3552/3537/3305
f 3553/3538/3306 3532/3518/3289 3534/3520/3290
f 3554/3539/3307 3532/3518/3289 3553/3538/3306
f 3554/3539/3307 3530/3516/3287 3532/3518/3289
f 3555/3540/3308 3530/3516/3287 3554/3539/3307
f 3555/3540/3308 3528/3514/3285 3530/3516/3287
f 3556/3541/3309 3528/3514/3285 3555/3540/3308
f 3556/3541/3309 3527/3513/3284 3528/3514/3285
f 3556/3541/3309 3526/3512/3283 3527/3513/3284
f 3556/3541/3309 3557/3542/3310 3526/3512/3283
f 3556/3541/3309 3558/3543/3311 3557/3542/3310
f 3556/3541/3309 3559/3544/3312 3558/3543/3311
f 3556/3541/3309 3560/3545/3313 3559/3544/3312
f 3556/3541/3309 3561/3546/3314 3560/3545/3313
f 3561/3546/3314 3562/3547/3315 3560/3545/3313
f 3561/3546/3314 3563/3548/3316 3562/3547/3315
f 3563/3548/3316 3564/3549/3317 3562/3547/3315
f 3563/3548/3316 3565/3550/3125 3564/3549/3317
f 3565/3550/3125 3566/3551/3318 3564/3549/3317
f 3565/3550/3125 3567/3552/3319 3566/3551/3318
f 3567/3552/3319 3568/3553/3320 3566/3551/3318
f 3567/3552/3319 3569/3554/3120 3568/3553/3320
f 3569/3554/3120 3570/3555/3321 3568/3553/3320
f 3569/3554/3120 3571/3556/3116 3570/3555/3321
f 3571/3556/3116 3572/3557/3322 3570/3555/3321
f 3571/3556/3116 3573/3558/3123 3572/3557/3322
f 3573/3558/3123 3574/3559/3323 3572/3557/3322
f 3573/3558/3123 3575/3560/3324 3574/3559/3323
f 3575/3560/3324 3576/3561/3325 3574/3559/3323
s 0
f 3575/3560/3325 3577/3562/3325 3576/3561/3325
s 1
f 3578/3563/3326 3572/3557/3322 3574/3559/3323
f 3578/3563/3326 3574/3559/3323 3579/3564/3327
f 3579/3564/3327 3574/3559/3323 3580/3561/3126
f 3579/3564/3327 3580/3561/3126 3581/3565/3128
f 3582/3566/3328 3572/3557/3322 3578/3563/3326
f 3582/3566/3328 3570/3555/3321 3572/3557/3322
f 3583/3567/3329 3570/3555/3321 3582/3566/3328
f 3583/3567/3329 3568/3553/3320 3570/3555/3321
f 3584/3568/3330 3568/3553/3320 3583/3567/3329
f 3584/3568/3330 3566/3551/3318 3568/3553/3320
f 3585/3569/3331 3566/3551/3318 3584/3568/3330
f 3585/3569/3331 3564/3549/3317 3566/3551/3318
f 3586/3570/3332 3564/3549/3317 3585/3569/3331
f 3586/3570/3332 3562/3547/3315 3564/3549/3317
f 3587/3571/3333 3562/3547/3315 3586/3570/3332
f 3587/3571/3333 3560/3545/3313 3562/3547/3315
f 3588/3572/3334 3560/3545/3313 3587/3571/3333
f 3588/3572/3334 3559/3544/3312 3560/3545/3313
f 3588/3572/3334 3558/3543/3311 3559/3544/3312
f 3588/3572/3334 3589/3573/3335 3558/3543/3311
s 0
f 3597/3574/3336 3599/3575/3336 3598/3576/3336
s 1
f 3600/3577/2406 3601/3578/2407 3602/3579/3337
f 3600/3577/2406 3602/3579/3337 3603/3580/3338
f 3600/3577/2406 3603/3580/3338 3604/3581/2410
f 3600/3577/2406 3604/3581/2410 3605/3582/3339
f 3605/3582/3339 3604/3581/2410 3606/3583/3340
f 3605/3582/3339 3606/3583/3340 3607/3584/3341
f 3607/3584/3341 3606/3583/3340 3608/3585/3342
f 3607/3584/3341 3608/3585/3342 3609/3586/3343
f 3609/3586/3343 3608/3585/3342 3610/3587/3344
f 3609/3586/3343 3610/3587/3344 3611/3588/3345
f 3611/3588/3345 3610/3587/3344 3612/3589/2418
f 3611/3588/3345 3612/3589/2418 3613/3590/3346
f 3610/3587/3344 3614/3591/3347 3612/3589/2418
f 3610/3587/3344 3615/3592/3348 3614/3591/3347
f 3608/3585/3342 3615/3592/3348 3610/3587/3344
f 3608/3585/3342 3616/3593/2422 3615/3592/3348
f 3606/3583/3340 3616/3593/2422 3608/3585/3342
f 3606/3583/3340 3617/3594/3349 3616/3593/2422
f 3604/3581/2410 3617/3594/3349 3606/3583/3340
f 3604/3581/2410 3618/3595/2424 3617/3594/3349
f 3603/3580/3338 3618/3595/2424 3604/3581/2410
f 3603/3580/3338 3619/3596/2425 3618/3595/2424
f 3603/3580/3338 3620/3597/2426 3619/3596/2425
f 3603/3580/3338 3602/3579/3337 3620/3597/2426
f 3602/3579/3337 3621/3598/2427 3620/3597/2426
f 3602/3579/3337 3622/3599/3350 3621/3598/2427
f 3601/3578/2407 3622/3599/3350 3602/3579/3337
f 3601/3578/2407 3623/3600/3351 3622/3599/3350
f 3623/3600/3351 3624/3601/2430 3622/3599/3350
f 3623/3600/3351 3625/3602/2431 3624/3601/2430
f 3625/3602/2431 3626/3603/3352 3624/3601/2430
f 3625/3602/2431 3627/3604/3353 3626/3603/3352
f 3624/3601/2430 3626/3603/3352 3628/3605/2456
f 3624/3601/2430 3628/3605/2456 3629/3606/2435
f 3622/3599/3350 3624/3601/2430 3629/3606/2435
f 3622/3599/3350 3629/3606/2435 3621/3598/2427
f 3621/3598/2427 3629/3606/2435 3630/3607/3354
f 3621/3598/2427 3630/3607/3354 3631/3608/3355
f 3620/3597/2426 3621/3598/2427 3631/3608/3355
f 3620/3597/2426 3631/3608/3355 3632/3609/3356
f 3619/3596/2425 3620/3597/2426 3632/3609/3356
f 3619/3596/2425 3632/3609/3356 3633/3610/3357
f 3619/3596/2425 3633/3610/3357 3634/3611/3358
f 3619/3596/2425 3634/3611/3358 3618/3595/2424
f 3618/3595/2424 3634/3611/3358 3635/3612/2441
f 3618/3595/2424 3635/3612/2441 3617/3594/3349
f 3617/3594/3349 3635/3612/2441 3636/3613/3359
f 3617/3594/3349 3636/3613/3359 3616/3593/2422
f 3616/3593/2422 3636/3613/3359 3637/3614/3360
f 3616/3593/2422 3637/3614/3360 3615/3592/3348
f 3634/3611/3358 3638/3615/2444 3635/3612/2441
f 3634/3611/3358 3639/3616/2445 3638/3615/2444
f 3633/3610/3357 3639/3616/2445 3634/3611/3358
f 3633/3610/3357 3640/3617/3361 3639/3616/2445
f 3633/3610/3357 3641/3618/3362 3640/3617/3361
f 3633/3610/3357 3632/3609/3356 3641/3618/3362
f 3632/3609/3356 3642/3619/3363 3641/3618/3362
f 3632/3609/3356 3631/3608/3355 3642/3619/3363
f 3631/3608/3355 3643/3620/2449 3642/3619/3363
f 3631/3608/3355 3630/3607/3354 3643/3620/2449
f 3629/3606/2435 3644/3621/2450 3630/3607/3354
f 3629/3606/2435 3628/3605/2456 3644/3621/2450
f 3645/3622/2436 3646/3623/3364 3647/3624/3365
f 3645/3622/2436 3647/3624/3365 3648/3625/3366
f 3646/3623/3364 3649/3626/3367 3647/3624/3365
f 3646/3623/3364 3650/3627/2455 3649/3626/3367
f 3651/3628/2456 3650/3627/2455 3646/3623/3364
f 3651/3628/2456 3652/3629/2457 3650/3627/2455
f 3653/3630/3368 3652/3629/2457 3651/3628/2456
f 3653/3630/3368 3654/3631/2459 3652/3629/2457
f 3655/3632/3369 3654/3631/2459 3653/3630/3368
f 3655/3632/3369 3656/3633/3370 3654/3631/2459
f 3656/3633/3370 3657/3634/3371 3654/3631/2459
f 3656/3633/3370 3658/3635/3372 3657/3634/3371
f 3658/3635/3372 3659/3636/2464 3657/3634/3371
f 3658/3635/3372 3660/3637/3373 3659/3636/2464
f 3660/3637/3373 3661/3638/3374 3659/3636/2464
f 3660/3637/3373 3662/3639/2467 3661/3638/3374
f 3662/3639/2467 3663/3640/2468 3661/3638/3374
f 3662/3639/2467 3664/3641/3375 3663/3640/2468
f 3661/3638/3374 3663/3640/2468 3665/3642/3376
f 3661/3638/3374 3665/3642/3376 3666/3643/3377
f 3659/3636/2464 3661/3638/3374 3666/3643/3377
f 3659/3636/2464 3666/3643/3377 3667/3644/2472
f 3657/3634/3371 3659/3636/2464 3667/3644/2472
f 3657/3634/3371 3667/3644/2472 3668/3645/3378
f 3654/3631/2459 3657/3634/3371 3668/3645/3378
f 3654/3631/2459 3668/3645/3378 3652/3629/2457
f 3652/3629/2457 3668/3645/3378 3669/3646/3379
f 3652/3629/2457 3669/3646/3379 3650/3627/2455
f 3650/3627/2455 3669/3646/3379 3670/3647/3380
f 3650/3627/2455 3670/3647/3380 3649/3626/3367
f 3649/3626/3367 3670/3647/3380 3671/3648/2476
f 3649/3626/3367 3671/3648/2476 3672/3649/3381
f 3647/3624/3365 3649/3626/3367 3672/3649/3381
f 3647/3624/3365 3672/3649/3381 3673/3650/3382
f 3670/3647/3380 3674/3651/3383 3671/3648/2476
f 3670/3647/3380 3675/3652/3384 3674/3651/3383
f 3669/3646/3379 3675/3652/3384 3670/3647/3380
f 3669/3646/3379 3676/3653/3385 3675/3652/3384
f 3668/3645/3378 3676/3653/3385 3669/3646/3379
f 3668/3645/3378 3667/3644/2472 3676/3653/3385
f 3667/3644/2472 3677/3654/2482 3676/3653/3385
f 3667/3644/2472 3666/3643/3377 3677/3654/2482
f 3666/3643/3377 3678/3655/2483 3677/3654/2482
f 3666/3643/3377 3665/3642/3376 3678/3655/2483
f 3677/3654/2482 3678/3655/2483 3679/3656/3386
f 3677/3654/2482 3679/3656/3386 3680/3657/3387
f 3676/3653/3385 3677/3654/2482 3680/3657/3387
f 3676/3653/3385 3680/3657/3387 3675/3652/3384
f 3675/3652/3384 3680/3657/3387 3681/3658/3388
f 3675/3652/3384 3681/3658/3388 3674/3651/3383
f 3680/3657/3387 3682/3659/3389 3681/3658/3388
f 3680/3657/3387 3679/3656/3386 3682/3659/3389
f 3683/3660/3390 3684/3661/3391 3685/3662/3392
f 3683/3660/3390 3685/3662/3392 3686/3663/2491
f 3687/3664/3393 3683/3660/3390 3686/3663/2491
f 3687/3664/3393 3686/3663/2491 3688/3665/2493
f 3688/3665/2493 3686/3663/2491 3689/3666/2494
f 3688/3665/2493 3689/3666/2494 3690/3667/3394
f 3690/3667/3394 3689/3666/2494 3691/3668/3395
f 3690/3667/3394 3691/3668/3395 3692/3669/3396
f 3692/3669/3396 3691/3668/3395 3693/3670/3397
f 3692/3669/3396 3693/3670/3397 3694/3671/3398
f 3691/3668/3395 3695/3672/3399 3693/3670/3397
f 3691/3668/3395 3696/3673/2501 3695/3672/3399
f 3689/3666/2494 3696/3673/2501 3691/3668/3395
f 3689/3666/2494 3697/3674/3400 3696/3673/2501
f 3686/3663/2491 3697/3674/3400 3689/3666/2494
f 3686/3663/2491 3685/3662/3392 3697/3674/3400
f 3698/3675/3401 3699/3676/3402 3228/3215/3035
f 3698/3675/3401 3228/3215/3035 3227/3214/3034
f 3700/3677/3403 3698/3675/3401 3227/3214/3034
f 3700/3677/3403 3227/3214/3034 3231/3218/3038
f 3701/3678/3404 3700/3677/3403 3231/3218/3038
f 3701/3678/3404 3231/3218/3038 3233/3220/3039
f 3702/3679/3405 3701/3678/3404 3233/3220/3039
f 3702/3679/3405 3233/3220/3039 3235/3222/3041
f 3703/3680/3406 3702/3679/3405 3235/3222/3041
f 3703/3680/3406 3235/3222/3041 3237/3224/3043
f 3704/3681/3407 3703/3680/3406 3237/3224/3043
f 3704/3681/3407 3237/3224/3043 3239/3226/3045
f 3705/3682/3408 3704/3681/3407 3239/3226/3045
f 3705/3682/3408 3239/3226/3045 3241/3228/3047
f 3706/3683/3409 3705/3682/3408 3241/3228/3047
f 3706/3683/3409 3241/3228/3047 3243/3230/3049
f 3272/3259/3078 3706/3683/3409 3243/3230/3049
f 3272/3259/3078 3243/3230/3049 3245/3232/3051
f 3272/3259/3078 3245/3232/3051 3246/3233/3052
f 3707/3684/2503 3708/3685/2504 3709/3686/2505
f 3707/3684/2503 3709/3686/2505 3710/3687/3410
f 3710/3687/3410 3709/3686/2505 3711/3688/2507
f 3710/3687/3410 3711/3688/2507 3712/3689/3411
f 3712/3689/3411 3711/3688/2507 3713/3690/2509
f 3712/3689/3411 3713/3690/2509 3714/3691/3412
f 3714/3691/3412 3713/3690/2509 3715/3692/3413
f 3714/3691/3412 3715/3692/3413 3716/3693/3414
f 3713/3690/2509 3717/3694/2513 3715/3692/3413
f 3713/3690/2509 3718/3695/2514 3717/3694/2513
f 3711/3688/2507 3718/3695/2514 3713/3690/2509
f 3711/3688/2507 3719/3696/2515 3718/3695/2514
f 3709/3686/2505 3719/3696/2515 3711/3688/2507
f 3709/3686/2505 3720/3697/2516 3719/3696/2515
f 3708/3685/2504 3720/3697/2516 3709/3686/2505
f 3708/3685/2504 3721/3698/3415 3720/3697/2516
f 3708/3685/2504 3722/3699/2518 3721/3698/3415
f 3708/3685/2504 3723/3700/2519 3722/3699/2518
f 3707/3684/2503 3723/3700/2519 3708/3685/2504
f 3707/3684/2503 3724/3701/2520 3723/3700/2519
f 3724/3701/2520 3725/3702/3416 3723/3700/2519
f 3724/3701/2520 3726/3703/3417 3725/3702/3416
f 3726/3703/3417 3727/3704/2523 3725/3702/3416
f 3726/3703/3417 3728/3705/2524 3727/3704/2523
f 3728/3705/2524 3729/3706/3418 3727/3704/2523
f 3728/3705/2524 3730/3707/2526 3729/3706/3418
f 3730/3707/2526 3731/3708/2527 3729/3706/3418
f 3730/3707/2526 3732/3709/3419 3731/3708/2527
f 3729/3706/3418 3731/3708/2527 3733/3710/3420
f 3729/3706/3418 3733/3710/3420 3734/3711/3421
f 3727/3704/2523 3729/3706/3418 3734/3711/3421
f 3727/3704/2523 3734/3711/3421 3735/3712/2531
f 3725/3702/3416 3727/3704/2523 3735/3712/2531
f 3725/3702/3416 3735/3712/2531 3736/3713/2532
f 3723/3700/2519 3725/3702/3416 3736/3713/2532
f 3723/3700/2519 3736/3713/2532 3722/3699/2518
f 3722/3699/2518 3736/3713/2532 3737/3714/3422
f 3722/3699/2518 3737/3714/3422 3738/3715/3423
f 3721/3698/3415 3722/3699/2518 3738/3715/3423
f 3721/3698/3415 3738/3715/3423 3739/3716/3424
f 3721/3698/3415 3739/3716/3424 3740/3717/3425
f 3721/3698/3415 3740/3717/3425 3720/3697/2516
f 3720/3697/2516 3740/3717/3425 3741/3718/2537
f 3720/3697/2516 3741/3718/2537 3719/3696/2515
f 3719/3696/2515 3741/3718/2537 3742/3719/2538
f 3719/3696/2515 3742/3719/2538 3718/3695/2514
f 3718/3695/2514 3742/3719/2538 3743/3720/3426
f 3718/3695/2514 3743/3720/3426 3717/3694/2513
f 3742/3719/2538 3744/3721/3427 3743/3720/3426
f 3742/3719/2538 3745/3722/2541 3744/3721/3427
f 3741/3718/2537 3745/3722/2541 3742/3719/2538
f 3741/3718/2537 3746/3723/3428 3745/3722/2541
f 3740/3717/3425 3746/3723/3428 3741/3718/2537
f 3740/3717/3425 3747/3724/3429 3746/3723/3428
f 3739/3716/3424 3747/3724/3429 3740/3717/3425
f 3739/3716/3424 3748/3725/3430 3747/3724/3429
f 3739/3716/3424 3749/3726/3431 3748/3725/3430
f 3739/3716/3424 3738/3715/3423 3749/3726/3431
f 3738/3715/3423 3750/3727/2546 3749/3726/3431
f 3738/3715/3423 3737/3714/3422 3750/3727/2546
f 3737/3714/3422 3751/3728/3432 3750/3727/2546
f 3737/3714/3422 3752/3729/2548 3751/3728/3432
f 3736/3713/2532 3752/3729/2548 3737/3714/3422
f 3736/3713/2532 3735/3712/2531 3752/3729/2548
f 3735/3712/2531 3753/3730/3433 3752/3729/2548
f 3735/3712/2531 3734/3711/3421 3753/3730/3433
f 3734/3711/3421 3754/3731/3434 3753/3730/3433
f 3734/3711/3421 3733/3710/3420 3754/3731/3434
f 3748/3725/3430 3749/3726/3431 3755/3732/3435
f 3748/3725/3430 3755/3732/3435 3756/3733/3436
f 3748/3725/3430 3756/3733/3436 3757/3734/3437
f 3748/3725/3430 3757/3734/3437 3747/3724/3429
f 3747/3724/3429 3757/3734/3437 3758/3735/2554
f 3747/3724/3429 3758/3735/2554 3746/3723/3428
f 3746/3723/3428 3758/3735/2554 3759/3736/2555
f 3746/3723/3428 3759/3736/2555 3745/3722/2541
f 3760/3737/3438 3761/3738/3439 3762/3739/2558
f 3760/3737/3438 3762/3739/2558 3763/3740/2559
f 3764/3741/3413 3760/3737/3438 3763/3740/2559
f 3764/3741/3413 3763/3740/2559 3765/3742/3440
f 3766/3743/2512 3764/3741/3413 3765/3742/3440
f 3766/3743/2512 3765/3742/3440 3767/3744/3441
f 3767/3744/3441 3765/3742/3440 3768/3745/3442
f 3767/3744/3441 3768/3745/3442 3769/3746/3443
f 3769/3746/3443 3768/3745/3442 3770/3747/3444
f 3769/3746/3443 3770/3747/3444 3771/3748/3445
f 3771/3748/3445 3770/3747/3444 3772/3749/3446
f 3771/3748/3445 3772/3749/3446 3773/3750/3447
f 3773/3750/3447 3772/3749/3446 3774/3751/2569
f 3773/3750/3447 3774/3751/2569 3775/3752/2469
f 3772/3749/3446 3776/3753/3448 3774/3751/2569
f 3772/3749/3446 3777/3754/2571 3776/3753/3448
f 3770/3747/3444 3777/3754/2571 3772/3749/3446
f 3770/3747/3444 3778/3755/3449 3777/3754/2571
f 3768/3745/3442 3778/3755/3449 3770/3747/3444
f 3768/3745/3442 3779/3756/3450 3778/3755/3449
f 3765/3742/3440 3779/3756/3450 3768/3745/3442
f 3765/3742/3440 3763/3740/2559 3779/3756/3450
f 3763/3740/2559 3780/3757/2574 3779/3756/3450
f 3763/3740/2559 3762/3739/2558 3780/3757/2574
f 3762/3739/2558 3781/3758/2575 3780/3757/2574
f 3762/3739/2558 3782/3759/3451 3781/3758/2575
f 3761/3738/3439 3782/3759/3451 3762/3739/2558
f 3761/3738/3439 3783/3760/3452 3782/3759/3451
f 3783/3760/3452 3784/3761/3453 3782/3759/3451
f 3783/3760/3452 3785/3762/3454 3784/3761/3453
f 3782/3759/3451 3784/3761/3453 3786/3763/3455
f 3782/3759/3451 3786/3763/3455 3781/3758/2575
f 3781/3758/2575 3786/3763/3455 3787/3764/3456
f 3781/3758/2575 3787/3764/3456 3788/3765/3457
f 3780/3757/2574 3781/3758/2575 3788/3765/3457
f 3780/3757/2574 3788/3765/3457 3789/3766/2583
f 3779/3756/3450 3780/3757/2574 3789/3766/2583
f 3779/3756/3450 3789/3766/2583 3778/3755/3449
f 3778/3755/3449 3789/3766/2583 3790/3767/3458
f 3778/3755/3449 3790/3767/3458 3777/3754/2571
f 3777/3754/2571 3790/3767/3458 3791/3768/2483
f 3777/3754/2571 3791/3768/2483 3776/3753/3448
f 3790/3767/3458 3792/3769/3386 3791/3768/2483
f 3790/3767/3458 3793/3770/3459 3792/3769/3386
f 3789/3766/2583 3793/3770/3459 3790/3767/3458
f 3789/3766/2583 3788/3765/3457 3793/3770/3459
f 3788/3765/3457 3794/3771/3460 3793/3770/3459
f 3788/3765/3457 3787/3764/3456 3794/3771/3460
f 3793/3770/3459 3794/3771/3460 3795/3772/3389
f 3793/3770/3459 3795/3772/3389 3792/3769/3386
f 3796/3773/3461 3797/3774/2592 3798/3775/3462
f 3796/3773/3461 3798/3775/3462 3799/3776/3463
f 3800/3777/3464 3797/3774/2592 3796/3773/3461
f 3800/3777/3464 3801/3778/3465 3797/3774/2592
f 3801/3778/3465 3802/3779/2597 3797/3774/2592
f 3801/3778/3465 3803/3780/3466 3802/3779/2597
f 3803/3780/3466 3804/3781/2599 3802/3779/2597
f 3803/3780/3466 3805/3782/3467 3804/3781/2599
f 3805/3782/3467 3806/3783/3468 3804/3781/2599
f 3805/3782/3467 3807/3784/3398 3806/3783/3468
f 3804/3781/2599 3806/3783/3468 3808/3785/3469
f 3804/3781/2599 3808/3785/3469 3809/3786/3470
f 3802/3779/2597 3804/3781/2599 3809/3786/3470
f 3802/3779/2597 3809/3786/3470 3810/3787/3471
f 3797/3774/2592 3802/3779/2597 3810/3787/3471
f 3797/3774/2592 3810/3787/3471 3798/3775/3462
f 3811/3788/2606 3812/3789/3472 3813/3790/3473
f 3811/3788/2606 3813/3790/3473 3814/3791/2609
f 3811/3788/2606 3814/3791/2609 3815/3792/3474
f 3811/3788/2606 3815/3792/3474 3816/3793/3475
f 3816/3793/3475 3815/3792/3474 3817/3794/2612
f 3816/3793/3475 3817/3794/2612 3818/3795/2613
f 3818/3795/2613 3817/3794/2612 3819/3796/3476
f 3818/3795/2613 3819/3796/3476 3820/3797/3477
f 3820/3797/3477 3819/3796/3476 3821/3798/3478
f 3820/3797/3477 3821/3798/3478 3822/3799/3479
f 3822/3799/3479 3821/3798/3478 3823/3800/2618
f 3822/3799/3479 3823/3800/2618 3824/3801/2619
f 3819/3796/3476 3825/3802/3480 3821/3798/3478
f 3819/3796/3476 3826/3803/3481 3825/3802/3480
f 3817/3794/2612 3826/3803/3481 3819/3796/3476
f 3817/3794/2612 3827/3804/2622 3826/3803/3481
f 3815/3792/3474 3827/3804/2622 3817/3794/2612
f 3815/3792/3474 3828/3805/2623 3827/3804/2622
f 3814/3791/2609 3828/3805/2623 3815/3792/3474
f 3814/3791/2609 3829/3806/2624 3828/3805/2623
f 3814/3791/2609 3830/3807/3482 3829/3806/2624
f 3814/3791/2609 3813/3790/3473 3830/3807/3482
f 3813/3790/3473 3831/3808/3483 3830/3807/3482
f 3813/3790/3473 3832/3809/3484 3831/3808/3483
f 3812/3789/3472 3832/3809/3484 3813/3790/3473
f 3812/3789/3472 3833/3810/3485 3832/3809/3484
f 3833/3810/3485 3834/3811/2629 3832/3809/3484
f 3833/3810/3485 3835/3812/3486 3834/3811/2629
f 3835/3812/3486 3836/3813/3487 3834/3811/2629
f 3835/3812/3486 3837/3814/3488 3836/3813/3487
f 3834/3811/2629 3836/3813/3487 3838/3815/2652
f 3834/3811/2629 3838/3815/2652 3839/3816/3489
f 3832/3809/3484 3834/3811/2629 3839/3816/3489
f 3832/3809/3484 3839/3816/3489 3831/3808/3483
f 3831/3808/3483 3839/3816/3489 3840/3817/2635
f 3831/3808/3483 3840/3817/2635 3841/3818/3490
f 3830/3807/3482 3831/3808/3483 3841/3818/3490
f 3830/3807/3482 3841/3818/3490 3842/3819/3491
f 3829/3806/2624 3830/3807/3482 3842/3819/3491
f 3829/3806/2624 3842/3819/3491 3843/3820/2638
f 3829/3806/2624 3843/3820/2638 3844/3821/3492
f 3829/3806/2624 3844/3821/3492 3828/3805/2623
f 3828/3805/2623 3844/3821/3492 3845/3822/3493
f 3828/3805/2623 3845/3822/3493 3827/3804/2622
f 3827/3804/2622 3845/3822/3493 3846/3823/2641
f 3827/3804/2622 3846/3823/2641 3826/3803/3481
f 3826/3803/3481 3846/3823/2641 3847/3824/2642
f 3826/3803/3481 3847/3824/2642 3825/3802/3480
f 3846/3823/2641 3848/3825/3494 3847/3824/2642
f 3846/3823/2641 3849/3826/3495 3848/3825/3494
f 3845/3822/3493 3849/3826/3495 3846/3823/2641
f 3845/3822/3493 3850/3827/3496 3849/3826/3495
f 3844/3821/3492 3850/3827/3496 3845/3822/3493
f 3844/3821/3492 3851/3828/3497 3850/3827/3496
f 3843/3820/2638 3851/3828/3497 3844/3821/3492
f 3843/3820/2638 3852/3829/3498 3851/3828/3497
f 3843/3820/2638 3853/3830/3499 3852/3829/3498
f 3843/3820/2638 3842/3819/3491 3853/3830/3499
f 3842/3819/3491 3854/3831/3500 3853/3830/3499
f 3842/3819/3491 3841/3818/3490 3854/3831/3500
f 3841/3818/3490 3855/3832/3501 3854/3831/3500
f 3841/3818/3490 3840/3817/2635 3855/3832/3501
f 3839/3816/3489 3856/3833/3502 3840/3817/2635
f 3839/3816/3489 3838/3815/2652 3856/3833/3502
f 3857/3834/3503 3858/3835/3504 3859/3836/3505
f 3857/3834/3503 3859/3836/3505 3860/3837/3506
f 3861/3838/2631 3858/3835/3504 3857/3834/3503
f 3861/3838/2631 3862/3839/3507 3858/3835/3504
f 3863/3840/3508 3862/3839/3507 3861/3838/2631
f 3863/3840/3508 3864/3841/3509 3862/3839/3507
f 3864/3841/3509 3865/3842/3510 3862/3839/3507
f 3864/3841/3509 3866/3843/3511 3865/3842/3510
f 3866/3843/3511 3867/3844/3512 3865/3842/3510
f 3866/3843/3511 3868/3845/2662 3867/3844/3512
f 3868/3845/2662 3869/3846/3513 3867/3844/3512
f 3868/3845/2662 3870/3847/3514 3869/3846/3513
f 3870/3847/3514 3871/3848/3515 3869/3846/3513
f 3870/3847/3514 3872/3849/3516 3871/3848/3515
f 3869/3846/3513 3871/3848/3515 3873/3850/3517
f 3869/3846/3513 3873/3850/3517 3874/3851/3518
f 3867/3844/3512 3869/3846/3513 3874/3851/3518
f 3867/3844/3512 3874/3851/3518 3875/3852/3519
f 3865/3842/3510 3867/3844/3512 3875/3852/3519
f 3865/3842/3510 3875/3852/3519 3876/3853/3520
f 3862/3839/3507 3865/3842/3510 3876/3853/3520
f 3862/3839/3507 3876/3853/3520 3858/3835/3504
f 3858/3835/3504 3876/3853/3520 3877/3854/3521
f 3858/3835/3504 3877/3854/3521 3859/3836/3505
f 3876/3853/3520 3878/3855/2672 3877/3854/3521
f 3876/3853/3520 3875/3852/3519 3878/3855/2672
f 3875/3852/3519 3879/3856/3522 3878/3855/2672
f 3875/3852/3519 3874/3851/3518 3879/3856/3522
f 3874/3851/3518 3880/3857/3523 3879/3856/3522
f 3874/3851/3518 3873/3850/3517 3880/3857/3523
f 3881/3858/3524 3882/3859/3525 3883/3860/2676
f 3881/3858/3524 3883/3860/2676 3884/3861/3526
f 3885/3862/3478 3881/3858/3524 3884/3861/3526
f 3885/3862/3478 3884/3861/3526 3886/3863/3527
f 3886/3863/3527 3884/3861/3526 3887/3864/3528
f 3886/3863/3527 3887/3864/3528 3888/3865/2681
f 3889/3866/3529 3886/3863/3527 3888/3865/2681
f 3889/3866/3529 3888/3865/2681 3890/3867/3530
f 3890/3867/3530 3888/3865/2681 3891/3868/3531
f 3890/3867/3530 3891/3868/3531 3892/3869/2685
f 3892/3869/2685 3891/3868/3531 3893/3870/2686
f 3892/3869/2685 3893/3870/2686 3894/3871/3532
f 3894/3871/3532 3893/3870/2686 3895/3872/3533
f 3894/3871/3532 3895/3872/3533 3896/3873/3534
f 3893/3870/2686 3897/3874/3535 3895/3872/3533
f 3893/3870/2686 3898/3875/3536 3897/3874/3535
f 3891/3868/3531 3898/3875/3536 3893/3870/2686
f 3891/3868/3531 3899/3876/2692 3898/3875/3536
f 3888/3865/2681 3899/3876/2692 3891/3868/3531
f 3888/3865/2681 3887/3864/3528 3899/3876/2692
f 3887/3864/3528 3900/3877/3537 3899/3876/2692
f 3887/3864/3528 3901/3878/3538 3900/3877/3537
f 3884/3861/3526 3901/3878/3538 3887/3864/3528
f 3884/3861/3526 3883/3860/2676 3901/3878/3538
f 3883/3860/2676 3902/3879/3539 3901/3878/3538
f 3883/3860/2676 3903/3880/3540 3902/3879/3539
f 3882/3859/3525 3903/3880/3540 3883/3860/2676
f 3882/3859/3525 3904/3881/3541 3903/3880/3540
f 3901/3878/3538 3902/3879/3539 3905/3882/3542
f 3901/3878/3538 3905/3882/3542 3900/3877/3537
f 3900/3877/3537 3905/3882/3542 3906/3883/3543
f 3900/3877/3537 3906/3883/3543 3907/3884/2700
f 3899/3876/2692 3900/3877/3537 3907/3884/2700
f 3899/3876/2692 3907/3884/2700 3898/3875/3536
f 3898/3875/3536 3907/3884/2700 3908/3885/3544
f 3898/3875/3536 3908/3885/3544 3897/3874/3535
f 3907/3884/2700 3909/3886/3545 3908/3885/3544
f 3907/3884/2700 3906/3883/3543 3909/3886/3545
f 3910/3887/3546 3911/3888/2704 3912/3889/3547
f 3910/3887/3546 3912/3889/3547 3913/3890/3548
f 3913/3890/3548 3912/3889/3547 3914/3891/3549
f 3913/3890/3548 3914/3891/3549 3915/3892/3550
f 3915/3892/3550 3914/3891/3549 3916/3893/2709
f 3915/3892/3550 3916/3893/2709 3917/3894/2710
f 3917/3894/2710 3916/3893/2709 3918/3895/3551
f 3917/3894/2710 3918/3895/3551 3919/3896/3552
f 3919/3896/3552 3918/3895/3551 3920/3897/2758
f 3919/3896/3552 3920/3897/2758 3921/3898/2714
f 3918/3895/3551 3922/3899/3553 3920/3897/2758
f 3918/3895/3551 3923/3900/3554 3922/3899/3553
f 3916/3893/2709 3923/3900/3554 3918/3895/3551
f 3916/3893/2709 3924/3901/2717 3923/3900/3554
f 3914/3891/3549 3924/3901/2717 3916/3893/2709
f 3914/3891/3549 3925/3902/3555 3924/3901/2717
f 3912/3889/3547 3925/3902/3555 3914/3891/3549
f 3912/3889/3547 3926/3903/3556 3925/3902/3555
f 3911/3888/2704 3926/3903/3556 3912/3889/3547
f 3911/3888/2704 3927/3904/2720 3926/3903/3556
f 3911/3888/2704 3928/3905/2721 3927/3904/2720
f 3911/3888/2704 3929/3906/3557 3928/3905/2721
f 3910/3887/3546 3929/3906/3557 3911/3888/2704
f 3910/3887/3546 3930/3907/3558 3929/3906/3557
f 3930/3907/3558 3931/3908/2724 3929/3906/3557
f 3930/3907/3558 3932/3909/3559 3931/3908/2724
f 3932/3909/3559 3933/3910/2726 3931/3908/2724
f 3932/3909/3559 3934/3911/3560 3933/3910/2726
f 3934/3911/3560 3935/3912/3561 3933/3910/2726
f 3934/3911/3560 3936/3913/3562 3935/3912/3561
f 3933/3910/2726 3935/3912/3561 3937/3914/3563
f 3933/3910/2726 3937/3914/3563 3938/3915/3564
f 3931/3908/2724 3933/3910/2726 3938/3915/3564
f 3931/3908/2724 3938/3915/3564 3939/3916/2732
f 3929/3906/3557 3931/3908/2724 3939/3916/2732
f 3929/3906/3557 3939/3916/2732 3928/3905/2721
f 3928/3905/2721 3939/3916/2732 3940/3917/3565
f 3928/3905/2721 3940/3917/3565 3941/3918/2734
f 3927/3904/2720 3928/3905/2721 3941/3918/2734
f 3927/3904/2720 3941/3918/2734 3942/3919/2735
f 3927/3904/2720 3942/3919/2735 3943/3920/2736
f 3927/3904/2720 3943/3920/2736 3926/3903/3556
f 3926/3903/3556 3943/3920/2736 3944/3921/2737
f 3926/3903/3556 3944/3921/2737 3925/3902/3555
f 3925/3902/3555 3944/3921/2737 3945/3922/3566
f 3925/3902/3555 3945/3922/3566 3924/3901/2717
f 3924/3901/2717 3945/3922/3566 3946/3923/3567
f 3924/3901/2717 3946/3923/3567 3923/3900/3554
f 3923/3900/3554 3946/3923/3567 3947/3924/3568
f 3923/3900/3554 3947/3924/3568 3922/3899/3553
f 3945/3922/3566 3948/3925/3569 3946/3923/3567
f 3945/3922/3566 3949/3926/3570 3948/3925/3569
f 3944/3921/2737 3949/3926/3570 3945/3922/3566
f 3944/3921/2737 3950/3927/3571 3949/3926/3570
f 3943/3920/2736 3950/3927/3571 3944/3921/2737
f 3943/3920/2736 3951/3928/2744 3950/3927/3571
f 3942/3919/2735 3951/3928/2744 3943/3920/2736
f 3942/3919/2735 3952/3929/3572 3951/3928/2744
f 3942/3919/2735 3953/3930/3573 3952/3929/3572
f 3942/3919/2735 3941/3918/2734 3953/3930/3573
f 3941/3918/2734 3954/3931/3574 3953/3930/3573
f 3941/3918/2734 3940/3917/3565 3954/3931/3574
f 3940/3917/3565 3955/3932/2748 3954/3931/3574
f 3940/3917/3565 3956/3933/2749 3955/3932/2748
f 3939/3916/2732 3956/3933/2749 3940/3917/3565
f 3939/3916/2732 3938/3915/3564 3956/3933/2749
f 3938/3915/3564 3957/3934/3575 3956/3933/2749
f 3938/3915/3564 3937/3914/3563 3957/3934/3575
f 3956/3933/2749 3957/3934/3575 3958/3935/3576
f 3956/3933/2749 3958/3935/3576 3955/3932/2748
f 3952/3929/3572 3953/3930/3573 3959/3936/3577
f 3952/3929/3572 3959/3936/3577 3960/3937/3578
f 3961/3938/3579 3962/3939/3580 3963/3940/3581
f 3961/3938/3579 3963/3940/3581 3964/3941/3582
f 3965/3942/2758 3961/3938/3579 3964/3941/3582
f 3965/3942/2758 3964/3941/3582 3966/3943/3583
f 3967/3944/3584 3965/3942/2758 3966/3943/3583
f 3967/3944/3584 3966/3943/3583 3968/3945/3585
f 3968/3945/3585 3966/3943/3583 3969/3946/3586
f 3968/3945/3585 3969/3946/3586 3970/3947/3587
f 3970/3947/3587 3969/3946/3586 3971/3948/3588
f 3970/3947/3587 3971/3948/3588 3972/3949/2765
f 3972/3949/2765 3971/3948/3588 3973/3950/3589
f 3972/3949/2765 3973/3950/3589 3974/3951/3590
f 3971/3948/3588 3975/3952/3517 3973/3950/3589
f 3971/3948/3588 3976/3953/3591 3975/3952/3517
f 3969/3946/3586 3976/3953/3591 3971/3948/3588
f 3969/3946/3586 3977/3954/3592 3976/3953/3591
f 3966/3943/3583 3977/3954/3592 3969/3946/3586
f 3966/3943/3583 3964/3941/3582 3977/3954/3592
f 3964/3941/3582 3978/3955/3593 3977/3954/3592
f 3964/3941/3582 3963/3940/3581 3978/3955/3593
f 3977/3954/3592 3978/3955/3593 3979/3956/3594
f 3977/3954/3592 3979/3956/3594 3976/3953/3591
f 3976/3953/3591 3979/3956/3594 3980/3957/2674
f 3976/3953/3591 3980/3957/2674 3975/3952/3517
f 3981/3958/3595 3982/3959/2773 3983/3960/3596
f 3981/3958/3595 3983/3960/3596 3984/3961/3597
f 3984/3961/3597 3983/3960/3596 3985/3962/2776
f 3984/3961/3597 3985/3962/2776 3986/3963/2777
f 3983/3960/3596 3987/3964/3598 3985/3962/2776
f 3983/3960/3596 3988/3965/2779 3987/3964/3598
f 3982/3959/2773 3988/3965/2779 3983/3960/3596
f 3982/3959/2773 3989/3966/3599 3988/3965/2779
f 3990/3967/3600 3989/3966/3599 3982/3959/2773
f 3991/3968/3601 3990/3967/3600 3982/3959/2773
f 3991/3968/3601 3982/3959/2773 3981/3958/3595
f 3992/3969/3602 3990/3967/3600 3991/3968/3601
f 3992/3969/3602 3993/3970/2784 3990/3967/3600
f 3993/3970/2784 3994/3971/3603 3990/3967/3600
f 3993/3970/2784 3995/3972/3604 3994/3971/3603
f 3995/3972/3604 3996/3973/3605 3994/3971/3603
f 3995/3972/3604 3997/3974/3606 3996/3973/3605
f 3997/3974/3606 3998/3975/3607 3996/3973/3605
f 3997/3974/3606 3999/3976/3608 3998/3975/3607
f 3999/3976/3608 4000/3977/3609 3998/3975/3607
f 3999/3976/3608 4001/3978/3534 4000/3977/3609
f 3998/3975/3607 4000/3977/3609 4002/3979/2690
f 3998/3975/3607 4002/3979/2690 4003/3980/2792
f 3996/3973/3605 3998/3975/3607 4003/3980/2792
f 3996/3973/3605 4003/3980/2792 4004/3981/3610
f 3994/3971/3603 3996/3973/3605 4004/3981/3610
f 3994/3971/3603 4004/3981/3610 3989/3966/3599
f 3990/3967/3600 3994/3971/3603 3989/3966/3599
f 3989/3966/3599 4004/3981/3610 4005/3982/3611
f 3989/3966/3599 4005/3982/3611 3988/3965/2779
f 3988/3965/2779 4005/3982/3611 4006/3983/2795
f 3988/3965/2779 4006/3983/2795 3987/3964/3598
f 4005/3982/3611 4007/3984/3612 4006/3983/2795
f 4005/3982/3611 4008/3985/2797 4007/3984/3612
f 4004/3981/3610 4008/3985/2797 4005/3982/3611
f 4004/3981/3610 4003/3980/2792 4008/3985/2797
f 4003/3980/2792 4009/3986/3613 4008/3985/2797
f 4003/3980/2792 4002/3979/2690 4009/3986/3613
f 4008/3985/2797 4009/3986/3613 4010/3987/3614
f 4008/3985/2797 4010/3987/3614 4007/3984/3612
f 4011/3988/2799 4012/3989/2800 4013/3990/2801
f 4011/3988/2799 4013/3990/2801 4014/3991/2802
f 4011/3988/2799 4014/3991/2802 4015/3992/3615
f 4011/3988/2799 4015/3992/3615 4016/3993/3616
f 4016/3993/3616 4015/3992/3615 4017/3994/3617
f 4016/3993/3616 4017/3994/3617 4018/3995/3618
f 4018/3995/3618 4017/3994/3617 4019/3996/3619
f 4018/3995/3618 4019/3996/3619 4020/3997/2808
f 4020/3997/2808 4019/3996/3619 4021/3998/3620
f 4020/3997/2808 4021/3998/3620 4022/3999/3621
f 4022/3999/3621 4021/3998/3620 4023/4000/3622
f 4022/3999/3621 4023/4000/3622 4024/4001/3623
f 4019/3996/3619 4025/4002/2813 4021/3998/3620
f 4019/3996/3619 4026/4003/3624 4025/4002/2813
f 4017/3994/3617 4026/4003/3624 4019/3996/3619
f 4017/3994/3617 4027/4004/2815 4026/4003/3624
f 4015/3992/3615 4027/4004/2815 4017/3994/3617
f 4015/3992/3615 4028/4005/3625 4027/4004/2815
f 4014/3991/2802 4028/4005/3625 4015/3992/3615
f 4014/3991/2802 4029/4006/2817 4028/4005/3625
f 4014/3991/2802 4030/4007/2818 4029/4006/2817
f 4014/3991/2802 4013/3990/2801 4030/4007/2818
f 4013/3990/2801 4031/4008/3626 4030/4007/2818
f 4013/3990/2801 4032/4009/2820 4031/4008/3626
f 4012/3989/2800 4032/4009/2820 4013/3990/2801
f 4012/3989/2800 4033/4010/3627 4032/4009/2820
f 4033/4010/3627 4034/4011/2822 4032/4009/2820
f 4033/4010/3627 4035/4012/3628 4034/4011/2822
f 4035/4012/3628 4036/4013/2824 4034/4011/2822
f 4035/4012/3628 4037/4014/2825 4036/4013/2824
f 4037/4014/2825 4038/4015/2826 4036/4013/2824
f 4037/4014/2825 4039/4016/3629 4038/4015/2826
f 4036/4013/2824 4038/4015/2826 4040/4017/2828
f 4036/4013/2824 4040/4017/2828 4041/4018/3630
f 4034/4011/2822 4036/4013/2824 4041/4018/3630
f 4034/4011/2822 4041/4018/3630 4042/4019/3631
f 4032/4009/2820 4034/4011/2822 4042/4019/3631
f 4032/4009/2820 4042/4019/3631 4031/4008/3626
f 4031/4008/3626 4042/4019/3631 4043/4020/3632
f 4031/4008/3626 4043/4020/3632 4044/4021/2832
f 4030/4007/2818 4031/4008/3626 4044/4021/2832
f 4030/4007/2818 4044/4021/2832 4045/4022/2833
f 4029/4006/2817 4030/4007/2818 4045/4022/2833
f 4029/4006/2817 4045/4022/2833 4046/4023/3633
f 4029/4006/2817 4046/4023/3633 4047/4024/3634
f 4029/4006/2817 4047/4024/3634 4028/4005/3625
f 4028/4005/3625 4047/4024/3634 4048/4025/2836
f 4028/4005/3625 4048/4025/2836 4027/4004/2815
f 4027/4004/2815 4048/4025/2836 4049/4026/3635
f 4027/4004/2815 4049/4026/3635 4026/4003/3624
f 4026/4003/3624 4049/4026/3635 4050/4027/3636
f 4026/4003/3624 4050/4027/3636 4025/4002/2813
f 4048/4025/2836 4051/4028/3637 4049/4026/3635
f 4048/4025/2836 4052/4029/3638 4051/4028/3637
f 4047/4024/3634 4052/4029/3638 4048/4025/2836
f 4047/4024/3634 4053/4030/2841 4052/4029/3638
f 4046/4023/3633 4053/4030/2841 4047/4024/3634
f 4046/4023/3633 4054/4031/3639 4053/4030/2841
f 4046/4023/3633 4055/4032/3640 4054/4031/3639
f 4046/4023/3633 4045/4022/2833 4055/4032/3640
f 4045/4022/2833 4056/4033/3641 4055/4032/3640
f 4045/4022/2833 4044/4021/2832 4056/4033/3641
f 4054/4031/3639 4057/4034/3642 4053/4030/2841
f 4054/4031/3639 4058/4035/3643 4057/4034/3642
f 4053/4030/2841 4057/4034/3642 4059/4036/3644
f 4053/4030/2841 4059/4036/3644 4052/4029/3638
f 4052/4029/3638 4059/4036/3644 4060/4037/3645
f 4052/4029/3638 4060/4037/3645 4051/4028/3637
f 4042/4019/3631 4061/4038/3646 4043/4020/3632
f 4042/4019/3631 4041/4018/3630 4061/4038/3646
f 4062/4039/3647 4063/4040/3648 4064/4041/3649
f 4062/4039/3647 4064/4041/3649 4065/4042/3650
f 4063/4040/3648 4066/4043/3651 4064/4041/3649
f 4063/4040/3648 4067/4044/3652 4066/4043/3651
f 4067/4044/3652 4068/4045/2856 4066/4043/3651
f 4067/4044/3652 4069/4046/3653 4068/4045/2856
f 4069/4046/3653 4070/4047/3654 4068/4045/2856
f 4069/4046/3653 4071/4048/3655 4070/4047/3654
f 4072/4049/3656 4073/4050/3657 4074/4051/3658
f 4072/4049/3656 4074/4051/3658 4075/4052/2863
f 4076/4053/3659 4072/4049/3656 4075/4052/2863
f 4076/4053/3659 4075/4052/2863 4077/4054/3660
f 4077/4054/3660 4075/4052/2863 4078/4055/3661
f 4077/4054/3660 4078/4055/3661 4079/4056/2867
f 4080/4057/2868 4077/4054/3660 4079/4056/2867
f 4080/4057/2868 4079/4056/2867 4081/4058/3662
f 4082/4059/3663 4080/4057/2868 4081/4058/3662
f 4082/4059/3663 4081/4058/3662 4083/4060/3664
f 4083/4060/3664 4081/4058/3662 4084/4061/3665
f 4083/4060/3664 4084/4061/3665 4085/4062/3666
f 4086/4063/3667 4083/4060/3664 4085/4062/3666
f 4086/4063/3667 4085/4062/3666 4087/4064/3668
f 4087/4064/3668 4085/4062/3666 4088/4065/2876
f 4087/4064/3668 4088/4065/2876 4089/4066/3669
f 4089/4066/3669 4088/4065/2876 4090/4067/3670
f 4089/4066/3669 4090/4067/3670 4091/4068/2879
f 4091/4068/2879 4090/4067/3670 4092/4069/3671
f 4091/4068/2879 4092/4069/3671 4093/4070/3672
f 4090/4067/3670 4094/4071/3673 4092/4069/3671
f 4090/4067/3670 4095/4072/3674 4094/4071/3673
f 4088/4065/2876 4095/4072/3674 4090/4067/3670
f 4088/4065/2876 4096/4073/2884 4095/4072/3674
f 4085/4062/3666 4096/4073/2884 4088/4065/2876
f 4085/4062/3666 4084/4061/3665 4096/4073/2884
f 4084/4061/3665 4097/4074/3675 4096/4073/2884
f 4084/4061/3665 4098/4075/3676 4097/4074/3675
f 4081/4058/3662 4098/4075/3676 4084/4061/3665
f 4081/4058/3662 4079/4056/2867 4098/4075/3676
f 4079/4056/2867 4099/4076/3677 4098/4075/3676
f 4079/4056/2867 4078/4055/3661 4099/4076/3677
f 4078/4055/3661 4100/4077/3678 4099/4076/3677
f 4078/4055/3661 4101/4078/3679 4100/4077/3678
f 4075/4052/2863 4101/4078/3679 4078/4055/3661
f 4075/4052/2863 4074/4051/3658 4101/4078/3679
f 4074/4051/3658 4102/4079/3680 4101/4078/3679
f 4074/4051/3658 4103/4080/3681 4102/4079/3680
f 4101/4078/3679 4102/4079/3680 4104/4081/2892
f 4101/4078/3679 4104/4081/2892 4100/4077/3678
f 4100/4077/3678 4104/4081/2892 4105/4082/2893
f 4100/4077/3678 4105/4082/2893 4106/4083/3682
f 4099/4076/3677 4100/4077/3678 4106/4083/3682
f 4099/4076/3677 4106/4083/3682 4107/4084/3683
f 4098/4075/3676 4099/4076/3677 4107/4084/3683
f 4098/4075/3676 4107/4084/3683 4097/4074/3675
f 4097/4074/3675 4107/4084/3683 4108/4085/3684
f 4097/4074/3675 4108/4085/3684 4109/4086/3685
f 4096/4073/2884 4097/4074/3675 4109/4086/3685
f 4096/4073/2884 4109/4086/3685 4095/4072/3674
f 4095/4072/3674 4109/4086/3685 4110/4087/2898
f 4095/4072/3674 4110/4087/2898 4094/4071/3673
f 4109/4086/3685 4111/4088/3686 4110/4087/2898
f 4109/4086/3685 4108/4085/3684 4111/4088/3686
f 4108/4085/3684 4112/4089/3687 4111/4088/3686
f 4108/4085/3684 4113/4090/3688 4112/4089/3687
f 4107/4084/3683 4113/4090/3688 4108/4085/3684
f 4107/4084/3683 4106/4083/3682 4113/4090/3688
f 4106/4083/3682 4114/4091/3689 4113/4090/3688
f 4106/4083/3682 4105/4082/2893 4114/4091/3689
f 4113/4090/3688 4114/4091/3689 4115/4092/3690
f 4113/4090/3688 4115/4092/3690 4112/4089/3687
f 4116/4093/3691 4117/4094/3692 4118/4095/3693
f 4116/4093/3691 4118/4095/3693 4119/4096/3694
f 4119/4096/3694 4118/4095/3693 4120/4097/3695
f 4119/4096/3694 4120/4097/3695 4121/4098/3696
f 4121/4098/3696 4120/4097/3695 4122/4099/3697
f 4121/4098/3696 4122/4099/3697 4123/4100/3698
f 4123/4100/3698 4122/4099/3697 4124/4101/3699
f 4123/4100/3698 4124/4101/3699 4125/4102/3700
f 4125/4102/3700 4124/4101/3699 4126/4103/3701
f 4125/4102/3700 4126/4103/3701 4127/4104/3702
f 4120/4097/3695 4128/4105/3703 4122/4099/3697
f 4120/4097/3695 4129/4106/3704 4128/4105/3703
f 4118/4095/3693 4129/4106/3704 4120/4097/3695
f 4118/4095/3693 4130/4107/3705 4129/4106/3704
f 4117/4094/3692 4130/4107/3705 4118/4095/3693
f 4117/4094/3692 4131/4108/3706 4130/4107/3705
f 4117/4094/3692 4132/4109/3707 4131/4108/3706
f 4117/4094/3692 4133/4110/3708 4132/4109/3707
f 4116/4093/3691 4133/4110/3708 4117/4094/3692
f 4116/4093/3691 4134/4111/3709 4133/4110/3708
f 4134/4111/3709 4135/4112/3710 4133/4110/3708
f 4134/4111/3709 4136/4113/3711 4135/4112/3710
f 4136/4113/3711 4137/4114/3712 4135/4112/3710
f 4136/4113/3711 4138/4115/3713 4137/4114/3712
f 4138/4115/3713 4139/4116/3714 4137/4114/3712
f 4138/4115/3713 4140/4117/3715 4139/4116/3714
f 4137/4114/3712 4139/4116/3714 4141/4118/3716
f 4137/4114/3712 4141/4118/3716 4142/4119/3717
f 4135/4112/3710 4137/4114/3712 4142/4119/3717
f 4135/4112/3710 4142/4119/3717 4143/4120/3718
f 4133/4110/3708 4135/4112/3710 4143/4120/3718
f 4133/4110/3708 4143/4120/3718 4132/4109/3707
f 4132/4109/3707 4143/4120/3718 4144/4121/3719
f 4132/4109/3707 4144/4121/3719 4145/4122/3720
f 4131/4108/3706 4132/4109/3707 4145/4122/3720
f 4131/4108/3706 4145/4122/3720 4146/4123/3721
f 4131/4108/3706 4146/4123/3721 4147/4124/3722
f 4131/4108/3706 4147/4124/3722 4130/4107/3705
f 4130/4107/3705 4147/4124/3722 4148/4125/3723
f 4130/4107/3705 4148/4125/3723 4129/4106/3704
f 4147/4124/3722 4149/4126/3724 4148/4125/3723
f 4147/4124/3722 4150/4127/3725 4149/4126/3724
f 4146/4123/3721 4150/4127/3725 4147/4124/3722
f 4146/4123/3721 4151/4128/3726 4150/4127/3725
f 4146/4123/3721 4152/4129/3727 4151/4128/3726
f 4146/4123/3721 4145/4122/3720 4152/4129/3727
f 4145/4122/3720 4153/4130/3728 4152/4129/3727
f 4145/4122/3720 4144/4121/3719 4153/4130/3728
f 4144/4121/3719 4154/4131/3729 4153/4130/3728
f 4144/4121/3719 4155/4132/3730 4154/4131/3729
f 4143/4120/3718 4155/4132/3730 4144/4121/3719
f 4143/4120/3718 4142/4119/3717 4155/4132/3730
f 4142/4119/3717 4156/4133/3731 4155/4132/3730
f 4142/4119/3717 4141/4118/3716 4156/4133/3731
f 4155/4132/3730 4156/4133/3731 4157/4134/3732
f 4155/4132/3730 4157/4134/3732 4154/4131/3729
f 4153/4130/3728 4154/4131/3729 4158/4135/3733
f 4153/4130/3728 4158/4135/3733 4159/4136/3734
f 4152/4129/3727 4153/4130/3728 4159/4136/3734
f 4152/4129/3727 4159/4136/3734 4160/4137/3735
f 4151/4128/3726 4152/4129/3727 4160/4137/3735
f 4151/4128/3726 4160/4137/3735 4161/4138/3736
f 4151/4128/3726 4161/4138/3736 4162/4139/3737
f 4151/4128/3726 4162/4139/3737 4150/4127/3725
f 4167/4140/3738 4168/4141/3739 4169/4142/3655
f 4170/4143/3740 4171/4144/3741 4172/4145/3742
f 4170/4143/3740 4172/4145/3742 4173/4146/3743
f 4171/4144/3741 4174/4147/3744 4172/4145/3742
f 4171/4144/3741 4175/4148/3745 4174/4147/3744
f 4176/4149/3746 4175/4148/3745 4171/4144/3741
f 4176/4149/3746 4177/4150/3747 4175/4148/3745
f 4178/4151/3748 4177/4150/3747 4176/4149/3746
f 4178/4151/3748 4179/4152/3749 4177/4150/3747
f 4180/4153/3750 4179/4152/3749 4178/4151/3748
f 4180/4153/3750 4181/4154/3751 4179/4152/3749
f 4182/4155/3752 4181/4154/3751 4180/4153/3750
f 4182/4155/3752 4183/4156/3753 4181/4154/3751
f 4183/4156/3753 4184/4157/3754 4181/4154/3751
f 4183/4156/3753 4185/4158/3755 4184/4157/3754
f 4185/4158/3755 4186/4159/3756 4184/4157/3754
f 4185/4158/3755 4187/4160/3757 4186/4159/3756
f 4187/4160/3757 4188/4161/3758 4186/4159/3756
f 4187/4160/3757 4189/4162/3759 4188/4161/3758
f 4189/4162/3759 4190/4163/3671 4188/4161/3758
f 4189/4162/3759 4191/4164/3760 4190/4163/3671
f 4188/4161/3758 4190/4163/3671 4192/4165/3761
f 4188/4161/3758 4192/4165/3761 4193/4166/3762
f 4186/4159/3756 4188/4161/3758 4193/4166/3762
f 4186/4159/3756 4193/4166/3762 4194/4167/3763
f 4184/4157/3754 4186/4159/3756 4194/4167/3763
f 4184/4157/3754 4194/4167/3763 4195/4168/3764
f 4181/4154/3751 4184/4157/3754 4195/4168/3764
f 4181/4154/3751 4195/4168/3764 4179/4152/3749
f 4179/4152/3749 4195/4168/3764 4196/4169/3765
f 4179/4152/3749 4196/4169/3765 4177/4150/3747
f 4177/4150/3747 4196/4169/3765 4197/4170/3766
f 4177/4150/3747 4197/4170/3766 4175/4148/3745
f 4175/4148/3745 4197/4170/3766 4198/4171/3767
f 4175/4148/3745 4198/4171/3767 4174/4147/3744
f 4174/4147/3744 4198/4171/3767 4199/4172/3768
f 4174/4147/3744 4199/4172/3768 4200/4173/3769
f 4172/4145/3742 4174/4147/3744 4200/4173/3769
f 4172/4145/3742 4200/4173/3769 4201/4174/3770
f 4198/4171/3767 4202/4175/3771 4199/4172/3768
f 4198/4171/3767 4203/4176/3772 4202/4175/3771
f 4197/4170/3766 4203/4176/3772 4198/4171/3767
f 4197/4170/3766 4204/4177/3773 4203/4176/3772
f 4196/4169/3765 4204/4177/3773 4197/4170/3766
f 4196/4169/3765 4205/4178/3774 4204/4177/3773
f 4195/4168/3764 4205/4178/3774 4196/4169/3765
f 4195/4168/3764 4194/4167/3763 4205/4178/3774
f 4194/4167/3763 4206/4179/3775 4205/4178/3774
f 4194/4167/3763 4193/4166/3762 4206/4179/3775
f 4193/4166/3762 4207/4180/3776 4206/4179/3775
f 4193/4166/3762 4192/4165/3761 4207/4180/3776
f 4206/4179/3775 4207/4180/3776 4208/4181/3777
f 4206/4179/3775 4208/4181/3777 4209/4182/3778
f 4205/4178/3774 4206/4179/3775 4209/4182/3778
f 4205/4178/3774 4209/4182/3778 4204/4177/3773
f 4204/4177/3773 4209/4182/3778 4210/4183/3779
f 4204/4177/3773 4210/4183/3779 4203/4176/3772
f 4203/4176/3772 4210/4183/3779 4211/4184/3780
f 4203/4176/3772 4211/4184/3780 4202/4175/3771
f 4210/4183/3779 4212/4185/2903 4211/4184/3780
f 4210/4183/3779 4213/4186/2900 4212/4185/2903
f 4209/4182/3778 4213/4186/2900 4210/4183/3779
f 4209/4182/3778 4208/4181/3777 4213/4186/2900
f 4214/4187/3781 4215/4188/3782 4216/4189/3783
f 4214/4187/3781 4216/4189/3783 4217/4190/3784
f 4218/4191/3785 4214/4187/3781 4217/4190/3784
f 4218/4191/3785 4217/4190/3784 4219/4192/3786
f 4220/4193/3787 4218/4191/3785 4219/4192/3786
f 4220/4193/3787 4219/4192/3786 4221/4194/3788
f 4220/4193/3787 4420/4195/3789 4391/4196/3790
f 4420/4195/3789 4221/4194/3788 4421/4197/3791
f 4350/4198/3792 4340/4199/3793 4222/4200/3794
f 4223/4201/3795 4222/4200/3794 4224/4202/3796
f 4225/4203/3797 4223/4201/3795 4224/4202/3796
f 4225/4203/3797 4224/4202/3796 4226/4204/3798
f 4227/4205/3799 4225/4203/3797 4226/4204/3798
f 4227/4205/3799 4226/4204/3798 4228/4206/3800
f 4229/4207/3801 4227/4205/3799 4228/4206/3800
f 4229/4207/3801 4228/4206/3800 4230/4208/3802
f 4231/4209/3803 4229/4207/3801 4230/4208/3802
f 4231/4209/3803 4230/4208/3802 4232/4210/3804
f 4233/4211/3805 4231/4209/3803 4232/4210/3804
f 4233/4211/3805 4232/4210/3804 4234/4212/3806
f 4215/4188/3782 4233/4211/3805 4234/4212/3806
f 4215/4188/3782 4234/4212/3806 4216/4189/3783
f 4422/4213/3807 4235/4214/3808 4392/4215/3809
f 4236/4216/3808 4422/4213/3807 4423/4217/3810
f 4237/4218/3335 4238/4219/3811 4239/4220/3812
f 4237/4218/3335 4239/4220/3812 4240/4221/3335
f 4241/4222/3813 4237/4218/3335 4240/4221/3335
f 4241/4222/3813 4240/4221/3335 4242/4223/3814
f 4238/4219/3811 4243/4224/3815 4239/4220/3812
f 4238/4219/3811 4244/4225/3815 4243/4224/3815
f 4244/4225/3815 4245/4226/3283 4243/4224/3815
f 4244/4225/3815 4246/4227/3283 4245/4226/3283
f 4246/4227/3283 4247/4228/3816 4245/4226/3283
f 4246/4227/3283 4248/4229/3816 4247/4228/3816
f 4248/4229/3816 4249/4230/3254 4247/4228/3816
f 4248/4229/3816 4250/4231/3254 4249/4230/3254
f 4250/4231/3254 4251/4232/3255 4249/4230/3254
f 4250/4231/3254 4252/4233/3255 4251/4232/3255
f 4252/4233/3255 4253/4234/3817 4251/4232/3255
f 4252/4233/3255 4254/4235/3818 4253/4234/3817
f 4257/4236/1512 4255/4237/3819 4256/4238/3819
f 4257/4236/1512 4256/4238/3819 4258/4239/1512
f 4259/4240/3817 4257/4236/1512 4258/4239/1512
f 4259/4240/3817 4258/4239/1512 4260/4241/3817
f 4261/3512/3820 4262/3542/3821 4263/4242/3821
f 4261/3512/3820 4263/4242/3821 4264/4243/3822
f 4265/3511/3823 4261/3512/3820 4264/4243/3822
f 4265/3511/3823 4264/4243/3822 4266/4244/3823
f 4267/3479/3824 4265/3511/3823 4266/4244/3823
f 4267/3479/3824 4266/4244/3823 4268/4245/3825
f 4262/3542/3821 4269/4246/3826 4263/4242/3821
f 4262/3542/3821 4270/3543/3827 4269/4246/3826
f 4393/4247/3828 4326/4248/3829 4271/4249/3830
f 4272/4250/3831 4271/4249/3830 4273/4251/3831
f 4274/4252/3832 4272/4250/3831 4273/4251/3831
f 4274/4252/3832 4273/4251/3831 4275/4253/3833
f 4372/4254/3834 4276/4255/3835 4364/4256/3836
f 4372/4254/3834 4395/4257/3837 4276/4255/3835
f 4277/4258/3838 4396/4259/3839 4397/4260/3840
f 4278/4261/3838 4398/4262/3841 4396/4259/3839
f 4277/4258/3838 4280/4263/3842 4278/4261/3838
f 4277/4258/3838 4281/4264/3843 4280/4263/3842
f 4281/4264/3843 4282/4265/3844 4280/4263/3842
f 4281/4264/3843 4283/4266/3844 4282/4265/3844
f 4283/4266/3844 4284/4267/3845 4282/4265/3844
f 4283/4266/3844 4285/4268/3846 4284/4267/3845
f 4286/4269/1512 4287/4270/1513 4288/4271/1513
f 4286/4269/1512 4288/4271/1513 4289/4272/1512
f 4290/4255/3847 4286/4269/1512 4289/4272/1512
f 4290/4255/3847 4289/4272/1512 4291/4273/3848
f 4290/4255/3847 4373/4274/3849 4365/4256/3850
f 4373/4274/3849 4291/4273/3848 4374/4275/3851
f 4292/4276/3255 4293/4245/3254 4294/4277/3254
f 4292/4276/3255 4294/4277/3254 4295/4278/3255
f 4296/4279/3256 4292/4276/3255 4295/4278/3255
f 4296/4279/3256 4295/4278/3255 4297/4280/3256
f 4293/4245/3254 4298/4281/2058 4294/4277/3254
f 4293/4245/3254 4299/4244/2058 4298/4281/2058
f 4299/4244/2058 4300/4282/3852 4298/4281/2058
f 4299/4244/2058 4301/4243/3852 4300/4282/3852
f 4301/4243/3852 4302/4283/3815 4300/4282/3852
f 4301/4243/3852 4303/4242/3815 4302/4283/3815
f 4303/4242/3815 4304/4284/3311 4302/4283/3815
f 4303/4242/3815 4305/4246/3812 4304/4284/3311
f 4305/4246/3812 4306/4285/3335 4304/4284/3311
f 4305/4246/3812 4307/4286/3335 4306/4285/3335
f 4307/4286/3335 4308/4287/3813 4306/4285/3335
f 4307/4286/3335 4309/4288/3814 4308/4287/3813
f 4128/4105/3703 4417/4289/3853 4418/4290/3854
f 3588/3572/3334 4413/4291/3855 4412/4292/3856
f 3588/3572/3334 4412/4292/3856 4411/4293/3857
f 3099/3084/2951 4410/4294/3858 4409/4295/3859
f 3094/3081/2949 4407/4296/3860 4408/4297/3861
f 3094/3081/2949 4406/4298/3862 4407/4296/3860
f 3067/3061/2937 4403/4299/3863 4402/4300/3864
f 3067/3061/2937 4402/4300/3864 4401/4301/3865
f 4272/4250/3831 4393/4247/3828 4271/4249/3830
f 4128/4105/3703 4416/4302/3866 4122/4099/3697
f 4128/4105/3703 4418/4290/3854 4388/4303/3867
f 3596/4304/3868 4387/4305/3869 3595/4306/3336
f 3592/4307/3870 4386/4308/3871 3591/4309/3872
f 4409/4295/3859 3106/3091/2955 3099/3084/2951
f 3099/3084/2951 4383/4310/3873 4410/4294/3858
f 3093/3080/2084 4408/4297/3861 4382/4311/3874
f 4382/4311/3874 3099/3084/2951 3093/3080/2084
f 4380/4312/3875 3074/4313/2032 3073/4314/3876
f 3066/3060/2936 4403/4299/3863 3067/3061/2937
f 3069/4315/3877 4379/4316/3878 3066/3060/2936
f 3045/3039/2922 4378/4317/3879 4377/4318/3880
f 4375/4319/3807 4311/4320/3808 4310/4321/3881
f 4163/4322/3882 4390/4323/3883 4371/4324/3884
f 4371/4324/3884 4165/4325/3885 4163/4322/3882
f 3595/4306/3336 4387/4305/3869 4370/4326/3886
f 3591/4309/3872 4386/4308/3871 4369/4327/3887
f 3073/4314/3876 4368/4328/3888 4380/4312/3875
f 4310/4321/3881 4366/4329/3889 4375/4319/3807
f 3595/4306/3336 4363/4330/3890 3594/4331/3149
f 3591/4309/3872 4362/4332/3891 3590/4333/3892
f 3072/4334/1952 4361/4335/3893 4368/4328/3888
f 4167/4140/3738 4360/4336/3894 4168/4141/3739
f 4149/4126/3724 4358/4337/3895 4148/4125/3723
f 4148/4125/3723 4358/4337/3895 4357/4338/3896
f 3594/4331/3149 4363/4330/3890 4355/4339/3897
f 3590/4333/3892 4413/4291/3855 3588/3572/3334
f 3590/4333/3892 4362/4332/3891 4354/4340/3898
f 3097/4341/2089 3098/4342/3899 4353/4343/3900
f 3019/3013/2909 4367/4344/3901 3021/3015/2029
f 3023/3017/2912 4352/4345/3902 3019/3013/2909
f 4351/4346/3903 4222/4200/3794 4223/4201/3795
f 4349/4347/3904 4167/4140/3738 4166/4348/3905
f 3594/4331/3149 4348/4349/3906 3593/4350/3907
f 3097/4341/2089 4353/4343/3900 4347/4351/3908
f 3075/4352/3909 4345/4353/3910 4346/4354/3911
f 3072/4334/1952 4344/4355/3912 4361/4335/3893
f 3052/3046/2927 4343/4356/3913 3047/3041/2924
f 4341/4357/3914 4256/4238/3819 4255/4237/3819
f 4166/4348/3905 4339/4358/3915 4349/4347/3904
f 4122/4099/3697 4338/4359/3916 4124/4101/3699
f 4124/4101/3699 4356/4360/3917 4126/4103/3701
f 4124/4101/3699 4338/4359/3916 4337/4361/3918
f 3597/3574/3919 3598/3576/3920 4336/4362/3921
f 3593/4350/3907 4348/4349/3906 4335/4363/3922
f 3096/3083/2087 4347/4351/3908 4334/4364/3923
f 3075/4352/3909 4333/4365/3924 4345/4353/3910
f 3070/4366/3925 4330/4367/3926 4329/4368/3927
f 3070/4366/3925 4329/4368/3927 4331/4369/3928
f 3047/3041/2924 4328/4370/3929 3046/3040/2923
f 3045/3039/2922 4327/4371/3930 3024/3018/1956
f 4255/4237/3819 4325/4372/3914 4341/4357/3914
f 4165/4325/3885 4419/4373/3931 4324/4374/3932
f 4324/4374/3932 4166/4348/3905 4165/4325/3885
f 4148/4125/3723 4323/4375/3933 4129/4106/3704
f 4129/4106/3704 4417/4289/3853 4128/4105/3703
f 3596/4304/3868 4322/4376/3934 4415/4377/3935
f 3597/3574/3919 4322/4376/3934 3596/4304/3868
f 3592/4307/3870 4321/4378/3922 4414/4379/3936
f 3593/4350/3907 4321/4378/3922 3592/4307/3870
f 4411/4293/3857 3589/3573/3335 3588/3572/3334
f 4319/4380/3937 3094/3081/2949 3095/3082/2950
f 4334/4364/3923 3095/3082/2950 3096/3083/2087
f 3095/3082/2950 4318/4381/3938 4319/4380/3937
f 3074/4313/2032 4381/4382/3939 4317/4383/3940
f 4317/4383/3940 3075/4352/3909 3074/4313/2032
f 3071/4384/2026 4405/4385/3941 4316/4386/3942
f 3071/4384/2026 4316/4386/3942 4332/4387/3943
f 3067/3061/2937 4314/4388/3944 3068/3062/2938
f 3068/3062/2938 4314/4388/3944 4315/4389/3945
f 3046/3040/2923 4378/4317/3879 3045/3039/2922
f 3024/3018/1956 4312/4390/3946 3023/3017/2912
f 4220/4193/3787 4221/4194/3788 4420/4195/3789
f 4236/4216/3808 4235/4214/3808 4422/4213/3807
f 4277/4258/3838 4278/4261/3838 4396/4259/3839
f 4278/4261/3838 4279/4391/3947 4398/4262/3841
f 4290/4255/3847 4291/4273/3848 4373/4274/3849
f 4272/4250/3831 4394/4392/3948 4393/4247/3828
f 4128/4105/3703 4388/4303/3867 4416/4302/3866
f 3596/4304/3868 4415/4377/3935 4387/4305/3869
f 3592/4307/3870 4414/4379/3936 4386/4308/3871
f 4409/4295/3859 4384/3092/2956 3106/3091/2955
f 3093/3080/2084 3094/3081/2949 4408/4297/3861
f 4382/4311/3874 4383/4310/3873 3099/3084/2951
f 4380/4312/3875 4381/4382/3939 3074/4313/2032
f 3066/3060/2936 4379/4316/3878 4403/4299/3863
f 3069/4315/3877 4404/4393/3949 4379/4316/3878
f 4375/4319/3807 4376/4394/3810 4311/4320/3808
f 4163/4322/3882 4164/4395/3950 4390/4323/3883
f 4371/4324/3884 4419/4373/3931 4165/4325/3885
f 3073/4314/3876 3072/4334/1952 4368/4328/3888
f 3595/4306/3336 4370/4326/3886 4363/4330/3890
f 3591/4309/3872 4369/4327/3887 4362/4332/3891
f 4167/4140/3738 4359/4396/3951 4360/4336/3894
f 4149/4126/3724 4389/4397/3952 4358/4337/3895
f 3590/4333/3892 4354/4340/3898 4413/4291/3855
f 3019/3013/2909 4352/4345/3902 4367/4344/3901
f 3023/3017/2912 4399/4398/3953 4352/4345/3902
f 4351/4346/3903 4350/4198/3792 4222/4200/3794
f 4349/4347/3904 4359/4396/3951 4167/4140/3738
f 3594/4331/3149 4355/4339/3897 4348/4349/3906
f 3052/3046/2927 4400/4399/3954 4343/4356/3913
f 4341/4357/3914 4342/4400/3914 4256/4238/3819
f 4122/4099/3697 4416/4302/3866 4338/4359/3916
f 4124/4101/3699 4337/4361/3918 4356/4360/3917
f 3096/3083/2087 3097/4341/2089 4347/4351/3908
f 3047/3041/2924 4343/4356/3913 4328/4370/3929
f 3045/3039/2922 4377/4318/3880 4327/4371/3930
f 4324/4374/3932 4339/4358/3915 4166/4348/3905
f 4148/4125/3723 4357/4338/3896 4323/4375/3933
f 4129/4106/3704 4323/4375/3933 4417/4289/3853
f 3597/3574/3919 4336/4362/3921 4322/4376/3934
f 3593/4350/3907 4335/4363/3922 4321/4378/3922
f 4411/4293/3857 4320/4401/3955 3589/3573/3335
f 4319/4380/3937 4406/4298/3862 3094/3081/2949
f 4334/4364/3923 4318/4381/3938 3095/3082/2950
f 4317/4383/3940 4333/4365/3924 3075/4352/3909
f 3067/3061/2937 4401/4301/3865 4314/4388/3944
f 3046/3040/2923 4313/4402/3956 4378/4317/3879
f 3024/3018/1956 4327/4371/3930 4312/4390/3946
