# Blender 5.1.1
# www.blender.org
mtllib InnerPillar_two.mtl
o Cylinder.004_0.001
v 7.151544 3.079445 -2.174812
v 7.132090 3.073005 -2.153303
v 7.174700 3.086806 -2.191914
v 7.200659 3.094801 -2.203950
v 7.228422 3.103124 -2.210465
v 7.256933 3.111457 -2.211197
v 7.285088 3.119477 -2.206129
v 7.311804 3.126877 -2.195448
v 7.336056 3.133373 -2.179567
v 7.343884 3.127249 -1.945471
v 7.363338 3.133688 -1.966983
v 7.320731 3.119890 -1.928371
v 7.294774 3.111895 -1.916331
v 7.267005 3.103571 -1.909821
v 7.238499 3.095239 -1.909085
v 7.210343 3.087219 -1.914157
v 7.183624 3.079817 -1.924836
v 7.159370 3.073321 -1.940717
v 7.395373 3.136812 -2.018645
v 7.385035 3.132772 -1.989983
v 7.426974 3.113904 -1.973399
v 7.439892 3.118953 -2.009222
v 7.400122 3.139282 -2.048912
v 7.445826 3.122041 -2.047050
v 7.399096 3.140087 -2.079624
v 7.444542 3.123044 -2.085431
v 7.392335 3.139192 -2.109596
v 7.436093 3.121928 -2.122890
v 7.380098 3.136636 -2.137678
v 7.420802 3.118733 -2.157984
v 7.362860 3.132516 -2.162788
v 7.399260 3.113583 -2.189369
v 7.341280 3.126988 -2.183966
v 7.372284 3.106674 -2.215835
v 7.316182 3.120267 -2.200397
v 7.340924 3.098275 -2.236366
v 7.288543 3.112610 -2.211446
v 7.306376 3.088705 -2.250178
v 7.259415 3.104312 -2.216689
v 7.269975 3.078334 -2.256733
v 7.229919 3.095691 -2.215930
v 7.233112 3.067561 -2.255783
v 7.201195 3.087081 -2.209192
v 7.197208 3.056798 -2.247364
v 7.174335 3.078807 -2.196740
v 7.163644 3.046462 -2.231799
v 7.150381 3.071194 -2.179047
v 7.133709 3.036945 -2.209684
v 7.130252 3.064531 -2.156791
v 7.108552 3.028618 -2.181874
v 7.114718 3.059072 -2.130835
v 7.089142 3.021798 -2.149436
v 7.104381 3.055031 -2.102173
v 7.076218 3.016747 -2.113612
v 7.099635 3.052563 -2.071906
v 7.070284 3.013660 -2.075784
v 7.100660 3.051759 -2.041194
v 7.071569 3.012655 -2.037402
v 7.107423 3.052653 -2.011221
v 7.080017 3.013772 -1.999945
v 7.119657 3.055208 -1.983141
v 7.095307 3.016967 -1.964850
v 7.136894 3.059329 -1.958030
v 7.116857 3.022119 -1.933465
v 7.158478 3.064857 -1.936849
v 7.143826 3.029026 -1.906999
v 7.183570 3.071578 -1.920421
v 7.175188 3.037426 -1.886463
v 7.211211 3.079235 -1.909371
v 7.209734 3.046995 -1.872654
v 7.240339 3.087533 -1.904125
v 7.246137 3.057364 -1.866099
v 7.269835 3.096153 -1.904885
v 7.282998 3.068138 -1.867051
v 7.298563 3.104764 -1.911623
v 7.318902 3.078901 -1.875469
v 7.325418 3.113037 -1.924079
v 7.352466 3.089240 -1.891034
v 7.349369 3.120651 -1.941772
v 7.382404 3.098756 -1.913145
v 7.369506 3.127315 -1.964022
v 7.407558 3.107082 -1.940959
v 7.102496 3.061437 -2.071251
v 7.107082 3.063823 -2.100508
v 7.104381 3.055031 -2.102173
v 7.099635 3.052563 -2.071906
v 7.103489 3.060661 -2.041570
v 7.100660 3.051759 -2.041194
v 7.110023 3.061525 -2.012599
v 7.107423 3.052653 -2.011221
v 7.121846 3.063995 -1.985456
v 7.119657 3.055208 -1.983141
v 7.138508 3.067979 -1.961185
v 7.136894 3.059329 -1.958030
v 7.159370 3.073321 -1.940717
v 7.158478 3.064857 -1.936849
v 7.114718 3.059072 -2.130835
v 7.117075 3.067730 -2.128215
v 7.130252 3.064531 -2.156791
v 7.132090 3.073005 -2.153303
v 7.132090 3.073005 -2.153303
v 7.151544 3.079445 -2.174812
v 7.150381 3.071194 -2.179047
v 7.130252 3.064531 -2.156791
v 7.174335 3.078807 -2.196740
v 7.174700 3.086806 -2.191914
v 7.201195 3.087081 -2.209192
v 7.200659 3.094801 -2.203950
v 7.229919 3.095691 -2.215930
v 7.228422 3.103124 -2.210465
v 7.259415 3.104312 -2.216689
v 7.256933 3.111457 -2.211197
v 7.288543 3.112610 -2.211446
v 7.285088 3.119477 -2.206129
v 7.316182 3.120267 -2.200397
v 7.311804 3.126877 -2.195448
v 7.341280 3.126988 -2.183966
v 7.336056 3.133373 -2.179567
v 7.363338 3.133688 -1.966983
v 7.343884 3.127249 -1.945471
v 7.349369 3.120651 -1.941772
v 7.369506 3.127315 -1.964022
v 7.325418 3.113037 -1.924079
v 7.320731 3.119890 -1.928371
v 7.298563 3.104764 -1.911623
v 7.294774 3.111895 -1.916331
v 7.269835 3.096153 -1.904885
v 7.267005 3.103571 -1.909821
v 7.240339 3.087533 -1.904125
v 7.238499 3.095239 -1.909085
v 7.211211 3.079235 -1.909371
v 7.210343 3.087219 -1.914157
v 7.183570 3.071578 -1.920421
v 7.183624 3.079817 -1.924836
v 7.158478 3.064857 -1.936849
v 7.159370 3.073321 -1.940717
v 7.382404 3.098756 -1.913145
v 7.352466 3.089240 -1.891034
v 7.372128 3.021744 -1.893458
v 7.402067 3.031260 -1.915569
v 7.407558 3.107082 -1.940959
v 7.427222 3.039587 -1.943382
v 7.883993 1.377124 -1.974956
v 7.909149 1.385451 -2.002769
v 7.854057 1.367608 -1.952845
v 7.820493 1.357271 -1.937279
v 7.338566 3.011406 -1.877892
v 7.318902 3.078901 -1.875469
v 7.302662 3.000643 -1.869473
v 7.282998 3.068138 -1.867051
v 7.265800 2.989870 -1.868524
v 7.246137 3.057364 -1.866099
v 7.229398 2.979500 -1.875078
v 7.209734 3.046995 -1.872654
v 7.194852 2.969929 -1.888886
v 7.175188 3.037426 -1.886463
v 7.163491 2.961531 -1.909421
v 7.143826 3.029026 -1.906999
v 7.645418 1.307395 -1.968809
v 7.676778 1.315794 -1.948273
v 7.711325 1.325364 -1.934464
v 7.747726 1.335734 -1.927909
v 7.784588 1.346508 -1.928861
v 7.233112 3.067561 -2.255783
v 7.269975 3.078334 -2.256733
v 7.289639 3.010839 -2.259157
v 7.252778 3.000066 -2.258206
v 7.197208 3.056798 -2.247364
v 7.216872 2.989303 -2.249787
v 7.163644 3.046462 -2.231799
v 7.183310 2.978966 -2.234221
v 7.133709 3.036945 -2.209684
v 7.153373 2.969450 -2.212107
v 7.108552 3.028618 -2.181874
v 7.128217 2.961122 -2.184296
v 7.635299 1.315314 -2.271492
v 7.610144 1.306986 -2.243683
v 7.665236 1.324830 -2.293609
v 7.698800 1.335167 -2.309174
v 7.734704 1.345931 -2.317592
v 7.771566 1.356704 -2.318544
v 7.807969 1.367074 -2.311988
v 7.326041 3.021210 -2.252601
v 7.306376 3.088705 -2.250178
v 7.360588 3.030780 -2.238790
v 7.340924 3.098275 -2.236366
v 7.391948 3.039179 -2.218257
v 7.372284 3.106674 -2.215835
v 7.873874 1.385043 -2.277644
v 7.842514 1.376643 -2.298176
v 7.372284 3.106674 -2.215835
v 7.399260 3.113583 -2.189369
v 7.418923 3.046088 -2.191792
v 7.391948 3.039179 -2.218257
v 7.900849 1.391952 -2.251180
v 7.873874 1.385043 -2.277644
v 7.922393 1.397103 -2.219794
v 7.440467 3.051237 -2.160407
v 7.420802 3.118733 -2.157984
v 7.455758 3.054433 -2.125312
v 7.436093 3.121928 -2.122890
v 7.464207 3.055548 -2.087853
v 7.444542 3.123044 -2.085431
v 7.465489 3.054545 -2.049472
v 7.445826 3.122041 -2.047050
v 7.459557 3.051458 -2.011645
v 7.439892 3.118953 -2.009222
v 7.446638 3.046409 -1.975821
v 7.426974 3.113904 -1.973399
v 7.427222 3.039587 -1.943382
v 7.407558 3.107082 -1.940959
v 7.909149 1.385451 -2.002769
v 7.928566 1.392273 -2.035209
v 7.941483 1.397323 -2.071033
v 7.947416 1.400410 -2.108859
v 7.946133 1.401413 -2.147241
v 7.937683 1.400298 -2.184699
v 7.071569 3.012655 -2.037402
v 7.070284 3.013660 -2.075784
v 7.089949 2.946164 -2.078207
v 7.091233 2.945159 -2.039826
v 7.080017 3.013772 -1.999945
v 7.099682 2.946277 -2.002367
v 7.095307 3.016967 -1.964850
v 7.114973 2.949472 -1.967272
v 7.116857 3.022119 -1.933465
v 7.136520 2.954623 -1.935888
v 7.143826 3.029026 -1.906999
v 7.163491 2.961531 -1.909421
v 7.618447 1.300489 -1.995274
v 7.645418 1.307395 -1.968809
v 7.596900 1.295337 -2.026659
v 7.581608 1.292142 -2.061754
v 7.573158 1.291025 -2.099212
v 7.571877 1.292029 -2.137593
v 7.577809 1.295115 -2.175422
v 7.095882 2.949250 -2.116035
v 7.076218 3.016747 -2.113612
v 7.108807 2.954303 -2.151859
v 7.089142 3.021798 -2.149436
v 7.128217 2.961122 -2.184296
v 7.108552 3.028618 -2.181874
v 7.610144 1.306986 -2.243683
v 7.590733 1.300168 -2.211246
v 7.617969 3.188285 -1.421329
v 7.608413 3.186287 -1.443255
v 7.594950 3.183070 -1.462866
v 7.578093 3.178752 -1.479409
v 7.623247 3.188982 -1.397922
v 7.624049 3.188355 -1.373940
v 7.620343 3.186426 -1.350298
v 7.612269 3.183270 -1.327916
v 7.600136 3.179007 -1.307644
v 7.608413 3.186287 -1.443255
v 7.617969 3.188285 -1.421329
v 7.623981 3.182029 -1.422925
v 7.614095 3.179964 -1.445612
v 7.594950 3.183070 -1.462866
v 7.600168 3.176634 -1.465901
v 7.578093 3.178752 -1.479409
v 7.582728 3.172168 -1.483013
v 7.629439 3.182751 -1.398707
v 7.623247 3.188982 -1.397922
v 7.630273 3.182102 -1.373895
v 7.624049 3.188355 -1.373940
v 7.626437 3.180107 -1.349436
v 7.620343 3.186426 -1.350298
v 7.618084 3.176841 -1.326278
v 7.612269 3.183270 -1.327916
v 7.605534 3.172432 -1.305307
v 7.600136 3.179007 -1.307644
v 7.393089 3.122558 -1.415528
v 7.389381 3.120630 -1.391893
v 7.390183 3.120003 -1.367911
v 7.395462 3.120700 -1.344504
v 7.405019 3.122697 -1.322571
v 7.418482 3.125914 -1.302962
v 7.435339 3.130232 -1.286424
v 7.401162 3.125714 -1.437912
v 7.413296 3.129977 -1.458188
v 7.429016 3.135181 -1.475564
v 7.413296 3.129977 -1.458188
v 7.447721 3.141127 -1.489383
v 7.468696 3.147587 -1.499108
v 7.491131 3.154313 -1.504368
v 7.514165 3.161044 -1.504965
v 7.536910 3.167524 -1.500868
v 7.558496 3.173504 -1.492238
v 7.578093 3.178752 -1.479409
v 7.584415 3.173803 -1.290262
v 7.600136 3.179007 -1.307644
v 7.565710 3.167857 -1.276445
v 7.544738 3.161398 -1.266723
v 7.522304 3.154674 -1.261458
v 7.499269 3.147942 -1.260868
v 7.476520 3.141460 -1.264960
v 7.454936 3.135480 -1.273590
v 7.435339 3.130232 -1.286424
v 7.626437 3.180107 -1.349436
v 7.618084 3.176841 -1.326278
v 7.653537 3.156204 -1.313074
v 7.663975 3.160285 -1.342016
v 7.630273 3.182102 -1.373895
v 7.668769 3.162780 -1.372582
v 7.629439 3.182751 -1.398707
v 7.667734 3.163590 -1.403592
v 7.623981 3.182029 -1.422925
v 7.660904 3.162688 -1.433858
v 7.614095 3.179964 -1.445612
v 7.648551 3.160106 -1.462209
v 7.600168 3.176634 -1.465901
v 7.631144 3.155945 -1.487567
v 7.582728 3.172168 -1.483013
v 7.609352 3.150365 -1.508955
v 7.562451 3.166737 -1.496288
v 7.584010 3.143576 -1.525543
v 7.540119 3.160549 -1.505217
v 7.556098 3.135845 -1.536701
v 7.516585 3.153846 -1.509454
v 7.526689 3.127467 -1.541996
v 7.492755 3.146881 -1.508836
v 7.496906 3.118762 -1.541231
v 7.469543 3.139925 -1.503397
v 7.467897 3.110067 -1.534426
v 7.447842 3.133239 -1.493334
v 7.440779 3.101714 -1.521851
v 7.428488 3.127087 -1.479038
v 7.416591 3.094026 -1.503983
v 7.412226 3.121705 -1.461058
v 7.396261 3.087296 -1.481515
v 7.399676 3.117294 -1.440085
v 7.380578 3.081786 -1.455301
v 7.391323 3.114030 -1.416925
v 7.370138 3.077705 -1.426359
v 7.387487 3.112034 -1.392471
v 7.365346 3.075211 -1.395797
v 7.388316 3.111384 -1.367658
v 7.366380 3.074400 -1.364787
v 7.393779 3.112107 -1.343442
v 7.373209 3.075302 -1.334523
v 7.403665 3.114173 -1.320749
v 7.385563 3.077884 -1.306166
v 7.417594 3.117501 -1.300460
v 7.402970 3.082045 -1.280808
v 7.435031 3.121969 -1.283352
v 7.424762 3.087626 -1.259424
v 7.455305 3.127398 -1.270078
v 7.450105 3.094414 -1.242833
v 7.477636 3.133584 -1.261148
v 7.478018 3.102145 -1.231675
v 7.501174 3.140291 -1.256911
v 7.507429 3.110525 -1.226379
v 7.525006 3.147254 -1.257524
v 7.537213 3.119229 -1.227145
v 7.548216 3.154212 -1.262969
v 7.566220 3.127925 -1.233951
v 7.569915 3.160894 -1.273031
v 7.593337 3.136277 -1.246524
v 7.589269 3.167046 -1.287327
v 7.617523 3.143965 -1.264392
v 7.605534 3.172432 -1.305307
v 7.637854 3.150695 -1.286860
v 7.389381 3.120630 -1.391893
v 7.393089 3.122558 -1.415528
v 7.391323 3.114030 -1.416925
v 7.387487 3.112034 -1.392471
v 7.390183 3.120003 -1.367911
v 7.388316 3.111384 -1.367658
v 7.395462 3.120700 -1.344504
v 7.393779 3.112107 -1.343442
v 7.405019 3.122697 -1.322571
v 7.403665 3.114173 -1.320749
v 7.418482 3.125914 -1.302962
v 7.417594 3.117501 -1.300460
v 7.435339 3.130232 -1.286424
v 7.435031 3.121969 -1.283352
v 7.399676 3.117294 -1.440085
v 7.401162 3.125714 -1.437912
v 7.412226 3.121705 -1.461058
v 7.413296 3.129977 -1.458188
v 7.413296 3.129977 -1.458188
v 7.429016 3.135181 -1.475564
v 7.428488 3.127087 -1.479038
v 7.412226 3.121705 -1.461058
v 7.447842 3.133239 -1.493334
v 7.447721 3.141127 -1.489383
v 7.469543 3.139925 -1.503397
v 7.468696 3.147587 -1.499108
v 7.492755 3.146881 -1.508836
v 7.491131 3.154313 -1.504368
v 7.516585 3.153846 -1.509454
v 7.514165 3.161044 -1.504965
v 7.540119 3.160549 -1.505217
v 7.536910 3.167524 -1.500868
v 7.562451 3.166737 -1.496288
v 7.558496 3.173504 -1.492238
v 7.582728 3.172168 -1.483013
v 7.578093 3.178752 -1.479409
v 7.600136 3.179007 -1.307644
v 7.584415 3.173803 -1.290262
v 7.589269 3.167046 -1.287327
v 7.605534 3.172432 -1.305307
v 7.569915 3.160894 -1.273031
v 7.565710 3.167857 -1.276445
v 7.548216 3.154212 -1.262969
v 7.544738 3.161398 -1.266723
v 7.525006 3.147254 -1.257524
v 7.522304 3.154674 -1.261458
v 7.501174 3.140291 -1.256911
v 7.499269 3.147942 -1.260868
v 7.477636 3.133584 -1.261148
v 7.476520 3.141460 -1.264960
v 7.455305 3.127398 -1.270078
v 7.454936 3.135480 -1.273590
v 7.435031 3.121969 -1.283352
v 7.435339 3.130232 -1.286424
v 7.617523 3.143965 -1.264392
v 7.593337 3.136277 -1.246524
v 7.613001 3.068781 -1.248948
v 7.637187 3.076470 -1.266815
v 7.637854 3.150695 -1.286860
v 7.657518 3.083200 -1.289284
v 8.119114 1.422334 -1.326201
v 8.139444 1.429064 -1.348669
v 8.094927 1.414645 -1.308334
v 8.067811 1.406294 -1.295758
v 7.585886 3.060430 -1.236373
v 7.566220 3.127925 -1.233951
v 7.556877 3.051735 -1.229568
v 7.537213 3.119229 -1.227145
v 7.527094 3.043030 -1.228802
v 7.507429 3.110525 -1.226379
v 7.497681 3.034651 -1.234098
v 7.478018 3.102145 -1.231675
v 7.469769 3.026919 -1.245256
v 7.450105 3.094414 -1.242833
v 7.444426 3.020132 -1.261848
v 7.424762 3.087626 -1.259424
v 7.926353 1.365996 -1.321236
v 7.951694 1.372783 -1.304644
v 7.979607 1.380515 -1.293485
v 8.009021 1.388894 -1.288189
v 8.038803 1.397599 -1.288954
v 7.496906 3.118762 -1.541231
v 7.526689 3.127467 -1.541996
v 7.546354 3.059972 -1.544421
v 7.516569 3.051267 -1.543654
v 7.467897 3.110067 -1.534426
v 7.487562 3.042572 -1.536849
v 7.440779 3.101714 -1.521851
v 7.460443 3.034220 -1.524274
v 7.416591 3.094026 -1.503983
v 7.436255 3.026531 -1.506407
v 7.396261 3.087296 -1.481515
v 7.415925 3.019801 -1.483937
v 7.918181 1.372395 -1.565795
v 7.897851 1.365665 -1.543325
v 7.942369 1.380084 -1.583661
v 7.969489 1.388437 -1.596236
v 7.998496 1.397132 -1.603041
v 8.028280 1.405836 -1.603806
v 8.057689 1.414215 -1.598511
v 7.575762 3.068351 -1.539124
v 7.556098 3.135845 -1.536701
v 7.603675 3.076082 -1.527966
v 7.584010 3.143576 -1.525543
v 7.629016 3.082869 -1.511378
v 7.609352 3.150365 -1.508955
v 8.110943 1.428733 -1.570765
v 8.085601 1.421946 -1.587353
v 7.609352 3.150365 -1.508955
v 7.631144 3.155945 -1.487567
v 7.650807 3.088449 -1.489991
v 7.629016 3.082869 -1.511378
v 8.132733 1.434314 -1.549377
v 8.110943 1.428733 -1.570765
v 8.150141 1.438476 -1.524018
v 7.668215 3.092611 -1.464633
v 7.648551 3.160106 -1.462209
v 7.680570 3.095193 -1.436280
v 7.660904 3.162688 -1.433858
v 7.687398 3.096096 -1.406016
v 7.667734 3.163590 -1.403592
v 7.688433 3.095284 -1.375005
v 7.668769 3.162780 -1.372582
v 7.683640 3.092789 -1.344440
v 7.663975 3.160285 -1.342016
v 7.673200 3.088709 -1.315497
v 7.653537 3.156204 -1.313074
v 7.657518 3.083200 -1.289284
v 7.637854 3.150695 -1.286860
v 8.139444 1.429064 -1.348669
v 8.155127 1.434574 -1.374885
v 8.165565 1.438654 -1.403827
v 8.170359 1.441149 -1.434391
v 8.169324 1.441960 -1.465402
v 8.162495 1.441057 -1.495667
v 7.366380 3.074400 -1.364787
v 7.365346 3.075211 -1.395797
v 7.385010 3.007716 -1.398221
v 7.386045 3.006905 -1.367210
v 7.373209 3.075302 -1.334523
v 7.392875 3.007808 -1.336946
v 7.385563 3.077884 -1.306166
v 7.405228 3.010388 -1.308588
v 7.402970 3.082045 -1.280808
v 7.422636 3.014550 -1.283232
v 7.424762 3.087626 -1.259424
v 7.444426 3.020132 -1.261848
v 7.904562 1.360415 -1.342618
v 7.926353 1.365996 -1.321236
v 7.887153 1.356253 -1.367976
v 7.874800 1.353672 -1.396333
v 7.867970 1.352769 -1.426597
v 7.866937 1.353581 -1.457608
v 7.871729 1.356075 -1.488168
v 7.389803 3.010210 -1.428782
v 7.370138 3.077705 -1.426359
v 7.400242 3.014290 -1.457726
v 7.380578 3.081786 -1.455301
v 7.415925 3.019801 -1.483937
v 7.396261 3.087296 -1.481515
v 7.897851 1.365665 -1.543325
v 7.882169 1.360155 -1.517113
v 7.459644 3.146032 -1.529209
v 7.447817 3.143559 -1.556352
v 7.431153 3.139576 -1.580623
v 7.410293 3.134232 -1.601089
v 7.466178 3.146895 -1.500237
v 7.467172 3.146119 -1.470557
v 7.462582 3.143730 -1.441299
v 7.452588 3.139825 -1.413592
v 7.437572 3.134548 -1.388505
v 7.447817 3.143559 -1.556352
v 7.459644 3.146032 -1.529209
v 7.466571 3.140053 -1.531119
v 7.454334 3.137496 -1.559200
v 7.431153 3.139576 -1.580623
v 7.437094 3.133376 -1.584314
v 7.410293 3.134232 -1.601089
v 7.415515 3.127848 -1.605493
v 7.473332 3.140946 -1.501146
v 7.466178 3.146895 -1.500237
v 7.474359 3.140143 -1.470439
v 7.467172 3.146119 -1.470557
v 7.469610 3.137673 -1.440167
v 7.462582 3.143730 -1.441299
v 7.459271 3.133632 -1.411506
v 7.452588 3.139825 -1.413592
v 7.443741 3.128175 -1.385550
v 7.437572 3.134548 -1.388505
v 7.181318 3.064684 -1.522035
v 7.176731 3.062298 -1.492778
v 7.177725 3.061520 -1.463093
v 7.184258 3.062385 -1.434126
v 7.196082 3.064855 -1.406982
v 7.212747 3.068838 -1.382707
v 7.233606 3.074180 -1.362240
v 7.191311 3.068589 -1.549737
v 7.206326 3.073865 -1.574824
v 7.225780 3.080304 -1.596334
v 7.206326 3.073865 -1.574824
v 7.248936 3.087665 -1.613436
v 7.274894 3.095661 -1.625477
v 7.302659 3.103983 -1.631988
v 7.331168 3.112316 -1.632724
v 7.359324 3.120337 -1.627651
v 7.386039 3.127737 -1.616971
v 7.410293 3.134232 -1.601089
v 7.418118 3.128108 -1.366996
v 7.437572 3.134548 -1.388505
v 7.394968 3.120750 -1.349894
v 7.369008 3.112755 -1.337857
v 7.341239 3.104430 -1.331347
v 7.312735 3.096099 -1.330611
v 7.284580 3.088078 -1.335678
v 7.257859 3.080676 -1.346357
v 7.233606 3.074180 -1.362240
v 7.469610 3.137673 -1.440167
v 7.459271 3.133632 -1.411506
v 7.501210 3.114764 -1.394920
v 7.514129 3.119813 -1.430743
v 7.474359 3.140143 -1.470439
v 7.520061 3.122900 -1.468575
v 7.473332 3.140946 -1.501146
v 7.518780 3.123904 -1.506953
v 7.466571 3.140053 -1.531119
v 7.510329 3.122788 -1.544412
v 7.454334 3.137496 -1.559200
v 7.495037 3.119593 -1.579507
v 7.437094 3.133376 -1.584314
v 7.473495 3.114443 -1.610892
v 7.415515 3.127848 -1.605493
v 7.446519 3.107534 -1.637356
v 7.390418 3.121127 -1.621919
v 7.415160 3.099135 -1.657892
v 7.362778 3.113470 -1.632968
v 7.380612 3.089566 -1.671700
v 7.333650 3.105171 -1.638216
v 7.344212 3.079195 -1.678256
v 7.304154 3.096550 -1.637456
v 7.307348 3.068420 -1.677310
v 7.275430 3.087941 -1.630718
v 7.271444 3.057658 -1.668886
v 7.248570 3.079667 -1.618260
v 7.237881 3.047321 -1.653320
v 7.224618 3.072054 -1.600568
v 7.207944 3.037804 -1.631210
v 7.204489 3.065391 -1.578318
v 7.182789 3.029477 -1.603395
v 7.188953 3.059931 -1.552361
v 7.163377 3.022657 -1.570958
v 7.178617 3.055891 -1.523695
v 7.150454 3.017606 -1.535134
v 7.173871 3.053422 -1.493428
v 7.144521 3.014519 -1.497307
v 7.174898 3.052618 -1.462716
v 7.145803 3.013515 -1.458926
v 7.181658 3.053513 -1.432748
v 7.154253 3.014632 -1.421470
v 7.193892 3.056068 -1.404662
v 7.169544 3.017827 -1.386373
v 7.211130 3.060188 -1.379553
v 7.191092 3.022979 -1.354991
v 7.232714 3.065718 -1.358375
v 7.218064 3.029886 -1.328522
v 7.257807 3.072438 -1.341943
v 7.249423 3.038285 -1.307991
v 7.285449 3.080094 -1.330894
v 7.283969 3.047856 -1.294177
v 7.314574 3.088392 -1.325651
v 7.320372 3.058225 -1.287621
v 7.344070 3.097013 -1.326410
v 7.357234 3.068998 -1.288573
v 7.372799 3.105625 -1.333149
v 7.393138 3.079762 -1.296993
v 7.399654 3.113896 -1.345600
v 7.426701 3.090099 -1.312556
v 7.423608 3.121511 -1.363293
v 7.456638 3.099615 -1.334673
v 7.443741 3.128175 -1.385550
v 7.481793 3.107942 -1.362482
v 7.176731 3.062298 -1.492778
v 7.181318 3.064684 -1.522035
v 7.178617 3.055891 -1.523695
v 7.173871 3.053422 -1.493428
v 7.177725 3.061520 -1.463093
v 7.174898 3.052618 -1.462716
v 7.184258 3.062385 -1.434126
v 7.181658 3.053513 -1.432748
v 7.196082 3.064855 -1.406982
v 7.193892 3.056068 -1.404662
v 7.212747 3.068838 -1.382707
v 7.211130 3.060188 -1.379553
v 7.233606 3.074180 -1.362240
v 7.232714 3.065718 -1.358375
v 7.188953 3.059931 -1.552361
v 7.191311 3.068589 -1.549737
v 7.204489 3.065391 -1.578318
v 7.206326 3.073865 -1.574824
v 7.206326 3.073865 -1.574824
v 7.225780 3.080304 -1.596334
v 7.224618 3.072054 -1.600568
v 7.204489 3.065391 -1.578318
v 7.248570 3.079667 -1.618260
v 7.248936 3.087665 -1.613436
v 7.275430 3.087941 -1.630718
v 7.274894 3.095661 -1.625477
v 7.304154 3.096550 -1.637456
v 7.302659 3.103983 -1.631988
v 7.333650 3.105171 -1.638216
v 7.331168 3.112316 -1.632724
v 7.362778 3.113470 -1.632968
v 7.359324 3.120337 -1.627651
v 7.390418 3.121127 -1.621919
v 7.386039 3.127737 -1.616971
v 7.415515 3.127848 -1.605493
v 7.410293 3.134232 -1.601089
v 7.437572 3.134548 -1.388505
v 7.418118 3.128108 -1.366996
v 7.423608 3.121511 -1.363293
v 7.443741 3.128175 -1.385550
v 7.399654 3.113896 -1.345600
v 7.394968 3.120750 -1.349894
v 7.372799 3.105625 -1.333149
v 7.369008 3.112755 -1.337857
v 7.344070 3.097013 -1.326410
v 7.341239 3.104430 -1.331347
v 7.314574 3.088392 -1.325651
v 7.312735 3.096099 -1.330611
v 7.285449 3.080094 -1.330894
v 7.284580 3.088078 -1.335678
v 7.257807 3.072438 -1.341943
v 7.257859 3.080676 -1.346357
v 7.232714 3.065718 -1.358375
v 7.233606 3.074180 -1.362240
v 7.456638 3.099615 -1.334673
v 7.426701 3.090099 -1.312556
v 7.446365 3.022604 -1.314980
v 7.476303 3.032120 -1.337096
v 7.481793 3.107942 -1.362482
v 7.501459 3.040447 -1.364904
v 7.958229 1.377984 -1.396482
v 7.983386 1.386311 -1.424293
v 7.928292 1.368468 -1.374367
v 7.894730 1.358130 -1.358802
v 7.412802 3.012266 -1.299416
v 7.393138 3.079762 -1.296993
v 7.376899 3.001503 -1.290997
v 7.357234 3.068998 -1.288573
v 7.340036 2.990730 -1.290045
v 7.320372 3.058225 -1.287621
v 7.303634 2.980359 -1.296600
v 7.283969 3.047856 -1.294177
v 7.269086 2.970790 -1.310413
v 7.249423 3.038285 -1.307991
v 7.237728 2.962391 -1.330945
v 7.218064 3.029886 -1.328522
v 7.719653 1.308255 -1.390330
v 7.751013 1.316655 -1.369798
v 7.785561 1.326223 -1.355988
v 7.821962 1.336594 -1.349433
v 7.858825 1.347368 -1.350383
v 7.307348 3.068420 -1.677310
v 7.344212 3.079195 -1.678256
v 7.363875 3.011699 -1.680679
v 7.327012 3.000925 -1.679733
v 7.271444 3.057658 -1.668886
v 7.291109 2.990164 -1.671309
v 7.237881 3.047321 -1.653320
v 7.257545 2.979826 -1.655744
v 7.207944 3.037804 -1.631210
v 7.227609 2.970309 -1.633633
v 7.182789 3.029477 -1.603395
v 7.202454 2.961982 -1.605820
v 7.709534 1.316174 -1.693019
v 7.684380 1.307846 -1.665205
v 7.739472 1.325690 -1.715130
v 7.773036 1.336028 -1.730695
v 7.808939 1.346790 -1.739119
v 7.845801 1.357564 -1.740066
v 7.882203 1.367935 -1.733509
v 7.400277 3.022071 -1.674124
v 7.380612 3.089566 -1.671700
v 7.434824 3.031639 -1.660316
v 7.415160 3.099135 -1.657892
v 7.466184 3.040038 -1.639779
v 7.446519 3.107534 -1.637356
v 7.948112 1.385902 -1.699167
v 7.916750 1.377504 -1.719703
v 7.446519 3.107534 -1.637356
v 7.473495 3.114443 -1.610892
v 7.493158 3.046948 -1.613315
v 7.466184 3.040038 -1.639779
v 7.975085 1.392812 -1.672701
v 7.948112 1.385902 -1.699167
v 7.996629 1.397962 -1.641315
v 7.514702 3.052097 -1.581929
v 7.495037 3.119593 -1.579507
v 7.529994 3.055292 -1.546834
v 7.510329 3.122788 -1.544412
v 7.538443 3.056409 -1.509377
v 7.518780 3.123904 -1.506953
v 7.539725 3.055405 -1.471000
v 7.520061 3.122900 -1.468575
v 7.533793 3.052318 -1.433167
v 7.514129 3.119813 -1.430743
v 7.520874 3.047269 -1.397344
v 7.501210 3.114764 -1.394920
v 7.501459 3.040447 -1.364904
v 7.481793 3.107942 -1.362482
v 7.983386 1.386311 -1.424293
v 8.002800 1.393133 -1.456731
v 8.015719 1.398183 -1.492554
v 8.021652 1.401270 -1.530385
v 8.020369 1.402274 -1.568762
v 8.011920 1.401157 -1.606221
v 7.145803 3.013515 -1.458926
v 7.144521 3.014519 -1.497307
v 7.164185 2.947025 -1.499729
v 7.165470 2.946019 -1.461349
v 7.154253 3.014632 -1.421470
v 7.173917 2.947137 -1.423894
v 7.169544 3.017827 -1.386373
v 7.189210 2.950332 -1.388795
v 7.191092 3.022979 -1.354991
v 7.210756 2.955483 -1.357415
v 7.218064 3.029886 -1.328522
v 7.237728 2.962391 -1.330945
v 7.692682 1.301348 -1.416800
v 7.719653 1.308255 -1.390330
v 7.671135 1.296197 -1.448182
v 7.655844 1.293001 -1.483280
v 7.647396 1.291885 -1.520736
v 7.646111 1.292889 -1.559116
v 7.652044 1.295976 -1.596944
v 7.170118 2.950111 -1.537557
v 7.150454 3.017606 -1.535134
v 7.183041 2.955162 -1.573381
v 7.163377 3.022657 -1.570958
v 7.202454 2.961982 -1.605820
v 7.182789 3.029477 -1.603395
v 7.684380 1.307846 -1.665205
v 7.664968 1.301027 -1.632767
v 7.540261 3.181207 -1.854775
v 7.518249 3.176607 -1.905298
v 7.487229 3.169192 -1.950479
v 7.448400 3.159247 -1.988583
v 7.552424 3.182814 -1.800846
v 7.554274 3.181369 -1.745595
v 7.545732 3.176925 -1.691133
v 7.527130 3.169654 -1.639563
v 7.499183 3.159835 -1.592859
v 7.518249 3.176607 -1.905298
v 7.540261 3.181207 -1.854775
v 7.551292 3.176475 -1.858101
v 7.528514 3.171716 -1.910371
v 7.487229 3.169192 -1.950479
v 7.496426 3.164045 -1.957118
v 7.448400 3.159247 -1.988583
v 7.456249 3.153754 -1.996541
v 7.403250 3.147154 -2.018143
v 7.409539 3.141244 -2.027124
v 7.353517 3.133378 -2.038026
v 7.358084 3.126990 -2.047693
v 7.301107 3.118448 -2.047462
v 7.303865 3.111546 -2.057457
v 7.248042 3.102938 -2.046092
v 7.248962 3.095500 -2.056044
v 7.196352 3.087444 -2.033973
v 7.195487 3.079468 -2.043501
v 7.148034 3.072562 -2.011566
v 7.145493 3.064071 -2.020318
v 7.104937 3.058863 -1.979729
v 7.100906 3.049898 -1.987380
v 7.068718 3.046872 -1.939691
v 7.063435 3.037494 -1.945958
v 7.040771 3.037055 -1.892990
v 7.034521 3.027335 -1.897639
v 7.022170 3.029783 -1.841417
v 7.015275 3.019813 -1.844282
v 7.013627 3.025340 -1.786961
v 7.006438 3.015215 -1.787940
v 7.015477 3.023895 -1.731703
v 7.008352 3.013720 -1.730773
v 7.563875 3.178138 -1.802309
v 7.552424 3.182814 -1.800846
v 7.565789 3.176643 -1.745143
v 7.554274 3.181369 -1.745595
v 7.556947 3.172045 -1.688803
v 7.545732 3.176925 -1.691133
v 7.537705 3.164524 -1.635445
v 7.527130 3.169654 -1.639563
v 7.508789 3.154363 -1.587126
v 7.499183 3.159835 -1.592859
v 7.471321 3.141960 -1.545704
v 7.462964 3.147846 -1.552821
v 7.426731 3.127786 -1.512766
v 7.419868 3.134147 -1.520985
v 7.376741 3.112390 -1.489581
v 7.371545 3.119263 -1.498577
v 7.323266 3.096360 -1.477046
v 7.319860 3.103770 -1.486460
v 7.268361 3.080312 -1.475627
v 7.266790 3.088260 -1.485087
v 7.214139 3.064867 -1.485390
v 7.214387 3.073331 -1.494526
v 7.162686 3.050614 -1.505960
v 7.164651 3.059554 -1.514408
v 7.115974 3.038102 -1.536543
v 7.119501 3.047461 -1.543967
v 7.075802 3.027814 -1.575965
v 7.080672 3.037516 -1.582072
v 7.043710 3.020142 -1.622712
v 7.049652 3.030101 -1.627254
v 7.020933 3.015383 -1.674982
v 7.027639 3.025502 -1.677780
v 7.008352 3.013720 -1.730773
v 7.015477 3.023895 -1.731703
v 7.022170 3.029783 -1.841417
v 7.013627 3.025340 -1.786961
v 7.015477 3.023895 -1.731703
v 7.040771 3.037055 -1.892990
v 7.068718 3.046872 -1.939691
v 7.080672 3.037516 -1.582072
v 7.119501 3.047461 -1.543967
v 7.049652 3.030101 -1.627254
v 7.027639 3.025502 -1.677780
v 7.015477 3.023895 -1.731703
v 7.104937 3.058863 -1.979729
v 7.068718 3.046872 -1.939691
v 7.148034 3.072562 -2.011566
v 7.196352 3.087444 -2.033973
v 7.248042 3.102938 -2.046092
v 7.301107 3.118448 -2.047462
v 7.353517 3.133378 -2.038026
v 7.403250 3.147154 -2.018143
v 7.448400 3.159247 -1.988583
v 7.462964 3.147846 -1.552821
v 7.499183 3.159835 -1.592859
v 7.419868 3.134147 -1.520985
v 7.371545 3.119263 -1.498577
v 7.319860 3.103770 -1.486460
v 7.266790 3.088260 -1.485087
v 7.214387 3.073331 -1.494526
v 7.164651 3.059554 -1.514408
v 7.119501 3.047461 -1.543967
v 7.556947 3.172045 -1.688803
v 7.537705 3.164524 -1.635445
v 7.608723 3.153583 -1.603708
v 7.632772 3.162984 -1.670393
v 7.565789 3.176643 -1.745143
v 7.643820 3.168730 -1.740806
v 7.563875 3.178138 -1.802309
v 7.641431 3.170600 -1.812250
v 7.551292 3.176475 -1.858101
v 7.625704 3.168519 -1.881978
v 7.528514 3.171716 -1.910371
v 7.597237 3.162572 -1.947303
v 7.496426 3.164045 -1.957118
v 7.557131 3.152985 -2.005726
v 7.456249 3.153754 -1.996541
v 7.506926 3.140126 -2.054993
v 7.409539 3.141244 -2.027124
v 7.448547 3.124490 -2.093215
v 7.358084 3.126990 -2.047693
v 7.384239 3.106678 -2.118923
v 7.303865 3.111546 -2.057457
v 7.316479 3.087375 -2.131124
v 7.248962 3.095500 -2.056044
v 7.247862 3.067319 -2.129356
v 7.195487 3.079468 -2.043501
v 7.181030 3.047285 -2.113684
v 7.145493 3.064071 -2.020318
v 7.118549 3.028042 -2.084710
v 7.100906 3.049898 -1.987380
v 7.062826 3.010329 -2.043546
v 7.063435 3.037494 -1.945958
v 7.015998 2.994828 -1.991776
v 7.034521 3.027335 -1.897639
v 6.979861 2.982131 -1.931391
v 7.015275 3.019813 -1.844282
v 6.955808 2.972729 -1.864707
v 7.006438 3.015215 -1.787940
v 6.944765 2.966984 -1.794293
v 7.008352 3.013720 -1.730773
v 6.947154 2.965114 -1.722848
v 7.572587 3.140886 -1.543323
v 7.508789 3.154363 -1.587126
v 7.525760 3.125385 -1.491554
v 7.471321 3.141960 -1.545704
v 7.470033 3.107671 -1.450389
v 7.426731 3.127786 -1.512766
v 7.407557 3.088430 -1.421416
v 7.376741 3.112390 -1.489581
v 7.340723 3.068394 -1.405744
v 7.323266 3.096360 -1.477046
v 7.272107 3.048340 -1.403974
v 7.268361 3.080312 -1.475627
v 7.204341 3.029036 -1.416180
v 7.214139 3.064867 -1.485390
v 7.140038 3.011223 -1.441885
v 7.162686 3.050614 -1.505960
v 7.081660 2.995588 -1.480105
v 7.115974 3.038102 -1.536543
v 7.031452 2.982728 -1.529374
v 7.075802 3.027814 -1.575965
v 6.991343 2.973141 -1.587796
v 7.043710 3.020142 -1.622712
v 6.962881 2.967193 -1.653122
v 7.020933 3.015383 -1.674982
v 6.947154 2.965114 -1.722848
v 7.008352 3.013720 -1.730773
v 7.525760 3.125385 -1.491554
v 7.470033 3.107671 -1.450389
v 7.489697 3.040175 -1.452811
v 7.545423 3.057890 -1.493977
v 7.572587 3.140886 -1.543323
v 7.592253 3.073392 -1.545746
v 8.027349 1.403754 -1.553364
v 8.074178 1.419256 -1.605133
v 7.971623 1.386041 -1.512198
v 7.909146 1.366798 -1.483226
v 7.427219 3.020933 -1.423840
v 7.407557 3.088430 -1.421416
v 7.360388 3.000899 -1.408166
v 7.340723 3.068394 -1.405744
v 7.291771 2.980845 -1.406399
v 7.272107 3.048340 -1.403974
v 7.224005 2.961540 -1.418602
v 7.204341 3.029036 -1.416180
v 7.159702 2.943728 -1.444308
v 7.140038 3.011223 -1.441885
v 7.101325 2.928092 -1.482530
v 7.081660 2.995588 -1.480105
v 7.583252 1.273957 -1.541917
v 7.641628 1.289592 -1.503694
v 7.705932 1.307405 -1.477990
v 7.773698 1.326710 -1.465784
v 7.842314 1.346764 -1.467554
v 7.247862 3.067319 -2.129356
v 7.316479 3.087375 -2.131124
v 7.336143 3.019879 -2.133547
v 7.267526 2.999824 -2.131779
v 7.181030 3.047285 -2.113684
v 7.200695 2.979790 -2.116106
v 7.118549 3.028042 -2.084710
v 7.138213 2.960546 -2.087133
v 7.062826 3.010329 -2.043546
v 7.082491 2.942833 -2.045969
v 7.015998 2.994828 -1.991776
v 7.035663 2.927331 -1.994200
v 7.564417 1.288698 -2.105356
v 7.517588 1.273196 -2.053586
v 7.620139 1.306411 -2.146519
v 7.682621 1.325655 -2.175492
v 7.749453 1.345689 -2.191165
v 7.818069 1.365743 -2.192935
v 7.885830 1.385047 -2.180734
v 7.403904 3.039182 -2.121346
v 7.384239 3.106678 -2.118923
v 7.468213 3.056996 -2.095637
v 7.448547 3.124490 -2.093215
v 7.526590 3.072631 -2.057417
v 7.506926 3.140126 -2.054993
v 8.008516 1.418495 -2.116804
v 7.950139 1.402860 -2.155025
v 7.506926 3.140126 -2.054993
v 7.557131 3.152985 -2.005726
v 7.576797 3.085490 -2.008150
v 7.526590 3.072631 -2.057417
v 8.058722 1.431355 -2.067536
v 8.008516 1.418495 -2.116804
v 8.098828 1.440942 -2.009113
v 7.616900 3.095077 -1.949727
v 7.597237 3.162572 -1.947303
v 7.645369 3.101025 -1.884400
v 7.625704 3.168519 -1.881978
v 7.661095 3.103105 -1.814673
v 7.641431 3.170600 -1.812250
v 7.663484 3.101235 -1.743230
v 7.643820 3.168730 -1.740806
v 7.652438 3.095489 -1.672815
v 7.632772 3.162984 -1.670393
v 7.628387 3.086088 -1.606132
v 7.608723 3.153583 -1.603708
v 7.592253 3.073392 -1.545746
v 7.572587 3.140886 -1.543323
v 8.074178 1.419256 -1.605133
v 8.110313 1.431953 -1.665518
v 8.134363 1.441354 -1.732202
v 8.145410 1.447099 -1.802616
v 8.143023 1.448969 -1.874061
v 8.127294 1.446889 -1.943788
v 6.947154 2.965114 -1.722848
v 6.944765 2.966984 -1.794293
v 6.964430 2.899488 -1.796716
v 6.966819 2.897619 -1.725272
v 7.446357 1.245353 -1.856104
v 7.448745 1.243484 -1.784659
v 7.457398 1.251098 -1.926517
v 6.975472 2.905234 -1.867129
v 6.955808 2.972729 -1.864707
v 6.999526 2.914636 -1.933814
v 6.979861 2.982131 -1.931391
v 7.035663 2.927331 -1.994200
v 7.015998 2.994828 -1.991776
v 7.517588 1.273196 -2.053586
v 7.481452 1.260500 -1.993202
v 7.081660 2.995588 -1.480105
v 7.031452 2.982728 -1.529374
v 7.051117 2.915233 -1.531796
v 7.101325 2.928092 -1.482530
v 7.533045 1.261098 -1.591183
v 7.583252 1.273957 -1.541917
v 7.492934 1.251509 -1.649606
v 7.011007 2.905645 -1.590219
v 6.991343 2.973141 -1.587796
v 6.982548 2.899698 -1.655545
v 6.962881 2.967193 -1.653122
v 6.966819 2.897619 -1.725272
v 6.947154 2.965114 -1.722848
v 7.448745 1.243484 -1.784659
v 7.464474 1.245563 -1.714932
v 8.026831 3.332159 -2.110800
v 8.007322 3.328082 -2.155577
v 7.979830 3.321510 -2.195621
v 7.945419 3.312696 -2.229387
v 8.037612 3.333584 -2.063008
v 8.039248 3.332302 -2.014042
v 8.031680 3.328364 -1.965775
v 8.015192 3.321919 -1.920073
v 7.990424 3.313218 -1.878681
v 8.007322 3.328082 -2.155577
v 8.026831 3.332159 -2.110800
v 8.036853 3.327121 -2.113782
v 8.016668 3.322904 -2.160108
v 7.979830 3.321510 -2.195621
v 7.988225 3.316103 -2.201534
v 7.945419 3.312696 -2.229387
v 7.952621 3.306985 -2.236474
v 7.905406 3.301980 -2.255584
v 7.911226 3.295898 -2.263577
v 7.861328 3.289771 -2.273206
v 7.865626 3.283267 -2.281805
v 7.814882 3.276540 -2.281569
v 7.817574 3.269578 -2.290458
v 7.767851 3.262793 -2.280357
v 7.768913 3.255355 -2.289202
v 7.722044 3.249061 -2.269615
v 7.721524 3.241151 -2.278090
v 7.679219 3.235872 -2.249756
v 7.677219 3.227505 -2.257544
v 7.641028 3.223732 -2.221541
v 7.637703 3.214944 -2.228355
v 7.608928 3.213107 -2.186058
v 7.604494 3.203950 -2.191645
v 7.584161 3.204404 -2.144671
v 7.578869 3.194947 -2.148821
v 7.567677 3.197961 -2.098964
v 7.561814 3.188279 -2.101536
v 7.560104 3.194022 -2.050700
v 7.553982 3.184206 -2.051602
v 7.561745 3.192742 -2.001731
v 7.555677 3.182881 -2.000937
v 7.572521 3.194166 -1.953942
v 7.566829 3.184355 -1.951494
v 7.592033 3.198243 -1.909166
v 7.587014 3.188572 -1.905169
v 7.619521 3.204814 -1.869122
v 7.615454 3.195370 -1.863742
v 7.653934 3.213628 -1.835351
v 7.651055 3.204489 -1.828803
v 7.693950 3.224345 -1.809154
v 7.692455 3.215578 -1.801700
v 7.738023 3.236553 -1.791537
v 7.738052 3.228208 -1.783472
v 7.784469 3.249784 -1.783173
v 7.786108 3.241899 -1.774818
v 7.831499 3.263531 -1.784385
v 7.834764 3.256118 -1.776073
v 7.877309 3.277263 -1.795128
v 7.882159 3.270326 -1.787186
v 7.920132 3.290452 -1.814986
v 7.926464 3.283972 -1.807734
v 7.958328 3.302593 -1.843198
v 7.965979 3.296533 -1.836921
v 7.990424 3.313218 -1.878681
v 7.999185 3.307525 -1.873630
v 8.015192 3.321919 -1.920073
v 8.024809 3.316526 -1.916455
v 8.031680 3.328364 -1.965775
v 8.041868 3.323195 -1.963741
v 8.039248 3.332302 -2.014042
v 8.049700 3.327270 -2.013673
v 8.037612 3.333584 -2.063008
v 8.048005 3.328595 -2.064335
v 7.567677 3.197961 -2.098964
v 7.560104 3.194022 -2.050700
v 7.561745 3.192742 -2.001731
v 7.572521 3.194166 -1.953942
v 7.592033 3.198243 -1.909166
v 7.619521 3.204814 -1.869122
v 7.653934 3.213628 -1.835351
v 7.584161 3.204404 -2.144671
v 7.608928 3.213107 -2.186058
v 7.641028 3.223732 -2.221541
v 7.608928 3.213107 -2.186058
v 7.679219 3.235872 -2.249756
v 7.722044 3.249061 -2.269615
v 7.767851 3.262793 -2.280357
v 7.814882 3.276540 -2.281569
v 7.861328 3.289771 -2.273206
v 7.905406 3.301980 -2.255584
v 7.945419 3.312696 -2.229387
v 7.958328 3.302593 -1.843198
v 7.990424 3.313218 -1.878681
v 7.920132 3.290452 -1.814986
v 7.877309 3.277263 -1.795128
v 7.831499 3.263531 -1.784385
v 7.784469 3.249784 -1.783173
v 7.738023 3.236553 -1.791537
v 7.693950 3.224345 -1.809154
v 7.653934 3.213628 -1.835351
v 8.041868 3.323195 -1.963741
v 8.024809 3.316526 -1.916455
v 8.088679 3.303639 -1.888444
v 8.109997 3.311972 -1.947539
v 8.049700 3.327270 -2.013673
v 8.119783 3.317063 -2.009945
v 8.048005 3.328595 -2.064335
v 8.117670 3.318720 -2.073260
v 8.036853 3.327121 -2.113782
v 8.103728 3.316877 -2.135056
v 8.016668 3.322904 -2.160108
v 8.078504 3.311607 -2.192953
v 7.988225 3.316103 -2.201534
v 8.042957 3.303109 -2.244726
v 7.952621 3.306985 -2.236474
v 7.998462 3.291713 -2.288388
v 7.911226 3.295898 -2.263577
v 7.946725 3.277856 -2.322262
v 7.865626 3.283267 -2.281805
v 7.889736 3.262070 -2.345046
v 7.817574 3.269578 -2.290458
v 7.829677 3.244961 -2.355859
v 7.768913 3.255355 -2.289202
v 7.768869 3.227189 -2.354293
v 7.721524 3.241151 -2.278090
v 7.709641 3.209434 -2.340402
v 7.677219 3.227505 -2.257544
v 7.654271 3.192379 -2.314724
v 7.637703 3.214944 -2.228355
v 7.604882 3.176682 -2.278243
v 7.604494 3.203950 -2.191645
v 7.563381 3.162943 -2.232362
v 7.578869 3.194947 -2.148821
v 7.531357 3.151691 -2.178848
v 7.561814 3.188279 -2.101536
v 7.510042 3.143361 -2.119752
v 7.553982 3.184206 -2.051602
v 7.500251 3.138266 -2.057345
v 7.555677 3.182881 -2.000937
v 7.502370 3.136611 -1.994028
v 7.566829 3.184355 -1.951494
v 7.516306 3.138452 -1.932235
v 7.587014 3.188572 -1.905169
v 7.541533 3.143723 -1.874338
v 7.615454 3.195370 -1.863742
v 7.577078 3.152221 -1.822565
v 7.651055 3.204489 -1.828803
v 7.621574 3.163616 -1.778899
v 7.692455 3.215578 -1.801700
v 7.673310 3.177474 -1.745025
v 7.738052 3.228208 -1.783472
v 7.730299 3.193259 -1.722245
v 7.786108 3.241899 -1.774818
v 7.790359 3.210369 -1.711428
v 7.834764 3.256118 -1.776073
v 7.851166 3.228142 -1.712997
v 7.882159 3.270326 -1.787186
v 7.910395 3.245896 -1.726885
v 7.926464 3.283972 -1.807734
v 7.965768 3.262951 -1.752567
v 7.965979 3.296533 -1.836921
v 8.015154 3.278648 -1.789044
v 7.999185 3.307525 -1.873630
v 8.056654 3.292387 -1.834925
v 8.015154 3.278648 -1.789044
v 7.965768 3.262951 -1.752567
v 7.985434 3.195455 -1.754991
v 8.034819 3.211153 -1.791467
v 8.056654 3.292387 -1.834925
v 8.076320 3.224892 -1.837348
v 8.516744 1.557018 -1.850854
v 8.558245 1.570756 -1.896735
v 8.467360 1.541321 -1.814378
v 8.411983 1.524266 -1.788694
v 7.930058 3.178401 -1.729308
v 7.910395 3.245896 -1.726885
v 7.870830 3.160646 -1.715421
v 7.851166 3.228142 -1.712997
v 7.810023 3.142874 -1.713850
v 7.790359 3.210369 -1.711428
v 7.749963 3.125764 -1.724669
v 7.730299 3.193259 -1.722245
v 7.692974 3.109979 -1.747448
v 7.673310 3.177474 -1.745025
v 7.641238 3.096121 -1.781322
v 7.621574 3.163616 -1.778899
v 8.123164 1.441986 -1.840708
v 8.174901 1.455843 -1.806834
v 8.231890 1.471629 -1.784056
v 8.291948 1.488739 -1.773238
v 8.352757 1.506510 -1.774807
v 7.768869 3.227189 -2.354293
v 7.829677 3.244961 -2.355859
v 7.849341 3.177466 -2.358283
v 7.788533 3.159693 -2.356717
v 7.709641 3.209434 -2.340402
v 7.729306 3.141939 -2.342825
v 7.654271 3.192379 -2.314724
v 7.673936 3.124884 -2.317148
v 7.604882 3.176682 -2.278243
v 7.624547 3.109186 -2.280666
v 7.563381 3.162943 -2.232362
v 7.583046 3.095447 -2.234785
v 8.106474 1.455051 -2.340053
v 8.064973 1.441312 -2.294172
v 8.155862 1.470749 -2.376534
v 8.211233 1.487803 -2.402213
v 8.270459 1.505557 -2.416104
v 8.331269 1.523330 -2.417669
v 8.391327 1.540440 -2.406856
v 7.909400 3.194575 -2.347469
v 7.889736 3.262070 -2.345046
v 7.966391 3.210360 -2.324685
v 7.946725 3.277856 -2.322262
v 8.018126 3.224219 -2.290811
v 7.998462 3.291713 -2.288388
v 8.500051 1.570083 -2.350197
v 8.448317 1.556225 -2.384072
v 7.998462 3.291713 -2.288388
v 8.042957 3.303109 -2.244726
v 8.062622 3.235614 -2.247150
v 8.018126 3.224219 -2.290811
v 8.544549 1.581479 -2.306537
v 8.500051 1.570083 -2.350197
v 8.580093 1.589976 -2.254763
v 8.098167 3.244112 -2.195376
v 8.078504 3.311607 -2.192953
v 8.123393 3.249381 -2.137479
v 8.103728 3.316877 -2.135056
v 8.137334 3.251225 -2.075683
v 8.117670 3.318720 -2.073260
v 8.139448 3.249567 -2.012367
v 8.119783 3.317063 -2.009945
v 8.129663 3.244477 -1.949963
v 8.109997 3.311972 -1.947539
v 8.108345 3.236144 -1.890867
v 8.088679 3.303639 -1.888444
v 8.076320 3.224892 -1.837348
v 8.056654 3.292387 -1.834925
v 8.558245 1.570756 -1.896735
v 8.590272 1.582009 -1.950253
v 8.611588 1.590341 -2.009350
v 8.621375 1.595432 -2.071754
v 8.619261 1.597090 -2.135070
v 8.605320 1.595247 -2.196867
v 7.502370 3.136611 -1.994028
v 7.500251 3.138266 -2.057345
v 7.519917 3.070772 -2.059769
v 7.522035 3.069115 -1.996451
v 7.516306 3.138452 -1.932235
v 7.535971 3.070958 -1.934658
v 7.541533 3.143723 -1.874338
v 7.561196 3.076228 -1.876761
v 7.577078 3.152221 -1.822565
v 7.596742 3.084725 -1.824989
v 7.621574 3.163616 -1.778899
v 7.641238 3.096121 -1.781322
v 8.078669 1.430589 -1.884375
v 8.123164 1.441986 -1.840708
v 8.043122 1.422092 -1.936148
v 8.017898 1.416822 -1.994044
v 8.003963 1.414981 -2.055838
v 8.001842 1.416636 -2.119156
v 8.011634 1.421729 -2.181563
v 7.529707 3.075865 -2.122175
v 7.510042 3.143361 -2.119752
v 7.551021 3.084196 -2.181271
v 7.531357 3.151691 -2.178848
v 7.583046 3.095447 -2.234785
v 7.563381 3.162943 -2.232362
v 8.064973 1.441312 -2.294172
v 8.032947 1.430060 -2.240657
v 8.071704 3.332678 -1.761122
v 8.052197 3.328602 -1.805899
v 8.024704 3.322030 -1.845938
v 7.990293 3.313216 -1.879709
v 8.082485 3.334104 -1.713330
v 8.084123 3.332822 -1.664360
v 8.076554 3.328883 -1.616096
v 8.060066 3.322439 -1.570394
v 8.035297 3.313738 -1.529003
v 8.052197 3.328602 -1.805899
v 8.071704 3.332678 -1.761122
v 8.081727 3.327641 -1.764103
v 8.061543 3.323424 -1.810428
v 8.024704 3.322030 -1.845938
v 8.033099 3.316623 -1.851855
v 7.990293 3.313216 -1.879709
v 7.997497 3.307505 -1.886791
v 7.950280 3.302500 -1.905907
v 7.956100 3.296418 -1.913894
v 7.906202 3.290290 -1.923528
v 7.910500 3.283787 -1.932127
v 7.859757 3.277060 -1.931891
v 7.862448 3.270098 -1.940780
v 7.812726 3.263313 -1.930678
v 7.813787 3.255875 -1.939524
v 7.766918 3.249581 -1.919936
v 7.766398 3.241670 -1.928411
v 7.724094 3.236391 -1.900078
v 7.722093 3.228024 -1.907865
v 7.685902 3.224252 -1.871863
v 7.682578 3.215464 -1.878673
v 7.653803 3.213626 -1.836378
v 7.649367 3.204470 -1.841962
v 7.629035 3.204924 -1.794988
v 7.623744 3.195467 -1.799143
v 7.612551 3.198480 -1.749286
v 7.606688 3.188799 -1.751858
v 7.604979 3.194542 -1.701021
v 7.598855 3.184726 -1.701924
v 7.606620 3.193262 -1.652052
v 7.600552 3.183401 -1.651258
v 7.617395 3.194686 -1.604264
v 7.611704 3.184875 -1.601816
v 7.636909 3.198763 -1.559486
v 7.631887 3.189092 -1.555490
v 7.664395 3.205333 -1.519444
v 7.660328 3.195890 -1.514064
v 7.698809 3.214148 -1.485673
v 7.695931 3.205009 -1.479124
v 7.738824 3.224865 -1.459476
v 7.737330 3.216098 -1.452021
v 7.782898 3.237073 -1.441858
v 7.782927 3.228728 -1.433793
v 7.829343 3.250305 -1.433495
v 7.830984 3.242419 -1.425138
v 7.876375 3.264051 -1.434706
v 7.879639 3.256638 -1.426390
v 7.922182 3.277782 -1.445449
v 7.927032 3.270846 -1.437508
v 7.965007 3.290972 -1.465307
v 7.971338 3.284492 -1.458055
v 8.003203 3.303113 -1.493519
v 8.010854 3.297053 -1.487242
v 8.035297 3.313738 -1.529003
v 8.044059 3.308044 -1.523951
v 8.060066 3.322439 -1.570394
v 8.069683 3.317047 -1.566776
v 8.076554 3.328883 -1.616096
v 8.086742 3.323715 -1.614061
v 8.084123 3.332822 -1.664360
v 8.094575 3.327790 -1.663995
v 8.082485 3.334104 -1.713330
v 8.092879 3.329115 -1.714655
v 7.612551 3.198480 -1.749286
v 7.604979 3.194542 -1.701021
v 7.606620 3.193262 -1.652052
v 7.617395 3.194686 -1.604264
v 7.636909 3.198763 -1.559486
v 7.664395 3.205333 -1.519444
v 7.698809 3.214148 -1.485673
v 7.629035 3.204924 -1.794988
v 7.653803 3.213626 -1.836378
v 7.685902 3.224252 -1.871863
v 7.653803 3.213626 -1.836378
v 7.724094 3.236391 -1.900078
v 7.766918 3.249581 -1.919936
v 7.812726 3.263313 -1.930678
v 7.859757 3.277060 -1.931891
v 7.906202 3.290290 -1.923528
v 7.950280 3.302500 -1.905907
v 7.990293 3.313216 -1.879709
v 8.003203 3.303113 -1.493519
v 8.035297 3.313738 -1.529003
v 7.965007 3.290972 -1.465307
v 7.922182 3.277782 -1.445449
v 7.876375 3.264051 -1.434706
v 7.829343 3.250305 -1.433495
v 7.782898 3.237073 -1.441858
v 7.738824 3.224865 -1.459476
v 7.698809 3.214148 -1.485673
v 8.086742 3.323715 -1.614061
v 8.069683 3.317047 -1.566776
v 8.133554 3.304159 -1.538761
v 8.154871 3.312492 -1.597859
v 8.094575 3.327790 -1.663995
v 8.164659 3.317583 -1.660266
v 8.092879 3.329115 -1.714655
v 8.162544 3.319239 -1.723581
v 8.081727 3.327641 -1.764103
v 8.148602 3.317396 -1.785378
v 8.061543 3.323424 -1.810428
v 8.123378 3.312127 -1.843275
v 8.033099 3.316623 -1.851855
v 8.087832 3.303629 -1.895048
v 7.997497 3.307505 -1.886791
v 8.043335 3.292232 -1.938709
v 7.956100 3.296418 -1.913894
v 7.991600 3.278376 -1.972584
v 7.910500 3.283787 -1.932127
v 7.934610 3.262589 -1.995368
v 7.862448 3.270098 -1.940780
v 7.874552 3.245481 -2.006182
v 7.813787 3.255875 -1.939524
v 7.813744 3.227709 -2.004614
v 7.766398 3.241670 -1.928411
v 7.754517 3.209954 -1.990724
v 7.722093 3.228024 -1.907865
v 7.699144 3.192899 -1.965046
v 7.682578 3.215464 -1.878673
v 7.649756 3.177202 -1.928564
v 7.649367 3.204470 -1.841962
v 7.608254 3.163462 -1.882683
v 7.623744 3.195467 -1.799143
v 7.576230 3.152211 -1.829169
v 7.606688 3.188799 -1.751858
v 7.554917 3.143880 -1.770073
v 7.598855 3.184726 -1.701924
v 7.545126 3.138786 -1.707667
v 7.600552 3.183401 -1.651258
v 7.547245 3.137130 -1.644349
v 7.611704 3.184875 -1.601816
v 7.561181 3.138972 -1.582555
v 7.631887 3.189092 -1.555490
v 7.586407 3.144243 -1.524659
v 7.660328 3.195890 -1.514064
v 7.621953 3.152741 -1.472882
v 7.695931 3.205009 -1.479124
v 7.666448 3.164136 -1.429220
v 7.737330 3.216098 -1.452021
v 7.718184 3.177994 -1.395346
v 7.782927 3.228728 -1.433793
v 7.775173 3.193779 -1.372567
v 7.830984 3.242419 -1.425138
v 7.835233 3.210889 -1.361749
v 7.879639 3.256638 -1.426390
v 7.896041 3.228661 -1.363318
v 7.927032 3.270846 -1.437508
v 7.955268 3.246416 -1.377207
v 7.971338 3.284492 -1.458055
v 8.010644 3.263470 -1.402884
v 8.010854 3.297053 -1.487242
v 8.060028 3.279169 -1.439365
v 8.044059 3.308044 -1.523951
v 8.101529 3.292907 -1.485246
v 8.060028 3.279169 -1.439365
v 8.010644 3.263470 -1.402884
v 8.030309 3.195975 -1.405307
v 8.079692 3.211673 -1.441788
v 8.101529 3.292907 -1.485246
v 8.121193 3.225413 -1.487669
v 8.561618 1.557538 -1.501175
v 8.603119 1.571276 -1.547055
v 8.512235 1.541840 -1.464695
v 8.456858 1.524786 -1.439014
v 7.974933 3.178921 -1.379629
v 7.955268 3.246416 -1.377207
v 7.915705 3.161166 -1.365743
v 7.896041 3.228661 -1.363318
v 7.854897 3.143394 -1.364171
v 7.835233 3.210889 -1.361749
v 7.794837 3.126284 -1.374990
v 7.775173 3.193779 -1.372567
v 7.737849 3.110499 -1.397770
v 7.718184 3.177994 -1.395346
v 7.686111 3.096641 -1.431643
v 7.666448 3.164136 -1.429220
v 8.168040 1.442506 -1.491031
v 8.219775 1.456363 -1.457156
v 8.276764 1.472149 -1.434377
v 8.336823 1.489259 -1.423559
v 8.397632 1.507030 -1.425129
v 7.813744 3.227709 -2.004614
v 7.874552 3.245481 -2.006182
v 7.894217 3.177985 -2.008605
v 7.833407 3.160212 -2.007037
v 7.754517 3.209954 -1.990724
v 7.774181 3.142458 -1.993146
v 7.699144 3.192899 -1.965046
v 7.718809 3.125404 -1.967469
v 7.649756 3.177202 -1.928564
v 7.669422 3.109706 -1.930988
v 7.608254 3.163462 -1.882683
v 7.627919 3.095967 -1.885107
v 8.151348 1.455570 -1.990374
v 8.109847 1.441832 -1.944494
v 8.200735 1.471269 -2.026856
v 8.256107 1.488323 -2.052534
v 8.315333 1.506076 -2.066425
v 8.376143 1.523851 -2.067990
v 8.436201 1.540959 -2.057177
v 7.954276 3.195094 -1.997791
v 7.934610 3.262589 -1.995368
v 8.011265 3.210880 -1.975007
v 7.991600 3.278376 -1.972584
v 8.063001 3.224738 -1.941132
v 8.043335 3.292232 -1.938709
v 8.544926 1.570602 -2.000518
v 8.493191 1.556745 -2.034393
v 8.043335 3.292232 -1.938709
v 8.087832 3.303629 -1.895048
v 8.107496 3.236134 -1.897471
v 8.063001 3.224738 -1.941132
v 8.589423 1.581999 -1.956858
v 8.544926 1.570602 -2.000518
v 8.624968 1.590496 -1.905085
v 8.143042 3.244632 -1.845697
v 8.123378 3.312127 -1.843275
v 8.168268 3.249901 -1.787801
v 8.148602 3.317396 -1.785378
v 8.182208 3.251745 -1.726004
v 8.162544 3.319239 -1.723581
v 8.184323 3.250087 -1.662688
v 8.164659 3.317583 -1.660266
v 8.174536 3.244997 -1.600285
v 8.154871 3.312492 -1.597859
v 8.153219 3.236664 -1.541183
v 8.133554 3.304159 -1.538761
v 8.121193 3.225413 -1.487669
v 8.101529 3.292907 -1.485246
v 8.603119 1.571276 -1.547055
v 8.635146 1.582529 -1.600570
v 8.656462 1.590861 -1.659671
v 8.666249 1.595952 -1.722076
v 8.664134 1.597609 -1.785391
v 8.650194 1.595766 -1.847188
v 7.547245 3.137130 -1.644349
v 7.545126 3.138786 -1.707667
v 7.564790 3.071292 -1.710092
v 7.566910 3.069635 -1.646771
v 7.561181 3.138972 -1.582555
v 7.580846 3.071478 -1.584978
v 7.586407 3.144243 -1.524659
v 7.606071 3.076748 -1.527083
v 7.621953 3.152741 -1.472882
v 7.641616 3.085245 -1.475305
v 7.666448 3.164136 -1.429220
v 7.686111 3.096641 -1.431643
v 8.123542 1.431109 -1.534692
v 8.168040 1.442506 -1.491031
v 8.087997 1.422611 -1.586471
v 8.062772 1.417342 -1.644365
v 8.048836 1.415500 -1.706158
v 8.046716 1.417156 -1.769477
v 8.056507 1.422249 -1.831884
v 7.574581 3.076385 -1.772497
v 7.554917 3.143880 -1.770073
v 7.595894 3.084716 -1.831592
v 7.576230 3.152211 -1.829169
v 7.627919 3.095967 -1.885107
v 7.608254 3.163462 -1.882683
v 8.109847 1.441832 -1.944494
v 8.077820 1.430580 -1.890979
v -3.351207 -0.028127 -0.847957
v -3.354915 -0.030057 -0.824321
v -3.354112 -0.030685 -0.800339
v -3.348834 -0.029987 -0.776932
v -3.339278 -0.027990 -0.754999
v -3.325814 -0.024771 -0.735389
v -3.308958 -0.020454 -0.718851
v -3.343133 -0.024973 -0.870343
v -3.331000 -0.020709 -0.890615
v -3.351207 -0.028127 -0.847957
v -3.352976 -0.036658 -0.849353
v -3.356811 -0.038655 -0.824898
v -3.354915 -0.030057 -0.824321
v -3.355979 -0.039302 -0.800085
v -3.354112 -0.030685 -0.800339
v -3.350520 -0.038582 -0.775869
v -3.348834 -0.029987 -0.776932
v -3.340634 -0.036515 -0.753176
v -3.339278 -0.027990 -0.754999
v -3.326706 -0.033186 -0.732887
v -3.325814 -0.024771 -0.735389
v -3.309268 -0.028720 -0.715779
v -3.308958 -0.020454 -0.718851
v -3.343133 -0.024973 -0.870343
v -3.344623 -0.033394 -0.872511
v -3.331000 -0.020709 -0.890615
v -3.332073 -0.028984 -0.893486
v -3.126327 0.037598 -0.853755
v -3.135882 0.035601 -0.875683
v -3.149346 0.032384 -0.895298
v -3.166203 0.028066 -0.911837
v -3.121049 0.038295 -0.830350
v -3.120245 0.037669 -0.806368
v -3.123954 0.035739 -0.782726
v -3.132028 0.032584 -0.760343
v -3.144160 0.028321 -0.740072
v -3.166203 0.028066 -0.911837
v -3.185800 0.022817 -0.924665
v -3.207385 0.016837 -0.933295
v -3.230135 0.010356 -0.937391
v -3.253168 0.003625 -0.936796
v -3.275603 -0.003100 -0.931536
v -3.296575 -0.009559 -0.921810
v -3.315279 -0.015506 -0.907991
v -3.331000 -0.020709 -0.890615
v -3.308958 -0.020454 -0.718851
v -3.289360 -0.015205 -0.706017
v -3.267775 -0.009225 -0.697389
v -3.245029 -0.002746 -0.693295
v -3.221995 0.003986 -0.693886
v -3.199561 0.010710 -0.699149
v -3.178585 0.017171 -0.708873
v -3.159880 0.023118 -0.722691
v -3.144160 0.028321 -0.740072
v -3.340634 -0.036515 -0.753176
v -3.358732 -0.072803 -0.738594
v -3.341324 -0.068642 -0.713236
v -3.326706 -0.033186 -0.732887
v -3.319533 -0.063061 -0.691854
v -3.309268 -0.028720 -0.715779
v -3.294191 -0.056273 -0.675260
v -3.288991 -0.023288 -0.702504
v -3.266279 -0.048542 -0.664104
v -3.266658 -0.017102 -0.693578
v -3.236870 -0.040163 -0.658806
v -3.243124 -0.010398 -0.689339
v -3.207087 -0.031459 -0.659573
v -3.219294 -0.003434 -0.689950
v -3.178078 -0.022764 -0.666378
v -3.196082 0.003524 -0.695395
v -3.150959 -0.014411 -0.678952
v -3.174381 0.010209 -0.705459
v -3.126771 -0.006723 -0.696818
v -3.155027 0.016361 -0.719755
v -3.106443 0.000006 -0.719293
v -3.138766 0.021744 -0.737735
v -3.090759 0.005518 -0.745502
v -3.126214 0.026153 -0.758704
v -3.080320 0.009599 -0.774445
v -3.117862 0.029419 -0.781863
v -3.075527 0.012091 -0.805009
v -3.114027 0.031413 -0.806321
v -3.076561 0.012904 -0.836020
v -3.114855 0.032063 -0.831135
v -3.083390 0.012001 -0.866284
v -3.120319 0.031340 -0.855352
v -3.095745 0.009420 -0.894643
v -3.130204 0.029275 -0.878038
v -3.113152 0.005259 -0.919994
v -3.144132 0.025946 -0.898329
v -3.134943 -0.000323 -0.941382
v -3.161570 0.021480 -0.915441
v -3.160285 -0.007111 -0.957971
v -3.181843 0.016050 -0.928717
v -3.188198 -0.014843 -0.969129
v -3.204177 0.009864 -0.937643
v -3.217610 -0.023222 -0.974423
v -3.227714 0.003158 -0.941880
v -3.247393 -0.031926 -0.973659
v -3.251544 -0.003807 -0.941264
v -3.276402 -0.040622 -0.966853
v -3.274756 -0.010765 -0.935823
v -3.303517 -0.048973 -0.954278
v -3.296454 -0.017447 -0.925762
v -3.327704 -0.056661 -0.936412
v -3.315807 -0.023599 -0.911467
v -3.348034 -0.063391 -0.913942
v -3.332073 -0.028984 -0.893486
v -3.363717 -0.068900 -0.887730
v -3.344623 -0.033394 -0.872511
v -3.374156 -0.072981 -0.858790
v -3.352976 -0.036658 -0.849353
v -3.378949 -0.075476 -0.828225
v -3.356811 -0.038655 -0.824898
v -3.377915 -0.076288 -0.797215
v -3.355979 -0.039302 -0.800085
v -3.371086 -0.075385 -0.766951
v -3.350520 -0.038582 -0.775869
v -3.126327 0.037598 -0.853755
v -3.120319 0.031340 -0.855352
v -3.130204 0.029275 -0.878038
v -3.135882 0.035601 -0.875683
v -3.144132 0.025946 -0.898329
v -3.149346 0.032384 -0.895298
v -3.161570 0.021480 -0.915441
v -3.166203 0.028066 -0.911837
v -3.121049 0.038295 -0.830350
v -3.114855 0.032063 -0.831135
v -3.120245 0.037669 -0.806368
v -3.114027 0.031413 -0.806321
v -3.123954 0.035739 -0.782726
v -3.117862 0.029419 -0.781863
v -3.132028 0.032584 -0.760343
v -3.126214 0.026153 -0.758704
v -3.144160 0.028321 -0.740072
v -3.138766 0.021744 -0.737735
v -3.166203 0.028066 -0.911837
v -3.161570 0.021480 -0.915441
v -3.181843 0.016050 -0.928717
v -3.185800 0.022817 -0.924665
v -3.204177 0.009864 -0.937643
v -3.207385 0.016837 -0.933295
v -3.227714 0.003158 -0.941880
v -3.230135 0.010356 -0.937391
v -3.251544 -0.003807 -0.941264
v -3.253168 0.003625 -0.936796
v -3.274756 -0.010765 -0.935823
v -3.275603 -0.003100 -0.931536
v -3.296454 -0.017447 -0.925762
v -3.296575 -0.009559 -0.921810
v -3.315807 -0.023599 -0.911467
v -3.315279 -0.015506 -0.907991
v -3.332073 -0.028984 -0.893486
v -3.331000 -0.020709 -0.890615
v -3.308958 -0.020454 -0.718851
v -3.309268 -0.028720 -0.715779
v -3.288991 -0.023288 -0.702504
v -3.289360 -0.015205 -0.706017
v -3.266658 -0.017102 -0.693578
v -3.267775 -0.009225 -0.697389
v -3.243124 -0.010398 -0.689339
v -3.245029 -0.002746 -0.693295
v -3.219294 -0.003434 -0.689950
v -3.221995 0.003986 -0.693886
v -3.196082 0.003524 -0.695395
v -3.199561 0.010710 -0.699149
v -3.174381 0.010209 -0.705459
v -3.178585 0.017171 -0.708873
v -3.155027 0.016361 -0.719755
v -3.159880 0.023118 -0.722691
v -3.138766 0.021744 -0.737735
v -3.144160 0.028321 -0.740072
v -3.294191 -0.056273 -0.675260
v -3.274527 -0.123768 -0.677684
v -3.246614 -0.116037 -0.666526
v -3.266279 -0.048542 -0.664104
v -3.217206 -0.107659 -0.661230
v -3.236870 -0.040163 -0.658806
v -3.187422 -0.098954 -0.661995
v -3.207087 -0.031459 -0.659573
v -3.158414 -0.090258 -0.668800
v -3.178078 -0.022764 -0.666378
v -3.131295 -0.081905 -0.681376
v -3.150959 -0.014411 -0.678952
v -3.107107 -0.074218 -0.699243
v -3.126771 -0.006723 -0.696818
v -3.086778 -0.067488 -0.721715
v -3.106443 0.000006 -0.719293
v -2.604852 -1.721624 -0.781102
v -2.625181 -1.728351 -0.758630
v -2.649368 -1.736041 -0.740762
v -2.676488 -1.744394 -0.728187
v -2.705496 -1.753088 -0.721382
v -2.735279 -1.761795 -0.720616
v -2.764688 -1.770172 -0.725912
v -2.792600 -1.777905 -0.737071
v -3.299869 -0.130557 -0.694277
v -3.319533 -0.063061 -0.691854
v -2.817942 -1.784693 -0.753663
v -3.247393 -0.031926 -0.973659
v -3.227729 -0.099420 -0.976081
v -3.256737 -0.108117 -0.969276
v -3.276402 -0.040622 -0.966853
v -3.283852 -0.116469 -0.956701
v -3.303517 -0.048973 -0.954278
v -3.308040 -0.124156 -0.938836
v -3.327704 -0.056661 -0.936412
v -3.328370 -0.130886 -0.916366
v -3.348034 -0.063391 -0.913942
v -2.846443 -1.785022 -0.975753
v -2.826113 -1.778293 -0.998222
v -2.801927 -1.770603 -1.016088
v -2.774811 -1.762252 -1.028664
v -2.745803 -1.753556 -1.035468
v -3.197946 -0.090716 -0.976848
v -3.217610 -0.023222 -0.974423
v -3.188198 -0.014843 -0.969129
v -3.168532 -0.082337 -0.971551
v -3.160285 -0.007111 -0.957971
v -3.140620 -0.074606 -0.960395
v -3.134943 -0.000323 -0.941382
v -3.115279 -0.067817 -0.943806
v -2.658695 -1.728740 -1.019779
v -2.633352 -1.721953 -1.003193
v -2.686607 -1.736472 -1.030938
v -2.716020 -1.744851 -1.036233
v -3.348034 -0.063391 -0.913942
v -3.328370 -0.130886 -0.916366
v -3.344052 -0.136396 -0.890153
v -3.363717 -0.068900 -0.887730
v -3.354492 -0.140477 -0.861214
v -3.374156 -0.072981 -0.858790
v -3.359286 -0.142971 -0.830649
v -3.378949 -0.075476 -0.828225
v -3.358251 -0.143783 -0.799638
v -3.377915 -0.076288 -0.797215
v -3.351422 -0.142881 -0.769374
v -3.371086 -0.075385 -0.766951
v -3.339067 -0.140298 -0.741016
v -3.358732 -0.072803 -0.738594
v -3.321659 -0.136137 -0.715660
v -3.341324 -0.068642 -0.713236
v -3.299869 -0.130557 -0.694277
v -3.319533 -0.063061 -0.691854
v -2.817942 -1.784693 -0.753663
v -2.839733 -1.790272 -0.775046
v -2.857141 -1.794433 -0.800404
v -2.869496 -1.797015 -0.828761
v -2.876324 -1.797918 -0.859025
v -2.877359 -1.797107 -0.890037
v -2.872566 -1.794612 -0.920600
v -2.862125 -1.790533 -0.949540
v -2.846443 -1.785022 -0.975753
v -3.076561 0.012904 -0.836020
v -3.056897 -0.054591 -0.838444
v -3.063726 -0.055494 -0.868709
v -3.083390 0.012001 -0.866284
v -3.076080 -0.058075 -0.897065
v -3.095745 0.009420 -0.894643
v -3.093487 -0.062236 -0.922418
v -3.113152 0.005259 -0.919994
v -3.115279 -0.067817 -0.943806
v -3.134943 -0.000323 -0.941382
v -2.633352 -1.721953 -1.003193
v -2.611561 -1.716372 -0.981805
v -2.594154 -1.712213 -0.956450
v -2.581800 -1.709629 -0.928095
v -2.574970 -1.708726 -0.897829
v -3.055863 -0.055403 -0.807432
v -3.075527 0.012091 -0.805009
v -3.080320 0.009599 -0.774445
v -3.060655 -0.057896 -0.776869
v -3.090759 0.005518 -0.745502
v -3.071095 -0.061977 -0.747925
v -3.106443 0.000006 -0.719293
v -3.086778 -0.067488 -0.721715
v -2.589169 -1.716114 -0.807312
v -2.604852 -1.721624 -0.781102
v -2.578729 -1.712032 -0.836255
v -2.573936 -1.709539 -0.866820
v -3.195611 0.014543 -0.773830
v -3.200202 0.012154 -0.744575
v -3.199209 0.011378 -0.714892
v -3.192674 0.012242 -0.685921
v -3.180846 0.014714 -0.658778
v -3.164184 0.018696 -0.634508
v -3.143322 0.024040 -0.614040
v -3.185618 0.018448 -0.801538
v -3.170604 0.023725 -0.826626
v -3.195611 0.014543 -0.773830
v -3.198313 0.005750 -0.775496
v -3.203063 0.003279 -0.745229
v -3.200202 0.012154 -0.744575
v -3.202036 0.002477 -0.714516
v -3.199209 0.011378 -0.714892
v -3.195275 0.003369 -0.684544
v -3.192674 0.012242 -0.685921
v -3.183038 0.005927 -0.656463
v -3.180846 0.014714 -0.658778
v -3.165800 0.010048 -0.631352
v -3.164184 0.018696 -0.634508
v -3.144220 0.015575 -0.610171
v -3.143322 0.024040 -0.614040
v -3.185618 0.018448 -0.801538
v -3.187975 0.009791 -0.804158
v -3.170604 0.023725 -0.826626
v -3.172444 0.015249 -0.830113
v -2.917288 0.095888 -0.781003
v -2.929113 0.093418 -0.808147
v -2.945776 0.089434 -0.832422
v -2.966636 0.084092 -0.852890
v -2.910755 0.096752 -0.752037
v -2.909761 0.095976 -0.722353
v -2.914349 0.093590 -0.693094
v -2.924341 0.089683 -0.665391
v -2.939355 0.084408 -0.640306
v -2.966636 0.084092 -0.852890
v -2.990890 0.077597 -0.868771
v -3.017610 0.070195 -0.879452
v -3.045764 0.062173 -0.884519
v -3.074271 0.053842 -0.883787
v -3.102039 0.045519 -0.877272
v -3.127998 0.037523 -0.865236
v -3.151150 0.030164 -0.848135
v -3.170604 0.023725 -0.826626
v -3.143322 0.024040 -0.614040
v -3.119070 0.030536 -0.598159
v -3.092354 0.037936 -0.587479
v -3.064199 0.045956 -0.582406
v -3.035689 0.054289 -0.583142
v -3.007924 0.062611 -0.589652
v -2.981966 0.070608 -0.601693
v -2.958811 0.077968 -0.618795
v -2.939355 0.084408 -0.640306
v -3.183038 0.005927 -0.656463
v -3.207384 -0.032314 -0.638172
v -3.185841 -0.027165 -0.606787
v -3.165800 0.010048 -0.631352
v -3.158866 -0.020255 -0.580321
v -3.144220 0.015575 -0.610171
v -3.127506 -0.011856 -0.559785
v -3.119122 0.022297 -0.593743
v -3.092959 -0.002287 -0.545979
v -3.091481 0.029954 -0.582694
v -3.056557 0.008084 -0.539423
v -3.062354 0.038251 -0.577446
v -3.019695 0.018858 -0.540373
v -3.032858 0.046872 -0.578207
v -2.983791 0.029621 -0.548791
v -3.004129 0.055485 -0.584946
v -2.950227 0.039957 -0.564358
v -2.977274 0.063755 -0.597403
v -2.920290 0.049474 -0.586468
v -2.953322 0.071368 -0.615094
v -2.895134 0.057801 -0.614282
v -2.933192 0.078032 -0.637344
v -2.875723 0.064621 -0.646720
v -2.917658 0.083491 -0.663306
v -2.862801 0.069673 -0.682545
v -2.907319 0.087532 -0.691967
v -2.856867 0.072758 -0.720372
v -2.902575 0.090001 -0.722235
v -2.858151 0.073764 -0.758753
v -2.903601 0.090804 -0.752947
v -2.866600 0.072645 -0.796212
v -2.910362 0.089910 -0.782919
v -2.881891 0.069451 -0.831306
v -2.922595 0.087355 -0.811000
v -2.903439 0.064300 -0.862691
v -2.939833 0.083234 -0.836110
v -2.930409 0.057392 -0.889157
v -2.961418 0.077705 -0.857287
v -2.961769 0.048994 -0.909689
v -2.986511 0.070984 -0.873719
v -2.996316 0.039424 -0.923501
v -3.014152 0.063328 -0.884769
v -3.032719 0.029054 -0.930056
v -3.043283 0.055029 -0.890011
v -3.069581 0.018280 -0.929105
v -3.072774 0.046409 -0.889253
v -3.105484 0.007518 -0.920686
v -3.101503 0.037798 -0.882514
v -3.139048 -0.002821 -0.905121
v -3.128360 0.029527 -0.870063
v -3.168984 -0.012337 -0.883006
v -3.152311 0.021913 -0.852370
v -3.194140 -0.020664 -0.855196
v -3.172444 0.015249 -0.830113
v -3.213556 -0.027486 -0.822758
v -3.187975 0.009791 -0.804158
v -3.226475 -0.032535 -0.786934
v -3.198313 0.005750 -0.775496
v -3.232408 -0.035622 -0.749107
v -3.203063 0.003279 -0.745229
v -3.231124 -0.036625 -0.710725
v -3.202036 0.002477 -0.714516
v -3.222676 -0.035509 -0.673267
v -3.195275 0.003369 -0.684544
v -2.917288 0.095888 -0.781003
v -2.910362 0.089910 -0.782919
v -2.922595 0.087355 -0.811000
v -2.929113 0.093418 -0.808147
v -2.939833 0.083234 -0.836110
v -2.945776 0.089434 -0.832422
v -2.961418 0.077705 -0.857287
v -2.966636 0.084092 -0.852890
v -2.910755 0.096752 -0.752037
v -2.903601 0.090804 -0.752947
v -2.909761 0.095976 -0.722353
v -2.902575 0.090001 -0.722235
v -2.914349 0.093590 -0.693094
v -2.907319 0.087532 -0.691967
v -2.924341 0.089683 -0.665391
v -2.917658 0.083491 -0.663306
v -2.939355 0.084408 -0.640306
v -2.933192 0.078032 -0.637344
v -2.966636 0.084092 -0.852890
v -2.961418 0.077705 -0.857287
v -2.986511 0.070984 -0.873719
v -2.990890 0.077597 -0.868771
v -3.014152 0.063328 -0.884769
v -3.017610 0.070195 -0.879452
v -3.043283 0.055029 -0.890011
v -3.045764 0.062173 -0.884519
v -3.072774 0.046409 -0.889253
v -3.074271 0.053842 -0.883787
v -3.101503 0.037798 -0.882514
v -3.102039 0.045519 -0.877272
v -3.128360 0.029527 -0.870063
v -3.127998 0.037523 -0.865236
v -3.152311 0.021913 -0.852370
v -3.151150 0.030164 -0.848135
v -3.172444 0.015249 -0.830113
v -3.170604 0.023725 -0.826626
v -3.143322 0.024040 -0.614040
v -3.144220 0.015575 -0.610171
v -3.119122 0.022297 -0.593743
v -3.119070 0.030536 -0.598159
v -3.091481 0.029954 -0.582694
v -3.092354 0.037936 -0.587479
v -3.062354 0.038251 -0.577446
v -3.064199 0.045956 -0.582406
v -3.032858 0.046872 -0.578207
v -3.035689 0.054289 -0.583142
v -3.004129 0.055485 -0.584946
v -3.007924 0.062611 -0.589652
v -2.977274 0.063755 -0.597403
v -2.981966 0.070608 -0.601693
v -2.953322 0.071368 -0.615094
v -2.958811 0.077968 -0.618795
v -2.933192 0.078032 -0.637344
v -2.939355 0.084408 -0.640306
v -3.127506 -0.011856 -0.559785
v -3.107841 -0.079351 -0.562209
v -3.073295 -0.069782 -0.548402
v -3.092959 -0.002287 -0.545979
v -3.036893 -0.059411 -0.541845
v -3.056557 0.008084 -0.539423
v -3.000031 -0.048637 -0.542797
v -3.019695 0.018858 -0.540373
v -2.964127 -0.037875 -0.551215
v -2.983791 0.029621 -0.548791
v -2.930563 -0.027538 -0.566781
v -2.950227 0.039957 -0.564358
v -2.900626 -0.018021 -0.588891
v -2.920290 0.049474 -0.586468
v -2.875471 -0.009694 -0.616706
v -2.895134 0.057801 -0.614282
v -2.393544 -1.663829 -0.676092
v -2.418700 -1.672157 -0.648278
v -2.448637 -1.681673 -0.626168
v -2.482200 -1.692009 -0.610601
v -2.518104 -1.702774 -0.602182
v -2.554966 -1.713547 -0.601233
v -2.591368 -1.723917 -0.607786
v -2.625915 -1.733487 -0.621594
v -3.139201 -0.087751 -0.582744
v -3.158866 -0.020255 -0.580321
v -2.657275 -1.741886 -0.642131
v -3.069581 0.018280 -0.929105
v -3.049916 -0.049215 -0.931529
v -3.085820 -0.059978 -0.923109
v -3.105484 0.007518 -0.920686
v -3.119384 -0.070316 -0.907545
v -3.139048 -0.002821 -0.905121
v -3.149320 -0.079832 -0.885428
v -3.168984 -0.012337 -0.883006
v -3.174476 -0.088159 -0.857618
v -3.194140 -0.020664 -0.855196
v -2.692550 -1.742295 -0.917006
v -2.667394 -1.733967 -0.944815
v -2.637457 -1.724451 -0.966931
v -2.603894 -1.714114 -0.982496
v -2.567989 -1.703350 -0.990914
v -3.013054 -0.038441 -0.932480
v -3.032719 0.029054 -0.930056
v -2.996316 0.039424 -0.923501
v -2.976651 -0.028071 -0.925924
v -2.961769 0.048994 -0.909689
v -2.942104 -0.018502 -0.912111
v -2.930409 0.057392 -0.889157
v -2.910745 -0.010103 -0.891580
v -2.460178 -1.672638 -0.971498
v -2.428819 -1.664238 -0.950966
v -2.494725 -1.682207 -0.985312
v -2.531128 -1.692577 -0.991867
v -3.194140 -0.020664 -0.855196
v -3.174476 -0.088159 -0.857618
v -3.193892 -0.094981 -0.825181
v -3.213556 -0.027486 -0.822758
v -3.206810 -0.100030 -0.789358
v -3.226475 -0.032535 -0.786934
v -3.212744 -0.103117 -0.751530
v -3.232408 -0.035622 -0.749107
v -3.211460 -0.104121 -0.713148
v -3.231124 -0.036625 -0.710725
v -3.203011 -0.103005 -0.675690
v -3.222676 -0.035509 -0.673267
v -3.187720 -0.099810 -0.640595
v -3.207384 -0.032314 -0.638172
v -3.166177 -0.094660 -0.609210
v -3.185841 -0.027165 -0.606787
v -3.139201 -0.087751 -0.582744
v -3.158866 -0.020255 -0.580321
v -2.657275 -1.741886 -0.642131
v -2.684251 -1.748794 -0.668596
v -2.705794 -1.753944 -0.699982
v -2.721085 -1.757139 -0.735077
v -2.729534 -1.758257 -0.772535
v -2.730818 -1.757251 -0.810916
v -2.724884 -1.754164 -0.848744
v -2.711966 -1.749115 -0.884567
v -2.692550 -1.742295 -0.917006
v -2.858151 0.073764 -0.758753
v -2.838486 0.006269 -0.761175
v -2.846935 0.005151 -0.798635
v -2.866600 0.072645 -0.796212
v -2.862226 0.001956 -0.833731
v -2.881891 0.069451 -0.831306
v -2.883775 -0.003196 -0.865115
v -2.903439 0.064300 -0.862691
v -2.910745 -0.010103 -0.891580
v -2.930409 0.057392 -0.889157
v -2.428819 -1.664238 -0.950966
v -2.401848 -1.657332 -0.924500
v -2.380300 -1.652178 -0.893115
v -2.365009 -1.648983 -0.858022
v -2.356560 -1.647868 -0.820562
v -2.837203 0.005264 -0.722795
v -2.856867 0.072758 -0.720372
v -2.862801 0.069673 -0.682545
v -2.843136 0.002177 -0.684967
v -2.875723 0.064621 -0.646720
v -2.856059 -0.002874 -0.649143
v -2.895134 0.057801 -0.614282
v -2.875471 -0.009694 -0.616706
v -2.374133 -1.657011 -0.708530
v -2.393544 -1.663829 -0.676092
v -2.361209 -1.651958 -0.744354
v -2.355277 -1.648871 -0.782183
v -3.248196 -0.026934 -0.045251
v -3.251903 -0.028864 -0.021615
v -3.251100 -0.029492 0.002368
v -3.245822 -0.028794 0.025775
v -3.236266 -0.026796 0.047707
v -3.222803 -0.023578 0.067317
v -3.205947 -0.019260 0.083855
v -3.240121 -0.023779 -0.067633
v -3.227989 -0.019516 -0.087909
v -3.248196 -0.026934 -0.045251
v -3.249965 -0.035464 -0.046647
v -3.253801 -0.037461 -0.022192
v -3.251903 -0.028864 -0.021615
v -3.252968 -0.038108 0.002621
v -3.251100 -0.029492 0.002368
v -3.247509 -0.037388 0.026836
v -3.245822 -0.028794 0.025775
v -3.237623 -0.035322 0.049529
v -3.236266 -0.026796 0.047707
v -3.223694 -0.031993 0.069818
v -3.222803 -0.023578 0.067317
v -3.206257 -0.027527 0.086926
v -3.205947 -0.019260 0.083855
v -3.240121 -0.023779 -0.067633
v -3.241612 -0.032201 -0.069806
v -3.227989 -0.019516 -0.087909
v -3.229062 -0.027791 -0.090779
v -3.023316 0.038791 -0.051050
v -3.032872 0.036795 -0.072979
v -3.046335 0.033577 -0.092588
v -3.063191 0.029259 -0.109130
v -3.018037 0.039488 -0.027643
v -3.017235 0.038862 -0.003660
v -3.020942 0.036932 0.019979
v -3.029016 0.033777 0.042364
v -3.041150 0.029514 0.062634
v -3.063191 0.029259 -0.109130
v -3.082789 0.024010 -0.121961
v -3.104373 0.018030 -0.130589
v -3.127123 0.011549 -0.134686
v -3.150157 0.004818 -0.134090
v -3.172592 -0.001907 -0.128830
v -3.193564 -0.008366 -0.119103
v -3.212269 -0.014313 -0.105286
v -3.227989 -0.019516 -0.087909
v -3.205947 -0.019260 0.083855
v -3.186349 -0.014012 0.096688
v -3.164764 -0.008032 0.105318
v -3.142018 -0.001553 0.109412
v -3.118984 0.005179 0.108819
v -3.096550 0.011903 0.103557
v -3.075574 0.018364 0.093832
v -3.056870 0.024311 0.080014
v -3.041150 0.029514 0.062634
v -3.237623 -0.035322 0.049529
v -3.255721 -0.071610 0.064113
v -3.238313 -0.067448 0.089470
v -3.223694 -0.031993 0.069818
v -3.216522 -0.061867 0.110857
v -3.206257 -0.027527 0.086926
v -3.191180 -0.055080 0.127445
v -3.185980 -0.022095 0.100202
v -3.163267 -0.047349 0.138603
v -3.163646 -0.015909 0.109129
v -3.133859 -0.038970 0.143899
v -3.140113 -0.009205 0.113367
v -3.104076 -0.030266 0.143133
v -3.116282 -0.002240 0.112754
v -3.075068 -0.021571 0.136329
v -3.093071 0.004718 0.107308
v -3.047948 -0.013218 0.123753
v -3.071369 0.011402 0.097247
v -3.023760 -0.005529 0.105886
v -3.052016 0.017554 0.082951
v -3.003431 0.001200 0.083412
v -3.035754 0.022937 0.064971
v -2.987748 0.006712 0.057204
v -3.023203 0.027346 0.044002
v -2.977309 0.010792 0.028261
v -3.014851 0.030612 0.020844
v -2.972516 0.013285 -0.002305
v -3.011015 0.032607 -0.003616
v -2.973551 0.014097 -0.033315
v -3.011844 0.033256 -0.028429
v -2.980380 0.013194 -0.063580
v -3.017307 0.032534 -0.052645
v -2.992733 0.010614 -0.091931
v -3.027193 0.030468 -0.075333
v -3.010141 0.006452 -0.117290
v -3.041121 0.027139 -0.095621
v -3.031932 0.000870 -0.138677
v -3.058559 0.022673 -0.112736
v -3.057274 -0.005917 -0.155266
v -3.078832 0.017243 -0.126011
v -3.085186 -0.013649 -0.166423
v -3.101165 0.011057 -0.134938
v -3.114599 -0.022029 -0.171718
v -3.124703 0.004352 -0.139176
v -3.144382 -0.030733 -0.170952
v -3.148533 -0.002613 -0.138558
v -3.173390 -0.039428 -0.164148
v -3.171745 -0.009571 -0.133119
v -3.200505 -0.047779 -0.151573
v -3.193442 -0.016254 -0.123055
v -3.224694 -0.055468 -0.133706
v -3.212796 -0.022406 -0.108760
v -3.245023 -0.062198 -0.111238
v -3.229062 -0.027791 -0.090779
v -3.260705 -0.067707 -0.085024
v -3.241612 -0.032201 -0.069806
v -3.271145 -0.071788 -0.056081
v -3.249965 -0.035464 -0.046647
v -3.275938 -0.074283 -0.025520
v -3.253801 -0.037461 -0.022192
v -3.274904 -0.075094 0.005491
v -3.252968 -0.038108 0.002621
v -3.268075 -0.074192 0.035755
v -3.247509 -0.037388 0.026836
v -3.023316 0.038791 -0.051050
v -3.017307 0.032534 -0.052645
v -3.027193 0.030468 -0.075333
v -3.032872 0.036795 -0.072979
v -3.041121 0.027139 -0.095621
v -3.046335 0.033577 -0.092588
v -3.058559 0.022673 -0.112736
v -3.063191 0.029259 -0.109130
v -3.018037 0.039488 -0.027643
v -3.011844 0.033256 -0.028429
v -3.017235 0.038862 -0.003660
v -3.011015 0.032607 -0.003616
v -3.020942 0.036932 0.019979
v -3.014851 0.030612 0.020844
v -3.029016 0.033777 0.042364
v -3.023203 0.027346 0.044002
v -3.041150 0.029514 0.062634
v -3.035754 0.022937 0.064971
v -3.063191 0.029259 -0.109130
v -3.058559 0.022673 -0.112736
v -3.078832 0.017243 -0.126011
v -3.082789 0.024010 -0.121961
v -3.101165 0.011057 -0.134938
v -3.104373 0.018030 -0.130589
v -3.124703 0.004352 -0.139176
v -3.127123 0.011549 -0.134686
v -3.148533 -0.002613 -0.138558
v -3.150157 0.004818 -0.134090
v -3.171745 -0.009571 -0.133119
v -3.172592 -0.001907 -0.128830
v -3.193442 -0.016254 -0.123055
v -3.193564 -0.008366 -0.119103
v -3.212796 -0.022406 -0.108760
v -3.212269 -0.014313 -0.105286
v -3.229062 -0.027791 -0.090779
v -3.227989 -0.019516 -0.087909
v -3.205947 -0.019260 0.083855
v -3.206257 -0.027527 0.086926
v -3.185980 -0.022095 0.100202
v -3.186349 -0.014012 0.096688
v -3.163646 -0.015909 0.109129
v -3.164764 -0.008032 0.105318
v -3.140113 -0.009205 0.113367
v -3.142018 -0.001553 0.109412
v -3.116282 -0.002240 0.112754
v -3.118984 0.005179 0.108819
v -3.093071 0.004718 0.107308
v -3.096550 0.011903 0.103557
v -3.071369 0.011402 0.097247
v -3.075574 0.018364 0.093832
v -3.052016 0.017554 0.082951
v -3.056870 0.024311 0.080014
v -3.035754 0.022937 0.064971
v -3.041150 0.029514 0.062634
v -3.191180 -0.055080 0.127445
v -3.171516 -0.122574 0.125021
v -3.143603 -0.114844 0.136180
v -3.163267 -0.047349 0.138603
v -3.114194 -0.106466 0.141475
v -3.133859 -0.038970 0.143899
v -3.084411 -0.097760 0.140711
v -3.104076 -0.030266 0.143133
v -3.055403 -0.089065 0.133905
v -3.075068 -0.021571 0.136329
v -3.028283 -0.080712 0.121330
v -3.047948 -0.013218 0.123753
v -3.004096 -0.073025 0.103463
v -3.023760 -0.005529 0.105886
v -2.983767 -0.066295 0.080990
v -3.003431 0.001200 0.083412
v -2.501840 -1.720431 0.021603
v -2.522170 -1.727159 0.044076
v -2.546358 -1.734848 0.061943
v -2.573477 -1.743201 0.074517
v -2.602485 -1.751895 0.081323
v -2.632268 -1.760602 0.082090
v -2.661677 -1.768979 0.076793
v -2.689589 -1.776711 0.065636
v -3.196857 -0.129363 0.108434
v -3.216522 -0.061867 0.110857
v -2.714931 -1.783498 0.049048
v -3.144382 -0.030733 -0.170952
v -3.124718 -0.098227 -0.173377
v -3.153726 -0.106923 -0.166572
v -3.173390 -0.039428 -0.164148
v -3.180841 -0.115276 -0.153996
v -3.200505 -0.047779 -0.151573
v -3.205029 -0.122963 -0.136128
v -3.224694 -0.055468 -0.133706
v -3.225359 -0.129693 -0.113661
v -3.245023 -0.062198 -0.111238
v -2.743432 -1.783829 -0.173048
v -2.723103 -1.777100 -0.195516
v -2.698915 -1.769410 -0.213384
v -2.671799 -1.761059 -0.225958
v -2.642791 -1.752363 -0.232761
v -3.094935 -0.089523 -0.174142
v -3.114599 -0.022029 -0.171718
v -3.085186 -0.013649 -0.166423
v -3.065521 -0.081143 -0.168845
v -3.057274 -0.005917 -0.155266
v -3.037610 -0.073413 -0.157688
v -3.031932 0.000870 -0.138677
v -3.012268 -0.066624 -0.141100
v -2.555683 -1.727547 -0.217074
v -2.530341 -1.720761 -0.200487
v -2.583595 -1.735279 -0.228232
v -2.613008 -1.743658 -0.233528
v -3.245023 -0.062198 -0.111238
v -3.225359 -0.129693 -0.113661
v -3.241041 -0.135203 -0.087446
v -3.260705 -0.067707 -0.085024
v -3.251481 -0.139283 -0.058504
v -3.271145 -0.071788 -0.056081
v -3.256274 -0.141778 -0.027944
v -3.275938 -0.074283 -0.025520
v -3.255239 -0.142590 0.003068
v -3.274904 -0.075094 0.005491
v -3.248410 -0.141687 0.033332
v -3.268075 -0.074192 0.035755
v -3.236056 -0.139104 0.061688
v -3.255721 -0.071610 0.064113
v -3.218648 -0.134943 0.087046
v -3.238313 -0.067448 0.089470
v -3.196857 -0.129363 0.108434
v -3.216522 -0.061867 0.110857
v -2.714931 -1.783498 0.049048
v -2.736722 -1.789079 0.027658
v -2.754130 -1.793241 0.002301
v -2.766484 -1.795822 -0.026054
v -2.773314 -1.796725 -0.056320
v -2.774348 -1.795914 -0.087331
v -2.769554 -1.793419 -0.117889
v -2.759115 -1.789340 -0.146834
v -2.743432 -1.783829 -0.173048
v -2.973551 0.014097 -0.033315
v -2.953886 -0.053398 -0.035739
v -2.960716 -0.054300 -0.066002
v -2.980380 0.013194 -0.063580
v -2.973068 -0.056882 -0.094355
v -2.992733 0.010614 -0.091931
v -2.990477 -0.061043 -0.119713
v -3.010141 0.006452 -0.117290
v -3.012268 -0.066624 -0.141100
v -3.031932 0.000870 -0.138677
v -2.530341 -1.720761 -0.200487
v -2.508550 -1.715179 -0.179100
v -2.491142 -1.711017 -0.153742
v -2.478789 -1.708436 -0.125389
v -2.471960 -1.707533 -0.095124
v -2.952852 -0.054210 -0.004727
v -2.972516 0.013285 -0.002305
v -2.977309 0.010792 0.028261
v -2.957644 -0.056703 0.025838
v -2.987748 0.006712 0.057204
v -2.968083 -0.060784 0.054782
v -3.003431 0.001200 0.083412
v -2.983767 -0.066295 0.080990
v -2.486157 -1.714920 -0.004606
v -2.501840 -1.720431 0.021603
v -2.475718 -1.710839 -0.033549
v -2.470926 -1.708346 -0.064115
v -3.121375 0.015403 -0.195355
v -3.125966 0.013015 -0.166100
v -3.124973 0.012238 -0.136415
v -3.118439 0.013102 -0.107448
v -3.106611 0.015574 -0.080306
v -3.089947 0.019556 -0.056029
v -3.069087 0.024901 -0.035562
v -3.111382 0.019308 -0.223060
v -3.096368 0.024584 -0.248147
v -3.121375 0.015403 -0.195355
v -3.124078 0.006611 -0.197018
v -3.128827 0.004139 -0.166751
v -3.125966 0.013015 -0.166100
v -3.127800 0.003337 -0.136039
v -3.124973 0.012238 -0.136415
v -3.121040 0.004230 -0.106071
v -3.118439 0.013102 -0.107448
v -3.108802 0.006787 -0.077986
v -3.106611 0.015574 -0.080306
v -3.091563 0.010908 -0.052875
v -3.089947 0.019556 -0.056029
v -3.069984 0.016436 -0.031698
v -3.069087 0.024901 -0.035562
v -3.111382 0.019308 -0.223060
v -3.113740 0.010652 -0.225684
v -3.096368 0.024584 -0.248147
v -3.098209 0.016108 -0.251641
v -2.843053 0.096748 -0.202531
v -2.854877 0.094279 -0.229674
v -2.871540 0.090295 -0.253944
v -2.892401 0.084952 -0.274412
v -2.836519 0.097612 -0.173559
v -2.835526 0.096836 -0.143878
v -2.840113 0.094450 -0.114622
v -2.850105 0.090543 -0.086915
v -2.865119 0.085268 -0.061827
v -2.892401 0.084952 -0.274412
v -2.916654 0.078456 -0.290294
v -2.943374 0.071054 -0.300972
v -2.971529 0.063033 -0.306046
v -3.000035 0.054702 -0.305309
v -3.027803 0.046378 -0.298800
v -3.053761 0.038383 -0.286757
v -3.076913 0.031025 -0.269657
v -3.096368 0.024584 -0.248147
v -3.069087 0.024901 -0.035562
v -3.044834 0.031396 -0.019681
v -3.018118 0.038796 -0.009001
v -2.989963 0.046816 -0.003933
v -2.961453 0.055149 -0.004668
v -2.933689 0.063472 -0.011180
v -2.907730 0.071467 -0.023215
v -2.884575 0.078828 -0.040318
v -2.865119 0.085268 -0.061827
v -3.108802 0.006787 -0.077986
v -3.133149 -0.031454 -0.059693
v -3.111605 -0.026305 -0.028309
v -3.091563 0.010908 -0.052875
v -3.084630 -0.019395 -0.001844
v -3.069984 0.016436 -0.031698
v -3.053270 -0.010996 0.018688
v -3.044886 0.023157 -0.015266
v -3.018723 -0.001427 0.032500
v -3.017246 0.030814 -0.004217
v -2.982321 0.008944 0.039056
v -2.988119 0.039111 0.001025
v -2.945459 0.019718 0.038105
v -2.958623 0.047732 0.000265
v -2.909555 0.030480 0.029685
v -2.929894 0.056344 -0.006471
v -2.875991 0.040818 0.014121
v -2.903038 0.064616 -0.018923
v -2.846054 0.050335 -0.007996
v -2.879086 0.072229 -0.036615
v -2.820899 0.058661 -0.035804
v -2.858957 0.078892 -0.058871
v -2.801488 0.065480 -0.068247
v -2.843421 0.084351 -0.084827
v -2.788564 0.070533 -0.104066
v -2.833084 0.088392 -0.113490
v -2.782632 0.073619 -0.141899
v -2.828340 0.090861 -0.143761
v -2.783915 0.074623 -0.180275
v -2.829365 0.091664 -0.174468
v -2.792363 0.073506 -0.217734
v -2.836127 0.090771 -0.204441
v -2.807655 0.070311 -0.252829
v -2.848360 0.088214 -0.232522
v -2.829203 0.065159 -0.284213
v -2.865598 0.084094 -0.257637
v -2.856173 0.058252 -0.310678
v -2.887182 0.078565 -0.278813
v -2.887533 0.049854 -0.331216
v -2.912275 0.071844 -0.295241
v -2.922080 0.040283 -0.345023
v -2.939916 0.064188 -0.306291
v -2.958482 0.029913 -0.351580
v -2.969048 0.055889 -0.311538
v -2.995345 0.019140 -0.350632
v -2.998539 0.047269 -0.310778
v -3.031248 0.008377 -0.342209
v -3.027268 0.038657 -0.304041
v -3.064812 -0.001961 -0.326644
v -3.054123 0.030387 -0.291585
v -3.094749 -0.011477 -0.304531
v -3.078075 0.022773 -0.273890
v -3.119904 -0.019803 -0.276717
v -3.098209 0.016108 -0.251641
v -3.139320 -0.026626 -0.244279
v -3.113740 0.010652 -0.225684
v -3.152239 -0.031675 -0.208457
v -3.124078 0.006611 -0.197018
v -3.158172 -0.034762 -0.170628
v -3.128827 0.004139 -0.166751
v -3.156888 -0.035765 -0.132248
v -3.127800 0.003337 -0.136039
v -3.148440 -0.034650 -0.094791
v -3.121040 0.004230 -0.106071
v -2.843053 0.096748 -0.202531
v -2.836127 0.090771 -0.204441
v -2.848360 0.088214 -0.232522
v -2.854877 0.094279 -0.229674
v -2.865598 0.084094 -0.257637
v -2.871540 0.090295 -0.253944
v -2.887182 0.078565 -0.278813
v -2.892401 0.084952 -0.274412
v -2.836519 0.097612 -0.173559
v -2.829365 0.091664 -0.174468
v -2.835526 0.096836 -0.143878
v -2.828340 0.090861 -0.143761
v -2.840113 0.094450 -0.114622
v -2.833084 0.088392 -0.113490
v -2.850105 0.090543 -0.086915
v -2.843421 0.084351 -0.084827
v -2.865119 0.085268 -0.061827
v -2.858957 0.078892 -0.058871
v -2.892401 0.084952 -0.274412
v -2.887182 0.078565 -0.278813
v -2.912275 0.071844 -0.295241
v -2.916654 0.078456 -0.290294
v -2.939916 0.064188 -0.306291
v -2.943374 0.071054 -0.300972
v -2.969048 0.055889 -0.311538
v -2.971529 0.063033 -0.306046
v -2.998539 0.047269 -0.310778
v -3.000035 0.054702 -0.305309
v -3.027268 0.038657 -0.304041
v -3.027803 0.046378 -0.298800
v -3.054123 0.030387 -0.291585
v -3.053761 0.038383 -0.286757
v -3.078075 0.022773 -0.273890
v -3.076913 0.031025 -0.269657
v -3.098209 0.016108 -0.251641
v -3.096368 0.024584 -0.248147
v -3.069087 0.024901 -0.035562
v -3.069984 0.016436 -0.031698
v -3.044886 0.023157 -0.015266
v -3.044834 0.031396 -0.019681
v -3.017246 0.030814 -0.004217
v -3.018118 0.038796 -0.009001
v -2.988119 0.039111 0.001025
v -2.989963 0.046816 -0.003933
v -2.958623 0.047732 0.000265
v -2.961453 0.055149 -0.004668
v -2.929894 0.056344 -0.006471
v -2.933689 0.063472 -0.011180
v -2.903038 0.064616 -0.018923
v -2.907730 0.071467 -0.023215
v -2.879086 0.072229 -0.036615
v -2.884575 0.078828 -0.040318
v -2.858957 0.078892 -0.058871
v -2.865119 0.085268 -0.061827
v -3.053270 -0.010996 0.018688
v -3.033606 -0.078492 0.016264
v -2.999059 -0.068922 0.030078
v -3.018723 -0.001427 0.032500
v -2.962656 -0.058551 0.036633
v -2.982321 0.008944 0.039056
v -2.925794 -0.047778 0.035681
v -2.945459 0.019718 0.038105
v -2.889890 -0.037014 0.027262
v -2.909555 0.030480 0.029685
v -2.856327 -0.026678 0.011697
v -2.875991 0.040818 0.014121
v -2.826391 -0.017162 -0.010420
v -2.846054 0.050335 -0.007996
v -2.801234 -0.008835 -0.038228
v -2.820899 0.058661 -0.035804
v -2.319308 -1.662970 -0.097615
v -2.344464 -1.671298 -0.069805
v -2.374401 -1.680814 -0.047689
v -2.407964 -1.691150 -0.032125
v -2.443868 -1.701913 -0.023705
v -2.480730 -1.712688 -0.022754
v -2.517133 -1.723057 -0.029309
v -2.551680 -1.732626 -0.043122
v -3.064965 -0.086891 -0.004268
v -3.084630 -0.019395 -0.001844
v -2.583039 -1.741027 -0.063653
v -2.995345 0.019140 -0.350632
v -2.975681 -0.048355 -0.353054
v -3.011584 -0.059118 -0.344632
v -3.031248 0.008377 -0.342209
v -3.045147 -0.069457 -0.329066
v -3.064812 -0.001961 -0.326644
v -3.075085 -0.078972 -0.306956
v -3.094749 -0.011477 -0.304531
v -3.100240 -0.087299 -0.279142
v -3.119904 -0.019803 -0.276717
v -2.618313 -1.741436 -0.338528
v -2.593158 -1.733108 -0.366343
v -2.563221 -1.723592 -0.388453
v -2.529657 -1.713255 -0.404018
v -2.493754 -1.702491 -0.412441
v -2.938818 -0.037581 -0.354002
v -2.958482 0.029913 -0.351580
v -2.922080 0.040283 -0.345023
v -2.902416 -0.027212 -0.347445
v -2.887533 0.049854 -0.331216
v -2.867869 -0.017641 -0.333639
v -2.856173 0.058252 -0.310678
v -2.836509 -0.009243 -0.313103
v -2.385942 -1.671777 -0.393025
v -2.354583 -1.663379 -0.372490
v -2.420489 -1.681346 -0.406833
v -2.456892 -1.691717 -0.413388
v -3.119904 -0.019803 -0.276717
v -3.100240 -0.087299 -0.279142
v -3.119656 -0.094121 -0.246703
v -3.139320 -0.026626 -0.244279
v -3.132575 -0.099170 -0.210880
v -3.152239 -0.031675 -0.208457
v -3.138507 -0.102258 -0.173052
v -3.158172 -0.034762 -0.170628
v -3.137224 -0.103260 -0.134671
v -3.156888 -0.035765 -0.132248
v -3.128776 -0.102145 -0.097216
v -3.148440 -0.034650 -0.094791
v -3.113484 -0.098949 -0.062118
v -3.133149 -0.031454 -0.059693
v -3.091940 -0.093800 -0.030732
v -3.111605 -0.026305 -0.028309
v -3.064965 -0.086891 -0.004268
v -3.084630 -0.019395 -0.001844
v -2.583039 -1.741027 -0.063653
v -2.610014 -1.747935 -0.090119
v -2.631558 -1.753083 -0.121505
v -2.646849 -1.756278 -0.156602
v -2.655298 -1.757398 -0.194058
v -2.656582 -1.756392 -0.232439
v -2.650648 -1.753305 -0.270267
v -2.637730 -1.748256 -0.306089
v -2.618313 -1.741436 -0.338528
v -2.783915 0.074623 -0.180275
v -2.764251 0.007128 -0.182699
v -2.772699 0.006011 -0.220158
v -2.792363 0.073506 -0.217734
v -2.787990 0.002816 -0.255252
v -2.807655 0.070311 -0.252829
v -2.809538 -0.002336 -0.286636
v -2.829203 0.065159 -0.284213
v -2.836509 -0.009243 -0.313103
v -2.856173 0.058252 -0.310678
v -2.354583 -1.663379 -0.372490
v -2.327612 -1.656471 -0.346025
v -2.306064 -1.651319 -0.314639
v -2.290773 -1.648124 -0.279544
v -2.282324 -1.647009 -0.242085
v -2.762967 0.006125 -0.144322
v -2.782632 0.073619 -0.141899
v -2.788564 0.070533 -0.104066
v -2.768899 0.003037 -0.106490
v -2.801488 0.065480 -0.068247
v -2.781823 -0.002015 -0.070670
v -2.820899 0.058661 -0.035804
v -2.801234 -0.008835 -0.038228
v -2.299897 -1.656150 -0.130057
v -2.319308 -1.662970 -0.097615
v -2.286973 -1.651098 -0.165875
v -2.281041 -1.648011 -0.203708
v -3.277622 -0.018640 -0.515113
v -3.286164 -0.023083 -0.460656
v -3.284314 -0.024527 -0.405400
v -3.272153 -0.022920 -0.351477
v -3.250139 -0.018321 -0.300950
v -3.219121 -0.010905 -0.255768
v -3.180290 -0.000961 -0.217664
v -3.259020 -0.011367 -0.566686
v -3.231073 -0.001549 -0.613386
v -3.277622 -0.018640 -0.515113
v -3.284512 -0.028609 -0.517979
v -3.293353 -0.033207 -0.461637
v -3.286164 -0.023083 -0.460656
v -3.291438 -0.034702 -0.404470
v -3.284314 -0.024527 -0.405400
v -3.278857 -0.033040 -0.348679
v -3.272153 -0.022920 -0.351477
v -3.256078 -0.028280 -0.296409
v -3.250139 -0.018321 -0.300950
v -3.223989 -0.020609 -0.249661
v -3.219121 -0.010905 -0.255768
v -3.183813 -0.010319 -0.210240
v -3.180290 -0.000961 -0.217664
v -3.137104 0.002192 -0.179657
v -3.135140 0.011132 -0.188105
v -3.085648 0.016445 -0.159086
v -3.085407 0.024908 -0.168221
v -3.031430 0.031890 -0.149323
v -3.032997 0.039839 -0.158785
v -2.976526 0.047937 -0.150743
v -2.979932 0.055349 -0.160154
v -2.923051 0.063967 -0.163279
v -2.928242 0.070842 -0.172275
v -2.873056 0.079365 -0.186462
v -2.879924 0.085724 -0.194682
v -2.828472 0.093537 -0.219398
v -2.836828 0.099424 -0.226518
v -2.790998 0.105943 -0.260822
v -2.800609 0.111413 -0.266556
v -2.762086 0.116101 -0.309142
v -2.772662 0.121232 -0.313258
v -2.742839 0.123624 -0.362498
v -2.754059 0.128503 -0.364830
v -2.734002 0.128221 -0.418839
v -2.745519 0.132947 -0.419291
v -2.735917 0.129715 -0.476005
v -2.747368 0.134391 -0.474542
v -3.259020 -0.011367 -0.566686
v -3.265270 -0.021087 -0.571334
v -3.231073 -0.001549 -0.613386
v -3.236353 -0.010927 -0.619655
v -3.194855 0.010440 -0.653425
v -3.198884 0.001476 -0.661077
v -3.151758 0.024140 -0.685262
v -3.154295 0.015650 -0.694014
v -3.103436 0.039022 -0.707669
v -3.104305 0.031046 -0.717198
v -3.051750 0.054516 -0.719789
v -3.050829 0.047076 -0.729739
v -2.998681 0.070027 -0.721159
v -2.995925 0.063123 -0.731153
v -2.946275 0.084956 -0.711721
v -2.941703 0.078570 -0.721390
v -2.896542 0.098731 -0.691839
v -2.890252 0.092821 -0.700820
v -2.851392 0.110825 -0.662279
v -2.843538 0.105335 -0.670238
v -2.812562 0.120770 -0.624175
v -2.803366 0.115624 -0.630815
v -2.781543 0.128185 -0.578994
v -2.771274 0.123295 -0.584068
v -2.759530 0.132784 -0.528471
v -2.748498 0.128053 -0.531797
v -2.747368 0.134391 -0.474542
v -2.735917 0.129715 -0.476005
v -2.759530 0.132784 -0.528471
v -2.781543 0.128185 -0.578994
v -2.812562 0.120770 -0.624175
v -2.851392 0.110825 -0.662279
v -2.747368 0.134391 -0.474542
v -2.800609 0.111413 -0.266556
v -2.772662 0.121232 -0.313258
v -2.754059 0.128503 -0.364830
v -2.745519 0.132947 -0.419291
v -2.747368 0.134391 -0.474542
v -2.851392 0.110825 -0.662279
v -2.896542 0.098731 -0.691839
v -2.946275 0.084956 -0.711721
v -2.998681 0.070027 -0.721159
v -3.051750 0.054516 -0.719789
v -3.103436 0.039022 -0.707669
v -3.151758 0.024140 -0.685262
v -3.194855 0.010440 -0.653425
v -3.231073 -0.001549 -0.613386
v -3.180290 -0.000961 -0.217664
v -3.135140 0.011132 -0.188105
v -3.085407 0.024908 -0.168221
v -3.032997 0.039839 -0.158785
v -2.979932 0.055349 -0.160154
v -2.928242 0.070842 -0.172275
v -2.879924 0.085724 -0.194682
v -2.836828 0.099424 -0.226518
v -2.800609 0.111413 -0.266556
v -3.256078 -0.028280 -0.296409
v -3.308444 -0.075280 -0.261493
v -3.268338 -0.065693 -0.203070
v -3.223989 -0.020609 -0.249661
v -3.218132 -0.052835 -0.153803
v -3.183813 -0.010319 -0.210240
v -3.159754 -0.037199 -0.115581
v -3.137104 0.002192 -0.179657
v -3.095446 -0.019386 -0.089872
v -3.085648 0.016445 -0.159086
v -3.027685 -0.000083 -0.077671
v -3.031430 0.031890 -0.149323
v -2.959068 0.019972 -0.079440
v -2.976526 0.047937 -0.150743
v -2.892236 0.040007 -0.095113
v -2.923051 0.063967 -0.163279
v -2.829756 0.059249 -0.124088
v -2.873056 0.079365 -0.186462
v -2.774033 0.076963 -0.165251
v -2.828472 0.093537 -0.219398
v -2.727204 0.092464 -0.217019
v -2.790998 0.105943 -0.260822
v -2.691068 0.105160 -0.277405
v -2.762086 0.116101 -0.309142
v -2.667014 0.114563 -0.344090
v -2.742839 0.123624 -0.362498
v -2.655972 0.120308 -0.414502
v -2.734002 0.128221 -0.418839
v -2.658360 0.122178 -0.485947
v -2.735917 0.129715 -0.476005
v -3.278857 -0.033040 -0.348679
v -3.336910 -0.081229 -0.326818
v -3.291438 -0.034702 -0.404470
v -3.352638 -0.083309 -0.396545
v -3.293353 -0.033207 -0.461637
v -3.355026 -0.081439 -0.467990
v -3.284512 -0.028609 -0.517979
v -3.343979 -0.075692 -0.538404
v -3.265270 -0.021087 -0.571334
v -3.319930 -0.066291 -0.605088
v -3.236353 -0.010927 -0.619655
v -3.283794 -0.053595 -0.665472
v -3.198884 0.001476 -0.661077
v -3.236966 -0.038094 -0.717242
v -3.154295 0.015650 -0.694014
v -3.181238 -0.020380 -0.758406
v -3.104305 0.031046 -0.717198
v -3.118762 -0.001138 -0.787379
v -3.050829 0.047076 -0.729739
v -3.051929 0.018896 -0.803052
v -2.995925 0.063123 -0.731153
v -2.983314 0.038952 -0.804820
v -2.941703 0.078570 -0.721390
v -2.915549 0.058256 -0.792621
v -2.890252 0.092821 -0.700820
v -2.851243 0.076068 -0.766912
v -2.843538 0.105335 -0.670238
v -2.792866 0.091704 -0.728690
v -2.803366 0.115624 -0.630815
v -2.742659 0.104563 -0.679422
v -2.771274 0.123295 -0.584068
v -2.702550 0.114151 -0.621000
v -2.748498 0.128053 -0.531797
v -2.674088 0.120099 -0.555674
v -2.735917 0.129715 -0.476005
v -2.658360 0.122178 -0.485947
v -3.159754 -0.037199 -0.115581
v -3.140090 -0.104694 -0.118003
v -3.075781 -0.086881 -0.092295
v -3.095446 -0.019386 -0.089872
v -3.008020 -0.067578 -0.080093
v -3.027685 -0.000083 -0.077671
v -2.939404 -0.047521 -0.081862
v -2.959068 0.019972 -0.079440
v -2.872572 -0.027489 -0.097536
v -2.892236 0.040007 -0.095113
v -2.810092 -0.008246 -0.126513
v -2.829756 0.059249 -0.124088
v -2.754368 0.009467 -0.167673
v -2.774033 0.076963 -0.165251
v -2.707540 0.024969 -0.219441
v -2.727204 0.092464 -0.217019
v -2.225613 -1.629164 -0.278829
v -2.272442 -1.644668 -0.227059
v -2.328166 -1.662380 -0.185899
v -2.390646 -1.681623 -0.156922
v -2.457477 -1.701658 -0.141250
v -2.526094 -1.721713 -0.139480
v -2.593854 -1.741017 -0.151682
v -2.658164 -1.758831 -0.177391
v -3.198467 -0.120329 -0.156225
v -3.218132 -0.052835 -0.153803
v -2.716541 -1.774464 -0.215612
v -3.051929 0.018896 -0.803052
v -3.032265 -0.048598 -0.805476
v -3.099098 -0.068633 -0.789802
v -3.118762 -0.001138 -0.787379
v -3.161574 -0.087875 -0.760831
v -3.181238 -0.020380 -0.758406
v -3.217301 -0.105588 -0.719666
v -3.236966 -0.038094 -0.717242
v -3.264130 -0.121090 -0.667896
v -3.283794 -0.053595 -0.665472
v -2.782203 -1.775225 -0.727283
v -2.735375 -1.759725 -0.779053
v -2.679647 -1.742009 -0.820216
v -2.617171 -1.722768 -0.849188
v -2.550338 -1.702735 -0.864861
v -2.963649 -0.028544 -0.807244
v -2.983314 0.038952 -0.804820
v -2.915549 0.058256 -0.792621
v -2.895884 -0.009240 -0.795044
v -2.851243 0.076068 -0.766912
v -2.831580 0.008573 -0.769334
v -2.792866 0.091704 -0.728690
v -2.773202 0.024209 -0.731112
v -2.349654 -1.645563 -0.828720
v -2.291276 -1.629925 -0.790500
v -2.413958 -1.663374 -0.854429
v -2.481722 -1.682678 -0.866631
v -3.283794 -0.053595 -0.665472
v -3.264130 -0.121090 -0.667896
v -3.300265 -0.133786 -0.607511
v -3.319930 -0.066291 -0.605088
v -3.324315 -0.143187 -0.540827
v -3.343979 -0.075692 -0.538404
v -3.335361 -0.148934 -0.470412
v -3.355026 -0.081439 -0.467990
v -3.332974 -0.150803 -0.398968
v -3.352638 -0.083309 -0.396545
v -3.317245 -0.148725 -0.329241
v -3.336910 -0.081229 -0.326818
v -3.288778 -0.142776 -0.263916
v -3.308444 -0.075280 -0.261493
v -3.248674 -0.133189 -0.205493
v -3.268338 -0.065693 -0.203070
v -3.198467 -0.120329 -0.156225
v -3.218132 -0.052835 -0.153803
v -2.716541 -1.774464 -0.215612
v -2.766748 -1.787325 -0.264879
v -2.806853 -1.796911 -0.323301
v -2.835319 -1.802859 -0.388629
v -2.851047 -1.804938 -0.458355
v -2.853436 -1.803069 -0.529799
v -2.842389 -1.797323 -0.600214
v -2.818338 -1.787922 -0.666898
v -2.782203 -1.775225 -0.727283
v -2.658360 0.122178 -0.485947
v -2.638696 0.054683 -0.488370
v -2.654424 0.052602 -0.558098
v -2.674088 0.120099 -0.555674
v -2.682886 0.046656 -0.623424
v -2.702550 0.114151 -0.621000
v -2.722994 0.037067 -0.681847
v -2.742659 0.104563 -0.679422
v -2.773202 0.024209 -0.731112
v -2.792866 0.091704 -0.728690
v -2.291276 -1.629925 -0.790500
v -2.241068 -1.617068 -0.741233
v -2.200959 -1.607482 -0.682811
v -2.172498 -1.601533 -0.617483
v -2.156769 -1.599455 -0.547756
v -2.727204 0.092464 -0.217019
v -2.707540 0.024969 -0.219441
v -2.671404 0.037665 -0.279827
v -2.691068 0.105160 -0.277405
v -2.647350 0.047068 -0.346511
v -2.667014 0.114563 -0.344090
v -2.636308 0.052813 -0.416926
v -2.655972 0.120308 -0.414502
v -2.638696 0.054683 -0.488370
v -2.658360 0.122178 -0.485947
v -2.156769 -1.599455 -0.547756
v -2.154381 -1.601322 -0.476313
v -2.165424 -1.607070 -0.405899
v -2.189477 -1.616471 -0.339214
v -2.225613 -1.629164 -0.278829
v -3.813987 -0.170661 -0.633348
v -3.821556 -0.174600 -0.585085
v -3.819919 -0.175882 -0.536115
v -3.809139 -0.174456 -0.488327
v -3.789629 -0.170379 -0.443544
v -3.762139 -0.163808 -0.403505
v -3.727726 -0.154994 -0.369736
v -3.797500 -0.164217 -0.679054
v -3.772732 -0.155515 -0.720442
v -3.813987 -0.170661 -0.633348
v -3.819850 -0.180343 -0.635920
v -3.827682 -0.184417 -0.585985
v -3.821556 -0.174600 -0.585085
v -3.825987 -0.185743 -0.535321
v -3.819919 -0.175882 -0.536115
v -3.814835 -0.184269 -0.485878
v -3.809139 -0.174456 -0.488327
v -3.794651 -0.180051 -0.439553
v -3.789629 -0.170379 -0.443544
v -3.766207 -0.173252 -0.398126
v -3.762139 -0.163808 -0.403505
v -3.730603 -0.164134 -0.363186
v -3.727726 -0.154994 -0.369736
v -3.689208 -0.153046 -0.336082
v -3.687715 -0.144278 -0.343537
v -3.643608 -0.140415 -0.317854
v -3.643638 -0.132068 -0.325921
v -3.595555 -0.126726 -0.309201
v -3.597192 -0.118838 -0.317556
v -3.546896 -0.112503 -0.310457
v -3.550160 -0.105091 -0.318769
v -3.499507 -0.098298 -0.321570
v -3.504352 -0.091359 -0.329512
v -3.455197 -0.084651 -0.342117
v -3.461529 -0.078169 -0.349371
v -3.415686 -0.072091 -0.371305
v -3.423337 -0.066030 -0.377583
v -3.382475 -0.061097 -0.408015
v -3.391237 -0.055404 -0.413065
v -3.356851 -0.052094 -0.450838
v -3.366469 -0.046702 -0.454456
v -3.339796 -0.045428 -0.498124
v -3.349986 -0.040259 -0.500163
v -3.331964 -0.041354 -0.548058
v -3.342412 -0.036320 -0.548427
v -3.333660 -0.040029 -0.598718
v -3.344053 -0.035040 -0.597392
v -3.344812 -0.041503 -0.648164
v -3.354829 -0.036464 -0.645185
v -3.364997 -0.045720 -0.694491
v -3.374343 -0.040541 -0.689961
v -3.393435 -0.052519 -0.735919
v -3.401830 -0.047112 -0.730005
v -3.429039 -0.061636 -0.770858
v -3.436243 -0.055926 -0.763770
v -3.470438 -0.072725 -0.797961
v -3.476258 -0.066643 -0.789968
v -3.516038 -0.085357 -0.816189
v -3.520332 -0.078851 -0.807590
v -3.564091 -0.099046 -0.824842
v -3.566778 -0.092082 -0.815953
v -3.612746 -0.113266 -0.823586
v -3.613808 -0.105829 -0.814741
v -3.660140 -0.127474 -0.812474
v -3.659617 -0.119561 -0.803999
v -3.704445 -0.141120 -0.791927
v -3.702441 -0.132750 -0.784141
v -3.743961 -0.153681 -0.762739
v -3.740635 -0.144891 -0.755924
v -3.777168 -0.164674 -0.726027
v -3.772732 -0.155515 -0.720442
v -3.802791 -0.173675 -0.683206
v -3.797500 -0.164217 -0.679054
v -3.354829 -0.036464 -0.645185
v -3.374343 -0.040541 -0.689961
v -3.401830 -0.047112 -0.730005
v -3.436243 -0.055926 -0.763770
v -3.344053 -0.035040 -0.597392
v -3.342412 -0.036320 -0.548427
v -3.349986 -0.040259 -0.500163
v -3.366469 -0.046702 -0.454456
v -3.391237 -0.055404 -0.413065
v -3.436243 -0.055926 -0.763770
v -3.476258 -0.066643 -0.789968
v -3.520332 -0.078851 -0.807590
v -3.566778 -0.092082 -0.815953
v -3.613808 -0.105829 -0.814741
v -3.659617 -0.119561 -0.803999
v -3.702441 -0.132750 -0.784141
v -3.740635 -0.144891 -0.755924
v -3.772732 -0.155515 -0.720442
v -3.727726 -0.154994 -0.369736
v -3.687715 -0.144278 -0.343537
v -3.643638 -0.132068 -0.325921
v -3.597192 -0.118838 -0.317556
v -3.550160 -0.105091 -0.318769
v -3.504352 -0.091359 -0.329512
v -3.461529 -0.078169 -0.349371
v -3.423337 -0.066030 -0.377583
v -3.391237 -0.055404 -0.413065
v -3.794651 -0.180051 -0.439553
v -3.840128 -0.224900 -0.408723
v -3.804583 -0.216402 -0.356949
v -3.766207 -0.173252 -0.398126
v -3.760086 -0.205006 -0.313283
v -3.730603 -0.164134 -0.363186
v -3.708350 -0.191148 -0.279408
v -3.689208 -0.153046 -0.336082
v -3.651361 -0.175362 -0.256630
v -3.643608 -0.140415 -0.317854
v -3.591301 -0.158253 -0.245812
v -3.595555 -0.126726 -0.309201
v -3.530493 -0.140480 -0.247381
v -3.546896 -0.112503 -0.310457
v -3.471266 -0.122727 -0.261269
v -3.499507 -0.098298 -0.321570
v -3.415891 -0.105671 -0.286951
v -3.455197 -0.084651 -0.342117
v -3.366507 -0.089974 -0.323429
v -3.415686 -0.072091 -0.371305
v -3.325006 -0.076234 -0.369308
v -3.382475 -0.061097 -0.408015
v -3.292980 -0.064984 -0.422828
v -3.356851 -0.052094 -0.450838
v -3.271663 -0.056650 -0.481924
v -3.339796 -0.045428 -0.498124
v -3.261876 -0.051559 -0.544330
v -3.331964 -0.041354 -0.548058
v -3.263995 -0.049903 -0.607644
v -3.333660 -0.040029 -0.598718
v -3.277931 -0.051745 -0.669440
v -3.344812 -0.041503 -0.648164
v -3.303161 -0.057018 -0.727336
v -3.364997 -0.045720 -0.694491
v -3.338702 -0.065513 -0.779110
v -3.393435 -0.052519 -0.735919
v -3.383199 -0.076909 -0.822772
v -3.429039 -0.061636 -0.770858
v -3.434934 -0.090766 -0.856647
v -3.470438 -0.072725 -0.797961
v -3.491928 -0.106553 -0.879430
v -3.516038 -0.085357 -0.816189
v -3.551982 -0.123661 -0.890243
v -3.564091 -0.099046 -0.824842
v -3.612791 -0.141434 -0.888679
v -3.612746 -0.113266 -0.823586
v -3.672018 -0.159188 -0.874787
v -3.660140 -0.127474 -0.812474
v -3.727394 -0.176243 -0.849109
v -3.704445 -0.141120 -0.791927
v -3.776778 -0.191941 -0.812627
v -3.743961 -0.153681 -0.762739
v -3.818278 -0.205680 -0.766746
v -3.777168 -0.164674 -0.726027
v -3.850305 -0.216932 -0.713231
v -3.802791 -0.173675 -0.683206
v -3.871622 -0.225264 -0.654136
v -3.819850 -0.180343 -0.635920
v -3.881409 -0.230355 -0.591730
v -3.827682 -0.184417 -0.585985
v -3.879294 -0.232013 -0.528412
v -3.825987 -0.185743 -0.535321
v -3.865354 -0.230169 -0.466619
v -3.814835 -0.184269 -0.485878
v -3.708350 -0.191148 -0.279408
v -3.688686 -0.258643 -0.281832
v -3.631696 -0.242858 -0.259052
v -3.651361 -0.175362 -0.256630
v -3.571637 -0.225748 -0.248236
v -3.591301 -0.158253 -0.245812
v -3.510829 -0.207977 -0.249805
v -3.530493 -0.140480 -0.247381
v -3.451602 -0.190221 -0.263693
v -3.471266 -0.122727 -0.261269
v -3.396227 -0.173166 -0.289375
v -3.415891 -0.105671 -0.286951
v -3.346842 -0.157470 -0.325851
v -3.366507 -0.089974 -0.323429
v -3.305341 -0.143730 -0.371733
v -3.325006 -0.076234 -0.369308
v -2.823415 -1.797865 -0.431118
v -2.864916 -1.811603 -0.385238
v -2.914301 -1.827302 -0.348761
v -2.969676 -1.844357 -0.323079
v -3.028903 -1.862113 -0.309192
v -3.089711 -1.879883 -0.307621
v -3.149770 -1.896994 -0.318440
v -3.206759 -1.912780 -0.341219
v -3.740421 -0.272501 -0.315706
v -3.760086 -0.205006 -0.313283
v -3.258495 -1.926636 -0.375093
v -3.612791 -0.141434 -0.888679
v -3.593127 -0.208929 -0.891101
v -3.652353 -0.226684 -0.877211
v -3.672018 -0.159188 -0.874787
v -3.707729 -0.243738 -0.851531
v -3.727394 -0.176243 -0.849109
v -3.757113 -0.259436 -0.815049
v -3.776778 -0.191941 -0.812627
v -3.798614 -0.273174 -0.769169
v -3.818278 -0.205680 -0.766746
v -3.316688 -1.927311 -0.828555
v -3.275187 -1.913573 -0.874437
v -3.225803 -1.897873 -0.910918
v -3.170427 -1.880819 -0.936596
v -3.111200 -1.863067 -0.950488
v -3.532318 -0.191157 -0.892667
v -3.551982 -0.123661 -0.890243
v -3.491928 -0.106553 -0.879430
v -3.472264 -0.174048 -0.881852
v -3.434934 -0.090766 -0.856647
v -3.415270 -0.158262 -0.859070
v -3.383199 -0.076909 -0.822772
v -3.363534 -0.144404 -0.825195
v -2.933344 -1.812395 -0.918456
v -2.881607 -1.798540 -0.884582
v -2.990337 -1.828182 -0.941239
v -3.050392 -1.845293 -0.952053
v -3.818278 -0.205680 -0.766746
v -3.798614 -0.273174 -0.769169
v -3.830640 -0.284427 -0.715654
v -3.850305 -0.216932 -0.713231
v -3.851957 -0.292760 -0.656559
v -3.871622 -0.225264 -0.654136
v -3.861744 -0.297850 -0.594153
v -3.881409 -0.230355 -0.591730
v -3.859630 -0.299507 -0.530835
v -3.879294 -0.232013 -0.528412
v -3.845688 -0.297664 -0.469043
v -3.865354 -0.230169 -0.466619
v -3.820463 -0.292395 -0.411145
v -3.840128 -0.224900 -0.408723
v -3.784919 -0.283897 -0.359372
v -3.804583 -0.216402 -0.356949
v -3.740421 -0.272501 -0.315706
v -3.760086 -0.205006 -0.313283
v -3.258495 -1.926636 -0.375093
v -3.302992 -1.938032 -0.418757
v -3.338537 -1.946529 -0.470531
v -3.363762 -1.951800 -0.528428
v -3.377703 -1.953643 -0.590221
v -3.379818 -1.951987 -0.653541
v -3.370031 -1.946895 -0.715946
v -3.348714 -1.938563 -0.775042
v -3.316688 -1.927311 -0.828555
v -3.263995 -0.049903 -0.607644
v -3.244331 -0.117398 -0.610066
v -3.258267 -0.119240 -0.671864
v -3.277931 -0.051745 -0.669440
v -3.283497 -0.124513 -0.729759
v -3.303161 -0.057018 -0.727336
v -3.319038 -0.133008 -0.781533
v -3.338702 -0.065513 -0.779110
v -3.363534 -0.144404 -0.825195
v -3.383199 -0.076909 -0.822772
v -2.881607 -1.798540 -0.884582
v -2.837111 -1.787143 -0.840920
v -2.801571 -1.778647 -0.789146
v -2.776341 -1.773375 -0.731252
v -2.762404 -1.771533 -0.669453
v -3.242212 -0.119054 -0.546752
v -3.261876 -0.051559 -0.544330
v -3.271663 -0.056650 -0.481924
v -3.251998 -0.124146 -0.484346
v -3.292980 -0.064984 -0.422828
v -3.273316 -0.132479 -0.425252
v -3.325006 -0.076234 -0.369308
v -3.305341 -0.143730 -0.371733
v -2.791389 -1.786613 -0.484637
v -2.823415 -1.797865 -0.431118
v -2.770073 -1.778280 -0.543734
v -2.760286 -1.773188 -0.606138
v -3.769113 -0.170142 -0.283669
v -3.776682 -0.174080 -0.235406
v -3.775045 -0.175362 -0.186437
v -3.764264 -0.173937 -0.138643
v -3.744756 -0.169859 -0.093866
v -3.717264 -0.163287 -0.053827
v -3.682852 -0.154474 -0.020057
v -3.752625 -0.163697 -0.329370
v -3.727858 -0.154995 -0.370764
v -3.769113 -0.170142 -0.283669
v -3.774976 -0.179823 -0.286242
v -3.782808 -0.183898 -0.236306
v -3.776682 -0.174080 -0.235406
v -3.781113 -0.185224 -0.185642
v -3.775045 -0.175362 -0.186437
v -3.769961 -0.183749 -0.136200
v -3.764264 -0.173937 -0.138643
v -3.749776 -0.179531 -0.089875
v -3.744756 -0.169859 -0.093866
v -3.721333 -0.172732 -0.048447
v -3.717264 -0.163287 -0.053827
v -3.685730 -0.163614 -0.013508
v -3.682852 -0.154474 -0.020057
v -3.644334 -0.152527 0.013597
v -3.642840 -0.143758 0.006142
v -3.598734 -0.139895 0.031824
v -3.598763 -0.131549 0.023758
v -3.550681 -0.126206 0.040477
v -3.552317 -0.118318 0.032122
v -3.502021 -0.111983 0.039226
v -3.505286 -0.104571 0.030910
v -3.454632 -0.097778 0.028109
v -3.459478 -0.090839 0.020166
v -3.410322 -0.084131 0.007562
v -3.416653 -0.077650 0.000308
v -3.370811 -0.071571 -0.021626
v -3.378462 -0.065510 -0.027903
v -3.337601 -0.060577 -0.058335
v -3.346363 -0.054885 -0.063386
v -3.311976 -0.051574 -0.101161
v -3.321595 -0.046182 -0.104777
v -3.294922 -0.044909 -0.148446
v -3.305112 -0.039739 -0.150483
v -3.287090 -0.040835 -0.198379
v -3.297538 -0.035800 -0.198749
v -3.288785 -0.039509 -0.249040
v -3.299179 -0.034520 -0.247713
v -3.299937 -0.040983 -0.298486
v -3.309955 -0.035944 -0.295506
v -3.320122 -0.045200 -0.344812
v -3.329468 -0.040021 -0.340282
v -3.348561 -0.051999 -0.386239
v -3.356956 -0.046592 -0.380322
v -3.384164 -0.061117 -0.421175
v -3.391369 -0.055406 -0.414092
v -3.425564 -0.072206 -0.448277
v -3.431384 -0.066123 -0.440290
v -3.471164 -0.084837 -0.466509
v -3.475457 -0.078331 -0.457911
v -3.519217 -0.098526 -0.475163
v -3.521903 -0.091562 -0.466274
v -3.567871 -0.112747 -0.473908
v -3.568934 -0.105309 -0.465062
v -3.615266 -0.126954 -0.462796
v -3.614742 -0.119041 -0.454320
v -3.659572 -0.140600 -0.442249
v -3.657566 -0.132230 -0.434463
v -3.699086 -0.153161 -0.413057
v -3.695762 -0.144371 -0.406245
v -3.732292 -0.164153 -0.376346
v -3.727858 -0.154995 -0.370764
v -3.757917 -0.173156 -0.333528
v -3.752625 -0.163697 -0.329370
v -3.309955 -0.035944 -0.295506
v -3.329468 -0.040021 -0.340282
v -3.356956 -0.046592 -0.380322
v -3.391369 -0.055406 -0.414092
v -3.299179 -0.034520 -0.247713
v -3.297538 -0.035800 -0.198749
v -3.305112 -0.039739 -0.150483
v -3.321595 -0.046182 -0.104777
v -3.346363 -0.054885 -0.063386
v -3.391369 -0.055406 -0.414092
v -3.431384 -0.066123 -0.440290
v -3.475457 -0.078331 -0.457911
v -3.521903 -0.091562 -0.466274
v -3.568934 -0.105309 -0.465062
v -3.614742 -0.119041 -0.454320
v -3.657566 -0.132230 -0.434463
v -3.695762 -0.144371 -0.406245
v -3.727858 -0.154995 -0.370764
v -3.682852 -0.154474 -0.020057
v -3.642840 -0.143758 0.006142
v -3.598763 -0.131549 0.023758
v -3.552317 -0.118318 0.032122
v -3.505286 -0.104571 0.030910
v -3.459478 -0.090839 0.020166
v -3.416653 -0.077650 0.000308
v -3.378462 -0.065510 -0.027903
v -3.346363 -0.054885 -0.063386
v -3.749776 -0.179531 -0.089875
v -3.795253 -0.224380 -0.059043
v -3.759708 -0.215882 -0.007266
v -3.721333 -0.172732 -0.048447
v -3.715211 -0.204486 0.036396
v -3.685730 -0.163614 -0.013508
v -3.663475 -0.190628 0.070271
v -3.644334 -0.152527 0.013597
v -3.606486 -0.174843 0.093052
v -3.598734 -0.139895 0.031824
v -3.546427 -0.157733 0.103867
v -3.550681 -0.126206 0.040477
v -3.485619 -0.139961 0.102298
v -3.502021 -0.111983 0.039226
v -3.426392 -0.122207 0.088410
v -3.454632 -0.097778 0.028109
v -3.371017 -0.105151 0.062729
v -3.410322 -0.084131 0.007562
v -3.321632 -0.089454 0.026250
v -3.370811 -0.071571 -0.021626
v -3.280132 -0.075715 -0.019629
v -3.337601 -0.060577 -0.058335
v -3.248106 -0.064464 -0.073145
v -3.311976 -0.051574 -0.101161
v -3.226789 -0.056131 -0.132245
v -3.294922 -0.044909 -0.148446
v -3.217001 -0.051039 -0.194651
v -3.287090 -0.040835 -0.198379
v -3.219121 -0.049383 -0.257965
v -3.288785 -0.039509 -0.249040
v -3.233057 -0.051225 -0.319762
v -3.299937 -0.040983 -0.298486
v -3.258287 -0.056498 -0.377658
v -3.320122 -0.045200 -0.344812
v -3.293828 -0.064993 -0.429432
v -3.348561 -0.051999 -0.386239
v -3.338325 -0.076389 -0.473092
v -3.384164 -0.061117 -0.421175
v -3.390060 -0.090246 -0.506968
v -3.425564 -0.072206 -0.448277
v -3.447054 -0.106033 -0.529750
v -3.471164 -0.084837 -0.466509
v -3.507108 -0.123142 -0.540565
v -3.519217 -0.098526 -0.475163
v -3.567917 -0.140914 -0.538999
v -3.567871 -0.112747 -0.473908
v -3.627144 -0.158668 -0.525108
v -3.615266 -0.126954 -0.462796
v -3.682519 -0.175723 -0.499430
v -3.659572 -0.140600 -0.442249
v -3.731903 -0.191421 -0.462947
v -3.699086 -0.153161 -0.413057
v -3.773404 -0.205160 -0.417067
v -3.732292 -0.164153 -0.376346
v -3.805431 -0.216412 -0.363553
v -3.757917 -0.173156 -0.333528
v -3.826748 -0.224744 -0.304458
v -3.774976 -0.179823 -0.286242
v -3.836535 -0.229835 -0.242051
v -3.782808 -0.183898 -0.236306
v -3.834420 -0.231493 -0.178732
v -3.781113 -0.185224 -0.185642
v -3.820479 -0.229649 -0.116940
v -3.769961 -0.183749 -0.136200
v -3.663475 -0.190628 0.070271
v -3.643811 -0.258123 0.067847
v -3.586821 -0.242338 0.090631
v -3.606486 -0.174843 0.093052
v -3.526763 -0.225228 0.101444
v -3.546427 -0.157733 0.103867
v -3.465955 -0.207457 0.099874
v -3.485619 -0.139961 0.102298
v -3.406727 -0.189701 0.085988
v -3.426392 -0.122207 0.088410
v -3.351352 -0.172646 0.060304
v -3.371017 -0.105151 0.062729
v -3.301967 -0.156950 0.023827
v -3.321632 -0.089454 0.026250
v -3.260467 -0.143211 -0.022054
v -3.280132 -0.075715 -0.019629
v -2.778540 -1.797345 -0.081439
v -2.820042 -1.811083 -0.035560
v -2.869427 -1.826782 0.000917
v -2.924801 -1.843837 0.026601
v -2.984028 -1.861593 0.040486
v -3.044837 -1.879363 0.042058
v -3.104895 -1.896474 0.031242
v -3.161885 -1.912260 0.008460
v -3.695547 -0.271981 0.033972
v -3.715211 -0.204486 0.036396
v -3.213621 -1.926116 -0.025414
v -3.567917 -0.140914 -0.538999
v -3.548252 -0.208409 -0.541423
v -3.607479 -0.226164 -0.527531
v -3.627144 -0.158668 -0.525108
v -3.662854 -0.243219 -0.501853
v -3.682519 -0.175723 -0.499430
v -3.712239 -0.258916 -0.465371
v -3.731903 -0.191421 -0.462947
v -3.753739 -0.272654 -0.419490
v -3.773404 -0.205160 -0.417067
v -3.271814 -1.926791 -0.478877
v -3.230312 -1.913053 -0.524758
v -3.180929 -1.897354 -0.561239
v -3.125553 -1.880299 -0.586917
v -3.066325 -1.862547 -0.600810
v -3.487443 -0.190637 -0.542989
v -3.507108 -0.123142 -0.540565
v -3.447054 -0.106033 -0.529750
v -3.427389 -0.173528 -0.532173
v -3.390060 -0.090246 -0.506968
v -3.370395 -0.157742 -0.509391
v -3.338325 -0.076389 -0.473092
v -3.318660 -0.143884 -0.475517
v -2.888469 -1.811876 -0.568777
v -2.836734 -1.798020 -0.534903
v -2.945463 -1.827662 -0.591560
v -3.005518 -1.844773 -0.602374
v -3.773404 -0.205160 -0.417067
v -3.753739 -0.272654 -0.419490
v -3.785766 -0.283907 -0.365975
v -3.805431 -0.216412 -0.363553
v -3.807083 -0.292240 -0.306880
v -3.826748 -0.224744 -0.304458
v -3.816870 -0.297331 -0.244474
v -3.836535 -0.229835 -0.242051
v -3.814755 -0.298988 -0.181156
v -3.834420 -0.231493 -0.178732
v -3.800815 -0.297145 -0.119362
v -3.820479 -0.229649 -0.116940
v -3.775589 -0.291875 -0.061466
v -3.795253 -0.224380 -0.059043
v -3.740043 -0.283377 -0.009689
v -3.759708 -0.215882 -0.007266
v -3.695547 -0.271981 0.033972
v -3.715211 -0.204486 0.036396
v -3.213621 -1.926116 -0.025414
v -3.258118 -1.937513 -0.069075
v -3.293663 -1.946009 -0.120853
v -3.318888 -1.951281 -0.178750
v -3.332829 -1.953125 -0.240543
v -3.334944 -1.951468 -0.303862
v -3.325157 -1.946375 -0.366267
v -3.303840 -1.938043 -0.425363
v -3.271814 -1.926791 -0.478877
v -3.219121 -0.049383 -0.257965
v -3.199456 -0.116879 -0.260387
v -3.213392 -0.118720 -0.322185
v -3.233057 -0.051225 -0.319762
v -3.238623 -0.123993 -0.380081
v -3.258287 -0.056498 -0.377658
v -3.274163 -0.132488 -0.431855
v -3.293828 -0.064993 -0.429432
v -3.318660 -0.143884 -0.475517
v -3.338325 -0.076389 -0.473092
v -2.836734 -1.798020 -0.534903
v -2.792237 -1.786623 -0.491241
v -2.756697 -1.778127 -0.439467
v -2.731467 -1.772856 -0.381572
v -2.717530 -1.771013 -0.319774
v -3.197337 -0.118534 -0.197073
v -3.217001 -0.051039 -0.194651
v -3.226789 -0.056131 -0.132245
v -3.207125 -0.123627 -0.134668
v -3.248106 -0.064464 -0.073145
v -3.228441 -0.131959 -0.075568
v -3.280132 -0.075715 -0.019629
v -3.260467 -0.143211 -0.022054
v -2.746515 -1.786093 -0.134954
v -2.778540 -1.797345 -0.081439
v -2.725199 -1.777761 -0.194055
v -2.715411 -1.772669 -0.256460
v 6.905650 7.852727 4.747914
v 5.631495 8.252120 -1.975847
v 5.624054 8.249097 -1.967471
v 5.719414 8.282554 -2.024514
v 5.827722 8.310495 -1.993700
v 5.791287 8.272370 -1.731060
v 5.679878 8.241184 -1.739532
v 6.130938 8.313226 -1.189944
v 5.902686 8.244413 -1.160552
v 5.906658 8.255363 -1.253748
v 5.952303 8.273909 -1.305106
v 6.041361 8.300758 -1.316574
v 6.008143 8.265997 -1.077118
v 5.912766 8.274254 -1.416553
v 5.958583 8.267761 -1.229490
v 5.719093 8.195561 -1.198648
v 5.716624 8.215911 -1.398794
v 5.709100 8.212854 -1.390326
v 5.804460 8.246311 -1.447368
v 5.912766 8.274253 -1.416553
v 5.876333 8.236128 -1.153918
v 5.764924 8.204942 -1.162389
v 5.995788 8.332978 -1.747481
v 6.051229 8.327041 -1.539353
v 5.519824 8.186342 -1.656287
v 5.526755 8.190463 -1.676478
v 5.523152 8.172349 -1.514202
v 5.661405 8.245891 -1.834810
v 5.867446 8.306257 -1.844724
v 5.750484 8.215740 -1.304521
v 6.436716 8.491076 -2.043473
v 6.512297 8.480366 -1.734874
v 6.117209 8.361259 -1.683996
v 6.112997 8.394772 -2.014016
v 6.100721 8.389785 -2.000206
v 6.258039 8.444980 -2.094307
v 6.436716 8.491076 -2.043473
v 6.376608 8.428179 -1.610198
v 6.192820 8.376733 -1.624174
v 6.488125 8.469168 -1.694599
v 6.563704 8.458458 -1.386002
v 6.168619 8.339351 -1.335122
v 6.164491 8.372897 -1.665236
v 6.152131 8.367876 -1.651331
v 6.309449 8.423071 -1.745434
v 6.488125 8.469168 -1.694599
v 6.428017 8.406271 -1.261323
v 6.244229 8.354826 -1.275300
v -4.845915 5.096414 -0.654583
v -4.844618 5.097771 -0.663927
v -4.830953 5.091947 -0.571184
v -4.825185 5.107843 -0.706491
v -4.643452 5.160664 -0.711181
v -4.615945 5.156765 -0.598871
v -4.680484 5.153083 -0.740479
v -4.770496 5.127886 -0.747324
v -4.792048 5.098817 -0.530037
v -4.799933 5.097082 -0.535122
v -4.712428 5.119657 -0.510223
v -4.635379 5.146692 -0.556313
v -4.690010 5.128318 -0.531184
v -4.632200 5.134376 -0.430569
v -4.413954 5.215875 -0.607920
v -4.409059 5.216154 -0.597177
v -4.401981 5.215150 -0.568276
v -4.428534 5.195775 -0.456797
v -4.539574 5.189441 -0.700439
v -4.644381 5.155444 -0.664127
v -4.580691 5.146418 -0.404075
v -4.470466 5.179647 -0.418269
v -4.727923 5.046102 0.146417
v -4.726607 5.047480 0.136930
v -4.712940 5.041656 0.229674
v -4.707173 5.057553 0.094369
v -4.525440 5.110372 0.089679
v -4.497934 5.106474 0.201986
v -4.562473 5.102792 0.060379
v -4.652486 5.077595 0.053532
v -4.673916 5.048554 0.270897
v -4.681922 5.046791 0.265737
v -4.594417 5.069366 0.290634
v -4.517368 5.096402 0.244545
v -4.604964 5.092076 0.045960
v -4.547154 5.098132 0.146576
v -4.328963 5.179629 -0.030897
v -4.324014 5.179910 -0.020036
v -4.316936 5.178907 0.008868
v -4.343487 5.159532 0.120349
v -4.454529 5.153199 -0.123299
v -4.559334 5.119201 -0.086983
v -4.495645 5.110176 0.173071
v -4.385420 5.143405 0.158876
v -4.720532 5.074172 -0.100135
v -4.754162 5.092129 -0.362805
v -4.234938 5.224883 -0.203700
v -4.406569 5.208339 -0.516099
v -4.613068 5.148778 -0.515102
v -4.439552 5.142705 0.017406
v -5.307971 4.931616 -0.352747
v -5.212602 4.941610 -0.186757
v -4.852574 5.076060 -0.479378
v -4.844479 5.076523 -0.461618
v -4.832806 5.074865 -0.413937
v -4.876609 5.042902 -0.230027
v -5.059792 5.032454 -0.631974
v -5.232696 4.976367 -0.572062
v -5.127624 4.961477 -0.143053
v -4.945783 5.016299 -0.166471
v -5.256562 4.909708 -0.003872
v -5.161194 4.919702 0.162116
v -4.801219 5.054149 -0.130622
v -4.793070 5.054615 -0.112744
v -4.781397 5.052958 -0.065063
v -4.825202 5.020994 0.118848
v -5.008383 5.010546 -0.283099
v -5.181287 4.954458 -0.223189
v -5.076214 4.939569 0.205824
v -4.894374 4.994390 0.182404
v 6.889912 7.906745 4.749854
v 5.643127 8.256845 -1.988934
v 5.652043 8.260114 -1.995590
v 5.730534 8.285786 -2.024800
v 5.780436 8.268977 -1.728511
v 5.670248 8.239066 -1.745743
v 6.105636 8.314463 -1.270926
v 6.129641 8.311868 -1.180596
v 5.908705 8.244757 -1.147347
v 5.911315 8.257546 -1.261752
v 5.960530 8.276683 -1.308943
v 6.049965 8.302876 -1.313171
v 5.999072 8.263556 -1.078738
v 5.952816 8.265058 -1.219578
v 5.681937 8.194533 -1.290555
v 5.731932 8.197960 -1.186319
v 5.728173 8.220603 -1.411789
v 5.737189 8.223908 -1.418520
v 5.815705 8.249579 -1.447659
v 5.865360 8.232697 -1.151341
v 5.755187 8.202799 -1.168666
v 5.983286 8.331239 -1.765152
v 6.046659 8.322258 -1.506407
v 5.607151 8.181837 -1.374533
v 5.622769 8.184756 -1.359529
v 5.515165 8.173482 -1.546824
v 5.690592 8.255727 -1.848423
v 5.897974 8.313777 -1.832652
v 5.923838 8.269032 -1.336633
v 5.718657 8.207175 -1.310210
v 6.502869 8.475946 -1.718667
v 6.055921 8.359546 -1.835417
v 6.138508 8.365238 -1.663537
v 6.132192 8.402571 -2.035611
v 6.146891 8.407956 -2.046587
v 6.276369 8.450308 -2.094780
v 6.358657 8.422567 -1.605981
v 6.176890 8.373227 -1.634443
v 6.554215 8.454008 -1.369684
v 6.107323 8.337648 -1.486673
v 6.189825 8.343312 -1.314753
v 6.183601 8.380663 -1.686738
v 6.198400 8.386086 -1.697789
v 6.327901 8.428434 -1.745910
v 6.409944 8.400620 -1.257079
v 6.228192 8.351295 -1.285639
v -4.825459 5.092710 -0.563419
v -4.839988 5.100521 -0.677415
v -4.650251 5.159391 -0.717711
v -4.620569 5.154016 -0.585402
v -4.689095 5.150961 -0.743884
v -4.778729 5.125113 -0.743484
v -4.703544 5.122434 -0.512312
v -4.687198 5.127920 -0.519700
v -4.404791 5.215548 -0.579748
v -4.401050 5.213540 -0.550424
v -4.550868 5.186159 -0.700150
v -4.651939 5.152373 -0.655622
v -4.569431 5.149447 -0.402061
v -4.461366 5.182983 -0.425062
v -4.707364 5.042431 0.237557
v -4.722024 5.050203 0.123577
v -4.532344 5.109081 0.083045
v -4.502512 5.103753 0.215321
v -4.571216 5.100638 0.056921
v -4.660845 5.074779 0.057430
v -4.585397 5.072186 0.288514
v -4.602121 5.091672 0.057570
v -4.319777 5.179311 -0.002732
v -4.316011 5.177310 0.026591
v -4.465947 5.149879 -0.123003
v -4.566977 5.116096 -0.078382
v -4.484262 5.113240 0.175106
v -4.376220 5.146776 0.152008
v -4.772323 5.077925 -0.277518
v -4.701414 5.076834 -0.073110
v -4.255623 5.235935 -0.365330
v -4.246467 5.236458 -0.345238
v -4.233292 5.234590 -0.291435
v -4.230415 5.229617 -0.236311
v -4.436786 5.200896 -0.528049
v -4.641966 5.139040 -0.501627
v -4.616101 5.094295 -0.005608
v -4.408719 5.152345 0.010161
v -5.303317 4.930957 -0.333747
v -4.837450 5.075526 -0.432909
v -4.831270 5.072215 -0.384538
v -5.078440 5.027034 -0.631492
v -5.245182 4.971293 -0.558013
v -5.108966 4.966499 -0.139717
v -4.930710 5.021822 -0.177725
v -5.251878 4.909046 0.015253
v -4.786073 5.053621 -0.084162
v -4.779868 5.050319 -0.035793
v -5.027155 5.005091 -0.282615
v -5.193857 4.949352 -0.209045
v -5.057434 4.944624 0.209180
v -4.879201 4.999950 0.171076
v 5.747938 8.290844 -2.025248
v 5.851502 8.294141 -1.773194
v 5.858975 8.297178 -1.781604
v 5.763613 8.263720 -1.724561
v 5.655308 8.235776 -1.755375
v 6.100160 8.313700 -1.278666
v 6.127666 8.309801 -1.166359
v 5.897015 8.248738 -1.217172
v 5.895720 8.247384 -1.207833
v 5.912660 8.244983 -1.138671
v 5.918427 8.260880 -1.273975
v 5.973118 8.280924 -1.314813
v 6.063128 8.306119 -1.307967
v 6.074355 8.286699 -1.092669
v 5.985295 8.259851 -1.081201
v 5.956029 8.280889 -1.361227
v 5.951155 8.280609 -1.371922
v 5.970577 8.280312 -1.315938
v 5.944021 8.260935 -1.204456
v 5.682549 8.193479 -1.278845
v 5.740354 8.199533 -1.178229
v 5.832983 8.254601 -1.448106
v 5.936462 8.257865 -1.195954
v 5.944021 8.260936 -1.204456
v 5.848660 8.227475 -1.147416
v 5.740354 8.199533 -1.178229
v 5.959215 8.326741 -1.788273
v 6.039700 8.318121 -1.486133
v 5.514033 8.175437 -1.568501
v 5.583197 8.177361 -1.397542
v 5.570622 8.175612 -1.415318
v 5.710740 8.262027 -1.853153
v 5.915877 8.317718 -1.821109
v 5.904889 8.262648 -1.327796
v 5.698842 8.202294 -1.318048
v 6.508000 8.502016 -1.952387
v 6.500047 8.501563 -1.969840
v 6.532084 8.501069 -1.877487
v 6.488276 8.469104 -1.693575
v 6.056918 8.357820 -1.816295
v 6.152283 8.367812 -1.650306
v 6.305092 8.458655 -2.095522
v 6.475918 8.464084 -1.679670
v 6.488276 8.469104 -1.693575
v 6.330956 8.413907 -1.599477
v 6.152283 8.367811 -1.650306
v 6.559464 8.480112 -1.603395
v 6.551455 8.479654 -1.620967
v 6.583491 8.479162 -1.528611
v 6.539683 8.447196 -1.344702
v 6.108327 8.335912 -1.467422
v 6.203691 8.345903 -1.301434
v 6.356502 8.436749 -1.746648
v 6.527244 8.442142 -1.330703
v 6.539683 8.447196 -1.344702
v 6.382365 8.391998 -1.250601
v 6.203691 8.345902 -1.301434
v -4.847891 5.094346 -0.640345
v -4.817112 5.093872 -0.551620
v -4.660631 5.157453 -0.727681
v -4.623611 5.152207 -0.576538
v -4.702250 5.147722 -0.749085
v -4.791307 5.120873 -0.737617
v -4.780079 5.101452 -0.522320
v -4.690071 5.126647 -0.515477
v -4.682932 5.127315 -0.502280
v -4.678017 5.140867 -0.617634
v -4.421399 5.215450 -0.624258
v -4.400436 5.212480 -0.538660
v -4.469522 5.206952 -0.675170
v -4.459787 5.209094 -0.668894
v -4.568093 5.181151 -0.699709
v -4.663454 5.147694 -0.642666
v -4.552416 5.154027 -0.399017
v -4.447607 5.188024 -0.435334
v -4.729880 5.044055 0.160512
v -4.699101 5.043581 0.249237
v -4.542620 5.107161 0.073178
v -4.505600 5.101916 0.224318
v -4.584238 5.097431 0.051771
v -4.673296 5.070582 0.063240
v -4.662068 5.051161 0.278538
v -4.572060 5.076357 0.285381
v -4.597887 5.091072 0.074862
v -4.592970 5.104624 -0.040488
v -4.336353 5.179207 -0.047116
v -4.315392 5.176237 0.038482
v -4.384583 5.170685 -0.098093
v -4.374742 5.172852 -0.091747
v -4.483047 5.144909 -0.122562
v -4.578407 5.111450 -0.065519
v -4.467371 5.117784 0.178124
v -4.362562 5.151783 0.141812
v -4.771174 5.075941 -0.255507
v -4.685554 5.079796 -0.057874
v -4.238549 5.235335 -0.312904
v -4.231564 5.231603 -0.258330
v -4.457695 5.195269 -0.531788
v -4.658879 5.132842 -0.488997
v -4.595977 5.099250 0.002348
v -4.389478 5.158830 0.001186
v -5.296292 4.929962 -0.305065
v -5.288185 4.952321 -0.495362
v -4.864842 5.075359 -0.506290
v -4.830254 5.070460 -0.365082
v -4.944249 5.061335 -0.590290
v -4.928169 5.064875 -0.579925
v -5.106844 5.018779 -0.630758
v -5.264162 4.963582 -0.536656
v -5.080979 4.974030 -0.134711
v -4.908079 5.030116 -0.194621
v -5.244883 4.908053 0.043809
v -5.236775 4.930413 -0.146482
v -4.813434 5.053452 -0.157417
v -4.778845 5.048553 -0.016208
v -4.892948 5.039404 -0.241486
v -4.876760 5.042967 -0.231051
v -5.055435 4.996871 -0.281884
v -5.212753 4.941674 -0.187782
v -5.029571 4.952121 0.214162
v -4.856670 5.008207 0.154253
v 5.758962 8.293810 -2.023277
v 5.839901 8.289428 -1.760141
v 5.830943 8.286144 -1.753453
v 5.752432 8.260468 -1.724272
v 6.089773 8.311758 -1.288639
v 6.124625 8.307995 -1.157503
v 5.898993 8.250807 -1.231416
v 5.921010 8.246145 -1.126868
v 5.902026 8.252611 -1.240254
v 5.981955 8.283687 -1.316888
v 6.070976 8.307848 -1.302907
v 6.066091 8.283914 -1.088817
v 5.976655 8.257721 -1.084619
v 5.963497 8.281315 -1.344843
v 5.966295 8.280918 -1.333420
v 5.971187 8.279256 -1.304230
v 5.686826 8.192871 -1.261377
v 5.844130 8.257601 -1.446113
v 5.924947 8.253185 -1.182995
v 5.915889 8.249866 -1.176231
v 5.837352 8.224190 -1.147124
v 5.943713 8.323843 -1.803164
v 6.028996 8.311759 -1.454950
v 5.515166 8.173481 -1.546824
v 5.578501 8.215201 -1.769991
v 5.564591 8.209551 -1.754341
v 5.742103 8.271832 -1.860518
v 5.943714 8.323842 -1.803164
v 5.875887 8.252872 -1.314270
v 5.668509 8.194823 -1.330041
v 6.520405 8.502725 -1.925169
v 6.524972 8.502078 -1.906523
v 6.533080 8.499345 -1.858364
v 6.064018 8.356813 -1.787292
v 6.323264 8.463546 -2.092274
v 6.456809 8.456320 -1.658171
v 6.441992 8.450889 -1.647108
v 6.312452 8.408529 -1.598999
v 6.571814 8.480817 -1.576294
v 6.576410 8.480165 -1.557523
v 6.584496 8.477425 -1.509360
v 6.115396 8.334909 -1.438545
v 6.374796 8.441671 -1.743377
v 6.508218 8.434411 -1.309297
v 6.493301 8.428945 -1.298159
v 6.363737 8.386585 -1.250120
v -4.847396 5.093491 -0.630860
v -4.810291 5.095146 -0.545070
v -4.630708 5.148881 -0.564342
v -4.711286 5.145289 -0.750701
v -4.798614 5.118196 -0.732162
v -4.771432 5.103581 -0.518901
v -4.681801 5.129434 -0.519334
v -4.678025 5.127594 -0.491516
v -4.669227 5.144988 -0.632741
v -4.428190 5.214505 -0.633861
v -4.402875 5.209926 -0.521070
v -4.579052 5.177725 -0.697132
v -4.541057 5.157329 -0.399311
v -4.440016 5.191109 -0.443876
v -4.729377 5.043187 0.170142
v -4.692176 5.044875 0.255889
v -4.512625 5.098625 0.236393
v -4.593414 5.094962 0.050130
v -4.680715 5.067864 0.068779
v -4.653290 5.053324 0.282009
v -4.563663 5.079186 0.281468
v -4.592926 5.091354 0.085743
v -4.584245 5.108715 -0.055485
v -4.343220 5.178252 -0.056824
v -4.317812 5.173702 0.055944
v -4.494128 5.141446 -0.119961
v -4.455887 5.121121 0.177827
v -4.354887 5.154901 0.133176
v -4.769446 5.072953 -0.222392
v -4.661841 5.084227 -0.035095
v -4.269437 5.235147 -0.395644
v -4.271861 5.203612 -0.102586
v -4.282719 5.198524 -0.083919
v -4.233292 5.234590 -0.291435
v -4.489415 5.186734 -0.537459
v -4.684511 5.123448 -0.469859
v -4.565952 5.106647 0.014222
v -4.360773 5.168503 -0.012201
v -5.288173 4.930425 -0.287248
v -5.273701 4.959110 -0.520258
v -4.876066 5.073799 -0.522158
v -4.834273 5.066256 -0.336123
v -5.124937 5.013122 -0.626508
v -5.062156 4.979500 -0.135197
v -4.895504 5.035225 -0.208767
v -5.236710 4.908520 0.061745
v -5.222355 4.937172 -0.171273
v -4.824731 5.051880 -0.173389
v -4.782847 5.044368 0.012623
v -5.073649 4.991178 -0.277606
v -5.010623 4.957630 0.213673
v -4.844014 5.013351 0.140012
v 5.665986 8.265224 -2.005999
v 5.776211 8.298453 -2.020193
v 5.735096 8.255430 -1.723824
v 6.082980 8.310489 -1.295167
v 6.120000 8.305245 -1.144028
v 5.926498 8.246909 -1.119107
v 5.924521 8.263357 -1.280834
v 5.918427 8.260881 -1.273975
v 5.995475 8.287914 -1.320063
v 6.082980 8.310489 -1.295167
v 6.053545 8.279685 -1.082963
v 5.963532 8.254488 -1.089808
v 5.972121 8.277639 -1.286325
v 5.689626 8.192475 -1.249947
v 5.694537 8.206026 -1.365294
v 5.751032 8.228981 -1.428854
v 5.861258 8.262210 -1.443048
v 5.820140 8.219188 -1.146683
v 6.018307 8.306746 -1.436573
v 5.600100 8.223976 -1.794292
v 5.616755 8.230080 -1.806727
v 5.762866 8.277865 -1.861055
v 5.855526 8.246509 -1.309489
v 5.650443 8.190848 -1.341687
v 6.534630 8.496663 -1.828630
v 6.068591 8.356165 -1.768615
v 6.076700 8.378522 -1.958910
v 6.169895 8.416389 -2.063766
v 6.351736 8.471209 -2.087183
v 6.283905 8.400232 -1.598260
v 6.586040 8.474754 -1.479754
v 6.120001 8.334257 -1.419742
v 6.128110 8.356614 -1.610033
v 6.221305 8.394481 -1.714890
v 6.403145 8.449300 -1.738307
v 6.335314 8.378325 -1.249387
v -4.846642 5.092188 -0.616417
v -4.799933 5.097082 -0.535122
v -4.623590 5.162932 -0.678405
v -4.619640 5.163157 -0.669739
v -4.613923 5.162348 -0.646386
v -4.635379 5.146691 -0.556313
v -4.725096 5.141574 -0.753170
v -4.809773 5.114106 -0.723828
v -4.758314 5.106813 -0.513713
v -4.669255 5.133660 -0.525181
v -4.689111 5.133545 -0.578403
v -4.687503 5.135227 -0.589989
v -4.670588 5.128018 -0.475201
v -4.663454 5.147694 -0.642666
v -4.438527 5.213066 -0.648475
v -4.404484 5.208241 -0.509469
v -4.484358 5.203687 -0.684736
v -4.595767 5.172499 -0.693204
v -4.622420 5.136527 -0.424263
v -4.632200 5.134376 -0.430569
v -4.523893 5.162316 -0.399755
v -4.428534 5.195775 -0.456797
v -4.728631 5.041898 0.184441
v -4.681922 5.046791 0.265737
v -4.505640 5.112638 0.122320
v -4.501629 5.112866 0.131119
v -4.495912 5.112057 0.154472
v -4.517368 5.096402 0.244545
v -4.607085 5.091282 0.047685
v -4.691762 5.063816 0.077028
v -4.640304 5.056522 0.287145
v -4.551244 5.083369 0.275676
v -4.604083 5.097283 -0.001135
v -4.602458 5.098984 -0.012847
v -4.585543 5.091775 0.101940
v -4.578407 5.111451 -0.065519
v -4.353482 5.176824 -0.071329
v -4.319438 5.171999 0.067672
v -4.399311 5.167442 -0.107589
v -4.510721 5.136259 -0.116063
v -4.537267 5.100308 0.152952
v -4.547154 5.098133 0.146576
v -4.438848 5.126074 0.177389
v -4.343487 5.159532 0.120349
v -4.764181 5.072206 -0.200890
v -4.282136 5.233379 -0.413595
v -4.510505 5.180604 -0.536915
v -4.698636 5.117709 -0.453967
v -4.544826 5.112333 0.017999
v -4.343706 5.174757 -0.024943
v -5.306495 4.940234 -0.430604
v -5.303838 4.943015 -0.449758
v -5.275934 4.931123 -0.260391
v -5.264162 4.963582 -0.536656
v -4.893098 5.071427 -0.546240
v -4.836938 5.063468 -0.316927
v -4.968707 5.055953 -0.606057
v -5.152495 5.004506 -0.620036
v -5.196401 4.945175 -0.176312
v -5.212602 4.941610 -0.186757
v -5.033927 4.987705 -0.135928
v -4.876609 5.042902 -0.230027
v -5.255104 4.918307 -0.081603
v -5.252430 4.921107 -0.100883
v -5.224525 4.909214 0.088482
v -5.212753 4.941674 -0.187782
v -4.841688 5.049519 -0.197362
v -4.785530 5.041560 0.031947
v -4.917299 5.034044 -0.257183
v -5.101086 4.982598 -0.271162
v -5.144886 4.923290 0.172629
v -5.161194 4.919702 0.162116
v -4.982519 4.965798 0.212947
v -4.825202 5.020994 0.118848
v 5.676031 8.268609 -2.010683
v 5.786716 8.301042 -2.016040
v 5.724009 8.252447 -1.725806
v 6.115333 8.303057 -1.136003
v 5.896474 8.246079 -1.193383
v 5.936860 8.248845 -1.109157
v 5.933838 8.267143 -1.291317
v 5.941138 8.269818 -1.296768
v 6.004583 8.290561 -1.320298
v 6.044667 8.276909 -1.080878
v 5.955651 8.252753 -1.094889
v 5.940789 8.279167 -1.386578
v 5.970518 8.275964 -1.274777
v 5.697081 8.192901 -1.233583
v 5.700286 8.208722 -1.375175
v 5.761189 8.232404 -1.433591
v 5.871880 8.264828 -1.438848
v 5.808930 8.216171 -1.148685
v 6.024187 8.336190 -1.700299
v 6.015173 8.335676 -1.720077
v 6.051319 8.335118 -1.615870
v 6.001890 8.299050 -1.408353
v 5.537488 8.196842 -1.707741
v 5.551310 8.172925 -1.442616
v 5.795191 8.287261 -1.861893
v 5.987876 8.293357 -1.392584
v 6.001890 8.299051 -1.408353
v 5.824380 8.236771 -1.302171
v 5.622770 8.184755 -1.359529
v 6.482819 8.499166 -1.994194
v 6.532014 8.493924 -1.809763
v 6.080969 8.356871 -1.741459
v 6.086077 8.382918 -1.975030
v 6.186454 8.421969 -2.071488
v 6.369055 8.475474 -2.080334
v 6.265563 8.395296 -1.601540
v 6.534302 8.477267 -1.645212
v 6.583405 8.471997 -1.460763
v 6.132324 8.334958 -1.392702
v 6.137550 8.361040 -1.626263
v 6.237976 8.400097 -1.722664
v 6.420582 8.453595 -1.731411
v 6.316849 8.373354 -1.252687
v -4.844374 5.091866 -0.607156
v -4.616188 5.162669 -0.655640
v -4.613168 5.161044 -0.631946
v -4.734210 5.138925 -0.752935
v -4.815873 5.111628 -0.716968
v -4.749238 5.109255 -0.512091
v -4.661921 5.136351 -0.530659
v -4.663776 5.128966 -0.465571
v -4.681779 5.138630 -0.606668
v -4.446953 5.211492 -0.656568
v -4.410199 5.204844 -0.492820
v -4.495029 5.201058 -0.688954
v -4.605968 5.169064 -0.688446
v -4.512874 5.165761 -0.402342
v -4.726329 5.041570 0.193842
v -4.498212 5.112382 0.145074
v -4.495165 5.110767 0.168767
v -4.616339 5.088593 0.047924
v -4.697955 5.061299 0.083995
v -4.631089 5.059002 0.288791
v -4.543798 5.086100 0.270115
v -4.578656 5.092734 0.111677
v -4.596775 5.102362 -0.029403
v -4.362000 5.175232 -0.079512
v -4.325112 5.168626 0.084203
v -4.410101 5.164787 -0.111855
v -4.521036 5.132782 -0.111252
v -4.427708 5.129558 0.174772
v -4.756272 5.071085 -0.168589
v -4.747124 5.096313 -0.383310
v -4.301324 5.230709 -0.440719
v -4.255614 5.211230 -0.130519
v -4.359086 5.219314 -0.490456
v -4.340897 5.223316 -0.478731
v -4.542506 5.171303 -0.536085
v -4.720018 5.109021 -0.429908
v -4.513319 5.120811 0.023632
v -4.318228 5.184095 -0.043968
v -5.264653 4.932694 -0.244447
v -5.294405 4.948622 -0.477239
v -4.907018 5.068826 -0.559610
v -4.846344 5.057877 -0.289519
v -4.986327 5.051613 -0.613026
v -5.169341 4.998829 -0.612179
v -5.015666 4.993416 -0.140219
v -5.213170 4.910796 0.104531
v -5.243038 4.926690 -0.128242
v -4.855702 5.046902 -0.210822
v -4.794894 5.035992 0.059233
v -4.935037 5.029676 -0.264199
v -5.118045 4.976884 -0.263252
v -4.964136 4.971545 0.208631
v 5.691745 8.273905 -2.018011
v 5.803150 8.305089 -2.009541
v 5.817046 8.281051 -1.743076
v 5.706821 8.247822 -1.728881
v 6.117946 8.315850 -1.250444
v 6.113998 8.315625 -1.259104
v 6.129688 8.315383 -1.213875
v 6.108232 8.299728 -1.123801
v 5.896970 8.245225 -1.183906
v 5.943677 8.250119 -1.102610
v 6.018517 8.294611 -1.320660
v 6.102116 8.297243 -1.116919
v 6.108232 8.299728 -1.123801
v 6.031186 8.272695 -1.077712
v 5.943677 8.250119 -1.102610
v 5.934027 8.278226 -1.396134
v 5.968070 8.273402 -1.257133
v 5.682601 8.197824 -1.319997
v 5.681001 8.196150 -1.308463
v 5.701963 8.193177 -1.222865
v 5.709100 8.212853 -1.390326
v 5.776791 8.237662 -1.440869
v 5.888196 8.268847 -1.432396
v 5.902093 8.244809 -1.165931
v 5.791866 8.211578 -1.151735
v 6.038145 8.336987 -1.669670
v 6.043320 8.336253 -1.648536
v 6.052449 8.333163 -1.594193
v 5.548113 8.201823 -1.726011
v 5.542260 8.172408 -1.462478
v 5.815778 8.292802 -1.858212
v 5.966383 8.284624 -1.368402
v 5.949579 8.278464 -1.355853
v 5.803391 8.230669 -1.301630
v 6.471786 8.497630 -2.009788
v 6.527951 8.489672 -1.780473
v 6.056980 8.364960 -1.883982
v 6.054367 8.362226 -1.865152
v 6.088954 8.357326 -1.723943
v 6.100722 8.389784 -2.000206
v 6.212391 8.430709 -2.083584
v 6.396183 8.482155 -2.069607
v 6.419102 8.442500 -1.630018
v 6.237262 8.387680 -1.606601
v 6.523195 8.475722 -1.660911
v 6.579360 8.467766 -1.431600
v 6.108406 8.343070 -1.535235
v 6.105775 8.340318 -1.516279
v 6.140362 8.335419 -1.375069
v 6.152131 8.367875 -1.651331
v 6.263799 8.408800 -1.734711
v 6.447590 8.460247 -1.720734
v 6.470510 8.420592 -1.281142
v 6.288670 8.365772 -1.257728
v -4.840924 5.091378 -0.593064
v -4.836953 5.102327 -0.686263
v -4.629611 5.162588 -0.691615
v -4.612673 5.160189 -0.622459
v -4.668487 5.155724 -0.732745
v -4.660631 5.157453 -0.727681
v -4.748139 5.134875 -0.752574
v -4.825185 5.107843 -0.706491
v -4.735471 5.112959 -0.509628
v -4.650790 5.140428 -0.538969
v -4.691555 5.130989 -0.560798
v -4.653461 5.130402 -0.450987
v -4.459787 5.209093 -0.668894
v -4.413970 5.202602 -0.481829
v -4.511301 5.197050 -0.695386
v -4.621526 5.163822 -0.681192
v -4.607630 5.139782 -0.414727
v -4.496224 5.170968 -0.406254
v -4.722913 5.041087 0.207793
v -4.718941 5.052036 0.114597
v -4.511600 5.112298 0.109241
v -4.494662 5.109899 0.178399
v -4.550596 5.105406 0.068035
v -4.542620 5.107161 0.073178
v -4.630128 5.084584 0.048284
v -4.707173 5.057553 0.094369
v -4.617460 5.062669 0.291227
v -4.532779 5.090138 0.261889
v -4.606509 5.094746 0.016343
v -4.568414 5.094160 0.126158
v -4.374741 5.172850 -0.091747
v -4.328925 5.166359 0.095317
v -4.426254 5.160807 -0.118241
v -4.536480 5.127577 -0.104046
v -4.522584 5.103539 0.162419
v -4.411180 5.134726 0.170889
v -4.747082 5.071609 -0.148423
v -4.730810 5.103962 -0.411357
v -4.317071 5.227768 -0.455845
v -4.248545 5.215433 -0.151113
v -4.562969 5.164906 -0.531281
v -4.492007 5.127005 0.023080
v -4.303992 5.189879 -0.059984
v -5.310517 4.936024 -0.401604
v -5.247674 4.935056 -0.220447
v -4.928169 5.064875 -0.579925
v -4.852589 5.054165 -0.271325
v -5.013149 5.045007 -0.623633
v -5.194989 4.990184 -0.600217
v -5.172068 4.950530 -0.160625
v -4.988276 5.001976 -0.146648
v -5.259109 4.914116 -0.052731
v -5.196265 4.913149 0.128428
v -4.876760 5.042967 -0.231051
v -4.801179 5.032257 0.077547
v -4.961740 5.023098 -0.274758
v -5.143579 4.968277 -0.251341
v -5.120659 4.928622 0.188249
v -4.936869 4.980070 0.202224
v 5.702532 8.277277 -2.020546
v 5.812734 8.307197 -2.003362
v 5.806949 8.277648 -1.738365
v 5.696259 8.245220 -1.733057
v 6.123971 8.316195 -1.237226
v 6.126235 8.315872 -1.227980
v 6.130183 8.314528 -1.204394
v 5.900420 8.244735 -1.169808
v 6.027547 8.297042 -1.319044
v 6.092819 8.293466 -1.106457
v 6.085490 8.290779 -1.100985
v 6.022037 8.270036 -1.077477
v 5.921154 8.275822 -1.408497
v 5.964316 8.271169 -1.246193
v 5.685050 8.200386 -1.337652
v 5.712311 8.194617 -1.208239
v 5.688797 8.202613 -1.348570
v 5.787700 8.241072 -1.443432
v 5.897888 8.270978 -1.426147
v 5.891880 8.241367 -1.161169
v 5.781186 8.208947 -1.155957
v 6.054197 8.330146 -1.560741
v 5.515248 8.181552 -1.623293
v 5.512286 8.178454 -1.601951
v 5.564591 8.209551 -1.754341
v 5.528337 8.171614 -1.493026
v 5.642646 8.239569 -1.826060
v 5.847825 8.301425 -1.852482
v 5.771287 8.221338 -1.300800
v 6.450397 8.493631 -2.030334
v 6.521812 8.486024 -1.762593
v 6.061049 8.369218 -1.913307
v 6.106122 8.359715 -1.699674
v 6.067163 8.372853 -1.931123
v 6.230173 8.436269 -2.087761
v 6.411984 8.485633 -2.059419
v 6.402395 8.436871 -1.622228
v 6.219789 8.383376 -1.613510
v 6.501897 8.471742 -1.681370
v 6.573179 8.464090 -1.413599
v 6.112458 8.347309 -1.564433
v 6.157456 8.337797 -1.350905
v 6.118614 8.350969 -1.582368
v 6.281703 8.414398 -1.738916
v 6.463498 8.463749 -1.710476
v 6.453693 8.414924 -1.273299
v 6.271082 8.361440 -1.264683
v -4.836967 5.091603 -0.584383
v -4.829844 5.105660 -0.698483
v -4.635091 5.161827 -0.699363
v -4.614648 5.158123 -0.608229
v -4.756982 5.132111 -0.750498
v -4.726314 5.115622 -0.509865
v -4.644670 5.142916 -0.545857
v -4.690941 5.129928 -0.549040
v -4.645001 5.131983 -0.442864
v -4.422740 5.198489 -0.466755
v -4.522498 5.194035 -0.697389
v -4.630579 5.160502 -0.674433
v -4.596904 5.142424 -0.410485
v -4.485968 5.174423 -0.411037
v -4.718895 5.041316 0.216610
v -4.711904 5.055335 0.102502
v -4.517165 5.111524 0.101377
v -4.496616 5.107852 0.192486
v -4.639108 5.081778 0.050391
v -4.608164 5.065370 0.290989
v -4.526566 5.092663 0.254895
v -4.605889 5.093674 0.028233
v -4.559862 5.095757 0.134370
v -4.337631 5.162278 0.110282
v -4.437576 5.157761 -0.120266
v -4.545633 5.124222 -0.097213
v -4.511741 5.106211 0.166706
v -4.400809 5.138218 0.166053
v -4.767792 5.082668 -0.310184
v -4.764786 5.085814 -0.331855
v -4.733300 5.072394 -0.118184
v -4.720019 5.109022 -0.429908
v -4.340897 5.223315 -0.478731
v -4.237951 5.221728 -0.181973
v -4.386638 5.213249 -0.508219
v -4.594014 5.155200 -0.523990
v -4.643497 5.088264 -0.023269
v -4.661841 5.084227 -0.035095
v -4.460231 5.136242 0.022260
v -4.282719 5.198523 -0.083919
v -5.309504 4.934269 -0.382153
v -5.233665 4.937674 -0.206990
v -4.867018 5.047398 -0.246517
v -5.031637 5.040031 -0.626940
v -5.209943 4.984707 -0.589051
v -5.154296 4.954909 -0.153598
v -4.971282 5.007706 -0.154574
v -5.258089 4.912350 -0.033150
v -5.182163 4.915783 0.141972
v -4.815546 5.025521 0.102247
v -4.980350 5.018090 -0.278087
v -5.158634 4.962761 -0.240101
v -5.102769 4.933030 0.195321
v -4.919761 4.985836 0.194247
v 6.886706 7.905745 4.750606
v 6.898373 7.909205 4.749634
vn -0.6987 -0.1330 -0.7029
vn -0.6327 -0.1571 -0.7583
vn -0.6345 -0.1577 -0.7566
vn -0.7281 -0.0857 -0.6801
vn -0.4817 -0.1091 -0.8695
vn -0.5608 -0.1341 -0.8170
vn -0.4802 -0.1086 -0.8704
vn -0.3105 -0.0564 -0.9489
vn -0.3980 -0.0831 -0.9136
vn -0.3095 -0.0561 -0.9492
vn -0.1273 -0.0015 -0.9919
vn -0.2200 -0.0291 -0.9751
vn -0.1270 -0.0014 -0.9919
vn -0.0333 0.0262 -0.9991
vn 0.0603 0.0534 -0.9968
vn 0.0608 0.0535 -0.9967
vn 0.1544 0.0803 -0.9847
vn 0.2454 0.1061 -0.9636
vn 0.2466 0.1064 -0.9633
vn 0.3363 0.1314 -0.9325
vn 0.4211 0.1548 -0.8937
vn 0.4229 0.1553 -0.8928
vn 0.5145 0.2229 -0.8281
vn 0.5832 0.1969 -0.7881
vn 0.5829 0.1981 -0.7880
vn 0.6725 0.2135 0.7087
vn 0.6364 0.1583 0.7550
vn 0.6346 0.1577 0.7566
vn 0.7630 0.2002 0.6147
vn 0.6695 0.2722 0.6911
vn 0.5609 0.1341 0.8170
vn 0.4834 0.1097 0.8685
vn 0.4818 0.1092 0.8694
vn 0.3981 0.0832 0.9135
vn 0.3115 0.0567 0.9486
vn 0.3105 0.0564 0.9489
vn 0.2199 0.0291 0.9751
vn 0.1276 0.0016 0.9918
vn 0.1273 0.0015 0.9919
vn 0.0334 -0.0261 0.9991
vn -0.0613 -0.0537 0.9967
vn -0.0608 -0.0535 0.9967
vn -0.2466 -0.1064 0.9633
vn -0.1545 -0.0804 0.9847
vn -0.2478 -0.1068 0.9629
vn -0.4229 -0.1553 0.8928
vn -0.3363 -0.1315 0.9325
vn -0.4246 -0.1557 0.8919
vn -0.5829 -0.1981 0.7880
vn -0.5356 -0.1408 0.8327
vn -0.5832 -0.1969 0.7881
vn 0.3314 0.9248 0.1870
vn 0.2919 0.9093 0.2964
vn 0.2919 0.9094 0.2964
vn 0.3495 0.9342 0.0715
vn 0.3456 0.9373 -0.0458
vn 0.3198 0.9339 -0.1601
vn 0.2731 0.9241 -0.2673
vn 0.2073 0.9084 -0.3632
vn 0.1249 0.8873 -0.4440
vn 0.0291 0.8616 -0.5068
vn 0.0292 0.8616 -0.5067
vn -0.0764 0.8324 -0.5489
vn -0.1876 0.8007 -0.5689
vn -0.3001 0.7678 -0.5660
vn -0.4097 0.7350 -0.5403
vn -0.4098 0.7350 -0.5403
vn -0.5123 0.7034 -0.4928
vn -0.6037 0.6743 -0.4252
vn -0.6038 0.6743 -0.4252
vn -0.6806 0.6489 -0.3403
vn -0.7398 0.6280 -0.2412
vn -0.7398 0.6280 -0.2413
vn -0.7793 0.6126 -0.1318
vn -0.7974 0.6032 -0.0162
vn -0.7974 0.6032 -0.0163
vn -0.7935 0.6001 0.1010
vn -0.7935 0.6001 0.1009
vn -0.7677 0.6036 0.2153
vn -0.7210 0.6133 0.3225
vn -0.6552 0.6290 0.4184
vn -0.5728 0.6501 0.4992
vn -0.4770 0.6758 0.5619
vn -0.4771 0.6758 0.5619
vn -0.3716 0.7050 0.6041
vn -0.3715 0.7050 0.6041
vn -0.2604 0.7367 0.6241
vn -0.2603 0.7367 0.6241
vn -0.1478 0.7696 0.6213
vn -0.1478 0.7696 0.6212
vn -0.0381 0.8024 0.5955
vn -0.0382 0.8025 0.5955
vn 0.0644 0.8340 0.5479
vn 0.0643 0.8340 0.5479
vn 0.1557 0.8631 0.4804
vn 0.1558 0.8631 0.4804
vn 0.2327 0.8885 0.3955
vn -0.9500 0.3094 -0.0413
vn -0.9250 0.3223 -0.2012
vn -0.9250 0.3224 -0.2012
vn -0.9446 0.3051 0.1208
vn -0.9446 0.3051 0.1207
vn -0.9090 0.3097 0.2790
vn -0.8444 0.3232 0.4273
vn -0.7534 0.3448 0.5600
vn -0.7534 0.3448 0.5599
vn -0.6394 0.3742 0.6717
vn -0.6393 0.3743 0.6717
vn -0.8704 0.3436 -0.3525
vn -0.7884 0.3726 -0.4895
vn -0.7883 0.3726 -0.4896
vn -0.6822 0.4076 -0.6071
vn -0.7883 0.3727 -0.4896
vn -0.5556 0.4480 -0.7004
vn -0.5556 0.4480 -0.7005
vn -0.4138 0.4915 -0.7663
vn -0.4139 0.4915 -0.7663
vn -0.2622 0.5368 -0.8019
vn -0.2622 0.5368 -0.8020
vn -0.1064 0.5824 -0.8059
vn 0.0473 0.6263 -0.7781
vn 0.1932 0.6668 -0.7197
vn 0.1933 0.6668 -0.7197
vn 0.3257 0.7023 -0.6330
vn 0.4747 0.7040 0.5283
vn 0.3686 0.6688 0.6457
vn 0.4746 0.7040 0.5283
vn 0.2421 0.6285 0.7392
vn 0.2421 0.6285 0.7391
vn 0.1003 0.5848 0.8050
vn -0.0515 0.5395 0.8404
vn -0.2072 0.4940 0.8444
vn -0.3610 0.4502 0.8167
vn -0.5068 0.4097 0.7585
vn -0.5069 0.4097 0.7585
vn -0.6394 0.3743 0.6717
vn -0.6394 0.3743 0.6716
vn 0.4818 0.1091 0.8695
vn 0.7629 0.2002 0.6148
vn 0.7629 0.2002 0.6147
vn -0.2465 -0.1064 0.9633
vn -0.4229 -0.1552 0.8928
vn -0.5828 -0.1981 0.7881
vn -0.4818 -0.1092 -0.8695
vn -0.6346 -0.1577 -0.7566
vn -0.7629 -0.2002 -0.6147
vn 0.7206 0.2334 -0.6529
vn 0.7205 0.2334 -0.6530
vn 0.5830 0.1981 -0.7880
vn 0.8305 0.2597 -0.4927
vn 0.8305 0.2597 -0.4928
vn 0.9085 0.2760 -0.3137
vn 0.9517 0.2817 -0.1225
vn 0.9582 0.2765 0.0733
vn 0.9279 0.2608 0.2663
vn 0.8620 0.2350 0.4492
vn 0.9517 0.2817 -0.1226
vn -0.9517 -0.2817 0.1226
vn -0.9582 -0.2765 -0.0733
vn -0.9517 -0.2817 0.1225
vn -0.9085 -0.2760 0.3137
vn -0.8305 -0.2597 0.4928
vn -0.7205 -0.2334 0.6530
vn -0.5830 -0.1981 0.7880
vn -0.7206 -0.2334 0.6529
vn -0.8305 -0.2596 0.4928
vn -0.9279 -0.2608 -0.2664
vn -0.8620 -0.2350 -0.4492
vn -0.7630 -0.2002 -0.6147
vn 0.8737 0.2691 -0.4052
vn 0.9073 0.2757 -0.3175
vn 0.8305 0.2596 -0.4928
vn 0.8287 0.2593 -0.4960
vn 0.7793 0.2477 -0.5757
vn 0.7184 0.2328 -0.6555
vn 0.6612 0.2609 -0.7034
vn 0.6267 0.3104 -0.7148
vn 0.9346 0.2802 -0.2192
vn 0.9511 0.2817 -0.1266
vn 0.9595 0.2805 -0.0248
vn 0.9584 0.2768 0.0693
vn 0.9476 0.2699 0.1708
vn 0.9289 0.2612 0.2626
vn 0.8993 0.2491 0.3595
vn 0.8635 0.2356 0.4460
vn 0.7903 0.2530 0.5580
vn 0.7634 0.1985 0.6146
vn 0.5940 0.6888 -0.4156
vn 0.6626 0.7029 -0.2586
vn 0.6626 0.7029 -0.2585
vn 0.4976 0.6657 -0.5561
vn 0.4977 0.6656 -0.5561
vn 0.3770 0.6345 -0.6747
vn 0.3770 0.6344 -0.6748
vn 0.7006 0.7077 -0.0910
vn 0.7062 0.7034 0.0808
vn 0.6796 0.6896 0.2501
vn 0.6217 0.6670 0.4105
vn 0.5350 0.6364 0.5557
vn 0.5349 0.6364 0.5558
vn -0.9476 -0.2700 -0.1707
vn -0.9269 -0.2604 -0.2702
vn -0.9279 -0.2608 -0.2663
vn -0.9579 -0.2763 -0.0774
vn -0.9595 -0.2805 0.0248
vn -0.9522 -0.2817 0.1185
vn -0.9346 -0.2801 0.2191
vn -0.9098 -0.2762 0.3098
vn -0.8737 -0.2691 0.4052
vn -0.9086 -0.2760 0.3136
vn -0.8323 -0.2601 0.4896
vn -0.7793 -0.2477 0.5757
vn -0.7226 -0.2339 0.6505
vn -0.6819 -0.1788 0.7092
vn -0.6768 -0.1212 0.7261
vn -0.8993 -0.2491 -0.3595
vn -0.8605 -0.2345 -0.4524
vn -0.8164 -0.1724 -0.5512
vn -0.7633 -0.1985 -0.6148
vn -0.6328 -0.1571 -0.7582
vn -0.7280 -0.0856 -0.6802
vn -0.5609 -0.1341 -0.8169
vn -0.4802 -0.1087 -0.8704
vn -0.3980 -0.0832 -0.9136
vn -0.3094 -0.0561 -0.9493
vn -0.2199 -0.0291 -0.9751
vn -0.0335 0.0261 -0.9991
vn 0.1545 0.0804 -0.9847
vn 0.2466 0.1064 -0.9632
vn 0.3364 0.1315 -0.9325
vn 0.5145 0.2229 -0.8280
vn 0.6725 0.2135 0.7086
vn 0.6364 0.1583 0.7549
vn 0.4833 0.1096 0.8686
vn 0.4817 0.1091 0.8695
vn 0.3980 0.0832 0.9136
vn 0.3116 0.0567 0.9485
vn 0.2200 0.0291 0.9751
vn 0.1275 0.0015 0.9918
vn 0.0333 -0.0261 0.9991
vn -0.0612 -0.0536 0.9967
vn -0.1543 -0.0803 0.9847
vn -0.3364 -0.1315 0.9325
vn -0.4247 -0.1557 0.8919
vn 0.4248 0.8815 0.2061
vn 0.3799 0.8641 0.3302
vn 0.3800 0.8640 0.3302
vn 0.4453 0.8922 0.0750
vn 0.4453 0.8922 0.0751
vn 0.4408 0.8957 -0.0579
vn 0.4116 0.8918 -0.1877
vn 0.3586 0.8808 -0.3093
vn 0.2840 0.8629 -0.4180
vn 0.1905 0.8390 -0.5097
vn 0.0818 0.8099 -0.5809
vn -0.0378 0.7767 -0.6287
vn -0.0378 0.7768 -0.6287
vn -0.1640 0.7408 -0.6514
vn -0.2916 0.7035 -0.6481
vn -0.4160 0.6662 -0.6189
vn -0.4161 0.6662 -0.6189
vn -0.5324 0.6304 -0.5650
vn -0.5323 0.6304 -0.5650
vn -0.6361 0.5974 -0.4884
vn -0.6360 0.5974 -0.4884
vn -0.7232 0.5686 -0.3920
vn -0.7905 0.5450 -0.2796
vn -0.8352 0.5275 -0.1556
vn -0.8352 0.5275 -0.1555
vn -0.8558 0.5168 -0.0245
vn -0.8513 0.5133 0.1085
vn -0.8220 0.5172 0.2383
vn -0.8220 0.5172 0.2382
vn -0.7691 0.5282 0.3598
vn -0.6944 0.5461 0.4686
vn -0.6010 0.5700 0.5603
vn -0.6010 0.5701 0.5602
vn -0.4924 0.5991 0.6314
vn -0.4923 0.5991 0.6314
vn -0.3727 0.6323 0.6792
vn -0.3726 0.6323 0.6792
vn -0.2465 0.6682 0.7020
vn -0.2466 0.6682 0.7019
vn -0.1189 0.7055 0.6986
vn 0.0056 0.7428 0.6694
vn 0.0055 0.7428 0.6695
vn 0.1218 0.7787 0.6155
vn 0.1218 0.7786 0.6156
vn 0.2255 0.8116 0.5389
vn 0.2255 0.8116 0.5390
vn 0.3126 0.8404 0.4426
vn 0.3127 0.8404 0.4426
vn -0.9747 0.2184 -0.0478
vn -0.9482 0.2318 -0.2171
vn -0.9481 0.2322 -0.2171
vn -0.9748 0.2180 -0.0478
vn -0.9690 0.2136 0.1240
vn -0.9312 0.2185 0.2917
vn -0.8628 0.2329 0.4488
vn -0.8627 0.2329 0.4488
vn -0.7663 0.2560 0.5893
vn -0.7662 0.2561 0.5893
vn -0.6455 0.2871 0.7077
vn -0.8904 0.2545 -0.3774
vn -0.8035 0.2852 -0.5226
vn -0.8035 0.2853 -0.5226
vn -0.8033 0.2852 -0.5228
vn -0.6908 0.3227 -0.6471
vn -0.8033 0.2851 -0.5228
vn -0.5569 0.3650 -0.7461
vn -0.4065 0.4114 -0.8158
vn -0.2459 0.4593 -0.8535
vn -0.0809 0.5077 -0.8577
vn 0.0820 0.5543 -0.8283
vn 0.2366 0.5971 -0.7665
vn 0.3771 0.6346 -0.6746
vn 0.3770 0.6346 -0.6746
vn 0.4225 0.5989 0.6803
vn 0.4224 0.5990 0.6803
vn 0.2884 0.5565 0.7792
vn 0.2885 0.5562 0.7793
vn 0.1381 0.5103 0.8489
vn 0.1381 0.5103 0.8488
vn -0.0225 0.4619 0.8867
vn -0.1876 0.4139 0.8908
vn -0.3505 0.3673 0.8615
vn -0.3505 0.3672 0.8616
vn -0.5053 0.3244 0.7997
vn -0.5052 0.3244 0.7997
vn -0.6454 0.2870 0.7078
vn -0.6454 0.2870 0.7079
vn 0.6345 0.1577 0.7566
vn 0.6345 0.1577 0.7567
vn 0.4818 0.1092 0.8695
vn -0.5829 -0.1981 0.7881
vn 0.0609 0.0535 -0.9967
vn -0.4818 -0.1091 -0.8695
vn -0.6345 -0.1577 -0.7567
vn 0.4228 0.1552 -0.8928
vn 0.4228 0.1553 -0.8928
vn 0.9085 0.2760 -0.3138
vn 0.9582 0.2765 0.0734
vn 0.9279 0.2608 0.2664
vn 0.8620 0.2350 0.4491
vn -0.9582 -0.2765 -0.0734
vn -0.8305 -0.2597 0.4927
vn -0.5829 -0.1982 0.7880
vn -0.8620 -0.2350 -0.4491
vn -0.7630 -0.2002 -0.6146
vn 0.9073 0.2757 -0.3176
vn 0.6266 0.3103 -0.7149
vn 0.9346 0.2801 -0.2192
vn 0.9511 0.2817 -0.1267
vn 0.9584 0.2767 0.0693
vn 0.9476 0.2700 0.1707
vn 0.9289 0.2612 0.2625
vn 0.8993 0.2491 0.3594
vn 0.8635 0.2356 0.4459
vn 0.7904 0.2531 0.5579
vn 0.7635 0.1985 0.6146
vn 0.5307 0.7532 -0.3887
vn 0.5954 0.7666 -0.2404
vn 0.5307 0.7532 -0.3886
vn 0.4396 0.7315 -0.5212
vn 0.6310 0.7714 -0.0821
vn 0.6365 0.7671 0.0800
vn 0.6113 0.7541 0.2398
vn 0.5569 0.7327 0.3912
vn 0.5568 0.7327 0.3912
vn 0.4747 0.7040 0.5282
vn 0.4747 0.7041 0.5282
vn -0.9280 -0.2608 -0.2663
vn -0.9579 -0.2763 -0.0775
vn -0.9582 -0.2765 -0.0732
vn -0.9346 -0.2802 0.2192
vn -0.9098 -0.2762 0.3099
vn -0.8738 -0.2691 0.4051
vn -0.8324 -0.2601 0.4894
vn -0.7793 -0.2477 0.5756
vn -0.7225 -0.2338 0.6506
vn -0.6820 -0.1787 0.7092
vn -0.6770 -0.1213 0.7259
vn -0.8993 -0.2491 -0.3596
vn -0.8604 -0.2344 -0.4524
vn -0.8164 -0.1725 -0.5512
vn -0.7634 -0.1985 -0.6146
vn -0.5608 -0.1340 -0.8170
vn -0.3981 -0.0832 -0.9136
vn -0.0334 0.0261 -0.9991
vn 0.3363 0.1315 -0.9325
vn 0.5833 0.1969 -0.7880
vn 0.6724 0.2135 0.7087
vn 0.6694 0.2722 0.6913
vn 0.5608 0.1341 0.8170
vn 0.3104 0.0564 0.9489
vn 0.1277 0.0016 0.9918
vn -0.1544 -0.0803 0.9847
vn -0.2477 -0.1067 0.9629
vn -0.5355 -0.1407 0.8327
vn 0.3456 0.9373 -0.0457
vn 0.3198 0.9338 -0.1602
vn 0.1249 0.8872 -0.4441
vn 0.0291 0.8616 -0.5067
vn -0.4098 0.7349 -0.5403
vn -0.6037 0.6743 -0.4253
vn -0.6806 0.6488 -0.3403
vn -0.7399 0.6280 -0.2412
vn -0.7935 0.6002 0.1009
vn 0.0643 0.8340 0.5480
vn 0.0644 0.8340 0.5480
vn 0.2326 0.8885 0.3955
vn -0.9501 0.3093 -0.0414
vn -0.9249 0.3227 -0.2013
vn -0.9248 0.3228 -0.2013
vn -0.9501 0.3093 -0.0413
vn -0.9090 0.3098 0.2790
vn -0.8444 0.3233 0.4272
vn -0.7533 0.3450 0.5599
vn -0.8704 0.3438 -0.3525
vn -0.7885 0.3725 -0.4895
vn -0.7885 0.3724 -0.4895
vn -0.7884 0.3726 -0.4896
vn -0.6821 0.4077 -0.6070
vn -0.6821 0.4078 -0.6070
vn -0.5557 0.4479 -0.7004
vn -0.5557 0.4479 -0.7005
vn -0.4139 0.4915 -0.7662
vn -0.2622 0.5371 -0.8017
vn 0.0474 0.6263 -0.7782
vn 0.0474 0.6263 -0.7781
vn 0.1932 0.6669 -0.7197
vn 0.3258 0.7023 -0.6329
vn 0.3685 0.6689 0.6456
vn 0.3684 0.6689 0.6456
vn 0.1002 0.5849 0.8049
vn -0.2071 0.4939 0.8445
vn -0.3609 0.4502 0.8167
vn -0.5069 0.4097 0.7584
vn -0.3106 -0.0564 -0.9489
vn 0.9086 0.2760 -0.3136
vn 0.9073 0.2757 -0.3174
vn 0.8287 0.2592 -0.4960
vn 0.7792 0.2477 -0.5757
vn 0.7184 0.2329 -0.6554
vn 0.6612 0.2609 -0.7033
vn 0.9346 0.2802 -0.2191
vn 0.9584 0.2768 0.0692
vn 0.9476 0.2700 0.1706
vn 0.7634 0.1985 0.6147
vn 0.2970 0.9131 -0.2792
vn 0.3454 0.9233 -0.1679
vn 0.2286 0.8969 -0.3787
vn 0.1432 0.8749 -0.4627
vn 0.0437 0.8483 -0.5277
vn -0.0658 0.8179 -0.5716
vn -0.1813 0.7851 -0.5922
vn -0.2981 0.7511 -0.5891
vn -0.4120 0.7168 -0.5626
vn -0.5183 0.6842 -0.5131
vn -0.6133 0.6538 -0.4431
vn -0.6930 0.6275 -0.3549
vn -0.7546 0.6059 -0.2521
vn -0.7955 0.5899 -0.1385
vn -0.7956 0.5899 -0.1385
vn -0.8144 0.5801 -0.0186
vn -0.8144 0.5801 -0.0185
vn -0.8103 0.5769 0.1031
vn 0.3722 0.9268 -0.0491
vn 0.3722 0.9268 -0.0492
vn 0.3762 0.9237 0.0725
vn 0.3763 0.9237 0.0725
vn 0.3573 0.9139 0.1925
vn 0.3576 0.9138 0.1925
vn 0.3164 0.8979 0.3061
vn 0.3164 0.8979 0.3060
vn 0.2549 0.8762 0.4089
vn 0.2550 0.8762 0.4089
vn 0.1752 0.8499 0.4970
vn 0.0803 0.8196 0.5672
vn -0.0262 0.7869 0.6165
vn -0.1400 0.7528 0.6432
vn -0.2568 0.7186 0.6463
vn -0.3723 0.6858 0.6254
vn -0.4818 0.6555 0.5816
vn -0.5812 0.6288 0.5166
vn -0.6667 0.6069 0.4326
vn -0.7350 0.5905 0.3332
vn -0.7350 0.5906 0.3332
vn -0.7834 0.5806 0.2218
vn -0.8103 0.5769 0.1032
vn -0.9270 -0.2604 -0.2701
vn -0.9714 -0.2373 0.0047
vn -0.9821 -0.1853 0.0324
vn -0.8164 -0.1725 -0.5511
vn -0.7635 -0.1985 -0.6146
vn -0.6821 -0.1787 0.7091
vn -0.6769 -0.1212 0.7260
vn -0.8323 -0.2600 0.4896
vn -0.9505 -0.2383 0.1992
vn -0.9522 -0.2796 0.1227
vn -0.6987 -0.1329 -0.7030
vn -0.5609 -0.1341 -0.8170
vn 0.1544 0.0804 -0.9847
vn 0.5144 0.2229 -0.8280
vn 0.6694 0.2723 0.6912
vn 0.4833 0.1096 0.8685
vn 0.3981 0.0832 0.9136
vn -0.0613 -0.0536 0.9967
vn 0.0862 0.9876 0.1312
vn 0.0616 0.9780 0.1993
vn 0.0975 0.9935 0.0593
vn 0.0974 0.9935 0.0593
vn 0.0950 0.9954 -0.0137
vn 0.0790 0.9933 -0.0849
vn 0.0499 0.9872 -0.1516
vn 0.0089 0.9774 -0.2112
vn -0.0423 0.9643 -0.2615
vn -0.1019 0.9483 -0.3005
vn -0.1676 0.9301 -0.3268
vn -0.2368 0.9104 -0.3392
vn -0.2368 0.9104 -0.3393
vn -0.3069 0.8899 -0.3375
vn -0.3751 0.8695 -0.3215
vn -0.4389 0.8498 -0.2919
vn -0.4958 0.8317 -0.2498
vn -0.5436 0.8159 -0.1970
vn -0.5805 0.8030 -0.1353
vn -0.6050 0.7934 -0.0672
vn -0.6050 0.7933 -0.0672
vn -0.6163 0.7875 0.0047
vn -0.6139 0.7856 0.0776
vn 0.0247 0.9650 0.2609
vn -0.0231 0.9492 0.3138
vn -0.0800 0.9311 0.3558
vn -0.1438 0.9115 0.3854
vn -0.2120 0.8910 0.4014
vn -0.2821 0.8705 0.4032
vn -0.2821 0.8706 0.4032
vn -0.3513 0.8508 0.3907
vn -0.4169 0.8326 0.3645
vn -0.4170 0.8326 0.3645
vn -0.4765 0.8167 0.3255
vn -0.4766 0.8167 0.3255
vn -0.5278 0.8036 0.2752
vn -0.5688 0.7938 0.2155
vn -0.5978 0.7877 0.1488
vn 0.4229 0.1552 -0.8928
vn 0.8738 0.2691 -0.4051
vn 0.7793 0.2477 -0.5756
vn 0.7185 0.2329 -0.6554
vn 0.9511 0.2816 -0.1266
vn 0.9596 0.2804 -0.0246
vn 0.8993 0.2491 0.3596
vn 0.3453 0.8883 -0.3029
vn 0.3974 0.8991 -0.1835
vn 0.3454 0.8883 -0.3029
vn 0.2721 0.8707 -0.4098
vn 0.2721 0.8707 -0.4097
vn 0.1803 0.8473 -0.4996
vn 0.1802 0.8473 -0.4996
vn 0.0735 0.8187 -0.5695
vn -0.0440 0.7861 -0.6166
vn -0.1678 0.7509 -0.6388
vn -0.2932 0.7141 -0.6357
vn -0.4154 0.6776 -0.6069
vn -0.4153 0.6776 -0.6069
vn -0.5296 0.6423 -0.5540
vn -0.6314 0.6101 -0.4787
vn -0.6313 0.6101 -0.4787
vn -0.7170 0.5817 -0.3842
vn -0.7831 0.5584 -0.2738
vn -0.8271 0.5412 -0.1519
vn -0.8473 0.5306 -0.0232
vn -0.8429 0.5273 0.1074
vn -0.8142 0.5310 0.2349
vn -0.7621 0.5419 0.3542
vn -0.6888 0.5594 0.4610
vn -0.5970 0.5830 0.5511
vn -0.4903 0.6116 0.6210
vn -0.3728 0.6442 0.6679
vn -0.2489 0.6795 0.6902
vn -0.1235 0.7160 0.6871
vn -0.0014 0.7527 0.6583
vn 0.1129 0.7879 0.6054
vn 0.2148 0.8202 0.5302
vn 0.3004 0.8486 0.4355
vn 0.3004 0.8486 0.4356
vn 0.3665 0.8717 0.3252
vn 0.4104 0.8890 0.2033
vn 0.4305 0.8995 0.0746
vn 0.4262 0.9029 -0.0560
vn -0.9522 -0.2817 0.1184
vn -0.9346 -0.2802 0.2191
vn -0.8993 -0.2491 -0.3594
vn -0.8605 -0.2344 -0.4523
vn -0.7281 -0.0856 -0.6802
vn 0.4212 0.1548 -0.8937
vn 0.5145 0.2228 -0.8281
vn 0.2199 0.0290 0.9751
vn 0.1276 0.0015 0.9918
vn 0.1281 0.9816 0.1413
vn 0.1009 0.9710 0.2167
vn 0.1406 0.9881 0.0616
vn 0.1379 0.9903 -0.0192
vn 0.1201 0.9879 -0.0980
vn 0.0879 0.9812 -0.1719
vn 0.0426 0.9703 -0.2380
vn -0.0142 0.9558 -0.2937
vn -0.0802 0.9381 -0.3369
vn -0.1529 0.9180 -0.3660
vn -0.2296 0.8961 -0.3798
vn -0.3072 0.8735 -0.3778
vn -0.3827 0.8508 -0.3601
vn -0.3828 0.8508 -0.3601
vn -0.4534 0.8290 -0.3273
vn -0.5164 0.8090 -0.2807
vn -0.5694 0.7915 -0.2222
vn -0.6103 0.7771 -0.1539
vn -0.6102 0.7771 -0.1539
vn -0.6374 0.7665 -0.0785
vn -0.6499 0.7600 0.0011
vn -0.6472 0.7579 0.0819
vn -0.6294 0.7602 0.1608
vn -0.5972 0.7670 0.2347
vn -0.5519 0.7778 0.3007
vn -0.4951 0.7923 0.3564
vn -0.4291 0.8100 0.3997
vn -0.3564 0.8302 0.4287
vn -0.2797 0.8520 0.4425
vn -0.2022 0.8747 0.4405
vn -0.1266 0.8973 0.4228
vn -0.0559 0.9191 0.3901
vn 0.0071 0.9391 0.3435
vn 0.0601 0.9567 0.2849
vn 0.6265 0.3103 -0.7150
vn 0.3974 0.8991 -0.1834
vn 0.3973 0.8991 -0.1834
vn 0.2720 0.8708 -0.4096
vn 0.1803 0.8472 -0.4997
vn 0.0736 0.8186 -0.5696
vn -0.0439 0.7861 -0.6165
vn -0.1678 0.7508 -0.6388
vn -0.1678 0.7508 -0.6389
vn -0.2932 0.7141 -0.6356
vn -0.4154 0.6775 -0.6070
vn -0.4153 0.6776 -0.6070
vn -0.5296 0.6424 -0.5540
vn -0.6315 0.6099 -0.4788
vn -0.7170 0.5816 -0.3842
vn -0.7831 0.5585 -0.2738
vn -0.7830 0.5585 -0.2738
vn -0.8270 0.5412 -0.1519
vn -0.7621 0.5420 0.3542
vn -0.6888 0.5594 0.4611
vn -0.5970 0.5829 0.5511
vn -0.4903 0.6116 0.6209
vn -0.1235 0.7162 0.6869
vn -0.0013 0.7527 0.6583
vn 0.1128 0.7879 0.6054
vn 0.3665 0.8718 0.3252
vn -0.9476 -0.2699 -0.1708
vn -0.9595 -0.2804 0.0248
vn -0.7227 -0.2339 0.6504
vn -0.7281 -0.0856 -0.6801
vn 0.0604 0.0534 -0.9967
vn 0.0334 -0.0262 0.9991
vn -0.5973 0.7670 0.2347
vn -0.4291 0.8100 0.3996
vn -0.3564 0.8302 0.4288
vn -0.2798 0.8520 0.4425
vn -0.2021 0.8747 0.4405
vn -0.0559 0.9191 0.3900
vn -0.9086 -0.2760 0.3137
vn -0.6904 -0.1985 0.6957
vn -0.6769 -0.1213 0.7260
vn -0.8605 -0.2345 -0.4523
vn -0.8021 -0.1854 -0.5677
vn -0.7634 -0.1985 -0.6147
vn -0.9482 0.2322 -0.2170
vn -0.9747 0.2182 -0.0477
vn -0.9690 0.2137 0.1240
vn -0.9312 0.2187 0.2916
vn -0.8627 0.2331 0.4488
vn -0.8627 0.2332 0.4487
vn -0.7662 0.2563 0.5892
vn -0.6456 0.2870 0.7077
vn -0.6456 0.2871 0.7077
vn -0.8903 0.2547 -0.3775
vn -0.8903 0.2547 -0.3774
vn -0.8034 0.2852 -0.5226
vn -0.8034 0.2852 -0.5227
vn 0.7205 0.2334 -0.6529
vn 0.6784 0.2459 -0.6924
vn 0.6266 0.3102 -0.7149
vn 0.9517 0.2816 -0.1225
vn 0.7871 0.2319 0.5716
vn 0.5337 0.2088 -0.8195
vn -0.3095 -0.0561 -0.9493
vn -0.6816 -0.1453 -0.7172
vn -0.5460 -0.1614 0.8221
vn -0.5833 -0.1969 0.7881
vn -0.3364 -0.1314 0.9325
vn -0.2477 -0.1068 0.9629
vn -0.1544 -0.0804 0.9847
vn -0.0614 -0.0537 0.9967
vn 0.3979 0.0831 0.9137
vn 0.5609 0.1341 0.8169
vn 0.6666 0.1918 0.7203
vn -0.6944 0.5460 0.4686
vn -0.1188 0.7055 0.6986
vn 0.2256 0.8116 0.5389
vn 0.3799 0.8641 0.3303
vn 0.4247 0.8816 0.2061
vn 0.4452 0.8923 0.0751
vn 0.4408 0.8958 -0.0579
vn 0.4115 0.8919 -0.1877
vn 0.3585 0.8808 -0.3092
vn 0.2839 0.8630 -0.4180
vn 0.0819 0.8099 -0.5809
vn -0.0379 0.7767 -0.6287
vn -0.1639 0.7408 -0.6514
vn -0.2917 0.7035 -0.6481
vn -0.4160 0.6662 -0.6190
vn -0.7905 0.5449 -0.2796
vn -0.8352 0.5274 -0.1555
vn -0.8558 0.5167 -0.0245
vn -0.8558 0.5168 -0.0244
vn -0.8221 0.5171 0.2383
vn -0.8221 0.5171 0.2382
vn 0.6630 0.7025 -0.2586
vn 0.6630 0.7025 -0.2587
vn 0.5944 0.6884 -0.4158
vn 0.4980 0.6652 -0.5563
vn 0.3770 0.6346 -0.6747
vn 0.7065 0.7031 0.0809
vn 0.7065 0.7030 0.0809
vn 0.6798 0.6894 0.2502
vn 0.6219 0.6668 0.4106
vn 0.3772 0.6345 -0.6746
vn 0.2365 0.5972 -0.7664
vn 0.0819 0.5543 -0.8283
vn -0.0810 0.5077 -0.8577
vn -0.2459 0.4594 -0.8535
vn -0.4066 0.4113 -0.8158
vn -0.4066 0.4114 -0.8158
vn -0.5567 0.3648 -0.7463
vn -0.5569 0.3652 -0.7460
vn -0.6908 0.3228 -0.6470
vn -0.6908 0.3225 -0.6471
vn -0.6455 0.2871 0.7078
vn -0.5052 0.3246 0.7996
vn -0.5052 0.3245 0.7997
vn -0.3505 0.3671 0.8616
vn -0.0226 0.4620 0.8866
vn 0.1381 0.5102 0.8489
vn 0.2884 0.5564 0.7793
vn 0.2884 0.5563 0.7793
vn 0.4225 0.5990 0.6802
vn 0.5349 0.6365 0.5557
vn -0.9085 -0.2759 0.3137
vn 0.7630 0.2002 0.6146
vn -0.9476 -0.2699 -0.1707
vn -0.9269 -0.2604 -0.2701
vn -0.9596 -0.2804 0.0248
vn -0.8322 -0.2600 0.4896
vn -0.7635 -0.1986 -0.6146
vn -0.9446 0.3052 0.1208
vn -0.8443 0.3233 0.4273
vn -0.7534 0.3449 0.5599
vn -0.7534 0.3450 0.5599
vn -0.8704 0.3437 -0.3526
vn -0.8704 0.3437 -0.3525
vn -0.7884 0.3724 -0.4896
vn 0.8737 0.2691 -0.4051
vn 0.8288 0.2593 -0.4959
vn 0.7185 0.2328 -0.6554
vn 0.6784 0.2459 -0.6923
vn 0.6265 0.3102 -0.7150
vn 0.9086 0.2760 -0.3137
vn 0.5338 0.2088 -0.8195
vn 0.2465 0.1064 -0.9633
vn 0.2453 0.1061 -0.9636
vn -0.2201 -0.0291 -0.9750
vn -0.6817 -0.1453 -0.7171
vn -0.5459 -0.1613 0.8221
vn -0.2466 -0.1064 0.9632
vn 0.3115 0.0567 0.9485
vn 0.6665 0.1918 0.7204
vn 0.6695 0.2722 0.6912
vn -0.5729 0.6501 0.4992
vn 0.3495 0.9342 0.0714
vn -0.7398 0.6281 -0.2412
vn -0.7677 0.6035 0.2154
vn 0.5953 0.7667 -0.2403
vn 0.5306 0.7533 -0.3886
vn 0.5307 0.7533 -0.3886
vn 0.4397 0.7314 -0.5212
vn 0.4397 0.7314 -0.5213
vn 0.3258 0.7023 -0.6330
vn 0.3258 0.7022 -0.6330
vn 0.6114 0.7541 0.2398
vn 0.5568 0.7328 0.3912
vn 0.4749 0.7039 0.5282
vn 0.4749 0.7039 0.5283
vn 0.3257 0.7022 -0.6331
vn 0.1934 0.6667 -0.7198
vn 0.0473 0.6264 -0.7780
vn 0.0472 0.6264 -0.7781
vn -0.1065 0.5825 -0.8058
vn -0.1065 0.5824 -0.8059
vn -0.2621 0.5369 -0.8019
vn -0.2621 0.5368 -0.8019
vn -0.4139 0.4914 -0.7663
vn -0.5556 0.4479 -0.7005
vn -0.6821 0.4077 -0.6071
vn -0.7884 0.3725 -0.4896
vn -0.5069 0.4096 0.7584
vn -0.3610 0.4500 0.8168
vn -0.2072 0.4939 0.8445
vn -0.0515 0.5397 0.8403
vn 0.1003 0.5850 0.8048
vn 0.2421 0.6286 0.7391
vn 0.3685 0.6687 0.6458
vn 0.3685 0.6687 0.6457
vn -0.7206 -0.2334 0.6530
vn 0.7206 0.2334 -0.6530
vn -0.6768 -0.1213 0.7261
vn -0.8604 -0.2344 -0.4525
vn -0.8022 -0.1854 -0.5676
vn -0.7629 -0.2003 -0.6147
vn -0.7636 -0.1985 -0.6145
vn -0.9747 0.2184 -0.0477
vn -0.9312 0.2188 0.2916
vn -0.8627 0.2332 0.4488
vn -0.7664 0.2558 0.5893
vn -0.6456 0.2868 0.7078
vn -0.6456 0.2867 0.7078
vn -0.8903 0.2549 -0.3774
vn 0.9595 0.2804 -0.0248
vn 0.9585 0.2767 0.0692
vn 0.5831 0.1969 -0.7882
vn 0.5337 0.2087 -0.8195
vn -0.5459 -0.1614 0.8221
vn -0.4247 -0.1558 0.8918
vn 0.3114 0.0567 0.9486
vn 0.3980 0.0831 0.9136
vn 0.4834 0.1096 0.8685
vn 0.6666 0.1918 0.7204
vn -0.6945 0.5461 0.4686
vn 0.3127 0.8405 0.4426
vn 0.3586 0.8808 -0.3092
vn 0.3585 0.8808 -0.3093
vn 0.2839 0.8630 -0.4179
vn 0.0819 0.8099 -0.5808
vn -0.8352 0.5274 -0.1556
vn 0.6629 0.7026 -0.2587
vn 0.5942 0.6886 -0.4157
vn 0.5944 0.6883 -0.4158
vn 0.4979 0.6653 -0.5563
vn 0.4979 0.6654 -0.5562
vn 0.7065 0.7031 0.0808
vn 0.6799 0.6893 0.2502
vn 0.6795 0.6897 0.2502
vn 0.6220 0.6668 0.4106
vn 0.5351 0.6362 0.5558
vn 0.2366 0.5970 -0.7665
vn -0.0810 0.5079 -0.8576
vn -0.2459 0.4595 -0.8535
vn -0.4066 0.4114 -0.8157
vn -0.4066 0.4115 -0.8157
vn -0.5568 0.3650 -0.7462
vn -0.5568 0.3653 -0.7460
vn -0.6908 0.3227 -0.6470
vn -0.8034 0.2853 -0.5226
vn -0.8034 0.2854 -0.5226
vn -0.6455 0.2870 0.7078
vn -0.6455 0.2869 0.7078
vn -0.3506 0.3675 0.8614
vn -0.1876 0.4137 0.8909
vn 0.2884 0.5562 0.7794
vn 0.4224 0.5991 0.6802
vn -0.4228 -0.1552 0.8928
vn -0.0609 -0.0535 0.9967
vn -0.7629 -0.2002 -0.6148
vn 0.9085 0.2759 -0.3137
vn -0.9269 -0.2603 -0.2702
vn -0.8737 -0.2691 0.4053
vn -0.6904 -0.1985 0.6956
vn -0.8604 -0.2345 -0.4524
vn -0.9089 0.3098 0.2790
vn -0.7533 0.3450 0.5598
vn -0.7533 0.3451 0.5599
vn -0.6394 0.3741 0.6717
vn -0.6394 0.3740 0.6717
vn -0.8704 0.3439 -0.3524
vn -0.8703 0.3439 -0.3524
vn -0.7884 0.3725 -0.4895
vn 0.9346 0.2801 -0.2191
vn 0.9476 0.2699 0.1706
vn -0.0334 0.0262 -0.9991
vn -0.3981 -0.0832 -0.9135
vn -0.4818 -0.1092 -0.8694
vn -0.6817 -0.1454 -0.7171
vn -0.5833 -0.1969 0.7880
vn -0.4246 -0.1558 0.8919
vn 0.6694 0.2722 0.6912
vn -0.0381 0.8025 0.5955
vn -0.0382 0.8024 0.5955
vn 0.2326 0.8885 0.3954
vn 0.2920 0.9093 0.2965
vn 0.2073 0.9083 -0.3632
vn 0.1250 0.8873 -0.4440
vn -0.1875 0.8007 -0.5689
vn -0.5123 0.7033 -0.4928
vn -0.6805 0.6489 -0.3404
vn -0.7975 0.6032 -0.0163
vn -0.7677 0.6035 0.2153
vn 0.5954 0.7667 -0.2403
vn 0.5304 0.7534 -0.3887
vn 0.3259 0.7022 -0.6330
vn 0.6310 0.7715 -0.0821
vn 0.6113 0.7542 0.2397
vn 0.6113 0.7542 0.2398
vn 0.3257 0.7021 -0.6332
vn 0.3258 0.7021 -0.6332
vn 0.1933 0.6667 -0.7198
vn 0.0473 0.6264 -0.7781
vn -0.1065 0.5827 -0.8057
vn -0.1064 0.5827 -0.8057
vn -0.2622 0.5370 -0.8018
vn -0.4138 0.4916 -0.7662
vn -0.5557 0.4478 -0.7005
vn -0.5557 0.4478 -0.7004
vn -0.5069 0.4096 0.7585
vn -0.2071 0.4938 0.8445
vn -0.0514 0.5394 0.8404
vn -0.0514 0.5394 0.8405
vn 0.1002 0.5848 0.8049
vn 0.2420 0.6287 0.7391
vn 0.2420 0.6286 0.7391
vn 0.3686 0.6687 0.6457
vn 0.4748 0.7039 0.5282
vn -0.6905 -0.1985 0.6956
vn -0.8021 -0.1854 -0.5676
vn -0.7956 0.5897 -0.1385
vn -0.8144 0.5800 -0.0185
vn -0.8103 0.5768 0.1031
vn -0.7835 0.5804 0.2219
vn -0.7351 0.5904 0.3332
vn -0.6668 0.6068 0.4327
vn -0.6667 0.6068 0.4327
vn -0.5812 0.6287 0.5167
vn -0.5813 0.6287 0.5166
vn -0.4818 0.6554 0.5816
vn -0.3723 0.6857 0.6255
vn -0.2568 0.7186 0.6462
vn -0.1399 0.7527 0.6434
vn -0.1400 0.7527 0.6434
vn 0.0803 0.8197 0.5671
vn 0.0802 0.8197 0.5671
vn 0.1752 0.8498 0.4971
vn 0.2549 0.8763 0.4089
vn 0.3574 0.9139 0.1925
vn 0.3722 0.9269 -0.0491
vn -0.7546 0.6058 -0.2521
vn -0.6133 0.6539 -0.4431
vn -0.5184 0.6841 -0.5132
vn -0.5183 0.6841 -0.5132
vn -0.4120 0.7168 -0.5625
vn -0.2982 0.7510 -0.5891
vn -0.0659 0.8180 -0.5714
vn 0.1430 0.8750 -0.4625
vn 0.2286 0.8969 -0.3786
vn 0.2969 0.9132 -0.2792
vn 0.2969 0.9132 -0.2791
vn 0.3453 0.9233 -0.1679
vn 0.6785 0.2459 -0.6922
vn 0.9371 0.3019 -0.1752
vn 0.9522 0.2796 -0.1227
vn 0.9538 0.2997 0.0199
vn 0.9277 0.3729 -0.0170
vn 0.5833 0.1969 -0.7881
vn -0.5459 -0.1613 0.8222
vn 0.1275 0.0016 0.9918
vn 0.6664 0.1918 0.7205
vn -0.5278 0.8036 0.2751
vn 0.0950 0.9954 -0.0136
vn -0.6051 0.7933 -0.0672
vn -0.5805 0.8029 -0.1353
vn -0.3068 0.8899 -0.3375
vn -0.1019 0.9483 -0.3006
vn 0.0789 0.9933 -0.0849
vn 0.9516 0.2817 -0.1226
vn -0.9476 -0.2700 -0.1706
vn -0.9595 -0.2805 0.0247
vn -0.7792 -0.2477 0.5757
vn -0.8271 0.5412 -0.1520
vn -0.8472 0.5308 -0.0232
vn -0.8429 0.5272 0.1074
vn -0.8141 0.5312 0.2348
vn -0.7621 0.5419 0.3543
vn -0.5971 0.5829 0.5512
vn -0.4903 0.6115 0.6210
vn -0.3727 0.6442 0.6679
vn -0.2489 0.6794 0.6902
vn -0.1235 0.7161 0.6870
vn -0.1235 0.7160 0.6870
vn -0.0013 0.7527 0.6584
vn 0.1129 0.7878 0.6054
vn 0.3664 0.8718 0.3251
vn 0.4103 0.8890 0.2032
vn 0.4307 0.8994 0.0746
vn 0.4262 0.9029 -0.0561
vn 0.3976 0.8990 -0.1835
vn 0.3454 0.8882 -0.3029
vn 0.2722 0.8707 -0.4097
vn 0.1802 0.8473 -0.4997
vn 0.0736 0.8187 -0.5695
vn -0.0439 0.7860 -0.6167
vn -0.1678 0.7507 -0.6389
vn -0.2932 0.7142 -0.6356
vn -0.5296 0.6423 -0.5541
vn -0.6314 0.6100 -0.4787
vn -0.7831 0.5583 -0.2739
vn 0.8737 0.2691 -0.4053
vn -0.5459 -0.1614 0.8222
vn -0.5973 0.7669 0.2347
vn 0.0601 0.9567 0.2850
vn 0.1281 0.9817 0.1412
vn 0.0880 0.9812 -0.1719
vn -0.3827 0.8508 -0.3600
vn -0.7205 -0.2334 0.6529
vn -0.6770 -0.1212 0.7260
vn -0.8270 0.5412 -0.1520
vn -0.8472 0.5307 -0.0232
vn -0.8141 0.5311 0.2348
vn -0.7622 0.5418 0.3543
vn -0.4903 0.6114 0.6211
vn -0.1235 0.7162 0.6868
vn 0.3003 0.8486 0.4355
vn 0.4104 0.8890 0.2032
vn 0.4304 0.8996 0.0745
vn 0.2720 0.8707 -0.4097
vn 0.2720 0.8707 -0.4096
vn 0.0737 0.8186 -0.5697
vn -0.0439 0.7860 -0.6166
vn -0.6315 0.6099 -0.4789
vn -0.7171 0.5815 -0.3843
vn 0.9584 0.2767 0.0692
vn 0.9476 0.2700 0.1708
vn -0.4803 -0.1087 -0.8704
vn -0.2022 0.8747 0.4406
vn 0.1009 0.9710 0.2166
vn -0.2199 -0.0290 -0.9751
vn -0.0865 0.0106 -0.9962
vt 0.431322 0.388513
vt 0.431060 0.388479
vt 0.431060 0.529600
vt 0.431490 0.388535
vt 0.430570 0.529590
vt 0.430869 0.388465
vt 0.430570 0.388442
vt 0.430040 0.529580
vt 0.430363 0.388430
vt 0.430040 0.388413
vt 0.429490 0.529580
vt 0.429826 0.388409
vt 0.429490 0.388404
vt 0.429272 0.388404
vt 0.428930 0.388405
vt 0.428930 0.529580
vt 0.428723 0.388413
vt 0.428400 0.388426
vt 0.428400 0.529590
vt 0.428209 0.388438
vt 0.427910 0.388457
vt 0.427910 0.529600
vt 0.427742 0.388477
vt 0.427480 0.388507
vt 0.427480 0.529620
vt 0.490332 0.388885
vt 0.490070 0.388894
vt 0.490070 0.529600
vt 0.490500 0.529620
vt 0.490500 0.388878
vt 0.489878 0.388901
vt 0.489580 0.388912
vt 0.489580 0.529590
vt 0.489372 0.388915
vt 0.489050 0.388921
vt 0.489050 0.529580
vt 0.488830 0.388924
vt 0.488490 0.388930
vt 0.488490 0.529580
vt 0.488274 0.388929
vt 0.487940 0.388928
vt 0.487940 0.529580
vt 0.487410 0.529590
vt 0.487732 0.388928
vt 0.487410 0.388927
vt 0.486920 0.529600
vt 0.487218 0.388923
vt 0.486920 0.388916
vt 0.486490 0.529620
vt 0.486751 0.388912
vt 0.486490 0.388907
vt 0.686870 0.255530
vt 0.686870 0.256340
vt 0.687600 0.256440
vt 0.687600 0.255430
vt 0.686760 0.254740
vt 0.687460 0.254440
vt 0.686540 0.254000
vt 0.687180 0.253520
vt 0.686220 0.253330
vt 0.686780 0.252680
vt 0.685810 0.252760
vt 0.686280 0.251970
vt 0.685330 0.252310
vt 0.685680 0.251410
vt 0.684800 0.252010
vt 0.685010 0.251030
vt 0.684230 0.251850
vt 0.684310 0.250830
vt 0.683660 0.251850
vt 0.683590 0.250830
vt 0.683090 0.252010
vt 0.682880 0.251030
vt 0.682560 0.252310
vt 0.682210 0.251410
vt 0.682080 0.252760
vt 0.681620 0.251970
vt 0.681670 0.253330
vt 0.681110 0.252680
vt 0.681350 0.254000
vt 0.680710 0.253520
vt 0.681130 0.254740
vt 0.680430 0.254440
vt 0.681020 0.255530
vt 0.680290 0.255430
vt 0.681020 0.256340
vt 0.680290 0.256440
vt 0.681130 0.257120
vt 0.680430 0.257420
vt 0.681350 0.257870
vt 0.680710 0.258350
vt 0.681670 0.258540
vt 0.681110 0.259190
vt 0.682080 0.259110
vt 0.681620 0.259900
vt 0.682560 0.259550
vt 0.682210 0.260460
vt 0.683090 0.259860
vt 0.682880 0.260840
vt 0.683660 0.260020
vt 0.683590 0.261040
vt 0.684230 0.260020
vt 0.684310 0.261040
vt 0.684800 0.259860
vt 0.685010 0.260840
vt 0.685330 0.259550
vt 0.685680 0.260460
vt 0.685810 0.259110
vt 0.686280 0.259900
vt 0.686220 0.258540
vt 0.686780 0.259190
vt 0.686540 0.257870
vt 0.687180 0.258350
vt 0.686760 0.257120
vt 0.687460 0.257420
vt 0.554050 0.999640
vt 0.553520 0.999650
vt 0.553480 0.999840
vt 0.554040 0.999830
vt 0.554610 0.999630
vt 0.554610 0.999830
vt 0.555160 0.999640
vt 0.555180 0.999830
vt 0.555700 0.999650
vt 0.555730 0.999840
vt 0.556190 0.999660
vt 0.556240 0.999860
vt 0.556620 0.999690
vt 0.556690 0.999880
vt 0.552980 0.999860
vt 0.553030 0.999660
vt 0.552530 0.999880
vt 0.552600 0.999690
vt 0.431490 0.529620
vt 0.431120 0.529800
vt 0.431560 0.529820
vt 0.430610 0.529790
vt 0.430060 0.529780
vt 0.429490 0.529780
vt 0.428910 0.529780
vt 0.428360 0.529790
vt 0.427850 0.529800
vt 0.427410 0.529820
vt 0.490130 0.529800
vt 0.490570 0.529820
vt 0.489620 0.529790
vt 0.489070 0.529780
vt 0.488490 0.529780
vt 0.487920 0.529780
vt 0.487370 0.529790
vt 0.486860 0.529800
vt 0.486420 0.529820
vt 0.689780 0.905430
vt 0.690420 0.905450
vt 0.690420 0.903610
vt 0.689780 0.903600
vt 0.689230 0.905410
vt 0.689230 0.903570
vt 0.689780 0.858510
vt 0.689230 0.858490
vt 0.690420 0.858520
vt 0.691110 0.858530
vt 0.691110 0.903620
vt 0.691110 0.905460
vt 0.691820 0.903620
vt 0.691820 0.905460
vt 0.692540 0.903620
vt 0.692540 0.905460
vt 0.693230 0.903610
vt 0.693230 0.905450
vt 0.693860 0.903600
vt 0.693860 0.905430
vt 0.694420 0.903570
vt 0.694420 0.905410
vt 0.694420 0.858490
vt 0.693860 0.858510
vt 0.693230 0.858520
vt 0.692540 0.858530
vt 0.691820 0.858540
vt 0.691710 0.417490
vt 0.692430 0.417490
vt 0.692430 0.415650
vt 0.691710 0.415650
vt 0.691000 0.417490
vt 0.691000 0.415650
vt 0.690310 0.417480
vt 0.690310 0.415640
vt 0.689670 0.417460
vt 0.689670 0.415620
vt 0.689120 0.417440
vt 0.689120 0.415600
vt 0.689670 0.370540
vt 0.689120 0.370510
vt 0.690310 0.370550
vt 0.691000 0.370560
vt 0.691710 0.370570
vt 0.692430 0.370560
vt 0.693120 0.370550
vt 0.693120 0.415640
vt 0.693120 0.417480
vt 0.693750 0.415620
vt 0.693750 0.417460
vt 0.694310 0.415600
vt 0.694310 0.417440
vt 0.694310 0.370510
vt 0.693750 0.370540
vt 0.694590 0.952610
vt 0.695140 0.952640
vt 0.695140 0.950800
vt 0.694590 0.950770
vt 0.695140 0.905730
vt 0.694590 0.905700
vt 0.695780 0.905750
vt 0.695780 0.950820
vt 0.695780 0.952660
vt 0.696470 0.950830
vt 0.696470 0.952670
vt 0.697180 0.950830
vt 0.697180 0.952670
vt 0.697900 0.950830
vt 0.697900 0.952670
vt 0.698590 0.950820
vt 0.698590 0.952660
vt 0.699220 0.950800
vt 0.699220 0.952640
vt 0.699780 0.950770
vt 0.699780 0.952610
vt 0.699780 0.905700
vt 0.699220 0.905730
vt 0.698590 0.905750
vt 0.697900 0.905760
vt 0.697180 0.905770
vt 0.696470 0.905760
vt 0.697070 0.370280
vt 0.697790 0.370280
vt 0.697790 0.368440
vt 0.697070 0.368440
vt 0.696360 0.370280
vt 0.696360 0.368440
vt 0.695670 0.370270
vt 0.695670 0.368430
vt 0.695030 0.370240
vt 0.695030 0.368410
vt 0.694480 0.370220
vt 0.694480 0.368380
vt 0.695030 0.323340
vt 0.694480 0.323310
vt 0.695670 0.323360
vt 0.696360 0.323370
vt 0.697070 0.323370
vt 0.697790 0.323370
vt 0.698480 0.323360
vt 0.698480 0.368430
vt 0.698480 0.370270
vt 0.699110 0.368410
vt 0.699110 0.370240
vt 0.699670 0.368380
vt 0.699670 0.370220
vt 0.699670 0.323310
vt 0.699110 0.323340
vt 0.606200 0.252365
vt 0.605940 0.252383
vt 0.605940 0.392100
vt 0.606370 0.392110
vt 0.606370 0.252354
vt 0.606612 0.252345
vt 0.606770 0.392120
vt 0.606770 0.252335
vt 0.606982 0.252322
vt 0.607120 0.392140
vt 0.607120 0.252318
vt 0.605762 0.252399
vt 0.605490 0.252424
vt 0.605490 0.392100
vt 0.605316 0.252440
vt 0.605050 0.252465
vt 0.605050 0.392100
vt 0.604880 0.252486
vt 0.604620 0.252516
vt 0.604620 0.392110
vt 0.604461 0.252535
vt 0.604220 0.252570
vt 0.604220 0.392120
vt 0.604081 0.252592
vt 0.603870 0.252618
vt 0.603870 0.392140
vt 0.605960 0.392300
vt 0.606400 0.392310
vt 0.606810 0.392320
vt 0.607170 0.392340
vt 0.605490 0.392300
vt 0.605030 0.392300
vt 0.604590 0.392310
vt 0.604170 0.392320
vt 0.603820 0.392340
vt 0.628160 0.252402
vt 0.627900 0.252383
vt 0.627900 0.392110
vt 0.628330 0.252414
vt 0.628602 0.252439
vt 0.628330 0.392100
vt 0.628780 0.252456
vt 0.629046 0.252481
vt 0.628780 0.392100
vt 0.629220 0.252497
vt 0.629480 0.252526
vt 0.629220 0.392100
vt 0.629650 0.252546
vt 0.629891 0.252579
vt 0.629650 0.392110
vt 0.630050 0.252597
vt 0.630261 0.252621
vt 0.630050 0.392120
vt 0.630400 0.252641
vt 0.627500 0.392120
vt 0.627742 0.252372
vt 0.627500 0.252361
vt 0.627150 0.392140
vt 0.627362 0.252356
vt 0.627150 0.252341
vt 0.596248 0.532533
vt 0.596460 0.532562
vt 0.596460 0.392680
vt 0.596110 0.532513
vt 0.596850 0.392690
vt 0.596614 0.532575
vt 0.596850 0.532595
vt 0.597290 0.392690
vt 0.597024 0.532601
vt 0.597290 0.532610
vt 0.597730 0.392700
vt 0.597464 0.532616
vt 0.597730 0.532621
vt 0.597908 0.532616
vt 0.598180 0.532616
vt 0.598180 0.392690
vt 0.598350 0.532612
vt 0.598610 0.532607
vt 0.598610 0.392690
vt 0.598768 0.532596
vt 0.599010 0.532580
vt 0.599010 0.392680
vt 0.599148 0.532563
vt 0.599360 0.532536
vt 0.599360 0.392660
vt 0.568171 0.556282
vt 0.567966 0.556293
vt 0.567960 0.695840
vt 0.568310 0.695850
vt 0.568310 0.556274
vt 0.567811 0.556298
vt 0.567570 0.556305
vt 0.567570 0.695830
vt 0.567399 0.556307
vt 0.567140 0.556311
vt 0.567140 0.695820
vt 0.566961 0.556313
vt 0.566690 0.556318
vt 0.566690 0.695820
vt 0.566511 0.556317
vt 0.566240 0.556317
vt 0.566240 0.695820
vt 0.565810 0.695830
vt 0.566069 0.556317
vt 0.565810 0.556318
vt 0.565410 0.695840
vt 0.565651 0.556315
vt 0.565416 0.556311
vt 0.565070 0.695850
vt 0.565281 0.556305
vt 0.565070 0.556297
vt 0.325730 0.008690
vt 0.325990 0.009230
vt 0.326510 0.008840
vt 0.326190 0.008160
vt 0.325400 0.008230
vt 0.325780 0.007590
vt 0.325010 0.007870
vt 0.325290 0.007140
vt 0.324580 0.007620
vt 0.324760 0.006820
vt 0.324130 0.007490
vt 0.324190 0.006670
vt 0.323660 0.007490
vt 0.323600 0.006670
vt 0.323210 0.007620
vt 0.323030 0.006820
vt 0.322780 0.007870
vt 0.322500 0.007140
vt 0.322390 0.008230
vt 0.322010 0.007590
vt 0.322060 0.008690
vt 0.321600 0.008160
vt 0.321800 0.009230
vt 0.321280 0.008840
vt 0.321620 0.009830
vt 0.321060 0.009590
vt 0.321530 0.010460
vt 0.320940 0.010380
vt 0.321530 0.011110
vt 0.320940 0.011200
vt 0.321620 0.011750
vt 0.321060 0.011990
vt 0.321800 0.012350
vt 0.321280 0.012740
vt 0.322060 0.012890
vt 0.321600 0.013420
vt 0.322390 0.013350
vt 0.322010 0.013990
vt 0.322780 0.013710
vt 0.322500 0.014440
vt 0.323210 0.013960
vt 0.323030 0.014750
vt 0.323660 0.014090
vt 0.323600 0.014910
vt 0.324130 0.014090
vt 0.324190 0.014910
vt 0.324580 0.013960
vt 0.324760 0.014750
vt 0.325010 0.013710
vt 0.325290 0.014440
vt 0.325400 0.013350
vt 0.325780 0.013990
vt 0.325730 0.012890
vt 0.326190 0.013420
vt 0.325990 0.012350
vt 0.326510 0.012740
vt 0.326170 0.011750
vt 0.326730 0.011990
vt 0.326260 0.011110
vt 0.326850 0.011200
vt 0.326260 0.010460
vt 0.326850 0.010380
vt 0.326170 0.009830
vt 0.326730 0.009590
vt 0.627870 0.392310
vt 0.628310 0.392300
vt 0.628780 0.392300
vt 0.629240 0.392300
vt 0.629680 0.392310
vt 0.630090 0.392320
vt 0.630400 0.392140
vt 0.630450 0.392340
vt 0.627460 0.392320
vt 0.627100 0.392340
vt 0.596110 0.392660
vt 0.596410 0.392480
vt 0.596050 0.392460
vt 0.596820 0.392490
vt 0.597270 0.392490
vt 0.597730 0.392500
vt 0.598200 0.392490
vt 0.598640 0.392490
vt 0.599050 0.392480
vt 0.599410 0.392460
vt 0.568010 0.696040
vt 0.568370 0.696050
vt 0.567600 0.696030
vt 0.567150 0.696020
vt 0.566690 0.696020
vt 0.566230 0.696020
vt 0.565780 0.696030
vt 0.565370 0.696040
vt 0.565010 0.696050
vt 0.700400 0.554390
vt 0.700910 0.554410
vt 0.700910 0.552570
vt 0.700400 0.552550
vt 0.699950 0.554380
vt 0.699950 0.552540
vt 0.700400 0.507470
vt 0.699950 0.507450
vt 0.700910 0.507480
vt 0.701470 0.507490
vt 0.701470 0.552570
vt 0.701470 0.554410
vt 0.702040 0.552580
vt 0.702040 0.554420
vt 0.702620 0.552570
vt 0.702620 0.554410
vt 0.703180 0.552570
vt 0.703180 0.554410
vt 0.703690 0.552550
vt 0.703690 0.554390
vt 0.704140 0.552540
vt 0.704140 0.554380
vt 0.704140 0.507450
vt 0.703690 0.507470
vt 0.703180 0.507480
vt 0.702620 0.507490
vt 0.702040 0.507490
vt 0.702050 0.952920
vt 0.701470 0.952920
vt 0.701470 0.954760
vt 0.702050 0.954760
vt 0.702620 0.952920
vt 0.702620 0.954760
vt 0.703180 0.952930
vt 0.703180 0.954770
vt 0.703690 0.952940
vt 0.703690 0.954780
vt 0.704140 0.952960
vt 0.704140 0.954800
vt 0.703690 0.999870
vt 0.704140 0.999880
vt 0.703180 0.999850
vt 0.702620 0.999850
vt 0.702050 0.999840
vt 0.701470 0.999850
vt 0.700910 0.999850
vt 0.700910 0.954770
vt 0.700910 0.952930
vt 0.700400 0.954780
vt 0.700400 0.952940
vt 0.699950 0.954800
vt 0.699950 0.952960
vt 0.699950 0.999880
vt 0.700400 0.999870
vt 0.704310 0.696000
vt 0.704760 0.696020
vt 0.704760 0.694180
vt 0.704310 0.694160
vt 0.704760 0.649110
vt 0.704310 0.649090
vt 0.705270 0.649130
vt 0.705270 0.694200
vt 0.705270 0.696040
vt 0.705830 0.694210
vt 0.705830 0.696050
vt 0.706410 0.694210
vt 0.706410 0.696050
vt 0.706990 0.694210
vt 0.706990 0.696050
vt 0.707540 0.694200
vt 0.707540 0.696040
vt 0.708050 0.694180
vt 0.708050 0.696020
vt 0.708500 0.694160
vt 0.708500 0.696000
vt 0.708500 0.649090
vt 0.708050 0.649110
vt 0.707540 0.649130
vt 0.706990 0.649140
vt 0.706410 0.649140
vt 0.705830 0.649140
vt 0.706410 0.763850
vt 0.706990 0.763840
vt 0.706990 0.762010
vt 0.706410 0.762010
vt 0.705830 0.763840
vt 0.705830 0.762010
vt 0.705270 0.763830
vt 0.705270 0.761990
vt 0.704760 0.763820
vt 0.704760 0.761980
vt 0.704310 0.763790
vt 0.704310 0.761960
vt 0.704760 0.716910
vt 0.704310 0.716890
vt 0.705270 0.716930
vt 0.705830 0.716940
vt 0.706410 0.716940
vt 0.706990 0.716940
vt 0.707540 0.716930
vt 0.707540 0.761990
vt 0.707540 0.763830
vt 0.708060 0.761980
vt 0.708060 0.763820
vt 0.708510 0.761960
vt 0.708510 0.763790
vt 0.708510 0.716890
vt 0.708060 0.716910
vt 0.351119 0.366441
vt 0.351440 0.366418
vt 0.351440 0.226500
vt 0.350910 0.226490
vt 0.350910 0.366456
vt 0.350607 0.366471
vt 0.350410 0.226470
vt 0.350410 0.366480
vt 0.350150 0.366491
vt 0.349980 0.226450
vt 0.349980 0.366497
vt 0.351657 0.366398
vt 0.351990 0.366367
vt 0.351990 0.226500
vt 0.352211 0.366347
vt 0.352550 0.366316
vt 0.352550 0.226500
vt 0.352760 0.366292
vt 0.353080 0.366255
vt 0.353080 0.226490
vt 0.353274 0.366229
vt 0.353570 0.366188
vt 0.353570 0.226470
vt 0.353740 0.366163
vt 0.354000 0.366126
vt 0.354000 0.226450
vt 0.351420 0.226300
vt 0.350870 0.226290
vt 0.350360 0.226280
vt 0.349910 0.226250
vt 0.351990 0.226310
vt 0.352570 0.226300
vt 0.353120 0.226290
vt 0.353620 0.226280
vt 0.354070 0.226250
vt 0.178721 0.389595
vt 0.178400 0.389570
vt 0.178400 0.529500
vt 0.178930 0.389611
vt 0.179269 0.389642
vt 0.178930 0.529490
vt 0.179490 0.389662
vt 0.179822 0.389693
vt 0.179490 0.529490
vt 0.180040 0.389713
vt 0.180360 0.389748
vt 0.180040 0.529490
vt 0.180570 0.389771
vt 0.180866 0.389810
vt 0.180570 0.529500
vt 0.181060 0.389835
vt 0.181320 0.389870
vt 0.181060 0.529520
vt 0.181490 0.389892
vt 0.177910 0.529520
vt 0.178206 0.389560
vt 0.177910 0.389543
vt 0.177480 0.529540
vt 0.177740 0.389534
vt 0.177480 0.389521
vt 0.551680 0.859594
vt 0.551420 0.859561
vt 0.551420 0.999670
vt 0.551850 0.859612
vt 0.550930 0.999660
vt 0.551227 0.859546
vt 0.550930 0.859523
vt 0.550400 0.999650
vt 0.550721 0.859512
vt 0.550400 0.859494
vt 0.549850 0.999650
vt 0.550183 0.859491
vt 0.549850 0.859485
vt 0.549629 0.859486
vt 0.549290 0.859486
vt 0.549290 0.999650
vt 0.549081 0.859495
vt 0.548760 0.859508
vt 0.548760 0.999660
vt 0.548567 0.859520
vt 0.548270 0.859538
vt 0.548270 0.999670
vt 0.548100 0.859554
vt 0.547840 0.859584
vt 0.547840 0.999680
vt 0.467080 0.389896
vt 0.466820 0.389906
vt 0.466820 0.529600
vt 0.467250 0.529620
vt 0.467250 0.389890
vt 0.466626 0.389913
vt 0.466330 0.389923
vt 0.466330 0.529590
vt 0.466120 0.389927
vt 0.465800 0.389932
vt 0.465800 0.529580
vt 0.465582 0.389935
vt 0.465250 0.389941
vt 0.465250 0.529580
vt 0.465028 0.389940
vt 0.464690 0.389940
vt 0.464690 0.529580
vt 0.464160 0.529590
vt 0.464480 0.389939
vt 0.464160 0.389938
vt 0.463670 0.529600
vt 0.463966 0.389934
vt 0.463670 0.389928
vt 0.463240 0.529620
vt 0.463500 0.389924
vt 0.463240 0.389918
vt 0.200060 0.019710
vt 0.200380 0.020380
vt 0.201030 0.019900
vt 0.200630 0.019060
vt 0.199650 0.019140
vt 0.200120 0.018350
vt 0.199170 0.018690
vt 0.199520 0.017790
vt 0.198640 0.018390
vt 0.198850 0.017410
vt 0.198080 0.018230
vt 0.198150 0.017210
vt 0.197500 0.018230
vt 0.197430 0.017210
vt 0.196940 0.018390
vt 0.196720 0.017410
vt 0.196400 0.018690
vt 0.196060 0.017790
vt 0.195920 0.019140
vt 0.195460 0.018350
vt 0.195520 0.019710
vt 0.194950 0.019060
vt 0.195200 0.020380
vt 0.194550 0.019900
vt 0.194980 0.021120
vt 0.194270 0.020820
vt 0.194860 0.021910
vt 0.194130 0.021810
vt 0.194860 0.022720
vt 0.194130 0.022820
vt 0.194980 0.023500
vt 0.194270 0.023800
vt 0.195200 0.024250
vt 0.194550 0.024730
vt 0.195520 0.024920
vt 0.194950 0.025570
vt 0.195920 0.025490
vt 0.195460 0.026280
vt 0.196400 0.025930
vt 0.196060 0.026840
vt 0.196940 0.026240
vt 0.196720 0.027220
vt 0.197500 0.026400
vt 0.197430 0.027420
vt 0.198080 0.026400
vt 0.198150 0.027420
vt 0.198640 0.026240
vt 0.198850 0.027220
vt 0.199170 0.025930
vt 0.199520 0.026840
vt 0.199650 0.025490
vt 0.200120 0.026280
vt 0.200060 0.024920
vt 0.200630 0.025570
vt 0.200380 0.024250
vt 0.201030 0.024730
vt 0.200600 0.023500
vt 0.201300 0.023800
vt 0.200710 0.022720
vt 0.201440 0.022820
vt 0.200710 0.021910
vt 0.201440 0.021810
vt 0.200600 0.021120
vt 0.201300 0.020820
vt 0.178360 0.529700
vt 0.178910 0.529690
vt 0.179490 0.529680
vt 0.180060 0.529690
vt 0.180610 0.529700
vt 0.181120 0.529710
vt 0.181490 0.529540
vt 0.181560 0.529740
vt 0.177850 0.529710
vt 0.177410 0.529740
vt 0.551850 0.999680
vt 0.551480 0.999870
vt 0.551920 0.999880
vt 0.550970 0.999850
vt 0.550420 0.999850
vt 0.549850 0.999840
vt 0.549270 0.999850
vt 0.548720 0.999850
vt 0.548210 0.999870
vt 0.547770 0.999880
vt 0.466880 0.529800
vt 0.467320 0.529820
vt 0.466370 0.529790
vt 0.465820 0.529780
vt 0.465250 0.529780
vt 0.464670 0.529780
vt 0.464120 0.529790
vt 0.463610 0.529800
vt 0.463170 0.529820
vt 0.689780 0.858230
vt 0.690420 0.858240
vt 0.690420 0.856400
vt 0.689780 0.856390
vt 0.689230 0.858200
vt 0.689230 0.856360
vt 0.689780 0.811300
vt 0.689230 0.811280
vt 0.690420 0.811310
vt 0.691110 0.811320
vt 0.691110 0.856410
vt 0.691110 0.858250
vt 0.691820 0.856410
vt 0.691820 0.858250
vt 0.692540 0.856410
vt 0.692540 0.858250
vt 0.693230 0.856400
vt 0.693230 0.858240
vt 0.693860 0.856390
vt 0.693860 0.858230
vt 0.694420 0.856360
vt 0.694420 0.858200
vt 0.694420 0.811280
vt 0.693860 0.811300
vt 0.693230 0.811310
vt 0.692540 0.811320
vt 0.691820 0.811330
vt 0.691710 0.370280
vt 0.692430 0.370280
vt 0.692430 0.368440
vt 0.691710 0.368440
vt 0.691000 0.370280
vt 0.691000 0.368440
vt 0.690310 0.370270
vt 0.690310 0.368430
vt 0.689670 0.370250
vt 0.689670 0.368410
vt 0.689120 0.370230
vt 0.689120 0.368390
vt 0.689670 0.323330
vt 0.689120 0.323310
vt 0.690310 0.323340
vt 0.691000 0.323350
vt 0.691710 0.323360
vt 0.692430 0.323350
vt 0.693120 0.323340
vt 0.693120 0.368430
vt 0.693120 0.370270
vt 0.693750 0.368410
vt 0.693750 0.370250
vt 0.694310 0.368390
vt 0.694310 0.370230
vt 0.694310 0.323310
vt 0.693750 0.323330
vt 0.694590 0.601570
vt 0.695140 0.601590
vt 0.695140 0.599760
vt 0.694590 0.599730
vt 0.695140 0.554690
vt 0.694590 0.554660
vt 0.695780 0.554710
vt 0.695780 0.599780
vt 0.695780 0.601620
vt 0.696470 0.599790
vt 0.696470 0.601630
vt 0.697180 0.599790
vt 0.697180 0.601630
vt 0.697900 0.599790
vt 0.697900 0.601630
vt 0.698590 0.599780
vt 0.698590 0.601620
vt 0.699220 0.599760
vt 0.699220 0.601590
vt 0.699780 0.599730
vt 0.699780 0.601570
vt 0.699780 0.554660
vt 0.699220 0.554690
vt 0.698590 0.554710
vt 0.697900 0.554720
vt 0.697180 0.554720
vt 0.696470 0.554720
vt 0.548160 0.019470
vt 0.547450 0.019480
vt 0.547450 0.021310
vt 0.548160 0.021310
vt 0.548880 0.019480
vt 0.548880 0.021310
vt 0.549570 0.019490
vt 0.549570 0.021330
vt 0.550200 0.019510
vt 0.550200 0.021350
vt 0.550760 0.019540
vt 0.550760 0.021380
vt 0.550200 0.066420
vt 0.550760 0.066450
vt 0.549570 0.066400
vt 0.548880 0.066380
vt 0.548160 0.066380
vt 0.547450 0.066380
vt 0.546760 0.066400
vt 0.546760 0.021330
vt 0.546760 0.019490
vt 0.546120 0.021350
vt 0.546120 0.019510
vt 0.545570 0.021380
vt 0.545570 0.019540
vt 0.545570 0.066450
vt 0.546120 0.066420
vt 0.270328 0.624261
vt 0.269720 0.624309
vt 0.269720 0.764780
vt 0.270720 0.764800
vt 0.270720 0.624234
vt 0.271273 0.624203
vt 0.271630 0.764830
vt 0.271630 0.624183
vt 0.272117 0.624165
vt 0.272430 0.764870
vt 0.272430 0.624153
vt 0.269315 0.624346
vt 0.268690 0.624398
vt 0.268690 0.764780
vt 0.268285 0.624436
vt 0.267660 0.624500
vt 0.267660 0.764780
vt 0.267270 0.624545
vt 0.266670 0.624608
vt 0.266670 0.764800
vt 0.266311 0.624654
vt 0.265760 0.624726
vt 0.265760 0.764830
vt 0.265441 0.624773
vt 0.264950 0.624845
vt 0.264950 0.764870
vt 0.659420 0.699800
vt 0.660380 0.700350
vt 0.660460 0.700130
vt 0.659470 0.699550
vt 0.658400 0.699520
vt 0.658420 0.699260
vt 0.657370 0.699520
vt 0.657350 0.699260
vt 0.656350 0.699800
vt 0.656300 0.699550
vt 0.655390 0.700350
vt 0.655310 0.700130
vt 0.654530 0.701160
vt 0.654420 0.700960
vt 0.653800 0.702180
vt 0.653660 0.702020
vt 0.653220 0.703380
vt 0.653060 0.703260
vt 0.652830 0.704720
vt 0.652650 0.704650
vt 0.652630 0.706140
vt 0.652440 0.706110
vt 0.652630 0.707590
vt 0.652440 0.707610
vt 0.652830 0.709010
vt 0.652650 0.709080
vt 0.653220 0.710340
vt 0.653060 0.710460
vt 0.653800 0.711550
vt 0.653660 0.711710
vt 0.654530 0.712570
vt 0.654420 0.712770
vt 0.661360 0.700960
vt 0.661240 0.701160
vt 0.662110 0.702020
vt 0.661970 0.702180
vt 0.662710 0.703260
vt 0.662550 0.703380
vt 0.663120 0.704650
vt 0.662950 0.704720
vt 0.663330 0.706110
vt 0.663150 0.706140
vt 0.663330 0.707610
vt 0.663150 0.707590
vt 0.663120 0.709080
vt 0.662950 0.709010
vt 0.662710 0.710460
vt 0.662550 0.710340
vt 0.662110 0.711710
vt 0.661970 0.711550
vt 0.661360 0.712770
vt 0.661240 0.712570
vt 0.660460 0.713600
vt 0.660380 0.713370
vt 0.659470 0.714170
vt 0.659420 0.713930
vt 0.658420 0.714460
vt 0.658400 0.714210
vt 0.657350 0.714460
vt 0.657370 0.714210
vt 0.656300 0.714170
vt 0.656350 0.713930
vt 0.655310 0.713600
vt 0.655390 0.713370
vt 0.104383 0.670547
vt 0.104990 0.670592
vt 0.104990 0.530100
vt 0.103990 0.670514
vt 0.103365 0.670462
vt 0.103990 0.530110
vt 0.102960 0.670428
vt 0.105900 0.530070
vt 0.105347 0.670615
vt 0.105900 0.670650
vt 0.106700 0.530030
vt 0.106214 0.670665
vt 0.106700 0.670689
vt 0.099540 0.670040
vt 0.100030 0.670107
vt 0.100030 0.530070
vt 0.099220 0.669997
vt 0.100940 0.530100
vt 0.100389 0.670150
vt 0.100940 0.670218
vt 0.101930 0.530110
vt 0.101330 0.670257
vt 0.101930 0.670323
vt 0.102960 0.530120
vt 0.102335 0.670364
vt 0.193617 0.859123
vt 0.193130 0.859064
vt 0.193130 0.999850
vt 0.193930 0.859161
vt 0.192210 0.999830
vt 0.192770 0.859036
vt 0.192210 0.858993
vt 0.191220 0.999820
vt 0.191823 0.858975
vt 0.191220 0.858948
vt 0.190190 0.999810
vt 0.190817 0.858937
vt 0.190190 0.858921
vt 0.189787 0.858926
vt 0.189160 0.858933
vt 0.189160 0.999820
vt 0.188773 0.858945
vt 0.188170 0.858964
vt 0.188170 0.999830
vt 0.187810 0.858987
vt 0.187250 0.859023
vt 0.187250 0.999850
vt 0.186937 0.859056
vt 0.186450 0.859108
vt 0.186450 0.999880
vt 0.237224 0.859814
vt 0.236740 0.859837
vt 0.236740 0.999850
vt 0.237540 0.999880
vt 0.237540 0.859800
vt 0.236381 0.859849
vt 0.235830 0.859868
vt 0.235830 0.999830
vt 0.235435 0.859878
vt 0.234830 0.859893
vt 0.234830 0.999820
vt 0.234423 0.859895
vt 0.233800 0.859900
vt 0.233800 0.999810
vt 0.233393 0.859903
vt 0.232770 0.859907
vt 0.232770 0.999820
vt 0.231780 0.999830
vt 0.232379 0.859903
vt 0.231780 0.859896
vt 0.230860 0.999850
vt 0.231416 0.859889
vt 0.230860 0.859878
vt 0.230060 0.999880
vt 0.230544 0.859868
vt 0.230060 0.859852
vt 0.664430 0.704090
vt 0.663910 0.702360
vt 0.663170 0.700810
vt 0.662220 0.699480
vt 0.661110 0.698440
vt 0.659870 0.697730
vt 0.658560 0.697360
vt 0.657220 0.697360
vt 0.655900 0.697730
vt 0.654660 0.698440
vt 0.653550 0.699480
vt 0.652600 0.700810
vt 0.651860 0.702360
vt 0.651350 0.704090
vt 0.651080 0.705930
vt 0.651080 0.707800
vt 0.651350 0.709630
vt 0.651860 0.711360
vt 0.652600 0.712920
vt 0.653550 0.714240
vt 0.664690 0.705930
vt 0.664690 0.707800
vt 0.664430 0.709630
vt 0.663910 0.711360
vt 0.663170 0.712920
vt 0.662220 0.714240
vt 0.661110 0.715280
vt 0.659870 0.716000
vt 0.658560 0.716360
vt 0.657220 0.716360
vt 0.655900 0.716000
vt 0.654660 0.715280
vt 0.178220 0.121820
vt 0.179410 0.121850
vt 0.179410 0.120010
vt 0.178220 0.119980
vt 0.177190 0.121780
vt 0.177190 0.119940
vt 0.178220 0.074900
vt 0.177190 0.074860
vt 0.179410 0.074930
vt 0.180690 0.074940
vt 0.180690 0.120030
vt 0.180690 0.121870
vt 0.182020 0.120040
vt 0.182020 0.121880
vt 0.183360 0.120030
vt 0.183360 0.121870
vt 0.184640 0.120010
vt 0.184640 0.121850
vt 0.185820 0.119980
vt 0.185820 0.121820
vt 0.186860 0.119940
vt 0.186860 0.121780
vt 0.186860 0.074860
vt 0.185820 0.074900
vt 0.184640 0.074930
vt 0.183360 0.074940
vt 0.182020 0.074950
vt 0.139520 0.121880
vt 0.140850 0.121870
vt 0.140850 0.120030
vt 0.139520 0.120040
vt 0.138190 0.121870
vt 0.138190 0.120030
vt 0.136900 0.121850
vt 0.136900 0.120010
vt 0.135720 0.121820
vt 0.135720 0.119980
vt 0.134690 0.121780
vt 0.134690 0.119940
vt 0.135720 0.074900
vt 0.134690 0.074860
vt 0.136900 0.074930
vt 0.138190 0.074940
vt 0.139520 0.074950
vt 0.140850 0.074940
vt 0.142140 0.074930
vt 0.142140 0.120010
vt 0.142140 0.121850
vt 0.143320 0.119980
vt 0.143320 0.121820
vt 0.144350 0.119940
vt 0.144350 0.121780
vt 0.144350 0.074860
vt 0.143320 0.074900
vt 0.649660 0.297690
vt 0.650700 0.297740
vt 0.650700 0.295900
vt 0.649660 0.295850
vt 0.650700 0.250830
vt 0.649660 0.250780
vt 0.651880 0.250870
vt 0.651880 0.295940
vt 0.651880 0.297780
vt 0.653160 0.295960
vt 0.653160 0.297800
vt 0.654500 0.295970
vt 0.654500 0.297810
vt 0.655830 0.295960
vt 0.655830 0.297800
vt 0.657110 0.295940
vt 0.657110 0.297780
vt 0.658290 0.295900
vt 0.658290 0.297740
vt 0.659330 0.295850
vt 0.659330 0.297690
vt 0.659330 0.250780
vt 0.658290 0.250830
vt 0.657110 0.250870
vt 0.655830 0.250900
vt 0.654500 0.250900
vt 0.653160 0.250900
vt 0.655040 0.507230
vt 0.653700 0.507240
vt 0.653700 0.509080
vt 0.655040 0.509070
vt 0.653700 0.554150
vt 0.655040 0.554140
vt 0.652420 0.554170
vt 0.652420 0.509100
vt 0.652420 0.507260
vt 0.651240 0.509140
vt 0.651240 0.507300
vt 0.650200 0.509190
vt 0.650200 0.507350
vt 0.650200 0.554260
vt 0.651240 0.554210
vt 0.659870 0.507350
vt 0.658830 0.507300
vt 0.658830 0.509140
vt 0.659870 0.509190
vt 0.658830 0.554210
vt 0.659870 0.554260
vt 0.657650 0.554170
vt 0.657650 0.509100
vt 0.657650 0.507260
vt 0.656370 0.509080
vt 0.656370 0.507240
vt 0.656370 0.554150
vt 0.460524 0.906116
vt 0.461060 0.906074
vt 0.461060 0.765200
vt 0.460180 0.765180
vt 0.460180 0.906139
vt 0.459686 0.906165
vt 0.459370 0.765150
vt 0.459370 0.906181
vt 0.458937 0.906194
vt 0.458660 0.765120
vt 0.458660 0.906206
vt 0.461420 0.906041
vt 0.461980 0.905996
vt 0.461980 0.765200
vt 0.462336 0.905962
vt 0.462890 0.905904
vt 0.462890 0.765200
vt 0.463235 0.905864
vt 0.463770 0.905807
vt 0.463770 0.765180
vt 0.464088 0.905765
vt 0.464580 0.905699
vt 0.464580 0.765150
vt 0.464859 0.905660
vt 0.465290 0.905594
vt 0.465290 0.765120
vt 0.479110 0.030480
vt 0.480010 0.030730
vt 0.480060 0.030520
vt 0.479120 0.030260
vt 0.478190 0.030480
vt 0.478170 0.030260
vt 0.477290 0.030730
vt 0.477240 0.030520
vt 0.476440 0.031220
vt 0.476360 0.031020
vt 0.475680 0.031940
vt 0.475570 0.031760
vt 0.475030 0.032840
vt 0.474900 0.032700
vt 0.474520 0.033910
vt 0.474370 0.033800
vt 0.474170 0.035090
vt 0.474010 0.035030
vt 0.473990 0.036350
vt 0.473830 0.036330
vt 0.473990 0.037630
vt 0.473830 0.037660
vt 0.474170 0.038890
vt 0.474010 0.038960
vt 0.474520 0.040080
vt 0.474370 0.040180
vt 0.475030 0.041140
vt 0.474900 0.041290
vt 0.475680 0.042050
vt 0.475570 0.042230
vt 0.476440 0.042760
vt 0.476360 0.042960
vt 0.477290 0.043250
vt 0.477240 0.043470
vt 0.478190 0.043500
vt 0.478170 0.043730
vt 0.479110 0.043500
vt 0.479120 0.043730
vt 0.480010 0.043250
vt 0.480060 0.043470
vt 0.480860 0.042760
vt 0.480930 0.042960
vt 0.481620 0.042050
vt 0.481730 0.042230
vt 0.482270 0.041140
vt 0.482400 0.041290
vt 0.482780 0.040080
vt 0.482920 0.040180
vt 0.483130 0.038890
vt 0.483290 0.038960
vt 0.483310 0.037630
vt 0.483470 0.037660
vt 0.483310 0.036350
vt 0.483470 0.036330
vt 0.483130 0.035090
vt 0.483290 0.035030
vt 0.482780 0.033910
vt 0.482920 0.033800
vt 0.482270 0.032840
vt 0.482400 0.032700
vt 0.481620 0.031940
vt 0.481730 0.031760
vt 0.480860 0.031220
vt 0.480930 0.031020
vt 0.266946 0.388940
vt 0.266410 0.388902
vt 0.266410 0.529800
vt 0.267290 0.388965
vt 0.267850 0.389017
vt 0.267290 0.529780
vt 0.268210 0.389046
vt 0.268763 0.389097
vt 0.268210 0.529770
vt 0.269120 0.389134
vt 0.269655 0.389194
vt 0.269120 0.529780
vt 0.270000 0.389233
vt 0.270492 0.389295
vt 0.270000 0.529800
vt 0.270810 0.389331
vt 0.271241 0.389387
vt 0.270810 0.529820
vt 0.271520 0.389427
vt 0.265600 0.529820
vt 0.266094 0.388879
vt 0.265600 0.388850
vt 0.264890 0.529860
vt 0.265323 0.388838
vt 0.264890 0.388814
vt 0.044163 0.577428
vt 0.043730 0.577380
vt 0.043730 0.718540
vt 0.044440 0.577459
vt 0.042920 0.718520
vt 0.043414 0.577354
vt 0.042920 0.577314
vt 0.042040 0.718500
vt 0.042577 0.577295
vt 0.042040 0.577263
vt 0.041130 0.718500
vt 0.041685 0.577258
vt 0.041130 0.577249
vt 0.040772 0.577250
vt 0.040210 0.577251
vt 0.040210 0.718500
vt 0.039867 0.577266
vt 0.039330 0.577289
vt 0.039330 0.718520
vt 0.039014 0.577310
vt 0.038520 0.577344
vt 0.038520 0.718540
vt 0.038243 0.577371
vt 0.037810 0.577413
vt 0.037810 0.718560
vt 0.227631 0.624287
vt 0.227200 0.624305
vt 0.227200 0.764780
vt 0.227910 0.764810
vt 0.227910 0.624276
vt 0.226882 0.624315
vt 0.226390 0.624330
vt 0.226390 0.764760
vt 0.226044 0.624335
vt 0.225510 0.624347
vt 0.225510 0.764740
vt 0.225148 0.624353
vt 0.224590 0.624356
vt 0.224590 0.764740
vt 0.224232 0.624355
vt 0.223680 0.624360
vt 0.223680 0.764740
vt 0.222800 0.764760
vt 0.223334 0.624361
vt 0.222800 0.624355
vt 0.221990 0.764780
vt 0.222482 0.624350
vt 0.221990 0.624341
vt 0.221280 0.764810
vt 0.221711 0.624334
vt 0.221280 0.624322
vt 0.483990 0.033000
vt 0.483330 0.031630
vt 0.482490 0.030450
vt 0.481510 0.029530
vt 0.480410 0.028900
vt 0.479240 0.028570
vt 0.478060 0.028570
vt 0.476890 0.028900
vt 0.475790 0.029530
vt 0.474810 0.030450
vt 0.473970 0.031630
vt 0.473310 0.033000
vt 0.472850 0.034540
vt 0.472620 0.036160
vt 0.472620 0.037820
vt 0.472850 0.039450
vt 0.473310 0.040980
vt 0.473970 0.042360
vt 0.474810 0.043530
vt 0.475790 0.044450
vt 0.476890 0.045090
vt 0.478060 0.045410
vt 0.479240 0.045410
vt 0.480410 0.045090
vt 0.481510 0.044450
vt 0.482490 0.043530
vt 0.483330 0.042360
vt 0.483990 0.040980
vt 0.484450 0.039450
vt 0.484680 0.037820
vt 0.484680 0.036160
vt 0.484450 0.034540
vt 0.405840 0.094270
vt 0.406890 0.094290
vt 0.406890 0.092450
vt 0.405840 0.092430
vt 0.404920 0.094230
vt 0.404920 0.092390
vt 0.405840 0.047340
vt 0.404920 0.047300
vt 0.406890 0.047370
vt 0.408030 0.047380
vt 0.408030 0.092470
vt 0.408030 0.094310
vt 0.409210 0.092480
vt 0.409210 0.094310
vt 0.410390 0.092470
vt 0.410390 0.094310
vt 0.411530 0.092450
vt 0.411530 0.094290
vt 0.412570 0.092430
vt 0.412570 0.094270
vt 0.413490 0.092390
vt 0.413490 0.094230
vt 0.413490 0.047300
vt 0.412570 0.047340
vt 0.411530 0.047370
vt 0.410390 0.047380
vt 0.409210 0.047390
vt 0.637030 0.088630
vt 0.638210 0.088620
vt 0.638210 0.086780
vt 0.637030 0.086790
vt 0.635850 0.088620
vt 0.635850 0.086780
vt 0.634710 0.088600
vt 0.634710 0.086760
vt 0.633660 0.088580
vt 0.633660 0.086740
vt 0.632750 0.088540
vt 0.632750 0.086700
vt 0.633660 0.041650
vt 0.632750 0.041620
vt 0.634710 0.041680
vt 0.635850 0.041690
vt 0.637030 0.041700
vt 0.638210 0.041690
vt 0.639350 0.041680
vt 0.639350 0.086760
vt 0.639350 0.088600
vt 0.640400 0.086740
vt 0.640400 0.088580
vt 0.641310 0.086700
vt 0.641310 0.088540
vt 0.641310 0.041620
vt 0.640400 0.041650
vt 0.662820 0.297730
vt 0.663740 0.297780
vt 0.663740 0.295940
vt 0.662820 0.295890
vt 0.663740 0.250870
vt 0.662820 0.250820
vt 0.664790 0.250900
vt 0.664790 0.295970
vt 0.664790 0.297810
vt 0.665930 0.295990
vt 0.665930 0.297830
vt 0.667110 0.296000
vt 0.667110 0.297840
vt 0.668290 0.295990
vt 0.668290 0.297830
vt 0.669430 0.295970
vt 0.669430 0.297810
vt 0.670470 0.295940
vt 0.670470 0.297780
vt 0.671390 0.295890
vt 0.671390 0.297730
vt 0.671390 0.250820
vt 0.670470 0.250870
vt 0.669430 0.250900
vt 0.668290 0.250930
vt 0.667110 0.250930
vt 0.665930 0.250930
vt 0.666860 0.999880
vt 0.668050 0.999880
vt 0.668050 0.998040
vt 0.666860 0.998040
vt 0.665680 0.999880
vt 0.665680 0.998040
vt 0.664550 0.999860
vt 0.664550 0.998020
vt 0.663500 0.999820
vt 0.663500 0.997980
vt 0.662580 0.999770
vt 0.662580 0.997940
vt 0.663500 0.952910
vt 0.662580 0.952870
vt 0.664550 0.952950
vt 0.665680 0.952970
vt 0.666860 0.952980
vt 0.668050 0.952970
vt 0.669180 0.952950
vt 0.669180 0.998020
vt 0.669180 0.999860
vt 0.670230 0.997980
vt 0.670230 0.999820
vt 0.671150 0.997940
vt 0.671150 0.999770
vt 0.671150 0.952870
vt 0.670230 0.952910
vt 0.455674 0.859495
vt 0.455140 0.859538
vt 0.455140 0.999800
vt 0.456020 0.999820
vt 0.456020 0.859472
vt 0.456512 0.859447
vt 0.456830 0.999850
vt 0.456830 0.859430
vt 0.457261 0.859417
vt 0.457540 0.999880
vt 0.457540 0.859405
vt 0.454782 0.859571
vt 0.454230 0.859615
vt 0.454230 0.999800
vt 0.453867 0.859649
vt 0.453310 0.859707
vt 0.453310 0.999800
vt 0.452963 0.859747
vt 0.452430 0.859804
vt 0.452430 0.999820
vt 0.452110 0.859846
vt 0.451620 0.859912
vt 0.451620 0.999850
vt 0.451339 0.859951
vt 0.450910 0.860018
vt 0.450910 0.999880
vt 0.383630 0.037350
vt 0.383450 0.038600
vt 0.383610 0.038670
vt 0.383790 0.037370
vt 0.383630 0.036060
vt 0.383790 0.036040
vt 0.383450 0.034800
vt 0.383610 0.034740
vt 0.383100 0.033620
vt 0.383250 0.033510
vt 0.382590 0.032550
vt 0.382720 0.032410
vt 0.381940 0.031650
vt 0.382050 0.031470
vt 0.381180 0.030930
vt 0.381260 0.030730
vt 0.380330 0.030440
vt 0.380380 0.030230
vt 0.379430 0.030190
vt 0.379450 0.029970
vt 0.378510 0.030190
vt 0.378500 0.029970
vt 0.377610 0.030440
vt 0.377560 0.030230
vt 0.376760 0.030930
vt 0.376690 0.030730
vt 0.376000 0.031650
vt 0.375900 0.031470
vt 0.375350 0.032550
vt 0.375220 0.032410
vt 0.374840 0.033620
vt 0.374700 0.033510
vt 0.374490 0.034800
vt 0.374330 0.034740
vt 0.374310 0.036060
vt 0.374150 0.036040
vt 0.374310 0.037350
vt 0.374150 0.037370
vt 0.374490 0.038600
vt 0.374330 0.038670
vt 0.374840 0.039790
vt 0.374700 0.039890
vt 0.375350 0.040850
vt 0.375220 0.041000
vt 0.376000 0.041760
vt 0.375900 0.041940
vt 0.376760 0.042470
vt 0.376690 0.042670
vt 0.377610 0.042960
vt 0.377560 0.043180
vt 0.378510 0.043220
vt 0.378500 0.043440
vt 0.379430 0.043220
vt 0.379450 0.043440
vt 0.380330 0.042960
vt 0.380380 0.043180
vt 0.381180 0.042470
vt 0.381260 0.042670
vt 0.381940 0.041760
vt 0.382050 0.041940
vt 0.382590 0.040850
vt 0.382720 0.041000
vt 0.383100 0.039790
vt 0.383250 0.039890
vt 0.468464 0.624507
vt 0.467930 0.624469
vt 0.467930 0.764750
vt 0.468810 0.624536
vt 0.469367 0.624581
vt 0.468810 0.764740
vt 0.469730 0.624611
vt 0.470281 0.624668
vt 0.469730 0.764730
vt 0.470640 0.624705
vt 0.471173 0.624765
vt 0.470640 0.764740
vt 0.471520 0.624800
vt 0.472010 0.624856
vt 0.471520 0.764750
vt 0.472330 0.624896
vt 0.472759 0.624958
vt 0.472330 0.764780
vt 0.473040 0.624998
vt 0.467120 0.764780
vt 0.467611 0.624450
vt 0.467120 0.624415
vt 0.466410 0.764820
vt 0.466841 0.624403
vt 0.466410 0.624385
vt 0.372021 0.624295
vt 0.371590 0.624241
vt 0.371590 0.764790
vt 0.372300 0.624330
vt 0.370780 0.764770
vt 0.371272 0.624216
vt 0.370780 0.624176
vt 0.369900 0.764760
vt 0.370435 0.624160
vt 0.369900 0.624135
vt 0.368980 0.764750
vt 0.369539 0.624125
vt 0.368980 0.624110
vt 0.368623 0.624115
vt 0.368070 0.624122
vt 0.368070 0.764760
vt 0.367725 0.624133
vt 0.367190 0.624151
vt 0.367190 0.764770
vt 0.366872 0.624172
vt 0.366380 0.624205
vt 0.366380 0.764790
vt 0.366101 0.624236
vt 0.365670 0.624284
vt 0.365670 0.764820
vt 0.250869 0.624898
vt 0.250440 0.624916
vt 0.250440 0.764780
vt 0.251150 0.764810
vt 0.251150 0.624887
vt 0.250120 0.624926
vt 0.249630 0.624942
vt 0.249630 0.764760
vt 0.249282 0.624946
vt 0.248750 0.624959
vt 0.248750 0.764740
vt 0.248390 0.624964
vt 0.247840 0.624967
vt 0.247840 0.764740
vt 0.247480 0.624966
vt 0.246930 0.624971
vt 0.246930 0.764740
vt 0.246050 0.764760
vt 0.246582 0.624972
vt 0.246050 0.624967
vt 0.245240 0.764780
vt 0.245729 0.624961
vt 0.245240 0.624952
vt 0.244530 0.764810
vt 0.244959 0.624945
vt 0.244530 0.624933
vt 0.381830 0.044160
vt 0.382810 0.043240
vt 0.383650 0.042070
vt 0.384310 0.040690
vt 0.384770 0.039160
vt 0.385000 0.037530
vt 0.385000 0.035870
vt 0.384770 0.034250
vt 0.384310 0.032720
vt 0.383650 0.031340
vt 0.382810 0.030160
vt 0.381830 0.029240
vt 0.380730 0.028610
vt 0.379560 0.028290
vt 0.378380 0.028290
vt 0.377210 0.028610
vt 0.376120 0.029240
vt 0.375130 0.030160
vt 0.374290 0.031340
vt 0.373630 0.032720
vt 0.373170 0.034250
vt 0.372940 0.035870
vt 0.372940 0.037530
vt 0.373170 0.039160
vt 0.373630 0.040690
vt 0.374290 0.042070
vt 0.375130 0.043240
vt 0.376120 0.044160
vt 0.377210 0.044800
vt 0.378380 0.045120
vt 0.379560 0.045120
vt 0.380730 0.044800
vt 0.153270 0.093450
vt 0.154320 0.093480
vt 0.154320 0.091640
vt 0.153270 0.091610
vt 0.152360 0.093420
vt 0.152360 0.091580
vt 0.153270 0.046530
vt 0.152360 0.046490
vt 0.154320 0.046550
vt 0.155460 0.046570
vt 0.155460 0.091660
vt 0.155460 0.093490
vt 0.156640 0.091660
vt 0.156640 0.093500
vt 0.157820 0.091660
vt 0.157820 0.093490
vt 0.158960 0.091640
vt 0.158960 0.093480
vt 0.160010 0.091610
vt 0.160010 0.093450
vt 0.160920 0.091580
vt 0.160920 0.093420
vt 0.160920 0.046490
vt 0.160010 0.046530
vt 0.158960 0.046550
vt 0.157820 0.046570
vt 0.156640 0.046570
vt 0.462470 0.092330
vt 0.463650 0.092330
vt 0.463650 0.090490
vt 0.462470 0.090490
vt 0.461290 0.092330
vt 0.461290 0.090490
vt 0.460150 0.092310
vt 0.460150 0.090470
vt 0.459100 0.092280
vt 0.459100 0.090440
vt 0.458180 0.092250
vt 0.458180 0.090410
vt 0.459100 0.045360
vt 0.458180 0.045320
vt 0.460150 0.045380
vt 0.461290 0.045400
vt 0.462470 0.045400
vt 0.463650 0.045400
vt 0.464790 0.045380
vt 0.464790 0.090470
vt 0.464790 0.092310
vt 0.465830 0.090440
vt 0.465830 0.092280
vt 0.466750 0.090410
vt 0.466750 0.092250
vt 0.466750 0.045320
vt 0.465830 0.045360
vt 0.662580 0.763530
vt 0.663500 0.763570
vt 0.663500 0.761730
vt 0.662580 0.761690
vt 0.663500 0.716670
vt 0.662580 0.716620
vt 0.664550 0.716700
vt 0.664550 0.761770
vt 0.664550 0.763610
vt 0.665680 0.761790
vt 0.665680 0.763630
vt 0.666870 0.761800
vt 0.666870 0.763640
vt 0.668050 0.761790
vt 0.668050 0.763630
vt 0.669180 0.761770
vt 0.669180 0.763610
vt 0.670230 0.761730
vt 0.670230 0.763570
vt 0.671150 0.761690
vt 0.671150 0.763530
vt 0.671150 0.716620
vt 0.670230 0.716670
vt 0.669180 0.716700
vt 0.668050 0.716720
vt 0.666870 0.716730
vt 0.665680 0.716720
vt 0.667110 0.156320
vt 0.665930 0.156330
vt 0.665930 0.158170
vt 0.667110 0.158160
vt 0.668290 0.156330
vt 0.668290 0.158170
vt 0.669430 0.156350
vt 0.669430 0.158190
vt 0.670470 0.156390
vt 0.670470 0.158230
vt 0.671390 0.156430
vt 0.671390 0.158270
vt 0.670470 0.203290
vt 0.671390 0.203340
vt 0.669430 0.203260
vt 0.668290 0.203240
vt 0.667110 0.203230
vt 0.665930 0.203240
vt 0.664790 0.203260
vt 0.664790 0.158190
vt 0.664790 0.156350
vt 0.663740 0.158230
vt 0.663740 0.156390
vt 0.662820 0.158270
vt 0.662820 0.156430
vt 0.662820 0.203340
vt 0.663740 0.203290
vt 0.614130 0.089090
vt 0.613960 0.228740
vt 0.614130 0.228753
vt 0.613700 0.089100
vt 0.613700 0.228716
vt 0.613522 0.228699
vt 0.613250 0.089100
vt 0.613250 0.228680
vt 0.613076 0.228664
vt 0.612810 0.089100
vt 0.612810 0.228633
vt 0.612639 0.228614
vt 0.612380 0.089090
vt 0.612380 0.228590
vt 0.612221 0.228572
vt 0.611980 0.089080
vt 0.611980 0.228539
vt 0.611841 0.228519
vt 0.611630 0.089060
vt 0.611630 0.228489
vt 0.614372 0.228764
vt 0.614530 0.089080
vt 0.614530 0.228775
vt 0.614741 0.228783
vt 0.614880 0.089060
vt 0.614880 0.228789
vt 0.614160 0.088890
vt 0.613720 0.088900
vt 0.613250 0.088900
vt 0.612790 0.088900
vt 0.612350 0.088890
vt 0.611940 0.088880
vt 0.611580 0.088860
vt 0.614570 0.088880
vt 0.614930 0.088860
vt 0.633100 0.252447
vt 0.633530 0.392110
vt 0.633270 0.252435
vt 0.633530 0.252418
vt 0.633930 0.392120
vt 0.633688 0.252408
vt 0.633930 0.252399
vt 0.634280 0.392140
vt 0.634069 0.252395
vt 0.634280 0.252382
vt 0.632834 0.252471
vt 0.633100 0.392100
vt 0.632660 0.252488
vt 0.632388 0.252513
vt 0.632660 0.392100
vt 0.632210 0.252529
vt 0.631951 0.252560
vt 0.632210 0.392100
vt 0.631780 0.252580
vt 0.631539 0.252615
vt 0.631780 0.392110
vt 0.631380 0.252634
vt 0.631169 0.252661
vt 0.631380 0.392120
vt 0.631030 0.252683
vt 0.572830 0.556038
vt 0.573180 0.695840
vt 0.572968 0.556025
vt 0.573180 0.556004
vt 0.573570 0.695830
vt 0.573334 0.555993
vt 0.573570 0.555977
vt 0.574000 0.695820
vt 0.573740 0.555970
vt 0.574000 0.555958
vt 0.574178 0.555958
vt 0.574450 0.695820
vt 0.574450 0.555957
vt 0.574628 0.555960
vt 0.574900 0.695820
vt 0.574900 0.555964
vt 0.575070 0.555974
vt 0.575330 0.695830
vt 0.575330 0.555990
vt 0.575488 0.556002
vt 0.575730 0.695840
vt 0.575730 0.556022
vt 0.575865 0.556037
vt 0.576070 0.695850
vt 0.576070 0.556061
vt 0.004200 0.483300
vt 0.004339 0.343813
vt 0.004200 0.343811
vt 0.004550 0.483280
vt 0.004550 0.343815
vt 0.004705 0.343818
vt 0.004940 0.483270
vt 0.004940 0.343822
vt 0.005111 0.343825
vt 0.005370 0.483270
vt 0.005370 0.343831
vt 0.005549 0.343831
vt 0.005820 0.483270
vt 0.005820 0.343832
vt 0.006270 0.483270
vt 0.005999 0.343829
vt 0.006270 0.343825
vt 0.006700 0.483270
vt 0.006441 0.343819
vt 0.006700 0.343810
vt 0.007100 0.483280
vt 0.006859 0.343805
vt 0.007100 0.343797
vt 0.007440 0.483300
vt 0.007235 0.343794
vt 0.007440 0.343788
vt 0.577470 0.019980
vt 0.577640 0.020770
vt 0.578180 0.020460
vt 0.577900 0.019730
vt 0.578660 0.020010
vt 0.578280 0.019370
vt 0.579070 0.019440
vt 0.578610 0.018910
vt 0.579390 0.018760
vt 0.578870 0.018370
vt 0.579620 0.018010
vt 0.579050 0.017770
vt 0.579730 0.017210
vt 0.579140 0.017130
vt 0.579730 0.016400
vt 0.579140 0.016480
vt 0.579620 0.015600
vt 0.579050 0.015840
vt 0.579390 0.014850
vt 0.578870 0.015240
vt 0.579070 0.014180
vt 0.578610 0.014700
vt 0.578660 0.013600
vt 0.578280 0.014240
vt 0.578180 0.013150
vt 0.577900 0.013880
vt 0.577640 0.012840
vt 0.577470 0.013630
vt 0.577070 0.012680
vt 0.577010 0.013510
vt 0.576490 0.012680
vt 0.576540 0.013510
vt 0.575920 0.012840
vt 0.576090 0.013630
vt 0.575380 0.013150
vt 0.575660 0.013880
vt 0.574900 0.013600
vt 0.575270 0.014240
vt 0.574480 0.014180
vt 0.574940 0.014700
vt 0.574160 0.014850
vt 0.574680 0.015240
vt 0.573940 0.015600
vt 0.574510 0.015840
vt 0.573820 0.016400
vt 0.574410 0.016480
vt 0.573820 0.017210
vt 0.574410 0.017130
vt 0.573940 0.018010
vt 0.574510 0.017770
vt 0.574160 0.018760
vt 0.574680 0.018370
vt 0.574480 0.019440
vt 0.574940 0.018910
vt 0.574900 0.020010
vt 0.575270 0.019370
vt 0.575380 0.020460
vt 0.575660 0.019730
vt 0.575920 0.020770
vt 0.576090 0.019980
vt 0.576490 0.020930
vt 0.576540 0.020110
vt 0.577070 0.020930
vt 0.577010 0.020110
vt 0.633120 0.392300
vt 0.633560 0.392310
vt 0.633970 0.392320
vt 0.634330 0.392340
vt 0.632660 0.392300
vt 0.632190 0.392300
vt 0.631750 0.392310
vt 0.631340 0.392320
vt 0.631030 0.392140
vt 0.630980 0.392340
vt 0.572830 0.695850
vt 0.572770 0.696050
vt 0.573130 0.696040
vt 0.573540 0.696030
vt 0.573990 0.696020
vt 0.574450 0.696020
vt 0.574910 0.696020
vt 0.575360 0.696030
vt 0.575770 0.696040
vt 0.576130 0.696050
vt 0.004140 0.483500
vt 0.004500 0.483480
vt 0.004910 0.483470
vt 0.005360 0.483470
vt 0.005820 0.483460
vt 0.006280 0.483470
vt 0.006730 0.483470
vt 0.007140 0.483480
vt 0.007500 0.483500
vt 0.080570 0.065640
vt 0.080570 0.063800
vt 0.080060 0.063820
vt 0.080060 0.065660
vt 0.079500 0.063830
vt 0.079500 0.065670
vt 0.078920 0.063830
vt 0.078920 0.065670
vt 0.078340 0.063830
vt 0.078340 0.065670
vt 0.077780 0.063820
vt 0.077780 0.065660
vt 0.077270 0.063800
vt 0.077270 0.065640
vt 0.076820 0.063790
vt 0.076820 0.065630
vt 0.076820 0.018700
vt 0.077270 0.018720
vt 0.077780 0.018730
vt 0.078340 0.018740
vt 0.078920 0.018740
vt 0.079500 0.018740
vt 0.080060 0.018730
vt 0.080570 0.018720
vt 0.081020 0.063790
vt 0.081020 0.065630
vt 0.081020 0.018700
vt 0.383770 0.045400
vt 0.383770 0.047240
vt 0.384350 0.047240
vt 0.384350 0.045400
vt 0.384910 0.047250
vt 0.384910 0.045410
vt 0.385420 0.047260
vt 0.385420 0.045420
vt 0.385870 0.047280
vt 0.385870 0.045440
vt 0.385870 0.092370
vt 0.385420 0.092350
vt 0.384910 0.092340
vt 0.384350 0.092330
vt 0.383770 0.092320
vt 0.383200 0.047240
vt 0.383200 0.045400
vt 0.382640 0.045410
vt 0.382640 0.047250
vt 0.382130 0.045420
vt 0.382130 0.047260
vt 0.381680 0.045440
vt 0.381680 0.047280
vt 0.382130 0.092350
vt 0.381680 0.092370
vt 0.382640 0.092340
vt 0.383200 0.092330
vt 0.708560 0.323380
vt 0.708560 0.325220
vt 0.709010 0.325200
vt 0.709010 0.323360
vt 0.709520 0.325180
vt 0.709520 0.323340
vt 0.710080 0.325170
vt 0.710080 0.323330
vt 0.710660 0.325170
vt 0.710660 0.323330
vt 0.711240 0.325170
vt 0.711240 0.323330
vt 0.711790 0.325180
vt 0.711790 0.323340
vt 0.712310 0.325200
vt 0.712310 0.323360
vt 0.712760 0.325220
vt 0.712760 0.323380
vt 0.712760 0.370290
vt 0.712310 0.370270
vt 0.711790 0.370250
vt 0.711240 0.370240
vt 0.710660 0.370240
vt 0.710080 0.370240
vt 0.709520 0.370250
vt 0.709010 0.370270
vt 0.708560 0.370290
vt 0.709900 0.066750
vt 0.709900 0.068590
vt 0.710480 0.068590
vt 0.710480 0.066750
vt 0.711040 0.068600
vt 0.711040 0.066760
vt 0.711550 0.068620
vt 0.711550 0.066780
vt 0.712000 0.068640
vt 0.712000 0.066800
vt 0.712000 0.113710
vt 0.711550 0.113690
vt 0.711040 0.113670
vt 0.710480 0.113660
vt 0.709900 0.113660
vt 0.709320 0.068590
vt 0.709320 0.066750
vt 0.708770 0.066760
vt 0.708770 0.068600
vt 0.708250 0.066780
vt 0.708250 0.068620
vt 0.707800 0.066800
vt 0.707800 0.068640
vt 0.708250 0.113690
vt 0.707800 0.113710
vt 0.708770 0.113670
vt 0.709320 0.113660
vt 0.187930 0.529500
vt 0.188140 0.389996
vt 0.187930 0.389980
vt 0.188460 0.529490
vt 0.188460 0.390020
vt 0.188678 0.390040
vt 0.189010 0.529490
vt 0.189010 0.390072
vt 0.189232 0.390092
vt 0.189570 0.529490
vt 0.189570 0.390122
vt 0.189781 0.390146
vt 0.190100 0.529500
vt 0.190100 0.390181
vt 0.190295 0.390206
vt 0.190590 0.529520
vt 0.190590 0.390244
vt 0.190761 0.390267
vt 0.191020 0.529540
vt 0.191020 0.390301
vt 0.187628 0.389963
vt 0.187430 0.529520
vt 0.187430 0.389952
vt 0.187170 0.389939
vt 0.187000 0.529540
vt 0.187000 0.389930
vt 0.187890 0.529700
vt 0.188440 0.529690
vt 0.189010 0.529680
vt 0.189590 0.529690
vt 0.190140 0.529700
vt 0.190640 0.529710
vt 0.191090 0.529740
vt 0.187380 0.529710
vt 0.186930 0.529740
vt 0.197490 0.389987
vt 0.198020 0.529500
vt 0.197700 0.389972
vt 0.198020 0.389943
vt 0.198510 0.529520
vt 0.198214 0.389933
vt 0.198510 0.389919
vt 0.198940 0.529540
vt 0.198680 0.389912
vt 0.198940 0.389902
vt 0.197152 0.390012
vt 0.197490 0.529490
vt 0.196930 0.390032
vt 0.196598 0.390069
vt 0.196930 0.529490
vt 0.196380 0.390089
vt 0.196055 0.390120
vt 0.196380 0.529490
vt 0.195840 0.390144
vt 0.195545 0.390184
vt 0.195840 0.529500
vt 0.195350 0.390211
vt 0.195091 0.390249
vt 0.195350 0.529520
vt 0.194920 0.390273
vt 0.519260 0.859994
vt 0.519690 0.999670
vt 0.519430 0.859978
vt 0.519690 0.859948
vt 0.520180 0.999660
vt 0.519884 0.859936
vt 0.520180 0.859917
vt 0.520710 0.999650
vt 0.520390 0.859909
vt 0.520710 0.859896
vt 0.520932 0.859895
vt 0.521270 0.999650
vt 0.521270 0.859895
vt 0.521488 0.859898
vt 0.521820 0.999650
vt 0.521820 0.859904
vt 0.522030 0.859915
vt 0.522350 0.999660
vt 0.522350 0.859932
vt 0.522544 0.859947
vt 0.522840 0.999670
vt 0.522846 0.859970
vt 0.523020 0.859988
vt 0.523280 0.999680
vt 0.523280 0.860022
vt 0.528780 0.695850
vt 0.528955 0.556565
vt 0.528780 0.556557
vt 0.529220 0.695840
vt 0.529220 0.556577
vt 0.529415 0.556577
vt 0.529710 0.695820
vt 0.529710 0.556584
vt 0.529921 0.556588
vt 0.530240 0.695820
vt 0.530240 0.556589
vt 0.530459 0.556585
vt 0.530790 0.695810
vt 0.530790 0.556586
vt 0.531350 0.695820
vt 0.531013 0.556587
vt 0.531350 0.556581
vt 0.531880 0.695820
vt 0.531561 0.556574
vt 0.531880 0.556569
vt 0.532370 0.695840
vt 0.532075 0.556566
vt 0.532370 0.556555
vt 0.532800 0.695850
vt 0.532541 0.556545
vt 0.532800 0.556529
vt 0.371990 0.133520
vt 0.372720 0.133620
vt 0.372720 0.132610
vt 0.371990 0.132710
vt 0.372580 0.131630
vt 0.371870 0.131920
vt 0.372300 0.130700
vt 0.371650 0.131180
vt 0.371900 0.129860
vt 0.371330 0.130510
vt 0.371390 0.129150
vt 0.370930 0.129940
vt 0.370790 0.128590
vt 0.370450 0.129500
vt 0.370130 0.128210
vt 0.369920 0.129190
vt 0.369420 0.128010
vt 0.369350 0.129030
vt 0.368700 0.128010
vt 0.368770 0.129030
vt 0.368000 0.128210
vt 0.368210 0.129190
vt 0.367330 0.128590
vt 0.367680 0.129500
vt 0.366730 0.129150
vt 0.367200 0.129940
vt 0.366220 0.129860
vt 0.366790 0.130510
vt 0.365820 0.130700
vt 0.366470 0.131180
vt 0.365550 0.131630
vt 0.366250 0.131920
vt 0.365410 0.132610
vt 0.366140 0.132710
vt 0.365410 0.133620
vt 0.366140 0.133520
vt 0.365550 0.134600
vt 0.366250 0.134310
vt 0.365820 0.135530
vt 0.366470 0.135050
vt 0.366220 0.136370
vt 0.366790 0.135720
vt 0.366730 0.137080
vt 0.367200 0.136290
vt 0.367330 0.137640
vt 0.367680 0.136730
vt 0.368000 0.138020
vt 0.368210 0.137040
vt 0.368700 0.138220
vt 0.368770 0.137200
vt 0.369420 0.138220
vt 0.369350 0.137200
vt 0.370130 0.138020
vt 0.369920 0.137040
vt 0.370790 0.137640
vt 0.370450 0.136730
vt 0.371390 0.137080
vt 0.370930 0.136290
vt 0.371900 0.136370
vt 0.371330 0.135720
vt 0.372300 0.135530
vt 0.371650 0.135050
vt 0.372580 0.134600
vt 0.371870 0.134310
vt 0.197500 0.529690
vt 0.198060 0.529700
vt 0.198560 0.529720
vt 0.199010 0.529740
vt 0.196930 0.529680
vt 0.196360 0.529690
vt 0.195810 0.529700
vt 0.195300 0.529720
vt 0.194920 0.529540
vt 0.194850 0.529740
vt 0.519260 0.999680
vt 0.519190 0.999880
vt 0.519630 0.999870
vt 0.520140 0.999850
vt 0.520690 0.999850
vt 0.521270 0.999840
vt 0.521840 0.999850
vt 0.522390 0.999850
vt 0.522900 0.999870
vt 0.523340 0.999880
vt 0.528720 0.696050
vt 0.529160 0.696040
vt 0.529670 0.696020
vt 0.530220 0.696010
vt 0.530790 0.696010
vt 0.531370 0.696010
vt 0.531920 0.696020
vt 0.532430 0.696040
vt 0.532870 0.696050
vt 0.533950 0.182440
vt 0.533950 0.180600
vt 0.533320 0.180620
vt 0.533320 0.182460
vt 0.532630 0.180630
vt 0.532630 0.182470
vt 0.531910 0.180630
vt 0.531910 0.182470
vt 0.531200 0.180630
vt 0.531200 0.182470
vt 0.530510 0.180620
vt 0.530510 0.182460
vt 0.529870 0.180600
vt 0.529870 0.182440
vt 0.529320 0.180580
vt 0.529320 0.182420
vt 0.529320 0.135490
vt 0.529870 0.135510
vt 0.530510 0.135530
vt 0.531200 0.135540
vt 0.531910 0.135540
vt 0.532630 0.135540
vt 0.533320 0.135530
vt 0.533950 0.135510
vt 0.534510 0.180580
vt 0.534510 0.182420
vt 0.534510 0.135490
vt 0.496870 0.131800
vt 0.496870 0.133640
vt 0.497590 0.133640
vt 0.497590 0.131800
vt 0.498280 0.133650
vt 0.498280 0.131810
vt 0.498910 0.133670
vt 0.498910 0.131830
vt 0.499470 0.133690
vt 0.499470 0.131850
vt 0.499470 0.178780
vt 0.498910 0.178750
vt 0.498280 0.178740
vt 0.497590 0.178730
vt 0.496870 0.178730
vt 0.496160 0.133640
vt 0.496160 0.131800
vt 0.495470 0.131810
vt 0.495470 0.133650
vt 0.494830 0.131830
vt 0.494830 0.133670
vt 0.494280 0.131850
vt 0.494280 0.133690
vt 0.494830 0.178750
vt 0.494280 0.178780
vt 0.495470 0.178740
vt 0.496160 0.178730
vt 0.694590 0.649140
vt 0.694590 0.650980
vt 0.695140 0.650960
vt 0.695140 0.649120
vt 0.695780 0.650930
vt 0.695780 0.649100
vt 0.696470 0.650920
vt 0.696470 0.649080
vt 0.697180 0.650920
vt 0.697180 0.649080
vt 0.697900 0.650920
vt 0.697900 0.649080
vt 0.698590 0.650930
vt 0.698590 0.649100
vt 0.699220 0.650960
vt 0.699220 0.649120
vt 0.699780 0.650980
vt 0.699780 0.649140
vt 0.699780 0.696050
vt 0.699220 0.696020
vt 0.698590 0.696000
vt 0.697900 0.695990
vt 0.697180 0.695990
vt 0.696470 0.695990
vt 0.695780 0.696000
vt 0.695140 0.696020
vt 0.694590 0.696050
vt 0.697180 0.905460
vt 0.697180 0.903630
vt 0.696470 0.903620
vt 0.696470 0.905460
vt 0.695780 0.903610
vt 0.695780 0.905450
vt 0.695140 0.903590
vt 0.695140 0.905430
vt 0.694590 0.903560
vt 0.694590 0.905400
vt 0.694590 0.858490
vt 0.695140 0.858520
vt 0.695780 0.858540
vt 0.696470 0.858550
vt 0.697180 0.858560
vt 0.697900 0.903620
vt 0.697900 0.905460
vt 0.698590 0.905450
vt 0.698590 0.903610
vt 0.699220 0.905430
vt 0.699220 0.903590
vt 0.699780 0.905400
vt 0.699780 0.903560
vt 0.699220 0.858520
vt 0.699780 0.858490
vt 0.698590 0.858540
vt 0.697900 0.858550
vt 0.624020 0.392110
vt 0.624193 0.253863
vt 0.624020 0.253850
vt 0.624450 0.392100
vt 0.624450 0.253881
vt 0.624631 0.253898
vt 0.624900 0.392100
vt 0.624900 0.253923
vt 0.625077 0.253939
vt 0.625340 0.392100
vt 0.625340 0.253964
vt 0.625513 0.253983
vt 0.625770 0.392110
vt 0.625770 0.254013
vt 0.625931 0.254031
vt 0.626170 0.392120
vt 0.626170 0.254064
vt 0.626311 0.254084
vt 0.626520 0.392140
vt 0.626520 0.254108
vt 0.623781 0.253839
vt 0.623620 0.392120
vt 0.623620 0.253828
vt 0.623411 0.253814
vt 0.623270 0.392140
vt 0.623270 0.253808
vt 0.623990 0.392310
vt 0.624430 0.392300
vt 0.624900 0.392300
vt 0.625360 0.392300
vt 0.625800 0.392310
vt 0.626210 0.392320
vt 0.626570 0.392340
vt 0.623580 0.392320
vt 0.623220 0.392340
vt 0.640860 0.557565
vt 0.641290 0.695820
vt 0.641033 0.557554
vt 0.641290 0.557536
vt 0.641690 0.695840
vt 0.641451 0.557530
vt 0.641690 0.557515
vt 0.642040 0.695850
vt 0.641831 0.557507
vt 0.642040 0.557501
vt 0.640597 0.557590
vt 0.640860 0.695810
vt 0.640420 0.557606
vt 0.640151 0.557631
vt 0.640420 0.695810
vt 0.639970 0.557648
vt 0.639713 0.557678
vt 0.639970 0.695810
vt 0.639540 0.557699
vt 0.639301 0.557728
vt 0.639540 0.695820
vt 0.639140 0.557751
vt 0.638931 0.557783
vt 0.639140 0.695840
vt 0.638790 0.557801
vt 0.580590 0.557441
vt 0.580940 0.695840
vt 0.580731 0.557428
vt 0.580940 0.557407
vt 0.581330 0.695830
vt 0.581097 0.557397
vt 0.581330 0.557380
vt 0.581760 0.695820
vt 0.581503 0.557373
vt 0.581760 0.557361
vt 0.582210 0.695820
vt 0.581941 0.557361
vt 0.582210 0.557360
vt 0.582391 0.557363
vt 0.582660 0.695820
vt 0.582660 0.557368
vt 0.582833 0.557378
vt 0.583090 0.695830
vt 0.583090 0.557393
vt 0.583251 0.557406
vt 0.583490 0.695840
vt 0.583490 0.557425
vt 0.583627 0.557441
vt 0.583830 0.695850
vt 0.583830 0.557464
vt 0.037570 0.483300
vt 0.037711 0.345216
vt 0.037570 0.345214
vt 0.037920 0.483280
vt 0.037920 0.345218
vt 0.038077 0.345221
vt 0.038310 0.483270
vt 0.038310 0.345225
vt 0.038483 0.345229
vt 0.038740 0.483270
vt 0.038740 0.345234
vt 0.038922 0.345231
vt 0.039190 0.483260
vt 0.039190 0.345225
vt 0.039640 0.483270
vt 0.039372 0.345226
vt 0.039640 0.345228
vt 0.040070 0.483270
vt 0.039813 0.345222
vt 0.040070 0.345213
vt 0.040470 0.483280
vt 0.040231 0.345208
vt 0.040470 0.345200
vt 0.040810 0.483300
vt 0.040607 0.345197
vt 0.040810 0.345192
vt 0.312870 0.013710
vt 0.313150 0.014440
vt 0.313630 0.013990
vt 0.313260 0.013350
vt 0.314040 0.013420
vt 0.313590 0.012890
vt 0.314370 0.012740
vt 0.313850 0.012350
vt 0.314590 0.011990
vt 0.314020 0.011750
vt 0.314700 0.011200
vt 0.314110 0.011110
vt 0.314700 0.010380
vt 0.314110 0.010460
vt 0.314590 0.009590
vt 0.314020 0.009830
vt 0.314370 0.008840
vt 0.313850 0.009230
vt 0.314040 0.008160
vt 0.313590 0.008690
vt 0.313630 0.007590
vt 0.313260 0.008230
vt 0.313150 0.007140
vt 0.312870 0.007870
vt 0.312610 0.006820
vt 0.312440 0.007620
vt 0.312040 0.006670
vt 0.311980 0.007490
vt 0.311460 0.006670
vt 0.311520 0.007490
vt 0.310890 0.006820
vt 0.311060 0.007620
vt 0.310350 0.007140
vt 0.310630 0.007870
vt 0.309870 0.007590
vt 0.310250 0.008230
vt 0.309460 0.008160
vt 0.309920 0.008690
vt 0.309130 0.008840
vt 0.309660 0.009230
vt 0.308910 0.009590
vt 0.309480 0.009830
vt 0.308800 0.010380
vt 0.309390 0.010460
vt 0.308800 0.011200
vt 0.309390 0.011110
vt 0.308910 0.011990
vt 0.309480 0.011750
vt 0.309130 0.012740
vt 0.309660 0.012350
vt 0.309460 0.013420
vt 0.309920 0.012890
vt 0.309870 0.013990
vt 0.310250 0.013350
vt 0.310350 0.014440
vt 0.310630 0.013710
vt 0.310890 0.014750
vt 0.311060 0.013960
vt 0.311460 0.014910
vt 0.311520 0.014090
vt 0.312040 0.014910
vt 0.311980 0.014090
vt 0.312610 0.014750
vt 0.312440 0.013960
vt 0.640880 0.696010
vt 0.641330 0.696020
vt 0.641740 0.696030
vt 0.642100 0.696050
vt 0.640420 0.696010
vt 0.639950 0.696010
vt 0.639510 0.696020
vt 0.639100 0.696030
vt 0.638790 0.695850
vt 0.638740 0.696050
vt 0.580590 0.695850
vt 0.580530 0.696050
vt 0.580890 0.696040
vt 0.581300 0.696030
vt 0.581750 0.696020
vt 0.582210 0.696020
vt 0.582670 0.696020
vt 0.583120 0.696030
vt 0.583530 0.696040
vt 0.583890 0.696050
vt 0.037510 0.483500
vt 0.037870 0.483480
vt 0.038280 0.483470
vt 0.038730 0.483460
vt 0.039190 0.483460
vt 0.039650 0.483460
vt 0.040100 0.483470
vt 0.040510 0.483480
vt 0.040870 0.483500
vt 0.531200 0.068370
vt 0.531200 0.066530
vt 0.530690 0.066540
vt 0.530690 0.068380
vt 0.530130 0.066550
vt 0.530130 0.068390
vt 0.529560 0.066550
vt 0.529560 0.068390
vt 0.528980 0.066550
vt 0.528980 0.068390
vt 0.528420 0.066540
vt 0.528420 0.068380
vt 0.527910 0.066530
vt 0.527910 0.068370
vt 0.527460 0.066510
vt 0.527460 0.068350
vt 0.527460 0.021430
vt 0.527910 0.021440
vt 0.528420 0.021460
vt 0.528980 0.021460
vt 0.529560 0.021470
vt 0.530130 0.021460
vt 0.530690 0.021460
vt 0.531200 0.021440
vt 0.531650 0.066510
vt 0.531650 0.068350
vt 0.531650 0.021430
vt 0.288170 0.133420
vt 0.288170 0.135260
vt 0.288750 0.135260
vt 0.288750 0.133420
vt 0.289300 0.135270
vt 0.289300 0.133430
vt 0.289820 0.135280
vt 0.289820 0.133440
vt 0.290270 0.135300
vt 0.290270 0.133460
vt 0.290270 0.180380
vt 0.289820 0.180370
vt 0.289300 0.180350
vt 0.288750 0.180350
vt 0.288170 0.180340
vt 0.287590 0.135260
vt 0.287590 0.133420
vt 0.287030 0.133430
vt 0.287030 0.135270
vt 0.286520 0.133440
vt 0.286520 0.135280
vt 0.286070 0.133460
vt 0.286070 0.135300
vt 0.286520 0.180370
vt 0.286070 0.180380
vt 0.287030 0.180350
vt 0.287590 0.180350
vt 0.704310 0.601950
vt 0.704310 0.603790
vt 0.704760 0.603770
vt 0.704760 0.601930
vt 0.705270 0.603750
vt 0.705270 0.601910
vt 0.705830 0.603740
vt 0.705830 0.601900
vt 0.706410 0.603740
vt 0.706410 0.601900
vt 0.706990 0.603740
vt 0.706990 0.601900
vt 0.707540 0.603750
vt 0.707540 0.601910
vt 0.708050 0.603770
vt 0.708050 0.601930
vt 0.708500 0.603790
vt 0.708500 0.601950
vt 0.708500 0.648860
vt 0.708050 0.648840
vt 0.707540 0.648820
vt 0.706990 0.648810
vt 0.706410 0.648800
vt 0.705830 0.648810
vt 0.705270 0.648820
vt 0.704760 0.648840
vt 0.704310 0.648860
vt 0.706410 0.554420
vt 0.706410 0.552580
vt 0.705830 0.552570
vt 0.705830 0.554410
vt 0.705270 0.552560
vt 0.705270 0.554400
vt 0.704760 0.552550
vt 0.704760 0.554390
vt 0.704310 0.552520
vt 0.704310 0.554360
vt 0.704310 0.507460
vt 0.704760 0.507480
vt 0.705270 0.507490
vt 0.705830 0.507510
vt 0.706410 0.507510
vt 0.706990 0.552570
vt 0.706990 0.554410
vt 0.707540 0.554400
vt 0.707540 0.552560
vt 0.708050 0.554390
vt 0.708050 0.552550
vt 0.708500 0.554360
vt 0.708500 0.552520
vt 0.708050 0.507480
vt 0.708500 0.507460
vt 0.707540 0.507490
vt 0.706990 0.507510
vt 0.183160 0.529500
vt 0.183377 0.391007
vt 0.183160 0.390990
vt 0.183700 0.529490
vt 0.183700 0.391031
vt 0.183921 0.391052
vt 0.184250 0.529490
vt 0.184250 0.391082
vt 0.184471 0.391103
vt 0.184800 0.529490
vt 0.184800 0.391133
vt 0.185017 0.391157
vt 0.185340 0.529500
vt 0.185340 0.391191
vt 0.185537 0.391217
vt 0.185830 0.529520
vt 0.185830 0.391255
vt 0.186003 0.391278
vt 0.186260 0.529540
vt 0.186260 0.391312
vt 0.182866 0.390974
vt 0.182670 0.529520
vt 0.182670 0.390963
vt 0.182412 0.390950
vt 0.182240 0.529540
vt 0.182240 0.390941
vt 0.183130 0.529700
vt 0.183680 0.529690
vt 0.184250 0.529680
vt 0.184820 0.529690
vt 0.185370 0.529700
vt 0.185880 0.529710
vt 0.186330 0.529740
vt 0.182620 0.529710
vt 0.182170 0.529740
vt 0.362070 0.391002
vt 0.362610 0.529510
vt 0.362287 0.390987
vt 0.362604 0.390964
vt 0.363100 0.529530
vt 0.362800 0.390954
vt 0.363100 0.390940
vt 0.363530 0.529550
vt 0.363272 0.390933
vt 0.363530 0.390923
vt 0.361741 0.391032
vt 0.362070 0.529500
vt 0.361520 0.391053
vt 0.361185 0.391084
vt 0.361520 0.529500
vt 0.360960 0.391104
vt 0.360643 0.391140
vt 0.360960 0.529500
vt 0.360430 0.391165
vt 0.360137 0.391205
vt 0.360430 0.529510
vt 0.359940 0.391232
vt 0.359683 0.391269
vt 0.359940 0.529530
vt 0.359510 0.391294
vt 0.504970 0.557169
vt 0.505400 0.695840
vt 0.505142 0.557153
vt 0.505400 0.557129
vt 0.505890 0.695820
vt 0.505596 0.557113
vt 0.505890 0.557088
vt 0.506420 0.695820
vt 0.506102 0.557084
vt 0.506420 0.557077
vt 0.506644 0.557073
vt 0.506980 0.695810
vt 0.506980 0.557066
vt 0.507200 0.557073
vt 0.507530 0.695820
vt 0.507530 0.557085
vt 0.507746 0.557092
vt 0.508070 0.695820
vt 0.508070 0.557104
vt 0.508266 0.557123
vt 0.508560 0.695840
vt 0.508560 0.557151
vt 0.508732 0.557170
vt 0.508990 0.695850
vt 0.508990 0.557197
vt 0.519260 0.695850
vt 0.519433 0.557577
vt 0.519260 0.557569
vt 0.519690 0.695840
vt 0.519690 0.557588
vt 0.519887 0.557589
vt 0.520180 0.695820
vt 0.520180 0.557589
vt 0.520393 0.557594
vt 0.520710 0.695820
vt 0.520710 0.557600
vt 0.520935 0.557597
vt 0.521270 0.695810
vt 0.521270 0.557591
vt 0.521820 0.695820
vt 0.521491 0.557592
vt 0.521820 0.557593
vt 0.522350 0.695820
vt 0.522033 0.557585
vt 0.522350 0.557574
vt 0.522850 0.695840
vt 0.522551 0.557571
vt 0.522850 0.557566
vt 0.523280 0.695850
vt 0.523023 0.557556
vt 0.523280 0.557541
vt 0.663890 0.117560
vt 0.663240 0.117080
vt 0.662960 0.118010
vt 0.663670 0.118300
vt 0.662820 0.118990
vt 0.663550 0.119090
vt 0.662820 0.120000
vt 0.663550 0.119900
vt 0.662960 0.120980
vt 0.663670 0.120690
vt 0.663240 0.121910
vt 0.663890 0.121430
vt 0.663640 0.122750
vt 0.664210 0.122100
vt 0.664150 0.123460
vt 0.664610 0.122670
vt 0.664750 0.124020
vt 0.665090 0.123110
vt 0.665410 0.124400
vt 0.665630 0.123420
vt 0.666120 0.124600
vt 0.666190 0.123580
vt 0.666840 0.124600
vt 0.666770 0.123580
vt 0.667540 0.124400
vt 0.667330 0.123420
vt 0.668210 0.124020
vt 0.667860 0.123110
vt 0.668810 0.123460
vt 0.668340 0.122670
vt 0.669320 0.122750
vt 0.668750 0.122100
vt 0.669720 0.121910
vt 0.669070 0.121430
vt 0.669990 0.120980
vt 0.669290 0.120690
vt 0.670130 0.120000
vt 0.669400 0.119900
vt 0.670130 0.118990
vt 0.669400 0.119090
vt 0.669990 0.118010
vt 0.669290 0.118300
vt 0.669720 0.117080
vt 0.669070 0.117560
vt 0.669320 0.116240
vt 0.668750 0.116890
vt 0.668810 0.115530
vt 0.668340 0.116320
vt 0.668210 0.114970
vt 0.667860 0.115880
vt 0.667540 0.114590
vt 0.667330 0.115570
vt 0.666840 0.114390
vt 0.666770 0.115410
vt 0.666120 0.114390
vt 0.666190 0.115410
vt 0.665410 0.114590
vt 0.665630 0.115570
vt 0.664750 0.114970
vt 0.665090 0.115880
vt 0.664150 0.115530
vt 0.664610 0.116320
vt 0.663640 0.116240
vt 0.664210 0.116890
vt 0.362090 0.529700
vt 0.362640 0.529710
vt 0.363150 0.529720
vt 0.363600 0.529750
vt 0.361520 0.529690
vt 0.360940 0.529700
vt 0.360390 0.529710
vt 0.359890 0.529730
vt 0.359510 0.529550
vt 0.359440 0.529750
vt 0.504970 0.695850
vt 0.504900 0.696050
vt 0.505350 0.696030
vt 0.505850 0.696020
vt 0.506400 0.696010
vt 0.506980 0.696010
vt 0.507550 0.696010
vt 0.508100 0.696020
vt 0.508610 0.696030
vt 0.509060 0.696050
vt 0.519190 0.696050
vt 0.519630 0.696030
vt 0.520140 0.696020
vt 0.520690 0.696010
vt 0.521270 0.696010
vt 0.521840 0.696010
vt 0.522390 0.696020
vt 0.522900 0.696030
vt 0.523340 0.696050
vt 0.151140 0.141470
vt 0.151140 0.139630
vt 0.150510 0.139640
vt 0.150510 0.141480
vt 0.149820 0.139650
vt 0.149820 0.141490
vt 0.149100 0.139660
vt 0.149100 0.141500
vt 0.148390 0.139650
vt 0.148390 0.141490
vt 0.147700 0.139640
vt 0.147700 0.141480
vt 0.147060 0.139630
vt 0.147060 0.141470
vt 0.146510 0.139610
vt 0.146510 0.141450
vt 0.146510 0.094520
vt 0.147060 0.094540
vt 0.147700 0.094560
vt 0.148390 0.094570
vt 0.149100 0.094570
vt 0.149820 0.094570
vt 0.150510 0.094560
vt 0.151140 0.094540
vt 0.151700 0.139610
vt 0.151700 0.141450
vt 0.151700 0.094520
vt 0.254350 0.159320
vt 0.254350 0.161160
vt 0.255070 0.161160
vt 0.255070 0.159320
vt 0.255760 0.161170
vt 0.255760 0.159330
vt 0.256390 0.161190
vt 0.256390 0.159350
vt 0.256950 0.161210
vt 0.256950 0.159370
vt 0.256950 0.206300
vt 0.256390 0.206280
vt 0.255760 0.206260
vt 0.255070 0.206250
vt 0.254350 0.206250
vt 0.253640 0.161160
vt 0.253640 0.159320
vt 0.252950 0.159330
vt 0.252950 0.161170
vt 0.252310 0.159350
vt 0.252310 0.161190
vt 0.251760 0.159370
vt 0.251760 0.161210
vt 0.252310 0.206280
vt 0.251760 0.206300
vt 0.252950 0.206260
vt 0.253640 0.206250
vt 0.694590 0.811350
vt 0.694590 0.813190
vt 0.695140 0.813160
vt 0.695140 0.811320
vt 0.695780 0.813140
vt 0.695780 0.811300
vt 0.696470 0.813120
vt 0.696470 0.811280
vt 0.697180 0.813120
vt 0.697180 0.811280
vt 0.697900 0.813120
vt 0.697900 0.811280
vt 0.698590 0.813140
vt 0.698590 0.811300
vt 0.699220 0.813160
vt 0.699220 0.811320
vt 0.699780 0.813190
vt 0.699780 0.811350
vt 0.699780 0.858250
vt 0.699220 0.858230
vt 0.698590 0.858210
vt 0.697900 0.858190
vt 0.697180 0.858190
vt 0.696470 0.858190
vt 0.695780 0.858210
vt 0.695140 0.858230
vt 0.694590 0.858250
vt 0.524700 0.068390
vt 0.524700 0.066550
vt 0.523980 0.066550
vt 0.523980 0.068390
vt 0.523290 0.066540
vt 0.523290 0.068380
vt 0.522650 0.066520
vt 0.522650 0.068360
vt 0.522100 0.066490
vt 0.522100 0.068330
vt 0.522100 0.021420
vt 0.522650 0.021450
vt 0.523290 0.021470
vt 0.523980 0.021480
vt 0.524700 0.021490
vt 0.525410 0.066550
vt 0.525410 0.068390
vt 0.526100 0.068380
vt 0.526100 0.066540
vt 0.526730 0.068350
vt 0.526730 0.066520
vt 0.527290 0.068330
vt 0.527290 0.066490
vt 0.526730 0.021450
vt 0.527290 0.021420
vt 0.526100 0.021470
vt 0.525410 0.021480
vt 0.292840 0.764800
vt 0.293235 0.625751
vt 0.292840 0.625722
vt 0.293830 0.764780
vt 0.293830 0.625802
vt 0.294241 0.625840
vt 0.294860 0.764780
vt 0.294860 0.625892
vt 0.295272 0.625929
vt 0.295890 0.764780
vt 0.295890 0.625992
vt 0.296286 0.626036
vt 0.296880 0.764800
vt 0.296880 0.626096
vt 0.297248 0.626140
vt 0.297800 0.764830
vt 0.297800 0.626207
vt 0.298121 0.626251
vt 0.298600 0.764870
vt 0.298600 0.626317
vt 0.292287 0.625687
vt 0.291920 0.764830
vt 0.291920 0.625664
vt 0.291438 0.625641
vt 0.291120 0.764870
vt 0.291120 0.625625
vt 0.051550 0.063230
vt 0.051490 0.063480
vt 0.052550 0.063770
vt 0.052560 0.063510
vt 0.053620 0.063770
vt 0.053600 0.063510
vt 0.054670 0.063480
vt 0.054620 0.063230
vt 0.055660 0.062900
vt 0.055570 0.062680
vt 0.056550 0.062070
vt 0.056440 0.061870
vt 0.057310 0.061010
vt 0.057170 0.060850
vt 0.057910 0.059770
vt 0.057740 0.059650
vt 0.058320 0.058380
vt 0.058140 0.058310
vt 0.058520 0.056920
vt 0.058340 0.056890
vt 0.058520 0.055420
vt 0.058340 0.055440
vt 0.058320 0.053950
vt 0.058140 0.054020
vt 0.057910 0.052570
vt 0.057740 0.052690
vt 0.057310 0.051320
vt 0.057170 0.051480
vt 0.056550 0.050260
vt 0.056440 0.050460
vt 0.055660 0.049430
vt 0.055570 0.049660
vt 0.054670 0.048860
vt 0.054620 0.049100
vt 0.053620 0.048570
vt 0.053600 0.048820
vt 0.052550 0.048570
vt 0.052560 0.048820
vt 0.050590 0.062680
vt 0.050500 0.062900
vt 0.049730 0.061870
vt 0.049610 0.062070
vt 0.048990 0.060850
vt 0.048850 0.061010
vt 0.048420 0.059650
vt 0.048260 0.059770
vt 0.048020 0.058310
vt 0.047850 0.058380
vt 0.047820 0.056890
vt 0.047640 0.056920
vt 0.047820 0.055440
vt 0.047640 0.055420
vt 0.048020 0.054020
vt 0.047850 0.053950
vt 0.048420 0.052690
vt 0.048260 0.052570
vt 0.048990 0.051480
vt 0.048850 0.051320
vt 0.049730 0.050460
vt 0.049610 0.050260
vt 0.050590 0.049660
vt 0.050500 0.049430
vt 0.051550 0.049100
vt 0.051490 0.048860
vt 0.095270 0.625663
vt 0.096260 0.764730
vt 0.095665 0.625631
vt 0.096260 0.625589
vt 0.097180 0.764760
vt 0.096626 0.625569
vt 0.097180 0.625538
vt 0.097980 0.764810
vt 0.097498 0.625530
vt 0.097980 0.625513
vt 0.094651 0.625714
vt 0.095270 0.764720
vt 0.094240 0.625748
vt 0.090500 0.626204
vt 0.091300 0.764760
vt 0.090820 0.626153
vt 0.091300 0.626082
vt 0.092220 0.764730
vt 0.091668 0.626034
vt 0.092220 0.625964
vt 0.093210 0.764720
vt 0.092616 0.625922
vt 0.093210 0.625854
vt 0.094240 0.764710
vt 0.093621 0.625811
vt 0.116670 0.860529
vt 0.117470 0.999850
vt 0.116988 0.860495
vt 0.117470 0.860443
vt 0.118380 0.999830
vt 0.117832 0.860420
vt 0.118380 0.860385
vt 0.119380 0.999820
vt 0.118777 0.860372
vt 0.119380 0.860354
vt 0.119789 0.860349
vt 0.120410 0.999810
vt 0.120410 0.860341
vt 0.120819 0.860352
vt 0.121440 0.999820
vt 0.121440 0.860368
vt 0.121833 0.860386
vt 0.122430 0.999830
vt 0.122430 0.860413
vt 0.122792 0.860441
vt 0.123340 0.999850
vt 0.123340 0.860484
vt 0.123662 0.860523
vt 0.124150 0.999880
vt 0.124150 0.860581
vt 0.195170 0.999880
vt 0.195491 0.861283
vt 0.195170 0.861273
vt 0.195970 0.999850
vt 0.195970 0.861298
vt 0.196339 0.861305
vt 0.196890 0.999830
vt 0.196890 0.861317
vt 0.197287 0.861321
vt 0.197880 0.999820
vt 0.197880 0.861328
vt 0.198293 0.861324
vt 0.198910 0.999810
vt 0.198910 0.861320
vt 0.199940 0.999820
vt 0.199323 0.861317
vt 0.199940 0.861313
vt 0.200930 0.999830
vt 0.200337 0.861303
vt 0.200930 0.861288
vt 0.201850 0.999850
vt 0.201299 0.861276
vt 0.201850 0.861257
vt 0.202650 0.999880
vt 0.202171 0.861242
vt 0.202650 0.861220
vt 0.056300 0.064590
vt 0.057420 0.063550
vt 0.058370 0.062220
vt 0.059110 0.060670
vt 0.059620 0.058940
vt 0.059880 0.057100
vt 0.059880 0.055230
vt 0.059620 0.053400
vt 0.059110 0.051670
vt 0.058370 0.050110
vt 0.057420 0.048790
vt 0.056300 0.047750
vt 0.055070 0.047030
vt 0.053750 0.046670
vt 0.052410 0.046670
vt 0.055070 0.065300
vt 0.053750 0.065670
vt 0.052410 0.065670
vt 0.051100 0.065300
vt 0.049860 0.064580
vt 0.048750 0.063550
vt 0.047800 0.062220
vt 0.047050 0.060670
vt 0.046540 0.058940
vt 0.046280 0.057100
vt 0.046280 0.055230
vt 0.046540 0.053400
vt 0.047050 0.051670
vt 0.047800 0.050110
vt 0.048750 0.048790
vt 0.049860 0.047750
vt 0.051100 0.047030
vt 0.598360 0.124830
vt 0.598360 0.122990
vt 0.597180 0.123020
vt 0.597180 0.124860
vt 0.595900 0.123040
vt 0.595900 0.124880
vt 0.594560 0.123050
vt 0.594560 0.124890
vt 0.593230 0.123040
vt 0.593230 0.124880
vt 0.591950 0.123020
vt 0.591950 0.124860
vt 0.590770 0.122990
vt 0.590770 0.124830
vt 0.589730 0.122950
vt 0.589730 0.124790
vt 0.589730 0.077860
vt 0.590770 0.077900
vt 0.591950 0.077930
vt 0.593230 0.077950
vt 0.594560 0.077960
vt 0.595900 0.077950
vt 0.597180 0.077930
vt 0.598360 0.077900
vt 0.599400 0.122950
vt 0.599400 0.124790
vt 0.599400 0.077860
vt 0.418970 0.076820
vt 0.418970 0.078660
vt 0.420300 0.078670
vt 0.420300 0.076830
vt 0.421590 0.078690
vt 0.421590 0.076850
vt 0.422770 0.078720
vt 0.422770 0.076880
vt 0.423800 0.078760
vt 0.423800 0.076920
vt 0.423800 0.123850
vt 0.422770 0.123810
vt 0.421590 0.123780
vt 0.420300 0.123760
vt 0.418970 0.123750
vt 0.417640 0.078670
vt 0.417640 0.076830
vt 0.416350 0.076850
vt 0.416350 0.078690
vt 0.415170 0.076880
vt 0.415170 0.078720
vt 0.414140 0.076920
vt 0.414140 0.078760
vt 0.415170 0.123810
vt 0.414140 0.123850
vt 0.416350 0.123780
vt 0.417640 0.123760
vt 0.659330 0.344950
vt 0.659330 0.343110
vt 0.658290 0.343170
vt 0.658290 0.345000
vt 0.657110 0.343200
vt 0.657110 0.345040
vt 0.655830 0.343230
vt 0.655830 0.345070
vt 0.654500 0.343240
vt 0.654500 0.345080
vt 0.653160 0.343230
vt 0.653160 0.345070
vt 0.651880 0.343200
vt 0.651880 0.345040
vt 0.650700 0.343170
vt 0.650700 0.345000
vt 0.649660 0.343110
vt 0.649660 0.344950
vt 0.649660 0.298040
vt 0.650700 0.298100
vt 0.651880 0.298140
vt 0.653160 0.298160
vt 0.654500 0.298170
vt 0.655830 0.298160
vt 0.657110 0.298140
vt 0.658290 0.298100
vt 0.659330 0.298040
vt 0.655040 0.601530
vt 0.655040 0.599690
vt 0.653700 0.599680
vt 0.653700 0.601520
vt 0.652420 0.599650
vt 0.652420 0.601490
vt 0.651240 0.599620
vt 0.651240 0.601450
vt 0.650200 0.599560
vt 0.650200 0.601400
vt 0.650200 0.554490
vt 0.651240 0.554550
vt 0.652420 0.554590
vt 0.653700 0.554610
vt 0.655040 0.554620
vt 0.659870 0.601400
vt 0.659870 0.599560
vt 0.658830 0.599620
vt 0.658830 0.601450
vt 0.657650 0.599650
vt 0.657650 0.601490
vt 0.656370 0.599680
vt 0.656370 0.601520
vt 0.656370 0.554610
vt 0.657650 0.554590
vt 0.658830 0.554550
vt 0.659870 0.554490
vt 0.460180 0.764750
vt 0.460530 0.625456
vt 0.460180 0.625427
vt 0.461060 0.764740
vt 0.461060 0.625494
vt 0.461426 0.625524
vt 0.461980 0.764730
vt 0.461980 0.625569
vt 0.462343 0.625606
vt 0.462890 0.764740
vt 0.462890 0.625663
vt 0.463241 0.625698
vt 0.463770 0.764750
vt 0.463770 0.625758
vt 0.464093 0.625799
vt 0.464580 0.764780
vt 0.464580 0.625854
vt 0.464864 0.625895
vt 0.465290 0.764820
vt 0.465290 0.625956
vt 0.459692 0.625391
vt 0.459370 0.764780
vt 0.459370 0.625372
vt 0.458942 0.625355
vt 0.458660 0.764820
vt 0.458660 0.625343
vt 0.144310 0.032400
vt 0.144260 0.032180
vt 0.143390 0.032690
vt 0.143460 0.032890
vt 0.142600 0.033430
vt 0.142700 0.033600
vt 0.141920 0.034360
vt 0.142050 0.034510
vt 0.141400 0.035470
vt 0.141540 0.035570
vt 0.141030 0.036690
vt 0.141190 0.036760
vt 0.140850 0.037990
vt 0.141010 0.038020
vt 0.140850 0.039320
vt 0.141010 0.039300
vt 0.141030 0.040620
vt 0.141190 0.040560
vt 0.141400 0.041850
vt 0.141540 0.041740
vt 0.141920 0.042950
vt 0.142050 0.042810
vt 0.142600 0.043890
vt 0.142700 0.043720
vt 0.143390 0.044630
vt 0.143460 0.044430
vt 0.144260 0.045140
vt 0.144310 0.044920
vt 0.145200 0.045390
vt 0.145210 0.045170
vt 0.146150 0.045390
vt 0.146130 0.045170
vt 0.147080 0.045140
vt 0.147030 0.044920
vt 0.147960 0.044630
vt 0.147880 0.044430
vt 0.148750 0.043890
vt 0.148640 0.043720
vt 0.149420 0.042950
vt 0.149290 0.042810
vt 0.149950 0.041850
vt 0.149800 0.041740
vt 0.150310 0.040620
vt 0.150160 0.040560
vt 0.150500 0.039320
vt 0.150330 0.039300
vt 0.150500 0.037990
vt 0.150330 0.038020
vt 0.150310 0.036690
vt 0.150160 0.036760
vt 0.149950 0.035470
vt 0.149800 0.035570
vt 0.149420 0.034360
vt 0.149290 0.034510
vt 0.148750 0.033430
vt 0.148640 0.033600
vt 0.147960 0.032690
vt 0.147880 0.032890
vt 0.147080 0.032180
vt 0.147030 0.032400
vt 0.146150 0.031920
vt 0.146130 0.032150
vt 0.145200 0.031920
vt 0.145210 0.032150
vt 0.493890 0.860495
vt 0.494770 0.999820
vt 0.494240 0.860472
vt 0.494770 0.860430
vt 0.495580 0.999850
vt 0.495092 0.860413
vt 0.495580 0.860388
vt 0.496290 0.999880
vt 0.495862 0.860375
vt 0.496290 0.860362
vt 0.493336 0.860540
vt 0.493890 0.999800
vt 0.492970 0.860573
vt 0.492422 0.860630
vt 0.492970 0.999800
vt 0.492060 0.860664
vt 0.491531 0.860720
vt 0.492060 0.999800
vt 0.491180 0.860762
vt 0.490693 0.860826
vt 0.491180 0.999820
vt 0.490370 0.860869
vt 0.489944 0.860935
vt 0.490370 0.999850
vt 0.489660 0.860975
vt 0.357920 0.625242
vt 0.358630 0.764790
vt 0.358202 0.625211
vt 0.358630 0.625163
vt 0.359440 0.764770
vt 0.358951 0.625142
vt 0.359440 0.625109
vt 0.360320 0.764760
vt 0.359789 0.625097
vt 0.360320 0.625080
vt 0.360681 0.625075
vt 0.361230 0.764750
vt 0.361230 0.625068
vt 0.361595 0.625078
vt 0.362150 0.764760
vt 0.362150 0.625093
vt 0.362499 0.625109
vt 0.363030 0.764770
vt 0.363030 0.625134
vt 0.363351 0.625160
vt 0.363840 0.764790
vt 0.363840 0.625200
vt 0.364122 0.625235
vt 0.364550 0.764820
vt 0.364550 0.625288
vt 0.381170 0.999880
vt 0.381454 0.860973
vt 0.381170 0.860962
vt 0.381880 0.999860
vt 0.381880 0.860991
vt 0.382204 0.860996
vt 0.382690 0.999840
vt 0.382690 0.861005
vt 0.383042 0.861004
vt 0.383570 0.999820
vt 0.383570 0.861003
vt 0.383934 0.861004
vt 0.384480 0.999820
vt 0.384480 0.861005
vt 0.385400 0.999820
vt 0.384848 0.860999
vt 0.385400 0.860991
vt 0.386280 0.999840
vt 0.385752 0.860986
vt 0.386280 0.860980
vt 0.387090 0.999860
vt 0.386604 0.860969
vt 0.387090 0.860954
vt 0.387800 0.999880
vt 0.387374 0.860938
vt 0.387800 0.860915
vt 0.140330 0.034670
vt 0.139870 0.036200
vt 0.139640 0.037830
vt 0.139640 0.039490
vt 0.139870 0.041110
vt 0.140330 0.042650
vt 0.140990 0.044020
vt 0.141830 0.045200
vt 0.142820 0.046120
vt 0.143910 0.046750
vt 0.145080 0.047080
vt 0.146270 0.047080
vt 0.147430 0.046750
vt 0.148530 0.046120
vt 0.149520 0.045200
vt 0.150350 0.044020
vt 0.151010 0.042650
vt 0.151470 0.041110
vt 0.151700 0.039490
vt 0.151700 0.037830
vt 0.151470 0.036200
vt 0.151010 0.034670
vt 0.150350 0.033290
vt 0.149520 0.032120
vt 0.148530 0.031200
vt 0.147430 0.030560
vt 0.146270 0.030240
vt 0.145080 0.030240
vt 0.143910 0.030560
vt 0.142820 0.031200
vt 0.141830 0.032120
vt 0.140990 0.033290
vt 0.678960 0.999840
vt 0.678960 0.998000
vt 0.677920 0.998020
vt 0.677920 0.999860
vt 0.676780 0.998040
vt 0.676780 0.999880
vt 0.675600 0.998040
vt 0.675600 0.999880
vt 0.674420 0.998040
vt 0.674420 0.999880
vt 0.673280 0.998020
vt 0.673280 0.999860
vt 0.672230 0.998000
vt 0.672230 0.999840
vt 0.671310 0.997960
vt 0.671310 0.999800
vt 0.671310 0.952870
vt 0.672230 0.952910
vt 0.673280 0.952940
vt 0.674420 0.952950
vt 0.675600 0.952960
vt 0.676780 0.952950
vt 0.677920 0.952940
vt 0.678960 0.952910
vt 0.679880 0.997960
vt 0.679880 0.999800
vt 0.679880 0.952870
vt 0.675840 0.203580
vt 0.675840 0.205420
vt 0.677020 0.205430
vt 0.677020 0.203590
vt 0.678160 0.205440
vt 0.678160 0.203600
vt 0.679210 0.205470
vt 0.679210 0.203630
vt 0.680120 0.205500
vt 0.680120 0.203660
vt 0.680120 0.250590
vt 0.679210 0.250550
vt 0.678160 0.250530
vt 0.677020 0.250510
vt 0.675840 0.250510
vt 0.674660 0.205430
vt 0.674660 0.203590
vt 0.673520 0.203600
vt 0.673520 0.205440
vt 0.672480 0.203630
vt 0.672480 0.205470
vt 0.671560 0.203660
vt 0.671560 0.205500
vt 0.672480 0.250550
vt 0.671560 0.250590
vt 0.673520 0.250530
vt 0.674660 0.250510
vt 0.662820 0.203680
vt 0.662820 0.205520
vt 0.663740 0.205480
vt 0.663740 0.203640
vt 0.664790 0.205440
vt 0.664790 0.203600
vt 0.665930 0.205420
vt 0.665930 0.203580
vt 0.667110 0.205410
vt 0.667110 0.203570
vt 0.668290 0.205420
vt 0.668290 0.203580
vt 0.669430 0.205440
vt 0.669430 0.203600
vt 0.670470 0.205480
vt 0.670470 0.203640
vt 0.671390 0.205520
vt 0.671390 0.203680
vt 0.671390 0.250590
vt 0.670470 0.250540
vt 0.669430 0.250510
vt 0.668290 0.250490
vt 0.667110 0.250480
vt 0.665930 0.250490
vt 0.664790 0.250510
vt 0.663740 0.250540
vt 0.662820 0.250590
vt 0.666870 0.858140
vt 0.666870 0.856300
vt 0.665680 0.856290
vt 0.665680 0.858130
vt 0.664550 0.856270
vt 0.664550 0.858110
vt 0.663500 0.856230
vt 0.663500 0.858070
vt 0.662580 0.856190
vt 0.662580 0.858030
vt 0.662580 0.811120
vt 0.663500 0.811160
vt 0.664550 0.811200
vt 0.665680 0.811220
vt 0.666870 0.811230
vt 0.668050 0.856290
vt 0.668050 0.858130
vt 0.669180 0.858110
vt 0.669180 0.856270
vt 0.670230 0.858070
vt 0.670230 0.856230
vt 0.671150 0.858030
vt 0.671150 0.856190
vt 0.670230 0.811160
vt 0.671150 0.811120
vt 0.669180 0.811200
vt 0.668050 0.811220
vt 0.452430 0.764750
vt 0.452782 0.626067
vt 0.452430 0.626038
vt 0.453310 0.764740
vt 0.453310 0.626105
vt 0.453679 0.626135
vt 0.454230 0.764730
vt 0.454230 0.626180
vt 0.454595 0.626217
vt 0.455140 0.764740
vt 0.455140 0.626274
vt 0.455493 0.626310
vt 0.456020 0.764750
vt 0.456020 0.626369
vt 0.456345 0.626410
vt 0.456830 0.764780
vt 0.456830 0.626465
vt 0.457115 0.626506
vt 0.457540 0.764820
vt 0.457540 0.626567
vt 0.451944 0.626003
vt 0.451620 0.764780
vt 0.451620 0.625984
vt 0.451194 0.625966
vt 0.450910 0.764820
vt 0.450910 0.625954
vt 0.029080 0.044460
vt 0.029090 0.044690
vt 0.030020 0.044430
vt 0.029980 0.044210
vt 0.030900 0.043920
vt 0.030830 0.043720
vt 0.031690 0.043180
vt 0.031590 0.043010
vt 0.032360 0.042240
vt 0.032240 0.042100
vt 0.032890 0.041140
vt 0.032750 0.041030
vt 0.033260 0.039910
vt 0.033100 0.039850
vt 0.033440 0.038610
vt 0.033280 0.038590
vt 0.033440 0.037290
vt 0.033280 0.037310
vt 0.033260 0.035980
vt 0.033100 0.036050
vt 0.032890 0.034760
vt 0.032750 0.034860
vt 0.032360 0.033650
vt 0.032240 0.033800
vt 0.031690 0.032720
vt 0.031590 0.032890
vt 0.030900 0.031980
vt 0.030830 0.032180
vt 0.030020 0.031470
vt 0.029980 0.031690
vt 0.029090 0.031210
vt 0.029080 0.031440
vt 0.028140 0.031210
vt 0.028160 0.031440
vt 0.027210 0.031470
vt 0.027260 0.031690
vt 0.026330 0.031980
vt 0.026410 0.032180
vt 0.025540 0.032720
vt 0.025650 0.032890
vt 0.024870 0.033650
vt 0.025000 0.033800
vt 0.024340 0.034760
vt 0.024490 0.034860
vt 0.023980 0.035980
vt 0.024130 0.036050
vt 0.023790 0.037290
vt 0.023950 0.037310
vt 0.023790 0.038610
vt 0.023950 0.038590
vt 0.023980 0.039910
vt 0.024130 0.039850
vt 0.024340 0.041140
vt 0.024490 0.041030
vt 0.024870 0.042240
vt 0.025000 0.042100
vt 0.025540 0.043180
vt 0.025650 0.043010
vt 0.026330 0.043920
vt 0.026410 0.043720
vt 0.027210 0.044430
vt 0.027260 0.044210
vt 0.028140 0.044690
vt 0.028160 0.044460
vt 0.468810 0.903894
vt 0.467930 0.765180
vt 0.468458 0.903917
vt 0.467930 0.903959
vt 0.467120 0.765150
vt 0.467606 0.903976
vt 0.467120 0.904001
vt 0.466410 0.765120
vt 0.466836 0.904014
vt 0.466410 0.904027
vt 0.469361 0.903849
vt 0.468810 0.765200
vt 0.469730 0.903816
vt 0.470275 0.903759
vt 0.469730 0.765200
vt 0.470640 0.903725
vt 0.471167 0.903669
vt 0.470640 0.765200
vt 0.471520 0.903627
vt 0.472005 0.903563
vt 0.471520 0.765180
vt 0.472330 0.903519
vt 0.472755 0.903454
vt 0.472330 0.765150
vt 0.473040 0.903414
vt 0.068060 0.579663
vt 0.068770 0.718600
vt 0.068344 0.579632
vt 0.068770 0.579590
vt 0.069580 0.718580
vt 0.069093 0.579569
vt 0.069580 0.579530
vt 0.070460 0.718570
vt 0.069931 0.579519
vt 0.070460 0.579502
vt 0.070823 0.579501
vt 0.071370 0.718570
vt 0.071370 0.579500
vt 0.071737 0.579505
vt 0.072290 0.718570
vt 0.072290 0.579514
vt 0.072641 0.579531
vt 0.073170 0.718580
vt 0.073170 0.579555
vt 0.073493 0.579581
vt 0.073980 0.718600
vt 0.073980 0.579627
vt 0.074264 0.579662
vt 0.074690 0.718630
vt 0.074690 0.579710
vt 0.008310 0.718560
vt 0.008596 0.580271
vt 0.008310 0.580259
vt 0.009020 0.718540
vt 0.009020 0.580282
vt 0.009346 0.580288
vt 0.009830 0.718520
vt 0.009830 0.580296
vt 0.010184 0.580296
vt 0.010710 0.718500
vt 0.010710 0.580295
vt 0.011076 0.580295
vt 0.011620 0.718500
vt 0.011620 0.580297
vt 0.012540 0.718500
vt 0.011990 0.580291
vt 0.012540 0.580282
vt 0.013420 0.718520
vt 0.012894 0.580278
vt 0.013420 0.580271
vt 0.014230 0.718540
vt 0.013746 0.580261
vt 0.014230 0.580245
vt 0.014940 0.718560
vt 0.014516 0.580230
vt 0.014940 0.580212
vt 0.033300 0.043320
vt 0.033960 0.041940
vt 0.034410 0.040400
vt 0.034650 0.038780
vt 0.034650 0.037120
vt 0.034410 0.035490
vt 0.033960 0.033960
vt 0.033300 0.032580
vt 0.032460 0.031410
vt 0.031470 0.030490
vt 0.030380 0.029850
vt 0.029210 0.029530
vt 0.028020 0.029530
vt 0.026860 0.029850
vt 0.025760 0.030490
vt 0.024770 0.031410
vt 0.023930 0.032580
vt 0.023270 0.033960
vt 0.022820 0.035490
vt 0.022590 0.037120
vt 0.022590 0.038780
vt 0.022820 0.040400
vt 0.023270 0.041940
vt 0.023930 0.043320
vt 0.024770 0.044490
vt 0.025760 0.045410
vt 0.026860 0.046040
vt 0.028020 0.046370
vt 0.029210 0.046370
vt 0.030380 0.046040
vt 0.031470 0.045410
vt 0.032460 0.044490
vt 0.678960 0.763590
vt 0.678960 0.761750
vt 0.677920 0.761770
vt 0.677920 0.763610
vt 0.676780 0.761790
vt 0.676780 0.763630
vt 0.675600 0.761800
vt 0.675600 0.763640
vt 0.674420 0.761790
vt 0.674420 0.763630
vt 0.673280 0.761770
vt 0.673280 0.763610
vt 0.672230 0.761750
vt 0.672230 0.763590
vt 0.671310 0.761710
vt 0.671310 0.763550
vt 0.671310 0.716630
vt 0.672230 0.716660
vt 0.673280 0.716690
vt 0.674420 0.716700
vt 0.675600 0.716710
vt 0.676780 0.716700
vt 0.677920 0.716690
vt 0.678960 0.716660
vt 0.679880 0.761710
vt 0.679880 0.763550
vt 0.679880 0.716630
vt 0.675840 0.250830
vt 0.675840 0.252670
vt 0.677020 0.252670
vt 0.677020 0.250840
vt 0.678160 0.252690
vt 0.678160 0.250850
vt 0.679210 0.252720
vt 0.679210 0.250880
vt 0.680120 0.252750
vt 0.680120 0.250910
vt 0.680120 0.297840
vt 0.679210 0.297800
vt 0.678160 0.297780
vt 0.677020 0.297760
vt 0.675840 0.297760
vt 0.674660 0.252670
vt 0.674660 0.250840
vt 0.673520 0.250850
vt 0.673520 0.252690
vt 0.672480 0.250880
vt 0.672480 0.252720
vt 0.671560 0.250910
vt 0.671560 0.252750
vt 0.672480 0.297800
vt 0.671560 0.297840
vt 0.673520 0.297780
vt 0.674660 0.297760
vt 0.662580 0.763980
vt 0.662580 0.765820
vt 0.663500 0.765770
vt 0.663500 0.763930
vt 0.664550 0.765740
vt 0.664550 0.763900
vt 0.665680 0.765710
vt 0.665680 0.763880
vt 0.666870 0.765710
vt 0.666870 0.763870
vt 0.668050 0.765710
vt 0.668050 0.763880
vt 0.669180 0.765740
vt 0.669180 0.763900
vt 0.670230 0.765770
vt 0.670230 0.763930
vt 0.671150 0.765820
vt 0.671150 0.763980
vt 0.671150 0.810890
vt 0.670230 0.810840
vt 0.669180 0.810800
vt 0.668050 0.810780
vt 0.666870 0.810780
vt 0.665680 0.810780
vt 0.664550 0.810800
vt 0.663500 0.810840
vt 0.662580 0.810890
vt 0.667110 0.345090
vt 0.667110 0.343250
vt 0.665930 0.343240
vt 0.665930 0.345080
vt 0.664790 0.343220
vt 0.664790 0.345060
vt 0.663740 0.343190
vt 0.663740 0.345030
vt 0.662820 0.343140
vt 0.662820 0.344980
vt 0.662820 0.298070
vt 0.663740 0.298120
vt 0.664790 0.298150
vt 0.665930 0.298170
vt 0.667110 0.298180
vt 0.668290 0.343240
vt 0.668290 0.345080
vt 0.669430 0.345060
vt 0.669430 0.343220
vt 0.670470 0.345030
vt 0.670470 0.343190
vt 0.671390 0.344980
vt 0.671390 0.343140
vt 0.670470 0.298120
vt 0.671390 0.298070
vt 0.669430 0.298150
vt 0.668290 0.298170
vt 0.590796 0.825818
vt 0.590860 0.825821
vt 0.590860 0.824348
vt 0.591022 0.825817
vt 0.099220 0.530030
vt 0.193930 0.999880
vt 0.271520 0.529860
vt 0.044440 0.718560
vt 0.473040 0.764820
vt 0.372300 0.764820
vt 0.090500 0.764810
vt 0.116670 0.999880
vt 0.489660 0.999880
vt 0.357920 0.764820
vt 0.473040 0.765120
vt 0.068060 0.718630
s 1
usemtl colonne
f 3574/1/1 3692/2/2 1/3/3
f 1/3/3 3575/4/4 3574/1/1
f 3/5/5 3692/2/2 3693/6/6
f 3693/6/6 4008/7/7 3/5/5
f 4/8/8 4008/7/7 4118/9/9
f 4118/9/9 4213/10/10 4/8/8
f 5/11/11 4213/10/10 4326/12/12
f 4326/12/12 3576/13/13 5/11/11
f 3694/14/14 5/11/11 3576/13/13
f 3694/14/14 3789/15/15 6/16/16
f 3910/17/17 6/16/16 3789/15/15
f 3910/17/17 4009/18/18 7/19/19
f 4119/20/20 7/19/19 4009/18/18
f 4119/20/20 4214/21/21 8/22/22
f 4327/23/23 8/22/22 4214/21/21
f 4327/23/23 3577/24/24 9/25/25
f 3790/26/26 3911/27/27 10/28/28
f 3790/26/26 11/29/29 3791/30/30
f 3912/31/31 10/28/28 3911/27/27
f 3912/31/31 4215/32/32 12/33/33
f 4328/34/34 12/33/33 4215/32/32
f 4328/34/34 3578/35/35 13/36/36
f 3695/37/37 13/36/36 3578/35/35
f 3695/37/37 3792/38/38 14/39/39
f 3913/40/40 14/39/39 3792/38/38
f 3913/40/40 4010/41/41 15/42/42
f 16/43/43 4010/41/41 4120/44/44
f 4120/44/44 4216/45/45 16/43/43
f 17/46/46 4216/45/45 4329/47/47
f 4329/47/47 3579/48/48 17/46/46
f 18/49/49 3579/48/48 3696/50/50
f 3696/50/50 3793/51/51 18/49/49
f 19/52/52 20/53/53 21/54/54
f 19/52/52 21/54/54 22/55/52
f 23/56/55 19/52/52 22/55/52
f 23/56/55 22/55/52 24/57/55
f 25/58/56 23/56/55 24/57/55
f 25/58/56 24/57/55 26/59/56
f 27/60/57 25/58/56 26/59/56
f 27/60/57 26/59/56 28/61/57
f 29/62/58 27/60/57 28/61/57
f 29/62/58 28/61/57 30/63/58
f 31/64/59 29/62/58 30/63/58
f 31/64/59 30/63/58 32/65/59
f 33/66/60 31/64/59 32/65/59
f 33/66/60 32/65/59 34/67/60
f 35/68/61 33/66/60 34/67/60
f 35/68/61 34/67/60 36/69/62
f 37/70/63 35/68/61 36/69/62
f 37/70/63 36/69/62 38/71/63
f 39/72/64 37/70/63 38/71/63
f 39/72/64 38/71/63 40/73/64
f 41/74/65 39/72/64 40/73/64
f 41/74/65 40/73/64 42/75/65
f 43/76/66 41/74/65 42/75/65
f 43/76/66 42/75/65 44/77/67
f 45/78/68 43/76/66 44/77/67
f 45/78/68 44/77/67 46/79/68
f 47/80/69 45/78/68 46/79/68
f 47/80/69 46/79/68 48/81/70
f 49/82/71 47/80/69 48/81/70
f 49/82/71 48/81/70 50/83/71
f 51/84/72 49/82/71 50/83/71
f 51/84/72 50/83/71 52/85/73
f 53/86/74 51/84/72 52/85/73
f 53/86/74 52/85/73 54/87/74
f 55/88/75 53/86/74 54/87/74
f 55/88/75 54/87/74 56/89/76
f 57/90/77 55/88/75 56/89/76
f 57/90/77 56/89/76 58/91/78
f 59/92/79 57/90/77 58/91/78
f 59/92/79 58/91/78 60/93/79
f 61/94/80 59/92/79 60/93/79
f 61/94/80 60/93/79 62/95/80
f 63/96/81 61/94/80 62/95/80
f 63/96/81 62/95/80 64/97/81
f 65/98/82 63/96/81 64/97/81
f 65/98/82 64/97/81 66/99/82
f 67/100/83 65/98/82 66/99/82
f 67/100/83 66/99/82 68/101/84
f 69/102/85 67/100/83 68/101/84
f 69/102/85 68/101/84 70/103/86
f 71/104/87 69/102/85 70/103/86
f 71/104/87 70/103/86 72/105/88
f 73/106/89 71/104/87 72/105/88
f 73/106/89 72/105/88 74/107/90
f 75/108/91 73/106/89 74/107/90
f 75/108/91 74/107/90 76/109/92
f 77/110/93 75/108/91 76/109/92
f 77/110/93 76/109/92 78/111/94
f 79/112/95 77/110/93 78/111/94
f 79/112/95 78/111/94 80/113/96
f 81/114/97 79/112/95 80/113/96
f 81/114/97 80/113/96 82/115/97
f 20/53/53 81/114/97 82/115/97
f 20/53/53 82/115/97 21/54/54
f 83/116/98 84/117/99 85/118/100
f 83/116/98 85/118/100 86/119/98
f 87/120/101 83/116/98 86/119/98
f 87/120/101 86/119/98 88/121/102
f 89/122/103 87/120/101 88/121/102
f 89/122/103 88/121/102 90/123/103
f 91/124/104 89/122/103 90/123/103
f 91/124/104 90/123/103 92/125/104
f 93/126/105 91/124/104 92/125/104
f 93/126/105 92/125/104 94/127/106
f 95/128/107 93/126/105 94/127/106
f 95/128/107 94/127/106 96/129/108
f 84/117/99 97/130/109 85/118/100
f 84/117/99 98/131/109 97/130/109
f 98/131/109 99/132/110 97/130/109
f 98/131/109 100/133/110 99/132/110
f 101/134/111 102/3/112 103/135/112
f 101/134/111 103/135/112 104/136/113
f 102/3/112 105/137/114 103/135/112
f 102/3/112 106/5/115 105/137/114
f 106/5/115 107/138/116 105/137/114
f 106/5/115 108/8/117 107/138/116
f 108/8/117 109/139/118 107/138/116
f 108/8/117 110/11/119 109/139/118
f 110/11/119 111/140/120 109/139/118
f 110/11/119 112/16/120 111/140/120
f 112/16/120 113/141/121 111/140/120
f 112/16/120 114/19/121 113/141/121
f 114/19/121 115/142/122 113/141/121
f 114/19/121 116/22/123 115/142/122
f 116/22/123 117/143/124 115/142/122
f 116/22/123 118/25/124 117/143/124
f 119/29/125 120/28/126 121/144/126
f 119/29/125 121/144/126 122/145/127
f 120/28/126 123/146/128 121/144/126
f 120/28/126 124/33/129 123/146/128
f 124/33/129 125/147/130 123/146/128
f 124/33/129 126/36/130 125/147/130
f 126/36/130 127/148/131 125/147/130
f 126/36/130 128/39/131 127/148/131
f 128/39/131 129/149/132 127/148/131
f 128/39/131 130/42/132 129/149/132
f 130/42/132 131/150/133 129/149/132
f 130/42/132 132/43/133 131/150/133
f 132/43/133 133/151/134 131/150/133
f 132/43/133 134/46/135 133/151/134
f 134/46/135 135/152/136 133/151/134
f 134/46/135 136/49/137 135/152/136
f 137/153/28 138/154/138 139/155/138
f 137/153/28 139/155/138 140/156/28
f 141/157/139 137/153/28 140/156/28
f 141/157/139 140/156/28 142/158/140
f 142/158/140 140/156/28 143/159/28
f 142/158/140 143/159/28 144/160/140
f 140/156/28 145/161/138 143/159/28
f 140/156/28 139/155/138 145/161/138
f 139/155/138 146/162/36 145/161/138
f 139/155/138 147/163/36 146/162/36
f 138/154/138 147/163/36 139/155/138
f 138/154/138 148/164/36 147/163/36
f 148/164/36 149/165/39 147/163/36
f 148/164/36 150/166/39 149/165/39
f 150/166/39 151/167/42 149/165/39
f 150/166/39 152/168/42 151/167/42
f 152/168/42 153/169/141 151/167/42
f 152/168/42 154/170/43 153/169/141
f 154/170/43 155/171/46 153/169/141
f 154/170/43 156/172/142 155/171/46
f 156/172/142 157/173/49 155/171/46
f 156/172/142 158/174/143 157/173/49
f 155/171/46 157/173/49 159/175/49
f 155/171/46 159/175/49 160/176/46
f 153/169/141 155/171/46 160/176/46
f 153/169/141 160/176/46 161/177/43
f 151/167/42 153/169/141 161/177/43
f 151/167/42 161/177/43 162/178/42
f 149/165/39 151/167/42 162/178/42
f 149/165/39 162/178/42 163/179/39
f 147/163/36 149/165/39 163/179/39
f 147/163/36 163/179/39 146/162/36
f 164/180/11 165/181/16 166/182/16
f 164/180/11 166/182/16 167/183/11
f 168/184/8 164/180/11 167/183/11
f 168/184/8 167/183/11 169/185/8
f 170/186/144 168/184/8 169/185/8
f 170/186/144 169/185/8 171/187/144
f 172/188/145 170/186/144 171/187/144
f 172/188/145 171/187/144 173/189/145
f 174/190/146 172/188/145 173/189/145
f 174/190/146 173/189/145 175/191/146
f 175/191/146 173/189/145 176/192/145
f 175/191/146 176/192/145 177/193/146
f 173/189/145 178/194/144 176/192/145
f 173/189/145 171/187/144 178/194/144
f 171/187/144 179/195/8 178/194/144
f 171/187/144 169/185/8 179/195/8
f 169/185/8 180/196/11 179/195/8
f 169/185/8 167/183/11 180/196/11
f 167/183/11 181/197/16 180/196/11
f 167/183/11 166/182/16 181/197/16
f 166/182/16 182/198/19 181/197/16
f 166/182/16 183/199/19 182/198/19
f 165/181/16 183/199/19 166/182/16
f 165/181/16 184/200/19 183/199/19
f 184/200/19 185/201/22 183/199/19
f 184/200/19 186/202/22 185/201/22
f 186/202/22 187/203/25 185/201/22
f 186/202/22 188/204/25 187/203/25
f 185/201/22 187/203/25 189/205/25
f 185/201/22 189/205/25 190/206/22
f 183/199/19 185/201/22 190/206/22
f 183/199/19 190/206/22 182/198/19
f 191/207/25 192/208/147 193/209/148
f 191/207/25 193/209/148 194/210/25
f 194/210/25 193/209/148 195/211/147
f 194/210/25 195/211/147 196/212/149
f 193/209/148 197/213/150 195/211/147
f 193/209/148 198/214/151 197/213/150
f 192/208/147 198/214/151 193/209/148
f 192/208/147 199/215/150 198/214/151
f 199/215/150 200/216/152 198/214/151
f 199/215/150 201/217/152 200/216/152
f 201/217/152 202/218/153 200/216/152
f 201/217/152 203/219/153 202/218/153
f 203/219/153 204/220/154 202/218/153
f 203/219/153 205/221/154 204/220/154
f 205/221/154 206/222/155 204/220/154
f 205/221/154 207/223/155 206/222/155
f 207/223/155 208/224/156 206/222/155
f 207/223/155 209/225/156 208/224/156
f 209/225/156 210/226/29 208/224/156
f 209/225/156 211/227/140 210/226/29
f 208/224/156 210/226/29 212/228/140
f 208/224/156 212/228/140 213/229/156
f 206/222/155 208/224/156 213/229/156
f 206/222/155 213/229/156 214/230/155
f 204/220/154 206/222/155 214/230/155
f 204/220/154 214/230/155 215/231/154
f 202/218/153 204/220/154 215/231/154
f 202/218/153 215/231/154 216/232/157
f 200/216/152 202/218/153 216/232/157
f 200/216/152 216/232/157 217/233/152
f 198/214/151 200/216/152 217/233/152
f 198/214/151 217/233/152 197/213/150
f 218/234/158 219/235/159 220/236/159
f 218/234/158 220/236/159 221/237/160
f 222/238/161 218/234/158 221/237/160
f 222/238/161 221/237/160 223/239/161
f 224/240/162 222/238/161 223/239/161
f 224/240/162 223/239/161 225/241/162
f 226/242/163 224/240/162 225/241/162
f 226/242/163 225/241/162 227/243/163
f 228/244/164 226/242/163 227/243/163
f 228/244/164 227/243/163 229/245/164
f 229/245/164 227/243/163 230/246/165
f 229/245/164 230/246/165 231/247/49
f 227/243/163 232/248/166 230/246/165
f 227/243/163 225/241/162 232/248/166
f 225/241/162 233/249/161 232/248/166
f 225/241/162 223/239/161 233/249/161
f 223/239/161 234/250/158 233/249/161
f 223/239/161 221/237/160 234/250/158
f 221/237/160 235/251/159 234/250/158
f 221/237/160 220/236/159 235/251/159
f 220/236/159 236/252/167 235/251/159
f 220/236/159 237/253/167 236/252/167
f 219/235/159 237/253/167 220/236/159
f 219/235/159 238/254/167 237/253/167
f 238/254/167 239/255/168 237/253/167
f 238/254/167 240/256/168 239/255/168
f 240/256/168 241/257/169 239/255/168
f 240/256/168 242/258/146 241/257/169
f 239/255/168 241/257/169 243/259/169
f 239/255/168 243/259/169 244/260/168
f 237/253/167 239/255/168 244/260/168
f 237/253/167 244/260/168 236/252/167
f 4217/261/170 4330/262/171 245/263/152
f 4217/261/170 246/264/172 4218/265/173
f 3697/266/174 4218/265/173 246/264/172
f 3697/266/174 247/267/148 3794/268/175
f 3914/269/176 3794/268/175 247/267/148
f 3914/269/176 248/270/25 4011/271/177
f 4331/272/178 245/263/152 4330/262/171
f 4331/272/178 4219/273/179 249/274/153
f 4332/275/180 249/274/153 4219/273/179
f 4332/275/180 3580/276/181 250/277/154
f 3698/278/182 250/277/154 3580/276/181
f 3698/278/182 3795/279/183 251/280/155
f 3915/281/184 251/280/155 3795/279/183
f 3915/281/184 4012/282/185 252/283/156
f 4121/284/186 252/283/156 4012/282/185
f 4121/284/186 4220/285/187 253/286/29
f 254/264/188 255/263/189 256/287/190
f 254/264/188 256/287/190 257/288/188
f 258/267/191 254/264/188 257/288/188
f 258/267/191 257/288/188 259/289/192
f 260/270/193 258/267/191 259/289/192
f 260/270/193 259/289/192 261/290/194
f 255/263/189 262/291/195 256/287/190
f 255/263/189 263/274/195 262/291/195
f 263/274/195 264/292/196 262/291/195
f 263/274/195 265/277/196 264/292/196
f 265/277/196 266/293/197 264/292/196
f 265/277/196 267/280/197 266/293/197
f 267/280/197 268/294/198 266/293/197
f 267/280/197 269/283/198 268/294/198
f 269/283/198 270/295/199 268/294/198
f 269/283/198 271/286/200 270/295/199
f 3796/296/201 3916/297/202 272/298/203
f 272/298/203 3797/299/204 3796/296/201
f 4122/300/205 3797/299/204 273/301/159
f 273/301/159 4221/302/206 4122/300/205
f 4333/303/207 4221/302/206 274/304/160
f 274/304/160 3581/305/208 4333/303/207
f 3699/306/209 3581/305/208 275/307/210
f 275/307/210 3798/308/211 3699/306/209
f 3917/309/212 3798/308/211 276/310/166
f 276/310/166 4013/311/213 3917/309/212
f 4123/312/214 4013/311/213 277/313/163
f 277/313/163 4222/314/215 4123/312/214
f 279/315/168 3916/297/202 3918/316/216
f 3918/316/216 3582/317/217 279/315/168
f 280/318/146 3582/317/217 3700/319/218
f 3700/319/218 3799/320/219 280/318/146
f 4014/321/1 4124/322/220 281/323/3
f 281/323/3 4015/324/221 4014/321/1
f 283/325/144 4124/322/220 4125/326/222
f 4125/326/222 3583/327/223 283/325/144
f 284/328/8 3583/327/223 3701/329/224
f 3701/329/224 3800/330/225 284/328/8
f 285/331/11 3800/330/225 3919/332/226
f 3919/332/226 4016/333/13 285/331/11
f 4126/334/227 285/331/11 4016/333/13
f 4126/334/227 4223/335/15 286/336/16
f 4334/337/228 286/336/16 4223/335/15
f 4334/337/228 3584/338/18 287/339/229
f 3702/340/230 287/339/229 3584/338/18
f 3702/340/230 3801/341/21 288/342/22
f 3920/343/231 288/342/22 3801/341/21
f 3920/343/231 4017/344/24 289/345/25
f 4224/346/232 4335/347/233 290/348/28
f 4224/346/232 291/349/139 4225/350/30
f 4336/351/31 290/348/28 4335/347/233
f 4336/351/31 3802/352/234 292/353/235
f 3921/354/236 292/353/235 3802/352/234
f 3921/354/236 4018/355/237 293/356/36
f 4127/357/238 293/356/36 4018/355/237
f 4127/357/238 4226/358/239 294/359/39
f 4337/360/240 294/359/39 4226/358/239
f 4337/360/240 3585/361/241 295/362/42
f 296/363/141 3585/361/241 3703/364/242
f 3703/364/242 3803/365/45 296/363/141
f 297/366/46 3803/365/45 3922/367/243
f 3922/367/243 4019/368/244 297/366/46
f 298/369/49 4019/368/244 4128/370/50
f 4128/370/50 4227/371/51 298/369/49
f 299/372/245 300/373/246 301/374/247
f 299/372/245 301/374/247 302/375/245
f 303/376/248 299/372/245 302/375/245
f 303/376/248 302/375/245 304/377/249
f 305/378/250 303/376/248 304/377/249
f 305/378/250 304/377/249 306/379/250
f 307/380/251 305/378/250 306/379/250
f 307/380/251 306/379/250 308/381/251
f 309/382/252 307/380/251 308/381/251
f 309/382/252 308/381/251 310/383/252
f 311/384/253 309/382/252 310/383/252
f 311/384/253 310/383/252 312/385/253
f 313/386/254 311/384/253 312/385/253
f 313/386/254 312/385/253 314/387/254
f 315/388/255 313/386/254 314/387/254
f 315/388/255 314/387/254 316/389/255
f 317/390/256 315/388/255 316/389/255
f 317/390/256 316/389/255 318/391/257
f 319/392/258 317/390/256 318/391/257
f 319/392/258 318/391/257 320/393/258
f 321/394/259 319/392/258 320/393/258
f 321/394/259 320/393/258 322/395/259
f 323/396/260 321/394/259 322/395/259
f 323/396/260 322/395/259 324/397/261
f 325/398/262 323/396/260 324/397/261
f 325/398/262 324/397/261 326/399/263
f 327/400/264 325/398/262 326/399/263
f 327/400/264 326/399/263 328/401/265
f 329/402/266 327/400/264 328/401/265
f 329/402/266 328/401/265 330/403/266
f 331/404/267 329/402/266 330/403/266
f 331/404/267 330/403/266 332/405/267
f 333/406/268 331/404/267 332/405/267
f 333/406/268 332/405/267 334/407/269
f 335/408/270 333/406/268 334/407/269
f 335/408/270 334/407/269 336/409/270
f 337/410/271 335/408/270 336/409/270
f 337/410/271 336/409/270 338/411/271
f 339/412/272 337/410/271 338/411/271
f 339/412/272 338/411/271 340/413/273
f 341/414/274 339/412/272 340/413/273
f 341/414/274 340/413/273 342/415/274
f 343/416/275 341/414/274 342/415/274
f 343/416/275 342/415/274 344/417/275
f 345/418/276 343/416/275 344/417/275
f 345/418/276 344/417/275 346/419/277
f 347/420/278 345/418/276 346/419/277
f 347/420/278 346/419/277 348/421/279
f 349/422/280 347/420/278 348/421/279
f 349/422/280 348/421/279 350/423/281
f 351/424/282 349/422/280 350/423/281
f 351/424/282 350/423/281 352/425/283
f 353/426/284 351/424/282 352/425/283
f 353/426/284 352/425/283 354/427/284
f 355/428/285 353/426/284 354/427/284
f 355/428/285 354/427/284 356/429/286
f 357/430/287 355/428/285 356/429/286
f 357/430/287 356/429/286 358/431/288
f 359/432/289 357/430/287 358/431/288
f 359/432/289 358/431/288 360/433/290
f 361/434/291 359/432/289 360/433/290
f 361/434/291 360/433/290 362/435/292
f 300/373/246 361/434/291 362/435/292
f 300/373/246 362/435/292 301/374/247
f 363/301/293 364/298/294 365/436/295
f 363/301/293 365/436/295 366/437/296
f 367/304/297 363/301/293 366/437/296
f 367/304/297 366/437/296 368/438/297
f 369/307/298 367/304/297 368/438/297
f 369/307/298 368/438/297 370/439/298
f 371/310/299 369/307/298 370/439/298
f 371/310/299 370/439/298 372/440/300
f 373/313/301 371/310/299 372/440/300
f 373/313/301 372/440/300 374/441/302
f 375/442/303 373/313/301 374/441/302
f 375/442/303 374/441/302 376/443/303
f 364/298/294 377/444/304 365/436/295
f 364/298/294 378/315/304 377/444/304
f 378/315/304 379/445/305 377/444/304
f 378/315/304 380/318/306 379/445/305
f 381/446/307 382/323/308 383/447/308
f 381/446/307 383/447/308 384/448/309
f 382/323/308 385/449/310 383/447/308
f 382/323/308 386/325/310 385/449/310
f 386/325/310 387/450/311 385/449/310
f 386/325/310 388/328/311 387/450/311
f 388/328/311 389/451/312 387/450/311
f 388/328/311 390/331/312 389/451/312
f 390/331/312 391/452/313 389/451/312
f 390/331/312 392/336/313 391/452/313
f 392/336/313 393/453/314 391/452/313
f 392/336/313 394/339/314 393/453/314
f 394/339/314 395/454/315 393/453/314
f 394/339/314 396/342/315 395/454/315
f 396/342/315 397/455/316 395/454/315
f 396/342/315 398/345/317 397/455/316
f 399/349/200 400/348/318 401/456/319
f 399/349/200 401/456/319 402/457/200
f 400/348/318 403/458/320 401/456/319
f 400/348/318 404/353/321 403/458/320
f 404/353/321 405/459/322 403/458/320
f 404/353/321 406/356/323 405/459/322
f 406/356/323 407/460/324 405/459/322
f 406/356/323 408/359/324 407/460/324
f 408/359/324 409/461/325 407/460/324
f 408/359/324 410/362/325 409/461/325
f 410/362/325 411/462/326 409/461/325
f 410/362/325 412/363/327 411/462/326
f 412/363/327 413/463/328 411/462/326
f 412/363/327 414/366/329 413/463/328
f 414/366/329 415/464/330 413/463/328
f 414/366/329 416/369/331 415/464/330
f 417/465/332 418/466/138 419/467/138
f 417/465/332 419/467/138 420/468/333
f 421/469/140 417/465/332 420/468/333
f 421/469/140 420/468/333 422/470/140
f 422/470/140 420/468/333 423/471/333
f 422/470/140 423/471/333 424/472/140
f 420/468/333 425/473/334 423/471/333
f 420/468/333 419/467/138 425/473/334
f 419/467/138 426/474/36 425/473/334
f 419/467/138 427/475/36 426/474/36
f 418/466/138 427/475/36 419/467/138
f 418/466/138 428/476/36 427/475/36
f 428/476/36 429/477/39 427/475/36
f 428/476/36 430/478/39 429/477/39
f 430/478/39 431/479/42 429/477/39
f 430/478/39 432/480/42 431/479/42
f 432/480/42 433/481/43 431/479/42
f 432/480/42 434/482/43 433/481/43
f 434/482/43 435/483/46 433/481/43
f 434/482/43 436/484/46 435/483/46
f 436/484/46 437/485/335 435/483/46
f 436/484/46 438/486/49 437/485/335
f 435/483/46 437/485/335 439/487/49
f 435/483/46 439/487/49 440/488/46
f 433/481/43 435/483/46 440/488/46
f 433/481/43 440/488/46 441/489/43
f 431/479/42 433/481/43 441/489/43
f 431/479/42 441/489/43 442/490/42
f 429/477/39 431/479/42 442/490/42
f 429/477/39 442/490/42 443/491/39
f 427/475/36 429/477/39 443/491/39
f 427/475/36 443/491/39 426/474/36
f 444/492/11 445/493/16 446/494/336
f 444/492/11 446/494/336 447/495/11
f 448/496/8 444/492/11 447/495/11
f 448/496/8 447/495/11 449/497/8
f 450/498/5 448/496/8 449/497/8
f 450/498/5 449/497/8 451/499/337
f 452/500/338 450/498/5 451/499/337
f 452/500/338 451/499/337 453/501/338
f 454/502/146 452/500/338 453/501/338
f 454/502/146 453/501/338 455/503/146
f 455/503/146 453/501/338 456/504/338
f 455/503/146 456/504/338 457/505/146
f 453/501/338 458/506/337 456/504/338
f 453/501/338 451/499/337 458/506/337
f 451/499/337 459/507/8 458/506/337
f 451/499/337 449/497/8 459/507/8
f 449/497/8 460/508/11 459/507/8
f 449/497/8 447/495/11 460/508/11
f 447/495/11 461/509/16 460/508/11
f 447/495/11 446/494/336 461/509/16
f 446/494/336 462/510/19 461/509/16
f 446/494/336 463/511/19 462/510/19
f 445/493/16 463/511/19 446/494/336
f 445/493/16 464/512/19 463/511/19
f 464/512/19 465/513/339 463/511/19
f 464/512/19 466/514/340 465/513/339
f 466/514/340 467/515/25 465/513/339
f 466/514/340 468/516/25 467/515/25
f 465/513/339 467/515/25 469/517/25
f 465/513/339 469/517/25 470/518/339
f 463/511/19 465/513/339 470/518/339
f 463/511/19 470/518/339 462/510/19
f 471/519/25 472/520/147 473/521/147
f 471/519/25 473/521/147 474/522/149
f 474/522/149 473/521/147 475/523/147
f 474/522/149 475/523/147 476/524/25
f 473/521/147 477/525/150 475/523/147
f 473/521/147 478/526/151 477/525/150
f 472/520/147 478/526/151 473/521/147
f 472/520/147 479/527/151 478/526/151
f 479/527/151 480/528/341 478/526/151
f 479/527/151 481/529/341 480/528/341
f 481/529/341 482/530/157 480/528/341
f 481/529/341 483/531/157 482/530/157
f 483/531/157 484/532/154 482/530/157
f 483/531/157 485/533/342 484/532/154
f 485/533/342 486/534/155 484/532/154
f 485/533/342 487/535/343 486/534/155
f 487/535/343 488/536/344 486/534/155
f 487/535/343 489/537/344 488/536/344
f 489/537/344 490/538/140 488/536/344
f 489/537/344 491/539/140 490/538/140
f 488/536/344 490/538/140 492/540/29
f 488/536/344 492/540/29 493/541/344
f 486/534/155 488/536/344 493/541/344
f 486/534/155 493/541/344 494/542/155
f 484/532/154 486/534/155 494/542/155
f 484/532/154 494/542/155 495/543/342
f 482/530/157 484/532/154 495/543/342
f 482/530/157 495/543/342 496/544/157
f 480/528/341 482/530/157 496/544/157
f 480/528/341 496/544/157 497/545/152
f 478/526/151 480/528/341 497/545/152
f 478/526/151 497/545/152 477/525/150
f 498/546/160 499/547/345 500/548/159
f 498/546/160 500/548/159 501/549/160
f 502/550/161 498/546/160 501/549/160
f 502/550/161 501/549/160 503/551/161
f 504/552/162 502/550/161 503/551/161
f 504/552/162 503/551/161 505/553/346
f 506/554/165 504/552/162 505/553/346
f 506/554/165 505/553/346 507/555/165
f 508/556/347 506/554/165 507/555/165
f 508/556/347 507/555/165 509/557/49
f 509/557/49 507/555/165 510/558/165
f 509/557/49 510/558/165 511/559/49
f 507/555/165 512/560/162 510/558/165
f 507/555/165 505/553/346 512/560/162
f 505/553/346 513/561/161 512/560/162
f 505/553/346 503/551/161 513/561/161
f 503/551/161 514/562/158 513/561/161
f 503/551/161 501/549/160 514/562/158
f 501/549/160 515/563/159 514/562/158
f 501/549/160 500/548/159 515/563/159
f 500/548/159 516/564/203 515/563/159
f 500/548/159 517/565/203 516/564/203
f 499/547/345 517/565/203 500/548/159
f 499/547/345 518/566/167 517/565/203
f 518/566/167 519/567/348 517/565/203
f 518/566/167 520/568/348 519/567/348
f 520/568/348 521/569/169 519/567/348
f 520/568/348 522/570/169 521/569/169
f 519/567/348 521/569/169 523/571/349
f 519/567/348 523/571/349 524/572/348
f 517/565/203 519/567/348 524/572/348
f 517/565/203 524/572/348 516/564/203
f 3804/573/170 3923/574/350 525/575/152
f 3804/573/170 526/576/172 3805/577/173
f 4129/578/174 3805/577/173 526/576/172
f 4129/578/174 527/579/148 4228/580/175
f 4338/581/176 4228/580/175 527/579/148
f 4338/581/176 528/582/25 3586/583/351
f 3924/584/352 525/575/152 3923/574/350
f 3924/584/352 3806/585/353 529/586/153
f 3925/587/180 529/586/153 3806/585/353
f 3925/587/180 4020/588/354 530/589/154
f 4130/590/355 530/589/154 4020/588/354
f 4130/590/355 4229/591/356 531/592/343
f 4339/593/357 531/592/343 4229/591/356
f 4339/593/357 3587/594/358 532/595/156
f 3704/596/359 532/595/156 3587/594/358
f 3704/596/359 3807/597/360 533/598/140
f 534/576/361 535/575/362 536/599/362
f 534/576/361 536/599/362 537/600/363
f 538/579/364 534/576/361 537/600/363
f 538/579/364 537/600/363 539/601/364
f 540/582/124 538/579/364 539/601/364
f 540/582/124 539/601/364 541/602/124
f 535/575/362 542/603/365 536/599/362
f 535/575/362 543/586/365 542/603/365
f 543/586/365 544/604/366 542/603/365
f 543/586/365 545/589/366 544/604/366
f 545/589/366 546/605/367 544/604/366
f 545/589/366 547/592/367 546/605/367
f 547/592/367 548/606/368 546/605/367
f 547/592/367 549/595/369 548/606/368
f 549/595/369 550/607/370 548/606/368
f 549/595/369 551/598/371 550/607/370
f 4230/608/201 4340/609/202 552/610/372
f 552/610/372 4231/611/373 4230/608/201
f 3705/612/205 4231/611/373 553/613/374
f 553/613/374 3808/614/206 3705/612/205
f 3926/615/375 3808/614/206 554/616/158
f 554/616/158 4021/617/376 3926/615/375
f 4131/618/377 4021/617/376 555/619/161
f 555/619/161 4232/620/378 4131/618/377
f 4341/621/379 4232/620/378 556/622/346
f 556/622/346 3588/623/380 4341/621/379
f 3706/624/381 3588/623/380 557/625/165
f 557/625/165 3809/626/382 3706/624/381
f 559/627/168 4340/609/202 4342/628/383
f 4342/628/383 4022/629/384 559/627/168
f 560/630/146 4022/629/384 4132/631/385
f 4132/631/385 4233/632/386 560/630/146
f 3589/633/1 3707/634/2 561/635/145
f 561/635/145 3590/636/4 3589/633/1
f 563/637/337 3707/634/2 3708/638/387
f 3708/638/387 4023/639/223 563/637/337
f 564/640/8 4023/639/223 4133/641/388
f 4133/641/388 4234/642/10 564/640/8
f 565/643/11 4234/642/10 4343/644/226
f 4343/644/226 3591/645/13 565/643/11
f 3709/646/389 565/643/11 3591/645/13
f 3709/646/389 3810/647/15 566/648/16
f 3927/649/228 566/648/16 3810/647/15
f 3927/649/228 4024/650/18 567/651/229
f 4134/652/390 567/651/229 4024/650/18
f 4134/652/390 4235/653/21 568/654/22
f 4344/655/231 568/654/22 4235/653/21
f 4344/655/231 3592/656/391 569/657/25
f 3811/658/392 3928/659/233 570/660/28
f 3811/658/392 571/661/140 3812/662/393
f 3929/663/394 570/660/28 3928/659/233
f 3929/663/394 4236/664/234 572/665/138
f 4345/666/236 572/665/138 4236/664/234
f 4345/666/236 3593/667/35 573/668/395
f 3710/669/238 573/668/395 3593/667/35
f 3710/669/238 3813/670/396 574/671/39
f 3930/672/40 574/671/39 3813/670/396
f 3930/672/40 4025/673/41 575/674/42
f 576/675/141 4025/673/41 4135/676/397
f 4135/676/397 4237/677/398 576/675/141
f 577/678/46 4237/677/398 4346/679/47
f 4346/679/47 3594/680/48 577/678/46
f 578/681/49 3594/680/48 3711/682/399
f 3711/682/399 3814/683/51 578/681/49
f 579/684/52 580/685/54 581/686/54
f 579/684/52 581/686/54 582/687/52
f 583/688/55 579/684/52 582/687/52
f 583/688/55 582/687/52 584/689/55
f 585/690/400 583/688/55 584/689/55
f 585/690/400 584/689/55 586/691/400
f 587/692/401 585/690/400 586/691/400
f 587/692/401 586/691/400 588/693/57
f 589/694/58 587/692/401 588/693/57
f 589/694/58 588/693/57 590/695/58
f 591/696/59 589/694/58 590/695/58
f 591/696/59 590/695/58 592/697/59
f 593/698/402 591/696/59 592/697/59
f 593/698/402 592/697/59 594/699/402
f 595/700/403 593/698/402 594/699/402
f 595/700/403 594/699/402 596/701/403
f 597/702/63 595/700/403 596/701/403
f 597/702/63 596/701/403 598/703/63
f 599/704/64 597/702/63 598/703/63
f 599/704/64 598/703/63 600/705/64
f 601/706/65 599/704/64 600/705/64
f 601/706/65 600/705/64 602/707/65
f 603/708/404 601/706/65 602/707/65
f 603/708/404 602/707/65 604/709/404
f 605/710/68 603/708/404 604/709/404
f 605/710/68 604/709/404 606/711/68
f 607/712/405 605/710/68 606/711/68
f 607/712/405 606/711/68 608/713/69
f 609/714/71 607/712/405 608/713/69
f 609/714/71 608/713/69 610/715/406
f 611/716/407 609/714/71 610/715/406
f 611/716/407 610/715/406 612/717/72
f 613/718/74 611/716/407 612/717/72
f 613/718/74 612/717/72 614/719/74
f 615/720/75 613/718/74 614/719/74
f 615/720/75 614/719/74 616/721/76
f 617/722/78 615/720/75 616/721/76
f 617/722/78 616/721/76 618/723/408
f 619/724/79 617/722/78 618/723/408
f 619/724/79 618/723/408 620/725/79
f 621/726/80 619/724/79 620/725/79
f 621/726/80 620/725/79 622/727/80
f 623/728/81 621/726/80 622/727/80
f 623/728/81 622/727/80 624/729/81
f 625/730/82 623/728/81 624/729/81
f 625/730/82 624/729/81 626/731/82
f 627/732/83 625/730/82 626/731/82
f 627/732/83 626/731/82 628/733/84
f 629/734/86 627/732/83 628/733/84
f 629/734/86 628/733/84 630/735/85
f 631/736/87 629/734/86 630/735/85
f 631/736/87 630/735/85 632/737/88
f 633/738/90 631/736/87 632/737/88
f 633/738/90 632/737/88 634/739/90
f 635/740/92 633/738/90 634/739/90
f 635/740/92 634/739/90 636/741/92
f 637/742/409 635/740/92 636/741/92
f 637/742/409 636/741/92 638/743/410
f 639/744/96 637/742/409 638/743/410
f 639/744/96 638/743/410 640/745/96
f 641/746/97 639/744/96 640/745/96
f 641/746/97 640/745/96 642/747/411
f 580/685/54 641/746/97 642/747/411
f 580/685/54 642/747/411 581/686/54
f 643/613/412 644/610/413 645/748/414
f 643/613/412 645/748/414 646/749/415
f 647/616/101 643/613/412 646/749/415
f 647/616/101 646/749/415 648/750/101
f 649/619/416 647/616/101 648/750/101
f 649/619/416 648/750/101 650/751/416
f 651/622/417 649/619/416 650/751/416
f 651/622/417 650/751/416 652/752/417
f 653/625/418 651/622/417 652/752/417
f 653/625/418 652/752/417 654/753/418
f 655/754/137 653/625/418 654/753/418
f 655/754/137 654/753/418 656/755/137
f 644/610/413 657/756/419 645/748/414
f 644/610/413 658/627/419 657/756/419
f 658/627/419 659/757/420 657/756/419
f 658/627/419 660/630/421 659/757/420
f 661/758/422 662/635/423 663/759/424
f 661/758/422 663/759/424 664/760/111
f 662/635/423 665/761/425 663/759/424
f 662/635/423 666/637/426 665/761/425
f 666/637/426 667/762/427 665/761/425
f 666/637/426 668/640/427 667/762/427
f 668/640/427 669/763/428 667/762/427
f 668/640/427 670/643/428 669/763/428
f 670/643/428 671/764/120 669/763/428
f 670/643/428 672/648/120 671/764/120
f 672/648/120 673/765/429 671/764/120
f 672/648/120 674/651/430 673/765/429
f 674/651/430 675/766/122 673/765/429
f 674/651/430 676/654/431 675/766/122
f 676/654/431 677/767/124 675/766/122
f 676/654/431 678/657/432 677/767/124
f 679/661/370 680/660/433 681/768/434
f 679/661/370 681/768/434 682/769/370
f 680/660/433 683/770/128 681/768/434
f 680/660/433 684/665/128 683/770/128
f 684/665/128 685/771/435 683/770/128
f 684/665/128 686/668/435 685/771/435
f 686/668/435 687/772/131 685/771/435
f 686/668/435 688/671/131 687/772/131
f 688/671/131 689/773/436 687/772/131
f 688/671/131 690/674/436 689/773/436
f 690/674/436 691/774/437 689/773/436
f 690/674/436 692/675/437 691/774/437
f 692/675/437 693/775/438 691/774/437
f 692/675/437 694/678/438 693/775/438
f 694/678/438 695/776/137 693/775/438
f 694/678/438 696/681/137 695/776/137
f 697/777/332 698/778/138 699/779/138
f 697/777/332 699/779/138 700/780/28
f 701/781/140 697/777/332 700/780/28
f 701/781/140 700/780/28 702/782/140
f 702/782/140 700/780/28 703/783/28
f 702/782/140 703/783/28 704/784/140
f 700/780/28 705/785/334 703/783/28
f 700/780/28 699/779/138 705/785/334
f 699/779/138 706/786/36 705/785/334
f 699/779/138 707/787/36 706/786/36
f 698/778/138 707/787/36 699/779/138
f 698/778/138 708/788/36 707/787/36
f 708/788/36 709/789/39 707/787/36
f 708/788/36 710/790/39 709/789/39
f 710/790/39 711/791/42 709/789/39
f 710/790/39 712/792/42 711/791/42
f 712/792/42 713/793/43 711/791/42
f 712/792/42 714/794/43 713/793/43
f 714/794/43 715/795/46 713/793/43
f 714/794/43 716/796/46 715/795/46
f 716/796/46 717/797/49 715/795/46
f 716/796/46 718/798/49 717/797/49
f 715/795/46 717/797/49 719/799/49
f 715/795/46 719/799/49 720/800/46
f 713/793/43 715/795/46 720/800/46
f 713/793/43 720/800/46 721/801/43
f 711/791/42 713/793/43 721/801/43
f 711/791/42 721/801/43 722/802/42
f 709/789/39 711/791/42 722/802/42
f 709/789/39 722/802/42 723/803/39
f 707/787/36 709/789/39 723/803/39
f 707/787/36 723/803/39 706/786/36
f 724/804/11 725/805/336 726/806/336
f 724/804/11 726/806/336 727/807/11
f 728/808/439 724/804/11 727/807/11
f 728/808/439 727/807/11 729/809/439
f 730/810/337 728/808/439 729/809/439
f 730/810/337 729/809/439 731/811/337
f 732/812/145 730/810/337 731/811/337
f 732/812/145 731/811/337 733/813/145
f 734/814/146 732/812/145 733/813/145
f 734/814/146 733/813/145 735/815/146
f 735/815/146 733/813/145 736/816/145
f 735/815/146 736/816/145 737/817/169
f 733/813/145 738/818/337 736/816/145
f 733/813/145 731/811/337 738/818/337
f 731/811/337 739/819/8 738/818/337
f 731/811/337 729/809/439 739/819/8
f 729/809/439 740/820/11 739/819/8
f 729/809/439 727/807/11 740/820/11
f 727/807/11 741/821/336 740/820/11
f 727/807/11 726/806/336 741/821/336
f 726/806/336 742/822/19 741/821/336
f 726/806/336 743/823/19 742/822/19
f 725/805/336 743/823/19 726/806/336
f 725/805/336 744/824/19 743/823/19
f 744/824/19 745/825/22 743/823/19
f 744/824/19 746/826/22 745/825/22
f 746/826/22 747/827/25 745/825/22
f 746/826/22 748/828/25 747/827/25
f 745/825/22 747/827/25 749/829/25
f 745/825/22 749/829/25 750/830/22
f 743/823/19 745/825/22 750/830/22
f 743/823/19 750/830/22 742/822/19
f 751/831/25 752/832/148 753/833/148
f 751/831/25 753/833/148 754/834/25
f 754/834/25 753/833/148 755/835/147
f 754/834/25 755/835/147 756/836/149
f 753/833/148 757/837/150 755/835/147
f 753/833/148 758/838/151 757/837/150
f 752/832/148 758/838/151 753/833/148
f 752/832/148 759/839/151 758/838/151
f 759/839/151 760/840/152 758/838/151
f 759/839/151 761/841/152 760/840/152
f 761/841/152 762/842/157 760/840/152
f 761/841/152 763/843/153 762/842/157
f 763/843/153 764/844/154 762/842/157
f 763/843/153 765/845/154 764/844/154
f 765/845/154 766/846/155 764/844/154
f 765/845/154 767/847/155 766/846/155
f 767/847/155 768/848/156 766/846/155
f 767/847/155 769/849/156 768/848/156
f 769/849/156 770/850/140 768/848/156
f 769/849/156 771/851/140 770/850/140
f 768/848/156 770/850/140 772/852/140
f 768/848/156 772/852/140 773/853/156
f 766/846/155 768/848/156 773/853/156
f 766/846/155 773/853/156 774/854/155
f 764/844/154 766/846/155 774/854/155
f 764/844/154 774/854/155 775/855/154
f 762/842/157 764/844/154 775/855/154
f 762/842/157 775/855/154 776/856/153
f 760/840/152 762/842/157 776/856/153
f 760/840/152 776/856/153 777/857/440
f 758/838/151 760/840/152 777/857/440
f 758/838/151 777/857/440 757/837/150
f 778/858/158 779/859/159 780/860/159
f 778/858/158 780/860/159 781/861/158
f 782/862/161 778/858/158 781/861/158
f 782/862/161 781/861/158 783/863/161
f 784/864/162 782/862/161 783/863/161
f 784/864/162 783/863/161 785/865/162
f 786/866/163 784/864/162 785/865/162
f 786/866/163 785/865/162 787/867/163
f 788/868/49 786/866/163 787/867/163
f 788/868/49 787/867/163 789/869/49
f 789/869/49 787/867/163 790/870/165
f 789/869/49 790/870/165 791/871/164
f 787/867/163 792/872/166 790/870/165
f 787/867/163 785/865/162 792/872/166
f 785/865/162 793/873/161 792/872/166
f 785/865/162 783/863/161 793/873/161
f 783/863/161 794/874/160 793/873/161
f 783/863/161 781/861/158 794/874/160
f 781/861/158 795/875/345 794/874/160
f 781/861/158 780/860/159 795/875/345
f 780/860/159 796/876/167 795/875/345
f 780/860/159 797/877/167 796/876/167
f 779/859/159 797/877/167 780/860/159
f 779/859/159 798/878/167 797/877/167
f 798/878/167 799/879/168 797/877/167
f 798/878/167 800/880/168 799/879/168
f 800/880/168 801/881/169 799/879/168
f 800/880/168 802/882/146 801/881/169
f 799/879/168 801/881/169 803/883/146
f 799/879/168 803/883/146 804/884/168
f 797/877/167 799/879/168 804/884/168
f 797/877/167 804/884/168 796/876/167
f 4136/885/170 4238/886/441 805/887/152
f 4136/885/170 806/888/151 4137/889/442
f 3595/890/443 4137/889/442 806/888/151
f 3595/890/443 807/891/147 3712/892/444
f 3815/893/445 3712/892/444 807/891/147
f 3815/893/445 808/894/25 3931/895/351
f 4239/896/446 805/887/152 4238/886/441
f 4239/896/446 4138/897/179 809/898/157
f 4240/899/180 809/898/157 4138/897/179
f 4240/899/180 4347/900/447 810/901/154
f 3596/902/448 810/901/154 4347/900/447
f 3596/902/448 3713/903/183 811/904/155
f 3816/905/184 811/904/155 3713/903/183
f 3816/905/184 3932/906/358 812/907/156
f 4026/908/359 812/907/156 3932/906/358
f 4026/908/359 4139/909/449 813/910/140
f 814/911/450 815/912/451 816/913/451
f 814/911/450 816/913/451 817/914/450
f 818/915/452 814/911/450 817/914/450
f 818/915/452 817/914/450 819/916/452
f 820/917/453 818/915/452 819/916/452
f 820/917/453 819/916/452 821/918/453
f 822/919/454 820/917/453 821/918/453
f 822/919/454 821/918/453 823/920/454
f 824/921/455 822/919/454 823/920/454
f 824/921/455 823/920/454 825/922/455
f 826/923/456 824/921/455 825/922/455
f 826/923/456 825/922/455 827/924/456
f 828/925/457 826/923/456 827/924/456
f 828/925/457 827/924/456 829/926/457
f 830/927/458 828/925/457 829/926/457
f 830/927/458 829/926/457 831/928/458
f 832/929/459 830/927/458 831/928/458
f 832/929/459 831/928/458 833/930/459
f 834/931/460 832/929/459 833/930/459
f 834/931/460 833/930/459 835/932/460
f 836/933/461 834/931/460 835/932/460
f 836/933/461 835/932/460 837/934/461
f 838/935/462 836/933/461 837/934/461
f 838/935/462 837/934/461 839/936/462
f 840/937/463 838/935/462 839/936/462
f 840/937/463 839/936/462 841/938/464
f 842/939/465 840/937/463 841/938/464
f 842/939/465 841/938/464 843/940/466
f 844/941/467 842/939/465 843/940/466
f 844/941/467 843/940/466 845/942/467
f 815/912/451 846/943/468 816/913/451
f 815/912/451 847/944/469 846/943/468
f 847/944/469 848/945/470 846/943/468
f 847/944/469 849/946/471 848/945/470
f 849/946/471 850/947/472 848/945/470
f 849/946/471 851/948/473 850/947/472
f 851/948/473 852/949/474 850/947/472
f 851/948/473 853/950/475 852/949/474
f 853/950/475 854/951/476 852/949/474
f 853/950/475 855/952/477 854/951/476
f 855/952/477 856/953/478 854/951/476
f 855/952/477 857/954/478 856/953/478
f 857/954/478 858/955/479 856/953/478
f 857/954/478 859/956/479 858/955/479
f 859/956/479 860/957/480 858/955/479
f 859/956/479 861/958/480 860/957/480
f 861/958/480 862/959/481 860/957/480
f 861/958/480 863/960/481 862/959/481
f 863/960/481 864/961/482 862/959/481
f 863/960/481 865/962/482 864/961/482
f 865/962/482 866/963/483 864/961/482
f 865/962/482 867/964/483 866/963/483
f 867/964/483 868/965/484 866/963/483
f 867/964/483 869/966/484 868/965/484
f 869/966/484 870/967/485 868/965/484
f 869/966/484 871/968/485 870/967/485
f 871/968/485 872/969/486 870/967/485
f 871/968/485 873/970/486 872/969/486
f 873/970/486 874/971/487 872/969/486
f 873/970/486 875/972/488 874/971/487
f 875/972/488 876/973/489 874/971/487
f 875/972/488 877/974/489 876/973/489
f 877/974/489 878/942/490 876/973/489
f 877/974/489 879/941/490 878/942/490
f 4348/975/201 3597/976/491 880/977/167
f 880/977/167 4349/978/204 4348/975/201
f 3817/979/492 4349/978/204 881/980/159
f 881/980/159 3933/981/493 3817/979/492
f 883/982/348 3597/976/491 3598/983/216
f 3598/983/216 4140/984/384 883/982/348
f 884/985/169 4140/984/384 4241/986/494
f 4241/986/494 4350/987/495 884/985/169
f 3714/988/496 3818/989/213 885/990/165
f 885/990/165 3715/991/497 3714/988/496
f 887/992/162 3818/989/213 3819/993/212
f 3819/993/212 4141/994/498 887/992/162
f 888/995/210 4141/994/498 4242/996/209
f 4242/996/209 4351/997/376 888/995/210
f 889/998/158 4351/997/376 3599/999/499
f 3599/999/499 3716/981/500 889/998/158
f 3934/1000/501 4027/1001/2 890/1002/3
f 890/1002/3 3935/1003/4 3934/1000/501
f 892/1004/144 4027/1001/2 4028/1005/502
f 4028/1005/502 4352/1006/223 892/1004/144
f 893/1007/8 4352/1006/223 3600/1008/224
f 3600/1008/224 3717/1009/225 893/1007/8
f 894/1010/11 3717/1009/225 3820/1011/226
f 3820/1011/226 3936/1012/13 894/1010/11
f 4029/1013/389 894/1010/11 3936/1012/13
f 4029/1013/389 4142/1014/15 895/1015/16
f 4243/1016/503 895/1015/16 4142/1014/15
f 4243/1016/503 4353/1017/18 896/1018/19
f 3601/1019/230 896/1018/19 4353/1017/18
f 3601/1019/230 3718/1020/21 897/1021/22
f 3821/1022/504 897/1021/22 3718/1020/21
f 3821/1022/504 3937/1023/24 898/1024/25
f 4143/1025/392 4244/1026/233 899/1027/28
f 4143/1025/392 900/1028/140 4144/1029/505
f 4245/1030/31 899/1027/28 4244/1026/233
f 4245/1030/31 3719/1031/506 901/1032/138
f 3822/1033/507 901/1032/138 3719/1031/506
f 3822/1033/507 3938/1034/35 902/1035/36
f 4030/1036/37 902/1035/36 3938/1034/35
f 4030/1036/37 4145/1037/38 903/1038/39
f 4246/1039/40 903/1038/39 4145/1037/38
f 4246/1039/40 4354/1040/508 904/1041/42
f 905/1042/43 4354/1040/508 3602/1043/397
f 3602/1043/397 3720/1044/45 905/1042/43
f 906/1045/46 3720/1044/45 3823/1046/243
f 3823/1046/243 3939/1047/48 906/1045/46
f 907/1048/49 3939/1047/48 4031/1049/399
f 4031/1049/399 4146/1050/51 907/1048/49
f 908/947/509 909/949/510 910/1051/510
f 908/947/509 910/1051/510 911/1052/509
f 912/945/511 908/947/509 911/1052/509
f 912/945/511 911/1052/509 913/1053/512
f 914/943/513 912/945/511 913/1053/512
f 914/943/513 913/1053/512 915/1054/513
f 916/913/514 914/943/513 915/1054/513
f 916/913/514 915/1054/513 917/1055/514
f 918/914/515 916/913/514 917/1055/514
f 918/914/515 917/1055/514 919/1056/515
f 920/916/516 918/914/515 919/1056/515
f 920/916/516 919/1056/515 921/1057/516
f 922/918/517 920/916/516 921/1057/516
f 922/918/517 921/1057/516 923/1058/517
f 924/920/518 922/918/517 923/1058/517
f 924/920/518 923/1058/517 925/1059/518
f 926/922/519 924/920/518 925/1059/518
f 926/922/519 925/1059/518 927/1060/519
f 928/924/520 926/922/519 927/1060/519
f 928/924/520 927/1060/519 929/1061/521
f 930/926/522 928/924/520 929/1061/521
f 930/926/522 929/1061/521 931/1062/522
f 932/928/523 930/926/522 931/1062/522
f 932/928/523 931/1062/522 933/1063/523
f 934/930/524 932/928/523 933/1063/523
f 934/930/524 933/1063/523 935/1064/524
f 936/932/525 934/930/524 935/1064/524
f 936/932/525 935/1064/524 937/1065/525
f 938/934/526 936/932/525 937/1065/525
f 938/934/526 937/1065/525 939/1066/526
f 940/936/527 938/934/526 939/1066/526
f 940/936/527 939/1066/526 941/1067/527
f 942/938/528 940/936/527 941/1067/527
f 942/938/528 941/1067/527 943/1068/529
f 944/940/530 942/938/528 943/1068/529
f 944/940/530 943/1068/529 945/1069/530
f 946/942/531 944/940/530 945/1069/530
f 946/942/531 945/1069/530 947/1070/531
f 909/949/510 948/1071/532 910/1051/510
f 909/949/510 949/951/532 948/1071/532
f 949/951/532 950/1072/533 948/1071/532
f 949/951/532 951/953/533 950/1072/533
f 951/953/533 952/1073/534 950/1072/533
f 951/953/533 953/955/534 952/1073/534
f 953/955/534 954/1074/535 952/1073/534
f 953/955/534 955/957/535 954/1074/535
f 955/957/535 956/1075/536 954/1074/535
f 955/957/535 957/959/536 956/1075/536
f 957/959/536 958/1076/537 956/1075/536
f 957/959/536 959/961/538 958/1076/537
f 959/961/538 960/1077/539 958/1076/537
f 959/961/538 961/963/539 960/1077/539
f 961/963/539 962/1078/540 960/1077/539
f 961/963/539 963/965/541 962/1078/540
f 963/965/541 964/1079/542 962/1078/540
f 963/965/541 965/967/543 964/1079/542
f 965/967/543 966/1080/544 964/1079/542
f 965/967/543 967/969/544 966/1080/544
f 967/969/544 968/1081/545 966/1080/544
f 967/969/544 969/971/545 968/1081/545
f 969/971/545 970/1082/546 968/1081/545
f 969/971/545 971/973/546 970/1082/546
f 971/973/546 972/1070/531 970/1082/546
f 971/973/546 973/942/531 972/1070/531
f 974/1083/28 975/1084/138 976/1085/138
f 974/1083/28 976/1085/138 977/1086/28
f 978/1087/140 974/1083/28 977/1086/28
f 978/1087/140 977/1086/28 979/1088/140
f 979/1088/140 977/1086/28 980/1089/28
f 979/1088/140 980/1089/28 981/1090/140
f 977/1086/28 982/1091/334 980/1089/28
f 977/1086/28 976/1085/138 982/1091/334
f 976/1085/138 983/1092/36 982/1091/334
f 976/1085/138 984/1093/36 983/1092/36
f 975/1084/138 984/1093/36 976/1085/138
f 975/1084/138 985/1094/36 984/1093/36
f 985/1094/36 986/1095/39 984/1093/36
f 985/1094/36 987/1096/39 986/1095/39
f 987/1096/39 988/1097/42 986/1095/39
f 987/1096/39 989/1098/42 988/1097/42
f 989/1098/42 990/1099/43 988/1097/42
f 989/1098/42 991/1100/43 990/1099/43
f 991/1100/43 992/1101/46 990/1099/43
f 991/1100/43 993/1102/46 992/1101/46
f 993/1102/46 994/1103/49 992/1101/46
f 993/1102/46 995/1104/49 994/1103/49
f 992/1101/46 994/1103/49 996/1105/49
f 992/1101/46 996/1105/49 997/1106/46
f 990/1099/43 992/1101/46 997/1106/46
f 990/1099/43 997/1106/46 998/1107/43
f 988/1097/42 990/1099/43 998/1107/43
f 988/1097/42 998/1107/43 999/1108/42
f 986/1095/39 988/1097/42 999/1108/42
f 986/1095/39 999/1108/42 1000/1109/39
f 984/1093/36 986/1095/39 1000/1109/39
f 984/1093/36 1000/1109/39 983/1092/36
f 1001/1110/11 1002/1111/16 1003/1112/16
f 1001/1110/11 1003/1112/16 1004/1113/11
f 1005/1114/8 1001/1110/11 1004/1113/11
f 1005/1114/8 1004/1113/11 1006/1115/8
f 1007/1116/337 1005/1114/8 1006/1115/8
f 1007/1116/337 1006/1115/8 1008/1117/144
f 1009/1118/145 1007/1116/337 1008/1117/144
f 1009/1118/145 1008/1117/144 1010/1119/145
f 1011/1120/146 1009/1118/145 1010/1119/145
f 1011/1120/146 1010/1119/145 1012/1121/146
f 1012/1121/146 1010/1119/145 1013/1122/145
f 1012/1121/146 1013/1122/145 1014/1123/146
f 1010/1119/145 1015/1124/337 1013/1122/145
f 1010/1119/145 1008/1117/144 1015/1124/337
f 1008/1117/144 1016/1125/8 1015/1124/337
f 1008/1117/144 1006/1115/8 1016/1125/8
f 1006/1115/8 1017/1126/11 1016/1125/8
f 1006/1115/8 1004/1113/11 1017/1126/11
f 1004/1113/11 1018/1127/16 1017/1126/11
f 1004/1113/11 1003/1112/16 1018/1127/16
f 1003/1112/16 1019/1128/19 1018/1127/16
f 1003/1112/16 1020/1129/19 1019/1128/19
f 1002/1111/16 1020/1129/19 1003/1112/16
f 1002/1111/16 1021/1130/19 1020/1129/19
f 1021/1130/19 1022/1131/22 1020/1129/19
f 1021/1130/19 1023/1132/547 1022/1131/22
f 1023/1132/547 1024/1133/25 1022/1131/22
f 1023/1132/547 1025/1134/25 1024/1133/25
f 1022/1131/22 1024/1133/25 1026/1135/25
f 1022/1131/22 1026/1135/25 1027/1136/22
f 1020/1129/19 1022/1131/22 1027/1136/22
f 1020/1129/19 1027/1136/22 1019/1128/19
f 1028/1137/149 1029/1138/147 1030/1139/147
f 1028/1137/149 1030/1139/147 1031/1140/25
f 1031/1140/25 1030/1139/147 1032/1141/147
f 1031/1140/25 1032/1141/147 1033/1142/149
f 1030/1139/147 1034/1143/151 1032/1141/147
f 1030/1139/147 1035/1144/151 1034/1143/151
f 1029/1138/147 1035/1144/151 1030/1139/147
f 1029/1138/147 1036/1145/172 1035/1144/151
f 1036/1145/172 1037/1146/152 1035/1144/151
f 1036/1145/172 1038/1147/152 1037/1146/152
f 1038/1147/152 1039/1148/153 1037/1146/152
f 1038/1147/152 1040/1149/153 1039/1148/153
f 1040/1149/153 1041/1150/154 1039/1148/153
f 1040/1149/153 1042/1151/154 1041/1150/154
f 1042/1151/154 1043/1152/155 1041/1150/154
f 1042/1151/154 1044/1153/343 1043/1152/155
f 1044/1153/343 1045/1154/344 1043/1152/155
f 1044/1153/343 1046/1155/344 1045/1154/344
f 1046/1155/344 1047/1156/140 1045/1154/344
f 1046/1155/344 1048/1157/29 1047/1156/140
f 1045/1154/344 1047/1156/140 1049/1158/140
f 1045/1154/344 1049/1158/140 1050/1159/344
f 1043/1152/155 1045/1154/344 1050/1159/344
f 1043/1152/155 1050/1159/344 1051/1160/343
f 1041/1150/154 1043/1152/155 1051/1160/343
f 1041/1150/154 1051/1160/343 1052/1161/154
f 1039/1148/153 1041/1150/154 1052/1161/154
f 1039/1148/153 1052/1161/154 1053/1162/157
f 1037/1146/152 1039/1148/153 1053/1162/157
f 1037/1146/152 1053/1162/157 1054/1163/152
f 1035/1144/151 1037/1146/152 1054/1163/152
f 1035/1144/151 1054/1163/152 1034/1143/151
f 1055/1164/160 1056/1165/159 1057/1166/159
f 1055/1164/160 1057/1166/159 1058/1167/160
f 1058/1167/160 1057/1166/159 1059/1168/159
f 1058/1167/160 1059/1168/159 1060/1169/160
f 1057/1166/159 1061/1170/167 1059/1168/159
f 1057/1166/159 1062/1171/203 1061/1170/167
f 1056/1165/159 1062/1171/203 1057/1166/159
f 1056/1165/159 1063/1172/167 1062/1171/203
f 1063/1172/167 1064/1173/168 1062/1171/203
f 1063/1172/167 1065/1174/168 1064/1173/168
f 1065/1174/168 1066/1175/169 1064/1173/168
f 1065/1174/168 1067/1176/146 1066/1175/169
f 1064/1173/168 1066/1175/169 1068/1177/146
f 1064/1173/168 1068/1177/146 1069/1178/168
f 1062/1171/203 1064/1173/168 1069/1178/168
f 1062/1171/203 1069/1178/168 1061/1170/167
f 1070/1179/49 1071/1180/165 1072/1181/163
f 1070/1179/49 1072/1181/163 1073/1182/49
f 1073/1182/49 1072/1181/163 1074/1183/163
f 1073/1182/49 1074/1183/163 1075/1184/49
f 1072/1181/163 1076/1185/162 1074/1183/163
f 1072/1181/163 1077/1186/166 1076/1185/162
f 1071/1180/165 1077/1186/166 1072/1181/163
f 1071/1180/165 1078/1187/166 1077/1186/166
f 1078/1187/166 1079/1188/161 1077/1186/166
f 1078/1187/166 1080/1189/161 1079/1188/161
f 1080/1189/161 1081/1167/158 1079/1188/161
f 1080/1189/161 1082/1164/160 1081/1167/158
f 1079/1188/161 1081/1167/158 1083/1169/158
f 1079/1188/161 1083/1169/158 1084/1190/161
f 1077/1186/166 1079/1188/161 1084/1190/161
f 1077/1186/166 1084/1190/161 1076/1185/162
f 3824/1191/548 3940/1192/171 1085/1193/152
f 3824/1191/548 1086/1194/151 3825/1195/173
f 4147/1196/549 3825/1195/173 1086/1194/151
f 4147/1196/549 1087/1197/148 4247/1198/550
f 4355/1199/176 4247/1198/550 1087/1197/148
f 4355/1199/176 1088/1200/25 3603/1201/351
f 3941/1202/178 1085/1193/152 3940/1192/171
f 3941/1202/178 3826/1203/551 1089/1204/157
f 3942/1205/552 1089/1204/157 3826/1203/551
f 3942/1205/552 4032/1206/447 1090/1207/154
f 4148/1208/448 1090/1207/154 4032/1206/447
f 4148/1208/448 4248/1209/183 1091/1210/343
f 4356/1211/553 1091/1210/343 4248/1209/183
f 4356/1211/553 3604/1212/185 1092/1213/156
f 3721/1214/359 1092/1213/156 3604/1212/185
f 3721/1214/359 3827/1215/360 1093/1216/140
f 1094/1217/554 1095/1218/555 1096/1219/555
f 1094/1217/554 1096/1219/555 1097/1220/556
f 1098/1221/557 1094/1217/554 1097/1220/556
f 1098/1221/557 1097/1220/556 1099/1222/558
f 1100/1223/559 1098/1221/557 1099/1222/558
f 1100/1223/559 1099/1222/558 1101/1224/560
f 1102/1225/561 1100/1223/559 1101/1224/560
f 1102/1225/561 1101/1224/560 1103/1226/561
f 1104/1227/562 1102/1225/561 1103/1226/561
f 1104/1227/562 1103/1226/561 1105/1228/562
f 1106/1229/563 1104/1227/562 1105/1228/562
f 1106/1229/563 1105/1228/562 1107/1230/563
f 1108/1231/564 1106/1229/563 1107/1230/563
f 1108/1231/564 1107/1230/563 1109/1232/564
f 1110/1233/565 1108/1231/564 1109/1232/564
f 1110/1233/565 1109/1232/564 1111/1234/566
f 1112/1235/567 1110/1233/565 1111/1234/566
f 1112/1235/567 1111/1234/566 1113/1236/567
f 1114/1237/568 1112/1235/567 1113/1236/567
f 1114/1237/568 1113/1236/567 1115/1238/569
f 1116/1239/570 1114/1237/568 1115/1238/569
f 1116/1239/570 1115/1238/569 1117/1240/570
f 1118/1241/571 1116/1239/570 1117/1240/570
f 1118/1241/571 1117/1240/570 1119/1242/571
f 1120/1243/572 1118/1241/571 1119/1242/571
f 1120/1243/572 1119/1242/571 1121/1244/572
f 1122/1245/573 1120/1243/572 1121/1244/572
f 1122/1245/573 1121/1244/572 1123/1246/573
f 1124/1247/574 1122/1245/573 1123/1246/573
f 1124/1247/574 1123/1246/573 1125/1248/574
f 1126/1249/575 1124/1247/574 1125/1248/574
f 1126/1249/575 1125/1248/574 1127/1250/575
f 1128/1251/576 1126/1249/575 1127/1250/575
f 1128/1251/576 1127/1250/575 1129/1252/576
f 1130/1253/577 1128/1251/576 1129/1252/576
f 1130/1253/577 1129/1252/576 1131/1254/577
f 1132/1255/578 1130/1253/577 1131/1254/577
f 1132/1255/578 1131/1254/577 1133/1256/578
f 1134/1257/579 1132/1255/578 1133/1256/578
f 1134/1257/579 1133/1256/578 1135/1258/579
f 1136/1259/580 1134/1257/579 1135/1258/579
f 1136/1259/580 1135/1258/579 1137/1260/580
f 1138/1261/581 1136/1259/580 1137/1260/580
f 1138/1261/581 1137/1260/580 1139/1262/581
f 1140/1263/582 1138/1261/581 1139/1262/581
f 1140/1263/582 1139/1262/581 1141/1264/582
f 1142/1265/583 1140/1263/582 1141/1264/582
f 1142/1265/583 1141/1264/582 1143/1266/583
f 1144/1267/584 1142/1265/583 1143/1266/583
f 1144/1267/584 1143/1266/583 1145/1268/584
f 1146/1269/585 1144/1267/584 1145/1268/584
f 1146/1269/585 1145/1268/584 1147/1270/585
f 1148/1271/586 1146/1269/585 1147/1270/585
f 1148/1271/586 1147/1270/585 1149/1272/587
f 1150/1273/588 1148/1271/586 1149/1272/587
f 1150/1273/588 1149/1272/587 1151/1274/588
f 1152/1275/589 1150/1273/588 1151/1274/588
f 1152/1275/589 1151/1274/588 1153/1276/589
f 1154/1277/590 1152/1275/589 1153/1276/589
f 1154/1277/590 1153/1276/589 1155/1278/590
f 1156/1279/591 1154/1277/590 1155/1278/590
f 1156/1279/591 1155/1278/590 1157/1280/591
f 1095/1218/555 1156/1279/591 1157/1280/591
f 1095/1218/555 1157/1280/591 1096/1219/555
f 4249/1281/201 4357/1282/202 1158/1283/167
f 1158/1283/167 4250/1284/204 4249/1281/201
f 3722/1285/205 4250/1284/204 1159/1286/159
f 1159/1286/159 3828/1287/592 3722/1285/205
f 3943/1288/593 3828/1287/592 1160/1289/160
f 1160/1289/160 4033/1290/376 3943/1288/593
f 4149/1291/209 4033/1290/376 1161/1292/161
f 1161/1292/161 4251/1293/211 4149/1291/209
f 4358/1294/379 4251/1293/211 1162/1295/162
f 1162/1295/162 3605/1296/213 4358/1294/379
f 3723/1297/496 3605/1296/213 1163/1298/165
f 1163/1298/165 3829/1299/497 3723/1297/496
f 1165/1300/348 4357/1282/202 4359/1301/594
f 4359/1301/594 4034/1302/595 1165/1300/348
f 1166/1303/146 4034/1302/595 4150/1304/494
f 4150/1304/494 4252/1305/386 1166/1303/146
f 3606/1306/501 3724/1307/2 1167/1308/3
f 1167/1308/3 3607/1309/596 3606/1306/501
f 1169/1310/144 3724/1307/2 3725/1311/222
f 3725/1311/222 4035/1312/223 1169/1310/144
f 1170/1313/8 4035/1312/223 4151/1314/224
f 4151/1314/224 4253/1315/10 1170/1313/8
f 1171/1316/11 4253/1315/10 4360/1317/12
f 4360/1317/12 3608/1318/13 1171/1316/11
f 3726/1319/389 1171/1316/11 3608/1318/13
f 3726/1319/389 3830/1320/15 1172/1321/16
f 3944/1322/17 1172/1321/16 3830/1320/15
f 3944/1322/17 4036/1323/18 1173/1324/19
f 4152/1325/230 1173/1324/19 4036/1323/18
f 4152/1325/230 4254/1326/597 1174/1327/22
f 4361/1328/598 1174/1327/22 4254/1326/597
f 4361/1328/598 3609/1329/24 1175/1330/25
f 3831/1331/392 3945/1332/27 1176/1333/332
f 3831/1331/392 1177/1334/140 3832/1335/505
f 3946/1336/394 1176/1333/332 3945/1332/27
f 3946/1336/394 4255/1337/234 1178/1338/138
f 4362/1339/507 1178/1338/138 4255/1337/234
f 4362/1339/507 3610/1340/237 1179/1341/36
f 3727/1342/599 1179/1341/36 3610/1340/237
f 3727/1342/599 3833/1343/600 1180/1344/39
f 3947/1345/40 1180/1344/39 3833/1343/600
f 3947/1345/40 4037/1346/508 1181/1347/42
f 1182/1348/43 4037/1346/508 4153/1349/44
f 4153/1349/44 4256/1350/45 1182/1348/43
f 1183/1351/46 4256/1350/45 4363/1352/243
f 4363/1352/243 3611/1353/48 1183/1351/46
f 1184/1354/49 3611/1353/48 3728/1355/399
f 3728/1355/399 3834/1356/51 1184/1354/49
f 1185/1276/601 1186/1274/602 1187/1357/602
f 1185/1276/601 1187/1357/602 1188/1358/601
f 1189/1278/603 1185/1276/601 1188/1358/601
f 1189/1278/603 1188/1358/601 1190/1359/603
f 1191/1280/604 1189/1278/603 1190/1359/603
f 1191/1280/604 1190/1359/603 1192/1360/604
f 1193/1219/605 1191/1280/604 1192/1360/604
f 1193/1219/605 1192/1360/604 1194/1361/605
f 1195/1220/606 1193/1219/605 1194/1361/605
f 1195/1220/606 1194/1361/605 1196/1362/606
f 1197/1222/607 1195/1220/606 1196/1362/606
f 1197/1222/607 1196/1362/606 1198/1363/607
f 1199/1224/608 1197/1222/607 1198/1363/607
f 1199/1224/608 1198/1363/607 1200/1364/608
f 1201/1226/609 1199/1224/608 1200/1364/608
f 1201/1226/609 1200/1364/608 1202/1365/609
f 1203/1228/610 1201/1226/609 1202/1365/609
f 1203/1228/610 1202/1365/609 1204/1366/610
f 1205/1230/611 1203/1228/610 1204/1366/610
f 1205/1230/611 1204/1366/610 1206/1367/611
f 1207/1232/612 1205/1230/611 1206/1367/611
f 1207/1232/612 1206/1367/611 1208/1368/612
f 1209/1234/613 1207/1232/612 1208/1368/612
f 1209/1234/613 1208/1368/612 1210/1369/614
f 1211/1236/615 1209/1234/613 1210/1369/614
f 1211/1236/615 1210/1369/614 1212/1370/615
f 1213/1238/616 1211/1236/615 1212/1370/615
f 1213/1238/616 1212/1370/615 1214/1371/616
f 1215/1240/617 1213/1238/616 1214/1371/616
f 1215/1240/617 1214/1371/616 1216/1372/617
f 1217/1242/618 1215/1240/617 1216/1372/617
f 1217/1242/618 1216/1372/617 1218/1373/619
f 1219/1244/620 1217/1242/618 1218/1373/619
f 1219/1244/620 1218/1373/619 1220/1374/620
f 1221/1246/621 1219/1244/620 1220/1374/620
f 1221/1246/621 1220/1374/620 1222/1375/621
f 1223/1248/622 1221/1246/621 1222/1375/621
f 1223/1248/622 1222/1375/621 1224/1376/622
f 1225/1250/623 1223/1248/622 1224/1376/622
f 1225/1250/623 1224/1376/622 1226/1377/623
f 1227/1252/624 1225/1250/623 1226/1377/623
f 1227/1252/624 1226/1377/623 1228/1378/624
f 1229/1254/625 1227/1252/624 1228/1378/624
f 1229/1254/625 1228/1378/624 1230/1379/625
f 1231/1256/626 1229/1254/625 1230/1379/625
f 1231/1256/626 1230/1379/625 1232/1380/626
f 1233/1258/627 1231/1256/626 1232/1380/626
f 1233/1258/627 1232/1380/626 1234/1381/627
f 1235/1260/628 1233/1258/627 1234/1381/627
f 1235/1260/628 1234/1381/627 1236/1382/628
f 1237/1262/629 1235/1260/628 1236/1382/628
f 1237/1262/629 1236/1382/628 1238/1383/629
f 1239/1264/630 1237/1262/629 1238/1383/629
f 1239/1264/630 1238/1383/629 1240/1384/630
f 1241/1266/631 1239/1264/630 1240/1384/630
f 1241/1266/631 1240/1384/630 1242/1385/631
f 1243/1268/632 1241/1266/631 1242/1385/631
f 1243/1268/632 1242/1385/631 1244/1386/632
f 1245/1270/633 1243/1268/632 1244/1386/632
f 1245/1270/633 1244/1386/632 1246/1387/633
f 1247/1272/634 1245/1270/633 1246/1387/633
f 1247/1272/634 1246/1387/633 1248/1388/634
f 1186/1274/602 1247/1272/634 1248/1388/634
f 1186/1274/602 1248/1388/634 1187/1357/602
f 1249/1389/332 1250/1390/138 1251/1391/138
f 1249/1389/332 1251/1391/138 1252/1392/332
f 1253/1393/140 1249/1389/332 1252/1392/332
f 1253/1393/140 1252/1392/332 1254/1394/140
f 1254/1394/140 1252/1392/332 1255/1395/332
f 1254/1394/140 1255/1395/332 1256/1396/140
f 1252/1392/332 1257/1397/138 1255/1395/332
f 1252/1392/332 1251/1391/138 1257/1397/138
f 1251/1391/138 1258/1398/36 1257/1397/138
f 1251/1391/138 1259/1399/36 1258/1398/36
f 1250/1390/138 1259/1399/36 1251/1391/138
f 1250/1390/138 1260/1400/36 1259/1399/36
f 1260/1400/36 1261/1401/39 1259/1399/36
f 1260/1400/36 1262/1402/39 1261/1401/39
f 1262/1402/39 1263/1403/42 1261/1401/39
f 1262/1402/39 1264/1404/42 1263/1403/42
f 1264/1404/42 1265/1405/43 1263/1403/42
f 1264/1404/42 1266/1406/43 1265/1405/43
f 1266/1406/43 1267/1407/46 1265/1405/43
f 1266/1406/43 1268/1408/46 1267/1407/46
f 1268/1408/46 1269/1409/49 1267/1407/46
f 1268/1408/46 1270/1410/49 1269/1409/49
f 1267/1407/46 1269/1409/49 1271/1411/49
f 1267/1407/46 1271/1411/49 1272/1412/46
f 1265/1405/43 1267/1407/46 1272/1412/46
f 1265/1405/43 1272/1412/46 1273/1413/43
f 1263/1403/42 1265/1405/43 1273/1413/43
f 1263/1403/42 1273/1413/43 1274/1414/42
f 1261/1401/39 1263/1403/42 1274/1414/42
f 1261/1401/39 1274/1414/42 1275/1415/39
f 1259/1399/36 1261/1401/39 1275/1415/39
f 1259/1399/36 1275/1415/39 1258/1398/36
f 1276/1416/11 1277/1417/16 1278/1418/16
f 1276/1416/11 1278/1418/16 1279/1419/11
f 1280/1420/8 1276/1416/11 1279/1419/11
f 1280/1420/8 1279/1419/11 1281/1421/8
f 1282/1422/337 1280/1420/8 1281/1421/8
f 1282/1422/337 1281/1421/8 1283/1423/337
f 1284/1424/145 1282/1422/337 1283/1423/337
f 1284/1424/145 1283/1423/337 1285/1425/145
f 1286/1426/146 1284/1424/145 1285/1425/145
f 1286/1426/146 1285/1425/145 1287/1427/146
f 1287/1427/146 1285/1425/145 1288/1428/145
f 1287/1427/146 1288/1428/145 1289/1429/146
f 1285/1425/145 1290/1430/337 1288/1428/145
f 1285/1425/145 1283/1423/337 1290/1430/337
f 1283/1423/337 1291/1431/8 1290/1430/337
f 1283/1423/337 1281/1421/8 1291/1431/8
f 1281/1421/8 1292/1432/11 1291/1431/8
f 1281/1421/8 1279/1419/11 1292/1432/11
f 1279/1419/11 1293/1433/16 1292/1432/11
f 1279/1419/11 1278/1418/16 1293/1433/16
f 1278/1418/16 1294/1434/19 1293/1433/16
f 1278/1418/16 1295/1435/19 1294/1434/19
f 1277/1417/16 1295/1435/19 1278/1418/16
f 1277/1417/16 1296/1436/19 1295/1435/19
f 1296/1436/19 1297/1437/22 1295/1435/19
f 1296/1436/19 1298/1438/22 1297/1437/22
f 1298/1438/22 1299/1439/25 1297/1437/22
f 1298/1438/22 1300/1440/25 1299/1439/25
f 1297/1437/22 1299/1439/25 1301/1441/25
f 1297/1437/22 1301/1441/25 1302/1442/22
f 1295/1435/19 1297/1437/22 1302/1442/22
f 1295/1435/19 1302/1442/22 1294/1434/19
f 1303/1443/25 1304/1444/148 1305/1445/148
f 1303/1443/25 1305/1445/148 1306/1446/25
f 1306/1446/25 1305/1445/148 1307/1447/148
f 1306/1446/25 1307/1447/148 1308/1448/25
f 1305/1445/148 1309/1449/151 1307/1447/148
f 1305/1445/148 1310/1450/151 1309/1449/151
f 1304/1444/148 1310/1450/151 1305/1445/148
f 1304/1444/148 1311/1451/151 1310/1450/151
f 1311/1451/151 1312/1452/152 1310/1450/151
f 1311/1451/151 1313/1453/152 1312/1452/152
f 1313/1453/152 1314/1454/153 1312/1452/152
f 1313/1453/152 1315/1455/153 1314/1454/153
f 1315/1455/153 1316/1456/154 1314/1454/153
f 1315/1455/153 1317/1457/154 1316/1456/154
f 1317/1457/154 1318/1458/155 1316/1456/154
f 1317/1457/154 1319/1459/343 1318/1458/155
f 1319/1459/343 1320/1460/156 1318/1458/155
f 1319/1459/343 1321/1461/156 1320/1460/156
f 1321/1461/156 1322/1462/140 1320/1460/156
f 1321/1461/156 1323/1463/140 1322/1462/140
f 1320/1460/156 1322/1462/140 1324/1464/140
f 1320/1460/156 1324/1464/140 1325/1465/156
f 1318/1458/155 1320/1460/156 1325/1465/156
f 1318/1458/155 1325/1465/156 1326/1466/343
f 1316/1456/154 1318/1458/155 1326/1466/343
f 1316/1456/154 1326/1466/343 1327/1467/154
f 1314/1454/153 1316/1456/154 1327/1467/154
f 1314/1454/153 1327/1467/154 1328/1468/153
f 1312/1452/152 1314/1454/153 1328/1468/153
f 1312/1452/152 1328/1468/153 1329/1469/152
f 1310/1450/151 1312/1452/152 1329/1469/152
f 1310/1450/151 1329/1469/152 1309/1449/151
f 1330/1470/160 1331/1471/159 1332/1472/159
f 1330/1470/160 1332/1472/159 1333/1473/158
f 1334/1474/161 1330/1470/160 1333/1473/158
f 1334/1474/161 1333/1473/158 1335/1475/161
f 1336/1476/162 1334/1474/161 1335/1475/161
f 1336/1476/162 1335/1475/161 1337/1477/162
f 1338/1478/165 1336/1476/162 1337/1477/162
f 1338/1478/165 1337/1477/162 1339/1479/163
f 1340/1480/49 1338/1478/165 1339/1479/163
f 1340/1480/49 1339/1479/163 1341/1481/49
f 1341/1481/49 1339/1479/163 1342/1482/165
f 1341/1481/49 1342/1482/165 1343/1483/49
f 1339/1479/163 1344/1484/162 1342/1482/165
f 1339/1479/163 1337/1477/162 1344/1484/162
f 1337/1477/162 1345/1485/161 1344/1484/162
f 1337/1477/162 1335/1475/161 1345/1485/161
f 1335/1475/161 1346/1486/160 1345/1485/161
f 1335/1475/161 1333/1473/158 1346/1486/160
f 1333/1473/158 1347/1487/159 1346/1486/160
f 1333/1473/158 1332/1472/159 1347/1487/159
f 1332/1472/159 1348/1488/167 1347/1487/159
f 1332/1472/159 1349/1489/167 1348/1488/167
f 1331/1471/159 1349/1489/167 1332/1472/159
f 1331/1471/159 1350/1490/167 1349/1489/167
f 1350/1490/167 1351/1491/168 1349/1489/167
f 1350/1490/167 1352/1492/168 1351/1491/168
f 1352/1492/168 1353/1493/146 1351/1491/168
f 1352/1492/168 1354/1494/146 1353/1493/146
f 1351/1491/168 1353/1493/146 1355/1495/146
f 1351/1491/168 1355/1495/146 1356/1496/168
f 1349/1489/167 1351/1491/168 1356/1496/168
f 1349/1489/167 1356/1496/168 1348/1488/167
f 3835/1497/170 3948/1498/441 1357/1499/152
f 3835/1497/170 1358/1500/151 3836/1501/442
f 4154/1502/443 3836/1501/442 1358/1500/151
f 4154/1502/443 1359/1503/147 4257/1504/175
f 4364/1505/176 4257/1504/175 1359/1503/147
f 4364/1505/176 1360/1506/149 3612/1507/635
f 3949/1508/446 1357/1499/152 3948/1498/441
f 3949/1508/446 3837/1509/353 1361/1510/157
f 3950/1511/180 1361/1510/157 3837/1509/353
f 3950/1511/180 4038/1512/447 1362/1513/154
f 4155/1514/355 1362/1513/154 4038/1512/447
f 4155/1514/355 4258/1515/183 1363/1516/343
f 4365/1517/553 1363/1516/343 4258/1515/183
f 4365/1517/553 3613/1518/185 1364/1519/156
f 3729/1520/359 1364/1519/156 3613/1518/185
f 3729/1520/359 3838/1521/360 1365/1522/140
f 1366/1523/554 1367/1524/636 1368/1525/637
f 1366/1523/554 1368/1525/637 1369/1526/554
f 1370/1527/638 1366/1523/554 1369/1526/554
f 1370/1527/638 1369/1526/554 1371/1528/638
f 1372/1529/639 1370/1527/638 1371/1528/638
f 1372/1529/639 1371/1528/638 1373/1530/639
f 1374/1531/640 1372/1529/639 1373/1530/639
f 1374/1531/640 1373/1530/639 1375/1532/640
f 1376/1533/641 1374/1531/640 1375/1532/640
f 1376/1533/641 1375/1532/640 1377/1534/641
f 1378/1535/642 1376/1533/641 1377/1534/641
f 1378/1535/642 1377/1534/641 1379/1536/643
f 1380/1537/644 1378/1535/642 1379/1536/643
f 1380/1537/644 1379/1536/643 1381/1538/644
f 1382/1539/645 1380/1537/644 1381/1538/644
f 1382/1539/645 1381/1538/644 1383/1540/646
f 1384/1541/647 1382/1539/645 1383/1540/646
f 1384/1541/647 1383/1540/646 1385/1542/567
f 1386/1543/648 1384/1541/647 1385/1542/567
f 1386/1543/648 1385/1542/567 1387/1544/648
f 1388/1545/649 1386/1543/648 1387/1544/648
f 1388/1545/649 1387/1544/648 1389/1546/649
f 1390/1547/650 1388/1545/649 1389/1546/649
f 1390/1547/650 1389/1546/649 1391/1548/651
f 1392/1549/652 1390/1547/650 1391/1548/651
f 1392/1549/652 1391/1548/651 1393/1550/652
f 1394/1551/573 1392/1549/652 1393/1550/652
f 1394/1551/573 1393/1550/652 1395/1552/573
f 1396/1553/574 1394/1551/573 1395/1552/573
f 1396/1553/574 1395/1552/573 1397/1554/574
f 1398/1555/575 1396/1553/574 1397/1554/574
f 1398/1555/575 1397/1554/574 1399/1556/575
f 1400/1557/653 1398/1555/575 1399/1556/575
f 1400/1557/653 1399/1556/575 1401/1558/653
f 1402/1559/654 1400/1557/653 1401/1558/653
f 1402/1559/654 1401/1558/653 1403/1560/654
f 1404/1561/655 1402/1559/654 1403/1560/654
f 1404/1561/655 1403/1560/654 1405/1562/655
f 1406/1563/579 1404/1561/655 1405/1562/655
f 1406/1563/579 1405/1562/655 1407/1564/656
f 1408/1565/580 1406/1563/579 1407/1564/656
f 1408/1565/580 1407/1564/656 1409/1566/580
f 1410/1567/581 1408/1565/580 1409/1566/580
f 1410/1567/581 1409/1566/580 1411/1568/581
f 1412/1569/657 1410/1567/581 1411/1568/581
f 1412/1569/657 1411/1568/581 1413/1570/657
f 1414/1571/658 1412/1569/657 1413/1570/657
f 1414/1571/658 1413/1570/657 1415/1572/658
f 1416/1573/659 1414/1571/658 1415/1572/658
f 1416/1573/659 1415/1572/658 1417/1574/659
f 1418/1575/585 1416/1573/659 1417/1574/659
f 1418/1575/585 1417/1574/659 1419/1576/585
f 1420/1577/586 1418/1575/585 1419/1576/585
f 1420/1577/586 1419/1576/585 1421/1578/586
f 1422/1579/660 1420/1577/586 1421/1578/586
f 1422/1579/660 1421/1578/586 1423/1580/660
f 1424/1581/589 1422/1579/660 1423/1580/660
f 1424/1581/589 1423/1580/660 1425/1582/589
f 1426/1583/590 1424/1581/589 1425/1582/589
f 1426/1583/590 1425/1582/589 1427/1584/590
f 1428/1585/591 1426/1583/590 1427/1584/590
f 1428/1585/591 1427/1584/590 1429/1586/591
f 1367/1524/636 1428/1585/591 1429/1586/591
f 1367/1524/636 1429/1586/591 1368/1525/637
f 4259/1587/661 4366/1588/202 1430/1589/167
f 1430/1589/167 4260/1590/204 4259/1587/661
f 3730/1591/662 4260/1590/204 1431/1592/159
f 1431/1592/159 3839/1593/592 3730/1591/662
f 3951/1594/593 3839/1593/592 1432/1595/160
f 1432/1595/160 4039/1596/376 3951/1594/593
f 4156/1597/209 4039/1596/376 1433/1598/161
f 1433/1598/161 4261/1599/498 4156/1597/209
f 4367/1600/379 4261/1599/498 1434/1601/162
f 1434/1601/162 3614/1602/663 4367/1600/379
f 3731/1603/496 3614/1602/663 1435/1604/165
f 1435/1604/165 3840/1605/497 3731/1603/496
f 1437/1606/168 4366/1588/202 4368/1607/216
f 4368/1607/216 4040/1608/217 1437/1606/168
f 1438/1609/146 4040/1608/217 4157/1610/494
f 4157/1610/494 4262/1611/386 1438/1609/146
f 3615/1612/501 3732/1613/2 1439/1614/145
f 1439/1614/145 3616/1615/664 3615/1612/501
f 1441/1616/144 3732/1613/2 3733/1617/502
f 3733/1617/502 4041/1618/223 1441/1616/144
f 1442/1619/8 4041/1618/223 4158/1620/388
f 4158/1620/388 4263/1621/10 1442/1619/8
f 1443/1622/11 4263/1621/10 4369/1623/12
f 4369/1623/12 3617/1624/13 1443/1622/11
f 3734/1625/389 1443/1622/11 3617/1624/13
f 3734/1625/389 3841/1626/665 1444/1627/16
f 3952/1628/228 1444/1627/16 3841/1626/665
f 3952/1628/228 4042/1629/18 1445/1630/19
f 4159/1631/230 1445/1630/19 4042/1629/18
f 4159/1631/230 4264/1632/21 1446/1633/22
f 4370/1634/598 1446/1633/22 4264/1632/21
f 4370/1634/598 3618/1635/24 1447/1636/25
f 3842/1637/26 3953/1638/27 1448/1639/332
f 3842/1637/26 1449/1640/140 3843/1641/505
f 3954/1642/394 1448/1639/332 3953/1638/27
f 3954/1642/394 4265/1643/506 1450/1644/138
f 4371/1645/236 1450/1644/138 4265/1643/506
f 4371/1645/236 3619/1646/35 1451/1647/36
f 3735/1648/238 1451/1647/36 3619/1646/35
f 3735/1648/238 3844/1649/38 1452/1650/39
f 3955/1651/666 1452/1650/39 3844/1649/38
f 3955/1651/666 4043/1652/508 1453/1653/42
f 1454/1654/43 4043/1652/508 4160/1655/44
f 4160/1655/44 4266/1656/45 1454/1654/43
f 1455/1657/46 4266/1656/45 4372/1658/47
f 4372/1658/47 3620/1659/48 1455/1657/46
f 1456/1660/49 3620/1659/48 3736/1661/399
f 3736/1661/399 3845/1662/51 1456/1660/49
f 1457/1582/601 1458/1580/602 1459/1663/602
f 1457/1582/601 1459/1663/602 1460/1664/601
f 1461/1584/603 1457/1582/601 1460/1664/601
f 1461/1584/603 1460/1664/601 1462/1665/603
f 1463/1586/604 1461/1584/603 1462/1665/603
f 1463/1586/604 1462/1665/603 1464/1666/604
f 1465/1525/605 1463/1586/604 1464/1666/604
f 1465/1525/605 1464/1666/604 1466/1667/605
f 1467/1526/606 1465/1525/605 1466/1667/605
f 1467/1526/606 1466/1667/605 1468/1668/606
f 1469/1528/607 1467/1526/606 1468/1668/606
f 1469/1528/607 1468/1668/606 1470/1669/607
f 1471/1530/608 1469/1528/607 1470/1669/607
f 1471/1530/608 1470/1669/607 1472/1670/608
f 1473/1532/609 1471/1530/608 1472/1670/608
f 1473/1532/609 1472/1670/608 1474/1671/609
f 1475/1534/610 1473/1532/609 1474/1671/609
f 1475/1534/610 1474/1671/609 1476/1672/610
f 1477/1536/611 1475/1534/610 1476/1672/610
f 1477/1536/611 1476/1672/610 1478/1673/611
f 1479/1538/612 1477/1536/611 1478/1673/611
f 1479/1538/612 1478/1673/611 1480/1674/612
f 1481/1540/613 1479/1538/612 1480/1674/612
f 1481/1540/613 1480/1674/612 1482/1675/613
f 1483/1542/615 1481/1540/613 1482/1675/613
f 1483/1542/615 1482/1675/613 1484/1676/615
f 1485/1544/616 1483/1542/615 1484/1676/615
f 1485/1544/616 1484/1676/615 1486/1677/616
f 1487/1546/617 1485/1544/616 1486/1677/616
f 1487/1546/617 1486/1677/616 1488/1678/617
f 1489/1548/619 1487/1546/617 1488/1678/617
f 1489/1548/619 1488/1678/617 1490/1679/619
f 1491/1550/620 1489/1548/619 1490/1679/619
f 1491/1550/620 1490/1679/619 1492/1680/620
f 1493/1552/621 1491/1550/620 1492/1680/620
f 1493/1552/621 1492/1680/620 1494/1681/621
f 1495/1554/622 1493/1552/621 1494/1681/621
f 1495/1554/622 1494/1681/621 1496/1682/622
f 1497/1556/623 1495/1554/622 1496/1682/622
f 1497/1556/623 1496/1682/622 1498/1683/623
f 1499/1558/667 1497/1556/623 1498/1683/623
f 1499/1558/667 1498/1683/623 1500/1684/624
f 1501/1560/625 1499/1558/667 1500/1684/624
f 1501/1560/625 1500/1684/624 1502/1685/625
f 1503/1562/626 1501/1560/625 1502/1685/625
f 1503/1562/626 1502/1685/625 1504/1686/626
f 1505/1564/668 1503/1562/626 1504/1686/626
f 1505/1564/668 1504/1686/626 1506/1687/627
f 1507/1566/628 1505/1564/668 1506/1687/627
f 1507/1566/628 1506/1687/627 1508/1688/669
f 1509/1568/670 1507/1566/628 1508/1688/669
f 1509/1568/670 1508/1688/669 1510/1689/670
f 1511/1570/671 1509/1568/670 1510/1689/670
f 1511/1570/671 1510/1689/670 1512/1690/671
f 1513/1572/631 1511/1570/671 1512/1690/671
f 1513/1572/631 1512/1690/671 1514/1691/631
f 1515/1574/672 1513/1572/631 1514/1691/631
f 1515/1574/672 1514/1691/631 1516/1692/672
f 1517/1576/633 1515/1574/672 1516/1692/672
f 1517/1576/633 1516/1692/672 1518/1693/633
f 1519/1578/634 1517/1576/633 1518/1693/633
f 1519/1578/634 1518/1693/633 1520/1694/634
f 1458/1580/602 1519/1578/634 1520/1694/634
f 1458/1580/602 1520/1694/634 1459/1663/602
f 1521/1695/28 1522/1696/334 1523/1697/334
f 1521/1695/28 1523/1697/334 1524/1698/28
f 1525/1699/140 1521/1695/28 1524/1698/28
f 1525/1699/140 1524/1698/28 1526/1700/140
f 1526/1700/140 1524/1698/28 1527/1701/28
f 1526/1700/140 1527/1701/28 1528/1702/140
f 1524/1698/28 1529/1703/334 1527/1701/28
f 1524/1698/28 1523/1697/334 1529/1703/334
f 1523/1697/334 1530/1704/36 1529/1703/334
f 1523/1697/334 1531/1705/36 1530/1704/36
f 1522/1696/334 1531/1705/36 1523/1697/334
f 1522/1696/334 1532/1706/36 1531/1705/36
f 1532/1706/36 1533/1707/39 1531/1705/36
f 1532/1706/36 1534/1708/39 1533/1707/39
f 1534/1708/39 1535/1709/42 1533/1707/39
f 1534/1708/39 1536/1710/42 1535/1709/42
f 1536/1710/42 1537/1711/43 1535/1709/42
f 1536/1710/42 1538/1712/43 1537/1711/43
f 1538/1712/43 1539/1713/46 1537/1711/43
f 1538/1712/43 1540/1714/46 1539/1713/46
f 1540/1714/46 1541/1715/49 1539/1713/46
f 1540/1714/46 1542/1716/49 1541/1715/49
f 1539/1713/46 1541/1715/49 1543/1717/49
f 1539/1713/46 1543/1717/49 1544/1718/46
f 1537/1711/43 1539/1713/46 1544/1718/46
f 1537/1711/43 1544/1718/46 1545/1719/43
f 1535/1709/42 1537/1711/43 1545/1719/43
f 1535/1709/42 1545/1719/43 1546/1720/42
f 1533/1707/39 1535/1709/42 1546/1720/42
f 1533/1707/39 1546/1720/42 1547/1721/39
f 1531/1705/36 1533/1707/39 1547/1721/39
f 1531/1705/36 1547/1721/39 1530/1704/36
f 1548/1722/11 1549/1723/16 1550/1724/16
f 1548/1722/11 1550/1724/16 1551/1725/11
f 1552/1726/8 1548/1722/11 1551/1725/11
f 1552/1726/8 1551/1725/11 1553/1727/8
f 1554/1728/337 1552/1726/8 1553/1727/8
f 1554/1728/337 1553/1727/8 1555/1729/337
f 1556/1730/145 1554/1728/337 1555/1729/337
f 1556/1730/145 1555/1729/337 1557/1731/145
f 1558/1732/146 1556/1730/145 1557/1731/145
f 1558/1732/146 1557/1731/145 1559/1733/146
f 1559/1733/146 1557/1731/145 1560/1734/145
f 1559/1733/146 1560/1734/145 1561/1735/146
f 1557/1731/145 1562/1736/337 1560/1734/145
f 1557/1731/145 1555/1729/337 1562/1736/337
f 1555/1729/337 1563/1737/8 1562/1736/337
f 1555/1729/337 1553/1727/8 1563/1737/8
f 1553/1727/8 1564/1738/11 1563/1737/8
f 1553/1727/8 1551/1725/11 1564/1738/11
f 1551/1725/11 1565/1739/16 1564/1738/11
f 1551/1725/11 1550/1724/16 1565/1739/16
f 1550/1724/16 1566/1740/19 1565/1739/16
f 1550/1724/16 1567/1741/19 1566/1740/19
f 1549/1723/16 1567/1741/19 1550/1724/16
f 1549/1723/16 1568/1742/19 1567/1741/19
f 1568/1742/19 1569/1743/22 1567/1741/19
f 1568/1742/19 1570/1744/22 1569/1743/22
f 1570/1744/22 1571/1745/25 1569/1743/22
f 1570/1744/22 1572/1746/25 1571/1745/25
f 1569/1743/22 1571/1745/25 1573/1747/25
f 1569/1743/22 1573/1747/25 1574/1748/22
f 1567/1741/19 1569/1743/22 1574/1748/22
f 1567/1741/19 1574/1748/22 1566/1740/19
f 1575/1749/25 1576/1750/148 1577/1751/148
f 1575/1749/25 1577/1751/148 1578/1752/25
f 1578/1752/25 1577/1751/148 1579/1753/148
f 1578/1752/25 1579/1753/148 1580/1754/25
f 1577/1751/148 1581/1755/151 1579/1753/148
f 1577/1751/148 1582/1756/151 1581/1755/151
f 1576/1750/148 1582/1756/151 1577/1751/148
f 1576/1750/148 1583/1757/151 1582/1756/151
f 1583/1757/151 1584/1758/152 1582/1756/151
f 1583/1757/151 1585/1759/152 1584/1758/152
f 1585/1759/152 1586/1760/153 1584/1758/152
f 1585/1759/152 1587/1761/153 1586/1760/153
f 1587/1761/153 1588/1762/154 1586/1760/153
f 1587/1761/153 1589/1763/154 1588/1762/154
f 1589/1763/154 1590/1764/343 1588/1762/154
f 1589/1763/154 1591/1765/155 1590/1764/343
f 1591/1765/155 1592/1766/156 1590/1764/343
f 1591/1765/155 1593/1767/156 1592/1766/156
f 1593/1767/156 1594/1768/140 1592/1766/156
f 1593/1767/156 1595/1769/140 1594/1768/140
f 1592/1766/156 1594/1768/140 1596/1770/140
f 1592/1766/156 1596/1770/140 1597/1771/156
f 1590/1764/343 1592/1766/156 1597/1771/156
f 1590/1764/343 1597/1771/156 1598/1772/155
f 1588/1762/154 1590/1764/343 1598/1772/155
f 1588/1762/154 1598/1772/155 1599/1773/154
f 1586/1760/153 1588/1762/154 1599/1773/154
f 1586/1760/153 1599/1773/154 1600/1774/153
f 1584/1758/152 1586/1760/153 1600/1774/153
f 1584/1758/152 1600/1774/153 1601/1775/152
f 1582/1756/151 1584/1758/152 1601/1775/152
f 1582/1756/151 1601/1775/152 1581/1755/151
f 1602/1776/158 1603/1777/159 1604/1778/159
f 1602/1776/158 1604/1778/159 1605/1779/160
f 1606/1780/161 1602/1776/158 1605/1779/160
f 1606/1780/161 1605/1779/160 1607/1781/673
f 1608/1782/162 1606/1780/161 1607/1781/673
f 1608/1782/162 1607/1781/673 1609/1783/162
f 1610/1784/165 1608/1782/162 1609/1783/162
f 1610/1784/165 1609/1783/162 1611/1785/165
f 1612/1786/49 1610/1784/165 1611/1785/165
f 1612/1786/49 1611/1785/165 1613/1787/49
f 1613/1787/49 1611/1785/165 1614/1788/163
f 1613/1787/49 1614/1788/163 1615/1789/49
f 1611/1785/165 1616/1790/162 1614/1788/163
f 1611/1785/165 1609/1783/162 1616/1790/162
f 1609/1783/162 1617/1791/161 1616/1790/162
f 1609/1783/162 1607/1781/673 1617/1791/161
f 1607/1781/673 1618/1792/158 1617/1791/161
f 1607/1781/673 1605/1779/160 1618/1792/158
f 1605/1779/160 1619/1793/159 1618/1792/158
f 1605/1779/160 1604/1778/159 1619/1793/159
f 1604/1778/159 1620/1794/167 1619/1793/159
f 1604/1778/159 1621/1795/167 1620/1794/167
f 1603/1777/159 1621/1795/167 1604/1778/159
f 1603/1777/159 1622/1796/167 1621/1795/167
f 1622/1796/167 1623/1797/168 1621/1795/167
f 1622/1796/167 1624/1798/168 1623/1797/168
f 1624/1798/168 1625/1799/146 1623/1797/168
f 1624/1798/168 1626/1800/146 1625/1799/146
f 1623/1797/168 1625/1799/146 1627/1801/169
f 1623/1797/168 1627/1801/169 1628/1802/348
f 1621/1795/167 1623/1797/168 1628/1802/348
f 1621/1795/167 1628/1802/348 1620/1794/167
f 1629/1803/203 3621/1804/201 3622/1805/202
f 3621/1804/201 1630/1806/159 3846/1807/204
f 1630/1806/159 3956/1808/205 3846/1807/204
f 3956/1808/205 1631/1809/160 4044/1810/206
f 1631/1809/160 4161/1811/593 4044/1810/206
f 4161/1811/593 1632/1812/161 4267/1813/376
f 1632/1812/161 4373/1814/209 4267/1813/376
f 4373/1814/209 1633/1815/162 3623/1816/498
f 1633/1815/162 3737/1817/212 3623/1816/498
f 3737/1817/212 1634/1818/163 3847/1819/213
f 1634/1818/163 3957/1820/674 3847/1819/213
f 3957/1820/674 1635/1821/164 4045/1822/675
f 3738/1823/594 1629/1803/203 3622/1805/202
f 1636/1824/168 3738/1823/594 4268/1825/676
f 4374/1826/677 1636/1824/168 4268/1825/676
f 1637/1827/146 4374/1826/677 3624/1828/678
f 1638/1803/679 1639/1829/679 1640/1830/680
f 1638/1803/679 1640/1830/680 1641/1806/680
f 1641/1806/680 1640/1830/680 1642/1831/681
f 1641/1806/680 1642/1831/681 1643/1809/681
f 1643/1809/681 1642/1831/681 1644/1832/682
f 1643/1809/681 1644/1832/682 1645/1812/682
f 1645/1812/682 1644/1832/682 1646/1833/683
f 1645/1812/682 1646/1833/683 1647/1815/684
f 1647/1815/684 1646/1833/683 1648/1834/685
f 1647/1815/684 1648/1834/685 1649/1818/301
f 1649/1818/301 1648/1834/685 1650/1835/686
f 1649/1818/301 1650/1835/686 1651/1821/687
f 1652/1824/688 1639/1829/679 1638/1803/679
f 1652/1824/688 1653/1836/689 1639/1829/679
f 1654/1827/690 1653/1836/689 1652/1824/688
f 1654/1827/690 1655/1837/691 1653/1836/689
f 4047/1838/171 1657/1839/151 4046/1840/170
f 4046/1840/170 1657/1839/151 4269/1841/173
f 4269/1841/173 1658/1842/692 4375/1843/549
f 4375/1843/549 1658/1842/692 3625/1844/175
f 3625/1844/175 1659/1845/25 3739/1846/693
f 3739/1846/693 1659/1845/25 3848/1847/694
f 4162/1848/446 1656/1849/152 4047/1838/171
f 4048/1850/179 1656/1849/152 4162/1848/446
f 4163/1851/180 1660/1852/695 4048/1850/179
f 4270/1853/447 1660/1852/695 4163/1851/180
f 4376/1854/448 1661/1855/154 4270/1853/447
f 3626/1856/356 1661/1855/154 4376/1854/448
f 3740/1857/184 1662/1858/343 3626/1856/356
f 3849/1859/185 1662/1858/343 3740/1857/184
f 3958/1860/696 1663/1861/156 3849/1859/185
f 4049/1862/187 1663/1861/156 3958/1860/696
f 4272/1863/24 1666/1864/22 4271/1865/697
f 4271/1865/697 1666/1864/22 3627/1866/21
f 3627/1866/21 1667/1867/19 3741/1868/230
f 3741/1868/230 1667/1867/19 3850/1869/18
f 3850/1869/18 1668/1870/16 3959/1871/503
f 3959/1871/503 1668/1870/16 4050/1872/15
f 1668/1870/16 4164/1873/389 4050/1872/15
f 4164/1873/389 1669/1874/11 4273/1875/13
f 1669/1874/11 4377/1876/226 4273/1875/13
f 4377/1876/226 1670/1877/8 3628/1878/698
f 1670/1877/8 3742/1879/388 3628/1878/698
f 3742/1879/388 1671/1880/337 3851/1881/223
f 1671/1880/337 3960/1882/502 3851/1881/223
f 3960/1882/502 1672/1883/3 4051/1884/2
f 1672/1883/3 4165/1885/699 4051/1884/2
f 4165/1885/699 1673/1886/146 4274/1887/596
f 1674/1888/49 3629/1889/700 3630/1890/701
f 3629/1889/700 1675/1891/46 3852/1892/244
f 1675/1891/46 3961/1893/702 3852/1892/244
f 3961/1893/702 1676/1894/141 4052/1895/703
f 1676/1894/141 4166/1896/704 4052/1895/703
f 4166/1896/704 1677/1897/42 4275/1898/705
f 1677/1897/42 4378/1899/40 4275/1898/705
f 4378/1899/40 1678/1900/39 3631/1901/396
f 3631/1901/396 1679/1902/36 3743/1903/238
f 3743/1903/238 1679/1902/36 3853/1904/35
f 3853/1904/35 1680/1905/235 3962/1906/706
f 3962/1906/706 1680/1905/235 4053/1907/234
f 4053/1907/234 1681/1908/28 4167/1909/707
f 4167/1909/707 1681/1908/28 4276/1910/233
f 4276/1910/233 1682/1911/140 4379/1912/708
f 4379/1912/708 1682/1911/140 3632/1913/30
f 1683/1914/274 1684/1915/274 1685/1916/709
f 1683/1914/274 1685/1916/709 1686/1917/275
f 1686/1917/275 1685/1916/709 1687/1918/276
f 1686/1917/275 1687/1918/276 1688/1919/276
f 1688/1919/276 1687/1918/276 1689/1920/279
f 1688/1919/276 1689/1920/279 1690/1921/279
f 1690/1921/279 1689/1920/279 1691/1922/280
f 1690/1921/279 1691/1922/280 1692/1923/280
f 1692/1923/280 1691/1922/280 1693/1924/283
f 1692/1923/280 1693/1924/283 1694/1925/283
f 1694/1925/283 1693/1924/283 1695/1926/710
f 1694/1925/283 1695/1926/710 1696/1927/710
f 1696/1927/710 1695/1926/710 1697/1928/286
f 1696/1927/710 1697/1928/286 1698/1929/286
f 1698/1929/286 1697/1928/286 1699/1930/288
f 1698/1929/286 1699/1930/288 1700/1931/288
f 1700/1931/288 1699/1930/288 1701/1932/289
f 1700/1931/288 1701/1932/289 1702/1933/711
f 1702/1933/711 1701/1932/289 1703/1934/292
f 1702/1933/711 1703/1934/292 1704/1935/292
f 1704/1935/292 1703/1934/292 1705/1936/246
f 1704/1935/292 1705/1936/246 1706/1937/712
f 1706/1937/712 1705/1936/246 1707/1938/713
f 1706/1937/712 1707/1938/713 1708/1939/713
f 1708/1939/713 1707/1938/713 1709/1940/714
f 1708/1939/713 1709/1940/714 1710/1941/714
f 1710/1941/714 1709/1940/714 1711/1942/250
f 1710/1941/714 1711/1942/250 1712/1943/715
f 1712/1943/715 1711/1942/250 1713/1944/716
f 1712/1943/715 1713/1944/716 1714/1945/716
f 1714/1945/716 1713/1944/716 1715/1946/717
f 1714/1945/716 1715/1946/717 1716/1947/717
f 1716/1947/717 1715/1946/717 1717/1948/718
f 1716/1947/717 1717/1948/718 1718/1949/718
f 1718/1949/718 1717/1948/718 1719/1950/254
f 1718/1949/718 1719/1950/254 1720/1951/254
f 1720/1951/254 1719/1950/254 1721/1952/255
f 1720/1951/254 1721/1952/255 1722/1953/719
f 1722/1953/719 1721/1952/255 1723/1954/256
f 1722/1953/719 1723/1954/256 1724/1955/720
f 1724/1955/720 1723/1954/256 1725/1956/721
f 1724/1955/720 1725/1956/721 1726/1957/258
f 1726/1957/258 1725/1956/721 1727/1958/722
f 1726/1957/258 1727/1958/722 1728/1959/722
f 1728/1959/722 1727/1958/722 1729/1960/261
f 1728/1959/722 1729/1960/261 1730/1961/723
f 1730/1961/723 1729/1960/261 1731/1962/263
f 1730/1961/723 1731/1962/263 1732/1963/263
f 1732/1963/263 1731/1962/263 1733/1964/265
f 1732/1963/263 1733/1964/265 1734/1965/265
f 1734/1965/265 1733/1964/265 1735/1966/266
f 1734/1965/265 1735/1966/266 1736/1967/266
f 1736/1967/266 1735/1966/266 1737/1968/724
f 1736/1967/266 1737/1968/724 1738/1969/724
f 1738/1969/724 1737/1968/724 1739/1970/725
f 1738/1969/724 1739/1970/725 1740/1971/725
f 1740/1971/725 1739/1970/725 1741/1972/726
f 1740/1971/725 1741/1972/726 1742/1973/727
f 1742/1973/727 1741/1972/726 1743/1974/271
f 1742/1973/727 1743/1974/271 1744/1975/271
f 1744/1975/271 1743/1974/271 1745/1976/728
f 1744/1975/271 1745/1976/728 1746/1977/729
f 1746/1977/729 1745/1976/728 1684/1915/274
f 1746/1977/729 1684/1915/274 1683/1914/274
f 1747/1849/730 1748/1978/731 1749/1979/732
f 1747/1849/730 1749/1979/732 1750/1839/732
f 1750/1839/732 1749/1979/732 1751/1980/733
f 1750/1839/732 1751/1980/733 1752/1842/733
f 1752/1842/733 1751/1980/733 1753/1981/316
f 1752/1842/733 1753/1981/316 1754/1845/734
f 1755/1852/195 1748/1978/731 1747/1849/730
f 1755/1852/195 1756/1982/195 1748/1978/731
f 1757/1855/735 1756/1982/195 1755/1852/195
f 1757/1855/735 1758/1983/736 1756/1982/195
f 1759/1858/737 1758/1983/736 1757/1855/735
f 1759/1858/737 1760/1984/737 1758/1983/736
f 1761/1861/738 1760/1984/737 1759/1858/737
f 1761/1861/738 1762/1985/738 1760/1984/737
f 1763/1986/200 1762/1985/738 1761/1861/738
f 1763/1986/200 1764/1987/200 1762/1985/738
f 1765/1988/316 1766/1989/739 1767/1990/315
f 1765/1988/316 1767/1990/315 1768/1864/740
f 1768/1864/740 1767/1990/315 1769/1991/741
f 1768/1864/740 1769/1991/741 1770/1867/314
f 1770/1867/314 1769/1991/741 1771/1992/742
f 1770/1867/314 1771/1992/742 1772/1870/742
f 1772/1870/742 1771/1992/742 1773/1993/743
f 1772/1870/742 1773/1993/743 1774/1874/743
f 1774/1874/743 1773/1993/743 1775/1994/744
f 1774/1874/743 1775/1994/744 1776/1877/745
f 1776/1877/745 1775/1994/744 1777/1995/746
f 1776/1877/745 1777/1995/746 1778/1880/747
f 1778/1880/747 1777/1995/746 1779/1996/748
f 1778/1880/747 1779/1996/748 1780/1883/749
f 1780/1883/749 1779/1996/748 1781/1997/690
f 1780/1883/749 1781/1997/690 1782/1886/691
f 1783/1888/750 1784/1998/750 1785/1999/751
f 1783/1888/750 1785/1999/751 1786/1891/752
f 1786/1891/752 1785/1999/751 1787/2000/753
f 1786/1891/752 1787/2000/753 1788/1894/753
f 1788/1894/753 1787/2000/753 1789/2001/325
f 1788/1894/753 1789/2001/325 1790/1897/325
f 1790/1897/325 1789/2001/325 1791/2002/754
f 1790/1897/325 1791/2002/754 1792/1900/754
f 1792/1900/754 1791/2002/754 1793/2003/755
f 1792/1900/754 1793/2003/755 1794/1902/755
f 1794/1902/755 1793/2003/755 1795/2004/756
f 1794/1902/755 1795/2004/756 1796/1905/757
f 1796/1905/757 1795/2004/756 1797/2005/758
f 1796/1905/757 1797/2005/758 1798/1908/758
f 1798/1908/758 1797/2005/758 1799/2006/759
f 1798/1908/758 1799/2006/759 1800/1911/759
f 1801/2007/46 1802/2008/46 1803/2009/43
f 1801/2007/46 1803/2009/43 1804/2010/43
f 1804/2010/43 1803/2009/43 1805/2011/42
f 1804/2010/43 1805/2011/42 1806/2012/42
f 1806/2012/42 1805/2011/42 1807/2013/39
f 1806/2012/42 1807/2013/39 1808/2014/39
f 1808/2014/39 1807/2013/39 1809/2015/36
f 1808/2014/39 1809/2015/36 1810/2016/36
f 1810/2016/36 1809/2015/36 1811/2017/138
f 1810/2016/36 1811/2017/138 1812/2018/235
f 1812/2018/235 1811/2017/138 1813/2019/332
f 1812/2018/235 1813/2019/332 1814/2020/332
f 1814/2020/332 1813/2019/332 1815/2021/140
f 1814/2020/332 1815/2021/140 1816/2022/140
f 1813/2019/332 1817/2023/140 1815/2021/140
f 1813/2019/332 1818/2024/28 1817/2023/140
f 1811/2017/138 1818/2024/28 1813/2019/332
f 1811/2017/138 1819/2025/138 1818/2024/28
f 1809/2015/36 1819/2025/138 1811/2017/138
f 1809/2015/36 1820/2026/36 1819/2025/138
f 1807/2013/39 1820/2026/36 1809/2015/36
f 1807/2013/39 1821/2027/39 1820/2026/36
f 1805/2011/42 1821/2027/39 1807/2013/39
f 1805/2011/42 1822/2028/42 1821/2027/39
f 1803/2009/43 1822/2028/42 1805/2011/42
f 1803/2009/43 1823/2029/43 1822/2028/42
f 1802/2008/46 1823/2029/43 1803/2009/43
f 1802/2008/46 1824/2030/46 1823/2029/43
f 1825/2031/49 1824/2030/46 1802/2008/46
f 1826/2032/49 1825/2031/49 1802/2008/46
f 1826/2032/49 1802/2008/46 1801/2007/46
f 1825/2031/49 1827/2033/49 1824/2030/46
f 1828/2034/11 1829/2035/11 1830/2036/8
f 1828/2034/11 1830/2036/8 1831/2037/8
f 1831/2037/8 1830/2036/8 1832/2038/337
f 1831/2037/8 1832/2038/337 1833/2039/144
f 1833/2039/144 1832/2038/337 1834/2040/338
f 1833/2039/144 1834/2040/338 1835/2041/338
f 1835/2041/338 1834/2040/338 1836/2042/146
f 1835/2041/338 1836/2042/146 1837/2043/146
f 1834/2040/338 1838/2044/146 1836/2042/146
f 1834/2040/338 1839/2045/338 1838/2044/146
f 1832/2038/337 1839/2045/338 1834/2040/338
f 1832/2038/337 1840/2046/144 1839/2045/338
f 1830/2036/8 1840/2046/144 1832/2038/337
f 1830/2036/8 1841/2047/8 1840/2046/144
f 1829/2035/11 1841/2047/8 1830/2036/8
f 1829/2035/11 1842/2048/11 1841/2047/8
f 1843/2049/16 1842/2048/11 1829/2035/11
f 1844/2050/16 1843/2049/16 1829/2035/11
f 1845/2051/19 1843/2049/16 1844/2050/16
f 1845/2051/19 1846/2052/19 1843/2049/16
f 1847/2053/340 1846/2052/19 1845/2051/19
f 1847/2053/340 1848/2054/339 1846/2052/19
f 1849/2055/25 1848/2054/339 1847/2053/340
f 1849/2055/25 1850/2056/25 1848/2054/339
f 1850/2056/25 1851/2057/339 1848/2054/339
f 1850/2056/25 1852/2058/25 1851/2057/339
f 1848/2054/339 1851/2057/339 1853/2059/19
f 1848/2054/339 1853/2059/19 1846/2052/19
f 1846/2052/19 1853/2059/19 1854/2060/16
f 1846/2052/19 1854/2060/16 1843/2049/16
f 1843/2049/16 1854/2060/16 1842/2048/11
f 1844/2050/16 1829/2035/11 1828/2034/11
f 1855/2061/169 1856/2062/169 1857/2063/348
f 1855/2061/169 1857/2063/348 1858/2064/348
f 1858/2064/348 1857/2063/348 1859/2065/167
f 1858/2064/348 1859/2065/167 1860/2066/167
f 1860/2066/167 1859/2065/167 1861/2067/159
f 1860/2066/167 1861/2067/159 1862/2068/159
f 1862/2068/159 1861/2067/159 1863/2069/160
f 1862/2068/159 1863/2069/160 1864/2070/160
f 1864/2070/160 1863/2069/160 1865/2071/161
f 1864/2070/160 1865/2071/161 1866/2072/161
f 1866/2072/161 1865/2071/161 1867/2073/162
f 1866/2072/161 1867/2073/162 1868/2074/162
f 1868/2074/162 1867/2073/162 1869/2075/165
f 1868/2074/162 1869/2075/165 1870/2076/165
f 1870/2076/165 1869/2075/165 1871/2077/49
f 1870/2076/165 1871/2077/49 1872/2078/49
f 1869/2075/165 1873/2079/164 1871/2077/49
f 1869/2075/165 1874/2080/165 1873/2079/164
f 1867/2073/162 1874/2080/165 1869/2075/165
f 1867/2073/162 1875/2081/162 1874/2080/165
f 1865/2071/161 1875/2081/162 1867/2073/162
f 1865/2071/161 1876/2082/760 1875/2081/162
f 1863/2069/160 1876/2082/760 1865/2071/161
f 1863/2069/160 1877/2083/160 1876/2082/760
f 1861/2067/159 1877/2083/160 1863/2069/160
f 1861/2067/159 1878/2084/159 1877/2083/160
f 1859/2065/167 1878/2084/159 1861/2067/159
f 1859/2065/167 1879/2085/167 1878/2084/159
f 1857/2063/348 1879/2085/167 1859/2065/167
f 1857/2063/348 1880/2086/348 1879/2085/167
f 1856/2062/169 1880/2086/348 1857/2063/348
f 1856/2062/169 1881/2087/146 1880/2086/348
f 1882/2088/153 1883/2089/153 1884/2090/152
f 1882/2088/153 1884/2090/152 1885/2091/152
f 1885/2091/152 1884/2090/152 1886/2092/151
f 1885/2091/152 1886/2092/151 1887/2093/151
f 1887/2093/151 1886/2092/151 1888/2094/147
f 1887/2093/151 1888/2094/147 1889/2095/147
f 1889/2095/147 1888/2094/147 1890/2096/25
f 1889/2095/147 1890/2096/25 1891/2097/149
f 1888/2094/147 1892/2098/25 1890/2096/25
f 1888/2094/147 1893/2099/147 1892/2098/25
f 1886/2092/151 1893/2099/147 1888/2094/147
f 1886/2092/151 1894/2100/151 1893/2099/147
f 1884/2090/152 1894/2100/151 1886/2092/151
f 1884/2090/152 1895/2101/152 1894/2100/151
f 1883/2089/153 1895/2101/152 1884/2090/152
f 1883/2089/153 1896/2102/153 1895/2101/152
f 1897/2103/154 1896/2102/153 1883/2089/153
f 1898/2104/154 1897/2103/154 1883/2089/153
f 1899/2105/155 1897/2103/154 1898/2104/154
f 1899/2105/155 1900/2106/155 1897/2103/154
f 1901/2107/156 1900/2106/155 1899/2105/155
f 1901/2107/156 1902/2108/156 1900/2106/155
f 1903/2109/29 1902/2108/156 1901/2107/156
f 1903/2109/29 1904/2110/761 1902/2108/156
f 1904/2110/761 1905/2111/344 1902/2108/156
f 1904/2110/761 1906/2112/140 1905/2111/344
f 1902/2108/156 1905/2111/344 1907/2113/155
f 1902/2108/156 1907/2113/155 1900/2106/155
f 1900/2106/155 1907/2113/155 1908/2114/154
f 1900/2106/155 1908/2114/154 1897/2103/154
f 1897/2103/154 1908/2114/154 1896/2102/153
f 1898/2104/154 1883/2089/153 1882/2088/153
f 1909/2115/167 4054/2116/762 4055/2117/763
f 4054/2116/762 1910/2118/159 4277/2119/373
f 1910/2118/159 4380/2120/764 4277/2119/373
f 4380/2120/764 1911/2121/160 3633/2122/206
f 1911/2121/160 3744/2123/593 3633/2122/206
f 3744/2123/593 1912/2124/161 3854/2125/376
f 1912/2124/161 3963/2126/209 3854/2125/376
f 3963/2126/209 1913/2127/162 4056/2128/765
f 1913/2127/162 4168/2129/379 4056/2128/765
f 4168/2129/379 1914/2130/163 4278/2131/213
f 1914/2130/163 4381/2132/674 4278/2131/213
f 4381/2132/674 1915/2133/49 3634/2134/675
f 4169/2135/594 1909/2115/167 4055/2117/763
f 1916/2136/168 4169/2135/594 3855/2137/217
f 3964/2138/677 1916/2136/168 3855/2137/217
f 1917/2139/146 3964/2138/677 4057/2140/766
f 1918/2115/100 1919/2141/99 1920/2142/412
f 1918/2115/100 1920/2142/412 1921/2118/412
f 1921/2118/412 1920/2142/412 1922/2143/767
f 1921/2118/412 1922/2143/767 1923/2121/767
f 1923/2121/767 1922/2143/767 1924/2144/416
f 1923/2121/767 1924/2144/416 1925/2124/103
f 1925/2124/103 1924/2144/416 1926/2145/768
f 1925/2124/103 1926/2145/768 1927/2127/768
f 1927/2127/768 1926/2145/768 1928/2146/769
f 1927/2127/768 1928/2146/769 1929/2130/770
f 1929/2130/770 1928/2146/769 1930/2147/107
f 1929/2130/770 1930/2147/107 1931/2133/107
f 1932/2136/771 1919/2141/99 1918/2115/100
f 1932/2136/771 1933/2148/772 1919/2141/99
f 1934/2139/773 1933/2148/772 1932/2136/771
f 1934/2139/773 1935/2149/773 1933/2148/772
f 3636/2150/441 1937/2151/150 3635/2152/774
f 3635/2152/774 1937/2151/150 3856/2153/775
f 3856/2153/775 1938/2154/147 3965/2155/549
f 3965/2155/549 1938/2154/147 4058/2156/776
f 4058/2156/776 1939/2157/25 4170/2158/777
f 4170/2158/777 1939/2157/25 4279/2159/778
f 3745/2160/178 1936/2161/779 3636/2150/441
f 3637/2162/353 1936/2161/779 3745/2160/178
f 3746/2163/180 1940/2164/157 3637/2162/353
f 3857/2165/447 1940/2164/157 3746/2163/180
f 3966/2166/448 1941/2167/154 3857/2165/447
f 4059/2168/356 1941/2167/154 3966/2166/448
f 4171/2169/184 1942/2170/155 4059/2168/356
f 4280/2171/185 1942/2170/155 4171/2169/184
f 4382/2172/696 1943/2173/156 4280/2171/185
f 3638/2174/187 1943/2173/156 4382/2172/696
f 3859/2175/24 1946/2176/22 3858/2177/780
f 3858/2177/780 1946/2176/22 4060/2178/21
f 4060/2178/21 1947/2179/781 4172/2180/20
f 4172/2180/20 1947/2179/781 4281/2181/782
f 4281/2181/782 1948/2182/16 4383/2183/17
f 4383/2183/17 1948/2182/16 3639/2184/665
f 1948/2182/16 3747/2185/14 3639/2184/665
f 3747/2185/14 1949/2186/11 3860/2187/13
f 1949/2186/11 3967/2188/783 3860/2187/13
f 3967/2188/783 1950/2189/8 4061/2190/10
f 1950/2189/8 4173/2191/224 4061/2190/10
f 4173/2191/224 1951/2192/5 4282/2193/7
f 1951/2192/5 4384/2194/502 4282/2193/7
f 4384/2194/502 1952/2195/145 3640/2196/2
f 1952/2195/145 3748/2197/784 3640/2196/2
f 3748/2197/784 1953/2198/146 3861/2199/4
f 1954/2200/49 4062/2201/785 4063/2202/51
f 4062/2201/785 1955/2203/46 4283/2204/244
f 1955/2203/46 4385/2205/243 4283/2204/244
f 4385/2205/243 1956/2206/786 3641/2207/45
f 1956/2206/786 3749/2208/44 3641/2207/45
f 3749/2208/44 1957/2209/42 3862/2210/41
f 1957/2209/42 3968/2211/40 3862/2210/41
f 3968/2211/40 1958/2212/39 4064/2213/38
f 4064/2213/38 1959/2214/36 4174/2215/37
f 4174/2215/37 1959/2214/36 4284/2216/787
f 4284/2216/787 1960/2217/138 4386/2218/507
f 4386/2218/507 1960/2217/138 3642/2219/234
f 3642/2219/234 1961/2220/332 3750/2221/394
f 3750/2221/394 1961/2220/332 3863/2222/27
f 3863/2222/27 1962/2223/140 3969/2224/788
f 3969/2224/788 1962/2223/140 4065/2225/789
f 1963/2226/80 1964/2227/80 1965/2228/81
f 1963/2226/80 1965/2228/81 1966/2229/81
f 1966/2229/81 1965/2228/81 1967/2230/82
f 1966/2229/81 1967/2230/82 1968/2231/790
f 1968/2231/790 1967/2230/82 1969/2232/83
f 1968/2231/790 1969/2232/83 1970/2233/83
f 1970/2233/83 1969/2232/83 1971/2234/86
f 1970/2233/83 1971/2234/86 1972/2235/86
f 1972/2235/86 1971/2234/86 1973/2236/87
f 1972/2235/86 1973/2236/87 1974/2237/87
f 1974/2237/87 1973/2236/87 1975/2238/90
f 1974/2237/87 1975/2238/90 1976/2239/90
f 1976/2239/90 1975/2238/90 1977/2240/91
f 1976/2239/90 1977/2240/91 1978/2241/91
f 1978/2241/91 1977/2240/91 1979/2242/410
f 1978/2241/91 1979/2242/410 1980/2243/93
f 1980/2243/93 1979/2242/410 1981/2244/96
f 1980/2243/93 1981/2244/96 1982/2245/96
f 1982/2245/96 1981/2244/96 1983/2246/411
f 1982/2245/96 1983/2246/411 1984/2247/411
f 1984/2247/411 1983/2246/411 1985/2248/53
f 1984/2247/411 1985/2248/53 1986/2249/53
f 1986/2249/53 1985/2248/53 1987/2250/52
f 1986/2249/53 1987/2250/52 1988/2251/52
f 1988/2251/52 1987/2250/52 1989/2252/55
f 1988/2251/52 1989/2252/55 1990/2253/791
f 1990/2253/791 1989/2252/55 1991/2254/400
f 1990/2253/791 1991/2254/400 1992/2255/400
f 1992/2255/400 1991/2254/400 1993/2256/57
f 1992/2255/400 1993/2256/57 1994/2257/57
f 1994/2257/57 1993/2256/57 1995/2258/58
f 1994/2257/57 1995/2258/58 1996/2259/58
f 1996/2259/58 1995/2258/58 1997/2260/59
f 1996/2259/58 1997/2260/59 1998/2261/59
f 1998/2261/59 1997/2260/59 1999/2262/60
f 1998/2261/59 1999/2262/60 2000/2263/60
f 2000/2263/60 1999/2262/60 2001/2264/62
f 2000/2263/60 2001/2264/62 2002/2265/62
f 2002/2265/62 2001/2264/62 2003/2266/63
f 2002/2265/62 2003/2266/63 2004/2267/63
f 2004/2267/63 2003/2266/63 2005/2268/64
f 2004/2267/63 2005/2268/64 2006/2269/64
f 2006/2269/64 2005/2268/64 2007/2270/65
f 2006/2269/64 2007/2270/65 2008/2271/65
f 2008/2271/65 2007/2270/65 2009/2272/67
f 2008/2271/65 2009/2272/67 2010/2273/67
f 2010/2273/67 2009/2272/67 2011/2274/68
f 2010/2273/67 2011/2274/68 2012/2275/68
f 2012/2275/68 2011/2274/68 2013/2276/69
f 2012/2275/68 2013/2276/69 2014/2277/405
f 2014/2277/405 2013/2276/69 2015/2278/71
f 2014/2277/405 2015/2278/71 2016/2279/71
f 2016/2279/71 2015/2278/71 2017/2280/72
f 2016/2279/71 2017/2280/72 2018/2281/792
f 2018/2281/792 2017/2280/72 2019/2282/74
f 2018/2281/792 2019/2282/74 2020/2283/74
f 2020/2283/74 2019/2282/74 2021/2284/76
f 2020/2283/74 2021/2284/76 2022/2285/76
f 2022/2285/76 2021/2284/76 2023/2286/78
f 2022/2285/76 2023/2286/78 2024/2287/78
f 2024/2287/78 2023/2286/78 2025/2288/793
f 2024/2287/78 2025/2288/793 2026/2289/793
f 2026/2289/793 2025/2288/793 1964/2227/80
f 2026/2289/793 1964/2227/80 1963/2226/80
f 2027/2161/794 2028/2290/794 2029/2291/795
f 2027/2161/794 2029/2291/795 2030/2151/796
f 2030/2151/796 2029/2291/795 2031/2292/797
f 2030/2151/796 2031/2292/797 2032/2154/798
f 2032/2154/798 2031/2292/797 2033/2293/799
f 2032/2154/798 2033/2293/799 2034/2157/800
f 2035/2164/365 2028/2290/794 2027/2161/794
f 2035/2164/365 2036/2294/365 2028/2290/794
f 2037/2167/366 2036/2294/365 2035/2164/365
f 2037/2167/366 2038/2295/366 2036/2294/365
f 2039/2170/801 2038/2295/366 2037/2167/366
f 2039/2170/801 2040/2296/801 2038/2295/366
f 2041/2173/802 2040/2296/801 2039/2170/801
f 2041/2173/802 2042/2297/802 2040/2296/801
f 2043/2298/803 2042/2297/802 2041/2173/802
f 2043/2298/803 2044/2299/804 2042/2297/802
f 2045/2300/805 2046/2301/805 2047/2302/806
f 2045/2300/805 2047/2302/806 2048/2176/806
f 2048/2176/806 2047/2302/806 2049/2303/807
f 2048/2176/806 2049/2303/807 2050/2179/808
f 2050/2179/808 2049/2303/807 2051/2304/809
f 2050/2179/808 2051/2304/809 2052/2182/810
f 2052/2182/810 2051/2304/809 2053/2305/811
f 2052/2182/810 2053/2305/811 2054/2186/812
f 2054/2186/812 2053/2305/811 2055/2306/813
f 2054/2186/812 2055/2306/813 2056/2189/117
f 2056/2189/117 2055/2306/813 2057/2307/814
f 2056/2189/117 2057/2307/814 2058/2192/814
f 2058/2192/814 2057/2307/814 2059/2308/815
f 2058/2192/814 2059/2308/815 2060/2195/423
f 2060/2195/423 2059/2308/815 2061/2309/816
f 2060/2195/423 2061/2309/816 2062/2198/816
f 2063/2200/108 2064/2310/108 2065/2311/438
f 2063/2200/108 2065/2311/438 2066/2203/817
f 2066/2203/817 2065/2311/438 2067/2312/818
f 2066/2203/817 2067/2312/818 2068/2206/818
f 2068/2206/818 2067/2312/818 2069/2313/819
f 2068/2206/818 2069/2313/819 2070/2209/132
f 2070/2209/132 2069/2313/819 2071/2314/820
f 2070/2209/132 2071/2314/820 2072/2212/820
f 2072/2212/820 2071/2314/820 2073/2315/821
f 2072/2212/820 2073/2315/821 2074/2214/435
f 2074/2214/435 2073/2315/821 2075/2316/822
f 2074/2214/435 2075/2316/822 2076/2217/822
f 2076/2217/822 2075/2316/822 2077/2317/823
f 2076/2217/822 2077/2317/823 2078/2220/824
f 2078/2220/824 2077/2317/823 2079/2318/370
f 2078/2220/824 2079/2318/370 2080/2223/370
f 2081/2319/46 2082/2320/46 2083/2321/43
f 2081/2319/46 2083/2321/43 2084/2322/43
f 2084/2322/43 2083/2321/43 2085/2323/42
f 2084/2322/43 2085/2323/42 2086/2324/42
f 2086/2324/42 2085/2323/42 2087/2325/39
f 2086/2324/42 2087/2325/39 2088/2326/39
f 2088/2326/39 2087/2325/39 2089/2327/36
f 2088/2326/39 2089/2327/36 2090/2328/36
f 2090/2328/36 2089/2327/36 2091/2329/138
f 2090/2328/36 2091/2329/138 2092/2330/138
f 2092/2330/138 2091/2329/138 2093/2331/28
f 2092/2330/138 2093/2331/28 2094/2332/28
f 2094/2332/28 2093/2331/28 2095/2333/140
f 2094/2332/28 2095/2333/140 2096/2334/140
f 2093/2331/28 2097/2335/140 2095/2333/140
f 2093/2331/28 2098/2336/28 2097/2335/140
f 2091/2329/138 2098/2336/28 2093/2331/28
f 2091/2329/138 2099/2337/138 2098/2336/28
f 2089/2327/36 2099/2337/138 2091/2329/138
f 2089/2327/36 2100/2338/36 2099/2337/138
f 2087/2325/39 2100/2338/36 2089/2327/36
f 2087/2325/39 2101/2339/39 2100/2338/36
f 2085/2323/42 2101/2339/39 2087/2325/39
f 2085/2323/42 2102/2340/42 2101/2339/39
f 2083/2321/43 2102/2340/42 2085/2323/42
f 2083/2321/43 2103/2341/43 2102/2340/42
f 2082/2320/46 2103/2341/43 2083/2321/43
f 2082/2320/46 2104/2342/46 2103/2341/43
f 2105/2343/49 2104/2342/46 2082/2320/46
f 2106/2344/49 2105/2343/49 2082/2320/46
f 2106/2344/49 2082/2320/46 2081/2319/46
f 2105/2343/49 2107/2345/49 2104/2342/46
f 2108/2346/11 2109/2347/11 2110/2348/8
f 2108/2346/11 2110/2348/8 2111/2349/8
f 2111/2349/8 2110/2348/8 2112/2350/144
f 2111/2349/8 2112/2350/144 2113/2351/337
f 2113/2351/337 2112/2350/144 2114/2352/145
f 2113/2351/337 2114/2352/145 2115/2353/145
f 2115/2353/145 2114/2352/145 2116/2354/146
f 2115/2353/145 2116/2354/146 2117/2355/146
f 2114/2352/145 2118/2356/146 2116/2354/146
f 2114/2352/145 2119/2357/145 2118/2356/146
f 2112/2350/144 2119/2357/145 2114/2352/145
f 2112/2350/144 2120/2358/144 2119/2357/145
f 2110/2348/8 2120/2358/144 2112/2350/144
f 2110/2348/8 2121/2359/8 2120/2358/144
f 2109/2347/11 2121/2359/8 2110/2348/8
f 2109/2347/11 2122/2360/11 2121/2359/8
f 2123/2361/16 2122/2360/11 2109/2347/11
f 2124/2362/16 2123/2361/16 2109/2347/11
f 2125/2363/19 2123/2361/16 2124/2362/16
f 2125/2363/19 2126/2364/19 2123/2361/16
f 2127/2365/22 2126/2364/19 2125/2363/19
f 2127/2365/22 2128/2366/22 2126/2364/19
f 2129/2367/25 2128/2366/22 2127/2365/22
f 2129/2367/25 2130/2368/25 2128/2366/22
f 2130/2368/25 2131/2369/22 2128/2366/22
f 2130/2368/25 2132/2370/25 2131/2369/22
f 2128/2366/22 2131/2369/22 2133/2371/19
f 2128/2366/22 2133/2371/19 2126/2364/19
f 2126/2364/19 2133/2371/19 2134/2372/16
f 2126/2364/19 2134/2372/16 2123/2361/16
f 2123/2361/16 2134/2372/16 2122/2360/11
f 2124/2362/16 2109/2347/11 2108/2346/11
f 2135/2373/146 2136/2374/146 2137/2375/168
f 2135/2373/146 2137/2375/168 2138/2376/168
f 2138/2376/168 2137/2375/168 2139/2377/203
f 2138/2376/168 2139/2377/203 2140/2378/203
f 2140/2378/203 2139/2377/203 2141/2379/159
f 2140/2378/203 2141/2379/159 2142/2380/159
f 2142/2380/159 2141/2379/159 2143/2381/160
f 2142/2380/159 2143/2381/160 2144/2382/160
f 2144/2382/160 2143/2381/160 2145/2383/161
f 2144/2382/160 2145/2383/161 2146/2384/161
f 2146/2384/161 2145/2383/161 2147/2385/162
f 2146/2384/161 2147/2385/162 2148/2386/166
f 2148/2386/166 2147/2385/162 2149/2387/163
f 2148/2386/166 2149/2387/163 2150/2388/825
f 2150/2388/825 2149/2387/163 2151/2389/49
f 2150/2388/825 2151/2389/49 2152/2390/49
f 2149/2387/163 2153/2391/49 2151/2389/49
f 2149/2387/163 2154/2392/163 2153/2391/49
f 2147/2385/162 2154/2392/163 2149/2387/163
f 2147/2385/162 2155/2393/162 2154/2392/163
f 2145/2383/161 2155/2393/162 2147/2385/162
f 2145/2383/161 2156/2394/161 2155/2393/162
f 2143/2381/160 2156/2394/161 2145/2383/161
f 2143/2381/160 2157/2395/160 2156/2394/161
f 2141/2379/159 2157/2395/160 2143/2381/160
f 2141/2379/159 2158/2396/159 2157/2395/160
f 2139/2377/203 2158/2396/159 2141/2379/159
f 2139/2377/203 2159/2397/203 2158/2396/159
f 2137/2375/168 2159/2397/203 2139/2377/203
f 2137/2375/168 2160/2398/168 2159/2397/203
f 2136/2374/146 2160/2398/168 2137/2375/168
f 2136/2374/146 2161/2399/169 2160/2398/168
f 2162/2400/153 2163/2401/153 2164/2402/152
f 2162/2400/153 2164/2402/152 2165/2403/152
f 2165/2403/152 2164/2402/152 2166/2404/151
f 2165/2403/152 2166/2404/151 2167/2405/151
f 2167/2405/151 2166/2404/151 2168/2406/148
f 2167/2405/151 2168/2406/148 2169/2407/826
f 2169/2407/826 2168/2406/148 2170/2408/149
f 2169/2407/826 2170/2408/149 2171/2409/25
f 2168/2406/148 2172/2410/25 2170/2408/149
f 2168/2406/148 2173/2411/148 2172/2410/25
f 2166/2404/151 2173/2411/148 2168/2406/148
f 2166/2404/151 2174/2412/172 2173/2411/148
f 2164/2402/152 2174/2412/172 2166/2404/151
f 2164/2402/152 2175/2413/152 2174/2412/172
f 2163/2401/153 2175/2413/152 2164/2402/152
f 2163/2401/153 2176/2414/153 2175/2413/152
f 2177/2415/154 2176/2414/153 2163/2401/153
f 2178/2416/154 2177/2415/154 2163/2401/153
f 2179/2417/343 2177/2415/154 2178/2416/154
f 2179/2417/343 2180/2418/343 2177/2415/154
f 2181/2419/156 2180/2418/343 2179/2417/343
f 2181/2419/156 2182/2420/156 2180/2418/343
f 2183/2421/140 2182/2420/156 2181/2419/156
f 2183/2421/140 2184/2422/140 2182/2420/156
f 2184/2422/140 2185/2423/156 2182/2420/156
f 2184/2422/140 2186/2424/140 2185/2423/156
f 2182/2420/156 2185/2423/156 2187/2425/343
f 2182/2420/156 2187/2425/343 2180/2418/343
f 2180/2418/343 2187/2425/343 2188/2426/154
f 2180/2418/343 2188/2426/154 2177/2415/154
f 2177/2415/154 2188/2426/154 2176/2414/153
f 2178/2416/154 2163/2401/153 2162/2400/153
f 2189/2427/167 3643/2428/201 3644/2429/202
f 3643/2428/201 2190/2430/159 3864/2431/204
f 2190/2430/159 3970/2432/205 3864/2431/204
f 3970/2432/205 2191/2433/160 4066/2434/592
f 2191/2433/160 4175/2435/207 4066/2434/592
f 4175/2435/207 2192/2436/673 4285/2437/376
f 2192/2436/673 4387/2438/209 4285/2437/376
f 4387/2438/209 2193/2439/162 3645/2440/211
f 2193/2439/162 3751/2441/379 3645/2440/211
f 3751/2441/379 2194/2442/163 3865/2443/213
f 2194/2442/163 3971/2444/674 3865/2443/213
f 3971/2444/674 2195/2445/164 4067/2446/827
f 3752/2447/216 2189/2427/167 3644/2429/202
f 2196/2448/168 3752/2447/216 4286/2449/828
f 4388/2450/829 2196/2448/168 4286/2449/828
f 2197/2451/830 4388/2450/829 3646/2452/831
f 2198/2427/295 2199/2453/295 2200/2454/832
f 2198/2427/295 2200/2454/832 2201/2430/832
f 2201/2430/832 2200/2454/832 2202/2455/681
f 2201/2430/832 2202/2455/681 2203/2433/681
f 2203/2433/681 2202/2455/681 2204/2456/682
f 2203/2433/681 2204/2456/682 2205/2436/833
f 2205/2436/833 2204/2456/682 2206/2457/834
f 2205/2436/833 2206/2457/834 2207/2439/834
f 2207/2439/834 2206/2457/834 2208/2458/301
f 2207/2439/834 2208/2458/301 2209/2442/835
f 2209/2442/835 2208/2458/301 2210/2459/836
f 2209/2442/835 2210/2459/836 2211/2445/837
f 2212/2448/838 2199/2453/295 2198/2427/295
f 2212/2448/838 2213/2460/838 2199/2453/295
f 2214/2451/690 2213/2460/838 2212/2448/838
f 2214/2451/690 2215/2461/691 2213/2460/838
f 4069/2462/171 2217/2463/151 4068/2464/170
f 4068/2464/170 2217/2463/151 4287/2465/173
f 4287/2465/173 2218/2466/147 4389/2467/174
f 4389/2467/174 2218/2466/147 3647/2468/550
f 3647/2468/550 2219/2469/25 3753/2470/777
f 3753/2470/777 2219/2469/25 3866/2471/635
f 4176/2472/446 2216/2473/152 4069/2462/171
f 4070/2474/179 2216/2473/152 4176/2472/446
f 4177/2475/839 2220/2476/153 4070/2474/179
f 4288/2477/840 2220/2476/153 4177/2475/839
f 4390/2478/448 2221/2479/154 4288/2477/840
f 3648/2480/183 2221/2479/154 4390/2478/448
f 3754/2481/184 2222/2482/155 3648/2480/183
f 3867/2483/185 2222/2482/155 3754/2481/184
f 3972/2484/696 2223/2485/156 3867/2483/185
f 4071/2486/360 2223/2485/156 3972/2484/696
f 4290/2487/841 2226/2488/22 4289/2489/842
f 4289/2489/842 2226/2488/22 3649/2490/597
f 3649/2490/597 2227/2491/19 3755/2492/230
f 3755/2492/230 2227/2491/19 3868/2493/18
f 3868/2493/18 2228/2494/16 3973/2495/228
f 3973/2495/228 2228/2494/16 4072/2496/15
f 4072/2496/15 2229/2497/11 4178/2498/227
f 4178/2498/227 2229/2497/11 4291/2499/13
f 2229/2497/11 4391/2500/226 4291/2499/13
f 4391/2500/226 2230/2501/8 3650/2502/698
f 2230/2501/8 3756/2503/388 3650/2502/698
f 3756/2503/388 2231/2504/144 3869/2505/223
f 2231/2504/144 3974/2506/502 3869/2505/223
f 3974/2506/502 2232/2507/3 4073/2508/2
f 2232/2507/3 4179/2509/699 4073/2508/2
f 4179/2509/699 2233/2510/146 4292/2511/664
f 2234/2512/49 3651/2513/843 3652/2514/51
f 3651/2513/843 2235/2515/46 3870/2516/844
f 2235/2515/46 3975/2517/243 3870/2516/844
f 3975/2517/243 2236/2518/141 4074/2519/398
f 2236/2518/141 4180/2520/397 4074/2519/398
f 4180/2520/397 2237/2521/42 4293/2522/705
f 2237/2521/42 4392/2523/666 4293/2522/705
f 4392/2523/666 2238/2524/39 3653/2525/38
f 3653/2525/38 2239/2526/36 3757/2527/238
f 3757/2527/238 2239/2526/36 3871/2528/845
f 3871/2528/845 2240/2529/235 3976/2530/846
f 3976/2530/846 2240/2529/235 4075/2531/847
f 4075/2531/847 2241/2532/28 4181/2533/31
f 4181/2533/31 2241/2532/28 4294/2534/233
f 4294/2534/233 2242/2535/139 4393/2536/848
f 4393/2536/848 2242/2535/139 3654/2537/789
f 2243/2538/274 2244/2539/274 2245/2540/849
f 2243/2538/274 2245/2540/849 2246/2541/275
f 2246/2541/275 2245/2540/849 2247/2542/276
f 2246/2541/275 2247/2542/276 2248/2543/276
f 2248/2543/276 2247/2542/276 2249/2544/279
f 2248/2543/276 2249/2544/279 2250/2545/278
f 2250/2545/278 2249/2544/279 2251/2546/280
f 2250/2545/278 2251/2546/280 2252/2547/281
f 2252/2547/281 2251/2546/280 2253/2548/283
f 2252/2547/281 2253/2548/283 2254/2549/283
f 2254/2549/283 2253/2548/283 2255/2550/710
f 2254/2549/283 2255/2550/710 2256/2551/284
f 2256/2551/284 2255/2550/710 2257/2552/286
f 2256/2551/284 2257/2552/286 2258/2553/286
f 2258/2553/286 2257/2552/286 2259/2554/288
f 2258/2553/286 2259/2554/288 2260/2555/288
f 2260/2555/288 2259/2554/288 2261/2556/290
f 2260/2555/288 2261/2556/290 2262/2557/289
f 2262/2557/289 2261/2556/290 2263/2558/292
f 2262/2557/289 2263/2558/292 2264/2559/850
f 2264/2559/850 2263/2558/292 2265/2560/246
f 2264/2559/850 2265/2560/246 2266/2561/246
f 2266/2561/246 2265/2560/246 2267/2562/713
f 2266/2561/246 2267/2562/713 2268/2563/713
f 2268/2563/713 2267/2562/713 2269/2564/714
f 2268/2563/713 2269/2564/714 2270/2565/714
f 2270/2565/714 2269/2564/714 2271/2566/250
f 2270/2565/714 2271/2566/250 2272/2567/250
f 2272/2567/250 2271/2566/250 2273/2568/716
f 2272/2567/250 2273/2568/716 2274/2569/716
f 2274/2569/716 2273/2568/716 2275/2570/851
f 2274/2569/716 2275/2570/851 2276/2571/852
f 2276/2571/852 2275/2570/851 2277/2572/718
f 2276/2571/852 2277/2572/718 2278/2573/853
f 2278/2573/853 2277/2572/718 2279/2574/254
f 2278/2573/853 2279/2574/254 2280/2575/254
f 2280/2575/254 2279/2574/254 2281/2576/255
f 2280/2575/254 2281/2576/255 2282/2577/854
f 2282/2577/854 2281/2576/255 2283/2578/720
f 2282/2577/854 2283/2578/720 2284/2579/256
f 2284/2579/256 2283/2578/720 2285/2580/258
f 2284/2579/256 2285/2580/258 2286/2581/258
f 2286/2581/258 2285/2580/258 2287/2582/722
f 2286/2581/258 2287/2582/722 2288/2583/722
f 2288/2583/722 2287/2582/722 2289/2584/260
f 2288/2583/722 2289/2584/260 2290/2585/723
f 2290/2585/723 2289/2584/260 2291/2586/263
f 2290/2585/723 2291/2586/263 2292/2587/263
f 2292/2587/263 2291/2586/263 2293/2588/265
f 2292/2587/263 2293/2588/265 2294/2589/265
f 2294/2589/265 2293/2588/265 2295/2590/266
f 2294/2589/265 2295/2590/266 2296/2591/266
f 2296/2591/266 2295/2590/266 2297/2592/724
f 2296/2591/266 2297/2592/724 2298/2593/724
f 2298/2593/724 2297/2592/724 2299/2594/725
f 2298/2593/724 2299/2594/725 2300/2595/855
f 2300/2595/855 2299/2594/725 2301/2596/726
f 2300/2595/855 2301/2596/726 2302/2597/726
f 2302/2597/726 2301/2596/726 2303/2598/271
f 2302/2597/726 2303/2598/271 2304/2599/271
f 2304/2599/271 2303/2598/271 2305/2600/728
f 2304/2599/271 2305/2600/728 2306/2601/729
f 2306/2601/729 2305/2600/728 2244/2539/274
f 2306/2601/729 2244/2539/274 2243/2538/274
f 2307/2473/856 2308/2602/856 2309/2603/857
f 2307/2473/856 2309/2603/857 2310/2463/858
f 2310/2463/858 2309/2603/857 2311/2604/859
f 2310/2463/858 2311/2604/859 2312/2466/860
f 2312/2466/860 2311/2604/859 2313/2605/316
f 2312/2466/860 2313/2605/316 2314/2469/734
f 2315/2476/195 2308/2602/856 2307/2473/856
f 2315/2476/195 2316/2606/195 2308/2602/856
f 2317/2479/196 2316/2606/195 2315/2476/195
f 2317/2479/196 2318/2607/861 2316/2606/195
f 2319/2482/862 2318/2607/861 2317/2479/196
f 2319/2482/862 2320/2608/863 2318/2607/861
f 2321/2485/864 2320/2608/863 2319/2482/862
f 2321/2485/864 2322/2609/864 2320/2608/863
f 2323/2610/865 2322/2609/864 2321/2485/864
f 2323/2610/865 2324/2611/865 2322/2609/864
f 2325/2612/734 2326/2613/317 2327/2614/866
f 2325/2612/734 2327/2614/866 2328/2488/315
f 2328/2488/315 2327/2614/866 2329/2615/314
f 2328/2488/315 2329/2615/314 2330/2491/314
f 2330/2491/314 2329/2615/314 2331/2616/867
f 2330/2491/314 2331/2616/867 2332/2494/867
f 2332/2494/867 2331/2616/867 2333/2617/868
f 2332/2494/867 2333/2617/868 2334/2497/868
f 2334/2497/868 2333/2617/868 2335/2618/869
f 2334/2497/868 2335/2618/869 2336/2501/870
f 2336/2501/870 2335/2618/869 2337/2619/871
f 2336/2501/870 2337/2619/871 2338/2504/872
f 2338/2504/872 2337/2619/871 2339/2620/873
f 2338/2504/872 2339/2620/873 2340/2507/873
f 2340/2507/873 2339/2620/873 2341/2621/874
f 2340/2507/873 2341/2621/874 2342/2510/875
f 2343/2512/876 2344/2622/877 2345/2623/752
f 2343/2512/876 2345/2623/752 2346/2515/329
f 2346/2515/329 2345/2623/752 2347/2624/878
f 2346/2515/329 2347/2624/878 2348/2518/327
f 2348/2518/327 2347/2624/878 2349/2625/879
f 2348/2518/327 2349/2625/879 2350/2521/879
f 2350/2521/879 2349/2625/879 2351/2626/754
f 2350/2521/879 2351/2626/754 2352/2524/754
f 2352/2524/754 2351/2626/754 2353/2627/323
f 2352/2524/754 2353/2627/323 2354/2526/323
f 2354/2526/323 2353/2627/323 2355/2628/757
f 2354/2526/323 2355/2628/757 2356/2529/880
f 2356/2529/880 2355/2628/757 2357/2629/881
f 2356/2529/880 2357/2629/881 2358/2532/881
f 2358/2532/881 2357/2629/881 2359/2630/200
f 2358/2532/881 2359/2630/200 2360/2535/200
f 2361/2631/882 2362/2632/882 2363/2633/43
f 2361/2631/882 2363/2633/43 2364/2634/43
f 2364/2634/43 2363/2633/43 2365/2635/883
f 2364/2634/43 2365/2635/883 2366/2636/883
f 2366/2636/883 2365/2635/883 2367/2637/39
f 2366/2636/883 2367/2637/39 2368/2638/39
f 2368/2638/39 2367/2637/39 2369/2639/36
f 2368/2638/39 2369/2639/36 2370/2640/36
f 2370/2640/36 2369/2639/36 2371/2641/138
f 2370/2640/36 2371/2641/138 2372/2642/334
f 2372/2642/334 2371/2641/138 2373/2643/28
f 2372/2642/334 2373/2643/28 2374/2644/332
f 2374/2644/332 2373/2643/28 2375/2645/140
f 2374/2644/332 2375/2645/140 2376/2646/140
f 2373/2643/28 2377/2647/140 2375/2645/140
f 2373/2643/28 2378/2648/332 2377/2647/140
f 2371/2641/138 2378/2648/332 2373/2643/28
f 2371/2641/138 2379/2649/138 2378/2648/332
f 2369/2639/36 2379/2649/138 2371/2641/138
f 2369/2639/36 2380/2650/36 2379/2649/138
f 2367/2637/39 2380/2650/36 2369/2639/36
f 2367/2637/39 2381/2651/39 2380/2650/36
f 2365/2635/883 2381/2651/39 2367/2637/39
f 2365/2635/883 2382/2652/883 2381/2651/39
f 2363/2633/43 2382/2652/883 2365/2635/883
f 2363/2633/43 2383/2653/43 2382/2652/883
f 2362/2632/882 2383/2653/43 2363/2633/43
f 2362/2632/882 2384/2654/882 2383/2653/43
f 2385/2655/49 2384/2654/882 2362/2632/882
f 2386/2656/49 2385/2655/49 2362/2632/882
f 2386/2656/49 2362/2632/882 2361/2631/882
f 2385/2655/49 2387/2657/49 2384/2654/882
f 2388/2658/11 2389/2659/11 2390/2660/8
f 2388/2658/11 2390/2660/8 2391/2661/8
f 2391/2661/8 2390/2660/8 2392/2662/337
f 2391/2661/8 2392/2662/337 2393/2663/337
f 2393/2663/337 2392/2662/337 2394/2664/338
f 2393/2663/337 2394/2664/338 2395/2665/338
f 2395/2665/338 2394/2664/338 2396/2666/884
f 2395/2665/338 2396/2666/884 2397/2667/884
f 2394/2664/338 2398/2668/146 2396/2666/884
f 2394/2664/338 2399/2669/338 2398/2668/146
f 2392/2662/337 2399/2669/338 2394/2664/338
f 2392/2662/337 2400/2670/337 2399/2669/338
f 2390/2660/8 2400/2670/337 2392/2662/337
f 2390/2660/8 2401/2671/8 2400/2670/337
f 2389/2659/11 2401/2671/8 2390/2660/8
f 2389/2659/11 2402/2672/11 2401/2671/8
f 2403/2673/16 2402/2672/11 2389/2659/11
f 2404/2674/16 2403/2673/16 2389/2659/11
f 2405/2675/19 2403/2673/16 2404/2674/16
f 2405/2675/19 2406/2676/19 2403/2673/16
f 2407/2677/339 2406/2676/19 2405/2675/19
f 2407/2677/339 2408/2678/339 2406/2676/19
f 2409/2679/25 2408/2678/339 2407/2677/339
f 2409/2679/25 2410/2680/25 2408/2678/339
f 2410/2680/25 2411/2681/340 2408/2678/339
f 2410/2680/25 2412/2682/25 2411/2681/340
f 2408/2678/339 2411/2681/340 2413/2683/19
f 2408/2678/339 2413/2683/19 2406/2676/19
f 2406/2676/19 2413/2683/19 2414/2684/16
f 2406/2676/19 2414/2684/16 2403/2673/16
f 2403/2673/16 2414/2684/16 2402/2672/11
f 2404/2674/16 2389/2659/11 2388/2658/11
f 2415/2685/349 2416/2686/349 2417/2687/348
f 2415/2685/349 2417/2687/348 2418/2688/348
f 2418/2688/348 2417/2687/348 2419/2689/167
f 2418/2688/348 2419/2689/167 2420/2690/167
f 2420/2690/167 2419/2689/167 2421/2691/345
f 2420/2690/167 2421/2691/345 2422/2692/345
f 2422/2692/345 2421/2691/345 2423/2693/160
f 2422/2692/345 2423/2693/160 2424/2694/160
f 2424/2694/160 2423/2693/160 2425/2695/161
f 2424/2694/160 2425/2695/161 2426/2696/161
f 2426/2696/161 2425/2695/161 2427/2697/162
f 2426/2696/161 2427/2697/162 2428/2698/162
f 2428/2698/162 2427/2697/162 2429/2699/165
f 2428/2698/162 2429/2699/165 2430/2700/165
f 2430/2700/165 2429/2699/165 2431/2701/49
f 2430/2700/165 2431/2701/49 2432/2702/49
f 2429/2699/165 2433/2703/164 2431/2701/49
f 2429/2699/165 2434/2704/165 2433/2703/164
f 2427/2697/162 2434/2704/165 2429/2699/165
f 2427/2697/162 2435/2705/162 2434/2704/165
f 2425/2695/161 2435/2705/162 2427/2697/162
f 2425/2695/161 2436/2706/161 2435/2705/162
f 2423/2693/160 2436/2706/161 2425/2695/161
f 2423/2693/160 2437/2707/160 2436/2706/161
f 2421/2691/345 2437/2707/160 2423/2693/160
f 2421/2691/345 2438/2708/345 2437/2707/160
f 2419/2689/167 2438/2708/345 2421/2691/345
f 2419/2689/167 2439/2709/167 2438/2708/345
f 2417/2687/348 2439/2709/167 2419/2689/167
f 2417/2687/348 2440/2710/348 2439/2709/167
f 2416/2686/349 2440/2710/348 2417/2687/348
f 2416/2686/349 2441/2711/146 2440/2710/348
f 2442/2712/153 2443/2713/157 2444/2714/152
f 2442/2712/153 2444/2714/152 2445/2715/885
f 2445/2715/885 2444/2714/152 2446/2716/151
f 2445/2715/885 2446/2716/151 2447/2717/151
f 2447/2717/151 2446/2716/151 2448/2718/147
f 2447/2717/151 2448/2718/147 2449/2719/147
f 2449/2719/147 2448/2718/147 2450/2720/149
f 2449/2719/147 2450/2720/149 2451/2721/25
f 2448/2718/147 2452/2722/25 2450/2720/149
f 2448/2718/147 2453/2723/147 2452/2722/25
f 2446/2716/151 2453/2723/147 2448/2718/147
f 2446/2716/151 2454/2724/151 2453/2723/147
f 2444/2714/152 2454/2724/151 2446/2716/151
f 2444/2714/152 2455/2725/152 2454/2724/151
f 2443/2713/157 2455/2725/152 2444/2714/152
f 2443/2713/157 2456/2726/153 2455/2725/152
f 2457/2727/154 2456/2726/153 2443/2713/157
f 2458/2728/154 2457/2727/154 2443/2713/157
f 2459/2729/155 2457/2727/154 2458/2728/154
f 2459/2729/155 2460/2730/155 2457/2727/154
f 2461/2731/156 2460/2730/155 2459/2729/155
f 2461/2731/156 2462/2732/344 2460/2730/155
f 2463/2733/29 2462/2732/344 2461/2731/156
f 2463/2733/29 2464/2734/29 2462/2732/344
f 2464/2734/29 2465/2735/156 2462/2732/344
f 2464/2734/29 2466/2736/140 2465/2735/156
f 2462/2732/344 2465/2735/156 2467/2737/155
f 2462/2732/344 2467/2737/155 2460/2730/155
f 2460/2730/155 2467/2737/155 2468/2738/154
f 2460/2730/155 2468/2738/154 2457/2727/154
f 2457/2727/154 2468/2738/154 2456/2726/153
f 2458/2728/154 2443/2713/157 2442/2712/153
f 2469/2739/167 4076/2740/201 4077/2741/886
f 4076/2740/201 2470/2742/159 4295/2743/204
f 2470/2742/159 4394/2744/764 4295/2743/204
f 4394/2744/764 2471/2745/158 3655/2746/206
f 2471/2745/158 3758/2747/593 3655/2746/206
f 3758/2747/593 2472/2748/161 3872/2749/376
f 2472/2748/161 3977/2750/887 3872/2749/376
f 3977/2750/887 2473/2751/162 4078/2752/498
f 2473/2751/162 4182/2753/379 4078/2752/498
f 4182/2753/379 2474/2754/165 4296/2755/213
f 2474/2754/165 4395/2756/888 4296/2755/213
f 4395/2756/888 2475/2757/49 3656/2758/675
f 4183/2759/216 2469/2739/167 4077/2741/886
f 2476/2760/168 4183/2759/216 3873/2761/889
f 3978/2762/677 2476/2760/168 3873/2761/889
f 2477/2763/146 3978/2762/677 4079/2764/386
f 2478/2739/99 2479/2765/100 2480/2766/412
f 2478/2739/99 2480/2766/412 2481/2742/412
f 2481/2742/412 2480/2766/412 2482/2767/101
f 2481/2742/412 2482/2767/101 2483/2745/101
f 2483/2745/101 2482/2767/101 2484/2768/890
f 2483/2745/101 2484/2768/890 2485/2748/890
f 2485/2748/890 2484/2768/890 2486/2769/768
f 2485/2748/890 2486/2769/768 2487/2751/768
f 2487/2751/768 2486/2769/768 2488/2770/891
f 2487/2751/768 2488/2770/891 2489/2754/892
f 2489/2754/892 2488/2770/891 2490/2771/893
f 2489/2754/892 2490/2771/893 2491/2757/894
f 2492/2760/895 2479/2765/100 2478/2739/99
f 2492/2760/895 2493/2772/896 2479/2765/100
f 2494/2763/897 2493/2772/896 2492/2760/895
f 2494/2763/897 2495/2773/897 2493/2772/896
f 3658/2774/441 2497/2775/151 3657/2776/548
f 3657/2776/548 2497/2775/151 3874/2777/442
f 3874/2777/442 2498/2778/148 3979/2779/174
f 3979/2779/174 2498/2778/148 4080/2780/776
f 4080/2780/776 2499/2781/25 4184/2782/777
f 4184/2782/777 2499/2781/25 4297/2783/778
f 3759/2784/898 2496/2785/440 3658/2774/441
f 3659/2786/551 2496/2785/440 3759/2784/898
f 3760/2787/839 2500/2788/153 3659/2786/551
f 3875/2789/447 2500/2788/153 3760/2787/839
f 3980/2790/899 2501/2791/154 3875/2789/447
f 4081/2792/356 2501/2791/154 3980/2790/899
f 4185/2793/357 2502/2794/155 4081/2792/356
f 4298/2795/358 2502/2794/155 4185/2793/357
f 4396/2796/696 2503/2797/156 4298/2795/358
f 3660/2798/187 2503/2797/156 4396/2796/696
f 3877/2799/24 2506/2800/22 3876/2801/780
f 3876/2801/780 2506/2800/22 4082/2802/21
f 4082/2802/21 2507/2803/19 4186/2804/20
f 4186/2804/20 2507/2803/19 4299/2805/18
f 4299/2805/18 2508/2806/16 4397/2807/228
f 4397/2807/228 2508/2806/16 3661/2808/665
f 2508/2806/16 3761/2809/900 3661/2808/665
f 3761/2809/900 2509/2810/11 3878/2811/13
f 2509/2810/11 3981/2812/226 3878/2811/13
f 3981/2812/226 2510/2813/8 4083/2814/10
f 2510/2813/8 4187/2815/901 4083/2814/10
f 4187/2815/901 2511/2816/902 4300/2817/223
f 2511/2816/902 4398/2818/6 4300/2817/223
f 4398/2818/6 2512/2819/145 3662/2820/2
f 2512/2819/145 3762/2821/903 3662/2820/2
f 3762/2821/903 2513/2822/146 3879/2823/4
f 2514/2824/49 4084/2825/700 4085/2826/904
f 4084/2825/700 2515/2827/46 4301/2828/905
f 2515/2827/46 4399/2829/47 4301/2828/905
f 4399/2829/47 2516/2830/43 3663/2831/398
f 2516/2830/43 3763/2832/397 3663/2831/398
f 3763/2832/397 2517/2833/42 3880/2834/241
f 2517/2833/42 3982/2835/666 3880/2834/241
f 3982/2835/666 2518/2836/39 4086/2837/239
f 4086/2837/239 2519/2838/36 4188/2839/238
f 4188/2839/238 2519/2838/36 4302/2840/35
f 4302/2840/35 2520/2841/235 4400/2842/236
f 4400/2842/236 2520/2841/235 3664/2843/234
f 3664/2843/234 2521/2844/28 3764/2845/394
f 3764/2845/394 2521/2844/28 3881/2846/27
f 3881/2846/27 2522/2847/140 3983/2848/788
f 3983/2848/788 2522/2847/140 4087/2849/906
f 2523/2850/80 2524/2851/80 2525/2852/81
f 2523/2850/80 2525/2852/81 2526/2853/81
f 2526/2853/81 2525/2852/81 2527/2854/82
f 2526/2853/81 2527/2854/82 2528/2855/82
f 2528/2855/82 2527/2854/82 2529/2856/84
f 2528/2855/82 2529/2856/84 2530/2857/83
f 2530/2857/83 2529/2856/84 2531/2858/85
f 2530/2857/83 2531/2858/85 2532/2859/86
f 2532/2859/86 2531/2858/85 2533/2860/88
f 2532/2859/86 2533/2860/88 2534/2861/88
f 2534/2861/88 2533/2860/88 2535/2862/90
f 2534/2861/88 2535/2862/90 2536/2863/90
f 2536/2863/90 2535/2862/90 2537/2864/907
f 2536/2863/90 2537/2864/907 2538/2865/908
f 2538/2865/908 2537/2864/907 2539/2866/410
f 2538/2865/908 2539/2866/410 2540/2867/410
f 2540/2867/410 2539/2866/410 2541/2868/96
f 2540/2867/410 2541/2868/96 2542/2869/96
f 2542/2869/96 2541/2868/96 2543/2870/909
f 2542/2869/96 2543/2870/909 2544/2871/97
f 2544/2871/97 2543/2870/909 2545/2872/910
f 2544/2871/97 2545/2872/910 2546/2873/910
f 2546/2873/910 2545/2872/910 2547/2874/52
f 2546/2873/910 2547/2874/52 2548/2875/52
f 2548/2875/52 2547/2874/52 2549/2876/791
f 2548/2875/52 2549/2876/791 2550/2877/791
f 2550/2877/791 2549/2876/791 2551/2878/400
f 2550/2877/791 2551/2878/400 2552/2879/400
f 2552/2879/400 2551/2878/400 2553/2880/57
f 2552/2879/400 2553/2880/57 2554/2881/57
f 2554/2881/57 2553/2880/57 2555/2882/58
f 2554/2881/57 2555/2882/58 2556/2883/58
f 2556/2883/58 2555/2882/58 2557/2884/59
f 2556/2883/58 2557/2884/59 2558/2885/911
f 2558/2885/911 2557/2884/59 2559/2886/912
f 2558/2885/911 2559/2886/912 2560/2887/60
f 2560/2887/60 2559/2886/912 2561/2888/403
f 2560/2887/60 2561/2888/403 2562/2889/403
f 2562/2889/403 2561/2888/403 2563/2890/63
f 2562/2889/403 2563/2890/63 2564/2891/63
f 2564/2891/63 2563/2890/63 2565/2892/913
f 2564/2891/63 2565/2892/913 2566/2893/64
f 2566/2893/64 2565/2892/913 2567/2894/65
f 2566/2893/64 2567/2894/65 2568/2895/65
f 2568/2895/65 2567/2894/65 2569/2896/404
f 2568/2895/65 2569/2896/404 2570/2897/404
f 2570/2897/404 2569/2896/404 2571/2898/914
f 2570/2897/404 2571/2898/914 2572/2899/68
f 2572/2899/68 2571/2898/914 2573/2900/69
f 2572/2899/68 2573/2900/69 2574/2901/69
f 2574/2901/69 2573/2900/69 2575/2902/406
f 2574/2901/69 2575/2902/406 2576/2903/915
f 2576/2903/915 2575/2902/406 2577/2904/407
f 2576/2903/915 2577/2904/407 2578/2905/407
f 2578/2905/407 2577/2904/407 2579/2906/74
f 2578/2905/407 2579/2906/74 2580/2907/74
f 2580/2907/74 2579/2906/74 2581/2908/76
f 2580/2907/74 2581/2908/76 2582/2909/916
f 2582/2909/916 2581/2908/76 2583/2910/78
f 2582/2909/916 2583/2910/78 2584/2911/78
f 2584/2911/78 2583/2910/78 2585/2912/917
f 2584/2911/78 2585/2912/917 2586/2913/917
f 2586/2913/917 2585/2912/917 2524/2851/80
f 2586/2913/917 2524/2851/80 2523/2850/80
f 2587/2785/918 2588/2914/794 2589/2915/919
f 2587/2785/918 2589/2915/919 2590/2775/919
f 2590/2775/919 2589/2915/919 2591/2916/364
f 2590/2775/919 2591/2916/364 2592/2778/364
f 2592/2778/364 2591/2916/364 2593/2917/920
f 2592/2778/364 2593/2917/920 2594/2781/920
f 2595/2788/921 2588/2914/794 2587/2785/918
f 2595/2788/921 2596/2918/921 2588/2914/794
f 2597/2791/366 2596/2918/921 2595/2788/921
f 2597/2791/366 2598/2919/366 2596/2918/921
f 2599/2794/922 2598/2919/366 2597/2791/366
f 2599/2794/922 2600/2920/923 2598/2919/366
f 2601/2797/802 2600/2920/923 2599/2794/922
f 2601/2797/802 2602/2921/802 2600/2920/923
f 2603/2922/370 2602/2921/802 2601/2797/802
f 2603/2922/370 2604/2923/370 2602/2921/802
f 2605/2924/924 2606/2925/925 2607/2926/926
f 2605/2924/924 2607/2926/926 2608/2800/926
f 2608/2800/926 2607/2926/926 2609/2927/927
f 2608/2800/926 2609/2927/927 2610/2803/808
f 2610/2803/808 2609/2927/927 2611/2928/928
f 2610/2803/808 2611/2928/928 2612/2806/929
f 2612/2806/929 2611/2928/928 2613/2929/930
f 2612/2806/929 2613/2929/930 2614/2810/930
f 2614/2810/930 2613/2929/930 2615/2930/931
f 2614/2810/930 2615/2930/931 2616/2813/931
f 2616/2813/931 2615/2930/931 2617/2931/932
f 2616/2813/931 2617/2931/932 2618/2816/933
f 2618/2816/933 2617/2931/932 2619/2932/815
f 2618/2816/933 2619/2932/815 2620/2819/815
f 2620/2819/815 2619/2932/815 2621/2933/773
f 2620/2819/815 2621/2933/773 2622/2822/773
f 2623/2824/893 2624/2934/893 2625/2935/934
f 2623/2824/893 2625/2935/934 2626/2827/934
f 2626/2827/934 2625/2935/934 2627/2936/437
f 2626/2827/934 2627/2936/437 2628/2830/437
f 2628/2830/437 2627/2936/437 2629/2937/436
f 2628/2830/437 2629/2937/436 2630/2833/935
f 2630/2833/935 2629/2937/436 2631/2938/936
f 2630/2833/935 2631/2938/936 2632/2836/937
f 2632/2836/937 2631/2938/936 2633/2939/435
f 2632/2836/937 2633/2939/435 2634/2838/938
f 2634/2838/938 2633/2939/435 2635/2940/939
f 2634/2838/938 2635/2940/939 2636/2841/940
f 2636/2841/940 2635/2940/939 2637/2941/941
f 2636/2841/940 2637/2941/941 2638/2844/941
f 2638/2844/941 2637/2941/941 2639/2942/942
f 2638/2844/941 2639/2942/942 2640/2847/942
f 2641/2943/46 2642/2944/46 2643/2945/43
f 2641/2943/46 2643/2945/43 2644/2946/43
f 2644/2946/43 2643/2945/43 2645/2947/42
f 2644/2946/43 2645/2947/42 2646/2948/42
f 2646/2948/42 2645/2947/42 2647/2949/39
f 2646/2948/42 2647/2949/39 2648/2950/39
f 2648/2950/39 2647/2949/39 2649/2951/36
f 2648/2950/39 2649/2951/36 2650/2952/36
f 2650/2952/36 2649/2951/36 2651/2953/334
f 2650/2952/36 2651/2953/334 2652/2954/138
f 2652/2954/138 2651/2953/334 2653/2955/28
f 2652/2954/138 2653/2955/28 2654/2956/28
f 2654/2956/28 2653/2955/28 2655/2957/140
f 2654/2956/28 2655/2957/140 2656/2958/140
f 2653/2955/28 2657/2959/140 2655/2957/140
f 2653/2955/28 2658/2960/28 2657/2959/140
f 2651/2953/334 2658/2960/28 2653/2955/28
f 2651/2953/334 2659/2961/334 2658/2960/28
f 2649/2951/36 2659/2961/334 2651/2953/334
f 2649/2951/36 2660/2962/36 2659/2961/334
f 2647/2949/39 2660/2962/36 2649/2951/36
f 2647/2949/39 2661/2963/39 2660/2962/36
f 2645/2947/42 2661/2963/39 2647/2949/39
f 2645/2947/42 2662/2964/42 2661/2963/39
f 2643/2945/43 2662/2964/42 2645/2947/42
f 2643/2945/43 2663/2965/43 2662/2964/42
f 2642/2944/46 2663/2965/43 2643/2945/43
f 2642/2944/46 2664/2966/46 2663/2965/43
f 2665/2967/49 2664/2966/46 2642/2944/46
f 2666/2968/49 2665/2967/49 2642/2944/46
f 2666/2968/49 2642/2944/46 2641/2943/46
f 2665/2967/49 2667/2969/49 2664/2966/46
f 2668/2970/11 2669/2971/11 2670/2972/8
f 2668/2970/11 2670/2972/8 2671/2973/8
f 2671/2973/8 2670/2972/8 2672/2974/5
f 2671/2973/8 2672/2974/5 2673/2975/337
f 2673/2975/337 2672/2974/5 2674/2976/145
f 2673/2975/337 2674/2976/145 2675/2977/145
f 2675/2977/145 2674/2976/145 2676/2978/146
f 2675/2977/145 2676/2978/146 2677/2979/146
f 2674/2976/145 2678/2980/146 2676/2978/146
f 2674/2976/145 2679/2981/145 2678/2980/146
f 2672/2974/5 2679/2981/145 2674/2976/145
f 2672/2974/5 2680/2982/337 2679/2981/145
f 2670/2972/8 2680/2982/337 2672/2974/5
f 2670/2972/8 2681/2983/8 2680/2982/337
f 2669/2971/11 2681/2983/8 2670/2972/8
f 2669/2971/11 2682/2984/11 2681/2983/8
f 2683/2985/336 2682/2984/11 2669/2971/11
f 2684/2986/336 2683/2985/336 2669/2971/11
f 2685/2987/19 2683/2985/336 2684/2986/336
f 2685/2987/19 2686/2988/19 2683/2985/336
f 2687/2989/22 2686/2988/19 2685/2987/19
f 2687/2989/22 2688/2990/22 2686/2988/19
f 2689/2991/25 2688/2990/22 2687/2989/22
f 2689/2991/25 2690/2992/25 2688/2990/22
f 2690/2992/25 2691/2993/22 2688/2990/22
f 2690/2992/25 2692/2994/25 2691/2993/22
f 2688/2990/22 2691/2993/22 2693/2995/19
f 2688/2990/22 2693/2995/19 2686/2988/19
f 2686/2988/19 2693/2995/19 2694/2996/16
f 2686/2988/19 2694/2996/16 2683/2985/336
f 2683/2985/336 2694/2996/16 2682/2984/11
f 2684/2986/336 2669/2971/11 2668/2970/11
f 2695/2997/146 2696/2998/146 2697/2999/168
f 2695/2997/146 2697/2999/168 2698/3000/168
f 2698/3000/168 2697/2999/168 2699/3001/203
f 2698/3000/168 2699/3001/203 2700/3002/203
f 2700/3002/203 2699/3001/203 2701/3003/159
f 2700/3002/203 2701/3003/159 2702/3004/159
f 2702/3004/159 2701/3003/159 2703/3005/160
f 2702/3004/159 2703/3005/160 2704/3006/160
f 2704/3006/160 2703/3005/160 2705/3007/161
f 2704/3006/160 2705/3007/161 2706/3008/161
f 2706/3008/161 2705/3007/161 2707/3009/162
f 2706/3008/161 2707/3009/162 2708/3010/346
f 2708/3010/346 2707/3009/162 2709/3011/163
f 2708/3010/346 2709/3011/163 2710/3012/163
f 2710/3012/163 2709/3011/163 2711/3013/49
f 2710/3012/163 2711/3013/49 2712/3014/49
f 2709/3011/163 2713/3015/49 2711/3013/49
f 2709/3011/163 2714/3016/163 2713/3015/49
f 2707/3009/162 2714/3016/163 2709/3011/163
f 2707/3009/162 2715/3017/346 2714/3016/163
f 2705/3007/161 2715/3017/346 2707/3009/162
f 2705/3007/161 2716/3018/161 2715/3017/346
f 2703/3005/160 2716/3018/161 2705/3007/161
f 2703/3005/160 2717/3019/158 2716/3018/161
f 2701/3003/159 2717/3019/158 2703/3005/160
f 2701/3003/159 2718/3020/159 2717/3019/158
f 2699/3001/203 2718/3020/159 2701/3003/159
f 2699/3001/203 2719/3021/203 2718/3020/159
f 2697/2999/168 2719/3021/203 2699/3001/203
f 2697/2999/168 2720/3022/168 2719/3021/203
f 2696/2998/146 2720/3022/168 2697/2999/168
f 2696/2998/146 2721/3023/146 2720/3022/168
f 2722/3024/153 2723/3025/153 2724/3026/152
f 2722/3024/153 2724/3026/152 2725/3027/152
f 2725/3027/152 2724/3026/152 2726/3028/151
f 2725/3027/152 2726/3028/151 2727/3029/151
f 2727/3029/151 2726/3028/151 2728/3030/148
f 2727/3029/151 2728/3030/148 2729/3031/148
f 2729/3031/148 2728/3030/148 2730/3032/149
f 2729/3031/148 2730/3032/149 2731/3033/25
f 2728/3030/148 2732/3034/25 2730/3032/149
f 2728/3030/148 2733/3035/148 2732/3034/25
f 2726/3028/151 2733/3035/148 2728/3030/148
f 2726/3028/151 2734/3036/151 2733/3035/148
f 2724/3026/152 2734/3036/151 2726/3028/151
f 2724/3026/152 2735/3037/152 2734/3036/151
f 2723/3025/153 2735/3037/152 2724/3026/152
f 2723/3025/153 2736/3038/153 2735/3037/152
f 2737/3039/154 2736/3038/153 2723/3025/153
f 2738/3040/154 2737/3039/154 2723/3025/153
f 2739/3041/343 2737/3039/154 2738/3040/154
f 2739/3041/343 2740/3042/343 2737/3039/154
f 2741/3043/156 2740/3042/343 2739/3041/343
f 2741/3043/156 2742/3044/156 2740/3042/343
f 2743/3045/140 2742/3044/156 2741/3043/156
f 2743/3045/140 2744/3046/140 2742/3044/156
f 2744/3046/140 2745/3047/156 2742/3044/156
f 2744/3046/140 2746/3048/140 2745/3047/156
f 2742/3044/156 2745/3047/156 2747/3049/343
f 2742/3044/156 2747/3049/343 2740/3042/343
f 2740/3042/343 2747/3049/343 2748/3050/154
f 2740/3042/343 2748/3050/154 2737/3039/154
f 2737/3039/154 2748/3050/154 2736/3038/153
f 2738/3040/154 2723/3025/153 2722/3024/153
f 2749/3051/167 4401/3052/201 4402/3053/202
f 4401/3052/201 2750/3054/159 3765/3055/204
f 2750/3054/159 3882/3056/764 3765/3055/204
f 3882/3056/764 2751/3057/160 3984/3058/592
f 2751/3057/160 4088/3059/593 3984/3058/592
f 4088/3059/593 2752/3060/161 4189/3061/376
f 2752/3060/161 4303/3062/209 4189/3061/376
f 4303/3062/209 2753/3063/162 4403/3064/211
f 2753/3063/162 3665/3065/212 4403/3064/211
f 3665/3065/212 2754/3066/165 3766/3067/213
f 2754/3066/165 3883/3068/943 3766/3067/213
f 3883/3068/943 2755/3069/49 3985/3070/497
f 3666/3071/216 2749/3051/167 4402/3053/202
f 2756/3072/168 3666/3071/216 4190/3073/889
f 4304/3074/944 2756/3072/168 4190/3073/889
f 2757/3075/146 4304/3074/944 4404/3076/386
f 2758/3077/945 2759/3078/945 2760/3079/946
f 2758/3077/945 2760/3079/946 2761/3080/946
f 2761/3080/946 2760/3079/946 2762/3081/947
f 2761/3080/946 2762/3081/947 2763/3082/947
f 2763/3082/947 2762/3081/947 2764/3083/948
f 2763/3082/947 2764/3083/948 2765/3084/948
f 2765/3084/948 2764/3083/948 2766/3085/949
f 2765/3084/948 2766/3085/949 2767/3086/949
f 2767/3086/949 2766/3085/949 2768/3087/950
f 2767/3086/949 2768/3087/950 2769/3088/951
f 2769/3088/951 2768/3087/950 2770/3089/952
f 2769/3088/951 2770/3089/952 2771/3090/953
f 2771/3090/953 2770/3089/952 2772/3091/954
f 2771/3090/953 2772/3091/954 2773/3092/954
f 2773/3092/954 2772/3091/954 2774/3093/955
f 2773/3092/954 2774/3093/955 2775/3094/955
f 2775/3094/955 2774/3093/955 2776/3095/956
f 2775/3094/955 2776/3095/956 2777/3096/956
f 2777/3096/956 2776/3095/956 2778/3097/957
f 2777/3096/956 2778/3097/957 2779/3098/958
f 2779/3098/958 2778/3097/957 2780/3099/480
f 2779/3098/958 2780/3099/480 2781/3100/480
f 2781/3100/480 2780/3099/480 2782/3101/959
f 2781/3100/480 2782/3101/959 2783/3102/960
f 2783/3102/960 2782/3101/959 2784/3103/961
f 2783/3102/960 2784/3103/961 2785/3104/961
f 2785/3104/961 2784/3103/961 2786/3105/962
f 2785/3104/961 2786/3105/962 2787/3106/962
f 2787/3106/962 2786/3105/962 2788/3107/475
f 2787/3106/962 2788/3107/475 2789/3108/475
f 2789/3108/475 2788/3107/475 2790/3109/963
f 2789/3108/475 2790/3109/963 2791/3110/963
f 2791/3110/963 2790/3109/963 2792/3111/470
f 2791/3110/963 2792/3111/470 2793/3112/470
f 2793/3112/470 2792/3111/470 2794/3113/964
f 2793/3112/470 2794/3113/964 2795/3114/468
f 2796/3115/965 2759/3078/945 2758/3077/945
f 2796/3115/965 2797/3116/965 2759/3078/945
f 2798/3117/461 2797/3116/965 2796/3115/965
f 2798/3117/461 2799/3118/461 2797/3116/965
f 2800/3119/966 2799/3118/461 2798/3117/461
f 2800/3119/966 2801/3120/966 2799/3118/461
f 2802/3121/967 2801/3120/966 2800/3119/966
f 2802/3121/967 2803/3122/968 2801/3120/966
f 2804/3123/969 2803/3122/968 2802/3121/967
f 2804/3123/969 2805/3124/969 2803/3122/968
f 2806/3125/970 2805/3124/969 2804/3123/969
f 2806/3125/970 2807/3126/970 2805/3124/969
f 2808/3127/456 2807/3126/970 2806/3125/970
f 2808/3127/456 2809/3128/456 2807/3126/970
f 2810/3129/971 2809/3128/456 2808/3127/456
f 2810/3129/971 2811/3130/971 2809/3128/456
f 2812/3131/454 2811/3130/971 2810/3129/971
f 2812/3131/454 2813/3132/454 2811/3130/971
f 2814/3133/972 2813/3132/454 2812/3131/454
f 2814/3133/972 2815/3134/972 2813/3132/454
f 2816/3135/973 2815/3134/972 2814/3133/972
f 2816/3135/973 2817/3136/973 2815/3134/972
f 2818/3137/974 2817/3136/973 2816/3135/973
f 2818/3137/974 2819/3138/975 2817/3136/973
f 2820/3139/976 2819/3138/975 2818/3137/974
f 2820/3139/976 2821/3140/976 2819/3138/975
f 2822/3114/964 2821/3140/976 2820/3139/976
f 2822/3114/964 2823/3113/964 2821/3140/976
f 3768/3141/171 2825/3142/151 3767/3143/170
f 3767/3143/170 2825/3142/151 3986/3144/173
f 3986/3144/173 2826/3145/147 4089/3146/174
f 4089/3146/174 2826/3145/147 4191/3147/550
f 4191/3147/550 2827/3148/25 4305/3149/977
f 4305/3149/977 2827/3148/25 4405/3150/351
f 3884/3151/978 2824/3152/152 3768/3141/171
f 3769/3153/979 2824/3152/152 3884/3151/978
f 3988/3154/187 2830/3155/156 3987/3156/696
f 3987/3156/696 2830/3155/156 4192/3157/358
f 4192/3157/358 2831/3158/343 4306/3159/184
f 4306/3159/184 2831/3158/343 4406/3160/183
f 4406/3160/183 2832/3161/154 3667/3162/448
f 3667/3162/448 2832/3161/154 3770/3163/447
f 3770/3163/447 2833/3164/153 3885/3165/980
f 3885/3165/980 2833/3164/153 3989/3153/981
f 4194/3166/982 2835/3167/22 4193/3168/780
f 4193/3168/780 2835/3167/22 4407/3169/21
f 4407/3169/21 2836/3170/19 3668/3171/230
f 3668/3171/230 2836/3170/19 3771/3172/18
f 3771/3172/18 2837/3173/16 3886/3174/228
f 3886/3174/228 2837/3173/16 3990/3175/15
f 2837/3173/16 4090/3176/227 3990/3175/15
f 4090/3176/227 2838/3177/11 4195/3178/13
f 2838/3177/11 4307/3179/226 4195/3178/13
f 4307/3179/226 2839/3180/8 4408/3181/698
f 2839/3180/8 3669/3182/224 4408/3181/698
f 3669/3182/224 2840/3183/337 3772/3184/223
f 2840/3183/337 3887/3185/502 3772/3184/223
f 3887/3185/502 2841/3186/145 3991/3187/2
f 2841/3186/145 4091/3188/699 3991/3187/2
f 4091/3188/699 2842/3189/146 4196/3190/664
f 2843/3191/335 4409/3192/983 4410/3193/701
f 4409/3192/983 2844/3194/46 3773/3195/48
f 2844/3194/46 3888/3196/243 3773/3195/48
f 3888/3196/243 2845/3197/43 3992/3198/45
f 2845/3197/43 4092/3199/704 3992/3198/45
f 4092/3199/704 2846/3200/42 4197/3201/508
f 2846/3200/42 4308/3202/40 4197/3201/508
f 4308/3202/40 2847/3203/39 4411/3204/984
f 4411/3204/984 2848/3205/36 3670/3206/37
f 3670/3206/37 2848/3205/36 3774/3207/787
f 3774/3207/787 2849/3208/138 3889/3209/507
f 3889/3209/507 2849/3208/138 3993/3210/506
f 3993/3210/506 2850/3211/28 4093/3212/31
f 4093/3212/31 2850/3211/28 4198/3213/27
f 4198/3213/27 2851/3214/140 4309/3215/985
f 4309/3215/985 2851/3214/140 4412/3216/505
f 2852/3085/545 2853/3217/545 2854/3218/544
f 2852/3085/545 2854/3218/544 2855/3087/986
f 2855/3087/986 2854/3218/544 2856/3219/542
f 2855/3087/986 2856/3219/542 2857/3089/542
f 2857/3089/542 2856/3219/542 2858/3220/540
f 2857/3089/542 2858/3220/540 2859/3091/540
f 2859/3091/540 2858/3220/540 2860/3221/539
f 2859/3091/540 2860/3221/539 2861/3093/539
f 2861/3093/539 2860/3221/539 2862/3222/537
f 2861/3093/539 2862/3222/537 2863/3095/538
f 2863/3095/538 2862/3222/537 2864/3223/536
f 2863/3095/538 2864/3223/536 2865/3097/536
f 2865/3097/536 2864/3223/536 2866/3224/535
f 2865/3097/536 2866/3224/535 2867/3099/535
f 2867/3099/535 2866/3224/535 2868/3225/534
f 2867/3099/535 2868/3225/534 2869/3101/534
f 2869/3101/534 2868/3225/534 2870/3226/533
f 2869/3101/534 2870/3226/533 2871/3103/533
f 2871/3103/533 2870/3226/533 2872/3227/532
f 2871/3103/533 2872/3227/532 2873/3105/532
f 2873/3105/532 2872/3227/532 2874/3228/510
f 2873/3105/532 2874/3228/510 2875/3107/510
f 2875/3107/510 2874/3228/510 2876/3229/509
f 2875/3107/510 2876/3229/509 2877/3109/509
f 2877/3109/509 2876/3229/509 2878/3230/511
f 2877/3109/509 2878/3230/511 2879/3111/512
f 2879/3111/512 2878/3230/511 2880/3231/987
f 2879/3111/512 2880/3231/987 2881/3113/513
f 2882/3083/546 2853/3217/545 2852/3085/545
f 2882/3083/546 2883/3232/546 2853/3217/545
f 2884/3081/531 2883/3232/546 2882/3083/546
f 2884/3081/531 2885/3233/531 2883/3232/546
f 2886/3079/530 2885/3233/531 2884/3081/531
f 2886/3079/530 2887/3234/530 2885/3233/531
f 2888/3078/988 2887/3234/530 2886/3079/530
f 2888/3078/988 2889/3235/529 2887/3234/530
f 2890/3116/989 2889/3235/529 2888/3078/988
f 2890/3116/989 2891/3236/989 2889/3235/529
f 2892/3118/526 2891/3236/989 2890/3116/989
f 2892/3118/526 2893/3237/526 2891/3236/989
f 2894/3120/525 2893/3237/526 2892/3118/526
f 2894/3120/525 2895/3238/525 2893/3237/526
f 2896/3122/524 2895/3238/525 2894/3120/525
f 2896/3122/524 2897/3239/524 2895/3238/525
f 2898/3124/523 2897/3239/524 2896/3122/524
f 2898/3124/523 2899/3240/523 2897/3239/524
f 2900/3126/990 2899/3240/523 2898/3124/523
f 2900/3126/990 2901/3241/522 2899/3240/523
f 2902/3128/521 2901/3241/522 2900/3126/990
f 2902/3128/521 2903/3242/521 2901/3241/522
f 2904/3130/519 2903/3242/521 2902/3128/521
f 2904/3130/519 2905/3243/519 2903/3242/521
f 2906/3132/991 2905/3243/519 2904/3130/519
f 2906/3132/991 2907/3244/991 2905/3243/519
f 2908/3134/517 2907/3244/991 2906/3132/991
f 2908/3134/517 2909/3245/517 2907/3244/991
f 2910/3136/516 2909/3245/517 2908/3134/517
f 2910/3136/516 2911/3246/516 2909/3245/517
f 2912/3138/515 2911/3246/516 2910/3136/516
f 2912/3138/515 2913/3247/515 2911/3246/516
f 2914/3140/514 2913/3247/515 2912/3138/515
f 2914/3140/514 2915/3248/992 2913/3247/515
f 2916/3113/513 2915/3248/992 2914/3140/514
f 2916/3113/513 2917/3231/513 2915/3248/992
f 2918/3249/142 2919/3250/46 2920/3251/43
f 2918/3249/142 2920/3251/43 2921/3252/43
f 2921/3252/43 2920/3251/43 2922/3253/42
f 2921/3252/43 2922/3253/42 2923/3254/42
f 2923/3254/42 2922/3253/42 2924/3255/39
f 2923/3254/42 2924/3255/39 2925/3256/39
f 2925/3256/39 2924/3255/39 2926/3257/36
f 2925/3256/39 2926/3257/36 2927/3258/36
f 2927/3258/36 2926/3257/36 2928/3259/334
f 2927/3258/36 2928/3259/334 2929/3260/334
f 2929/3260/334 2928/3259/334 2930/3261/28
f 2929/3260/334 2930/3261/28 2931/3262/28
f 2931/3262/28 2930/3261/28 2932/3263/140
f 2931/3262/28 2932/3263/140 2933/3264/140
f 2930/3261/28 2934/3265/140 2932/3263/140
f 2930/3261/28 2935/3266/332 2934/3265/140
f 2928/3259/334 2935/3266/332 2930/3261/28
f 2928/3259/334 2936/3267/334 2935/3266/332
f 2926/3257/36 2936/3267/334 2928/3259/334
f 2926/3257/36 2937/3268/36 2936/3267/334
f 2924/3255/39 2937/3268/36 2926/3257/36
f 2924/3255/39 2938/3269/39 2937/3268/36
f 2922/3253/42 2938/3269/39 2924/3255/39
f 2922/3253/42 2939/3270/42 2938/3269/39
f 2920/3251/43 2939/3270/42 2922/3253/42
f 2920/3251/43 2940/3271/43 2939/3270/42
f 2919/3250/46 2940/3271/43 2920/3251/43
f 2919/3250/46 2941/3272/46 2940/3271/43
f 2942/3273/49 2941/3272/46 2919/3250/46
f 2943/3274/49 2942/3273/49 2919/3250/46
f 2943/3274/49 2919/3250/46 2918/3249/142
f 2942/3273/49 2944/3275/49 2941/3272/46
f 2945/3276/11 2946/3277/11 2947/3278/8
f 2945/3276/11 2947/3278/8 2948/3279/8
f 2948/3279/8 2947/3278/8 2949/3280/144
f 2948/3279/8 2949/3280/144 2950/3281/337
f 2950/3281/337 2949/3280/144 2951/3282/3
f 2950/3281/337 2951/3282/3 2952/3283/145
f 2952/3283/145 2951/3282/3 2953/3284/146
f 2952/3283/145 2953/3284/146 2954/3285/146
f 2951/3282/3 2955/3286/146 2953/3284/146
f 2951/3282/3 2956/3287/145 2955/3286/146
f 2949/3280/144 2956/3287/145 2951/3282/3
f 2949/3280/144 2957/3288/144 2956/3287/145
f 2947/3278/8 2957/3288/144 2949/3280/144
f 2947/3278/8 2958/3289/8 2957/3288/144
f 2946/3277/11 2958/3289/8 2947/3278/8
f 2946/3277/11 2959/3290/11 2958/3289/8
f 2960/3291/16 2959/3290/11 2946/3277/11
f 2961/3292/16 2960/3291/16 2946/3277/11
f 2962/3293/19 2960/3291/16 2961/3292/16
f 2962/3293/19 2963/3294/19 2960/3291/16
f 2964/3295/22 2963/3294/19 2962/3293/19
f 2964/3295/22 2965/3296/22 2963/3294/19
f 2966/3297/25 2965/3296/22 2964/3295/22
f 2966/3297/25 2967/3298/25 2965/3296/22
f 2967/3298/25 2968/3299/22 2965/3296/22
f 2967/3298/25 2969/3300/25 2968/3299/22
f 2965/3296/22 2968/3299/22 2970/3301/19
f 2965/3296/22 2970/3301/19 2963/3294/19
f 2963/3294/19 2970/3301/19 2971/3302/16
f 2963/3294/19 2971/3302/16 2960/3291/16
f 2960/3291/16 2971/3302/16 2959/3290/11
f 2961/3292/16 2946/3277/11 2945/3276/11
f 2972/3303/169 2973/3304/169 2974/3305/348
f 2972/3303/169 2974/3305/348 2975/3306/348
f 2975/3306/348 2974/3305/348 2976/3307/167
f 2975/3306/348 2976/3307/167 2977/3308/203
f 2977/3308/203 2976/3307/167 2978/3309/159
f 2977/3308/203 2978/3309/159 2979/3310/159
f 2979/3310/159 2978/3309/159 2980/3311/160
f 2979/3310/159 2980/3311/160 2981/3312/160
f 2981/3312/160 2980/3311/160 2982/3313/161
f 2981/3312/160 2982/3313/161 2983/3314/161
f 2983/3314/161 2982/3313/161 2984/3315/162
f 2983/3314/161 2984/3315/162 2985/3316/162
f 2985/3316/162 2984/3315/162 2986/3317/165
f 2985/3316/162 2986/3317/165 2987/3318/165
f 2987/3318/165 2986/3317/165 2988/3319/49
f 2987/3318/165 2988/3319/49 2989/3320/49
f 2986/3317/165 2990/3321/164 2988/3319/49
f 2986/3317/165 2991/3322/165 2990/3321/164
f 2984/3315/162 2991/3322/165 2986/3317/165
f 2984/3315/162 2992/3323/162 2991/3322/165
f 2982/3313/161 2992/3323/162 2984/3315/162
f 2982/3313/161 2993/3324/161 2992/3323/162
f 2980/3311/160 2993/3324/161 2982/3313/161
f 2980/3311/160 2994/3325/160 2993/3324/161
f 2978/3309/159 2994/3325/160 2980/3311/160
f 2978/3309/159 2995/3326/159 2994/3325/160
f 2976/3307/167 2995/3326/159 2978/3309/159
f 2976/3307/167 2996/3327/167 2995/3326/159
f 2974/3305/348 2996/3327/167 2976/3307/167
f 2974/3305/348 2997/3328/348 2996/3327/167
f 2973/3304/169 2997/3328/348 2974/3305/348
f 2973/3304/169 2998/3329/169 2997/3328/348
f 2999/3330/157 3000/3331/993 3001/3332/152
f 2999/3330/157 3001/3332/152 3002/3333/152
f 3002/3333/152 3001/3332/152 3003/3334/151
f 3002/3333/152 3003/3334/151 3004/3335/151
f 3004/3335/151 3003/3334/151 3005/3336/148
f 3004/3335/151 3005/3336/148 3006/3337/148
f 3006/3337/148 3005/3336/148 3007/3338/25
f 3006/3337/148 3007/3338/25 3008/3339/25
f 3005/3336/148 3009/3340/25 3007/3338/25
f 3005/3336/148 3010/3341/147 3009/3340/25
f 3003/3334/151 3010/3341/147 3005/3336/148
f 3003/3334/151 3011/3342/151 3010/3341/147
f 3001/3332/152 3011/3342/151 3003/3334/151
f 3001/3332/152 3012/3343/152 3011/3342/151
f 3000/3331/993 3012/3343/152 3001/3332/152
f 3000/3331/993 3013/3344/157 3012/3343/152
f 3014/3345/140 3015/3346/140 3016/3347/156
f 3014/3345/140 3016/3347/156 3017/3348/156
f 3017/3348/156 3016/3347/156 3018/3349/343
f 3017/3348/156 3018/3349/343 3019/3350/155
f 3019/3350/155 3018/3349/343 3020/3351/154
f 3019/3350/155 3020/3351/154 3021/3352/154
f 3021/3352/154 3020/3351/154 3022/3331/153
f 3021/3352/154 3022/3331/153 3023/3330/153
f 3020/3351/154 3024/3344/153 3022/3331/153
f 3020/3351/154 3025/3353/154 3024/3344/153
f 3018/3349/343 3025/3353/154 3020/3351/154
f 3018/3349/343 3026/3354/343 3025/3353/154
f 3016/3347/156 3026/3354/343 3018/3349/343
f 3016/3347/156 3027/3355/156 3026/3354/343
f 3015/3346/140 3027/3355/156 3016/3347/156
f 3015/3346/140 3028/3356/140 3027/3355/156
f 3029/3357/167 4094/3358/994 4095/3359/202
f 4094/3358/994 3030/3360/159 4310/3361/204
f 3030/3360/159 4413/3362/995 4310/3361/204
f 4413/3362/995 3031/3363/160 3671/3364/206
f 3031/3363/160 3775/3365/375 3671/3364/206
f 3775/3365/375 3032/3366/161 3890/3367/376
f 3032/3366/161 3994/3368/209 3890/3367/376
f 3994/3368/209 3033/3369/162 4096/3370/211
f 3033/3369/162 4199/3371/996 4096/3370/211
f 4199/3371/996 3034/3372/163 4311/3373/213
f 3034/3372/163 4414/3374/943 4311/3373/213
f 4414/3374/943 3035/3375/49 3672/3376/497
f 4200/3377/216 3029/3357/167 4095/3359/202
f 3036/3378/168 4200/3377/216 3891/3379/384
f 3995/3380/677 3036/3378/168 3891/3379/384
f 3037/3381/146 3995/3380/677 4097/3382/495
f 3038/3383/572 3039/3384/997 3040/3385/998
f 3038/3383/572 3040/3385/998 3041/3386/998
f 3041/3386/998 3040/3385/998 3042/3387/999
f 3041/3386/998 3042/3387/999 3043/3388/999
f 3043/3388/999 3042/3387/999 3044/3389/1000
f 3043/3388/999 3044/3389/1000 3045/3390/1000
f 3045/3390/1000 3044/3389/1000 3046/3391/1001
f 3045/3390/1000 3046/3391/1001 3047/3392/1001
f 3047/3392/1001 3046/3391/1001 3048/3393/654
f 3047/3392/1001 3048/3393/654 3049/3394/654
f 3049/3394/654 3048/3393/654 3050/3395/1002
f 3049/3394/654 3050/3395/1002 3051/3396/1002
f 3051/3396/1002 3050/3395/1002 3052/3397/1003
f 3051/3396/1002 3052/3397/1003 3053/3398/1003
f 3053/3398/1003 3052/3397/1003 3054/3399/1004
f 3053/3398/1003 3054/3399/1004 3055/3400/1004
f 3055/3400/1004 3054/3399/1004 3056/3401/1005
f 3055/3400/1004 3056/3401/1005 3057/3402/1005
f 3057/3402/1005 3056/3401/1005 3058/3403/1006
f 3057/3402/1005 3058/3403/1006 3059/3404/1007
f 3059/3404/1007 3058/3403/1006 3060/3405/1008
f 3059/3404/1007 3060/3405/1008 3061/3406/1008
f 3061/3406/1008 3060/3405/1008 3062/3407/1009
f 3061/3406/1008 3062/3407/1009 3063/3408/1009
f 3063/3408/1009 3062/3407/1009 3064/3409/585
f 3063/3408/1009 3064/3409/585 3065/3410/585
f 3065/3410/585 3064/3409/585 3066/3411/587
f 3065/3410/585 3066/3411/587 3067/3412/587
f 3067/3412/587 3066/3411/587 3068/3413/1010
f 3067/3412/587 3068/3413/1010 3069/3414/1010
f 3069/3414/1010 3068/3413/1010 3070/3415/1011
f 3069/3414/1010 3070/3415/1011 3071/3416/1011
f 3071/3416/1011 3070/3415/1011 3072/3417/1012
f 3071/3416/1011 3072/3417/1012 3073/3418/1012
f 3073/3418/1012 3072/3417/1012 3074/3419/1013
f 3073/3418/1012 3074/3419/1013 3075/3420/1013
f 3075/3420/1013 3074/3419/1013 3076/3421/1014
f 3075/3420/1013 3076/3421/1014 3077/3422/1014
f 3077/3422/1014 3076/3421/1014 3078/3423/1015
f 3077/3422/1014 3078/3423/1015 3079/3424/1015
f 3079/3424/1015 3078/3423/1015 3080/3425/1016
f 3079/3424/1015 3080/3425/1016 3081/3426/1016
f 3081/3426/1016 3080/3425/1016 3082/3427/1017
f 3081/3426/1016 3082/3427/1017 3083/3428/560
f 3083/3428/560 3082/3427/1017 3084/3429/561
f 3083/3428/560 3084/3429/561 3085/3430/1018
f 3085/3430/1018 3084/3429/561 3086/3431/1019
f 3085/3430/1018 3086/3431/1019 3087/3432/1019
f 3087/3432/1019 3086/3431/1019 3088/3433/1020
f 3087/3432/1019 3088/3433/1020 3089/3434/643
f 3089/3434/643 3088/3433/1020 3090/3435/1021
f 3089/3434/643 3090/3435/1021 3091/3436/1021
f 3091/3436/1021 3090/3435/1021 3092/3437/645
f 3091/3436/1021 3092/3437/645 3093/3438/645
f 3093/3438/645 3092/3437/645 3094/3439/1022
f 3093/3438/645 3094/3439/1022 3095/3440/1022
f 3095/3440/1022 3094/3439/1022 3096/3441/1023
f 3095/3440/1022 3096/3441/1023 3097/3442/1023
f 3097/3442/1023 3096/3441/1023 3098/3443/649
f 3097/3442/1023 3098/3443/649 3099/3444/649
f 3099/3444/649 3098/3443/649 3100/3445/1024
f 3099/3444/649 3100/3445/1024 3101/3446/1024
f 3101/3446/1024 3100/3445/1024 3039/3384/997
f 3101/3446/1024 3039/3384/997 3038/3383/572
f 3674/3447/171 3103/3448/151 3673/3449/1025
f 3673/3449/1025 3103/3448/151 3892/3450/442
f 3892/3450/442 3104/3451/147 3996/3452/549
f 3996/3452/549 3104/3451/147 4098/3453/550
f 4098/3453/550 3105/3454/25 4201/3455/777
f 4201/3455/777 3105/3454/25 4312/3456/635
f 3776/3457/446 3102/3458/152 3674/3447/171
f 3675/3459/551 3102/3458/152 3776/3457/446
f 3777/3460/839 3106/3461/153 3675/3459/551
f 3893/3462/447 3106/3461/153 3777/3460/839
f 3997/3463/355 3107/3464/154 3893/3462/447
f 4099/3465/183 3107/3464/154 3997/3463/355
f 4202/3466/184 3108/3467/343 4099/3465/183
f 4313/3468/358 3108/3467/343 4202/3466/184
f 4415/3469/696 3109/3470/344 4313/3468/358
f 3676/3471/360 3109/3470/344 4415/3469/696
f 3895/3472/982 3112/3473/22 3894/3474/697
f 3894/3474/697 3112/3473/22 4100/3475/21
f 4100/3475/21 3113/3476/19 4203/3477/230
f 4203/3477/230 3113/3476/19 4314/3478/18
f 4314/3478/18 3114/3479/16 4416/3480/17
f 4416/3480/17 3114/3479/16 3677/3481/15
f 3114/3479/16 3778/3482/389 3677/3481/15
f 3778/3482/389 3115/3483/11 3896/3484/13
f 3115/3483/11 3998/3485/226 3896/3484/13
f 3998/3485/226 3116/3486/8 4101/3487/698
f 3116/3486/8 4204/3488/388 4101/3487/698
f 4204/3488/388 3117/3489/337 4315/3490/223
f 3117/3489/337 4417/3491/502 4315/3490/223
f 4417/3491/502 3118/3492/145 3678/3493/2
f 3118/3492/145 3779/3494/784 3678/3493/2
f 3779/3494/784 3119/3495/146 3897/3496/4
f 3120/3497/49 4102/3498/1026 4103/3499/51
f 4102/3498/1026 3121/3500/46 4316/3501/48
f 3121/3500/46 4418/3502/47 4316/3501/48
f 4418/3502/47 3122/3503/43 3679/3504/703
f 3122/3503/43 3780/3505/44 3679/3504/703
f 3780/3505/44 3123/3506/42 3898/3507/41
f 3123/3506/42 3999/3508/40 3898/3507/41
f 3999/3508/40 3124/3509/39 4104/3510/38
f 4104/3510/38 3125/3511/36 4205/3512/37
f 4205/3512/37 3125/3511/36 4317/3513/35
f 4317/3513/35 3126/3514/138 4419/3515/507
f 4419/3515/507 3126/3514/138 3680/3516/847
f 3680/3516/847 3127/3517/332 3781/3518/31
f 3781/3518/31 3127/3517/332 3899/3519/27
f 3899/3519/27 3128/3520/140 4000/3521/985
f 4000/3521/985 3128/3520/140 4105/3522/505
f 3129/3391/624 3130/3523/1027 3131/3524/625
f 3129/3391/624 3131/3524/625 3132/3393/625
f 3132/3393/625 3131/3524/625 3133/3525/626
f 3132/3393/625 3133/3525/626 3134/3395/626
f 3134/3395/626 3133/3525/626 3135/3526/627
f 3134/3395/626 3135/3526/627 3136/3397/627
f 3136/3397/627 3135/3526/627 3137/3527/628
f 3136/3397/627 3137/3527/628 3138/3399/628
f 3138/3399/628 3137/3527/628 3139/3528/629
f 3138/3399/628 3139/3528/629 3140/3401/629
f 3140/3401/629 3139/3528/629 3141/3529/671
f 3140/3401/629 3141/3529/671 3142/3403/630
f 3142/3403/630 3141/3529/671 3143/3530/631
f 3142/3403/630 3143/3530/631 3144/3405/631
f 3144/3405/631 3143/3530/631 3145/3531/672
f 3144/3405/631 3145/3531/672 3146/3407/632
f 3146/3407/632 3145/3531/672 3147/3532/633
f 3146/3407/632 3147/3532/633 3148/3409/633
f 3148/3409/633 3147/3532/633 3149/3533/1028
f 3148/3409/633 3149/3533/1028 3150/3411/1028
f 3150/3411/1028 3149/3533/1028 3151/3534/602
f 3150/3411/1028 3151/3534/602 3152/3413/602
f 3152/3413/602 3151/3534/602 3153/3535/601
f 3152/3413/602 3153/3535/601 3154/3415/1029
f 3154/3415/1029 3153/3535/601 3155/3536/603
f 3154/3415/1029 3155/3536/603 3156/3417/603
f 3156/3417/603 3155/3536/603 3157/3537/604
f 3156/3417/603 3157/3537/604 3158/3419/604
f 3158/3419/604 3157/3537/604 3159/3538/605
f 3158/3419/604 3159/3538/605 3160/3421/605
f 3160/3421/605 3159/3538/605 3161/3539/606
f 3160/3421/605 3161/3539/606 3162/3423/1030
f 3162/3423/1030 3161/3539/606 3163/3540/607
f 3162/3423/1030 3163/3540/607 3164/3425/607
f 3164/3425/607 3163/3540/607 3165/3541/608
f 3164/3425/607 3165/3541/608 3166/3427/608
f 3166/3427/608 3165/3541/608 3167/3542/609
f 3166/3427/608 3167/3542/609 3168/3429/609
f 3168/3429/609 3167/3542/609 3169/3543/610
f 3168/3429/609 3169/3543/610 3170/3431/610
f 3170/3431/610 3169/3543/610 3171/3544/611
f 3170/3431/610 3171/3544/611 3172/3433/611
f 3172/3433/611 3171/3544/611 3173/3545/612
f 3172/3433/611 3173/3545/612 3174/3435/612
f 3174/3435/612 3173/3545/612 3175/3546/613
f 3174/3435/612 3175/3546/613 3176/3437/1031
f 3176/3437/1031 3175/3546/613 3177/3547/615
f 3176/3437/1031 3177/3547/615 3178/3439/615
f 3178/3439/615 3177/3547/615 3179/3548/616
f 3178/3439/615 3179/3548/616 3180/3441/616
f 3180/3441/616 3179/3548/616 3181/3549/617
f 3180/3441/616 3181/3549/617 3182/3443/617
f 3182/3443/617 3181/3549/617 3183/3550/619
f 3182/3443/617 3183/3550/619 3184/3445/619
f 3184/3445/619 3183/3550/619 3185/3551/620
f 3184/3445/619 3185/3551/620 3186/3384/620
f 3186/3384/620 3185/3551/620 3187/3552/621
f 3186/3384/620 3187/3552/621 3188/3385/621
f 3188/3385/621 3187/3552/621 3189/3553/622
f 3188/3385/621 3189/3553/622 3190/3387/622
f 3190/3387/622 3189/3553/622 3191/3554/623
f 3190/3387/622 3191/3554/623 3192/3389/623
f 3192/3389/623 3191/3554/623 3130/3523/1027
f 3192/3389/623 3130/3523/1027 3129/3391/624
f 3193/3555/46 3194/3556/46 3195/3557/43
f 3193/3555/46 3195/3557/43 3196/3558/43
f 3196/3558/43 3195/3557/43 3197/3559/42
f 3196/3558/43 3197/3559/42 3198/3560/42
f 3198/3560/42 3197/3559/42 3199/3561/39
f 3198/3560/42 3199/3561/39 3200/3562/39
f 3200/3562/39 3199/3561/39 3201/3563/36
f 3200/3562/39 3201/3563/36 3202/3564/36
f 3202/3564/36 3201/3563/36 3203/3565/138
f 3202/3564/36 3203/3565/138 3204/3566/138
f 3204/3566/138 3203/3565/138 3205/3567/332
f 3204/3566/138 3205/3567/332 3206/3568/28
f 3206/3568/28 3205/3567/332 3207/3569/140
f 3206/3568/28 3207/3569/140 3208/3570/140
f 3205/3567/332 3209/3571/140 3207/3569/140
f 3205/3567/332 3210/3572/332 3209/3571/140
f 3203/3565/138 3210/3572/332 3205/3567/332
f 3203/3565/138 3211/3573/138 3210/3572/332
f 3201/3563/36 3211/3573/138 3203/3565/138
f 3201/3563/36 3212/3574/36 3211/3573/138
f 3199/3561/39 3212/3574/36 3201/3563/36
f 3199/3561/39 3213/3575/39 3212/3574/36
f 3197/3559/42 3213/3575/39 3199/3561/39
f 3197/3559/42 3214/3576/42 3213/3575/39
f 3195/3557/43 3214/3576/42 3197/3559/42
f 3195/3557/43 3215/3577/43 3214/3576/42
f 3194/3556/46 3215/3577/43 3195/3557/43
f 3194/3556/46 3216/3578/46 3215/3577/43
f 3217/3579/49 3216/3578/46 3194/3556/46
f 3218/3580/49 3217/3579/49 3194/3556/46
f 3218/3580/49 3194/3556/46 3193/3555/46
f 3217/3579/49 3219/3581/49 3216/3578/46
f 3220/3582/11 3221/3583/11 3222/3584/8
f 3220/3582/11 3222/3584/8 3223/3585/8
f 3223/3585/8 3222/3584/8 3224/3586/144
f 3223/3585/8 3224/3586/144 3225/3587/144
f 3225/3587/144 3224/3586/144 3226/3588/145
f 3225/3587/144 3226/3588/145 3227/3589/145
f 3227/3589/145 3226/3588/145 3228/3590/146
f 3227/3589/145 3228/3590/146 3229/3591/146
f 3226/3588/145 3230/3592/146 3228/3590/146
f 3226/3588/145 3231/3593/145 3230/3592/146
f 3224/3586/144 3231/3593/145 3226/3588/145
f 3224/3586/144 3232/3594/337 3231/3593/145
f 3222/3584/8 3232/3594/337 3224/3586/144
f 3222/3584/8 3233/3595/8 3232/3594/337
f 3221/3583/11 3233/3595/8 3222/3584/8
f 3221/3583/11 3234/3596/11 3233/3595/8
f 3235/3597/16 3234/3596/11 3221/3583/11
f 3236/3598/16 3235/3597/16 3221/3583/11
f 3237/3599/19 3235/3597/16 3236/3598/16
f 3237/3599/19 3238/3600/19 3235/3597/16
f 3239/3601/22 3238/3600/19 3237/3599/19
f 3239/3601/22 3240/3602/22 3238/3600/19
f 3241/3603/25 3240/3602/22 3239/3601/22
f 3241/3603/25 3242/3604/25 3240/3602/22
f 3242/3604/25 3243/3605/22 3240/3602/22
f 3242/3604/25 3244/3606/25 3243/3605/22
f 3240/3602/22 3243/3605/22 3245/3607/19
f 3240/3602/22 3245/3607/19 3238/3600/19
f 3238/3600/19 3245/3607/19 3246/3608/16
f 3238/3600/19 3246/3608/16 3235/3597/16
f 3235/3597/16 3246/3608/16 3234/3596/11
f 3236/3598/16 3221/3583/11 3220/3582/11
f 3247/3609/146 3248/3610/146 3249/3611/168
f 3247/3609/146 3249/3611/168 3250/3612/168
f 3250/3612/168 3249/3611/168 3251/3613/167
f 3250/3612/168 3251/3613/167 3252/3614/167
f 3252/3614/167 3251/3613/167 3253/3615/159
f 3252/3614/167 3253/3615/159 3254/3616/159
f 3254/3616/159 3253/3615/159 3255/3617/158
f 3254/3616/159 3255/3617/158 3256/3618/158
f 3256/3618/158 3255/3617/158 3257/3619/161
f 3256/3618/158 3257/3619/161 3258/3620/161
f 3258/3620/161 3257/3619/161 3259/3621/162
f 3258/3620/161 3259/3621/162 3260/3622/162
f 3260/3622/162 3259/3621/162 3261/3623/165
f 3260/3622/162 3261/3623/165 3262/3624/163
f 3262/3624/163 3261/3623/165 3263/3625/49
f 3262/3624/163 3263/3625/49 3264/3626/49
f 3261/3623/165 3265/3627/164 3263/3625/49
f 3261/3623/165 3266/3628/1032 3265/3627/164
f 3259/3621/162 3266/3628/1032 3261/3623/165
f 3259/3621/162 3267/3629/162 3266/3628/1032
f 3257/3619/161 3267/3629/162 3259/3621/162
f 3257/3619/161 3268/3630/161 3267/3629/162
f 3255/3617/158 3268/3630/161 3257/3619/161
f 3255/3617/158 3269/3631/160 3268/3630/161
f 3253/3615/159 3269/3631/160 3255/3617/158
f 3253/3615/159 3270/3632/159 3269/3631/160
f 3251/3613/167 3270/3632/159 3253/3615/159
f 3251/3613/167 3271/3633/167 3270/3632/159
f 3249/3611/168 3271/3633/167 3251/3613/167
f 3249/3611/168 3272/3634/168 3271/3633/167
f 3248/3610/146 3272/3634/168 3249/3611/168
f 3248/3610/146 3273/3635/146 3272/3634/168
f 3274/3636/153 3275/3637/153 3276/3638/152
f 3274/3636/153 3276/3638/152 3277/3639/152
f 3277/3639/152 3276/3638/152 3278/3640/151
f 3277/3639/152 3278/3640/151 3279/3641/172
f 3279/3641/172 3278/3640/151 3280/3642/147
f 3279/3641/172 3280/3642/147 3281/3643/147
f 3281/3643/147 3280/3642/147 3282/3644/25
f 3281/3643/147 3282/3644/25 3283/3645/25
f 3280/3642/147 3284/3646/25 3282/3644/25
f 3280/3642/147 3285/3647/147 3284/3646/25
f 3278/3640/151 3285/3647/147 3280/3642/147
f 3278/3640/151 3286/3648/151 3285/3647/147
f 3276/3638/152 3286/3648/151 3278/3640/151
f 3276/3638/152 3287/3649/152 3286/3648/151
f 3275/3637/153 3287/3649/152 3276/3638/152
f 3275/3637/153 3288/3650/153 3287/3649/152
f 3289/3651/154 3288/3650/153 3275/3637/153
f 3290/3652/154 3289/3651/154 3275/3637/153
f 3291/3653/343 3289/3651/154 3290/3652/154
f 3291/3653/343 3292/3654/343 3289/3651/154
f 3293/3655/156 3292/3654/343 3291/3653/343
f 3293/3655/156 3294/3656/156 3292/3654/343
f 3295/3657/140 3294/3656/156 3293/3655/156
f 3295/3657/140 3296/3658/140 3294/3656/156
f 3296/3658/140 3297/3659/156 3294/3656/156
f 3296/3658/140 3298/3660/140 3297/3659/156
f 3294/3656/156 3297/3659/156 3299/3661/343
f 3294/3656/156 3299/3661/343 3292/3654/343
f 3292/3654/343 3299/3661/343 3300/3662/154
f 3292/3654/343 3300/3662/154 3289/3651/154
f 3289/3651/154 3300/3662/154 3288/3650/153
f 3290/3652/154 3275/3637/153 3274/3636/153
f 3301/3663/167 4106/3664/994 4107/3665/202
f 4106/3664/994 3302/3666/159 4318/3667/204
f 3302/3666/159 4420/3668/995 4318/3667/204
f 4420/3668/995 3303/3669/160 3681/3670/206
f 3303/3669/160 3782/3671/375 3681/3670/206
f 3782/3671/375 3304/3672/161 3900/3673/376
f 3304/3672/161 4001/3674/209 3900/3673/376
f 4001/3674/209 3305/3675/162 4108/3676/498
f 3305/3675/162 4206/3677/996 4108/3676/498
f 4206/3677/996 3306/3678/163 4319/3679/213
f 3306/3678/163 4421/3680/943 4319/3679/213
f 4421/3680/943 3307/3681/49 3682/3682/1033
f 4207/3683/383 3301/3663/167 4107/3665/202
f 3308/3684/168 4207/3683/383 3901/3685/384
f 4002/3686/944 3308/3684/168 3901/3685/384
f 3309/3687/169 4002/3686/944 4109/3688/495
f 3310/3689/1034 3311/3690/1034 3312/3691/1035
f 3310/3689/1034 3312/3691/1035 3313/3692/1035
f 3313/3692/1035 3312/3691/1035 3314/3693/574
f 3313/3692/1035 3314/3693/574 3315/3694/999
f 3315/3694/999 3314/3693/574 3316/3695/1036
f 3315/3694/999 3316/3695/1036 3317/3696/1036
f 3317/3696/1036 3316/3695/1036 3318/3697/1037
f 3317/3696/1036 3318/3697/1037 3319/3698/1037
f 3319/3698/1037 3318/3697/1037 3320/3699/654
f 3319/3698/1037 3320/3699/654 3321/3700/654
f 3321/3700/654 3320/3699/654 3322/3701/1002
f 3321/3700/654 3322/3701/1002 3323/3702/1002
f 3323/3702/1002 3322/3701/1002 3324/3703/1038
f 3323/3702/1002 3324/3703/1038 3325/3704/1038
f 3325/3704/1038 3324/3703/1038 3326/3705/1004
f 3325/3704/1038 3326/3705/1004 3327/3706/1004
f 3327/3706/1004 3326/3705/1004 3328/3707/581
f 3327/3706/1004 3328/3707/581 3329/3708/581
f 3329/3708/581 3328/3707/581 3330/3709/657
f 3329/3708/581 3330/3709/657 3331/3710/1039
f 3331/3710/1039 3330/3709/657 3332/3711/1008
f 3331/3710/1039 3332/3711/1008 3333/3712/1008
f 3333/3712/1008 3332/3711/1008 3334/3713/584
f 3333/3712/1008 3334/3713/584 3335/3714/584
f 3335/3714/584 3334/3713/584 3336/3715/585
f 3335/3714/584 3336/3715/585 3337/3716/585
f 3337/3716/585 3336/3715/585 3338/3717/1040
f 3337/3716/585 3338/3717/1040 3339/3718/1040
f 3339/3718/1040 3338/3717/1040 3340/3719/1010
f 3339/3718/1040 3340/3719/1010 3341/3720/1010
f 3341/3720/1010 3340/3719/1010 3342/3721/1041
f 3341/3720/1010 3342/3721/1041 3343/3722/589
f 3343/3722/589 3342/3721/1041 3344/3723/1042
f 3343/3722/589 3344/3723/1042 3345/3724/1012
f 3345/3724/1012 3344/3723/1042 3346/3725/1013
f 3345/3724/1012 3346/3725/1013 3347/3726/591
f 3347/3726/591 3346/3725/1013 3348/3727/1014
f 3347/3726/591 3348/3727/1014 3349/3728/1014
f 3349/3728/1014 3348/3727/1014 3350/3729/1015
f 3349/3728/1014 3350/3729/1015 3351/3730/1015
f 3351/3730/1015 3350/3729/1015 3352/3731/1043
f 3351/3730/1015 3352/3731/1043 3353/3732/1044
f 3353/3732/1044 3352/3731/1043 3354/3733/639
f 3353/3732/1044 3354/3733/639 3355/3734/639
f 3355/3734/639 3354/3733/639 3356/3735/1045
f 3355/3734/639 3356/3735/1045 3357/3736/1045
f 3357/3736/1045 3356/3735/1045 3358/3737/1046
f 3357/3736/1045 3358/3737/1046 3359/3738/1046
f 3359/3738/1046 3358/3737/1046 3360/3739/643
f 3359/3738/1046 3360/3739/643 3361/3740/643
f 3361/3740/643 3360/3739/643 3362/3741/564
f 3361/3740/643 3362/3741/564 3363/3742/564
f 3363/3742/564 3362/3741/564 3364/3743/565
f 3363/3742/564 3364/3743/565 3365/3744/565
f 3365/3744/565 3364/3743/565 3366/3745/567
f 3365/3744/565 3366/3745/567 3367/3746/567
f 3367/3746/567 3366/3745/567 3368/3747/1047
f 3367/3746/567 3368/3747/1047 3369/3748/1047
f 3369/3748/1047 3368/3747/1047 3370/3749/1048
f 3369/3748/1047 3370/3749/1048 3371/3750/1048
f 3371/3750/1048 3370/3749/1048 3372/3751/651
f 3371/3750/1048 3372/3751/651 3373/3752/651
f 3373/3752/651 3372/3751/651 3311/3690/1034
f 3373/3752/651 3311/3690/1034 3310/3689/1034
f 3684/3753/171 3375/3754/151 3683/3755/1025
f 3683/3755/1025 3375/3754/151 3902/3756/442
f 3902/3756/442 3376/3757/147 4003/3758/549
f 4003/3758/549 3376/3757/147 4110/3759/550
f 4110/3759/550 3377/3760/25 4208/3761/977
f 4208/3761/977 3377/3760/25 4320/3762/351
f 3783/3763/446 3374/3764/152 3684/3753/171
f 3685/3765/179 3374/3764/152 3783/3763/446
f 3784/3766/839 3378/3767/153 3685/3765/179
f 3903/3768/1049 3378/3767/153 3784/3766/839
f 4004/3769/1050 3379/3770/154 3903/3768/1049
f 4111/3771/183 3379/3770/154 4004/3769/1050
f 4209/3772/184 3380/3773/343 4111/3771/183
f 4321/3774/358 3380/3773/343 4209/3772/184
f 4422/3775/696 3381/3776/344 4321/3774/358
f 3686/3777/187 3381/3776/344 4422/3775/696
f 3905/3778/24 3384/3779/22 3904/3780/697
f 3904/3780/697 3384/3779/22 4112/3781/21
f 4112/3781/21 3385/3782/19 4210/3783/230
f 4210/3783/230 3385/3782/19 4322/3784/18
f 4322/3784/18 3386/3785/16 4423/3786/228
f 4423/3786/228 3386/3785/16 3687/3787/665
f 3386/3785/16 3785/3788/900 3687/3787/665
f 3785/3788/900 3387/3789/11 3906/3790/13
f 3387/3789/11 4005/3791/226 3906/3790/13
f 4005/3791/226 3388/3792/8 4113/3793/698
f 3388/3792/8 4211/3794/388 4113/3793/698
f 4211/3794/388 3389/3795/144 4323/3796/1051
f 3389/3795/144 4424/3797/502 4323/3796/1051
f 4424/3797/502 3390/3798/145 3688/3799/2
f 3390/3798/145 3786/3800/784 3688/3799/2
f 3786/3800/784 3391/3801/146 3907/3802/664
f 3392/3803/49 4114/3804/983 4115/3805/51
f 4114/3804/983 3393/3806/46 4324/3807/48
f 3393/3806/46 4425/3808/47 4324/3807/48
f 4425/3808/47 3394/3809/43 3689/3810/45
f 3394/3809/43 3787/3811/397 3689/3810/45
f 3787/3811/397 3395/3812/42 3908/3813/508
f 3395/3812/42 4006/3814/40 3908/3813/508
f 4006/3814/40 3396/3815/39 4116/3816/38
f 4116/3816/38 3397/3817/36 4212/3818/238
f 4212/3818/238 3397/3817/36 4325/3819/35
f 4325/3819/35 3398/3820/138 4426/3821/507
f 4426/3821/507 3398/3820/138 3690/3822/506
f 3690/3822/506 3399/3823/332 3788/3824/394
f 3788/3824/394 3399/3823/332 3909/3825/233
f 3909/3825/233 3400/3826/140 4007/3827/985
f 4007/3827/985 3400/3826/140 4117/3828/505
f 3401/3697/624 3402/3829/1027 3403/3830/625
f 3401/3697/624 3403/3830/625 3404/3699/625
f 3404/3699/625 3403/3830/625 3405/3831/626
f 3404/3699/625 3405/3831/626 3406/3701/626
f 3406/3701/626 3405/3831/626 3407/3832/668
f 3406/3701/626 3407/3832/668 3408/3703/668
f 3408/3703/668 3407/3832/668 3409/3833/628
f 3408/3703/668 3409/3833/628 3410/3705/628
f 3410/3705/628 3409/3833/628 3411/3834/629
f 3410/3705/628 3411/3834/629 3412/3707/670
f 3412/3707/670 3411/3834/629 3413/3835/630
f 3412/3707/670 3413/3835/630 3414/3709/1052
f 3414/3709/1052 3413/3835/630 3415/3836/631
f 3414/3709/1052 3415/3836/631 3416/3711/631
f 3416/3711/631 3415/3836/631 3417/3837/672
f 3416/3711/631 3417/3837/672 3418/3713/672
f 3418/3713/672 3417/3837/672 3419/3838/633
f 3418/3713/672 3419/3838/633 3420/3715/633
f 3420/3715/633 3419/3838/633 3421/3839/1028
f 3420/3715/633 3421/3839/1028 3422/3717/1028
f 3422/3717/1028 3421/3839/1028 3423/3840/602
f 3422/3717/1028 3423/3840/602 3424/3719/1053
f 3424/3719/1053 3423/3840/602 3425/3841/1029
f 3424/3719/1053 3425/3841/1029 3426/3721/1029
f 3426/3721/1029 3425/3841/1029 3427/3842/603
f 3426/3721/1029 3427/3842/603 3428/3723/603
f 3428/3723/603 3427/3842/603 3429/3843/604
f 3428/3723/603 3429/3843/604 3430/3725/604
f 3430/3725/604 3429/3843/604 3431/3844/605
f 3430/3725/604 3431/3844/605 3432/3727/605
f 3432/3727/605 3431/3844/605 3433/3845/606
f 3432/3727/605 3433/3845/606 3434/3729/1030
f 3434/3729/1030 3433/3845/606 3435/3846/607
f 3434/3729/1030 3435/3846/607 3436/3731/607
f 3436/3731/607 3435/3846/607 3437/3847/608
f 3436/3731/607 3437/3847/608 3438/3733/608
f 3438/3733/608 3437/3847/608 3439/3848/609
f 3438/3733/608 3439/3848/609 3440/3735/609
f 3440/3735/609 3439/3848/609 3441/3849/610
f 3440/3735/609 3441/3849/610 3442/3737/610
f 3442/3737/610 3441/3849/610 3443/3850/611
f 3442/3737/610 3443/3850/611 3444/3739/611
f 3444/3739/611 3443/3850/611 3445/3851/612
f 3444/3739/611 3445/3851/612 3446/3741/612
f 3446/3741/612 3445/3851/612 3447/3852/613
f 3446/3741/612 3447/3852/613 3448/3743/613
f 3448/3743/613 3447/3852/613 3449/3853/615
f 3448/3743/613 3449/3853/615 3450/3745/615
f 3450/3745/615 3449/3853/615 3451/3854/616
f 3450/3745/615 3451/3854/616 3452/3747/616
f 3452/3747/616 3451/3854/616 3453/3855/617
f 3452/3747/616 3453/3855/617 3454/3749/617
f 3454/3749/617 3453/3855/617 3455/3856/619
f 3454/3749/617 3455/3856/619 3456/3751/619
f 3456/3751/619 3455/3856/619 3457/3857/620
f 3456/3751/619 3457/3857/620 3458/3690/620
f 3458/3690/620 3457/3857/620 3459/3858/621
f 3458/3690/620 3459/3858/621 3460/3691/621
f 3460/3691/621 3459/3858/621 3461/3859/622
f 3460/3691/621 3461/3859/622 3462/3693/622
f 3462/3693/622 3461/3859/622 3463/3860/623
f 3462/3693/622 3463/3860/623 3464/3695/623
f 3464/3695/623 3463/3860/623 3402/3829/1027
f 3464/3695/623 3402/3829/1027 3401/3697/624
f 3465/3861/46 3466/3862/46 3467/3863/43
f 3465/3861/46 3467/3863/43 3468/3864/43
f 3468/3864/43 3467/3863/43 3469/3865/42
f 3468/3864/43 3469/3865/42 3470/3866/42
f 3470/3866/42 3469/3865/42 3471/3867/39
f 3470/3866/42 3471/3867/39 3472/3868/39
f 3472/3868/39 3471/3867/39 3473/3869/36
f 3472/3868/39 3473/3869/36 3474/3870/36
f 3474/3870/36 3473/3869/36 3475/3871/138
f 3474/3870/36 3475/3871/138 3476/3872/334
f 3476/3872/334 3475/3871/138 3477/3873/332
f 3476/3872/334 3477/3873/332 3478/3874/28
f 3478/3874/28 3477/3873/332 3479/3875/140
f 3478/3874/28 3479/3875/140 3480/3876/140
f 3477/3873/332 3481/3877/140 3479/3875/140
f 3477/3873/332 3482/3878/332 3481/3877/140
f 3475/3871/138 3482/3878/332 3477/3873/332
f 3475/3871/138 3483/3879/138 3482/3878/332
f 3473/3869/36 3483/3879/138 3475/3871/138
f 3473/3869/36 3484/3880/36 3483/3879/138
f 3471/3867/39 3484/3880/36 3473/3869/36
f 3471/3867/39 3485/3881/39 3484/3880/36
f 3469/3865/42 3485/3881/39 3471/3867/39
f 3469/3865/42 3486/3882/42 3485/3881/39
f 3467/3863/43 3486/3882/42 3469/3865/42
f 3467/3863/43 3487/3883/43 3486/3882/42
f 3466/3862/46 3487/3883/43 3467/3863/43
f 3466/3862/46 3488/3884/46 3487/3883/43
f 3489/3885/49 3488/3884/46 3466/3862/46
f 3490/3886/49 3489/3885/49 3466/3862/46
f 3490/3886/49 3466/3862/46 3465/3861/46
f 3489/3885/49 3491/3887/49 3488/3884/46
f 3492/3888/11 3493/3889/11 3494/3890/8
f 3492/3888/11 3494/3890/8 3495/3891/8
f 3495/3891/8 3494/3890/8 3496/3892/144
f 3495/3891/8 3496/3892/144 3497/3893/144
f 3497/3893/144 3496/3892/144 3498/3894/145
f 3497/3893/144 3498/3894/145 3499/3895/145
f 3499/3895/145 3498/3894/145 3500/3896/146
f 3499/3895/145 3500/3896/146 3501/3897/146
f 3498/3894/145 3502/3898/146 3500/3896/146
f 3498/3894/145 3503/3899/145 3502/3898/146
f 3496/3892/144 3503/3899/145 3498/3894/145
f 3496/3892/144 3504/3900/337 3503/3899/145
f 3494/3890/8 3504/3900/337 3496/3892/144
f 3494/3890/8 3505/3901/8 3504/3900/337
f 3493/3889/11 3505/3901/8 3494/3890/8
f 3493/3889/11 3506/3902/11 3505/3901/8
f 3507/3903/16 3506/3902/11 3493/3889/11
f 3508/3904/16 3507/3903/16 3493/3889/11
f 3509/3905/19 3507/3903/16 3508/3904/16
f 3509/3905/19 3510/3906/19 3507/3903/16
f 3511/3907/22 3510/3906/19 3509/3905/19
f 3511/3907/22 3512/3908/22 3510/3906/19
f 3513/3909/25 3512/3908/22 3511/3907/22
f 3513/3909/25 3514/3910/25 3512/3908/22
f 3514/3910/25 3515/3911/22 3512/3908/22
f 3514/3910/25 3516/3912/25 3515/3911/22
f 3512/3908/22 3515/3911/22 3517/3913/19
f 3512/3908/22 3517/3913/19 3510/3906/19
f 3510/3906/19 3517/3913/19 3518/3914/16
f 3510/3906/19 3518/3914/16 3507/3903/16
f 3507/3903/16 3518/3914/16 3506/3902/11
f 3508/3904/16 3493/3889/11 3492/3888/11
f 3519/3915/146 3520/3916/146 3521/3917/168
f 3519/3915/146 3521/3917/168 3522/3918/168
f 3522/3918/168 3521/3917/168 3523/3919/167
f 3522/3918/168 3523/3919/167 3524/3920/167
f 3524/3920/167 3523/3919/167 3525/3921/159
f 3524/3920/167 3525/3921/159 3526/3922/159
f 3526/3922/159 3525/3921/159 3527/3923/160
f 3526/3922/159 3527/3923/160 3528/3924/160
f 3528/3924/160 3527/3923/160 3529/3925/161
f 3528/3924/160 3529/3925/161 3530/3926/161
f 3530/3926/161 3529/3925/161 3531/3927/162
f 3530/3926/161 3531/3927/162 3532/3928/166
f 3532/3928/166 3531/3927/162 3533/3929/163
f 3532/3928/166 3533/3929/163 3534/3930/163
f 3534/3930/163 3533/3929/163 3535/3931/49
f 3534/3930/163 3535/3931/49 3536/3932/49
f 3533/3929/163 3537/3933/49 3535/3931/49
f 3533/3929/163 3538/3934/163 3537/3933/49
f 3531/3927/162 3538/3934/163 3533/3929/163
f 3531/3927/162 3539/3935/162 3538/3934/163
f 3529/3925/161 3539/3935/162 3531/3927/162
f 3529/3925/161 3540/3936/161 3539/3935/162
f 3527/3923/160 3540/3936/161 3529/3925/161
f 3527/3923/160 3541/3937/160 3540/3936/161
f 3525/3921/159 3541/3937/160 3527/3923/160
f 3525/3921/159 3542/3938/159 3541/3937/160
f 3523/3919/167 3542/3938/159 3525/3921/159
f 3523/3919/167 3543/3939/167 3542/3938/159
f 3521/3917/168 3543/3939/167 3523/3919/167
f 3521/3917/168 3544/3940/168 3543/3939/167
f 3520/3916/146 3544/3940/168 3521/3917/168
f 3520/3916/146 3545/3941/146 3544/3940/168
f 3546/3942/153 3547/3943/153 3548/3944/152
f 3546/3942/153 3548/3944/152 3549/3945/152
f 3549/3945/152 3548/3944/152 3550/3946/151
f 3549/3945/152 3550/3946/151 3551/3947/151
f 3551/3947/151 3550/3946/151 3552/3948/147
f 3551/3947/151 3552/3948/147 3553/3949/147
f 3553/3949/147 3552/3948/147 3554/3950/25
f 3553/3949/147 3554/3950/25 3555/3951/25
f 3552/3948/147 3556/3952/25 3554/3950/25
f 3552/3948/147 3557/3953/147 3556/3952/25
f 3550/3946/151 3557/3953/147 3552/3948/147
f 3550/3946/151 3558/3954/151 3557/3953/147
f 3548/3944/152 3558/3954/151 3550/3946/151
f 3548/3944/152 3559/3955/152 3558/3954/151
f 3547/3943/153 3559/3955/152 3548/3944/152
f 3547/3943/153 3560/3956/153 3559/3955/152
f 3561/3957/154 3560/3956/153 3547/3943/153
f 3562/3958/154 3561/3957/154 3547/3943/153
f 3563/3959/155 3561/3957/154 3562/3958/154
f 3563/3959/155 3564/3960/343 3561/3957/154
f 3565/3961/156 3564/3960/343 3563/3959/155
f 3565/3961/156 3566/3962/156 3564/3960/343
f 3567/3963/140 3566/3962/156 3565/3961/156
f 3567/3963/140 3568/3964/140 3566/3962/156
f 3568/3964/140 3569/3965/156 3566/3962/156
f 3568/3964/140 3570/3966/140 3569/3965/156
f 3566/3962/156 3569/3965/156 3571/3967/155
f 3566/3962/156 3571/3967/155 3564/3960/343
f 3564/3960/343 3571/3967/155 3572/3968/154
f 3564/3960/343 3572/3968/154 3561/3957/154
f 3561/3957/154 3572/3968/154 3560/3956/153
f 3562/3958/154 3547/3943/153 3546/3942/153
f 4427/3969/1054 3691/3970/13 3573/3971/1055
f 3691/3970/13 4428/3972/227 3573/3971/1055
f 1/3/3 2/134/146 3575/4/4
f 3/5/5 1/3/3 3692/2/2
f 4/8/8 3/5/5 4008/7/7
f 5/11/11 4/8/8 4213/10/10
f 3694/14/14 6/16/16 5/11/11
f 3910/17/17 7/19/19 6/16/16
f 4119/20/20 8/22/22 7/19/19
f 4327/23/23 9/25/25 8/22/22
f 3790/26/26 10/28/28 11/29/29
f 3912/31/31 12/33/33 10/28/28
f 4328/34/34 13/36/36 12/33/33
f 3695/37/37 14/39/39 13/36/36
f 3913/40/40 15/42/42 14/39/39
f 16/43/43 15/42/42 4010/41/41
f 17/46/46 16/43/43 4216/45/45
f 18/49/49 17/46/46 3579/48/48
f 4217/261/170 245/263/152 246/264/172
f 3697/266/174 246/264/172 247/267/148
f 3914/269/176 247/267/148 248/270/25
f 4331/272/178 249/274/153 245/263/152
f 4332/275/180 250/277/154 249/274/153
f 3698/278/182 251/280/155 250/277/154
f 3915/281/184 252/283/156 251/280/155
f 4121/284/186 253/286/29 252/283/156
f 272/298/203 273/301/159 3797/299/204
f 273/301/159 274/304/160 4221/302/206
f 274/304/160 275/307/210 3581/305/208
f 275/307/210 276/310/166 3798/308/211
f 276/310/166 277/313/163 4013/311/213
f 277/313/163 278/442/49 4222/314/215
f 279/315/168 272/298/203 3916/297/202
f 280/318/146 279/315/168 3582/317/217
f 281/323/3 282/446/146 4015/324/221
f 283/325/144 281/323/3 4124/322/220
f 284/328/8 283/325/144 3583/327/223
f 285/331/11 284/328/8 3800/330/225
f 4126/334/227 286/336/16 285/331/11
f 4334/337/228 287/339/229 286/336/16
f 3702/340/230 288/342/22 287/339/229
f 3920/343/231 289/345/25 288/342/22
f 4224/346/232 290/348/28 291/349/139
f 4336/351/31 292/353/235 290/348/28
f 3921/354/236 293/356/36 292/353/235
f 4127/357/238 294/359/39 293/356/36
f 4337/360/240 295/362/42 294/359/39
f 296/363/141 295/362/42 3585/361/241
f 297/366/46 296/363/141 3803/365/45
f 298/369/49 297/366/46 4019/368/244
f 3804/573/170 525/575/152 526/576/172
f 4129/578/174 526/576/172 527/579/148
f 4338/581/176 527/579/148 528/582/25
f 3924/584/352 529/586/153 525/575/152
f 3925/587/180 530/589/154 529/586/153
f 4130/590/355 531/592/343 530/589/154
f 4339/593/357 532/595/156 531/592/343
f 3704/596/359 533/598/140 532/595/156
f 552/610/372 553/613/374 4231/611/373
f 553/613/374 554/616/158 3808/614/206
f 554/616/158 555/619/161 4021/617/376
f 555/619/161 556/622/346 4232/620/378
f 556/622/346 557/625/165 3588/623/380
f 557/625/165 558/754/49 3809/626/382
f 559/627/168 552/610/372 4340/609/202
f 560/630/146 559/627/168 4022/629/384
f 561/635/145 562/758/146 3590/636/4
f 563/637/337 561/635/145 3707/634/2
f 564/640/8 563/637/337 4023/639/223
f 565/643/11 564/640/8 4234/642/10
f 3709/646/389 566/648/16 565/643/11
f 3927/649/228 567/651/229 566/648/16
f 4134/652/390 568/654/22 567/651/229
f 4344/655/231 569/657/25 568/654/22
f 3811/658/392 570/660/28 571/661/140
f 3929/663/394 572/665/138 570/660/28
f 4345/666/236 573/668/395 572/665/138
f 3710/669/238 574/671/39 573/668/395
f 3930/672/40 575/674/42 574/671/39
f 576/675/141 575/674/42 4025/673/41
f 577/678/46 576/675/141 4237/677/398
f 578/681/49 577/678/46 3594/680/48
f 4136/885/170 805/887/152 806/888/151
f 3595/890/443 806/888/151 807/891/147
f 3815/893/445 807/891/147 808/894/25
f 4239/896/446 809/898/157 805/887/152
f 4240/899/180 810/901/154 809/898/157
f 3596/902/448 811/904/155 810/901/154
f 3816/905/184 812/907/156 811/904/155
f 4026/908/359 813/910/140 812/907/156
f 880/977/167 881/980/159 4349/978/204
f 881/980/159 882/998/160 3933/981/493
f 883/982/348 880/977/167 3597/976/491
f 884/985/169 883/982/348 4140/984/384
f 885/990/165 886/3973/49 3715/991/497
f 887/992/162 885/990/165 3818/989/213
f 888/995/210 887/992/162 4141/994/498
f 889/998/158 888/995/210 4351/997/376
f 890/1002/3 891/3974/884 3935/1003/4
f 892/1004/144 890/1002/3 4027/1001/2
f 893/1007/8 892/1004/144 4352/1006/223
f 894/1010/11 893/1007/8 3717/1009/225
f 4029/1013/389 895/1015/16 894/1010/11
f 4243/1016/503 896/1018/19 895/1015/16
f 3601/1019/230 897/1021/22 896/1018/19
f 3821/1022/504 898/1024/25 897/1021/22
f 4143/1025/392 899/1027/28 900/1028/140
f 4245/1030/31 901/1032/138 899/1027/28
f 3822/1033/507 902/1035/36 901/1032/138
f 4030/1036/37 903/1038/39 902/1035/36
f 4246/1039/40 904/1041/42 903/1038/39
f 905/1042/43 904/1041/42 4354/1040/508
f 906/1045/46 905/1042/43 3720/1044/45
f 907/1048/49 906/1045/46 3939/1047/48
f 3824/1191/548 1085/1193/152 1086/1194/151
f 4147/1196/549 1086/1194/151 1087/1197/148
f 4355/1199/176 1087/1197/148 1088/1200/25
f 3941/1202/178 1089/1204/157 1085/1193/152
f 3942/1205/552 1090/1207/154 1089/1204/157
f 4148/1208/448 1091/1210/343 1090/1207/154
f 4356/1211/553 1092/1213/156 1091/1210/343
f 3721/1214/359 1093/1216/140 1092/1213/156
f 1158/1283/167 1159/1286/159 4250/1284/204
f 1159/1286/159 1160/1289/160 3828/1287/592
f 1160/1289/160 1161/1292/161 4033/1290/376
f 1161/1292/161 1162/1295/162 4251/1293/211
f 1162/1295/162 1163/1298/165 3605/1296/213
f 1163/1298/165 1164/3975/49 3829/1299/497
f 1165/1300/348 1158/1283/167 4357/1282/202
f 1166/1303/146 1165/1300/348 4034/1302/595
f 1167/1308/3 1168/3976/884 3607/1309/596
f 1169/1310/144 1167/1308/3 3724/1307/2
f 1170/1313/8 1169/1310/144 4035/1312/223
f 1171/1316/11 1170/1313/8 4253/1315/10
f 3726/1319/389 1172/1321/16 1171/1316/11
f 3944/1322/17 1173/1324/19 1172/1321/16
f 4152/1325/230 1174/1327/22 1173/1324/19
f 4361/1328/598 1175/1330/25 1174/1327/22
f 3831/1331/392 1176/1333/332 1177/1334/140
f 3946/1336/394 1178/1338/138 1176/1333/332
f 4362/1339/507 1179/1341/36 1178/1338/138
f 3727/1342/599 1180/1344/39 1179/1341/36
f 3947/1345/40 1181/1347/42 1180/1344/39
f 1182/1348/43 1181/1347/42 4037/1346/508
f 1183/1351/46 1182/1348/43 4256/1350/45
f 1184/1354/49 1183/1351/46 3611/1353/48
f 3835/1497/170 1357/1499/152 1358/1500/151
f 4154/1502/443 1358/1500/151 1359/1503/147
f 4364/1505/176 1359/1503/147 1360/1506/149
f 3949/1508/446 1361/1510/157 1357/1499/152
f 3950/1511/180 1362/1513/154 1361/1510/157
f 4155/1514/355 1363/1516/343 1362/1513/154
f 4365/1517/553 1364/1519/156 1363/1516/343
f 3729/1520/359 1365/1522/140 1364/1519/156
f 1430/1589/167 1431/1592/159 4260/1590/204
f 1431/1592/159 1432/1595/160 3839/1593/592
f 1432/1595/160 1433/1598/161 4039/1596/376
f 1433/1598/161 1434/1601/162 4261/1599/498
f 1434/1601/162 1435/1604/165 3614/1602/663
f 1435/1604/165 1436/3977/49 3840/1605/497
f 1437/1606/168 1430/1589/167 4366/1588/202
f 1438/1609/146 1437/1606/168 4040/1608/217
f 1439/1614/145 1440/3978/146 3616/1615/664
f 1441/1616/144 1439/1614/145 3732/1613/2
f 1442/1619/8 1441/1616/144 4041/1618/223
f 1443/1622/11 1442/1619/8 4263/1621/10
f 3734/1625/389 1444/1627/16 1443/1622/11
f 3952/1628/228 1445/1630/19 1444/1627/16
f 4159/1631/230 1446/1633/22 1445/1630/19
f 4370/1634/598 1447/1636/25 1446/1633/22
f 3842/1637/26 1448/1639/332 1449/1640/140
f 3954/1642/394 1450/1644/138 1448/1639/332
f 4371/1645/236 1451/1647/36 1450/1644/138
f 3735/1648/238 1452/1650/39 1451/1647/36
f 3955/1651/666 1453/1653/42 1452/1650/39
f 1454/1654/43 1453/1653/42 4043/1652/508
f 1455/1657/46 1454/1654/43 4266/1656/45
f 1456/1660/49 1455/1657/46 3620/1659/48
f 1629/1803/203 1630/1806/159 3621/1804/201
f 1630/1806/159 1631/1809/160 3956/1808/205
f 1631/1809/160 1632/1812/161 4161/1811/593
f 1632/1812/161 1633/1815/162 4373/1814/209
f 1633/1815/162 1634/1818/163 3737/1817/212
f 1634/1818/163 1635/1821/164 3957/1820/674
f 1636/1824/168 1629/1803/203 3738/1823/594
f 1637/1827/146 1636/1824/168 4374/1826/677
f 4047/1838/171 1656/1849/152 1657/1839/151
f 4269/1841/173 1657/1839/151 1658/1842/692
f 3625/1844/175 1658/1842/692 1659/1845/25
f 4048/1850/179 1660/1852/695 1656/1849/152
f 4270/1853/447 1661/1855/154 1660/1852/695
f 3626/1856/356 1662/1858/343 1661/1855/154
f 3849/1859/185 1663/1861/156 1662/1858/343
f 4049/1862/187 1664/1986/140 1663/1861/156
f 4272/1863/24 1665/1988/25 1666/1864/22
f 3627/1866/21 1666/1864/22 1667/1867/19
f 3850/1869/18 1667/1867/19 1668/1870/16
f 1668/1870/16 1669/1874/11 4164/1873/389
f 1669/1874/11 1670/1877/8 4377/1876/226
f 1670/1877/8 1671/1880/337 3742/1879/388
f 1671/1880/337 1672/1883/3 3960/1882/502
f 1672/1883/3 1673/1886/146 4165/1885/699
f 1674/1888/49 1675/1891/46 3629/1889/700
f 1675/1891/46 1676/1894/141 3961/1893/702
f 1676/1894/141 1677/1897/42 4166/1896/704
f 1677/1897/42 1678/1900/39 4378/1899/40
f 3631/1901/396 1678/1900/39 1679/1902/36
f 3853/1904/35 1679/1902/36 1680/1905/235
f 4053/1907/234 1680/1905/235 1681/1908/28
f 4276/1910/233 1681/1908/28 1682/1911/140
f 1909/2115/167 1910/2118/159 4054/2116/762
f 1910/2118/159 1911/2121/160 4380/2120/764
f 1911/2121/160 1912/2124/161 3744/2123/593
f 1912/2124/161 1913/2127/162 3963/2126/209
f 1913/2127/162 1914/2130/163 4168/2129/379
f 1914/2130/163 1915/2133/49 4381/2132/674
f 1916/2136/168 1909/2115/167 4169/2135/594
f 1917/2139/146 1916/2136/168 3964/2138/677
f 3636/2150/441 1936/2161/779 1937/2151/150
f 3856/2153/775 1937/2151/150 1938/2154/147
f 4058/2156/776 1938/2154/147 1939/2157/25
f 3637/2162/353 1940/2164/157 1936/2161/779
f 3857/2165/447 1941/2167/154 1940/2164/157
f 4059/2168/356 1942/2170/155 1941/2167/154
f 4280/2171/185 1943/2173/156 1942/2170/155
f 3638/2174/187 1944/2298/140 1943/2173/156
f 3859/2175/24 1945/2300/25 1946/2176/22
f 4060/2178/21 1946/2176/22 1947/2179/781
f 4281/2181/782 1947/2179/781 1948/2182/16
f 1948/2182/16 1949/2186/11 3747/2185/14
f 1949/2186/11 1950/2189/8 3967/2188/783
f 1950/2189/8 1951/2192/5 4173/2191/224
f 1951/2192/5 1952/2195/145 4384/2194/502
f 1952/2195/145 1953/2198/146 3748/2197/784
f 1954/2200/49 1955/2203/46 4062/2201/785
f 1955/2203/46 1956/2206/786 4385/2205/243
f 1956/2206/786 1957/2209/42 3749/2208/44
f 1957/2209/42 1958/2212/39 3968/2211/40
f 4064/2213/38 1958/2212/39 1959/2214/36
f 4284/2216/787 1959/2214/36 1960/2217/138
f 3642/2219/234 1960/2217/138 1961/2220/332
f 3863/2222/27 1961/2220/332 1962/2223/140
f 2189/2427/167 2190/2430/159 3643/2428/201
f 2190/2430/159 2191/2433/160 3970/2432/205
f 2191/2433/160 2192/2436/673 4175/2435/207
f 2192/2436/673 2193/2439/162 4387/2438/209
f 2193/2439/162 2194/2442/163 3751/2441/379
f 2194/2442/163 2195/2445/164 3971/2444/674
f 2196/2448/168 2189/2427/167 3752/2447/216
f 2197/2451/830 2196/2448/168 4388/2450/829
f 4069/2462/171 2216/2473/152 2217/2463/151
f 4287/2465/173 2217/2463/151 2218/2466/147
f 3647/2468/550 2218/2466/147 2219/2469/25
f 4070/2474/179 2220/2476/153 2216/2473/152
f 4288/2477/840 2221/2479/154 2220/2476/153
f 3648/2480/183 2222/2482/155 2221/2479/154
f 3867/2483/185 2223/2485/156 2222/2482/155
f 4071/2486/360 2224/2610/140 2223/2485/156
f 4290/2487/841 2225/2612/25 2226/2488/22
f 3649/2490/597 2226/2488/22 2227/2491/19
f 3868/2493/18 2227/2491/19 2228/2494/16
f 4072/2496/15 2228/2494/16 2229/2497/11
f 2229/2497/11 2230/2501/8 4391/2500/226
f 2230/2501/8 2231/2504/144 3756/2503/388
f 2231/2504/144 2232/2507/3 3974/2506/502
f 2232/2507/3 2233/2510/146 4179/2509/699
f 2234/2512/49 2235/2515/46 3651/2513/843
f 2235/2515/46 2236/2518/141 3975/2517/243
f 2236/2518/141 2237/2521/42 4180/2520/397
f 2237/2521/42 2238/2524/39 4392/2523/666
f 3653/2525/38 2238/2524/39 2239/2526/36
f 3871/2528/845 2239/2526/36 2240/2529/235
f 4075/2531/847 2240/2529/235 2241/2532/28
f 4294/2534/233 2241/2532/28 2242/2535/139
f 2469/2739/167 2470/2742/159 4076/2740/201
f 2470/2742/159 2471/2745/158 4394/2744/764
f 2471/2745/158 2472/2748/161 3758/2747/593
f 2472/2748/161 2473/2751/162 3977/2750/887
f 2473/2751/162 2474/2754/165 4182/2753/379
f 2474/2754/165 2475/2757/49 4395/2756/888
f 2476/2760/168 2469/2739/167 4183/2759/216
f 2477/2763/146 2476/2760/168 3978/2762/677
f 3658/2774/441 2496/2785/440 2497/2775/151
f 3874/2777/442 2497/2775/151 2498/2778/148
f 4080/2780/776 2498/2778/148 2499/2781/25
f 3659/2786/551 2500/2788/153 2496/2785/440
f 3875/2789/447 2501/2791/154 2500/2788/153
f 4081/2792/356 2502/2794/155 2501/2791/154
f 4298/2795/358 2503/2797/156 2502/2794/155
f 3660/2798/187 2504/2922/140 2503/2797/156
f 3877/2799/24 2505/2924/25 2506/2800/22
f 4082/2802/21 2506/2800/22 2507/2803/19
f 4299/2805/18 2507/2803/19 2508/2806/16
f 2508/2806/16 2509/2810/11 3761/2809/900
f 2509/2810/11 2510/2813/8 3981/2812/226
f 2510/2813/8 2511/2816/902 4187/2815/901
f 2511/2816/902 2512/2819/145 4398/2818/6
f 2512/2819/145 2513/2822/146 3762/2821/903
f 2514/2824/49 2515/2827/46 4084/2825/700
f 2515/2827/46 2516/2830/43 4399/2829/47
f 2516/2830/43 2517/2833/42 3763/2832/397
f 2517/2833/42 2518/2836/39 3982/2835/666
f 4086/2837/239 2518/2836/39 2519/2838/36
f 4302/2840/35 2519/2838/36 2520/2841/235
f 3664/2843/234 2520/2841/235 2521/2844/28
f 3881/2846/27 2521/2844/28 2522/2847/140
f 2749/3051/167 2750/3054/159 4401/3052/201
f 2750/3054/159 2751/3057/160 3882/3056/764
f 2751/3057/160 2752/3060/161 4088/3059/593
f 2752/3060/161 2753/3063/162 4303/3062/209
f 2753/3063/162 2754/3066/165 3665/3065/212
f 2754/3066/165 2755/3069/49 3883/3068/943
f 2756/3072/168 2749/3051/167 3666/3071/216
f 2757/3075/146 2756/3072/168 4304/3074/944
f 3768/3141/171 2824/3152/152 2825/3142/151
f 3986/3144/173 2825/3142/151 2826/3145/147
f 4191/3147/550 2826/3145/147 2827/3148/25
f 3769/3153/979 2828/3164/993 2824/3152/152
f 3988/3154/187 2829/3979/140 2830/3155/156
f 4192/3157/358 2830/3155/156 2831/3158/343
f 4406/3160/183 2831/3158/343 2832/3161/154
f 3770/3163/447 2832/3161/154 2833/3164/153
f 4194/3166/982 2834/3980/25 2835/3167/22
f 4407/3169/21 2835/3167/22 2836/3170/19
f 3771/3172/18 2836/3170/19 2837/3173/16
f 2837/3173/16 2838/3177/11 4090/3176/227
f 2838/3177/11 2839/3180/8 4307/3179/226
f 2839/3180/8 2840/3183/337 3669/3182/224
f 2840/3183/337 2841/3186/145 3887/3185/502
f 2841/3186/145 2842/3189/146 4091/3188/699
f 2843/3191/335 2844/3194/46 4409/3192/983
f 2844/3194/46 2845/3197/43 3888/3196/243
f 2845/3197/43 2846/3200/42 4092/3199/704
f 2846/3200/42 2847/3203/39 4308/3202/40
f 4411/3204/984 2847/3203/39 2848/3205/36
f 3774/3207/787 2848/3205/36 2849/3208/138
f 3993/3210/506 2849/3208/138 2850/3211/28
f 4198/3213/27 2850/3211/28 2851/3214/140
f 3029/3357/167 3030/3360/159 4094/3358/994
f 3030/3360/159 3031/3363/160 4413/3362/995
f 3031/3363/160 3032/3366/161 3775/3365/375
f 3032/3366/161 3033/3369/162 3994/3368/209
f 3033/3369/162 3034/3372/163 4199/3371/996
f 3034/3372/163 3035/3375/49 4414/3374/943
f 3036/3378/168 3029/3357/167 4200/3377/216
f 3037/3381/146 3036/3378/168 3995/3380/677
f 3674/3447/171 3102/3458/152 3103/3448/151
f 3892/3450/442 3103/3448/151 3104/3451/147
f 4098/3453/550 3104/3451/147 3105/3454/25
f 3675/3459/551 3106/3461/153 3102/3458/152
f 3893/3462/447 3107/3464/154 3106/3461/153
f 4099/3465/183 3108/3467/343 3107/3464/154
f 4313/3468/358 3109/3470/344 3108/3467/343
f 3676/3471/360 3110/3981/140 3109/3470/344
f 3895/3472/982 3111/3982/25 3112/3473/22
f 4100/3475/21 3112/3473/22 3113/3476/19
f 4314/3478/18 3113/3476/19 3114/3479/16
f 3114/3479/16 3115/3483/11 3778/3482/389
f 3115/3483/11 3116/3486/8 3998/3485/226
f 3116/3486/8 3117/3489/337 4204/3488/388
f 3117/3489/337 3118/3492/145 4417/3491/502
f 3118/3492/145 3119/3495/146 3779/3494/784
f 3120/3497/49 3121/3500/46 4102/3498/1026
f 3121/3500/46 3122/3503/43 4418/3502/47
f 3122/3503/43 3123/3506/42 3780/3505/44
f 3123/3506/42 3124/3509/39 3999/3508/40
f 4104/3510/38 3124/3509/39 3125/3511/36
f 4317/3513/35 3125/3511/36 3126/3514/138
f 3680/3516/847 3126/3514/138 3127/3517/332
f 3899/3519/27 3127/3517/332 3128/3520/140
f 3301/3663/167 3302/3666/159 4106/3664/994
f 3302/3666/159 3303/3669/160 4420/3668/995
f 3303/3669/160 3304/3672/161 3782/3671/375
f 3304/3672/161 3305/3675/162 4001/3674/209
f 3305/3675/162 3306/3678/163 4206/3677/996
f 3306/3678/163 3307/3681/49 4421/3680/943
f 3308/3684/168 3301/3663/167 4207/3683/383
f 3309/3687/169 3308/3684/168 4002/3686/944
f 3684/3753/171 3374/3764/152 3375/3754/151
f 3902/3756/442 3375/3754/151 3376/3757/147
f 4110/3759/550 3376/3757/147 3377/3760/25
f 3685/3765/179 3378/3767/153 3374/3764/152
f 3903/3768/1049 3379/3770/154 3378/3767/153
f 4111/3771/183 3380/3773/343 3379/3770/154
f 4321/3774/358 3381/3776/344 3380/3773/343
f 3686/3777/187 3382/3983/140 3381/3776/344
f 3905/3778/24 3383/3984/25 3384/3779/22
f 4112/3781/21 3384/3779/22 3385/3782/19
f 4322/3784/18 3385/3782/19 3386/3785/16
f 3386/3785/16 3387/3789/11 3785/3788/900
f 3387/3789/11 3388/3792/8 4005/3791/226
f 3388/3792/8 3389/3795/144 4211/3794/388
f 3389/3795/144 3390/3798/145 4424/3797/502
f 3390/3798/145 3391/3801/146 3786/3800/784
f 3392/3803/49 3393/3806/46 4114/3804/983
f 3393/3806/46 3394/3809/43 4425/3808/47
f 3394/3809/43 3395/3812/42 3787/3811/397
f 3395/3812/42 3396/3815/39 4006/3814/40
f 4116/3816/38 3396/3815/39 3397/3817/36
f 4325/3819/35 3397/3817/36 3398/3820/138
f 3690/3822/506 3398/3820/138 3399/3823/332
f 3909/3825/233 3399/3823/332 3400/3826/140
