# Blender 5.1.1
# www.blender.org
mtllib OuterRoof.mtl
o Circle.019_0
v -5.456841 1.332484 -16.063404
v -5.560081 1.299805 -15.990819
v -5.410170 0.917000 -16.091988
v -5.352540 0.936220 -16.159670
v -5.624472 2.021192 -15.795719
v -5.862794 1.948635 -15.708622
v -5.710929 2.501998 -15.383904
v -6.168608 2.364680 -15.273243
v -5.757709 2.910261 -14.838264
v -6.510601 2.685797 -14.695892
v -5.770532 3.256091 -14.178848
v -6.883134 2.925441 -13.997833
v -6.510601 2.685797 -14.695892
v -5.757709 2.910261 -14.838264
v -5.752621 3.538946 -13.430537
v -7.275619 3.087149 -13.205437
v -5.707129 3.756444 -12.621785
v -7.675432 3.173187 -12.348846
v -5.637697 3.906703 -11.783432
v -8.069103 3.186741 -11.460746
v -3.206296 4.626667 -12.106117
v -3.738825 4.339696 -12.894722
v -4.229619 3.990747 -13.655639
v -4.657929 3.586742 -14.359862
v -5.004821 3.134723 -14.980638
v -5.004821 3.134723 -14.980638
v -5.253249 2.639313 -15.494562
v -5.386154 2.093753 -15.882810
v -5.353605 1.365168 -16.135986
v -5.294915 0.955440 -16.227352
v -4.146436 4.267839 -9.740737
v -8.663563 1.337618 -6.912495
v -8.619626 1.817860 -7.635512
v -8.186287 1.920383 -6.974609
v -8.663563 1.337618 -6.912495
v -8.220603 2.320898 -8.012771
v -7.560543 2.478846 -7.055741
v -7.732816 2.783115 -8.447191
v -6.814096 3.004288 -7.152314
v -7.177486 3.195224 -8.921776
v -5.978103 3.485006 -7.260312
v -6.577836 3.547875 -9.418047
v -5.086574 3.909011 -7.375352
v -8.376864 2.905439 -10.583241
v -8.651538 2.561938 -9.742067
v -8.880661 2.162953 -8.969797
v -9.052969 1.715339 -8.296411
v -9.052969 1.715339 -8.296411
v -8.619626 1.817860 -7.635512
v 4.406732 4.263207 -17.651320
v 4.293822 4.232379 -17.708725
v 4.499110 3.863002 -17.734522
v 4.584739 3.887278 -17.715824
v 4.020815 4.891697 -17.477686
v 3.827121 4.841445 -17.649740
v 3.579882 5.274709 -17.218616
v 3.254996 5.192916 -17.576841
v 3.827121 4.841445 -17.649740
v 4.020815 4.891697 -17.477686
v 3.056061 5.551369 -16.878532
v 2.554614 5.427132 -17.487310
v 3.254996 5.192916 -17.576841
v 3.579882 5.274709 -17.218616
v 2.461962 5.736840 -16.469585
v 1.745380 5.560883 -17.383659
v 1.816699 5.836739 -16.007034
v 0.854671 5.601782 -17.269417
v 1.142601 5.855720 -15.508343
v -0.085751 5.556734 -17.148666
v 0.463684 5.799527 -14.992452
v -1.041639 5.433963 -17.025812
v 1.969006 6.165096 -12.959086
v 2.370954 6.154701 -13.868023
v 2.778726 6.071701 -14.744652
v 3.178543 5.912795 -15.555513
v 3.557508 5.675609 -16.269754
v 3.904774 5.356503 -16.860382
v 3.904774 5.356503 -16.860382
v 4.214512 4.941953 -17.305634
v 4.214512 4.941953 -17.305634
v 4.519642 4.294043 -17.593910
v 4.670367 3.911554 -17.697132
v -0.477314 5.441074 -12.644486
v -4.978183 1.485581 -16.443233
v -5.070944 1.455553 -16.359756
v -5.012254 1.045826 -16.451120
v -4.936108 1.069413 -16.490236
v -4.961517 2.233221 -16.321444
v -5.103492 2.184139 -16.106579
v -4.748691 2.809722 -16.146557
v -4.970588 2.729698 -15.718328
v -5.103492 2.184139 -16.106579
v -4.961517 2.233221 -16.321444
v -4.392704 3.346778 -15.919766
v -4.722160 3.225108 -15.204407
v -4.970588 2.729698 -15.718328
v -4.748691 2.809722 -16.146557
v -3.914756 3.849540 -15.648870
v -4.375269 3.677128 -14.583630
v -3.336926 4.311443 -15.343815
v -3.946958 4.081134 -13.879406
v -2.683889 4.723211 -15.016020
v -3.456164 4.430082 -13.118490
v -1.982633 5.075507 -14.677853
v -2.923631 4.717054 -12.329886
v -1.911613 5.016336 -16.913548
v -2.726891 4.541750 -16.808218
v -3.454243 4.021954 -16.714104
v -4.063248 3.468451 -16.635128
v -4.526789 2.889750 -16.574780
v -4.526789 2.889750 -16.574780
v -4.819537 2.282300 -16.536310
v -4.819537 2.282300 -16.536310
v -4.885421 1.515609 -16.526714
v -4.859967 1.093003 -16.529354
v 10.746903 5.819140 -9.538855
v 10.737231 5.820995 -9.668849
v 10.907972 5.438432 -9.607694
v 10.935975 5.443489 -9.521314
v 10.328204 6.446803 -9.608219
v 10.372828 6.469111 -9.867365
v 9.834040 6.828473 -9.743745
v 9.966834 6.883995 -10.212632
v 9.238578 7.103326 -9.934710
v 9.490020 7.203549 -10.685858
v 8.557183 7.286594 -10.172838
v 8.953202 7.441289 -11.267929
v 9.490020 7.203549 -10.685858
v 9.238578 7.103326 -9.934710
v 7.812330 7.383984 -10.448535
v 8.373298 7.600827 -11.936018
v 7.030168 7.400239 -10.750887
v 7.770118 7.684510 -12.664145
v 6.238871 7.341213 -11.068055
v 7.164952 7.695615 -13.424102
v 5.312790 6.986816 -8.712004
v 6.290222 7.115965 -8.837629
v 7.251360 7.167143 -8.961049
v 8.161161 7.131899 -9.077751
v 8.987137 7.003101 -9.183557
v 9.834040 6.828473 -9.743745
v 9.701250 6.772951 -9.274858
v 9.701250 6.772951 -9.274858
v 10.283584 6.424499 -9.349070
v 10.756570 5.817290 -9.408866
v 10.963980 5.448546 -9.434934
v 3.806607 6.621622 -10.762785
v 4.967709 4.417836 -17.405783
v 4.851066 4.385376 -17.448395
v 5.001790 4.002889 -17.551609
v 5.073069 4.021882 -17.502182
v 4.796931 5.105613 -17.137688
v 4.545937 5.033287 -17.160114
v 4.705375 5.584903 -16.725214
v 4.236198 5.447839 -16.714867
v 4.651726 5.991134 -16.178696
v 3.888931 5.766943 -16.124237
v 4.630534 6.334488 -15.518202
v 3.509966 6.004130 -15.409993
v 3.888931 5.766943 -16.124237
v 4.651726 5.991134 -16.178696
v 4.638905 6.614523 -14.768662
v 3.110149 6.163035 -14.599131
v 4.674036 6.828950 -13.958570
v 2.702378 6.246036 -13.722502
v 4.732690 6.976019 -13.118835
v 2.300429 6.256430 -12.813570
v 6.645695 7.411861 -14.194639
v 6.167657 7.066006 -14.938189
v 5.751109 6.664848 -15.626411
v 5.414523 6.215333 -16.233152
v 5.414523 6.215333 -16.233152
v 5.174551 5.721971 -16.735567
v 5.047933 5.177936 -17.115261
v 5.084349 4.450294 -17.363173
v 5.144345 4.040873 -17.452763
v 11.216987 5.497118 -8.740919
v 11.108785 5.893296 -8.670608
v 10.970309 5.852249 -8.650809
v 11.174691 5.484600 -8.735474
v 10.929632 6.581620 -8.479796
v 10.506323 6.456052 -8.417494
v 10.824521 7.061615 -8.192830
v 9.938663 6.798812 -8.061505
v 10.752653 7.468728 -7.815215
v 9.244306 7.021232 -7.590998
v 10.709277 7.813108 -7.360534
v 8.442430 7.140557 -7.023130
v 10.709277 7.813108 -7.360534
v 10.692338 8.094283 -6.845805
v 7.560125 7.164980 -6.379268
v 8.442430 7.140557 -7.023130
v 10.700021 8.309930 -6.290503
v 6.628835 7.102025 -5.683848
v 5.909305 6.994506 -5.136070
v 10.730138 8.458243 -5.715733
v 5.911445 7.005057 -5.095186
v 10.846183 8.311623 -5.151560
v 6.754187 7.103477 -4.707033
v 5.919702 6.994627 -5.055050
v 10.979043 8.097609 -4.611680
v 7.830874 7.168116 -4.269487
v 11.125507 7.817930 -4.117086
v 8.847176 7.145247 -3.869202
v 11.282413 7.474870 -3.687086
v 9.766498 7.027281 -3.521863
v 8.847176 7.145247 -3.869202
v 11.125507 7.817930 -4.117086
v 11.447454 7.068835 -3.338665
v 10.557237 6.805976 -3.241283
v 11.621800 6.589637 -3.086135
v 11.196523 6.464047 -3.039165
v 11.843583 5.901817 -2.944730
v 11.704616 5.860755 -2.928797
v 11.966186 5.505796 -2.902859
v 11.923890 5.493279 -2.897412
v 12.100747 5.507356 -1.854286
v 11.992545 5.903534 -1.783978
v 11.854071 5.862487 -1.764180
v 12.058453 5.494837 -1.848838
v 11.813394 6.591857 -1.593166
v 11.390084 6.466290 -1.530864
v 11.708282 7.071853 -1.306199
v 10.822426 6.809050 -1.174875
v 11.636414 7.478966 -0.928585
v 10.128067 7.031469 -0.704369
v 11.593038 7.823346 -0.473904
v 9.326193 7.150795 -0.136501
v 11.593038 7.823346 -0.473904
v 11.576100 8.104521 0.040825
v 8.443887 7.175217 0.507361
v 9.326193 7.150795 -0.136501
v 11.583780 8.320167 0.596128
v 7.512593 7.112262 1.202781
v 6.793064 7.004744 1.750561
v 11.613898 8.468481 1.170897
v 6.795207 7.015294 1.791451
v 11.729942 8.321860 1.735070
v 7.637949 7.113715 2.179598
v 6.803462 7.004864 1.831580
v 11.862804 8.107846 2.274950
v 8.714636 7.178354 2.617144
v 12.009270 7.828167 2.769545
v 9.730934 7.155484 3.017427
v 12.166176 7.485107 3.199545
v 10.650260 7.037519 3.364767
v 9.730934 7.155484 3.017427
v 12.009270 7.828167 2.769545
v 12.331215 7.079072 3.547966
v 11.440999 6.816215 3.645347
v 12.505561 6.599875 3.800497
v 12.080284 6.474285 3.847465
v 12.727346 5.912055 3.941901
v 12.588375 5.870993 3.957834
v 12.849945 5.516034 3.983772
v 12.807652 5.503516 3.989218
v -8.613726 1.307874 -5.672516
v -8.059890 1.899721 -5.362737
v -7.340847 2.469192 -4.990719
v -7.340847 2.469192 -4.990719
v -6.487950 3.007180 -4.570298
v -5.536442 3.501477 -4.117326
v -4.765142 3.845115 -3.720361
v -4.767284 3.834563 -3.761246
v -4.756887 3.834684 -3.680226
v -5.411088 3.502928 -3.140511
v -6.217201 3.010316 -2.460517
v -6.936103 2.473881 -1.836790
v -6.936103 2.473881 -1.836790
v -7.537698 1.905770 -1.293604
v -7.995141 1.315042 -0.852294
v -7.176128 1.909958 1.523892
v -6.457086 2.479430 1.895910
v -6.457086 2.479430 1.895910
v -5.604189 3.017417 2.316333
v -4.652681 3.511714 2.769302
v -3.881381 3.855352 3.166273
v -3.883524 3.844801 3.125384
v -3.873127 3.844921 3.206404
v -4.527327 3.513166 3.746119
v -5.333440 3.020554 4.426113
v -6.052343 2.484118 5.049839
v -6.052343 2.484118 5.049839
v -6.653936 1.916007 5.593027
v 11.846858 5.458295 -2.548128
v 11.636264 5.826225 -2.521649
v 11.618909 5.828032 -2.712833
v 11.838185 5.460554 -2.681445
v 11.153871 6.430851 -2.460642
v 11.110818 6.431324 -2.823196
v 10.556321 6.774948 -2.384470
v 10.471532 6.773253 -3.025315
v 10.556321 6.774948 -2.384470
v 9.821744 6.999169 -2.290536
v 9.680794 6.994557 -3.305901
v 10.471532 6.773253 -3.025315
v 8.970857 7.120690 -2.181522
v 8.761468 7.112524 -3.653240
v 8.032628 7.147614 -2.061159
v 7.745167 7.135393 -4.053524
v 7.040660 7.087375 -1.933770
v 6.668483 7.070754 -4.491070
v 6.205823 7.077704 -8.439171
v 6.491429 7.068703 -5.870723
v 5.881451 6.978533 -5.402136
v 5.501606 6.979960 -8.348654
v 11.012019 5.448624 -9.053529
v 11.037291 5.451276 -8.922349
v 10.832906 5.818926 -8.837685
v 10.801425 5.816555 -9.027050
v 10.368921 6.422730 -8.604369
v 10.319032 6.421180 -8.966043
v 9.801256 6.765489 -8.248381
v 9.721484 6.765277 -8.889872
v 9.721484 6.765277 -8.889872
v 9.801256 6.765489 -8.248381
v 9.106905 6.987910 -7.777873
v 8.986906 6.989499 -8.795937
v 8.305028 7.107235 -7.210011
v 8.136019 7.111019 -8.686923
v 7.422723 7.131658 -6.566148
v 7.197792 7.137943 -8.566560
v 6.334462 6.989365 -1.842998
v 5.957864 6.979156 -4.791047
v 12.502667 5.838270 4.173799
v 11.994579 6.441562 4.063435
v 11.355293 6.783491 3.861310
v 10.564554 7.004795 3.580730
v 11.355293 6.783491 3.861310
v 9.645232 7.122761 3.233391
v 8.628929 7.145631 2.833106
v 7.552241 7.080991 2.395560
v 7.089582 7.087942 -1.552541
v 7.375192 7.078940 1.015908
v 6.765213 6.988770 1.484494
v 6.385368 6.990198 -1.462024
v 11.895780 5.458861 -2.166898
v 11.921052 5.461514 -2.035719
v 11.716668 5.829165 -1.951056
v 11.685188 5.826793 -2.140419
v 11.252681 6.432968 -1.717738
v 11.202794 6.431417 -2.079413
v 10.685017 6.775726 -1.361751
v 10.605246 6.775515 -2.003242
v 10.605246 6.775515 -2.003242
v 10.685017 6.775726 -1.361751
v 9.990667 6.998147 -0.891242
v 9.870668 6.999736 -1.909306
v 9.188789 7.117473 -0.323380
v 9.019780 7.121257 -1.800293
v 8.306484 7.141895 0.320489
v 8.081553 7.148180 -1.679930
v 6.841625 6.989394 2.095583
v -7.857693 1.348364 -0.665061
v -7.777922 1.348576 -0.023571
v -7.777922 1.348576 -0.023571
v -7.857693 1.348364 -0.665061
v -7.400250 1.939092 -1.106377
v -7.280251 1.937503 -0.088312
v -6.798656 2.507203 -1.649563
v -6.629644 2.503420 -0.172647
v -6.079755 3.043640 -2.273289
v -5.854822 3.037354 -0.272872
v -5.273641 3.536252 -2.953284
v -4.988032 3.527250 -0.384837
v -5.822870 3.517579 -6.890237
v -5.178028 3.819117 -6.973438
v -4.798182 3.817689 -4.026920
v -5.450692 3.534200 -4.332937
v -8.612759 1.338905 -6.528972
v -8.527970 1.340600 -5.888126
v -8.612759 1.338905 -6.528972
v -8.115088 1.927833 -6.593713
v -7.974138 1.932444 -5.578347
v -8.527970 1.340600 -5.888126
v -7.464483 2.493749 -6.678047
v -7.255096 2.501916 -5.206334
v -6.689660 3.027683 -6.778274
v -6.402200 3.039904 -4.785913
v -4.717979 3.819435 -3.416320
v -4.341381 3.829642 -0.468270
v -6.516489 1.949330 5.780255
v -5.914895 2.517440 5.237068
v -5.195993 3.053877 4.613342
v -4.389879 3.546489 3.933347
v -4.939109 3.527816 -0.003607
v -4.294267 3.829354 -0.086807
v -3.914422 3.827926 2.859709
v -4.566930 3.544439 2.553694
v -7.728997 1.349142 0.357658
v -7.644208 1.350837 0.998505
v -7.728997 1.349142 0.357658
v -7.231328 1.938070 0.292916
v -7.090377 1.942681 1.308283
v -7.644208 1.350837 0.998505
v -6.580723 2.503987 0.208583
v -6.371336 2.512153 1.680296
v -5.805900 3.037920 0.108356
v -5.518438 3.050142 2.100720
v -3.834219 3.829672 3.470311
v -5.381842 0.936740 -16.193085
v -5.439198 0.916055 -16.125626
v -5.584537 1.304383 -16.027651
v -5.482172 1.337625 -16.099562
v -5.881385 1.966971 -15.744587
v -5.643616 2.038859 -15.831726
v -6.184472 2.394345 -15.302285
v -5.727056 2.531078 -15.413391
v -6.525367 2.721301 -14.718181
v -5.772596 2.945334 -14.861149
v -5.772596 2.945334 -14.861149
v -6.525367 2.721301 -14.718181
v -6.897323 2.964146 -14.014446
v -5.784795 3.294500 -14.196070
v -7.289395 3.127696 -13.217316
v -5.766449 3.579303 -13.443000
v -7.688850 3.214835 -12.356633
v -5.720600 3.797962 -12.630132
v -8.083930 3.228631 -11.460281
v -5.650607 3.949159 -11.785885
v -3.752235 4.381375 -12.902378
v -3.219201 4.669125 -12.108567
v -4.243390 4.031367 -13.667297
v -4.672111 3.625595 -14.376123
v -5.019607 3.170558 -15.002373
v -5.269231 2.669678 -15.522806
v -5.019607 3.170558 -15.002373
v -5.405187 2.113138 -15.917983
v -5.379074 1.371606 -16.171837
v -5.324419 0.957197 -16.260548
v -4.158860 4.310484 -9.739206
v -8.697330 1.361183 -6.895775
v -8.697330 1.361183 -6.895775
v -8.215382 1.950754 -6.960238
v -8.649481 1.847216 -7.620607
v -7.585828 2.513458 -7.044008
v -8.246539 2.354851 -8.000532
v -6.836169 3.041732 -7.143044
v -7.755445 2.820108 -8.437477
v -5.997328 3.524464 -7.253315
v -7.197203 3.234357 -8.914375
v -5.102007 3.950504 -7.371435
v -6.593277 3.589365 -9.414128
v -8.396183 2.944833 -10.576165
v -8.673752 2.599267 -9.732672
v -8.906170 2.197335 -8.957863
v -9.082377 1.745255 -8.281734
v -8.649481 1.847216 -7.620607
v -9.082377 1.745255 -8.281734
v 4.596813 3.900117 -17.756626
v 4.511677 3.874441 -17.775585
v 4.310939 4.249090 -17.746181
v 4.422756 4.280454 -17.689016
v 3.845240 4.870213 -17.678360
v 4.038749 4.919923 -17.506960
v 4.038749 4.919923 -17.506960
v 3.845240 4.870213 -17.678360
v 3.267624 5.230556 -17.596819
v 3.592806 5.311933 -17.239180
v 3.592806 5.311933 -17.239180
v 3.267624 5.230556 -17.596819
v 2.561579 5.468675 -17.501490
v 3.063504 5.592654 -16.893215
v 1.747575 5.604126 -17.393688
v 2.464658 5.779948 -16.480053
v 0.852942 5.645658 -17.276258
v 1.815451 5.880574 -16.014265
v -0.090821 5.600687 -17.152878
v 1.137985 5.899683 -15.512917
v -1.054387 5.476518 -17.026997
v 0.454348 5.842969 -14.993361
v 2.365779 6.198652 -13.872156
v 1.959666 6.208536 -12.959996
v 2.776813 6.115596 -14.751354
v 3.180431 5.956100 -15.565322
v 3.563966 5.717348 -16.283581
v 3.916599 5.394657 -16.879871
v 4.231628 4.971624 -17.333954
v 3.916599 5.394657 -16.879871
v 4.535198 4.312486 -17.631235
v 4.231628 4.971624 -17.333954
v 4.682016 3.925566 -17.737667
v -0.489738 5.483718 -12.642956
v -4.962506 1.070886 -16.525959
v -5.038869 1.048526 -16.486614
v -5.102342 1.460108 -16.390882
v -5.009400 1.488862 -16.474697
v -5.139992 2.197942 -16.127850
v -4.998130 2.245312 -16.343548
v -4.998130 2.245312 -16.343548
v -5.139992 2.197942 -16.127850
v -5.005224 2.754092 -15.731763
v -4.783963 2.832682 -16.160824
v -4.783963 2.832682 -16.160824
v -5.005224 2.754092 -15.731763
v -4.753020 3.255804 -15.213392
v -4.424319 3.376501 -15.929375
v -4.402317 3.711866 -14.589693
v -3.942505 3.883638 -15.655392
v -3.970509 4.118620 -13.883318
v -3.361100 4.348489 -15.348080
v -3.476493 4.469547 -13.120663
v -2.704782 4.762355 -15.018486
v -2.939553 4.758547 -12.329944
v -1.998562 5.116998 -14.677908
v -1.932043 5.055741 -16.915773
v -2.750609 4.579122 -16.812214
v -3.481551 4.056465 -16.720312
v -4.094490 3.498690 -16.644341
v -4.561906 2.913266 -16.588524
v -4.856434 2.294807 -16.557705
v -4.561906 2.913266 -16.588524
v -4.917181 1.517890 -16.557718
v -4.856434 2.294807 -16.557705
v -4.886081 1.093032 -16.565317
v 10.975245 5.463042 -9.528439
v 10.947877 5.456621 -9.614912
v 10.776021 5.842687 -9.669131
v 10.785249 5.841578 -9.540028
v 10.403515 6.500222 -9.859278
v 10.359396 6.477572 -9.600757
v 9.986405 6.922577 -10.202462
v 9.854312 6.866741 -9.733740
v 9.501290 7.245502 -10.676455
v 9.250559 7.145065 -9.925232
v 9.250559 7.145065 -9.925232
v 9.501290 7.245502 -10.676455
v 8.958258 7.484719 -11.259950
v 8.562890 7.329911 -10.164700
v 8.373509 7.644790 -11.929523
v 7.813129 7.427915 -10.441848
v 7.766321 7.728500 -12.659077
v 7.026919 7.444246 -10.745616
v 7.154630 7.738838 -13.424222
v 6.230066 7.384667 -11.064987
v 6.286303 7.159953 -8.832608
v 5.303984 7.030269 -8.708941
v 7.251360 7.211126 -8.954635
v 8.165863 7.175387 -9.069901
v 8.997818 7.045245 -9.174349
v 9.719934 6.812047 -9.264977
v 9.854312 6.866741 -9.733740
v 10.313384 6.456574 -9.341434
v 9.719934 6.812047 -9.264977
v 10.794230 5.840871 -9.409925
v 11.002678 5.469237 -9.441978
v 3.794183 6.664266 -10.761253
v 5.088545 4.035680 -17.541500
v 5.016823 4.017852 -17.590668
v 4.859674 4.401919 -17.488735
v 4.976829 4.433201 -17.446476
v 4.542597 5.057325 -17.197350
v 4.794405 5.128213 -17.175873
v 4.226208 5.479973 -16.743896
v 4.695889 5.615955 -16.755568
v 3.876601 5.803504 -16.146292
v 4.639617 6.027030 -16.201937
v 4.639617 6.027030 -16.201937
v 3.876601 5.803504 -16.146292
v 3.496829 6.043292 -15.426393
v 4.617476 6.373254 -15.535572
v 3.096814 6.203778 -14.610851
v 4.625571 6.655023 -14.781189
v 2.689119 6.287759 -13.730183
v 4.660749 6.870523 -13.966948
v 2.287567 6.298900 -12.816019
v 4.719828 7.018489 -13.121294
v 6.632432 7.453555 -14.202446
v 6.154315 7.106685 -14.950123
v 5.737975 6.703866 -15.643156
v 5.402225 6.251572 -16.255756
v 5.164656 5.753412 -16.765373
v 5.402225 6.251572 -16.255756
v 5.044617 5.200821 -17.153219
v 5.092900 4.464685 -17.404343
v 5.160326 4.053291 -17.492329
v 11.166961 5.490241 -8.778872
v 10.961806 5.860169 -8.693706
v 11.100408 5.900852 -8.713596
v 11.209259 5.502759 -8.784320
v 10.495534 6.472690 -8.457269
v 10.919249 6.596532 -8.520355
v 9.925978 6.824627 -8.095383
v 10.812169 7.085626 -8.228131
v 9.230698 7.053207 -7.618707
v 10.739239 7.499190 -7.844667
v 8.428467 7.176731 -7.044859
v 10.695380 7.848143 -7.384093
v 8.428467 7.176731 -7.044859
v 7.546157 7.203973 -6.395371
v 10.678341 8.132476 -6.863714
v 10.695380 7.848143 -7.384093
v 6.615102 7.142893 -5.694640
v 10.686188 8.350258 -6.303055
v 10.717499 8.500825 -5.714174
v 5.895631 7.035624 -5.145964
v 5.898807 7.047634 -5.093627
v 6.743610 7.144382 -4.693248
v 10.835952 8.351993 -5.136040
v 5.908955 7.035778 -5.042149
v 7.821408 7.207162 -4.250492
v 10.970006 8.135859 -4.590928
v 8.839134 7.181487 -3.844763
v 11.117996 7.853038 -4.090888
v 11.117996 7.853038 -4.090888
v 8.839134 7.181487 -3.844763
v 9.760317 7.059342 -3.491715
v 11.276865 7.505420 -3.655290
v 10.553515 6.831897 -3.205373
v 11.444407 7.092954 -3.301458
v 11.196117 6.480804 -2.997998
v 11.621987 6.604676 -3.044311
v 11.707216 5.868804 -2.885167
v 11.846329 5.909500 -2.901041
v 11.927363 5.499049 -2.853478
v 11.969662 5.511568 -2.858930
v 12.050722 5.500479 -1.892242
v 11.845566 5.870407 -1.807076
v 11.984168 5.911089 -1.826964
v 12.093019 5.512996 -1.897690
v 11.379294 6.482927 -1.570639
v 11.803012 6.606770 -1.633725
v 10.809740 6.834865 -1.208754
v 11.695928 7.095863 -1.341501
v 10.114462 7.063445 -0.732073
v 11.623000 7.509429 -0.958039
v 9.312227 7.186968 -0.158229
v 11.579141 7.858380 -0.497462
v 9.312227 7.186968 -0.158229
v 8.429917 7.214211 0.491258
v 11.562103 8.142714 0.022917
v 11.579141 7.858380 -0.497462
v 7.498862 7.153130 1.191990
v 11.569949 8.360496 0.583573
v 11.601258 8.511062 1.172458
v 6.779393 7.045861 1.740666
v 6.782568 7.057872 1.793008
v 7.627370 7.154619 2.193382
v 11.719712 8.362230 1.750591
v 6.792714 7.046015 1.844482
v 8.705171 7.217400 2.636138
v 11.853767 8.146097 2.295703
v 9.722895 7.191725 3.041867
v 12.001757 7.863275 2.795742
v 12.001757 7.863275 2.795742
v 9.722895 7.191725 3.041867
v 10.644076 7.069580 3.394916
v 12.160625 7.515657 3.231339
v 11.437275 6.842134 3.681257
v 12.328169 7.103192 3.585174
v 12.079879 6.491042 3.888631
v 12.505748 6.614914 3.842317
v 12.590979 5.879042 4.001464
v 12.730091 5.919737 3.985589
v 12.811125 5.509286 4.033152
v 12.853424 5.521805 4.027699
v -8.625175 1.334053 -5.706552
v -8.072453 1.932003 -5.390581
v -7.353975 2.505611 -5.012555
v -6.501276 3.046365 -4.586485
v -7.353975 2.505611 -5.012555
v -5.549727 3.542477 -4.128175
v -4.777349 3.887819 -3.718859
v -4.780542 3.875803 -3.771194
v -5.421218 3.543966 -3.126784
v -4.767220 3.875957 -3.667378
v -6.226024 3.049554 -2.441605
v -6.943307 2.510368 -1.812457
v -7.542837 1.938138 -1.263588
v -6.943307 2.510368 -1.812457
v -7.997638 1.341322 -0.816541
v -7.188692 1.942241 1.496054
v -6.470214 2.515848 1.874075
v -5.617516 3.056602 2.300144
v -6.470214 2.515848 1.874075
v -4.665966 3.552714 2.758455
v -3.893588 3.898056 3.167776
v -3.896781 3.886041 3.115438
v -4.537457 3.554203 3.759848
v -3.883459 3.886194 3.219253
v -5.342263 3.059791 4.445024
v -6.059546 2.520607 5.074172
v -6.659076 1.948377 5.623041
v -6.059546 2.520607 5.074172
v 11.876487 5.482924 -2.684238
v 11.655127 5.853583 -2.716094
v 11.672672 5.851506 -2.524876
v 11.885159 5.480665 -2.550921
v 11.138175 6.466203 -2.826401
v 11.182373 6.464796 -2.463925
v 10.487638 6.814615 -3.027561
v 10.573634 6.815814 -2.386837
v 10.487638 6.814615 -3.027561
v 9.689209 7.038172 -3.307271
v 9.831170 7.042572 -2.292029
v 10.573634 6.815814 -2.386837
v 8.764335 7.156871 -3.653893
v 8.974529 7.164976 -2.182287
v 7.743772 7.179812 -4.053594
v 8.031898 7.192050 -2.061323
v 6.663582 7.114927 -4.490632
v 7.036339 7.131607 -1.933420
v 5.495648 7.023996 -8.347852
v 5.875496 7.022564 -5.401335
v 6.486561 7.112875 -5.870043
v 6.201537 7.121937 -8.438548
v 10.837461 5.841831 -9.033195
v 10.868766 5.844473 -8.843749
v 11.075047 5.473641 -8.929382
v 11.049779 5.470988 -9.060562
v 10.347428 6.455124 -8.970168
v 10.396190 6.457608 -8.608278
v 9.738818 6.806144 -8.892072
v 9.817393 6.806850 -8.250397
v 8.996387 7.032902 -8.796998
v 9.115377 7.031524 -7.778801
v 9.817393 6.806850 -8.250397
v 9.738818 6.806144 -8.892072
v 8.139749 7.155306 -8.687239
v 8.307951 7.151584 -7.210227
v 7.197108 7.182380 -8.566346
v 7.421374 7.176076 -6.565852
v 5.951880 7.023193 -4.790449
v 6.328480 7.033401 -1.842399
v 12.538885 5.863821 4.170536
v 12.021938 6.476440 4.060228
v 11.371401 6.824852 3.859070
v 11.371401 6.824852 3.859070
v 10.572970 7.048409 3.579362
v 9.648096 7.167109 3.232738
v 8.627533 7.190049 2.833035
v 7.547342 7.125164 2.395997
v 6.379410 7.034234 -1.461221
v 6.759256 7.032802 1.485295
v 7.370322 7.123114 1.016587
v 7.085298 7.132174 -1.551919
v 11.721221 5.852068 -2.146564
v 11.752526 5.854712 -1.957120
v 11.958808 5.483878 -2.042752
v 11.933537 5.481225 -2.173932
v 11.231191 6.465362 -2.083533
v 11.279949 6.467845 -1.721649
v 10.622579 6.816381 -2.005441
v 10.701155 6.817089 -1.363766
v 9.880150 7.043139 -1.910368
v 9.999139 7.041762 -0.892172
v 10.701155 6.817089 -1.363766
v 10.622579 6.816381 -2.005441
v 9.023510 7.165544 -1.800609
v 9.191711 7.161822 -0.323597
v 8.080871 7.192617 -1.679716
v 8.305135 7.186315 0.320778
v 6.835641 7.033430 2.096181
v -7.814425 1.373512 -0.019009
v -7.893458 1.374374 -0.660627
v -7.311514 1.968864 -0.084567
v -7.430779 1.971180 -1.102730
v -7.893458 1.374374 -0.660627
v -7.814425 1.373512 -0.019009
v -6.656544 2.538658 -0.169474
v -6.824908 2.542933 -1.646466
v -5.878089 3.075120 -0.270136
v -6.102449 3.081755 -2.270618
v -5.008157 3.566806 -0.382451
v -5.293243 3.576073 -2.950952
v -5.470263 3.574022 -4.330364
v -4.816768 3.857982 -4.024493
v -5.196615 3.859414 -6.971009
v -5.842959 3.557136 -6.887579
v -8.563705 1.366611 -5.883463
v -8.649241 1.363842 -6.524241
v -8.563705 1.366611 -5.883463
v -8.004611 1.964532 -5.574260
v -8.146296 1.959194 -6.589535
v -8.649241 1.363842 -6.524241
v -7.281291 2.537646 -5.202800
v -7.491323 2.528988 -6.674426
v -6.424848 3.078020 -4.782875
v -6.712878 3.065450 -6.775157
v -4.359993 3.869939 -0.466043
v -4.736593 3.859733 -3.414094
v -6.547018 1.981417 5.783900
v -5.941146 2.553170 5.240165
v -5.218689 3.091993 4.616011
v -4.409482 3.586310 3.935677
v -4.586502 3.584260 2.556266
v -3.933007 3.868219 2.862139
v -4.312854 3.869651 -0.084378
v -4.959198 3.567373 -0.000949
v -7.679944 1.376848 1.003168
v -7.765482 1.374079 0.362389
v -7.679944 1.376848 1.003168
v -7.120850 1.974770 1.312368
v -7.262536 1.969432 0.297095
v -7.765482 1.374079 0.362389
v -6.397532 2.547883 1.683829
v -6.607564 2.539225 0.212206
v -5.541086 3.088258 2.103755
v -5.829117 3.075687 0.111472
v -3.852832 3.869970 3.472536
v -5.386154 2.093753 -15.882810
v -5.353605 1.365168 -16.135986
v -5.379074 1.371606 -16.171837
v -5.405187 2.113138 -15.917983
v -5.004821 3.134723 -14.980638
v -5.253249 2.639313 -15.494562
v -5.269231 2.669678 -15.522806
v -5.019607 3.170558 -15.002373
v -4.229619 3.990747 -13.655639
v -4.657929 3.586742 -14.359862
v -4.672111 3.625595 -14.376123
v -4.243390 4.031367 -13.667297
v -5.294915 0.955440 -16.227352
v -5.324419 0.957197 -16.260548
v -5.004821 3.134723 -14.980638
v -5.019607 3.170558 -15.002373
v -3.738825 4.339696 -12.894722
v -3.752235 4.381375 -12.902378
v -3.206296 4.626667 -12.106117
v -3.219201 4.669125 -12.108567
v -8.376864 2.905439 -10.583241
v -8.651538 2.561938 -9.742067
v -8.673752 2.599267 -9.732672
v -8.396183 2.944833 -10.576165
v -8.880661 2.162953 -8.969797
v -9.052969 1.715339 -8.296411
v -9.082377 1.745255 -8.281734
v -8.906170 2.197335 -8.957863
v -5.560081 1.299805 -15.990819
v -5.862794 1.948635 -15.708622
v -5.881385 1.966971 -15.744587
v -5.584537 1.304383 -16.027651
v -6.168608 2.364680 -15.273243
v -6.510601 2.685797 -14.695892
v -6.525367 2.721301 -14.718181
v -6.184472 2.394345 -15.302285
v -6.883134 2.925441 -13.997833
v -7.275619 3.087149 -13.205437
v -7.289395 3.127696 -13.217316
v -6.897323 2.964146 -14.014446
v -9.052969 1.715339 -8.296411
v -9.082377 1.745255 -8.281734
v -5.410170 0.917000 -16.091988
v -5.439198 0.916055 -16.125626
v -6.510601 2.685797 -14.695892
v -6.525367 2.721301 -14.718181
v -7.675432 3.173187 -12.348846
v -7.688850 3.214835 -12.356633
v -8.069103 3.186741 -11.460746
v -8.083930 3.228631 -11.460281
v -8.663563 1.337618 -6.912495
v -8.186287 1.920383 -6.974609
v -8.215382 1.950754 -6.960238
v -8.697330 1.361183 -6.895775
v -7.560543 2.478846 -7.055741
v -6.814096 3.004288 -7.152314
v -6.836169 3.041732 -7.143044
v -7.585828 2.513458 -7.044008
v -8.663563 1.337618 -6.912495
v -8.697330 1.361183 -6.895775
v -5.978103 3.485006 -7.260312
v -5.997328 3.524464 -7.253315
v -5.086574 3.909011 -7.375352
v -5.102007 3.950504 -7.371435
v -5.086574 3.909011 -7.375352
v -4.146436 4.267839 -9.740737
v -4.158860 4.310484 -9.739206
v -5.102007 3.950504 -7.371435
v -3.206296 4.626667 -12.106117
v -3.219201 4.669125 -12.108567
v -5.352540 0.936220 -16.159670
v -5.410170 0.917000 -16.091988
v -5.439198 0.916055 -16.125626
v -5.381842 0.936740 -16.193085
v -5.294915 0.955440 -16.227352
v -5.324419 0.957197 -16.260548
v 4.214512 4.941953 -17.305634
v 4.519642 4.294043 -17.593910
v 4.535198 4.312486 -17.631235
v 4.231628 4.971624 -17.333954
v 3.557508 5.675609 -16.269754
v 3.904774 5.356503 -16.860382
v 3.916599 5.394657 -16.879871
v 3.563966 5.717348 -16.283581
v 2.778726 6.071701 -14.744652
v 3.178543 5.912795 -15.555513
v 3.180431 5.956100 -15.565322
v 2.776813 6.115596 -14.751354
v 4.670367 3.911554 -17.697132
v 4.682016 3.925566 -17.737667
v 3.904774 5.356503 -16.860382
v 4.214512 4.941953 -17.305634
v 4.231628 4.971624 -17.333954
v 3.916599 5.394657 -16.879871
v 2.370954 6.154701 -13.868023
v 2.365779 6.198652 -13.872156
v 1.969006 6.165096 -12.959086
v 1.959666 6.208536 -12.959996
v -1.911613 5.016336 -16.913548
v -2.726891 4.541750 -16.808218
v -2.750609 4.579122 -16.812214
v -1.932043 5.055741 -16.915773
v -3.454243 4.021954 -16.714104
v -4.063248 3.468451 -16.635128
v -4.094490 3.498690 -16.644341
v -3.481551 4.056465 -16.720312
v -4.526789 2.889750 -16.574780
v -4.819537 2.282300 -16.536310
v -4.856434 2.294807 -16.557705
v -4.561906 2.913266 -16.588524
v -4.885421 1.515609 -16.526714
v -4.859967 1.093003 -16.529354
v -4.886081 1.093032 -16.565317
v -4.917181 1.517890 -16.557718
v 4.293822 4.232379 -17.708725
v 3.827121 4.841445 -17.649740
v 3.845240 4.870213 -17.678360
v 4.310939 4.249090 -17.746181
v 3.254996 5.192916 -17.576841
v 2.554614 5.427132 -17.487310
v 2.561579 5.468675 -17.501490
v 3.267624 5.230556 -17.596819
v 1.745380 5.560883 -17.383659
v 0.854671 5.601782 -17.269417
v 0.852942 5.645658 -17.276258
v 1.747575 5.604126 -17.393688
v -4.526789 2.889750 -16.574780
v -4.561906 2.913266 -16.588524
v -4.819537 2.282300 -16.536310
v -4.856434 2.294807 -16.557705
v 4.499110 3.863002 -17.734522
v 4.511677 3.874441 -17.775585
v 3.827121 4.841445 -17.649740
v 3.254996 5.192916 -17.576841
v 3.267624 5.230556 -17.596819
v 3.845240 4.870213 -17.678360
v -0.085751 5.556734 -17.148666
v -0.090821 5.600687 -17.152878
v -1.041639 5.433963 -17.025812
v -1.054387 5.476518 -17.026997
v -5.070944 1.455553 -16.359756
v -5.103492 2.184139 -16.106579
v -5.139992 2.197942 -16.127850
v -5.102342 1.460108 -16.390882
v -4.970588 2.729698 -15.718328
v -4.722160 3.225108 -15.204407
v -4.753020 3.255804 -15.213392
v -5.005224 2.754092 -15.731763
v -4.375269 3.677128 -14.583630
v -3.946958 4.081134 -13.879406
v -3.970509 4.118620 -13.883318
v -4.402317 3.711866 -14.589693
v -5.012254 1.045826 -16.451120
v -5.038869 1.048526 -16.486614
v -5.103492 2.184139 -16.106579
v -4.970588 2.729698 -15.718328
v -5.005224 2.754092 -15.731763
v -5.139992 2.197942 -16.127850
v -3.456164 4.430082 -13.118490
v -3.476493 4.469547 -13.120663
v -2.923631 4.717054 -12.329886
v -2.939553 4.758547 -12.329944
v -2.923631 4.717054 -12.329886
v -0.477314 5.441074 -12.644486
v -0.489738 5.483718 -12.642956
v -2.939553 4.758547 -12.329944
v 1.969006 6.165096 -12.959086
v 1.959666 6.208536 -12.959996
v 4.584739 3.887278 -17.715824
v 4.499110 3.863002 -17.734522
v 4.511677 3.874441 -17.775585
v 4.596813 3.900117 -17.756626
v 4.670367 3.911554 -17.697132
v 4.682016 3.925566 -17.737667
v -4.936108 1.069413 -16.490236
v -5.012254 1.045826 -16.451120
v -5.038869 1.048526 -16.486614
v -4.962506 1.070886 -16.525959
v -4.859967 1.093003 -16.529354
v -4.886081 1.093032 -16.565317
v 10.283584 6.424499 -9.349070
v 10.756570 5.817290 -9.408866
v 10.794230 5.840871 -9.409925
v 10.313384 6.456574 -9.341434
v 8.987137 7.003101 -9.183557
v 9.701250 6.772951 -9.274858
v 9.719934 6.812047 -9.264977
v 8.997818 7.045245 -9.174349
v 7.251360 7.167143 -8.961049
v 8.161161 7.131899 -9.077751
v 8.165863 7.175387 -9.069901
v 7.251360 7.211126 -8.954635
v 10.963980 5.448546 -9.434934
v 11.002678 5.469237 -9.441978
v 9.701250 6.772951 -9.274858
v 9.719934 6.812047 -9.264977
v 6.290222 7.115965 -8.837629
v 6.286303 7.159953 -8.832608
v 5.312790 6.986816 -8.712004
v 5.303984 7.030269 -8.708941
v 6.645695 7.411861 -14.194639
v 6.167657 7.066006 -14.938189
v 6.154315 7.106685 -14.950123
v 6.632432 7.453555 -14.202446
v 5.751109 6.664848 -15.626411
v 5.414523 6.215333 -16.233152
v 5.402225 6.251572 -16.255756
v 5.737975 6.703866 -15.643156
v 5.174551 5.721971 -16.735567
v 5.047933 5.177936 -17.115261
v 5.044617 5.200821 -17.153219
v 5.164656 5.753412 -16.765373
v 5.084349 4.450294 -17.363173
v 5.144345 4.040873 -17.452763
v 5.160326 4.053291 -17.492329
v 5.092900 4.464685 -17.404343
v 10.737231 5.820995 -9.668849
v 10.372828 6.469111 -9.867365
v 10.403515 6.500222 -9.859278
v 10.776021 5.842687 -9.669131
v 9.966834 6.883995 -10.212632
v 9.490020 7.203549 -10.685858
v 9.501290 7.245502 -10.676455
v 9.986405 6.922577 -10.202462
v 8.953202 7.441289 -11.267929
v 8.373298 7.600827 -11.936018
v 8.373509 7.644790 -11.929523
v 8.958258 7.484719 -11.259950
v 5.414523 6.215333 -16.233152
v 5.402225 6.251572 -16.255756
v 10.907972 5.438432 -9.607694
v 10.947877 5.456621 -9.614912
v 9.490020 7.203549 -10.685858
v 9.501290 7.245502 -10.676455
v 7.770118 7.684510 -12.664145
v 7.766321 7.728500 -12.659077
v 7.164952 7.695615 -13.424102
v 7.154630 7.738838 -13.424222
v 4.851066 4.385376 -17.448395
v 4.545937 5.033287 -17.160114
v 4.542597 5.057325 -17.197350
v 4.859674 4.401919 -17.488735
v 4.236198 5.447839 -16.714867
v 3.888931 5.766943 -16.124237
v 3.876601 5.803504 -16.146292
v 4.226208 5.479973 -16.743896
v 3.509966 6.004130 -15.409993
v 3.110149 6.163035 -14.599131
v 3.096814 6.203778 -14.610851
v 3.496829 6.043292 -15.426393
v 5.001790 4.002889 -17.551609
v 5.016823 4.017852 -17.590668
v 3.888931 5.766943 -16.124237
v 3.876601 5.803504 -16.146292
v 2.702378 6.246036 -13.722502
v 2.689119 6.287759 -13.730183
v 2.300429 6.256430 -12.813570
v 2.287567 6.298900 -12.816019
v 2.300429 6.256430 -12.813570
v 3.806607 6.621622 -10.762785
v 3.794183 6.664266 -10.761253
v 2.287567 6.298900 -12.816019
v 5.312790 6.986816 -8.712004
v 5.303984 7.030269 -8.708941
v 10.935975 5.443489 -9.521314
v 10.907972 5.438432 -9.607694
v 10.947877 5.456621 -9.614912
v 10.975245 5.463042 -9.528439
v 10.963980 5.448546 -9.434934
v 11.002678 5.469237 -9.441978
v 5.073069 4.021882 -17.502182
v 5.001790 4.002889 -17.551609
v 5.016823 4.017852 -17.590668
v 5.088545 4.035680 -17.541500
v 5.144345 4.040873 -17.452763
v 5.160326 4.053291 -17.492329
v 10.979043 8.097609 -4.611680
v 10.846183 8.311623 -5.151560
v 10.835952 8.351993 -5.136040
v 10.970006 8.135859 -4.590928
v 11.282413 7.474870 -3.687086
v 11.125507 7.817930 -4.117086
v 11.117996 7.853038 -4.090888
v 11.276865 7.505420 -3.655290
v 11.621800 6.589637 -3.086135
v 11.447454 7.068835 -3.338665
v 11.444407 7.092954 -3.301458
v 11.621987 6.604676 -3.044311
v 11.966186 5.505796 -2.902859
v 11.843583 5.901817 -2.944730
v 11.846329 5.909500 -2.901041
v 11.969662 5.511568 -2.858930
v 10.929632 6.581620 -8.479796
v 11.108785 5.893296 -8.670608
v 11.100408 5.900852 -8.713596
v 10.919249 6.596532 -8.520355
v 10.752653 7.468728 -7.815215
v 10.824521 7.061615 -8.192830
v 10.812169 7.085626 -8.228131
v 10.739239 7.499190 -7.844667
v 10.692338 8.094283 -6.845805
v 10.709277 7.813108 -7.360534
v 10.695380 7.848143 -7.384093
v 10.678341 8.132476 -6.863714
v 11.216987 5.497118 -8.740919
v 11.209259 5.502759 -8.784320
v 10.709277 7.813108 -7.360534
v 10.695380 7.848143 -7.384093
v 10.700021 8.309930 -6.290503
v 10.686188 8.350258 -6.303055
v 10.730138 8.458243 -5.715733
v 10.717499 8.500825 -5.714174
v 11.125507 7.817930 -4.117086
v 11.117996 7.853038 -4.090888
v 7.560125 7.164980 -6.379268
v 6.628835 7.102025 -5.683848
v 6.615102 7.142893 -5.694640
v 7.546157 7.203973 -6.395371
v 9.244306 7.021232 -7.590998
v 8.442430 7.140557 -7.023130
v 8.428467 7.176731 -7.044859
v 9.230698 7.053207 -7.618707
v 10.506323 6.456052 -8.417494
v 9.938663 6.798812 -8.061505
v 9.925978 6.824627 -8.095383
v 10.495534 6.472690 -8.457269
v 11.174691 5.484600 -8.735474
v 10.970309 5.852249 -8.650809
v 10.961806 5.860169 -8.693706
v 11.166961 5.490241 -8.778872
v 5.909305 6.994506 -5.136070
v 5.895631 7.035624 -5.145964
v 8.442430 7.140557 -7.023130
v 8.428467 7.176731 -7.044859
v 6.754187 7.103477 -4.707033
v 7.830874 7.168116 -4.269487
v 7.821408 7.207162 -4.250492
v 6.743610 7.144382 -4.693248
v 8.847176 7.145247 -3.869202
v 9.766498 7.027281 -3.521863
v 9.760317 7.059342 -3.491715
v 8.839134 7.181487 -3.844763
v 10.557237 6.805976 -3.241283
v 11.196523 6.464047 -3.039165
v 11.196117 6.480804 -2.997998
v 10.553515 6.831897 -3.205373
v 11.704616 5.860755 -2.928797
v 11.923890 5.493279 -2.897412
v 11.927363 5.499049 -2.853478
v 11.707216 5.868804 -2.885167
v 8.847176 7.145247 -3.869202
v 8.839134 7.181487 -3.844763
v 11.216987 5.497118 -8.740919
v 11.174691 5.484600 -8.735474
v 11.166961 5.490241 -8.778872
v 11.209259 5.502759 -8.784320
v 5.919702 6.994627 -5.055050
v 5.908955 7.035778 -5.042149
v 11.923890 5.493279 -2.897412
v 11.966186 5.505796 -2.902859
v 11.969662 5.511568 -2.858930
v 11.927363 5.499049 -2.853478
v 5.909305 6.994506 -5.136070
v 5.911445 7.005057 -5.095186
v 5.898807 7.047634 -5.093627
v 5.895631 7.035624 -5.145964
v 5.919702 6.994627 -5.055050
v 5.908955 7.035778 -5.042149
v 11.862804 8.107846 2.274950
v 11.729942 8.321860 1.735070
v 11.719712 8.362230 1.750591
v 11.853767 8.146097 2.295703
v 12.166176 7.485107 3.199545
v 12.009270 7.828167 2.769545
v 12.001757 7.863275 2.795742
v 12.160625 7.515657 3.231339
v 12.505561 6.599875 3.800497
v 12.331215 7.079072 3.547966
v 12.328169 7.103192 3.585174
v 12.505748 6.614914 3.842317
v 12.849945 5.516034 3.983772
v 12.727346 5.912055 3.941901
v 12.730091 5.919737 3.985589
v 12.853424 5.521805 4.027699
v 11.813394 6.591857 -1.593166
v 11.992545 5.903534 -1.783978
v 11.984168 5.911089 -1.826964
v 11.803012 6.606770 -1.633725
v 11.636414 7.478966 -0.928585
v 11.708282 7.071853 -1.306199
v 11.695928 7.095863 -1.341501
v 11.623000 7.509429 -0.958039
v 11.576100 8.104521 0.040825
v 11.593038 7.823346 -0.473904
v 11.579141 7.858380 -0.497462
v 11.562103 8.142714 0.022917
v 12.100747 5.507356 -1.854286
v 12.093019 5.512996 -1.897690
v 11.593038 7.823346 -0.473904
v 11.579141 7.858380 -0.497462
v 11.583780 8.320167 0.596128
v 11.569949 8.360496 0.583573
v 11.613898 8.468481 1.170897
v 11.601258 8.511062 1.172458
v 12.009270 7.828167 2.769545
v 12.001757 7.863275 2.795742
v 8.443887 7.175217 0.507361
v 7.512593 7.112262 1.202781
v 7.498862 7.153130 1.191990
v 8.429917 7.214211 0.491258
v 10.128067 7.031469 -0.704369
v 9.326193 7.150795 -0.136501
v 9.312227 7.186968 -0.158229
v 10.114462 7.063445 -0.732073
v 11.390084 6.466290 -1.530864
v 10.822426 6.809050 -1.174875
v 10.809740 6.834865 -1.208754
v 11.379294 6.482927 -1.570639
v 12.058453 5.494837 -1.848838
v 11.854071 5.862487 -1.764180
v 11.845566 5.870407 -1.807076
v 12.050722 5.500479 -1.892242
v 6.793064 7.004744 1.750561
v 6.779393 7.045861 1.740666
v 9.326193 7.150795 -0.136501
v 9.312227 7.186968 -0.158229
v 7.637949 7.113715 2.179598
v 8.714636 7.178354 2.617144
v 8.705171 7.217400 2.636138
v 7.627370 7.154619 2.193382
v 9.730934 7.155484 3.017427
v 10.650260 7.037519 3.364767
v 10.644076 7.069580 3.394916
v 9.722895 7.191725 3.041867
v 11.440999 6.816215 3.645347
v 12.080284 6.474285 3.847465
v 12.079879 6.491042 3.888631
v 11.437275 6.842134 3.681257
v 12.588375 5.870993 3.957834
v 12.807652 5.503516 3.989218
v 12.811125 5.509286 4.033152
v 12.590979 5.879042 4.001464
v 9.730934 7.155484 3.017427
v 9.722895 7.191725 3.041867
v 12.100747 5.507356 -1.854286
v 12.058453 5.494837 -1.848838
v 12.050722 5.500479 -1.892242
v 12.093019 5.512996 -1.897690
v 6.803462 7.004864 1.831580
v 6.792714 7.046015 1.844482
v 12.807652 5.503516 3.989218
v 12.849945 5.516034 3.983772
v 12.853424 5.521805 4.027699
v 12.811125 5.509286 4.033152
v 6.793064 7.004744 1.750561
v 6.795207 7.015294 1.791451
v 6.782568 7.057872 1.793008
v 6.779393 7.045861 1.740666
v 6.803462 7.004864 1.831580
v 6.792714 7.046015 1.844482
v -5.536442 3.501477 -4.117326
v -6.487950 3.007180 -4.570298
v -6.501276 3.046365 -4.586485
v -5.549727 3.542477 -4.128175
v -7.340847 2.469192 -4.990719
v -8.059890 1.899721 -5.362737
v -8.072453 1.932003 -5.390581
v -7.353975 2.505611 -5.012555
v -8.613726 1.307874 -5.672516
v -8.625175 1.334053 -5.706552
v -4.767284 3.834563 -3.761246
v -4.780542 3.875803 -3.771194
v -7.340847 2.469192 -4.990719
v -7.353975 2.505611 -5.012555
v -6.217201 3.010316 -2.460517
v -5.411088 3.502928 -3.140511
v -5.421218 3.543966 -3.126784
v -6.226024 3.049554 -2.441605
v -7.537698 1.905770 -1.293604
v -6.936103 2.473881 -1.836790
v -6.943307 2.510368 -1.812457
v -7.542837 1.938138 -1.263588
v -7.995141 1.315042 -0.852294
v -7.997638 1.341322 -0.816541
v -6.936103 2.473881 -1.836790
v -6.943307 2.510368 -1.812457
v -4.756887 3.834684 -3.680226
v -4.767220 3.875957 -3.667378
v -4.765142 3.845115 -3.720361
v -4.767284 3.834563 -3.761246
v -4.780542 3.875803 -3.771194
v -4.777349 3.887819 -3.718859
v -4.756887 3.834684 -3.680226
v -4.767220 3.875957 -3.667378
v -4.652681 3.511714 2.769302
v -5.604189 3.017417 2.316333
v -5.617516 3.056602 2.300144
v -4.665966 3.552714 2.758455
v -6.457086 2.479430 1.895910
v -7.176128 1.909958 1.523892
v -7.188692 1.942241 1.496054
v -6.470214 2.515848 1.874075
v -3.883524 3.844801 3.125384
v -3.896781 3.886041 3.115438
v -6.457086 2.479430 1.895910
v -6.470214 2.515848 1.874075
v -5.333440 3.020554 4.426113
v -4.527327 3.513166 3.746119
v -4.537457 3.554203 3.759848
v -5.342263 3.059791 4.445024
v -6.653936 1.916007 5.593027
v -6.052343 2.484118 5.049839
v -6.059546 2.520607 5.074172
v -6.659076 1.948377 5.623041
v -6.052343 2.484118 5.049839
v -6.059546 2.520607 5.074172
v -3.873127 3.844921 3.206404
v -3.883459 3.886194 3.219253
v -3.881381 3.855352 3.166273
v -3.883524 3.844801 3.125384
v -3.896781 3.886041 3.115438
v -3.893588 3.898056 3.167776
v -3.873127 3.844921 3.206404
v -3.883459 3.886194 3.219253
v 7.040660 7.087375 -1.933770
v 8.032628 7.147614 -2.061159
v 8.031898 7.192050 -2.061323
v 7.036339 7.131607 -1.933420
v 8.970857 7.120690 -2.181522
v 9.821744 6.999169 -2.290536
v 9.831170 7.042572 -2.292029
v 8.974529 7.164976 -2.182287
v 10.556321 6.774948 -2.384470
v 11.153871 6.430851 -2.460642
v 11.182373 6.464796 -2.463925
v 10.573634 6.815814 -2.386837
v 11.636264 5.826225 -2.521649
v 11.846858 5.458295 -2.548128
v 11.885159 5.480665 -2.550921
v 11.672672 5.851506 -2.524876
v 10.556321 6.774948 -2.384470
v 10.573634 6.815814 -2.386837
v 6.334462 6.989365 -1.842998
v 6.328480 7.033401 -1.842399
v 7.745167 7.135393 -4.053524
v 6.668483 7.070754 -4.491070
v 6.663582 7.114927 -4.490632
v 7.743772 7.179812 -4.053594
v 9.680794 6.994557 -3.305901
v 8.761468 7.112524 -3.653240
v 8.764335 7.156871 -3.653893
v 9.689209 7.038172 -3.307271
v 11.110818 6.431324 -2.823196
v 10.471532 6.773253 -3.025315
v 10.487638 6.814615 -3.027561
v 11.138175 6.466203 -2.826401
v 11.838185 5.460554 -2.681445
v 11.618909 5.828032 -2.712833
v 11.655127 5.853583 -2.716094
v 11.876487 5.482924 -2.684238
v 10.471532 6.773253 -3.025315
v 10.487638 6.814615 -3.027561
v 5.957864 6.979156 -4.791047
v 5.951880 7.023193 -4.790449
v 11.846858 5.458295 -2.548128
v 11.838185 5.460554 -2.681445
v 11.876487 5.482924 -2.684238
v 11.885159 5.480665 -2.550921
v 5.501606 6.979960 -8.348654
v 5.881451 6.978533 -5.402136
v 5.875496 7.022564 -5.401335
v 5.495648 7.023996 -8.347852
v 7.197792 7.137943 -8.566560
v 6.205823 7.077704 -8.439171
v 6.201537 7.121937 -8.438548
v 7.197108 7.182380 -8.566346
v 8.986906 6.989499 -8.795937
v 8.136019 7.111019 -8.686923
v 8.139749 7.155306 -8.687239
v 8.996387 7.032902 -8.796998
v 10.319032 6.421180 -8.966043
v 9.721484 6.765277 -8.889872
v 9.738818 6.806144 -8.892072
v 10.347428 6.455124 -8.970168
v 11.012019 5.448624 -9.053529
v 10.801425 5.816555 -9.027050
v 10.837461 5.841831 -9.033195
v 11.049779 5.470988 -9.060562
v 9.721484 6.765277 -8.889872
v 9.738818 6.806144 -8.892072
v 5.501606 6.979960 -8.348654
v 5.495648 7.023996 -8.347852
v 6.491429 7.068703 -5.870723
v 7.422723 7.131658 -6.566148
v 7.421374 7.176076 -6.565852
v 6.486561 7.112875 -5.870043
v 8.305028 7.107235 -7.210011
v 9.106905 6.987910 -7.777873
v 9.115377 7.031524 -7.778801
v 8.307951 7.151584 -7.210227
v 9.801256 6.765489 -8.248381
v 10.368921 6.422730 -8.604369
v 10.396190 6.457608 -8.608278
v 9.817393 6.806850 -8.250397
v 10.832906 5.818926 -8.837685
v 11.037291 5.451276 -8.922349
v 11.075047 5.473641 -8.929382
v 10.868766 5.844473 -8.843749
v 9.801256 6.765489 -8.248381
v 9.817393 6.806850 -8.250397
v 5.881451 6.978533 -5.402136
v 5.875496 7.022564 -5.401335
v 11.037291 5.451276 -8.922349
v 11.012019 5.448624 -9.053529
v 11.049779 5.470988 -9.060562
v 11.075047 5.473641 -8.929382
v 5.957864 6.979156 -4.791047
v 6.334462 6.989365 -1.842998
v 6.328480 7.033401 -1.842399
v 5.951880 7.023193 -4.790449
v 8.628929 7.145631 2.833106
v 7.552241 7.080991 2.395560
v 7.547342 7.125164 2.395997
v 8.627533 7.190049 2.833035
v 10.564554 7.004795 3.580730
v 9.645232 7.122761 3.233391
v 9.648096 7.167109 3.232738
v 10.572970 7.048409 3.579362
v 11.994579 6.441562 4.063435
v 11.355293 6.783491 3.861310
v 11.371401 6.824852 3.859070
v 12.021938 6.476440 4.060228
v 12.502667 5.838270 4.173799
v 12.538885 5.863821 4.170536
v 11.355293 6.783491 3.861310
v 11.371401 6.824852 3.859070
v 6.841625 6.989394 2.095583
v 6.835641 7.033430 2.096181
v 6.385368 6.990198 -1.462024
v 6.765213 6.988770 1.484494
v 6.759256 7.032802 1.485295
v 6.379410 7.034234 -1.461221
v 8.081553 7.148180 -1.679930
v 7.089582 7.087942 -1.552541
v 7.085298 7.132174 -1.551919
v 8.080871 7.192617 -1.679716
v 9.870668 6.999736 -1.909306
v 9.019780 7.121257 -1.800293
v 9.023510 7.165544 -1.800609
v 9.880150 7.043139 -1.910368
v 11.202794 6.431417 -2.079413
v 10.605246 6.775515 -2.003242
v 10.622579 6.816381 -2.005441
v 11.231191 6.465362 -2.083533
v 11.895780 5.458861 -2.166898
v 11.685188 5.826793 -2.140419
v 11.721221 5.852068 -2.146564
v 11.933537 5.481225 -2.173932
v 10.605246 6.775515 -2.003242
v 10.622579 6.816381 -2.005441
v 6.385368 6.990198 -1.462024
v 6.379410 7.034234 -1.461221
v 7.375192 7.078940 1.015908
v 8.306484 7.141895 0.320489
v 8.305135 7.186315 0.320778
v 7.370322 7.123114 1.016587
v 9.188789 7.117473 -0.323380
v 9.990667 6.998147 -0.891242
v 9.999139 7.041762 -0.892172
v 9.191711 7.161822 -0.323597
v 10.685017 6.775726 -1.361751
v 11.252681 6.432968 -1.717738
v 11.279949 6.467845 -1.721649
v 10.701155 6.817089 -1.363766
v 11.716668 5.829165 -1.951056
v 11.921052 5.461514 -2.035719
v 11.958808 5.483878 -2.042752
v 11.752526 5.854712 -1.957120
v 10.685017 6.775726 -1.361751
v 10.701155 6.817089 -1.363766
v 6.765213 6.988770 1.484494
v 6.759256 7.032802 1.485295
v 11.921052 5.461514 -2.035719
v 11.895780 5.458861 -2.166898
v 11.933537 5.481225 -2.173932
v 11.958808 5.483878 -2.042752
v 6.841625 6.989394 2.095583
v 6.835641 7.033430 2.096181
v -5.854822 3.037354 -0.272872
v -4.988032 3.527250 -0.384837
v -5.008157 3.566806 -0.382451
v -5.878089 3.075120 -0.270136
v -7.280251 1.937503 -0.088312
v -6.629644 2.503420 -0.172647
v -6.656544 2.538658 -0.169474
v -7.311514 1.968864 -0.084567
v -7.777922 1.348576 -0.023571
v -7.814425 1.373512 -0.019009
v -7.777922 1.348576 -0.023571
v -7.814425 1.373512 -0.019009
v -4.341381 3.829642 -0.468270
v -4.359993 3.869939 -0.466043
v -5.273641 3.536252 -2.953284
v -6.079755 3.043640 -2.273289
v -6.102449 3.081755 -2.270618
v -5.293243 3.576073 -2.950952
v -6.798656 2.507203 -1.649563
v -7.400250 1.939092 -1.106377
v -7.430779 1.971180 -1.102730
v -6.824908 2.542933 -1.646466
v -7.857693 1.348364 -0.665061
v -7.893458 1.374374 -0.660627
v -7.857693 1.348364 -0.665061
v -7.893458 1.374374 -0.660627
v -4.717979 3.819435 -3.416320
v -4.736593 3.859733 -3.414094
v -4.798182 3.817689 -4.026920
v -5.178028 3.819117 -6.973438
v -5.196615 3.859414 -6.971009
v -4.816768 3.857982 -4.024493
v -5.822870 3.517579 -6.890237
v -6.689660 3.027683 -6.778274
v -6.712878 3.065450 -6.775157
v -5.842959 3.557136 -6.887579
v -7.464483 2.493749 -6.678047
v -8.115088 1.927833 -6.593713
v -8.146296 1.959194 -6.589535
v -7.491323 2.528988 -6.674426
v -8.612759 1.338905 -6.528972
v -8.649241 1.363842 -6.524241
v -8.612759 1.338905 -6.528972
v -8.649241 1.363842 -6.524241
v -5.178028 3.819117 -6.973438
v -5.196615 3.859414 -6.971009
v -6.402200 3.039904 -4.785913
v -5.450692 3.534200 -4.332937
v -5.470263 3.574022 -4.330364
v -6.424848 3.078020 -4.782875
v -7.974138 1.932444 -5.578347
v -7.255096 2.501916 -5.206334
v -7.281291 2.537646 -5.202800
v -8.004611 1.964532 -5.574260
v -8.527970 1.340600 -5.888126
v -8.563705 1.366611 -5.883463
v -8.527970 1.340600 -5.888126
v -8.563705 1.366611 -5.883463
v -4.798182 3.817689 -4.026920
v -4.816768 3.857982 -4.024493
v -4.341381 3.829642 -0.468270
v -4.717979 3.819435 -3.416320
v -4.736593 3.859733 -3.414094
v -4.359993 3.869939 -0.466043
v -4.389879 3.546489 3.933347
v -5.195993 3.053877 4.613342
v -5.218689 3.091993 4.616011
v -4.409482 3.586310 3.935677
v -5.914895 2.517440 5.237068
v -6.516489 1.949330 5.780255
v -6.547018 1.981417 5.783900
v -5.941146 2.553170 5.240165
v -3.834219 3.829672 3.470311
v -3.852832 3.869970 3.472536
v -3.914422 3.827926 2.859709
v -4.294267 3.829354 -0.086807
v -4.312854 3.869651 -0.084378
v -3.933007 3.868219 2.862139
v -4.939109 3.527816 -0.003607
v -5.805900 3.037920 0.108356
v -5.829117 3.075687 0.111472
v -4.959198 3.567373 -0.000949
v -6.580723 2.503987 0.208583
v -7.231328 1.938070 0.292916
v -7.262536 1.969432 0.297095
v -6.607564 2.539225 0.212206
v -7.728997 1.349142 0.357658
v -7.765482 1.374079 0.362389
v -7.728997 1.349142 0.357658
v -7.765482 1.374079 0.362389
v -4.294267 3.829354 -0.086807
v -4.312854 3.869651 -0.084378
v -5.518438 3.050142 2.100720
v -4.566930 3.544439 2.553694
v -4.586502 3.584260 2.556266
v -5.541086 3.088258 2.103755
v -7.090377 1.942681 1.308283
v -6.371336 2.512153 1.680296
v -6.397532 2.547883 1.683829
v -7.120850 1.974770 1.312368
v -7.644208 1.350837 0.998505
v -7.679944 1.376848 1.003168
v -7.644208 1.350837 0.998505
v -7.679944 1.376848 1.003168
v -3.914422 3.827926 2.859709
v -3.933007 3.868219 2.862139
v -3.834219 3.829672 3.470311
v -3.852832 3.869970 3.472536
v 12.018682 6.441297 4.266404
v 11.863476 6.528480 4.281862
v 9.821856 7.129649 4.474842
v 9.710382 7.132658 4.484814
v -5.852636 2.516046 5.781127
v 12.684874 5.619374 4.191546
v 10.910695 6.984832 4.375261
v 11.434029 6.825726 4.325700
v 7.875627 7.139855 4.648115
v 7.255593 7.054185 4.701626
v -6.541358 1.981308 5.832216
v -4.218536 3.580104 5.656018
v 7.169426 7.042477 4.709067
v -3.580430 3.877353 5.604919
v -5.494569 2.760553 5.753928
v 12.542402 5.863404 4.208850
v 12.446882 5.982774 4.219614
v 10.687218 7.051951 4.396410
v 10.014770 7.147449 4.458025
v -6.601805 1.910748 5.836252
v -6.508889 2.009364 5.829861
v -3.776670 3.785573 5.620628
v 11.416833 6.784722 4.326449
v 8.877985 7.156218 4.559285
v 8.772170 7.149725 4.568572
v 7.175311 6.998438 4.707706
v -5.071356 3.050394 5.721798
v -3.561841 3.837054 5.602501
v 12.660002 5.603785 4.193461
v 12.647076 5.596265 4.194468
v -6.929346 1.560352 5.858723
v -4.772592 3.217962 5.698412
v -6.575229 1.882072 5.833343
v -6.571070 1.878844 5.832911
v 12.547915 5.764880 4.206488
v 11.284981 6.824090 4.338923
v 11.416833 6.784722 4.326449
v 7.879894 7.095623 4.646894
v 7.810736 7.086250 4.652865
v -6.533991 1.921965 5.830433
v -4.198602 3.540461 5.653493
v -6.897411 1.635621 5.857312
v 12.046852 6.475648 4.264550
v 11.717255 6.665126 4.297462
v 9.825583 7.173952 4.475352
v 9.044467 7.196101 4.545238
v -5.879137 2.551597 5.784158
v -6.929346 1.560352 5.858723
v 12.684874 5.619374 4.191546
v -6.601805 1.910748 5.836252
v 12.506101 5.837913 4.211594
v 12.294157 6.096569 4.235356
v 10.677787 7.008500 4.396424
v 10.558638 7.025109 4.407334
v -6.571070 1.878844 5.832911
v -4.027483 3.620568 5.639799
v -5.582414 2.754806 5.761630
v 12.647076 5.596265 4.194468
v -6.510757 1.949254 5.828885
v 11.434029 6.825726 4.325700
v 8.877316 7.200659 4.560188
v 8.026314 7.149082 4.634890
v 7.169426 7.042477 4.709067
v -5.094361 3.088316 5.724565
v -3.580430 3.877353 5.604920
v 7.170095 7.037470 4.708911
v 7.175311 6.998438 4.707706
v -3.566986 3.848207 5.603171
v -3.561841 3.837054 5.602501
v -6.087984 2.312686 5.798194
v -4.598703 3.366803 5.685777
v -6.917788 1.591975 5.858294
v -6.897411 1.635621 5.857312
v -8.773588 2.590241 -3.779360
v -7.876182 2.604510 3.105792
v -8.621216 1.295022 -5.677441
v -8.751638 2.131937 -4.695035
v -8.746282 2.054233 -4.837809
v -8.228888 1.851604 -1.366594
v -8.166139 1.719320 -1.200187
v -7.854317 2.147419 2.192343
v -7.848876 2.068499 2.047336
v -7.332519 1.867908 5.515448
v -7.268802 1.733587 5.684425
v -7.925994 1.202275 -0.588858
v -8.770658 1.247635 -6.930392
v -8.713034 1.742202 -5.321494
v -8.488259 2.377695 -2.103337
v -7.998741 1.340994 -0.816376
v -7.998308 1.339851 -0.815772
v -7.815631 1.756480 1.563669
v -7.590924 2.391965 4.781264
v -8.621428 1.295353 -5.678284
v -8.621216 1.295022 -5.677441
v -7.946215 1.261719 -0.602720
v -8.637386 1.239959 -5.931045
v -7.743203 1.268111 0.962317
v -8.615582 2.552169 -2.663011
v -8.631862 2.572112 -2.740172
v -7.718245 2.566434 4.221596
v -7.734781 2.586689 4.143225
v -8.749481 2.708715 -3.315282
v -7.852176 2.722483 3.567906
v -8.819560 1.301633 -7.176116
v -8.622308 1.299755 -5.674588
v -8.328126 2.060881 -1.629601
v -7.430790 2.075146 5.255009
v -7.914498 1.201800 -0.502208
v -7.851768 1.205776 -0.013883
v -8.819233 1.332402 -7.100898
v -8.733085 1.889564 -5.126254
v -8.429703 2.269719 -1.911491
v -7.835254 1.900706 1.754749
v -7.531455 2.282303 4.976104
v -9.069055 1.661168 -8.231128
v -9.088693 1.716577 -8.250090
v -7.738854 1.346852 1.181636
v -7.726573 1.321736 1.216012
v -8.743895 2.736008 -3.208123
v -8.721801 2.709141 -3.102952
v -8.742032 2.733893 -3.198898
v -7.846501 2.750204 3.676751
v -7.824060 2.722914 3.783578
v -7.844610 2.748056 3.686124
v -8.623514 1.304984 -5.671444
v -8.765644 2.334691 -4.322726
v -7.726573 1.321736 1.216012
v -7.868237 2.348958 2.562422
v -8.882338 1.418690 -7.378732
v -8.760255 2.089689 -4.860680
v -8.335791 2.096440 -1.604071
v -7.862850 2.103961 2.024477
v -7.438458 2.110711 5.280529
v -8.704649 1.240085 -6.444275
v -8.637386 1.239959 -5.931045
v -7.812865 1.268244 0.430776
v -7.743203 1.268111 0.962317
v -8.633389 1.319672 -5.712119
v -7.738914 1.346993 1.181506
v -7.866687 1.254723 -0.012109
v -7.851768 1.205776 -0.013883
v -8.699818 1.193426 -6.517687
v -8.695426 1.179050 -6.518126
v -7.806224 1.220094 0.367668
v -7.802327 1.207342 0.367279
v -8.667561 1.540050 -5.452117
v -8.764331 2.380449 -4.204553
v -8.508190 2.384729 -2.238882
v -8.095280 1.551481 -1.055913
v -7.770837 1.557960 1.436420
v -7.866903 2.395434 2.682447
v -7.611310 2.399704 4.643928
v -8.856606 1.381458 -7.270275
v -8.819233 1.332402 -7.100898
v -8.882338 1.418690 -7.378732
v -8.951280 1.513053 -7.682035
v -9.088693 1.716577 -8.250090
v -8.713701 1.239029 -6.515887
v -7.820606 1.267339 0.369534
v -8.759501 2.549881 -3.767202
v -7.862095 2.564147 3.117947
v -8.744370 1.174785 -6.901882
v -8.699595 1.710838 -5.293017
v -8.479014 2.339252 -2.123628
v -7.995383 1.314969 -0.852259
v -7.802190 1.725104 1.592126
v -7.581678 2.353515 4.760980
v -8.772365 2.264916 -4.538956
v -8.779801 2.373056 -4.340132
v -8.240541 1.895677 -1.351378
v -8.171851 1.750813 -1.169360
v -7.874842 2.277489 2.343079
v -7.882394 2.387327 2.545021
v -7.341726 1.906830 5.537145
v -7.274519 1.765092 5.715238
v -7.870045 1.265772 -0.011621
v -7.998309 1.339814 -0.815869
v -7.995289 1.314724 -0.852128
v -7.870045 1.265772 -0.011621
v -8.713701 1.239029 -6.515887
v -7.820606 1.267339 0.369534
v -8.755102 2.571995 -3.681348
v -7.857626 2.586609 3.205150
v -8.626103 2.592587 -2.647818
v -7.728768 2.606853 4.236785
v -8.819560 1.301633 -7.176116
v -9.003516 1.564063 -7.960275
v -8.865422 1.364373 -7.377961
v -8.717512 1.842711 -5.118102
v -8.370218 2.138518 -1.767451
v -7.995334 1.314840 -0.852189
v -7.995289 1.314724 -0.852127
v -7.820384 1.859031 1.769763
v -7.473535 2.153989 5.115019
v -8.633389 1.319672 -5.712119
v -8.775320 2.530399 -3.934023
v -8.335791 2.096440 -1.604071
v -7.877939 2.543726 2.948699
v -7.438458 2.110711 5.280529
v -7.878285 1.266178 -0.073575
v -7.946215 1.261719 -0.602720
v -8.757055 1.220507 -6.890657
v -8.744370 1.174785 -6.901882
v -8.730947 2.693514 -3.209722
v -7.833556 2.707709 3.675155
v -8.746283 2.054233 -4.837809
v -8.328126 2.060881 -1.629601
v -7.848876 2.068499 2.047336
v -7.430790 2.075146 5.255009
v -8.633468 1.179086 -6.045011
v -8.695426 1.179050 -6.518126
v -7.737911 1.207379 0.859158
v -7.802327 1.207342 0.367279
v -8.635965 1.330844 -5.705388
v -8.760255 2.089689 -4.860680
v -8.587977 2.533180 -2.497150
v -7.862849 2.103961 2.024477
v -7.690045 2.546516 4.389813
v -9.066195 1.653481 -8.227463
v -8.760667 1.233466 -6.887607
v -7.998308 1.339851 -0.815772
v -7.930563 1.215376 -0.592770
v -7.925994 1.202275 -0.588858
v -8.634013 1.227057 -5.935793
v -8.621363 1.180386 -5.949525
v -7.740308 1.257035 0.958240
v -7.727161 1.208534 0.943969
v -8.729429 2.691653 -3.202523
v -7.832013 2.705819 3.682465
v -8.865422 1.364373 -7.377961
v -9.066195 1.653481 -8.227463
v -8.621363 1.180386 -5.949525
v -7.727161 1.208534 0.943969
v -8.760667 1.233466 -6.887607
v -8.636908 1.335867 -5.700709
v -7.998959 1.341508 -0.816818
v -7.738914 1.346995 1.181506
v -7.199473 1.569373 5.825583
v -7.192572 1.571089 5.882337
v -7.173084 1.506893 5.879383
vn 0.3113 -0.9074 0.2825
vn 0.3076 -0.9251 0.2226
vn 0.3090 -0.9196 0.2427
vn 0.2844 -0.9581 -0.0351
vn 0.2844 -0.9581 -0.0350
vn 0.2302 -0.9083 -0.3493
vn 0.2380 -0.9204 -0.3102
vn 0.2419 -0.9259 -0.2904
vn 0.2419 -0.9258 -0.2904
vn 0.2983 -0.9279 0.2238
vn 0.2747 -0.9609 -0.0338
vn 0.2747 -0.9609 -0.0335
vn 0.2989 -0.9226 0.2440
vn 0.2982 -0.9279 0.2239
vn 0.2997 -0.9108 0.2839
vn 0.2324 -0.9286 -0.2891
vn 0.2279 -0.9234 -0.3089
vn 0.2187 -0.9118 -0.3475
vn 0.2982 -0.9279 0.2238
vn 0.2324 -0.9287 -0.2891
vn 0.2324 -0.9286 -0.2892
vn -0.3088 0.9202 -0.2407
vn -0.2843 0.9581 0.0351
vn -0.3112 0.9077 -0.2814
vn -0.3073 0.9259 -0.2198
vn -0.2842 0.9581 0.0351
vn -0.2383 0.9211 0.3080
vn -0.2304 0.9087 0.3482
vn -0.2422 0.9266 0.2876
vn -0.3073 0.9259 -0.2199
vn -0.2984 0.9285 -0.2211
vn -0.2989 0.9231 -0.2420
vn -0.2999 0.9112 -0.2824
vn -0.2750 0.9609 0.0338
vn -0.2983 0.9285 -0.2210
vn -0.2795 0.9599 0.0202
vn -0.2983 0.9285 -0.2212
vn -0.2990 0.9231 -0.2418
vn -0.2998 0.9112 -0.2825
vn 0.5699 -0.1153 0.8136
vn 0.5503 -0.1031 0.8286
vn 0.6532 0.0213 0.7569
vn 0.6593 -0.0116 0.7518
vn 0.4308 -0.3975 0.8102
vn 0.4183 -0.4126 0.8092
vn 0.3628 -0.6543 0.6635
vn 0.3570 -0.6674 0.6535
vn 0.3350 -0.7891 0.5149
vn 0.3323 -0.7988 0.5015
vn 0.3209 -0.8643 0.3873
vn 0.3192 -0.8709 0.3738
vn 0.3323 -0.7988 0.5014
vn 0.3349 -0.7891 0.5148
vn 0.3112 -0.9079 0.2808
vn 0.3100 -0.9124 0.2673
vn 0.3031 -0.9342 0.1881
vn 0.3019 -0.9371 0.1753
vn 0.2904 -0.9553 0.0553
vn 0.3338 -0.9426 -0.0101
vn 0.2904 -0.9553 0.0550
vn 0.3017 -0.9377 0.1723
vn 0.3098 -0.9139 0.2624
vn 0.3191 -0.8743 0.3658
vn 0.3327 -0.8063 0.4890
vn 0.3596 -0.6832 0.6355
vn 0.4283 -0.4362 0.7914
vn 0.5731 -0.1449 0.8066
vn 0.6640 -0.0396 0.7467
vn 0.2795 -0.9595 -0.0344
vn 0.8193 -0.4274 -0.3821
vn 0.7598 -0.5302 -0.3763
vn 0.7507 -0.4037 -0.5230
vn 0.6717 -0.6606 -0.3353
vn 0.6546 -0.6833 -0.3234
vn 0.7598 -0.5302 -0.3762
vn 0.5835 -0.7640 -0.2753
vn 0.5689 -0.7789 -0.2641
vn 0.5089 -0.8326 -0.2184
vn 0.4966 -0.8426 -0.2086
vn 0.4436 -0.8806 -0.1664
vn 0.4325 -0.8878 -0.1575
vn 0.3119 -0.9484 0.0581
vn 0.3475 -0.9335 -0.0884
vn 0.4346 -0.8864 -0.1592
vn 0.4999 -0.8399 -0.2114
vn 0.5739 -0.7737 -0.2685
vn 0.6617 -0.6731 -0.3302
vn -0.3607 -0.3877 0.8483
vn -0.3852 -0.3761 0.8427
vn -0.2828 -0.2573 0.9240
vn -0.2717 -0.2888 0.9180
vn -0.4035 -0.6351 0.6587
vn -0.4078 -0.6473 0.6440
vn -0.2907 -0.8375 0.4627
vn -0.2842 -0.8469 0.4495
vn -0.4035 -0.6351 0.6586
vn -0.1675 -0.9289 0.3304
vn -0.1567 -0.9347 0.3189
vn -0.2841 -0.8469 0.4495
vn -0.0608 -0.9700 0.2355
vn -0.0495 -0.9730 0.2256
vn 0.0282 -0.9863 0.1626
vn 0.0389 -0.9873 0.1540
vn 0.1037 -0.9893 0.1029
vn 0.1141 -0.9889 0.0948
vn 0.2099 -0.9775 0.0205
vn 0.2867 -0.9576 0.0269
vn 0.2102 -0.9774 0.0204
vn 0.1164 -0.9888 0.0930
vn 0.0430 -0.9876 0.1509
vn -0.0425 -0.9744 0.2207
vn -0.1452 -0.9392 0.3111
vn -0.2660 -0.8584 0.4385
vn -0.2661 -0.8584 0.4386
vn -0.3851 -0.6676 0.6372
vn -0.3501 -0.4150 0.8398
vn -0.2620 -0.3153 0.9121
vn 0.2796 -0.9595 -0.0344
vn 0.7024 -0.0738 0.7079
vn 0.7064 -0.1025 0.7003
vn 0.5989 -0.0607 0.7986
vn 0.5939 -0.0331 0.8038
vn 0.8239 -0.2720 0.4973
vn 0.8213 -0.3105 0.4786
vn 0.7937 -0.5166 0.3212
vn 0.7794 -0.5488 0.3023
vn 0.8213 -0.3106 0.4786
vn 0.8238 -0.2721 0.4973
vn 0.7113 -0.6688 0.2162
vn 0.6944 -0.6906 0.2022
vn 0.7793 -0.5489 0.3023
vn 0.7937 -0.5166 0.3211
vn 0.6244 -0.7672 0.1467
vn 0.6086 -0.7817 0.1364
vn 0.5439 -0.8336 0.0959
vn 0.5299 -0.8435 0.0879
vn 0.4703 -0.8808 0.0556
vn 0.4574 -0.8879 0.0489
vn 0.4411 -0.8973 -0.0164
vn 0.3581 -0.9337 0.0011
vn 0.4598 -0.8866 0.0502
vn 0.5337 -0.8409 0.0899
vn 0.6145 -0.7765 0.1396
vn 0.7029 -0.6804 0.2073
vn 0.7901 -0.5292 0.3093
vn 0.7902 -0.5291 0.3093
vn 0.8301 -0.2815 0.4813
vn 0.8302 -0.2814 0.4813
vn 0.7147 -0.0514 0.6976
vn 0.5875 -0.0006 0.8092
vn -0.8630 -0.5045 0.0264
vn -0.8728 -0.4881 0.0064
vn -0.8979 -0.4092 0.1624
vn -0.8836 -0.4399 0.1604
vn -0.7018 -0.6923 -0.1679
vn -0.6905 -0.7000 -0.1819
vn -0.4561 -0.8610 -0.2251
vn -0.4405 -0.8681 -0.2288
vn -0.2695 -0.9391 -0.2132
vn -0.2536 -0.9439 -0.2115
vn -0.1286 -0.9746 -0.1833
vn -0.1138 -0.9771 -0.1796
vn -0.0179 -0.9885 -0.1503
vn -0.0047 -0.9893 -0.1461
vn 0.0730 -0.9902 -0.1187
vn 0.0853 -0.9898 -0.1142
vn 0.1979 -0.9778 -0.0691
vn 0.2323 -0.9726 0.0028
vn 0.1984 -0.9777 -0.0687
vn 0.0882 -0.9897 -0.1129
vn 0.0001 -0.9895 -0.1443
vn -0.1057 -0.9786 -0.1767
vn -0.2404 -0.9483 -0.2071
vn -0.4204 -0.8797 -0.2223
vn -0.6705 -0.7217 -0.1718
vn -0.8473 -0.5306 0.0239
vn -0.8707 -0.4656 0.1585
vn -0.2053 -0.3457 0.9156
vn -0.1938 -0.3722 0.9077
vn -0.3383 -0.3366 0.8788
vn -0.3482 -0.3105 0.8845
vn 0.0569 -0.5085 0.8592
vn 0.0751 -0.5408 0.8378
vn 0.2134 -0.6987 0.6829
vn 0.2247 -0.7231 0.6532
vn 0.2725 -0.8076 0.5230
vn 0.2774 -0.8226 0.4963
vn 0.2939 -0.8722 0.3910
vn 0.2956 -0.8812 0.3689
vn 0.2725 -0.8077 0.5229
vn 0.3000 -0.9114 0.2815
vn 0.3001 -0.9168 0.2636
vn 0.2989 -0.9355 0.1882
vn 0.2983 -0.9387 0.1727
vn 0.2878 -0.9563 0.0519
vn 0.2894 -0.9556 0.0552
vn 0.2984 -0.9381 0.1756
vn 0.3002 -0.9153 0.2685
vn 0.2955 -0.8779 0.3768
vn 0.2766 -0.8154 0.5085
vn 0.2766 -0.8154 0.5086
vn 0.2226 -0.7075 0.6707
vn 0.0746 -0.5149 0.8540
vn -0.1924 -0.3239 0.9263
vn -0.3596 -0.2794 0.8903
vn 0.1739 -0.1269 0.9765
vn 0.1886 -0.1699 0.9672
vn 0.1913 -0.1784 0.9652
vn 0.2337 -0.3355 0.9126
vn 0.2428 -0.3743 0.8950
vn 0.2781 -0.5400 0.7944
vn 0.2854 -0.5808 0.7624
vn 0.3018 -0.6855 0.6626
vn 0.3061 -0.7196 0.6232
vn 0.3127 -0.7882 0.5300
vn 0.3142 -0.8138 0.4889
vn 0.3150 -0.8593 0.4031
vn 0.3143 -0.8775 0.3623
vn 0.3142 -0.8138 0.4888
vn 0.2033 -0.8606 -0.4670
vn 0.2130 -0.8786 -0.4273
vn 0.1691 -0.7899 -0.5895
vn 0.1809 -0.8154 -0.5500
vn 0.1250 -0.6873 -0.7156
vn 0.1391 -0.7216 -0.6782
vn 0.1809 -0.8153 -0.5500
vn 0.0687 -0.5424 -0.8373
vn 0.0839 -0.5833 -0.8079
vn -0.0041 -0.3382 -0.9411
vn 0.0091 -0.3770 -0.9262
vn -0.0616 -0.1728 -0.9830
vn -0.0586 -0.1813 -0.9817
vn -0.0782 -0.1299 -0.9884
vn 0.1740 -0.1269 0.9765
vn 0.1913 -0.1783 0.9652
vn 0.2336 -0.3356 0.9126
vn 0.2853 -0.5812 0.7621
vn 0.3019 -0.6852 0.6628
vn 0.0839 -0.5835 -0.8078
vn -0.0586 -0.1812 -0.9817
vn -0.0782 -0.1298 -0.9884
vn 0.2309 -0.4624 0.8561
vn 0.2312 -0.4621 0.8562
vn 0.2579 -0.5893 0.7656
vn 0.2495 -0.5492 0.7976
vn 0.2658 -0.6303 0.7294
vn 0.2828 -0.7265 0.6262
vn 0.2773 -0.6930 0.6655
vn 0.2344 -0.7812 0.5785
vn 0.2954 -0.8194 0.4913
vn 0.3598 -0.6667 0.6527
vn 0.2593 -0.8442 0.4691
vn 0.2922 -0.7945 0.5324
vn 0.2999 -0.8817 0.3641
vn 0.2991 -0.8641 0.4049
vn 0.3001 -0.8906 0.3416
vn 0.2044 -0.8918 -0.4037
vn 0.1986 -0.8829 -0.4255
vn 0.1876 -0.8654 -0.4646
vn 0.1597 -0.8163 -0.5551
vn 0.1621 -0.8209 -0.5475
vn 0.1889 -0.8201 -0.5402
vn 0.1725 -0.7189 -0.6734
vn 0.1495 -0.7957 -0.5870
vn 0.1621 -0.8209 -0.5476
vn 0.1158 -0.7285 -0.6752
vn 0.1004 -0.6951 -0.7118
vn 0.0732 -0.6326 -0.7710
vn 0.0580 -0.5918 -0.8040
vn 0.0430 -0.5539 -0.8315
vn 0.0105 -0.4678 -0.8838
vn 0.0105 -0.4665 -0.8844
vn 0.2659 -0.6305 0.7292
vn 0.2771 -0.6930 0.6656
vn 0.2345 -0.7812 0.5786
vn 0.2044 -0.8917 -0.4037
vn 0.1724 -0.7188 -0.6734
vn 0.0734 -0.6328 -0.7709
vn -0.8618 -0.5033 0.0628
vn -0.8192 -0.5688 0.0727
vn -0.8149 -0.5749 0.0734
vn -0.6414 -0.7637 0.0738
vn -0.6157 -0.7847 0.0721
vn -0.3896 -0.9194 0.0533
vn -0.3623 -0.9307 0.0505
vn -0.3895 -0.9195 0.0533
vn -0.2122 -0.9766 0.0337
vn -0.1894 -0.9814 0.0308
vn -0.0827 -0.9964 0.0172
vn -0.0644 -0.9978 0.0147
vn 0.0164 -0.9999 0.0037
vn 0.0318 -0.9995 0.0014
vn 0.0975 -0.9952 -0.0080
vn 0.1102 -0.9939 -0.0098
vn 0.0967 -0.9952 -0.0140
vn 0.1095 -0.9939 -0.0154
vn 0.1340 -0.9908 -0.0180
vn -0.8495 -0.5032 0.1583
vn -0.8069 -0.5748 0.1364
vn -0.8108 -0.5687 0.1381
vn -0.6136 -0.7847 0.0880
vn -0.6389 -0.7637 0.0928
vn -0.3630 -0.9307 0.0454
vn -0.3902 -0.9194 0.0485
vn -0.3900 -0.9195 0.0495
vn -0.1906 -0.9814 0.0209
vn -0.2134 -0.9767 0.0239
vn -0.0655 -0.9978 0.0050
vn -0.0840 -0.9964 0.0071
vn 0.0308 -0.9995 -0.0065
vn 0.0154 -0.9999 -0.0048
vn 0.1347 -0.9908 -0.0135
vn 0.1346 -0.9908 -0.0135
vn -0.8642 -0.5010 0.0470
vn -0.8186 -0.5706 0.0650
vn -0.8637 -0.5017 0.0472
vn -0.7695 -0.6353 0.0659
vn -0.6412 -0.7640 0.0720
vn -0.5324 -0.8464 0.0084
vn -0.3893 -0.9194 0.0560
vn -0.3134 -0.9496 -0.0063
vn -0.2132 -0.9764 0.0332
vn -0.1893 -0.9814 0.0308
vn -0.3193 -0.9470 -0.0361
vn -0.1361 -0.9904 0.0233
vn -0.0837 -0.9963 0.0171
vn -0.0643 -0.9978 0.0146
vn -0.0264 -0.9996 0.0093
vn 0.0154 -0.9999 0.0038
vn 0.0603 -0.9982 -0.0031
vn 0.0951 -0.9954 -0.0072
vn 0.1103 -0.9939 -0.0099
vn -0.8496 -0.5032 0.1583
vn -0.6389 -0.7637 0.0927
vn -0.0839 -0.9964 0.0072
vn 0.1338 -0.9909 -0.0132
vn 0.8447 -0.5120 -0.1559
vn 0.8760 -0.4676 -0.1181
vn 0.8047 -0.5853 -0.0998
vn 0.8215 -0.5610 -0.1017
vn 0.8595 -0.4603 -0.2222
vn 0.8214 -0.5611 -0.1027
vn 0.8046 -0.5853 -0.0998
vn 0.6869 -0.7221 -0.0820
vn 0.7035 -0.7056 -0.0843
vn 0.5906 -0.8040 -0.0696
vn 0.6052 -0.7928 -0.0714
vn 0.5104 -0.8578 -0.0602
vn 0.5236 -0.8497 -0.0616
vn 0.4410 -0.8960 -0.0525
vn 0.4526 -0.8901 -0.0537
vn 0.4518 -0.8901 -0.0597
vn 0.4182 -0.9067 -0.0546
vn 0.4404 -0.8959 -0.0580
vn 0.8209 -0.5610 -0.1064
vn 0.8951 -0.4149 -0.1633
vn 0.8807 -0.4602 -0.1117
vn 0.8040 -0.5853 -0.1049
vn 0.8306 -0.5055 -0.2338
vn 0.8209 -0.5611 -0.1064
vn 0.7023 -0.7056 -0.0941
vn 0.6857 -0.7221 -0.0920
vn 0.6040 -0.7929 -0.0814
vn 0.5892 -0.8041 -0.0793
vn 0.5224 -0.8498 -0.0701
vn 0.5094 -0.8579 -0.0681
vn 0.4188 -0.9067 -0.0501
vn 0.4187 -0.9067 -0.0501
vn 0.7645 -0.6286 -0.1430
vn 0.7979 -0.5891 -0.1280
vn 0.6869 -0.7221 -0.0821
vn 0.7016 -0.7075 -0.0847
vn 0.6469 -0.7586 -0.0776
vn 0.5905 -0.8040 -0.0697
vn 0.6038 -0.7939 -0.0715
vn 0.5595 -0.8262 -0.0661
vn 0.5224 -0.8505 -0.0616
vn 0.4849 -0.8727 -0.0566
vn 0.4411 -0.8959 -0.0525
vn 0.4530 -0.8899 -0.0533
vn 0.8305 -0.5055 -0.2338
vn 0.7023 -0.7057 -0.0940
vn 0.6856 -0.7221 -0.0919
vn 0.4195 -0.9064 -0.0500
vn 0.4182 -0.9069 -0.0509
vn -0.6594 0.0123 -0.7517
vn -0.6536 -0.0199 -0.7566
vn -0.5520 0.1026 -0.8275
vn -0.5701 0.1165 -0.8133
vn -0.4188 0.4115 -0.8095
vn -0.4309 0.3971 -0.8103
vn -0.3571 0.6669 -0.6540
vn -0.3629 0.6540 -0.6638
vn -0.3323 0.7987 -0.5017
vn -0.3350 0.7891 -0.5150
vn -0.3350 0.7891 -0.5149
vn -0.3193 0.8708 -0.3738
vn -0.3208 0.8643 -0.3874
vn -0.3100 0.9124 -0.2673
vn -0.3112 0.9081 -0.2801
vn -0.3020 0.9371 -0.1750
vn -0.3031 0.9343 -0.1876
vn -0.3338 0.9426 0.0106
vn -0.2904 0.9553 -0.0551
vn -0.3017 0.9377 -0.1722
vn -0.2903 0.9554 -0.0549
vn -0.3097 0.9139 -0.2623
vn -0.3191 0.8742 -0.3659
vn -0.3327 0.8063 -0.4891
vn -0.3597 0.6831 -0.6356
vn -0.4277 0.4373 -0.7911
vn -0.5715 0.1471 -0.8073
vn -0.6639 0.0407 -0.7467
vn -0.2796 0.9595 0.0344
vn -0.7837 0.4299 0.4484
vn -0.8409 0.4274 0.3320
vn -0.7599 0.5301 0.3762
vn -0.8874 0.3052 0.3455
vn -0.7571 0.5543 0.3457
vn -0.7543 0.5138 0.4088
vn -0.6719 0.6603 0.3355
vn -0.7134 0.5773 0.3971
vn -0.6547 0.6832 0.3234
vn -0.5690 0.7788 0.2641
vn -0.5837 0.7639 0.2754
vn -0.4966 0.8425 0.2085
vn -0.5091 0.8325 0.2185
vn -0.4325 0.8878 0.1573
vn -0.4436 0.8807 0.1663
vn -0.3471 0.9337 0.0879
vn -0.3474 0.9335 0.0884
vn -0.4345 0.8865 0.1590
vn -0.4999 0.8399 0.2114
vn -0.5740 0.7736 0.2686
vn -0.6619 0.6729 0.3303
vn -0.7581 0.5484 0.3530
vn -0.6978 0.6297 0.3413
vn -0.6719 0.6604 0.3354
vn -0.7803 0.5598 0.2789
vn 0.2715 0.2895 -0.9179
vn 0.2821 0.2587 -0.9238
vn 0.3834 0.3757 -0.8437
vn 0.3602 0.3888 -0.8480
vn 0.4079 0.6464 -0.6448
vn 0.4036 0.6348 -0.6589
vn 0.4079 0.6465 -0.6448
vn 0.2846 0.8465 -0.4499
vn 0.2909 0.8373 -0.4630
vn 0.2909 0.8373 -0.4629
vn 0.1568 0.9346 -0.3191
vn 0.1675 0.9289 -0.3304
vn 0.0496 0.9729 -0.2257
vn 0.0607 0.9700 -0.2355
vn -0.0388 0.9873 -0.1540
vn -0.0280 0.9863 -0.1629
vn -0.1142 0.9889 -0.0947
vn -0.1038 0.9893 -0.1029
vn -0.2871 0.9575 -0.0267
vn -0.2104 0.9774 -0.0203
vn -0.1165 0.9888 -0.0929
vn -0.2101 0.9775 -0.0204
vn -0.0430 0.9876 -0.1509
vn 0.0426 0.9744 -0.2206
vn 0.1453 0.9392 -0.3112
vn 0.2661 0.8583 -0.4387
vn 0.3850 0.6686 -0.6362
vn 0.3513 0.4171 -0.8382
vn 0.3850 0.6685 -0.6363
vn 0.2620 0.3164 -0.9118
vn -0.5941 0.0338 -0.8037
vn -0.5993 0.0617 -0.7982
vn -0.7082 0.1036 -0.6984
vn -0.7025 0.0747 -0.7077
vn -0.8215 0.3114 -0.4777
vn -0.8238 0.2717 -0.4975
vn -0.8215 0.3115 -0.4777
vn -0.7794 0.5487 -0.3024
vn -0.7938 0.5163 -0.3214
vn -0.7794 0.5488 -0.3024
vn -0.6945 0.6905 -0.2023
vn -0.7114 0.6687 -0.2163
vn -0.6087 0.7816 -0.1364
vn -0.6244 0.7672 -0.1468
vn -0.5300 0.8434 -0.0880
vn -0.5440 0.8336 -0.0960
vn -0.4573 0.8880 -0.0489
vn -0.4703 0.8808 -0.0555
vn -0.3580 0.9337 -0.0013
vn -0.3585 0.9335 -0.0013
vn -0.4596 0.8867 -0.0501
vn -0.5338 0.8408 -0.0900
vn -0.6145 0.7764 -0.1397
vn -0.7030 0.6802 -0.2074
vn -0.7904 0.5287 -0.3096
vn -0.8300 0.2806 -0.4821
vn -0.7904 0.5286 -0.3096
vn -0.7133 0.0520 -0.6990
vn -0.5877 0.0021 -0.8091
vn 0.8833 0.4405 -0.1603
vn 0.8972 0.4106 -0.1625
vn 0.8726 0.4883 -0.0085
vn 0.8624 0.5056 -0.0264
vn 0.6914 0.6994 0.1814
vn 0.7021 0.6921 0.1677
vn 0.4411 0.8678 0.2288
vn 0.4564 0.8608 0.2251
vn 0.2538 0.9438 0.2115
vn 0.2697 0.9391 0.2132
vn 0.2696 0.9391 0.2132
vn 0.1139 0.9771 0.1795
vn 0.1283 0.9747 0.1831
vn 0.0048 0.9892 0.1462
vn 0.0176 0.9885 0.1503
vn -0.0855 0.9898 0.1139
vn -0.0734 0.9902 0.1185
vn -0.2323 0.9726 -0.0029
vn -0.1986 0.9777 0.0689
vn -0.0882 0.9897 0.1130
vn -0.1983 0.9777 0.0690
vn -0.0001 0.9895 0.1444
vn 0.1058 0.9786 0.1767
vn 0.2405 0.9483 0.2071
vn 0.4206 0.8796 0.2223
vn 0.6696 0.7224 0.1724
vn 0.8465 0.5320 -0.0216
vn 0.8703 0.4665 -0.1582
vn -0.2795 0.9595 0.0344
vn 0.3479 0.3111 -0.8844
vn 0.3376 0.3376 -0.8787
vn 0.1911 0.3731 -0.9079
vn 0.2050 0.3465 -0.9154
vn -0.0761 0.5415 -0.8373
vn -0.0566 0.5082 -0.8594
vn -0.2247 0.7230 -0.6533
vn -0.2132 0.6984 -0.6832
vn -0.2773 0.8226 -0.4964
vn -0.2724 0.8076 -0.5230
vn -0.2725 0.8076 -0.5230
vn -0.2956 0.8812 -0.3690
vn -0.2940 0.8723 -0.3909
vn -0.3001 0.9167 -0.2637
vn -0.3000 0.9112 -0.2822
vn -0.2983 0.9387 -0.1727
vn -0.2989 0.9355 -0.1885
vn -0.2895 0.9556 -0.0554
vn -0.2894 0.9556 -0.0549
vn -0.2984 0.9382 -0.1754
vn -0.3003 0.9153 -0.2685
vn -0.2955 0.8779 -0.3768
vn -0.2766 0.8153 -0.5087
vn -0.2224 0.7071 -0.6712
vn -0.2766 0.8153 -0.5088
vn -0.0738 0.5143 -0.8544
vn 0.1942 0.3245 -0.9257
vn 0.3592 0.2809 -0.8900
vn -0.1741 0.1270 -0.9765
vn -0.1917 0.1785 -0.9651
vn -0.1888 0.1701 -0.9672
vn -0.2433 0.3743 -0.8948
vn -0.2336 0.3352 -0.9127
vn -0.2856 0.5808 -0.7623
vn -0.2777 0.5400 -0.7945
vn -0.3063 0.7195 -0.6233
vn -0.3018 0.6854 -0.6626
vn -0.3142 0.8137 -0.4890
vn -0.3127 0.7883 -0.5299
vn -0.3142 0.8138 -0.4889
vn -0.3144 0.8775 -0.3622
vn -0.3150 0.8594 -0.4028
vn -0.3127 0.7883 -0.5298
vn -0.2130 0.8787 0.4273
vn -0.2034 0.8607 0.4667
vn -0.1809 0.8153 0.5500
vn -0.1691 0.7900 0.5893
vn -0.1691 0.7900 0.5894
vn -0.1809 0.8153 0.5501
vn -0.1393 0.7214 0.6783
vn -0.1248 0.6873 0.7156
vn -0.0838 0.5830 0.8081
vn -0.0683 0.5425 0.8373
vn -0.0096 0.3770 0.9262
vn 0.0043 0.3380 0.9411
vn 0.0581 0.1814 0.9817
vn 0.0613 0.1730 0.9830
vn 0.0781 0.1299 0.9884
vn 0.0781 0.1300 0.9884
vn -0.1918 0.1788 -0.9650
vn -0.1889 0.1701 -0.9671
vn -0.3017 0.6853 -0.6629
vn -0.0841 0.5831 0.8080
vn -0.0686 0.5426 0.8372
vn 0.0041 0.3382 0.9411
vn -0.2493 0.5492 -0.7977
vn -0.2574 0.5892 -0.7659
vn -0.2299 0.4627 -0.8562
vn -0.2771 0.6931 -0.6655
vn -0.2657 0.6304 -0.7294
vn -0.2924 0.7947 -0.5320
vn -0.2826 0.7265 -0.6263
vn -0.3134 0.7600 -0.5694
vn -0.2992 0.8642 -0.4046
vn -0.2954 0.8194 -0.4913
vn -0.3052 0.8378 -0.4527
vn -0.3227 0.8199 -0.4729
vn -0.2999 0.8818 -0.3641
vn -0.3001 0.8907 -0.3415
vn -0.0057 0.4657 0.8849
vn -0.0554 0.5917 0.8042
vn -0.0394 0.5522 0.8328
vn -0.2771 0.6932 -0.6654
vn -0.2827 0.7263 -0.6266
vn -0.2658 0.6309 -0.7290
vn -0.2924 0.7946 -0.5320
vn -0.3134 0.7600 -0.5693
vn 0.8616 0.5036 -0.0629
vn 0.8145 0.5755 -0.0737
vn 0.8189 0.5693 -0.0728
vn 0.6155 0.7848 -0.0723
vn 0.6416 0.7635 -0.0740
vn 0.3627 0.9305 -0.0505
vn 0.3900 0.9193 -0.0533
vn 0.3627 0.9306 -0.0504
vn 0.1895 0.9814 -0.0308
vn 0.2122 0.9766 -0.0335
vn 0.3899 0.9193 -0.0532
vn 0.0641 0.9978 -0.0150
vn 0.0828 0.9964 -0.0171
vn -0.0317 0.9995 -0.0017
vn -0.0165 0.9999 -0.0037
vn -0.1102 0.9939 0.0099
vn -0.0973 0.9952 0.0079
vn -0.1340 0.9908 0.0180
vn -0.1096 0.9939 0.0154
vn -0.0965 0.9952 0.0140
vn 0.8105 0.5692 -0.1380
vn 0.8065 0.5754 -0.1360
vn 0.8494 0.5035 -0.1582
vn 0.6392 0.7635 -0.0926
vn 0.6135 0.7848 -0.0877
vn 0.3904 0.9193 -0.0496
vn 0.3634 0.9305 -0.0455
vn 0.2135 0.9766 -0.0241
vn 0.1907 0.9814 -0.0208
vn 0.3633 0.9306 -0.0455
vn 0.0840 0.9964 -0.0072
vn 0.0654 0.9978 -0.0046
vn -0.0156 0.9999 0.0049
vn -0.0306 0.9995 0.0067
vn -0.1346 0.9908 0.0135
vn -0.1345 0.9908 0.0135
vn 0.8585 0.5061 -0.0824
vn 0.8218 0.5655 -0.0701
vn -0.1339 0.9908 0.0180
vn -0.1094 0.9939 0.0153
vn -0.0966 0.9952 0.0140
vn 0.6392 0.7634 -0.0927
vn 0.1908 0.9814 -0.0209
vn 0.0841 0.9964 -0.0073
vn -0.0154 0.9999 0.0048
vn -0.0303 0.9995 0.0065
vn -0.7036 0.7056 0.0844
vn -0.6870 0.7221 0.0819
vn -0.8049 0.5850 0.0999
vn -0.8216 0.5607 0.1027
vn -0.6053 0.7927 0.0715
vn -0.5906 0.8040 0.0695
vn -0.5234 0.8499 0.0615
vn -0.5105 0.8578 0.0599
vn -0.4526 0.8901 0.0537
vn -0.4411 0.8959 0.0525
vn -0.4404 0.8959 0.0580
vn -0.4183 0.9067 0.0546
vn -0.4519 0.8901 0.0598
vn -0.8043 0.5850 0.1049
vn -0.8718 0.4604 0.1676
vn -0.8763 0.4683 0.1132
vn -0.8212 0.5607 0.1064
vn -0.8878 0.4602 -0.0062
vn -0.8042 0.5850 0.1049
vn -0.6857 0.7220 0.0920
vn -0.7023 0.7056 0.0939
vn -0.8211 0.5607 0.1064
vn -0.5891 0.8041 0.0797
vn -0.6040 0.7928 0.0814
vn -0.5094 0.8578 0.0684
vn -0.5223 0.8499 0.0701
vn -0.4189 0.9067 0.0501
vn -0.4189 0.9066 0.0501
vn -0.7017 0.7076 0.0834
vn -0.6870 0.7220 0.0821
vn -0.7533 0.6515 0.0897
vn -0.5904 0.8041 0.0693
vn -0.6473 0.7584 0.0761
vn -0.6038 0.7939 0.0710
vn -0.5597 0.8261 0.0657
vn -0.5223 0.8505 0.0614
vn -0.4508 0.8910 0.0533
vn -0.4852 0.8725 0.0574
vn -0.4183 0.9066 0.0546
vn -0.8717 0.4605 0.1676
vn -0.8763 0.4683 0.1131
vn -0.6858 0.7220 0.0920
vn -0.6039 0.7929 0.0814
vn -0.5095 0.8578 0.0684
vn -0.5224 0.8498 0.0701
vn -0.4205 0.9059 0.0508
vn -0.4410 0.8960 0.0524
vn -0.4184 0.9069 0.0502
vn 0.8820 0.1409 -0.4496
vn 0.8208 0.2158 -0.5289
vn 0.8192 0.2165 -0.5311
vn 0.8819 0.1414 -0.4498
vn 0.8657 0.0583 -0.4972
vn 0.8897 0.0687 -0.4513
vn 0.8897 0.0686 -0.4515
vn 0.8655 0.0583 -0.4975
vn 0.8160 0.1127 -0.5670
vn 0.8389 0.0801 -0.5384
vn 0.8387 0.0803 -0.5387
vn 0.8158 0.1131 -0.5671
vn 0.7737 0.2350 -0.5883
vn 0.8657 0.0582 -0.4972
vn 0.7962 0.1524 -0.5856
vn 0.7960 0.1527 -0.5857
vn 0.7862 0.1747 -0.5928
vn -0.8445 -0.3415 -0.4126
vn -0.8168 -0.3807 -0.4335
vn -0.8172 -0.3802 -0.4332
vn -0.8447 -0.3412 -0.4125
vn -0.7770 -0.4212 -0.4678
vn -0.7149 -0.4599 -0.5268
vn -0.7165 -0.4591 -0.5253
vn -0.7777 -0.4205 -0.4672
vn -0.7734 -0.4638 0.4321
vn -0.8185 -0.5500 0.1663
vn -0.8188 -0.5536 0.1520
vn -0.7754 -0.4662 0.4259
vn -0.8215 -0.5627 -0.0917
vn -0.8310 -0.5051 -0.2330
vn -0.8312 -0.5038 -0.2350
vn -0.8219 -0.5612 -0.0974
vn -0.8410 -0.4461 -0.3062
vn -0.8512 -0.3941 -0.3466
vn -0.8513 -0.3936 -0.3469
vn -0.8411 -0.4453 -0.3069
vn -0.7335 -0.4190 0.5351
vn -0.8310 -0.5052 -0.2330
vn -0.8615 -0.3482 -0.3696
vn -0.8616 -0.3478 -0.3697
vn -0.8613 -0.3240 -0.3913
vn 0.3431 -0.1417 0.9286
vn 0.2945 -0.1608 0.9420
vn 0.2942 -0.1607 0.9421
vn 0.3429 -0.1419 0.9286
vn 0.2444 -0.1474 0.9584
vn 0.2051 -0.1208 0.9713
vn 0.2047 -0.1207 0.9714
vn 0.2441 -0.1472 0.9585
vn 0.3968 -0.1403 0.9071
vn 0.3713 -0.0814 0.9249
vn 0.3535 -0.1510 0.9232
vn 0.1738 -0.0853 0.9811
vn 0.1736 -0.0850 0.9811
vn 0.1593 -0.0647 0.9851
vn 0.8810 0.2664 0.3910
vn 0.8812 0.2664 0.3906
vn 0.8813 0.2665 0.3903
vn 0.1596 -0.9755 -0.1514
vn 0.1709 -0.9749 -0.1424
vn 0.1573 -0.9756 -0.1533
vn 0.1460 -0.9759 -0.1622
vn 0.8366 0.0921 0.5401
vn 0.8620 0.1920 0.4691
vn 0.8629 0.1934 0.4668
vn 0.8366 0.0927 0.5399
vn 0.8761 0.0261 0.4814
vn 0.8496 0.0219 0.5269
vn 0.8497 0.0218 0.5267
vn 0.8763 0.0263 0.4811
vn 0.9020 0.1024 0.4195
vn 0.8939 0.0608 0.4441
vn 0.8940 0.0612 0.4439
vn 0.9020 0.1027 0.4194
vn 0.8843 0.2315 0.4055
vn 0.8496 0.0219 0.5270
vn 0.8497 0.0219 0.5267
vn 0.9027 0.1479 0.4040
vn 0.9027 0.1482 0.4039
vn 0.9010 0.1726 0.3979
vn -0.0749 -0.0964 -0.9925
vn -0.0384 -0.1338 -0.9903
vn -0.0388 -0.1334 -0.9903
vn -0.0751 -0.0960 -0.9925
vn 0.0160 -0.1715 -0.9851
vn 0.1028 -0.2055 -0.9732
vn 0.1006 -0.2049 -0.9736
vn 0.0151 -0.1710 -0.9852
vn 0.2511 -0.2181 -0.9431
vn 0.4805 -0.1328 -0.8669
vn 0.4690 -0.1400 -0.8720
vn 0.2454 -0.2183 -0.9445
vn 0.6846 0.0037 -0.7289
vn 0.7563 0.0584 -0.6516
vn 0.6802 0.0006 -0.7330
vn -0.7298 -0.4160 -0.5425
vn -0.5229 -0.4314 -0.7351
vn -0.5107 -0.4317 -0.7435
vn -0.7254 -0.4167 -0.5479
vn -0.3075 -0.3851 -0.8701
vn -0.2005 -0.2963 -0.9338
vn -0.1991 -0.2946 -0.9347
vn -0.3031 -0.3822 -0.8730
vn -0.1509 -0.2215 -0.9634
vn -0.1281 -0.1608 -0.9786
vn -0.1280 -0.1602 -0.9788
vn -0.1504 -0.2205 -0.9637
vn 0.2453 -0.2183 -0.9445
vn 0.4806 -0.1328 -0.8668
vn -0.7990 -0.4028 -0.4465
vn -0.7990 -0.4029 -0.4464
vn -0.5229 -0.4315 -0.7351
vn -0.3076 -0.3851 -0.8701
vn -0.3031 -0.3822 -0.8729
vn -0.5106 -0.4317 -0.7436
vn -0.1192 -0.1097 -0.9868
vn -0.1191 -0.1093 -0.9869
vn -0.1035 -0.0817 -0.9913
vn -0.6890 -0.2689 0.6730
vn -0.5989 -0.3348 0.7275
vn -0.5992 -0.3344 0.7274
vn -0.6911 -0.2683 0.6712
vn -0.5763 -0.4019 0.7116
vn -0.6118 -0.4152 0.6733
vn -0.6121 -0.4152 0.6731
vn -0.5765 -0.4020 0.7114
vn -0.6539 -0.3978 0.6436
vn -0.6886 -0.3687 0.6244
vn -0.6888 -0.3685 0.6243
vn -0.6541 -0.3976 0.6434
vn -0.7433 -0.2517 0.6198
vn -0.7432 -0.2517 0.6199
vn -0.5989 -0.3349 0.7275
vn -0.5763 -0.4018 0.7116
vn -0.7174 -0.3317 0.6126
vn -0.7176 -0.3315 0.6126
vn -0.7307 -0.3104 0.6080
vn 0.1204 0.0232 0.9925
vn 0.1207 0.0233 0.9924
vn 0.1211 0.0235 0.9924
vn 0.3143 -0.9288 -0.1962
vn 0.3128 -0.9322 -0.1822
vn 0.3129 -0.9322 -0.1822
vn 0.3147 -0.9281 -0.1991
vn 0.3160 -0.9245 -0.2130
vn 0.3161 -0.9245 -0.2130
vn 0.1963 -0.9636 -0.1814
vn 0.1887 -0.9621 -0.1967
vn 0.1950 -0.9634 -0.1840
vn 0.2025 -0.9647 -0.1685
vn -0.0100 -0.1705 0.9853
vn 0.0526 -0.0628 0.9966
vn 0.0549 -0.0610 0.9966
vn -0.0099 -0.1699 0.9854
vn 0.0673 -0.2271 0.9715
vn 0.0154 -0.2370 0.9714
vn 0.0156 -0.2371 0.9714
vn 0.0676 -0.2268 0.9716
vn 0.1250 -0.1442 0.9816
vn 0.1043 -0.1883 0.9766
vn 0.1045 -0.1880 0.9766
vn 0.1251 -0.1438 0.9817
vn 0.1137 -0.0141 0.9934
vn 0.0154 -0.2371 0.9714
vn 0.1335 -0.0970 0.9863
vn 0.1336 -0.0967 0.9863
vn 0.1352 -0.0717 0.9882
vn 0.7993 0.1436 -0.5835
vn 0.8210 0.1011 -0.5620
vn 0.8207 0.1016 -0.5623
vn 0.7991 0.1440 -0.5837
vn 0.8499 0.0548 -0.5241
vn 0.8903 0.0053 -0.4554
vn 0.8893 0.0063 -0.4573
vn 0.8493 0.0556 -0.5249
vn 0.9463 -0.0379 -0.3211
vn 0.9974 -0.0108 -0.0713
vn 0.9962 -0.0146 -0.0853
vn 0.9445 -0.0368 -0.3266
vn 0.9779 0.0558 0.2017
vn 0.9462 0.0790 0.3137
vn 0.9793 0.0544 0.1951
vn 0.1034 -0.1575 -0.9821
vn 0.3775 -0.1628 -0.9116
vn 0.3912 -0.1631 -0.9058
vn 0.1103 -0.1576 -0.9813
vn 0.6016 -0.1230 -0.7892
vn 0.7033 -0.0410 -0.7097
vn 0.7046 -0.0394 -0.7085
vn 0.6061 -0.1204 -0.7862
vn 0.7469 0.0293 -0.6642
vn 0.7656 0.0873 -0.6373
vn 0.7657 0.0879 -0.6371
vn 0.7473 0.0303 -0.6637
vn -0.0156 -0.1552 -0.9878
vn -0.0155 -0.1552 -0.9878
vn 0.7719 0.1368 -0.6208
vn 0.7720 0.1372 -0.6207
vn 0.7812 0.1621 -0.6028
vn -0.9059 -0.2971 -0.3019
vn -0.8959 -0.3875 -0.2172
vn -0.8961 -0.3870 -0.2173
vn -0.9055 -0.2957 -0.3043
vn -0.8635 -0.4520 -0.2238
vn -0.8492 -0.4503 -0.2757
vn -0.8492 -0.4502 -0.2760
vn -0.8634 -0.4520 -0.2240
vn -0.8489 -0.4200 -0.3209
vn -0.8546 -0.3820 -0.3517
vn -0.8546 -0.3818 -0.3520
vn -0.8490 -0.4197 -0.3211
vn -0.8925 -0.2597 -0.3688
vn -0.8925 -0.2597 -0.3689
vn -0.8492 -0.4502 -0.2761
vn -0.8642 -0.3392 -0.3717
vn -0.8642 -0.3388 -0.3718
vn -0.8697 -0.3154 -0.3796
vn -0.7670 -0.2213 0.6022
vn -0.7668 -0.2213 0.6025
vn -0.7670 -0.2213 0.6023
vn -0.7666 -0.2212 0.6029
vn 0.4303 -0.8992 -0.0787
vn 0.4181 -0.9054 -0.0738
vn 0.4182 -0.9054 -0.0738
vn 0.4328 -0.8980 -0.0797
vn 0.4448 -0.8916 -0.0846
vn 0.3578 -0.9167 -0.1778
vn 0.3665 -0.9105 -0.1915
vn 0.3593 -0.9157 -0.1801
vn 0.3505 -0.9216 -0.1665
vn 0.9500 0.2887 -0.1186
vn 0.9503 0.2871 -0.1204
vn 0.9503 0.2872 -0.1204
vn 0.9500 0.2888 -0.1186
vn 0.9502 0.2904 -0.1133
vn 0.9500 0.2900 -0.1162
vn 0.9500 0.2899 -0.1161
vn 0.9501 0.2905 -0.1133
vn 0.9518 0.2868 -0.1085
vn 0.9508 0.2897 -0.1100
vn 0.9508 0.2898 -0.1099
vn 0.9526 0.2833 -0.1111
vn 0.9525 0.2840 -0.1098
vn 0.9525 0.2842 -0.1096
vn 0.9483 0.2868 -0.1361
vn 0.9493 0.2840 -0.1350
vn 0.9492 0.2840 -0.1351
vn 0.9482 0.2868 -0.1362
vn 0.9478 0.2906 -0.1312
vn 0.9476 0.2898 -0.1345
vn 0.9476 0.2897 -0.1345
vn 0.9478 0.2905 -0.1312
vn 0.9491 0.2888 -0.1260
vn 0.9484 0.2899 -0.1283
vn 0.9484 0.2900 -0.1282
vn 0.9491 0.2887 -0.1260
vn 0.9497 0.2833 -0.1339
vn 0.9497 0.2833 -0.1338
vn 0.9484 0.2899 -0.1284
vn 0.9498 0.2871 -0.1243
vn 0.9502 0.2866 -0.1224
vn 0.9501 0.2869 -0.1224
vn 0.9499 0.2900 -0.1162
vn -0.5180 -0.4814 -0.7070
vn -0.5257 -0.4000 -0.7508
vn -0.5258 -0.3992 -0.7511
vn -0.5182 -0.4799 -0.7079
vn -0.5257 -0.6774 -0.5147
vn -0.5124 -0.5827 -0.6309
vn -0.5124 -0.5809 -0.6325
vn -0.5251 -0.6754 -0.5177
vn -0.7154 -0.6891 -0.1158
vn -0.5784 -0.7408 -0.3416
vn -0.5763 -0.7398 -0.3471
vn -0.7099 -0.6935 -0.1232
vn -0.8629 -0.4984 0.0839
vn -0.8308 -0.5548 0.0445
vn -0.8304 -0.5554 0.0441
vn -0.5277 -0.3693 -0.7649
vn -0.5124 -0.5826 -0.6309
vn -0.5124 -0.5808 -0.6325
vn -0.3190 -0.3975 0.8604
vn -0.3225 -0.4791 0.8163
vn -0.3225 -0.4776 0.8172
vn -0.3189 -0.3967 0.8607
vn -0.3363 -0.5806 0.7415
vn -0.3784 -0.6756 0.6327
vn -0.3771 -0.6737 0.6355
vn -0.3358 -0.5788 0.7431
vn -0.4731 -0.7395 0.4788
vn -0.6627 -0.6884 0.2947
vn -0.6555 -0.6928 0.3005
vn -0.4698 -0.7386 0.4836
vn -0.8149 -0.5546 0.1683
vn -0.8559 -0.4983 0.1380
vn -0.8559 -0.4984 0.1380
vn -0.8144 -0.5552 0.1686
vn -0.3359 -0.5788 0.7431
vn 0.2595 -0.9507 -0.1698
vn -0.3173 -0.3669 0.8745
vn 0.2943 -0.9503 0.1015
vn -0.9501 -0.2864 0.1235
vn -0.9502 -0.2865 0.1225
vn -0.9502 -0.2865 0.1224
vn -0.9502 -0.2863 0.1233
vn -0.9505 -0.2862 0.1211
vn -0.9504 -0.2864 0.1212
vn 0.9502 0.2905 -0.1133
vn 0.9500 0.2899 -0.1160
vn 0.9501 0.2905 -0.1132
vn 0.9483 0.2868 -0.1362
vn 0.9491 0.2887 -0.1259
vn 0.9499 0.2901 -0.1162
vn -0.5181 -0.4814 -0.7070
vn -0.5258 -0.3999 -0.7507
vn -0.5258 -0.3991 -0.7512
vn -0.5183 -0.4799 -0.7079
vn -0.5257 -0.6773 -0.5147
vn -0.5251 -0.6754 -0.5178
vn -0.7154 -0.6890 -0.1158
vn -0.8629 -0.4984 0.0840
vn -0.8308 -0.5548 0.0446
vn -0.8304 -0.5554 0.0442
vn -0.5277 -0.3693 -0.7650
vn -0.3226 -0.4791 0.8163
vn -0.3190 -0.3967 0.8607
vn -0.4731 -0.7396 0.4788
vn -0.4697 -0.7386 0.4835
vn 0.2595 -0.9507 -0.1697
vn -0.3173 -0.3670 0.8745
vn 0.2943 -0.9503 0.1016
vn 0.4658 -0.1065 -0.8784
vn 0.5135 -0.1761 -0.8398
vn 0.5126 -0.1748 -0.8406
vn 0.4654 -0.1058 -0.8788
vn 0.5809 -0.2591 -0.7716
vn 0.6695 -0.3236 -0.6686
vn 0.6673 -0.3225 -0.6713
vn 0.5796 -0.2577 -0.7731
vn 0.7867 -0.3368 -0.5174
vn 0.7833 -0.3374 -0.5221
vn 0.4477 -0.0806 -0.8905
vn 0.5795 -0.2577 -0.7731
vn 0.7090 -0.1738 0.6835
vn 0.6726 -0.1041 0.7327
vn 0.6722 -0.1034 0.7331
vn 0.7083 -0.1726 0.6845
vn 0.8168 -0.3219 0.4788
vn 0.7570 -0.2570 0.6007
vn 0.7561 -0.2556 0.6025
vn 0.8153 -0.3208 0.4820
vn 0.8922 -0.3353 0.3025
vn 0.9219 -0.3340 0.1966
vn 0.9232 -0.2675 0.2758
vn 0.8898 -0.3363 0.3084
vn 0.9277 -0.3532 0.1212
vn 0.6581 -0.0782 0.7489
vn 0.9530 0.2768 -0.1228
vn 0.9531 0.2771 -0.1214
vn 0.9532 0.2769 -0.1216
vn 0.9529 0.2769 -0.1238
vn 0.9529 0.2770 -0.1237
vn 0.5135 -0.1762 -0.8398
vn 0.5126 -0.1749 -0.8406
vn 0.4653 -0.1058 -0.8788
vn 0.4477 -0.0806 -0.8906
vn 0.7083 -0.1725 0.6845
vn 0.7570 -0.2571 0.6007
vn 0.7561 -0.2557 0.6024
vn 0.8364 -0.3101 0.4520
vn 0.8360 -0.3044 0.4566
vn 0.8551 -0.3874 0.3445
vn 0.9531 0.2771 -0.1215
vn 0.1270 0.0046 0.9919
vn 0.1273 0.0056 0.9918
vn 0.1270 0.0057 0.9919
vn 0.1270 0.0045 0.9919
vn 0.1277 0.0065 0.9918
vn 0.1281 0.0058 0.9917
vn 0.1281 0.0057 0.9917
vn 0.1267 0.0015 0.9919
vn 0.1176 -0.0066 0.9930
vn 0.1009 -0.0150 0.9948
vn 0.0918 -0.0182 0.9956
vn 0.1010 -0.0149 0.9948
vn 0.1267 0.0016 0.9919
vn 0.1269 0.0042 0.9919
vn 0.1270 0.0038 0.9919
vn 0.1273 0.0056 0.9919
vn 0.1272 0.0055 0.9919
vn 0.1276 0.0061 0.9918
vn 0.3697 0.0082 -0.9291
vn 0.3778 0.0441 -0.9248
vn 0.3778 0.0443 -0.9248
vn 0.3698 0.0086 -0.9291
vn 0.3211 -0.0964 -0.9421
vn 0.3547 -0.0399 -0.9341
vn 0.3549 -0.0394 -0.9341
vn 0.3217 -0.0956 -0.9420
vn 0.1194 -0.1656 -0.9789
vn 0.2499 -0.1559 -0.9557
vn 0.2515 -0.1549 -0.9554
vn 0.1228 -0.1664 -0.9784
vn -0.0188 -0.0965 -0.9952
vn 0.0099 -0.1216 -0.9925
vn 0.0101 -0.1217 -0.9925
vn 0.2498 -0.1559 -0.9557
vn 0.3816 0.0579 -0.9225
vn 0.5012 -0.8640 -0.0472
vn -0.9827 -0.1352 0.1266
vn -0.9827 -0.1353 0.1266
vn -0.1275 0.0028 -0.9918
vn -0.1276 0.0016 -0.9918
vn -0.1272 0.0025 -0.9919
vn -0.1264 0.0028 -0.9920
vn -0.1268 0.0036 -0.9919
vn -0.1370 -0.0096 -0.9905
vn -0.1279 -0.0015 -0.9918
vn -0.1279 -0.0014 -0.9918
vn -0.1369 -0.0095 -0.9905
vn -0.1625 -0.0211 -0.9865
vn -0.1536 -0.0179 -0.9880
vn -0.1535 -0.0179 -0.9880
vn -0.1626 -0.0211 -0.9865
vn -0.1277 0.0013 -0.9918
vn -0.1272 0.0028 -0.9919
vn -0.1273 0.0027 -0.9919
vn 0.5991 0.0466 0.7993
vn 0.5923 0.0108 0.8056
vn 0.5924 0.0112 0.8056
vn 0.5991 0.0468 0.7993
vn 0.5791 -0.0373 0.8144
vn 0.5486 -0.0937 0.8308
vn 0.5491 -0.0930 0.8305
vn 0.5793 -0.0368 0.8143
vn 0.4831 -0.1531 0.8621
vn 0.3628 -0.1628 0.9175
vn 0.3660 -0.1636 0.9161
vn 0.4846 -0.1522 0.8614
vn 0.2603 -0.1187 0.9582
vn 0.2331 -0.0936 0.9679
vn 0.2604 -0.1188 0.9582
vn 0.4831 -0.1532 0.8621
vn 0.6021 0.0605 0.7961
vn 0.4972 -0.8641 -0.0783
vn -0.9828 -0.1352 0.1260
vn 0.3779 0.0443 -0.9248
vn 0.1194 -0.1657 -0.9789
vn 0.2499 -0.1558 -0.9557
vn 0.0098 -0.1217 -0.9925
vn -0.0173 -0.1028 -0.9946
vn -0.0226 -0.0982 -0.9949
vn 0.0100 -0.1218 -0.9925
vn -0.0060 -0.0980 -0.9952
vn -0.1272 0.0026 -0.9919
vn -0.1275 0.0016 -0.9918
vn -0.1265 0.0027 -0.9920
vn -0.1265 0.0025 -0.9920
vn -0.1369 -0.0096 -0.9905
vn -0.1534 -0.0178 -0.9880
vn -0.1276 0.0018 -0.9918
vn -0.1277 0.0016 -0.9918
vn -0.1276 0.0013 -0.9918
vn 0.5991 0.0467 0.7993
vn 0.5923 0.0109 0.8056
vn 0.5924 0.0111 0.8056
vn 0.5991 0.0469 0.7993
vn 0.5492 -0.0929 0.8305
vn 0.3660 -0.1635 0.9161
vn 0.2602 -0.1187 0.9582
vn 0.2331 -0.0935 0.9679
vn 0.1252 0.0052 0.9921
vn 0.1259 0.0042 0.9920
vn 0.1259 0.0043 0.9920
vn 0.1243 0.0046 0.9922
vn 0.1242 0.0054 0.9922
vn 0.1278 0.0018 0.9918
vn 0.1253 0.0015 0.9921
vn 0.1285 0.0001 0.9917
vn 0.1278 0.0019 0.9918
vn 0.1363 -0.0004 0.9907
vn 0.1263 0.0035 0.9920
vn 0.1261 0.0040 0.9920
vn 0.1249 0.0050 0.9922
vn 0.1251 0.0049 0.9921
vn -0.5459 -0.2293 -0.8059
vn -0.5211 -0.2554 -0.8144
vn -0.5213 -0.2551 -0.8143
vn -0.5460 -0.2291 -0.8058
vn -0.4843 -0.2882 -0.8261
vn -0.4286 -0.3183 -0.8456
vn -0.4294 -0.3179 -0.8453
vn -0.4847 -0.2879 -0.8260
vn -0.3421 -0.3310 -0.8794
vn -0.3438 -0.3311 -0.8787
vn -0.5558 -0.2195 -0.8018
vn 0.8993 0.4218 -0.1157
vn -0.1287 0.0013 -0.9917
vn -0.1296 0.0017 -0.9916
vn -0.1295 0.0019 -0.9916
vn -0.1304 0.0026 -0.9915
vn -0.1303 0.0017 -0.9915
vn -0.1268 -0.0011 -0.9919
vn -0.1284 0.0011 -0.9917
vn -0.1284 0.0009 -0.9917
vn -0.1295 0.0021 -0.9916
vn -0.1294 0.0020 -0.9916
vn -0.1300 0.0022 -0.9915
vn -0.2985 -0.2528 0.9203
vn -0.3246 -0.2267 0.9183
vn -0.3248 -0.2266 0.9183
vn -0.2988 -0.2525 0.9203
vn -0.2010 -0.3156 0.9273
vn -0.2598 -0.2856 0.9225
vn -0.2603 -0.2853 0.9224
vn -0.2020 -0.3153 0.9273
vn -0.1088 -0.3283 0.9383
vn -0.0640 -0.3285 0.9423
vn -0.0958 -0.2925 0.9515
vn -0.1107 -0.3284 0.9380
vn -0.0041 -0.3730 0.9278
vn -0.3353 -0.2170 0.9168
vn 0.8992 0.4218 -0.1163
vn -0.4842 -0.2882 -0.8261
vn -0.4847 -0.2879 -0.8259
vn -0.1294 0.0023 -0.9916
vn -0.1295 0.0020 -0.9916
vn -0.1287 0.0012 -0.9917
vn -0.1302 0.0016 -0.9915
vn -0.1301 0.0015 -0.9915
vn -0.1267 -0.0011 -0.9919
vn -0.1283 0.0006 -0.9917
vn -0.1297 0.0021 -0.9915
vn -0.3248 -0.2266 0.9182
vn -0.0640 -0.3284 0.9424
vn -0.1107 -0.3283 0.9381
vn -0.0040 -0.3730 0.9278
vn -0.1088 -0.3284 0.9383
vn -0.0607 0.9982 0.0023
vn -0.0156 0.9999 -0.0039
vn 0.0264 0.9996 -0.0099
vn 0.0645 0.9978 -0.0147
vn 0.0835 0.9964 -0.0176
vn 0.5368 0.8412 -0.0657
vn 0.6155 0.7848 -0.0722
vn 0.6422 0.7627 -0.0770
vn -0.3635 -0.3603 -0.8591
vn -0.4151 -0.3335 -0.8465
vn -0.3973 -0.2806 -0.8737
vn 0.1365 0.9903 -0.0248
vn 0.2130 0.9764 -0.0344
vn 0.7703 0.6313 -0.0900
vn -0.9828 -0.1353 0.1260
vn -0.1334 0.9910 0.0146
vn -0.1338 0.9909 0.0134
vn -0.0966 0.9953 0.0076
vn 0.3219 0.9451 -0.0559
vn 0.3901 0.9193 -0.0521
vn -0.3420 -0.3310 -0.8795
vn -0.2559 -0.3258 -0.9101
vn -0.2865 -0.3260 -0.9009
vn -0.8674 0.4683 0.1684
vn -0.8216 0.5607 0.1028
vn 0.6723 -0.6604 -0.3346
vn 0.6589 -0.6234 -0.4209
vn 0.6618 -0.6730 -0.3302
vn 0.7339 -0.5766 -0.3590
vn -0.1985 0.8830 0.4254
vn -0.2196 0.9118 0.3468
vn -0.2045 0.8918 0.4036
vn -0.8782 0.4631 0.1194
vn -0.0734 0.6329 0.7707
vn -0.1004 0.6952 0.7118
vn -0.0731 0.6331 0.7706
vn -0.1156 0.7285 0.6753
vn -0.2310 0.6941 0.6819
vn -0.1599 0.7616 0.6280
vn -0.0726 0.6331 0.7707
vn -0.1202 -0.0068 -0.9927
vn -0.1221 -0.0018 -0.9925
vn -0.1252 0.0009 -0.9921
vn -0.1220 -0.0019 -0.9925
vn -0.1253 0.0009 -0.9921
vn -0.2285 0.9239 0.3069
vn -0.2330 0.9286 0.2887
vn -0.2440 0.9306 0.2730
vn -0.2332 0.9293 0.2865
vn -0.2440 0.9305 0.2731
vn -0.2332 0.9293 0.2864
vn 0.7357 -0.3981 -0.5479
vn 0.7124 -0.3505 -0.6079
vn 0.7022 -0.3001 -0.6457
vn -0.7149 -0.4598 -0.5268
vn -0.6430 -0.4918 -0.5872
vn -0.6511 -0.4794 -0.5884
vn -0.7030 -0.4418 -0.5573
vn -0.7165 -0.4590 -0.5253
vn -0.1620 0.8209 0.5476
vn -0.1588 0.8316 0.5322
vn -0.1487 0.7960 0.5867
vn 0.7768 -0.5635 -0.2811
vn 0.7800 -0.4955 -0.3822
vn -0.3440 -0.2944 -0.8916
vn -0.3438 -0.3310 -0.8787
vn 0.8626 -0.3604 -0.3551
vn 0.8391 -0.3350 -0.4287
vn 0.8147 -0.2726 -0.5118
vn -0.1875 0.8654 0.4647
vn -0.2953 0.8193 -0.4914
vn -0.4190 0.9066 0.0502
vn 0.5124 0.8560 0.0688
vn -0.9827 -0.1354 0.1260
vn -0.1344 0.9908 0.0135
vn -0.8955 0.4442 -0.0272
vn 0.6896 -0.5684 -0.4487
vt 0.354180 0.411760
vt 0.339830 0.550760
vt 0.351980 0.529320
vt 0.338720 0.411760
vt 0.338730 0.550760
vt 0.323400 0.411760
vt 0.325590 0.529320
vt 0.337640 0.550760
vt 0.585900 0.860880
vt 0.571550 0.999880
vt 0.583710 0.978440
vt 0.570440 0.860880
vt 0.570450 0.999880
vt 0.555130 0.860880
vt 0.557320 0.978440
vt 0.569360 0.999880
vt 0.502424 0.436721
vt 0.515100 0.550760
vt 0.515108 0.436705
vt 0.501840 0.529320
vt 0.514000 0.550760
vt 0.500115 0.436724
vt 0.527867 0.436775
vt 0.528230 0.529320
vt 0.529962 0.436787
vt 0.515304 0.436706
vt 0.516190 0.550760
vt 0.150948 0.437113
vt 0.163580 0.550760
vt 0.163588 0.437097
vt 0.150320 0.529320
vt 0.162480 0.550760
vt 0.148602 0.437116
vt 0.176307 0.437167
vt 0.176710 0.529320
vt 0.178434 0.437179
vt 0.163787 0.437098
vt 0.164670 0.550760
vt 0.512296 0.436687
vt 0.500115 0.436702
vt 0.515108 0.436684
vt 0.160732 0.437079
vt 0.148602 0.437094
vt 0.163588 0.437076
vt 0.957480 0.352240
vt 0.954360 0.351780
vt 0.955830 0.363190
vt 0.957670 0.363680
vt 0.957160 0.331480
vt 0.950240 0.331110
vt 0.956940 0.315000
vt 0.943860 0.314790
vt 0.956750 0.299280
vt 0.935380 0.299280
vt 0.211280 0.780620
vt 0.238030 0.797600
vt 0.238120 0.777030
vt 0.220220 0.765030
vt 0.201110 0.798350
vt 0.237960 0.821020
vt 0.190100 0.817550
vt 0.237910 0.846400
vt 0.178660 0.837490
vt 0.237870 0.872750
vt 0.119450 0.802230
vt 0.142280 0.788710
vt 0.164250 0.775680
vt 0.184520 0.763640
vt 0.202310 0.753040
vt 0.978120 0.299280
vt 0.970020 0.315210
vt 0.964080 0.331840
vt 0.960610 0.352700
vt 0.959520 0.364170
vt 0.119460 0.872680
vt 0.943062 0.881030
vt 0.935940 0.883900
vt 0.938175 0.887850
vt 0.220230 0.979540
vt 0.202340 0.991480
vt 0.216970 0.999880
vt 0.211290 0.964260
vt 0.184550 0.981170
vt 0.201120 0.946770
vt 0.164280 0.969370
vt 0.190110 0.927750
vt 0.142300 0.956520
vt 0.178670 0.907940
vt 0.119470 0.943130
vt 0.237910 0.898980
vt 0.237960 0.924170
vt 0.238030 0.947340
vt 0.238120 0.967610
vt 0.380360 0.777310
vt 0.383320 0.777710
vt 0.384390 0.766740
vt 0.382130 0.766210
vt 0.379350 0.797820
vt 0.384390 0.797800
vt 0.374060 0.786730
vt 0.374060 0.775630
vt 0.357860 0.779510
vt 0.357560 0.785050
vt 0.101110 0.764830
vt 0.119010 0.776820
vt 0.119210 0.760060
vt 0.108580 0.752160
vt 0.092090 0.780270
vt 0.118840 0.797250
vt 0.081860 0.797880
vt 0.118700 0.820550
vt 0.070790 0.816990
vt 0.118600 0.845830
vt 0.059320 0.836870
vt 0.118530 0.872130
vt 0.000120 0.801610
vt 0.022980 0.788150
vt 0.045010 0.775210
vt 0.065340 0.763290
vt 0.083220 0.752830
vt 0.097940 0.744260
vt 0.374060 0.797840
vt 0.357260 0.790580
vt 0.374300 0.797840
vt 0.377390 0.776920
vt 0.379870 0.765670
vt 0.000130 0.872070
vt 0.390630 0.786220
vt 0.387720 0.786600
vt 0.390200 0.797840
vt 0.392400 0.797320
vt 0.389620 0.765710
vt 0.384630 0.765680
vt 0.374050 0.764290
vt 0.374050 0.753210
vt 0.357260 0.760490
vt 0.357550 0.766010
vt 0.101130 0.979360
vt 0.083240 0.991300
vt 0.097970 0.999880
vt 0.108590 0.992030
vt 0.092100 0.963930
vt 0.065360 0.980850
vt 0.081870 0.946310
vt 0.045030 0.968920
vt 0.070800 0.927200
vt 0.023010 0.955980
vt 0.059330 0.907320
vt 0.000140 0.942520
vt 0.118600 0.898420
vt 0.118700 0.923700
vt 0.118840 0.947000
vt 0.119010 0.967430
vt 0.119210 0.984190
vt 0.374050 0.775380
vt 0.357850 0.771520
vt 0.394610 0.765740
vt 0.393540 0.785840
vt 0.394610 0.796800
vt 0.795970 0.033340
vt 0.799030 0.035060
vt 0.802510 0.024290
vt 0.800520 0.022940
vt 0.788830 0.052760
vt 0.795040 0.055570
vt 0.785570 0.069340
vt 0.796900 0.073920
vt 0.784290 0.086050
vt 0.802510 0.093020
vt 0.330180 0.788720
vt 0.356930 0.805690
vt 0.357020 0.785420
vt 0.339120 0.773430
vt 0.320010 0.806210
vt 0.356860 0.828870
vt 0.309000 0.825230
vt 0.356810 0.854060
vt 0.297560 0.845040
vt 0.356780 0.880280
vt 0.238350 0.809790
vt 0.261190 0.796400
vt 0.283160 0.783550
vt 0.303430 0.771750
vt 0.321220 0.761440
vt 0.346480 0.760940
vt 0.335850 0.753040
vt 0.774240 0.064760
vt 0.782620 0.049950
vt 0.792910 0.031620
vt 0.798520 0.021590
vt 0.238370 0.880240
vt 0.956540 0.490520
vt 0.953450 0.490970
vt 0.954550 0.502440
vt 0.956360 0.501960
vt 0.956850 0.469750
vt 0.949970 0.470110
vt 0.957060 0.453280
vt 0.944020 0.453480
vt 0.957230 0.437560
vt 0.935900 0.437560
vt 0.330190 0.972360
vt 0.303450 0.989280
vt 0.321240 0.999880
vt 0.339130 0.987940
vt 0.320020 0.954620
vt 0.283180 0.977230
vt 0.309010 0.935420
vt 0.261210 0.964200
vt 0.297580 0.915480
vt 0.238380 0.950690
vt 0.356810 0.906640
vt 0.356860 0.932010
vt 0.356930 0.955430
vt 0.357020 0.976000
vt 0.978560 0.437560
vt 0.970100 0.453070
vt 0.963730 0.469400
vt 0.959630 0.490070
vt 0.958170 0.501480
vt 0.702240 0.565930
vt 0.702240 0.577150
vt 0.706140 0.577160
vt 0.703430 0.565930
vt 0.702240 0.597230
vt 0.714190 0.597300
vt 0.702240 0.612600
vt 0.727250 0.612750
vt 0.702240 0.626830
vt 0.744830 0.627090
vt 0.702240 0.640050
vt 0.766260 0.640450
vt 0.382850 0.411760
vt 0.369080 0.411760
vt 0.367400 0.502210
vt 0.381640 0.477220
vt 0.308710 0.411760
vt 0.310390 0.502210
vt 0.295210 0.411760
vt 0.296420 0.477220
vt 0.933240 0.594010
vt 0.975790 0.594010
vt 0.996940 0.581650
vt 0.933000 0.581650
vt 0.933400 0.607610
vt 0.958390 0.607610
vt 0.933470 0.622650
vt 0.945410 0.622660
vt 0.933380 0.642840
vt 0.937290 0.642840
vt 0.933300 0.654200
vt 0.934490 0.654210
vt 0.830510 0.640450
vt 0.830510 0.629240
vt 0.826610 0.629220
vt 0.829320 0.640450
vt 0.830510 0.609150
vt 0.818560 0.609080
vt 0.830510 0.593780
vt 0.805500 0.593630
vt 0.830510 0.579560
vt 0.787920 0.579300
vt 0.830510 0.566330
vt 0.766490 0.565930
vt 0.614580 0.860880
vt 0.600810 0.860880
vt 0.599130 0.951330
vt 0.613370 0.926340
vt 0.540440 0.860880
vt 0.542120 0.951330
vt 0.526940 0.860880
vt 0.528150 0.926340
vt 0.936140 0.515040
vt 0.978690 0.515040
vt 0.999840 0.502680
vt 0.935900 0.502680
vt 0.936300 0.528640
vt 0.961290 0.528640
vt 0.936370 0.543680
vt 0.948310 0.543690
vt 0.936280 0.563870
vt 0.940180 0.563870
vt 0.936200 0.575240
vt 0.937390 0.575240
vt 0.904194 0.823890
vt 0.904192 0.823738
vt 0.903920 0.824060
vt 0.904195 0.824058
vt 0.904267 0.832302
vt 0.886340 0.838400
vt 0.904317 0.838290
vt 0.904358 0.843371
vt 0.864930 0.851760
vt 0.904416 0.851519
vt 0.472180 0.477220
vt 0.475253 0.436820
vt 0.471434 0.436840
vt 0.486430 0.502210
vt 0.485215 0.436770
vt 0.488384 0.436759
vt 0.541512 0.436871
vt 0.543440 0.502210
vt 0.544653 0.436895
vt 0.554379 0.436987
vt 0.557400 0.477220
vt 0.558143 0.437022
vt 0.952408 0.819176
vt 0.947558 0.824894
vt 0.976800 0.851760
vt 0.968680 0.827690
vt 0.955477 0.815562
vt 0.959133 0.811332
vt 0.964290 0.805370
vt 0.964285 0.805365
vt 0.964288 0.805362
vt 0.964290 0.805360
vt 0.898110 0.055307
vt 0.898042 0.047028
vt 0.880570 0.061270
vt 0.898159 0.061163
vt 0.898195 0.066326
vt 0.859150 0.074640
vt 0.898252 0.074396
vt 0.120660 0.477220
vt 0.123800 0.437212
vt 0.119921 0.437232
vt 0.134910 0.502210
vt 0.133702 0.437162
vt 0.136921 0.437151
vt 0.189936 0.437262
vt 0.191920 0.502210
vt 0.193126 0.437287
vt 0.202793 0.437378
vt 0.205880 0.477220
vt 0.206616 0.437414
vt 0.956466 0.720534
vt 0.951663 0.726196
vt 0.980620 0.752800
vt 0.972500 0.728730
vt 0.959582 0.716864
vt 0.963159 0.712721
vt 0.969857 0.715292
vt 0.964520 0.711146
vt 0.640420 0.098300
vt 0.640390 0.086710
vt 0.635250 0.086790
vt 0.636840 0.098390
vt 0.640380 0.065480
vt 0.630590 0.065530
vt 0.640430 0.048230
vt 0.623100 0.048230
vt 0.878430 0.550760
vt 0.878630 0.533010
vt 0.851160 0.532710
vt 0.861110 0.550690
vt 0.878800 0.511390
vt 0.838970 0.510810
vt 0.878940 0.486720
vt 0.825000 0.485820
vt 0.879050 0.459950
vt 0.809800 0.458710
vt 0.728770 0.272350
vt 0.659530 0.274030
vt 0.649220 0.292280
vt 0.728840 0.291780
vt 0.631440 0.563380
vt 0.627870 0.563320
vt 0.626360 0.574930
vt 0.631500 0.574970
vt 0.621800 0.596210
vt 0.631580 0.596200
vt 0.614250 0.613560
vt 0.631580 0.613450
vt 0.728840 0.181540
vt 0.711520 0.181720
vt 0.701280 0.199760
vt 0.728750 0.199290
vt 0.688870 0.221750
vt 0.728710 0.220910
vt 0.674780 0.246820
vt 0.728720 0.245580
vt 0.879100 0.440470
vt 0.799440 0.440470
vt 0.680176 0.597347
vt 0.680166 0.595046
vt 0.679150 0.595060
vt 0.680197 0.602699
vt 0.680077 0.585886
vt 0.679965 0.573782
vt 0.674490 0.573810
vt 0.679862 0.569355
vt 0.679578 0.556500
vt 0.667000 0.556500
vt 0.869597 0.996682
vt 0.869226 0.982071
vt 0.847150 0.981830
vt 0.857100 0.999810
vt 0.869678 0.999861
vt 0.869135 0.979055
vt 0.868567 0.960419
vt 0.834960 0.959930
vt 0.868468 0.957501
vt 0.867724 0.935720
vt 0.820990 0.934940
vt 0.867620 0.932879
vt 0.866755 0.908922
vt 0.805790 0.907830
vt 0.079670 0.268060
vt 0.010430 0.269740
vt 0.000120 0.287990
vt 0.079740 0.287490
vt 0.608380 0.759970
vt 0.604810 0.759910
vt 0.603300 0.771520
vt 0.608440 0.771560
vt 0.598740 0.792810
vt 0.608520 0.792790
vt 0.591200 0.810150
vt 0.608520 0.810050
vt 0.079740 0.177250
vt 0.062410 0.177430
vt 0.052170 0.195470
vt 0.079650 0.195000
vt 0.039770 0.217450
vt 0.079610 0.216620
vt 0.025680 0.242530
vt 0.079620 0.241290
vt 0.866682 0.907025
vt 0.866013 0.889590
vt 0.795430 0.889590
vt 0.363614 0.020532
vt 0.365957 0.020520
vt 0.367730 0.016420
vt 0.350410 0.016420
vt 0.350422 0.020425
vt 0.471640 0.265390
vt 0.488960 0.265320
vt 0.498910 0.247340
vt 0.471440 0.247640
vt 0.511100 0.225440
vt 0.471270 0.226020
vt 0.525070 0.200450
vt 0.471130 0.201350
vt 0.540270 0.173340
vt 0.471020 0.174580
vt 0.199000 0.205960
vt 0.199070 0.186530
vt 0.119450 0.186030
vt 0.129760 0.204280
vt 0.561320 0.563420
vt 0.548528 0.567859
vt 0.561320 0.567906
vt 0.543990 0.563310
vt 0.545947 0.567813
vt 0.199070 0.296770
vt 0.198980 0.279020
vt 0.171510 0.278550
vt 0.181750 0.296590
vt 0.198940 0.257400
vt 0.159110 0.256570
vt 0.198950 0.232730
vt 0.145010 0.231490
vt 0.550630 0.155100
vt 0.470970 0.155100
vt 0.326856 0.248176
vt 0.326933 0.249485
vt 0.328120 0.247340
vt 0.326808 0.247354
vt 0.326062 0.233419
vt 0.340320 0.225440
vt 0.325644 0.225654
vt 0.325073 0.214334
vt 0.354290 0.200450
vt 0.324396 0.200949
vt 0.323954 0.191785
vt 0.369490 0.173340
vt 0.323105 0.174170
vt 0.289370 0.205970
vt 0.289440 0.186540
vt 0.209820 0.186030
vt 0.220130 0.204280
vt 0.578880 0.563420
vt 0.565588 0.567350
vt 0.578880 0.567399
vt 0.561560 0.563310
vt 0.563298 0.567310
vt 0.289440 0.296770
vt 0.289340 0.279030
vt 0.261870 0.278550
vt 0.272110 0.296590
vt 0.289300 0.257400
vt 0.249470 0.256570
vt 0.289310 0.232730
vt 0.235370 0.231490
vt 0.322867 0.169041
vt 0.379840 0.155100
vt 0.322225 0.155100
vt 0.938491 0.886009
vt 0.937659 0.886939
vt 0.941488 0.881664
vt 0.224518 0.991972
vt 0.222189 0.996028
vt 0.226021 0.989376
vt 0.952935 0.869406
vt 0.946955 0.875791
vt 0.945940 0.862650
vt 0.963808 0.856807
vt 0.904223 0.824058
vt 0.904220 0.823705
vt 0.904344 0.838290
vt 0.904225 0.824232
vt 0.904442 0.851519
vt 0.904383 0.843894
vt 0.485214 0.436745
vt 0.479947 0.436771
vt 0.471433 0.436813
vt 0.496003 0.436715
vt 0.964290 0.805322
vt 0.964267 0.805349
vt 0.898187 0.061162
vt 0.898071 0.047005
vt 0.898278 0.074395
vt 0.898225 0.066647
vt 0.133701 0.437137
vt 0.128352 0.437164
vt 0.119920 0.437205
vt 0.144425 0.437107
vt 0.680199 0.602710
vt 0.680180 0.595046
vt 0.559385 0.566828
vt 0.545509 0.566804
vt 0.561320 0.566856
vt 0.326816 0.247354
vt 0.326942 0.249469
vt 0.326759 0.246290
vt 0.325646 0.225654
vt 0.325172 0.216313
vt 0.324394 0.200949
vt 0.323101 0.174171
vt 0.323662 0.185793
vt 0.577227 0.566334
vt 0.562864 0.566310
vt 0.578880 0.566358
vt 0.322220 0.155100
vt 0.322493 0.160972
vt 0.937799 0.887186
vt 0.964290 0.805322
vt 0.969989 0.715963
vt 0.970199 0.717033
vt 0.680202 0.602735
vt 0.350419 0.019622
vt 0.350419 0.019384
vt 0.545626 0.567074
vt 0.562964 0.566542
vt 0.322224 0.155100
vt 0.322220 0.155100
vt 0.866031 0.889590
vt 0.866925 0.912954
vt 0.867752 0.935720
vt 0.867901 0.940076
vt 0.868601 0.960420
vt 0.679801 0.564468
vt 0.680003 0.573782
vt 0.326935 0.249481
vt 0.868746 0.965178
vt 0.869265 0.982071
vt 0.680146 0.590915
vt 0.866033 0.889590
vt 0.866125 0.891950
vt 0.866778 0.908922
vt 0.869402 0.987402
vt 0.869721 0.999861
vt 0.366078 0.020242
vt 0.352094 0.019381
vt 0.958250 0.863936
vt 0.964130 0.855710
vt 0.963424 0.858111
vt 0.178435 0.437158
vt 0.182568 0.437189
vt 0.529962 0.436766
vt 0.534031 0.436797
vt 0.959564 0.716847
vt 0.963734 0.712020
vt 0.951645 0.726180
vt 0.956322 0.720670
vt 0.955459 0.815545
vt 0.964256 0.805361
vt 0.947540 0.824878
vt 0.952145 0.819452
vt 0.578880 0.567120
vt 0.561320 0.567591
vt 0.166417 0.437092
vt 0.163787 0.437077
vt 0.517893 0.436699
vt 0.515304 0.436685
vt 0.898042 0.047028
vt 0.898070 0.047005
vt 0.963482 0.857915
vt 0.198394 0.437314
vt 0.206616 0.437391
vt 0.549840 0.436921
vt 0.558143 0.436999
vt 0.223670 0.994934
vt 0.226442 0.990090
vt 0.366388 0.019523
vt 0.904192 0.823738
vt 0.904192 0.823738
vt 0.193126 0.437264
vt 0.544654 0.436872
vt 0.679621 0.556500
vt 0.947029 0.876745
s 1
usemtl arche
f 193/1/1 195/2/2 194/3/3
f 196/4/4 197/5/5 195/2/2
f 193/1/1 196/4/4 195/2/2
f 198/6/6 197/5/5 196/4/4
f 199/7/7 200/8/8 197/5/5
f 198/6/6 199/7/7 197/5/5
f 233/9/1 235/10/2 234/11/3
f 236/12/4 237/13/4 235/10/2
f 233/9/1 236/12/4 235/10/2
f 238/14/6 237/13/4 236/12/4
f 239/15/7 240/16/9 237/13/4
f 238/14/6 239/15/7 237/13/4
f 1778/17/10 263/18/11 1800/19/12
f 262/20/13 264/21/14 263/18/11
f 262/20/13 1778/17/10 1756/22/15
f 1695/23/16 266/24/17 1694/25/18
f 263/18/11 1824/26/16 1800/19/12
f 1695/23/16 1824/26/16 265/27/16
f 1779/28/10 277/29/11 1801/30/12
f 276/31/13 278/32/19 277/29/11
f 276/31/13 1779/28/10 1757/33/15
f 1697/34/20 280/35/17 1696/36/18
f 277/29/11 1825/37/20 1801/30/12
f 1697/34/20 1825/37/20 279/38/21
f 593/3/22 595/4/23 594/1/24
f 596/2/25 597/5/26 595/4/23
f 593/3/22 596/2/25 595/4/23
f 595/4/23 598/7/27 599/6/28
f 597/5/26 600/8/29 598/7/27
f 595/4/23 597/5/26 598/7/27
f 633/11/22 635/12/23 634/9/24
f 636/10/30 637/13/26 635/12/23
f 633/11/22 636/10/30 635/12/23
f 635/12/23 638/15/27 639/14/28
f 637/13/26 640/16/29 638/15/27
f 635/12/23 637/13/26 638/15/27
f 1698/39/31 662/20/32 1670/40/33
f 663/18/34 664/21/35 662/20/32
f 1715/41/36 662/20/32 1698/39/31
f 1699/42/37 676/31/38 1671/43/39
f 677/29/34 678/32/35 676/31/38
f 1718/44/36 676/31/38 1699/42/37
f 1/45/40 2/46/41 3/47/42
f 1/45/40 3/47/42 4/48/43
f 5/49/44 6/50/45 2/46/41
f 5/49/44 2/46/41 1/45/40
f 7/51/46 8/52/47 6/50/45
f 7/51/46 6/50/45 5/49/44
f 9/53/48 10/54/49 8/52/47
f 9/53/48 8/52/47 7/51/46
f 11/55/50 12/56/51 13/57/52
f 11/55/50 13/57/52 14/58/53
f 15/59/54 16/60/55 12/56/51
f 15/59/54 12/56/51 11/55/50
f 17/61/56 18/62/57 16/60/55
f 17/61/56 16/60/55 15/59/54
f 19/63/58 20/64/59 18/62/57
f 19/63/58 18/62/57 17/61/56
f 21/65/60 19/63/58 17/61/56
f 21/65/60 17/61/56 22/66/61
f 22/66/61 17/61/56 15/59/54
f 22/66/61 15/59/54 23/67/62
f 23/67/62 15/59/54 11/55/50
f 23/67/62 11/55/50 24/68/63
f 24/68/63 11/55/50 14/58/53
f 24/68/63 14/58/53 25/69/64
f 26/70/64 9/53/48 7/51/46
f 26/70/64 7/51/46 27/71/65
f 27/71/65 7/51/46 5/49/44
f 27/71/65 5/49/44 28/72/66
f 28/72/66 5/49/44 1/45/40
f 28/72/66 1/45/40 29/73/67
f 29/73/67 1/45/40 4/48/43
f 29/73/67 4/48/43 30/74/68
f 31/75/69 20/64/59 19/63/58
f 31/75/69 19/63/58 21/65/60
f 1782/76/70 32/77/71 1758/78/72
f 33/79/73 34/80/74 35/81/75
f 36/82/76 37/83/77 34/80/74
f 36/82/76 34/80/74 33/79/73
f 38/84/78 39/85/79 37/83/77
f 38/84/78 37/83/77 36/82/76
f 40/86/80 41/87/81 39/85/79
f 40/86/80 39/85/79 38/84/78
f 42/88/82 43/89/83 41/87/81
f 42/88/82 41/87/81 40/86/80
f 20/64/59 42/88/82 40/86/80
f 20/64/59 40/86/80 44/90/84
f 44/90/84 40/86/80 38/84/78
f 44/90/84 38/84/78 45/91/85
f 45/91/85 38/84/78 36/82/76
f 45/91/85 36/82/76 46/92/86
f 46/92/86 36/82/76 33/79/73
f 46/92/86 33/79/73 47/93/87
f 43/89/83 42/88/82 20/64/59
f 43/89/83 20/64/59 31/75/69
f 50/94/88 51/95/89 52/96/90
f 50/94/88 52/96/90 53/97/91
f 54/98/92 55/99/93 51/95/89
f 54/98/92 51/95/89 50/94/88
f 56/100/94 57/101/95 58/102/93
f 56/100/94 58/102/93 59/103/96
f 60/104/97 61/105/98 62/106/99
f 60/104/97 62/106/99 63/107/94
f 64/108/100 65/109/101 61/105/98
f 64/108/100 61/105/98 60/104/97
f 66/110/102 67/111/103 65/109/101
f 66/110/102 65/109/101 64/108/100
f 68/112/104 69/113/105 67/111/103
f 68/112/104 67/111/103 66/110/102
f 70/114/106 71/115/107 69/113/105
f 70/114/106 69/113/105 68/112/104
f 72/116/108 70/114/106 68/112/104
f 72/116/108 68/112/104 73/117/109
f 73/117/109 68/112/104 66/110/102
f 73/117/109 66/110/102 74/118/110
f 74/118/110 66/110/102 64/108/100
f 74/118/110 64/108/100 75/119/111
f 75/119/111 64/108/100 60/104/97
f 75/119/111 60/104/97 76/120/112
f 76/120/112 60/104/97 63/107/94
f 76/120/112 63/107/94 77/121/113
f 78/122/114 56/100/94 59/103/96
f 78/122/114 59/103/96 79/123/115
f 80/124/115 54/98/92 50/94/88
f 80/124/115 50/94/88 81/125/116
f 81/125/116 50/94/88 53/97/91
f 81/125/116 53/97/91 82/126/117
f 83/127/118 71/115/107 70/114/106
f 83/127/118 70/114/106 72/116/108
f 84/128/119 85/129/120 86/130/121
f 84/128/119 86/130/121 87/131/122
f 88/132/123 89/133/124 85/129/120
f 88/132/123 85/129/120 84/128/119
f 90/134/125 91/135/126 92/136/127
f 90/134/125 92/136/127 93/137/128
f 94/138/129 95/139/130 96/140/131
f 94/138/129 96/140/131 97/141/132
f 98/142/133 99/143/134 95/139/130
f 98/142/133 95/139/130 94/138/129
f 100/144/135 101/145/136 99/143/134
f 100/144/135 99/143/134 98/142/133
f 102/146/137 103/147/138 101/145/136
f 102/146/137 101/145/136 100/144/135
f 104/148/139 105/149/140 103/147/138
f 104/148/139 103/147/138 102/146/137
f 71/115/107 104/148/139 102/146/137
f 71/115/107 102/146/137 106/150/141
f 106/150/141 102/146/137 100/144/135
f 106/150/141 100/144/135 107/151/142
f 107/151/142 100/144/135 98/142/133
f 107/151/142 98/142/133 108/152/143
f 108/152/143 98/142/133 94/138/129
f 108/152/143 94/138/129 109/153/144
f 109/153/144 94/138/129 97/141/132
f 109/153/144 97/141/132 110/154/145
f 111/155/146 90/134/125 93/137/128
f 111/155/146 93/137/128 112/156/147
f 113/157/148 88/132/123 84/128/119
f 113/157/148 84/128/119 114/158/149
f 114/158/149 84/128/119 87/131/122
f 114/158/149 87/131/122 115/159/150
f 105/149/140 104/148/139 71/115/107
f 105/149/140 71/115/107 83/127/118
f 116/160/151 117/161/152 118/162/153
f 116/160/151 118/162/153 119/163/154
f 120/164/155 121/165/156 117/161/152
f 120/164/155 117/161/152 116/160/151
f 122/166/157 123/167/158 121/165/156
f 122/166/157 121/165/156 120/164/155
f 124/168/159 125/169/160 123/167/158
f 124/168/159 123/167/158 122/166/157
f 126/170/161 127/171/162 128/172/160
f 126/170/161 128/172/160 129/173/159
f 130/174/163 131/175/164 127/171/162
f 130/174/163 127/171/162 126/170/161
f 132/176/165 133/177/166 131/175/164
f 132/176/165 131/175/164 130/174/163
f 134/178/167 135/179/168 133/177/166
f 134/178/167 133/177/166 132/176/165
f 136/180/169 134/178/167 132/176/165
f 136/180/169 132/176/165 137/181/170
f 137/181/170 132/176/165 130/174/163
f 137/181/170 130/174/163 138/182/171
f 138/182/171 130/174/163 126/170/161
f 138/182/171 126/170/161 139/183/172
f 139/183/172 126/170/161 129/173/159
f 139/183/172 129/173/159 140/184/173
f 140/184/173 129/173/159 141/185/157
f 140/184/173 141/185/157 142/186/174
f 143/187/174 122/166/157 120/164/155
f 143/187/174 120/164/155 144/188/175
f 144/188/175 120/164/155 116/160/151
f 144/188/175 116/160/151 145/189/176
f 145/189/176 116/160/151 119/163/154
f 145/189/176 119/163/154 146/190/177
f 147/191/118 135/179/168 134/178/167
f 147/191/118 134/178/167 136/180/169
f 148/192/178 149/193/179 150/194/180
f 148/192/178 150/194/180 151/195/181
f 152/196/182 153/197/183 149/193/179
f 152/196/182 149/193/179 148/192/178
f 154/198/184 155/199/185 153/197/183
f 154/198/184 153/197/183 152/196/182
f 156/200/186 157/201/187 155/199/185
f 156/200/186 155/199/185 154/198/184
f 158/202/188 159/203/189 160/204/187
f 158/202/188 160/204/187 161/205/190
f 162/206/191 163/207/192 159/203/189
f 162/206/191 159/203/189 158/202/188
f 164/208/193 165/209/194 163/207/192
f 164/208/193 163/207/192 162/206/191
f 166/210/195 167/211/196 165/209/194
f 166/210/195 165/209/194 164/208/193
f 135/179/168 166/210/195 164/208/193
f 135/179/168 164/208/193 168/212/197
f 168/212/197 164/208/193 162/206/191
f 168/212/197 162/206/191 169/213/198
f 169/213/198 162/206/191 158/202/188
f 169/213/198 158/202/188 170/214/199
f 170/214/199 158/202/188 161/205/190
f 170/214/199 161/205/190 171/215/200
f 172/216/201 156/200/186 154/198/184
f 172/216/201 154/198/184 173/217/202
f 173/217/202 154/198/184 152/196/182
f 173/217/202 152/196/182 174/218/203
f 174/218/203 152/196/182 148/192/178
f 174/218/203 148/192/178 175/219/204
f 175/219/204 148/192/178 151/195/181
f 175/219/204 151/195/181 176/220/205
f 167/211/196 166/210/195 135/179/168
f 167/211/196 135/179/168 147/191/118
f 177/221/206 178/222/207 179/223/208
f 177/221/206 179/223/208 180/224/206
f 178/222/207 181/225/209 182/226/210
f 178/222/207 182/226/210 179/223/208
f 181/225/209 183/227/211 184/228/212
f 181/225/209 184/228/212 182/226/210
f 183/227/211 185/229/213 186/230/214
f 183/227/211 186/230/214 184/228/212
f 185/229/213 187/231/215 188/232/216
f 185/229/213 188/232/216 186/230/214
f 189/233/215 190/234/217 191/235/218
f 189/233/215 191/235/218 192/236/219
f 190/234/217 193/1/1 194/3/3
f 190/234/217 194/3/3 191/235/218
f 201/237/220 202/238/221 199/7/7
f 201/237/220 199/7/7 198/6/6
f 203/239/222 204/240/223 202/238/221
f 203/239/222 202/238/221 201/237/220
f 205/241/224 206/242/225 207/243/226
f 205/241/224 207/243/226 208/244/222
f 209/245/227 210/246/228 206/242/225
f 209/245/227 206/242/225 205/241/224
f 211/247/229 212/248/230 210/246/228
f 211/247/229 210/246/228 209/245/227
f 213/249/231 214/250/232 212/248/230
f 213/249/231 212/248/230 211/247/229
f 215/251/233 216/252/233 214/250/232
f 215/251/233 214/250/232 213/249/231
f 217/253/234 218/254/207 219/255/235
f 217/253/234 219/255/235 220/256/234
f 218/254/207 221/257/236 222/258/210
f 218/254/207 222/258/210 219/255/235
f 221/257/236 223/259/211 224/260/237
f 221/257/236 224/260/237 222/258/210
f 223/259/211 225/261/238 226/262/214
f 223/259/211 226/262/214 224/260/237
f 225/261/238 227/263/215 228/264/216
f 225/261/238 228/264/216 226/262/214
f 229/265/215 230/266/217 231/267/218
f 229/265/215 231/267/218 232/268/219
f 230/266/217 233/9/1 234/11/3
f 230/266/217 234/11/3 231/267/218
f 241/269/220 242/270/221 239/15/7
f 241/269/220 239/15/7 238/14/6
f 243/271/222 244/272/223 242/270/221
f 243/271/222 242/270/221 241/269/220
f 245/273/224 246/274/225 247/275/223
f 245/273/224 247/275/223 248/276/222
f 249/277/227 250/278/239 246/274/225
f 249/277/227 246/274/225 245/273/224
f 251/279/229 252/280/230 250/278/239
f 251/279/229 250/278/239 249/277/227
f 253/281/231 254/282/240 252/280/230
f 253/281/231 252/280/230 251/279/229
f 255/283/241 256/284/241 254/282/240
f 255/283/241 254/282/240 253/281/231
f 1701/285/242 1672/286/243 257/287/244
f 1701/285/242 257/287/244 1721/288/245
f 257/287/244 1742/289/246 1721/288/245
f 1742/289/246 258/290/247 1759/291/248
f 258/290/247 1785/292/249 1759/291/248
f 1785/292/249 259/293/250 1802/294/251
f 260/295/250 1673/296/252 1674/297/253
f 1673/296/252 261/298/254 1722/299/255
f 261/298/254 1743/300/256 1722/299/255
f 1743/300/256 262/20/13 1756/22/15
f 1744/301/257 1694/25/18 266/24/17
f 1744/301/257 267/302/258 1760/303/259
f 1786/304/260 1760/303/259 267/302/258
f 1786/304/260 268/305/261 1803/306/262
f 1675/307/263 1702/308/264 269/309/265
f 1675/307/263 270/310/266 1676/311/267
f 1745/312/268 1676/311/267 270/310/266
f 1745/312/268 271/313/269 1761/314/270
f 1787/315/271 1761/314/270 271/313/269
f 1787/315/271 271/313/269 1788/316/272
f 1746/317/246 1723/318/273 272/319/247
f 1746/317/246 272/319/247 1762/320/274
f 272/319/247 1789/321/275 1762/320/274
f 1789/321/275 273/322/250 1804/323/251
f 274/324/250 1677/325/252 1678/326/253
f 1677/325/252 275/327/254 1724/328/255
f 275/327/254 1747/329/256 1724/328/255
f 1747/329/256 276/31/13 1757/33/15
f 1748/330/276 1696/36/18 280/35/17
f 1748/330/276 281/331/258 1763/332/259
f 1790/333/260 1763/332/259 281/331/258
f 1790/333/260 282/334/261 1805/335/262
f 1679/336/277 1703/337/264 283/338/265
f 1679/336/277 284/339/266 1680/340/267
f 1834/341/268 1680/340/267 284/339/266
f 1834/341/268 1627/342/278 1836/343/278
f 285/344/279 286/345/280 287/346/281
f 285/344/279 287/346/281 288/347/279
f 286/345/280 289/348/282 290/349/283
f 286/345/280 290/349/283 287/346/281
f 289/348/282 291/350/284 292/351/285
f 289/348/282 292/351/285 290/349/283
f 293/352/286 294/353/287 295/354/288
f 293/352/286 295/354/288 296/355/285
f 294/353/287 297/356/289 298/357/290
f 294/353/287 298/357/290 295/354/288
f 297/356/289 299/358/291 300/359/292
f 297/356/289 300/359/292 298/357/290
f 299/358/291 301/360/293 302/361/294
f 299/358/291 302/361/294 300/359/292
f 303/362/295 304/363/296 305/364/297
f 303/362/295 305/364/297 306/365/297
f 307/366/298 308/367/298 309/368/299
f 307/366/298 309/368/299 310/369/300
f 310/369/300 309/368/299 311/370/301
f 310/369/300 311/370/301 312/371/302
f 312/371/302 311/370/301 313/372/303
f 312/371/302 313/372/303 314/373/304
f 315/374/305 316/375/303 317/376/306
f 315/374/305 317/376/306 318/377/307
f 318/377/307 317/376/306 319/378/308
f 318/377/307 319/378/308 320/379/309
f 320/379/309 319/378/308 321/380/310
f 320/379/309 321/380/310 322/381/311
f 322/381/311 321/380/310 304/363/296
f 322/381/311 304/363/296 303/362/295
f 301/360/293 323/382/312 324/383/313
f 301/360/293 324/383/313 302/361/294
f 1631/384/314 1647/385/315 325/386/281
f 1631/384/314 325/386/281 1654/387/316
f 1648/388/317 1597/389/318 326/390/283
f 1648/388/317 325/386/281 1647/385/315
f 1598/391/319 1619/392/320 327/393/285
f 1598/391/319 326/390/283 1597/389/318
f 1632/394/321 1649/395/322 328/396/323
f 1632/394/321 329/397/285 1633/398/324
f 1650/399/325 1599/400/326 330/401/327
f 1650/399/325 328/396/323 1649/395/322
f 1600/402/328 1620/403/329 331/404/292
f 1600/402/328 330/401/327 1599/400/326
f 1621/405/330 1634/406/331 332/407/332
f 1621/405/330 331/404/292 1620/403/329
f 333/408/295 334/409/296 335/410/297
f 333/408/295 335/410/297 336/411/297
f 337/412/298 338/413/333 339/414/299
f 337/412/298 339/414/299 340/415/300
f 340/415/300 339/414/299 341/416/301
f 340/415/300 341/416/301 342/417/334
f 342/417/334 341/416/301 343/418/303
f 342/417/334 343/418/303 344/419/304
f 345/420/305 346/421/303 347/422/306
f 345/420/305 347/422/306 348/423/307
f 348/423/307 347/422/306 349/424/308
f 348/423/307 349/424/308 350/425/335
f 350/425/335 349/424/308 351/426/310
f 350/425/335 351/426/310 352/427/311
f 352/427/311 351/426/310 334/409/296
f 352/427/311 334/409/296 333/408/295
f 1635/428/336 1622/429/313 353/430/313
f 1635/428/336 332/407/332 1634/406/331
f 1704/431/337 1681/432/338 354/433/339
f 1704/431/337 355/434/340 1705/435/341
f 356/436/342 357/437/343 358/438/344
f 356/436/342 358/438/344 359/439/345
f 359/439/345 358/438/344 360/440/346
f 359/439/345 360/440/346 361/441/347
f 361/441/347 360/440/346 362/442/348
f 361/441/347 362/442/348 363/443/349
f 363/443/349 362/442/348 364/444/350
f 363/443/349 364/444/350 365/445/351
f 366/446/352 367/447/353 368/448/353
f 366/446/352 368/448/353 369/449/354
f 370/450/355 1806/451/356 1807/452/357
f 1806/451/356 371/453/358 1828/454/359
f 372/455/360 373/456/361 374/457/362
f 372/455/360 374/457/362 375/458/358
f 373/456/361 376/459/363 377/460/364
f 373/456/361 377/460/364 374/457/362
f 376/459/363 378/461/365 379/462/366
f 376/459/363 379/462/366 377/460/364
f 378/461/365 366/446/352 369/449/354
f 378/461/365 369/449/354 379/462/366
f 365/445/351 364/444/350 380/463/367
f 365/445/351 380/463/367 381/464/368
f 1636/465/369 1651/466/370 382/467/371
f 1636/465/369 382/467/371 1655/468/372
f 382/467/371 1666/469/373 1655/468/372
f 1666/469/373 383/470/374 1601/471/375
f 383/470/374 1611/472/376 1601/471/375
f 1611/472/376 384/473/348 1623/474/377
f 384/473/348 1628/475/378 1623/474/377
f 1628/475/378 385/476/379 1637/477/380
f 386/478/352 387/479/353 388/480/353
f 386/478/352 388/480/353 389/481/354
f 390/482/355 1808/483/356 1809/484/357
f 1808/483/356 391/485/358 1829/486/381
f 392/487/360 393/488/382 394/489/383
f 392/487/360 394/489/383 395/490/358
f 393/488/382 396/491/363 397/492/364
f 393/488/382 397/492/364 394/489/383
f 396/491/363 398/493/365 399/494/366
f 396/491/363 399/494/366 397/492/364
f 398/493/365 386/478/352 389/481/354
f 398/493/365 389/481/354 399/494/366
f 385/476/379 1652/495/384 1637/477/380
f 1652/495/384 400/496/367 1624/497/385
f 401/48/386 402/47/387 403/46/388
f 401/48/386 403/46/388 404/45/389
f 404/45/389 403/46/388 405/50/390
f 404/45/389 405/50/390 406/49/391
f 406/49/391 405/50/390 407/52/392
f 406/49/391 407/52/392 408/51/393
f 408/51/393 407/52/392 409/54/394
f 408/51/393 409/54/394 410/53/395
f 411/58/396 412/57/394 413/56/397
f 411/58/396 413/56/397 414/55/398
f 414/55/398 413/56/397 415/60/399
f 414/55/398 415/60/399 416/59/400
f 416/59/400 415/60/399 417/62/401
f 416/59/400 417/62/401 418/61/402
f 418/61/402 417/62/401 419/64/403
f 418/61/402 419/64/403 420/63/404
f 421/66/405 418/61/402 420/63/404
f 421/66/405 420/63/404 422/65/406
f 423/67/407 416/59/400 418/61/402
f 423/67/407 418/61/402 421/66/405
f 424/68/408 414/55/398 416/59/400
f 424/68/408 416/59/400 423/67/407
f 425/69/409 411/58/396 414/55/398
f 425/69/409 414/55/398 424/68/408
f 426/71/410 408/51/393 410/53/395
f 426/71/410 410/53/395 427/70/409
f 428/72/411 406/49/391 408/51/393
f 428/72/411 408/51/393 426/71/410
f 429/73/412 404/45/389 406/49/391
f 429/73/412 406/49/391 428/72/411
f 430/74/413 401/48/386 404/45/389
f 430/74/413 404/45/389 429/73/412
f 422/65/406 420/63/404 419/64/403
f 422/65/406 419/64/403 431/75/414
f 1682/498/415 1830/499/416 432/77/417
f 1682/498/415 432/77/417 1706/500/418
f 433/81/417 1749/501/419 1750/502/420
f 1749/501/419 435/79/421 1751/503/422
f 435/79/421 434/80/423 436/83/424
f 435/79/421 436/83/424 437/82/425
f 437/82/425 436/83/424 438/85/426
f 437/82/425 438/85/426 439/84/427
f 439/84/427 438/85/426 440/87/428
f 439/84/427 440/87/428 441/86/429
f 441/86/429 440/87/428 442/89/430
f 441/86/429 442/89/430 443/88/431
f 444/90/432 441/86/429 443/88/431
f 444/90/432 443/88/431 419/64/403
f 445/91/433 439/84/427 441/86/429
f 445/91/433 441/86/429 444/90/432
f 446/92/434 437/82/425 439/84/427
f 446/92/434 439/84/427 445/91/433
f 447/93/435 435/79/421 437/82/425
f 447/93/435 437/82/425 446/92/434
f 1752/504/436 1725/505/437 448/506/438
f 448/506/438 1753/507/439 1752/504/436
f 431/75/414 419/64/403 443/88/431
f 431/75/414 443/88/431 442/89/430
f 450/97/440 451/96/441 452/95/442
f 450/97/440 452/95/442 453/94/443
f 453/94/443 452/95/442 454/99/444
f 453/94/443 454/99/444 455/98/445
f 456/103/445 457/102/446 458/101/447
f 456/103/445 458/101/447 459/100/448
f 460/107/449 461/106/447 462/105/450
f 460/107/449 462/105/450 463/104/451
f 463/104/451 462/105/450 464/109/452
f 463/104/451 464/109/452 465/108/453
f 465/108/453 464/109/452 466/111/454
f 465/108/453 466/111/454 467/110/455
f 467/110/455 466/111/454 468/113/456
f 467/110/455 468/113/456 469/112/457
f 469/112/457 468/113/456 470/115/458
f 469/112/457 470/115/458 471/114/459
f 472/117/460 469/112/457 471/114/459
f 472/117/460 471/114/459 473/116/461
f 474/118/462 467/110/455 469/112/457
f 474/118/462 469/112/457 472/117/460
f 475/119/463 465/108/453 467/110/455
f 475/119/463 467/110/455 474/118/462
f 476/120/464 463/104/451 465/108/453
f 476/120/464 465/108/453 475/119/463
f 477/121/465 460/107/449 463/104/451
f 477/121/465 463/104/451 476/120/464
f 478/123/466 456/103/445 459/100/448
f 478/123/466 459/100/448 479/122/465
f 480/125/467 453/94/443 455/98/445
f 480/125/467 455/98/445 481/124/468
f 482/126/469 450/97/440 453/94/443
f 482/126/469 453/94/443 480/125/467
f 473/116/461 471/114/459 470/115/458
f 473/116/461 470/115/458 483/127/414
f 484/131/470 485/130/471 486/129/472
f 484/131/470 486/129/472 487/128/473
f 487/128/473 486/129/472 488/133/474
f 487/128/473 488/133/474 489/132/475
f 490/137/475 491/136/476 492/135/477
f 490/137/475 492/135/477 493/134/478
f 494/141/478 495/140/479 496/139/480
f 494/141/478 496/139/480 497/138/481
f 497/138/481 496/139/480 498/143/482
f 497/138/481 498/143/482 499/142/483
f 499/142/483 498/143/482 500/145/484
f 499/142/483 500/145/484 501/144/485
f 501/144/485 500/145/484 502/147/486
f 501/144/485 502/147/486 503/146/487
f 503/146/487 502/147/486 504/149/488
f 503/146/487 504/149/488 505/148/489
f 506/150/490 503/146/487 505/148/489
f 506/150/490 505/148/489 470/115/458
f 507/151/491 501/144/485 503/146/487
f 507/151/491 503/146/487 506/150/490
f 508/152/492 499/142/483 501/144/485
f 508/152/492 501/144/485 507/151/491
f 509/153/493 497/138/481 499/142/483
f 509/153/493 499/142/483 508/152/492
f 510/154/494 494/141/478 497/138/481
f 510/154/494 497/138/481 509/153/493
f 511/156/495 490/137/475 493/134/478
f 511/156/495 493/134/478 512/155/496
f 513/158/497 487/128/473 489/132/475
f 513/158/497 489/132/475 514/157/495
f 515/159/498 484/131/470 487/128/473
f 515/159/498 487/128/473 513/158/497
f 483/127/414 470/115/458 505/148/489
f 483/127/414 505/148/489 504/149/488
f 516/163/499 517/162/500 518/161/501
f 516/163/499 518/161/501 519/160/502
f 519/160/502 518/161/501 520/165/503
f 519/160/502 520/165/503 521/164/504
f 521/164/504 520/165/503 522/167/505
f 521/164/504 522/167/505 523/166/506
f 523/166/506 522/167/505 524/169/507
f 523/166/506 524/169/507 525/168/508
f 526/173/509 527/172/507 528/171/510
f 526/173/509 528/171/510 529/170/511
f 529/170/511 528/171/510 530/175/512
f 529/170/511 530/175/512 531/174/513
f 531/174/513 530/175/512 532/177/514
f 531/174/513 532/177/514 533/176/515
f 533/176/515 532/177/514 534/179/516
f 533/176/515 534/179/516 535/178/517
f 536/181/518 533/176/515 535/178/517
f 536/181/518 535/178/517 537/180/519
f 538/182/520 531/174/513 533/176/515
f 538/182/520 533/176/515 536/181/518
f 539/183/521 529/170/511 531/174/513
f 539/183/521 531/174/513 538/182/520
f 540/184/522 526/173/509 529/170/511
f 540/184/522 529/170/511 539/183/521
f 541/186/523 542/185/506 526/173/509
f 541/186/523 526/173/509 540/184/522
f 543/188/524 521/164/504 523/166/506
f 543/188/524 523/166/506 544/187/523
f 545/189/525 519/160/502 521/164/504
f 545/189/525 521/164/504 543/188/524
f 546/190/526 516/163/499 519/160/502
f 546/190/526 519/160/502 545/189/525
f 537/180/519 535/178/517 534/179/516
f 537/180/519 534/179/516 547/191/527
f 548/195/528 549/194/529 550/193/530
f 548/195/528 550/193/530 551/192/531
f 551/192/531 550/193/530 552/197/532
f 551/192/531 552/197/532 553/196/533
f 553/196/533 552/197/532 554/199/534
f 553/196/533 554/199/534 555/198/535
f 555/198/535 554/199/534 556/201/536
f 555/198/535 556/201/536 557/200/537
f 558/205/538 559/204/536 560/203/539
f 558/205/538 560/203/539 561/202/540
f 561/202/540 560/203/539 562/207/541
f 561/202/540 562/207/541 563/206/542
f 563/206/542 562/207/541 564/209/543
f 563/206/542 564/209/543 565/208/544
f 565/208/544 564/209/543 566/211/545
f 565/208/544 566/211/545 567/210/546
f 568/212/547 565/208/544 567/210/546
f 568/212/547 567/210/546 534/179/516
f 569/213/548 563/206/542 565/208/544
f 569/213/548 565/208/544 568/212/547
f 570/214/549 561/202/540 563/206/542
f 570/214/549 563/206/542 569/213/548
f 571/215/550 558/205/538 561/202/540
f 571/215/550 561/202/540 570/214/549
f 572/217/551 555/198/535 557/200/537
f 572/217/551 557/200/537 573/216/552
f 574/218/553 553/196/533 555/198/535
f 574/218/553 555/198/535 572/217/551
f 575/219/554 551/192/531 553/196/533
f 575/219/554 553/196/533 574/218/553
f 576/220/555 548/195/528 551/192/531
f 576/220/555 551/192/531 575/219/554
f 547/191/527 534/179/516 567/210/546
f 547/191/527 567/210/546 566/211/545
f 577/224/556 578/223/557 579/222/558
f 577/224/556 579/222/558 580/221/556
f 578/223/557 581/226/559 582/225/560
f 578/223/557 582/225/560 579/222/558
f 581/226/559 583/228/561 584/227/562
f 581/226/559 584/227/562 582/225/560
f 583/228/561 585/230/563 586/229/564
f 583/228/561 586/229/564 584/227/562
f 585/230/563 587/232/565 588/231/566
f 585/230/563 588/231/566 586/229/564
f 589/236/567 590/235/568 591/234/569
f 589/236/567 591/234/569 592/233/570
f 590/235/568 593/3/22 594/1/24
f 590/235/568 594/1/24 591/234/569
f 599/6/28 598/7/27 601/238/571
f 599/6/28 601/238/571 602/237/572
f 602/237/572 601/238/571 603/240/573
f 602/237/572 603/240/573 604/239/574
f 605/244/575 606/243/576 607/242/577
f 605/244/575 607/242/577 608/241/578
f 608/241/578 607/242/577 609/246/579
f 608/241/578 609/246/579 610/245/580
f 610/245/580 609/246/579 611/248/581
f 610/245/580 611/248/581 612/247/582
f 612/247/582 611/248/581 613/250/583
f 612/247/582 613/250/583 614/249/584
f 614/249/584 613/250/583 615/252/585
f 614/249/584 615/252/585 616/251/586
f 617/256/556 618/255/587 619/254/588
f 617/256/556 619/254/588 620/253/556
f 618/255/587 621/258/559 622/257/560
f 618/255/587 622/257/560 619/254/588
f 621/258/559 623/260/561 624/259/562
f 621/258/559 624/259/562 622/257/560
f 623/260/561 625/262/563 626/261/589
f 623/260/561 626/261/589 624/259/562
f 625/262/563 627/264/565 628/263/566
f 625/262/563 628/263/566 626/261/589
f 629/268/567 630/267/568 631/266/569
f 629/268/567 631/266/569 632/265/570
f 630/267/568 633/11/22 634/9/24
f 630/267/568 634/9/24 631/266/569
f 639/14/28 638/15/27 641/270/571
f 639/14/28 641/270/571 642/269/572
f 642/269/572 641/270/571 643/272/573
f 642/269/572 643/272/573 644/271/574
f 645/276/575 646/275/576 647/274/577
f 645/276/575 647/274/577 648/273/578
f 648/273/578 647/274/577 649/278/590
f 648/273/578 649/278/590 650/277/591
f 650/277/591 649/278/590 651/280/581
f 650/277/591 651/280/581 652/279/592
f 652/279/592 651/280/581 653/282/583
f 652/279/592 653/282/583 654/281/584
f 654/281/584 653/282/583 655/284/586
f 654/281/584 655/284/586 656/283/586
f 1810/508/593 657/287/594 1791/509/595
f 1683/510/596 657/287/594 1831/511/597
f 1831/511/597 657/287/594 1810/508/593
f 1726/512/598 658/290/599 1707/513/600
f 1707/513/600 658/290/599 1683/510/596
f 1765/514/601 661/295/602 1764/515/603
f 1764/515/603 661/295/602 1811/516/604
f 1670/40/33 660/298/605 1792/517/606
f 1792/517/606 660/298/605 1765/514/601
f 1686/518/607 671/313/608 1685/519/609
f 1687/520/610 672/319/611 1833/521/612
f 1728/522/613 672/319/611 1709/523/614
f 1709/523/614 672/319/611 1687/520/610
f 1769/524/601 675/324/602 1768/525/603
f 1768/525/603 675/324/602 1813/526/604
f 1671/43/39 674/327/605 1794/527/606
f 1794/527/606 674/327/605 1769/524/601
f 685/347/615 686/346/616 687/345/617
f 685/347/615 687/345/617 688/344/615
f 686/346/616 689/349/618 690/348/619
f 686/346/616 690/348/619 687/345/617
f 689/349/618 691/351/620 692/350/621
f 689/349/618 692/350/621 690/348/619
f 693/355/622 694/354/623 695/353/624
f 693/355/622 695/353/624 696/352/625
f 694/354/623 697/357/626 698/356/627
f 694/354/623 698/356/627 695/353/624
f 697/357/626 699/359/628 700/358/629
f 697/357/626 700/358/629 698/356/627
f 699/359/628 701/361/630 702/360/631
f 699/359/628 702/360/631 700/358/629
f 703/365/632 704/364/632 705/363/633
f 703/365/632 705/363/633 706/362/634
f 707/369/635 708/368/636 709/367/637
f 707/369/635 709/367/637 710/366/637
f 711/371/638 712/370/639 708/368/636
f 711/371/638 708/368/636 707/369/635
f 713/373/640 714/372/641 712/370/639
f 713/373/640 712/370/639 711/371/638
f 715/377/642 716/376/643 717/375/644
f 715/377/642 717/375/644 718/374/640
f 719/379/645 720/378/646 716/376/643
f 719/379/645 716/376/643 715/377/642
f 721/381/647 722/380/648 720/378/646
f 721/381/647 720/378/646 719/379/645
f 706/362/634 705/363/633 722/380/648
f 706/362/634 722/380/648 721/381/647
f 701/361/630 723/383/649 724/382/650
f 701/361/630 724/382/650 702/360/631
f 1602/528/651 725/386/616 1612/529/652
f 733/411/632 734/410/653 735/409/654
f 733/411/632 735/409/654 736/408/655
f 737/415/635 738/414/636 739/413/637
f 737/415/635 739/413/637 740/412/637
f 741/417/656 742/416/639 738/414/636
f 741/417/656 738/414/636 737/415/635
f 743/419/640 744/418/641 742/416/639
f 743/419/640 742/416/639 741/417/656
f 745/423/642 746/422/657 747/421/644
f 745/423/642 747/421/644 748/420/640
f 749/425/658 750/424/646 746/422/657
f 749/425/658 746/422/657 745/423/642
f 751/427/659 752/426/660 750/424/646
f 751/427/659 750/424/646 749/425/658
f 736/408/655 735/409/654 752/426/660
f 736/408/655 752/426/660 751/427/659
f 756/439/661 757/438/662 758/437/663
f 756/439/661 758/437/663 759/436/664
f 760/441/665 761/440/666 757/438/662
f 760/441/665 757/438/662 756/439/661
f 762/443/667 763/442/668 761/440/666
f 762/443/667 761/440/666 760/441/665
f 764/445/669 765/444/670 763/442/668
f 764/445/669 763/442/668 762/443/667
f 766/449/671 767/448/672 768/447/672
f 766/449/671 768/447/672 769/446/673
f 770/453/674 1730/530/675 1731/531/676
f 1730/530/675 771/450/677 1754/532/678
f 772/458/679 773/457/680 774/456/681
f 772/458/679 774/456/681 775/455/682
f 773/457/680 776/460/683 777/459/684
f 773/457/680 777/459/684 774/456/681
f 776/460/683 778/462/685 779/461/686
f 776/460/683 779/461/686 777/459/684
f 778/462/685 766/449/671 769/446/673
f 778/462/685 769/446/673 779/461/686
f 780/464/687 781/463/688 765/444/670
f 780/464/687 765/444/670 764/445/669
f 1607/533/689 782/467/690 1616/534/691
f 783/470/692 1617/535/693 1643/536/694
f 1617/535/693 782/467/690 1607/533/689
f 784/473/668 1653/537/695 1660/538/696
f 1653/537/695 783/470/692 1643/536/694
f 1608/539/697 784/473/668 1667/540/698
f 1667/540/698 784/473/668 1660/538/696
f 786/481/671 787/480/672 788/479/699
f 786/481/671 788/479/699 789/478/673
f 790/485/674 1732/541/700 1733/542/701
f 1732/541/700 791/482/677 1755/543/678
f 792/490/679 793/489/702 794/488/681
f 792/490/679 794/488/681 795/487/682
f 793/489/702 796/492/683 797/491/703
f 793/489/702 797/491/703 794/488/681
f 796/492/683 798/494/704 799/493/705
f 796/492/683 799/493/705 797/491/703
f 798/494/704 786/481/671 789/478/673
f 798/494/704 789/478/673 799/493/705
f 1661/544/706 785/476/707 1618/545/708
f 1618/545/708 785/476/707 1608/539/697
f 801/72/709 802/73/710 803/73/711
f 801/72/709 803/73/711 804/72/712
f 805/70/713 806/71/714 807/71/715
f 805/70/713 807/71/715 808/70/716
f 809/67/717 810/68/718 811/68/719
f 809/67/717 811/68/719 812/67/720
f 802/73/710 813/74/721 814/74/721
f 802/73/710 814/74/721 803/73/711
f 806/71/714 801/72/709 804/72/712
f 806/71/714 804/72/712 807/71/715
f 810/68/718 815/69/722 816/69/716
f 810/68/718 816/69/716 811/68/719
f 817/66/723 809/67/717 812/67/720
f 817/66/723 812/67/720 818/66/724
f 819/65/725 817/66/723 818/66/724
f 819/65/725 818/66/724 820/65/725
f 821/90/726 822/91/727 823/91/728
f 821/90/726 823/91/728 824/90/729
f 825/92/730 826/93/731 827/93/732
f 825/92/730 827/93/732 828/92/733
f 829/46/734 830/50/735 831/50/736
f 829/46/734 831/50/736 832/46/737
f 833/52/738 834/54/739 835/54/740
f 833/52/738 835/54/740 836/52/741
f 837/56/742 838/60/743 839/60/744
f 837/56/742 839/60/744 840/56/745
f 843/47/746 829/46/734 832/46/737
f 843/47/746 832/46/737 844/47/746
f 830/50/735 833/52/738 836/52/741
f 830/50/735 836/52/741 831/50/736
f 845/57/747 837/56/742 840/56/745
f 845/57/747 840/56/745 846/57/740
f 838/60/743 847/62/748 848/62/749
f 838/60/743 848/62/749 839/60/744
f 847/62/748 849/64/750 850/64/750
f 847/62/748 850/64/750 848/62/749
f 849/64/750 821/90/726 824/90/729
f 849/64/750 824/90/729 850/64/750
f 822/91/727 825/92/730 828/92/733
f 822/91/727 828/92/733 823/91/728
f 851/81/751 852/80/752 853/80/753
f 851/81/751 853/80/753 854/81/754
f 855/83/755 856/85/756 857/85/757
f 855/83/755 857/85/757 858/83/758
f 859/77/751 1798/546/759 1799/78/760
f 1798/546/759 860/77/754 1816/499/761
f 852/80/752 855/83/755 858/83/758
f 852/80/752 858/83/758 853/80/753
f 856/85/756 861/87/762 862/87/763
f 856/85/756 862/87/763 857/85/757
f 861/87/762 863/89/764 864/89/764
f 861/87/762 864/89/764 862/87/763
f 865/89/765 866/75/766 867/75/766
f 865/89/765 867/75/766 868/89/765
f 866/75/766 869/65/767 870/65/767
f 866/75/766 870/65/767 867/75/766
f 871/48/768 872/47/769 873/47/769
f 871/48/768 873/47/769 874/48/770
f 875/74/771 871/48/768 874/48/770
f 875/74/771 874/48/770 876/74/771
f 877/124/772 878/125/773 879/125/774
f 877/124/772 879/125/774 880/124/775
f 881/120/776 882/121/777 883/121/778
f 881/120/776 883/121/778 884/120/779
f 885/118/780 886/119/781 887/119/782
f 885/118/780 887/119/782 888/118/783
f 878/125/773 889/126/784 890/126/784
f 878/125/773 890/126/784 879/125/774
f 891/122/785 892/123/772 893/123/775
f 891/122/785 893/123/775 894/122/786
f 886/119/781 881/120/776 884/120/779
f 886/119/781 884/120/779 887/119/782
f 895/117/787 885/118/780 888/118/783
f 895/117/787 888/118/783 896/117/788
f 897/116/789 895/117/787 896/117/788
f 897/116/789 896/117/788 898/116/789
f 899/150/790 900/151/791 901/151/792
f 899/150/790 901/151/792 902/150/793
f 903/152/794 904/153/795 905/153/796
f 903/152/794 905/153/796 906/152/797
f 907/155/798 908/156/799 909/156/800
f 907/155/798 909/156/800 910/155/801
f 911/158/802 912/159/803 913/159/803
f 911/158/802 913/159/803 914/158/804
f 915/95/805 916/99/806 917/99/807
f 915/95/805 917/99/807 918/95/808
f 919/106/809 920/105/810 921/105/811
f 919/106/809 921/105/811 922/106/812
f 923/109/813 924/111/814 925/111/815
f 923/109/813 925/111/815 926/109/816
f 904/153/795 927/154/798 928/154/817
f 904/153/795 928/154/817 905/153/796
f 929/157/818 911/158/802 914/158/804
f 929/157/818 914/158/804 930/157/800
f 931/96/819 915/95/805 918/95/808
f 931/96/819 918/95/808 932/96/820
f 933/102/821 934/101/822 935/101/823
f 933/102/821 935/101/823 936/102/824
f 920/105/810 923/109/813 926/109/816
f 920/105/810 926/109/816 921/105/811
f 924/111/814 937/113/825 938/113/826
f 924/111/814 938/113/826 925/111/815
f 937/113/825 939/115/827 940/115/827
f 937/113/825 940/115/827 938/113/826
f 939/115/827 899/150/790 902/150/793
f 939/115/827 902/150/793 940/115/827
f 900/151/791 903/152/794 906/152/797
f 900/151/791 906/152/797 901/151/792
f 941/129/828 942/133/829 943/133/830
f 941/129/828 943/133/830 944/129/831
f 945/140/832 946/139/833 947/139/834
f 945/140/832 947/139/834 948/140/835
f 949/143/836 950/145/837 951/145/838
f 949/143/836 951/145/838 952/143/839
f 953/130/840 941/129/828 944/129/831
f 953/130/840 944/129/831 954/130/841
f 955/136/842 956/135/843 957/135/835
f 955/136/842 957/135/835 958/136/830
f 946/139/833 949/143/836 952/143/839
f 946/139/833 952/143/839 947/139/834
f 950/145/837 959/147/844 960/147/845
f 950/145/837 960/147/845 951/145/838
f 959/147/844 961/149/846 962/149/846
f 959/147/844 962/149/846 960/147/845
f 963/149/847 964/127/848 965/127/848
f 963/149/847 965/127/848 966/149/847
f 964/127/848 967/116/849 968/116/849
f 964/127/848 968/116/849 965/127/848
f 969/97/850 970/96/851 971/96/852
f 969/97/850 971/96/852 972/97/853
f 973/126/854 969/97/850 972/97/853
f 973/126/854 972/97/853 974/126/855
f 975/131/856 976/130/857 977/130/857
f 975/131/856 977/130/857 978/131/858
f 979/159/859 975/131/856 978/131/858
f 979/159/859 978/131/858 980/159/859
f 981/188/860 982/189/861 983/189/862
f 981/188/860 983/189/862 984/188/863
f 985/184/864 986/186/865 987/186/866
f 985/184/864 987/186/866 988/184/867
f 989/182/868 990/183/869 991/183/870
f 989/182/868 991/183/870 992/182/871
f 982/189/861 993/190/872 994/190/872
f 982/189/861 994/190/872 983/189/862
f 995/187/873 981/188/860 984/188/863
f 995/187/873 984/188/863 996/187/866
f 990/183/869 985/184/864 988/184/867
f 990/183/869 988/184/867 991/183/870
f 997/181/874 989/182/868 992/182/871
f 997/181/874 992/182/871 998/181/875
f 999/180/876 997/181/874 998/181/875
f 999/180/876 998/181/875 1000/180/876
f 1001/212/877 1002/213/878 1003/213/879
f 1001/212/877 1003/213/879 1004/212/880
f 1005/214/881 1006/215/882 1007/215/883
f 1005/214/881 1007/215/883 1008/214/884
f 1009/217/885 1010/218/886 1011/218/887
f 1009/217/885 1011/218/887 1012/217/888
f 1013/219/889 1014/220/890 1015/220/890
f 1013/219/889 1015/220/890 1016/219/891
f 1017/161/892 1018/165/893 1019/165/894
f 1017/161/892 1019/165/894 1020/161/895
f 1021/167/896 1022/169/897 1023/169/898
f 1021/167/896 1023/169/898 1024/167/899
f 1025/171/900 1026/175/901 1027/175/902
f 1025/171/900 1027/175/902 1028/171/903
f 1029/216/882 1009/217/885 1012/217/888
f 1029/216/882 1012/217/888 1030/216/883
f 1010/218/886 1013/219/889 1016/219/891
f 1010/218/886 1016/219/891 1011/218/887
f 1031/162/904 1017/161/892 1020/161/895
f 1031/162/904 1020/161/895 1032/162/905
f 1018/165/893 1021/167/896 1024/167/899
f 1018/165/893 1024/167/899 1019/165/894
f 1033/172/897 1025/171/900 1028/171/903
f 1033/172/897 1028/171/903 1034/172/898
f 1026/175/901 1035/177/906 1036/177/907
f 1026/175/901 1036/177/907 1027/175/902
f 1035/177/906 1037/179/908 1038/179/908
f 1035/177/906 1038/179/908 1036/177/907
f 1037/179/908 1001/212/877 1004/212/880
f 1037/179/908 1004/212/880 1038/179/908
f 1002/213/878 1005/214/881 1008/214/884
f 1002/213/878 1008/214/884 1003/213/879
f 1039/193/909 1040/197/910 1041/197/911
f 1039/193/909 1041/197/911 1042/193/912
f 1043/199/913 1044/201/914 1045/201/915
f 1043/199/913 1045/201/915 1046/199/916
f 1047/203/917 1048/207/918 1049/207/919
f 1047/203/917 1049/207/919 1050/203/920
f 1051/194/921 1039/193/909 1042/193/912
f 1051/194/921 1042/193/912 1052/194/922
f 1040/197/910 1043/199/913 1046/199/916
f 1040/197/910 1046/199/916 1041/197/911
f 1053/204/914 1047/203/917 1050/203/920
f 1053/204/914 1050/203/920 1054/204/923
f 1048/207/918 1055/209/924 1056/209/925
f 1048/207/918 1056/209/925 1049/207/919
f 1055/209/924 1057/211/926 1058/211/926
f 1055/209/924 1058/211/926 1056/209/925
f 1059/211/927 1060/191/928 1061/191/928
f 1059/211/927 1061/191/928 1062/211/929
f 1060/191/928 1063/180/930 1064/180/930
f 1060/191/928 1064/180/930 1061/191/928
f 1065/163/931 1066/162/932 1067/162/933
f 1065/163/931 1067/162/933 1068/163/934
f 1069/190/935 1065/163/931 1068/163/934
f 1069/190/935 1068/163/934 1070/190/935
f 1071/195/936 1072/194/937 1073/194/937
f 1071/195/936 1073/194/937 1074/195/938
f 1075/220/939 1071/195/936 1074/195/938
f 1075/220/939 1074/195/938 1076/220/939
f 1077/237/940 1078/6/941 1079/6/942
f 1077/237/940 1079/6/942 1080/237/943
f 1081/241/944 1082/244/945 1083/244/946
f 1081/241/944 1083/244/946 1084/241/947
f 1085/247/948 1086/245/949 1087/245/950
f 1085/247/948 1087/245/950 1088/247/948
f 1089/251/951 1090/249/952 1091/249/953
f 1089/251/951 1091/249/953 1092/251/951
f 1093/225/954 1094/222/955 1095/222/956
f 1093/225/954 1095/222/956 1096/225/957
f 1097/229/958 1098/227/959 1099/227/960
f 1097/229/958 1099/227/960 1100/229/961
f 1101/234/962 1102/233/963 1103/233/964
f 1101/234/962 1103/233/964 1104/234/965
f 1086/245/949 1081/241/944 1084/241/947
f 1086/245/949 1084/241/947 1087/245/950
f 1090/249/952 1085/247/948 1088/247/948
f 1090/249/952 1088/247/948 1091/249/953
f 1094/222/955 1105/221/966 1106/221/967
f 1094/222/955 1106/221/967 1095/222/956
f 1098/227/959 1093/225/954 1096/225/957
f 1098/227/959 1096/225/957 1099/227/960
f 1107/231/963 1097/229/958 1100/229/961
f 1107/231/963 1100/229/961 1108/231/968
f 1109/1/969 1101/234/962 1104/234/965
f 1109/1/969 1104/234/965 1110/1/969
f 1111/4/970 1109/1/969 1110/1/969
f 1111/4/970 1110/1/969 1112/4/971
f 1078/6/941 1111/4/970 1112/4/971
f 1078/6/941 1112/4/971 1079/6/942
f 1113/239/972 1077/237/940 1080/237/943
f 1113/239/972 1080/237/943 1114/239/946
f 1115/235/973 1116/3/974 1117/3/975
f 1115/235/973 1117/3/975 1118/235/976
f 1119/230/977 1120/232/978 1121/232/979
f 1119/230/977 1121/232/979 1122/230/980
f 1123/226/981 1124/228/982 1125/228/983
f 1123/226/981 1125/228/983 1126/226/984
f 1127/224/985 1128/223/986 1129/223/987
f 1127/224/985 1129/223/987 1130/224/985
f 1124/228/982 1119/230/977 1122/230/980
f 1124/228/982 1122/230/980 1125/228/983
f 1128/223/986 1123/226/981 1126/226/984
f 1128/223/986 1126/226/984 1129/223/987
f 1116/3/974 1131/2/988 1132/2/988
f 1116/3/974 1132/2/988 1117/3/975
f 1133/236/989 1115/235/973 1118/235/976
f 1133/236/989 1118/235/976 1134/236/990
f 1135/7/991 1136/238/992 1137/238/993
f 1135/7/991 1137/238/993 1138/7/994
f 1139/243/995 1140/242/996 1141/242/997
f 1139/243/995 1141/242/997 1142/243/998
f 1143/246/999 1144/248/1000 1145/248/1001
f 1143/246/999 1145/248/1001 1146/246/1002
f 1147/250/1003 1148/252/1004 1149/252/1005
f 1147/250/1003 1149/252/1005 1150/250/1006
f 1140/242/996 1143/246/999 1146/246/1002
f 1140/242/996 1146/246/1002 1141/242/997
f 1144/248/1000 1147/250/1003 1150/250/1006
f 1144/248/1000 1150/250/1006 1145/248/1001
f 1136/238/992 1151/240/995 1152/240/1007
f 1136/238/992 1152/240/1007 1137/238/993
s 0
f 1153/221/1008 1154/224/1008 1155/224/1008
f 1153/221/1008 1155/224/1008 1156/221/1008
s 1
f 1157/8/1009 1135/7/991 1138/7/994
f 1157/8/1009 1138/7/994 1158/8/1009
s 0
f 1159/252/1010 1160/251/1010 1161/251/1010
f 1159/252/1010 1161/251/1010 1162/252/1010
s 1
f 1163/2/1011 1164/5/1012 1165/5/1013
f 1163/2/1011 1165/5/1013 1166/2/1014
f 1164/5/1012 1167/8/1015 1168/8/1016
f 1164/5/1012 1168/8/1016 1165/5/1013
f 1169/269/943 1170/14/941 1171/14/942
f 1169/269/943 1171/14/942 1172/269/943
f 1173/273/1017 1174/276/1018 1175/276/946
f 1173/273/1017 1175/276/946 1176/273/1019
f 1177/279/948 1178/277/949 1179/277/950
f 1177/279/948 1179/277/950 1180/279/948
f 1181/283/951 1182/281/952 1183/281/953
f 1181/283/951 1183/281/953 1184/283/951
f 1185/257/954 1186/254/955 1187/254/956
f 1185/257/954 1187/254/956 1188/257/1020
f 1189/261/958 1190/259/959 1191/259/959
f 1189/261/958 1191/259/959 1192/261/961
f 1193/266/962 1194/265/964 1195/265/964
f 1193/266/962 1195/265/964 1196/266/1021
f 1178/277/949 1173/273/1017 1176/273/1019
f 1178/277/949 1176/273/1019 1179/277/950
f 1182/281/952 1177/279/948 1180/279/948
f 1182/281/952 1180/279/948 1183/281/953
f 1186/254/955 1197/253/967 1198/253/967
f 1186/254/955 1198/253/967 1187/254/956
f 1190/259/959 1185/257/954 1188/257/1020
f 1190/259/959 1188/257/1020 1191/259/959
f 1199/263/968 1189/261/958 1192/261/961
f 1199/263/968 1192/261/961 1200/263/968
f 1201/9/969 1193/266/962 1196/266/1021
f 1201/9/969 1196/266/1021 1202/9/969
f 1203/12/970 1201/9/969 1202/9/969
f 1203/12/970 1202/9/969 1204/12/971
f 1170/14/941 1203/12/970 1204/12/971
f 1170/14/941 1204/12/971 1171/14/942
f 1205/271/1022 1169/269/943 1172/269/943
f 1205/271/1022 1172/269/943 1206/271/1022
f 1207/267/1023 1208/11/1024 1209/11/1025
f 1207/267/1023 1209/11/1025 1210/267/1026
f 1211/262/1027 1212/264/989 1213/264/979
f 1211/262/1027 1213/264/979 1214/262/1028
f 1215/258/1029 1216/260/982 1217/260/983
f 1215/258/1029 1217/260/983 1218/258/984
f 1219/256/1030 1220/255/1031 1221/255/1032
f 1219/256/1030 1221/255/1032 1222/256/1030
f 1216/260/982 1211/262/1027 1214/262/1028
f 1216/260/982 1214/262/1028 1217/260/983
f 1220/255/1031 1215/258/1029 1218/258/984
f 1220/255/1031 1218/258/984 1221/255/1032
f 1208/11/1024 1223/10/1033 1224/10/1033
f 1208/11/1024 1224/10/1033 1209/11/1025
f 1225/268/989 1207/267/1023 1210/267/1026
f 1225/268/989 1210/267/1026 1226/268/990
f 1227/15/991 1228/270/1034 1229/270/993
f 1227/15/991 1229/270/993 1230/15/1035
f 1231/275/995 1232/274/996 1233/274/997
f 1231/275/995 1233/274/997 1234/275/998
f 1235/278/1036 1236/280/1000 1237/280/1001
f 1235/278/1036 1237/280/1001 1238/278/1037
f 1239/282/1003 1240/284/1005 1241/284/1005
f 1239/282/1003 1241/284/1005 1242/282/1006
f 1232/274/996 1235/278/1036 1238/278/1037
f 1232/274/996 1238/278/1037 1233/274/997
f 1236/280/1000 1239/282/1003 1242/282/1006
f 1236/280/1000 1242/282/1006 1237/280/1001
f 1228/270/1034 1243/272/995 1244/272/1007
f 1228/270/1034 1244/272/1007 1229/270/993
s 0
f 1245/253/1008 1246/256/1008 1247/256/1008
f 1245/253/1038 1247/256/1038 1248/253/1038
s 1
f 1249/16/1009 1227/15/991 1230/15/1035
f 1249/16/1009 1230/15/1035 1250/16/1039
s 0
f 1251/284/1040 1252/283/1040 1253/283/1040
f 1251/284/1010 1253/283/1010 1254/284/1010
s 1
f 1255/10/1011 1256/13/1012 1257/13/1013
f 1255/10/1011 1257/13/1013 1258/10/1014
f 1256/13/1012 1259/16/1015 1260/16/1016
f 1256/13/1012 1260/16/1016 1257/13/1013
f 1261/20/1041 1262/298/1042 1263/298/1043
f 1261/20/1041 1263/298/1043 1264/20/1044
f 1265/293/1045 1266/290/1046 1267/290/1047
f 1265/293/1045 1267/290/1047 1268/293/1048
f 1266/290/1046 1269/287/1049 1270/287/1050
f 1266/290/1046 1270/287/1050 1267/290/1047
f 1271/21/1051 1261/20/1041 1264/20/1044
f 1271/21/1051 1264/20/1044 1272/21/1051
f 1262/298/1042 1273/295/1045 1274/295/1052
f 1262/298/1042 1274/295/1052 1263/298/1043
f 1275/302/1053 1276/24/1054 1277/24/1055
f 1275/302/1053 1277/24/1055 1278/302/1056
f 1279/310/1057 1280/309/1058 1281/309/1059
f 1279/310/1057 1281/309/1059 1282/310/1060
f 1283/313/1061 1773/547/1062 1774/316/1063
f 1773/547/1062 1284/313/1064 1817/518/1065
f 1283/313/1061 1279/310/1057 1282/310/1060
f 1283/313/1061 1282/310/1060 1284/313/1064
f 1285/305/1058 1275/302/1053 1278/302/1056
f 1285/305/1058 1278/302/1056 1286/305/1059
f 1276/24/1054 1287/27/1066 1288/27/1066
f 1276/24/1054 1288/27/1066 1277/24/1055
f 1289/18/1067 1290/21/1068 1291/21/1069
f 1289/18/1067 1291/21/1069 1292/18/1067
f 1293/27/1070 1289/18/1067 1292/18/1067
f 1293/27/1070 1292/18/1067 1294/27/1071
f 1295/31/1041 1296/327/1072 1297/327/1073
f 1295/31/1041 1297/327/1073 1298/31/1074
f 1299/322/1045 1300/319/1046 1301/319/1047
f 1299/322/1045 1301/319/1047 1302/322/1048
f 1303/32/1075 1295/31/1041 1298/31/1074
f 1303/32/1075 1298/31/1074 1304/32/1075
f 1296/327/1072 1305/324/1045 1306/324/1048
f 1296/327/1072 1306/324/1048 1297/327/1073
f 1307/331/1053 1308/35/1054 1309/35/1055
f 1307/331/1053 1309/35/1055 1310/331/1076
f 1311/339/1057 1312/338/1077 1313/338/1078
f 1311/339/1057 1313/338/1078 1314/339/1060
f 1311/339/1057 1668/548/1079 1644/342/1080
f 1668/548/1079 1314/339/1060 1669/549/1081
f 1315/334/1058 1307/331/1053 1310/331/1076
f 1315/334/1058 1310/331/1076 1316/334/1059
f 1308/35/1054 1317/38/1066 1318/38/1066
f 1308/35/1054 1318/38/1066 1309/35/1055
f 1319/29/1067 1320/32/1082 1321/32/1069
f 1319/29/1067 1321/32/1069 1322/29/1067
f 1323/38/1070 1319/29/1067 1322/29/1067
f 1323/38/1070 1322/29/1067 1324/38/1071
f 1325/360/1083 1326/358/1084 1327/358/1085
f 1325/360/1083 1327/358/1085 1328/360/1086
f 1329/356/1087 1330/353/1088 1331/353/1089
f 1329/356/1087 1331/353/1089 1332/356/1087
f 1333/350/1090 1334/348/1091 1335/348/1091
f 1333/350/1090 1335/348/1091 1336/350/1090
f 1337/345/1092 1338/344/1093 1339/344/1093
f 1337/345/1092 1339/344/1093 1340/345/1094
f 1330/353/1088 1341/352/1095 1342/352/1095
f 1330/353/1088 1342/352/1095 1331/353/1089
f 1334/348/1091 1337/345/1092 1340/345/1094
f 1334/348/1091 1340/345/1094 1335/348/1091
f 1343/382/1096 1325/360/1083 1328/360/1086
f 1343/382/1096 1328/360/1086 1344/382/1097
f 1326/358/1098 1329/356/1087 1332/356/1087
s 0
f 1326/358/1099 1332/356/1100 1327/358/1099
s 1
f 1345/359/1101 1346/361/1102 1347/361/1103
f 1345/359/1101 1347/361/1103 1348/359/1104
f 1349/354/1105 1350/357/1106 1351/357/1107
f 1349/354/1105 1351/357/1107 1352/354/1108
f 1353/349/1109 1354/351/1110 1355/351/1111
f 1353/349/1109 1355/351/1111 1356/349/1112
f 1357/347/1113 1358/346/1114 1359/346/1115
f 1357/347/1113 1359/346/1115 1360/347/1113
f 1361/355/1116 1349/354/1105 1352/354/1108
f 1361/355/1116 1352/354/1108 1362/355/1111
f 1358/346/1114 1353/349/1109 1356/349/1112
f 1358/346/1114 1356/349/1112 1359/346/1115
f 1350/357/1106 1345/359/1101 1348/359/1104
f 1350/357/1106 1348/359/1104 1351/357/1107
f 1346/361/1102 1363/383/1117 1364/383/1117
f 1346/361/1102 1364/383/1117 1347/361/1103
s 0
f 1365/344/1118 1366/347/1118 1367/347/1118
f 1365/344/1118 1367/347/1118 1368/344/1118
f 1369/365/1119 1370/364/1119 1371/364/1119
f 1369/365/1120 1371/364/1120 1372/365/1120
s 1
f 1373/381/1121 1374/362/1122 1375/362/1122
f 1373/381/1121 1375/362/1122 1376/381/1123
f 1377/377/1124 1378/379/1125 1379/379/1125
f 1377/377/1124 1379/379/1125 1380/377/1124
f 1381/371/1126 1382/373/1127 1383/373/1128
f 1381/371/1126 1383/373/1128 1384/371/1129
f 1385/366/1130 1386/369/1131 1387/369/1132
f 1385/366/1130 1387/369/1132 1388/366/1133
f 1389/374/1127 1377/377/1124 1380/377/1124
f 1389/374/1127 1380/377/1124 1390/374/1128
f 1386/369/1131 1381/371/1126 1384/371/1129
f 1386/369/1131 1384/371/1129 1387/369/1132
f 1374/362/1122 1391/365/1134 1392/365/1134
f 1374/362/1122 1392/365/1134 1375/362/1122
s 0
f 1378/379/1135 1373/381/1135 1376/381/1135
s 1
f 1378/379/1125 1376/381/1136 1379/379/1125
f 1393/363/1137 1394/380/1138 1395/380/1139
f 1393/363/1137 1395/380/1139 1396/363/1140
f 1397/378/1141 1398/376/1142 1399/376/1143
f 1397/378/1141 1399/376/1143 1400/378/1144
f 1401/372/1145 1402/370/1146 1403/370/1147
f 1401/372/1145 1403/370/1147 1404/372/1148
f 1405/368/1149 1406/367/1150 1407/367/1150
f 1405/368/1149 1407/367/1150 1408/368/1151
f 1398/376/1142 1409/375/1152 1410/375/1148
f 1398/376/1142 1410/375/1148 1399/376/1143
f 1402/370/1146 1405/368/1149 1408/368/1151
f 1402/370/1146 1408/368/1151 1403/370/1147
f 1394/380/1138 1397/378/1141 1400/378/1144
f 1394/380/1138 1400/378/1144 1395/380/1139
f 1411/364/1153 1393/363/1137 1396/363/1140
f 1411/364/1153 1396/363/1140 1412/364/1153
s 0
f 1413/367/1154 1414/366/1154 1415/366/1154
f 1413/367/1154 1415/366/1154 1416/367/1154
f 1417/383/1155 1418/382/1155 1419/382/1155
f 1417/383/1155 1419/382/1155 1420/383/1155
s 1
f 1421/404/1101 1422/407/1102 1423/407/1156
f 1421/404/1101 1423/407/1156 1424/404/1104
f 1425/396/1105 1426/401/1106 1427/401/1107
f 1425/396/1105 1427/401/1107 1428/396/1108
f 1429/390/1157 1430/393/1158 1431/393/1111
f 1429/390/1157 1431/393/1111 1432/390/1112
f 1433/386/1159 1625/550/1160 1626/387/1161
f 1625/550/1160 1434/386/1162 1645/528/1163
f 1435/397/1158 1425/396/1105 1428/396/1108
f 1435/397/1158 1428/396/1108 1436/397/1111
f 1433/386/1159 1429/390/1157 1432/390/1112
f 1433/386/1159 1432/390/1112 1434/386/1162
f 1426/401/1106 1421/404/1101 1424/404/1104
f 1426/401/1106 1424/404/1104 1427/401/1107
f 1422/407/1102 1437/430/1117 1438/430/1117
f 1422/407/1102 1438/430/1117 1423/407/1156
s 0
f 1439/411/1120 1440/410/1120 1441/410/1120
f 1439/411/1120 1441/410/1120 1442/411/1120
s 1
f 1443/427/1164 1444/408/1165 1445/408/1165
f 1443/427/1164 1445/408/1165 1446/427/1123
f 1447/423/1166 1448/425/1125 1449/425/1125
f 1447/423/1166 1449/425/1125 1450/423/1167
f 1451/417/1168 1452/419/1128 1453/419/1128
f 1451/417/1168 1453/419/1128 1454/417/1168
f 1455/412/1130 1456/415/1132 1457/415/1169
f 1455/412/1130 1457/415/1169 1458/412/1130
f 1459/420/1127 1447/423/1166 1450/423/1167
f 1459/420/1127 1450/423/1167 1460/420/1127
f 1456/415/1132 1451/417/1168 1454/417/1168
f 1456/415/1132 1454/417/1168 1457/415/1169
f 1444/408/1170 1461/411/1134 1462/411/1134
s 0
f 1444/408/1171 1462/411/1172 1445/408/1171
f 1448/425/1135 1443/427/1135 1446/427/1135
s 1
f 1448/425/1125 1446/427/1136 1449/425/1125
f 1463/409/1173 1464/426/1174 1465/426/1175
f 1463/409/1173 1465/426/1175 1466/409/1176
f 1467/424/1141 1468/422/1142 1469/422/1177
f 1467/424/1141 1469/422/1177 1470/424/1144
f 1471/418/1145 1472/416/1146 1473/416/1178
f 1471/418/1145 1473/416/1178 1474/418/1148
f 1475/414/1179 1476/413/1180 1477/413/1150
f 1475/414/1179 1477/413/1150 1478/414/1151
f 1468/422/1142 1479/421/1152 1480/421/1148
f 1468/422/1142 1480/421/1148 1469/422/1177
f 1472/416/1146 1475/414/1179 1478/414/1151
f 1472/416/1146 1478/414/1151 1473/416/1178
f 1464/426/1174 1467/424/1141 1470/424/1144
f 1464/426/1174 1470/424/1144 1465/426/1175
f 1481/410/1153 1463/409/1173 1466/409/1176
f 1481/410/1153 1466/409/1176 1482/410/1153
s 0
f 1483/413/1154 1484/412/1154 1485/412/1154
f 1483/413/1154 1485/412/1154 1486/413/1154
s 1
f 1489/443/1181 1490/445/1182 1491/445/1183
f 1489/443/1181 1491/445/1183 1492/443/1181
f 1493/439/1184 1494/441/1185 1495/441/1185
f 1493/439/1184 1495/441/1185 1496/439/1184
f 1497/434/1186 1736/551/1187 1737/435/1188
f 1736/551/1187 1498/434/1189 1775/552/1190
f 1499/436/1186 1493/439/1184 1496/439/1184
f 1499/436/1186 1496/439/1184 1500/436/1189
f 1490/445/1182 1501/464/1191 1502/464/1192
f 1490/445/1182 1502/464/1192 1491/445/1183
s 0
f 1494/441/1193 1489/443/1193 1492/443/1193
s 1
f 1494/441/1185 1492/443/1194 1495/441/1185
f 1503/444/1195 1504/442/1196 1505/442/1197
f 1503/444/1195 1505/442/1197 1506/444/1198
f 1507/440/1199 1508/438/1200 1509/438/1201
f 1507/440/1199 1509/438/1201 1510/440/1202
f 1508/438/1200 1513/437/1203 1514/437/1204
f 1508/438/1200 1514/437/1204 1509/438/1201
f 1504/442/1196 1507/440/1199 1510/440/1202
f 1504/442/1196 1510/440/1202 1505/442/1197
f 1515/463/1205 1503/444/1195 1506/444/1198
f 1515/463/1205 1506/444/1198 1516/463/1205
s 0
f 1517/448/1206 1518/447/1206 1519/447/1206
f 1517/448/1206 1519/447/1206 1520/448/1206
s 1
f 1521/446/1207 1522/461/1208 1523/461/1209
f 1521/446/1207 1523/461/1209 1524/446/1207
f 1525/459/1210 1526/456/1211 1527/456/1211
f 1525/459/1210 1527/456/1211 1528/459/1210
f 1526/456/1211 1531/455/1212 1532/455/1212
f 1526/456/1211 1532/455/1212 1527/456/1211
f 1533/447/1213 1521/446/1207 1524/446/1207
f 1533/447/1213 1524/446/1207 1534/447/1214
f 1522/461/1215 1525/459/1210 1528/459/1210
s 0
f 1522/461/1216 1528/459/1217 1523/461/1216
s 1
f 1535/462/1218 1536/449/1219 1537/449/1220
f 1535/462/1218 1537/449/1220 1538/462/1221
f 1539/457/1222 1540/460/1223 1541/460/1224
f 1539/457/1222 1541/460/1224 1542/457/1225
f 1543/453/1226 1820/553/1227 1821/454/1228
f 1820/553/1227 1544/453/1229 1692/531/1230
f 1545/458/1226 1539/457/1222 1542/457/1225
f 1545/458/1226 1542/457/1225 1546/458/1229
f 1540/460/1223 1535/462/1218 1538/462/1221
f 1540/460/1223 1538/462/1221 1541/460/1224
f 1536/449/1219 1547/448/1231 1548/448/1231
f 1536/449/1219 1548/448/1231 1537/449/1220
s 0
f 1549/464/1232 1550/463/1232 1551/463/1232
f 1549/464/1232 1551/463/1232 1552/464/1232
s 1
f 1553/476/1195 1554/473/1196 1555/473/1197
f 1553/476/1195 1555/473/1197 1556/476/1198
f 1557/470/1233 1558/467/1200 1559/467/1201
f 1557/470/1233 1559/467/1201 1560/470/1234
f 1554/473/1196 1557/470/1233 1560/470/1234
f 1554/473/1196 1560/470/1234 1555/473/1197
f 1561/496/1205 1553/476/1195 1556/476/1198
f 1561/496/1205 1556/476/1198 1562/496/1205
s 0
f 1563/480/1206 1564/479/1206 1565/479/1206
f 1563/480/1206 1565/479/1206 1566/480/1206
s 1
f 1567/478/1207 1568/493/1235 1569/493/1236
f 1567/478/1207 1569/493/1236 1570/478/1237
f 1571/491/1210 1572/488/1238 1573/488/1239
f 1571/491/1210 1573/488/1239 1574/491/1210
f 1572/488/1238 1577/487/1240 1578/487/1212
f 1572/488/1238 1578/487/1212 1573/488/1239
f 1579/479/1214 1567/478/1207 1570/478/1237
f 1579/479/1214 1570/478/1237 1580/479/1241
f 1568/493/1215 1571/491/1210 1574/491/1210
s 0
f 1568/493/1242 1574/491/1242 1569/493/1242
s 1
f 1581/494/1218 1582/481/1219 1583/481/1243
f 1581/494/1218 1583/481/1243 1584/494/1221
f 1585/489/1222 1586/492/1223 1587/492/1224
f 1585/489/1222 1587/492/1224 1588/489/1225
f 1589/485/1226 1822/554/1244 1823/486/1228
f 1822/554/1244 1590/485/1245 1693/542/1246
f 1591/490/1247 1585/489/1222 1588/489/1225
f 1591/490/1247 1588/489/1225 1592/490/1229
f 1586/492/1223 1581/494/1218 1584/494/1221
f 1586/492/1223 1584/494/1221 1587/492/1224
f 1582/481/1219 1593/480/1231 1594/480/1231
f 1582/481/1219 1594/480/1231 1583/481/1243
s 0
f 1595/496/1232 1664/555/1232 1665/497/1232
f 1664/555/1232 1596/496/1232 1610/556/1232
f 1487/430/1155 1663/429/1155 1662/557/1155
s 1
f 731/404/628 1658/558/1248 1657/559/1249
f 731/404/628 1642/560/1250 730/401/1251
f 730/401/1251 1642/560/1250 1641/561/1252
f 727/393/620 1640/562/1253 726/390/1254
f 726/390/1254 1640/562/1253 1639/563/1255
f 1558/467/1200 1630/466/1256 1629/564/1257
f 1558/467/1200 1646/534/1258 1559/467/1201
f 730/401/1251 1615/565/1259 729/396/623
f 729/396/623 1615/565/1259 1614/566/1260
f 726/390/1254 1613/567/1261 725/386/616
f 725/386/616 1613/567/1261 1612/529/652
s 0
f 1662/557/1262 1488/430/1262 1487/430/1262
s 1
f 732/407/630 1659/568/1263 1606/569/1264
f 731/404/628 1605/570/1265 1658/558/1248
f 732/407/630 1606/569/1264 1605/570/1265
f 729/396/623 1603/571/1266 728/397/622
f 728/397/622 1603/571/1266 1604/572/1267
f 1511/433/1268 1819/432/1269 1818/573/1270
f 755/433/663 1796/574/1271 754/434/1272
f 49/506/1273 1783/575/1274 48/576/1275
f 48/576/1275 1783/575/1274 1827/577/1276
f 681/331/1277 1781/578/1278 1814/579/1279
f 667/302/1277 1780/580/1278 1812/581/1279
f 754/434/1272 1796/574/1271 1772/552/1280
f 1638/549/1281 1771/582/1282 1835/583/1283
f 683/339/1284 1795/584/1285 1770/585/1286
f 683/339/1284 1770/585/1286 1771/582/1282
f 671/313/608 1767/586/1282 1832/587/1287
f 669/310/1284 1793/588/1285 1766/589/1286
f 669/310/1284 1766/589/1286 1767/586/1282
f 1575/482/1212 1741/484/1288 1740/590/1289
f 1575/482/1212 1777/543/1290 1576/482/1212
f 1529/450/1212 1739/452/1288 1738/591/1291
f 1529/450/1212 1776/532/1292 1530/450/1212
f 679/35/1293 1719/592/1294 1781/578/1278
f 679/35/1293 1720/593/1295 1719/592/1294
f 677/29/34 1720/593/1295 680/38/1296
f 665/24/1293 1716/594/1294 1780/580/1278
f 665/24/1293 1717/595/1297 1716/594/1294
f 663/18/34 1717/595/1297 666/27/1298
f 1300/319/1046 1714/596/1299 1713/597/1300
f 1300/319/1046 1735/521/1301 1301/319/1047
f 841/576/1302 1815/577/1303 1711/598/1304
f 841/576/1302 1712/507/1305 842/576/1306
f 682/334/1307 1710/599/1308 1729/600/1309
f 668/305/1307 1708/601/1308 1727/602/1309
f 33/79/73 1700/603/1310 1826/604/1311
f 1511/433/1268 1691/605/1312 1512/433/1313
f 1269/287/1049 1690/606/1314 1689/607/1315
f 1269/287/1049 1734/509/1316 1270/287/1050
f 681/331/1277 1814/579/1279 1688/608/1317
f 682/334/1307 1688/608/1317 1710/599/1308
f 671/313/608 1832/587/1287 1685/519/609
f 667/302/1277 1812/581/1279 1684/609/1317
f 668/305/1307 1684/609/1317 1708/601/1308
f 262/20/13 263/18/11 1778/17/10
f 1695/23/16 265/27/16 266/24/17
f 263/18/11 265/27/16 1824/26/16
f 276/31/13 277/29/11 1779/28/10
f 1697/34/20 279/38/21 280/35/17
f 277/29/11 279/38/21 1825/37/20
f 1715/41/36 663/18/34 662/20/32
f 1718/44/36 677/29/34 676/31/38
f 257/287/244 258/290/247 1742/289/246
f 258/290/247 259/293/250 1785/292/249
f 260/295/250 261/298/254 1673/296/252
f 261/298/254 262/20/13 1743/300/256
f 1744/301/257 266/24/17 267/302/258
f 1786/304/260 267/302/258 268/305/261
f 1675/307/263 269/309/265 270/310/266
f 1745/312/268 270/310/266 271/313/269
f 272/319/247 273/322/250 1789/321/275
f 274/324/250 275/327/254 1677/325/252
f 275/327/254 276/31/13 1747/329/256
f 1748/330/276 280/35/17 281/331/258
f 1790/333/260 281/331/258 282/334/261
f 1679/336/277 283/338/265 284/339/266
f 1834/341/268 284/339/266 1627/342/278
f 1648/388/317 326/390/283 325/386/281
f 1598/391/319 327/393/285 326/390/283
f 1632/394/321 328/396/323 329/397/285
f 1650/399/325 330/401/327 328/396/323
f 1600/402/328 331/404/292 330/401/327
f 1621/405/330 332/407/332 331/404/292
f 1635/428/336 353/430/313 332/407/332
f 1704/431/337 354/433/339 355/434/340
f 370/450/355 371/453/358 1806/451/356
f 382/467/371 383/470/374 1666/469/373
f 383/470/374 384/473/348 1611/472/376
f 384/473/348 385/476/379 1628/475/378
f 390/482/355 391/485/358 1808/483/356
f 385/476/379 400/496/367 1652/495/384
f 433/81/417 434/80/423 1749/501/419
f 1749/501/419 434/80/423 435/79/421
f 448/506/438 449/576/435 1753/507/439
f 1683/510/596 658/290/599 657/287/594
f 1726/512/598 659/293/1318 658/290/599
f 1765/514/601 660/298/605 661/295/602
f 1670/40/33 662/20/32 660/298/605
f 1728/522/613 673/322/1318 672/319/611
f 1769/524/601 674/327/605 675/324/602
f 1671/43/39 676/31/38 674/327/605
f 770/453/674 771/450/677 1730/530/675
f 783/470/692 782/467/690 1617/535/693
f 784/473/668 783/470/692 1653/537/695
f 1608/539/697 785/476/707 784/473/668
f 790/485/674 791/482/677 1732/541/700
f 1661/544/706 800/496/1319 785/476/707
f 859/77/751 860/77/754 1798/546/759
f 1283/313/1061 1284/313/1064 1773/547/1062
f 1311/339/1057 1314/339/1060 1668/548/1079
f 1433/386/1159 1434/386/1162 1625/550/1160
f 1497/434/1186 1498/434/1189 1736/551/1187
f 1543/453/1226 1544/453/1229 1820/553/1227
f 1589/485/1226 1590/485/1245 1822/554/1244
s 0
f 1595/496/1232 1596/496/1232 1664/555/1232
s 1
f 731/404/628 1657/559/1249 1642/560/1250
f 727/393/620 1656/610/1320 1640/562/1253
f 1558/467/1200 1629/564/1257 1646/534/1258
f 730/401/1251 1641/561/1252 1615/565/1259
f 726/390/1254 1639/563/1255 1613/567/1261
s 0
f 1662/557/1321 1609/568/1321 1488/430/1321
s 1
f 732/407/630 753/430/1322 1659/568/1263
f 731/404/628 732/407/630 1605/570/1265
f 729/396/623 1614/566/1260 1603/571/1266
f 755/433/663 1797/605/1323 1796/574/1271
f 49/506/1273 1784/611/1324 1783/575/1274
f 681/331/1277 679/35/1293 1781/578/1278
f 667/302/1277 665/24/1293 1780/580/1278
f 1638/549/1281 683/339/1284 1771/582/1282
f 683/339/1284 684/338/1307 1795/584/1285
f 671/313/608 669/310/1284 1767/586/1282
f 669/310/1284 670/309/1307 1793/588/1285
f 1575/482/1212 1740/590/1289 1777/543/1290
f 1529/450/1212 1738/591/1291 1776/532/1292
f 679/35/1293 680/38/1296 1720/593/1295
f 677/29/34 1718/44/36 1720/593/1295
f 665/24/1293 666/27/1298 1717/595/1297
f 663/18/34 1715/41/36 1717/595/1297
f 1300/319/1046 1713/597/1300 1735/521/1301
f 841/576/1302 1711/598/1304 1712/507/1305
f 33/79/73 35/81/75 1700/603/1310
f 1511/433/1268 1818/573/1270 1691/605/1312
f 1269/287/1049 1689/607/1315 1734/509/1316
f 682/334/1307 681/331/1277 1688/608/1317
f 668/305/1307 667/302/1277 1684/609/1317
