# Blender 5.1.1
# www.blender.org
mtllib TableLegs.mtl
o Circle.016_0
v 0.647493 -0.888177 -10.453827
v 0.644595 -0.878230 -10.453470
v 0.651345 -0.876617 -10.443639
v 0.654242 -0.886564 -10.443996
v 0.588123 -0.909036 -10.354614
v 0.585225 -0.899089 -10.354257
v 0.574403 -0.902087 -10.358582
v 0.577301 -0.912034 -10.358940
v 0.639044 -0.890341 -10.462118
v 0.636146 -0.880394 -10.461761
v 0.644595 -0.878230 -10.453470
v 0.647493 -0.888177 -10.453827
v 0.599526 -0.905788 -10.352561
v 0.596629 -0.895841 -10.352203
v 0.629219 -0.892973 -10.468551
v 0.626322 -0.883026 -10.468193
v 0.611074 -0.902413 -10.352858
v 0.608176 -0.892466 -10.352501
v 0.618397 -0.895970 -10.472877
v 0.615499 -0.886023 -10.472520
v 0.622321 -0.899041 -10.355495
v 0.619423 -0.889095 -10.355139
v 0.606994 -0.899219 -10.474931
v 0.604096 -0.889272 -10.474573
v 0.632835 -0.895803 -10.360372
v 0.629937 -0.885856 -10.360014
v 0.595447 -0.902594 -10.474632
v 0.592549 -0.892647 -10.474276
v 0.642213 -0.892822 -10.367298
v 0.639315 -0.882875 -10.366941
v 0.584200 -0.905965 -10.471995
v 0.581302 -0.896018 -10.471638
v 0.650094 -0.890213 -10.376011
v 0.647196 -0.880266 -10.375654
v 0.573685 -0.909204 -10.467119
v 0.570787 -0.899257 -10.466762
v 0.656175 -0.888077 -10.386173
v 0.653277 -0.878130 -10.385816
v 0.647196 -0.880266 -10.375654
v 0.650094 -0.890213 -10.376011
v 0.564307 -0.912184 -10.460192
v 0.561410 -0.902238 -10.459835
v 0.660222 -0.886495 -10.397395
v 0.657325 -0.876548 -10.397038
v 0.541944 -0.909846 -10.405866
v 0.544841 -0.919794 -10.406222
v 0.547488 -0.919444 -10.394488
v 0.544590 -0.909497 -10.394132
v 0.556426 -0.914793 -10.451480
v 0.553529 -0.904846 -10.451123
v 0.561410 -0.902238 -10.459835
v 0.564307 -0.912184 -10.460192
v 0.662081 -0.885528 -10.409245
v 0.659183 -0.875581 -10.408888
v 0.552278 -0.918443 -10.383495
v 0.549380 -0.908496 -10.383138
v 0.550346 -0.916930 -10.441318
v 0.547447 -0.906983 -10.440961
v 0.661680 -0.885213 -10.421268
v 0.658782 -0.875266 -10.420911
v 0.559027 -0.916829 -10.373663
v 0.556130 -0.906882 -10.373306
v 0.546298 -0.918512 -10.430096
v 0.543400 -0.908565 -10.429738
v 0.659032 -0.885563 -10.433002
v 0.656134 -0.875616 -10.432645
v 0.567476 -0.914665 -10.365373
v 0.564579 -0.904719 -10.365015
v 0.544439 -0.919479 -10.418245
v 0.541541 -0.909532 -10.417889
v 0.564579 -0.904719 -10.365015
v 0.567476 -0.914665 -10.365373
v 0.561410 -0.902238 -10.459835
v 0.566278 -0.892823 -10.451097
v 0.573947 -0.890385 -10.456762
v 0.570787 -0.899257 -10.466762
v 0.657325 -0.876548 -10.397038
v 0.644717 -0.871814 -10.399742
v 0.641406 -0.873108 -10.390565
v 0.653277 -0.878130 -10.385816
v 0.544590 -0.909497 -10.394132
v 0.552523 -0.898759 -10.397366
v 0.550359 -0.899045 -10.406961
v 0.541944 -0.909846 -10.405866
v 0.553529 -0.904846 -10.451123
v 0.559833 -0.894957 -10.443973
v 0.659183 -0.875581 -10.408888
v 0.646237 -0.871023 -10.409433
v 0.549380 -0.908496 -10.383138
v 0.556441 -0.897941 -10.388375
v 0.547447 -0.906983 -10.440961
v 0.554860 -0.896704 -10.435662
v 0.658782 -0.875266 -10.420911
v 0.645908 -0.870766 -10.419266
v 0.556130 -0.906882 -10.373306
v 0.561960 -0.896621 -10.380335
v 0.543400 -0.908565 -10.429738
v 0.551550 -0.897998 -10.426485
v 0.656134 -0.875616 -10.432645
v 0.643743 -0.871052 -10.428862
v 0.564579 -0.904719 -10.365015
v 0.568870 -0.894852 -10.373554
v 0.541541 -0.909532 -10.417889
v 0.550030 -0.898788 -10.416794
v 0.651345 -0.876617 -10.443639
v 0.639826 -0.871870 -10.437853
v 0.574403 -0.902087 -10.358582
v 0.576904 -0.892700 -10.368294
v 0.644595 -0.878230 -10.453470
v 0.634306 -0.873190 -10.445892
v 0.585225 -0.899089 -10.354257
v 0.585754 -0.890248 -10.364757
v 0.636146 -0.880394 -10.461761
v 0.627397 -0.874960 -10.452673
v 0.596629 -0.895841 -10.352203
v 0.595080 -0.887592 -10.363077
v 0.626322 -0.883026 -10.468193
v 0.619362 -0.877111 -10.457932
v 0.608176 -0.892466 -10.352501
v 0.604523 -0.884832 -10.363320
v 0.615499 -0.886023 -10.472520
v 0.610512 -0.879563 -10.461471
v 0.619423 -0.889095 -10.355139
v 0.613720 -0.882075 -10.365478
v 0.604096 -0.889272 -10.474573
v 0.601186 -0.882220 -10.463150
v 0.629937 -0.885856 -10.360014
v 0.622319 -0.879426 -10.369465
v 0.592549 -0.892647 -10.474276
v 0.591743 -0.884980 -10.462907
v 0.639315 -0.882875 -10.366941
v 0.629988 -0.876988 -10.375130
v 0.581302 -0.896018 -10.471638
v 0.582546 -0.887737 -10.460750
v 0.647196 -0.880266 -10.375654
v 0.636434 -0.874855 -10.382255
v 0.551550 -0.897998 -10.426485
v 0.547092 -0.882694 -10.425936
v 0.550401 -0.881400 -10.435112
v 0.554860 -0.896704 -10.435662
v 0.643743 -0.871052 -10.428862
v 0.639285 -0.855748 -10.428312
v 0.641449 -0.855462 -10.418715
v 0.645908 -0.870766 -10.419266
v 0.568870 -0.894852 -10.373554
v 0.564411 -0.879548 -10.373005
v 0.557502 -0.881318 -10.379786
v 0.561960 -0.896621 -10.380335
v 0.550030 -0.898788 -10.416794
v 0.545571 -0.883485 -10.416245
v 0.639826 -0.871870 -10.437853
v 0.635367 -0.856567 -10.437303
v 0.576904 -0.892700 -10.368294
v 0.572445 -0.877396 -10.367744
v 0.564411 -0.879548 -10.373005
v 0.568870 -0.894852 -10.373554
v 0.550359 -0.899045 -10.406961
v 0.545900 -0.883742 -10.406412
v 0.634306 -0.873190 -10.445892
v 0.629848 -0.857886 -10.445343
v 0.585754 -0.890248 -10.364757
v 0.581295 -0.874945 -10.364207
v 0.627397 -0.874960 -10.452673
v 0.622938 -0.859656 -10.452124
v 0.629848 -0.857886 -10.445343
v 0.634306 -0.873190 -10.445892
v 0.595080 -0.887592 -10.363077
v 0.590621 -0.872288 -10.362528
v 0.619362 -0.877111 -10.457932
v 0.614904 -0.861808 -10.457383
v 0.604523 -0.884832 -10.363320
v 0.600065 -0.869528 -10.362771
v 0.610512 -0.879563 -10.461471
v 0.606053 -0.864260 -10.460921
v 0.613720 -0.882075 -10.365478
v 0.609262 -0.866771 -10.364927
v 0.601186 -0.882220 -10.463150
v 0.596728 -0.866916 -10.462601
v 0.622319 -0.879426 -10.369465
v 0.617861 -0.864123 -10.368916
v 0.591743 -0.884980 -10.462907
v 0.587285 -0.869676 -10.462357
v 0.629988 -0.876988 -10.375130
v 0.625530 -0.861685 -10.374580
v 0.582546 -0.887737 -10.460750
v 0.578087 -0.872433 -10.460200
v 0.636434 -0.874855 -10.382255
v 0.631975 -0.859551 -10.381705
v 0.573947 -0.890385 -10.456762
v 0.569488 -0.875082 -10.456213
v 0.641406 -0.873108 -10.390565
v 0.636948 -0.857804 -10.390016
v 0.631975 -0.859551 -10.381705
v 0.636434 -0.874855 -10.382255
v 0.566278 -0.892823 -10.451097
v 0.561819 -0.877519 -10.450548
v 0.644717 -0.871814 -10.399742
v 0.640258 -0.856510 -10.399193
v 0.552523 -0.898759 -10.397366
v 0.548064 -0.883456 -10.396816
v 0.559833 -0.894957 -10.443973
v 0.555374 -0.879653 -10.443423
v 0.561819 -0.877519 -10.450548
v 0.566278 -0.892823 -10.451097
v 0.646237 -0.871023 -10.409433
v 0.641778 -0.855720 -10.408884
v 0.556441 -0.897941 -10.388375
v 0.551982 -0.882637 -10.387826
v 0.622938 -0.859656 -10.452124
v 0.610738 -0.857497 -10.437685
v 0.615162 -0.856364 -10.433344
v 0.629848 -0.857886 -10.445343
v 0.590621 -0.872288 -10.362528
v 0.590049 -0.865584 -10.380323
v 0.584078 -0.867285 -10.381398
v 0.581295 -0.874945 -10.364207
v 0.614904 -0.861808 -10.457383
v 0.605595 -0.858874 -10.441053
v 0.600065 -0.869528 -10.362771
v 0.596094 -0.863817 -10.380479
v 0.606053 -0.864260 -10.460921
v 0.599928 -0.860444 -10.443317
v 0.609262 -0.866771 -10.364927
v 0.601982 -0.862052 -10.381860
v 0.596728 -0.866916 -10.462601
v 0.593958 -0.862145 -10.444392
v 0.617861 -0.864123 -10.368916
v 0.607487 -0.860356 -10.384413
v 0.587285 -0.869676 -10.462357
v 0.587912 -0.863912 -10.444237
v 0.625530 -0.861685 -10.374580
v 0.612398 -0.858796 -10.388041
v 0.578087 -0.872433 -10.460200
v 0.582024 -0.865677 -10.442856
v 0.631975 -0.859551 -10.381705
v 0.616524 -0.857430 -10.392601
v 0.569488 -0.875082 -10.456213
v 0.576519 -0.867373 -10.440303
v 0.636948 -0.857804 -10.390016
v 0.619707 -0.856311 -10.397922
v 0.561819 -0.877519 -10.450548
v 0.571609 -0.868933 -10.436677
v 0.640258 -0.856510 -10.399193
v 0.621827 -0.855483 -10.403797
v 0.548064 -0.883456 -10.396816
v 0.562802 -0.872734 -10.402276
v 0.561416 -0.872917 -10.408420
v 0.545900 -0.883742 -10.406412
v 0.555374 -0.879653 -10.443423
v 0.567482 -0.870299 -10.432115
v 0.641778 -0.855720 -10.408884
v 0.622800 -0.854977 -10.410002
v 0.551982 -0.882637 -10.387826
v 0.565310 -0.872210 -10.396520
v 0.550401 -0.881400 -10.435112
v 0.564298 -0.871418 -10.426794
v 0.641449 -0.855462 -10.418715
v 0.622589 -0.854812 -10.416297
v 0.557502 -0.881318 -10.379786
v 0.568844 -0.871365 -10.391373
v 0.547092 -0.882694 -10.425936
v 0.562179 -0.872246 -10.420918
v 0.639285 -0.855748 -10.428312
v 0.621203 -0.854995 -10.422441
v 0.564411 -0.879548 -10.373005
v 0.573268 -0.870232 -10.387032
v 0.545571 -0.883485 -10.416245
v 0.561206 -0.872752 -10.414715
v 0.635367 -0.856567 -10.437303
v 0.618696 -0.855519 -10.428197
v 0.572445 -0.877396 -10.367744
v 0.578412 -0.868855 -10.383664
v 0.589825 -0.852211 -10.427857
v 0.592787 -0.851368 -10.427324
v 0.596535 -0.851324 -10.398111
v 0.593805 -0.852165 -10.396846
v 0.586827 -0.853088 -10.427780
v 0.598971 -0.850550 -10.399911
v 0.583907 -0.853963 -10.427095
v 0.601017 -0.849873 -10.402172
v 0.581177 -0.854804 -10.425829
v 0.602596 -0.849318 -10.404811
v 0.578742 -0.855578 -10.424030
v 0.603647 -0.848907 -10.407725
v 0.574374 -0.857463 -10.406971
v 0.573687 -0.857554 -10.410017
v 0.576695 -0.856255 -10.421768
v 0.604130 -0.848656 -10.410802
v 0.575619 -0.857203 -10.404116
v 0.575116 -0.856810 -10.419129
v 0.604025 -0.848574 -10.413923
v 0.577371 -0.856784 -10.401563
v 0.574066 -0.857221 -10.416216
v 0.603338 -0.848665 -10.416970
v 0.579565 -0.856222 -10.399410
v 0.573583 -0.857472 -10.413139
v 0.602094 -0.848925 -10.419826
v 0.582116 -0.855539 -10.397740
v 0.600342 -0.849344 -10.422379
v 0.584926 -0.854760 -10.396617
v 0.598147 -0.849906 -10.424531
v 0.587887 -0.853917 -10.396084
v 0.595597 -0.850589 -10.426201
v 0.590885 -0.853041 -10.396161
v 0.581177 -0.854804 -10.425829
v 0.577398 -0.841832 -10.425364
v 0.580127 -0.840990 -10.426630
v 0.583907 -0.853963 -10.427095
v 0.602596 -0.849318 -10.404811
v 0.598817 -0.836346 -10.404346
v 0.597237 -0.836901 -10.401707
v 0.601017 -0.849873 -10.402172
v 0.578742 -0.855578 -10.424030
v 0.574962 -0.842605 -10.423565
v 0.603647 -0.848907 -10.407725
v 0.599867 -0.835935 -10.407259
v 0.574374 -0.857463 -10.406971
v 0.570595 -0.844490 -10.406505
v 0.569908 -0.844581 -10.409552
v 0.573687 -0.857554 -10.410017
v 0.576695 -0.856255 -10.421768
v 0.572916 -0.843283 -10.421303
v 0.574962 -0.842605 -10.423565
v 0.578742 -0.855578 -10.424030
v 0.604130 -0.848656 -10.410802
v 0.600350 -0.835684 -10.410336
v 0.575619 -0.857203 -10.404116
v 0.571839 -0.844230 -10.403650
v 0.575116 -0.856810 -10.419129
v 0.571337 -0.843838 -10.418664
v 0.604025 -0.848574 -10.413923
v 0.600246 -0.835602 -10.413458
v 0.577371 -0.856784 -10.401563
v 0.573591 -0.843812 -10.401097
v 0.574066 -0.857221 -10.416216
v 0.570286 -0.844248 -10.415751
v 0.603338 -0.848665 -10.416970
v 0.599559 -0.835693 -10.416505
v 0.579565 -0.856222 -10.399410
v 0.575785 -0.843250 -10.398945
v 0.573583 -0.857472 -10.413139
v 0.569803 -0.844500 -10.412673
v 0.602094 -0.848925 -10.419826
v 0.598314 -0.835953 -10.419359
v 0.582116 -0.855539 -10.397740
v 0.578336 -0.842566 -10.397274
v 0.575785 -0.843250 -10.398945
v 0.579565 -0.856222 -10.399410
v 0.600342 -0.849344 -10.422379
v 0.596562 -0.836372 -10.421912
v 0.584926 -0.854760 -10.396617
v 0.581146 -0.841788 -10.396151
v 0.598147 -0.849906 -10.424531
v 0.594368 -0.836934 -10.424066
v 0.596562 -0.836372 -10.421912
v 0.600342 -0.849344 -10.422379
v 0.587887 -0.853917 -10.396084
v 0.584107 -0.840944 -10.395617
v 0.595597 -0.850589 -10.426201
v 0.591817 -0.837617 -10.425735
v 0.590885 -0.853041 -10.396161
v 0.587106 -0.840068 -10.395695
v 0.592787 -0.851368 -10.427324
v 0.589007 -0.838396 -10.426858
v 0.593805 -0.852165 -10.396846
v 0.590026 -0.839193 -10.396380
v 0.589825 -0.852211 -10.427857
v 0.586046 -0.839239 -10.427392
v 0.596535 -0.851324 -10.398111
v 0.592756 -0.838352 -10.397646
v 0.586827 -0.853088 -10.427780
v 0.583048 -0.840115 -10.427315
v 0.598971 -0.850550 -10.399911
v 0.595191 -0.837578 -10.399445
v 0.601017 -0.849873 -10.402172
v 0.597237 -0.836901 -10.401707
v 0.571839 -0.844230 -10.403650
v 0.569244 -0.845042 -10.402110
v 0.567756 -0.845353 -10.405525
v 0.570595 -0.844490 -10.406505
v 0.571337 -0.843838 -10.418664
v 0.568644 -0.844572 -10.420068
v 0.570532 -0.843908 -10.423223
v 0.572916 -0.843283 -10.421303
v 0.600246 -0.835602 -10.413458
v 0.603220 -0.834722 -10.413841
v 0.603344 -0.834820 -10.410108
v 0.600350 -0.835684 -10.410336
v 0.573591 -0.843812 -10.401097
v 0.571340 -0.844541 -10.399057
v 0.570286 -0.844248 -10.415751
v 0.567387 -0.845063 -10.416583
v 0.599559 -0.835693 -10.416505
v 0.602397 -0.834831 -10.417485
v 0.575785 -0.843250 -10.398945
v 0.573964 -0.843869 -10.396482
v 0.569803 -0.844500 -10.412673
v 0.566810 -0.845364 -10.412903
v 0.598314 -0.835953 -10.419359
v 0.600910 -0.835141 -10.420899
v 0.578336 -0.842566 -10.397274
v 0.577015 -0.843052 -10.394485
v 0.569908 -0.844581 -10.409552
v 0.566934 -0.845461 -10.409168
v 0.596562 -0.836372 -10.421912
v 0.598814 -0.835643 -10.423952
v 0.581146 -0.841788 -10.396151
v 0.580376 -0.842121 -10.393142
v 0.594368 -0.836934 -10.424066
v 0.596190 -0.836315 -10.426527
v 0.584107 -0.840944 -10.395617
v 0.583917 -0.841112 -10.392503
v 0.591817 -0.837617 -10.425735
v 0.593138 -0.837132 -10.428525
v 0.587106 -0.840068 -10.395695
v 0.587503 -0.840063 -10.392596
v 0.589007 -0.838396 -10.426858
v 0.589777 -0.838063 -10.429869
v 0.590026 -0.839193 -10.396380
v 0.590997 -0.839016 -10.393414
v 0.586046 -0.839239 -10.427392
v 0.586236 -0.839071 -10.430506
v 0.592756 -0.838352 -10.397646
v 0.594261 -0.838011 -10.394930
v 0.583048 -0.840115 -10.427315
v 0.582650 -0.840120 -10.430414
v 0.595191 -0.837578 -10.399445
v 0.597174 -0.837085 -10.397080
v 0.580127 -0.840990 -10.426630
v 0.579158 -0.841167 -10.429594
v 0.597237 -0.836901 -10.401707
v 0.599621 -0.836275 -10.399786
v 0.577398 -0.841832 -10.425364
v 0.575892 -0.842173 -10.428081
v 0.598817 -0.836346 -10.404346
v 0.601510 -0.835611 -10.402943
v 0.574962 -0.842605 -10.423565
v 0.572979 -0.843098 -10.425929
v 0.599867 -0.835935 -10.407259
v 0.602767 -0.835120 -10.406427
v 0.577015 -0.843052 -10.394485
v 0.574188 -0.833349 -10.394136
v 0.571137 -0.834167 -10.396134
v 0.573964 -0.843869 -10.396482
v 0.566934 -0.845461 -10.409168
v 0.564107 -0.835759 -10.408820
v 0.563983 -0.835661 -10.412554
v 0.566810 -0.845364 -10.412903
v 0.598814 -0.835643 -10.423952
v 0.595987 -0.825941 -10.423604
v 0.598083 -0.825439 -10.420551
v 0.600910 -0.835141 -10.420899
v 0.580376 -0.842121 -10.393142
v 0.577549 -0.832418 -10.392793
v 0.596190 -0.836315 -10.426527
v 0.593363 -0.826613 -10.426179
v 0.595987 -0.825941 -10.423604
v 0.598814 -0.835643 -10.423952
v 0.583917 -0.841112 -10.392503
v 0.581090 -0.831410 -10.392155
v 0.593138 -0.837132 -10.428525
v 0.590311 -0.827430 -10.428177
v 0.587503 -0.840063 -10.392596
v 0.584676 -0.830361 -10.392247
v 0.589777 -0.838063 -10.429869
v 0.586951 -0.828361 -10.429520
v 0.590997 -0.839016 -10.393414
v 0.588170 -0.829314 -10.393066
v 0.586236 -0.839071 -10.430506
v 0.583410 -0.829369 -10.430158
v 0.594261 -0.838011 -10.394930
v 0.591434 -0.828309 -10.394581
v 0.582650 -0.840120 -10.430414
v 0.579823 -0.830418 -10.430065
v 0.597174 -0.837085 -10.397080
v 0.594347 -0.827383 -10.396731
v 0.579158 -0.841167 -10.429594
v 0.576331 -0.831465 -10.429246
v 0.599621 -0.836275 -10.399786
v 0.596795 -0.826573 -10.399438
v 0.575892 -0.842173 -10.428081
v 0.573065 -0.832470 -10.427732
v 0.601510 -0.835611 -10.402943
v 0.598683 -0.825909 -10.402594
v 0.596795 -0.826573 -10.399438
v 0.599621 -0.836275 -10.399786
v 0.572979 -0.843098 -10.425929
v 0.570153 -0.833396 -10.425581
v 0.602767 -0.835120 -10.406427
v 0.599940 -0.825418 -10.406078
v 0.567756 -0.845353 -10.405525
v 0.564929 -0.835650 -10.405176
v 0.570532 -0.843908 -10.423223
v 0.567705 -0.834206 -10.422875
v 0.570153 -0.833396 -10.425581
v 0.572979 -0.843098 -10.425929
v 0.603344 -0.834820 -10.410108
v 0.600517 -0.825118 -10.409760
v 0.569244 -0.845042 -10.402110
v 0.566417 -0.835339 -10.401762
v 0.568644 -0.844572 -10.420068
v 0.565817 -0.834870 -10.419720
v 0.603220 -0.834722 -10.413841
v 0.600393 -0.825020 -10.413492
v 0.571340 -0.844541 -10.399057
v 0.568513 -0.834839 -10.398709
v 0.567387 -0.845063 -10.416583
v 0.564560 -0.835361 -10.416234
v 0.602397 -0.834831 -10.417485
v 0.599571 -0.825128 -10.417137
v 0.573964 -0.843869 -10.396482
v 0.571137 -0.834167 -10.396134
v 0.584676 -0.830361 -10.392247
v 0.584162 -0.830367 -10.396255
v 0.581336 -0.831193 -10.396182
v 0.581090 -0.831410 -10.392155
v 0.586951 -0.828361 -10.429520
v 0.585955 -0.828791 -10.425628
v 0.588603 -0.828057 -10.424569
v 0.590311 -0.827430 -10.428177
v 0.588170 -0.829314 -10.393066
v 0.586915 -0.829542 -10.396901
v 0.583410 -0.829369 -10.430158
v 0.583163 -0.829586 -10.426130
v 0.591434 -0.828309 -10.394581
v 0.589488 -0.828750 -10.398093
v 0.579823 -0.830418 -10.430065
v 0.580338 -0.830412 -10.426058
v 0.594347 -0.827383 -10.396731
v 0.591783 -0.828020 -10.399789
v 0.576331 -0.831465 -10.429246
v 0.577585 -0.831237 -10.425412
v 0.596795 -0.826573 -10.399438
v 0.593713 -0.827382 -10.401921
v 0.573065 -0.832470 -10.427732
v 0.575012 -0.832029 -10.424219
v 0.598683 -0.825909 -10.402594
v 0.595200 -0.826859 -10.404408
v 0.570153 -0.833396 -10.425581
v 0.572717 -0.832759 -10.422523
v 0.599940 -0.825418 -10.406078
v 0.596191 -0.826472 -10.407154
v 0.564929 -0.835650 -10.405176
v 0.568600 -0.834536 -10.406444
v 0.567953 -0.834621 -10.409315
v 0.564107 -0.835759 -10.408820
v 0.567705 -0.834206 -10.422875
v 0.570788 -0.833397 -10.420391
v 0.600517 -0.825118 -10.409760
v 0.596646 -0.826235 -10.410055
v 0.566417 -0.835339 -10.401762
v 0.569773 -0.834290 -10.403752
v 0.565817 -0.834870 -10.419720
v 0.569300 -0.833920 -10.417904
v 0.600393 -0.825020 -10.413492
v 0.596548 -0.826158 -10.412997
v 0.568513 -0.834839 -10.398709
v 0.571425 -0.833896 -10.401346
v 0.564560 -0.835361 -10.416234
v 0.568309 -0.834307 -10.415158
v 0.599571 -0.825128 -10.417137
v 0.595900 -0.826244 -10.415870
v 0.571137 -0.834167 -10.396134
v 0.573493 -0.833366 -10.399318
v 0.563983 -0.835661 -10.412554
v 0.567854 -0.834544 -10.412258
v 0.598083 -0.825439 -10.420551
v 0.594728 -0.826488 -10.418560
v 0.574188 -0.833349 -10.394136
v 0.575897 -0.832722 -10.397743
v 0.595987 -0.825941 -10.423604
v 0.593076 -0.826883 -10.420966
v 0.577549 -0.832418 -10.392793
v 0.578545 -0.831988 -10.396685
v 0.593363 -0.826613 -10.426179
v 0.591008 -0.827413 -10.422996
v 0.591783 -0.828020 -10.399789
v 0.516868 -0.570885 -10.390557
v 0.514573 -0.571615 -10.388862
v 0.589488 -0.828750 -10.398093
v 0.577585 -0.831237 -10.425412
v 0.502669 -0.574102 -10.416181
v 0.505422 -0.573277 -10.416826
v 0.580338 -0.830412 -10.426058
v 0.593713 -0.827382 -10.401921
v 0.518797 -0.570247 -10.392690
v 0.575012 -0.832029 -10.424219
v 0.500096 -0.574894 -10.414988
v 0.595200 -0.826859 -10.404408
v 0.520285 -0.569724 -10.395177
v 0.518797 -0.570247 -10.392690
v 0.593713 -0.827382 -10.401921
v 0.572717 -0.832759 -10.422523
v 0.497802 -0.575624 -10.413292
v 0.596191 -0.826472 -10.407154
v 0.521276 -0.569337 -10.397923
v 0.568600 -0.834536 -10.406444
v 0.493685 -0.577401 -10.397212
v 0.493037 -0.577486 -10.400084
v 0.567953 -0.834621 -10.409315
v 0.570788 -0.833397 -10.420391
v 0.495873 -0.576262 -10.411160
v 0.497802 -0.575624 -10.413292
v 0.572717 -0.832759 -10.422523
v 0.596646 -0.826235 -10.410055
v 0.521731 -0.569100 -10.400824
v 0.569773 -0.834290 -10.403752
v 0.494858 -0.577156 -10.394521
v 0.569300 -0.833920 -10.417904
v 0.494385 -0.576785 -10.408672
v 0.596548 -0.826158 -10.412997
v 0.521632 -0.569023 -10.403766
v 0.571425 -0.833896 -10.401346
v 0.496510 -0.576761 -10.392115
v 0.568309 -0.834307 -10.415158
v 0.493394 -0.577172 -10.405927
v 0.595900 -0.826244 -10.415870
v 0.520984 -0.569109 -10.406637
v 0.573493 -0.833366 -10.399318
v 0.498577 -0.576231 -10.390086
v 0.567854 -0.834544 -10.412258
v 0.492939 -0.577409 -10.403027
v 0.594728 -0.826488 -10.418560
v 0.519812 -0.569354 -10.409328
v 0.575897 -0.832722 -10.397743
v 0.500982 -0.575587 -10.388512
v 0.498577 -0.576231 -10.390086
v 0.573493 -0.833366 -10.399318
v 0.593076 -0.826883 -10.420966
v 0.518160 -0.569748 -10.411735
v 0.578545 -0.831988 -10.396685
v 0.503630 -0.574853 -10.387453
v 0.591008 -0.827413 -10.422996
v 0.516093 -0.570278 -10.413764
v 0.518160 -0.569748 -10.411735
v 0.593076 -0.826883 -10.420966
v 0.581336 -0.831193 -10.396182
v 0.506421 -0.574058 -10.386950
v 0.588603 -0.828057 -10.424569
v 0.513688 -0.570922 -10.415338
v 0.584162 -0.830367 -10.396255
v 0.509247 -0.573232 -10.387023
v 0.585955 -0.828791 -10.425628
v 0.511040 -0.571656 -10.416396
v 0.586915 -0.829542 -10.396901
v 0.512000 -0.572407 -10.387669
v 0.583163 -0.829586 -10.426130
v 0.508248 -0.572451 -10.416899
v 0.498577 -0.576231 -10.390086
v 0.497318 -0.576719 -10.388364
v 0.494949 -0.577326 -10.390688
v 0.496510 -0.576761 -10.392115
v 0.492939 -0.577409 -10.403027
v 0.490859 -0.578068 -10.403189
v 0.491379 -0.577797 -10.406511
v 0.493394 -0.577172 -10.405927
v 0.519812 -0.569354 -10.409328
v 0.521645 -0.568840 -10.410408
v 0.522988 -0.568559 -10.407326
v 0.520984 -0.569109 -10.406637
v 0.500982 -0.575587 -10.388512
v 0.500072 -0.575981 -10.386560
v 0.493037 -0.577486 -10.400084
v 0.490971 -0.578157 -10.399817
v 0.518160 -0.569748 -10.411735
v 0.519753 -0.569292 -10.413165
v 0.503630 -0.574853 -10.387453
v 0.503106 -0.575141 -10.385347
v 0.516093 -0.570278 -10.413764
v 0.517384 -0.569899 -10.415489
v 0.506421 -0.574058 -10.386950
v 0.506304 -0.574230 -10.384771
v 0.513688 -0.570922 -10.415338
v 0.514629 -0.570636 -10.417293
v 0.509247 -0.573232 -10.387023
v 0.509542 -0.573283 -10.384855
v 0.511040 -0.571656 -10.416396
v 0.511595 -0.571477 -10.418506
v 0.512000 -0.572407 -10.387669
v 0.512695 -0.572338 -10.385594
v 0.508248 -0.572451 -10.416899
v 0.508398 -0.572388 -10.419082
v 0.514573 -0.571615 -10.388862
v 0.515643 -0.571430 -10.386962
v 0.505422 -0.573277 -10.416826
v 0.505160 -0.573334 -10.418998
v 0.516868 -0.570885 -10.390557
v 0.518272 -0.570594 -10.388905
v 0.502669 -0.574102 -10.416181
v 0.502006 -0.574279 -10.418259
v 0.518797 -0.570247 -10.392690
v 0.520482 -0.569863 -10.391346
v 0.500096 -0.574894 -10.414988
v 0.499058 -0.575188 -10.416892
v 0.520285 -0.569724 -10.395177
v 0.522187 -0.569264 -10.394196
v 0.497802 -0.575624 -10.413292
v 0.496429 -0.576023 -10.414949
v 0.521276 -0.569337 -10.397923
v 0.523321 -0.568820 -10.397343
v 0.493685 -0.577401 -10.397212
v 0.491714 -0.578058 -10.396527
v 0.495873 -0.576262 -10.411160
v 0.494219 -0.576755 -10.412507
v 0.521731 -0.569100 -10.400824
v 0.523843 -0.568549 -10.400664
v 0.494858 -0.577156 -10.394521
v 0.493056 -0.577778 -10.393445
v 0.494385 -0.576785 -10.408672
v 0.492514 -0.577354 -10.409657
v 0.521632 -0.569023 -10.403766
v 0.523730 -0.568461 -10.404036
v 0.506304 -0.574230 -10.384771
v 0.504084 -0.566610 -10.384499
v 0.500887 -0.567521 -10.385075
v 0.503106 -0.575141 -10.385347
v 0.514629 -0.570636 -10.417293
v 0.512409 -0.563017 -10.417020
v 0.515164 -0.562279 -10.415216
v 0.517384 -0.569899 -10.415489
v 0.509542 -0.573283 -10.384855
v 0.507321 -0.565664 -10.384582
v 0.511595 -0.571477 -10.418506
v 0.509375 -0.563858 -10.418233
v 0.512695 -0.572338 -10.385594
v 0.510475 -0.564719 -10.385321
v 0.508398 -0.572388 -10.419082
v 0.506177 -0.564768 -10.418808
v 0.515643 -0.571430 -10.386962
v 0.513423 -0.563811 -10.386688
v 0.505160 -0.573334 -10.418998
v 0.502940 -0.565715 -10.418725
v 0.518272 -0.570594 -10.388905
v 0.516052 -0.562975 -10.388631
v 0.502006 -0.574279 -10.418259
v 0.499787 -0.566660 -10.417985
v 0.520482 -0.569863 -10.391346
v 0.518262 -0.562243 -10.391073
v 0.499058 -0.575188 -10.416892
v 0.496838 -0.567568 -10.416618
v 0.522187 -0.569264 -10.394196
v 0.519967 -0.561644 -10.393923
v 0.518262 -0.562243 -10.391073
v 0.520482 -0.569863 -10.391346
v 0.496429 -0.576023 -10.414949
v 0.494209 -0.568404 -10.414676
v 0.523321 -0.568820 -10.397343
v 0.521101 -0.561201 -10.397069
v 0.491714 -0.578058 -10.396527
v 0.489494 -0.570439 -10.396254
v 0.488751 -0.570537 -10.399544
v 0.490971 -0.578157 -10.399817
v 0.494219 -0.576755 -10.412507
v 0.492000 -0.569135 -10.412233
v 0.494209 -0.568404 -10.414676
v 0.496429 -0.576023 -10.414949
v 0.523843 -0.568549 -10.400664
v 0.521623 -0.560930 -10.400392
v 0.493056 -0.577778 -10.393445
v 0.490836 -0.570159 -10.393171
v 0.492514 -0.577354 -10.409657
v 0.490294 -0.569734 -10.409384
v 0.523730 -0.568461 -10.404036
v 0.521510 -0.560842 -10.403762
v 0.494949 -0.577326 -10.390688
v 0.492728 -0.569706 -10.390415
v 0.491379 -0.577797 -10.406511
v 0.489160 -0.570178 -10.406238
v 0.522988 -0.568559 -10.407326
v 0.520768 -0.560940 -10.407052
v 0.497318 -0.576719 -10.388364
v 0.495098 -0.569099 -10.388090
v 0.490859 -0.578068 -10.403189
v 0.488639 -0.570449 -10.402915
v 0.521645 -0.568840 -10.410408
v 0.519425 -0.561220 -10.410135
v 0.500072 -0.575981 -10.386560
v 0.497852 -0.568361 -10.386288
v 0.495098 -0.569099 -10.388090
v 0.497318 -0.576719 -10.388364
v 0.519753 -0.569292 -10.413165
v 0.517533 -0.561673 -10.412891
v 0.517533 -0.561673 -10.412891
v 0.519753 -0.569292 -10.413165
v 0.513423 -0.563811 -10.386688
v 0.512870 -0.565961 -10.388754
v 0.510315 -0.566748 -10.387568
v 0.510475 -0.564719 -10.385321
v 0.502940 -0.565715 -10.418725
v 0.503786 -0.567611 -10.416514
v 0.506591 -0.566791 -10.416587
v 0.506177 -0.564768 -10.418808
v 0.516052 -0.562975 -10.388631
v 0.515148 -0.565237 -10.390437
v 0.499787 -0.566660 -10.417985
v 0.501053 -0.568430 -10.415874
v 0.518262 -0.562243 -10.391073
v 0.517063 -0.564603 -10.392553
v 0.496838 -0.567568 -10.416618
v 0.498498 -0.569217 -10.414689
v 0.519967 -0.561644 -10.393923
v 0.518540 -0.564084 -10.395022
v 0.494209 -0.568404 -10.414676
v 0.496220 -0.569941 -10.413006
v 0.521101 -0.561201 -10.397069
v 0.519523 -0.563700 -10.397749
v 0.489494 -0.570439 -10.396254
v 0.492134 -0.571705 -10.397042
v 0.491491 -0.571790 -10.399894
v 0.488751 -0.570537 -10.399544
v 0.492000 -0.569135 -10.412233
v 0.494305 -0.570575 -10.410890
v 0.521623 -0.560930 -10.400392
v 0.519975 -0.563465 -10.400628
v 0.490836 -0.570159 -10.393171
v 0.493298 -0.571462 -10.394372
v 0.490294 -0.569734 -10.409384
v 0.492828 -0.571094 -10.408421
v 0.521510 -0.560842 -10.403762
v 0.519877 -0.563388 -10.403549
v 0.492728 -0.569706 -10.390415
v 0.494938 -0.571070 -10.391983
v 0.489160 -0.570178 -10.406238
v 0.491845 -0.571479 -10.405694
v 0.520768 -0.560940 -10.407052
v 0.519235 -0.563473 -10.406400
v 0.495098 -0.569099 -10.388090
v 0.496990 -0.570544 -10.389969
v 0.488639 -0.570449 -10.402915
v 0.491393 -0.571713 -10.402815
v 0.519425 -0.561220 -10.410135
v 0.518070 -0.563717 -10.409071
v 0.497852 -0.568361 -10.386288
v 0.499377 -0.569905 -10.388406
v 0.517533 -0.561673 -10.412891
v 0.516431 -0.564109 -10.411459
v 0.500887 -0.567521 -10.385075
v 0.502006 -0.569176 -10.387355
v 0.515164 -0.562279 -10.415216
v 0.514379 -0.564634 -10.413474
v 0.504084 -0.566610 -10.384499
v 0.504777 -0.568387 -10.386856
v 0.512409 -0.563017 -10.417020
v 0.511991 -0.565274 -10.415037
v 0.507321 -0.565664 -10.384582
v 0.507583 -0.567567 -10.386928
v 0.509375 -0.563858 -10.418233
v 0.509362 -0.566002 -10.416088
v 0.518540 -0.564084 -10.395022
v 0.504705 -0.516597 -10.393317
v 0.503228 -0.517116 -10.390848
v 0.517063 -0.564603 -10.392553
v 0.496220 -0.569941 -10.413006
v 0.482385 -0.522454 -10.411301
v 0.484663 -0.521730 -10.412984
v 0.498498 -0.569217 -10.414689
v 0.519523 -0.563700 -10.397749
v 0.505688 -0.516213 -10.396044
v 0.492134 -0.571705 -10.397042
v 0.478299 -0.524218 -10.395338
v 0.477655 -0.524303 -10.398189
v 0.491491 -0.571790 -10.399894
v 0.494305 -0.570575 -10.410890
v 0.480470 -0.523088 -10.409184
v 0.482385 -0.522454 -10.411301
v 0.496220 -0.569941 -10.413006
v 0.519975 -0.563465 -10.400628
v 0.506140 -0.515978 -10.398923
v 0.493298 -0.571462 -10.394372
v 0.479463 -0.523975 -10.392667
v 0.492828 -0.571094 -10.408421
v 0.478993 -0.523607 -10.406715
v 0.519877 -0.563388 -10.403549
v 0.506043 -0.515901 -10.401844
v 0.494938 -0.571070 -10.391983
v 0.481102 -0.523583 -10.390278
v 0.491845 -0.571479 -10.405694
v 0.478009 -0.523991 -10.403989
v 0.519235 -0.563473 -10.406400
v 0.505399 -0.515986 -10.404695
v 0.496990 -0.570544 -10.389969
v 0.483155 -0.523057 -10.388264
v 0.491393 -0.571713 -10.402815
v 0.477558 -0.524226 -10.401110
v 0.518070 -0.563717 -10.409071
v 0.504235 -0.516229 -10.407366
v 0.499377 -0.569905 -10.388406
v 0.485542 -0.522417 -10.386702
v 0.483155 -0.523057 -10.388264
v 0.496990 -0.570544 -10.389969
v 0.516431 -0.564109 -10.411459
v 0.502596 -0.516621 -10.409755
v 0.502006 -0.569176 -10.387355
v 0.488171 -0.521689 -10.385651
v 0.514379 -0.564634 -10.413474
v 0.500543 -0.517147 -10.411769
v 0.502596 -0.516621 -10.409755
v 0.516431 -0.564109 -10.411459
v 0.504777 -0.568387 -10.386856
v 0.490942 -0.520900 -10.385151
v 0.511991 -0.565274 -10.415037
v 0.498156 -0.517786 -10.413332
v 0.507583 -0.567567 -10.386928
v 0.493747 -0.520080 -10.385223
v 0.509362 -0.566002 -10.416088
v 0.495527 -0.518515 -10.414383
v 0.510315 -0.566748 -10.387568
v 0.496480 -0.519261 -10.385864
v 0.506591 -0.566791 -10.416587
v 0.492756 -0.519304 -10.414882
v 0.512870 -0.565961 -10.388754
v 0.499035 -0.518474 -10.387049
v 0.503786 -0.567611 -10.416514
v 0.489951 -0.520124 -10.414809
v 0.515148 -0.565237 -10.390437
v 0.501313 -0.517750 -10.388732
v 0.501053 -0.568430 -10.415874
v 0.487218 -0.520943 -10.414168
v 0.517063 -0.564603 -10.392553
v 0.503228 -0.517116 -10.390848
v 0.506043 -0.515901 -10.401844
v 0.510282 -0.506143 -10.402403
v 0.510424 -0.506255 -10.398140
v 0.506140 -0.515978 -10.398923
v 0.481102 -0.523583 -10.390278
v 0.473885 -0.517353 -10.385524
v 0.471492 -0.517925 -10.389009
v 0.479463 -0.523975 -10.392667
v 0.478009 -0.523991 -10.403989
v 0.469371 -0.517950 -10.405533
v 0.470807 -0.517389 -10.409512
v 0.478993 -0.523607 -10.406715
v 0.505399 -0.515986 -10.404695
v 0.509343 -0.506267 -10.406564
v 0.483155 -0.523057 -10.388264
v 0.476880 -0.516586 -10.382585
v 0.477558 -0.524226 -10.401110
v 0.468713 -0.518293 -10.401331
v 0.504235 -0.516229 -10.407366
v 0.507645 -0.506622 -10.410461
v 0.485542 -0.522417 -10.386702
v 0.480364 -0.515653 -10.380303
v 0.477655 -0.524303 -10.398189
v 0.468855 -0.518404 -10.397068
v 0.502596 -0.516621 -10.409755
v 0.505251 -0.507194 -10.413947
v 0.507645 -0.506622 -10.410461
v 0.504235 -0.516229 -10.407366
v 0.488171 -0.521689 -10.385651
v 0.484201 -0.514590 -10.378770
v 0.480364 -0.515653 -10.380303
v 0.485542 -0.522417 -10.386702
v 0.500543 -0.517147 -10.411769
v 0.502255 -0.507961 -10.416887
v 0.490942 -0.520900 -10.385151
v 0.488245 -0.513438 -10.378041
v 0.498156 -0.517786 -10.413332
v 0.498772 -0.508894 -10.419168
v 0.502255 -0.507961 -10.416887
v 0.500543 -0.517147 -10.411769
v 0.493747 -0.520080 -10.385223
v 0.492338 -0.512242 -10.378147
v 0.495527 -0.518515 -10.414383
v 0.494936 -0.509957 -10.420702
v 0.496480 -0.519261 -10.385864
v 0.496326 -0.511046 -10.379082
v 0.492756 -0.519304 -10.414882
v 0.490892 -0.511109 -10.421430
v 0.499035 -0.518474 -10.387049
v 0.500055 -0.509898 -10.380811
v 0.489951 -0.520124 -10.414809
v 0.486798 -0.512306 -10.421324
v 0.501313 -0.517750 -10.388732
v 0.503380 -0.508841 -10.383266
v 0.487218 -0.520943 -10.414168
v 0.482810 -0.513501 -10.420389
v 0.503228 -0.517116 -10.390848
v 0.506174 -0.507916 -10.386356
v 0.503380 -0.508841 -10.383266
v 0.501313 -0.517750 -10.388732
v 0.484663 -0.521730 -10.412984
v 0.479082 -0.514649 -10.418660
v 0.504705 -0.516597 -10.393317
v 0.508330 -0.507158 -10.389959
v 0.482385 -0.522454 -10.411301
v 0.475756 -0.515706 -10.416203
v 0.505688 -0.516213 -10.396044
v 0.509765 -0.506597 -10.393938
v 0.508330 -0.507158 -10.389959
v 0.504705 -0.516597 -10.393317
v 0.478299 -0.524218 -10.395338
v 0.469794 -0.518280 -10.392908
v 0.480470 -0.523088 -10.409184
v 0.472962 -0.516631 -10.413115
v 0.475756 -0.515706 -10.416203
v 0.482385 -0.522454 -10.411301
v 0.479463 -0.523975 -10.392667
v 0.471492 -0.517925 -10.389009
v 0.472962 -0.516631 -10.413115
v 0.480470 -0.523088 -10.409184
v 0.505251 -0.507194 -10.413947
v 0.503447 -0.495457 -10.414881
v 0.506065 -0.494831 -10.411066
v 0.480416 -0.503549 -10.376392
v 0.476217 -0.504712 -10.378071
v 0.500170 -0.496296 -10.418097
v 0.503447 -0.495457 -10.414881
v 0.505251 -0.507194 -10.413947
v 0.484840 -0.502288 -10.375595
v 0.496358 -0.497317 -10.420592
v 0.489319 -0.500979 -10.375711
v 0.492159 -0.498480 -10.422271
v 0.493682 -0.499671 -10.376734
v 0.487736 -0.499740 -10.423067
v 0.497761 -0.498415 -10.378626
v 0.483257 -0.501049 -10.422952
v 0.501399 -0.497259 -10.381313
v 0.478894 -0.502357 -10.421928
v 0.506174 -0.507916 -10.386356
v 0.504456 -0.496247 -10.384692
v 0.474814 -0.503614 -10.420037
v 0.506815 -0.495418 -10.388635
v 0.504456 -0.496247 -10.384692
v 0.506174 -0.507916 -10.386356
v 0.471177 -0.504770 -10.417350
v 0.508385 -0.494804 -10.392988
v 0.464652 -0.507586 -10.391861
v 0.463626 -0.507722 -10.396413
v 0.468120 -0.505782 -10.413970
v 0.471177 -0.504770 -10.417350
v 0.475756 -0.515706 -10.416203
v 0.509106 -0.494429 -10.397585
v 0.466510 -0.507198 -10.387596
v 0.465760 -0.506611 -10.410028
v 0.508950 -0.494307 -10.402249
v 0.473885 -0.517353 -10.385524
v 0.469129 -0.506572 -10.383782
v 0.464190 -0.507225 -10.405674
v 0.507924 -0.494443 -10.406801
v 0.476880 -0.516586 -10.382585
v 0.472407 -0.505732 -10.380566
v 0.463469 -0.507600 -10.401077
v 0.472407 -0.505732 -10.380566
v 0.476880 -0.516586 -10.382585
v 0.490301 -0.492099 -10.422041
v 0.494499 -0.490936 -10.420363
v 0.491823 -0.493291 -10.376505
v 0.487460 -0.494599 -10.375482
v 0.485877 -0.493360 -10.422837
v 0.495902 -0.492034 -10.378397
v 0.481397 -0.494669 -10.422723
v 0.499540 -0.490878 -10.381084
v 0.477035 -0.495977 -10.421700
v 0.502597 -0.489866 -10.384463
v 0.472955 -0.497233 -10.419807
v 0.504956 -0.489037 -10.388406
v 0.502597 -0.489866 -10.384463
v 0.469317 -0.498389 -10.417120
v 0.506526 -0.488423 -10.392759
v 0.462793 -0.501205 -10.391632
v 0.461767 -0.501341 -10.396184
v 0.466261 -0.499401 -10.413740
v 0.469317 -0.498389 -10.417120
v 0.507247 -0.488048 -10.397356
v 0.464652 -0.500817 -10.387367
v 0.463901 -0.500230 -10.409799
v 0.507091 -0.487926 -10.402020
v 0.467270 -0.500191 -10.383553
v 0.462332 -0.500844 -10.405445
v 0.506065 -0.488062 -10.406572
v 0.470547 -0.499352 -10.380337
v 0.461610 -0.501219 -10.400847
v 0.504206 -0.488450 -10.410837
v 0.474359 -0.498331 -10.377842
v 0.470547 -0.499352 -10.380337
v 0.501588 -0.489076 -10.414652
v 0.478556 -0.497168 -10.376163
v 0.498311 -0.489915 -10.417868
v 0.501588 -0.489076 -10.414652
v 0.482980 -0.495908 -10.375366
v 0.477035 -0.495977 -10.421700
v 0.473243 -0.496665 -10.433286
v 0.479843 -0.494687 -10.434834
v 0.481397 -0.494669 -10.422723
v 0.502597 -0.489866 -10.384463
v 0.511914 -0.487421 -10.376957
v 0.507288 -0.488952 -10.371844
v 0.499540 -0.490878 -10.381084
v 0.472955 -0.497233 -10.419807
v 0.467073 -0.498566 -10.430425
v 0.504956 -0.489037 -10.388406
v 0.515482 -0.486167 -10.382921
v 0.469317 -0.498389 -10.417120
v 0.461569 -0.500315 -10.426360
v 0.506526 -0.488423 -10.392759
v 0.517858 -0.485239 -10.389506
v 0.462793 -0.501205 -10.391632
v 0.451699 -0.504575 -10.387801
v 0.450145 -0.504780 -10.394687
v 0.461767 -0.501341 -10.396184
v 0.466261 -0.499401 -10.413740
v 0.456945 -0.501846 -10.421247
v 0.507247 -0.488048 -10.397356
v 0.518948 -0.484671 -10.396461
v 0.464652 -0.500817 -10.387367
v 0.454509 -0.503988 -10.381350
v 0.463901 -0.500230 -10.409799
v 0.453375 -0.503100 -10.415283
v 0.507091 -0.487926 -10.402020
v 0.518713 -0.484487 -10.403517
v 0.467270 -0.500191 -10.383553
v 0.458470 -0.503041 -10.375580
v 0.462332 -0.500844 -10.405445
v 0.451000 -0.504029 -10.408697
v 0.506065 -0.488062 -10.406572
v 0.517159 -0.484692 -10.410403
v 0.470547 -0.499352 -10.380337
v 0.463429 -0.501771 -10.370714
v 0.461610 -0.501219 -10.400847
v 0.449909 -0.504596 -10.401743
v 0.504206 -0.488450 -10.410837
v 0.514348 -0.485279 -10.416855
v 0.474359 -0.498331 -10.377842
v 0.469195 -0.500227 -10.366940
v 0.501588 -0.489076 -10.414652
v 0.510387 -0.486226 -10.422625
v 0.478556 -0.497168 -10.376163
v 0.475546 -0.498468 -10.364401
v 0.498311 -0.489915 -10.417868
v 0.505428 -0.487496 -10.427490
v 0.482980 -0.495908 -10.375366
v 0.482238 -0.496561 -10.363195
v 0.494499 -0.490936 -10.420363
v 0.499663 -0.489041 -10.431265
v 0.487460 -0.494599 -10.375482
v 0.489014 -0.494580 -10.363370
v 0.490301 -0.492099 -10.422041
v 0.493312 -0.490800 -10.433804
v 0.491823 -0.493291 -10.376505
v 0.495615 -0.492602 -10.364918
v 0.485877 -0.493360 -10.422837
v 0.486620 -0.492706 -10.435009
v 0.495902 -0.492034 -10.378397
v 0.501785 -0.490702 -10.367780
v 0.456945 -0.501846 -10.421247
v 0.453057 -0.488504 -10.420768
v 0.457682 -0.486973 -10.425881
v 0.461569 -0.500315 -10.426360
v 0.518948 -0.484671 -10.396461
v 0.515061 -0.471329 -10.395982
v 0.513971 -0.471897 -10.389028
v 0.517858 -0.485239 -10.389506
v 0.454509 -0.503988 -10.381350
v 0.450622 -0.490646 -10.380870
v 0.447811 -0.491233 -10.387322
v 0.451699 -0.504575 -10.387801
v 0.453375 -0.503100 -10.415283
v 0.449488 -0.489758 -10.414804
v 0.518713 -0.484487 -10.403517
v 0.514825 -0.471145 -10.403038
v 0.458470 -0.503041 -10.375580
v 0.454583 -0.489699 -10.375100
v 0.451000 -0.504029 -10.408697
v 0.447113 -0.490686 -10.408218
v 0.517159 -0.484692 -10.410403
v 0.513272 -0.471350 -10.409924
v 0.463429 -0.501771 -10.370714
v 0.459542 -0.488429 -10.370234
v 0.449909 -0.504596 -10.401743
v 0.446023 -0.491254 -10.401264
v 0.514348 -0.485279 -10.416855
v 0.510461 -0.471937 -10.416376
v 0.469195 -0.500227 -10.366940
v 0.465307 -0.486885 -10.366461
v 0.459542 -0.488429 -10.370234
v 0.463429 -0.501771 -10.370714
v 0.450145 -0.504780 -10.394687
v 0.446258 -0.491438 -10.394208
v 0.510387 -0.486226 -10.422625
v 0.506500 -0.472884 -10.422145
v 0.475546 -0.498468 -10.364401
v 0.471658 -0.485125 -10.363922
v 0.505428 -0.487496 -10.427490
v 0.501541 -0.474154 -10.427011
v 0.506500 -0.472884 -10.422145
v 0.510387 -0.486226 -10.422625
v 0.482238 -0.496561 -10.363195
v 0.478351 -0.483219 -10.362717
v 0.499663 -0.489041 -10.431265
v 0.495776 -0.475698 -10.430786
v 0.489014 -0.494580 -10.363370
v 0.485127 -0.481238 -10.362890
v 0.493312 -0.490800 -10.433804
v 0.489425 -0.477458 -10.433325
v 0.495615 -0.492602 -10.364918
v 0.491727 -0.479260 -10.364439
v 0.486620 -0.492706 -10.435009
v 0.482733 -0.479364 -10.434529
v 0.501785 -0.490702 -10.367780
v 0.497898 -0.477359 -10.367301
v 0.479843 -0.494687 -10.434834
v 0.475956 -0.481345 -10.434355
v 0.507288 -0.488952 -10.371844
v 0.503401 -0.475610 -10.371366
v 0.473243 -0.496665 -10.433286
v 0.469356 -0.483323 -10.432807
v 0.511914 -0.487421 -10.376957
v 0.508026 -0.474079 -10.376478
v 0.467073 -0.498566 -10.430425
v 0.463186 -0.485224 -10.429946
v 0.515482 -0.486167 -10.382921
v 0.511595 -0.472825 -10.382442
v 0.508026 -0.474079 -10.376478
v 0.511914 -0.487421 -10.376957
v 0.461569 -0.500315 -10.426360
v 0.457682 -0.486973 -10.425881
v 0.789408 -0.886533 -9.347966
v 0.793455 -0.884951 -9.359188
v 0.790557 -0.875004 -9.358830
v 0.786510 -0.876586 -9.347610
v 0.706919 -0.907660 -9.428913
v 0.697541 -0.910641 -9.421986
v 0.694642 -0.900694 -9.421628
v 0.704021 -0.897713 -9.428555
v 0.783327 -0.888670 -9.337804
v 0.780429 -0.878723 -9.337447
v 0.717433 -0.904422 -9.433788
v 0.714535 -0.894475 -9.433432
v 0.775446 -0.891279 -9.329092
v 0.783327 -0.888670 -9.337804
v 0.780429 -0.878723 -9.337447
v 0.772548 -0.881332 -9.328735
v 0.728679 -0.901050 -9.436426
v 0.725781 -0.891104 -9.436069
v 0.766068 -0.894260 -9.322165
v 0.763170 -0.884313 -9.321808
v 0.740227 -0.897675 -9.436724
v 0.737329 -0.887729 -9.436366
v 0.755553 -0.897498 -9.317288
v 0.752656 -0.887551 -9.316932
v 0.751630 -0.894427 -9.434670
v 0.748732 -0.884480 -9.434313
v 0.744307 -0.900869 -9.314651
v 0.741409 -0.890922 -9.314295
v 0.762452 -0.891429 -9.430345
v 0.759554 -0.881482 -9.429987
v 0.732760 -0.904244 -9.314354
v 0.729862 -0.894297 -9.313996
v 0.772277 -0.888798 -9.423912
v 0.769379 -0.878851 -9.423554
v 0.721356 -0.907493 -9.316407
v 0.718458 -0.897546 -9.316051
v 0.780726 -0.886634 -9.415621
v 0.777828 -0.876687 -9.415264
v 0.710534 -0.910491 -9.320734
v 0.707636 -0.900544 -9.320376
v 0.787475 -0.885020 -9.405789
v 0.780726 -0.886634 -9.415621
v 0.777828 -0.876687 -9.415264
v 0.784577 -0.875074 -9.405432
v 0.677672 -0.917936 -9.380039
v 0.678075 -0.918250 -9.368016
v 0.675176 -0.908303 -9.367660
v 0.674774 -0.907989 -9.379683
v 0.700710 -0.913122 -9.327166
v 0.697812 -0.903175 -9.326808
v 0.792265 -0.884020 -9.394795
v 0.789367 -0.874073 -9.394439
v 0.679531 -0.916969 -9.391890
v 0.676633 -0.907022 -9.391532
v 0.692261 -0.915286 -9.335457
v 0.700710 -0.913122 -9.327166
v 0.697812 -0.903175 -9.326808
v 0.689362 -0.905339 -9.335100
v 0.794913 -0.883670 -9.383061
v 0.792014 -0.873723 -9.382705
v 0.683578 -0.915386 -9.403111
v 0.680681 -0.905440 -9.402754
v 0.685511 -0.916899 -9.345288
v 0.682613 -0.906953 -9.344932
v 0.795314 -0.883984 -9.371038
v 0.792416 -0.874037 -9.370682
v 0.689659 -0.913250 -9.413273
v 0.686762 -0.903303 -9.412916
v 0.680721 -0.917900 -9.356282
v 0.677823 -0.907954 -9.355926
v 0.697541 -0.910641 -9.421986
v 0.694642 -0.900694 -9.421628
v 0.707636 -0.900544 -9.320376
v 0.718458 -0.897546 -9.316051
v 0.718987 -0.888705 -9.326550
v 0.710137 -0.891156 -9.330088
v 0.784577 -0.875074 -9.405432
v 0.777828 -0.876687 -9.415264
v 0.767539 -0.871647 -9.407686
v 0.773059 -0.870327 -9.399646
v 0.674774 -0.907989 -9.379683
v 0.675176 -0.908303 -9.367660
v 0.683592 -0.897502 -9.368755
v 0.683263 -0.897245 -9.378588
v 0.697812 -0.903175 -9.326808
v 0.702102 -0.893308 -9.335348
v 0.789367 -0.874073 -9.394439
v 0.776976 -0.869509 -9.390655
v 0.676633 -0.907022 -9.391532
v 0.684783 -0.896454 -9.388278
v 0.689362 -0.905339 -9.335100
v 0.695193 -0.895078 -9.342129
v 0.792014 -0.873723 -9.382705
v 0.779141 -0.869222 -9.381059
v 0.680681 -0.905440 -9.402754
v 0.688093 -0.895160 -9.397455
v 0.682613 -0.906953 -9.344932
v 0.689674 -0.896397 -9.350168
v 0.792416 -0.874037 -9.370682
v 0.779469 -0.869480 -9.371226
v 0.686762 -0.903303 -9.412916
v 0.693066 -0.893413 -9.405766
v 0.677823 -0.907954 -9.355926
v 0.685756 -0.897216 -9.359159
v 0.790557 -0.875004 -9.358830
v 0.777949 -0.870271 -9.361535
v 0.694642 -0.900694 -9.421628
v 0.699511 -0.891280 -9.412890
v 0.786510 -0.876586 -9.347610
v 0.774639 -0.871564 -9.352359
v 0.704021 -0.897713 -9.428555
v 0.707180 -0.888842 -9.418555
v 0.780429 -0.878723 -9.337447
v 0.769666 -0.873311 -9.344048
v 0.714535 -0.894475 -9.433432
v 0.715779 -0.886193 -9.422544
v 0.772548 -0.881332 -9.328735
v 0.763222 -0.875445 -9.336924
v 0.725781 -0.891104 -9.436069
v 0.724976 -0.883436 -9.424700
v 0.763170 -0.884313 -9.321808
v 0.755552 -0.877883 -9.331259
v 0.737329 -0.887729 -9.436366
v 0.734419 -0.880676 -9.424944
v 0.752656 -0.887551 -9.316932
v 0.746954 -0.880531 -9.327271
v 0.748732 -0.884480 -9.434313
v 0.743746 -0.878020 -9.423265
v 0.741409 -0.890922 -9.314295
v 0.737756 -0.883288 -9.325114
v 0.759554 -0.881482 -9.429987
v 0.752595 -0.875568 -9.419726
v 0.729862 -0.894297 -9.313996
v 0.728313 -0.886048 -9.324870
v 0.769379 -0.878851 -9.423554
v 0.760630 -0.873416 -9.414466
v 0.689674 -0.896397 -9.350168
v 0.695193 -0.895078 -9.342129
v 0.690735 -0.879775 -9.341579
v 0.685215 -0.881094 -9.349619
v 0.779469 -0.869480 -9.371226
v 0.779141 -0.869222 -9.381059
v 0.774682 -0.853919 -9.380509
v 0.775010 -0.854176 -9.370677
v 0.693066 -0.893413 -9.405766
v 0.688093 -0.895160 -9.397455
v 0.683634 -0.879857 -9.396906
v 0.688607 -0.878110 -9.405216
v 0.685756 -0.897216 -9.359159
v 0.681298 -0.881913 -9.358610
v 0.777949 -0.870271 -9.361535
v 0.773491 -0.854967 -9.360986
v 0.699511 -0.891280 -9.412890
v 0.695052 -0.875976 -9.412341
v 0.683592 -0.897502 -9.368755
v 0.679133 -0.882199 -9.368206
v 0.774639 -0.871564 -9.352359
v 0.770181 -0.856261 -9.351810
v 0.707180 -0.888842 -9.418555
v 0.699511 -0.891280 -9.412890
v 0.695052 -0.875976 -9.412341
v 0.702721 -0.873538 -9.418006
v 0.769666 -0.873311 -9.344048
v 0.765208 -0.858008 -9.343498
v 0.715779 -0.886193 -9.422544
v 0.711320 -0.870890 -9.421994
v 0.763222 -0.875445 -9.336924
v 0.769666 -0.873311 -9.344048
v 0.765208 -0.858008 -9.343498
v 0.758763 -0.860142 -9.336374
v 0.724976 -0.883436 -9.424700
v 0.720517 -0.868133 -9.424150
v 0.755552 -0.877883 -9.331259
v 0.751094 -0.862580 -9.330709
v 0.734419 -0.880676 -9.424944
v 0.729960 -0.865373 -9.424395
v 0.746954 -0.880531 -9.327271
v 0.742495 -0.865228 -9.326721
v 0.743746 -0.878020 -9.423265
v 0.739287 -0.862716 -9.422715
v 0.737756 -0.883288 -9.325114
v 0.733297 -0.867985 -9.324565
v 0.752595 -0.875568 -9.419726
v 0.748136 -0.860265 -9.419177
v 0.728313 -0.886048 -9.324870
v 0.723855 -0.870745 -9.324321
v 0.760630 -0.873416 -9.414466
v 0.756171 -0.858113 -9.413917
v 0.718987 -0.888705 -9.326550
v 0.714528 -0.873402 -9.326000
v 0.767539 -0.871647 -9.407686
v 0.763081 -0.856343 -9.407136
v 0.710137 -0.891156 -9.330088
v 0.705679 -0.875853 -9.329538
v 0.773059 -0.870327 -9.399646
v 0.767539 -0.871647 -9.407686
v 0.763081 -0.856343 -9.407136
v 0.768600 -0.855024 -9.399096
v 0.683263 -0.897245 -9.378588
v 0.678805 -0.881941 -9.378037
v 0.702102 -0.893308 -9.335348
v 0.697644 -0.878005 -9.334798
v 0.776976 -0.869509 -9.390655
v 0.772518 -0.854205 -9.390105
v 0.684783 -0.896454 -9.388278
v 0.680324 -0.881151 -9.387729
v 0.702102 -0.893308 -9.335348
v 0.697644 -0.878005 -9.334798
v 0.765208 -0.858008 -9.343498
v 0.770181 -0.856261 -9.351810
v 0.752940 -0.854768 -9.359715
v 0.749757 -0.855886 -9.354395
v 0.711320 -0.870890 -9.421994
v 0.702721 -0.873538 -9.418006
v 0.709751 -0.865829 -9.402097
v 0.715257 -0.864134 -9.404650
v 0.758763 -0.860142 -9.336374
v 0.745630 -0.857252 -9.349833
v 0.720517 -0.868133 -9.424150
v 0.721145 -0.862369 -9.406031
v 0.751094 -0.862580 -9.330709
v 0.740721 -0.858813 -9.346207
v 0.729960 -0.865373 -9.424395
v 0.727190 -0.860601 -9.406186
v 0.742495 -0.865228 -9.326721
v 0.735215 -0.860509 -9.343654
v 0.739287 -0.862716 -9.422715
v 0.733161 -0.858901 -9.405111
v 0.733297 -0.867985 -9.324565
v 0.729327 -0.862274 -9.342273
v 0.748136 -0.860265 -9.419177
v 0.738827 -0.857331 -9.402846
v 0.723855 -0.870745 -9.324321
v 0.723281 -0.864041 -9.342117
v 0.756171 -0.858113 -9.413917
v 0.743971 -0.855953 -9.399478
v 0.714528 -0.873402 -9.326000
v 0.717311 -0.865742 -9.343192
v 0.763081 -0.856343 -9.407136
v 0.748395 -0.854821 -9.395138
v 0.705679 -0.875853 -9.329538
v 0.711645 -0.867311 -9.345457
v 0.768600 -0.855024 -9.399096
v 0.751929 -0.853976 -9.389990
v 0.678805 -0.881941 -9.378037
v 0.679133 -0.882199 -9.368206
v 0.694649 -0.871374 -9.370214
v 0.694439 -0.871209 -9.376508
v 0.697644 -0.878005 -9.334798
v 0.706501 -0.868689 -9.348825
v 0.772518 -0.854205 -9.390105
v 0.754437 -0.853452 -9.384233
v 0.680324 -0.881151 -9.387729
v 0.695412 -0.870703 -9.382712
v 0.690735 -0.879775 -9.341579
v 0.702077 -0.869822 -9.353166
v 0.774682 -0.853919 -9.380509
v 0.755822 -0.853269 -9.378090
v 0.683634 -0.879857 -9.396906
v 0.697531 -0.869875 -9.388588
v 0.685215 -0.881094 -9.349619
v 0.698543 -0.870667 -9.358314
v 0.775010 -0.854176 -9.370677
v 0.756033 -0.853433 -9.371795
v 0.688607 -0.878110 -9.405216
v 0.700715 -0.868756 -9.393909
v 0.681298 -0.881913 -9.358610
v 0.696035 -0.871190 -9.364069
v 0.773491 -0.854967 -9.360986
v 0.755060 -0.853939 -9.365590
v 0.695052 -0.875976 -9.412341
v 0.704842 -0.867390 -9.398470
v 0.729769 -0.849781 -9.359905
v 0.727038 -0.850622 -9.358639
v 0.723058 -0.850668 -9.389650
v 0.726019 -0.849824 -9.389118
v 0.724118 -0.851497 -9.357954
v 0.728830 -0.849046 -9.387994
v 0.721120 -0.852374 -9.357877
v 0.731380 -0.848363 -9.386324
v 0.718158 -0.853217 -9.358410
v 0.733575 -0.847801 -9.384171
v 0.715349 -0.853995 -9.359533
v 0.735327 -0.847382 -9.381618
v 0.706920 -0.856010 -9.371811
v 0.706816 -0.855929 -9.374932
v 0.712797 -0.854679 -9.361203
v 0.736571 -0.847122 -9.378763
v 0.707299 -0.855677 -9.378009
v 0.710604 -0.855241 -9.363357
v 0.737258 -0.847031 -9.375717
v 0.708349 -0.855267 -9.380923
v 0.708852 -0.855660 -9.365909
v 0.737363 -0.847113 -9.372595
v 0.709928 -0.854712 -9.383562
v 0.707608 -0.855919 -9.368764
v 0.736880 -0.847364 -9.369518
v 0.711975 -0.854034 -9.385823
v 0.735829 -0.847775 -9.366605
v 0.714410 -0.853261 -9.387623
v 0.734249 -0.848330 -9.363966
v 0.717139 -0.852420 -9.388888
v 0.732204 -0.849007 -9.361704
v 0.720061 -0.851544 -9.389573
v 0.718158 -0.853217 -9.358410
v 0.721120 -0.852374 -9.357877
v 0.717340 -0.839401 -9.357411
v 0.714379 -0.840245 -9.357944
v 0.733575 -0.847801 -9.384171
v 0.731380 -0.848363 -9.386324
v 0.727601 -0.835390 -9.385859
v 0.729795 -0.834828 -9.383706
v 0.715349 -0.853995 -9.359533
v 0.711569 -0.841023 -9.359068
v 0.735327 -0.847382 -9.381618
v 0.733575 -0.847801 -9.384171
v 0.729795 -0.834828 -9.383706
v 0.731548 -0.834409 -9.381152
v 0.706816 -0.855929 -9.374932
v 0.706920 -0.856010 -9.371811
v 0.703140 -0.843038 -9.371345
v 0.703037 -0.842956 -9.374467
v 0.712797 -0.854679 -9.361203
v 0.709018 -0.841706 -9.360738
v 0.736571 -0.847122 -9.378763
v 0.732792 -0.834150 -9.378298
v 0.707299 -0.855677 -9.378009
v 0.703519 -0.842705 -9.377543
v 0.710604 -0.855241 -9.363357
v 0.712797 -0.854679 -9.361203
v 0.709018 -0.841706 -9.360738
v 0.706825 -0.842268 -9.362890
v 0.737258 -0.847031 -9.375717
v 0.733479 -0.834059 -9.375252
v 0.708349 -0.855267 -9.380923
v 0.704570 -0.842294 -9.380458
v 0.708852 -0.855660 -9.365909
v 0.705072 -0.842687 -9.365443
v 0.737363 -0.847113 -9.372595
v 0.733583 -0.834140 -9.372129
v 0.709928 -0.854712 -9.383562
v 0.706149 -0.841739 -9.383096
v 0.707608 -0.855919 -9.368764
v 0.703828 -0.842947 -9.368298
v 0.736880 -0.847364 -9.369518
v 0.733100 -0.834392 -9.369053
v 0.711975 -0.854034 -9.385823
v 0.708195 -0.841062 -9.385358
v 0.735829 -0.847775 -9.366605
v 0.732050 -0.834802 -9.366138
v 0.714410 -0.853261 -9.387623
v 0.711975 -0.854034 -9.385823
v 0.708195 -0.841062 -9.385358
v 0.710630 -0.840288 -9.387157
v 0.734249 -0.848330 -9.363966
v 0.730470 -0.835357 -9.363500
v 0.717139 -0.852420 -9.388888
v 0.713361 -0.839447 -9.388423
v 0.732204 -0.849007 -9.361704
v 0.734249 -0.848330 -9.363966
v 0.730470 -0.835357 -9.363500
v 0.728424 -0.836034 -9.361238
v 0.720061 -0.851544 -9.389573
v 0.716281 -0.838572 -9.389108
v 0.729769 -0.849781 -9.359905
v 0.725989 -0.836809 -9.359440
v 0.723058 -0.850668 -9.389650
v 0.719279 -0.837696 -9.389185
v 0.727038 -0.850622 -9.358639
v 0.723259 -0.837650 -9.358173
v 0.726019 -0.849824 -9.389118
v 0.722240 -0.836852 -9.388652
v 0.724118 -0.851497 -9.357954
v 0.720339 -0.838525 -9.357489
v 0.728830 -0.849046 -9.387994
v 0.725051 -0.836074 -9.387528
v 0.703519 -0.842705 -9.377543
v 0.703037 -0.842956 -9.374467
v 0.700042 -0.843820 -9.374696
v 0.700619 -0.843520 -9.378376
v 0.706825 -0.842268 -9.362890
v 0.709018 -0.841706 -9.360738
v 0.707197 -0.842325 -9.358275
v 0.704573 -0.842997 -9.360850
v 0.733479 -0.834059 -9.375252
v 0.732792 -0.834150 -9.378298
v 0.735630 -0.833287 -9.379278
v 0.736452 -0.833178 -9.375634
v 0.704570 -0.842294 -9.380458
v 0.701877 -0.843029 -9.381861
v 0.705072 -0.842687 -9.365443
v 0.702477 -0.843498 -9.363903
v 0.733583 -0.834140 -9.372129
v 0.736577 -0.833276 -9.371901
v 0.706149 -0.841739 -9.383096
v 0.703765 -0.842365 -9.385016
v 0.703828 -0.842947 -9.368298
v 0.700989 -0.843809 -9.367317
v 0.733100 -0.834392 -9.369053
v 0.736000 -0.833577 -9.368220
v 0.708195 -0.841062 -9.385358
v 0.706213 -0.841555 -9.387723
v 0.703140 -0.843038 -9.371345
v 0.700167 -0.843918 -9.370962
v 0.732050 -0.834802 -9.366138
v 0.734743 -0.834068 -9.364736
v 0.710630 -0.840288 -9.387157
v 0.709125 -0.840629 -9.389874
v 0.730470 -0.835357 -9.363500
v 0.732855 -0.834732 -9.361579
v 0.713361 -0.839447 -9.388423
v 0.712390 -0.839623 -9.391388
v 0.728424 -0.836034 -9.361238
v 0.730407 -0.835542 -9.358873
v 0.716281 -0.838572 -9.389108
v 0.715883 -0.838576 -9.392207
v 0.725989 -0.836809 -9.359440
v 0.727494 -0.836468 -9.356723
v 0.719279 -0.837696 -9.389185
v 0.719469 -0.837528 -9.392300
v 0.723259 -0.837650 -9.358173
v 0.724230 -0.837473 -9.355208
v 0.722240 -0.836852 -9.388652
v 0.723011 -0.836519 -9.391662
v 0.720339 -0.838525 -9.357489
v 0.720736 -0.838520 -9.354389
v 0.725051 -0.836074 -9.387528
v 0.726371 -0.835589 -9.390318
v 0.717340 -0.839401 -9.357411
v 0.717150 -0.839568 -9.354297
v 0.727601 -0.835390 -9.385859
v 0.729423 -0.834771 -9.388321
v 0.714379 -0.840245 -9.357944
v 0.713609 -0.840577 -9.354935
v 0.729795 -0.834828 -9.383706
v 0.732047 -0.834099 -9.385746
v 0.711569 -0.841023 -9.359068
v 0.710248 -0.841508 -9.356277
v 0.731548 -0.834409 -9.381152
v 0.734143 -0.833598 -9.382692
v 0.706213 -0.841555 -9.387723
v 0.703765 -0.842365 -9.385016
v 0.700938 -0.832663 -9.384668
v 0.703386 -0.831853 -9.387374
v 0.700167 -0.843918 -9.370962
v 0.700989 -0.843809 -9.367317
v 0.698163 -0.834107 -9.366969
v 0.697341 -0.834216 -9.370614
v 0.734743 -0.834068 -9.364736
v 0.736000 -0.833577 -9.368220
v 0.733173 -0.823874 -9.367872
v 0.731917 -0.824366 -9.364387
v 0.709125 -0.840629 -9.389874
v 0.706213 -0.841555 -9.387723
v 0.703386 -0.831853 -9.387374
v 0.706299 -0.830927 -9.389525
v 0.732855 -0.834732 -9.361579
v 0.730028 -0.825029 -9.361231
v 0.712390 -0.839623 -9.391388
v 0.709563 -0.829921 -9.391040
v 0.730407 -0.835542 -9.358873
v 0.732855 -0.834732 -9.361579
v 0.730028 -0.825029 -9.361231
v 0.727580 -0.825840 -9.358525
v 0.715883 -0.838576 -9.392207
v 0.713056 -0.828874 -9.391858
v 0.727494 -0.836468 -9.356723
v 0.724668 -0.826765 -9.356374
v 0.719469 -0.837528 -9.392300
v 0.716643 -0.827826 -9.391952
v 0.724230 -0.837473 -9.355208
v 0.721403 -0.827771 -9.354860
v 0.723011 -0.836519 -9.391662
v 0.720184 -0.826817 -9.391313
v 0.720736 -0.838520 -9.354389
v 0.717910 -0.828818 -9.354041
v 0.726371 -0.835589 -9.390318
v 0.723545 -0.825886 -9.389970
v 0.717150 -0.839568 -9.354297
v 0.714324 -0.829866 -9.353949
v 0.729423 -0.834771 -9.388321
v 0.726596 -0.825069 -9.387972
v 0.713609 -0.840577 -9.354935
v 0.710782 -0.830875 -9.354586
v 0.732047 -0.834099 -9.385746
v 0.729220 -0.824397 -9.385397
v 0.710248 -0.841508 -9.356277
v 0.707421 -0.831806 -9.355929
v 0.734143 -0.833598 -9.382692
v 0.732047 -0.834099 -9.385746
v 0.729220 -0.824397 -9.385397
v 0.731316 -0.823896 -9.382344
v 0.700042 -0.843820 -9.374696
v 0.697216 -0.834118 -9.374347
v 0.707197 -0.842325 -9.358275
v 0.704370 -0.832623 -9.357927
v 0.735630 -0.833287 -9.379278
v 0.732804 -0.823585 -9.378930
v 0.700619 -0.843520 -9.378376
v 0.697793 -0.833818 -9.378027
v 0.704573 -0.842997 -9.360850
v 0.707197 -0.842325 -9.358275
v 0.704370 -0.832623 -9.357927
v 0.701746 -0.833295 -9.360502
v 0.736452 -0.833178 -9.375634
v 0.733626 -0.823476 -9.375286
v 0.701877 -0.843029 -9.381861
v 0.699051 -0.833326 -9.381513
v 0.702477 -0.843498 -9.363903
v 0.699650 -0.833796 -9.363555
v 0.736577 -0.833276 -9.371901
v 0.733751 -0.823574 -9.371552
v 0.713056 -0.828874 -9.391858
v 0.709563 -0.829921 -9.391040
v 0.710818 -0.829693 -9.387205
v 0.713571 -0.828868 -9.387852
v 0.724668 -0.826765 -9.356374
v 0.727580 -0.825840 -9.358525
v 0.725016 -0.826477 -9.361583
v 0.722721 -0.827206 -9.359887
v 0.716643 -0.827826 -9.391952
v 0.716397 -0.828042 -9.387924
v 0.721403 -0.827771 -9.354860
v 0.720148 -0.827999 -9.358694
v 0.720184 -0.826817 -9.391313
v 0.719188 -0.827247 -9.387422
v 0.717910 -0.828818 -9.354041
v 0.717396 -0.828824 -9.358048
v 0.723545 -0.825886 -9.389970
v 0.721836 -0.826514 -9.386363
v 0.714324 -0.829866 -9.353949
v 0.714569 -0.829650 -9.357975
v 0.726596 -0.825069 -9.387972
v 0.724241 -0.825870 -9.384789
v 0.710782 -0.830875 -9.354586
v 0.711778 -0.830445 -9.358479
v 0.729220 -0.824397 -9.385397
v 0.726309 -0.825340 -9.382759
v 0.707421 -0.831806 -9.355929
v 0.709130 -0.831179 -9.359537
v 0.731316 -0.823896 -9.382344
v 0.727960 -0.824945 -9.380354
v 0.697216 -0.834118 -9.374347
v 0.697341 -0.834216 -9.370614
v 0.701185 -0.833078 -9.371109
v 0.701087 -0.833001 -9.374051
v 0.704370 -0.832623 -9.357927
v 0.706725 -0.831823 -9.361111
v 0.732804 -0.823585 -9.378930
v 0.729133 -0.824700 -9.377663
v 0.697793 -0.833818 -9.378027
v 0.701542 -0.832764 -9.376951
v 0.701746 -0.833295 -9.360502
v 0.704658 -0.832352 -9.363140
v 0.733626 -0.823476 -9.375286
v 0.729781 -0.824615 -9.374791
v 0.699051 -0.833326 -9.381513
v 0.702533 -0.832377 -9.379698
v 0.699650 -0.833796 -9.363555
v 0.703006 -0.832747 -9.365546
v 0.733751 -0.823574 -9.371552
v 0.729879 -0.824691 -9.371848
v 0.700938 -0.832663 -9.384668
v 0.704021 -0.831854 -9.382185
v 0.698163 -0.834107 -9.366969
v 0.701833 -0.832992 -9.368237
v 0.733173 -0.823874 -9.367872
v 0.729424 -0.824928 -9.368948
v 0.703386 -0.831853 -9.387374
v 0.705950 -0.831215 -9.384317
v 0.731917 -0.824366 -9.364387
v 0.728433 -0.825315 -9.366201
v 0.706299 -0.830927 -9.389525
v 0.708245 -0.830486 -9.386013
v 0.730028 -0.825029 -9.361231
v 0.726946 -0.825838 -9.363714
v 0.721836 -0.826514 -9.386363
v 0.719188 -0.827247 -9.387422
v 0.644273 -0.570112 -9.378190
v 0.646921 -0.569379 -9.377131
v 0.714569 -0.829650 -9.357975
v 0.717396 -0.828824 -9.358048
v 0.642480 -0.571689 -9.348817
v 0.639654 -0.572515 -9.348743
v 0.724241 -0.825870 -9.384789
v 0.649326 -0.568735 -9.375557
v 0.711778 -0.830445 -9.358479
v 0.636863 -0.573310 -9.349246
v 0.726309 -0.825340 -9.382759
v 0.651393 -0.568205 -9.373528
v 0.709130 -0.831179 -9.359537
v 0.634215 -0.574044 -9.350306
v 0.727960 -0.824945 -9.380354
v 0.726309 -0.825340 -9.382759
v 0.651393 -0.568205 -9.373528
v 0.653045 -0.567810 -9.371121
v 0.701087 -0.833001 -9.374051
v 0.701185 -0.833078 -9.371109
v 0.626271 -0.575943 -9.361877
v 0.626172 -0.575866 -9.364820
v 0.706725 -0.831823 -9.361111
v 0.631810 -0.574688 -9.351879
v 0.729133 -0.824700 -9.377663
v 0.654218 -0.567565 -9.368431
v 0.701542 -0.832764 -9.376951
v 0.626627 -0.575629 -9.367720
v 0.704658 -0.832352 -9.363140
v 0.706725 -0.831823 -9.361111
v 0.631810 -0.574688 -9.351879
v 0.629743 -0.575217 -9.353909
v 0.729781 -0.824615 -9.374791
v 0.654865 -0.567480 -9.365560
v 0.702533 -0.832377 -9.379698
v 0.627618 -0.575242 -9.370466
v 0.703006 -0.832747 -9.365546
v 0.628091 -0.575612 -9.356315
v 0.729879 -0.824691 -9.371848
v 0.654964 -0.567557 -9.362617
v 0.704021 -0.831854 -9.382185
v 0.629105 -0.574719 -9.372952
v 0.701833 -0.832992 -9.368237
v 0.626918 -0.575857 -9.359005
v 0.729424 -0.824928 -9.368948
v 0.654509 -0.567793 -9.359716
v 0.705950 -0.831215 -9.384317
v 0.631035 -0.574081 -9.375085
v 0.728433 -0.825315 -9.366201
v 0.653517 -0.568181 -9.356970
v 0.708245 -0.830486 -9.386013
v 0.705950 -0.831215 -9.384317
v 0.631035 -0.574081 -9.375085
v 0.633329 -0.573351 -9.376781
v 0.726946 -0.825838 -9.363714
v 0.652030 -0.568703 -9.354483
v 0.710818 -0.829693 -9.387205
v 0.635903 -0.572559 -9.377974
v 0.725016 -0.826477 -9.361583
v 0.726946 -0.825838 -9.363714
v 0.652030 -0.568703 -9.354483
v 0.650101 -0.569342 -9.352351
v 0.713571 -0.828868 -9.387852
v 0.638655 -0.571733 -9.378620
v 0.722721 -0.827206 -9.359887
v 0.647806 -0.570071 -9.350656
v 0.716397 -0.828042 -9.387924
v 0.641482 -0.570907 -9.378693
v 0.720148 -0.827999 -9.358694
v 0.645232 -0.570864 -9.349462
v 0.629105 -0.574719 -9.372952
v 0.627618 -0.575242 -9.370466
v 0.625747 -0.575810 -9.371450
v 0.627452 -0.575211 -9.374300
v 0.626918 -0.575857 -9.359005
v 0.628091 -0.575612 -9.356315
v 0.626289 -0.576234 -9.355238
v 0.624946 -0.576515 -9.358321
v 0.654509 -0.567793 -9.359716
v 0.654964 -0.567557 -9.362617
v 0.657076 -0.567006 -9.362458
v 0.656554 -0.567277 -9.359136
v 0.631035 -0.574081 -9.375085
v 0.629662 -0.574480 -9.376742
v 0.626271 -0.575943 -9.361877
v 0.624204 -0.576613 -9.361611
v 0.653517 -0.568181 -9.356970
v 0.655420 -0.567720 -9.355989
v 0.633329 -0.573351 -9.376781
v 0.632291 -0.573644 -9.378685
v 0.652030 -0.568703 -9.354483
v 0.653715 -0.568319 -9.353140
v 0.635903 -0.572559 -9.377974
v 0.635239 -0.572736 -9.380052
v 0.650101 -0.569342 -9.352351
v 0.651505 -0.569051 -9.350698
v 0.638655 -0.571733 -9.378620
v 0.638393 -0.571791 -9.380792
v 0.647806 -0.570071 -9.350656
v 0.648876 -0.569887 -9.348755
v 0.641482 -0.570907 -9.378693
v 0.641630 -0.570844 -9.380875
v 0.645232 -0.570864 -9.349462
v 0.645928 -0.570795 -9.347388
v 0.644273 -0.570112 -9.378190
v 0.644828 -0.569934 -9.380299
v 0.642480 -0.571689 -9.348817
v 0.642774 -0.571740 -9.346648
v 0.646921 -0.569379 -9.377131
v 0.647862 -0.569093 -9.379086
v 0.639654 -0.572515 -9.348743
v 0.639537 -0.572686 -9.346565
v 0.649326 -0.568735 -9.375557
v 0.650616 -0.568355 -9.377283
v 0.636863 -0.573310 -9.349246
v 0.636339 -0.573597 -9.347140
v 0.651393 -0.568205 -9.373528
v 0.652985 -0.567748 -9.374958
v 0.634215 -0.574044 -9.350306
v 0.633305 -0.574438 -9.348353
v 0.653045 -0.567810 -9.371121
v 0.654877 -0.567296 -9.372201
v 0.626172 -0.575866 -9.364820
v 0.624091 -0.576525 -9.364982
v 0.631810 -0.574688 -9.351879
v 0.630551 -0.575175 -9.350157
v 0.654218 -0.567565 -9.368431
v 0.656221 -0.567016 -9.369120
v 0.626627 -0.575629 -9.367720
v 0.624613 -0.576254 -9.368304
v 0.629743 -0.575217 -9.353909
v 0.628181 -0.575782 -9.352482
v 0.654865 -0.567480 -9.365560
v 0.656963 -0.566917 -9.365829
v 0.635239 -0.572736 -9.380052
v 0.632291 -0.573644 -9.378685
v 0.630071 -0.566025 -9.378411
v 0.633019 -0.565117 -9.379779
v 0.651505 -0.569051 -9.350698
v 0.653715 -0.568319 -9.353140
v 0.651495 -0.560700 -9.352866
v 0.649285 -0.561432 -9.350424
v 0.638393 -0.571791 -9.380792
v 0.636173 -0.564171 -9.380518
v 0.648876 -0.569887 -9.348755
v 0.646656 -0.562267 -9.348481
v 0.641630 -0.570844 -9.380875
v 0.639411 -0.563225 -9.380602
v 0.645928 -0.570795 -9.347388
v 0.643708 -0.563175 -9.347115
v 0.644828 -0.569934 -9.380299
v 0.642608 -0.562314 -9.380026
v 0.642774 -0.571740 -9.346648
v 0.640554 -0.564121 -9.346375
v 0.647862 -0.569093 -9.379086
v 0.645642 -0.561474 -9.378813
v 0.639537 -0.572686 -9.346565
v 0.637317 -0.565067 -9.346292
v 0.650616 -0.568355 -9.377283
v 0.648397 -0.560736 -9.377009
v 0.636339 -0.573597 -9.347140
v 0.634119 -0.565978 -9.346868
v 0.652985 -0.567748 -9.374958
v 0.650766 -0.560129 -9.374685
v 0.633305 -0.574438 -9.348353
v 0.631086 -0.566818 -9.348080
v 0.654877 -0.567296 -9.372201
v 0.652985 -0.567748 -9.374958
v 0.650766 -0.560129 -9.374685
v 0.652658 -0.559677 -9.371928
v 0.624091 -0.576525 -9.364982
v 0.624204 -0.576613 -9.361611
v 0.621984 -0.568994 -9.361338
v 0.621872 -0.568906 -9.364709
v 0.630551 -0.575175 -9.350157
v 0.628330 -0.567556 -9.349884
v 0.656221 -0.567016 -9.369120
v 0.654001 -0.559396 -9.368846
v 0.624613 -0.576254 -9.368304
v 0.622393 -0.568634 -9.368031
v 0.628181 -0.575782 -9.352482
v 0.630551 -0.575175 -9.350157
v 0.628330 -0.567556 -9.349884
v 0.625962 -0.568163 -9.352208
v 0.656963 -0.566917 -9.365829
v 0.654743 -0.559298 -9.365556
v 0.625747 -0.575810 -9.371450
v 0.623527 -0.568191 -9.371178
v 0.626289 -0.576234 -9.355238
v 0.624069 -0.568615 -9.354965
v 0.657076 -0.567006 -9.362458
v 0.654856 -0.559386 -9.362185
v 0.627452 -0.575211 -9.374300
v 0.625232 -0.567592 -9.374026
v 0.624946 -0.576515 -9.358321
v 0.622726 -0.568896 -9.358047
v 0.656554 -0.567277 -9.359136
v 0.654335 -0.559658 -9.358862
v 0.629662 -0.574480 -9.376742
v 0.627442 -0.566860 -9.376469
v 0.655420 -0.567720 -9.355989
v 0.653200 -0.560101 -9.355716
v 0.629662 -0.574480 -9.376742
v 0.627442 -0.566860 -9.376469
v 0.653715 -0.568319 -9.353140
v 0.651495 -0.560700 -9.352866
v 0.642608 -0.562314 -9.380026
v 0.639411 -0.563225 -9.380602
v 0.639824 -0.565248 -9.378381
v 0.642595 -0.564459 -9.377881
v 0.640554 -0.564121 -9.346375
v 0.643708 -0.563175 -9.347115
v 0.643548 -0.565205 -9.349362
v 0.640815 -0.566024 -9.348722
v 0.645642 -0.561474 -9.378813
v 0.645224 -0.563730 -9.376830
v 0.637317 -0.565067 -9.346292
v 0.638010 -0.566844 -9.348650
v 0.648397 -0.560736 -9.377009
v 0.647611 -0.563091 -9.375268
v 0.634119 -0.565978 -9.346868
v 0.635239 -0.567633 -9.349148
v 0.650766 -0.560129 -9.374685
v 0.649664 -0.562565 -9.373253
v 0.631086 -0.566818 -9.348080
v 0.632611 -0.568361 -9.350200
v 0.652658 -0.559677 -9.371928
v 0.651304 -0.562173 -9.370864
v 0.621872 -0.568906 -9.364709
v 0.621984 -0.568994 -9.361338
v 0.624724 -0.570247 -9.361688
v 0.624626 -0.570170 -9.364609
v 0.628330 -0.567556 -9.349884
v 0.630223 -0.569001 -9.351762
v 0.654001 -0.559396 -9.368846
v 0.652467 -0.561930 -9.368194
v 0.622393 -0.568634 -9.368031
v 0.625078 -0.569935 -9.367487
v 0.625962 -0.568163 -9.352208
v 0.628171 -0.569526 -9.353777
v 0.654743 -0.559298 -9.365556
v 0.653111 -0.561845 -9.365343
v 0.623527 -0.568191 -9.371178
v 0.626061 -0.569551 -9.370214
v 0.624069 -0.568615 -9.354965
v 0.626531 -0.569918 -9.356165
v 0.654856 -0.559386 -9.362185
v 0.653208 -0.561921 -9.362421
v 0.625232 -0.567592 -9.374026
v 0.627538 -0.569032 -9.372683
v 0.622726 -0.568896 -9.358047
v 0.625367 -0.570162 -9.358836
v 0.654335 -0.559658 -9.358862
v 0.652757 -0.562156 -9.359542
v 0.627442 -0.566860 -9.376469
v 0.629453 -0.568398 -9.374800
v 0.653200 -0.560101 -9.355716
v 0.651773 -0.562541 -9.356816
v 0.630071 -0.566025 -9.378411
v 0.631732 -0.567674 -9.376482
v 0.651495 -0.560700 -9.352866
v 0.650296 -0.563060 -9.354347
v 0.633019 -0.565117 -9.379779
v 0.634286 -0.566887 -9.377667
v 0.649285 -0.561432 -9.350424
v 0.648381 -0.563694 -9.352230
v 0.636173 -0.564171 -9.380518
v 0.637019 -0.566068 -9.378308
v 0.646656 -0.562267 -9.348481
v 0.646103 -0.564418 -9.350547
v 0.649664 -0.562565 -9.373253
v 0.647611 -0.563091 -9.375268
v 0.633776 -0.515604 -9.373563
v 0.635829 -0.515078 -9.371548
v 0.632611 -0.568361 -9.350200
v 0.635239 -0.567633 -9.349148
v 0.621404 -0.520146 -9.347444
v 0.618775 -0.520874 -9.348495
v 0.651304 -0.562173 -9.370864
v 0.649664 -0.562565 -9.373253
v 0.635829 -0.515078 -9.371548
v 0.637469 -0.514686 -9.369160
v 0.624626 -0.570170 -9.364609
v 0.624724 -0.570247 -9.361688
v 0.610889 -0.522759 -9.359982
v 0.610791 -0.522683 -9.362904
v 0.630223 -0.569001 -9.351762
v 0.616388 -0.521513 -9.350058
v 0.652467 -0.561930 -9.368194
v 0.638632 -0.514443 -9.366488
v 0.625078 -0.569935 -9.367487
v 0.611243 -0.522448 -9.365782
v 0.628171 -0.569526 -9.353777
v 0.630223 -0.569001 -9.351762
v 0.616388 -0.521513 -9.350058
v 0.614336 -0.522039 -9.352072
v 0.653111 -0.561845 -9.365343
v 0.639275 -0.514358 -9.363638
v 0.626061 -0.569551 -9.370214
v 0.612226 -0.522064 -9.368509
v 0.626531 -0.569918 -9.356165
v 0.612695 -0.522431 -9.354460
v 0.653208 -0.561921 -9.362421
v 0.639373 -0.514434 -9.360717
v 0.627538 -0.569032 -9.372683
v 0.613703 -0.521545 -9.370978
v 0.625367 -0.570162 -9.358836
v 0.611532 -0.522675 -9.357131
v 0.652757 -0.562156 -9.359542
v 0.638921 -0.514669 -9.357838
v 0.629453 -0.568398 -9.374800
v 0.615618 -0.520911 -9.373095
v 0.651773 -0.562541 -9.356816
v 0.637938 -0.515053 -9.355111
v 0.631732 -0.567674 -9.376482
v 0.629453 -0.568398 -9.374800
v 0.615618 -0.520911 -9.373095
v 0.617896 -0.520187 -9.374778
v 0.650296 -0.563060 -9.354347
v 0.636461 -0.515573 -9.352642
v 0.634286 -0.566887 -9.377667
v 0.620451 -0.519400 -9.375962
v 0.648381 -0.563694 -9.352230
v 0.650296 -0.563060 -9.354347
v 0.636461 -0.515573 -9.352642
v 0.634546 -0.516206 -9.350525
v 0.637019 -0.566068 -9.378308
v 0.623183 -0.518581 -9.376603
v 0.646103 -0.564418 -9.350547
v 0.632268 -0.516931 -9.348842
v 0.639824 -0.565248 -9.378381
v 0.625989 -0.517761 -9.376676
v 0.643548 -0.565205 -9.349362
v 0.629713 -0.517717 -9.347658
v 0.642595 -0.564459 -9.377881
v 0.628760 -0.516971 -9.376176
v 0.640815 -0.566024 -9.348722
v 0.626980 -0.518537 -9.347017
v 0.645224 -0.563730 -9.376830
v 0.631389 -0.516243 -9.375125
v 0.638010 -0.566844 -9.348650
v 0.624175 -0.519357 -9.346945
v 0.639275 -0.514358 -9.363638
v 0.638632 -0.514443 -9.366488
v 0.642576 -0.504724 -9.368357
v 0.643515 -0.504599 -9.364196
v 0.612226 -0.522064 -9.368509
v 0.611243 -0.522448 -9.365782
v 0.602604 -0.516406 -9.367326
v 0.604039 -0.515845 -9.371305
v 0.612695 -0.522431 -9.354460
v 0.614336 -0.522039 -9.352072
v 0.607118 -0.515810 -9.347317
v 0.604725 -0.516382 -9.350803
v 0.639373 -0.514434 -9.360717
v 0.643657 -0.504711 -9.359933
v 0.613703 -0.521545 -9.370978
v 0.606195 -0.515088 -9.374907
v 0.611532 -0.522675 -9.357131
v 0.612695 -0.522431 -9.354460
v 0.604725 -0.516382 -9.350803
v 0.603026 -0.516737 -9.354701
v 0.638921 -0.514669 -9.357838
v 0.642998 -0.505054 -9.355731
v 0.615618 -0.520911 -9.373095
v 0.613703 -0.521545 -9.370978
v 0.606195 -0.515088 -9.374907
v 0.608990 -0.514163 -9.377997
v 0.610889 -0.522759 -9.359982
v 0.602088 -0.516861 -9.358862
v 0.637938 -0.515053 -9.355111
v 0.641563 -0.505615 -9.351752
v 0.617896 -0.520187 -9.374778
v 0.615618 -0.520911 -9.373095
v 0.608990 -0.514163 -9.377997
v 0.612315 -0.513106 -9.380453
v 0.636461 -0.515573 -9.352642
v 0.637938 -0.515053 -9.355111
v 0.641563 -0.505615 -9.351752
v 0.639406 -0.506373 -9.348149
v 0.620451 -0.519400 -9.375962
v 0.616043 -0.511958 -9.382182
v 0.634546 -0.516206 -9.350525
v 0.636612 -0.507298 -9.345060
v 0.623183 -0.518581 -9.376603
v 0.620031 -0.510762 -9.383117
v 0.632268 -0.516931 -9.348842
v 0.634546 -0.516206 -9.350525
v 0.636612 -0.507298 -9.345060
v 0.633288 -0.508354 -9.342605
v 0.625989 -0.517761 -9.376676
v 0.624125 -0.509566 -9.383223
v 0.629713 -0.517717 -9.347658
v 0.629559 -0.509503 -9.340876
v 0.628760 -0.516971 -9.376176
v 0.628168 -0.508414 -9.382495
v 0.626980 -0.518537 -9.347017
v 0.625572 -0.510698 -9.339940
v 0.631389 -0.516243 -9.375125
v 0.632005 -0.507351 -9.380961
v 0.624175 -0.519357 -9.346945
v 0.621477 -0.511895 -9.339834
v 0.633776 -0.515604 -9.373563
v 0.635489 -0.506418 -9.378680
v 0.621404 -0.520146 -9.347444
v 0.617434 -0.513047 -9.340563
v 0.635829 -0.515078 -9.371548
v 0.633776 -0.515604 -9.373563
v 0.635489 -0.506418 -9.378680
v 0.638485 -0.505651 -9.375740
v 0.618775 -0.520874 -9.348495
v 0.613597 -0.514110 -9.342097
v 0.637469 -0.514686 -9.369160
v 0.640878 -0.505078 -9.372254
v 0.610791 -0.522683 -9.362904
v 0.601946 -0.516749 -9.363125
v 0.616388 -0.521513 -9.350058
v 0.618775 -0.520874 -9.348495
v 0.613597 -0.514110 -9.342097
v 0.610113 -0.515042 -9.344378
v 0.637469 -0.514686 -9.369160
v 0.640878 -0.505078 -9.372254
v 0.641618 -0.493261 -9.354781
v 0.640048 -0.493874 -9.350428
v 0.604409 -0.503227 -9.379143
v 0.608048 -0.502070 -9.381830
v 0.639406 -0.506373 -9.348149
v 0.637689 -0.494703 -9.346486
v 0.612127 -0.500814 -9.383721
v 0.639406 -0.506373 -9.348149
v 0.637689 -0.494703 -9.346486
v 0.634631 -0.495715 -9.343106
v 0.616490 -0.499506 -9.384745
v 0.630994 -0.496872 -9.340419
v 0.620969 -0.498197 -9.384860
v 0.626915 -0.498128 -9.338528
v 0.625393 -0.496937 -9.384064
v 0.622552 -0.499436 -9.337504
v 0.629591 -0.495774 -9.382385
v 0.618072 -0.500745 -9.337389
v 0.633403 -0.494753 -9.379890
v 0.613648 -0.502005 -9.338185
v 0.638485 -0.505651 -9.375740
v 0.636680 -0.493913 -9.376674
v 0.609450 -0.503168 -9.339864
v 0.638485 -0.505651 -9.375740
v 0.636680 -0.493913 -9.376674
v 0.639298 -0.493288 -9.372860
v 0.596859 -0.506178 -9.358207
v 0.596702 -0.506056 -9.362870
v 0.610113 -0.515042 -9.344378
v 0.605639 -0.504189 -9.342360
v 0.641156 -0.492899 -9.368595
v 0.597424 -0.505681 -9.367467
v 0.607118 -0.515810 -9.347317
v 0.610113 -0.515042 -9.344378
v 0.605639 -0.504189 -9.342360
v 0.602361 -0.505028 -9.345575
v 0.642184 -0.492763 -9.364043
v 0.598994 -0.505067 -9.371820
v 0.599743 -0.505654 -9.349389
v 0.642339 -0.492886 -9.359379
v 0.601353 -0.504239 -9.375763
v 0.597885 -0.506043 -9.353655
v 0.608990 -0.514163 -9.377997
v 0.604409 -0.503227 -9.379143
v 0.632773 -0.489335 -9.342877
v 0.629134 -0.490491 -9.340190
v 0.614631 -0.493125 -9.384516
v 0.619110 -0.491816 -9.384631
v 0.625056 -0.491747 -9.338299
v 0.623534 -0.490556 -9.383835
v 0.620693 -0.493055 -9.337275
v 0.627732 -0.489393 -9.382156
v 0.616214 -0.494364 -9.337160
v 0.631543 -0.488372 -9.379662
v 0.611789 -0.495625 -9.337956
v 0.634821 -0.487533 -9.376445
v 0.607591 -0.496787 -9.339635
v 0.634821 -0.487533 -9.376445
v 0.637439 -0.486907 -9.372630
v 0.594999 -0.499798 -9.357977
v 0.594843 -0.499676 -9.362641
v 0.603781 -0.497808 -9.342130
v 0.639298 -0.486519 -9.368366
v 0.595564 -0.499301 -9.367238
v 0.603781 -0.497808 -9.342130
v 0.600502 -0.498648 -9.345346
v 0.640324 -0.486383 -9.363813
v 0.597135 -0.498687 -9.371592
v 0.597884 -0.499274 -9.349160
v 0.640480 -0.486505 -9.359150
v 0.599494 -0.497858 -9.375534
v 0.596026 -0.499662 -9.353425
v 0.639759 -0.486880 -9.354552
v 0.602551 -0.496846 -9.378914
v 0.638189 -0.487494 -9.350199
v 0.602551 -0.496846 -9.378914
v 0.606188 -0.495690 -9.381600
v 0.635830 -0.488322 -9.346257
v 0.610268 -0.494433 -9.383492
v 0.635830 -0.488322 -9.346257
v 0.616214 -0.494364 -9.337160
v 0.620693 -0.493055 -9.337275
v 0.622247 -0.493037 -9.325163
v 0.615471 -0.495018 -9.324989
v 0.631543 -0.488372 -9.379662
v 0.627732 -0.489393 -9.382156
v 0.632896 -0.487497 -9.393058
v 0.638662 -0.485953 -9.389283
v 0.611789 -0.495625 -9.337956
v 0.608779 -0.496924 -9.326194
v 0.634821 -0.487533 -9.376445
v 0.643620 -0.484683 -9.384418
v 0.607591 -0.496787 -9.339635
v 0.602428 -0.498683 -9.328732
v 0.637439 -0.486907 -9.372630
v 0.647581 -0.483736 -9.378649
v 0.594843 -0.499676 -9.362641
v 0.594999 -0.499798 -9.357977
v 0.583378 -0.503237 -9.356481
v 0.583143 -0.503053 -9.363537
v 0.603781 -0.497808 -9.342130
v 0.596662 -0.500228 -9.332507
v 0.639298 -0.486519 -9.368366
v 0.650392 -0.483149 -9.372196
v 0.595564 -0.499301 -9.367238
v 0.584233 -0.502485 -9.370491
v 0.600502 -0.498648 -9.345346
v 0.591704 -0.501498 -9.337374
v 0.640324 -0.486383 -9.363813
v 0.651945 -0.482943 -9.365311
v 0.597135 -0.498687 -9.371592
v 0.586608 -0.501557 -9.377076
v 0.597884 -0.499274 -9.349160
v 0.587743 -0.502444 -9.343143
v 0.640480 -0.486505 -9.359150
v 0.652181 -0.483128 -9.358254
v 0.599494 -0.497858 -9.375534
v 0.590177 -0.500303 -9.383040
v 0.596026 -0.499662 -9.353425
v 0.584932 -0.503032 -9.349595
v 0.639759 -0.486880 -9.354552
v 0.651091 -0.483695 -9.351300
v 0.602551 -0.496846 -9.378914
v 0.594802 -0.498772 -9.388153
v 0.638189 -0.487494 -9.350199
v 0.648715 -0.484624 -9.344714
v 0.606188 -0.495690 -9.381600
v 0.600306 -0.497022 -9.392218
v 0.635830 -0.488322 -9.346257
v 0.645147 -0.485878 -9.338751
v 0.610268 -0.494433 -9.383492
v 0.606476 -0.495122 -9.395080
v 0.632773 -0.489335 -9.342877
v 0.640522 -0.487409 -9.333637
v 0.614631 -0.493125 -9.384516
v 0.613076 -0.493143 -9.396627
v 0.629134 -0.490491 -9.340190
v 0.635018 -0.489158 -9.329573
v 0.619110 -0.491816 -9.384631
v 0.619853 -0.491163 -9.396803
v 0.625056 -0.491747 -9.338299
v 0.628848 -0.491059 -9.326712
v 0.623534 -0.490556 -9.383835
v 0.626545 -0.489256 -9.395597
v 0.596662 -0.500228 -9.332507
v 0.602428 -0.498683 -9.328732
v 0.598541 -0.485341 -9.328253
v 0.592775 -0.486885 -9.332028
v 0.650392 -0.483149 -9.372196
v 0.647581 -0.483736 -9.378649
v 0.643694 -0.470394 -9.378169
v 0.646505 -0.469806 -9.371717
v 0.584233 -0.502485 -9.370491
v 0.583143 -0.503053 -9.363537
v 0.579255 -0.489710 -9.363058
v 0.580346 -0.489143 -9.370012
v 0.591704 -0.501498 -9.337374
v 0.596662 -0.500228 -9.332507
v 0.592775 -0.486885 -9.332028
v 0.587816 -0.488156 -9.336894
v 0.651945 -0.482943 -9.365311
v 0.648058 -0.469601 -9.364831
v 0.586608 -0.501557 -9.377076
v 0.582721 -0.488215 -9.376597
v 0.587743 -0.502444 -9.343143
v 0.583855 -0.489102 -9.342664
v 0.652181 -0.483128 -9.358254
v 0.648294 -0.469786 -9.357776
v 0.590177 -0.500303 -9.383040
v 0.586290 -0.486961 -9.382562
v 0.584932 -0.503032 -9.349595
v 0.581045 -0.489690 -9.349115
v 0.651091 -0.483695 -9.351300
v 0.647204 -0.470353 -9.350821
v 0.594802 -0.498772 -9.388153
v 0.590915 -0.485430 -9.387674
v 0.583378 -0.503237 -9.356481
v 0.579491 -0.489895 -9.356002
v 0.648715 -0.484624 -9.344714
v 0.644828 -0.471282 -9.344235
v 0.600306 -0.497022 -9.392218
v 0.594802 -0.498772 -9.388153
v 0.590915 -0.485430 -9.387674
v 0.596419 -0.483680 -9.391739
v 0.645147 -0.485878 -9.338751
v 0.641259 -0.472536 -9.338272
v 0.606476 -0.495122 -9.395080
v 0.602589 -0.481780 -9.394601
v 0.640522 -0.487409 -9.333637
v 0.645147 -0.485878 -9.338751
v 0.641259 -0.472536 -9.338272
v 0.636635 -0.474067 -9.333158
v 0.613076 -0.493143 -9.396627
v 0.609189 -0.479801 -9.396149
v 0.635018 -0.489158 -9.329573
v 0.631131 -0.475816 -9.329094
v 0.619853 -0.491163 -9.396803
v 0.615966 -0.477821 -9.396323
v 0.628848 -0.491059 -9.326712
v 0.624961 -0.477717 -9.326232
v 0.626545 -0.489256 -9.395597
v 0.622658 -0.475914 -9.395118
v 0.622247 -0.493037 -9.325163
v 0.618360 -0.479695 -9.324684
v 0.632896 -0.487497 -9.393058
v 0.629009 -0.474155 -9.392579
v 0.615471 -0.495018 -9.324989
v 0.611584 -0.481676 -9.324510
v 0.638662 -0.485953 -9.389283
v 0.634774 -0.472611 -9.388804
v 0.608779 -0.496924 -9.326194
v 0.604892 -0.483582 -9.325715
v 0.643620 -0.484683 -9.384418
v 0.639733 -0.471341 -9.383939
v 0.643620 -0.484683 -9.384418
v 0.639733 -0.471341 -9.383939
v 2.487124 -0.343703 -10.690717
v 2.483076 -0.345285 -10.679495
v 2.480178 -0.335338 -10.679138
v 2.484226 -0.333756 -10.690359
v 2.569614 -0.322576 -10.609771
v 2.578992 -0.319595 -10.616697
v 2.576093 -0.309648 -10.616341
v 2.566715 -0.312629 -10.609413
v 2.493205 -0.341566 -10.700879
v 2.490308 -0.331619 -10.700521
v 2.559099 -0.325814 -10.604895
v 2.556201 -0.315867 -10.604538
v 2.501086 -0.338957 -10.709591
v 2.498188 -0.329011 -10.709233
v 2.547852 -0.329186 -10.602257
v 2.544954 -0.319239 -10.601900
v 2.510464 -0.335976 -10.716518
v 2.501086 -0.338957 -10.709591
v 2.498188 -0.329011 -10.709233
v 2.507566 -0.326030 -10.716161
v 2.536306 -0.332560 -10.601959
v 2.533407 -0.322614 -10.601603
v 2.520978 -0.332738 -10.721395
v 2.518080 -0.322791 -10.721037
v 2.524902 -0.335809 -10.604012
v 2.522004 -0.325862 -10.603656
v 2.532225 -0.329367 -10.724031
v 2.529327 -0.319420 -10.723675
v 2.514079 -0.338807 -10.608339
v 2.511182 -0.328860 -10.607982
v 2.543772 -0.325992 -10.724329
v 2.540874 -0.316045 -10.723972
v 2.504255 -0.341438 -10.614771
v 2.501357 -0.331491 -10.614414
v 2.555176 -0.322743 -10.722276
v 2.552278 -0.312796 -10.721918
v 2.495806 -0.343602 -10.623062
v 2.504255 -0.341438 -10.614771
v 2.501357 -0.331491 -10.614414
v 2.492908 -0.333656 -10.622705
v 2.565997 -0.319746 -10.717949
v 2.563100 -0.309799 -10.717592
v 2.489057 -0.345216 -10.632894
v 2.486159 -0.335269 -10.632537
v 2.598861 -0.312300 -10.658644
v 2.598458 -0.311986 -10.670667
v 2.595560 -0.302039 -10.670310
v 2.595962 -0.302354 -10.658287
v 2.575823 -0.317114 -10.711517
v 2.572924 -0.307167 -10.711161
v 2.484267 -0.346216 -10.643888
v 2.481369 -0.336270 -10.643531
v 2.597001 -0.313267 -10.646793
v 2.594103 -0.303321 -10.646437
v 2.584271 -0.314950 -10.703226
v 2.581373 -0.305003 -10.702869
v 2.481620 -0.346566 -10.655622
v 2.478721 -0.336620 -10.655265
v 2.592953 -0.314850 -10.635571
v 2.590056 -0.304903 -10.635215
v 2.591021 -0.313337 -10.693395
v 2.584271 -0.314950 -10.703226
v 2.581373 -0.305003 -10.702869
v 2.588123 -0.303390 -10.693037
v 2.481218 -0.346252 -10.667645
v 2.478320 -0.336305 -10.667288
v 2.586872 -0.316986 -10.625410
v 2.583975 -0.307039 -10.625053
v 2.595811 -0.312336 -10.682401
v 2.592913 -0.302389 -10.682043
v 2.586872 -0.316986 -10.625410
v 2.583975 -0.307039 -10.625053
v 2.563100 -0.309799 -10.717592
v 2.552278 -0.312796 -10.721918
v 2.547292 -0.306336 -10.710870
v 2.556141 -0.303885 -10.707332
v 2.486159 -0.335269 -10.632537
v 2.492908 -0.333656 -10.622705
v 2.498739 -0.323394 -10.629734
v 2.493219 -0.324714 -10.637774
v 2.595962 -0.302354 -10.658287
v 2.595560 -0.302039 -10.670310
v 2.582686 -0.297539 -10.668664
v 2.583016 -0.297796 -10.658833
v 2.572924 -0.307167 -10.711161
v 2.564175 -0.301732 -10.702072
v 2.481369 -0.336270 -10.643531
v 2.489301 -0.325532 -10.646765
v 2.594103 -0.303321 -10.646437
v 2.581495 -0.298587 -10.649141
v 2.581373 -0.305003 -10.702869
v 2.571084 -0.299963 -10.695292
v 2.478721 -0.336620 -10.655265
v 2.487137 -0.325818 -10.656361
v 2.590056 -0.304903 -10.635215
v 2.578185 -0.299881 -10.639964
v 2.588123 -0.303390 -10.693037
v 2.576605 -0.298643 -10.687251
v 2.478320 -0.336305 -10.667288
v 2.486809 -0.325561 -10.666193
v 2.583975 -0.307039 -10.625053
v 2.573212 -0.301628 -10.631654
v 2.592913 -0.302389 -10.682043
v 2.580522 -0.297825 -10.678260
v 2.480178 -0.335338 -10.679138
v 2.488328 -0.324770 -10.675884
v 2.576093 -0.309648 -10.616341
v 2.566767 -0.303761 -10.624529
v 2.484226 -0.333756 -10.690359
v 2.491638 -0.323476 -10.685061
v 2.566715 -0.312629 -10.609413
v 2.559098 -0.306199 -10.618864
v 2.490308 -0.331619 -10.700521
v 2.496611 -0.321729 -10.693372
v 2.556201 -0.315867 -10.604538
v 2.550499 -0.308847 -10.614876
v 2.498188 -0.329011 -10.709233
v 2.503057 -0.319596 -10.700497
v 2.544954 -0.319239 -10.601900
v 2.541301 -0.311605 -10.612720
v 2.507566 -0.326030 -10.716161
v 2.510726 -0.317158 -10.706161
v 2.533407 -0.322614 -10.601603
v 2.531859 -0.314364 -10.612475
v 2.518080 -0.322791 -10.721037
v 2.519324 -0.314510 -10.710149
v 2.522004 -0.325862 -10.603656
v 2.522533 -0.317021 -10.614155
v 2.529327 -0.319420 -10.723675
v 2.528522 -0.311753 -10.712305
v 2.511182 -0.328860 -10.607982
v 2.513683 -0.319473 -10.617693
v 2.540874 -0.316045 -10.723972
v 2.537965 -0.308993 -10.712549
v 2.501357 -0.331491 -10.614414
v 2.505648 -0.321625 -10.622953
v 2.576605 -0.298643 -10.687251
v 2.571084 -0.299963 -10.695292
v 2.566626 -0.284660 -10.694741
v 2.572146 -0.283340 -10.686702
v 2.486809 -0.325561 -10.666193
v 2.487137 -0.325818 -10.656361
v 2.482679 -0.310515 -10.655811
v 2.482350 -0.310258 -10.665644
v 2.573212 -0.301628 -10.631654
v 2.578185 -0.299881 -10.639964
v 2.573726 -0.284577 -10.639415
v 2.568753 -0.286324 -10.631104
v 2.580522 -0.297825 -10.678260
v 2.576063 -0.282521 -10.677711
v 2.488328 -0.324770 -10.675884
v 2.483870 -0.309467 -10.675335
v 2.566767 -0.303761 -10.624529
v 2.573212 -0.301628 -10.631654
v 2.568753 -0.286324 -10.631104
v 2.562309 -0.288458 -10.623980
v 2.582686 -0.297539 -10.668664
v 2.578228 -0.282235 -10.668115
v 2.491638 -0.323476 -10.685061
v 2.487180 -0.308173 -10.684511
v 2.559098 -0.306199 -10.618864
v 2.554640 -0.290896 -10.618315
v 2.496611 -0.321729 -10.693372
v 2.492152 -0.306426 -10.692822
v 2.550499 -0.308847 -10.614876
v 2.546041 -0.293544 -10.614326
v 2.503057 -0.319596 -10.700497
v 2.498598 -0.304292 -10.699946
v 2.541301 -0.311605 -10.612720
v 2.536844 -0.296301 -10.612170
v 2.510726 -0.317158 -10.706161
v 2.503057 -0.319596 -10.700497
v 2.498598 -0.304292 -10.699946
v 2.506268 -0.301854 -10.705611
v 2.531859 -0.314364 -10.612475
v 2.527400 -0.299061 -10.611926
v 2.519324 -0.314510 -10.710149
v 2.514866 -0.299206 -10.709599
v 2.522533 -0.317021 -10.614155
v 2.518074 -0.301718 -10.613605
v 2.528522 -0.311753 -10.712305
v 2.524063 -0.296449 -10.711756
v 2.513683 -0.319473 -10.617693
v 2.509224 -0.304169 -10.617144
v 2.537965 -0.308993 -10.712549
v 2.533507 -0.293689 -10.712000
v 2.505648 -0.321625 -10.622953
v 2.501189 -0.306321 -10.622404
v 2.547292 -0.306336 -10.710870
v 2.542833 -0.291032 -10.710320
v 2.498739 -0.323394 -10.629734
v 2.505648 -0.321625 -10.622953
v 2.501189 -0.306321 -10.622404
v 2.494280 -0.308091 -10.629184
v 2.556141 -0.303885 -10.707332
v 2.551682 -0.288581 -10.706782
v 2.493219 -0.324714 -10.637774
v 2.488761 -0.309410 -10.637225
v 2.583016 -0.297796 -10.658833
v 2.578557 -0.282492 -10.658283
v 2.564175 -0.301732 -10.702072
v 2.559716 -0.286429 -10.701523
v 2.489301 -0.325532 -10.646765
v 2.484843 -0.310229 -10.646215
v 2.581495 -0.298587 -10.649141
v 2.577036 -0.283283 -10.648592
v 2.571084 -0.299963 -10.695292
v 2.566626 -0.284660 -10.694741
v 2.492152 -0.306426 -10.692822
v 2.487180 -0.308173 -10.684511
v 2.501077 -0.298191 -10.676193
v 2.504261 -0.297072 -10.681514
v 2.546041 -0.293544 -10.614326
v 2.554640 -0.290896 -10.618315
v 2.544266 -0.287129 -10.633812
v 2.538761 -0.288825 -10.631259
v 2.498598 -0.304292 -10.699946
v 2.508387 -0.295706 -10.686075
v 2.536844 -0.296301 -10.612170
v 2.532872 -0.290590 -10.629878
v 2.506268 -0.301854 -10.705611
v 2.513297 -0.294146 -10.689702
v 2.527400 -0.299061 -10.611926
v 2.526827 -0.292357 -10.629723
v 2.514866 -0.299206 -10.709599
v 2.518802 -0.292450 -10.692255
v 2.518074 -0.301718 -10.613605
v 2.520856 -0.294058 -10.630797
v 2.524063 -0.296449 -10.711756
v 2.524690 -0.290685 -10.693636
v 2.509224 -0.304169 -10.617144
v 2.515190 -0.295628 -10.633062
v 2.533507 -0.293689 -10.712000
v 2.530736 -0.288918 -10.693791
v 2.501189 -0.306321 -10.622404
v 2.510046 -0.297005 -10.636431
v 2.542833 -0.291032 -10.710320
v 2.536706 -0.287217 -10.692717
v 2.494280 -0.308091 -10.629184
v 2.505623 -0.298138 -10.640771
v 2.551682 -0.288581 -10.706782
v 2.542373 -0.285647 -10.690452
v 2.488761 -0.309410 -10.637225
v 2.502088 -0.298983 -10.645919
v 2.578557 -0.282492 -10.658283
v 2.578228 -0.282235 -10.668115
v 2.559368 -0.281585 -10.665695
v 2.559578 -0.281750 -10.659401
v 2.559716 -0.286429 -10.701523
v 2.547517 -0.284270 -10.687084
v 2.484843 -0.310229 -10.646215
v 2.499581 -0.299507 -10.651675
v 2.577036 -0.283283 -10.648592
v 2.558605 -0.282256 -10.653196
v 2.566626 -0.284660 -10.694741
v 2.551941 -0.283137 -10.682743
v 2.482679 -0.310515 -10.655811
v 2.498195 -0.299690 -10.657818
v 2.573726 -0.284577 -10.639415
v 2.556487 -0.283084 -10.647321
v 2.572146 -0.283340 -10.686702
v 2.555475 -0.282292 -10.677595
v 2.482350 -0.310258 -10.665644
v 2.497985 -0.299525 -10.664114
v 2.568753 -0.286324 -10.631104
v 2.553303 -0.284203 -10.642000
v 2.576063 -0.282521 -10.677711
v 2.557982 -0.281768 -10.671840
v 2.483870 -0.309467 -10.675335
v 2.498956 -0.299019 -10.670319
v 2.562309 -0.288458 -10.623980
v 2.549176 -0.285569 -10.637439
v 2.517956 -0.281577 -10.675228
v 2.520686 -0.280736 -10.676495
v 2.524666 -0.280690 -10.645483
v 2.521705 -0.281533 -10.646015
v 2.523606 -0.279861 -10.677179
v 2.518894 -0.282312 -10.647139
v 2.526605 -0.278984 -10.677257
v 2.516343 -0.282995 -10.648809
v 2.529566 -0.278141 -10.676723
v 2.514149 -0.283557 -10.650962
v 2.532375 -0.277362 -10.675600
v 2.512398 -0.283976 -10.653515
v 2.540804 -0.275347 -10.663322
v 2.540908 -0.275429 -10.660201
v 2.534926 -0.276679 -10.673930
v 2.511153 -0.284236 -10.656369
v 2.540426 -0.275680 -10.657124
v 2.537120 -0.276117 -10.671777
v 2.510466 -0.284327 -10.659416
v 2.539375 -0.276091 -10.654210
v 2.538872 -0.275698 -10.669224
v 2.510361 -0.284245 -10.662538
v 2.537796 -0.276646 -10.651571
v 2.540117 -0.275438 -10.666369
v 2.510844 -0.283994 -10.665615
v 2.535749 -0.277323 -10.649309
v 2.511895 -0.283583 -10.668529
v 2.533314 -0.278097 -10.647511
v 2.513474 -0.283028 -10.671167
v 2.530584 -0.278938 -10.646245
v 2.515520 -0.282351 -10.673429
v 2.527663 -0.279814 -10.645559
v 2.529566 -0.278141 -10.676723
v 2.526605 -0.278984 -10.677257
v 2.522825 -0.266012 -10.676790
v 2.525786 -0.265168 -10.676257
v 2.514149 -0.283557 -10.650962
v 2.516343 -0.282995 -10.648809
v 2.512564 -0.270022 -10.648343
v 2.510370 -0.270584 -10.650496
v 2.532375 -0.277362 -10.675600
v 2.528596 -0.264390 -10.675135
v 2.512398 -0.283976 -10.653515
v 2.508618 -0.271003 -10.653049
v 2.540908 -0.275429 -10.660201
v 2.540804 -0.275347 -10.663322
v 2.537024 -0.262375 -10.662857
v 2.537129 -0.262457 -10.659736
v 2.534926 -0.276679 -10.673930
v 2.531147 -0.263707 -10.673464
v 2.511153 -0.284236 -10.656369
v 2.507374 -0.271263 -10.655904
v 2.540426 -0.275680 -10.657124
v 2.536646 -0.262708 -10.656658
v 2.537120 -0.276117 -10.671777
v 2.533341 -0.263145 -10.671311
v 2.510466 -0.284327 -10.659416
v 2.506686 -0.271354 -10.658950
v 2.539375 -0.276091 -10.654210
v 2.535595 -0.263119 -10.653744
v 2.538872 -0.275698 -10.669224
v 2.537120 -0.276117 -10.671777
v 2.533341 -0.263145 -10.671311
v 2.535093 -0.262726 -10.668758
v 2.510361 -0.284245 -10.662538
v 2.506582 -0.271272 -10.662072
v 2.537796 -0.276646 -10.651571
v 2.534016 -0.263673 -10.651106
v 2.540117 -0.275438 -10.666369
v 2.536337 -0.262466 -10.665904
v 2.510844 -0.283994 -10.665615
v 2.507065 -0.271021 -10.665150
v 2.535749 -0.277323 -10.649309
v 2.537796 -0.276646 -10.651571
v 2.534016 -0.263673 -10.651106
v 2.531970 -0.264351 -10.648844
v 2.511895 -0.283583 -10.668529
v 2.508116 -0.270611 -10.668063
v 2.533314 -0.278097 -10.647511
v 2.529535 -0.265125 -10.647045
v 2.513474 -0.283028 -10.671167
v 2.509695 -0.270056 -10.670702
v 2.530584 -0.278938 -10.646245
v 2.526804 -0.265966 -10.645779
v 2.515520 -0.282351 -10.673429
v 2.511741 -0.269378 -10.672964
v 2.527663 -0.279814 -10.645559
v 2.523884 -0.266841 -10.645094
v 2.517956 -0.281577 -10.675228
v 2.515520 -0.282351 -10.673429
v 2.511741 -0.269378 -10.672964
v 2.514177 -0.268604 -10.674762
v 2.524666 -0.280690 -10.645483
v 2.520886 -0.267717 -10.645017
v 2.520686 -0.280736 -10.676495
v 2.516906 -0.267763 -10.676028
v 2.521705 -0.281533 -10.646015
v 2.517925 -0.268561 -10.645550
v 2.523606 -0.279861 -10.677179
v 2.519827 -0.266888 -10.676714
v 2.518894 -0.282312 -10.647139
v 2.515115 -0.269339 -10.646673
v 2.516343 -0.282995 -10.648809
v 2.512564 -0.270022 -10.648343
v 2.536646 -0.262708 -10.656658
v 2.537129 -0.262457 -10.659736
v 2.540122 -0.261593 -10.659506
v 2.539545 -0.261893 -10.655826
v 2.533341 -0.263145 -10.671311
v 2.531147 -0.263707 -10.673464
v 2.532968 -0.263087 -10.675926
v 2.535592 -0.262415 -10.673351
v 2.506686 -0.271354 -10.658950
v 2.507374 -0.271263 -10.655904
v 2.504535 -0.272126 -10.654923
v 2.503712 -0.272234 -10.658567
v 2.535595 -0.263119 -10.653744
v 2.538289 -0.262384 -10.652341
v 2.535093 -0.262726 -10.668758
v 2.537688 -0.261914 -10.670299
v 2.506582 -0.271272 -10.662072
v 2.503588 -0.272137 -10.662301
v 2.534016 -0.263673 -10.651106
v 2.536400 -0.263048 -10.649185
v 2.536337 -0.262466 -10.665904
v 2.539176 -0.261604 -10.666883
v 2.507065 -0.271021 -10.665150
v 2.504165 -0.271836 -10.665981
v 2.531970 -0.264351 -10.648844
v 2.533953 -0.263858 -10.646479
v 2.537024 -0.262375 -10.662857
v 2.539998 -0.261495 -10.663239
v 2.508116 -0.270611 -10.668063
v 2.505422 -0.271345 -10.669466
v 2.529535 -0.265125 -10.647045
v 2.531041 -0.264784 -10.644328
v 2.509695 -0.270056 -10.670702
v 2.507311 -0.270681 -10.672623
v 2.526804 -0.265966 -10.645779
v 2.527775 -0.265789 -10.642814
v 2.511741 -0.269378 -10.672964
v 2.509758 -0.269871 -10.675328
v 2.523884 -0.266841 -10.645094
v 2.524281 -0.266837 -10.641994
v 2.514177 -0.268604 -10.674762
v 2.512671 -0.268945 -10.677479
v 2.520886 -0.267717 -10.645017
v 2.520696 -0.267885 -10.641902
v 2.516906 -0.267763 -10.676028
v 2.515936 -0.267940 -10.678993
v 2.517925 -0.268561 -10.645550
v 2.517155 -0.268893 -10.642540
v 2.519827 -0.266888 -10.676714
v 2.519429 -0.266893 -10.679812
v 2.515115 -0.269339 -10.646673
v 2.513794 -0.269824 -10.643884
v 2.522825 -0.266012 -10.676790
v 2.523015 -0.265845 -10.679905
v 2.512564 -0.270022 -10.648343
v 2.510742 -0.270642 -10.645882
v 2.525786 -0.265168 -10.676257
v 2.526556 -0.264836 -10.679267
v 2.510370 -0.270584 -10.650496
v 2.508119 -0.271314 -10.648457
v 2.528596 -0.264390 -10.675135
v 2.529917 -0.263905 -10.677924
v 2.508618 -0.271003 -10.653049
v 2.506023 -0.271815 -10.651509
v 2.533953 -0.263858 -10.646479
v 2.536400 -0.263048 -10.649185
v 2.533573 -0.253346 -10.648837
v 2.531125 -0.254156 -10.646131
v 2.539998 -0.261495 -10.663239
v 2.539176 -0.261604 -10.666883
v 2.536349 -0.251902 -10.666535
v 2.537171 -0.251793 -10.662891
v 2.505422 -0.271345 -10.669466
v 2.504165 -0.271836 -10.665981
v 2.501338 -0.262134 -10.665633
v 2.502596 -0.261643 -10.669118
v 2.531041 -0.264784 -10.644328
v 2.528214 -0.255081 -10.643980
v 2.507311 -0.270681 -10.672623
v 2.504484 -0.260979 -10.672274
v 2.527775 -0.265789 -10.642814
v 2.524948 -0.256087 -10.642466
v 2.509758 -0.269871 -10.675328
v 2.506932 -0.260169 -10.674980
v 2.524281 -0.266837 -10.641994
v 2.521455 -0.257134 -10.641646
v 2.512671 -0.268945 -10.677479
v 2.509758 -0.269871 -10.675328
v 2.506932 -0.260169 -10.674980
v 2.509844 -0.259243 -10.677131
v 2.520696 -0.267885 -10.641902
v 2.517869 -0.258182 -10.641554
v 2.515936 -0.267940 -10.678993
v 2.513109 -0.258238 -10.678645
v 2.517155 -0.268893 -10.642540
v 2.514328 -0.259191 -10.642192
v 2.519429 -0.266893 -10.679812
v 2.516602 -0.257191 -10.679464
v 2.513794 -0.269824 -10.643884
v 2.510967 -0.260122 -10.643535
v 2.523015 -0.265845 -10.679905
v 2.520188 -0.256142 -10.679557
v 2.510742 -0.270642 -10.645882
v 2.507915 -0.260940 -10.645533
v 2.526556 -0.264836 -10.679267
v 2.523730 -0.255134 -10.678919
v 2.508119 -0.271314 -10.648457
v 2.510742 -0.270642 -10.645882
v 2.507915 -0.260940 -10.645533
v 2.505292 -0.261611 -10.648108
v 2.529917 -0.263905 -10.677924
v 2.527091 -0.254203 -10.677575
v 2.506023 -0.271815 -10.651509
v 2.503196 -0.262113 -10.651161
v 2.540122 -0.261593 -10.659506
v 2.537296 -0.251890 -10.659158
v 2.532968 -0.263087 -10.675926
v 2.530142 -0.253385 -10.675578
v 2.504535 -0.272126 -10.654923
v 2.501708 -0.262423 -10.654575
v 2.539545 -0.261893 -10.655826
v 2.536719 -0.252191 -10.655478
v 2.535592 -0.262415 -10.673351
v 2.532766 -0.252713 -10.673003
v 2.503712 -0.272234 -10.658567
v 2.500887 -0.262532 -10.658218
v 2.538289 -0.262384 -10.652341
v 2.535462 -0.252682 -10.651993
v 2.537688 -0.261914 -10.670299
v 2.535592 -0.262415 -10.673351
v 2.532766 -0.252713 -10.673003
v 2.534862 -0.252212 -10.669950
v 2.503588 -0.272137 -10.662301
v 2.500761 -0.262434 -10.661953
v 2.536400 -0.263048 -10.649185
v 2.533573 -0.253346 -10.648837
v 2.521455 -0.257134 -10.641646
v 2.524948 -0.256087 -10.642466
v 2.523693 -0.256315 -10.646299
v 2.520941 -0.257140 -10.645654
v 2.509844 -0.259243 -10.677131
v 2.506932 -0.260169 -10.674980
v 2.509495 -0.259532 -10.671923
v 2.511791 -0.258802 -10.673617
v 2.517869 -0.258182 -10.641554
v 2.518114 -0.257966 -10.645581
v 2.513109 -0.258238 -10.678645
v 2.514364 -0.258010 -10.674811
v 2.514328 -0.259191 -10.642192
v 2.515324 -0.258761 -10.646084
v 2.516602 -0.257191 -10.679464
v 2.517117 -0.257185 -10.675457
v 2.510967 -0.260122 -10.643535
v 2.512676 -0.259495 -10.647142
v 2.520188 -0.256142 -10.679557
v 2.519943 -0.256359 -10.675529
v 2.507915 -0.260940 -10.645533
v 2.510271 -0.260139 -10.648717
v 2.523730 -0.255134 -10.678919
v 2.522733 -0.255564 -10.675027
v 2.505292 -0.261611 -10.648108
v 2.508203 -0.260668 -10.650745
v 2.527091 -0.254203 -10.677575
v 2.525382 -0.254830 -10.673968
v 2.503196 -0.262113 -10.651161
v 2.506552 -0.261064 -10.653152
v 2.537296 -0.251890 -10.659158
v 2.537171 -0.251793 -10.662891
v 2.533326 -0.252931 -10.662396
v 2.533425 -0.253008 -10.659454
v 2.530142 -0.253385 -10.675578
v 2.527786 -0.254186 -10.672394
v 2.501708 -0.262423 -10.654575
v 2.505378 -0.261309 -10.655843
v 2.536719 -0.252191 -10.655478
v 2.532970 -0.253244 -10.656553
v 2.532766 -0.252713 -10.673003
v 2.529854 -0.253656 -10.670364
v 2.500887 -0.262532 -10.658218
v 2.504731 -0.261394 -10.658714
v 2.535462 -0.252682 -10.651993
v 2.531978 -0.253632 -10.653807
v 2.534862 -0.252212 -10.669950
v 2.531506 -0.253262 -10.667959
v 2.500761 -0.262434 -10.661953
v 2.504633 -0.261317 -10.661657
v 2.533573 -0.253346 -10.648837
v 2.530491 -0.254155 -10.651320
v 2.536349 -0.251902 -10.666535
v 2.532678 -0.253017 -10.665268
v 2.501338 -0.262134 -10.665633
v 2.505088 -0.261080 -10.664557
v 2.531125 -0.254156 -10.646131
v 2.528562 -0.254793 -10.649188
v 2.502596 -0.261643 -10.669118
v 2.506078 -0.260693 -10.667303
v 2.528214 -0.255081 -10.643980
v 2.526267 -0.255523 -10.647492
v 2.504484 -0.260979 -10.672274
v 2.507566 -0.260170 -10.669790
v 2.512676 -0.259495 -10.647142
v 2.515324 -0.258761 -10.646084
v 2.440408 -0.001626 -10.636851
v 2.437760 -0.002360 -10.637911
v 2.519943 -0.256359 -10.675529
v 2.517117 -0.257185 -10.675457
v 2.442201 -0.000050 -10.666225
v 2.445027 0.000776 -10.666298
v 2.510271 -0.260139 -10.648717
v 2.435355 -0.003004 -10.639485
v 2.522733 -0.255564 -10.675027
v 2.447818 0.001571 -10.665795
v 2.508203 -0.260668 -10.650745
v 2.510271 -0.260139 -10.648717
v 2.435355 -0.003004 -10.639485
v 2.433288 -0.003534 -10.641514
v 2.525382 -0.254830 -10.673968
v 2.450467 0.002305 -10.664736
v 2.506552 -0.261064 -10.653152
v 2.431636 -0.003928 -10.643920
v 2.533425 -0.253008 -10.659454
v 2.533326 -0.252931 -10.662396
v 2.458411 0.004204 -10.653165
v 2.458509 0.004127 -10.650223
v 2.527786 -0.254186 -10.672394
v 2.452871 0.002949 -10.663162
v 2.505378 -0.261309 -10.655843
v 2.430464 -0.004173 -10.646611
v 2.532970 -0.253244 -10.656553
v 2.458054 0.003891 -10.647322
v 2.529854 -0.253656 -10.670364
v 2.454939 0.003479 -10.661133
v 2.504731 -0.261394 -10.658714
v 2.429816 -0.004259 -10.649483
v 2.531978 -0.253632 -10.653807
v 2.457063 0.003503 -10.644575
v 2.531506 -0.253262 -10.667959
v 2.529854 -0.253656 -10.670364
v 2.454939 0.003479 -10.661133
v 2.456590 0.003874 -10.658727
v 2.504633 -0.261317 -10.661657
v 2.429717 -0.004182 -10.652425
v 2.530491 -0.254155 -10.651320
v 2.455575 0.002981 -10.642089
v 2.532678 -0.253017 -10.665268
v 2.457763 0.004119 -10.656036
v 2.505088 -0.261080 -10.664557
v 2.430173 -0.003945 -10.655325
v 2.528562 -0.254793 -10.649188
v 2.530491 -0.254155 -10.651320
v 2.455575 0.002981 -10.642089
v 2.453646 0.002342 -10.639956
v 2.506078 -0.260693 -10.667303
v 2.431163 -0.003558 -10.658072
v 2.526267 -0.255523 -10.647492
v 2.451352 0.001612 -10.638261
v 2.507566 -0.260170 -10.669790
v 2.432651 -0.003035 -10.660559
v 2.523693 -0.256315 -10.646299
v 2.448778 0.000820 -10.637068
v 2.509495 -0.259532 -10.671923
v 2.434581 -0.002397 -10.662690
v 2.520941 -0.257140 -10.645654
v 2.446026 -0.000005 -10.636422
v 2.511791 -0.258802 -10.673617
v 2.509495 -0.259532 -10.671923
v 2.434581 -0.002397 -10.662690
v 2.436875 -0.001667 -10.664386
v 2.518114 -0.257966 -10.645581
v 2.443200 -0.000831 -10.636350
v 2.514364 -0.258010 -10.674811
v 2.439449 -0.000875 -10.665580
v 2.455575 0.002981 -10.642089
v 2.457063 0.003503 -10.644575
v 2.458966 0.003963 -10.643595
v 2.457260 0.003364 -10.640745
v 2.457763 0.004119 -10.656036
v 2.456590 0.003874 -10.658727
v 2.458423 0.004387 -10.659807
v 2.459767 0.004668 -10.656725
v 2.430173 -0.003945 -10.655325
v 2.429717 -0.004182 -10.652425
v 2.427637 -0.004841 -10.652588
v 2.428158 -0.004570 -10.655910
v 2.453646 0.002342 -10.639956
v 2.455051 0.002633 -10.638303
v 2.458411 0.004204 -10.653165
v 2.460509 0.004766 -10.653435
v 2.431163 -0.003558 -10.658072
v 2.429292 -0.004127 -10.659056
v 2.451352 0.001612 -10.638261
v 2.452422 0.001797 -10.636361
v 2.432651 -0.003035 -10.660559
v 2.430998 -0.003528 -10.661905
v 2.448778 0.000820 -10.637068
v 2.449473 0.000889 -10.634994
v 2.434581 -0.002397 -10.662690
v 2.433208 -0.002796 -10.664349
v 2.446026 -0.000005 -10.636422
v 2.446319 -0.000056 -10.634254
v 2.436875 -0.001667 -10.664386
v 2.435837 -0.001960 -10.666290
v 2.443200 -0.000831 -10.636350
v 2.443082 -0.001002 -10.634171
v 2.439449 -0.000875 -10.665580
v 2.438785 -0.001052 -10.667657
v 2.440408 -0.001626 -10.636851
v 2.439885 -0.001913 -10.634747
v 2.442201 -0.000050 -10.666225
v 2.441938 -0.000107 -10.668397
v 2.437760 -0.002360 -10.637911
v 2.436850 -0.002754 -10.635960
v 2.445027 0.000776 -10.666298
v 2.445176 0.000839 -10.668480
v 2.435355 -0.003004 -10.639485
v 2.434096 -0.003492 -10.637762
v 2.447818 0.001571 -10.665795
v 2.448374 0.001750 -10.667905
v 2.433288 -0.003534 -10.641514
v 2.431728 -0.004098 -10.640087
v 2.450467 0.002305 -10.664736
v 2.451407 0.002591 -10.666692
v 2.431636 -0.003928 -10.643920
v 2.429836 -0.004551 -10.642844
v 2.458509 0.004127 -10.650223
v 2.460621 0.004678 -10.650064
v 2.452871 0.002949 -10.663162
v 2.454162 0.003328 -10.664888
v 2.430464 -0.004173 -10.646611
v 2.428492 -0.004831 -10.645926
v 2.458054 0.003891 -10.647322
v 2.460100 0.004407 -10.646742
v 2.454939 0.003479 -10.661133
v 2.456531 0.003935 -10.662563
v 2.429816 -0.004259 -10.649483
v 2.427749 -0.004929 -10.649217
v 2.449473 0.000889 -10.634994
v 2.452422 0.001797 -10.636361
v 2.450202 0.009416 -10.636087
v 2.447253 0.008508 -10.634720
v 2.433208 -0.002796 -10.664349
v 2.430998 -0.003528 -10.661905
v 2.428778 0.004092 -10.661633
v 2.430987 0.004823 -10.664075
v 2.446319 -0.000056 -10.634254
v 2.444101 0.007563 -10.633981
v 2.435837 -0.001960 -10.666290
v 2.433208 -0.002796 -10.664349
v 2.430987 0.004823 -10.664075
v 2.433617 0.005659 -10.666018
v 2.443082 -0.001002 -10.634171
v 2.440862 0.006617 -10.633897
v 2.438785 -0.001052 -10.667657
v 2.436565 0.006567 -10.667384
v 2.439885 -0.001913 -10.634747
v 2.437665 0.005706 -10.634473
v 2.441938 -0.000107 -10.668397
v 2.439718 0.007512 -10.668123
v 2.436850 -0.002754 -10.635960
v 2.434631 0.004865 -10.635686
v 2.445176 0.000839 -10.668480
v 2.442956 0.008458 -10.668207
v 2.434096 -0.003492 -10.637762
v 2.431876 0.004128 -10.637489
v 2.448374 0.001750 -10.667905
v 2.446154 0.009370 -10.667631
v 2.431728 -0.004098 -10.640087
v 2.434096 -0.003492 -10.637762
v 2.431876 0.004128 -10.637489
v 2.429507 0.003521 -10.639813
v 2.451407 0.002591 -10.666692
v 2.449188 0.010210 -10.666418
v 2.429836 -0.004551 -10.642844
v 2.427615 0.003069 -10.642570
v 2.460621 0.004678 -10.650064
v 2.460509 0.004766 -10.653435
v 2.458288 0.012386 -10.653161
v 2.458402 0.012297 -10.649790
v 2.454162 0.003328 -10.664888
v 2.451942 0.010948 -10.664615
v 2.428492 -0.004831 -10.645926
v 2.426273 0.002788 -10.645653
v 2.460100 0.004407 -10.646742
v 2.457880 0.012026 -10.646468
v 2.456531 0.003935 -10.662563
v 2.454312 0.011554 -10.662291
v 2.427749 -0.004929 -10.649217
v 2.425530 0.002690 -10.648943
v 2.458966 0.003963 -10.643595
v 2.456745 0.011583 -10.643321
v 2.458423 0.004387 -10.659807
v 2.456531 0.003935 -10.662563
v 2.454312 0.011554 -10.662291
v 2.456204 0.012007 -10.659534
v 2.427637 -0.004841 -10.652588
v 2.425418 0.002778 -10.652314
v 2.457260 0.003364 -10.640745
v 2.455041 0.010984 -10.640471
v 2.459767 0.004668 -10.656725
v 2.457547 0.012288 -10.656451
v 2.428158 -0.004570 -10.655910
v 2.425939 0.003049 -10.655637
v 2.455051 0.002633 -10.638303
v 2.457260 0.003364 -10.640745
v 2.455041 0.010984 -10.640471
v 2.452831 0.010252 -10.638029
v 2.429292 -0.004127 -10.659056
v 2.427073 0.003493 -10.658783
v 2.437665 0.005706 -10.634473
v 2.440862 0.006617 -10.633897
v 2.441556 0.004840 -10.636254
v 2.438785 0.004051 -10.636754
v 2.439718 0.007512 -10.668123
v 2.436565 0.006567 -10.667384
v 2.437832 0.004797 -10.665273
v 2.440564 0.005616 -10.665914
v 2.434631 0.004865 -10.635686
v 2.436156 0.003322 -10.637805
v 2.442956 0.008458 -10.668207
v 2.443370 0.006436 -10.665985
v 2.431876 0.004128 -10.637489
v 2.433769 0.002683 -10.639367
v 2.446154 0.009370 -10.667631
v 2.446141 0.007225 -10.665487
v 2.429507 0.003521 -10.639813
v 2.431716 0.002157 -10.641382
v 2.449188 0.010210 -10.666418
v 2.448769 0.007954 -10.664435
v 2.427615 0.003069 -10.642570
v 2.430076 0.001765 -10.643771
v 2.458402 0.012297 -10.649790
v 2.458288 0.012386 -10.653161
v 2.456656 0.009839 -10.652947
v 2.456754 0.009762 -10.650026
v 2.451942 0.010948 -10.664615
v 2.451157 0.008593 -10.662873
v 2.426273 0.002788 -10.645653
v 2.428912 0.001522 -10.646441
v 2.457880 0.012026 -10.646468
v 2.456302 0.009527 -10.647148
v 2.454312 0.011554 -10.662291
v 2.453209 0.009118 -10.660858
v 2.425530 0.002690 -10.648943
v 2.428269 0.001437 -10.649292
v 2.456745 0.011583 -10.643321
v 2.455319 0.009143 -10.644422
v 2.456204 0.012007 -10.659534
v 2.454849 0.009511 -10.658470
v 2.425418 0.002778 -10.652314
v 2.428172 0.001514 -10.652214
v 2.455041 0.010984 -10.640471
v 2.453841 0.008624 -10.641953
v 2.457547 0.012288 -10.656451
v 2.456013 0.009754 -10.655799
v 2.425939 0.003049 -10.655637
v 2.428623 0.001749 -10.655093
v 2.452831 0.010252 -10.638029
v 2.451927 0.007990 -10.639835
v 2.427073 0.003493 -10.658783
v 2.429607 0.002133 -10.657819
v 2.450202 0.009416 -10.636087
v 2.449648 0.007266 -10.638153
v 2.428778 0.004092 -10.661633
v 2.431084 0.002652 -10.660288
v 2.447253 0.008508 -10.634720
v 2.447094 0.006479 -10.636968
v 2.430987 0.004823 -10.664075
v 2.432998 0.003286 -10.662405
v 2.444101 0.007563 -10.633981
v 2.444361 0.005660 -10.636327
v 2.433617 0.005659 -10.666018
v 2.435277 0.004010 -10.664088
v 2.431716 0.002157 -10.641382
v 2.433769 0.002683 -10.639367
v 2.419933 0.050170 -10.637662
v 2.417881 0.049644 -10.639677
v 2.448769 0.007954 -10.664435
v 2.446141 0.007225 -10.665487
v 2.432305 0.054712 -10.663782
v 2.434934 0.055441 -10.662730
v 2.430076 0.001765 -10.643771
v 2.416241 0.049252 -10.642066
v 2.456754 0.009762 -10.650026
v 2.456656 0.009839 -10.652947
v 2.442821 0.057326 -10.651243
v 2.442919 0.057249 -10.648322
v 2.451157 0.008593 -10.662873
v 2.437321 0.056080 -10.661168
v 2.428912 0.001522 -10.646441
v 2.415077 0.049009 -10.644736
v 2.456302 0.009527 -10.647148
v 2.442466 0.057015 -10.645443
v 2.453209 0.009118 -10.660858
v 2.439374 0.056606 -10.659153
v 2.428269 0.001437 -10.649292
v 2.414434 0.048924 -10.647588
v 2.455319 0.009143 -10.644422
v 2.441483 0.056630 -10.642716
v 2.454849 0.009511 -10.658470
v 2.453209 0.009118 -10.660858
v 2.439374 0.056606 -10.659153
v 2.441014 0.056998 -10.656765
v 2.428172 0.001514 -10.652214
v 2.414336 0.049001 -10.650509
v 2.453841 0.008624 -10.641953
v 2.440006 0.056111 -10.640247
v 2.456013 0.009754 -10.655799
v 2.442178 0.057241 -10.654094
v 2.428623 0.001749 -10.655093
v 2.414788 0.049236 -10.653388
v 2.451927 0.007990 -10.639835
v 2.453841 0.008624 -10.641953
v 2.440006 0.056111 -10.640247
v 2.438091 0.055477 -10.638131
v 2.429607 0.002133 -10.657819
v 2.415772 0.049620 -10.656115
v 2.449648 0.007266 -10.638153
v 2.435813 0.054753 -10.636448
v 2.431084 0.002652 -10.660288
v 2.417248 0.050139 -10.658584
v 2.447094 0.006479 -10.636968
v 2.433259 0.053966 -10.635262
v 2.432998 0.003286 -10.662405
v 2.419163 0.050773 -10.660700
v 2.444361 0.005660 -10.636327
v 2.430526 0.053147 -10.634622
v 2.435277 0.004010 -10.664088
v 2.432998 0.003286 -10.662405
v 2.419163 0.050773 -10.660700
v 2.421442 0.051497 -10.662383
v 2.441556 0.004840 -10.636254
v 2.427720 0.052327 -10.634550
v 2.437832 0.004797 -10.665273
v 2.423997 0.052284 -10.663568
v 2.438785 0.004051 -10.636754
v 2.424949 0.051538 -10.635049
v 2.440564 0.005616 -10.665914
v 2.426729 0.053103 -10.664208
v 2.436156 0.003322 -10.637805
v 2.422320 0.050809 -10.636100
v 2.443370 0.006436 -10.665985
v 2.429535 0.053923 -10.664281
v 2.433769 0.002683 -10.639367
v 2.419933 0.050170 -10.637662
v 2.414434 0.048924 -10.647588
v 2.415077 0.049009 -10.644736
v 2.406572 0.054947 -10.642306
v 2.405633 0.054823 -10.646467
v 2.441483 0.056630 -10.642716
v 2.442466 0.057015 -10.645443
v 2.446544 0.066630 -10.643337
v 2.445109 0.066069 -10.639359
v 2.441014 0.056998 -10.656765
v 2.439374 0.056606 -10.659153
v 2.442030 0.066033 -10.663346
v 2.444423 0.066605 -10.659861
v 2.414336 0.049001 -10.650509
v 2.405491 0.054935 -10.650730
v 2.440006 0.056111 -10.640247
v 2.441483 0.056630 -10.642716
v 2.445109 0.066069 -10.639359
v 2.442952 0.065311 -10.635756
v 2.442178 0.057241 -10.654094
v 2.441014 0.056998 -10.656765
v 2.444423 0.066605 -10.659861
v 2.446121 0.066960 -10.655962
v 2.414788 0.049236 -10.653388
v 2.406150 0.055277 -10.654932
v 2.438091 0.055477 -10.638131
v 2.440159 0.064386 -10.632666
v 2.442821 0.057326 -10.651243
v 2.447060 0.067084 -10.651801
v 2.415772 0.049620 -10.656115
v 2.407585 0.055838 -10.658911
v 2.435813 0.054753 -10.636448
v 2.438091 0.055477 -10.638131
v 2.440159 0.064386 -10.632666
v 2.436834 0.063329 -10.630210
v 2.417248 0.050139 -10.658584
v 2.409742 0.056596 -10.662514
v 2.433259 0.053966 -10.635262
v 2.433105 0.062181 -10.628481
v 2.419163 0.050773 -10.660700
v 2.417248 0.050139 -10.658584
v 2.409742 0.056596 -10.662514
v 2.412536 0.057521 -10.665603
v 2.430526 0.053147 -10.634622
v 2.429117 0.060986 -10.627546
v 2.421442 0.051497 -10.662383
v 2.419163 0.050773 -10.660700
v 2.412536 0.057521 -10.665603
v 2.415860 0.058578 -10.668058
v 2.427720 0.052327 -10.634550
v 2.425023 0.059789 -10.627440
v 2.423997 0.052284 -10.663568
v 2.419589 0.059726 -10.669788
v 2.424949 0.051538 -10.635049
v 2.420979 0.058637 -10.628168
v 2.426729 0.053103 -10.664208
v 2.423577 0.060921 -10.670723
v 2.422320 0.050809 -10.636100
v 2.417142 0.057574 -10.629702
v 2.429535 0.053923 -10.664281
v 2.427670 0.062118 -10.670829
v 2.419933 0.050170 -10.637662
v 2.422320 0.050809 -10.636100
v 2.417142 0.057574 -10.629702
v 2.413659 0.056641 -10.631983
v 2.432305 0.054712 -10.663782
v 2.431714 0.063270 -10.670100
v 2.417881 0.049644 -10.639677
v 2.410663 0.055874 -10.634923
v 2.434934 0.055441 -10.662730
v 2.435552 0.064333 -10.668566
v 2.416241 0.049252 -10.642066
v 2.408270 0.055302 -10.638409
v 2.442919 0.057249 -10.648322
v 2.447202 0.066972 -10.647538
v 2.437321 0.056080 -10.661168
v 2.439035 0.065266 -10.666286
v 2.416241 0.049252 -10.642066
v 2.408270 0.055302 -10.638409
v 2.437321 0.056080 -10.661168
v 2.439035 0.065266 -10.666286
v 2.400969 0.066003 -10.655073
v 2.402539 0.066616 -10.659427
v 2.438177 0.075968 -10.630713
v 2.434540 0.074812 -10.628025
v 2.404898 0.067445 -10.663368
v 2.430460 0.073556 -10.626133
v 2.412536 0.057521 -10.665603
v 2.407955 0.068457 -10.666748
v 2.426098 0.072248 -10.625110
v 2.407955 0.068457 -10.666748
v 2.411594 0.069613 -10.669436
v 2.421618 0.070939 -10.624994
v 2.415673 0.070870 -10.671327
v 2.417195 0.069678 -10.625792
v 2.420035 0.072178 -10.672351
v 2.412996 0.068515 -10.627469
v 2.424515 0.073487 -10.672465
v 2.413659 0.056641 -10.631983
v 2.409185 0.067495 -10.629965
v 2.428939 0.074747 -10.671669
v 2.410663 0.055874 -10.634923
v 2.413659 0.056641 -10.631983
v 2.409185 0.067495 -10.629965
v 2.405907 0.066655 -10.633181
v 2.433137 0.075910 -10.669991
v 2.403289 0.066029 -10.636995
v 2.445729 0.078920 -10.651649
v 2.445885 0.078798 -10.646984
v 2.436948 0.076931 -10.667496
v 2.401430 0.065641 -10.641260
v 2.445163 0.078423 -10.642387
v 2.442030 0.066033 -10.663346
v 2.440226 0.077770 -10.664280
v 2.400404 0.065505 -10.645812
v 2.443594 0.077809 -10.638034
v 2.442030 0.066033 -10.663346
v 2.440226 0.077770 -10.664280
v 2.442844 0.078396 -10.660465
v 2.400248 0.065627 -10.650476
v 2.442952 0.065311 -10.635756
v 2.441235 0.076980 -10.634091
v 2.444702 0.078784 -10.656200
v 2.442952 0.065311 -10.635756
v 2.441235 0.076980 -10.634091
v 2.406097 0.074838 -10.666519
v 2.409734 0.075994 -10.669207
v 2.424238 0.078629 -10.624881
v 2.419759 0.077319 -10.624765
v 2.413813 0.077251 -10.671098
v 2.415336 0.076059 -10.625562
v 2.418176 0.078558 -10.672121
v 2.411137 0.074896 -10.627240
v 2.422656 0.079867 -10.672236
v 2.407326 0.073875 -10.629735
v 2.427080 0.081128 -10.671440
v 2.407326 0.073875 -10.629735
v 2.404049 0.073036 -10.632952
v 2.431278 0.082291 -10.669762
v 2.401430 0.072410 -10.636766
v 2.443870 0.085301 -10.651419
v 2.444027 0.085179 -10.646755
v 2.435089 0.083311 -10.667267
v 2.399572 0.072022 -10.641030
v 2.443305 0.084804 -10.642159
v 2.438367 0.084151 -10.664050
v 2.398545 0.071886 -10.645582
v 2.441735 0.084190 -10.637805
v 2.438367 0.084151 -10.664050
v 2.440985 0.084777 -10.660236
v 2.398389 0.072008 -10.650247
v 2.439376 0.083361 -10.633862
v 2.442843 0.085165 -10.655972
v 2.399110 0.072383 -10.654844
v 2.439376 0.083361 -10.633862
v 2.436318 0.082349 -10.630483
v 2.400680 0.072997 -10.659198
v 2.432680 0.081193 -10.627796
v 2.403039 0.073826 -10.663139
v 2.428602 0.079936 -10.625904
v 2.406097 0.074838 -10.666519
v 2.422656 0.079867 -10.672236
v 2.418176 0.078558 -10.672121
v 2.416622 0.078540 -10.684233
v 2.423398 0.080521 -10.684407
v 2.407326 0.073875 -10.629735
v 2.411137 0.074896 -10.627240
v 2.405973 0.073000 -10.616339
v 2.400208 0.071456 -10.620112
v 2.427080 0.081128 -10.671440
v 2.430091 0.082427 -10.683203
v 2.404049 0.073036 -10.632952
v 2.395250 0.070186 -10.624978
v 2.431278 0.082291 -10.669762
v 2.436441 0.084187 -10.680664
v 2.401430 0.072410 -10.636766
v 2.391289 0.069239 -10.630748
v 2.444027 0.085179 -10.646755
v 2.443870 0.085301 -10.651419
v 2.455491 0.088740 -10.652916
v 2.455727 0.088556 -10.645860
v 2.435089 0.083311 -10.667267
v 2.442207 0.085731 -10.676889
v 2.399572 0.072022 -10.641030
v 2.388477 0.068652 -10.637200
v 2.443305 0.084804 -10.642159
v 2.454636 0.087988 -10.638906
v 2.438367 0.084151 -10.664050
v 2.447166 0.087001 -10.672023
v 2.398545 0.071886 -10.645582
v 2.386924 0.068447 -10.644086
v 2.441735 0.084190 -10.637805
v 2.452261 0.087060 -10.632320
v 2.440985 0.084777 -10.660236
v 2.451127 0.087948 -10.666254
v 2.398389 0.072008 -10.650247
v 2.386688 0.068631 -10.651142
v 2.439376 0.083361 -10.633862
v 2.448692 0.085806 -10.626356
v 2.442843 0.085165 -10.655972
v 2.453938 0.088535 -10.659801
v 2.399110 0.072383 -10.654844
v 2.387779 0.069198 -10.658096
v 2.436318 0.082349 -10.630483
v 2.444067 0.084275 -10.621243
v 2.400680 0.072997 -10.659198
v 2.390154 0.070127 -10.664682
v 2.432680 0.081193 -10.627796
v 2.438564 0.082526 -10.617178
v 2.403039 0.073826 -10.663139
v 2.393722 0.071381 -10.670646
v 2.428602 0.079936 -10.625904
v 2.432393 0.080625 -10.614317
v 2.406097 0.074838 -10.666519
v 2.398347 0.072912 -10.675758
v 2.424238 0.078629 -10.624881
v 2.425793 0.078647 -10.612768
v 2.409734 0.075994 -10.669207
v 2.403851 0.074661 -10.679824
v 2.419759 0.077319 -10.624765
v 2.419016 0.076666 -10.612594
v 2.413813 0.077251 -10.671098
v 2.410022 0.076562 -10.682685
v 2.415336 0.076059 -10.625562
v 2.412324 0.074760 -10.613799
v 2.442207 0.085731 -10.676889
v 2.436441 0.084187 -10.680664
v 2.432555 0.097529 -10.680185
v 2.438320 0.099073 -10.676410
v 2.388477 0.068652 -10.637200
v 2.391289 0.069239 -10.630748
v 2.387400 0.082581 -10.630269
v 2.384590 0.081994 -10.636721
v 2.454636 0.087988 -10.638906
v 2.455727 0.088556 -10.645860
v 2.451840 0.101898 -10.645381
v 2.450749 0.101330 -10.638427
v 2.447166 0.087001 -10.672023
v 2.443279 0.100343 -10.671544
v 2.386924 0.068447 -10.644086
v 2.383037 0.081789 -10.643607
v 2.452261 0.087060 -10.632320
v 2.448374 0.100402 -10.631841
v 2.451127 0.087948 -10.666254
v 2.447166 0.087001 -10.672023
v 2.443279 0.100343 -10.671544
v 2.447240 0.101290 -10.665774
v 2.386688 0.068631 -10.651142
v 2.382801 0.081973 -10.650663
v 2.448692 0.085806 -10.626356
v 2.444805 0.099148 -10.625877
v 2.453938 0.088535 -10.659801
v 2.450050 0.101877 -10.659323
v 2.387779 0.069198 -10.658096
v 2.383891 0.082541 -10.657618
v 2.444067 0.084275 -10.621243
v 2.448692 0.085806 -10.626356
v 2.444805 0.099148 -10.625877
v 2.440180 0.097617 -10.620765
v 2.455491 0.088740 -10.652916
v 2.451604 0.102082 -10.652436
v 2.390154 0.070127 -10.664682
v 2.386267 0.083469 -10.664203
v 2.438564 0.082526 -10.617178
v 2.434676 0.095868 -10.616699
v 2.393722 0.071381 -10.670646
v 2.389836 0.084723 -10.670166
v 2.432393 0.080625 -10.614317
v 2.428506 0.093967 -10.613837
v 2.398347 0.072912 -10.675758
v 2.394460 0.086254 -10.675280
v 2.425793 0.078647 -10.612768
v 2.421906 0.091989 -10.612289
v 2.403851 0.074661 -10.679824
v 2.398347 0.072912 -10.675758
v 2.394460 0.086254 -10.675280
v 2.399964 0.088003 -10.679345
v 2.419016 0.076666 -10.612594
v 2.415129 0.090008 -10.612115
v 2.410022 0.076562 -10.682685
v 2.406135 0.089904 -10.682206
v 2.412324 0.074760 -10.613799
v 2.408437 0.088102 -10.613320
v 2.416622 0.078540 -10.684233
v 2.412735 0.091882 -10.683754
v 2.405973 0.073000 -10.616339
v 2.402086 0.086342 -10.615859
v 2.423398 0.080521 -10.684407
v 2.419511 0.093863 -10.683928
v 2.400208 0.071456 -10.620112
v 2.396321 0.084798 -10.619634
v 2.430091 0.082427 -10.683203
v 2.426203 0.095769 -10.682724
v 2.395250 0.070186 -10.624978
v 2.400208 0.071456 -10.620112
v 2.396321 0.084798 -10.619634
v 2.391362 0.083528 -10.624499
v 2.629039 -0.342059 -9.584856
v 2.626141 -0.332112 -9.584498
v 2.619392 -0.333726 -9.594330
v 2.622290 -0.343672 -9.594687
v 2.688409 -0.321200 -9.684069
v 2.685510 -0.311253 -9.683712
v 2.696333 -0.308255 -9.679386
v 2.699231 -0.318202 -9.679743
v 2.637488 -0.339895 -9.576565
v 2.634590 -0.329948 -9.576207
v 2.677005 -0.324449 -9.686123
v 2.674107 -0.314502 -9.685765
v 2.647313 -0.337263 -9.570132
v 2.644415 -0.327317 -9.569776
v 2.634590 -0.329948 -9.576207
v 2.637488 -0.339895 -9.576565
v 2.665458 -0.327823 -9.685825
v 2.662560 -0.317877 -9.685468
v 2.658135 -0.334266 -9.565806
v 2.655237 -0.324319 -9.565450
v 2.654211 -0.331195 -9.683187
v 2.651314 -0.321248 -9.682830
v 2.669539 -0.331017 -9.563752
v 2.666641 -0.321070 -9.563396
v 2.643697 -0.334433 -9.678311
v 2.640799 -0.324486 -9.677955
v 2.681085 -0.327642 -9.564051
v 2.678188 -0.317695 -9.563693
v 2.634319 -0.337414 -9.671385
v 2.631421 -0.327467 -9.671027
v 2.692333 -0.324271 -9.566688
v 2.689434 -0.314324 -9.566331
v 2.626438 -0.340023 -9.662672
v 2.623540 -0.330076 -9.662314
v 2.631421 -0.327467 -9.671027
v 2.634319 -0.337414 -9.671385
v 2.702847 -0.321032 -9.571564
v 2.699949 -0.311086 -9.571207
v 2.620357 -0.342159 -9.652510
v 2.617460 -0.332213 -9.652153
v 2.712225 -0.318052 -9.578491
v 2.709327 -0.308105 -9.578134
v 2.616309 -0.343742 -9.641288
v 2.613412 -0.333795 -9.640931
v 2.729044 -0.310792 -9.644195
v 2.726146 -0.300846 -9.643837
v 2.728793 -0.300496 -9.632103
v 2.731691 -0.310443 -9.632461
v 2.720106 -0.315443 -9.587203
v 2.717208 -0.305496 -9.586846
v 2.614451 -0.344708 -9.629438
v 2.611553 -0.334762 -9.629081
v 2.724253 -0.311793 -9.655189
v 2.721356 -0.301847 -9.654831
v 2.726187 -0.313306 -9.597365
v 2.723288 -0.303359 -9.597009
v 2.717208 -0.305496 -9.586846
v 2.720106 -0.315443 -9.587203
v 2.614853 -0.345023 -9.617415
v 2.611955 -0.335076 -9.617058
v 2.717504 -0.313407 -9.665020
v 2.714607 -0.303460 -9.664662
v 2.730234 -0.311724 -9.608587
v 2.727336 -0.301777 -9.608231
v 2.617500 -0.344673 -9.605681
v 2.614602 -0.334726 -9.605324
v 2.709056 -0.315571 -9.673310
v 2.706157 -0.305624 -9.672954
v 2.714607 -0.303460 -9.664662
v 2.717504 -0.313407 -9.665020
v 2.732093 -0.310757 -9.620438
v 2.729195 -0.300810 -9.620080
v 2.709327 -0.308105 -9.578134
v 2.700000 -0.302218 -9.586323
v 2.692331 -0.304656 -9.580658
v 2.699949 -0.311086 -9.571207
v 2.613412 -0.333795 -9.640931
v 2.621562 -0.323227 -9.637677
v 2.624871 -0.321933 -9.646854
v 2.617460 -0.332213 -9.652153
v 2.726146 -0.300846 -9.643837
v 2.713755 -0.296281 -9.640054
v 2.715919 -0.295996 -9.630458
v 2.728793 -0.300496 -9.632103
v 2.717208 -0.305496 -9.586846
v 2.706445 -0.300084 -9.593447
v 2.611553 -0.334762 -9.629081
v 2.620041 -0.324018 -9.627986
v 2.721356 -0.301847 -9.654831
v 2.709837 -0.297100 -9.649044
v 2.723288 -0.303359 -9.597009
v 2.711418 -0.298337 -9.601758
v 2.611955 -0.335076 -9.617058
v 2.620370 -0.324275 -9.618155
v 2.714607 -0.303460 -9.664662
v 2.704318 -0.298420 -9.657084
v 2.727336 -0.301777 -9.608231
v 2.714728 -0.297043 -9.610934
v 2.614602 -0.334726 -9.605324
v 2.622535 -0.323989 -9.608558
v 2.706157 -0.305624 -9.672954
v 2.697409 -0.300189 -9.663865
v 2.729195 -0.300810 -9.620080
v 2.716248 -0.296253 -9.620625
v 2.619392 -0.333726 -9.594330
v 2.626452 -0.323170 -9.599567
v 2.696333 -0.308255 -9.679386
v 2.689373 -0.302341 -9.669126
v 2.626141 -0.332112 -9.584498
v 2.631972 -0.321851 -9.591527
v 2.685510 -0.311253 -9.683712
v 2.680524 -0.304792 -9.672663
v 2.634590 -0.329948 -9.576207
v 2.638880 -0.320081 -9.584746
v 2.674107 -0.314502 -9.685765
v 2.671198 -0.307449 -9.674343
v 2.644415 -0.327317 -9.569776
v 2.646916 -0.317929 -9.579487
v 2.662560 -0.317877 -9.685468
v 2.661754 -0.310209 -9.674099
v 2.655237 -0.324319 -9.565450
v 2.655766 -0.315478 -9.575949
v 2.651314 -0.321248 -9.682830
v 2.652557 -0.312966 -9.671943
v 2.666641 -0.321070 -9.563396
v 2.665091 -0.312821 -9.574269
v 2.640799 -0.324486 -9.677955
v 2.643959 -0.315615 -9.667954
v 2.678188 -0.317695 -9.563693
v 2.674534 -0.310061 -9.574513
v 2.631421 -0.327467 -9.671027
v 2.636289 -0.318052 -9.662290
v 2.689434 -0.314324 -9.566331
v 2.683733 -0.307304 -9.576670
v 2.623540 -0.330076 -9.662314
v 2.629844 -0.320186 -9.655165
v 2.714728 -0.297043 -9.610934
v 2.710270 -0.281740 -9.610385
v 2.706959 -0.283034 -9.601208
v 2.711418 -0.298337 -9.601758
v 2.622535 -0.323989 -9.608558
v 2.618076 -0.308685 -9.608008
v 2.615912 -0.308972 -9.617604
v 2.620370 -0.324275 -9.618155
v 2.697409 -0.300189 -9.663865
v 2.692950 -0.284886 -9.663316
v 2.699859 -0.283116 -9.656535
v 2.704318 -0.298420 -9.657084
v 2.716248 -0.296253 -9.620625
v 2.711789 -0.280949 -9.620076
v 2.626452 -0.323170 -9.599567
v 2.621993 -0.307867 -9.599018
v 2.689373 -0.302341 -9.669126
v 2.684915 -0.287038 -9.668576
v 2.715919 -0.295996 -9.630458
v 2.711460 -0.280692 -9.629909
v 2.631972 -0.321851 -9.591527
v 2.627513 -0.306547 -9.590978
v 2.680524 -0.304792 -9.672663
v 2.676065 -0.289489 -9.672113
v 2.638880 -0.320081 -9.584746
v 2.634422 -0.304778 -9.584197
v 2.671198 -0.307449 -9.674343
v 2.666739 -0.292146 -9.673793
v 2.646916 -0.317929 -9.579487
v 2.642457 -0.302626 -9.578938
v 2.634422 -0.304778 -9.584197
v 2.638880 -0.320081 -9.584746
v 2.661754 -0.310209 -9.674099
v 2.657296 -0.294906 -9.673550
v 2.655766 -0.315478 -9.575949
v 2.651308 -0.300174 -9.575399
v 2.652557 -0.312966 -9.671943
v 2.648099 -0.297663 -9.671393
v 2.665091 -0.312821 -9.574269
v 2.660633 -0.297518 -9.573720
v 2.643959 -0.315615 -9.667954
v 2.639500 -0.300311 -9.667405
v 2.674534 -0.310061 -9.574513
v 2.670076 -0.294758 -9.573963
v 2.636289 -0.318052 -9.662290
v 2.631831 -0.302749 -9.661740
v 2.683733 -0.307304 -9.576670
v 2.679274 -0.292001 -9.576120
v 2.629844 -0.320186 -9.655165
v 2.625386 -0.304882 -9.654615
v 2.631831 -0.302749 -9.661740
v 2.636289 -0.318052 -9.662290
v 2.692331 -0.304656 -9.580658
v 2.687872 -0.289352 -9.580108
v 2.624871 -0.321933 -9.646854
v 2.620413 -0.306630 -9.646305
v 2.700000 -0.302218 -9.586323
v 2.695542 -0.286914 -9.585773
v 2.621562 -0.323227 -9.637677
v 2.617102 -0.307923 -9.637128
v 2.713755 -0.296281 -9.640054
v 2.709296 -0.280978 -9.639504
v 2.706445 -0.300084 -9.593447
v 2.701987 -0.284781 -9.592897
v 2.620041 -0.324018 -9.627986
v 2.615582 -0.308715 -9.627437
v 2.709837 -0.297100 -9.649044
v 2.705379 -0.281797 -9.648495
v 2.701987 -0.284781 -9.592897
v 2.706445 -0.300084 -9.593447
v 2.704318 -0.298420 -9.657084
v 2.699859 -0.283116 -9.656535
v 2.634422 -0.304778 -9.584197
v 2.643279 -0.295462 -9.598224
v 2.638856 -0.296595 -9.602565
v 2.627513 -0.306547 -9.590978
v 2.666739 -0.292146 -9.673793
v 2.663969 -0.287375 -9.655585
v 2.669940 -0.285674 -9.654510
v 2.676065 -0.289489 -9.672113
v 2.642457 -0.302626 -9.578938
v 2.648423 -0.294084 -9.594855
v 2.657296 -0.294906 -9.673550
v 2.657923 -0.289141 -9.655429
v 2.651308 -0.300174 -9.575399
v 2.654089 -0.292515 -9.592591
v 2.648099 -0.297663 -9.671393
v 2.652035 -0.290906 -9.654049
v 2.660633 -0.297518 -9.573720
v 2.660060 -0.290814 -9.591516
v 2.639500 -0.300311 -9.667405
v 2.646530 -0.292602 -9.651496
v 2.670076 -0.294758 -9.573963
v 2.666106 -0.289047 -9.591672
v 2.631831 -0.302749 -9.661740
v 2.641620 -0.294163 -9.647868
v 2.679274 -0.292001 -9.576120
v 2.671993 -0.287282 -9.593053
v 2.625386 -0.304882 -9.654615
v 2.637493 -0.295529 -9.643308
v 2.687872 -0.289352 -9.580108
v 2.677499 -0.285586 -9.595606
v 2.620413 -0.306630 -9.646305
v 2.634310 -0.296647 -9.637986
v 2.695542 -0.286914 -9.585773
v 2.682409 -0.284025 -9.599232
v 2.617102 -0.307923 -9.637128
v 2.632190 -0.297476 -9.632112
v 2.709296 -0.280978 -9.639504
v 2.691215 -0.280225 -9.633633
v 2.692601 -0.280041 -9.627489
v 2.711460 -0.280692 -9.629909
v 2.701987 -0.284781 -9.592897
v 2.686535 -0.282659 -9.603794
v 2.615582 -0.308715 -9.627437
v 2.631218 -0.297982 -9.625907
v 2.705379 -0.281797 -9.648495
v 2.688708 -0.280749 -9.639389
v 2.706959 -0.283034 -9.601208
v 2.689719 -0.281541 -9.609115
v 2.615912 -0.308972 -9.617604
v 2.631428 -0.298147 -9.619612
v 2.699859 -0.283116 -9.656535
v 2.685174 -0.281593 -9.644536
v 2.710270 -0.281740 -9.610385
v 2.691838 -0.280712 -9.614990
v 2.618076 -0.308685 -9.608008
v 2.632814 -0.297964 -9.613468
v 2.692950 -0.284886 -9.663316
v 2.680749 -0.282726 -9.648877
v 2.711789 -0.280949 -9.620076
v 2.692812 -0.280206 -9.621194
v 2.621993 -0.307867 -9.599018
v 2.635322 -0.297440 -9.607712
v 2.684915 -0.287038 -9.668576
v 2.675606 -0.284104 -9.652245
v 2.657899 -0.279146 -9.607276
v 2.654938 -0.279990 -9.607809
v 2.651189 -0.280033 -9.637022
v 2.653919 -0.279192 -9.638288
v 2.660897 -0.278270 -9.607353
v 2.648754 -0.280807 -9.635222
v 2.663817 -0.277395 -9.608038
v 2.646707 -0.281485 -9.632960
v 2.666548 -0.276554 -9.609304
v 2.645128 -0.282040 -9.630322
v 2.668982 -0.275780 -9.611102
v 2.644077 -0.282450 -9.627408
v 2.673350 -0.273895 -9.628162
v 2.674037 -0.273804 -9.625116
v 2.671029 -0.275102 -9.613364
v 2.643595 -0.282702 -9.624331
v 2.672106 -0.274155 -9.631017
v 2.672608 -0.274548 -9.616003
v 2.643698 -0.282783 -9.621209
v 2.670354 -0.274574 -9.633571
v 2.673658 -0.274137 -9.618917
v 2.644387 -0.282692 -9.618162
v 2.668159 -0.275136 -9.635723
v 2.674141 -0.273886 -9.621994
v 2.645630 -0.282432 -9.615308
v 2.665609 -0.275819 -9.637393
v 2.647382 -0.282014 -9.612755
v 2.662799 -0.276597 -9.638516
v 2.649577 -0.281452 -9.610602
v 2.659837 -0.277441 -9.639050
v 2.652128 -0.280768 -9.608932
v 2.656839 -0.278317 -9.638972
v 2.666548 -0.276554 -9.609304
v 2.662768 -0.263581 -9.608838
v 2.660038 -0.264422 -9.607573
v 2.663817 -0.277395 -9.608038
v 2.645128 -0.282040 -9.630322
v 2.641349 -0.269067 -9.629856
v 2.642928 -0.268512 -9.632495
v 2.646707 -0.281485 -9.632960
v 2.668982 -0.275780 -9.611102
v 2.665203 -0.262807 -9.610637
v 2.644077 -0.282450 -9.627408
v 2.640298 -0.269478 -9.626943
v 2.673350 -0.273895 -9.628162
v 2.669570 -0.260922 -9.627697
v 2.670258 -0.260832 -9.624650
v 2.674037 -0.273804 -9.625116
v 2.671029 -0.275102 -9.613364
v 2.667249 -0.262130 -9.612899
v 2.643595 -0.282702 -9.624331
v 2.639815 -0.269729 -9.623865
v 2.672106 -0.274155 -9.631017
v 2.668326 -0.261182 -9.630551
v 2.672608 -0.274548 -9.616003
v 2.668828 -0.261575 -9.615538
v 2.667249 -0.262130 -9.612899
v 2.671029 -0.275102 -9.613364
v 2.643698 -0.282783 -9.621209
v 2.639920 -0.269811 -9.620744
v 2.670354 -0.274574 -9.633571
v 2.666574 -0.261601 -9.633105
v 2.673658 -0.274137 -9.618917
v 2.669879 -0.261164 -9.618451
v 2.644387 -0.282692 -9.618162
v 2.640607 -0.269720 -9.617697
v 2.668159 -0.275136 -9.635723
v 2.664380 -0.262163 -9.635257
v 2.666574 -0.261601 -9.633105
v 2.670354 -0.274574 -9.633571
v 2.674141 -0.273886 -9.621994
v 2.670362 -0.260913 -9.621529
v 2.645630 -0.282432 -9.615308
v 2.641850 -0.269460 -9.614842
v 2.665609 -0.275819 -9.637393
v 2.661829 -0.262846 -9.636928
v 2.647382 -0.282014 -9.612755
v 2.643603 -0.269041 -9.612289
v 2.662799 -0.276597 -9.638516
v 2.659019 -0.263625 -9.638051
v 2.649577 -0.281452 -9.610602
v 2.645797 -0.268479 -9.610136
v 2.659837 -0.277441 -9.639050
v 2.656058 -0.264468 -9.638584
v 2.652128 -0.280768 -9.608932
v 2.648348 -0.267796 -9.608466
v 2.645797 -0.268479 -9.610136
v 2.649577 -0.281452 -9.610602
v 2.656839 -0.278317 -9.638972
v 2.653059 -0.265345 -9.638507
v 2.654938 -0.279990 -9.607809
v 2.651159 -0.267017 -9.607344
v 2.653919 -0.279192 -9.638288
v 2.650140 -0.266220 -9.637821
v 2.657899 -0.279146 -9.607276
v 2.654120 -0.266174 -9.606810
v 2.651189 -0.280033 -9.637022
v 2.647410 -0.267061 -9.636556
v 2.660897 -0.278270 -9.607353
v 2.657117 -0.265298 -9.606887
v 2.648754 -0.280807 -9.635222
v 2.644974 -0.267835 -9.634757
v 2.644974 -0.267835 -9.634757
v 2.648754 -0.280807 -9.635222
v 2.668326 -0.261182 -9.630551
v 2.670922 -0.260371 -9.632092
v 2.672408 -0.260060 -9.628677
v 2.669570 -0.260922 -9.627697
v 2.668828 -0.261575 -9.615538
v 2.671521 -0.260841 -9.614134
v 2.669633 -0.261504 -9.610978
v 2.667249 -0.262130 -9.612899
v 2.639920 -0.269811 -9.620744
v 2.636946 -0.270691 -9.620361
v 2.636821 -0.270593 -9.624094
v 2.639815 -0.269729 -9.623865
v 2.666574 -0.261601 -9.633105
v 2.668825 -0.260872 -9.635144
v 2.669879 -0.261164 -9.618451
v 2.672779 -0.260350 -9.617619
v 2.640607 -0.269720 -9.617697
v 2.637768 -0.270582 -9.616716
v 2.664380 -0.262163 -9.635257
v 2.666201 -0.261544 -9.637719
v 2.670362 -0.260913 -9.621529
v 2.673356 -0.260049 -9.621300
v 2.641850 -0.269460 -9.614842
v 2.639255 -0.270271 -9.613302
v 2.661829 -0.262846 -9.636928
v 2.663151 -0.262361 -9.639717
v 2.670258 -0.260832 -9.624650
v 2.673231 -0.259952 -9.625033
v 2.643603 -0.269041 -9.612289
v 2.641351 -0.269770 -9.610250
v 2.659019 -0.263625 -9.638051
v 2.659790 -0.263292 -9.641060
v 2.645797 -0.268479 -9.610136
v 2.643975 -0.269098 -9.607675
v 2.656058 -0.264468 -9.638584
v 2.656248 -0.264301 -9.641699
v 2.648348 -0.267796 -9.608466
v 2.647027 -0.268281 -9.605677
v 2.653059 -0.265345 -9.638507
v 2.652662 -0.265349 -9.641605
v 2.651159 -0.267017 -9.607344
v 2.650388 -0.267350 -9.604333
v 2.650140 -0.266220 -9.637821
v 2.649169 -0.266396 -9.640787
v 2.654120 -0.266174 -9.606810
v 2.653929 -0.266341 -9.603696
v 2.647410 -0.267061 -9.636556
v 2.645904 -0.267402 -9.639273
v 2.657117 -0.265298 -9.606887
v 2.657515 -0.265293 -9.603788
v 2.644974 -0.267835 -9.634757
v 2.642991 -0.268328 -9.637121
v 2.660038 -0.264422 -9.607573
v 2.661008 -0.264246 -9.604608
v 2.642928 -0.268512 -9.632495
v 2.640543 -0.269138 -9.634416
v 2.662768 -0.263581 -9.608838
v 2.664273 -0.263240 -9.606121
v 2.641349 -0.269067 -9.629856
v 2.638655 -0.269801 -9.631260
v 2.665203 -0.262807 -9.610637
v 2.667185 -0.262314 -9.608273
v 2.640298 -0.269478 -9.626943
v 2.637398 -0.270293 -9.627774
v 2.663151 -0.262361 -9.639717
v 2.660324 -0.252659 -9.639369
v 2.663375 -0.251842 -9.637371
v 2.666201 -0.261544 -9.637719
v 2.673231 -0.259952 -9.625033
v 2.670404 -0.250249 -9.624685
v 2.670530 -0.250347 -9.620951
v 2.673356 -0.260049 -9.621300
v 2.641351 -0.269770 -9.610250
v 2.638525 -0.260068 -9.609900
v 2.636429 -0.260569 -9.612954
v 2.639255 -0.270271 -9.613302
v 2.659790 -0.263292 -9.641060
v 2.656963 -0.253590 -9.640712
v 2.643975 -0.269098 -9.607675
v 2.641149 -0.259396 -9.607326
v 2.656248 -0.264301 -9.641699
v 2.653421 -0.254599 -9.641350
v 2.647027 -0.268281 -9.605677
v 2.644200 -0.258579 -9.605329
v 2.641149 -0.259396 -9.607326
v 2.643975 -0.269098 -9.607675
v 2.652662 -0.265349 -9.641605
v 2.649835 -0.255647 -9.641257
v 2.650388 -0.267350 -9.604333
v 2.647561 -0.257648 -9.603985
v 2.649169 -0.266396 -9.640787
v 2.646343 -0.256694 -9.640439
v 2.653929 -0.266341 -9.603696
v 2.651102 -0.256639 -9.603348
v 2.645904 -0.267402 -9.639273
v 2.643078 -0.257700 -9.638924
v 2.657515 -0.265293 -9.603788
v 2.654688 -0.255591 -9.603439
v 2.642991 -0.268328 -9.637121
v 2.640166 -0.258626 -9.636773
v 2.661008 -0.264246 -9.604608
v 2.658181 -0.254544 -9.604259
v 2.640543 -0.269138 -9.634416
v 2.637717 -0.259436 -9.634067
v 2.640166 -0.258626 -9.636773
v 2.642991 -0.268328 -9.637121
v 2.664273 -0.263240 -9.606121
v 2.661446 -0.253538 -9.605773
v 2.638655 -0.269801 -9.631260
v 2.635828 -0.260099 -9.630911
v 2.667185 -0.262314 -9.608273
v 2.664359 -0.252612 -9.607924
v 2.637398 -0.270293 -9.627774
v 2.634572 -0.260591 -9.627426
v 2.672408 -0.260060 -9.628677
v 2.669582 -0.250358 -9.628328
v 2.669633 -0.261504 -9.610978
v 2.666806 -0.251802 -9.610630
v 2.636821 -0.270593 -9.624094
v 2.633994 -0.260891 -9.623746
v 2.670922 -0.260371 -9.632092
v 2.668094 -0.250669 -9.631743
v 2.671521 -0.260841 -9.614134
v 2.668695 -0.251139 -9.613786
v 2.666806 -0.251802 -9.610630
v 2.669633 -0.261504 -9.610978
v 2.636946 -0.270691 -9.620361
v 2.634119 -0.260989 -9.620012
v 2.668825 -0.260872 -9.635144
v 2.665999 -0.251170 -9.634796
v 2.672779 -0.260350 -9.617619
v 2.669951 -0.250647 -9.617270
v 2.637768 -0.270582 -9.616716
v 2.634941 -0.260880 -9.616368
v 2.665999 -0.251170 -9.634796
v 2.668825 -0.260872 -9.635144
v 2.649835 -0.255647 -9.641257
v 2.650349 -0.255641 -9.637250
v 2.653176 -0.254815 -9.637322
v 2.653421 -0.254599 -9.641350
v 2.647561 -0.257648 -9.603985
v 2.648557 -0.257218 -9.607877
v 2.645909 -0.257952 -9.608936
v 2.644200 -0.258579 -9.605329
v 2.646343 -0.256694 -9.640439
v 2.647597 -0.256466 -9.636604
v 2.651102 -0.256639 -9.603348
v 2.651348 -0.256423 -9.607374
v 2.643078 -0.257700 -9.638924
v 2.645023 -0.257259 -9.635411
v 2.654688 -0.255591 -9.603439
v 2.654174 -0.255597 -9.607448
v 2.640166 -0.258626 -9.636773
v 2.642729 -0.257988 -9.633716
v 2.658181 -0.254544 -9.604259
v 2.656927 -0.254772 -9.608092
v 2.637717 -0.259436 -9.634067
v 2.640799 -0.258627 -9.631583
v 2.661446 -0.253538 -9.605773
v 2.659500 -0.253979 -9.609286
v 2.635828 -0.260099 -9.630911
v 2.639311 -0.259150 -9.629097
v 2.664359 -0.252612 -9.607924
v 2.661795 -0.253250 -9.610982
v 2.634572 -0.260591 -9.627426
v 2.638320 -0.259537 -9.626350
v 2.669582 -0.250358 -9.628328
v 2.665912 -0.251473 -9.627061
v 2.666559 -0.251388 -9.624190
v 2.670404 -0.250249 -9.624685
v 2.666806 -0.251802 -9.610630
v 2.663724 -0.252611 -9.613113
v 2.633994 -0.260891 -9.623746
v 2.637865 -0.259774 -9.623450
v 2.668094 -0.250669 -9.631743
v 2.664738 -0.251718 -9.629752
v 2.668695 -0.251139 -9.613786
v 2.665212 -0.252088 -9.615601
v 2.634119 -0.260989 -9.620012
v 2.637964 -0.259851 -9.620507
v 2.665999 -0.251170 -9.634796
v 2.663087 -0.252113 -9.632158
v 2.669951 -0.250647 -9.617270
v 2.666203 -0.251701 -9.618347
v 2.634941 -0.260880 -9.616368
v 2.638612 -0.259765 -9.617636
v 2.663375 -0.251842 -9.637371
v 2.661020 -0.252643 -9.634188
v 2.670530 -0.250347 -9.620951
v 2.666658 -0.251464 -9.621247
v 2.636429 -0.260569 -9.612954
v 2.639784 -0.259520 -9.614945
v 2.660324 -0.252659 -9.639369
v 2.658614 -0.253287 -9.635761
v 2.638525 -0.260068 -9.609900
v 2.641436 -0.259125 -9.612539
v 2.656963 -0.253590 -9.640712
v 2.655967 -0.254020 -9.636821
v 2.641149 -0.259396 -9.607326
v 2.643504 -0.258596 -9.610510
v 2.642729 -0.257988 -9.633716
v 2.567813 -0.000853 -9.624484
v 2.570108 -0.000124 -9.626180
v 2.645023 -0.257259 -9.635411
v 2.656927 -0.254772 -9.608092
v 2.582011 0.002363 -9.598861
v 2.579259 0.001538 -9.598215
v 2.654174 -0.255597 -9.607448
v 2.640799 -0.258627 -9.631583
v 2.565884 -0.001492 -9.622352
v 2.567813 -0.000853 -9.624484
v 2.642729 -0.257988 -9.633716
v 2.659500 -0.253979 -9.609286
v 2.584585 0.003156 -9.600055
v 2.639311 -0.259150 -9.629097
v 2.564396 -0.002015 -9.619865
v 2.661795 -0.253250 -9.610982
v 2.586880 0.003885 -9.601750
v 2.638320 -0.259537 -9.626350
v 2.563405 -0.002402 -9.617119
v 2.665912 -0.251473 -9.627061
v 2.590997 0.005662 -9.617829
v 2.591644 0.005747 -9.614958
v 2.666559 -0.251388 -9.624190
v 2.663724 -0.252611 -9.613113
v 2.588809 0.004524 -9.603882
v 2.637865 -0.259774 -9.623450
v 2.562951 -0.002639 -9.614218
v 2.664738 -0.251718 -9.629752
v 2.589824 0.005417 -9.620521
v 2.665212 -0.252088 -9.615601
v 2.590296 0.005047 -9.606369
v 2.588809 0.004524 -9.603882
v 2.663724 -0.252611 -9.613113
v 2.637964 -0.259851 -9.620507
v 2.563049 -0.002716 -9.611276
v 2.663087 -0.252113 -9.632158
v 2.588172 0.005022 -9.622927
v 2.666203 -0.251701 -9.618347
v 2.591287 0.005434 -9.609116
v 2.638612 -0.259765 -9.617636
v 2.563697 -0.002630 -9.608404
v 2.661020 -0.252643 -9.634188
v 2.586104 0.004492 -9.624955
v 2.588172 0.005022 -9.622927
v 2.663087 -0.252113 -9.632158
v 2.666658 -0.251464 -9.621247
v 2.591742 0.005671 -9.612016
v 2.639784 -0.259520 -9.614945
v 2.564869 -0.002385 -9.605714
v 2.658614 -0.253287 -9.635761
v 2.583699 0.003848 -9.626530
v 2.641436 -0.259125 -9.612539
v 2.566521 -0.001990 -9.603308
v 2.655967 -0.254020 -9.636821
v 2.581051 0.003115 -9.627589
v 2.643504 -0.258596 -9.610510
v 2.568589 -0.001461 -9.601278
v 2.653176 -0.254815 -9.637322
v 2.578261 0.002320 -9.628091
v 2.645909 -0.257952 -9.608936
v 2.570993 -0.000817 -9.599705
v 2.568589 -0.001461 -9.601278
v 2.643504 -0.258596 -9.610510
v 2.650349 -0.255641 -9.637250
v 2.575434 0.001494 -9.628018
v 2.648557 -0.257218 -9.607877
v 2.573642 -0.000083 -9.598645
v 2.647597 -0.256466 -9.636604
v 2.572681 0.000669 -9.627373
v 2.651348 -0.256423 -9.607374
v 2.576433 0.000712 -9.598143
v 2.586104 0.004492 -9.624955
v 2.587395 0.004872 -9.626682
v 2.589764 0.005478 -9.624357
v 2.588172 0.005022 -9.622927
v 2.591742 0.005671 -9.612016
v 2.593854 0.006221 -9.611857
v 2.593333 0.005950 -9.608535
v 2.591287 0.005434 -9.609116
v 2.564869 -0.002385 -9.605714
v 2.563068 -0.003007 -9.604637
v 2.561724 -0.003288 -9.607720
v 2.563697 -0.002630 -9.608404
v 2.583699 0.003848 -9.626530
v 2.584641 0.004134 -9.628485
v 2.591644 0.005747 -9.614958
v 2.593742 0.006310 -9.615229
v 2.566521 -0.001990 -9.603308
v 2.564960 -0.002555 -9.601881
v 2.581051 0.003115 -9.627589
v 2.581606 0.003294 -9.629698
v 2.568589 -0.001461 -9.601278
v 2.567329 -0.001948 -9.599556
v 2.578261 0.002320 -9.628091
v 2.578409 0.002383 -9.630274
v 2.570993 -0.000817 -9.599705
v 2.570084 -0.001211 -9.597753
v 2.575434 0.001494 -9.628018
v 2.575171 0.001436 -9.630191
v 2.573642 -0.000083 -9.598645
v 2.573117 -0.000370 -9.596539
v 2.572681 0.000669 -9.627373
v 2.572017 0.000491 -9.629451
v 2.576433 0.000712 -9.598143
v 2.576315 0.000541 -9.595964
v 2.570108 -0.000124 -9.626180
v 2.569070 -0.000417 -9.628083
v 2.579259 0.001538 -9.598215
v 2.579553 0.001487 -9.596047
v 2.567813 -0.000853 -9.624484
v 2.566440 -0.001253 -9.626142
v 2.582011 0.002363 -9.598861
v 2.582707 0.002432 -9.596787
v 2.565884 -0.001492 -9.622352
v 2.564231 -0.001984 -9.623699
v 2.584585 0.003156 -9.600055
v 2.585654 0.003341 -9.598154
v 2.564396 -0.002015 -9.619865
v 2.562526 -0.002583 -9.620850
v 2.586880 0.003885 -9.601750
v 2.588283 0.004176 -9.600096
v 2.563405 -0.002402 -9.617119
v 2.561392 -0.003027 -9.617703
v 2.590997 0.005662 -9.617829
v 2.592999 0.006211 -9.618518
v 2.588809 0.004524 -9.603882
v 2.590493 0.004908 -9.602539
v 2.562951 -0.002639 -9.614218
v 2.560870 -0.003298 -9.614381
v 2.589824 0.005417 -9.620521
v 2.591657 0.005931 -9.621600
v 2.590296 0.005047 -9.606369
v 2.592199 0.005507 -9.605389
v 2.563049 -0.002716 -9.611276
v 2.560982 -0.003386 -9.611010
v 2.578409 0.002383 -9.630274
v 2.576189 0.010002 -9.630000
v 2.579386 0.010913 -9.629424
v 2.581606 0.003294 -9.629698
v 2.570084 -0.001211 -9.597753
v 2.567865 0.006409 -9.597479
v 2.565109 0.005671 -9.599282
v 2.567329 -0.001948 -9.599556
v 2.575171 0.001436 -9.630191
v 2.572952 0.009056 -9.629917
v 2.573117 -0.000370 -9.596539
v 2.570898 0.007249 -9.596266
v 2.572017 0.000491 -9.629451
v 2.569798 0.008110 -9.629177
v 2.576315 0.000541 -9.595964
v 2.574095 0.008160 -9.595691
v 2.569070 -0.000417 -9.628083
v 2.566850 0.007202 -9.627810
v 2.579553 0.001487 -9.596047
v 2.577333 0.009106 -9.595774
v 2.566440 -0.001253 -9.626142
v 2.564221 0.006367 -9.625868
v 2.582707 0.002432 -9.596787
v 2.580487 0.010052 -9.596514
v 2.564231 -0.001984 -9.623699
v 2.562011 0.005635 -9.623425
v 2.564221 0.006367 -9.625868
v 2.566440 -0.001253 -9.626142
v 2.585654 0.003341 -9.598154
v 2.583435 0.010960 -9.597880
v 2.562526 -0.002583 -9.620850
v 2.560306 0.005036 -9.620576
v 2.588283 0.004176 -9.600096
v 2.586064 0.011795 -9.599823
v 2.561392 -0.003027 -9.617703
v 2.559171 0.004593 -9.617430
v 2.592999 0.006211 -9.618518
v 2.590780 0.013831 -9.618245
v 2.591522 0.013929 -9.614955
v 2.593742 0.006310 -9.615229
v 2.590493 0.004908 -9.602539
v 2.588273 0.012527 -9.602265
v 2.560870 -0.003298 -9.614381
v 2.558650 0.004322 -9.614107
v 2.591657 0.005931 -9.621600
v 2.589437 0.013550 -9.621326
v 2.592199 0.005507 -9.605389
v 2.589978 0.013126 -9.605115
v 2.588273 0.012527 -9.602265
v 2.590493 0.004908 -9.602539
v 2.560982 -0.003386 -9.611010
v 2.558763 0.004233 -9.610737
v 2.589764 0.005478 -9.624357
v 2.587544 0.013098 -9.624084
v 2.593333 0.005950 -9.608535
v 2.591114 0.013570 -9.608261
v 2.561724 -0.003288 -9.607720
v 2.559505 0.004331 -9.607447
v 2.587395 0.004872 -9.626682
v 2.585176 0.012491 -9.626409
v 2.587544 0.013098 -9.624084
v 2.589764 0.005478 -9.624357
v 2.593854 0.006221 -9.611857
v 2.591634 0.013841 -9.611584
v 2.563068 -0.003007 -9.604637
v 2.560848 0.004612 -9.604363
v 2.584641 0.004134 -9.628485
v 2.582421 0.011753 -9.628211
v 2.564960 -0.002555 -9.601881
v 2.562740 0.005064 -9.601607
v 2.567329 -0.001948 -9.599556
v 2.565109 0.005671 -9.599282
v 2.566850 0.007202 -9.627810
v 2.568510 0.005553 -9.625881
v 2.571065 0.006340 -9.627066
v 2.569798 0.008110 -9.629177
v 2.577333 0.009106 -9.595774
v 2.577594 0.007203 -9.598121
v 2.574788 0.006383 -9.598048
v 2.574095 0.008160 -9.595691
v 2.564221 0.006367 -9.625868
v 2.566231 0.004829 -9.624198
v 2.580487 0.010052 -9.596514
v 2.580327 0.008022 -9.598762
v 2.562011 0.005635 -9.623425
v 2.564317 0.004195 -9.622082
v 2.583435 0.010960 -9.597880
v 2.582882 0.008809 -9.599946
v 2.560306 0.005036 -9.620576
v 2.562840 0.003676 -9.619613
v 2.586064 0.011795 -9.599823
v 2.585160 0.009533 -9.601629
v 2.559171 0.004593 -9.617430
v 2.561857 0.003292 -9.616886
v 2.590780 0.013831 -9.618245
v 2.589246 0.011297 -9.617593
v 2.589889 0.011382 -9.614741
v 2.591522 0.013929 -9.614955
v 2.588273 0.012527 -9.602265
v 2.587074 0.010167 -9.603745
v 2.558650 0.004322 -9.614107
v 2.561404 0.003057 -9.614007
v 2.589437 0.013550 -9.621326
v 2.588082 0.011054 -9.620263
v 2.589978 0.013126 -9.605115
v 2.588552 0.010686 -9.606215
v 2.558763 0.004233 -9.610737
v 2.561502 0.002981 -9.611086
v 2.587544 0.013098 -9.624084
v 2.586443 0.010662 -9.622652
v 2.591114 0.013570 -9.608261
v 2.589535 0.011071 -9.608941
v 2.559505 0.004331 -9.607447
v 2.562145 0.003066 -9.608235
v 2.585176 0.012491 -9.626409
v 2.584389 0.010136 -9.624666
v 2.591634 0.013841 -9.611584
v 2.589986 0.011306 -9.611820
v 2.560848 0.004612 -9.604363
v 2.563309 0.003309 -9.605564
v 2.582421 0.011753 -9.628211
v 2.582003 0.009497 -9.626229
v 2.562740 0.005064 -9.601607
v 2.564949 0.003701 -9.603175
v 2.579386 0.010913 -9.629424
v 2.579374 0.008769 -9.627280
v 2.565109 0.005671 -9.599282
v 2.567002 0.004226 -9.601161
v 2.576189 0.010002 -9.630000
v 2.576602 0.007979 -9.627779
v 2.567865 0.006409 -9.597479
v 2.569389 0.004866 -9.599598
v 2.572952 0.009056 -9.629917
v 2.573797 0.007159 -9.627707
v 2.570898 0.007249 -9.596266
v 2.572018 0.005594 -9.598547
v 2.562840 0.003676 -9.619613
v 2.549005 0.051163 -9.617908
v 2.550482 0.051683 -9.620377
v 2.564317 0.004195 -9.622082
v 2.585160 0.009533 -9.601629
v 2.571325 0.057021 -9.599924
v 2.569046 0.056296 -9.598241
v 2.582882 0.008809 -9.599946
v 2.561857 0.003292 -9.616886
v 2.548022 0.050779 -9.615181
v 2.589246 0.011297 -9.617593
v 2.575411 0.058784 -9.615888
v 2.576054 0.058869 -9.613037
v 2.589889 0.011382 -9.614741
v 2.587074 0.010167 -9.603745
v 2.573240 0.057654 -9.602041
v 2.561404 0.003057 -9.614007
v 2.547570 0.050544 -9.612303
v 2.588082 0.011054 -9.620263
v 2.574247 0.058541 -9.618558
v 2.588552 0.010686 -9.606215
v 2.574716 0.058173 -9.604510
v 2.573240 0.057654 -9.602041
v 2.587074 0.010167 -9.603745
v 2.561502 0.002981 -9.611086
v 2.547667 0.050468 -9.609381
v 2.586443 0.010662 -9.622652
v 2.572607 0.058149 -9.620947
v 2.589535 0.011071 -9.608941
v 2.575700 0.058558 -9.607236
v 2.562145 0.003066 -9.608235
v 2.548311 0.050553 -9.606530
v 2.584389 0.010136 -9.624666
v 2.570554 0.057623 -9.622962
v 2.572607 0.058149 -9.620947
v 2.586443 0.010662 -9.622652
v 2.589986 0.011306 -9.611820
v 2.576152 0.058793 -9.610115
v 2.563309 0.003309 -9.605564
v 2.549474 0.050796 -9.603859
v 2.582003 0.009497 -9.626229
v 2.568167 0.056984 -9.624524
v 2.564949 0.003701 -9.603175
v 2.551114 0.051188 -9.601471
v 2.579374 0.008769 -9.627280
v 2.565539 0.056256 -9.625575
v 2.567002 0.004226 -9.601161
v 2.553167 0.051714 -9.599456
v 2.576602 0.007979 -9.627779
v 2.562768 0.055466 -9.626075
v 2.569389 0.004866 -9.599598
v 2.555554 0.052353 -9.597893
v 2.553167 0.051714 -9.599456
v 2.567002 0.004226 -9.601161
v 2.573797 0.007159 -9.627707
v 2.559962 0.054646 -9.626002
v 2.572018 0.005594 -9.598547
v 2.558183 0.053081 -9.596842
v 2.571065 0.006340 -9.627066
v 2.557229 0.053827 -9.625361
v 2.574788 0.006383 -9.598048
v 2.560953 0.053870 -9.596343
v 2.568510 0.005553 -9.625881
v 2.554675 0.053040 -9.624176
v 2.577594 0.007203 -9.598121
v 2.563759 0.054690 -9.596416
v 2.566231 0.004829 -9.624198
v 2.552397 0.052316 -9.622494
v 2.580327 0.008022 -9.598762
v 2.566491 0.055510 -9.597056
v 2.552397 0.052316 -9.622494
v 2.566231 0.004829 -9.624198
v 2.547667 0.050468 -9.609381
v 2.538866 0.056366 -9.608260
v 2.538724 0.056478 -9.612523
v 2.547570 0.050544 -9.612303
v 2.572607 0.058149 -9.620947
v 2.575263 0.067576 -9.625139
v 2.577657 0.068149 -9.621654
v 2.574247 0.058541 -9.618558
v 2.575700 0.058558 -9.607236
v 2.579777 0.068173 -9.605130
v 2.578341 0.067612 -9.601151
v 2.574716 0.058173 -9.604510
v 2.548311 0.050553 -9.606530
v 2.539805 0.056490 -9.604099
v 2.570554 0.057623 -9.622962
v 2.572267 0.066809 -9.628079
v 2.576152 0.058793 -9.610115
v 2.580436 0.068516 -9.609332
v 2.549474 0.050796 -9.603859
v 2.541503 0.056845 -9.600202
v 2.568167 0.056984 -9.624524
v 2.568784 0.065876 -9.630360
v 2.572267 0.066809 -9.628079
v 2.570554 0.057623 -9.622962
v 2.576054 0.058869 -9.613037
v 2.580293 0.068627 -9.613595
v 2.551114 0.051188 -9.601471
v 2.543897 0.057417 -9.596716
v 2.541503 0.056845 -9.600202
v 2.549474 0.050796 -9.603859
v 2.565539 0.056256 -9.625575
v 2.564947 0.064813 -9.631893
v 2.553167 0.051714 -9.599456
v 2.546892 0.058185 -9.593776
v 2.562768 0.055466 -9.626075
v 2.560903 0.063661 -9.632622
v 2.555554 0.052353 -9.597893
v 2.550376 0.059118 -9.591496
v 2.559962 0.054646 -9.626002
v 2.556809 0.062465 -9.632516
v 2.558183 0.053081 -9.596842
v 2.554212 0.060180 -9.589962
v 2.550376 0.059118 -9.591496
v 2.555554 0.052353 -9.597893
v 2.557229 0.053827 -9.625361
v 2.552822 0.061269 -9.631581
v 2.560953 0.053870 -9.596343
v 2.558256 0.061332 -9.589233
v 2.554675 0.053040 -9.624176
v 2.549093 0.060121 -9.629852
v 2.563759 0.054690 -9.596416
v 2.562351 0.062529 -9.589339
v 2.552397 0.052316 -9.622494
v 2.545768 0.059064 -9.627396
v 2.566491 0.055510 -9.597056
v 2.566338 0.063724 -9.590274
v 2.550482 0.051683 -9.620377
v 2.542974 0.058139 -9.624307
v 2.545768 0.059064 -9.627396
v 2.552397 0.052316 -9.622494
v 2.569046 0.056296 -9.598241
v 2.570067 0.064873 -9.592003
v 2.549005 0.051163 -9.617908
v 2.540818 0.057382 -9.620704
v 2.542974 0.058139 -9.624307
v 2.550482 0.051683 -9.620377
v 2.571325 0.057021 -9.599924
v 2.573391 0.065930 -9.594460
v 2.548022 0.050779 -9.615181
v 2.539383 0.056821 -9.616725
v 2.575411 0.058784 -9.615888
v 2.579355 0.068503 -9.617756
v 2.573240 0.057654 -9.602041
v 2.576186 0.066855 -9.597548
v 2.573391 0.065930 -9.594460
v 2.571325 0.057021 -9.599924
v 2.574247 0.058541 -9.618558
v 2.577657 0.068149 -9.621654
v 2.574716 0.058173 -9.604510
v 2.578341 0.067612 -9.601151
v 2.543897 0.057417 -9.596716
v 2.539140 0.068199 -9.594975
v 2.536522 0.067573 -9.598788
v 2.562172 0.076291 -9.633462
v 2.566370 0.077453 -9.631784
v 2.546892 0.058185 -9.593776
v 2.542418 0.069038 -9.591758
v 2.557748 0.075030 -9.634259
v 2.546229 0.070059 -9.589263
v 2.542418 0.069038 -9.591758
v 2.546892 0.058185 -9.593776
v 2.553268 0.073721 -9.634144
v 2.550427 0.071222 -9.587584
v 2.548905 0.072413 -9.633121
v 2.554852 0.072482 -9.586788
v 2.544826 0.071157 -9.631228
v 2.559331 0.073791 -9.586903
v 2.541188 0.070001 -9.628542
v 2.563694 0.075099 -9.587927
v 2.538131 0.068988 -9.625162
v 2.541188 0.070001 -9.628542
v 2.545768 0.059064 -9.627396
v 2.567773 0.076355 -9.589818
v 2.535773 0.068160 -9.621220
v 2.571411 0.077512 -9.592505
v 2.534203 0.067546 -9.616866
v 2.577935 0.080328 -9.617993
v 2.578962 0.080463 -9.613441
v 2.576186 0.066855 -9.597548
v 2.574467 0.078524 -9.595885
v 2.533481 0.067171 -9.612269
v 2.576077 0.079940 -9.622258
v 2.576827 0.079353 -9.599827
v 2.574467 0.078524 -9.595885
v 2.576186 0.066855 -9.597548
v 2.533637 0.067049 -9.607605
v 2.575263 0.067576 -9.625139
v 2.573459 0.079314 -9.626073
v 2.578398 0.079966 -9.604180
v 2.534663 0.067184 -9.603053
v 2.570181 0.078474 -9.629289
v 2.573459 0.079314 -9.626073
v 2.575263 0.067576 -9.625139
v 2.579118 0.080342 -9.608778
v 2.548568 0.077603 -9.587355
v 2.544370 0.076439 -9.589033
v 2.547047 0.078794 -9.632892
v 2.551409 0.080102 -9.633915
v 2.552993 0.078863 -9.586558
v 2.542968 0.077538 -9.631000
v 2.557472 0.080172 -9.586674
v 2.539329 0.076381 -9.628312
v 2.561834 0.081480 -9.587697
v 2.536272 0.075369 -9.624933
v 2.539329 0.076381 -9.628312
v 2.565914 0.082736 -9.589588
v 2.533913 0.074540 -9.620991
v 2.569552 0.083892 -9.592276
v 2.532343 0.073927 -9.616637
v 2.576077 0.086708 -9.617764
v 2.577103 0.086844 -9.613213
v 2.572609 0.084905 -9.595656
v 2.531622 0.073551 -9.612041
v 2.574218 0.086320 -9.622029
v 2.574968 0.085733 -9.599598
v 2.572609 0.084905 -9.595656
v 2.531778 0.073429 -9.607376
v 2.571600 0.085694 -9.625843
v 2.576538 0.086347 -9.603951
v 2.532805 0.073565 -9.602824
v 2.568322 0.084855 -9.629060
v 2.571600 0.085694 -9.625843
v 2.577259 0.086722 -9.608549
v 2.534663 0.073953 -9.598559
v 2.564511 0.083834 -9.631556
v 2.537281 0.074579 -9.594745
v 2.560313 0.082671 -9.633233
v 2.540559 0.075419 -9.591529
v 2.555888 0.081411 -9.634030
v 2.540559 0.075419 -9.591529
v 2.561834 0.081480 -9.587697
v 2.565626 0.082168 -9.576110
v 2.559026 0.080190 -9.574562
v 2.557472 0.080172 -9.586674
v 2.536272 0.075369 -9.624933
v 2.526956 0.072924 -9.632440
v 2.531581 0.074455 -9.637552
v 2.539329 0.076381 -9.628312
v 2.565914 0.082736 -9.589588
v 2.571796 0.084069 -9.578972
v 2.533913 0.074540 -9.620991
v 2.523387 0.071670 -9.626475
v 2.569552 0.083892 -9.592276
v 2.577300 0.085818 -9.583036
v 2.532343 0.073927 -9.616637
v 2.521011 0.070742 -9.619890
v 2.576077 0.086708 -9.617764
v 2.587171 0.090078 -9.621595
v 2.588724 0.090284 -9.614709
v 2.577103 0.086844 -9.613213
v 2.572609 0.084905 -9.595656
v 2.581925 0.087349 -9.588150
v 2.531622 0.073551 -9.612041
v 2.519921 0.070174 -9.612935
v 2.574218 0.086320 -9.622029
v 2.584360 0.089491 -9.628047
v 2.574968 0.085733 -9.599598
v 2.585494 0.088603 -9.594113
v 2.531778 0.073429 -9.607376
v 2.520157 0.069990 -9.605880
v 2.571600 0.085694 -9.625843
v 2.580399 0.088544 -9.633817
v 2.576538 0.086347 -9.603951
v 2.587869 0.089532 -9.600699
v 2.532805 0.073565 -9.602824
v 2.521710 0.070195 -9.598993
v 2.568322 0.084855 -9.629060
v 2.575440 0.087274 -9.638682
v 2.577259 0.086722 -9.608549
v 2.588959 0.090099 -9.607654
v 2.534663 0.073953 -9.598559
v 2.524521 0.070783 -9.592542
v 2.564511 0.083834 -9.631556
v 2.569675 0.085730 -9.642457
v 2.537281 0.074579 -9.594745
v 2.528482 0.071729 -9.586772
v 2.560313 0.082671 -9.633233
v 2.563324 0.083971 -9.644996
v 2.540559 0.075419 -9.591529
v 2.533440 0.072999 -9.581906
v 2.555888 0.081411 -9.634030
v 2.556632 0.082064 -9.646201
v 2.544370 0.076439 -9.589033
v 2.539206 0.074544 -9.578132
v 2.551409 0.080102 -9.633915
v 2.549855 0.080084 -9.646027
v 2.548568 0.077603 -9.587355
v 2.545557 0.076303 -9.575593
v 2.547047 0.078794 -9.632892
v 2.543255 0.078105 -9.644479
v 2.552993 0.078863 -9.586558
v 2.552249 0.078209 -9.574388
v 2.542968 0.077538 -9.631000
v 2.537084 0.076205 -9.641617
v 2.581925 0.087349 -9.588150
v 2.578038 0.100691 -9.587670
v 2.573413 0.099160 -9.582558
v 2.577300 0.085818 -9.583036
v 2.519921 0.070174 -9.612935
v 2.516034 0.083517 -9.612456
v 2.517124 0.084084 -9.619411
v 2.521011 0.070742 -9.619890
v 2.584360 0.089491 -9.628047
v 2.580473 0.102833 -9.627568
v 2.583283 0.103420 -9.621117
v 2.587171 0.090078 -9.621595
v 2.585494 0.088603 -9.594113
v 2.581607 0.101945 -9.593635
v 2.578038 0.100691 -9.587670
v 2.581925 0.087349 -9.588150
v 2.520157 0.069990 -9.605880
v 2.516269 0.083332 -9.605401
v 2.580399 0.088544 -9.633817
v 2.576512 0.101886 -9.633338
v 2.587869 0.089532 -9.600699
v 2.583982 0.102874 -9.600220
v 2.521710 0.070195 -9.598993
v 2.517823 0.083537 -9.598515
v 2.575440 0.087274 -9.638682
v 2.571553 0.100616 -9.638204
v 2.576512 0.101886 -9.633338
v 2.580399 0.088544 -9.633817
v 2.588959 0.090099 -9.607654
v 2.585072 0.103441 -9.607174
v 2.524521 0.070783 -9.592542
v 2.520634 0.084125 -9.592063
v 2.569675 0.085730 -9.642457
v 2.565787 0.099072 -9.641978
v 2.588724 0.090284 -9.614709
v 2.584837 0.103626 -9.614230
v 2.528482 0.071729 -9.586772
v 2.524595 0.085072 -9.586293
v 2.563324 0.083971 -9.644996
v 2.559437 0.097313 -9.644517
v 2.533440 0.072999 -9.581906
v 2.529554 0.086342 -9.581428
v 2.556632 0.082064 -9.646201
v 2.552744 0.095406 -9.645722
v 2.539206 0.074544 -9.578132
v 2.535319 0.087886 -9.577652
v 2.529554 0.086342 -9.581428
v 2.533440 0.072999 -9.581906
v 2.549855 0.080084 -9.646027
v 2.545968 0.093426 -9.645548
v 2.545557 0.076303 -9.575593
v 2.541670 0.089645 -9.575113
v 2.543255 0.078105 -9.644479
v 2.539367 0.091447 -9.644000
v 2.552249 0.078209 -9.574388
v 2.548362 0.091551 -9.573909
v 2.537084 0.076205 -9.641617
v 2.533197 0.089547 -9.641138
v 2.559026 0.080190 -9.574562
v 2.555139 0.093532 -9.574083
v 2.531581 0.074455 -9.637552
v 2.527694 0.087797 -9.637073
v 2.565626 0.082168 -9.576110
v 2.561739 0.095511 -9.575631
v 2.526956 0.072924 -9.632440
v 2.523069 0.086266 -9.631960
v 2.527694 0.087797 -9.637073
v 2.531581 0.074455 -9.637552
v 2.571796 0.084069 -9.578972
v 2.567910 0.097411 -9.578492
v 2.523387 0.071670 -9.626475
v 2.519500 0.085013 -9.625997
vn 0.7206 0.2334 -0.6529
vn 0.8305 0.2597 -0.4928
vn -0.2466 -0.1064 0.9633
vn -0.4229 -0.1553 0.8928
vn 0.5829 0.1981 -0.7880
vn -0.0608 -0.0535 0.9967
vn 0.4229 0.1552 -0.8928
vn 0.1273 0.0015 0.9919
vn 0.2466 0.1064 -0.9633
vn 0.3105 0.0564 0.9489
vn 0.0608 0.0535 -0.9967
vn 0.4818 0.1091 0.8695
vn -0.1273 -0.0015 -0.9919
vn 0.6346 0.1577 0.7566
vn -0.3105 -0.0564 -0.9489
vn 0.7629 0.2002 0.6147
vn -0.4818 -0.1092 -0.8695
vn 0.8620 0.2350 0.4492
vn -0.6346 -0.1577 -0.7566
vn 0.9279 0.2608 0.2663
vn -0.9517 -0.2817 0.1226
vn -0.9517 -0.2817 0.1225
vn -0.9085 -0.2760 0.3137
vn -0.7629 -0.2002 -0.6147
vn -0.6345 -0.1577 -0.7566
vn 0.9582 0.2765 0.0733
vn -0.8305 -0.2597 0.4928
vn -0.8305 -0.2596 0.4928
vn -0.8620 -0.2350 -0.4491
vn 0.9517 0.2817 -0.1225
vn 0.9517 0.2817 -0.1226
vn -0.7206 -0.2334 0.6529
vn -0.9279 -0.2608 -0.2664
vn 0.9085 0.2760 -0.3137
vn -0.5830 -0.1981 0.7880
vn -0.9582 -0.2765 -0.0733
vn -0.5829 -0.1981 0.7880
vn -0.5960 0.6898 -0.4112
vn -0.5960 0.6898 -0.4111
vn -0.5073 0.7179 -0.4767
vn 0.3110 0.9327 0.1827
vn 0.3110 0.9327 0.1826
vn 0.2727 0.9177 0.2888
vn -0.7550 0.6211 0.2102
vn -0.7550 0.6211 0.2101
vn -0.7800 0.6178 0.0992
vn -0.6705 0.6651 -0.3288
vn -0.6705 0.6651 -0.3287
vn 0.3286 0.9418 0.0706
vn -0.7097 0.6306 0.3141
vn -0.7280 0.6449 -0.2327
vn -0.7280 0.6449 -0.2326
vn 0.3248 0.9448 -0.0431
vn -0.6459 0.6458 0.4071
vn -0.7663 0.6299 -0.1266
vn 0.2998 0.9415 -0.1540
vn -0.5660 0.6663 0.4855
vn -0.7838 0.6208 -0.0145
vn 0.2544 0.9320 -0.2580
vn -0.4731 0.6912 0.5463
vn 0.1906 0.9168 -0.3510
vn 0.1907 0.9168 -0.3510
vn -0.3708 0.7195 0.5872
vn 0.1107 0.8963 -0.4294
vn -0.2629 0.7502 0.6066
vn 0.0178 0.8714 -0.4902
vn -0.1537 0.7822 0.6038
vn -0.0845 0.8431 -0.5311
vn -0.0474 0.8140 0.5789
vn -0.1923 0.8124 -0.5505
vn 0.0520 0.8447 0.5328
vn -0.3015 0.7805 -0.5477
vn 0.1407 0.8729 0.4673
vn 0.1407 0.8729 0.4672
vn -0.4079 0.7486 -0.5228
vn 0.2152 0.8975 0.3849
vn -0.9279 -0.2608 -0.2663
vn -0.8620 -0.2350 -0.4492
vn 0.7205 0.2334 -0.6530
vn 0.4228 0.1552 -0.8928
vn 0.4818 0.1092 0.8695
vn -0.4818 -0.1091 -0.8695
vn 0.8620 0.2350 0.4491
vn 0.7630 0.2002 0.6147
vn -0.6345 -0.1577 -0.7567
vn 0.9279 0.2608 0.2664
vn -0.9085 -0.2759 0.3137
vn -0.0822 0.9732 -0.2150
vn 0.0053 0.9489 -0.3156
vn 0.0659 0.9644 -0.2563
vn -0.0389 0.9842 -0.1725
vn -0.2845 0.8941 0.3460
vn -0.2778 0.8382 0.4693
vn -0.3595 0.8149 0.4546
vn -0.3429 0.8774 0.3355
vn -0.1325 0.9597 -0.2479
vn -0.0651 0.9300 -0.3617
vn -0.2254 0.9114 0.3444
vn -0.1951 0.8624 0.4672
vn -0.1879 0.9443 -0.2701
vn -0.1426 0.9085 -0.3928
vn -0.1678 0.9286 0.3309
vn -0.1145 0.8865 0.4483
vn -0.2463 0.9277 -0.2806
vn -0.2243 0.8852 -0.4075
vn -0.1140 0.9452 0.3060
vn -0.0392 0.9097 0.4134
vn -0.3054 0.9104 -0.2791
vn -0.3070 0.8611 -0.4053
vn -0.0659 0.9605 0.2705
vn 0.0280 0.9311 0.3637
vn -0.3630 0.8932 -0.2655
vn -0.3876 0.8369 -0.3864
vn -0.0256 0.9738 0.2259
vn 0.0845 0.9498 0.3013
vn -0.4168 0.8766 -0.2406
vn -0.4630 0.8137 -0.3515
vn 0.0055 0.9848 0.1739
vn 0.1281 0.9651 0.2285
vn -0.4648 0.8613 -0.2051
vn -0.5302 0.7923 -0.3018
vn 0.0263 0.9929 0.1164
vn 0.1571 0.9764 0.1481
vn -0.5509 0.8241 0.1313
vn -0.6507 0.7403 0.1689
vn -0.6696 0.7378 0.0848
vn -0.5645 0.8224 0.0712
vn -0.5052 0.8480 -0.1605
vn -0.5866 0.7737 -0.2394
vn 0.0358 0.9978 0.0557
vn 0.1704 0.9833 0.0632
vn -0.5264 0.8293 0.1876
vn -0.6164 0.7475 0.2477
vn -0.5363 0.8370 -0.1085
vn -0.6302 0.7584 -0.1666
vn 0.0337 0.9994 -0.0058
vn 0.1675 0.9856 -0.0230
vn -0.4918 0.8375 0.2379
vn -0.5680 0.7591 0.3181
vn -0.5570 0.8289 -0.0510
vn -0.6592 0.7470 -0.0862
vn 0.0202 0.9976 -0.0659
vn 0.1486 0.9831 -0.1070
vn -0.4486 0.8486 0.2804
vn -0.5074 0.7746 0.3775
vn -0.5665 0.8240 0.0096
vn -0.6725 0.7401 -0.0013
vn -0.0043 0.9925 -0.1222
vn 0.1142 0.9759 -0.1858
vn -0.3983 0.8621 0.3133
vn -0.4371 0.7934 0.4236
vn -0.1948 0.8186 -0.5404
vn -0.0889 0.8487 -0.5213
vn 0.0453 0.8503 0.5244
vn -0.0525 0.8201 0.5698
vn -0.3022 0.7872 -0.5376
vn 0.1325 0.8780 0.4600
vn -0.4068 0.7558 -0.5131
vn 0.2057 0.9022 0.3791
vn -0.5045 0.7257 -0.4678
vn 0.2623 0.9221 0.2846
vn -0.5916 0.6980 -0.4035
vn 0.2999 0.9368 0.1802
vn -0.7480 0.6305 0.2074
vn -0.7726 0.6273 0.0982
vn -0.6649 0.6737 -0.3225
vn 0.3172 0.9458 0.0702
vn -0.7034 0.6398 0.3096
vn -0.7214 0.6539 -0.2279
vn 0.3134 0.9487 -0.0416
vn -0.6407 0.6548 0.4008
vn -0.7590 0.6392 -0.1237
vn 0.2888 0.9454 -0.1507
vn -0.5622 0.6749 0.4780
vn -0.7763 0.6302 -0.0136
vn 0.2443 0.9361 -0.2529
vn -0.4709 0.6994 0.5377
vn 0.1815 0.9211 -0.3443
vn -0.3703 0.7273 0.5779
vn 0.1030 0.9010 -0.4214
vn -0.2642 0.7575 0.5970
vn 0.0117 0.8766 -0.4812
vn -0.1570 0.7888 0.5942
vn 0.7630 0.2002 0.6146
vn -0.9085 -0.2760 0.3138
vn -0.9516 -0.2817 0.1226
vn 0.9582 0.2765 0.0734
vn -0.8305 -0.2597 0.4927
vn -0.7205 -0.2334 0.6530
vn -0.7206 -0.2334 0.6528
vn 0.9086 0.2760 -0.3136
vn 0.9085 0.2760 -0.3138
vn -0.5830 -0.1982 0.7879
vn -0.9582 -0.2765 -0.0734
vn 0.8305 0.2597 -0.4927
vn 0.8305 0.2597 -0.4929
vn -0.4229 -0.1552 0.8928
vn 0.4228 0.1553 -0.8928
vn 0.3104 0.0564 0.9489
vn 0.0609 0.0535 -0.9967
vn 0.4817 0.1091 0.8695
vn 0.2796 -0.9595 -0.0344
vn 0.2795 -0.9595 -0.0345
vn 0.2794 -0.9596 -0.0344
vn 0.2797 -0.9595 -0.0345
vn 0.2795 -0.9595 -0.0344
vn 0.2796 -0.9595 -0.0345
vn -0.5829 -0.1981 0.7881
vn -0.9582 -0.2765 -0.0732
vn 0.8305 0.2596 -0.4929
vn -0.2466 -0.1065 0.9632
vn 0.5829 0.1981 -0.7881
vn 0.7206 0.2334 -0.6530
vn 0.7207 0.2334 -0.6528
vn 0.4229 0.1553 -0.8928
vn 0.3106 0.0564 0.9489
vn 0.4818 0.1092 0.8694
vn 0.6345 0.1577 0.7567
vn 0.7629 0.2002 0.6148
vn -0.4817 -0.1091 -0.8695
vn -0.9086 -0.2760 0.3136
vn -0.7630 -0.2002 -0.6146
vn -0.6346 -0.1577 -0.7565
vn 0.9582 0.2765 0.0732
vn 0.9517 0.2816 -0.1226
vn -0.5830 -0.1981 0.7879
vn -0.2797 0.9595 0.0345
vn -0.2795 0.9595 0.0344
vn -0.2795 0.9595 0.0345
vn -0.2796 0.9595 0.0345
vn -0.2796 0.9595 0.0344
vn -0.2794 0.9595 0.0345
vn -0.2797 0.9595 0.0344
vn 0.7628 0.2002 0.6149
vn -0.4819 -0.1092 -0.8694
vn 0.8619 0.2350 0.4493
vn -0.6347 -0.1577 -0.7565
vn -0.8304 -0.2596 0.4930
vn -0.5828 -0.1981 0.7881
vn -0.4230 -0.1553 0.8927
vn 0.7205 0.2333 -0.6531
vn -0.0609 -0.0535 0.9967
vn 0.2466 0.1064 -0.9632
vn 0.2467 0.1065 -0.9632
vn 0.2945 -0.9541 -0.0547
vn 0.2981 -0.9532 -0.0513
vn 0.3043 -0.9520 -0.0326
vn 0.3034 -0.9525 -0.0276
vn 0.3033 -0.9525 -0.0275
vn 0.2581 -0.9659 -0.0217
vn 0.2560 -0.9663 -0.0263
vn 0.2904 -0.9552 -0.0575
vn 0.3040 -0.9519 -0.0375
vn 0.3039 -0.9520 -0.0376
vn 0.2609 -0.9652 -0.0176
vn 0.2858 -0.9564 -0.0593
vn 0.2644 -0.9643 -0.0141
vn 0.2810 -0.9578 -0.0602
vn 0.2685 -0.9632 -0.0115
vn 0.2685 -0.9632 -0.0114
vn 0.2762 -0.9592 -0.0601
vn 0.2731 -0.9619 -0.0096
vn 0.2715 -0.9606 -0.0590
vn 0.2714 -0.9607 -0.0590
vn 0.2779 -0.9606 -0.0088
vn 0.2670 -0.9620 -0.0569
vn 0.2828 -0.9591 -0.0089
vn 0.2828 -0.9591 -0.0088
vn 0.2631 -0.9633 -0.0540
vn 0.2874 -0.9577 -0.0100
vn 0.2874 -0.9577 -0.0099
vn 0.2598 -0.9643 -0.0503
vn 0.2598 -0.9644 -0.0503
vn 0.2920 -0.9564 -0.0120
vn 0.2919 -0.9564 -0.0120
vn 0.2572 -0.9653 -0.0460
vn 0.2958 -0.9551 -0.0149
vn 0.2555 -0.9659 -0.0413
vn 0.3028 -0.9521 -0.0425
vn 0.3029 -0.9521 -0.0426
vn 0.2992 -0.9540 -0.0185
vn 0.2548 -0.9663 -0.0363
vn 0.3008 -0.9525 -0.0472
vn 0.3018 -0.9531 -0.0228
vn 0.3018 -0.9531 -0.0229
vn 0.2549 -0.9665 -0.0313
vn -0.2466 -0.1064 0.9632
vn 0.5830 0.1981 -0.7880
vn -0.3104 -0.0564 -0.9489
vn 0.8620 0.2350 0.4490
vn 0.8621 0.2350 0.4490
vn 0.9280 0.2608 0.2662
vn -0.8306 -0.2597 0.4927
vn -0.8619 -0.2350 -0.4492
vn 0.9517 0.2816 -0.1225
vn -0.9280 -0.2608 -0.2662
vn -0.9582 -0.2766 -0.0733
vn 0.8306 0.2597 -0.4927
vn -0.4228 -0.1552 0.8928
vn -0.5263 0.6555 -0.5416
vn -0.4145 0.6900 -0.5934
vn -0.1287 0.7278 0.6736
vn -0.1287 0.7278 0.6737
vn -0.2514 0.6919 0.6768
vn -0.6260 0.6238 -0.4679
vn -0.6260 0.6238 -0.4680
vn -0.0091 0.7636 0.6456
vn -0.0091 0.7635 0.6457
vn -0.7098 0.5961 -0.3753
vn 0.1028 0.7980 0.5938
vn 0.1028 0.7981 0.5938
vn -0.7745 0.5734 -0.2671
vn -0.7745 0.5734 -0.2670
vn 0.2026 0.8298 0.5200
vn -0.8176 0.5565 -0.1478
vn -0.8176 0.5566 -0.1477
vn 0.3814 0.9070 -0.1787
vn 0.4096 0.9107 -0.0539
vn 0.2863 0.8575 0.4274
vn 0.2863 0.8575 0.4275
vn -0.8373 0.5463 -0.0218
vn 0.3305 0.8963 -0.2956
vn 0.3304 0.8964 -0.2956
vn 0.3510 0.8803 0.3193
vn 0.3509 0.8803 0.3193
vn -0.8331 0.5429 0.1062
vn -0.8331 0.5429 0.1060
vn 0.2586 0.8792 -0.4001
vn 0.2587 0.8792 -0.4001
vn 0.3940 0.8971 0.2000
vn -0.8049 0.5466 0.2309
vn 0.1689 0.8562 -0.4883
vn 0.1688 0.8561 -0.4884
vn 0.4138 0.9074 0.0740
vn 0.4138 0.9073 0.0739
vn -0.7540 0.5572 0.3478
vn -0.7540 0.5573 0.3478
vn 0.0644 0.8281 -0.5568
vn 0.0643 0.8281 -0.5569
vn -0.6822 0.5745 0.4523
vn -0.0507 0.7963 -0.6028
vn -0.5923 0.5975 0.5405
vn -0.5923 0.5974 0.5406
vn -0.1720 0.7617 -0.6246
vn -0.4879 0.6254 0.6089
vn -0.4878 0.6254 0.6090
vn -0.2948 0.7258 -0.6215
vn -0.2949 0.7258 -0.6215
vn -0.3727 0.6574 0.6549
vn -0.3726 0.6574 0.6550
vn -0.6346 -0.1578 -0.7566
vn 0.9279 0.2608 0.2665
vn -0.9084 -0.2759 0.3140
vn 0.9582 0.2765 0.0736
vn -0.8306 -0.2597 0.4926
vn -0.8305 -0.2596 0.4929
vn 0.9516 0.2817 -0.1227
vn 0.9085 0.2760 -0.3139
vn 0.8304 0.2596 -0.4929
vn -0.5831 -0.1982 0.7879
vn 0.7207 0.2334 -0.6527
vn 0.2465 0.1064 -0.9633
vn 0.4819 0.1092 0.8694
vn 0.7628 0.2002 0.6148
vn 0.9085 -0.4013 -0.1160
vn 0.9817 -0.1429 -0.1257
vn 0.9877 -0.1476 0.0523
vn 0.9136 -0.4053 0.0342
vn -0.3720 -0.7958 0.4778
vn -0.5215 -0.6352 0.5697
vn -0.6224 -0.6587 0.4229
vn -0.4589 -0.8163 0.3508
vn -0.5308 -0.8167 -0.2262
vn -0.7276 -0.6362 -0.2566
vn -0.6676 -0.6128 -0.4228
vn -0.4804 -0.7970 -0.3661
vn 0.8755 -0.4057 -0.2626
vn 0.9425 -0.1481 -0.2995
vn -0.2666 -0.7688 0.5813
vn -0.3982 -0.6036 0.6907
vn -0.5540 -0.8288 -0.0783
vn -0.7551 -0.6506 -0.0810
vn 0.8133 -0.4186 -0.4042
vn 0.8715 -0.1539 -0.4656
vn -0.1397 -0.7346 0.6639
vn -0.2515 -0.5637 0.7868
vn -0.5490 -0.8328 0.0717
vn -0.7492 -0.6552 0.0971
vn 0.7316 -0.4383 -0.5222
vn 0.7698 -0.2170 -0.6003
vn 0.8703 -0.1923 -0.4534
vn 0.8182 -0.4174 -0.3953
vn -0.0091 -0.6985 0.7155
vn -0.1080 -0.4959 0.8617
vn -0.2738 -0.5332 0.8005
vn -0.1485 -0.7370 0.6594
vn 0.6222 -0.4661 -0.6289
vn 0.6433 -0.2487 -0.7241
vn 0.1331 -0.6580 0.7411
vn 0.0610 -0.4477 0.8921
vn 0.5036 -0.4981 -0.7059
vn 0.5009 -0.2579 -0.8262
vn 0.6476 -0.2097 -0.7325
vn 0.6302 -0.4642 -0.6224
vn 0.2772 -0.6159 0.7374
vn 0.2320 -0.3977 0.8877
vn 0.3686 -0.5356 -0.7598
vn 0.3406 -0.3023 -0.8903
vn 0.4176 -0.5738 0.7045
vn 0.3986 -0.3478 0.8486
vn 0.2263 -0.5761 -0.7854
vn 0.1716 -0.3504 -0.9207
vn 0.5488 -0.5335 0.6436
vn 0.5544 -0.2998 0.7764
vn 0.0823 -0.6182 -0.7817
vn 0.0005 -0.4004 -0.9163
vn 0.6695 -0.4950 0.5539
vn 0.6947 -0.2464 0.6758
vn -0.0579 -0.6603 -0.7488
vn -0.1661 -0.4504 -0.8773
vn 0.7641 -0.4637 0.4485
vn 0.8077 -0.2467 0.5354
vn 0.6898 -0.2851 0.6655
vn 0.6622 -0.4973 0.5605
vn -0.1892 -0.7007 -0.6879
vn -0.3219 -0.4983 -0.8050
vn 0.8421 -0.4361 0.3173
vn 0.8983 -0.2142 0.3836
vn -0.3099 -0.7389 -0.5983
vn -0.4630 -0.5432 -0.7003
vn 0.8903 -0.4173 0.1820
vn 0.9601 -0.1619 0.2279
vn 0.9003 -0.1766 0.3978
vn 0.8377 -0.4377 0.3267
vn -0.5160 -0.8284 0.2182
vn -0.7100 -0.6500 0.2709
vn -0.4076 -0.7713 -0.4889
vn -0.5622 -0.6057 -0.5630
vn -0.4419 -0.5659 -0.6961
vn -0.3025 -0.7365 -0.6050
vn -0.4539 -0.8152 0.3597
vn -0.6438 -0.6278 0.4375
vn -0.5818 -0.5735 -0.5768
vn -0.4016 -0.7692 -0.4970
vn 0.7721 -0.1597 -0.6152
vn 0.7416 0.1501 -0.6538
vn 0.8514 0.1763 -0.4939
vn -0.2217 -0.1884 0.9567
vn -0.3973 -0.2371 0.8865
vn 0.6047 0.1150 -0.7881
vn 0.7423 0.1503 -0.6530
vn 0.7730 -0.1595 -0.6140
vn -0.0366 -0.1357 0.9901
vn 0.4453 0.0723 -0.8924
vn 0.1508 -0.0809 0.9852
vn 0.2696 0.0237 -0.9627
vn 0.3334 -0.0262 0.9424
vn 0.0846 -0.0290 -0.9960
vn 0.5040 0.0264 0.8633
vn -0.1028 -0.0838 -0.9912
vn 0.6562 0.0748 0.7509
vn -0.2853 -0.1385 -0.9484
vn 0.8120 -0.1900 0.5519
vn 0.7845 0.1172 0.6090
vn -0.4559 -0.1911 -0.8693
vn 0.8828 0.1518 0.4445
vn 0.7837 0.1170 0.6100
vn 0.8111 -0.1903 0.5531
vn -0.6087 -0.2396 -0.7564
vn 0.9485 0.1775 0.2624
vn -0.8812 -0.3573 0.3096
vn -0.9241 -0.3630 0.1192
vn -0.7361 -0.2818 -0.6154
vn -0.6077 -0.2393 -0.7572
vn -0.4746 -0.5195 -0.7106
vn 0.9787 0.1932 0.0701
vn -0.8035 -0.3410 0.4880
vn -0.8348 -0.3165 -0.4505
vn 0.9721 0.1983 -0.1251
vn -0.5541 -0.5896 0.5876
vn -0.6939 -0.3149 0.6476
vn -0.9005 -0.3422 -0.2683
vn 0.9292 0.1926 -0.3155
vn -0.4270 -0.5567 0.7126
vn -0.5562 -0.2796 0.7826
vn -0.9307 -0.3579 -0.0760
vn -0.5573 -0.2799 0.7817
vn -0.4282 -0.5570 0.7116
vn 0.6345 0.1577 0.7566
vn -0.9280 -0.2608 -0.2663
vn -0.5830 -0.1982 0.7880
vn 0.8305 0.2596 -0.4927
vn 0.2545 0.9320 -0.2580
vn -0.7839 0.6208 -0.0145
vn 0.2997 0.9415 -0.1540
vn -0.5073 0.7180 -0.4767
vn 0.1407 0.8728 0.4673
vn -0.3015 0.7804 -0.5477
vn 0.0520 0.8447 0.5327
vn -0.0474 0.8141 0.5789
vn -0.1538 0.7822 0.6038
vn -0.2629 0.7503 0.6066
vn 0.9516 0.2817 -0.1226
vn 0.7205 0.2334 -0.6529
vn 0.8305 0.2596 -0.4928
vn 0.9085 0.2759 -0.3137
vn 0.0055 0.9847 0.1739
vn -0.3629 0.8932 -0.2655
vn -0.0660 0.9605 0.2705
vn 0.0281 0.9311 0.3637
vn -0.3054 0.9104 -0.2790
vn -0.3071 0.8611 -0.4053
vn -0.1426 0.9085 -0.3927
vn -0.2254 0.9113 0.3444
vn -0.2778 0.8382 0.4694
vn 0.0053 0.9489 -0.3157
vn -0.5666 0.8240 0.0097
vn -0.6696 0.7378 0.0849
vn -0.5074 0.7746 0.3776
vn -0.4919 0.8375 0.2379
vn -0.6302 0.7583 -0.1666
vn 0.0358 0.9978 0.0558
vn -0.5866 0.7737 -0.2395
vn 0.0452 0.8503 0.5244
vn -0.0524 0.8202 0.5697
vn -0.1949 0.8185 -0.5404
vn -0.1569 0.7889 0.5942
vn 0.0118 0.8766 -0.4811
vn -0.2643 0.7575 0.5970
vn 0.1030 0.9010 -0.4213
vn 0.1815 0.9212 -0.3443
vn -0.4708 0.6994 0.5377
vn 0.2443 0.9362 -0.2528
vn -0.7726 0.6273 0.0981
vn -0.5622 0.6749 0.4779
vn -0.7590 0.6392 -0.1236
vn -0.7035 0.6398 0.3094
vn 0.3171 0.9458 0.0702
vn -0.6648 0.6738 -0.3225
vn -0.7480 0.6305 0.2073
vn 0.2999 0.9368 0.1803
vn 0.2057 0.9022 0.3790
vn 0.1324 0.8780 0.4600
vn -0.3023 0.7872 -0.5376
vn 0.7206 0.2333 -0.6529
vn -0.7628 -0.2002 -0.6148
vn 0.2797 -0.9595 -0.0344
vn 0.2794 -0.9595 -0.0344
vn -0.7630 -0.2002 -0.6147
vn -0.4818 -0.1092 -0.8694
vn -0.2794 0.9596 0.0344
vn 0.5830 0.1981 -0.7879
vn -0.2467 -0.1065 0.9632
vn 0.7204 0.2333 -0.6531
vn 0.8304 0.2596 -0.4930
vn -0.9582 -0.2765 -0.0731
vn -0.9517 -0.2817 0.1224
vn -0.9582 -0.2765 -0.0735
vn 0.9085 0.2759 -0.3138
vn -0.9280 -0.2608 -0.2661
vn -0.9279 -0.2608 -0.2666
vn 0.9517 0.2817 -0.1224
vn 0.9516 0.2817 -0.1228
vn -0.8621 -0.2351 -0.4489
vn -0.8619 -0.2350 -0.4494
vn -0.8304 -0.2596 0.4929
vn 0.9582 0.2765 0.0735
vn -0.7629 -0.2002 -0.6148
vn 0.9279 0.2608 0.2666
vn 0.7631 0.2003 0.6144
vn 0.2991 -0.9540 -0.0185
vn 0.3016 -0.9532 -0.0229
vn 0.3016 -0.9532 -0.0228
vn 0.3029 -0.9521 -0.0425
vn 0.3009 -0.9525 -0.0471
vn 0.3009 -0.9525 -0.0472
vn 0.2547 -0.9663 -0.0363
vn 0.2959 -0.9551 -0.0149
vn 0.3040 -0.9519 -0.0376
vn 0.2573 -0.9652 -0.0460
vn 0.2875 -0.9577 -0.0100
vn 0.2631 -0.9633 -0.0539
vn 0.2827 -0.9592 -0.0088
vn 0.2671 -0.9620 -0.0569
vn 0.2779 -0.9606 -0.0087
vn 0.2714 -0.9607 -0.0589
vn 0.2715 -0.9606 -0.0589
vn 0.2762 -0.9592 -0.0600
vn 0.2645 -0.9643 -0.0142
vn 0.2903 -0.9552 -0.0575
vn 0.2580 -0.9659 -0.0217
vn 0.3042 -0.9521 -0.0325
vn 0.2560 -0.9663 -0.0264
vn 0.3033 -0.9525 -0.0276
vn 0.2980 -0.9532 -0.0512
vn 0.2980 -0.9532 -0.0513
vn 0.2549 -0.9664 -0.0313
vn -0.3106 -0.0564 -0.9489
vn 0.4817 0.1092 0.8695
vn -0.8305 -0.2596 0.4927
vn -0.9085 -0.2759 0.3138
vn -0.3728 0.6573 0.6550
vn -0.2515 0.6918 0.6768
vn -0.2515 0.6918 0.6769
vn -0.3728 0.6572 0.6550
vn -0.4144 0.6900 -0.5935
vn -0.4144 0.6900 -0.5934
vn -0.4878 0.6255 0.6090
vn -0.1721 0.7617 -0.6247
vn -0.1721 0.7617 -0.6246
vn -0.5924 0.5975 0.5405
vn -0.0508 0.7963 -0.6028
vn 0.0643 0.8282 -0.5567
vn -0.7539 0.5573 0.3478
vn -0.7539 0.5573 0.3479
vn 0.4139 0.9073 0.0740
vn 0.4138 0.9073 0.0740
vn -0.8049 0.5466 0.2310
vn 0.2586 0.8792 -0.4002
vn -0.8331 0.5429 0.1061
vn -0.8373 0.5462 -0.0218
vn -0.8374 0.5462 -0.0217
vn 0.2864 0.8575 0.4274
vn -0.8176 0.5565 -0.1477
vn 0.2026 0.8297 0.5201
vn 0.2026 0.8297 0.5202
vn 0.1029 0.7981 0.5937
vn -0.7099 0.5960 -0.3751
vn -0.0090 0.7636 0.6456
vn -0.0090 0.7636 0.6457
vn -0.6261 0.6238 -0.4678
vn -0.1286 0.7277 0.6737
vn -0.5262 0.6555 -0.5416
vn -0.5263 0.6556 -0.5416
vn -0.9517 -0.2816 0.1225
vn -0.6347 -0.1578 -0.7565
vn 0.9085 -0.4013 -0.1161
vn 0.8755 -0.4057 -0.2624
vn 0.9425 -0.1481 -0.2996
vn 0.9817 -0.1429 -0.1258
vn -0.4803 -0.7970 -0.3661
vn -0.5308 -0.8168 -0.2261
vn -0.4588 -0.8163 0.3508
vn -0.3720 -0.7958 0.4779
vn -0.6224 -0.6586 0.4228
vn 0.9136 -0.4053 0.0340
vn 0.9877 -0.1476 0.0524
vn -0.4016 -0.7692 -0.4971
vn -0.5819 -0.5734 -0.5768
vn -0.5160 -0.8284 0.2181
vn -0.4539 -0.8152 0.3598
vn -0.6436 -0.6279 0.4376
vn -0.7099 -0.6501 0.2709
vn 0.8904 -0.4174 0.1817
vn -0.3026 -0.7364 -0.6051
vn -0.4076 -0.7712 -0.4889
vn -0.5490 -0.8327 0.0717
vn 0.8378 -0.4377 0.3263
vn 0.9004 -0.1765 0.3977
vn -0.1892 -0.7006 -0.6880
vn -0.3100 -0.7389 -0.5983
vn -0.4631 -0.5433 -0.7003
vn -0.3219 -0.4984 -0.8050
vn 0.7640 -0.4637 0.4486
vn 0.8421 -0.4361 0.3174
vn 0.8077 -0.2467 0.5355
vn -0.0580 -0.6602 -0.7488
vn -0.1661 -0.4504 -0.8772
vn 0.6620 -0.4972 0.5608
vn 0.6897 -0.2851 0.6656
vn 0.0823 -0.6181 -0.7818
vn 0.5487 -0.5335 0.6436
vn 0.6695 -0.4949 0.5539
vn 0.6947 -0.2466 0.6757
vn 0.5544 -0.2998 0.7763
vn 0.2264 -0.5760 -0.7855
vn 0.4175 -0.5739 0.7045
vn 0.3687 -0.5355 -0.7598
vn 0.3405 -0.3023 -0.8903
vn 0.2320 -0.3978 0.8877
vn 0.5036 -0.4982 -0.7059
vn 0.1332 -0.6580 0.7411
vn 0.6302 -0.4641 -0.6225
vn 0.6476 -0.2095 -0.7326
vn -0.0092 -0.6986 0.7155
vn 0.7317 -0.4383 -0.5220
vn 0.6224 -0.4662 -0.6287
vn 0.7697 -0.2170 -0.6004
vn -0.1486 -0.7370 0.6593
vn -0.2739 -0.5330 0.8005
vn 0.8183 -0.4175 -0.3950
vn 0.8702 -0.1923 -0.4536
vn -0.1398 -0.7346 0.6639
vn -0.2516 -0.5637 0.7867
vn 0.8134 -0.4186 -0.4040
vn 0.8715 -0.1540 -0.4657
vn -0.4560 -0.1911 -0.8692
vn -0.2854 -0.1386 -0.9484
vn 0.7845 0.1173 0.6089
vn 0.6562 0.0748 0.7508
vn 0.0846 -0.0291 -0.9960
vn 0.3333 -0.0262 0.9424
vn 0.2697 0.0237 -0.9627
vn 0.4453 0.0723 -0.8925
vn 0.6048 0.1150 -0.7881
vn -0.2217 -0.1884 0.9568
vn -0.3974 -0.2371 0.8865
vn 0.7720 -0.1597 -0.6153
vn 0.7415 0.1501 -0.6540
vn 0.8514 0.1763 -0.4940
vn -0.9241 -0.3630 0.1191
vn -0.4282 -0.5571 0.7116
vn -0.5573 -0.2799 0.7818
vn -0.5542 -0.5896 0.5876
vn -0.4270 -0.5567 0.7125
vn -0.5563 -0.2796 0.7825
vn 0.9721 0.1983 -0.1250
vn -0.8348 -0.3165 -0.4504
vn -0.8035 -0.3411 0.4880
vn 0.9787 0.1932 0.0700
vn -0.4745 -0.5195 -0.7106
vn -0.6078 -0.2393 -0.7572
vn -0.2465 -0.1064 0.9633
vn 0.7205 0.2333 -0.6530
vn 0.9086 0.2760 -0.3137
vn -0.7205 -0.2334 0.6529
vn -0.9516 -0.2817 0.1225
vn -0.6459 0.6458 0.4070
vn 0.1907 0.9168 -0.3509
vn -0.5073 0.7180 -0.4766
vn -0.9086 -0.2759 0.3137
vn -0.6302 0.7583 -0.1667
vn -0.5302 0.7924 -0.3018
vn -0.4629 0.8137 -0.3515
vn -0.3876 0.8369 -0.3865
vn -0.6163 0.7475 0.2477
vn 0.0054 0.9489 -0.3156
vn 0.0659 0.9644 -0.2562
vn -0.0044 0.9925 -0.1222
vn -0.5665 0.8240 0.0097
vn -0.6725 0.7401 -0.0012
vn 0.1486 0.9831 -0.1071
vn -0.2642 0.7574 0.5970
vn -0.3022 0.7871 -0.5377
vn -0.5621 0.6750 0.4780
vn -0.6407 0.6548 0.4009
vn 0.0117 0.8766 -0.4811
vn 0.3134 0.9487 -0.0417
vn 0.1816 0.9212 -0.3442
vn 0.2622 0.9221 0.2845
vn 0.2443 0.9362 -0.2529
vn -0.7214 0.6539 -0.2280
vn 0.0454 0.8503 0.5244
vn -0.6649 0.6737 -0.3226
vn -0.9085 -0.2759 0.3139
vn 0.9280 0.2608 0.2661
vn -0.9516 -0.2817 0.1227
vn 0.7630 0.2003 0.6146
vn -0.0607 -0.0535 0.9967
vn -0.4228 -0.1553 0.8928
vn -0.5827 -0.1981 0.7882
vn 0.2795 -0.9595 -0.0346
vn 0.2796 -0.9595 -0.0343
vn 0.2795 -0.9595 -0.0343
vn 0.2796 -0.9595 -0.0346
vn -0.6345 -0.1578 -0.7566
vn 0.7627 0.2002 0.6149
vn -0.2795 0.9595 0.0343
vn -0.2796 0.9595 0.0346
vn -0.2796 0.9595 0.0343
vn -0.2794 0.9596 0.0345
vn -0.5831 -0.1981 0.7879
vn 0.2467 0.1064 -0.9632
vn -0.7204 -0.2333 0.6531
vn -0.5827 -0.1980 0.7882
vn -0.5831 -0.1982 0.7878
vn 0.5831 0.1982 -0.7879
vn 0.5828 0.1981 -0.7881
vn -0.9086 -0.2760 0.3135
vn 0.7203 0.2333 -0.6532
vn -0.9582 -0.2766 -0.0729
vn -0.9582 -0.2765 -0.0736
vn 0.9086 0.2760 -0.3135
vn -0.9278 -0.2607 -0.2667
vn 0.6347 0.1577 0.7565
vn 0.2597 -0.9644 -0.0503
vn 0.2571 -0.9653 -0.0461
vn 0.2598 -0.9644 -0.0502
vn 0.2559 -0.9663 -0.0263
vn 0.3034 -0.9525 -0.0275
vn 0.3041 -0.9521 -0.0325
vn 0.3042 -0.9521 -0.0326
vn 0.3035 -0.9524 -0.0276
vn 0.2549 -0.9665 -0.0312
vn 0.2670 -0.9620 -0.0568
vn 0.2920 -0.9564 -0.0121
vn 0.2810 -0.9578 -0.0601
vn 0.2858 -0.9564 -0.0592
vn 0.2858 -0.9565 -0.0592
vn 0.2903 -0.9552 -0.0574
vn 0.2946 -0.9541 -0.0548
vn 0.2945 -0.9541 -0.0548
vn 0.2731 -0.9619 -0.0097
vn 0.2686 -0.9632 -0.0115
vn 0.2555 -0.9659 -0.0414
vn 0.2608 -0.9652 -0.0175
vn 0.2609 -0.9652 -0.0175
vn -0.7629 -0.2003 -0.6147
vn -0.2467 -0.1064 0.9632
vn 0.7204 0.2334 -0.6531
vn 0.8620 0.2351 0.4491
vn 0.7208 0.2334 -0.6527
vn 0.7629 0.2003 0.6147
vn -0.8620 -0.2350 -0.4490
vn -0.1720 0.7617 -0.6247
vn -0.1286 0.7278 0.6736
vn 0.0643 0.8282 -0.5568
vn 0.0643 0.8281 -0.5568
vn -0.2514 0.6918 0.6769
vn -0.2514 0.6919 0.6769
vn -0.3727 0.6573 0.6550
vn 0.2588 0.8792 -0.4001
vn -0.4879 0.6255 0.6089
vn -0.4879 0.6254 0.6090
vn 0.3305 0.8963 -0.2957
vn -0.5923 0.5975 0.5406
vn 0.3814 0.9070 -0.1788
vn 0.3815 0.9069 -0.1787
vn -0.8175 0.5566 -0.1479
vn -0.6822 0.5745 0.4524
vn -0.6822 0.5745 0.4522
vn 0.4097 0.9106 -0.0540
vn -0.7746 0.5733 -0.2671
vn -0.7746 0.5733 -0.2670
vn -0.7539 0.5574 0.3478
vn -0.7540 0.5573 0.3477
vn 0.4139 0.9073 0.0739
vn -0.8049 0.5467 0.2308
vn 0.3941 0.8970 0.2000
vn 0.3941 0.8971 0.2000
vn -0.6261 0.6238 -0.4679
vn 0.3510 0.8802 0.3194
vn 0.2863 0.8576 0.4273
vn -0.4145 0.6899 -0.5935
vn 0.2025 0.8297 0.5201
vn 0.2025 0.8298 0.5201
vn 0.1027 0.7980 0.5938
vn 0.1028 0.7981 0.5937
vn 0.4230 0.1553 -0.8927
vn 0.2468 0.1065 -0.9632
vn -0.9516 -0.2817 0.1229
vn 0.8621 0.2351 0.4489
vn 0.7206 0.2334 -0.6528
vn 0.7627 0.2001 0.6150
vn 0.9085 0.2759 -0.3140
vn -0.7631 -0.2003 -0.6145
vn 0.3106 0.0564 0.9488
vn 0.0607 0.0535 -0.9967
vn -0.7100 -0.6500 0.2710
vn 0.8379 -0.4377 0.3261
vn 0.9601 -0.1619 0.2278
vn 0.8183 -0.4175 -0.3952
vn 0.7315 -0.4383 -0.5222
vn 0.7697 -0.2170 -0.6003
vn 0.8704 -0.1923 -0.4533
vn -0.5540 -0.8288 -0.0785
vn -0.7551 -0.6506 -0.0811
vn 0.8421 -0.4360 0.3173
vn 0.8983 -0.2142 0.3835
vn 0.8078 -0.2467 0.5354
vn 0.8755 -0.4057 -0.2623
vn 0.8134 -0.4187 -0.4038
vn 0.6620 -0.4973 0.5607
vn 0.6898 -0.2851 0.6656
vn 0.9817 -0.1429 -0.1256
vn -0.4804 -0.7971 -0.3660
vn 0.5487 -0.5334 0.6438
vn 0.6694 -0.4949 0.5541
vn 0.6947 -0.2465 0.6757
vn -0.5819 -0.5733 -0.5768
vn 0.4176 -0.5738 0.7046
vn 0.3987 -0.3478 0.8486
vn -0.3026 -0.7366 -0.6049
vn -0.4076 -0.7714 -0.4887
vn -0.5621 -0.6057 -0.5631
vn -0.4418 -0.5658 -0.6962
vn 0.2773 -0.6159 0.7374
vn -0.1892 -0.7006 -0.6881
vn -0.4631 -0.5433 -0.7002
vn 0.1331 -0.6580 0.7412
vn -0.0579 -0.6602 -0.7488
vn -0.0091 -0.6986 0.7154
vn -0.1079 -0.4958 0.8617
vn 0.0824 -0.6182 -0.7817
vn 0.0005 -0.4005 -0.9163
vn -0.1485 -0.7371 0.6593
vn -0.2739 -0.5330 0.8006
vn 0.2262 -0.5760 -0.7855
vn -0.2667 -0.7688 0.5812
vn -0.1397 -0.7346 0.6640
vn -0.2516 -0.5638 0.7867
vn -0.3982 -0.6037 0.6907
vn 0.3686 -0.5355 -0.7599
vn -0.3721 -0.7957 0.4778
vn -0.5215 -0.6352 0.5698
vn -0.4588 -0.8163 0.3509
vn -0.6224 -0.6586 0.4229
vn 0.9136 -0.4053 0.0341
vn 0.6301 -0.4641 -0.6225
vn 0.6477 -0.2095 -0.7325
vn 0.6223 -0.4662 -0.6288
vn 0.6432 -0.2487 -0.7241
vn -0.4745 -0.5194 -0.7106
vn -0.6086 -0.2396 -0.7564
vn -0.2854 -0.1386 -0.9483
vn -0.3973 -0.2370 0.8866
vn -0.5572 -0.2798 0.7818
vn -0.6939 -0.3149 0.6475
vn -0.8034 -0.3411 0.4880
vn 0.9787 0.1931 0.0701
vn 0.6048 0.1150 -0.7880
vn 0.9485 0.1775 0.2625
vn 0.7731 -0.1595 -0.6139
vn -0.9242 -0.3630 0.1191
vn 0.8828 0.1518 0.4446
vn 0.7721 -0.1597 -0.6151
vn 0.7837 0.1170 0.6101
vn 0.7845 0.1173 0.6090
vn 0.4230 0.1553 -0.8928
vn -0.9086 -0.2759 0.3136
vn 0.9280 0.2608 0.2663
vn -0.7663 0.6299 -0.1265
vn 0.2728 0.9177 0.2888
vn 0.1108 0.8963 -0.4294
vn -0.0474 0.8141 0.5788
vn 0.9582 0.2766 0.0732
vn -0.5075 0.7746 0.3775
vn -0.4918 0.8376 0.2379
vn -0.2243 0.8852 -0.4074
vn -0.1879 0.9443 -0.2700
vn -0.4370 0.7934 0.4237
vn -0.4630 0.8137 -0.3514
vn 0.0056 0.9848 0.1739
vn 0.0658 0.9644 -0.2563
vn -0.5509 0.8242 0.1313
vn 0.0053 0.9488 -0.3157
vn -0.0650 0.9300 -0.3618
vn -0.2643 0.7574 0.5971
vn -0.5044 0.7257 -0.4679
vn -0.4067 0.7558 -0.5132
vn -0.1569 0.7888 0.5943
vn -0.5916 0.6980 -0.4034
vn -0.0523 0.8202 0.5697
vn -0.6649 0.6738 -0.3225
vn -0.7214 0.6539 -0.2281
vn -0.7763 0.6302 -0.0135
vn 0.2443 0.9361 -0.2528
vn -0.7726 0.6273 0.0983
vn 0.1030 0.9011 -0.4213
vn 0.3172 0.9458 0.0701
vn -0.7034 0.6398 0.3095
vn -0.6407 0.6548 0.4010
vn -0.8619 -0.2350 -0.4493
vn -0.7628 -0.2001 -0.6149
vn -0.4227 -0.1552 0.8929
vn 0.2794 -0.9595 -0.0345
vn -0.7205 -0.2333 0.6530
vn 0.9086 0.2759 -0.3136
vn -0.6344 -0.1577 -0.7567
vn 0.9085 0.2759 -0.3139
vn 0.9086 0.2760 -0.3134
vn 0.8303 0.2596 -0.4931
vn 0.9582 0.2765 0.0737
vn 0.9582 0.2766 0.0730
vn -0.5832 -0.1982 0.7878
vn 0.2608 -0.9652 -0.0176
vn 0.2556 -0.9659 -0.0413
vn 0.2686 -0.9632 -0.0114
vn 0.2550 -0.9664 -0.0313
vn 0.2779 -0.9606 -0.0086
vn 0.2827 -0.9592 -0.0089
vn 0.2991 -0.9540 -0.0186
vn 0.2671 -0.9620 -0.0568
vn 0.3017 -0.9531 -0.0229
vn 0.3017 -0.9531 -0.0228
vn 0.2561 -0.9663 -0.0264
vn 0.2561 -0.9663 -0.0263
vn 0.2580 -0.9659 -0.0218
vn 0.3041 -0.9519 -0.0376
vn -0.8620 -0.2351 -0.4491
vn -0.9582 -0.2766 -0.0732
vn 0.4227 0.1552 -0.8929
vn -0.0090 0.7637 0.6456
vn -0.2949 0.7259 -0.6214
vn 0.2025 0.8297 0.5202
vn -0.4145 0.6900 -0.5933
vn -0.4144 0.6899 -0.5935
vn -0.5262 0.6555 -0.5417
vn 0.3510 0.8803 0.3192
vn -0.6261 0.6239 -0.4677
vn -0.6261 0.6239 -0.4678
vn -0.8049 0.5467 0.2309
vn -0.7099 0.5962 -0.3751
vn 0.4139 0.9073 0.0741
vn -0.7539 0.5574 0.3477
vn -0.7745 0.5734 -0.2672
vn -0.7744 0.5734 -0.2673
vn 0.4095 0.9107 -0.0539
vn -0.8175 0.5567 -0.1477
vn -0.8175 0.5567 -0.1478
vn -0.8373 0.5463 -0.0217
vn 0.2587 0.8792 -0.4002
vn -0.3728 0.6574 0.6549
vn 0.1689 0.8561 -0.4884
vn 0.1689 0.8562 -0.4884
vn 0.0644 0.8282 -0.5568
vn -0.1287 0.7277 0.6737
vn -0.0508 0.7962 -0.6028
vn -0.8622 -0.2351 -0.4487
vn -0.7630 -0.2003 -0.6145
vn 0.6347 0.1578 0.7565
vn -0.9279 -0.2608 -0.2665
vn 0.9084 0.2759 -0.3140
vn 0.8307 0.2597 -0.4925
vn 0.8304 0.2596 -0.4931
vn -0.9517 -0.2817 0.1223
vn -0.3106 -0.0564 -0.9488
vn 0.1272 0.0015 0.9919
vn -0.5490 -0.8328 0.0715
vn -0.7492 -0.6552 0.0970
vn 0.7697 -0.2169 -0.6004
vn 0.8184 -0.4175 -0.3949
vn 0.8904 -0.4173 0.1819
vn 0.9003 -0.1767 0.3978
vn 0.8378 -0.4376 0.3265
vn -0.5160 -0.8284 0.2179
vn 0.6432 -0.2487 -0.7242
vn 0.9136 -0.4053 0.0339
vn -0.4539 -0.8153 0.3596
vn 0.5035 -0.4981 -0.7059
vn 0.5008 -0.2579 -0.8262
vn 0.6477 -0.2097 -0.7325
vn 0.6300 -0.4641 -0.6227
vn 0.9086 -0.4013 -0.1160
vn 0.3686 -0.5355 -0.7598
vn -0.2667 -0.7688 0.5813
vn -0.3982 -0.6036 0.6908
vn 0.2264 -0.5760 -0.7854
vn -0.2515 -0.5636 0.7868
vn -0.0090 -0.6985 0.7155
vn -0.1080 -0.4959 0.8616
vn -0.2739 -0.5332 0.8004
vn -0.1485 -0.7369 0.6594
vn -0.0580 -0.6603 -0.7488
vn -0.3218 -0.4983 -0.8050
vn -0.4631 -0.5432 -0.7003
vn -0.4077 -0.7713 -0.4888
vn -0.5623 -0.6058 -0.5629
vn -0.4419 -0.5660 -0.6960
vn -0.3026 -0.7365 -0.6050
vn 0.5487 -0.5335 0.6437
vn 0.5545 -0.2998 0.7763
vn 0.6694 -0.4950 0.5540
vn -0.7276 -0.6362 -0.2565
vn 0.8755 -0.4057 -0.2625
vn 0.9425 -0.1481 -0.2997
vn 0.6898 -0.2850 0.6656
vn 0.8133 -0.4186 -0.4041
vn 0.8715 -0.1539 -0.4657
vn 0.8983 -0.2142 0.3837
vn -0.5542 -0.5896 0.5875
vn -0.8034 -0.3410 0.4881
vn -0.4271 -0.5568 0.7125
vn -0.5574 -0.2799 0.7816
vn -0.4283 -0.5571 0.7115
vn -0.4747 -0.5195 -0.7105
vn -0.9005 -0.3422 -0.2684
vn 0.8119 -0.1900 0.5520
vn 0.7844 0.1172 0.6091
vn -0.9307 -0.3579 -0.0759
vn -0.9241 -0.3630 0.1193
vn 0.7720 -0.1597 -0.6152
vn 0.7415 0.1501 -0.6539
vn 0.9485 0.1775 0.2623
vn 0.7422 0.1503 -0.6532
vn 0.8619 0.2350 0.4492
vn 0.5830 0.1982 -0.7880
vn -0.9517 -0.2816 0.1226
vt 0.059720 0.095700
vt 0.057820 0.095700
vt 0.057820 0.097530
vt 0.059720 0.097530
vt 0.029440 0.097840
vt 0.031350 0.097840
vt 0.031350 0.095850
vt 0.029440 0.095850
vt 0.517770 0.109680
vt 0.515870 0.109680
vt 0.515880 0.111250
vt 0.517790 0.111260
vt 0.029440 0.099980
vt 0.031340 0.099980
vt 0.517770 0.107840
vt 0.515860 0.107840
vt 0.029440 0.102190
vt 0.031340 0.102190
vt 0.517760 0.105790
vt 0.515860 0.105790
vt 0.029440 0.104380
vt 0.031340 0.104380
vt 0.517760 0.103620
vt 0.515850 0.103620
vt 0.029440 0.106470
vt 0.031350 0.106470
vt 0.517760 0.101410
vt 0.515860 0.101400
vt 0.029440 0.108370
vt 0.031350 0.108370
vt 0.517770 0.099240
vt 0.515860 0.099240
vt 0.029450 0.110020
vt 0.031350 0.110020
vt 0.517770 0.097200
vt 0.515870 0.097200
vt 0.059720 0.108170
vt 0.057820 0.108170
vt 0.057820 0.110020
vt 0.059720 0.110020
vt 0.517790 0.095360
vt 0.515880 0.095360
vt 0.059720 0.106120
vt 0.057820 0.106120
vt 0.698730 0.146630
vt 0.700640 0.146630
vt 0.700640 0.144460
vt 0.698740 0.144460
vt 0.700650 0.154900
vt 0.698750 0.154900
vt 0.698760 0.156470
vt 0.700660 0.156470
vt 0.059720 0.103950
vt 0.057820 0.103950
vt 0.700650 0.142420
vt 0.698740 0.142420
vt 0.700650 0.153060
vt 0.698740 0.153060
vt 0.059720 0.101740
vt 0.057820 0.101740
vt 0.700650 0.140580
vt 0.698750 0.140580
vt 0.700640 0.151010
vt 0.698740 0.151010
vt 0.059720 0.099570
vt 0.057820 0.099570
vt 0.700660 0.139020
vt 0.698760 0.139020
vt 0.700640 0.148840
vt 0.698730 0.148840
vt 0.031350 0.094080
vt 0.029450 0.094080
vt 0.788290 0.686840
vt 0.790340 0.686630
vt 0.790340 0.684820
vt 0.788290 0.684620
vt 0.808250 0.678570
vt 0.806660 0.679870
vt 0.807660 0.681380
vt 0.809480 0.680410
vt 0.796250 0.696530
vt 0.796840 0.694560
vt 0.795170 0.693870
vt 0.794200 0.695680
vt 0.788720 0.689010
vt 0.790690 0.688410
vt 0.806680 0.677010
vt 0.805380 0.678590
vt 0.798420 0.696960
vt 0.798620 0.694910
vt 0.789570 0.691050
vt 0.791380 0.690080
vt 0.804840 0.675780
vt 0.803870 0.677590
vt 0.800630 0.696960
vt 0.800430 0.694910
vt 0.790800 0.692890
vt 0.792390 0.691580
vt 0.802800 0.674930
vt 0.802200 0.676900
vt 0.802800 0.696530
vt 0.802200 0.694560
vt 0.792360 0.694450
vt 0.793670 0.692860
vt 0.800630 0.674500
vt 0.800430 0.676540
vt 0.804840 0.695680
vt 0.803870 0.693870
vt 0.798420 0.674500
vt 0.798620 0.676540
vt 0.806680 0.694450
vt 0.805380 0.692860
vt 0.796250 0.674930
vt 0.796840 0.676900
vt 0.808250 0.692890
vt 0.806660 0.691580
vt 0.794200 0.675780
vt 0.795170 0.677590
vt 0.809480 0.691050
vt 0.807660 0.690080
vt 0.792360 0.677010
vt 0.793670 0.678590
vt 0.810320 0.689010
vt 0.808350 0.688410
vt 0.790800 0.678570
vt 0.792390 0.679870
vt 0.810750 0.686840
vt 0.808710 0.686630
vt 0.789570 0.680410
vt 0.791380 0.681380
vt 0.810750 0.684620
vt 0.808710 0.684820
vt 0.788720 0.682450
vt 0.790690 0.683050
vt 0.810320 0.682450
vt 0.808350 0.683050
vt 0.403180 0.086090
vt 0.400250 0.086090
vt 0.400250 0.087770
vt 0.403180 0.087770
vt 0.888730 0.426440
vt 0.891660 0.426440
vt 0.891660 0.424670
vt 0.888730 0.424670
vt 0.403200 0.076280
vt 0.400260 0.076280
vt 0.400260 0.077560
vt 0.403190 0.077560
vt 0.403180 0.084320
vt 0.400250 0.084320
vt 0.888730 0.428110
vt 0.891660 0.428110
vt 0.929350 0.154770
vt 0.932290 0.154770
vt 0.932290 0.153320
vt 0.929360 0.153320
vt 0.403180 0.082510
vt 0.400250 0.082510
vt 0.888730 0.429600
vt 0.891660 0.429600
vt 0.929350 0.156400
vt 0.932280 0.156400
vt 0.932290 0.209010
vt 0.929360 0.209010
vt 0.929370 0.210300
vt 0.932300 0.210300
vt 0.929350 0.158150
vt 0.932280 0.158160
vt 0.932290 0.207500
vt 0.929360 0.207500
vt 0.929350 0.159960
vt 0.932280 0.159960
vt 0.932280 0.205830
vt 0.929350 0.205830
vt 0.929350 0.161750
vt 0.932280 0.161750
vt 0.932280 0.204050
vt 0.929350 0.204050
vt 0.929350 0.163460
vt 0.932280 0.163460
vt 0.932280 0.202240
vt 0.929350 0.202240
vt 0.929350 0.165020
vt 0.932290 0.165020
vt 0.932290 0.200470
vt 0.929360 0.200470
vt 0.929360 0.166360
vt 0.932290 0.166360
vt 0.932290 0.198800
vt 0.929360 0.198800
vt 0.888730 0.419410
vt 0.891660 0.419410
vt 0.891660 0.417890
vt 0.888730 0.417890
vt 0.932300 0.197300
vt 0.929370 0.197300
vt 0.888730 0.421080
vt 0.891660 0.421080
vt 0.403180 0.080730
vt 0.400250 0.080730
vt 0.403190 0.089270
vt 0.400260 0.089270
vt 0.400260 0.090550
vt 0.403200 0.090550
vt 0.888730 0.422860
vt 0.891660 0.422860
vt 0.403180 0.079060
vt 0.400250 0.079060
vt 0.809360 0.431220
vt 0.806190 0.430250
vt 0.805750 0.431320
vt 0.808670 0.432890
vt 0.791700 0.431220
vt 0.794880 0.430250
vt 0.794660 0.429120
vt 0.791350 0.429440
vt 0.809720 0.429440
vt 0.806420 0.429120
vt 0.792390 0.432890
vt 0.795320 0.431320
vt 0.809720 0.427630
vt 0.806420 0.427960
vt 0.793400 0.434390
vt 0.795970 0.432290
vt 0.809360 0.425860
vt 0.806190 0.426820
vt 0.794680 0.435670
vt 0.796790 0.433110
vt 0.808670 0.424190
vt 0.805750 0.425750
vt 0.796180 0.436680
vt 0.797750 0.433750
vt 0.807670 0.422680
vt 0.805100 0.424790
vt 0.797850 0.437370
vt 0.798820 0.434190
vt 0.806390 0.421400
vt 0.804280 0.423970
vt 0.799630 0.437720
vt 0.799960 0.434420
vt 0.804880 0.420400
vt 0.803320 0.423330
vt 0.801440 0.437720
vt 0.801110 0.434420
vt 0.794680 0.421400
vt 0.796790 0.423970
vt 0.797750 0.423330
vt 0.796180 0.420400
vt 0.803210 0.419710
vt 0.802250 0.422880
vt 0.803210 0.437370
vt 0.802250 0.434190
vt 0.793400 0.422680
vt 0.795970 0.424790
vt 0.801440 0.419350
vt 0.801110 0.422660
vt 0.804880 0.436680
vt 0.803320 0.433750
vt 0.792390 0.424190
vt 0.795320 0.425750
vt 0.799630 0.419350
vt 0.799960 0.422660
vt 0.806390 0.435670
vt 0.804280 0.433110
vt 0.791700 0.425860
vt 0.794880 0.426820
vt 0.797850 0.419710
vt 0.798820 0.422880
vt 0.807670 0.434390
vt 0.805100 0.432290
vt 0.791350 0.427630
vt 0.794660 0.427960
vt 0.803340 0.427690
vt 0.803460 0.428250
vt 0.798680 0.430800
vt 0.798270 0.430400
vt 0.803120 0.427160
vt 0.799160 0.431120
vt 0.802800 0.426680
vt 0.799690 0.431340
vt 0.802400 0.426270
vt 0.800250 0.431460
vt 0.801920 0.425950
vt 0.800830 0.431460
vt 0.798680 0.426270
vt 0.799160 0.425950
vt 0.801390 0.425730
vt 0.801390 0.431340
vt 0.798270 0.426680
vt 0.800830 0.425620
vt 0.801920 0.431120
vt 0.797960 0.427160
vt 0.800250 0.425620
vt 0.802400 0.430800
vt 0.797740 0.427690
vt 0.799690 0.425730
vt 0.802800 0.430400
vt 0.797620 0.428250
vt 0.803120 0.429920
vt 0.797620 0.428830
vt 0.803340 0.429390
vt 0.797740 0.429390
vt 0.803460 0.428830
vt 0.797960 0.429920
vt 0.452640 0.069210
vt 0.455120 0.069210
vt 0.455130 0.068680
vt 0.452640 0.068680
vt 0.307120 0.706860
vt 0.304630 0.706860
vt 0.304630 0.707340
vt 0.307120 0.707340
vt 0.452640 0.069680
vt 0.455120 0.069680
vt 0.307120 0.706330
vt 0.304630 0.706330
vt 0.798840 0.632130
vt 0.801330 0.632130
vt 0.801330 0.631570
vt 0.798840 0.631570
vt 0.798840 0.629420
vt 0.801320 0.629420
vt 0.801320 0.629020
vt 0.798840 0.629020
vt 0.307120 0.705770
vt 0.304630 0.705770
vt 0.798840 0.632660
vt 0.801320 0.632660
vt 0.798840 0.629900
vt 0.801330 0.629900
vt 0.307120 0.705190
vt 0.304630 0.705190
vt 0.798840 0.633140
vt 0.801320 0.633140
vt 0.798840 0.630430
vt 0.801330 0.630430
vt 0.307120 0.704630
vt 0.304630 0.704630
vt 0.798840 0.633550
vt 0.801320 0.633550
vt 0.798840 0.631000
vt 0.801330 0.631000
vt 0.307120 0.704100
vt 0.304630 0.704100
vt 0.867210 0.422160
vt 0.864730 0.422160
vt 0.864720 0.422620
vt 0.867210 0.422620
vt 0.307120 0.703620
vt 0.304630 0.703620
vt 0.867210 0.421640
vt 0.864730 0.421640
vt 0.452640 0.065960
vt 0.455120 0.065960
vt 0.455120 0.065560
vt 0.452640 0.065560
vt 0.867210 0.421090
vt 0.864730 0.421090
vt 0.452640 0.066440
vt 0.455130 0.066440
vt 0.867210 0.420510
vt 0.864730 0.420510
vt 0.452640 0.066970
vt 0.455130 0.066980
vt 0.867210 0.419940
vt 0.864730 0.419940
vt 0.452640 0.067540
vt 0.455130 0.067540
vt 0.867210 0.419400
vt 0.864730 0.419400
vt 0.452640 0.068110
vt 0.455130 0.068110
vt 0.867210 0.418910
vt 0.864720 0.418910
vt 0.867210 0.418480
vt 0.864720 0.418480
vt 0.342880 0.046790
vt 0.342380 0.047060
vt 0.342760 0.047630
vt 0.343200 0.047270
vt 0.345180 0.048330
vt 0.345120 0.048900
vt 0.345810 0.048900
vt 0.345760 0.048330
vt 0.347330 0.043140
vt 0.347690 0.042700
vt 0.347120 0.042320
vt 0.346850 0.042830
vt 0.342660 0.046260
vt 0.342110 0.046430
vt 0.344620 0.048210
vt 0.344450 0.048760
vt 0.347730 0.043550
vt 0.348180 0.043190
vt 0.342550 0.045700
vt 0.341980 0.045750
vt 0.344090 0.047990
vt 0.343820 0.048500
vt 0.348050 0.044030
vt 0.348560 0.043760
vt 0.342550 0.045120
vt 0.341980 0.045070
vt 0.343610 0.047670
vt 0.343240 0.048120
vt 0.348270 0.044560
vt 0.348820 0.044390
vt 0.342660 0.044560
vt 0.342110 0.044390
vt 0.348380 0.045120
vt 0.348960 0.045070
vt 0.342880 0.044030
vt 0.342380 0.043760
vt 0.348380 0.045700
vt 0.348960 0.045750
vt 0.343200 0.043550
vt 0.342760 0.043190
vt 0.348270 0.046260
vt 0.348820 0.046430
vt 0.343610 0.043140
vt 0.343240 0.042700
vt 0.348050 0.046790
vt 0.348560 0.047060
vt 0.344090 0.042830
vt 0.343820 0.042320
vt 0.347730 0.047270
vt 0.348180 0.047630
vt 0.344620 0.042610
vt 0.344450 0.042060
vt 0.347330 0.047670
vt 0.347690 0.048120
vt 0.345180 0.042490
vt 0.345120 0.041920
vt 0.346850 0.047990
vt 0.347120 0.048500
vt 0.345760 0.042490
vt 0.345810 0.041920
vt 0.346320 0.048210
vt 0.346490 0.048760
vt 0.346320 0.042610
vt 0.346490 0.042060
vt 0.957780 0.779330
vt 0.959630 0.779330
vt 0.959630 0.778780
vt 0.957780 0.778780
vt 0.700590 0.134330
vt 0.698730 0.134330
vt 0.698730 0.135020
vt 0.700590 0.135020
vt 0.792940 0.703470
vt 0.794800 0.703470
vt 0.794800 0.702900
vt 0.792940 0.702900
vt 0.957770 0.779950
vt 0.959630 0.779950
vt 0.963130 0.783240
vt 0.961270 0.783240
vt 0.961280 0.783730
vt 0.963140 0.783730
vt 0.957770 0.780620
vt 0.959630 0.780620
vt 0.963130 0.782670
vt 0.961270 0.782670
vt 0.957770 0.781300
vt 0.959630 0.781300
vt 0.963130 0.782040
vt 0.961270 0.782030
vt 0.957770 0.781980
vt 0.959630 0.781980
vt 0.963130 0.781360
vt 0.961270 0.781360
vt 0.957770 0.782630
vt 0.959630 0.782630
vt 0.963130 0.780670
vt 0.961270 0.780670
vt 0.957780 0.783220
vt 0.959630 0.783220
vt 0.963130 0.780000
vt 0.961270 0.780000
vt 0.957780 0.783730
vt 0.959630 0.783730
vt 0.963130 0.779370
vt 0.961270 0.779370
vt 0.792940 0.699600
vt 0.794800 0.699600
vt 0.794800 0.699020
vt 0.792940 0.699020
vt 0.963140 0.778800
vt 0.961280 0.778800
vt 0.792940 0.700240
vt 0.794800 0.700240
vt 0.700590 0.133660
vt 0.698730 0.133660
vt 0.700600 0.136900
vt 0.698740 0.136900
vt 0.698740 0.137390
vt 0.700600 0.137390
vt 0.792940 0.700910
vt 0.794800 0.700910
vt 0.700590 0.133020
vt 0.698740 0.133020
vt 0.700590 0.136330
vt 0.698740 0.136330
vt 0.792940 0.701600
vt 0.794800 0.701600
vt 0.700600 0.132450
vt 0.698740 0.132450
vt 0.700590 0.135690
vt 0.698730 0.135690
vt 0.792940 0.702270
vt 0.794800 0.702270
vt 0.700600 0.131970
vt 0.698740 0.131970
vt 0.391430 0.045010
vt 0.390700 0.045090
vt 0.390700 0.045630
vt 0.391430 0.045700
vt 0.384590 0.044340
vt 0.385300 0.044560
vt 0.385510 0.044060
vt 0.384860 0.043700
vt 0.391300 0.044340
vt 0.390590 0.044560
vt 0.384460 0.045010
vt 0.385200 0.045090
vt 0.391040 0.043710
vt 0.390380 0.044060
vt 0.384460 0.045700
vt 0.385200 0.045630
vt 0.390660 0.043130
vt 0.390080 0.043610
vt 0.384590 0.046370
vt 0.385300 0.046160
vt 0.390170 0.042650
vt 0.389700 0.043220
vt 0.384860 0.047010
vt 0.385510 0.046660
vt 0.389600 0.042270
vt 0.389250 0.042920
vt 0.385240 0.047580
vt 0.385810 0.047110
vt 0.388960 0.042000
vt 0.388750 0.042710
vt 0.388960 0.048710
vt 0.388750 0.048000
vt 0.388220 0.048110
vt 0.388290 0.048840
vt 0.385720 0.048070
vt 0.386190 0.047490
vt 0.388290 0.041870
vt 0.388220 0.042610
vt 0.389600 0.048450
vt 0.389250 0.047790
vt 0.386290 0.048450
vt 0.386640 0.047790
vt 0.387600 0.041870
vt 0.387680 0.042610
vt 0.390170 0.048070
vt 0.389700 0.047490
vt 0.386930 0.048710
vt 0.387140 0.048000
vt 0.386930 0.042000
vt 0.387140 0.042710
vt 0.390660 0.047580
vt 0.390080 0.047110
vt 0.387600 0.048840
vt 0.387680 0.048110
vt 0.386290 0.042270
vt 0.386640 0.042920
vt 0.391040 0.047010
vt 0.390380 0.046660
vt 0.385720 0.042650
vt 0.386190 0.043220
vt 0.391300 0.046370
vt 0.390590 0.046160
vt 0.385240 0.043130
vt 0.385810 0.043600
vt 0.706550 0.179680
vt 0.706550 0.130420
vt 0.706080 0.130420
vt 0.706080 0.179680
vt 0.800630 0.172290
vt 0.800630 0.123030
vt 0.800100 0.123030
vt 0.800100 0.172290
vt 0.706950 0.179680
vt 0.706950 0.130420
vt 0.801130 0.172290
vt 0.801130 0.123030
vt 0.824270 0.123040
vt 0.824270 0.172300
vt 0.824720 0.172300
vt 0.824720 0.123040
vt 0.801580 0.172300
vt 0.801580 0.123040
vt 0.823760 0.123040
vt 0.823760 0.172300
vt 0.733400 0.284050
vt 0.733400 0.333310
vt 0.733930 0.333310
vt 0.733930 0.284050
vt 0.735960 0.284040
vt 0.735960 0.333310
vt 0.736340 0.333300
vt 0.736340 0.284040
vt 0.823230 0.123040
vt 0.823230 0.172300
vt 0.732900 0.284050
vt 0.732900 0.333310
vt 0.735510 0.284050
vt 0.735510 0.333310
vt 0.822690 0.123040
vt 0.822690 0.172300
vt 0.732450 0.284040
vt 0.732450 0.333310
vt 0.735000 0.284050
vt 0.735000 0.333310
vt 0.822160 0.123040
vt 0.822160 0.172300
vt 0.732070 0.284040
vt 0.732070 0.333300
vt 0.734470 0.284050
vt 0.734470 0.333310
vt 0.821660 0.123040
vt 0.821660 0.172300
vt 0.703480 0.179680
vt 0.703480 0.130420
vt 0.703050 0.130420
vt 0.703050 0.179680
vt 0.821210 0.123040
vt 0.821210 0.172300
vt 0.703970 0.179680
vt 0.703970 0.130420
vt 0.798070 0.172300
vt 0.798070 0.123040
vt 0.797690 0.123040
vt 0.797690 0.172300
vt 0.704500 0.179680
vt 0.704500 0.130420
vt 0.798530 0.172290
vt 0.798530 0.123030
vt 0.705040 0.179680
vt 0.705040 0.130420
vt 0.799030 0.172290
vt 0.799030 0.123030
vt 0.705570 0.179680
vt 0.705570 0.130420
vt 0.799560 0.172290
vt 0.799560 0.123030
vt 0.748410 0.040210
vt 0.748030 0.040330
vt 0.748270 0.040900
vt 0.748620 0.040710
vt 0.750250 0.042050
vt 0.750140 0.042440
vt 0.750750 0.042560
vt 0.750780 0.042160
vt 0.753190 0.037660
vt 0.753500 0.037400
vt 0.753060 0.036970
vt 0.752810 0.037280
vt 0.748310 0.039680
vt 0.747910 0.039720
vt 0.749750 0.041850
vt 0.749560 0.042200
vt 0.753490 0.038110
vt 0.753850 0.037920
vt 0.748310 0.039140
vt 0.747910 0.039100
vt 0.753700 0.038610
vt 0.754080 0.038490
vt 0.748410 0.038610
vt 0.748030 0.038490
vt 0.753800 0.039140
vt 0.754200 0.039100
vt 0.748620 0.038110
vt 0.748270 0.037920
vt 0.753800 0.039680
vt 0.754200 0.039720
vt 0.748920 0.037660
vt 0.748610 0.037400
vt 0.753700 0.040210
vt 0.754080 0.040330
vt 0.749300 0.037280
vt 0.749050 0.036960
vt 0.753490 0.040710
vt 0.753850 0.040900
vt 0.749750 0.036980
vt 0.749560 0.036620
vt 0.753190 0.041160
vt 0.753500 0.041420
vt 0.750250 0.036770
vt 0.750140 0.036380
vt 0.752810 0.041550
vt 0.753060 0.041860
vt 0.750790 0.036660
vt 0.750750 0.036260
vt 0.752360 0.041850
vt 0.752550 0.042200
vt 0.751330 0.036660
vt 0.751370 0.036260
vt 0.749300 0.041550
vt 0.749050 0.041860
vt 0.751860 0.042050
vt 0.751970 0.042440
vt 0.751860 0.036770
vt 0.751970 0.036380
vt 0.748920 0.041160
vt 0.748610 0.041420
vt 0.751330 0.042160
vt 0.751370 0.042560
vt 0.752360 0.036980
vt 0.752550 0.036620
vt 0.984510 0.423290
vt 0.983040 0.423290
vt 0.983040 0.423890
vt 0.984500 0.423890
vt 0.989600 0.936500
vt 0.988140 0.936500
vt 0.988140 0.937020
vt 0.989600 0.937020
vt 0.984510 0.422670
vt 0.983050 0.422670
vt 0.989600 0.935930
vt 0.988140 0.935920
vt 0.984510 0.422050
vt 0.983050 0.422050
vt 0.989600 0.935320
vt 0.988140 0.935320
vt 0.984500 0.421470
vt 0.983040 0.421470
vt 0.989600 0.934700
vt 0.988140 0.934700
vt 0.984500 0.420940
vt 0.983040 0.420940
vt 0.989600 0.934090
vt 0.988140 0.934090
vt 0.984500 0.420470
vt 0.983040 0.420470
vt 0.989600 0.933520
vt 0.988140 0.933520
vt 0.319490 0.707120
vt 0.318030 0.707120
vt 0.318030 0.707640
vt 0.319490 0.707640
vt 0.989600 0.933000
vt 0.988140 0.933000
vt 0.319490 0.706550
vt 0.318030 0.706550
vt 0.647120 0.145870
vt 0.648580 0.145870
vt 0.648580 0.145260
vt 0.647120 0.145260
vt 0.647120 0.142950
vt 0.648580 0.142950
vt 0.648580 0.142510
vt 0.647120 0.142510
vt 0.319490 0.705940
vt 0.318030 0.705940
vt 0.647120 0.146450
vt 0.648580 0.146450
vt 0.647120 0.143460
vt 0.648580 0.143460
vt 0.319490 0.705320
vt 0.318030 0.705320
vt 0.647120 0.146960
vt 0.648580 0.146960
vt 0.647120 0.144040
vt 0.648580 0.144040
vt 0.319490 0.704710
vt 0.318030 0.704710
vt 0.647120 0.147400
vt 0.648580 0.147400
vt 0.647120 0.144640
vt 0.648580 0.144640
vt 0.319490 0.704140
vt 0.318030 0.704140
vt 0.984500 0.424450
vt 0.983040 0.424450
vt 0.983040 0.424940
vt 0.984500 0.424940
vt 0.319490 0.703620
vt 0.318030 0.703620
vt 0.988140 0.937460
vt 0.989600 0.937460
vt 0.963160 0.729030
vt 0.962790 0.729230
vt 0.963000 0.729720
vt 0.963400 0.729600
vt 0.957220 0.730830
vt 0.957640 0.730790
vt 0.957640 0.730250
vt 0.957220 0.730210
vt 0.962820 0.728510
vt 0.962490 0.728780
vt 0.957340 0.731440
vt 0.957750 0.731320
vt 0.962380 0.728070
vt 0.962110 0.728400
vt 0.957580 0.732010
vt 0.957950 0.731810
vt 0.961860 0.727730
vt 0.961660 0.728100
vt 0.957930 0.732530
vt 0.958250 0.732260
vt 0.961290 0.727490
vt 0.961170 0.727900
vt 0.961290 0.733550
vt 0.961170 0.733140
vt 0.960640 0.733250
vt 0.960680 0.733670
vt 0.958360 0.732970
vt 0.958630 0.732640
vt 0.960680 0.727370
vt 0.960640 0.727790
vt 0.961860 0.733310
vt 0.961660 0.732940
vt 0.958880 0.733310
vt 0.959080 0.732940
vt 0.960060 0.727370
vt 0.960100 0.727790
vt 0.962380 0.732960
vt 0.962110 0.732640
vt 0.959450 0.733550
vt 0.959580 0.733140
vt 0.959450 0.727490
vt 0.959580 0.727900
vt 0.962820 0.732530
vt 0.962490 0.732260
vt 0.960060 0.733670
vt 0.960100 0.733250
vt 0.958880 0.727730
vt 0.959080 0.728100
vt 0.963160 0.732010
vt 0.962790 0.731810
vt 0.958360 0.728070
vt 0.958630 0.728400
vt 0.963400 0.731440
vt 0.963000 0.731320
vt 0.957930 0.728510
vt 0.958250 0.728780
vt 0.963520 0.730830
vt 0.963100 0.730790
vt 0.957580 0.729030
vt 0.957950 0.729230
vt 0.963520 0.730210
vt 0.963100 0.730250
vt 0.957340 0.729600
vt 0.957750 0.729720
vt 0.940480 0.213280
vt 0.940480 0.204180
vt 0.940030 0.204180
vt 0.940030 0.213280
vt 0.102640 0.079710
vt 0.102640 0.070610
vt 0.102190 0.070610
vt 0.102190 0.079700
vt 0.940980 0.213280
vt 0.940980 0.204180
vt 0.899320 0.901150
vt 0.899320 0.892050
vt 0.898790 0.892050
vt 0.898790 0.901150
vt 0.896780 0.901150
vt 0.896780 0.892060
vt 0.896400 0.892060
vt 0.896400 0.901150
vt 0.941500 0.213280
vt 0.941500 0.204180
vt 0.899810 0.901150
vt 0.899810 0.892050
vt 0.897230 0.901150
vt 0.897230 0.892050
vt 0.942040 0.213280
vt 0.942040 0.204180
vt 0.900260 0.901150
vt 0.900260 0.892060
vt 0.897720 0.901150
vt 0.897720 0.892050
vt 0.942570 0.213280
vt 0.942570 0.204180
vt 0.900640 0.901150
vt 0.900640 0.892060
vt 0.898250 0.901150
vt 0.898250 0.892050
vt 0.943060 0.213280
vt 0.943060 0.204180
vt 0.650310 0.079920
vt 0.650310 0.070830
vt 0.649880 0.070820
vt 0.649880 0.079920
vt 0.943510 0.213280
vt 0.943510 0.204180
vt 0.650790 0.079920
vt 0.650790 0.070830
vt 0.099160 0.079710
vt 0.099160 0.070610
vt 0.098780 0.070610
vt 0.098780 0.079710
vt 0.651310 0.079920
vt 0.651310 0.070830
vt 0.099610 0.079700
vt 0.099610 0.070610
vt 0.651850 0.079920
vt 0.651850 0.070830
vt 0.100100 0.079700
vt 0.100100 0.070610
vt 0.652380 0.079920
vt 0.652380 0.070830
vt 0.100630 0.079700
vt 0.100630 0.070600
vt 0.652890 0.079920
vt 0.652890 0.070830
vt 0.101170 0.079700
vt 0.101170 0.070600
vt 0.653350 0.079920
vt 0.653350 0.070820
vt 0.101700 0.079700
vt 0.101700 0.070610
vt 0.653750 0.079920
vt 0.653750 0.070820
vt 0.942180 0.202680
vt 0.941390 0.202680
vt 0.564590 0.258230
vt 0.563340 0.258340
vt 0.563490 0.259110
vt 0.564700 0.258750
vt 0.897360 0.890550
vt 0.896640 0.890550
vt 0.942940 0.202680
vt 0.564590 0.257690
vt 0.563340 0.257560
vt 0.898130 0.890550
vt 0.943670 0.202680
vt 0.564700 0.257160
vt 0.563490 0.256790
vt 0.898920 0.890550
vt 0.912610 0.575800
vt 0.911350 0.575800
vt 0.911430 0.576580
vt 0.912660 0.576330
vt 0.650360 0.069330
vt 0.649650 0.069330
vt 0.912660 0.575260
vt 0.911430 0.575020
vt 0.651120 0.069330
vt 0.099020 0.069100
vt 0.098360 0.069100
vt 0.651910 0.069330
vt 0.099740 0.069100
vt 0.652680 0.069330
vt 0.100510 0.069100
vt 0.653420 0.069330
vt 0.101300 0.069100
vt 0.654100 0.069330
vt 0.102070 0.069100
vt 0.678410 0.118440
vt 0.677150 0.118440
vt 0.677220 0.119220
vt 0.678460 0.118970
vt 0.102790 0.069100
vt 0.678460 0.117900
vt 0.677220 0.117660
vt 0.103440 0.069100
vt 0.940620 0.202680
vt 0.939890 0.202680
vt 0.899680 0.890550
vt 0.742340 0.147110
vt 0.742470 0.145870
vt 0.741680 0.145870
vt 0.741800 0.147110
vt 0.900410 0.890550
vt 0.895980 0.890550
vt 0.944310 0.202680
vt 0.944560 0.200530
vt 0.943850 0.200530
vt 0.650230 0.067170
vt 0.649460 0.067170
vt 0.098130 0.066940
vt 0.097520 0.066950
vt 0.097810 0.069110
vt 0.651060 0.067170
vt 0.098840 0.066940
vt 0.651920 0.067170
vt 0.099640 0.066940
vt 0.652770 0.067170
vt 0.100480 0.066940
vt 0.653580 0.067170
vt 0.101340 0.066940
vt 0.654320 0.067170
vt 0.102180 0.066940
vt 0.654680 0.069330
vt 0.654960 0.067170
vt 0.102970 0.066940
vt 0.939720 0.200530
vt 0.939000 0.200530
vt 0.939240 0.202680
vt 0.103680 0.066940
vt 0.940510 0.200530
vt 0.899790 0.888390
vt 0.898950 0.888390
vt 0.895740 0.888390
vt 0.895140 0.888390
vt 0.895430 0.890550
vt 0.941360 0.200530
vt 0.900590 0.888390
vt 0.896460 0.888390
vt 0.942210 0.200530
vt 0.901060 0.890550
vt 0.901300 0.888390
vt 0.897250 0.888390
vt 0.943060 0.200530
vt 0.901610 0.890550
vt 0.901910 0.888400
vt 0.898090 0.888390
vt 0.648770 0.067170
vt 0.649030 0.069330
vt 0.099640 0.065710
vt 0.098840 0.065720
vt 0.652770 0.065950
vt 0.651920 0.065950
vt 0.100480 0.065710
vt 0.653580 0.065950
vt 0.101340 0.065710
vt 0.654320 0.065950
vt 0.102180 0.065710
vt 0.654960 0.065950
vt 0.102970 0.065720
vt 0.939720 0.199300
vt 0.939000 0.199300
vt 0.103680 0.065720
vt 0.940510 0.199300
vt 0.899790 0.887160
vt 0.898950 0.887160
vt 0.895740 0.887170
vt 0.895140 0.887170
vt 0.941360 0.199300
vt 0.900590 0.887170
vt 0.896460 0.887170
vt 0.942210 0.199300
vt 0.901300 0.887170
vt 0.897250 0.887160
vt 0.943060 0.199300
vt 0.901910 0.887170
vt 0.898090 0.887160
vt 0.943850 0.199300
vt 0.649460 0.065950
vt 0.648770 0.065950
vt 0.944560 0.199300
vt 0.650230 0.065950
vt 0.098130 0.065720
vt 0.097520 0.065730
vt 0.651060 0.065950
vt 0.612130 0.313510
vt 0.609980 0.312860
vt 0.609730 0.314130
vt 0.611960 0.314350
vt 0.619100 0.318170
vt 0.620520 0.319900
vt 0.621440 0.318980
vt 0.619700 0.317560
vt 0.612460 0.312720
vt 0.610480 0.311660
vt 0.618380 0.318640
vt 0.619440 0.320620
vt 0.612940 0.312010
vt 0.611200 0.310580
vt 0.617590 0.318970
vt 0.618240 0.321120
vt 0.617590 0.310590
vt 0.618240 0.308440
vt 0.616970 0.308190
vt 0.616750 0.310430
vt 0.613540 0.311400
vt 0.612120 0.309660
vt 0.616750 0.319140
vt 0.616970 0.321370
vt 0.618380 0.310920
vt 0.619440 0.308940
vt 0.614260 0.310920
vt 0.613200 0.308940
vt 0.615890 0.319140
vt 0.615670 0.321370
vt 0.619100 0.311400
vt 0.620520 0.309660
vt 0.615050 0.310590
vt 0.614400 0.308440
vt 0.615050 0.318970
vt 0.614400 0.321120
vt 0.619700 0.312010
vt 0.621440 0.310580
vt 0.615890 0.310430
vt 0.615670 0.308190
vt 0.614260 0.318640
vt 0.613200 0.320620
vt 0.620180 0.312720
vt 0.622160 0.311660
vt 0.613540 0.318170
vt 0.612120 0.319900
vt 0.620510 0.313510
vt 0.622660 0.312860
vt 0.612940 0.317560
vt 0.611200 0.318980
vt 0.620680 0.314350
vt 0.622910 0.314130
vt 0.612460 0.316850
vt 0.610480 0.317900
vt 0.620680 0.315210
vt 0.622910 0.315430
vt 0.612130 0.316050
vt 0.609980 0.316700
vt 0.620510 0.316050
vt 0.622660 0.316700
vt 0.611960 0.315210
vt 0.609730 0.315430
vt 0.620180 0.316850
vt 0.622160 0.317900
vt 0.981880 0.303730
vt 0.979320 0.303730
vt 0.979330 0.304650
vt 0.981880 0.304650
vt 0.985150 0.078280
vt 0.982590 0.078280
vt 0.982590 0.079550
vt 0.985150 0.079550
vt 0.981870 0.296410
vt 0.979320 0.296410
vt 0.979320 0.297610
vt 0.981870 0.297610
vt 0.981870 0.302650
vt 0.979320 0.302650
vt 0.985150 0.076980
vt 0.982590 0.076980
vt 0.981880 0.295330
vt 0.979320 0.295330
vt 0.981870 0.301450
vt 0.979320 0.301450
vt 0.985150 0.075710
vt 0.982590 0.075710
vt 0.981880 0.294410
vt 0.979330 0.294410
vt 0.981870 0.300180
vt 0.979310 0.300180
vt 0.985150 0.074510
vt 0.982590 0.074510
vt 0.282090 0.018480
vt 0.284650 0.018480
vt 0.284650 0.017440
vt 0.282090 0.017440
vt 0.981870 0.298880
vt 0.979310 0.298880
vt 0.985150 0.073440
vt 0.982590 0.073440
vt 0.282090 0.019650
vt 0.284640 0.019650
vt 0.289080 0.025270
vt 0.286520 0.025270
vt 0.286530 0.026190
vt 0.289080 0.026200
vt 0.282090 0.020910
vt 0.284640 0.020910
vt 0.289070 0.024190
vt 0.286520 0.024190
vt 0.282090 0.022200
vt 0.284640 0.022200
vt 0.289070 0.022990
vt 0.286510 0.022990
vt 0.282090 0.023490
vt 0.284640 0.023490
vt 0.289070 0.021710
vt 0.286510 0.021710
vt 0.282090 0.024710
vt 0.284640 0.024710
vt 0.289070 0.020420
vt 0.286510 0.020410
vt 0.282090 0.025830
vt 0.284650 0.025830
vt 0.289070 0.019140
vt 0.286520 0.019140
vt 0.282090 0.026800
vt 0.284650 0.026800
vt 0.289080 0.017950
vt 0.286520 0.017950
vt 0.985150 0.080760
vt 0.982590 0.080760
vt 0.982590 0.081840
vt 0.985150 0.081840
vt 0.289080 0.016870
vt 0.286530 0.016870
vt 0.045530 0.108170
vt 0.045530 0.106120
vt 0.043630 0.106120
vt 0.043630 0.108170
vt 0.727710 0.100400
vt 0.727720 0.098560
vt 0.725820 0.098560
vt 0.725810 0.100390
vt 0.045530 0.110020
vt 0.043630 0.110020
vt 0.727700 0.102430
vt 0.725800 0.102430
vt 0.659170 0.108600
vt 0.659180 0.110250
vt 0.661080 0.110250
vt 0.661080 0.108600
vt 0.727700 0.104600
vt 0.725790 0.104600
vt 0.659170 0.106700
vt 0.661080 0.106700
vt 0.727700 0.106810
vt 0.725790 0.106810
vt 0.659170 0.104610
vt 0.661070 0.104610
vt 0.727700 0.108990
vt 0.725790 0.108980
vt 0.659170 0.102420
vt 0.661070 0.102420
vt 0.727700 0.111030
vt 0.725800 0.111030
vt 0.659170 0.100210
vt 0.661070 0.100210
vt 0.727710 0.112880
vt 0.725810 0.112880
vt 0.659170 0.098070
vt 0.661080 0.098070
vt 0.727720 0.114450
vt 0.725820 0.114450
vt 0.659170 0.096080
vt 0.661080 0.096080
vt 0.045530 0.097530
vt 0.045530 0.095700
vt 0.043630 0.095700
vt 0.043630 0.097530
vt 0.755020 0.106850
vt 0.755020 0.104640
vt 0.753110 0.104640
vt 0.753110 0.106850
vt 0.659180 0.094310
vt 0.661080 0.094310
vt 0.045530 0.099570
vt 0.043630 0.099570
vt 0.755020 0.109020
vt 0.753110 0.109020
vt 0.755030 0.098590
vt 0.755040 0.097030
vt 0.753130 0.097030
vt 0.753130 0.098590
vt 0.045530 0.101740
vt 0.043630 0.101740
vt 0.755030 0.111070
vt 0.753120 0.111070
vt 0.755030 0.100430
vt 0.753120 0.100430
vt 0.045530 0.103950
vt 0.043630 0.103950
vt 0.755030 0.112910
vt 0.753130 0.112910
vt 0.755020 0.102470
vt 0.753120 0.102470
vt 0.755040 0.114480
vt 0.753130 0.114480
vt 0.830780 0.694450
vt 0.832340 0.692890
vt 0.830750 0.691580
vt 0.829470 0.692860
vt 0.822510 0.674500
vt 0.820340 0.674930
vt 0.820940 0.676900
vt 0.822710 0.676540
vt 0.818300 0.695680
vt 0.820340 0.696530
vt 0.820940 0.694560
vt 0.819270 0.693870
vt 0.828940 0.695680
vt 0.827970 0.693870
vt 0.824720 0.674500
vt 0.824520 0.676540
vt 0.816460 0.694450
vt 0.817760 0.692860
vt 0.826890 0.696530
vt 0.826300 0.694560
vt 0.826890 0.674930
vt 0.826300 0.676900
vt 0.814900 0.692890
vt 0.816480 0.691580
vt 0.824720 0.696960
vt 0.824520 0.694910
vt 0.828940 0.675780
vt 0.827970 0.677590
vt 0.813670 0.691050
vt 0.815480 0.690080
vt 0.822510 0.696960
vt 0.822710 0.694910
vt 0.830780 0.677010
vt 0.829470 0.678590
vt 0.812820 0.689010
vt 0.814790 0.688410
vt 0.832340 0.678570
vt 0.830750 0.679870
vt 0.812390 0.686840
vt 0.814430 0.686630
vt 0.833570 0.680410
vt 0.831760 0.681380
vt 0.812390 0.684620
vt 0.814430 0.684820
vt 0.834420 0.682450
vt 0.832450 0.683050
vt 0.812820 0.682450
vt 0.814790 0.683050
vt 0.834850 0.684620
vt 0.832800 0.684820
vt 0.813670 0.680410
vt 0.815480 0.681380
vt 0.834850 0.686840
vt 0.832800 0.686630
vt 0.814900 0.678570
vt 0.816480 0.679870
vt 0.834420 0.689010
vt 0.832450 0.688410
vt 0.816460 0.677010
vt 0.817760 0.678590
vt 0.833570 0.691050
vt 0.831760 0.690080
vt 0.818300 0.675780
vt 0.819270 0.677590
vt 0.361080 0.079030
vt 0.361090 0.077530
vt 0.358160 0.077530
vt 0.358150 0.079030
vt 0.566310 0.101430
vt 0.566310 0.099620
vt 0.563380 0.099620
vt 0.563380 0.101430
vt 0.361090 0.089240
vt 0.361080 0.087730
vt 0.358150 0.087730
vt 0.358160 0.089240
vt 0.361080 0.080700
vt 0.358150 0.080700
vt 0.566310 0.103200
vt 0.563380 0.103200
vt 0.361100 0.090520
vt 0.358160 0.090520
vt 0.361080 0.082470
vt 0.358150 0.082470
vt 0.566310 0.104880
vt 0.563380 0.104880
vt 0.739100 0.072150
vt 0.739110 0.070650
vt 0.736180 0.070650
vt 0.736170 0.072150
vt 0.566310 0.106390
vt 0.563380 0.106390
vt 0.739100 0.073820
vt 0.736160 0.073820
vt 0.153310 0.071560
vt 0.153310 0.072910
vt 0.156250 0.072910
vt 0.156240 0.071560
vt 0.739090 0.075590
vt 0.736160 0.075590
vt 0.153310 0.070000
vt 0.156240 0.070000
vt 0.739090 0.077400
vt 0.736160 0.077400
vt 0.153310 0.068300
vt 0.156240 0.068300
vt 0.739090 0.079180
vt 0.736160 0.079170
vt 0.153310 0.066500
vt 0.156240 0.066500
vt 0.739100 0.080850
vt 0.736160 0.080850
vt 0.153310 0.064700
vt 0.156240 0.064700
vt 0.739100 0.082360
vt 0.736170 0.082360
vt 0.153310 0.062950
vt 0.156240 0.062950
vt 0.739110 0.083650
vt 0.736180 0.083640
vt 0.153310 0.061310
vt 0.156240 0.061310
vt 0.566310 0.096180
vt 0.566310 0.094680
vt 0.563380 0.094680
vt 0.563380 0.096180
vt 0.361080 0.084280
vt 0.358150 0.084280
vt 0.153310 0.059870
vt 0.156250 0.059870
vt 0.566310 0.097850
vt 0.563380 0.097850
vt 0.361080 0.086060
vt 0.358150 0.086060
vt 0.361100 0.076250
vt 0.358160 0.076250
vt 0.832820 0.268140
vt 0.831540 0.266860
vt 0.829430 0.269420
vt 0.830250 0.270240
vt 0.816500 0.274890
vt 0.816850 0.276670
vt 0.820030 0.275700
vt 0.819800 0.274570
vt 0.833820 0.269640
vt 0.830890 0.271200
vt 0.816500 0.273090
vt 0.819800 0.273410
vt 0.834510 0.271310
vt 0.831340 0.272270
vt 0.816850 0.271310
vt 0.820030 0.272270
vt 0.834870 0.273090
vt 0.831560 0.273410
vt 0.817540 0.269640
vt 0.820470 0.271200
vt 0.834870 0.274890
vt 0.831560 0.274570
vt 0.818550 0.268140
vt 0.821110 0.270240
vt 0.834510 0.276670
vt 0.831340 0.275700
vt 0.819830 0.266860
vt 0.821930 0.269420
vt 0.833820 0.278340
vt 0.830890 0.276770
vt 0.821330 0.265850
vt 0.822900 0.268780
vt 0.832820 0.279840
vt 0.830250 0.277740
vt 0.823000 0.265160
vt 0.823970 0.268330
vt 0.823000 0.282820
vt 0.824780 0.283170
vt 0.825100 0.279870
vt 0.823970 0.279640
vt 0.831540 0.281120
vt 0.829430 0.278560
vt 0.824780 0.264810
vt 0.825100 0.268110
vt 0.821330 0.282130
vt 0.822900 0.279200
vt 0.830030 0.282130
vt 0.828470 0.279200
vt 0.826590 0.264810
vt 0.826260 0.268110
vt 0.819830 0.281120
vt 0.821930 0.278560
vt 0.828360 0.282820
vt 0.827400 0.279640
vt 0.828360 0.265160
vt 0.827400 0.268330
vt 0.818550 0.279840
vt 0.821110 0.277740
vt 0.826590 0.283170
vt 0.826260 0.279870
vt 0.830030 0.265850
vt 0.828470 0.268780
vt 0.817540 0.278340
vt 0.820470 0.276770
vt 0.828480 0.273130
vt 0.828590 0.273700
vt 0.822870 0.273130
vt 0.823090 0.272600
vt 0.828590 0.274270
vt 0.823410 0.272130
vt 0.828480 0.274840
vt 0.823820 0.271720
vt 0.828260 0.275370
vt 0.824300 0.271400
vt 0.827940 0.275840
vt 0.824830 0.271180
vt 0.825390 0.276900
vt 0.824830 0.276790
vt 0.827540 0.276250
vt 0.825390 0.271070
vt 0.824300 0.276570
vt 0.827060 0.276570
vt 0.825970 0.271070
vt 0.823820 0.276250
vt 0.826530 0.276790
vt 0.826530 0.271180
vt 0.823410 0.275840
vt 0.825970 0.276900
vt 0.827060 0.271400
vt 0.823090 0.275370
vt 0.827540 0.271720
vt 0.822870 0.274840
vt 0.827940 0.272130
vt 0.822760 0.274270
vt 0.828260 0.272600
vt 0.822760 0.273700
vt 0.863090 0.421640
vt 0.863090 0.421090
vt 0.860600 0.421090
vt 0.860600 0.421640
vt 0.084300 0.072910
vt 0.084300 0.072500
vt 0.081810 0.072500
vt 0.081820 0.072900
vt 0.863090 0.422160
vt 0.860600 0.422160
vt 0.294760 0.704100
vt 0.294760 0.703620
vt 0.292270 0.703620
vt 0.292270 0.704100
vt 0.739190 0.191230
vt 0.739190 0.190660
vt 0.736710 0.190660
vt 0.736710 0.191230
vt 0.863090 0.422620
vt 0.860600 0.422620
vt 0.294760 0.704630
vt 0.292270 0.704630
vt 0.739200 0.191800
vt 0.736710 0.191800
vt 0.739200 0.189090
vt 0.739200 0.188680
vt 0.736720 0.188680
vt 0.736710 0.189090
vt 0.294760 0.705190
vt 0.292270 0.705190
vt 0.739200 0.192330
vt 0.736710 0.192330
vt 0.739200 0.189570
vt 0.736710 0.189570
vt 0.294760 0.705770
vt 0.292270 0.705770
vt 0.739200 0.192810
vt 0.736710 0.192810
vt 0.739200 0.190100
vt 0.736710 0.190100
vt 0.294760 0.706330
vt 0.292270 0.706330
vt 0.739200 0.193210
vt 0.736720 0.193210
vt 0.294760 0.706860
vt 0.292270 0.706860
vt 0.084300 0.069260
vt 0.084300 0.068780
vt 0.081820 0.068780
vt 0.081810 0.069250
vt 0.294760 0.707340
vt 0.292270 0.707340
vt 0.084300 0.069780
vt 0.081810 0.069780
vt 0.863090 0.418910
vt 0.863090 0.418480
vt 0.860600 0.418480
vt 0.860600 0.418910
vt 0.084290 0.070350
vt 0.081810 0.070350
vt 0.863090 0.419400
vt 0.860600 0.419400
vt 0.084290 0.070920
vt 0.081810 0.070920
vt 0.863090 0.419940
vt 0.860600 0.419940
vt 0.084290 0.071490
vt 0.081810 0.071480
vt 0.863090 0.420510
vt 0.860600 0.420510
vt 0.084300 0.072020
vt 0.081810 0.072020
vt 0.842140 0.596220
vt 0.842700 0.596110
vt 0.842640 0.595540
vt 0.841970 0.595670
vt 0.844850 0.596760
vt 0.845250 0.597170
vt 0.845700 0.596800
vt 0.845210 0.596320
vt 0.842700 0.601940
vt 0.842140 0.601830
vt 0.841970 0.602380
vt 0.842640 0.602520
vt 0.841610 0.596440
vt 0.841340 0.595940
vt 0.844370 0.596440
vt 0.844640 0.595940
vt 0.843270 0.601940
vt 0.843330 0.602520
vt 0.841130 0.596760
vt 0.840760 0.596320
vt 0.843840 0.596220
vt 0.844010 0.595670
vt 0.843840 0.601830
vt 0.844010 0.602380
vt 0.840720 0.597170
vt 0.840280 0.596800
vt 0.843280 0.596110
vt 0.843330 0.595540
vt 0.844370 0.601610
vt 0.844640 0.602120
vt 0.840400 0.597650
vt 0.839900 0.597380
vt 0.844850 0.601290
vt 0.845210 0.601740
vt 0.840180 0.598180
vt 0.839630 0.598010
vt 0.845250 0.600890
vt 0.845700 0.601250
vt 0.840070 0.598740
vt 0.839500 0.598680
vt 0.845570 0.600410
vt 0.846080 0.600680
vt 0.840070 0.599320
vt 0.839500 0.599370
vt 0.845790 0.599880
vt 0.846340 0.600050
vt 0.840180 0.599880
vt 0.839630 0.600050
vt 0.845900 0.599320
vt 0.846480 0.599370
vt 0.840400 0.600410
vt 0.839900 0.600680
vt 0.845900 0.598740
vt 0.846480 0.598680
vt 0.840720 0.600890
vt 0.840280 0.601250
vt 0.845790 0.598180
vt 0.846340 0.598010
vt 0.841130 0.601290
vt 0.840760 0.601740
vt 0.845570 0.597650
vt 0.846080 0.597380
vt 0.841610 0.601610
vt 0.841340 0.602120
vt 0.893770 0.135000
vt 0.893770 0.135490
vt 0.895630 0.135490
vt 0.895630 0.135000
vt 0.893780 0.138060
vt 0.893770 0.138730
vt 0.895630 0.138730
vt 0.895630 0.138060
vt 0.967080 0.232110
vt 0.967080 0.231470
vt 0.965230 0.231470
vt 0.965230 0.232110
vt 0.953310 0.849940
vt 0.953310 0.849370
vt 0.951450 0.849370
vt 0.951450 0.849940
vt 0.967080 0.232680
vt 0.965230 0.232680
vt 0.953310 0.850570
vt 0.951450 0.850570
vt 0.773770 0.075130
vt 0.773770 0.074620
vt 0.771910 0.074620
vt 0.771920 0.075130
vt 0.953300 0.851250
vt 0.951450 0.851250
vt 0.773770 0.075730
vt 0.771920 0.075730
vt 0.953300 0.851930
vt 0.951450 0.851930
vt 0.773780 0.076370
vt 0.771920 0.076370
vt 0.953300 0.852610
vt 0.951450 0.852610
vt 0.773780 0.077050
vt 0.771920 0.077050
vt 0.953310 0.853240
vt 0.951450 0.853240
vt 0.773780 0.077740
vt 0.771920 0.077740
vt 0.953310 0.853820
vt 0.951450 0.853820
vt 0.773780 0.078410
vt 0.771920 0.078410
vt 0.953310 0.854310
vt 0.951450 0.854300
vt 0.773770 0.079030
vt 0.771920 0.079030
vt 0.967080 0.228810
vt 0.967080 0.228240
vt 0.965230 0.228240
vt 0.965230 0.228810
vt 0.893770 0.137370
vt 0.895630 0.137370
vt 0.773770 0.079580
vt 0.771910 0.079570
vt 0.967080 0.229440
vt 0.965230 0.229440
vt 0.893770 0.136700
vt 0.895630 0.136700
vt 0.893770 0.139940
vt 0.893770 0.140420
vt 0.895630 0.140420
vt 0.895630 0.139940
vt 0.967080 0.230110
vt 0.965230 0.230110
vt 0.893770 0.136060
vt 0.895630 0.136060
vt 0.893770 0.139370
vt 0.895630 0.139370
vt 0.967080 0.230800
vt 0.965230 0.230800
vt 0.943510 0.153200
vt 0.942830 0.153060
vt 0.942760 0.153800
vt 0.943290 0.153910
vt 0.942830 0.160040
vt 0.943510 0.159910
vt 0.943290 0.159200
vt 0.942760 0.159300
vt 0.944140 0.153460
vt 0.943790 0.154120
vt 0.942150 0.160040
vt 0.942220 0.159300
vt 0.944710 0.153840
vt 0.944240 0.154420
vt 0.941470 0.159910
vt 0.941690 0.159200
vt 0.945200 0.154330
vt 0.944620 0.154800
vt 0.940840 0.159640
vt 0.941190 0.158990
vt 0.945580 0.154900
vt 0.944920 0.155250
vt 0.940270 0.159260
vt 0.940740 0.158690
vt 0.945840 0.155540
vt 0.945130 0.155750
vt 0.939780 0.158780
vt 0.940350 0.158300
vt 0.945980 0.156210
vt 0.945240 0.156280
vt 0.939400 0.154900
vt 0.939140 0.155540
vt 0.939850 0.155750
vt 0.940050 0.155250
vt 0.939400 0.158200
vt 0.940050 0.157850
vt 0.945980 0.156900
vt 0.945240 0.156820
vt 0.939780 0.154330
vt 0.940350 0.154800
vt 0.939140 0.157570
vt 0.939850 0.157350
vt 0.945840 0.157570
vt 0.945130 0.157350
vt 0.940270 0.153840
vt 0.940740 0.154420
vt 0.939000 0.156900
vt 0.939740 0.156820
vt 0.945580 0.158200
vt 0.944920 0.157850
vt 0.940840 0.153460
vt 0.941190 0.154120
vt 0.939000 0.156210
vt 0.939740 0.156280
vt 0.945200 0.158780
vt 0.944620 0.158300
vt 0.941470 0.153200
vt 0.941690 0.153910
vt 0.944710 0.159260
vt 0.944240 0.158690
vt 0.942150 0.153060
vt 0.942220 0.153800
vt 0.944140 0.159640
vt 0.943790 0.158990
vt 0.793000 0.172290
vt 0.793500 0.172290
vt 0.793500 0.123030
vt 0.793000 0.123030
vt 0.758330 0.185670
vt 0.758870 0.185670
vt 0.758870 0.136410
vt 0.758330 0.136410
vt 0.792550 0.172300
vt 0.792550 0.123040
vt 0.757810 0.185670
vt 0.757810 0.136410
vt 0.792170 0.172300
vt 0.792170 0.123040
vt 0.757320 0.185670
vt 0.757320 0.136400
vt 0.768390 0.172220
vt 0.768830 0.172220
vt 0.768830 0.122950
vt 0.768390 0.122950
vt 0.838120 0.539020
vt 0.837580 0.539020
vt 0.837580 0.588280
vt 0.838120 0.588280
vt 0.756890 0.185670
vt 0.756890 0.136400
vt 0.767890 0.172220
vt 0.767890 0.122950
vt 0.838650 0.539020
vt 0.838650 0.588280
vt 0.836100 0.539010
vt 0.835720 0.539010
vt 0.835720 0.588270
vt 0.836100 0.588270
vt 0.767360 0.172210
vt 0.767360 0.122950
vt 0.839160 0.539010
vt 0.839160 0.588280
vt 0.836550 0.539010
vt 0.836550 0.588280
vt 0.766810 0.172220
vt 0.766810 0.122950
vt 0.839610 0.539010
vt 0.839610 0.588270
vt 0.837050 0.539020
vt 0.837050 0.588280
vt 0.766280 0.172220
vt 0.766280 0.122950
vt 0.839990 0.539010
vt 0.839990 0.588270
vt 0.765780 0.172220
vt 0.765780 0.122950
vt 0.795610 0.172290
vt 0.796060 0.172300
vt 0.796060 0.123040
vt 0.795610 0.123030
vt 0.765330 0.172220
vt 0.765330 0.122950
vt 0.795110 0.172290
vt 0.795110 0.123030
vt 0.760390 0.185670
vt 0.760790 0.185670
vt 0.760790 0.136400
vt 0.760390 0.136400
vt 0.794580 0.172290
vt 0.794580 0.123030
vt 0.759920 0.185670
vt 0.759920 0.136410
vt 0.794040 0.172290
vt 0.794040 0.123030
vt 0.759410 0.185670
vt 0.759410 0.136410
vt 0.958100 0.692870
vt 0.957790 0.692420
vt 0.957440 0.692610
vt 0.957780 0.693130
vt 0.957590 0.690320
vt 0.957790 0.689820
vt 0.957440 0.689630
vt 0.957200 0.690200
vt 0.962870 0.690320
vt 0.962980 0.690850
vt 0.963380 0.690810
vt 0.963260 0.690200
vt 0.958480 0.693250
vt 0.958220 0.693570
vt 0.957480 0.690850
vt 0.957080 0.690810
vt 0.962670 0.689820
vt 0.963020 0.689630
vt 0.958930 0.693560
vt 0.958740 0.693910
vt 0.962370 0.689370
vt 0.962680 0.689110
vt 0.959430 0.693760
vt 0.959310 0.694150
vt 0.961980 0.688980
vt 0.962240 0.688670
vt 0.959960 0.693870
vt 0.959920 0.694270
vt 0.961530 0.688680
vt 0.961720 0.688330
vt 0.960500 0.693870
vt 0.960540 0.694270
vt 0.961030 0.688480
vt 0.961150 0.688090
vt 0.961030 0.693760
vt 0.961150 0.694150
vt 0.960500 0.688370
vt 0.960540 0.687970
vt 0.961530 0.693560
vt 0.961720 0.693910
vt 0.959960 0.688370
vt 0.959920 0.687970
vt 0.961980 0.693250
vt 0.962240 0.693570
vt 0.959430 0.688480
vt 0.959310 0.688090
vt 0.962370 0.692870
vt 0.962680 0.693130
vt 0.958930 0.688680
vt 0.958740 0.688330
vt 0.962670 0.692420
vt 0.963020 0.692610
vt 0.957480 0.691390
vt 0.957080 0.691430
vt 0.958480 0.688980
vt 0.958220 0.688670
vt 0.962870 0.691920
vt 0.963260 0.692040
vt 0.957590 0.691920
vt 0.957200 0.692040
vt 0.958100 0.689370
vt 0.957780 0.689110
vt 0.962980 0.691390
vt 0.963380 0.691430
vt 0.991610 0.888680
vt 0.991610 0.888110
vt 0.990150 0.888110
vt 0.990150 0.888680
vt 0.986500 0.933450
vt 0.986500 0.932990
vt 0.985040 0.932990
vt 0.985040 0.933450
vt 0.991610 0.889290
vt 0.990150 0.889290
vt 0.986500 0.933980
vt 0.985040 0.933980
vt 0.991610 0.889910
vt 0.990150 0.889910
vt 0.986500 0.934570
vt 0.985040 0.934570
vt 0.991610 0.890520
vt 0.990150 0.890520
vt 0.986500 0.935180
vt 0.985040 0.935180
vt 0.991610 0.891100
vt 0.990150 0.891090
vt 0.986500 0.935800
vt 0.985040 0.935800
vt 0.991610 0.891610
vt 0.990150 0.891610
vt 0.986500 0.936400
vt 0.985040 0.936400
vt 0.991610 0.892050
vt 0.990150 0.892050
vt 0.986500 0.936960
vt 0.985040 0.936960
vt 0.313300 0.704140
vt 0.313300 0.703620
vt 0.311840 0.703620
vt 0.311840 0.704140
vt 0.973970 0.890300
vt 0.973970 0.889680
vt 0.972510 0.889680
vt 0.972510 0.890300
vt 0.986500 0.937460
vt 0.985040 0.937460
vt 0.313300 0.704710
vt 0.311840 0.704710
vt 0.973970 0.890910
vt 0.972510 0.890910
vt 0.973970 0.887990
vt 0.973970 0.887550
vt 0.972510 0.887550
vt 0.972510 0.887990
vt 0.313300 0.705320
vt 0.311840 0.705320
vt 0.973970 0.891490
vt 0.972510 0.891490
vt 0.973970 0.888500
vt 0.972510 0.888500
vt 0.313300 0.705940
vt 0.311840 0.705940
vt 0.973970 0.892000
vt 0.972510 0.892000
vt 0.973970 0.889080
vt 0.972510 0.889080
vt 0.313300 0.706550
vt 0.311840 0.706550
vt 0.973970 0.892440
vt 0.972510 0.892440
vt 0.313300 0.707120
vt 0.311840 0.707120
vt 0.991610 0.887600
vt 0.990150 0.887600
vt 0.313300 0.707640
vt 0.311840 0.707640
vt 0.714000 0.039080
vt 0.714000 0.039700
vt 0.714430 0.039660
vt 0.714430 0.039120
vt 0.720180 0.038470
vt 0.719940 0.037900
vt 0.719570 0.038100
vt 0.719780 0.038590
vt 0.714130 0.038470
vt 0.714530 0.038590
vt 0.720300 0.039080
vt 0.719880 0.039120
vt 0.714360 0.037900
vt 0.714740 0.038100
vt 0.720300 0.039700
vt 0.719880 0.039660
vt 0.714710 0.037380
vt 0.715030 0.037650
vt 0.720180 0.040310
vt 0.719780 0.040190
vt 0.715150 0.036940
vt 0.715410 0.037270
vt 0.717460 0.042540
vt 0.718070 0.042420
vt 0.717950 0.042010
vt 0.717420 0.042120
vt 0.719940 0.040880
vt 0.719570 0.040680
vt 0.715660 0.036600
vt 0.715860 0.036970
vt 0.716840 0.042540
vt 0.716890 0.042120
vt 0.719600 0.041400
vt 0.719270 0.041130
vt 0.716240 0.036360
vt 0.716360 0.036770
vt 0.716230 0.042420
vt 0.716360 0.042010
vt 0.719160 0.041840
vt 0.718890 0.041510
vt 0.716840 0.036240
vt 0.716890 0.036660
vt 0.715660 0.042180
vt 0.715860 0.041810
vt 0.718640 0.042180
vt 0.718450 0.041810
vt 0.717460 0.036240
vt 0.717420 0.036660
vt 0.715150 0.041840
vt 0.715410 0.041510
vt 0.718070 0.036360
vt 0.717950 0.036770
vt 0.714710 0.041400
vt 0.715030 0.041130
vt 0.718650 0.036600
vt 0.718450 0.036970
vt 0.714360 0.040880
vt 0.714740 0.040680
vt 0.719160 0.036940
vt 0.718890 0.037270
vt 0.714130 0.040310
vt 0.714530 0.040190
vt 0.719600 0.037380
vt 0.719270 0.037650
vt 0.549370 0.079840
vt 0.549750 0.079840
vt 0.549750 0.070740
vt 0.549370 0.070750
vt 0.692450 0.080380
vt 0.692930 0.080380
vt 0.692930 0.071280
vt 0.692450 0.071280
vt 0.864940 0.070510
vt 0.865380 0.070510
vt 0.865380 0.061410
vt 0.864940 0.061410
vt 0.897420 0.417900
vt 0.896880 0.417900
vt 0.896880 0.427000
vt 0.897420 0.427000
vt 0.692020 0.080380
vt 0.692020 0.071280
vt 0.864440 0.070510
vt 0.864440 0.061410
vt 0.897950 0.417900
vt 0.897950 0.427000
vt 0.895410 0.417900
vt 0.895030 0.417890
vt 0.895030 0.426990
vt 0.895410 0.426990
vt 0.863920 0.070510
vt 0.863920 0.061410
vt 0.898450 0.417900
vt 0.898450 0.426990
vt 0.895860 0.417900
vt 0.895860 0.426990
vt 0.863380 0.070510
vt 0.863380 0.061410
vt 0.898890 0.417900
vt 0.898890 0.426990
vt 0.896360 0.417900
vt 0.896360 0.427000
vt 0.862850 0.070510
vt 0.862850 0.061410
vt 0.899270 0.417890
vt 0.899270 0.426990
vt 0.862350 0.070510
vt 0.862350 0.061410
vt 0.552780 0.079840
vt 0.553230 0.079840
vt 0.553230 0.070740
vt 0.552780 0.070740
vt 0.861900 0.070510
vt 0.861900 0.061410
vt 0.552290 0.079840
vt 0.552290 0.070740
vt 0.695490 0.080380
vt 0.695890 0.080380
vt 0.695890 0.071280
vt 0.695490 0.071280
vt 0.551760 0.079840
vt 0.551760 0.070740
vt 0.695030 0.080380
vt 0.695030 0.071280
vt 0.551220 0.079840
vt 0.551220 0.070740
vt 0.694520 0.080380
vt 0.694520 0.071280
vt 0.550700 0.079840
vt 0.550700 0.070740
vt 0.693990 0.080380
vt 0.693990 0.071280
vt 0.550200 0.079840
vt 0.550200 0.070740
vt 0.693450 0.080380
vt 0.693450 0.071280
vt 0.864820 0.059910
vt 0.864050 0.059910
vt 0.898310 0.428500
vt 0.899040 0.428500
vt 0.615250 0.304590
vt 0.615350 0.305120
vt 0.616610 0.305000
vt 0.616460 0.304230
vt 0.863260 0.059910
vt 0.899690 0.428500
vt 0.895270 0.428500
vt 0.895990 0.428500
vt 0.862490 0.059910
vt 0.662450 0.324320
vt 0.662990 0.324320
vt 0.663110 0.323070
vt 0.662330 0.323070
vt 0.896760 0.428500
vt 0.861770 0.059910
vt 0.554030 0.069240
vt 0.553380 0.069230
vt 0.885220 0.119180
vt 0.885270 0.118650
vt 0.884030 0.118400
vt 0.883950 0.119190
vt 0.552660 0.069230
vt 0.885270 0.119720
vt 0.884030 0.119970
vt 0.551890 0.069230
vt 0.696240 0.069780
vt 0.695560 0.069780
vt 0.551110 0.069230
vt 0.694820 0.069780
vt 0.550340 0.069230
vt 0.694050 0.069780
vt 0.549610 0.069230
vt 0.693260 0.069780
vt 0.548960 0.069240
vt 0.692500 0.069780
vt 0.277950 0.075100
vt 0.278000 0.074560
vt 0.276770 0.074320
vt 0.276690 0.075100
vt 0.691800 0.069780
vt 0.278000 0.075630
vt 0.276770 0.075880
vt 0.897540 0.428500
vt 0.615350 0.305660
vt 0.615250 0.306190
vt 0.616460 0.306560
vt 0.616610 0.305790
vt 0.865540 0.059910
vt 0.862390 0.057760
vt 0.861590 0.057760
vt 0.554270 0.067080
vt 0.553560 0.067070
vt 0.861110 0.059910
vt 0.860870 0.057760
vt 0.552770 0.067070
vt 0.696820 0.069780
vt 0.697100 0.067630
vt 0.696460 0.067630
vt 0.551930 0.067070
vt 0.695720 0.067630
vt 0.551070 0.067070
vt 0.694910 0.067630
vt 0.550230 0.067070
vt 0.694060 0.067630
vt 0.549430 0.067070
vt 0.693210 0.067630
vt 0.548720 0.067080
vt 0.692370 0.067630
vt 0.548400 0.069240
vt 0.548110 0.067080
vt 0.691600 0.067630
vt 0.866190 0.059910
vt 0.866430 0.057760
vt 0.865720 0.057760
vt 0.896720 0.430660
vt 0.897580 0.430660
vt 0.691170 0.069780
vt 0.690910 0.067630
vt 0.864930 0.057760
vt 0.898420 0.430660
vt 0.894610 0.428500
vt 0.894060 0.428500
vt 0.893770 0.430650
vt 0.894370 0.430660
vt 0.864090 0.057760
vt 0.899210 0.430660
vt 0.895090 0.430660
vt 0.863230 0.057760
vt 0.899930 0.430660
vt 0.895880 0.430660
vt 0.900250 0.428500
vt 0.900540 0.430650
vt 0.696460 0.066400
vt 0.695720 0.066410
vt 0.551930 0.065850
vt 0.551070 0.065850
vt 0.694910 0.066410
vt 0.550230 0.065850
vt 0.694060 0.066410
vt 0.549430 0.065850
vt 0.693210 0.066410
vt 0.548720 0.065850
vt 0.692370 0.066410
vt 0.548110 0.065860
vt 0.691600 0.066400
vt 0.866430 0.056540
vt 0.865720 0.056540
vt 0.896720 0.431880
vt 0.897580 0.431880
vt 0.690910 0.066400
vt 0.864930 0.056540
vt 0.898420 0.431880
vt 0.893770 0.431880
vt 0.894370 0.431880
vt 0.864090 0.056540
vt 0.899210 0.431880
vt 0.895090 0.431880
vt 0.863230 0.056540
vt 0.899930 0.431880
vt 0.895880 0.431880
vt 0.862390 0.056540
vt 0.900540 0.431880
vt 0.861590 0.056540
vt 0.554270 0.065850
vt 0.553560 0.065850
vt 0.860870 0.056540
vt 0.552770 0.065850
vt 0.697100 0.066400
vt 0.599440 0.310920
vt 0.600230 0.310590
vt 0.599580 0.308450
vt 0.598380 0.308940
vt 0.605370 0.316850
vt 0.604890 0.317560
vt 0.606620 0.318980
vt 0.607350 0.317900
vt 0.598730 0.311400
vt 0.597300 0.309660
vt 0.605690 0.316050
vt 0.607840 0.316710
vt 0.598120 0.312010
vt 0.596390 0.310580
vt 0.605860 0.315210
vt 0.608100 0.315430
vt 0.597640 0.316850
vt 0.597320 0.316050
vt 0.595170 0.316700
vt 0.595660 0.317900
vt 0.597640 0.312720
vt 0.595660 0.311660
vt 0.605860 0.314350
vt 0.608100 0.314130
vt 0.598120 0.317560
vt 0.596390 0.318980
vt 0.597320 0.313510
vt 0.595170 0.312860
vt 0.605690 0.313510
vt 0.607840 0.312860
vt 0.598730 0.318170
vt 0.597300 0.319900
vt 0.597150 0.314350
vt 0.594910 0.314130
vt 0.605370 0.312720
vt 0.607350 0.311660
vt 0.599440 0.318640
vt 0.598380 0.320620
vt 0.597150 0.315210
vt 0.594910 0.315430
vt 0.604890 0.312010
vt 0.606620 0.310580
vt 0.600230 0.318970
vt 0.599580 0.321120
vt 0.604280 0.311400
vt 0.605710 0.309660
vt 0.601080 0.319140
vt 0.600860 0.321370
vt 0.603570 0.310920
vt 0.604630 0.308940
vt 0.601930 0.319140
vt 0.602150 0.321370
vt 0.602780 0.310590
vt 0.603430 0.308450
vt 0.602780 0.318970
vt 0.603430 0.321120
vt 0.601930 0.310430
vt 0.602150 0.308190
vt 0.603570 0.318640
vt 0.604630 0.320620
vt 0.601080 0.310430
vt 0.600860 0.308190
vt 0.604280 0.318170
vt 0.605710 0.319900
vt 0.791230 0.017050
vt 0.791230 0.018090
vt 0.793790 0.018090
vt 0.793790 0.017050
vt 0.985150 0.272210
vt 0.985150 0.271010
vt 0.982590 0.271010
vt 0.982590 0.272210
vt 0.981860 0.182290
vt 0.981860 0.181020
vt 0.979300 0.181020
vt 0.979300 0.182290
vt 0.981870 0.176170
vt 0.981870 0.175250
vt 0.979320 0.175250
vt 0.979310 0.176170
vt 0.985150 0.273480
vt 0.982590 0.273480
vt 0.981860 0.183490
vt 0.979310 0.183490
vt 0.981860 0.177250
vt 0.979310 0.177250
vt 0.985150 0.274780
vt 0.982590 0.274780
vt 0.981870 0.184570
vt 0.979310 0.184570
vt 0.981860 0.178450
vt 0.979300 0.178450
vt 0.985150 0.276050
vt 0.982590 0.276050
vt 0.981870 0.185490
vt 0.979320 0.185490
vt 0.981860 0.179720
vt 0.979300 0.179720
vt 0.985150 0.277250
vt 0.982590 0.277250
vt 0.125660 0.017880
vt 0.125660 0.016810
vt 0.123110 0.016800
vt 0.123100 0.017880
vt 0.985150 0.278340
vt 0.982590 0.278340
vt 0.125650 0.019080
vt 0.123100 0.019080
vt 0.791230 0.025440
vt 0.791230 0.026410
vt 0.793790 0.026410
vt 0.793790 0.025440
vt 0.125650 0.020350
vt 0.123090 0.020350
vt 0.791230 0.024320
vt 0.793780 0.024320
vt 0.125650 0.021650
vt 0.123090 0.021650
vt 0.791230 0.023100
vt 0.793780 0.023100
vt 0.125650 0.022920
vt 0.123090 0.022920
vt 0.791230 0.021810
vt 0.793780 0.021810
vt 0.125650 0.024130
vt 0.123100 0.024120
vt 0.791230 0.020520
vt 0.793780 0.020520
vt 0.125660 0.025210
vt 0.123100 0.025210
vt 0.791230 0.019260
vt 0.793780 0.019260
vt 0.125660 0.026130
vt 0.123110 0.026130
vt 0.985150 0.269940
vt 0.982590 0.269940
vt 0.626460 0.317970
vt 0.626450 0.315920
vt 0.624550 0.315920
vt 0.624550 0.317970
vt 0.637790 0.106700
vt 0.637790 0.108600
vt 0.639700 0.108600
vt 0.639700 0.106700
vt 0.626460 0.319810
vt 0.624560 0.319810
vt 0.637790 0.104610
vt 0.639700 0.104610
vt 0.626470 0.321370
vt 0.624570 0.321370
vt 0.637790 0.102420
vt 0.639700 0.102420
vt 0.425980 0.098310
vt 0.425990 0.096480
vt 0.424080 0.096480
vt 0.424070 0.098310
vt 0.637790 0.100210
vt 0.639700 0.100210
vt 0.425970 0.100350
vt 0.424060 0.100350
vt 0.637790 0.098070
vt 0.639700 0.098070
vt 0.425960 0.102520
vt 0.424060 0.102520
vt 0.637790 0.096080
vt 0.639700 0.096080
vt 0.425960 0.104730
vt 0.424060 0.104730
vt 0.637800 0.094310
vt 0.639700 0.094310
vt 0.425960 0.106900
vt 0.424060 0.106900
vt 0.626460 0.305490
vt 0.626470 0.303930
vt 0.624570 0.303930
vt 0.624560 0.305490
vt 0.425970 0.108950
vt 0.424060 0.108950
vt 0.626460 0.307330
vt 0.624550 0.307330
vt 0.498290 0.089740
vt 0.498290 0.087520
vt 0.496390 0.087520
vt 0.496390 0.089740
vt 0.425980 0.110800
vt 0.424070 0.110800
vt 0.626450 0.309370
vt 0.624550 0.309370
vt 0.498290 0.091910
vt 0.496390 0.091910
vt 0.425990 0.112370
vt 0.424080 0.112370
vt 0.626450 0.311540
vt 0.624550 0.311540
vt 0.498290 0.093960
vt 0.496390 0.093960
vt 0.498290 0.083320
vt 0.498290 0.081490
vt 0.496390 0.081490
vt 0.496390 0.083320
vt 0.626450 0.313750
vt 0.624550 0.313750
vt 0.498290 0.095810
vt 0.496390 0.095810
vt 0.498290 0.085360
vt 0.496390 0.085360
vt 0.637800 0.110250
vt 0.639700 0.110250
vt 0.801200 0.527640
vt 0.799150 0.528490
vt 0.800120 0.530300
vt 0.801790 0.529610
vt 0.801200 0.549240
vt 0.803370 0.549670
vt 0.803570 0.547620
vt 0.801790 0.547270
vt 0.813200 0.531280
vt 0.811630 0.529720
vt 0.810330 0.531300
vt 0.811610 0.532580
vt 0.803370 0.527210
vt 0.803570 0.529250
vt 0.799150 0.548390
vt 0.800120 0.546580
vt 0.814430 0.533120
vt 0.812610 0.534090
vt 0.805580 0.527210
vt 0.805380 0.529250
vt 0.797310 0.547160
vt 0.798620 0.545570
vt 0.815270 0.535160
vt 0.813300 0.535760
vt 0.807750 0.527640
vt 0.807150 0.529610
vt 0.795750 0.545600
vt 0.797340 0.544290
vt 0.815700 0.537330
vt 0.813660 0.537530
vt 0.809790 0.528490
vt 0.808820 0.530300
vt 0.794520 0.543760
vt 0.796330 0.542790
vt 0.815700 0.539550
vt 0.813660 0.539340
vt 0.793670 0.541720
vt 0.795640 0.541120
vt 0.815270 0.541720
vt 0.813300 0.541120
vt 0.793240 0.539550
vt 0.795290 0.539340
vt 0.814430 0.543760
vt 0.812610 0.542790
vt 0.793240 0.537330
vt 0.795290 0.537530
vt 0.813200 0.545600
vt 0.811610 0.544290
vt 0.793670 0.535160
vt 0.795640 0.535760
vt 0.811630 0.547160
vt 0.810330 0.545570
vt 0.794520 0.533120
vt 0.796330 0.534090
vt 0.809790 0.548390
vt 0.808820 0.546580
vt 0.795750 0.531280
vt 0.797340 0.532580
vt 0.807750 0.549240
vt 0.807150 0.547270
vt 0.797310 0.529720
vt 0.798620 0.531300
vt 0.805580 0.549670
vt 0.805380 0.547620
vt 0.470280 0.101130
vt 0.470280 0.099630
vt 0.467350 0.099630
vt 0.467350 0.101130
vt 0.189540 0.082980
vt 0.189540 0.084790
vt 0.192470 0.084790
vt 0.192470 0.082980
vt 0.470280 0.111340
vt 0.470280 0.109830
vt 0.467350 0.109830
vt 0.467350 0.111340
vt 0.470280 0.102790
vt 0.467350 0.102790
vt 0.189540 0.081200
vt 0.192470 0.081200
vt 0.656600 0.078580
vt 0.656600 0.079920
vt 0.659530 0.079920
vt 0.659530 0.078580
vt 0.470280 0.104560
vt 0.467350 0.104560
vt 0.189530 0.079530
vt 0.192460 0.079530
vt 0.656590 0.077020
vt 0.659530 0.077020
vt 0.189530 0.078030
vt 0.192460 0.078030
vt 0.656590 0.075310
vt 0.659520 0.075310
vt 0.189520 0.076740
vt 0.192450 0.076740
vt 0.656590 0.073520
vt 0.659520 0.073520
vt 0.932290 0.184170
vt 0.932300 0.182670
vt 0.929370 0.182670
vt 0.929360 0.184170
vt 0.656590 0.071720
vt 0.659520 0.071720
vt 0.932290 0.185840
vt 0.929360 0.185840
vt 0.656590 0.069960
vt 0.659530 0.069960
vt 0.932280 0.187610
vt 0.929350 0.187610
vt 0.656600 0.068330
vt 0.659530 0.068330
vt 0.932280 0.189420
vt 0.929350 0.189420
vt 0.656600 0.066880
vt 0.659530 0.066880
vt 0.932280 0.191200
vt 0.929350 0.191200
vt 0.189530 0.089730
vt 0.189520 0.091010
vt 0.192450 0.091010
vt 0.192460 0.089730
vt 0.932290 0.192870
vt 0.929360 0.192870
vt 0.189530 0.088230
vt 0.192460 0.088230
vt 0.470280 0.106370
vt 0.467350 0.106370
vt 0.932290 0.194380
vt 0.929360 0.194380
vt 0.189540 0.086560
vt 0.192470 0.086560
vt 0.470280 0.108150
vt 0.467350 0.108150
vt 0.932300 0.195670
vt 0.929370 0.195670
vt 0.816370 0.788250
vt 0.814600 0.788610
vt 0.815560 0.791780
vt 0.816700 0.791560
vt 0.812930 0.805580
vt 0.814600 0.806270
vt 0.815560 0.803090
vt 0.814490 0.802650
vt 0.818180 0.788250
vt 0.817860 0.791560
vt 0.811420 0.804570
vt 0.813530 0.802010
vt 0.819950 0.788610
vt 0.818990 0.791780
vt 0.810140 0.803290
vt 0.812710 0.801190
vt 0.821630 0.789300
vt 0.820060 0.792230
vt 0.809140 0.801790
vt 0.812070 0.800220
vt 0.823130 0.790300
vt 0.821030 0.792870
vt 0.808440 0.800120
vt 0.811620 0.799150
vt 0.824410 0.791580
vt 0.821840 0.793690
vt 0.808090 0.798340
vt 0.811400 0.798020
vt 0.825410 0.793090
vt 0.822490 0.794650
vt 0.808090 0.796530
vt 0.811400 0.796860
vt 0.826110 0.794760
vt 0.822930 0.795720
vt 0.808440 0.794760
vt 0.811620 0.795720
vt 0.823130 0.804570
vt 0.824410 0.803290
vt 0.821840 0.801190
vt 0.821030 0.802010
vt 0.826460 0.796530
vt 0.823160 0.796860
vt 0.809140 0.793090
vt 0.812070 0.794650
vt 0.821630 0.805580
vt 0.820060 0.802650
vt 0.826460 0.798340
vt 0.823160 0.798020
vt 0.810140 0.791580
vt 0.812710 0.793690
vt 0.819950 0.806270
vt 0.818990 0.803090
vt 0.826110 0.800120
vt 0.822930 0.799150
vt 0.811420 0.790300
vt 0.813530 0.792870
vt 0.818180 0.806620
vt 0.817860 0.803320
vt 0.825410 0.801790
vt 0.822490 0.800220
vt 0.812930 0.789300
vt 0.814490 0.792230
vt 0.816370 0.806620
vt 0.816700 0.803320
vt 0.818130 0.794630
vt 0.818660 0.794850
vt 0.815020 0.799300
vt 0.814700 0.798820
vt 0.819140 0.795170
vt 0.814480 0.798290
vt 0.819550 0.795580
vt 0.814370 0.797720
vt 0.819870 0.796060
vt 0.814370 0.797150
vt 0.820090 0.796590
vt 0.814480 0.796590
vt 0.819550 0.799300
vt 0.819140 0.799700
vt 0.820200 0.797150
vt 0.814700 0.796060
vt 0.818660 0.800020
vt 0.820200 0.797720
vt 0.815020 0.795580
vt 0.818130 0.800240
vt 0.820090 0.798290
vt 0.815420 0.795170
vt 0.817570 0.800350
vt 0.819870 0.798820
vt 0.815900 0.794850
vt 0.816990 0.800350
vt 0.816430 0.794630
vt 0.816430 0.800240
vt 0.816990 0.794520
vt 0.815900 0.800020
vt 0.817570 0.794520
vt 0.815420 0.799700
vt 0.936250 0.439290
vt 0.936250 0.438730
vt 0.933760 0.438730
vt 0.933760 0.439290
vt 0.802960 0.633140
vt 0.802960 0.633550
vt 0.805450 0.633550
vt 0.805450 0.633140
vt 0.936250 0.439820
vt 0.933760 0.439820
vt 0.802960 0.632660
vt 0.805450 0.632660
vt 0.303000 0.705770
vt 0.303000 0.705190
vt 0.300510 0.705190
vt 0.300510 0.705770
vt 0.936250 0.440300
vt 0.933770 0.440300
vt 0.802970 0.632130
vt 0.805450 0.632130
vt 0.303000 0.706330
vt 0.300510 0.706330
vt 0.936250 0.440710
vt 0.933770 0.440710
vt 0.802970 0.631570
vt 0.805450 0.631570
vt 0.303000 0.706860
vt 0.300510 0.706860
vt 0.303000 0.704100
vt 0.303000 0.703620
vt 0.300510 0.703620
vt 0.300510 0.704100
vt 0.802970 0.631000
vt 0.805450 0.631000
vt 0.303000 0.707340
vt 0.300510 0.707340
vt 0.303000 0.704630
vt 0.300510 0.704630
vt 0.802970 0.630430
vt 0.805450 0.630430
vt 0.864490 0.095160
vt 0.864490 0.095590
vt 0.866970 0.095590
vt 0.866970 0.095160
vt 0.802960 0.629900
vt 0.805450 0.629900
vt 0.864480 0.094670
vt 0.866970 0.094670
vt 0.802960 0.629420
vt 0.805450 0.629420
vt 0.864480 0.094130
vt 0.866970 0.094130
vt 0.802960 0.629020
vt 0.805450 0.629020
vt 0.864480 0.093560
vt 0.866970 0.093560
vt 0.936250 0.437060
vt 0.936250 0.436590
vt 0.933770 0.436580
vt 0.933770 0.437060
vt 0.864480 0.092980
vt 0.866970 0.092980
vt 0.936250 0.437590
vt 0.933760 0.437590
vt 0.864480 0.092430
vt 0.866970 0.092430
vt 0.936250 0.438150
vt 0.933760 0.438150
vt 0.864480 0.091910
vt 0.866970 0.091910
vt 0.864490 0.091450
vt 0.866970 0.091450
vt 0.795240 0.257920
vt 0.794680 0.258030
vt 0.794730 0.258600
vt 0.795410 0.258470
vt 0.792530 0.257380
vt 0.792120 0.256970
vt 0.791680 0.257340
vt 0.792170 0.257820
vt 0.794680 0.252200
vt 0.795240 0.252310
vt 0.795410 0.251760
vt 0.794730 0.251630
vt 0.795770 0.257700
vt 0.796040 0.258200
vt 0.793010 0.257700
vt 0.792740 0.258200
vt 0.794100 0.252200
vt 0.794050 0.251630
vt 0.796250 0.257380
vt 0.796610 0.257820
vt 0.793540 0.257920
vt 0.793370 0.258470
vt 0.793540 0.252310
vt 0.793370 0.251760
vt 0.796660 0.256970
vt 0.797100 0.257340
vt 0.794100 0.258030
vt 0.794050 0.258600
vt 0.793010 0.252530
vt 0.792740 0.252020
vt 0.796970 0.256490
vt 0.797480 0.256770
vt 0.792530 0.252850
vt 0.792170 0.252400
vt 0.797190 0.255960
vt 0.797740 0.256130
vt 0.792120 0.253250
vt 0.791680 0.252890
vt 0.797310 0.255400
vt 0.797880 0.255460
vt 0.791810 0.253730
vt 0.791300 0.253460
vt 0.797310 0.254830
vt 0.797880 0.254770
vt 0.791590 0.254260
vt 0.791040 0.254100
vt 0.797190 0.254260
vt 0.797740 0.254100
vt 0.791470 0.254830
vt 0.790900 0.254770
vt 0.796970 0.253730
vt 0.797480 0.253460
vt 0.791470 0.255400
vt 0.790900 0.255460
vt 0.796650 0.253250
vt 0.797100 0.252890
vt 0.791590 0.255960
vt 0.791040 0.256130
vt 0.796250 0.252850
vt 0.796610 0.252400
vt 0.791810 0.256490
vt 0.791300 0.256770
vt 0.795770 0.252530
vt 0.796040 0.252020
vt 0.442450 0.069160
vt 0.442450 0.069670
vt 0.444310 0.069670
vt 0.444310 0.069160
vt 0.178890 0.032580
vt 0.178890 0.031910
vt 0.177030 0.031910
vt 0.177030 0.032580
vt 0.659220 0.088310
vt 0.659220 0.088950
vt 0.661080 0.088950
vt 0.661080 0.088310
vt 0.442450 0.068570
vt 0.444310 0.068570
vt 0.659220 0.087740
vt 0.661080 0.087740
vt 0.442450 0.067920
vt 0.444310 0.067920
vt 0.659220 0.087250
vt 0.661070 0.087250
vt 0.442450 0.067240
vt 0.444310 0.067240
vt 0.949810 0.849940
vt 0.949810 0.849370
vt 0.947950 0.849370
vt 0.947950 0.849940
vt 0.442450 0.066550
vt 0.444310 0.066550
vt 0.949810 0.850570
vt 0.947950 0.850570
vt 0.442450 0.065890
vt 0.444310 0.065890
vt 0.949800 0.851250
vt 0.947940 0.851250
vt 0.442450 0.065270
vt 0.444310 0.065270
vt 0.949800 0.851930
vt 0.947940 0.851930
vt 0.442450 0.064720
vt 0.444310 0.064720
vt 0.949800 0.852610
vt 0.947940 0.852610
vt 0.659220 0.092190
vt 0.659220 0.092670
vt 0.661070 0.092670
vt 0.661080 0.092190
vt 0.949810 0.853240
vt 0.947950 0.853240
vt 0.659220 0.091620
vt 0.661080 0.091620
vt 0.178890 0.033270
vt 0.177030 0.033270
vt 0.949810 0.853820
vt 0.947950 0.853820
vt 0.659220 0.090980
vt 0.661080 0.090980
vt 0.178890 0.033940
vt 0.177030 0.033940
vt 0.949810 0.854310
vt 0.947950 0.854300
vt 0.659220 0.090310
vt 0.661080 0.090310
vt 0.178890 0.034580
vt 0.177030 0.034580
vt 0.178890 0.031270
vt 0.178890 0.030710
vt 0.177030 0.030710
vt 0.177030 0.031270
vt 0.659220 0.089620
vt 0.661080 0.089620
vt 0.178890 0.035150
vt 0.177030 0.035150
vt 0.919820 0.284760
vt 0.919950 0.284090
vt 0.919210 0.284020
vt 0.919110 0.284550
vt 0.912980 0.284090
vt 0.913110 0.284760
vt 0.913820 0.284550
vt 0.913720 0.284020
vt 0.919560 0.285400
vt 0.918900 0.285050
vt 0.912980 0.283400
vt 0.913720 0.283480
vt 0.919170 0.285970
vt 0.918600 0.285500
vt 0.913110 0.282730
vt 0.913820 0.282940
vt 0.918690 0.286460
vt 0.918220 0.285880
vt 0.913380 0.282090
vt 0.914030 0.282440
vt 0.918120 0.286840
vt 0.917770 0.286180
vt 0.913760 0.281520
vt 0.914330 0.281990
vt 0.917480 0.287100
vt 0.917270 0.286390
vt 0.914240 0.281040
vt 0.914710 0.281610
vt 0.916810 0.287230
vt 0.916740 0.286500
vt 0.918120 0.280660
vt 0.917480 0.280390
vt 0.917270 0.281100
vt 0.917770 0.281310
vt 0.914810 0.280660
vt 0.915160 0.281310
vt 0.916120 0.287230
vt 0.916200 0.286500
vt 0.918690 0.281040
vt 0.918220 0.281610
vt 0.915450 0.280390
vt 0.915660 0.281100
vt 0.915450 0.287100
vt 0.915660 0.286390
vt 0.919180 0.281520
vt 0.918600 0.281990
vt 0.916120 0.280260
vt 0.916200 0.281000
vt 0.914810 0.286840
vt 0.915160 0.286180
vt 0.919560 0.282090
vt 0.918900 0.282440
vt 0.916810 0.280260
vt 0.916740 0.281000
vt 0.914240 0.286460
vt 0.914710 0.285880
vt 0.919820 0.282730
vt 0.919110 0.282950
vt 0.913760 0.285970
vt 0.914330 0.285500
vt 0.919950 0.283400
vt 0.919210 0.283480
vt 0.913380 0.285400
vt 0.914030 0.285050
vt 0.663390 0.181430
vt 0.663880 0.181430
vt 0.663880 0.132170
vt 0.663390 0.132170
vt 0.710450 0.179670
vt 0.711000 0.179680
vt 0.711000 0.130410
vt 0.710450 0.130410
vt 0.662960 0.181430
vt 0.662960 0.132170
vt 0.709920 0.179680
vt 0.709920 0.130410
vt 0.490430 0.301040
vt 0.490810 0.301040
vt 0.490810 0.251780
vt 0.490430 0.251780
vt 0.709420 0.179680
vt 0.709420 0.130420
vt 0.489980 0.301030
vt 0.489980 0.251770
vt 0.772490 0.122950
vt 0.771940 0.122950
vt 0.771940 0.172220
vt 0.772490 0.172220
vt 0.708970 0.179680
vt 0.708970 0.130420
vt 0.489480 0.301030
vt 0.489480 0.251770
vt 0.773020 0.122950
vt 0.773020 0.172220
vt 0.708590 0.179680
vt 0.708590 0.130420
vt 0.488950 0.301030
vt 0.488950 0.251770
vt 0.773520 0.122950
vt 0.773520 0.172220
vt 0.770920 0.122950
vt 0.770470 0.122950
vt 0.770470 0.172220
vt 0.770920 0.172220
vt 0.488410 0.301030
vt 0.488410 0.251770
vt 0.773970 0.122950
vt 0.773970 0.172220
vt 0.771410 0.122950
vt 0.771410 0.172220
vt 0.487870 0.301030
vt 0.487870 0.251770
vt 0.666460 0.181430
vt 0.666860 0.181430
vt 0.666860 0.132170
vt 0.666460 0.132170
vt 0.487370 0.301030
vt 0.487370 0.251770
vt 0.665990 0.181430
vt 0.665990 0.132170
vt 0.486920 0.301040
vt 0.486920 0.251780
vt 0.665480 0.181430
vt 0.665480 0.132170
vt 0.486540 0.301040
vt 0.486540 0.251780
vt 0.664950 0.181440
vt 0.664950 0.132170
vt 0.712030 0.179680
vt 0.712470 0.179680
vt 0.712470 0.130420
vt 0.712030 0.130420
vt 0.664410 0.181440
vt 0.664410 0.132170
vt 0.711530 0.179680
vt 0.711530 0.130410
vt 0.593310 0.041180
vt 0.592860 0.041480
vt 0.593050 0.041840
vt 0.593570 0.041490
vt 0.590760 0.041690
vt 0.590260 0.041480
vt 0.590070 0.041840
vt 0.590640 0.042080
vt 0.590760 0.036410
vt 0.591290 0.036300
vt 0.591250 0.035900
vt 0.590640 0.036020
vt 0.593700 0.040800
vt 0.594010 0.041060
vt 0.591290 0.041800
vt 0.591250 0.042200
vt 0.590260 0.036610
vt 0.590070 0.036260
vt 0.594000 0.040350
vt 0.594350 0.040540
vt 0.589810 0.036910
vt 0.589550 0.036600
vt 0.594200 0.039850
vt 0.594590 0.039970
vt 0.589430 0.037300
vt 0.589110 0.037040
vt 0.594310 0.039320
vt 0.594710 0.039360
vt 0.589120 0.037750
vt 0.588770 0.037560
vt 0.594310 0.038780
vt 0.594710 0.038740
vt 0.588920 0.038250
vt 0.588530 0.038130
vt 0.594200 0.038250
vt 0.594590 0.038130
vt 0.588810 0.038780
vt 0.588410 0.038740
vt 0.594000 0.037750
vt 0.594350 0.037560
vt 0.588810 0.039320
vt 0.588410 0.039360
vt 0.593700 0.037300
vt 0.594010 0.037040
vt 0.588920 0.039850
vt 0.588530 0.039970
vt 0.593310 0.036910
vt 0.593570 0.036600
vt 0.589120 0.040350
vt 0.588770 0.040540
vt 0.592860 0.036610
vt 0.593050 0.036260
vt 0.591830 0.041800
vt 0.591870 0.042200
vt 0.589430 0.040800
vt 0.589110 0.041060
vt 0.592360 0.036410
vt 0.592480 0.036020
vt 0.592360 0.041690
vt 0.592480 0.042080
vt 0.589810 0.041180
vt 0.589550 0.041490
vt 0.591830 0.036300
vt 0.591870 0.035900
vt 0.984420 0.765910
vt 0.984420 0.765320
vt 0.982960 0.765320
vt 0.982960 0.765910
vt 0.783380 0.032750
vt 0.783380 0.033190
vt 0.784840 0.033190
vt 0.784840 0.032750
vt 0.984420 0.766520
vt 0.982960 0.766520
vt 0.988580 0.420870
vt 0.988580 0.420350
vt 0.987120 0.420350
vt 0.987120 0.420870
vt 0.984420 0.767140
vt 0.982960 0.767140
vt 0.988580 0.421440
vt 0.987120 0.421440
vt 0.984420 0.767740
vt 0.982960 0.767740
vt 0.988580 0.422050
vt 0.987120 0.422050
vt 0.984420 0.768300
vt 0.982960 0.768300
vt 0.988580 0.422670
vt 0.987120 0.422670
vt 0.984420 0.768790
vt 0.982960 0.768790
vt 0.988580 0.423280
vt 0.987120 0.423280
vt 0.783380 0.037210
vt 0.783380 0.037650
vt 0.784840 0.037650
vt 0.784840 0.037210
vt 0.988580 0.423850
vt 0.987120 0.423850
vt 0.783380 0.036690
vt 0.784840 0.036690
vt 0.316400 0.705940
vt 0.316400 0.705320
vt 0.314940 0.705320
vt 0.314940 0.705940
vt 0.988580 0.424370
vt 0.987120 0.424370
vt 0.783390 0.036120
vt 0.784850 0.036120
vt 0.316400 0.706550
vt 0.314940 0.706550
vt 0.988580 0.424810
vt 0.987120 0.424810
vt 0.783390 0.035510
vt 0.784850 0.035510
vt 0.316400 0.707120
vt 0.314940 0.707120
vt 0.316400 0.704140
vt 0.316400 0.703620
vt 0.314940 0.703620
vt 0.314940 0.704140
vt 0.783390 0.034890
vt 0.784850 0.034890
vt 0.316400 0.707640
vt 0.314940 0.707640
vt 0.316400 0.704710
vt 0.314940 0.704710
vt 0.783390 0.034280
vt 0.784850 0.034280
vt 0.984420 0.764790
vt 0.984420 0.764320
vt 0.982960 0.764320
vt 0.982960 0.764790
vt 0.783380 0.033710
vt 0.784840 0.033710
vt 0.951930 0.930960
vt 0.951420 0.930610
vt 0.951220 0.930990
vt 0.951670 0.931280
vt 0.949010 0.936430
vt 0.949620 0.936550
vt 0.949660 0.936130
vt 0.949130 0.936030
vt 0.952370 0.931400
vt 0.952050 0.931660
vt 0.948440 0.936190
vt 0.948640 0.935820
vt 0.952720 0.931910
vt 0.952350 0.932110
vt 0.947920 0.935850
vt 0.948190 0.935520
vt 0.952960 0.932490
vt 0.952550 0.932610
vt 0.947480 0.935410
vt 0.947810 0.935140
vt 0.953080 0.933090
vt 0.952660 0.933130
vt 0.947140 0.931910
vt 0.946900 0.932490
vt 0.947300 0.932610
vt 0.947510 0.932110
vt 0.947140 0.934900
vt 0.947510 0.934700
vt 0.953080 0.933710
vt 0.952660 0.933670
vt 0.947480 0.931400
vt 0.947810 0.931660
vt 0.946900 0.934320
vt 0.947300 0.934200
vt 0.952960 0.934320
vt 0.952550 0.934200
vt 0.947920 0.930960
vt 0.948190 0.931280
vt 0.946780 0.933710
vt 0.947200 0.933670
vt 0.952720 0.934900
vt 0.952350 0.934700
vt 0.948440 0.930610
vt 0.948640 0.930990
vt 0.946780 0.933090
vt 0.947200 0.933140
vt 0.952370 0.935410
vt 0.952050 0.935140
vt 0.949010 0.930380
vt 0.949130 0.930780
vt 0.951940 0.935850
vt 0.951670 0.935520
vt 0.949620 0.930260
vt 0.949660 0.930680
vt 0.951420 0.936190
vt 0.951220 0.935820
vt 0.950240 0.930260
vt 0.950200 0.930680
vt 0.950850 0.936430
vt 0.950720 0.936030
vt 0.950850 0.930380
vt 0.950720 0.930780
vt 0.950240 0.936550
vt 0.950200 0.936130
vt 0.832500 0.658880
vt 0.832130 0.658870
vt 0.832130 0.667970
vt 0.832500 0.667970
vt 0.060840 0.079700
vt 0.061340 0.079700
vt 0.061340 0.070600
vt 0.060840 0.070610
vt 0.832950 0.658880
vt 0.832950 0.667980
vt 0.799070 0.055510
vt 0.798540 0.055510
vt 0.798540 0.064610
vt 0.799070 0.064610
vt 0.060400 0.079710
vt 0.060400 0.070610
vt 0.833450 0.658880
vt 0.833450 0.667980
vt 0.799600 0.055510
vt 0.799600 0.064610
vt 0.060010 0.079710
vt 0.060010 0.070610
vt 0.833970 0.658880
vt 0.833970 0.667980
vt 0.800100 0.055510
vt 0.800100 0.064610
vt 0.797520 0.055510
vt 0.797070 0.055510
vt 0.797070 0.064610
vt 0.797520 0.064610
vt 0.834510 0.658880
vt 0.834510 0.667980
vt 0.800550 0.055510
vt 0.800550 0.064610
vt 0.798010 0.055510
vt 0.798010 0.064610
vt 0.835040 0.658880
vt 0.835040 0.667980
vt 0.637170 0.079930
vt 0.637570 0.079930
vt 0.637570 0.070840
vt 0.637170 0.070840
vt 0.835540 0.658880
vt 0.835540 0.667980
vt 0.636710 0.079930
vt 0.636710 0.070840
vt 0.835980 0.658880
vt 0.835980 0.667970
vt 0.636200 0.079930
vt 0.636200 0.070840
vt 0.836360 0.658870
vt 0.836360 0.667970
vt 0.635670 0.079930
vt 0.635670 0.070840
vt 0.063430 0.079700
vt 0.063870 0.079710
vt 0.063870 0.070610
vt 0.063430 0.070610
vt 0.635130 0.079930
vt 0.635130 0.070840
vt 0.062930 0.079700
vt 0.062930 0.070600
vt 0.634610 0.079930
vt 0.634610 0.070840
vt 0.062410 0.079700
vt 0.062410 0.070600
vt 0.634130 0.079930
vt 0.634130 0.070840
vt 0.061870 0.079700
vt 0.061870 0.070600
vt 0.633700 0.079930
vt 0.633700 0.070840
vt 0.833080 0.669480
vt 0.833850 0.669480
vt 0.799960 0.066110
vt 0.800690 0.066110
vt 0.232070 0.075660
vt 0.232010 0.075120
vt 0.230760 0.075130
vt 0.230830 0.075910
vt 0.834630 0.669480
vt 0.897980 0.434300
vt 0.898040 0.433760
vt 0.896800 0.433520
vt 0.896720 0.434300
vt 0.796910 0.066110
vt 0.797640 0.066110
vt 0.835400 0.669480
vt 0.898040 0.434830
vt 0.896800 0.435080
vt 0.798400 0.066110
vt 0.836130 0.669480
vt 0.637910 0.069340
vt 0.637240 0.069340
vt 0.836780 0.669480
vt 0.636500 0.069340
vt 0.057850 0.082760
vt 0.058380 0.082760
vt 0.058510 0.081520
vt 0.057730 0.081520
vt 0.635720 0.069340
vt 0.064680 0.069100
vt 0.064030 0.069100
vt 0.634940 0.069340
vt 0.063300 0.069100
vt 0.634180 0.069340
vt 0.062540 0.069090
vt 0.633470 0.069340
vt 0.061750 0.069090
vt 0.612360 0.305660
vt 0.612250 0.306190
vt 0.613460 0.306560
vt 0.613610 0.305790
vt 0.060980 0.069100
vt 0.612360 0.305120
vt 0.613610 0.305000
vt 0.060260 0.069100
vt 0.612250 0.304590
vt 0.613460 0.304230
vt 0.799190 0.066110
vt 0.059600 0.069100
vt 0.832360 0.669480
vt 0.232070 0.074590
vt 0.230830 0.074350
vt 0.835510 0.671640
vt 0.836310 0.671640
vt 0.638140 0.067180
vt 0.637400 0.067180
vt 0.837020 0.671640
vt 0.636590 0.067180
vt 0.837340 0.669480
vt 0.837630 0.671630
vt 0.635740 0.067180
vt 0.064920 0.066940
vt 0.064210 0.066940
vt 0.634880 0.067180
vt 0.063420 0.066940
vt 0.634050 0.067180
vt 0.062570 0.066930
vt 0.633280 0.067180
vt 0.061720 0.066930
vt 0.632850 0.069340
vt 0.632590 0.067180
vt 0.060870 0.066940
vt 0.831700 0.669480
vt 0.831150 0.669480
vt 0.830860 0.671630
vt 0.831460 0.671640
vt 0.060080 0.066940
vt 0.832180 0.671640
vt 0.798360 0.068270
vt 0.799220 0.068270
vt 0.059360 0.066940
vt 0.832970 0.671640
vt 0.800070 0.068270
vt 0.059040 0.069110
vt 0.058750 0.066950
vt 0.833810 0.671640
vt 0.800860 0.068270
vt 0.796270 0.066110
vt 0.796020 0.068270
vt 0.796730 0.068270
vt 0.834670 0.671640
vt 0.801340 0.066110
vt 0.801580 0.068270
vt 0.797520 0.068270
vt 0.638500 0.069340
vt 0.638780 0.067180
vt 0.064920 0.065720
vt 0.064210 0.065720
vt 0.635740 0.065960
vt 0.634880 0.065960
vt 0.063420 0.065710
vt 0.634050 0.065960
vt 0.062570 0.065710
vt 0.633280 0.065960
vt 0.061720 0.065710
vt 0.632590 0.065960
vt 0.060870 0.065710
vt 0.830860 0.672860
vt 0.831470 0.672860
vt 0.060080 0.065720
vt 0.832180 0.672860
vt 0.798360 0.069490
vt 0.799220 0.069490
vt 0.059360 0.065720
vt 0.832970 0.672860
vt 0.800070 0.069490
vt 0.058750 0.065720
vt 0.833810 0.672870
vt 0.800860 0.069490
vt 0.796020 0.069490
vt 0.796730 0.069490
vt 0.834670 0.672870
vt 0.801580 0.069490
vt 0.797520 0.069490
vt 0.835510 0.672860
vt 0.638780 0.065960
vt 0.638140 0.065960
vt 0.836310 0.672860
vt 0.637400 0.065960
vt 0.837020 0.672860
vt 0.636590 0.065960
vt 0.837630 0.672860
vt 0.675710 0.332040
vt 0.675540 0.332880
vt 0.677690 0.333530
vt 0.677940 0.332260
vt 0.667490 0.333670
vt 0.667160 0.332880
vt 0.665010 0.333530
vt 0.665510 0.334730
vt 0.675710 0.331180
vt 0.677940 0.330960
vt 0.667960 0.334390
vt 0.666230 0.335810
vt 0.675540 0.330340
vt 0.677690 0.329690
vt 0.668570 0.334990
vt 0.667150 0.336730
vt 0.671780 0.327250
vt 0.672620 0.327420
vt 0.673270 0.325270
vt 0.672000 0.325020
vt 0.675210 0.329550
vt 0.677190 0.328490
vt 0.669280 0.335470
vt 0.668230 0.337450
vt 0.670920 0.327250
vt 0.670700 0.325020
vt 0.674730 0.328830
vt 0.676470 0.327410
vt 0.670080 0.335800
vt 0.669430 0.337950
vt 0.670080 0.327420
vt 0.669430 0.325270
vt 0.674130 0.328230
vt 0.675550 0.326490
vt 0.670920 0.335970
vt 0.670700 0.338200
vt 0.669290 0.327750
vt 0.668230 0.325770
vt 0.673410 0.327750
vt 0.674470 0.325770
vt 0.671780 0.335970
vt 0.672000 0.338200
vt 0.668570 0.328230
vt 0.667150 0.326490
vt 0.672620 0.335800
vt 0.673270 0.337950
vt 0.667970 0.328830
vt 0.666230 0.327410
vt 0.673410 0.335470
vt 0.674470 0.337450
vt 0.667490 0.329550
vt 0.665510 0.328490
vt 0.674130 0.334990
vt 0.675550 0.336730
vt 0.667160 0.330340
vt 0.665010 0.329690
vt 0.674730 0.334390
vt 0.676470 0.335810
vt 0.666990 0.331180
vt 0.664760 0.330960
vt 0.675210 0.333670
vt 0.677190 0.334730
vt 0.666990 0.332040
vt 0.664760 0.332260
vt 0.354130 0.025270
vt 0.354120 0.024190
vt 0.351560 0.024190
vt 0.351570 0.025270
vt 0.370820 0.021290
vt 0.370820 0.020090
vt 0.368260 0.020090
vt 0.368260 0.021290
vt 0.347320 0.017260
vt 0.347320 0.018540
vt 0.349880 0.018540
vt 0.349880 0.017260
vt 0.354130 0.026200
vt 0.351580 0.026190
vt 0.370820 0.022560
vt 0.368260 0.022560
vt 0.347320 0.016060
vt 0.349880 0.016060
vt 0.347320 0.022300
vt 0.347320 0.023380
vt 0.349880 0.023380
vt 0.349880 0.022300
vt 0.370820 0.023860
vt 0.368260 0.023860
vt 0.347320 0.014970
vt 0.349880 0.014970
vt 0.347320 0.021110
vt 0.349880 0.021110
vt 0.370820 0.025130
vt 0.368260 0.025130
vt 0.979940 0.315050
vt 0.979950 0.316020
vt 0.982500 0.316020
vt 0.982500 0.315050
vt 0.347320 0.019830
vt 0.349880 0.019830
vt 0.370820 0.026330
vt 0.368260 0.026330
vt 0.979940 0.313930
vt 0.982500 0.313930
vt 0.370820 0.027410
vt 0.368270 0.027410
vt 0.979940 0.312710
vt 0.982500 0.312710
vt 0.370830 0.028330
vt 0.368270 0.028330
vt 0.979940 0.311420
vt 0.982500 0.311420
vt 0.354130 0.017950
vt 0.354130 0.016870
vt 0.351580 0.016870
vt 0.351570 0.017950
vt 0.979940 0.310130
vt 0.982500 0.310130
vt 0.354120 0.019140
vt 0.351560 0.019140
vt 0.979940 0.308870
vt 0.982500 0.308870
vt 0.354120 0.020420
vt 0.351560 0.020410
vt 0.979940 0.307700
vt 0.982500 0.307700
vt 0.354120 0.021710
vt 0.351560 0.021710
vt 0.979950 0.306660
vt 0.982500 0.306660
vt 0.354120 0.022990
vt 0.351560 0.022990
vt 0.370820 0.019010
vt 0.370830 0.018090
vt 0.368270 0.018090
vt 0.368270 0.019010
vt 0.799520 0.119840
vt 0.801430 0.119840
vt 0.801440 0.118000
vt 0.799530 0.118000
vt 0.840060 0.108260
vt 0.838150 0.108260
vt 0.838160 0.110310
vt 0.840060 0.110310
vt 0.799520 0.121400
vt 0.801420 0.121400
vt 0.840050 0.106090
vt 0.838150 0.106090
vt 0.537430 0.097000
vt 0.539330 0.097000
vt 0.539330 0.095230
vt 0.537430 0.095230
vt 0.840060 0.103880
vt 0.838150 0.103880
vt 0.537420 0.099000
vt 0.539330 0.099000
vt 0.840060 0.101710
vt 0.838160 0.101710
vt 0.537420 0.101140
vt 0.539330 0.101140
vt 0.840070 0.099670
vt 0.838160 0.099670
vt 0.537420 0.103350
vt 0.539330 0.103350
vt 0.840080 0.097840
vt 0.838170 0.097830
vt 0.537420 0.105540
vt 0.539330 0.105540
vt 0.799520 0.105520
vt 0.801430 0.105520
vt 0.801420 0.103950
vt 0.799520 0.103950
vt 0.537420 0.107630
vt 0.539330 0.107630
vt 0.799530 0.107360
vt 0.801440 0.107360
vt 0.537430 0.109530
vt 0.539330 0.109530
vt 0.799530 0.109400
vt 0.801440 0.109400
vt 0.086190 0.106150
vt 0.088100 0.106150
vt 0.088100 0.103990
vt 0.086190 0.103990
vt 0.537430 0.111180
vt 0.539330 0.111180
vt 0.799540 0.111570
vt 0.801440 0.111570
vt 0.086190 0.108190
vt 0.088100 0.108190
vt 0.086190 0.097550
vt 0.088100 0.097550
vt 0.088100 0.095700
vt 0.086190 0.095700
vt 0.799540 0.113790
vt 0.801440 0.113790
vt 0.086190 0.110020
vt 0.088100 0.110020
vt 0.086190 0.099600
vt 0.088100 0.099600
vt 0.799530 0.115960
vt 0.801440 0.115960
vt 0.840070 0.112150
vt 0.838160 0.112150
vt 0.838170 0.113730
vt 0.840080 0.113730
vt 0.086190 0.101770
vt 0.088100 0.101770
vt 0.810790 0.263220
vt 0.809490 0.264810
vt 0.810770 0.266090
vt 0.812360 0.264780
vt 0.802530 0.283170
vt 0.802730 0.281130
vt 0.800950 0.280770
vt 0.800360 0.282740
vt 0.798310 0.261990
vt 0.799280 0.263800
vt 0.800950 0.263110
vt 0.800360 0.261140
vt 0.808950 0.261990
vt 0.807980 0.263800
vt 0.804740 0.283170
vt 0.804540 0.281130
vt 0.796470 0.263220
vt 0.797780 0.264810
vt 0.806910 0.261140
vt 0.806310 0.263110
vt 0.806910 0.282740
vt 0.806310 0.280770
vt 0.794910 0.264780
vt 0.796500 0.266090
vt 0.804740 0.260710
vt 0.804540 0.262760
vt 0.808950 0.281900
vt 0.807980 0.280080
vt 0.793680 0.266620
vt 0.795490 0.267590
vt 0.802530 0.260710
vt 0.802730 0.262760
vt 0.810790 0.280670
vt 0.809490 0.279080
vt 0.792830 0.268670
vt 0.794800 0.269260
vt 0.812360 0.279100
vt 0.810770 0.277800
vt 0.792400 0.270840
vt 0.794450 0.271040
vt 0.813590 0.277260
vt 0.811770 0.276290
vt 0.792400 0.273050
vt 0.794450 0.272850
vt 0.814430 0.275220
vt 0.812460 0.274620
vt 0.792830 0.275220
vt 0.794800 0.274620
vt 0.814860 0.273050
vt 0.812820 0.272850
vt 0.793680 0.277260
vt 0.795490 0.276290
vt 0.814860 0.270840
vt 0.812820 0.271040
vt 0.794910 0.279100
vt 0.796500 0.277800
vt 0.814430 0.268670
vt 0.812460 0.269260
vt 0.796470 0.280670
vt 0.797780 0.279080
vt 0.813590 0.266620
vt 0.811770 0.267590
vt 0.798310 0.281900
vt 0.799280 0.280080
vt 0.229530 0.069500
vt 0.226600 0.069500
vt 0.226600 0.071180
vt 0.229530 0.071180
vt 0.379490 0.086100
vt 0.382420 0.086100
vt 0.382420 0.084330
vt 0.379490 0.084330
vt 0.491590 0.110050
vt 0.488660 0.110050
vt 0.488660 0.111340
vt 0.491600 0.111340
vt 0.229530 0.067720
vt 0.226600 0.067720
vt 0.379480 0.087770
vt 0.382420 0.087770
vt 0.491580 0.108540
vt 0.488650 0.108540
vt 0.229530 0.065910
vt 0.226600 0.065910
vt 0.379480 0.089270
vt 0.382410 0.089270
vt 0.491580 0.106870
vt 0.488650 0.106870
vt 0.379470 0.090550
vt 0.382400 0.090550
vt 0.491580 0.105090
vt 0.488640 0.105090
vt 0.929350 0.169440
vt 0.932290 0.169440
vt 0.932290 0.168000
vt 0.929360 0.168000
vt 0.491580 0.103280
vt 0.488650 0.103280
vt 0.929350 0.171080
vt 0.932280 0.171080
vt 0.491580 0.101510
vt 0.488650 0.101510
vt 0.929350 0.172830
vt 0.932280 0.172830
vt 0.491590 0.099840
vt 0.488660 0.099840
vt 0.929350 0.174630
vt 0.932280 0.174630
vt 0.491600 0.098340
vt 0.488660 0.098340
vt 0.929350 0.176430
vt 0.932280 0.176430
vt 0.379480 0.077560
vt 0.382410 0.077560
vt 0.382400 0.076280
vt 0.379470 0.076280
vt 0.929350 0.178130
vt 0.932280 0.178130
vt 0.379480 0.079070
vt 0.382420 0.079070
vt 0.929350 0.179690
vt 0.932290 0.179690
vt 0.379490 0.080740
vt 0.382420 0.080740
vt 0.229530 0.064140
vt 0.226600 0.064140
vt 0.929360 0.181040
vt 0.932290 0.181040
vt 0.379490 0.082520
vt 0.382420 0.082520
vt 0.229530 0.062470
vt 0.226600 0.062470
vt 0.226600 0.072690
vt 0.229530 0.072690
vt 0.229530 0.060980
vt 0.226600 0.060980
vt 0.826390 0.421400
vt 0.824280 0.423970
vt 0.825100 0.424790
vt 0.827670 0.422680
vt 0.819630 0.437720
vt 0.819960 0.434420
vt 0.818820 0.434190
vt 0.817860 0.437370
vt 0.824890 0.420400
vt 0.823320 0.423330
vt 0.821440 0.437720
vt 0.821110 0.434420
vt 0.823220 0.419710
vt 0.822250 0.422890
vt 0.823220 0.437370
vt 0.822250 0.434190
vt 0.821440 0.419350
vt 0.821110 0.422660
vt 0.824890 0.436680
vt 0.823320 0.433750
vt 0.819630 0.419350
vt 0.819960 0.422660
vt 0.826390 0.435670
vt 0.824280 0.433110
vt 0.817860 0.419710
vt 0.818820 0.422890
vt 0.827670 0.434390
vt 0.825100 0.432290
vt 0.816190 0.420400
vt 0.817750 0.423330
vt 0.828680 0.432890
vt 0.825750 0.431320
vt 0.814680 0.421400
vt 0.816790 0.423970
vt 0.829370 0.431220
vt 0.826190 0.430250
vt 0.811700 0.431220
vt 0.814880 0.430250
vt 0.814660 0.429120
vt 0.811350 0.429440
vt 0.813400 0.422680
vt 0.815970 0.424790
vt 0.829720 0.429440
vt 0.826420 0.429120
vt 0.812400 0.432890
vt 0.815320 0.431320
vt 0.812400 0.424190
vt 0.815320 0.425750
vt 0.829720 0.427630
vt 0.826420 0.427960
vt 0.813400 0.434390
vt 0.815970 0.432290
vt 0.811700 0.425860
vt 0.814880 0.426820
vt 0.829370 0.425860
vt 0.826190 0.426820
vt 0.814680 0.435670
vt 0.816790 0.433110
vt 0.811350 0.427630
vt 0.814660 0.427960
vt 0.828680 0.424190
vt 0.825750 0.425750
vt 0.816190 0.436680
vt 0.817750 0.433750
vt 0.820820 0.425630
vt 0.821380 0.425740
vt 0.821910 0.431130
vt 0.821380 0.431350
vt 0.820250 0.425630
vt 0.822390 0.430810
vt 0.819680 0.425740
vt 0.822800 0.430400
vt 0.819150 0.425960
vt 0.823120 0.429920
vt 0.818670 0.426280
vt 0.823340 0.429390
vt 0.817730 0.429390
vt 0.817620 0.428830
vt 0.818270 0.426680
vt 0.823450 0.428830
vt 0.817950 0.429920
vt 0.817950 0.427160
vt 0.823450 0.428260
vt 0.818270 0.430400
vt 0.817730 0.427690
vt 0.823340 0.427690
vt 0.818670 0.430810
vt 0.817620 0.428260
vt 0.823120 0.427160
vt 0.819150 0.431130
vt 0.822800 0.426680
vt 0.819680 0.431350
vt 0.822390 0.426280
vt 0.820250 0.431460
vt 0.821910 0.425960
vt 0.820820 0.431460
vt 0.902290 0.576300
vt 0.899800 0.576300
vt 0.899810 0.576840
vt 0.902290 0.576840
vt 0.856480 0.418980
vt 0.858970 0.418980
vt 0.858960 0.418500
vt 0.856480 0.418500
vt 0.902290 0.575810
vt 0.899800 0.575810
vt 0.856480 0.419510
vt 0.858970 0.419510
vt 0.298880 0.704630
vt 0.296390 0.704630
vt 0.296390 0.705190
vt 0.298880 0.705190
vt 0.902290 0.575380
vt 0.899800 0.575380
vt 0.856480 0.420070
vt 0.858970 0.420070
vt 0.298880 0.704100
vt 0.296390 0.704100
vt 0.298880 0.706860
vt 0.296390 0.706860
vt 0.296390 0.707340
vt 0.298880 0.707340
vt 0.856480 0.420640
vt 0.858970 0.420640
vt 0.298880 0.703620
vt 0.296390 0.703620
vt 0.298880 0.706330
vt 0.296390 0.706330
vt 0.856480 0.421210
vt 0.858970 0.421210
vt 0.682440 0.071530
vt 0.679960 0.071530
vt 0.679960 0.071940
vt 0.682440 0.071940
vt 0.298880 0.705770
vt 0.296390 0.705770
vt 0.856480 0.421740
vt 0.858970 0.421740
vt 0.682440 0.071050
vt 0.679960 0.071050
vt 0.856480 0.422220
vt 0.858960 0.422220
vt 0.682440 0.070520
vt 0.679950 0.070520
vt 0.856480 0.422620
vt 0.858960 0.422620
vt 0.682440 0.069960
vt 0.679950 0.069960
vt 0.902290 0.579060
vt 0.899800 0.579060
vt 0.899800 0.579520
vt 0.902290 0.579520
vt 0.682440 0.069380
vt 0.679950 0.069380
vt 0.902290 0.578540
vt 0.899800 0.578540
vt 0.682440 0.068820
vt 0.679960 0.068820
vt 0.902290 0.577990
vt 0.899810 0.577990
vt 0.682440 0.068290
vt 0.679960 0.068290
vt 0.902290 0.577410
vt 0.899810 0.577410
vt 0.682440 0.067820
vt 0.679960 0.067810
vt 0.858960 0.418090
vt 0.856480 0.418090
vt 0.804380 0.257700
vt 0.804650 0.258200
vt 0.805220 0.257820
vt 0.804860 0.257380
vt 0.805920 0.255400
vt 0.806490 0.255460
vt 0.806490 0.254770
vt 0.805920 0.254830
vt 0.800730 0.253250
vt 0.800290 0.252890
vt 0.799910 0.253460
vt 0.800420 0.253730
vt 0.803850 0.257920
vt 0.804020 0.258470
vt 0.805800 0.255960
vt 0.806350 0.256130
vt 0.801140 0.252850
vt 0.800780 0.252400
vt 0.803290 0.258030
vt 0.803340 0.258600
vt 0.805580 0.256490
vt 0.806090 0.256770
vt 0.801620 0.252530
vt 0.801350 0.252020
vt 0.802710 0.258030
vt 0.802660 0.258600
vt 0.805260 0.256970
vt 0.805710 0.257340
vt 0.802150 0.252310
vt 0.801980 0.251760
vt 0.802150 0.257920
vt 0.801980 0.258470
vt 0.802710 0.252200
vt 0.802660 0.251630
vt 0.801620 0.257700
vt 0.801350 0.258200
vt 0.803290 0.252200
vt 0.803340 0.251630
vt 0.801140 0.257380
vt 0.800780 0.257820
vt 0.803850 0.252310
vt 0.804020 0.251760
vt 0.800730 0.256970
vt 0.800290 0.257340
vt 0.804380 0.252530
vt 0.804650 0.252020
vt 0.800420 0.256490
vt 0.799910 0.256770
vt 0.804860 0.252850
vt 0.805220 0.252400
vt 0.800200 0.255960
vt 0.799650 0.256130
vt 0.805260 0.253250
vt 0.805710 0.252890
vt 0.800080 0.255400
vt 0.799510 0.255460
vt 0.805580 0.253730
vt 0.806090 0.253460
vt 0.800080 0.254830
vt 0.799510 0.254770
vt 0.805800 0.254260
vt 0.806350 0.254100
vt 0.800200 0.254260
vt 0.799650 0.254100
vt 0.966630 0.782670
vt 0.964770 0.782670
vt 0.964770 0.783240
vt 0.966630 0.783240
vt 0.856750 0.044150
vt 0.858610 0.044150
vt 0.858610 0.043460
vt 0.856750 0.043460
vt 0.747050 0.226640
vt 0.745190 0.226640
vt 0.745190 0.227210
vt 0.747040 0.227210
vt 0.966630 0.782040
vt 0.964770 0.782030
vt 0.747050 0.226150
vt 0.745190 0.226150
vt 0.966630 0.781360
vt 0.964770 0.781360
vt 0.875080 0.070640
vt 0.876940 0.070640
vt 0.876940 0.070090
vt 0.875080 0.070090
vt 0.966630 0.780670
vt 0.964770 0.780670
vt 0.875080 0.071260
vt 0.876940 0.071260
vt 0.966630 0.780000
vt 0.964770 0.780000
vt 0.875080 0.071920
vt 0.876940 0.071920
vt 0.966630 0.779370
vt 0.964770 0.779370
vt 0.875080 0.072610
vt 0.876940 0.072610
vt 0.966640 0.778800
vt 0.964780 0.778800
vt 0.875080 0.073290
vt 0.876940 0.073290
vt 0.747050 0.231080
vt 0.745190 0.231080
vt 0.745190 0.231570
vt 0.747050 0.231570
vt 0.875080 0.073930
vt 0.876940 0.073940
vt 0.747040 0.230510
vt 0.745180 0.230510
vt 0.875080 0.074530
vt 0.876940 0.074530
vt 0.747040 0.229880
vt 0.745180 0.229880
vt 0.856750 0.044820
vt 0.858610 0.044820
vt 0.875080 0.075040
vt 0.876940 0.075040
vt 0.747040 0.229200
vt 0.745180 0.229200
vt 0.856750 0.045460
vt 0.858610 0.045460
vt 0.856750 0.042150
vt 0.858610 0.042150
vt 0.858610 0.041580
vt 0.856750 0.041580
vt 0.747040 0.228520
vt 0.745180 0.228520
vt 0.856750 0.046030
vt 0.858610 0.046030
vt 0.856750 0.042790
vt 0.858610 0.042790
vt 0.747040 0.227840
vt 0.745180 0.227840
vt 0.964780 0.783730
vt 0.966640 0.783730
vt 0.851940 0.595540
vt 0.851870 0.596280
vt 0.852400 0.596390
vt 0.852610 0.595670
vt 0.849950 0.602120
vt 0.850300 0.601460
vt 0.849850 0.601160
vt 0.849370 0.601740
vt 0.851250 0.595540
vt 0.851330 0.596280
vt 0.850580 0.602380
vt 0.850800 0.601670
vt 0.850580 0.595670
vt 0.850800 0.596390
vt 0.851250 0.602520
vt 0.851330 0.601780
vt 0.849950 0.595940
vt 0.850300 0.596590
vt 0.851940 0.602520
vt 0.851870 0.601780
vt 0.849370 0.596320
vt 0.849850 0.596890
vt 0.852610 0.602380
vt 0.852400 0.601670
vt 0.848890 0.596800
vt 0.849460 0.597280
vt 0.853250 0.602120
vt 0.852900 0.601460
vt 0.848510 0.597380
vt 0.849160 0.597730
vt 0.855090 0.598680
vt 0.854350 0.598760
vt 0.854350 0.599300
vt 0.855090 0.599370
vt 0.853820 0.601740
vt 0.853350 0.601160
vt 0.848240 0.598010
vt 0.848950 0.598230
vt 0.854950 0.598010
vt 0.854240 0.598230
vt 0.854310 0.601250
vt 0.853730 0.600780
vt 0.848110 0.598680
vt 0.848850 0.598760
vt 0.854690 0.597380
vt 0.854030 0.597730
vt 0.854690 0.600680
vt 0.854030 0.600330
vt 0.848110 0.599370
vt 0.848850 0.599300
vt 0.854310 0.596800
vt 0.853730 0.597280
vt 0.854950 0.600050
vt 0.854240 0.599830
vt 0.848240 0.600050
vt 0.848950 0.599830
vt 0.853820 0.596320
vt 0.853350 0.596890
vt 0.848510 0.600680
vt 0.849160 0.600330
vt 0.853250 0.595940
vt 0.852900 0.596590
vt 0.848890 0.601250
vt 0.849460 0.600780
vt 0.790530 0.172300
vt 0.790530 0.123040
vt 0.790080 0.123030
vt 0.790080 0.172290
vt 0.644100 0.181440
vt 0.644100 0.132170
vt 0.643570 0.132170
vt 0.643570 0.181440
vt 0.560230 0.249050
vt 0.560230 0.298310
vt 0.560610 0.298310
vt 0.560610 0.249050
vt 0.644610 0.181430
vt 0.644610 0.132170
vt 0.559780 0.249050
vt 0.559780 0.298310
vt 0.645080 0.181430
vt 0.645080 0.132170
vt 0.559280 0.249050
vt 0.559280 0.298310
vt 0.817020 0.123040
vt 0.817020 0.172300
vt 0.817550 0.172300
vt 0.817550 0.123040
vt 0.645480 0.181430
vt 0.645480 0.132170
vt 0.558750 0.249050
vt 0.558750 0.298310
vt 0.816520 0.123040
vt 0.816520 0.172300
vt 0.819130 0.123040
vt 0.819130 0.172300
vt 0.819580 0.172300
vt 0.819580 0.123040
vt 0.558210 0.249050
vt 0.558210 0.298310
vt 0.816080 0.123040
vt 0.816080 0.172300
vt 0.818630 0.123040
vt 0.818630 0.172300
vt 0.557680 0.249050
vt 0.557680 0.298310
vt 0.787030 0.172300
vt 0.787030 0.123040
vt 0.786640 0.123040
vt 0.786640 0.172300
vt 0.818090 0.123040
vt 0.818090 0.172300
vt 0.557180 0.249050
vt 0.557180 0.298310
vt 0.787480 0.172290
vt 0.787480 0.123030
vt 0.556730 0.249050
vt 0.556730 0.298310
vt 0.787980 0.172290
vt 0.787980 0.123030
vt 0.556340 0.249050
vt 0.556340 0.298310
vt 0.788510 0.172290
vt 0.788510 0.123030
vt 0.642010 0.181430
vt 0.642010 0.132170
vt 0.641580 0.132170
vt 0.641580 0.181430
vt 0.789050 0.172290
vt 0.789050 0.123030
vt 0.642500 0.181430
vt 0.642500 0.132170
vt 0.789580 0.172290
vt 0.789580 0.123030
vt 0.643030 0.181440
vt 0.643030 0.132170
vt 0.525210 0.040940
vt 0.524900 0.041200
vt 0.525330 0.041640
vt 0.525590 0.041320
vt 0.527610 0.041940
vt 0.527650 0.042340
vt 0.528260 0.042220
vt 0.528140 0.041830
vt 0.528640 0.036750
vt 0.528830 0.036400
vt 0.528260 0.036160
vt 0.528140 0.036550
vt 0.524910 0.040490
vt 0.524550 0.040680
vt 0.527070 0.041940
vt 0.527030 0.042340
vt 0.529090 0.037050
vt 0.529350 0.036740
vt 0.524700 0.039990
vt 0.524310 0.040110
vt 0.529480 0.037440
vt 0.529790 0.037180
vt 0.524590 0.039460
vt 0.524190 0.039500
vt 0.529780 0.037890
vt 0.530130 0.037700
vt 0.524590 0.038920
vt 0.524190 0.038880
vt 0.529980 0.038390
vt 0.530370 0.038270
vt 0.524700 0.038390
vt 0.524310 0.038270
vt 0.530090 0.038920
vt 0.530490 0.038880
vt 0.524910 0.037890
vt 0.524550 0.037700
vt 0.530090 0.039460
vt 0.530490 0.039500
vt 0.525210 0.037440
vt 0.524900 0.037180
vt 0.529980 0.039990
vt 0.530370 0.040110
vt 0.525590 0.037050
vt 0.525330 0.036740
vt 0.529780 0.040490
vt 0.530130 0.040680
vt 0.526040 0.036750
vt 0.525850 0.036400
vt 0.529480 0.040940
vt 0.529790 0.041200
vt 0.526540 0.036550
vt 0.526420 0.036160
vt 0.526540 0.041830
vt 0.526420 0.042220
vt 0.529090 0.041320
vt 0.529350 0.041640
vt 0.527070 0.036440
vt 0.527030 0.036040
vt 0.526040 0.041630
vt 0.525850 0.041980
vt 0.528640 0.041630
vt 0.528830 0.041980
vt 0.527610 0.036440
vt 0.527650 0.036040
vt 0.989250 0.953370
vt 0.987790 0.953370
vt 0.987790 0.953980
vt 0.989250 0.953980
vt 0.295370 0.086560
vt 0.296830 0.086560
vt 0.296830 0.086060
vt 0.295370 0.086060
vt 0.989250 0.952750
vt 0.987790 0.952750
vt 0.295370 0.087120
vt 0.296830 0.087120
vt 0.989250 0.952140
vt 0.987790 0.952140
vt 0.295370 0.087720
vt 0.296830 0.087720
vt 0.989250 0.951570
vt 0.987790 0.951570
vt 0.295370 0.088340
vt 0.296830 0.088340
vt 0.989250 0.951060
vt 0.987790 0.951060
vt 0.295370 0.088950
vt 0.296830 0.088950
vt 0.982850 0.712910
vt 0.984310 0.712910
vt 0.984310 0.712470
vt 0.982850 0.712470
vt 0.295370 0.089540
vt 0.296830 0.089540
vt 0.982850 0.713420
vt 0.984310 0.713420
vt 0.295370 0.090070
vt 0.296830 0.090070
vt 0.982860 0.714000
vt 0.984320 0.714000
vt 0.310210 0.704710
vt 0.308750 0.704710
vt 0.308750 0.705320
vt 0.310210 0.705320
vt 0.295370 0.090530
vt 0.296830 0.090530
vt 0.982860 0.714610
vt 0.984320 0.714610
vt 0.310210 0.704140
vt 0.308750 0.704140
vt 0.310210 0.707120
vt 0.308750 0.707120
vt 0.308750 0.707640
vt 0.310210 0.707640
vt 0.982860 0.715230
vt 0.984320 0.715230
vt 0.310210 0.703620
vt 0.308750 0.703620
vt 0.310210 0.706550
vt 0.308750 0.706550
vt 0.982860 0.715830
vt 0.984320 0.715830
vt 0.989250 0.955070
vt 0.987790 0.955070
vt 0.987790 0.955510
vt 0.989250 0.955510
vt 0.310210 0.705940
vt 0.308750 0.705940
vt 0.982850 0.716410
vt 0.984310 0.716410
vt 0.989250 0.954550
vt 0.987790 0.954550
vt 0.982850 0.716920
vt 0.984310 0.716920
vt 0.982850 0.717360
vt 0.984310 0.717360
vt 0.471840 0.040540
vt 0.471440 0.040420
vt 0.471230 0.040920
vt 0.471600 0.041120
vt 0.466370 0.037620
vt 0.466690 0.037880
vt 0.467070 0.037500
vt 0.466810 0.037180
vt 0.471960 0.039930
vt 0.471540 0.039890
vt 0.466020 0.038130
vt 0.466400 0.038330
vt 0.471960 0.039310
vt 0.471540 0.039360
vt 0.465790 0.038710
vt 0.466190 0.038830
vt 0.471840 0.038710
vt 0.471440 0.038830
vt 0.465660 0.039310
vt 0.466080 0.039360
vt 0.471600 0.038130
vt 0.471230 0.038330
vt 0.467320 0.042420
vt 0.467520 0.042040
vt 0.467070 0.041740
vt 0.466810 0.042070
vt 0.465660 0.039930
vt 0.466080 0.039890
vt 0.471260 0.037620
vt 0.470930 0.037880
vt 0.467890 0.042650
vt 0.468020 0.042250
vt 0.465790 0.040540
vt 0.466190 0.040420
vt 0.470820 0.037180
vt 0.470550 0.037500
vt 0.468500 0.042770
vt 0.468540 0.042350
vt 0.466020 0.041120
vt 0.466400 0.040920
vt 0.470300 0.036830
vt 0.470110 0.037210
vt 0.469120 0.042770
vt 0.469080 0.042350
vt 0.466370 0.041630
vt 0.466690 0.041360
vt 0.469730 0.036600
vt 0.469610 0.037000
vt 0.469730 0.042650
vt 0.469610 0.042250
vt 0.469120 0.036480
vt 0.469080 0.036900
vt 0.470300 0.042420
vt 0.470110 0.042040
vt 0.468500 0.036480
vt 0.468540 0.036900
vt 0.470820 0.042070
vt 0.470550 0.041740
vt 0.467890 0.036600
vt 0.468020 0.037000
vt 0.471260 0.041630
vt 0.470930 0.041360
vt 0.467320 0.036830
vt 0.467520 0.037210
vt 0.888240 0.579610
vt 0.888240 0.588710
vt 0.888690 0.588710
vt 0.888690 0.579610
vt 0.531360 0.080860
vt 0.531360 0.071760
vt 0.530900 0.071760
vt 0.530900 0.080860
vt 0.887740 0.579620
vt 0.887740 0.588710
vt 0.940990 0.226570
vt 0.940990 0.235670
vt 0.941510 0.235670
vt 0.941510 0.226570
vt 0.531760 0.080860
vt 0.531760 0.071760
vt 0.887220 0.579620
vt 0.887220 0.588710
vt 0.940490 0.226570
vt 0.940490 0.235670
vt 0.943080 0.226570
vt 0.943080 0.235670
vt 0.943530 0.235670
vt 0.943530 0.226570
vt 0.886680 0.579620
vt 0.886680 0.588710
vt 0.940050 0.226570
vt 0.940050 0.235670
vt 0.942580 0.226570
vt 0.942580 0.235670
vt 0.886150 0.579620
vt 0.886150 0.588710
vt 0.088770 0.079710
vt 0.088770 0.070610
vt 0.088390 0.070610
vt 0.088390 0.079710
vt 0.942050 0.226570
vt 0.942050 0.235670
vt 0.885660 0.579610
vt 0.885660 0.588710
vt 0.089220 0.079700
vt 0.089220 0.070610
vt 0.885210 0.579610
vt 0.885210 0.588710
vt 0.089720 0.079700
vt 0.089720 0.070610
vt 0.884830 0.579610
vt 0.884830 0.588710
vt 0.090240 0.079700
vt 0.090240 0.070600
vt 0.528320 0.080860
vt 0.528320 0.071760
vt 0.527890 0.071760
vt 0.527890 0.080860
vt 0.090780 0.079700
vt 0.090780 0.070600
vt 0.528800 0.080860
vt 0.528800 0.071760
vt 0.091310 0.079700
vt 0.091310 0.070610
vt 0.529320 0.080860
vt 0.529320 0.071760
vt 0.091800 0.079700
vt 0.091800 0.070610
vt 0.529860 0.080860
vt 0.529860 0.071760
vt 0.092250 0.079710
vt 0.092250 0.070610
vt 0.530390 0.080860
vt 0.530390 0.071760
vt 0.889070 0.588710
vt 0.889070 0.579610
vt 0.886550 0.590220
vt 0.887340 0.590220
vt 0.209040 0.075120
vt 0.207780 0.075120
vt 0.207860 0.075910
vt 0.209090 0.075650
vt 0.942940 0.237170
vt 0.943660 0.237170
vt 0.885780 0.590220
vt 0.209090 0.074580
vt 0.207860 0.074340
vt 0.942170 0.237170
vt 0.885060 0.590220
vt 0.088630 0.069100
vt 0.087980 0.069100
vt 0.941380 0.237170
vt 0.610510 0.305670
vt 0.609260 0.305790
vt 0.609410 0.306560
vt 0.610620 0.306200
vt 0.089360 0.069100
vt 0.610510 0.305130
vt 0.609260 0.305000
vt 0.090130 0.069100
vt 0.610620 0.304610
vt 0.609410 0.304230
vt 0.090910 0.069100
vt 0.528370 0.070260
vt 0.527660 0.070260
vt 0.091680 0.069100
vt 0.529130 0.070260
vt 0.092400 0.069100
vt 0.529910 0.070260
vt 0.093050 0.069100
vt 0.530690 0.070260
vt 0.864860 0.868240
vt 0.864740 0.869490
vt 0.865520 0.869490
vt 0.865400 0.868240
vt 0.531430 0.070260
vt 0.888830 0.590220
vt 0.889490 0.590220
vt 0.532110 0.070260
vt 0.888110 0.590220
vt 0.940610 0.237170
vt 0.895030 0.434300
vt 0.893770 0.434300
vt 0.893850 0.435080
vt 0.895090 0.434830
vt 0.939890 0.237170
vt 0.895090 0.433760
vt 0.893850 0.433520
vt 0.884410 0.590210
vt 0.884170 0.592370
vt 0.884880 0.592380
vt 0.089250 0.066940
vt 0.088450 0.066940
vt 0.883850 0.590210
vt 0.883560 0.592370
vt 0.090090 0.066940
vt 0.527470 0.068100
vt 0.526780 0.068100
vt 0.527040 0.070260
vt 0.090950 0.066940
vt 0.528240 0.068110
vt 0.091790 0.066940
vt 0.529070 0.068110
vt 0.092580 0.066940
vt 0.529930 0.068110
vt 0.093290 0.066940
vt 0.530780 0.068110
vt 0.889720 0.592370
vt 0.890330 0.592370
vt 0.890040 0.590210
vt 0.531590 0.068110
vt 0.889010 0.592380
vt 0.532330 0.068100
vt 0.888220 0.592380
vt 0.940500 0.239330
vt 0.941340 0.239330
vt 0.532690 0.070260
vt 0.532970 0.068100
vt 0.887370 0.592380
vt 0.939710 0.239330
vt 0.943840 0.239330
vt 0.944560 0.239330
vt 0.944320 0.237170
vt 0.886520 0.592380
vt 0.939240 0.237170
vt 0.939000 0.239330
vt 0.943040 0.239330
vt 0.885670 0.592380
vt 0.087740 0.066940
vt 0.087130 0.066950
vt 0.087420 0.069110
vt 0.942200 0.239330
vt 0.528240 0.066880
vt 0.527470 0.066880
vt 0.091790 0.065710
vt 0.090950 0.065710
vt 0.529070 0.066880
vt 0.092580 0.065720
vt 0.529930 0.066880
vt 0.093290 0.065720
vt 0.530780 0.066880
vt 0.889720 0.593600
vt 0.890330 0.593590
vt 0.531590 0.066880
vt 0.889010 0.593600
vt 0.532330 0.066880
vt 0.888220 0.593600
vt 0.940500 0.240550
vt 0.941340 0.240550
vt 0.532970 0.066880
vt 0.887370 0.593600
vt 0.939710 0.240550
vt 0.943840 0.240550
vt 0.944560 0.240550
vt 0.886520 0.593600
vt 0.939000 0.240550
vt 0.943040 0.240550
vt 0.885670 0.593600
vt 0.087740 0.065720
vt 0.087130 0.065720
vt 0.942200 0.240550
vt 0.884880 0.593600
vt 0.088450 0.065720
vt 0.884170 0.593600
vt 0.089250 0.065710
vt 0.883560 0.593590
vt 0.090090 0.065710
vt 0.526780 0.066880
vt 0.569330 0.252250
vt 0.569110 0.254490
vt 0.570410 0.254490
vt 0.570190 0.252250
vt 0.572540 0.244510
vt 0.573960 0.242780
vt 0.572880 0.242060
vt 0.571820 0.244040
vt 0.568490 0.252090
vt 0.567840 0.254240
vt 0.573140 0.245120
vt 0.574880 0.243700
vt 0.567700 0.251760
vt 0.566640 0.253740
vt 0.573620 0.245830
vt 0.575600 0.244780
vt 0.565400 0.247470
vt 0.563170 0.247250
vt 0.563170 0.248550
vt 0.565400 0.248330
vt 0.566980 0.251280
vt 0.565560 0.253020
vt 0.573950 0.246630
vt 0.576100 0.245980
vt 0.565570 0.246630
vt 0.563420 0.245980
vt 0.566380 0.250680
vt 0.564640 0.252100
vt 0.574120 0.247470
vt 0.576350 0.247250
vt 0.565900 0.245830
vt 0.563920 0.244780
vt 0.565900 0.249960
vt 0.563920 0.251020
vt 0.574120 0.248330
vt 0.576350 0.248550
vt 0.566380 0.245120
vt 0.564640 0.243700
vt 0.565570 0.249170
vt 0.563420 0.249820
vt 0.573950 0.249170
vt 0.576100 0.249820
vt 0.566980 0.244510
vt 0.565560 0.242780
vt 0.573620 0.249960
vt 0.575600 0.251020
vt 0.567700 0.244040
vt 0.566640 0.242060
vt 0.573140 0.250680
vt 0.574880 0.252100
vt 0.568490 0.243710
vt 0.567840 0.241560
vt 0.572540 0.251280
vt 0.573960 0.253020
vt 0.569330 0.243540
vt 0.569110 0.241310
vt 0.571820 0.251760
vt 0.572880 0.253740
vt 0.570190 0.243540
vt 0.570410 0.241310
vt 0.571030 0.252090
vt 0.571680 0.254240
vt 0.571030 0.243710
vt 0.571680 0.241560
vt 0.249350 0.026920
vt 0.251900 0.026920
vt 0.251900 0.025950
vt 0.249350 0.025950
vt 0.981860 0.348080
vt 0.979300 0.348080
vt 0.979300 0.349350
vt 0.981860 0.349350
vt 0.985140 0.789590
vt 0.982580 0.789590
vt 0.982580 0.790790
vt 0.985140 0.790790
vt 0.985140 0.795840
vt 0.982580 0.795840
vt 0.982580 0.796920
vt 0.985140 0.796920
vt 0.981860 0.346780
vt 0.979300 0.346780
vt 0.985140 0.788520
vt 0.982580 0.788520
vt 0.985140 0.794630
vt 0.982580 0.794630
vt 0.981860 0.345510
vt 0.979300 0.345510
vt 0.583180 0.025320
vt 0.580620 0.025320
vt 0.580630 0.026240
vt 0.583180 0.026240
vt 0.985140 0.793360
vt 0.982580 0.793360
vt 0.981860 0.344310
vt 0.979310 0.344310
vt 0.583170 0.024240
vt 0.580620 0.024240
vt 0.985140 0.792060
vt 0.982580 0.792060
vt 0.981870 0.343230
vt 0.979310 0.343230
vt 0.583170 0.023040
vt 0.580610 0.023030
vt 0.981870 0.342310
vt 0.979320 0.342310
vt 0.583170 0.021760
vt 0.580610 0.021760
vt 0.249350 0.018600
vt 0.251900 0.018600
vt 0.251900 0.017560
vt 0.249350 0.017560
vt 0.583170 0.020460
vt 0.580610 0.020460
vt 0.249340 0.019770
vt 0.251900 0.019770
vt 0.583170 0.019190
vt 0.580620 0.019190
vt 0.249340 0.021030
vt 0.251900 0.021030
vt 0.583180 0.017990
vt 0.580620 0.017990
vt 0.249340 0.022320
vt 0.251900 0.022320
vt 0.583180 0.016920
vt 0.580630 0.016920
vt 0.249340 0.023610
vt 0.251900 0.023610
vt 0.981870 0.351630
vt 0.979310 0.351630
vt 0.979320 0.352550
vt 0.981870 0.352550
vt 0.249340 0.024830
vt 0.251900 0.024830
vt 0.981860 0.350550
vt 0.979310 0.350550
s 1
usemtl pied-autel
f 1/1/1 2/2/1 3/3/2
f 1/1/1 3/3/2 4/4/2
f 5/5/3 6/6/3 7/7/4
f 5/5/3 7/7/4 8/8/4
f 9/9/5 10/10/5 11/11/1
f 9/9/5 11/11/1 12/12/1
f 13/13/6 14/14/6 6/6/3
f 13/13/6 6/6/3 5/5/3
f 15/15/7 16/16/7 10/10/5
f 15/15/7 10/10/5 9/9/5
f 17/17/8 18/18/8 14/14/6
f 17/17/8 14/14/6 13/13/6
f 19/19/9 20/20/9 16/16/7
f 19/19/9 16/16/7 15/15/7
f 21/21/10 22/22/10 18/18/8
f 21/21/10 18/18/8 17/17/8
f 23/23/11 24/24/11 20/20/9
f 23/23/11 20/20/9 19/19/9
f 25/25/12 26/26/12 22/22/10
f 25/25/12 22/22/10 21/21/10
f 27/27/13 28/28/13 24/24/11
f 27/27/13 24/24/11 23/23/11
f 29/29/14 30/30/14 26/26/12
f 29/29/14 26/26/12 25/25/12
f 31/31/15 32/32/15 28/28/13
f 31/31/15 28/28/13 27/27/13
f 33/33/16 34/34/16 30/30/14
f 33/33/16 30/30/14 29/29/14
f 35/35/17 36/36/17 32/32/15
f 35/35/17 32/32/15 31/31/15
f 37/37/18 38/38/18 39/39/16
f 37/37/18 39/39/16 40/40/16
f 41/41/19 42/42/19 36/36/17
f 41/41/19 36/36/17 35/35/17
f 43/43/20 44/44/20 38/38/18
f 43/43/20 38/38/18 37/37/18
f 45/45/21 46/46/22 47/47/23
f 45/45/21 47/47/23 48/48/23
f 49/49/24 50/50/24 51/51/25
f 49/49/24 51/51/25 52/52/25
f 53/53/26 54/54/26 44/44/20
f 53/53/26 44/44/20 43/43/20
f 55/55/27 56/56/28 48/48/23
f 55/55/27 48/48/23 47/47/23
f 57/57/29 58/58/29 50/50/24
f 57/57/29 50/50/24 49/49/24
f 59/59/30 60/60/31 54/54/26
f 59/59/30 54/54/26 53/53/26
f 61/61/32 62/62/32 56/56/28
f 61/61/32 56/56/28 55/55/27
f 63/63/33 64/64/33 58/58/29
f 63/63/33 58/58/29 57/57/29
f 65/65/34 66/66/34 60/60/31
f 65/65/34 60/60/31 59/59/30
f 67/67/35 68/68/35 62/62/32
f 67/67/35 62/62/32 61/61/32
f 69/69/36 70/70/36 64/64/33
f 69/69/36 64/64/33 63/63/33
f 4/4/2 3/3/2 66/66/34
f 4/4/2 66/66/34 65/65/34
f 8/8/4 7/7/4 71/71/37
f 8/8/4 71/71/37 72/72/37
f 46/46/22 45/45/21 70/70/36
f 46/46/22 70/70/36 69/69/36
f 73/73/38 74/74/39 75/75/40
f 73/73/38 75/75/40 76/76/40
f 77/77/41 78/78/42 79/79/43
f 77/77/41 79/79/43 80/80/43
f 81/81/44 82/82/45 83/83/46
f 81/81/44 83/83/46 84/84/46
f 85/85/47 86/86/48 74/74/39
f 85/85/47 74/74/39 73/73/38
f 87/87/49 88/88/49 78/78/42
f 87/87/49 78/78/42 77/77/41
f 89/89/50 90/90/50 82/82/45
f 89/89/50 82/82/45 81/81/44
f 91/91/51 92/92/52 86/86/48
f 91/91/51 86/86/48 85/85/47
f 93/93/53 94/94/53 88/88/49
f 93/93/53 88/88/49 87/87/49
f 95/95/54 96/96/54 90/90/50
f 95/95/54 90/90/50 89/89/50
f 97/97/55 98/98/55 92/92/52
f 97/97/55 92/92/52 91/91/51
f 99/99/56 100/100/56 94/94/53
f 99/99/56 94/94/53 93/93/53
f 101/101/57 102/102/57 96/96/54
f 101/101/57 96/96/54 95/95/54
f 103/103/58 104/104/58 98/98/55
f 103/103/58 98/98/55 97/97/55
f 105/105/59 106/106/59 100/100/56
f 105/105/59 100/100/56 99/99/56
f 107/107/60 108/108/60 102/102/57
f 107/107/60 102/102/57 101/101/57
f 84/84/46 83/83/46 104/104/58
f 84/84/46 104/104/58 103/103/58
f 109/109/61 110/110/62 106/106/59
f 109/109/61 106/106/59 105/105/59
f 111/111/63 112/112/63 108/108/60
f 111/111/63 108/108/60 107/107/60
f 113/113/64 114/114/64 110/110/62
f 113/113/64 110/110/62 109/109/61
f 115/115/65 116/116/65 112/112/63
f 115/115/65 112/112/63 111/111/63
f 117/117/66 118/118/66 114/114/64
f 117/117/66 114/114/64 113/113/64
f 119/119/67 120/120/67 116/116/65
f 119/119/67 116/116/65 115/115/65
f 121/121/68 122/122/68 118/118/66
f 121/121/68 118/118/66 117/117/66
f 123/123/69 124/124/69 120/120/67
f 123/123/69 120/120/67 119/119/67
f 125/125/70 126/126/70 122/122/68
f 125/125/70 122/122/68 121/121/68
f 127/127/71 128/128/71 124/124/69
f 127/127/71 124/124/69 123/123/69
f 129/129/72 130/130/72 126/126/70
f 129/129/72 126/126/70 125/125/70
f 131/131/73 132/132/74 128/128/71
f 131/131/73 128/128/71 127/127/71
f 133/133/75 134/134/75 130/130/72
f 133/133/75 130/130/72 129/129/72
f 135/135/76 136/136/76 132/132/74
f 135/135/76 132/132/74 131/131/73
f 76/76/40 75/75/40 134/134/75
f 76/76/40 134/134/75 133/133/75
f 80/80/43 79/79/43 136/136/76
f 80/80/43 136/136/76 135/135/76
f 137/137/77 138/138/33 139/139/78
f 137/137/77 139/139/78 140/140/29
f 141/141/34 142/142/34 143/143/30
f 141/141/34 143/143/30 144/144/30
f 145/145/35 146/146/37 147/147/32
f 145/145/35 147/147/32 148/148/32
f 149/149/36 150/150/36 138/138/33
f 149/149/36 138/138/33 137/137/77
f 151/151/2 152/152/2 142/142/34
f 151/151/2 142/142/34 141/141/34
f 153/153/4 154/154/4 155/155/37
f 153/153/4 155/155/37 156/156/37
f 157/157/22 158/158/22 150/150/36
f 157/157/22 150/150/36 149/149/36
f 159/159/1 160/160/1 152/152/2
f 159/159/1 152/152/2 151/151/2
f 161/161/3 162/162/3 154/154/4
f 161/161/3 154/154/4 153/153/4
f 163/163/5 164/164/5 165/165/1
f 163/163/5 165/165/1 166/166/79
f 167/167/6 168/168/6 162/162/3
f 167/167/6 162/162/3 161/161/3
f 169/169/80 170/170/7 164/164/5
f 169/169/80 164/164/5 163/163/5
f 171/171/8 172/172/8 168/168/6
f 171/171/8 168/168/6 167/167/6
f 173/173/9 174/174/9 170/170/7
f 173/173/9 170/170/7 169/169/80
f 175/175/10 176/176/10 172/172/8
f 175/175/10 172/172/8 171/171/8
f 177/177/11 178/178/11 174/174/9
f 177/177/11 174/174/9 173/173/9
f 179/179/81 180/180/81 176/176/10
f 179/179/81 176/176/10 175/175/10
f 181/181/13 182/182/13 178/178/11
f 181/181/13 178/178/11 177/177/11
f 183/183/14 184/184/14 180/180/81
f 183/183/14 180/180/81 179/179/81
f 185/185/15 186/186/15 182/182/13
f 185/185/15 182/182/13 181/181/13
f 187/187/16 188/188/16 184/184/14
f 187/187/16 184/184/14 183/183/14
f 189/189/17 190/190/82 186/186/15
f 189/189/17 186/186/15 185/185/15
f 191/191/18 192/192/83 193/193/84
f 191/191/18 193/193/84 194/194/16
f 195/195/25 196/196/85 190/190/82
f 195/195/25 190/190/82 189/189/17
f 197/197/86 198/198/86 192/192/83
f 197/197/86 192/192/83 191/191/18
f 199/199/87 200/200/23 158/158/22
f 199/199/87 158/158/22 157/157/22
f 201/201/24 202/202/24 203/203/19
f 201/201/24 203/203/19 204/204/19
f 205/205/26 206/206/26 198/198/86
f 205/205/26 198/198/86 197/197/86
f 207/207/27 208/208/27 200/200/23
f 207/207/27 200/200/23 199/199/87
f 140/140/29 139/139/78 202/202/24
f 140/140/29 202/202/24 201/201/24
f 144/144/30 143/143/30 206/206/26
f 144/144/30 206/206/26 205/205/26
f 148/148/32 147/147/32 208/208/27
f 148/148/32 208/208/27 207/207/27
f 209/209/88 210/210/89 211/211/90
f 209/209/88 211/211/90 212/212/91
f 213/213/92 214/214/93 215/215/94
f 213/213/92 215/215/94 216/216/95
f 217/217/96 218/218/97 210/210/89
f 217/217/96 210/210/89 209/209/88
f 219/219/98 220/220/99 214/214/93
f 219/219/98 214/214/93 213/213/92
f 221/221/100 222/222/101 218/218/97
f 221/221/100 218/218/97 217/217/96
f 223/223/102 224/224/103 220/220/99
f 223/223/102 220/220/99 219/219/98
f 225/225/104 226/226/105 222/222/101
f 225/225/104 222/222/101 221/221/100
f 227/227/106 228/228/107 224/224/103
f 227/227/106 224/224/103 223/223/102
f 229/229/108 230/230/109 226/226/105
f 229/229/108 226/226/105 225/225/104
f 231/231/110 232/232/111 228/228/107
f 231/231/110 228/228/107 227/227/106
f 233/233/112 234/234/113 230/230/109
f 233/233/112 230/230/109 229/229/108
f 235/235/114 236/236/115 232/232/111
f 235/235/114 232/232/111 231/231/110
f 237/237/116 238/238/117 234/234/113
f 237/237/116 234/234/113 233/233/112
f 239/239/118 240/240/119 236/236/115
f 239/239/118 236/236/115 235/235/114
f 241/241/120 242/242/121 238/238/117
f 241/241/120 238/238/117 237/237/116
f 243/243/122 244/244/123 240/240/119
f 243/243/122 240/240/119 239/239/118
f 245/245/124 246/246/125 247/247/126
f 245/245/124 247/247/126 248/248/127
f 249/249/128 250/250/129 242/242/121
f 249/249/128 242/242/121 241/241/120
f 251/251/130 252/252/131 244/244/123
f 251/251/130 244/244/123 243/243/122
f 253/253/132 254/254/133 246/246/125
f 253/253/132 246/246/125 245/245/124
f 255/255/134 256/256/135 250/250/129
f 255/255/134 250/250/129 249/249/128
f 257/257/136 258/258/137 252/252/131
f 257/257/136 252/252/131 251/251/130
f 259/259/138 260/260/139 254/254/133
f 259/259/138 254/254/133 253/253/132
f 261/261/140 262/262/141 256/256/135
f 261/261/140 256/256/135 255/255/134
f 263/263/142 264/264/143 258/258/137
f 263/263/142 258/258/137 257/257/136
f 265/265/144 266/266/145 260/260/139
f 265/265/144 260/260/139 259/259/138
f 267/267/146 268/268/147 262/262/141
f 267/267/146 262/262/141 261/261/140
f 269/269/148 270/270/149 264/264/143
f 269/269/148 264/264/143 263/263/142
f 271/271/150 272/272/151 266/266/145
f 271/271/150 266/266/145 265/265/144
f 248/248/127 247/247/126 268/268/147
f 248/248/127 268/268/147 267/267/146
f 212/212/91 211/211/90 270/270/149
f 212/212/91 270/270/149 269/269/148
f 216/216/95 215/215/94 272/272/151
f 216/216/95 272/272/151 271/271/150
f 226/226/105 273/273/152 274/274/153
f 226/226/105 274/274/153 222/222/101
f 228/228/107 275/275/154 276/276/155
f 228/228/107 276/276/155 224/224/103
f 230/230/109 277/277/156 273/273/152
f 230/230/109 273/273/152 226/226/105
f 232/232/111 278/278/157 275/275/154
f 232/232/111 275/275/154 228/228/107
f 234/234/113 279/279/158 277/277/156
f 234/234/113 277/277/156 230/230/109
f 236/236/115 280/280/159 278/278/157
f 236/236/115 278/278/157 232/232/111
f 238/238/117 281/281/160 279/279/158
f 238/238/117 279/279/158 234/234/113
f 240/240/119 282/282/161 280/280/159
f 240/240/119 280/280/159 236/236/115
f 242/242/121 283/283/162 281/281/160
f 242/242/121 281/281/160 238/238/117
f 244/244/123 284/284/163 282/282/161
f 244/244/123 282/282/161 240/240/119
f 246/246/125 285/285/164 286/286/165
f 246/246/125 286/286/165 247/247/126
f 250/250/129 287/287/166 283/283/162
f 250/250/129 283/283/162 242/242/121
f 252/252/131 288/288/167 284/284/163
f 252/252/131 284/284/163 244/244/123
f 254/254/133 289/289/168 285/285/164
f 254/254/133 285/285/164 246/246/125
f 256/256/135 290/290/169 287/287/166
f 256/256/135 287/287/166 250/250/129
f 258/258/137 291/291/170 288/288/167
f 258/258/137 288/288/167 252/252/131
f 260/260/139 292/292/171 289/289/168
f 260/260/139 289/289/168 254/254/133
f 262/262/141 293/293/172 290/290/169
f 262/262/141 290/290/169 256/256/135
f 264/264/143 294/294/173 291/291/170
f 264/264/143 291/291/170 258/258/137
f 266/266/145 295/295/174 292/292/171
f 266/266/145 292/292/171 260/260/139
f 268/268/147 296/296/175 293/293/172
f 268/268/147 293/293/172 262/262/141
f 270/270/149 297/297/176 294/294/173
f 270/270/149 294/294/173 264/264/143
f 272/272/151 298/298/177 295/295/174
f 272/272/151 295/295/174 266/266/145
f 247/247/126 286/286/165 296/296/175
f 247/247/126 296/296/175 268/268/147
f 211/211/90 299/299/178 297/297/176
f 211/211/90 297/297/176 270/270/149
f 215/215/94 300/300/179 298/298/177
f 215/215/94 298/298/177 272/272/151
f 210/210/89 301/301/180 299/299/178
f 210/210/89 299/299/178 211/211/90
f 214/214/93 302/302/181 300/300/179
f 214/214/93 300/300/179 215/215/94
f 218/218/97 303/303/182 301/301/180
f 218/218/97 301/301/180 210/210/89
f 220/220/99 304/304/183 302/302/181
f 220/220/99 302/302/181 214/214/93
f 222/222/101 274/274/153 303/303/182
f 222/222/101 303/303/182 218/218/97
f 224/224/103 276/276/155 304/304/183
f 224/224/103 304/304/183 220/220/99
f 305/305/82 306/306/82 307/307/15
f 305/305/82 307/307/15 308/308/15
f 309/309/18 310/310/83 311/311/184
f 309/309/18 311/311/184 312/312/16
f 313/313/85 314/314/85 306/306/82
f 313/313/85 306/306/82 305/305/82
f 315/315/86 316/316/20 310/310/83
f 315/315/86 310/310/83 309/309/18
f 317/317/23 318/318/185 319/319/186
f 317/317/23 319/319/186 320/320/22
f 321/321/24 322/322/24 323/323/19
f 321/321/24 323/323/19 324/324/19
f 325/325/26 326/326/187 316/316/20
f 325/325/26 316/316/20 315/315/86
f 327/327/28 328/328/188 318/318/185
f 327/327/28 318/318/185 317/317/23
f 329/329/29 330/330/78 322/322/24
f 329/329/29 322/322/24 321/321/24
f 331/331/31 332/332/30 326/326/187
f 331/331/31 326/326/187 325/325/26
f 333/333/189 334/334/190 328/328/188
f 333/333/189 328/328/188 327/327/28
f 335/335/77 336/336/33 330/330/78
f 335/335/77 330/330/78 329/329/29
f 337/337/191 338/338/192 332/332/30
f 337/337/191 332/332/30 331/331/31
f 339/339/37 340/340/193 334/334/190
f 339/339/37 334/334/190 333/333/189
f 341/341/36 342/342/194 336/336/33
f 341/341/36 336/336/33 335/335/77
f 343/343/195 344/344/196 338/338/192
f 343/343/195 338/338/192 337/337/191
f 345/345/4 346/346/197 347/347/37
f 345/345/4 347/347/37 348/348/37
f 320/320/22 319/319/186 342/342/194
f 320/320/22 342/342/194 341/341/36
f 349/349/1 350/350/1 344/344/196
f 349/349/1 344/344/196 343/343/195
f 351/351/3 352/352/3 346/346/197
f 351/351/3 346/346/197 345/345/4
f 353/353/5 354/354/5 355/355/79
f 353/353/5 355/355/79 356/356/79
f 357/357/6 358/358/6 352/352/3
f 357/357/6 352/352/3 351/351/3
f 359/359/198 360/360/198 354/354/5
f 359/359/198 354/354/5 353/353/5
f 361/361/8 362/362/8 358/358/6
f 361/361/8 358/358/6 357/357/6
f 363/363/9 364/364/9 360/360/198
f 363/363/9 360/360/198 359/359/198
f 365/365/10 366/366/199 362/362/8
f 365/365/10 362/362/8 361/361/8
f 367/367/200 368/368/200 364/364/9
f 367/367/200 364/364/9 363/363/9
f 369/369/12 370/370/201 366/366/199
f 369/369/12 366/366/199 365/365/10
f 371/371/13 372/372/13 368/368/200
f 371/371/13 368/368/200 367/367/200
f 373/373/14 374/374/14 370/370/201
f 373/373/14 370/370/201 369/369/12
f 308/308/15 307/307/15 372/372/13
f 308/308/15 372/372/13 371/371/13
f 375/375/16 376/376/16 374/374/14
f 375/375/16 374/374/14 373/373/14
s 0
f 377/377/202 378/378/202 379/379/202
f 377/377/202 379/379/202 380/380/202
f 381/381/203 382/382/203 383/383/203
f 381/381/202 383/383/202 384/384/202
f 385/385/204 386/386/204 387/387/204
f 385/385/205 387/387/205 388/388/205
f 389/389/205 390/390/205 378/378/205
f 389/389/206 378/378/206 377/377/206
f 391/391/206 392/392/206 382/382/206
f 391/391/202 382/382/202 381/381/202
f 393/393/207 394/394/207 386/386/207
f 393/393/206 386/386/206 385/385/206
f 395/395/207 396/396/207 390/390/207
f 395/395/206 390/390/206 389/389/206
f 397/397/203 398/398/203 392/392/203
f 397/397/205 392/392/205 391/391/205
f 399/399/202 400/400/202 394/394/202
f 399/399/202 394/394/202 393/393/202
f 401/401/207 402/402/207 396/396/207
f 401/401/202 396/396/202 395/395/202
f 403/403/203 404/404/203 398/398/203
f 403/403/206 398/398/206 397/397/206
f 405/405/207 406/406/207 400/400/207
f 405/405/206 400/400/206 399/399/206
f 407/407/207 408/408/207 402/402/207
f 407/407/206 402/402/206 401/401/206
f 409/409/206 410/410/206 406/406/206
f 409/409/207 406/406/207 405/405/207
f 411/411/202 412/412/202 408/408/202
f 411/411/207 408/408/207 407/407/207
f 413/413/203 414/414/203 410/410/203
f 413/413/207 410/410/207 409/409/207
f 415/415/207 416/416/207 412/412/207
f 415/415/206 412/412/206 411/411/206
f 417/417/206 418/418/206 414/414/206
f 417/417/203 414/414/203 413/413/203
f 419/419/207 420/420/207 416/416/207
f 419/419/206 416/416/206 415/415/206
f 421/421/207 422/422/207 418/418/207
f 421/421/202 418/418/202 417/417/202
f 423/423/203 424/424/203 420/420/203
f 423/423/207 420/420/207 419/419/207
f 425/425/203 426/426/203 422/422/203
f 425/425/203 422/422/203 421/421/203
f 427/427/203 428/428/203 424/424/203
f 427/427/207 424/424/207 423/423/207
f 429/429/207 430/430/207 426/426/207
f 429/429/207 426/426/207 425/425/207
f 431/431/206 432/432/206 428/428/206
f 431/431/203 428/428/203 427/427/203
f 433/433/203 434/434/203 430/430/203
f 433/433/202 430/430/202 429/429/202
f 435/435/203 436/436/203 432/432/203
f 435/435/207 432/432/207 431/431/207
f 437/437/207 438/438/207 434/434/207
f 437/437/204 434/434/204 433/433/204
f 439/439/203 440/440/203 436/436/203
f 439/439/207 436/436/207 435/435/207
f 380/380/206 379/379/206 404/404/206
f 380/380/207 404/404/207 403/403/207
f 384/384/203 383/383/203 438/438/203
f 384/384/202 438/438/202 437/437/202
f 388/388/207 387/387/207 440/440/207
f 388/388/206 440/440/206 439/439/206
s 1
f 441/441/197 442/442/4 443/443/208
f 441/441/197 443/443/208 444/444/37
f 445/445/22 446/446/22 447/447/194
f 445/445/22 447/447/194 448/448/209
f 449/449/1 450/450/79 451/451/210
f 449/449/1 451/451/210 452/452/195
f 453/453/3 454/454/211 442/442/4
f 453/453/3 442/442/4 441/441/197
f 455/455/5 456/456/212 457/457/213
f 455/455/5 457/457/213 458/458/214
f 459/459/6 460/460/6 454/454/211
f 459/459/6 454/454/211 453/453/3
f 461/461/215 462/462/80 456/456/212
f 461/461/215 456/456/212 455/455/5
f 463/463/8 464/464/8 460/460/6
f 463/463/8 460/460/6 459/459/6
f 465/465/9 466/466/9 462/462/80
f 465/465/9 462/462/80 461/461/215
f 467/467/10 468/468/216 464/464/8
f 467/467/10 464/464/8 463/463/8
f 469/469/11 470/470/11 466/466/9
f 469/469/11 466/466/9 465/465/9
f 471/471/12 472/472/217 468/468/216
f 471/471/12 468/468/216 467/467/10
f 473/473/13 474/474/13 470/470/11
f 473/473/13 470/470/11 469/469/11
f 475/475/218 476/476/218 472/472/217
f 475/475/218 472/472/217 471/471/12
f 477/477/15 478/478/15 474/474/13
f 477/477/15 474/474/13 473/473/13
f 479/479/219 480/480/16 476/476/218
f 479/479/219 476/476/218 475/475/218
f 481/481/17 482/482/220 478/478/15
f 481/481/17 478/478/15 477/477/15
f 483/483/18 484/484/83 485/485/84
f 483/483/18 485/485/84 486/486/16
f 487/487/25 488/488/25 482/482/220
f 487/487/25 482/482/220 481/481/17
f 489/489/20 490/490/86 484/484/83
f 489/489/20 484/484/83 483/483/18
f 491/491/221 492/492/185 446/446/22
f 491/491/221 446/446/22 445/445/22
f 493/493/24 494/494/222 495/495/223
f 493/493/24 495/495/223 496/496/25
f 497/497/224 498/498/187 490/490/86
f 497/497/224 490/490/86 489/489/20
f 499/499/27 500/500/28 492/492/185
f 499/499/27 492/492/185 491/491/221
f 501/501/78 502/502/78 494/494/222
f 501/501/78 494/494/222 493/493/24
f 503/503/225 504/504/30 498/498/187
f 503/503/225 498/498/187 497/497/224
f 505/505/189 506/506/32 500/500/28
f 505/505/189 500/500/28 499/499/27
f 507/507/77 508/508/33 502/502/78
f 507/507/77 502/502/78 501/501/78
f 509/509/34 510/510/34 504/504/30
f 509/509/34 504/504/30 503/503/225
f 511/511/37 512/512/226 506/506/32
f 511/511/37 506/506/32 505/505/189
f 448/448/209 447/447/194 508/508/33
f 448/448/209 508/508/33 507/507/77
f 452/452/195 451/451/210 510/510/34
f 452/452/195 510/510/34 509/509/34
s 0
f 513/513/227 514/514/227 515/515/227
f 513/513/228 515/515/228 516/516/228
f 517/517/229 518/518/229 519/519/229
f 517/517/229 519/519/229 520/520/229
f 521/521/229 522/522/229 514/514/229
f 521/521/228 514/514/228 513/513/228
f 523/523/229 524/524/229 518/518/229
f 523/523/230 518/518/230 517/517/230
f 525/525/231 526/526/231 522/522/231
f 525/525/229 522/522/229 521/521/229
f 527/527/229 528/528/229 524/524/229
f 527/527/230 524/524/230 523/523/230
f 529/529/229 530/530/229 526/526/229
f 529/529/230 526/526/230 525/525/230
f 531/531/229 532/532/229 528/528/229
f 531/531/231 528/528/231 527/527/231
f 533/533/228 534/534/228 530/530/228
f 533/533/228 530/530/228 529/529/228
f 535/535/229 536/536/229 532/532/229
f 535/535/228 532/532/228 531/531/228
f 537/537/230 538/538/230 534/534/230
f 537/537/230 534/534/230 533/533/230
f 539/539/228 540/540/228 536/536/228
f 539/539/229 536/536/229 535/535/229
f 541/541/231 542/542/231 538/538/231
f 541/541/229 538/538/229 537/537/229
f 543/543/232 544/544/232 545/545/232
f 543/543/230 545/545/230 546/546/230
f 547/547/230 548/548/230 540/540/230
f 547/547/229 540/540/229 539/539/229
f 549/549/229 550/550/229 542/542/229
f 549/549/228 542/542/228 541/541/228
f 551/551/228 552/552/228 544/544/228
f 551/551/231 544/544/231 543/543/231
f 553/553/229 554/554/229 548/548/229
f 553/553/228 548/548/228 547/547/228
f 555/555/230 556/556/230 550/550/230
f 555/555/228 550/550/228 549/549/228
f 557/557/230 558/558/230 552/552/230
f 557/557/228 552/552/228 551/551/228
f 559/559/231 560/560/231 554/554/231
f 559/559/230 554/554/230 553/553/230
f 561/561/228 562/562/228 556/556/228
f 561/561/230 556/556/230 555/555/230
f 563/563/228 564/564/228 558/558/228
f 563/563/229 558/558/229 557/557/229
f 565/565/231 566/566/231 560/560/231
f 565/565/230 560/560/230 559/559/230
f 567/567/229 568/568/229 562/562/229
f 567/567/228 562/562/228 561/561/228
f 569/569/231 570/570/231 564/564/231
f 569/569/228 564/564/228 563/563/228
f 546/546/233 545/545/233 566/566/233
f 546/546/228 566/566/228 565/565/228
f 571/571/229 572/572/229 568/568/229
f 571/571/230 568/568/230 567/567/230
f 573/573/228 574/574/228 570/570/228
f 573/573/231 570/570/231 569/569/231
f 575/575/229 576/576/229 572/572/229
f 575/575/230 572/572/230 571/571/230
f 516/516/230 515/515/230 574/574/230
f 516/516/232 574/574/232 573/573/232
f 520/520/227 519/519/227 576/576/227
f 520/520/230 576/576/230 575/575/230
s 1
f 577/577/218 578/578/14 579/579/81
f 577/577/218 579/579/81 580/580/201
f 581/581/15 582/582/15 583/583/13
f 581/581/15 583/583/13 584/584/13
f 585/585/234 586/586/16 578/578/14
f 585/585/234 578/578/14 577/577/218
f 587/587/235 588/588/235 582/582/15
f 587/587/235 582/582/15 581/581/15
f 589/589/83 590/590/236 591/591/219
f 589/589/83 591/591/219 592/592/184
f 593/593/25 594/594/19 588/588/235
f 593/593/25 588/588/235 587/587/235
f 595/595/86 596/596/20 590/590/236
f 595/595/86 590/590/236 589/589/83
f 597/597/185 598/598/221 599/599/22
f 597/597/185 599/599/22 600/600/186
f 601/601/24 602/602/24 603/603/237
f 601/601/24 603/603/237 604/604/19
f 605/605/187 606/606/26 596/596/20
f 605/605/187 596/596/20 595/595/86
f 607/607/238 608/608/27 598/598/221
f 607/607/238 598/598/221 597/597/185
f 609/609/29 610/610/29 602/602/24
f 609/609/29 602/602/24 601/601/24
f 611/611/31 612/612/30 606/606/26
f 611/611/31 606/606/26 605/605/187
f 613/613/189 614/614/189 608/608/27
f 613/613/189 608/608/27 607/607/238
f 615/615/33 616/616/33 610/610/29
f 615/615/33 610/610/29 609/609/29
f 617/617/34 618/618/34 612/612/30
f 617/617/34 612/612/30 611/611/31
f 619/619/35 620/620/239 614/614/189
f 619/619/35 614/614/189 613/613/189
f 621/621/194 622/622/36 616/616/33
f 621/621/194 616/616/33 615/615/33
f 623/623/2 624/624/196 618/618/34
f 623/623/2 618/618/34 617/617/34
f 625/625/240 626/626/197 627/627/239
f 625/625/240 627/627/239 628/628/226
f 600/600/186 599/599/22 622/622/36
f 600/600/186 622/622/36 621/621/194
f 629/629/1 630/630/241 624/624/196
f 629/629/1 624/624/196 623/623/2
f 631/631/3 632/632/3 626/626/197
f 631/631/3 626/626/197 625/625/240
f 633/633/5 634/634/5 635/635/79
f 633/633/5 635/635/79 636/636/1
f 637/637/6 638/638/242 632/632/3
f 637/637/6 632/632/3 631/631/3
f 639/639/80 640/640/215 634/634/5
f 639/639/80 634/634/5 633/633/5
f 641/641/8 642/642/8 638/638/242
f 641/641/8 638/638/242 637/637/6
f 643/643/243 644/644/244 640/640/215
f 643/643/243 640/640/215 639/639/80
f 645/645/10 646/646/10 642/642/8
f 645/645/10 642/642/8 641/641/8
f 647/647/11 648/648/11 644/644/244
f 647/647/11 644/644/244 643/643/243
f 580/580/201 579/579/81 646/646/10
f 580/580/201 646/646/10 645/645/10
f 584/584/13 583/583/13 648/648/11
f 584/584/13 648/648/11 647/647/11
f 649/649/245 650/650/245 651/651/246
f 649/649/245 651/651/246 652/652/246
f 653/653/247 654/654/247 655/655/248
f 653/653/247 655/655/248 656/656/249
f 657/657/250 658/658/250 659/659/251
f 657/657/250 659/659/251 660/660/251
f 661/661/252 662/662/252 650/650/245
f 661/661/252 650/650/245 649/649/245
f 663/663/253 664/664/254 654/654/247
f 663/663/253 654/654/247 653/653/247
f 665/665/255 666/666/255 658/658/250
f 665/665/255 658/658/250 657/657/250
f 667/667/256 668/668/256 662/662/252
f 667/667/256 662/662/252 661/661/252
f 669/669/257 670/670/257 666/666/255
f 669/669/257 666/666/255 665/665/255
f 671/671/258 672/672/258 668/668/256
f 671/671/258 668/668/256 667/667/256
f 673/673/259 674/674/260 670/670/257
f 673/673/259 670/670/257 669/669/257
f 675/675/261 676/676/261 672/672/258
f 675/675/261 672/672/258 671/671/258
f 677/677/262 678/678/262 674/674/260
f 677/677/262 674/674/260 673/673/259
f 679/679/263 680/680/264 676/676/261
f 679/679/263 676/676/261 675/675/261
f 681/681/265 682/682/265 678/678/262
f 681/681/265 678/678/262 677/677/262
f 683/683/266 684/684/266 680/680/264
f 683/683/266 680/680/264 679/679/263
f 685/685/267 686/686/268 682/682/265
f 685/685/267 682/682/265 681/681/265
f 687/687/269 688/688/269 684/684/266
f 687/687/269 684/684/266 683/683/266
f 689/689/270 690/690/271 686/686/268
f 689/689/270 686/686/268 685/685/267
f 691/691/272 692/692/273 688/688/269
f 691/691/272 688/688/269 687/687/269
f 693/693/274 694/694/275 690/690/271
f 693/693/274 690/690/271 689/689/270
f 695/695/276 696/696/276 692/692/273
f 695/695/276 692/692/273 691/691/272
f 697/697/277 698/698/277 694/694/275
f 697/697/277 694/694/275 693/693/274
f 699/699/278 700/700/278 696/696/276
f 699/699/278 696/696/276 695/695/276
f 701/701/279 702/702/280 664/664/254
f 701/701/279 664/664/254 663/663/253
f 703/703/281 704/704/281 698/698/277
f 703/703/281 698/698/277 697/697/277
f 705/705/282 706/706/282 700/700/278
f 705/705/282 700/700/278 699/699/278
f 707/707/283 708/708/283 702/702/280
f 707/707/283 702/702/280 701/701/279
f 709/709/284 710/710/285 704/704/281
f 709/709/284 704/704/281 703/703/281
f 711/711/286 712/712/286 706/706/282
f 711/711/286 706/706/282 705/705/282
f 652/652/246 651/651/246 708/708/283
f 652/652/246 708/708/283 707/707/283
f 656/656/249 655/655/248 710/710/285
f 656/656/249 710/710/285 709/709/284
f 660/660/251 659/659/251 712/712/286
f 660/660/251 712/712/286 711/711/286
f 713/713/242 714/714/242 715/715/287
f 713/713/242 715/715/287 716/716/287
f 717/717/80 718/718/215 719/719/288
f 717/717/80 719/719/288 720/720/5
f 721/721/8 722/722/8 714/714/242
f 721/721/8 714/714/242 713/713/242
f 723/723/9 724/724/9 718/718/215
f 723/723/9 718/718/215 717/717/80
f 725/725/216 726/726/10 722/722/8
f 725/725/216 722/722/8 721/721/8
f 727/727/11 728/728/11 724/724/9
f 727/727/11 724/724/9 723/723/9
f 729/729/217 730/730/217 726/726/10
f 729/729/217 726/726/10 725/725/216
f 731/731/13 732/732/13 728/728/11
f 731/731/13 728/728/11 727/727/11
f 733/733/218 734/734/218 730/730/217
f 733/733/218 730/730/217 729/729/217
f 735/735/15 736/736/289 732/732/13
f 735/735/15 732/732/13 731/731/13
f 737/737/16 738/738/219 734/734/218
f 737/737/16 734/734/218 733/733/218
f 739/739/82 740/740/220 736/736/289
f 739/739/82 736/736/289 735/735/15
f 741/741/290 742/742/291 743/743/16
f 741/741/290 743/743/16 744/744/184
f 745/745/19 746/746/25 740/740/220
f 745/745/19 740/740/220 739/739/82
f 747/747/20 748/748/292 742/742/291
f 747/747/20 742/742/291 741/741/290
f 749/749/23 750/750/87 751/751/21
f 749/749/23 751/751/21 752/752/22
f 753/753/222 754/754/24 755/755/19
f 753/753/222 755/755/19 756/756/237
f 757/757/187 758/758/187 748/748/292
f 757/757/187 748/748/292 747/747/20
f 759/759/188 760/760/293 750/750/87
f 759/759/188 750/750/87 749/749/23
f 761/761/294 762/762/78 754/754/24
f 761/761/294 754/754/24 753/753/222
f 763/763/295 764/764/31 758/758/187
f 763/763/295 758/758/187 757/757/187
f 765/765/32 766/766/32 760/760/293
f 765/765/32 760/760/293 759/759/188
f 767/767/33 768/768/296 762/762/78
f 767/767/33 762/762/78 761/761/294
f 769/769/34 770/770/34 764/764/31
f 769/769/34 764/764/31 763/763/295
f 771/771/35 772/772/37 766/766/32
f 771/771/35 766/766/32 765/765/32
f 773/773/36 774/774/297 768/768/296
f 773/773/36 768/768/296 767/767/33
f 775/775/298 776/776/2 770/770/34
f 775/775/298 770/770/34 769/769/34
f 777/777/299 778/778/299 779/779/239
f 777/777/299 779/779/239 780/780/208
f 752/752/22 751/751/21 774/774/297
f 752/752/22 774/774/297 773/773/36
f 781/781/1 782/782/79 776/776/2
f 781/781/1 776/776/2 775/775/298
f 716/716/287 715/715/287 778/778/299
f 716/716/287 778/778/299 777/777/299
f 720/720/5 719/719/288 783/783/1
f 720/720/5 783/783/1 784/784/79
f 785/785/300 786/786/300 787/787/301
f 785/785/300 787/787/301 788/788/301
f 789/789/302 790/790/303 791/791/304
f 789/789/302 791/791/304 792/792/304
f 793/793/305 794/794/306 786/786/300
f 793/793/305 786/786/300 785/785/300
f 795/795/307 796/796/308 790/790/303
f 795/795/307 790/790/303 789/789/302
f 797/797/309 798/798/309 794/794/306
f 797/797/309 794/794/306 793/793/305
f 799/799/310 800/800/311 796/796/308
f 799/799/310 796/796/308 795/795/307
f 801/801/312 802/802/313 798/798/309
f 801/801/312 798/798/309 797/797/309
f 803/803/314 804/804/314 800/800/311
f 803/803/314 800/800/311 799/799/310
f 805/805/315 806/806/316 802/802/313
f 805/805/315 802/802/313 801/801/312
f 807/807/317 808/808/317 809/809/318
f 807/807/317 809/809/318 810/810/318
f 811/811/319 812/812/320 804/804/314
f 811/811/319 804/804/314 803/803/314
f 813/813/321 814/814/321 806/806/316
f 813/813/321 806/806/316 805/805/315
f 815/815/322 816/816/323 808/808/317
f 815/815/322 808/808/317 807/807/317
f 817/817/324 818/818/325 812/812/320
f 817/817/324 812/812/320 811/811/319
f 819/819/326 820/820/327 814/814/321
f 819/819/326 814/814/321 813/813/321
f 821/821/328 822/822/329 816/816/323
f 821/821/328 816/816/323 815/815/322
f 823/823/330 824/824/330 818/818/325
f 823/823/330 818/818/325 817/817/324
f 825/825/331 826/826/331 820/820/327
f 825/825/331 820/820/327 819/819/326
f 827/827/332 828/828/333 822/822/329
f 827/827/332 822/822/329 821/821/328
f 829/829/334 830/830/335 824/824/330
f 829/829/334 824/824/330 823/823/330
f 831/831/336 832/832/337 826/826/331
f 831/831/336 826/826/331 825/825/331
f 833/833/338 834/834/339 828/828/333
f 833/833/338 828/828/333 827/827/332
f 810/810/318 809/809/318 830/830/335
f 810/810/318 830/830/335 829/829/334
f 835/835/340 836/836/340 832/832/337
f 835/835/340 832/832/337 831/831/336
f 837/837/341 838/838/341 834/834/339
f 837/837/341 834/834/339 833/833/338
f 839/839/342 840/840/343 836/836/340
f 839/839/342 836/836/340 835/835/340
f 841/841/344 842/842/344 838/838/341
f 841/841/344 838/838/341 837/837/341
f 843/843/345 844/844/346 840/840/343
f 843/843/345 840/840/343 839/839/342
f 845/845/347 846/846/348 842/842/344
f 845/845/347 842/842/344 841/841/344
f 847/847/349 848/848/350 844/844/346
f 847/847/349 844/844/346 843/843/345
f 788/788/301 787/787/301 846/846/348
f 788/788/301 846/846/348 845/845/347
f 792/792/304 791/791/304 848/848/350
f 792/792/304 848/848/350 847/847/349
f 849/849/83 850/850/83 851/851/184
f 849/849/83 851/851/184 852/852/234
f 853/853/85 854/854/351 855/855/235
f 853/853/85 855/855/235 856/856/17
f 857/857/292 858/858/352 850/850/83
f 857/857/292 850/850/83 849/849/83
f 859/859/221 860/860/353 861/861/186
f 859/859/221 861/861/186 862/862/21
f 863/863/24 864/864/24 865/865/19
f 863/863/24 865/865/19 866/866/85
f 867/867/224 868/868/354 858/858/352
f 867/867/224 858/858/352 857/857/292
f 869/869/355 870/870/356 860/860/353
f 869/869/355 860/860/353 859/859/221
f 871/871/29 872/872/78 864/864/24
f 871/871/29 864/864/24 863/863/24
f 873/873/357 874/874/30 868/868/354
f 873/873/357 868/868/354 867/867/224
f 875/875/190 876/876/32 870/870/356
f 875/875/190 870/870/356 869/869/355
f 877/877/77 878/878/33 872/872/78
f 877/877/77 872/872/78 871/871/29
f 879/879/192 880/880/358 874/874/30
f 879/879/192 874/874/30 873/873/357
f 881/881/37 882/882/239 876/876/32
f 881/881/37 876/876/32 875/875/190
f 883/883/36 884/884/194 878/878/33
f 883/883/36 878/878/33 877/877/77
f 885/885/195 886/886/359 880/880/358
f 885/885/195 880/880/358 879/879/192
f 887/887/4 888/888/299 889/889/37
f 887/887/4 889/889/37 890/890/360
f 862/862/21 861/861/186 884/884/194
f 862/862/21 884/884/194 883/883/36
f 891/891/361 892/892/1 886/886/359
f 891/891/361 886/886/359 885/885/195
f 893/893/287 894/894/287 888/888/299
f 893/893/287 888/888/299 887/887/4
f 895/895/288 896/896/288 897/897/79
f 895/895/288 897/897/79 898/898/79
f 899/899/242 900/900/242 894/894/287
f 899/899/242 894/894/287 893/893/287
f 901/901/215 902/902/215 896/896/288
f 901/901/215 896/896/288 895/895/288
f 903/903/8 904/904/8 900/900/242
f 903/903/8 900/900/242 899/899/242
f 905/905/362 906/906/362 902/902/215
f 905/905/362 902/902/215 901/901/215
f 907/907/10 908/908/216 904/904/8
f 907/907/10 904/904/8 903/903/8
f 909/909/11 910/910/11 906/906/362
f 909/909/11 906/906/362 905/905/362
f 911/911/81 912/912/363 908/908/216
f 911/911/81 908/908/216 907/907/10
f 913/913/13 914/914/13 910/910/11
f 913/913/13 910/910/11 909/909/11
f 915/915/218 916/916/14 912/912/363
f 915/915/218 912/912/363 911/911/81
f 917/917/289 918/918/15 914/914/13
f 917/917/289 914/914/13 913/913/13
f 919/919/364 920/920/184 916/916/14
f 919/919/364 916/916/14 915/915/218
f 856/856/17 855/855/235 918/918/15
f 856/856/17 918/918/15 917/917/289
f 921/874/365 922/921/366 923/922/367
f 921/874/365 923/922/367 924/868/368
f 925/923/369 926/924/370 927/925/371
f 925/923/369 927/925/371 928/926/372
f 929/878/373 930/927/374 931/928/375
f 929/878/373 931/928/375 932/872/376
f 933/880/377 934/929/378 922/921/366
f 933/880/377 922/921/366 921/874/365
f 935/930/379 936/931/380 926/924/370
f 935/930/379 926/924/370 925/923/369
f 937/884/381 938/932/382 930/927/374
f 937/884/381 930/927/374 929/878/373
f 939/886/383 940/933/384 934/929/378
f 939/886/383 934/929/378 933/880/377
f 941/934/385 942/935/386 936/931/380
f 941/934/385 936/931/380 935/930/379
f 943/861/387 944/936/388 938/932/382
f 943/861/387 938/932/382 937/884/381
f 945/937/389 946/938/390 947/939/391
f 945/937/389 947/939/391 948/940/392
f 949/894/393 950/941/394 951/942/395
f 949/894/393 951/942/395 952/888/396
f 953/943/397 954/944/398 946/938/390
f 953/943/397 946/938/390 945/937/389
f 955/900/399 956/945/400 950/941/394
f 955/900/399 950/941/394 949/894/393
f 957/902/401 958/946/402 959/947/403
f 957/902/401 959/947/403 960/896/404
f 961/904/405 962/948/406 956/945/400
f 961/904/405 956/945/400 955/900/399
f 963/906/407 964/949/408 958/946/402
f 963/906/407 958/946/402 957/902/401
f 965/908/409 966/950/410 962/948/406
f 965/908/409 962/948/406 961/904/405
f 967/910/411 968/951/412 964/949/408
f 967/910/411 964/949/408 963/906/407
f 969/912/413 970/952/414 966/950/410
f 969/912/413 966/950/410 965/908/409
f 971/914/415 972/953/416 968/951/412
f 971/914/415 968/951/412 967/910/411
f 973/916/417 974/954/418 970/952/414
f 973/916/417 970/952/414 969/912/413
f 975/918/419 976/955/420 972/953/416
f 975/918/419 972/953/416 971/914/415
f 977/956/421 978/957/422 979/958/423
f 977/956/421 979/958/423 980/959/424
f 981/855/425 982/960/426 976/955/420
f 981/855/425 976/955/420 975/918/419
f 983/961/427 984/962/428 978/957/422
f 983/961/427 978/957/422 977/956/421
f 985/854/429 986/963/430 982/960/426
f 985/854/429 982/960/426 981/855/425
f 987/858/431 988/964/432 989/965/433
f 987/858/431 989/965/433 990/850/434
f 991/860/435 992/966/436 944/936/388
f 991/860/435 944/936/388 943/861/387
f 993/967/437 994/968/438 995/969/439
f 993/967/437 995/969/439 996/970/440
f 924/868/368 923/922/367 988/964/432
f 924/868/368 988/964/432 987/858/431
f 997/870/441 998/971/442 992/966/436
f 997/870/441 992/966/436 991/860/435
f 932/872/376 931/928/375 999/972/443
f 932/872/376 999/972/443 1000/864/444
f 1001/973/445 1002/974/446 1003/975/447
f 1001/973/445 1003/975/447 940/933/384
f 950/941/394 1004/976/448 1005/977/449
f 950/941/394 1005/977/449 951/942/395
f 959/947/403 1006/978/450 1007/979/451
f 959/947/403 1007/979/451 1008/980/452
f 956/945/400 1009/981/453 1004/976/448
f 956/945/400 1004/976/448 950/941/394
f 958/946/402 1010/982/454 1006/978/450
f 958/946/402 1006/978/450 959/947/403
f 962/948/406 1011/983/455 1009/981/453
f 962/948/406 1009/981/453 956/945/400
f 964/949/408 1012/984/456 1010/982/454
f 964/949/408 1010/982/454 958/946/402
f 966/950/410 1013/985/457 1011/983/455
f 966/950/410 1011/983/455 962/948/406
f 968/951/412 1014/986/458 1012/984/456
f 968/951/412 1012/984/456 964/949/408
f 970/952/414 1015/987/459 1013/985/457
f 970/952/414 1013/985/457 966/950/410
f 972/953/416 1016/988/460 1014/986/458
f 972/953/416 1014/986/458 968/951/412
f 974/954/418 1017/989/461 1015/987/459
f 974/954/418 1015/987/459 970/952/414
f 976/955/420 1018/990/462 1016/988/460
f 976/955/420 1016/988/460 972/953/416
f 1019/991/463 1020/992/464 1017/989/461
f 1019/991/463 1017/989/461 974/954/418
f 982/960/426 1021/993/465 1018/990/462
f 982/960/426 1018/990/462 976/955/420
f 989/965/433 1022/994/466 1023/995/467
f 989/965/433 1023/995/467 1024/996/468
f 986/963/430 1025/997/469 1021/993/465
f 986/963/430 1021/993/465 982/960/426
f 988/964/432 1026/998/470 1022/994/466
f 988/964/432 1022/994/466 989/965/433
f 992/966/436 1027/999/471 1028/1000/472
f 992/966/436 1028/1000/472 944/936/388
f 999/972/443 1029/1001/473 1030/1002/474
f 999/972/443 1030/1002/474 1031/1003/475
f 923/922/367 1032/1004/476 1026/998/470
f 923/922/367 1026/998/470 988/964/432
f 998/971/442 1033/1005/477 1027/999/471
f 998/971/442 1027/999/471 992/966/436
f 931/928/375 1034/1006/478 1029/1001/473
f 931/928/375 1029/1001/473 999/972/443
f 922/921/366 1035/1007/479 1032/1004/476
f 922/921/366 1032/1004/476 923/922/367
f 1036/1008/480 1037/1009/481 1033/1005/477
f 1036/1008/480 1033/1005/477 998/971/442
f 930/927/374 1038/1010/482 1034/1006/478
f 930/927/374 1034/1006/478 931/928/375
f 934/929/378 1039/1011/483 1035/1007/479
f 934/929/378 1035/1007/479 922/921/366
f 1040/1012/484 1041/1013/485 1037/1009/481
f 1040/1012/484 1037/1009/481 1036/1008/480
f 938/932/382 1042/1014/486 1038/1010/482
f 938/932/382 1038/1010/482 930/927/374
f 940/933/384 1003/975/447 1039/1011/483
f 940/933/384 1039/1011/483 934/929/378
f 951/942/395 1005/977/449 1043/1015/487
f 951/942/395 1043/1015/487 1044/1016/488
f 944/936/388 1028/1000/472 1042/1014/486
f 944/936/388 1042/1014/486 938/932/382
f 1012/984/456 1045/1017/9 1046/1018/215
f 1012/984/456 1046/1018/215 1010/982/454
f 1013/985/457 1047/1019/10 1048/1020/8
f 1013/985/457 1048/1020/8 1011/983/455
f 1014/986/458 1049/1021/11 1045/1017/9
f 1014/986/458 1045/1017/9 1012/984/456
f 1015/987/459 1050/1022/217 1047/1019/10
f 1015/987/459 1047/1019/10 1013/985/457
f 1016/988/460 1051/1023/13 1049/1021/11
f 1016/988/460 1049/1021/11 1014/986/458
f 1017/989/461 1052/1024/489 1050/1022/217
f 1017/989/461 1050/1022/217 1015/987/459
f 1018/990/462 1053/1025/15 1051/1023/13
f 1018/990/462 1051/1023/13 1016/988/460
f 1020/992/464 1054/1026/16 1052/1024/489
f 1020/992/464 1052/1024/489 1017/989/461
f 1021/993/465 1055/1027/82 1053/1025/15
f 1021/993/465 1053/1025/15 1018/990/462
f 1022/994/466 1056/1028/18 1057/1029/16
f 1022/994/466 1057/1029/16 1023/995/467
f 1025/997/469 1058/1030/25 1055/1027/82
f 1025/997/469 1055/1027/82 1021/993/465
f 1026/998/470 1059/1031/86 1056/1028/18
f 1026/998/470 1056/1028/18 1022/994/466
f 1027/999/471 1060/1032/23 1061/1033/22
f 1027/999/471 1061/1033/22 1028/1000/472
f 1029/1001/473 1062/1034/24 1063/1035/19
f 1029/1001/473 1063/1035/19 1030/1002/474
f 1032/1004/476 1064/1036/26 1059/1031/86
f 1032/1004/476 1059/1031/86 1026/998/470
f 1033/1005/477 1065/1037/28 1060/1032/23
f 1033/1005/477 1060/1032/23 1027/999/471
f 1034/1006/478 1066/1038/78 1062/1034/24
f 1034/1006/478 1062/1034/24 1029/1001/473
f 1035/1007/479 1067/1039/30 1064/1036/26
f 1035/1007/479 1064/1036/26 1032/1004/476
f 1037/1009/481 1068/1040/189 1065/1037/28
f 1037/1009/481 1065/1037/28 1033/1005/477
f 1038/1010/482 1069/1041/490 1066/1038/78
f 1038/1010/482 1066/1038/78 1034/1006/478
f 1039/1011/483 1070/1042/191 1067/1039/30
f 1039/1011/483 1067/1039/30 1035/1007/479
f 1041/1013/485 1071/1043/491 1068/1040/189
f 1041/1013/485 1068/1040/189 1037/1009/481
f 1042/1014/486 1072/1044/36 1069/1041/490
f 1042/1014/486 1069/1041/490 1038/1010/482
f 1003/975/447 1073/1045/492 1070/1042/191
f 1003/975/447 1070/1042/191 1039/1011/483
f 1005/977/449 1074/1046/197 1075/1047/37
f 1005/977/449 1075/1047/37 1043/1015/487
f 1028/1000/472 1061/1033/22 1072/1044/36
f 1028/1000/472 1072/1044/36 1042/1014/486
f 1002/974/446 1076/1048/1 1073/1045/492
f 1002/974/446 1073/1045/492 1003/975/447
f 1004/976/448 1077/1049/287 1074/1046/197
f 1004/976/448 1074/1046/197 1005/977/449
f 1006/978/450 1078/1050/5 1079/1051/79
f 1006/978/450 1079/1051/79 1007/979/451
f 1009/981/453 1080/1052/6 1077/1049/287
f 1009/981/453 1077/1049/287 1004/976/448
f 1010/982/454 1046/1018/215 1078/1050/5
f 1010/982/454 1078/1050/5 1006/978/450
f 1011/983/455 1048/1020/8 1080/1052/6
f 1011/983/455 1080/1052/6 1009/981/453
s 0
f 1081/1053/207 1082/1054/207 1083/1055/207
f 1081/1053/207 1083/1055/207 1084/1056/207
f 1085/1057/203 1086/1058/203 1087/1059/203
f 1085/1057/207 1087/1059/207 1088/1060/207
f 1089/1061/206 1090/1062/206 1082/1054/206
f 1089/1061/206 1082/1054/206 1081/1053/206
f 1091/1063/203 1092/1064/203 1086/1058/203
f 1091/1063/206 1086/1058/206 1085/1057/206
f 1093/1065/202 1094/1066/202 1090/1062/202
f 1093/1065/203 1090/1062/203 1089/1061/203
f 1095/1067/206 1096/1068/206 1092/1064/206
f 1095/1067/202 1092/1064/202 1091/1063/202
f 1097/1069/207 1098/1070/207 1099/1071/207
f 1097/1069/206 1099/1071/206 1100/1072/206
f 1101/1073/203 1102/1074/203 1094/1066/203
f 1101/1073/207 1094/1066/207 1093/1065/207
f 1103/1075/207 1104/1076/207 1096/1068/207
f 1103/1075/206 1096/1068/206 1095/1067/206
f 1105/1077/203 1106/1078/203 1098/1070/203
f 1105/1077/203 1098/1070/203 1097/1069/203
f 1107/1079/206 1108/1080/206 1102/1074/206
f 1107/1079/207 1102/1074/207 1101/1073/207
f 1109/1081/206 1110/1082/206 1104/1076/206
f 1109/1081/206 1104/1076/206 1103/1075/206
f 1111/1083/207 1112/1084/207 1106/1078/207
f 1111/1083/207 1106/1078/207 1105/1077/207
f 1113/1085/203 1114/1086/203 1108/1080/203
f 1113/1085/203 1108/1080/203 1107/1079/203
f 1115/1087/203 1116/1088/203 1110/1082/203
f 1115/1087/206 1110/1082/206 1109/1081/206
f 1117/1089/206 1118/1090/206 1112/1084/206
f 1117/1089/206 1112/1084/206 1111/1083/206
f 1119/1091/206 1120/1092/206 1114/1086/206
f 1119/1091/202 1114/1086/202 1113/1085/202
f 1121/1093/207 1122/1094/207 1116/1088/207
f 1121/1093/207 1116/1088/207 1115/1087/207
f 1123/1095/207 1124/1096/207 1118/1090/207
f 1123/1095/202 1118/1090/202 1117/1089/202
f 1100/1072/202 1099/1071/202 1120/1092/202
f 1100/1072/206 1120/1092/206 1119/1091/206
f 1125/1097/206 1126/1098/206 1122/1094/206
f 1125/1097/202 1122/1094/202 1121/1093/202
f 1127/1099/206 1128/1100/206 1124/1096/206
f 1127/1099/207 1124/1096/207 1123/1095/207
f 1129/1101/206 1130/1102/206 1126/1098/206
f 1129/1101/203 1126/1098/203 1125/1097/203
f 1131/1103/207 1132/1104/207 1128/1100/207
f 1131/1103/206 1128/1100/206 1127/1099/206
f 1133/1105/203 1134/1106/203 1130/1102/203
f 1133/1105/202 1130/1102/202 1129/1101/202
f 1135/1107/206 1136/1108/206 1132/1104/206
f 1135/1107/203 1132/1104/203 1131/1103/203
f 1137/1109/202 1138/1110/202 1134/1106/202
f 1137/1109/203 1134/1106/203 1133/1105/203
f 1139/1111/207 1140/1112/207 1136/1108/207
f 1139/1111/202 1136/1108/202 1135/1107/202
f 1141/1113/203 1142/1114/203 1138/1110/203
f 1141/1113/202 1138/1110/202 1137/1109/202
f 1143/1115/206 1144/1116/206 1140/1112/206
f 1143/1115/202 1140/1112/202 1139/1111/202
f 1084/1056/206 1083/1055/206 1142/1114/206
f 1084/1056/206 1142/1114/206 1141/1113/206
f 1088/1060/206 1087/1059/206 1144/1116/206
f 1088/1060/207 1144/1116/207 1143/1115/207
s 1
f 1145/1117/24 1146/1118/24 1147/1119/25
f 1145/1117/24 1147/1119/25 1148/1120/25
f 1149/1121/224 1150/1122/26 1151/1123/20
f 1149/1121/224 1151/1123/20 1152/1124/20
f 1153/1125/27 1154/1126/27 1155/1127/23
f 1153/1125/27 1155/1127/23 1156/1128/23
f 1157/1129/29 1158/1130/78 1146/1118/24
f 1157/1129/29 1146/1118/24 1145/1117/24
f 1159/1131/31 1160/1132/30 1150/1122/26
f 1159/1131/31 1150/1122/26 1149/1121/224
f 1161/1133/189 1162/1134/189 1154/1126/27
f 1161/1133/189 1154/1126/27 1153/1125/27
f 1163/1135/77 1164/1136/33 1158/1130/78
f 1163/1135/77 1158/1130/78 1157/1129/29
f 1165/1137/34 1166/1138/34 1160/1132/30
f 1165/1137/34 1160/1132/30 1159/1131/31
f 1167/1139/37 1168/1140/35 1162/1134/189
f 1167/1139/37 1162/1134/189 1161/1133/189
f 1169/1141/36 1170/1142/36 1164/1136/33
f 1169/1141/36 1164/1136/33 1163/1135/77
f 1171/1143/2 1172/1144/2 1166/1138/34
f 1171/1143/2 1166/1138/34 1165/1137/34
f 1173/1145/197 1174/1146/4 1175/1147/37
f 1173/1145/197 1175/1147/37 1176/1148/37
f 1177/1149/21 1178/1150/22 1170/1142/36
f 1177/1149/21 1170/1142/36 1169/1141/36
f 1179/1151/1 1180/1152/1 1172/1144/2
f 1179/1151/1 1172/1144/2 1171/1143/2
f 1181/1153/3 1182/1154/3 1174/1146/4
f 1181/1153/3 1174/1146/4 1173/1145/197
f 1183/1155/288 1184/1156/288 1185/1157/213
f 1183/1155/288 1185/1157/213 1186/1158/79
f 1187/1159/6 1188/1160/242 1182/1154/3
f 1187/1159/6 1182/1154/3 1181/1153/3
f 1189/1161/215 1190/1162/215 1184/1156/288
f 1189/1161/215 1184/1156/288 1183/1155/288
f 1191/1163/8 1192/1164/8 1188/1160/242
f 1191/1163/8 1188/1160/242 1187/1159/6
f 1193/1165/9 1194/1166/9 1190/1162/215
f 1193/1165/9 1190/1162/215 1189/1161/215
f 1195/1167/10 1196/1168/10 1192/1164/8
f 1195/1167/10 1192/1164/8 1191/1163/8
f 1197/1169/11 1198/1170/11 1194/1166/9
f 1197/1169/11 1194/1166/9 1193/1165/9
f 1199/1171/81 1200/1172/81 1196/1168/10
f 1199/1171/81 1196/1168/10 1195/1167/10
f 1201/1173/13 1202/1174/13 1198/1170/11
f 1201/1173/13 1198/1170/11 1197/1169/11
f 1203/1175/489 1204/1176/489 1200/1172/81
f 1203/1175/489 1200/1172/81 1199/1171/81
f 1205/1177/15 1206/1178/15 1202/1174/13
f 1205/1177/15 1202/1174/13 1201/1173/13
f 1207/1179/16 1208/1180/16 1204/1176/489
f 1207/1179/16 1204/1176/489 1203/1175/489
f 1209/1181/220 1210/1182/82 1206/1178/15
f 1209/1181/220 1206/1178/15 1205/1177/15
f 1211/1183/18 1212/1184/18 1213/1185/16
f 1211/1183/18 1213/1185/16 1214/1186/84
f 1215/1187/25 1216/1188/25 1210/1182/82
f 1215/1187/25 1210/1182/82 1209/1181/220
f 1152/1124/20 1151/1123/20 1212/1184/18
f 1152/1124/20 1212/1184/18 1211/1183/18
f 1156/1128/23 1155/1127/23 1178/1150/22
f 1156/1128/23 1178/1150/22 1177/1149/21
f 1217/1189/83 1218/1190/20 1219/1191/86
f 1217/1189/83 1219/1191/86 1220/1192/18
f 1221/1193/82 1222/1194/25 1223/1195/25
f 1221/1193/82 1223/1195/25 1224/1196/82
f 1225/1197/84 1217/1189/83 1220/1192/18
f 1225/1197/84 1220/1192/18 1226/1198/16
f 1227/1199/15 1221/1193/82 1224/1196/82
f 1227/1199/15 1224/1196/82 1228/1200/15
f 1229/1201/489 1230/1202/16 1231/1203/16
f 1229/1201/489 1231/1203/16 1232/1204/489
f 1233/1205/13 1227/1199/15 1228/1200/15
f 1233/1205/13 1228/1200/15 1234/1206/13
f 1235/1207/12 1229/1201/489 1232/1204/489
f 1235/1207/12 1232/1204/489 1236/1208/81
f 1237/1209/11 1233/1205/13 1234/1206/13
f 1237/1209/11 1234/1206/13 1238/1210/11
f 1239/1211/10 1235/1207/12 1236/1208/81
f 1239/1211/10 1236/1208/81 1240/1212/10
f 1241/1213/9 1237/1209/11 1238/1210/11
f 1241/1213/9 1238/1210/11 1242/1214/9
f 1243/1215/8 1239/1211/10 1240/1212/10
f 1243/1215/8 1240/1212/10 1244/1216/8
f 1245/1217/215 1241/1213/9 1242/1214/9
f 1245/1217/215 1242/1214/9 1246/1218/215
f 1247/1219/6 1243/1215/8 1244/1216/8
f 1247/1219/6 1244/1216/8 1248/1220/6
f 1249/1221/5 1245/1217/215 1246/1218/215
f 1249/1221/5 1246/1218/215 1250/1222/5
f 1251/1223/3 1247/1219/6 1248/1220/6
f 1251/1223/3 1248/1220/6 1252/1224/3
f 1253/1225/1 1249/1221/5 1250/1222/5
f 1253/1225/1 1250/1222/5 1254/1226/213
f 1255/1227/4 1251/1223/3 1252/1224/3
f 1255/1227/4 1252/1224/3 1256/1228/4
f 1257/1229/2 1258/1230/1 1259/1231/1
f 1257/1229/2 1259/1231/1 1260/1232/2
f 1261/1233/297 1262/1234/186 1263/1235/186
f 1261/1233/297 1263/1235/186 1264/1236/297
f 1265/1237/37 1255/1227/4 1256/1228/4
f 1265/1237/37 1256/1228/4 1266/1238/37
f 1267/1239/34 1257/1229/2 1260/1232/2
f 1267/1239/34 1260/1232/2 1268/1240/34
f 1269/1241/33 1261/1233/297 1264/1236/297
f 1269/1241/33 1264/1236/297 1270/1242/33
f 1271/1243/32 1272/1244/37 1273/1245/37
f 1271/1243/32 1273/1245/37 1274/1246/32
f 1275/1247/30 1267/1239/34 1268/1240/34
f 1275/1247/30 1268/1240/34 1276/1248/30
f 1277/1249/78 1269/1241/33 1270/1242/33
f 1277/1249/78 1270/1242/33 1278/1250/29
f 1279/1251/28 1271/1243/32 1274/1246/32
f 1279/1251/28 1274/1246/32 1280/1252/27
f 1281/1253/26 1275/1247/30 1276/1248/30
f 1281/1253/26 1276/1248/30 1282/1254/26
f 1283/1255/24 1277/1249/78 1278/1250/29
f 1283/1255/24 1278/1250/29 1284/1256/24
f 1285/1257/23 1279/1251/28 1280/1252/27
f 1285/1257/23 1280/1252/27 1286/1258/23
f 1218/1190/20 1281/1253/26 1282/1254/26
f 1218/1190/20 1282/1254/26 1219/1191/86
f 1287/1259/19 1283/1255/24 1284/1256/24
f 1287/1259/19 1284/1256/24 1288/1260/19
f 1262/1234/186 1285/1257/23 1286/1258/23
f 1262/1234/186 1286/1258/23 1263/1235/186
f 1289/1261/60 1290/1262/63 1291/1263/63
f 1289/1261/60 1291/1263/63 1292/1264/60
f 1293/1265/493 1294/1266/61 1295/1267/61
f 1293/1265/493 1295/1267/61 1296/1268/59
f 1297/1269/58 1298/1270/46 1299/1271/46
f 1297/1269/58 1299/1271/46 1300/1272/494
f 1301/1273/57 1289/1261/60 1292/1264/60
f 1301/1273/57 1292/1264/60 1302/1274/57
f 1303/1275/495 1293/1265/493 1296/1268/59
f 1303/1275/495 1296/1268/59 1304/1276/495
f 1305/1277/55 1297/1269/58 1300/1272/494
f 1305/1277/55 1300/1272/494 1306/1278/55
f 1307/1279/54 1301/1273/57 1302/1274/57
f 1307/1279/54 1302/1274/57 1308/1280/54
f 1309/1281/53 1303/1275/495 1304/1276/495
f 1309/1281/53 1304/1276/495 1310/1282/53
f 1311/1283/51 1305/1277/55 1306/1278/55
f 1311/1283/51 1306/1278/55 1312/1284/51
f 1313/1285/50 1307/1279/54 1308/1280/54
f 1313/1285/50 1308/1280/54 1314/1286/50
f 1315/1287/49 1309/1281/53 1310/1282/53
f 1315/1287/49 1310/1282/53 1316/1288/49
f 1317/1289/48 1311/1283/51 1312/1284/51
f 1317/1289/48 1312/1284/51 1318/1290/47
f 1319/1291/44 1313/1285/50 1314/1286/50
f 1319/1291/44 1314/1286/50 1320/1292/45
f 1321/1293/41 1315/1287/49 1316/1288/49
f 1321/1293/41 1316/1288/49 1322/1294/41
f 1323/1295/39 1317/1289/48 1318/1290/47
f 1323/1295/39 1318/1290/47 1324/1296/38
f 1298/1270/46 1319/1291/44 1320/1292/45
f 1298/1270/46 1320/1292/45 1299/1271/46
f 1325/1297/43 1321/1293/41 1322/1294/41
f 1325/1297/43 1322/1294/41 1326/1298/43
f 1327/1299/496 1323/1295/39 1324/1296/38
f 1327/1299/496 1324/1296/38 1328/1300/496
f 1329/1301/76 1325/1297/43 1326/1298/43
f 1329/1301/76 1326/1298/43 1330/1302/76
f 1331/1303/75 1327/1299/496 1328/1300/496
f 1331/1303/75 1328/1300/496 1332/1304/75
f 1333/1305/497 1329/1301/76 1330/1302/76
f 1333/1305/497 1330/1302/76 1334/1306/497
f 1335/1307/72 1331/1303/75 1332/1304/75
f 1335/1307/72 1332/1304/75 1336/1308/498
f 1337/1309/499 1333/1305/497 1334/1306/497
f 1337/1309/499 1334/1306/497 1338/1310/71
f 1339/1311/70 1335/1307/72 1336/1308/498
f 1339/1311/70 1336/1308/498 1340/1312/70
f 1341/1313/500 1337/1309/499 1338/1310/71
f 1341/1313/500 1338/1310/71 1342/1314/69
f 1343/1315/68 1339/1311/70 1340/1312/70
f 1343/1315/68 1340/1312/70 1344/1316/68
f 1345/1317/501 1341/1313/500 1342/1314/69
f 1345/1317/501 1342/1314/69 1346/1318/67
f 1347/1319/66 1343/1315/68 1344/1316/68
f 1347/1319/66 1344/1316/68 1348/1320/66
f 1349/1321/502 1345/1317/501 1346/1318/67
f 1349/1321/502 1346/1318/67 1350/1322/502
f 1351/1323/64 1347/1319/66 1348/1320/66
f 1351/1323/64 1348/1320/66 1352/1324/64
f 1290/1262/63 1349/1321/502 1350/1322/502
f 1290/1262/63 1350/1322/502 1291/1263/63
f 1294/1266/61 1351/1323/64 1352/1324/64
f 1294/1266/61 1352/1324/64 1295/1267/61
f 1353/1325/27 1354/1326/32 1355/1327/32
f 1353/1325/27 1355/1327/32 1356/1328/27
f 1357/1329/187 1358/1330/503 1359/1331/30
f 1357/1329/187 1359/1331/30 1360/1332/26
f 1361/1333/24 1362/1334/78 1363/1335/29
f 1361/1333/24 1363/1335/29 1364/1336/24
f 1365/1337/23 1353/1325/27 1356/1328/27
f 1365/1337/23 1356/1328/27 1366/1338/23
f 1367/1339/86 1357/1329/187 1360/1332/26
f 1367/1339/86 1360/1332/26 1368/1340/20
f 1369/1341/25 1361/1333/24 1364/1336/24
f 1369/1341/25 1364/1336/24 1370/1342/19
f 1371/1343/21 1365/1337/23 1366/1338/23
f 1371/1343/21 1366/1338/23 1372/1344/22
f 1373/1345/83 1367/1339/86 1368/1340/20
f 1373/1345/83 1368/1340/20 1374/1346/83
f 1375/1347/17 1376/1348/85 1377/1349/25
f 1375/1347/17 1377/1349/25 1378/1350/17
f 1379/1351/184 1373/1345/83 1374/1346/83
f 1379/1351/184 1374/1346/83 1380/1352/184
f 1381/1353/15 1375/1347/17 1378/1350/17
f 1381/1353/15 1378/1350/17 1382/1354/15
f 1383/1355/489 1384/1356/219 1385/1357/16
f 1383/1355/489 1385/1357/16 1386/1358/489
f 1387/1359/13 1381/1353/15 1382/1354/15
f 1387/1359/13 1382/1354/15 1388/1360/13
f 1389/1361/81 1383/1355/489 1386/1358/489
f 1389/1361/81 1386/1358/489 1390/1362/81
f 1391/1363/11 1387/1359/13 1388/1360/13
f 1391/1363/11 1388/1360/13 1392/1364/11
f 1393/1365/10 1389/1361/81 1390/1362/81
f 1393/1365/10 1390/1362/81 1394/1366/10
f 1395/1367/9 1391/1363/11 1392/1364/11
f 1395/1367/9 1392/1364/11 1396/1368/9
f 1397/1369/8 1393/1365/10 1394/1366/10
f 1397/1369/8 1394/1366/10 1398/1370/8
f 1399/1371/215 1395/1367/9 1396/1368/9
f 1399/1371/215 1396/1368/9 1400/1372/215
f 1401/1373/6 1397/1369/8 1398/1370/8
f 1401/1373/6 1398/1370/8 1402/1374/6
f 1403/1375/5 1399/1371/215 1400/1372/215
f 1403/1375/5 1400/1372/215 1404/1376/5
f 1405/1377/3 1401/1373/6 1402/1374/6
f 1405/1377/3 1402/1374/6 1406/1378/3
f 1407/1379/504 1403/1375/5 1404/1376/5
f 1407/1379/504 1404/1376/5 1408/1380/79
f 1409/1381/4 1405/1377/3 1406/1378/3
f 1409/1381/4 1406/1378/3 1410/1382/4
f 1411/1383/505 1412/1384/1 1413/1385/1
f 1411/1383/505 1413/1385/1 1414/1386/505
f 1415/1387/36 1371/1343/21 1372/1344/22
f 1415/1387/36 1372/1344/22 1416/1388/36
f 1417/1389/37 1409/1381/4 1410/1382/4
f 1417/1389/37 1410/1382/4 1418/1390/37
f 1419/1391/506 1411/1383/505 1414/1386/505
f 1419/1391/506 1414/1386/505 1420/1392/34
f 1421/1393/33 1415/1387/36 1416/1388/36
f 1421/1393/33 1416/1388/36 1422/1394/77
f 1354/1326/32 1423/1395/37 1424/1396/37
f 1354/1326/32 1424/1396/37 1355/1327/32
f 1358/1330/503 1419/1391/506 1420/1392/34
f 1358/1330/503 1420/1392/34 1359/1331/30
f 1362/1334/78 1421/1393/33 1422/1394/77
f 1362/1334/78 1422/1394/77 1363/1335/29
f 1425/1397/114 1426/1398/507 1427/1399/119
f 1425/1397/114 1427/1399/119 1428/1400/115
f 1429/1401/508 1430/1402/116 1431/1403/117
f 1429/1401/508 1431/1403/117 1432/1404/113
f 1433/1405/509 1425/1397/114 1428/1400/115
f 1433/1405/509 1428/1400/115 1434/1406/510
f 1435/1407/511 1429/1401/508 1432/1404/113
f 1435/1407/511 1432/1404/113 1436/1408/512
f 1437/1409/106 1433/1405/509 1434/1406/510
f 1437/1409/106 1434/1406/510 1438/1410/107
f 1439/1411/104 1435/1407/511 1436/1408/512
f 1439/1411/104 1436/1408/512 1440/1412/105
f 1441/1413/102 1437/1409/106 1438/1410/107
f 1441/1413/102 1438/1410/107 1442/1414/103
f 1443/1415/100 1439/1411/104 1440/1412/105
f 1443/1415/100 1440/1412/105 1444/1416/513
f 1445/1417/514 1441/1413/102 1442/1414/103
f 1445/1417/514 1442/1414/103 1446/1418/99
f 1447/1419/96 1443/1415/100 1444/1416/513
f 1447/1419/96 1444/1416/513 1448/1420/97
f 1449/1421/92 1445/1417/514 1446/1418/99
f 1449/1421/92 1446/1418/99 1450/1422/515
f 1451/1423/88 1447/1419/96 1448/1420/97
f 1451/1423/88 1448/1420/97 1452/1424/516
f 1453/1425/95 1449/1421/92 1450/1422/515
f 1453/1425/95 1450/1422/515 1454/1426/94
f 1455/1427/91 1451/1423/88 1452/1424/516
f 1455/1427/91 1452/1424/516 1456/1428/90
f 1457/1429/150 1453/1425/95 1454/1426/94
f 1457/1429/150 1454/1426/94 1458/1430/151
f 1459/1431/148 1455/1427/91 1456/1428/90
f 1459/1431/148 1456/1428/90 1460/1432/149
f 1461/1433/517 1462/1434/127 1463/1435/518
f 1461/1433/517 1463/1435/518 1464/1436/147
f 1465/1437/144 1457/1429/150 1458/1430/151
f 1465/1437/144 1458/1430/151 1466/1438/519
f 1467/1439/142 1459/1431/148 1460/1432/149
f 1467/1439/142 1460/1432/149 1468/1440/143
f 1469/1441/140 1461/1433/517 1464/1436/147
f 1469/1441/140 1464/1436/147 1470/1442/141
f 1471/1443/520 1465/1437/144 1466/1438/519
f 1471/1443/520 1466/1438/519 1472/1444/139
f 1473/1445/136 1467/1439/142 1468/1440/143
f 1473/1445/136 1468/1440/143 1474/1446/137
f 1475/1447/134 1469/1441/140 1470/1442/141
f 1475/1447/134 1470/1442/141 1476/1448/521
f 1477/1449/132 1471/1443/520 1472/1444/139
f 1477/1449/132 1472/1444/139 1478/1450/133
f 1479/1451/522 1473/1445/136 1474/1446/137
f 1479/1451/522 1474/1446/137 1480/1452/131
f 1481/1453/128 1475/1447/134 1476/1448/521
f 1481/1453/128 1476/1448/521 1482/1454/523
f 1483/1455/124 1477/1449/132 1478/1450/133
f 1483/1455/124 1478/1450/133 1484/1456/125
f 1485/1457/122 1479/1451/522 1480/1452/131
f 1485/1457/122 1480/1452/131 1486/1458/123
f 1487/1459/120 1481/1453/128 1482/1454/523
f 1487/1459/120 1482/1454/523 1488/1460/121
f 1462/1434/127 1483/1455/124 1484/1456/125
f 1462/1434/127 1484/1456/125 1463/1435/518
f 1426/1398/507 1485/1457/122 1486/1458/123
f 1426/1398/507 1486/1458/123 1427/1399/119
f 1430/1402/116 1487/1459/120 1488/1460/121
f 1430/1402/116 1488/1460/121 1431/1403/117
f 1442/1414/103 1438/1410/107 1489/1461/524
f 1442/1414/103 1489/1461/524 1490/1462/525
f 1444/1416/513 1440/1412/105 1491/1463/526
f 1444/1416/513 1491/1463/526 1492/1464/153
f 1446/1418/99 1442/1414/103 1490/1462/525
f 1446/1418/99 1490/1462/525 1493/1465/527
f 1448/1420/97 1444/1416/513 1492/1464/153
f 1448/1420/97 1492/1464/153 1494/1466/528
f 1450/1422/515 1446/1418/99 1493/1465/527
f 1450/1422/515 1493/1465/527 1495/1467/529
f 1452/1424/516 1448/1420/97 1494/1466/528
f 1452/1424/516 1494/1466/528 1496/1468/530
f 1454/1426/94 1450/1422/515 1495/1467/529
f 1454/1426/94 1495/1467/529 1497/1469/179
f 1456/1428/90 1452/1424/516 1496/1468/530
f 1456/1428/90 1496/1468/530 1498/1470/531
f 1458/1430/151 1454/1426/94 1497/1469/179
f 1458/1430/151 1497/1469/179 1499/1471/532
f 1460/1432/149 1456/1428/90 1498/1470/531
f 1460/1432/149 1498/1470/531 1500/1472/533
f 1464/1436/147 1463/1435/518 1501/1473/534
f 1464/1436/147 1501/1473/534 1502/1474/175
f 1466/1438/519 1458/1430/151 1499/1471/532
f 1466/1438/519 1499/1471/532 1503/1475/535
f 1468/1440/143 1460/1432/149 1500/1472/533
f 1468/1440/143 1500/1472/533 1504/1476/173
f 1470/1442/141 1464/1436/147 1502/1474/175
f 1470/1442/141 1502/1474/175 1505/1477/536
f 1472/1444/139 1466/1438/519 1503/1475/535
f 1472/1444/139 1503/1475/535 1506/1478/171
f 1474/1446/137 1468/1440/143 1504/1476/173
f 1474/1446/137 1504/1476/173 1507/1479/170
f 1476/1448/521 1470/1442/141 1505/1477/536
f 1476/1448/521 1505/1477/536 1508/1480/169
f 1478/1450/133 1472/1444/139 1506/1478/171
f 1478/1450/133 1506/1478/171 1509/1481/537
f 1480/1452/131 1474/1446/137 1507/1479/170
f 1480/1452/131 1507/1479/170 1510/1482/538
f 1482/1454/523 1476/1448/521 1508/1480/169
f 1482/1454/523 1508/1480/169 1511/1483/539
f 1484/1456/125 1478/1450/133 1509/1481/537
f 1484/1456/125 1509/1481/537 1512/1484/540
f 1486/1458/123 1480/1452/131 1510/1482/538
f 1486/1458/123 1510/1482/538 1513/1485/541
f 1488/1460/121 1482/1454/523 1511/1483/539
f 1488/1460/121 1511/1483/539 1514/1486/162
f 1463/1435/518 1484/1456/125 1512/1484/540
f 1463/1435/518 1512/1484/540 1501/1473/534
f 1427/1399/119 1486/1458/123 1513/1485/541
f 1427/1399/119 1513/1485/541 1515/1487/161
f 1431/1403/117 1488/1460/121 1514/1486/162
f 1431/1403/117 1514/1486/162 1516/1488/160
f 1428/1400/115 1427/1399/119 1515/1487/161
f 1428/1400/115 1515/1487/161 1517/1489/542
f 1432/1404/113 1431/1403/117 1516/1488/160
f 1432/1404/113 1516/1488/160 1518/1490/158
f 1434/1406/510 1428/1400/115 1517/1489/542
f 1434/1406/510 1517/1489/542 1519/1491/543
f 1436/1408/512 1432/1404/113 1518/1490/158
f 1436/1408/512 1518/1490/158 1520/1492/544
f 1438/1410/107 1434/1406/510 1519/1491/543
f 1438/1410/107 1519/1491/543 1489/1461/524
f 1440/1412/105 1436/1408/512 1520/1492/544
f 1440/1412/105 1520/1492/544 1491/1463/526
f 1521/1493/3 1522/1494/242 1523/1495/242
f 1521/1493/3 1523/1495/242 1524/1496/3
f 1525/1497/1 1526/1498/5 1527/1499/5
f 1525/1497/1 1527/1499/5 1528/1500/1
f 1529/1501/299 1521/1493/3 1524/1496/3
f 1529/1501/299 1524/1496/3 1530/1502/4
f 1531/1503/195 1532/1504/1 1533/1505/545
f 1531/1503/195 1533/1505/545 1534/1506/2
f 1535/1507/194 1536/1508/22 1537/1509/21
f 1535/1507/194 1537/1509/21 1538/1510/194
f 1539/1511/37 1529/1501/299 1530/1502/4
f 1539/1511/37 1530/1502/4 1540/1512/35
f 1541/1513/34 1531/1503/195 1534/1506/2
f 1541/1513/34 1534/1506/2 1542/1514/34
f 1543/1515/33 1535/1507/194 1538/1510/194
f 1543/1515/33 1538/1510/194 1544/1516/77
f 1545/1517/189 1546/1518/37 1547/1519/35
f 1545/1517/189 1547/1519/35 1548/1520/32
f 1549/1521/503 1541/1513/34 1542/1514/34
f 1549/1521/503 1542/1514/34 1550/1522/31
f 1551/1523/29 1543/1515/33 1544/1516/77
f 1551/1523/29 1544/1516/77 1552/1524/29
f 1553/1525/356 1545/1517/189 1548/1520/32
f 1553/1525/356 1548/1520/32 1554/1526/27
f 1555/1527/26 1549/1521/503 1550/1522/31
f 1555/1527/26 1550/1522/31 1556/1528/187
f 1557/1529/24 1551/1523/29 1552/1524/29
f 1557/1529/24 1552/1524/29 1558/1530/546
f 1559/1531/23 1553/1525/356 1554/1526/27
f 1559/1531/23 1554/1526/27 1560/1532/23
f 1561/1533/86 1555/1527/26 1556/1528/187
f 1561/1533/86 1556/1528/187 1562/1534/86
f 1563/1535/19 1557/1529/24 1558/1530/546
f 1563/1535/19 1558/1530/546 1564/1536/85
f 1536/1508/22 1559/1531/23 1560/1532/23
f 1536/1508/22 1560/1532/23 1537/1509/21
f 1565/1537/18 1561/1533/86 1562/1534/86
f 1565/1537/18 1562/1534/86 1566/1538/18
f 1567/1539/17 1568/1540/19 1569/1541/25
f 1567/1539/17 1569/1541/25 1570/1542/82
f 1571/1543/16 1565/1537/18 1566/1538/18
f 1571/1543/16 1566/1538/18 1572/1544/364
f 1573/1545/289 1567/1539/17 1570/1542/82
f 1573/1545/289 1570/1542/82 1574/1546/15
f 1575/1547/218 1576/1548/16 1577/1549/84
f 1575/1547/218 1577/1549/84 1578/1550/489
f 1579/1551/13 1573/1545/289 1574/1546/15
f 1579/1551/13 1574/1546/15 1580/1552/13
f 1581/1553/201 1575/1547/218 1578/1550/489
f 1581/1553/201 1578/1550/489 1582/1554/201
f 1583/1555/11 1579/1551/13 1580/1552/13
f 1583/1555/11 1580/1552/13 1584/1556/11
f 1585/1557/216 1581/1553/201 1582/1554/201
f 1585/1557/216 1582/1554/201 1586/1558/10
f 1587/1559/362 1583/1555/11 1584/1556/11
f 1587/1559/362 1584/1556/11 1588/1560/362
f 1589/1561/8 1585/1557/216 1586/1558/10
f 1589/1561/8 1586/1558/10 1590/1562/8
f 1591/1563/215 1587/1559/362 1588/1560/362
f 1591/1563/215 1588/1560/362 1592/1564/215
f 1522/1494/242 1589/1561/8 1590/1562/8
f 1522/1494/242 1590/1562/8 1523/1495/242
f 1526/1498/5 1591/1563/215 1592/1564/215
f 1526/1498/5 1592/1564/215 1527/1499/5
s 0
f 1593/1565/547 1594/1566/547 1595/1567/547
f 1593/1565/203 1595/1567/203 1596/1568/203
f 1597/1569/202 1598/1570/202 1599/1571/202
f 1597/1569/202 1599/1571/202 1600/1572/202
f 1601/1573/203 1602/1574/203 1603/1575/203
f 1601/1573/202 1603/1575/202 1604/1576/202
f 1605/1577/206 1593/1565/206 1596/1568/206
f 1605/1577/206 1596/1568/206 1606/1578/206
f 1607/1579/207 1597/1569/207 1600/1572/207
f 1607/1579/203 1600/1572/203 1608/1580/203
f 1609/1581/207 1601/1573/207 1604/1576/207
f 1609/1581/207 1604/1576/207 1610/1582/207
f 1611/1583/202 1605/1577/202 1606/1578/202
f 1611/1583/207 1606/1578/207 1612/1584/207
f 1613/1585/548 1607/1579/548 1608/1580/548
f 1613/1585/203 1608/1580/203 1614/1586/203
f 1615/1587/202 1609/1581/202 1610/1582/202
f 1615/1587/203 1610/1582/203 1616/1588/203
f 1617/1589/206 1611/1583/206 1612/1584/206
f 1617/1589/207 1612/1584/207 1618/1590/207
f 1619/1591/206 1613/1585/206 1614/1586/206
f 1619/1591/206 1614/1586/206 1620/1592/206
f 1621/1593/202 1615/1587/202 1616/1588/202
f 1621/1593/202 1616/1588/202 1622/1594/202
f 1623/1595/203 1617/1589/203 1618/1590/203
f 1623/1595/202 1618/1590/202 1624/1596/202
f 1625/1597/202 1621/1593/202 1622/1594/202
f 1625/1597/202 1622/1594/202 1626/1598/202
f 1627/1599/206 1623/1595/206 1624/1596/206
f 1627/1599/202 1624/1596/202 1628/1600/202
f 1629/1601/206 1625/1597/206 1626/1598/206
f 1629/1601/206 1626/1598/206 1630/1602/206
f 1631/1603/548 1627/1599/548 1628/1600/548
f 1631/1603/207 1628/1600/207 1632/1604/207
f 1633/1605/202 1629/1601/202 1630/1602/202
f 1633/1605/206 1630/1602/206 1634/1606/206
f 1635/1607/203 1631/1603/203 1632/1604/203
f 1635/1607/206 1632/1604/206 1636/1608/206
f 1637/1609/202 1633/1605/202 1634/1606/202
f 1637/1609/202 1634/1606/202 1638/1610/202
f 1639/1611/202 1635/1607/202 1636/1608/202
f 1639/1611/202 1636/1608/202 1640/1612/202
f 1641/1613/206 1637/1609/206 1638/1610/206
f 1641/1613/202 1638/1610/202 1642/1614/202
f 1643/1615/547 1639/1611/547 1640/1612/547
f 1643/1615/548 1640/1612/548 1644/1616/548
f 1645/1617/207 1641/1613/207 1642/1614/207
f 1645/1617/202 1642/1614/202 1646/1618/202
f 1647/1619/203 1643/1615/203 1644/1616/203
f 1647/1619/202 1644/1616/202 1648/1620/202
f 1649/1621/206 1645/1617/206 1646/1618/206
f 1649/1621/202 1646/1618/202 1650/1622/202
f 1651/1623/206 1647/1619/206 1648/1620/206
f 1651/1623/202 1648/1620/202 1652/1624/202
f 1653/1625/204 1649/1621/204 1650/1622/204
f 1653/1625/207 1650/1622/207 1654/1626/207
f 1655/1627/206 1651/1623/206 1652/1624/206
f 1655/1627/206 1652/1624/206 1656/1628/206
f 1594/1566/203 1619/1591/203 1620/1592/203
f 1594/1566/205 1620/1592/205 1595/1567/205
f 1598/1570/203 1653/1625/203 1654/1626/203
f 1598/1570/202 1654/1626/202 1599/1571/202
f 1602/1574/202 1655/1627/202 1656/1628/202
f 1602/1574/548 1656/1628/548 1603/1575/548
s 1
f 1657/1629/19 1658/1630/222 1659/1631/549
f 1657/1629/19 1659/1631/549 1660/1632/19
f 1661/1633/22 1662/1634/23 1663/1635/23
f 1661/1633/22 1663/1635/23 1664/1636/22
f 1665/1637/18 1666/1638/20 1667/1639/86
f 1665/1637/18 1667/1639/86 1668/1640/18
f 1669/1641/82 1670/1642/19 1671/1643/351
f 1669/1641/82 1671/1643/351 1672/1644/550
f 1673/1645/219 1665/1637/18 1668/1640/18
f 1673/1645/219 1668/1640/18 1674/1646/364
f 1675/1647/15 1669/1641/82 1672/1644/550
f 1675/1647/15 1672/1644/550 1676/1648/15
f 1677/1649/489 1678/1650/84 1679/1651/16
f 1677/1649/489 1679/1651/16 1680/1652/489
f 1681/1653/13 1675/1647/15 1676/1648/15
f 1681/1653/13 1676/1648/15 1682/1654/13
f 1683/1655/12 1677/1649/489 1680/1652/489
f 1683/1655/12 1680/1652/489 1684/1656/12
f 1685/1657/11 1681/1653/13 1682/1654/13
f 1685/1657/11 1682/1654/13 1686/1658/11
f 1687/1659/10 1683/1655/12 1684/1656/12
f 1687/1659/10 1684/1656/12 1688/1660/10
f 1689/1661/243 1685/1657/11 1686/1658/11
f 1689/1661/243 1686/1658/11 1690/1662/9
f 1691/1663/8 1687/1659/10 1688/1660/10
f 1691/1663/8 1688/1660/10 1692/1664/8
f 1693/1665/215 1689/1661/243 1690/1662/9
f 1693/1665/215 1690/1662/9 1694/1666/80
f 1695/1667/6 1691/1663/8 1692/1664/8
f 1695/1667/6 1692/1664/8 1696/1668/6
f 1697/1669/288 1693/1665/215 1694/1666/80
f 1697/1669/288 1694/1666/80 1698/1670/5
f 1699/1671/3 1695/1667/6 1696/1668/6
f 1699/1671/3 1696/1668/6 1700/1672/3
f 1701/1673/1 1697/1669/288 1698/1670/5
f 1701/1673/1 1698/1670/5 1702/1674/79
f 1703/1675/4 1699/1671/3 1700/1672/3
f 1703/1675/4 1700/1672/3 1704/1676/299
f 1705/1677/195 1706/1678/1 1707/1679/1
f 1705/1677/195 1707/1679/1 1708/1680/505
f 1709/1681/36 1661/1633/22 1664/1636/22
f 1709/1681/36 1664/1636/22 1710/1682/209
f 1711/1683/37 1703/1675/4 1704/1676/299
f 1711/1683/37 1704/1676/299 1712/1684/37
f 1713/1685/506 1705/1677/195 1708/1680/505
f 1713/1685/506 1708/1680/505 1714/1686/34
f 1715/1687/77 1709/1681/36 1710/1682/209
f 1715/1687/77 1710/1682/209 1716/1688/33
f 1717/1689/32 1718/1690/35 1719/1691/37
f 1717/1689/32 1719/1691/37 1720/1692/189
f 1721/1693/31 1713/1685/506 1714/1686/34
f 1721/1693/31 1714/1686/34 1722/1694/30
f 1723/1695/78 1715/1687/77 1716/1688/33
f 1723/1695/78 1716/1688/33 1724/1696/78
f 1725/1697/188 1717/1689/32 1720/1692/189
f 1725/1697/188 1720/1692/189 1726/1698/27
f 1727/1699/26 1721/1693/31 1722/1694/30
f 1727/1699/26 1722/1694/30 1728/1700/26
f 1658/1630/222 1723/1695/78 1724/1696/78
f 1658/1630/222 1724/1696/78 1659/1631/549
f 1662/1634/23 1725/1697/188 1726/1698/27
f 1662/1634/23 1726/1698/27 1663/1635/23
f 1666/1638/20 1727/1699/26 1728/1700/26
f 1666/1638/20 1728/1700/26 1667/1639/86
s 0
f 1729/1701/230 1730/1702/230 1731/1703/230
f 1729/1701/228 1731/1703/228 1732/1704/228
f 1733/1705/229 1734/1706/229 1735/1707/229
f 1733/1705/229 1735/1707/229 1736/1708/229
f 1737/1709/229 1729/1701/229 1732/1704/229
f 1737/1709/228 1732/1704/228 1738/1710/228
f 1739/1711/228 1733/1705/228 1736/1708/228
f 1739/1711/230 1736/1708/230 1740/1712/230
f 1741/1713/228 1737/1709/228 1738/1710/228
f 1741/1713/230 1738/1710/230 1742/1714/230
f 1743/1715/228 1739/1711/228 1740/1712/228
f 1743/1715/229 1740/1712/229 1744/1716/229
f 1745/1717/230 1741/1713/230 1742/1714/230
f 1745/1717/228 1742/1714/228 1746/1718/228
f 1747/1719/231 1743/1715/231 1744/1716/231
f 1747/1719/231 1744/1716/231 1748/1720/231
f 1749/1721/230 1745/1717/230 1746/1718/230
f 1749/1721/230 1746/1718/230 1750/1722/230
f 1751/1723/228 1747/1719/228 1748/1720/228
f 1751/1723/231 1748/1720/231 1752/1724/231
f 1753/1725/228 1749/1721/228 1750/1722/228
f 1753/1725/229 1750/1722/229 1754/1726/229
f 1755/1727/228 1751/1723/228 1752/1724/228
f 1755/1727/228 1752/1724/228 1756/1728/228
f 1757/1729/229 1753/1725/229 1754/1726/229
f 1757/1729/231 1754/1726/231 1758/1730/231
f 1759/1731/229 1760/1732/229 1761/1733/229
f 1759/1731/230 1761/1733/230 1762/1734/230
f 1763/1735/228 1755/1727/228 1756/1728/228
f 1763/1735/229 1756/1728/229 1764/1736/229
f 1765/1737/229 1757/1729/229 1758/1730/229
f 1765/1737/228 1758/1730/228 1766/1738/228
f 1767/1739/228 1759/1731/228 1762/1734/228
f 1767/1739/231 1762/1734/231 1768/1740/231
f 1769/1741/230 1763/1735/230 1764/1736/230
f 1769/1741/231 1764/1736/231 1770/1742/231
f 1771/1743/228 1765/1737/228 1766/1738/228
f 1771/1743/230 1766/1738/230 1772/1744/230
f 1773/1745/230 1767/1739/230 1768/1740/230
f 1773/1745/229 1768/1740/229 1774/1746/229
f 1775/1747/230 1769/1741/230 1770/1742/230
f 1775/1747/229 1770/1742/229 1776/1748/229
f 1777/1749/230 1771/1743/230 1772/1744/230
f 1777/1749/228 1772/1744/228 1778/1750/228
f 1779/1751/231 1773/1745/231 1774/1746/231
f 1779/1751/228 1774/1746/228 1780/1752/228
f 1781/1753/230 1775/1747/230 1776/1748/230
f 1781/1753/231 1776/1748/231 1782/1754/231
f 1783/1755/229 1777/1749/229 1778/1750/229
f 1783/1755/230 1778/1750/230 1784/1756/230
f 1785/1757/228 1779/1751/228 1780/1752/228
f 1785/1757/227 1780/1752/227 1786/1758/227
f 1760/1732/228 1781/1753/228 1782/1754/228
f 1760/1732/228 1782/1754/228 1761/1733/228
f 1787/1759/230 1783/1755/230 1784/1756/230
f 1787/1759/228 1784/1756/228 1788/1760/228
f 1789/1761/228 1785/1757/228 1786/1758/228
f 1789/1761/230 1786/1758/230 1790/1762/230
f 1791/1763/551 1787/1759/551 1788/1760/551
f 1791/1763/230 1788/1760/230 1792/1764/230
f 1730/1702/228 1789/1761/228 1790/1762/228
f 1730/1702/229 1790/1762/229 1731/1703/229
f 1734/1706/230 1791/1763/230 1792/1764/230
f 1734/1706/228 1792/1764/228 1735/1707/228
s 1
f 1793/1765/215 1794/1766/362 1795/1767/9
f 1793/1765/215 1795/1767/9 1796/1768/215
f 1797/1769/6 1798/1770/8 1799/1771/8
f 1797/1769/6 1799/1771/8 1800/1772/6
f 1801/1773/5 1793/1765/215 1796/1768/215
f 1801/1773/5 1796/1768/215 1802/1774/552
f 1803/1775/287 1797/1769/6 1800/1772/6
f 1803/1775/287 1800/1772/6 1804/1776/553
f 1805/1777/554 1801/1773/5 1802/1774/552
f 1805/1777/554 1802/1774/552 1806/1778/214
f 1807/1779/299 1803/1775/287 1804/1776/553
f 1807/1779/299 1804/1776/553 1808/1780/4
f 1809/1781/2 1810/1782/1 1811/1783/554
f 1809/1781/2 1811/1783/554 1812/1784/555
f 1813/1785/556 1814/1786/21 1815/1787/557
f 1813/1785/556 1815/1787/557 1816/1788/558
f 1817/1789/37 1807/1779/299 1808/1780/4
f 1817/1789/37 1808/1780/4 1818/1790/37
f 1819/1791/34 1809/1781/2 1812/1784/555
f 1819/1791/34 1812/1784/555 1820/1792/559
f 1821/1793/560 1813/1785/556 1816/1788/558
f 1821/1793/560 1816/1788/558 1822/1794/561
f 1823/1795/32 1824/1796/35 1825/1797/37
f 1823/1795/32 1825/1797/37 1826/1798/32
f 1827/1799/562 1819/1791/34 1820/1792/559
f 1827/1799/562 1820/1792/559 1828/1800/563
f 1829/1801/564 1821/1793/560 1822/1794/561
f 1829/1801/564 1822/1794/561 1830/1802/565
f 1831/1803/566 1823/1795/32 1826/1798/32
f 1831/1803/566 1826/1798/32 1832/1804/566
f 1833/1805/567 1827/1799/562 1828/1800/563
f 1833/1805/567 1828/1800/563 1834/1806/224
f 1835/1807/222 1829/1801/564 1830/1802/565
f 1835/1807/222 1830/1802/565 1836/1808/568
f 1837/1809/23 1831/1803/566 1832/1804/566
f 1837/1809/23 1832/1804/566 1838/1810/185
f 1839/1811/569 1833/1805/567 1834/1806/224
f 1839/1811/569 1834/1806/224 1840/1812/352
f 1841/1813/19 1835/1807/222 1836/1808/568
f 1841/1813/19 1836/1808/568 1842/1814/19
f 1814/1786/21 1837/1809/23 1838/1810/185
f 1814/1786/21 1838/1810/185 1815/1787/557
f 1843/1815/83 1839/1811/569 1840/1812/352
f 1843/1815/83 1840/1812/352 1844/1816/18
f 1845/1817/82 1846/1818/19 1847/1819/25
f 1845/1817/82 1847/1819/25 1848/1820/82
f 1849/1821/570 1843/1815/83 1844/1816/18
f 1849/1821/570 1844/1816/18 1850/1822/219
f 1851/1823/15 1845/1817/82 1848/1820/82
f 1851/1823/15 1848/1820/82 1852/1824/15
f 1853/1825/489 1854/1826/16 1855/1827/219
f 1853/1825/489 1855/1827/219 1856/1828/218
f 1857/1829/13 1851/1823/15 1852/1824/15
f 1857/1829/13 1852/1824/15 1858/1830/13
f 1859/1831/363 1853/1825/489 1856/1828/218
f 1859/1831/363 1856/1828/218 1860/1832/81
f 1861/1833/11 1857/1829/13 1858/1830/13
f 1861/1833/11 1858/1830/13 1862/1834/200
f 1863/1835/10 1859/1831/363 1860/1832/81
f 1863/1835/10 1860/1832/81 1864/1836/199
f 1794/1766/362 1861/1833/11 1862/1834/200
f 1794/1766/362 1862/1834/200 1795/1767/9
f 1798/1770/8 1863/1835/10 1864/1836/199
f 1798/1770/8 1864/1836/199 1799/1771/8
f 1865/1837/571 1866/1838/572 1867/1839/573
f 1865/1837/571 1867/1839/573 1868/1840/571
f 1869/1841/574 1870/1842/575 1871/1843/576
f 1869/1841/574 1871/1843/576 1872/1844/574
f 1873/1845/278 1874/1846/282 1875/1847/577
f 1873/1845/278 1875/1847/577 1876/1848/278
f 1877/1849/578 1865/1837/571 1868/1840/571
f 1877/1849/578 1868/1840/571 1878/1850/277
f 1879/1851/579 1869/1841/574 1872/1844/574
f 1879/1851/579 1872/1844/574 1880/1852/579
f 1881/1853/580 1873/1845/278 1876/1848/278
f 1881/1853/580 1876/1848/278 1882/1854/580
f 1883/1855/275 1877/1849/578 1878/1850/277
f 1883/1855/275 1878/1850/277 1884/1856/275
f 1885/1857/272 1881/1853/580 1882/1854/580
f 1885/1857/272 1882/1854/580 1886/1858/272
f 1887/1859/581 1883/1855/275 1884/1856/275
f 1887/1859/581 1884/1856/275 1888/1860/581
f 1889/1861/582 1885/1857/272 1886/1858/272
f 1889/1861/582 1886/1858/272 1890/1862/582
f 1891/1863/583 1887/1859/581 1888/1860/581
f 1891/1863/583 1888/1860/581 1892/1864/583
f 1893/1865/584 1889/1861/582 1890/1862/582
f 1893/1865/584 1890/1862/582 1894/1866/584
f 1895/1867/585 1891/1863/583 1892/1864/583
f 1895/1867/585 1892/1864/583 1896/1868/265
f 1897/1869/586 1893/1865/584 1894/1866/584
f 1897/1869/586 1894/1866/584 1898/1870/587
f 1899/1871/262 1895/1867/585 1896/1868/265
f 1899/1871/262 1896/1868/265 1900/1872/262
f 1901/1873/588 1897/1869/586 1898/1870/587
f 1901/1873/588 1898/1870/587 1902/1874/261
f 1903/1875/260 1899/1871/262 1900/1872/262
f 1903/1875/260 1900/1872/262 1904/1876/260
f 1905/1877/258 1901/1873/588 1902/1874/261
f 1905/1877/258 1902/1874/261 1906/1878/258
f 1907/1879/257 1903/1875/260 1904/1876/260
f 1907/1879/257 1904/1876/260 1908/1880/589
f 1909/1881/256 1905/1877/258 1906/1878/258
f 1909/1881/256 1906/1878/258 1910/1882/256
f 1911/1883/255 1907/1879/257 1908/1880/589
f 1911/1883/255 1908/1880/589 1912/1884/255
f 1913/1885/590 1909/1881/256 1910/1882/256
f 1913/1885/590 1910/1882/256 1914/1886/252
f 1915/1887/250 1911/1883/255 1912/1884/255
f 1915/1887/250 1912/1884/255 1916/1888/591
f 1917/1889/592 1879/1851/579 1880/1852/579
f 1917/1889/592 1880/1852/579 1918/1890/592
f 1919/1891/245 1913/1885/590 1914/1886/252
f 1919/1891/245 1914/1886/252 1920/1892/245
f 1921/1893/593 1915/1887/250 1916/1888/591
f 1921/1893/593 1916/1888/591 1922/1894/593
f 1923/1895/594 1917/1889/592 1918/1890/592
f 1923/1895/594 1918/1890/592 1924/1896/594
f 1925/1897/595 1919/1891/245 1920/1892/245
f 1925/1897/595 1920/1892/245 1926/1898/596
f 1927/1899/597 1921/1893/593 1922/1894/593
f 1927/1899/597 1922/1894/593 1928/1900/286
f 1866/1838/572 1923/1895/594 1924/1896/594
f 1866/1838/572 1924/1896/594 1867/1839/573
f 1870/1842/575 1925/1897/595 1926/1898/596
f 1870/1842/575 1926/1898/596 1871/1843/576
f 1874/1846/282 1927/1899/597 1928/1900/286
f 1874/1846/282 1928/1900/286 1875/1847/577
f 1929/1901/15 1930/1902/550 1931/1903/550
f 1929/1901/15 1931/1903/550 1932/1904/598
f 1933/1905/489 1934/1906/234 1935/1907/16
f 1933/1905/489 1935/1907/16 1936/1908/14
f 1937/1909/13 1929/1901/15 1932/1904/598
f 1937/1909/13 1932/1904/598 1938/1910/13
f 1939/1911/201 1933/1905/489 1936/1908/14
f 1939/1911/201 1936/1908/14 1940/1912/599
f 1941/1913/200 1937/1909/13 1938/1910/13
f 1941/1913/200 1938/1910/13 1942/1914/200
f 1943/1915/199 1939/1911/201 1940/1912/599
f 1943/1915/199 1940/1912/599 1944/1916/10
f 1945/1917/9 1941/1913/200 1942/1914/200
f 1945/1917/9 1942/1914/200 1946/1918/9
f 1947/1919/8 1943/1915/199 1944/1916/10
f 1947/1919/8 1944/1916/10 1948/1920/8
f 1949/1921/80 1945/1917/9 1946/1918/9
f 1949/1921/80 1946/1918/9 1950/1922/198
f 1951/1923/6 1947/1919/8 1948/1920/8
f 1951/1923/6 1948/1920/8 1952/1924/6
f 1953/1925/5 1949/1921/80 1950/1922/198
f 1953/1925/5 1950/1922/198 1954/1926/5
f 1955/1927/3 1951/1923/6 1952/1924/6
f 1955/1927/3 1952/1924/6 1956/1928/3
f 1957/1929/79 1953/1925/5 1954/1926/5
f 1957/1929/79 1954/1926/5 1958/1930/79
f 1959/1931/4 1955/1927/3 1956/1928/3
f 1959/1931/4 1956/1928/3 1960/1932/299
f 1961/1933/298 1962/1934/214 1963/1935/79
f 1961/1933/298 1963/1935/79 1964/1936/2
f 1965/1937/36 1966/1938/21 1967/1939/22
f 1965/1937/36 1967/1939/22 1968/1940/36
f 1969/1941/37 1959/1931/4 1960/1932/299
f 1969/1941/37 1960/1932/299 1970/1942/239
f 1971/1943/192 1961/1933/298 1964/1936/2
f 1971/1943/192 1964/1936/2 1972/1944/559
f 1973/1945/77 1965/1937/36 1968/1940/36
f 1973/1945/77 1968/1940/36 1974/1946/77
f 1975/1947/32 1976/1948/360 1977/1949/37
f 1975/1947/32 1977/1949/37 1978/1950/189
f 1979/1951/31 1971/1943/192 1972/1944/559
f 1979/1951/31 1972/1944/559 1980/1952/30
f 1981/1953/29 1973/1945/77 1974/1946/77
f 1981/1953/29 1974/1946/77 1982/1954/29
f 1983/1955/28 1975/1947/32 1978/1950/189
f 1983/1955/28 1978/1950/189 1984/1956/600
f 1985/1957/187 1979/1951/31 1980/1952/30
f 1985/1957/187 1980/1952/30 1986/1958/26
f 1987/1959/568 1981/1953/29 1982/1954/29
f 1987/1959/568 1982/1954/29 1988/1960/568
f 1989/1961/601 1983/1955/28 1984/1956/600
f 1989/1961/601 1984/1956/600 1990/1962/221
f 1991/1963/86 1985/1957/187 1986/1958/26
f 1991/1963/86 1986/1958/26 1992/1964/20
f 1993/1965/85 1987/1959/568 1988/1960/568
f 1993/1965/85 1988/1960/568 1994/1966/25
f 1966/1938/21 1989/1961/601 1990/1962/221
f 1966/1938/21 1990/1962/221 1967/1939/22
f 1995/1967/83 1991/1963/86 1992/1964/20
f 1995/1967/83 1992/1964/20 1996/1968/290
f 1930/1902/550 1997/1969/19 1998/1970/25
f 1930/1902/550 1998/1970/25 1931/1903/550
f 1999/1971/184 1995/1967/83 1996/1968/290
f 1999/1971/184 1996/1968/290 2000/1972/16
f 2001/1973/602 2002/1974/603 2003/1975/604
f 2001/1973/602 2003/1975/604 2004/1976/605
f 2005/1977/347 2006/1978/606 2007/1979/607
f 2005/1977/347 2007/1979/607 2008/1980/348
f 2009/1981/608 2001/1973/602 2004/1976/605
f 2009/1981/608 2004/1976/605 2010/1982/346
f 2011/1983/609 2005/1977/347 2008/1980/348
f 2011/1983/609 2008/1980/348 2012/1984/610
f 2013/1985/611 2009/1981/608 2010/1982/346
f 2013/1985/611 2010/1982/346 2014/1986/342
f 2015/1987/612 2011/1983/609 2012/1984/610
f 2015/1987/612 2012/1984/610 2016/1988/612
f 2017/1989/340 2013/1985/611 2014/1986/342
f 2017/1989/340 2014/1986/342 2018/1990/340
f 2019/1991/613 2015/1987/612 2016/1988/612
f 2019/1991/613 2016/1988/612 2020/1992/613
f 2021/1993/614 2017/1989/340 2018/1990/340
f 2021/1993/614 2018/1990/340 2022/1994/615
f 2023/1995/616 2024/1996/318 2025/1997/318
f 2023/1995/616 2025/1997/318 2026/1998/617
f 2027/1999/333 2019/1991/613 2020/1992/613
f 2027/1999/333 2020/1992/613 2028/2000/333
f 2029/2001/331 2021/1993/614 2022/1994/615
f 2029/2001/331 2022/1994/615 2030/2002/618
f 2031/2003/330 2023/1995/616 2026/1998/617
f 2031/2003/330 2026/1998/617 2032/2004/330
f 2033/2005/619 2027/1999/333 2028/2000/333
f 2033/2005/619 2028/2000/333 2034/2006/328
f 2035/2007/620 2029/2001/331 2030/2002/618
f 2035/2007/620 2030/2002/618 2036/2008/620
f 2037/2009/325 2031/2003/330 2032/2004/330
f 2037/2009/325 2032/2004/330 2038/2010/324
f 2039/2011/323 2033/2005/619 2034/2006/328
f 2039/2011/323 2034/2006/328 2040/2012/323
f 2041/2013/621 2035/2007/620 2036/2008/620
f 2041/2013/621 2036/2008/620 2042/2014/622
f 2043/2015/319 2037/2009/325 2038/2010/324
f 2043/2015/319 2038/2010/324 2044/2016/623
f 2045/2017/317 2039/2011/323 2040/2012/323
f 2045/2017/317 2040/2012/323 2046/2018/317
f 2047/2019/624 2041/2013/621 2042/2014/622
f 2047/2019/624 2042/2014/622 2048/2020/315
f 2049/2021/625 2043/2015/319 2044/2016/623
f 2049/2021/625 2044/2016/623 2050/2022/626
f 2024/1996/318 2045/2017/317 2046/2018/317
f 2024/1996/318 2046/2018/317 2025/1997/318
f 2051/2023/312 2047/2019/624 2048/2020/315
f 2051/2023/312 2048/2020/315 2052/2024/312
f 2053/2025/627 2049/2021/625 2050/2022/626
f 2053/2025/627 2050/2022/626 2054/2026/311
f 2055/2027/309 2051/2023/312 2052/2024/312
f 2055/2027/309 2052/2024/312 2056/2028/628
f 2057/2029/629 2053/2025/627 2054/2026/311
f 2057/2029/629 2054/2026/311 2058/2030/630
f 2059/2031/306 2055/2027/309 2056/2028/628
f 2059/2031/306 2056/2028/628 2060/2032/631
f 2061/2033/632 2057/2029/629 2058/2030/630
f 2061/2033/632 2058/2030/630 2062/2034/632
f 2063/2035/633 2059/2031/306 2060/2032/631
f 2063/2035/633 2060/2032/631 2064/2036/634
f 2002/1974/603 2061/2033/632 2062/2034/632
f 2002/1974/603 2062/2034/632 2003/1975/604
f 2006/1978/606 2063/2035/633 2064/2036/634
f 2006/1978/606 2064/2036/634 2007/1979/607
f 2065/2037/79 2066/2038/5 2067/2039/288
f 2065/2037/79 2067/2039/288 2068/2040/1
f 2069/2041/4 2070/2042/3 2071/2043/287
f 2069/2041/4 2071/2043/287 2072/2044/240
f 2073/2045/210 2074/2046/79 2075/2047/545
f 2073/2045/210 2075/2047/545 2076/2048/2
f 2077/2049/36 2078/2050/22 2079/2051/635
f 2077/2049/36 2079/2051/635 2080/2052/194
f 2081/2053/208 2069/2041/4 2072/2044/240
f 2081/2053/208 2072/2044/240 2082/2054/193
f 2083/2055/34 2073/2045/210 2076/2048/2
f 2083/2055/34 2076/2048/2 2084/2056/192
f 2085/2057/77 2077/2049/36 2080/2052/194
f 2085/2057/77 2080/2052/194 2086/2058/33
f 2087/2059/32 2088/2060/37 2089/2061/37
f 2087/2059/32 2089/2061/37 2090/2062/189
f 2091/2063/562 2083/2055/34 2084/2056/192
f 2091/2063/562 2084/2056/192 2092/2064/503
f 2093/2065/29 2085/2057/77 2086/2058/33
f 2093/2065/29 2086/2058/33 2094/2066/29
f 2095/2067/188 2087/2059/32 2090/2062/189
f 2095/2067/188 2090/2062/189 2096/2068/566
f 2097/2069/187 2091/2063/562 2092/2064/503
f 2097/2069/187 2092/2064/503 2098/2070/26
f 2099/2071/549 2093/2065/29 2094/2066/29
f 2099/2071/549 2094/2066/29 2100/2072/24
f 2101/2073/221 2095/2067/188 2096/2068/566
f 2101/2073/221 2096/2068/566 2102/2074/601
f 2103/2075/20 2097/2069/187 2098/2070/26
f 2103/2075/20 2098/2070/26 2104/2076/86
f 2105/2077/636 2099/2071/549 2100/2072/24
f 2105/2077/636 2100/2072/24 2106/2078/19
f 2078/2050/22 2101/2073/221 2102/2074/601
f 2078/2050/22 2102/2074/601 2079/2051/635
f 2107/2079/83 2103/2075/20 2104/2076/86
f 2107/2079/83 2104/2076/86 2108/2080/18
f 2109/2081/17 2110/2082/85 2111/2083/19
f 2109/2081/17 2111/2083/19 2112/2084/550
f 2113/2085/184 2107/2079/83 2108/2080/18
f 2113/2085/184 2108/2080/18 2114/2086/219
f 2115/2087/598 2109/2081/17 2112/2084/550
f 2115/2087/598 2112/2084/550 2116/2088/15
f 2117/2089/14 2118/2090/16 2119/2091/16
f 2117/2089/14 2119/2091/16 2120/2092/14
f 2121/2093/13 2115/2087/598 2116/2088/15
f 2121/2093/13 2116/2088/15 2122/2094/13
f 2123/2095/201 2117/2089/14 2120/2092/14
f 2123/2095/201 2120/2092/14 2124/2096/12
f 2125/2097/200 2121/2093/13 2122/2094/13
f 2125/2097/200 2122/2094/13 2126/2098/200
f 2127/2099/199 2123/2095/201 2124/2096/12
f 2127/2099/199 2124/2096/12 2128/2100/10
f 2129/2101/243 2125/2097/200 2126/2098/200
f 2129/2101/243 2126/2098/200 2130/2102/9
f 2131/2103/8 2127/2099/199 2128/2100/10
f 2131/2103/8 2128/2100/10 2132/2104/8
f 2133/2105/80 2129/2101/243 2130/2102/9
f 2133/2105/80 2130/2102/9 2134/2106/7
f 2135/2107/6 2131/2103/8 2132/2104/8
f 2135/2107/6 2132/2104/8 2136/2108/6
f 2066/2038/5 2133/2105/80 2134/2106/7
f 2066/2038/5 2134/2106/7 2067/2039/288
f 2070/2042/3 2135/2107/6 2136/2108/6
f 2070/2042/3 2136/2108/6 2071/2043/287
f 2137/2064/637 2138/2056/638 2139/2109/639
f 2137/2064/637 2139/2109/639 2140/2110/640
f 2141/2066/641 2142/2058/642 2143/2111/374
f 2141/2066/641 2143/2111/374 2144/2112/375
f 2145/2113/643 2146/2114/644 2147/2115/370
f 2145/2113/643 2147/2115/370 2148/2116/645
f 2149/2070/646 2137/2064/637 2140/2110/640
f 2149/2070/646 2140/2110/640 2150/2117/647
f 2151/2072/648 2141/2066/641 2144/2112/375
f 2151/2072/648 2144/2112/375 2152/2118/649
f 2153/2074/650 2154/2068/651 2155/2119/652
f 2153/2074/650 2155/2119/652 2156/2120/653
f 2157/2076/654 2149/2070/646 2150/2117/647
f 2157/2076/654 2150/2117/647 2158/2121/432
f 2159/2122/655 2160/2123/656 2161/2124/438
f 2159/2122/655 2161/2124/438 2162/2125/439
f 2163/2051/657 2153/2074/650 2156/2120/653
f 2163/2051/657 2156/2120/653 2164/2126/388
f 2165/2080/658 2157/2076/654 2158/2121/432
f 2165/2080/658 2158/2121/432 2166/2127/659
f 2167/2084/660 2168/2083/661 2169/2128/662
f 2167/2084/660 2169/2128/662 2170/2129/663
f 2171/2130/664 2172/2131/665 2173/2132/428
f 2171/2130/664 2173/2132/428 2174/2133/666
f 2175/2088/667 2167/2084/660 2170/2129/663
f 2175/2088/667 2170/2129/663 2176/2134/668
f 2177/2135/669 2171/2130/664 2174/2133/666
f 2177/2135/669 2174/2133/666 2178/2136/670
f 2179/2094/671 2175/2088/667 2176/2134/668
f 2179/2094/671 2176/2134/668 2180/2137/416
f 2181/2096/672 2182/2092/673 2183/2138/674
f 2181/2096/672 2183/2138/674 2184/2139/675
f 2185/2098/676 2179/2094/671 2180/2137/416
f 2185/2098/676 2180/2137/416 2186/2140/412
f 2187/2100/677 2181/2096/672 2184/2139/675
f 2187/2100/677 2184/2139/675 2188/2141/410
f 2189/2102/678 2185/2098/676 2186/2140/412
f 2189/2102/678 2186/2140/412 2190/2142/679
f 2191/2104/405 2187/2100/677 2188/2141/410
f 2191/2104/405 2188/2141/410 2192/2143/680
f 2193/2106/681 2189/2102/678 2190/2142/679
f 2193/2106/681 2190/2142/679 2194/2144/402
f 2195/2108/682 2191/2104/405 2192/2143/680
f 2195/2108/682 2192/2143/680 2196/2145/400
f 2197/2039/683 2193/2106/681 2194/2144/402
f 2197/2039/683 2194/2144/402 2198/2146/684
f 2199/2043/685 2195/2108/682 2196/2145/400
f 2199/2043/685 2196/2145/400 2200/2147/394
f 2201/2148/686 2202/2149/687 2203/2150/398
f 2201/2148/686 2203/2150/398 2204/2151/688
f 2205/2044/689 2199/2043/685 2200/2147/394
f 2205/2044/689 2200/2147/394 2206/2152/690
f 2207/2153/691 2201/2148/686 2204/2151/688
f 2207/2153/691 2204/2151/688 2208/2154/692
f 2209/2052/381 2163/2051/657 2164/2126/388
f 2209/2052/381 2164/2126/388 2210/2155/382
f 2211/2156/379 2212/2157/693 2213/2158/694
f 2211/2156/379 2213/2158/694 2214/2159/380
f 2138/2056/638 2215/2048/695 2216/2160/696
f 2138/2056/638 2216/2160/696 2139/2109/639
f 2142/2058/642 2209/2052/381 2210/2155/382
f 2142/2058/642 2210/2155/382 2143/2111/374
f 2146/2114/644 2211/2156/379 2214/2159/380
f 2146/2114/644 2214/2159/380 2147/2115/370
f 2166/2127/659 2158/2121/432 2217/2161/470
f 2166/2127/659 2217/2161/470 2218/2162/466
f 2170/2129/663 2169/2128/662 2219/2163/469
f 2170/2129/663 2219/2163/469 2220/2164/697
f 2221/2165/468 2166/2127/659 2218/2162/466
f 2221/2165/468 2218/2162/466 2222/2166/467
f 2176/2134/668 2170/2129/663 2220/2164/697
f 2176/2134/668 2220/2164/697 2223/2167/698
f 2183/2138/674 2224/2168/463 2225/2169/699
f 2183/2138/674 2225/2169/699 2226/2170/700
f 2180/2137/416 2176/2134/668 2223/2167/698
f 2180/2137/416 2223/2167/698 2227/2171/460
f 2184/2139/675 2183/2138/674 2226/2170/700
f 2184/2139/675 2226/2170/700 2228/2172/459
f 2186/2140/412 2180/2137/416 2227/2171/460
f 2186/2140/412 2227/2171/460 2229/2173/701
f 2188/2141/410 2184/2139/675 2228/2172/459
f 2188/2141/410 2228/2172/459 2230/2174/702
f 2190/2142/679 2186/2140/412 2229/2173/701
f 2190/2142/679 2229/2173/701 2231/2175/703
f 2192/2143/680 2188/2141/410 2230/2174/702
f 2192/2143/680 2230/2174/702 2232/2176/455
f 2194/2144/402 2190/2142/679 2231/2175/703
f 2194/2144/402 2231/2175/703 2233/2177/704
f 2196/2145/400 2192/2143/680 2232/2176/455
f 2196/2145/400 2232/2176/455 2234/2178/453
f 2198/2146/684 2194/2144/402 2233/2177/704
f 2198/2146/684 2233/2177/704 2235/2179/705
f 2200/2147/394 2196/2145/400 2234/2178/453
f 2200/2147/394 2234/2178/453 2236/2180/706
f 2237/2181/452 2198/2146/684 2235/2179/705
f 2237/2181/452 2235/2179/705 2238/2182/451
f 2206/2152/690 2200/2147/394 2236/2180/706
f 2206/2152/690 2236/2180/706 2239/2183/707
f 2216/2160/696 2240/2184/708 2241/2185/709
f 2216/2160/696 2241/2185/709 2242/2186/710
f 2210/2155/382 2164/2126/388 2243/2187/711
f 2210/2155/382 2243/2187/711 2244/2188/486
f 2245/2189/712 2206/2152/690 2239/2183/707
f 2245/2189/712 2239/2183/707 2246/2190/713
f 2139/2109/639 2216/2160/696 2242/2186/710
f 2139/2109/639 2242/2186/710 2247/2191/483
f 2143/2111/374 2210/2155/382 2244/2188/486
f 2143/2111/374 2244/2188/486 2248/2192/482
f 2249/2193/714 2250/2194/715 2251/2195/716
f 2249/2193/714 2251/2195/716 2252/2196/481
f 2140/2110/640 2139/2109/639 2247/2191/483
f 2140/2110/640 2247/2191/483 2253/2197/717
f 2144/2112/375 2143/2111/374 2248/2192/482
f 2144/2112/375 2248/2192/482 2254/2198/718
f 2155/2119/652 2249/2193/714 2252/2196/481
f 2155/2119/652 2252/2196/481 2255/2199/719
f 2150/2117/647 2140/2110/640 2253/2197/717
f 2150/2117/647 2253/2197/717 2256/2200/720
f 2152/2118/649 2144/2112/375 2254/2198/718
f 2152/2118/649 2254/2198/718 2257/2201/473
f 2156/2120/653 2155/2119/652 2255/2199/719
f 2156/2120/653 2255/2199/719 2258/2202/471
f 2158/2121/432 2150/2117/647 2256/2200/720
f 2158/2121/432 2256/2200/720 2217/2161/470
f 2259/2203/721 2152/2118/649 2257/2201/473
f 2259/2203/721 2257/2201/473 2260/2204/722
f 2164/2126/388 2156/2120/653 2258/2202/471
f 2164/2126/388 2258/2202/471 2243/2187/711
f 2228/2172/459 2226/2170/700 2261/2205/14
f 2228/2172/459 2261/2205/14 2262/2206/12
f 2229/2173/701 2227/2171/460 2263/2207/13
f 2229/2173/701 2263/2207/13 2264/2208/11
f 2230/2174/702 2228/2172/459 2262/2206/12
f 2230/2174/702 2262/2206/12 2265/2209/10
f 2231/2175/703 2229/2173/701 2264/2208/11
f 2231/2175/703 2264/2208/11 2266/2210/243
f 2232/2176/455 2230/2174/702 2265/2209/10
f 2232/2176/455 2265/2209/10 2267/2211/8
f 2233/2177/704 2231/2175/703 2266/2210/243
f 2233/2177/704 2266/2210/243 2268/2212/198
f 2234/2178/453 2232/2176/455 2267/2211/8
f 2234/2178/453 2267/2211/8 2269/2213/6
f 2235/2179/705 2233/2177/704 2268/2212/198
f 2235/2179/705 2268/2212/198 2270/2214/5
f 2236/2180/706 2234/2178/453 2269/2213/6
f 2236/2180/706 2269/2213/6 2271/2215/723
f 2238/2182/451 2235/2179/705 2270/2214/5
f 2238/2182/451 2270/2214/5 2272/2216/724
f 2239/2183/707 2236/2180/706 2271/2215/723
f 2239/2183/707 2271/2215/723 2273/2217/4
f 2242/2186/710 2241/2185/709 2274/2218/79
f 2242/2186/710 2274/2218/79 2275/2219/505
f 2244/2188/486 2243/2187/711 2276/2220/186
f 2244/2188/486 2276/2220/186 2277/2221/297
f 2246/2190/713 2239/2183/707 2273/2217/4
f 2246/2190/713 2273/2217/4 2278/2222/37
f 2247/2191/483 2242/2186/710 2275/2219/505
f 2247/2191/483 2275/2219/505 2279/2223/725
f 2248/2192/482 2244/2188/486 2277/2221/297
f 2248/2192/482 2277/2221/297 2280/2224/33
f 2252/2196/481 2251/2195/716 2281/2225/37
f 2252/2196/481 2281/2225/37 2282/2226/189
f 2253/2197/717 2247/2191/483 2279/2223/725
f 2253/2197/717 2279/2223/725 2283/2227/30
f 2254/2198/718 2248/2192/482 2280/2224/33
f 2254/2198/718 2280/2224/33 2284/2228/78
f 2255/2199/719 2252/2196/481 2282/2226/189
f 2255/2199/719 2282/2226/189 2285/2229/27
f 2256/2200/720 2253/2197/717 2283/2227/30
f 2256/2200/720 2283/2227/30 2286/2230/26
f 2257/2201/473 2254/2198/718 2284/2228/78
f 2257/2201/473 2284/2228/78 2287/2231/549
f 2258/2202/471 2255/2199/719 2285/2229/27
f 2258/2202/471 2285/2229/27 2288/2232/23
f 2217/2161/470 2256/2200/720 2286/2230/26
f 2217/2161/470 2286/2230/26 2289/2233/352
f 2260/2204/722 2257/2201/473 2287/2231/549
f 2260/2204/722 2287/2231/549 2290/2234/19
f 2243/2187/711 2258/2202/471 2288/2232/23
f 2243/2187/711 2288/2232/23 2276/2220/186
f 2218/2162/466 2217/2161/470 2289/2233/352
f 2218/2162/466 2289/2233/352 2291/2235/18
f 2220/2164/697 2219/2163/469 2292/2236/85
f 2220/2164/697 2292/2236/85 2293/2237/82
f 2222/2166/467 2218/2162/466 2291/2235/18
f 2222/2166/467 2291/2235/18 2294/2238/219
f 2223/2167/698 2220/2164/697 2293/2237/82
f 2223/2167/698 2293/2237/82 2295/2239/15
f 2226/2170/700 2225/2169/699 2296/2240/16
f 2226/2170/700 2296/2240/16 2261/2205/14
f 2227/2171/460 2223/2167/698 2295/2239/15
f 2227/2171/460 2295/2239/15 2263/2207/13
s 0
f 2297/2241/202 2298/2242/202 2299/2243/202
f 2297/2241/202 2299/2243/202 2300/2244/202
f 2301/2245/203 2302/2246/203 2303/2247/203
f 2301/2245/206 2303/2247/206 2304/2248/206
f 2305/2249/203 2297/2241/203 2300/2244/203
f 2305/2249/202 2300/2244/202 2306/2250/202
f 2307/2251/206 2301/2245/206 2304/2248/206
f 2307/2251/206 2304/2248/206 2308/2252/206
f 2309/2253/203 2305/2249/203 2306/2250/203
f 2309/2253/202 2306/2250/202 2310/2254/202
f 2311/2255/203 2307/2251/203 2308/2252/203
f 2311/2255/203 2308/2252/203 2312/2256/203
f 2313/2257/203 2314/2258/203 2315/2259/203
f 2313/2257/202 2315/2259/202 2316/2260/202
f 2317/2261/207 2309/2253/207 2310/2254/207
f 2317/2261/202 2310/2254/202 2318/2262/202
f 2319/2263/202 2311/2255/202 2312/2256/202
f 2319/2263/202 2312/2256/202 2320/2264/202
f 2321/2265/203 2313/2257/203 2316/2260/203
f 2321/2265/203 2316/2260/203 2322/2266/203
f 2323/2267/203 2317/2261/203 2318/2262/203
f 2323/2267/202 2318/2262/202 2324/2268/202
f 2325/2269/202 2319/2263/202 2320/2264/202
f 2325/2269/203 2320/2264/203 2326/2270/203
f 2327/2271/206 2321/2265/206 2322/2266/206
f 2327/2271/206 2322/2266/206 2328/2272/206
f 2329/2273/207 2323/2267/207 2324/2268/207
f 2329/2273/206 2324/2268/206 2330/2274/206
f 2331/2275/206 2325/2269/206 2326/2270/206
f 2331/2275/206 2326/2270/206 2332/2276/206
f 2333/2277/207 2327/2271/207 2328/2272/207
f 2333/2277/202 2328/2272/202 2334/2278/202
f 2335/2279/203 2329/2273/203 2330/2274/203
f 2335/2279/206 2330/2274/206 2336/2280/206
f 2337/2281/202 2331/2275/202 2332/2276/202
f 2337/2281/206 2332/2276/206 2338/2282/206
f 2339/2283/207 2333/2277/207 2334/2278/207
f 2339/2283/202 2334/2278/202 2340/2284/202
f 2314/2258/202 2335/2279/202 2336/2280/202
f 2314/2258/203 2336/2280/203 2315/2259/203
f 2341/2285/206 2337/2281/206 2338/2282/206
f 2341/2285/203 2338/2282/203 2342/2286/203
f 2343/2287/206 2339/2283/206 2340/2284/206
f 2343/2287/203 2340/2284/203 2344/2288/203
f 2345/2289/203 2341/2285/203 2342/2286/203
f 2345/2289/203 2342/2286/203 2346/2290/203
f 2347/2291/206 2343/2287/206 2344/2288/206
f 2347/2291/207 2344/2288/207 2348/2292/207
f 2349/2293/202 2345/2289/202 2346/2290/202
f 2349/2293/206 2346/2290/206 2350/2294/206
f 2351/2295/203 2347/2291/203 2348/2292/203
f 2351/2295/207 2348/2292/207 2352/2296/207
f 2353/2297/207 2349/2293/207 2350/2294/207
f 2353/2297/207 2350/2294/207 2354/2298/207
f 2355/2299/207 2351/2295/207 2352/2296/207
f 2355/2299/203 2352/2296/203 2356/2300/203
f 2357/2301/202 2353/2297/202 2354/2298/202
f 2357/2301/207 2354/2298/207 2358/2302/207
f 2359/2303/202 2355/2299/202 2356/2300/202
f 2359/2303/206 2356/2300/206 2360/2304/206
f 2298/2242/202 2357/2301/202 2358/2302/202
f 2298/2242/206 2358/2302/206 2299/2243/206
f 2302/2246/207 2359/2303/207 2360/2304/207
f 2302/2246/203 2360/2304/203 2303/2247/203
s 1
f 2361/2305/37 2362/2306/4 2363/2307/4
f 2361/2305/37 2363/2307/4 2364/2308/37
f 2365/2309/34 2366/2310/2 2367/2311/2
f 2365/2309/34 2367/2311/2 2368/2312/506
f 2369/2313/77 2370/2314/36 2371/2315/36
f 2369/2313/77 2371/2315/36 2372/2316/77
f 2373/2317/726 2374/2318/35 2375/2319/37
f 2373/2317/726 2375/2319/37 2376/2320/189
f 2377/2321/31 2365/2309/34 2368/2312/506
f 2377/2321/31 2368/2312/506 2378/2322/30
f 2379/2323/78 2369/2313/77 2372/2316/77
f 2379/2323/78 2372/2316/77 2380/2324/78
f 2381/2325/27 2373/2317/726 2376/2320/189
f 2381/2325/27 2376/2320/189 2382/2326/27
f 2383/2327/26 2377/2321/31 2378/2322/30
f 2383/2327/26 2378/2322/30 2384/2328/26
f 2385/2329/24 2379/2323/78 2380/2324/78
f 2385/2329/24 2380/2324/78 2386/2330/24
f 2387/2331/23 2381/2325/27 2382/2326/27
f 2387/2331/23 2382/2326/27 2388/2332/23
f 2389/2333/20 2383/2327/26 2384/2328/26
f 2389/2333/20 2384/2328/26 2390/2334/86
f 2391/2335/19 2385/2329/24 2386/2330/24
f 2391/2335/19 2386/2330/24 2392/2336/19
f 2393/2337/22 2387/2331/23 2388/2332/23
f 2393/2337/22 2388/2332/23 2394/2338/21
f 2395/2339/18 2389/2333/20 2390/2334/86
f 2395/2339/18 2390/2334/86 2396/2340/83
f 2397/2341/82 2398/2342/85 2399/2343/19
f 2397/2341/82 2399/2343/19 2400/2344/550
f 2401/2345/16 2395/2339/18 2396/2340/83
f 2401/2345/16 2396/2340/83 2402/2346/184
f 2403/2347/15 2397/2341/82 2400/2344/550
f 2403/2347/15 2400/2344/550 2404/2348/15
f 2405/2349/489 2406/2350/219 2407/2351/16
f 2405/2349/489 2407/2351/16 2408/2352/14
f 2409/2353/13 2403/2347/15 2404/2348/15
f 2409/2353/13 2404/2348/15 2410/2354/13
f 2411/2355/12 2405/2349/489 2408/2352/14
f 2411/2355/12 2408/2352/14 2412/2356/12
f 2413/2357/200 2409/2353/13 2410/2354/13
f 2413/2357/200 2410/2354/13 2414/2358/11
f 2415/2359/10 2411/2355/12 2412/2356/12
f 2415/2359/10 2412/2356/12 2416/2360/10
f 2417/2361/243 2413/2357/200 2414/2358/11
f 2417/2361/243 2414/2358/11 2418/2362/9
f 2419/2363/8 2415/2359/10 2416/2360/10
f 2419/2363/8 2416/2360/10 2420/2364/8
f 2421/2365/215 2417/2361/243 2418/2362/9
f 2421/2365/215 2418/2362/9 2422/2366/7
f 2423/2367/6 2419/2363/8 2420/2364/8
f 2423/2367/6 2420/2364/8 2424/2368/6
f 2425/2369/5 2421/2365/215 2422/2366/7
f 2425/2369/5 2422/2366/7 2426/2370/5
f 2427/2371/723 2423/2367/6 2424/2368/6
f 2427/2371/723 2424/2368/6 2428/2372/3
f 2429/2373/79 2425/2369/5 2426/2370/5
f 2429/2373/79 2426/2370/5 2430/2374/79
f 2362/2306/4 2427/2371/723 2428/2372/3
f 2362/2306/4 2428/2372/3 2363/2307/4
f 2366/2310/2 2431/2375/1 2432/2376/1
f 2366/2310/2 2432/2376/1 2367/2311/2
f 2370/2314/36 2393/2337/22 2394/2338/21
f 2370/2314/36 2394/2338/21 2371/2315/36
f 2433/2377/78 2434/2378/77 2435/2379/33
f 2433/2377/78 2435/2379/33 2436/2380/78
f 2437/2381/12 2438/2382/489 2439/2383/489
f 2437/2381/12 2439/2383/489 2440/2384/12
f 2441/2385/24 2433/2377/78 2436/2380/78
f 2441/2385/24 2436/2380/78 2442/2386/24
f 2443/2387/10 2437/2381/12 2440/2384/12
f 2443/2387/10 2440/2384/12 2444/2388/10
f 2445/2389/19 2441/2385/24 2442/2386/24
f 2445/2389/19 2442/2386/24 2446/2390/25
f 2447/2391/8 2443/2387/10 2444/2388/10
f 2447/2391/8 2444/2388/10 2448/2392/8
f 2449/2393/82 2450/2394/85 2451/2395/25
f 2449/2393/82 2451/2395/25 2452/2396/82
f 2453/2397/6 2447/2391/8 2448/2392/8
f 2453/2397/6 2448/2392/8 2454/2398/6
f 2455/2399/15 2449/2393/82 2452/2396/82
f 2455/2399/15 2452/2396/82 2456/2400/15
f 2457/2401/3 2453/2397/6 2454/2398/6
f 2457/2401/3 2454/2398/6 2458/2402/3
f 2459/2403/13 2455/2399/15 2456/2400/15
f 2459/2403/13 2456/2400/15 2460/2404/13
f 2461/2405/4 2457/2401/3 2458/2402/3
f 2461/2405/4 2458/2402/3 2462/2406/4
f 2463/2407/11 2459/2403/13 2460/2404/13
f 2463/2407/11 2460/2404/13 2464/2408/11
f 2465/2409/37 2461/2405/4 2462/2406/4
f 2465/2409/37 2462/2406/4 2466/2410/37
f 2467/2411/9 2463/2407/11 2464/2408/11
f 2467/2411/9 2464/2408/11 2468/2412/9
f 2469/2413/32 2470/2414/37 2471/2415/37
f 2469/2413/32 2471/2415/37 2472/2416/32
f 2473/2417/7 2467/2411/9 2468/2412/9
f 2473/2417/7 2468/2412/9 2474/2418/7
f 2475/2419/188 2469/2413/32 2472/2416/32
f 2475/2419/188 2472/2416/32 2476/2420/27
f 2477/2421/26 2478/2422/30 2479/2423/503
f 2477/2421/26 2479/2423/503 2480/2424/26
f 2481/2425/5 2473/2417/7 2474/2418/7
f 2481/2425/5 2474/2418/7 2482/2426/5
f 2483/2427/23 2475/2419/188 2476/2420/27
f 2483/2427/23 2476/2420/27 2484/2428/23
f 2485/2429/86 2477/2421/26 2480/2424/26
f 2485/2429/86 2480/2424/26 2486/2430/86
f 2487/2431/79 2481/2425/5 2482/2426/5
f 2487/2431/79 2482/2426/5 2488/2432/1
f 2489/2433/22 2483/2427/23 2484/2428/23
f 2489/2433/22 2484/2428/23 2490/2434/727
f 2491/2435/18 2485/2429/86 2486/2430/86
f 2491/2435/18 2486/2430/86 2492/2436/83
f 2493/2437/505 2494/2438/79 2495/2439/79
f 2493/2437/505 2495/2439/79 2496/2440/505
f 2497/2441/36 2489/2433/22 2490/2434/727
f 2497/2441/36 2490/2434/727 2498/2442/36
f 2499/2443/84 2491/2435/18 2492/2436/83
f 2499/2443/84 2492/2436/83 2500/2444/184
f 2501/2445/34 2493/2437/505 2496/2440/505
f 2501/2445/34 2496/2440/505 2502/2446/34
f 2434/2378/77 2497/2441/36 2498/2442/36
f 2434/2378/77 2498/2442/36 2435/2379/33
f 2438/2382/489 2503/2447/16 2504/2448/16
f 2438/2382/489 2504/2448/16 2439/2383/489
f 2478/2422/30 2501/2445/34 2502/2446/34
f 2478/2422/30 2502/2446/34 2479/2423/503
f 2505/2449/66 2506/2450/68 2507/2451/68
f 2505/2449/66 2507/2451/68 2508/2452/66
f 2509/2453/50 2510/2454/728 2511/2455/54
f 2509/2453/50 2511/2455/54 2512/2456/50
f 2513/2457/49 2514/2458/53 2515/2459/53
f 2513/2457/49 2515/2459/53 2516/2460/49
f 2517/2461/64 2505/2449/66 2508/2452/66
f 2517/2461/64 2508/2452/66 2518/2462/64
f 2519/2463/44 2509/2453/50 2512/2456/50
f 2519/2463/44 2512/2456/50 2520/2464/45
f 2521/2465/41 2513/2457/49 2516/2460/49
f 2521/2465/41 2516/2460/49 2522/2466/42
f 2523/2467/61 2517/2461/64 2518/2462/64
f 2523/2467/61 2518/2462/64 2524/2468/729
f 2525/2469/46 2519/2463/44 2520/2464/45
f 2525/2469/46 2520/2464/45 2526/2470/46
f 2527/2471/43 2521/2465/41 2522/2466/42
f 2527/2471/43 2522/2466/42 2528/2472/43
f 2529/2473/493 2523/2467/61 2524/2468/729
f 2529/2473/493 2524/2468/729 2530/2474/493
f 2531/2475/58 2525/2469/46 2526/2470/46
f 2531/2475/58 2526/2470/46 2532/2476/58
f 2533/2477/76 2527/2471/43 2528/2472/43
f 2533/2477/76 2528/2472/43 2534/2478/76
f 2535/2479/495 2529/2473/493 2530/2474/493
f 2535/2479/495 2530/2474/493 2536/2480/56
f 2537/2481/55 2531/2475/58 2532/2476/58
f 2537/2481/55 2532/2476/58 2538/2482/55
f 2539/2483/74 2533/2477/76 2534/2478/76
f 2539/2483/74 2534/2478/76 2540/2484/74
f 2514/2458/53 2535/2479/495 2536/2480/56
f 2514/2458/53 2536/2480/56 2515/2459/53
f 2541/2485/51 2537/2481/55 2538/2482/55
f 2541/2485/51 2538/2482/55 2542/2486/51
f 2543/2487/71 2539/2483/74 2540/2484/74
f 2543/2487/71 2540/2484/74 2544/2488/71
f 2545/2489/47 2541/2485/51 2542/2486/51
f 2545/2489/47 2542/2486/51 2546/2490/47
f 2547/2491/69 2543/2487/71 2544/2488/71
f 2547/2491/69 2544/2488/71 2548/2492/69
f 2549/2493/39 2545/2489/47 2546/2490/47
f 2549/2493/39 2546/2490/47 2550/2494/38
f 2551/2495/501 2547/2491/69 2548/2492/69
f 2551/2495/501 2548/2492/69 2552/2496/501
f 2553/2497/730 2549/2493/39 2550/2494/38
f 2553/2497/730 2550/2494/38 2554/2498/40
f 2555/2499/65 2551/2495/501 2552/2496/501
f 2555/2499/65 2552/2496/501 2556/2500/502
f 2557/2501/75 2553/2497/730 2554/2498/40
f 2557/2501/75 2554/2498/40 2558/2502/75
f 2559/2503/63 2555/2499/65 2556/2500/502
f 2559/2503/63 2556/2500/502 2560/2504/63
f 2561/2505/72 2557/2501/75 2558/2502/75
f 2561/2505/72 2558/2502/75 2562/2506/72
f 2563/2507/60 2559/2503/63 2560/2504/63
f 2563/2507/60 2560/2504/63 2564/2508/60
f 2565/2509/70 2561/2505/72 2562/2506/72
f 2565/2509/70 2562/2506/72 2566/2510/70
f 2567/2511/57 2563/2507/60 2564/2508/60
f 2567/2511/57 2564/2508/60 2568/2512/57
f 2506/2450/68 2565/2509/70 2566/2510/70
f 2506/2450/68 2566/2510/70 2507/2451/68
f 2510/2454/728 2567/2511/57 2568/2512/57
f 2510/2454/728 2568/2512/57 2511/2455/54
f 2569/2513/2 2570/2514/79 2571/2515/79
f 2569/2513/2 2571/2515/79 2572/2516/2
f 2573/2517/36 2574/2518/635 2575/2519/22
f 2573/2517/36 2575/2519/22 2576/2520/209
f 2577/2521/16 2578/2522/83 2579/2523/83
f 2577/2521/16 2579/2523/83 2580/2524/184
f 2581/2525/34 2569/2513/2 2572/2516/2
f 2581/2525/34 2572/2516/2 2582/2526/34
f 2583/2527/33 2573/2517/36 2576/2520/209
f 2583/2527/33 2576/2520/209 2584/2528/77
f 2585/2529/14 2586/2530/16 2587/2531/16
f 2585/2529/14 2587/2531/16 2588/2532/489
f 2589/2533/30 2581/2525/34 2582/2526/34
f 2589/2533/30 2582/2526/34 2590/2534/30
f 2591/2535/29 2583/2527/33 2584/2528/77
f 2591/2535/29 2584/2528/77 2592/2536/78
f 2593/2537/81 2585/2529/14 2588/2532/489
f 2593/2537/81 2588/2532/489 2594/2538/81
f 2595/2539/24 2591/2535/29 2592/2536/78
f 2595/2539/24 2592/2536/78 2596/2540/24
f 2597/2541/10 2593/2537/81 2594/2538/81
f 2597/2541/10 2594/2538/81 2598/2542/10
f 2599/2543/25 2595/2539/24 2596/2540/24
f 2599/2543/25 2596/2540/24 2600/2544/19
f 2601/2545/8 2597/2541/10 2598/2542/10
f 2601/2545/8 2598/2542/10 2602/2546/8
f 2603/2547/17 2604/2548/25 2605/2549/25
f 2603/2547/17 2605/2549/25 2606/2550/82
f 2607/2551/6 2601/2545/8 2602/2546/8
f 2607/2551/6 2602/2546/8 2608/2552/6
f 2609/2553/15 2603/2547/17 2606/2550/82
f 2609/2553/15 2606/2550/82 2610/2554/15
f 2611/2555/3 2607/2551/6 2608/2552/6
f 2611/2555/3 2608/2552/6 2612/2556/3
f 2613/2557/13 2609/2553/15 2610/2554/15
f 2613/2557/13 2610/2554/15 2614/2558/13
f 2615/2559/4 2611/2555/3 2612/2556/3
f 2615/2559/4 2612/2556/3 2616/2560/4
f 2617/2561/11 2613/2557/13 2614/2558/13
f 2617/2561/11 2614/2558/13 2618/2562/11
f 2619/2563/37 2615/2559/4 2616/2560/4
f 2619/2563/37 2616/2560/4 2620/2564/37
f 2621/2565/9 2617/2561/11 2618/2562/11
f 2621/2565/9 2618/2562/11 2622/2566/9
f 2623/2567/189 2624/2568/35 2625/2569/491
f 2623/2567/189 2625/2569/491 2626/2570/32
f 2627/2571/7 2621/2565/9 2622/2566/9
f 2627/2571/7 2622/2566/9 2628/2572/80
f 2629/2573/28 2623/2567/189 2626/2570/32
f 2629/2573/28 2626/2570/32 2630/2574/28
f 2631/2575/187 2589/2533/30 2590/2534/30
f 2631/2575/187 2590/2534/30 2632/2576/26
f 2633/2577/5 2627/2571/7 2628/2572/80
f 2633/2577/5 2628/2572/80 2634/2578/5
f 2635/2579/87 2629/2573/28 2630/2574/28
f 2635/2579/87 2630/2574/28 2636/2580/731
f 2637/2581/86 2631/2575/187 2632/2576/26
f 2637/2581/86 2632/2576/26 2638/2582/20
f 2639/2583/1 2633/2577/5 2634/2578/5
f 2639/2583/1 2634/2578/5 2640/2584/1
f 2574/2518/635 2635/2579/87 2636/2580/731
f 2574/2518/635 2636/2580/731 2575/2519/22
f 2578/2522/83 2637/2581/86 2638/2582/20
f 2578/2522/83 2638/2582/20 2579/2523/83
f 2641/2585/128 2642/2586/134 2643/2587/732
f 2641/2585/128 2643/2587/732 2644/2588/129
f 2645/2589/102 2646/2590/106 2647/2591/107
f 2645/2589/102 2647/2591/107 2648/2592/103
f 2649/2593/120 2641/2585/128 2644/2588/129
f 2649/2593/120 2644/2588/129 2650/2594/733
f 2651/2595/98 2645/2589/102 2648/2592/103
f 2651/2595/98 2648/2592/103 2652/2596/99
f 2653/2597/116 2649/2593/120 2650/2594/733
f 2653/2597/116 2650/2594/733 2654/2598/734
f 2655/2599/92 2651/2595/98 2652/2596/99
f 2655/2599/92 2652/2596/99 2656/2600/93
f 2657/2601/112 2653/2597/116 2654/2598/734
f 2657/2601/112 2654/2598/734 2658/2602/735
f 2659/2603/95 2655/2599/92 2656/2600/93
f 2659/2603/95 2656/2600/93 2660/2604/94
f 2661/2605/511 2657/2601/112 2658/2602/735
f 2661/2605/511 2658/2602/735 2662/2606/512
f 2663/2607/150 2659/2603/95 2660/2604/94
f 2663/2607/150 2660/2604/94 2664/2608/151
f 2665/2609/104 2661/2605/511 2662/2606/512
f 2665/2609/104 2662/2606/512 2666/2610/105
f 2667/2611/144 2663/2607/150 2664/2608/151
f 2667/2611/144 2664/2608/151 2668/2612/145
f 2669/2613/100 2665/2609/104 2666/2610/105
f 2669/2613/100 2666/2610/105 2670/2614/101
f 2671/2615/520 2667/2611/144 2668/2612/145
f 2671/2615/520 2668/2612/145 2672/2616/139
f 2673/2617/96 2669/2613/100 2670/2614/101
f 2673/2617/96 2670/2614/101 2674/2618/97
f 2675/2619/132 2671/2615/520 2672/2616/139
f 2675/2619/132 2672/2616/139 2676/2620/736
f 2677/2621/130 2678/2622/136 2679/2623/137
f 2677/2621/130 2679/2623/137 2680/2624/131
f 2681/2625/88 2673/2617/96 2674/2618/97
f 2681/2625/88 2674/2618/97 2682/2626/737
f 2683/2627/124 2675/2619/132 2676/2620/736
f 2683/2627/124 2676/2620/736 2684/2628/125
f 2685/2629/122 2677/2621/130 2680/2624/131
f 2685/2629/122 2680/2624/131 2686/2630/123
f 2687/2631/91 2681/2625/88 2682/2626/737
f 2687/2631/91 2682/2626/737 2688/2632/738
f 2689/2633/127 2683/2627/124 2684/2628/125
f 2689/2633/127 2684/2628/125 2690/2634/518
f 2691/2635/118 2685/2629/122 2686/2630/123
f 2691/2635/118 2686/2630/123 2692/2636/119
f 2693/2637/739 2687/2631/91 2688/2632/738
f 2693/2637/739 2688/2632/738 2694/2638/149
f 2695/2639/740 2689/2633/127 2690/2634/518
f 2695/2639/740 2690/2634/518 2696/2640/741
f 2697/2641/114 2691/2635/118 2692/2636/119
f 2697/2641/114 2692/2636/119 2698/2642/115
f 2699/2643/142 2693/2637/739 2694/2638/149
f 2699/2643/142 2694/2638/149 2700/2644/742
f 2701/2645/140 2695/2639/740 2696/2640/741
f 2701/2645/140 2696/2640/741 2702/2646/141
f 2703/2647/110 2697/2641/114 2698/2642/115
f 2703/2647/110 2698/2642/115 2704/2648/111
f 2678/2622/136 2699/2643/142 2700/2644/742
f 2678/2622/136 2700/2644/742 2679/2623/137
f 2642/2586/134 2701/2645/140 2702/2646/141
f 2642/2586/134 2702/2646/141 2643/2587/732
f 2646/2590/106 2703/2647/110 2704/2648/111
f 2646/2590/106 2704/2648/111 2647/2591/107
f 2658/2602/735 2654/2598/734 2705/2649/160
f 2658/2602/735 2705/2649/160 2706/2650/158
f 2660/2604/94 2656/2600/93 2707/2651/743
f 2660/2604/94 2707/2651/743 2708/2652/179
f 2662/2606/512 2658/2602/735 2706/2650/158
f 2662/2606/512 2706/2650/158 2709/2653/744
f 2664/2608/151 2660/2604/94 2708/2652/179
f 2664/2608/151 2708/2652/179 2710/2654/177
f 2666/2610/105 2662/2606/512 2709/2653/744
f 2666/2610/105 2709/2653/744 2711/2655/526
f 2668/2612/145 2664/2608/151 2710/2654/177
f 2668/2612/145 2710/2654/177 2712/2656/745
f 2670/2614/101 2666/2610/105 2711/2655/526
f 2670/2614/101 2711/2655/526 2713/2657/153
f 2672/2616/139 2668/2612/145 2712/2656/745
f 2672/2616/139 2712/2656/745 2714/2658/746
f 2674/2618/97 2670/2614/101 2713/2657/153
f 2674/2618/97 2713/2657/153 2715/2659/747
f 2676/2620/736 2672/2616/139 2714/2658/746
f 2676/2620/736 2714/2658/746 2716/2660/168
f 2680/2624/131 2679/2623/137 2717/2661/748
f 2680/2624/131 2717/2661/748 2718/2662/167
f 2682/2626/737 2674/2618/97 2715/2659/747
f 2682/2626/737 2715/2659/747 2719/2663/180
f 2684/2628/125 2676/2620/736 2716/2660/168
f 2684/2628/125 2716/2660/168 2720/2664/164
f 2686/2630/123 2680/2624/131 2718/2662/167
f 2686/2630/123 2718/2662/167 2721/2665/541
f 2688/2632/738 2682/2626/737 2719/2663/180
f 2688/2632/738 2719/2663/180 2722/2666/749
f 2690/2634/518 2684/2628/125 2720/2664/164
f 2690/2634/518 2720/2664/164 2723/2667/534
f 2692/2636/119 2686/2630/123 2721/2665/541
f 2692/2636/119 2721/2665/541 2724/2668/750
f 2694/2638/149 2688/2632/738 2722/2666/749
f 2694/2638/149 2722/2666/749 2725/2669/751
f 2696/2640/741 2690/2634/518 2723/2667/534
f 2696/2640/741 2723/2667/534 2726/2670/175
f 2698/2642/115 2692/2636/119 2724/2668/750
f 2698/2642/115 2724/2668/750 2727/2671/159
f 2700/2644/742 2694/2638/149 2725/2669/751
f 2700/2644/742 2725/2669/751 2728/2672/173
f 2702/2646/141 2696/2640/741 2726/2670/175
f 2702/2646/141 2726/2670/175 2729/2673/536
f 2704/2648/111 2698/2642/115 2727/2671/159
f 2704/2648/111 2727/2671/159 2730/2674/157
f 2679/2623/137 2700/2644/742 2728/2672/173
f 2679/2623/137 2728/2672/173 2717/2661/748
f 2643/2587/732 2702/2646/141 2729/2673/536
f 2643/2587/732 2729/2673/536 2731/2675/752
f 2647/2591/107 2704/2648/111 2730/2674/157
f 2647/2591/107 2730/2674/157 2732/2676/753
f 2644/2588/129 2643/2587/732 2731/2675/752
f 2644/2588/129 2731/2675/752 2733/2677/754
f 2648/2592/103 2647/2591/107 2732/2676/753
f 2648/2592/103 2732/2676/753 2734/2678/525
f 2650/2594/733 2644/2588/129 2733/2677/754
f 2650/2594/733 2733/2677/754 2735/2679/162
f 2652/2596/99 2648/2592/103 2734/2678/525
f 2652/2596/99 2734/2678/525 2736/2680/527
f 2654/2598/734 2650/2594/733 2735/2679/162
f 2654/2598/734 2735/2679/162 2705/2649/160
f 2656/2600/93 2652/2596/99 2736/2680/527
f 2656/2600/93 2736/2680/527 2707/2651/743
f 2737/2681/362 2738/2682/11 2739/2683/200
f 2737/2681/362 2739/2683/200 2740/2684/243
f 2741/2685/190 2742/2686/35 2743/2687/239
f 2741/2685/190 2743/2687/239 2744/2688/32
f 2745/2689/198 2737/2681/362 2740/2684/243
f 2745/2689/198 2740/2684/243 2746/2690/80
f 2747/2691/188 2741/2685/190 2744/2688/32
f 2747/2691/188 2744/2688/32 2748/2692/188
f 2749/2693/224 2750/2694/30 2751/2695/30
f 2749/2693/224 2751/2695/30 2752/2696/26
f 2753/2697/5 2745/2689/198 2746/2690/80
f 2753/2697/5 2746/2690/80 2754/2698/5
f 2755/2699/755 2747/2691/188 2748/2692/188
f 2755/2699/755 2748/2692/188 2756/2700/185
f 2757/2701/756 2749/2693/224 2752/2696/26
f 2757/2701/756 2752/2696/26 2758/2702/352
f 2759/2703/79 2753/2697/5 2754/2698/5
f 2759/2703/79 2754/2698/5 2760/2704/1
f 2761/2705/757 2755/2699/755 2756/2700/185
f 2761/2705/757 2756/2700/185 2762/2706/557
f 2763/2707/291 2757/2701/756 2758/2702/352
f 2763/2707/291 2758/2702/352 2764/2708/236
f 2765/2709/210 2766/2710/79 2767/2711/1
f 2765/2709/210 2767/2711/1 2768/2712/210
f 2769/2713/194 2761/2705/757 2762/2706/557
f 2769/2713/194 2762/2706/557 2770/2714/558
f 2771/2715/758 2763/2707/291 2764/2708/236
f 2771/2715/758 2764/2708/236 2772/2716/16
f 2773/2717/34 2765/2709/210 2768/2712/210
f 2773/2717/34 2768/2712/210 2774/2718/34
f 2775/2719/33 2769/2713/194 2770/2714/558
f 2775/2719/33 2770/2714/558 2776/2720/77
f 2777/2721/14 2778/2722/16 2779/2723/16
f 2777/2721/14 2779/2723/16 2780/2724/14
f 2750/2694/30 2773/2717/34 2774/2718/34
f 2750/2694/30 2774/2718/34 2751/2695/30
f 2781/2725/78 2775/2719/33 2776/2720/77
f 2781/2725/78 2776/2720/77 2782/2726/29
f 2783/2727/12 2777/2721/14 2780/2724/14
f 2783/2727/12 2780/2724/14 2784/2728/12
f 2785/2729/24 2781/2725/78 2782/2726/29
f 2785/2729/24 2782/2726/29 2786/2730/222
f 2787/2731/199 2783/2727/12 2784/2728/12
f 2787/2731/199 2784/2728/12 2788/2732/199
f 2789/2733/19 2785/2729/24 2786/2730/222
f 2789/2733/19 2786/2730/222 2790/2734/25
f 2791/2735/8 2787/2731/199 2788/2732/199
f 2791/2735/8 2788/2732/199 2792/2736/8
f 2793/2737/82 2794/2738/85 2795/2739/25
f 2793/2737/82 2795/2739/25 2796/2740/220
f 2797/2741/6 2791/2735/8 2792/2736/8
f 2797/2741/6 2792/2736/8 2798/2742/759
f 2799/2743/598 2793/2737/82 2796/2740/220
f 2799/2743/598 2796/2740/220 2800/2744/15
f 2801/2745/3 2797/2741/6 2798/2742/759
f 2801/2745/3 2798/2742/759 2802/2746/723
f 2803/2747/13 2799/2743/598 2800/2744/15
f 2803/2747/13 2800/2744/15 2804/2748/13
f 2805/2749/4 2801/2745/3 2802/2746/723
f 2805/2749/4 2802/2746/723 2806/2750/760
f 2738/2682/11 2803/2747/13 2804/2748/13
f 2738/2682/11 2804/2748/13 2739/2683/200
f 2807/2751/37 2805/2749/4 2806/2750/760
f 2807/2751/37 2806/2750/760 2808/2752/761
s 0
f 2809/2753/202 2810/2754/202 2811/2755/202
f 2809/2753/203 2811/2755/203 2812/2756/203
f 2813/2757/202 2814/2758/202 2815/2759/202
f 2813/2757/206 2815/2759/206 2816/2760/206
f 2817/2761/207 2818/2762/207 2819/2763/207
f 2817/2761/202 2819/2763/202 2820/2764/202
f 2821/2765/203 2809/2753/203 2812/2756/203
f 2821/2765/202 2812/2756/202 2822/2766/202
f 2823/2767/202 2813/2757/202 2816/2760/202
f 2823/2767/206 2816/2760/206 2824/2768/206
f 2825/2769/202 2817/2761/202 2820/2764/202
f 2825/2769/203 2820/2764/203 2826/2770/203
f 2827/2771/202 2821/2765/202 2822/2766/202
f 2827/2771/207 2822/2766/207 2828/2772/207
f 2829/2773/207 2823/2767/207 2824/2768/207
f 2829/2773/207 2824/2768/207 2830/2774/207
f 2831/2775/202 2825/2769/202 2826/2770/202
f 2831/2775/202 2826/2770/202 2832/2776/202
f 2833/2777/203 2827/2771/203 2828/2772/203
f 2833/2777/206 2828/2772/206 2834/2778/206
f 2835/2779/202 2829/2773/202 2830/2774/202
f 2835/2779/203 2830/2774/203 2836/2780/203
f 2837/2781/203 2831/2775/203 2832/2776/203
f 2837/2781/202 2832/2776/202 2838/2782/202
f 2839/2783/206 2833/2777/206 2834/2778/206
f 2839/2783/203 2834/2778/203 2840/2784/203
f 2841/2785/762 2837/2781/762 2838/2782/762
f 2841/2785/206 2838/2782/206 2842/2786/206
f 2843/2787/207 2839/2783/207 2840/2784/207
f 2843/2787/202 2840/2784/202 2844/2788/202
f 2845/2789/763 2841/2785/763 2842/2786/763
f 2845/2789/762 2842/2786/762 2846/2790/762
f 2847/2791/203 2843/2787/203 2844/2788/203
f 2847/2791/206 2844/2788/206 2848/2792/206
f 2849/2793/207 2845/2789/207 2846/2790/207
f 2849/2793/763 2846/2790/763 2850/2794/763
f 2851/2795/206 2847/2791/206 2848/2792/206
f 2851/2795/207 2848/2792/207 2852/2796/207
f 2853/2797/202 2849/2793/202 2850/2794/202
f 2853/2797/203 2850/2794/203 2854/2798/203
f 2855/2799/203 2851/2795/203 2852/2796/203
f 2855/2799/202 2852/2796/202 2856/2800/202
f 2857/2801/207 2853/2797/207 2854/2798/207
f 2857/2801/764 2854/2798/764 2858/2802/764
f 2859/2803/207 2855/2799/207 2856/2800/207
f 2859/2803/203 2856/2800/203 2860/2804/203
f 2861/2805/202 2857/2801/202 2858/2802/202
f 2861/2805/207 2858/2802/207 2862/2806/207
f 2863/2807/203 2859/2803/203 2860/2804/203
f 2863/2807/206 2860/2804/206 2864/2808/206
f 2865/2809/202 2861/2805/202 2862/2806/202
f 2865/2809/207 2862/2806/207 2866/2810/207
f 2867/2811/202 2863/2807/202 2864/2808/202
f 2867/2811/203 2864/2808/203 2868/2812/203
f 2869/2813/203 2865/2809/203 2866/2810/203
f 2869/2813/765 2866/2810/765 2870/2814/765
f 2871/2815/202 2867/2811/202 2868/2812/202
f 2871/2815/206 2868/2812/206 2872/2816/206
f 2810/2754/202 2835/2779/202 2836/2780/202
f 2810/2754/206 2836/2780/206 2811/2755/206
f 2814/2758/206 2869/2813/206 2870/2814/206
f 2814/2758/203 2870/2814/203 2815/2759/203
f 2818/2762/206 2871/2815/206 2872/2816/206
f 2818/2762/202 2872/2816/202 2819/2763/202
s 1
f 2873/2817/489 2874/2818/219 2875/2819/16
f 2873/2817/489 2875/2819/16 2876/2820/14
f 2877/2821/503 2878/2822/192 2879/2823/191
f 2877/2821/503 2879/2823/191 2880/2824/30
f 2881/2825/78 2882/2826/33 2883/2827/296
f 2881/2825/78 2883/2827/296 2884/2828/29
f 2885/2829/81 2873/2817/489 2876/2820/14
f 2885/2829/81 2876/2820/14 2886/2830/81
f 2887/2831/24 2881/2825/78 2884/2828/29
f 2887/2831/24 2884/2828/29 2888/2832/24
f 2889/2833/199 2885/2829/81 2886/2830/81
f 2889/2833/199 2886/2830/81 2890/2834/10
f 2891/2835/19 2887/2831/24 2888/2832/24
f 2891/2835/19 2888/2832/24 2892/2836/19
f 2893/2837/8 2889/2833/199 2890/2834/10
f 2893/2837/8 2890/2834/10 2894/2838/8
f 2895/2839/220 2896/2840/85 2897/2841/766
f 2895/2839/220 2897/2841/766 2898/2842/17
f 2899/2843/6 2893/2837/8 2894/2838/8
f 2899/2843/6 2894/2838/8 2900/2844/6
f 2901/2845/15 2895/2839/220 2898/2842/17
f 2901/2845/15 2898/2842/17 2902/2846/15
f 2903/2847/3 2899/2843/6 2900/2844/6
f 2903/2847/3 2900/2844/6 2904/2848/3
f 2905/2849/13 2901/2845/15 2902/2846/15
f 2905/2849/13 2902/2846/15 2906/2850/13
f 2907/2851/760 2903/2847/3 2904/2848/3
f 2907/2851/760 2904/2848/3 2908/2852/299
f 2909/2853/11 2905/2849/13 2906/2850/13
f 2909/2853/11 2906/2850/13 2910/2854/11
f 2911/2855/37 2907/2851/760 2908/2852/299
f 2911/2855/37 2908/2852/299 2912/2856/239
f 2913/2857/9 2909/2853/11 2910/2854/11
f 2913/2857/9 2910/2854/11 2914/2858/9
f 2915/2859/32 2916/2860/491 2917/2861/226
f 2915/2859/32 2917/2861/226 2918/2862/32
f 2919/2863/7 2913/2857/9 2914/2858/9
f 2919/2863/7 2914/2858/9 2920/2864/215
f 2921/2865/27 2915/2859/32 2918/2862/32
f 2921/2865/27 2918/2862/32 2922/2866/27
f 2923/2867/187 2877/2821/503 2880/2824/30
f 2923/2867/187 2880/2824/30 2924/2868/26
f 2925/2869/5 2919/2863/7 2920/2864/215
f 2925/2869/5 2920/2864/215 2926/2870/288
f 2927/2871/23 2921/2865/27 2922/2866/27
f 2927/2871/23 2922/2866/27 2928/2872/23
f 2929/2873/86 2923/2867/187 2924/2868/26
f 2929/2873/86 2924/2868/26 2930/2874/20
f 2931/2875/79 2925/2869/5 2926/2870/288
f 2931/2875/79 2926/2870/288 2932/2876/1
f 2933/2877/22 2927/2871/23 2928/2872/23
f 2933/2877/22 2928/2872/23 2934/2878/557
f 2935/2879/83 2929/2873/86 2930/2874/20
f 2935/2879/83 2930/2874/20 2936/2880/18
f 2937/2881/2 2938/2882/79 2939/2883/1
f 2937/2881/2 2939/2883/1 2940/2884/492
f 2941/2885/36 2933/2877/22 2934/2878/557
f 2941/2885/36 2934/2878/557 2942/2886/209
f 2943/2887/219 2935/2879/83 2936/2880/18
f 2943/2887/219 2936/2880/18 2944/2888/767
f 2878/2822/192 2937/2881/2 2940/2884/492
f 2878/2822/192 2940/2884/492 2879/2823/191
f 2882/2826/33 2941/2885/36 2942/2886/209
f 2882/2826/33 2942/2886/209 2883/2827/296
s 0
f 2945/2889/229 2946/2890/229 2947/2891/229
f 2945/2889/231 2947/2891/231 2948/2892/231
f 2949/2893/228 2950/2894/228 2951/2895/228
f 2949/2893/230 2951/2895/230 2952/2896/230
f 2953/2897/231 2945/2889/231 2948/2892/231
f 2953/2897/229 2948/2892/229 2954/2898/229
f 2955/2899/228 2949/2893/228 2952/2896/228
f 2955/2899/228 2952/2896/228 2956/2900/228
f 2957/2901/231 2953/2897/231 2954/2898/231
f 2957/2901/231 2954/2898/231 2958/2902/231
f 2959/2903/231 2955/2899/231 2956/2900/231
f 2959/2903/230 2956/2900/230 2960/2904/230
f 2961/2905/230 2957/2901/230 2958/2902/230
f 2961/2905/229 2958/2902/229 2962/2906/229
f 2963/2907/228 2959/2903/228 2960/2904/228
f 2963/2907/230 2960/2904/230 2964/2908/230
f 2965/2909/229 2961/2905/229 2962/2906/229
f 2965/2909/231 2962/2906/231 2966/2910/231
f 2967/2911/228 2963/2907/228 2964/2908/228
f 2967/2911/230 2964/2908/230 2968/2912/230
f 2969/2913/228 2965/2909/228 2966/2910/228
f 2969/2913/230 2966/2910/230 2970/2914/230
f 2971/2915/228 2967/2911/228 2968/2912/228
f 2971/2915/230 2968/2912/230 2972/2916/230
f 2973/2917/228 2969/2913/228 2970/2914/228
f 2973/2917/768 2970/2914/768 2974/2918/768
f 2975/2919/230 2976/2920/230 2977/2921/230
f 2975/2919/228 2977/2921/228 2978/2922/228
f 2979/2923/229 2971/2915/229 2972/2916/229
f 2979/2923/229 2972/2916/229 2980/2924/229
f 2981/2925/228 2973/2917/228 2974/2918/228
f 2981/2925/230 2974/2918/230 2982/2926/230
f 2983/2927/229 2975/2919/229 2978/2922/229
f 2983/2927/769 2978/2922/769 2984/2928/769
f 2985/2929/770 2979/2923/770 2980/2924/770
f 2985/2929/230 2980/2924/230 2986/2930/230
f 2987/2931/231 2981/2925/231 2982/2926/231
f 2987/2931/230 2982/2926/230 2988/2932/230
f 2989/2933/230 2983/2927/230 2984/2928/230
f 2989/2933/771 2984/2928/771 2990/2934/771
f 2991/2935/228 2985/2929/228 2986/2930/228
f 2991/2935/228 2986/2930/228 2992/2936/228
f 2993/2937/228 2987/2931/228 2988/2932/228
f 2993/2937/230 2988/2932/230 2994/2938/230
f 2995/2939/228 2989/2933/228 2990/2934/228
f 2995/2939/229 2990/2934/229 2996/2940/229
f 2997/2941/230 2991/2935/230 2992/2936/230
f 2997/2941/230 2992/2936/230 2998/2942/230
f 2999/2943/231 2993/2937/231 2994/2938/231
f 2999/2943/229 2994/2938/229 3000/2944/229
f 3001/2945/231 2995/2939/231 2996/2940/231
f 3001/2945/229 2996/2940/229 3002/2946/229
f 2976/2920/768 2997/2941/768 2998/2942/768
f 2976/2920/229 2998/2942/229 2977/2921/229
f 3003/2947/228 2999/2943/228 3000/2944/228
f 3003/2947/231 3000/2944/231 3004/2948/231
f 3005/2949/228 3001/2945/228 3002/2946/228
f 3005/2949/227 3002/2946/227 3006/2950/227
f 3007/2951/228 3003/2947/228 3004/2948/228
f 3007/2951/230 3004/2948/230 3008/2952/230
f 2946/2890/229 3005/2949/229 3006/2950/229
f 2946/2890/229 3006/2950/229 2947/2891/229
f 2950/2894/228 3007/2951/228 3008/2952/228
f 2950/2894/227 3008/2952/227 2951/2895/227
s 1
f 3009/2953/240 3010/2954/3 3011/2955/723
f 3009/2953/240 3011/2955/723 3012/2956/4
f 3013/2957/11 3014/2958/13 3015/2959/13
f 3013/2957/11 3015/2959/13 3016/2960/11
f 3017/2961/772 3009/2953/240 3012/2956/4
f 3017/2961/772 3012/2956/4 3018/2962/35
f 3019/2963/773 3013/2957/11 3016/2960/11
f 3019/2963/773 3016/2960/11 3020/2964/9
f 3021/2965/774 3022/2966/775 3023/2967/776
f 3021/2965/774 3023/2967/776 3024/2968/32
f 3025/2969/215 3019/2963/773 3020/2964/9
f 3025/2969/215 3020/2964/9 3026/2970/80
f 3027/2971/27 3021/2965/774 3024/2968/32
f 3027/2971/27 3024/2968/32 3028/2972/238
f 3029/2973/187 3030/2974/357 3031/2975/30
f 3029/2973/187 3031/2975/30 3032/2976/224
f 3033/2977/777 3025/2969/215 3026/2970/80
f 3033/2977/777 3026/2970/80 3034/2978/778
f 3035/2979/779 3027/2971/27 3028/2972/238
f 3035/2979/779 3028/2972/238 3036/2980/23
f 3037/2981/352 3029/2973/187 3032/2976/224
f 3037/2981/352 3032/2976/224 3038/2982/352
f 3039/2983/214 3033/2977/777 3034/2978/778
f 3039/2983/214 3034/2978/778 3040/2984/780
f 3041/2985/757 3035/2979/779 3036/2980/23
f 3041/2985/757 3036/2980/23 3042/2986/557
f 3043/2987/83 3037/2981/352 3038/2982/352
f 3043/2987/83 3038/2982/352 3044/2988/236
f 3045/2989/2 3046/2990/361 3047/2991/724
f 3045/2989/2 3047/2991/724 3048/2992/196
f 3049/2993/781 3041/2985/757 3042/2986/557
f 3049/2993/781 3042/2986/557 3050/2994/782
f 3051/2995/84 3043/2987/83 3044/2988/236
f 3051/2995/84 3044/2988/236 3052/2996/16
f 3053/2997/559 3045/2989/2 3048/2992/196
f 3053/2997/559 3048/2992/196 3054/2998/783
f 3055/2999/77 3049/2993/781 3050/2994/782
f 3055/2999/77 3050/2994/782 3056/3000/784
f 3057/3001/785 3058/3002/16 3059/3003/364
f 3057/3001/785 3059/3003/364 3060/3004/14
f 3030/2974/357 3053/2997/559 3054/2998/783
f 3030/2974/357 3054/2998/783 3031/2975/30
f 3061/3005/29 3055/2999/77 3056/3000/784
f 3061/3005/29 3056/3000/784 3062/3006/78
f 3063/3007/12 3057/3001/785 3060/3004/14
f 3063/3007/12 3060/3004/14 3064/3008/363
f 3065/3009/222 3061/3005/29 3062/3006/78
f 3065/3009/222 3062/3006/78 3066/3010/549
f 3067/3011/199 3063/3007/12 3064/3008/363
f 3067/3011/199 3064/3008/363 3068/3012/216
f 3069/3013/636 3065/3009/222 3066/3010/549
f 3069/3013/636 3066/3010/549 3070/3014/19
f 3071/3015/8 3067/3011/199 3068/3012/216
f 3071/3015/8 3068/3012/216 3072/3016/8
f 3073/3017/550 3074/3018/19 3075/3019/85
f 3073/3017/550 3075/3019/85 3076/3020/550
f 3077/3021/6 3071/3015/8 3072/3016/8
f 3077/3021/6 3072/3016/8 3078/3022/6
f 3079/3023/15 3073/3017/550 3076/3020/550
f 3079/3023/15 3076/3020/550 3080/3024/15
f 3010/2954/3 3077/3021/6 3078/3022/6
f 3010/2954/3 3078/3022/6 3011/2955/723
f 3014/2958/13 3079/3023/15 3080/3024/15
f 3014/2958/13 3080/3024/15 3015/2959/13
f 3081/3025/786 3082/3026/787 3083/3027/787
f 3081/3025/786 3083/3027/787 3084/3028/788
f 3085/3029/789 3086/3030/250 3087/3031/250
f 3085/3029/789 3087/3031/250 3088/3032/789
f 3089/3033/790 3090/3034/791 3091/3035/792
f 3089/3033/790 3091/3035/792 3092/3036/793
f 3093/3037/582 3081/3025/786 3084/3028/788
f 3093/3037/582 3084/3028/788 3094/3038/582
f 3095/3039/794 3085/3029/789 3088/3032/789
f 3095/3039/794 3088/3032/789 3096/3040/286
f 3097/3041/284 3089/3033/790 3092/3036/793
f 3097/3041/284 3092/3036/793 3098/3042/285
f 3099/3043/795 3093/3037/582 3094/3038/582
f 3099/3043/795 3094/3038/582 3100/3044/584
f 3101/3045/281 3097/3041/284 3098/3042/285
f 3101/3045/281 3098/3042/285 3102/3046/281
f 3103/3047/587 3099/3043/795 3100/3044/584
f 3103/3047/587 3100/3044/584 3104/3048/587
f 3105/3049/578 3101/3045/281 3102/3046/281
f 3105/3049/578 3102/3046/281 3106/3050/578
f 3107/3051/588 3103/3047/587 3104/3048/587
f 3107/3051/588 3104/3048/587 3108/3052/588
f 3109/3053/274 3105/3049/578 3106/3050/578
f 3109/3053/274 3106/3050/578 3110/3054/796
f 3111/3055/258 3107/3051/588 3108/3052/588
f 3111/3055/258 3108/3052/588 3112/3056/797
f 3113/3057/270 3109/3053/274 3110/3054/796
f 3113/3057/270 3110/3054/796 3114/3058/581
f 3115/3059/798 3111/3055/258 3112/3056/797
f 3115/3059/798 3112/3056/797 3116/3060/799
f 3117/3061/583 3113/3057/270 3114/3058/581
f 3117/3061/583 3114/3058/581 3118/3062/583
f 3119/3063/800 3115/3059/798 3116/3060/799
f 3119/3063/800 3116/3060/799 3120/3064/800
f 3121/3065/585 3117/3061/583 3118/3062/583
f 3121/3065/585 3118/3062/583 3122/3066/585
f 3123/3067/801 3119/3063/800 3120/3064/800
f 3123/3067/801 3120/3064/800 3124/3068/802
f 3125/3069/262 3121/3065/585 3122/3066/585
f 3125/3069/262 3122/3066/585 3126/3070/803
f 3127/3071/596 3123/3067/801 3124/3068/802
f 3127/3071/596 3124/3068/802 3128/3072/596
f 3129/3073/804 3125/3069/262 3126/3070/803
f 3129/3073/804 3126/3070/803 3130/3074/804
f 3131/3075/575 3127/3071/596 3128/3072/596
f 3131/3075/575 3128/3072/596 3132/3076/576
f 3133/3077/577 3095/3039/794 3096/3040/286
f 3133/3077/577 3096/3040/286 3134/3078/282
f 3135/3079/257 3129/3073/804 3130/3074/804
f 3135/3079/257 3130/3074/804 3136/3080/257
f 3137/3081/574 3131/3075/575 3132/3076/576
f 3137/3081/574 3132/3076/576 3138/3082/574
f 3139/3083/278 3133/3077/577 3134/3078/282
f 3139/3083/278 3134/3078/282 3140/3084/805
f 3141/3085/806 3135/3079/257 3136/3080/257
f 3141/3085/806 3136/3080/257 3142/3086/807
f 3143/3087/579 3137/3081/574 3138/3082/574
f 3143/3087/579 3138/3082/574 3144/3088/579
f 3082/3026/787 3139/3083/278 3140/3084/805
f 3082/3026/787 3140/3084/805 3083/3027/787
f 3086/3030/250 3141/3085/806 3142/3086/807
f 3086/3030/250 3142/3086/807 3087/3031/250
f 3090/3034/791 3143/3087/579 3144/3088/579
f 3090/3034/791 3144/3088/579 3091/3035/792
f 3145/3089/216 3146/3090/81 3147/3091/217
f 3145/3089/216 3147/3091/217 3148/3092/10
f 3149/3093/85 3150/3094/24 3151/3095/808
f 3149/3093/85 3151/3095/808 3152/3096/636
f 3153/3097/8 3145/3089/216 3148/3092/10
f 3153/3097/8 3148/3092/10 3154/3098/8
f 3155/3099/220 3156/3100/25 3157/3101/25
f 3155/3099/220 3157/3101/25 3158/3102/17
f 3159/3103/242 3153/3097/8 3154/3098/8
f 3159/3103/242 3154/3098/8 3160/3104/242
f 3161/3105/289 3155/3099/220 3158/3102/17
f 3161/3105/289 3158/3102/17 3162/3106/15
f 3163/3107/809 3159/3103/242 3160/3104/242
f 3163/3107/809 3160/3104/242 3164/3108/287
f 3165/3109/13 3161/3105/289 3162/3106/15
f 3165/3109/13 3162/3106/15 3166/3110/13
f 3167/3111/197 3163/3107/809 3164/3108/287
f 3167/3111/197 3164/3108/287 3168/3112/299
f 3169/3113/11 3165/3109/13 3166/3110/13
f 3169/3113/11 3166/3110/13 3170/3114/11
f 3171/3115/35 3167/3111/197 3168/3112/299
f 3171/3115/35 3168/3112/299 3172/3116/37
f 3173/3117/362 3169/3113/11 3170/3114/11
f 3173/3117/362 3170/3114/11 3174/3118/362
f 3175/3119/32 3176/3120/35 3177/3121/37
f 3175/3119/32 3177/3121/37 3178/3122/32
f 3179/3123/215 3173/3117/362 3174/3118/362
f 3179/3123/215 3174/3118/362 3180/3124/215
f 3181/3125/28 3175/3119/32 3178/3122/32
f 3181/3125/28 3178/3122/32 3182/3126/28
f 3183/3127/26 3184/3128/30 3185/3129/30
f 3183/3127/26 3185/3129/30 3186/3130/187
f 3187/3131/778 3179/3123/215 3180/3124/215
f 3187/3131/778 3180/3124/215 3188/3132/5
f 3189/3133/23 3181/3125/28 3182/3126/28
f 3189/3133/23 3182/3126/28 3190/3134/185
f 3191/3135/292 3183/3127/26 3186/3130/187
f 3191/3135/292 3186/3130/187 3192/3136/86
f 3193/3137/810 3187/3131/778 3188/3132/5
f 3193/3137/810 3188/3132/5 3194/3138/79
f 3195/3139/557 3189/3133/23 3190/3134/185
f 3195/3139/557 3190/3134/185 3196/3140/186
f 3197/3141/83 3191/3135/292 3192/3136/86
f 3197/3141/83 3192/3136/86 3198/3142/811
f 3199/3143/492 3200/3144/812 3201/3145/1
f 3199/3143/492 3201/3145/1 3202/3146/2
f 3203/3147/36 3195/3139/557 3196/3140/186
f 3203/3147/36 3196/3140/186 3204/3148/194
f 3205/3149/813 3197/3141/83 3198/3142/811
f 3205/3149/813 3198/3142/811 3206/3150/758
f 3207/3151/34 3199/3143/492 3202/3146/2
f 3207/3151/34 3202/3146/2 3208/3152/192
f 3209/3153/77 3203/3147/36 3204/3148/194
f 3209/3153/77 3204/3148/194 3210/3154/33
f 3211/3155/218 3212/3156/184 3213/3157/219
f 3211/3155/218 3213/3157/219 3214/3158/218
f 3184/3128/30 3207/3151/34 3208/3152/192
f 3184/3128/30 3208/3152/192 3185/3129/30
f 3215/3159/29 3209/3153/77 3210/3154/33
f 3215/3159/29 3210/3154/33 3216/3160/814
f 3146/3090/81 3211/3155/218 3214/3158/218
f 3146/3090/81 3214/3158/218 3147/3091/217
f 3150/3094/24 3215/3159/29 3216/3160/814
f 3150/3094/24 3216/3160/814 3151/3095/808
f 3217/3161/341 3218/3162/815 3219/3163/815
f 3217/3161/341 3219/3163/815 3220/3164/341
f 3221/3165/302 3222/3166/307 3223/3167/629
f 3221/3165/302 3223/3167/629 3224/3168/816
f 3225/3169/817 3217/3161/341 3220/3164/341
f 3225/3169/817 3220/3164/341 3226/3170/818
f 3227/3171/819 3221/3165/302 3224/3168/816
f 3227/3171/819 3224/3168/816 3228/3172/820
f 3229/3173/333 3225/3169/817 3226/3170/818
f 3229/3173/333 3226/3170/818 3230/3174/333
f 3231/3175/821 3227/3171/819 3228/3172/820
f 3231/3175/821 3228/3172/820 3232/3176/602
f 3233/3177/329 3229/3173/333 3230/3174/333
f 3233/3177/329 3230/3174/333 3234/3178/822
f 3235/3179/823 3231/3175/821 3232/3176/602
f 3235/3179/823 3232/3176/602 3236/3180/824
f 3237/3181/825 3233/3177/329 3234/3178/822
f 3237/3181/825 3234/3178/822 3238/3182/322
f 3239/3183/622 3240/3184/620 3241/3185/620
f 3239/3183/622 3241/3185/620 3242/3186/321
f 3243/3187/826 3235/3179/823 3236/3180/824
f 3243/3187/826 3236/3180/824 3244/3188/343
f 3245/3189/827 3237/3181/825 3238/3182/322
f 3245/3189/827 3238/3182/322 3246/3190/828
f 3247/3191/829 3239/3183/622 3242/3186/321
f 3247/3191/829 3242/3186/321 3248/3192/829
f 3249/3193/830 3243/3187/826 3244/3188/343
f 3249/3193/830 3244/3188/343 3250/3194/831
f 3251/3195/318 3245/3189/827 3246/3190/828
f 3251/3195/318 3246/3190/828 3252/3196/832
f 3253/3197/833 3247/3191/829 3248/3192/829
f 3253/3197/833 3248/3192/829 3254/3198/834
f 3255/3199/835 3249/3193/830 3250/3194/831
f 3255/3199/835 3250/3194/831 3256/3200/836
f 3257/3201/616 3251/3195/318 3252/3196/832
f 3257/3201/616 3252/3196/832 3258/3202/837
f 3259/3203/309 3253/3197/833 3254/3198/834
f 3259/3203/309 3254/3198/834 3260/3204/309
f 3261/3205/838 3255/3199/835 3256/3200/836
f 3261/3205/838 3256/3200/836 3262/3206/331
f 3263/3207/839 3257/3201/616 3258/3202/837
f 3263/3207/839 3258/3202/837 3264/3208/840
f 3265/3209/305 3259/3203/309 3260/3204/309
f 3265/3209/305 3260/3204/309 3266/3210/841
f 3240/3184/620 3261/3205/838 3262/3206/331
f 3240/3184/620 3262/3206/331 3241/3185/620
f 3267/3211/842 3263/3207/839 3264/3208/840
f 3267/3211/842 3264/3208/840 3268/3212/324
f 3269/3213/300 3265/3209/305 3266/3210/841
f 3269/3213/300 3266/3210/841 3270/3214/300
f 3271/3215/319 3267/3211/842 3268/3212/324
f 3271/3215/319 3268/3212/324 3272/3216/843
f 3273/3217/844 3269/3213/300 3270/3214/300
f 3273/3217/844 3270/3214/300 3274/3218/844
f 3275/3219/845 3271/3215/319 3272/3216/843
f 3275/3219/845 3272/3216/843 3276/3220/846
f 3277/3221/347 3273/3217/844 3274/3218/844
f 3277/3221/347 3274/3218/844 3278/3222/347
f 3279/3223/847 3275/3219/845 3276/3220/846
f 3279/3223/847 3276/3220/846 3280/3224/848
f 3218/3162/815 3277/3221/347 3278/3222/347
f 3218/3162/815 3278/3222/347 3219/3163/815
f 3222/3166/307 3279/3223/847 3280/3224/848
f 3222/3166/307 3280/3224/848 3223/3167/629
f 3281/3225/32 3282/3226/37 3283/3227/37
f 3281/3225/32 3283/3227/37 3284/3228/189
f 3285/3229/849 3286/3230/850 3287/3231/362
f 3285/3229/849 3287/3231/362 3288/3232/80
f 3289/3233/27 3281/3225/32 3284/3228/189
f 3289/3233/27 3284/3228/189 3290/3234/188
f 3291/3235/187 3292/3236/357 3293/3237/30
f 3291/3235/187 3293/3237/30 3294/3238/567
f 3295/3239/5 3285/3229/849 3288/3232/80
f 3295/3239/5 3288/3232/80 3296/3240/778
f 3297/3241/353 3289/3233/27 3290/3234/188
f 3297/3241/353 3290/3234/188 3298/3242/779
f 3299/3243/20 3291/3235/187 3294/3238/567
f 3299/3243/20 3294/3238/567 3300/3244/20
f 3301/3245/79 3295/3239/5 3296/3240/778
f 3301/3245/79 3296/3240/778 3302/3246/241
f 3303/3247/851 3297/3241/353 3298/3242/779
f 3303/3247/851 3298/3242/779 3304/3248/557
f 3305/3249/18 3299/3243/20 3300/3244/20
f 3305/3249/18 3300/3244/20 3306/3250/852
f 3307/3251/2 3308/3252/361 3309/3253/853
f 3307/3251/2 3309/3253/853 3310/3254/210
f 3311/3255/209 3303/3247/851 3304/3248/557
f 3311/3255/209 3304/3248/557 3312/3256/558
f 3313/3257/854 3305/3249/18 3306/3250/852
f 3313/3257/854 3306/3250/852 3314/3258/16
f 3315/3259/855 3307/3251/2 3310/3254/210
f 3315/3259/855 3310/3254/210 3316/3260/192
f 3317/3261/77 3311/3255/209 3312/3256/558
f 3317/3261/77 3312/3256/558 3318/3262/33
f 3319/3263/218 3320/3264/219 3321/3265/184
f 3319/3263/218 3321/3265/184 3322/3266/218
f 3292/3236/357 3315/3259/855 3316/3260/192
f 3292/3236/357 3316/3260/192 3293/3237/30
f 3323/3267/29 3317/3261/77 3318/3262/33
f 3323/3267/29 3318/3262/33 3324/3268/78
f 3325/3269/363 3319/3263/218 3322/3266/218
f 3325/3269/363 3322/3266/218 3326/3270/201
f 3327/3271/856 3323/3267/29 3324/3268/78
f 3327/3271/856 3324/3268/78 3328/3272/568
f 3329/3273/857 3325/3269/363 3326/3270/201
f 3329/3273/857 3326/3270/201 3330/3274/10
f 3331/3275/237 3327/3271/856 3328/3272/568
f 3331/3275/237 3328/3272/568 3332/3276/85
f 3333/3277/8 3329/3273/857 3330/3274/10
f 3333/3277/8 3330/3274/10 3334/3278/8
f 3335/3279/17 3336/3280/19 3337/3281/25
f 3335/3279/17 3337/3281/25 3338/3282/220
f 3339/3283/242 3333/3277/8 3334/3278/8
f 3339/3283/242 3334/3278/8 3340/3284/242
f 3341/3285/15 3335/3279/17 3338/3282/220
f 3341/3285/15 3338/3282/220 3342/3286/15
f 3343/3287/3 3339/3283/242 3340/3284/242
f 3343/3287/3 3340/3284/242 3344/3288/287
f 3345/3289/13 3341/3285/15 3342/3286/15
f 3345/3289/13 3342/3286/15 3346/3290/13
f 3347/3291/760 3343/3287/3 3344/3288/287
f 3347/3291/760 3344/3288/287 3348/3292/299
f 3349/3293/11 3345/3289/13 3346/3290/13
f 3349/3293/11 3346/3290/13 3350/3294/858
f 3351/3295/193 3347/3291/760 3348/3292/299
f 3351/3295/193 3348/3292/299 3352/3296/37
f 3286/3230/850 3349/3293/11 3350/3294/858
f 3286/3230/850 3350/3294/858 3287/3231/362
f 3353/3248/657 3354/3242/435 3355/3297/859
f 3353/3248/657 3355/3297/859 3356/3298/388
f 3357/3250/860 3358/3244/654 3359/3299/861
f 3357/3250/860 3359/3299/861 3360/3300/659
f 3361/3301/862 3362/3302/863 3363/3303/864
f 3361/3301/862 3363/3303/864 3364/3304/865
f 3365/3256/866 3353/3248/657 3356/3298/388
f 3365/3256/866 3356/3298/388 3366/3305/867
f 3367/3306/664 3368/3307/868 3369/3308/869
f 3367/3306/664 3369/3308/869 3370/3309/870
f 3371/3260/871 3372/3254/872 3373/3310/696
f 3371/3260/871 3373/3310/696 3374/3311/639
f 3375/3262/642 3365/3256/866 3366/3305/867
f 3375/3262/642 3366/3305/867 3376/3312/374
f 3377/3313/873 3367/3306/664 3370/3309/870
f 3377/3313/873 3370/3309/870 3378/3314/874
f 3379/3237/365 3371/3260/871 3374/3311/639
f 3379/3237/365 3374/3311/639 3380/3315/875
f 3381/3268/876 3375/3262/642 3376/3312/374
f 3381/3268/876 3376/3312/374 3382/3316/375
f 3383/3270/877 3384/3266/878 3385/3317/879
f 3383/3270/877 3385/3317/879 3386/3318/675
f 3387/3272/444 3381/3268/876 3382/3316/375
f 3387/3272/444 3382/3316/375 3388/3319/880
f 3389/3274/881 3383/3270/877 3386/3318/675
f 3389/3274/881 3386/3318/675 3390/3320/882
f 3391/3321/883 3392/3322/884 3393/3323/885
f 3391/3321/883 3393/3323/885 3394/3324/886
f 3395/3278/887 3389/3274/881 3390/3320/882
f 3395/3278/887 3390/3320/882 3396/3325/680
f 3397/3282/888 3398/3281/661 3399/3326/889
f 3397/3282/888 3399/3326/889 3400/3327/663
f 3401/3284/890 3395/3278/887 3396/3325/680
f 3401/3284/890 3396/3325/680 3402/3328/400
f 3403/3286/891 3397/3282/888 3400/3327/663
f 3403/3286/891 3400/3327/663 3404/3329/420
f 3405/3288/892 3401/3284/890 3402/3328/400
f 3405/3288/892 3402/3328/400 3406/3330/893
f 3407/3290/894 3403/3286/891 3404/3329/420
f 3407/3290/894 3404/3329/420 3408/3331/895
f 3409/3292/896 3405/3288/892 3406/3330/893
f 3409/3292/896 3406/3330/893 3410/3332/897
f 3411/3294/898 3407/3290/894 3408/3331/895
f 3411/3294/898 3408/3331/895 3412/3333/412
f 3413/3334/899 3414/3335/900 3415/3336/901
f 3413/3334/899 3415/3336/901 3416/3337/902
f 3417/3231/903 3411/3294/898 3412/3333/412
f 3417/3231/903 3412/3333/412 3418/3338/679
f 3419/3339/904 3413/3334/899 3416/3337/902
f 3419/3339/904 3416/3337/902 3420/3340/905
f 3421/3232/401 3417/3231/903 3418/3338/679
f 3421/3232/401 3418/3338/679 3422/3341/402
f 3423/3342/906 3419/3339/904 3420/3340/905
f 3423/3342/906 3420/3340/905 3424/3343/907
f 3425/3238/908 3379/3237/365 3380/3315/875
f 3425/3238/908 3380/3315/875 3426/3344/367
f 3427/3240/909 3421/3232/401 3422/3341/402
f 3427/3240/909 3422/3341/402 3428/3345/910
f 3354/3242/435 3429/3234/441 3430/3346/652
f 3354/3242/435 3430/3346/652 3355/3297/859
f 3358/3244/654 3425/3238/908 3426/3344/367
f 3358/3244/654 3426/3344/367 3359/3299/861
f 3362/3302/863 3431/3347/911 3432/3348/912
f 3362/3302/863 3432/3348/912 3363/3303/864
f 3382/3316/375 3376/3312/374 3433/3349/482
f 3382/3316/375 3433/3349/482 3434/3350/718
f 3386/3318/675 3385/3317/879 3435/3351/461
f 3386/3318/675 3435/3351/461 3436/3352/459
f 3388/3319/880 3382/3316/375 3434/3350/718
f 3388/3319/880 3434/3350/718 3437/3353/473
f 3390/3320/882 3386/3318/675 3436/3352/459
f 3390/3320/882 3436/3352/459 3438/3354/457
f 3439/3355/913 3388/3319/880 3437/3353/473
f 3439/3355/913 3437/3353/473 3440/3356/722
f 3396/3325/680 3390/3320/882 3438/3354/457
f 3396/3325/680 3438/3354/457 3441/3357/455
f 3400/3327/663 3399/3326/889 3442/3358/914
f 3400/3327/663 3442/3358/914 3443/3359/465
f 3402/3328/400 3396/3325/680 3441/3357/455
f 3402/3328/400 3441/3357/455 3444/3360/453
f 3404/3329/420 3400/3327/663 3443/3359/465
f 3404/3329/420 3443/3359/465 3445/3361/915
f 3406/3330/893 3402/3328/400 3444/3360/453
f 3406/3330/893 3444/3360/453 3446/3362/448
f 3408/3331/895 3404/3329/420 3445/3361/915
f 3408/3331/895 3445/3361/915 3447/3363/460
f 3410/3332/897 3406/3330/893 3446/3362/448
f 3410/3332/897 3446/3362/448 3448/3364/916
f 3412/3333/412 3408/3331/895 3447/3363/460
f 3412/3333/412 3447/3363/460 3449/3365/458
f 3450/3366/488 3410/3332/897 3448/3364/916
f 3450/3366/488 3448/3364/916 3451/3367/917
f 3418/3338/679 3412/3333/412 3449/3365/458
f 3418/3338/679 3449/3365/458 3452/3368/456
f 3453/3369/714 3454/3370/484 3455/3371/485
f 3453/3369/714 3455/3371/485 3456/3372/918
f 3422/3341/402 3418/3338/679 3452/3368/456
f 3422/3341/402 3452/3368/456 3457/3373/454
f 3430/3346/652 3453/3369/714 3456/3372/918
f 3430/3346/652 3456/3372/918 3458/3374/919
f 3426/3344/367 3380/3315/875 3459/3375/717
f 3426/3344/367 3459/3375/717 3460/3376/920
f 3428/3345/910 3422/3341/402 3457/3373/454
f 3428/3345/910 3457/3373/454 3461/3377/921
f 3355/3297/859 3430/3346/652 3458/3374/919
f 3355/3297/859 3458/3374/919 3462/3378/471
f 3359/3299/861 3426/3344/367 3460/3376/920
f 3359/3299/861 3460/3376/920 3463/3379/922
f 3464/3380/923 3428/3345/910 3461/3377/921
f 3464/3380/923 3461/3377/921 3465/3381/451
f 3356/3298/388 3355/3297/859 3462/3378/471
f 3356/3298/388 3462/3378/471 3466/3382/924
f 3360/3300/659 3359/3299/861 3463/3379/922
f 3360/3300/659 3463/3379/922 3467/3383/925
f 3373/3310/696 3468/3384/926 3469/3385/709
f 3373/3310/696 3469/3385/709 3470/3386/710
f 3366/3305/867 3356/3298/388 3466/3382/924
f 3366/3305/867 3466/3382/924 3471/3387/486
f 3472/3388/468 3360/3300/659 3467/3383/925
f 3472/3388/468 3467/3383/925 3473/3389/927
f 3374/3311/639 3373/3310/696 3470/3386/710
f 3374/3311/639 3470/3386/710 3474/3390/483
f 3376/3312/374 3366/3305/867 3471/3387/486
f 3376/3312/374 3471/3387/486 3433/3349/482
f 3385/3317/879 3475/3391/463 3476/3392/928
f 3385/3317/879 3476/3392/928 3435/3351/461
f 3380/3315/875 3374/3311/639 3474/3390/483
f 3380/3315/875 3474/3390/483 3459/3375/717
f 3443/3359/465 3442/3358/914 3477/3393/85
f 3443/3359/465 3477/3393/85 3478/3394/17
f 3444/3360/453 3441/3357/455 3479/3395/8
f 3444/3360/453 3479/3395/8 3480/3396/6
f 3445/3361/915 3443/3359/465 3478/3394/17
f 3445/3361/915 3478/3394/17 3481/3397/15
f 3446/3362/448 3444/3360/453 3480/3396/6
f 3446/3362/448 3480/3396/6 3482/3398/211
f 3447/3363/460 3445/3361/915 3481/3397/15
f 3447/3363/460 3481/3397/15 3483/3399/13
f 3448/3364/916 3446/3362/448 3482/3398/211
f 3448/3364/916 3482/3398/211 3484/3400/4
f 3449/3365/458 3447/3363/460 3483/3399/13
f 3449/3365/458 3483/3399/13 3485/3401/11
f 3451/3367/917 3448/3364/916 3484/3400/4
f 3451/3367/917 3484/3400/4 3486/3402/226
f 3452/3368/456 3449/3365/458 3485/3401/11
f 3452/3368/456 3485/3401/11 3487/3403/9
f 3456/3372/918 3455/3371/485 3488/3404/37
f 3456/3372/918 3488/3404/37 3489/3405/189
f 3457/3373/454 3452/3368/456 3487/3403/9
f 3457/3373/454 3487/3403/9 3490/3406/929
f 3458/3374/919 3456/3372/918 3489/3405/189
f 3458/3374/919 3489/3405/189 3491/3407/566
f 3460/3376/920 3459/3375/717 3492/3408/225
f 3460/3376/920 3492/3408/225 3493/3409/187
f 3461/3377/921 3457/3373/454 3490/3406/929
f 3461/3377/921 3490/3406/929 3494/3410/5
f 3462/3378/471 3458/3374/919 3491/3407/566
f 3462/3378/471 3491/3407/566 3495/3411/930
f 3463/3379/922 3460/3376/920 3493/3409/187
f 3463/3379/922 3493/3409/187 3496/3412/86
f 3465/3381/451 3461/3377/921 3494/3410/5
f 3465/3381/451 3494/3410/5 3497/3413/554
f 3466/3382/924 3462/3378/471 3495/3411/930
f 3466/3382/924 3495/3411/930 3498/3414/635
f 3467/3383/925 3463/3379/922 3496/3412/86
f 3467/3383/925 3496/3412/86 3499/3415/811
f 3470/3386/710 3469/3385/709 3500/3416/1
f 3470/3386/710 3500/3416/1 3501/3417/298
f 3471/3387/486 3466/3382/924 3498/3414/635
f 3471/3387/486 3498/3414/635 3502/3418/209
f 3473/3389/927 3467/3383/925 3499/3415/811
f 3473/3389/927 3499/3415/811 3503/3419/16
f 3474/3390/483 3470/3386/710 3501/3417/298
f 3474/3390/483 3501/3417/298 3504/3420/191
f 3433/3349/482 3471/3387/486 3502/3418/209
f 3433/3349/482 3502/3418/209 3505/3421/490
f 3435/3351/461 3476/3392/928 3506/3422/16
f 3435/3351/461 3506/3422/16 3507/3423/14
f 3459/3375/717 3474/3390/483 3504/3420/191
f 3459/3375/717 3504/3420/191 3492/3408/225
f 3434/3350/718 3433/3349/482 3505/3421/490
f 3434/3350/718 3505/3421/490 3508/3424/29
f 3436/3352/459 3435/3351/461 3507/3423/14
f 3436/3352/459 3507/3423/14 3509/3425/12
f 3437/3353/473 3434/3350/718 3508/3424/29
f 3437/3353/473 3508/3424/29 3510/3426/24
f 3438/3354/457 3436/3352/459 3509/3425/12
f 3438/3354/457 3509/3425/12 3511/3427/10
f 3440/3356/722 3437/3353/473 3510/3426/24
f 3440/3356/722 3510/3426/24 3512/3428/237
f 3441/3357/455 3438/3354/457 3511/3427/10
f 3441/3357/455 3511/3427/10 3479/3395/8
s 0
f 3513/3429/203 3514/3430/203 3515/3431/203
f 3513/3429/202 3515/3431/202 3516/3432/202
f 3517/3433/202 3518/3434/202 3519/3435/202
f 3517/3433/206 3519/3435/206 3520/3436/206
f 3521/3437/203 3513/3429/203 3516/3432/203
f 3521/3437/202 3516/3432/202 3522/3438/202
f 3523/3439/203 3517/3433/203 3520/3436/203
f 3523/3439/207 3520/3436/207 3524/3440/207
f 3525/3441/203 3521/3437/203 3522/3438/203
f 3525/3441/207 3522/3438/207 3526/3442/207
f 3527/3443/206 3523/3439/206 3524/3440/206
f 3527/3443/202 3524/3440/202 3528/3444/202
f 3529/3445/202 3530/3446/202 3531/3447/202
f 3529/3445/206 3531/3447/206 3532/3448/206
f 3533/3449/202 3525/3441/202 3526/3442/202
f 3533/3449/203 3526/3442/203 3534/3450/203
f 3535/3451/203 3527/3443/203 3528/3444/203
f 3535/3451/202 3528/3444/202 3536/3452/202
f 3537/3453/202 3529/3445/202 3532/3448/202
f 3537/3453/206 3532/3448/206 3538/3454/206
f 3539/3455/207 3533/3449/207 3534/3450/207
f 3539/3455/206 3534/3450/206 3540/3456/206
f 3541/3457/202 3535/3451/202 3536/3452/202
f 3541/3457/203 3536/3452/203 3542/3458/203
f 3543/3459/207 3537/3453/207 3538/3454/207
f 3543/3459/202 3538/3454/202 3544/3460/202
f 3545/3461/202 3539/3455/202 3540/3456/202
f 3545/3461/202 3540/3456/202 3546/3462/202
f 3547/3463/206 3541/3457/206 3542/3458/206
f 3547/3463/202 3542/3458/202 3548/3464/202
f 3549/3465/206 3543/3459/206 3544/3460/206
f 3549/3465/207 3544/3460/207 3550/3466/207
f 3551/3467/203 3545/3461/203 3546/3462/203
f 3551/3467/206 3546/3462/206 3552/3468/206
f 3553/3469/206 3547/3463/206 3548/3464/206
f 3553/3469/206 3548/3464/206 3554/3470/206
f 3555/3471/206 3549/3465/206 3550/3466/206
f 3555/3471/202 3550/3466/202 3556/3472/202
f 3530/3446/202 3551/3467/202 3552/3468/202
f 3530/3446/203 3552/3468/203 3531/3447/203
f 3557/3473/203 3553/3469/203 3554/3470/203
f 3557/3473/207 3554/3470/207 3558/3474/207
f 3559/3475/206 3555/3471/206 3556/3472/206
f 3559/3475/203 3556/3472/203 3560/3476/203
f 3561/3477/203 3557/3473/203 3558/3474/203
f 3561/3477/206 3558/3474/206 3562/3478/206
f 3563/3479/202 3559/3475/202 3560/3476/202
f 3563/3479/206 3560/3476/206 3564/3480/206
f 3565/3481/207 3561/3477/207 3562/3478/207
f 3565/3481/207 3562/3478/207 3566/3482/207
f 3567/3483/207 3563/3479/207 3564/3480/207
f 3567/3483/202 3564/3480/202 3568/3484/202
f 3569/3485/206 3565/3481/206 3566/3482/206
f 3569/3485/207 3566/3482/207 3570/3486/207
f 3571/3487/203 3567/3483/203 3568/3484/203
f 3571/3487/206 3568/3484/206 3572/3488/206
f 3573/3489/203 3569/3485/203 3570/3486/203
f 3573/3489/202 3570/3486/202 3574/3490/202
f 3575/3491/207 3571/3487/207 3572/3488/207
f 3575/3491/207 3572/3488/207 3576/3492/207
f 3514/3430/203 3573/3489/203 3574/3490/203
f 3514/3430/206 3574/3490/206 3515/3431/206
f 3518/3434/206 3575/3491/206 3576/3492/206
f 3518/3434/207 3576/3492/207 3519/3435/207
s 1
f 3577/3493/5 3578/3494/215 3579/3495/215
f 3577/3493/5 3579/3495/215 3580/3496/5
f 3581/3497/87 3582/3498/27 3583/3499/188
f 3581/3497/87 3583/3499/188 3584/3500/221
f 3585/3501/20 3586/3502/187 3587/3503/26
f 3585/3501/20 3587/3503/26 3588/3504/931
f 3589/3505/79 3577/3493/5 3580/3496/5
f 3589/3505/79 3580/3496/5 3590/3506/79
f 3591/3507/186 3581/3497/87 3584/3500/221
f 3591/3507/186 3584/3500/221 3592/3508/22
f 3593/3509/83 3585/3501/20 3588/3504/931
f 3593/3509/83 3588/3504/931 3594/3510/18
f 3595/3511/195 3596/3512/1 3597/3513/724
f 3595/3511/195 3597/3513/724 3598/3514/505
f 3599/3515/36 3591/3507/186 3592/3508/22
f 3599/3515/36 3592/3508/22 3600/3516/297
f 3601/3517/16 3593/3509/83 3594/3510/18
f 3601/3517/16 3594/3510/18 3602/3518/219
f 3603/3519/506 3595/3511/195 3598/3514/505
f 3603/3519/506 3598/3514/505 3604/3520/34
f 3605/3521/33 3599/3515/36 3600/3516/297
f 3605/3521/33 3600/3516/297 3606/3522/77
f 3607/3523/489 3608/3524/16 3609/3525/16
f 3607/3523/489 3609/3525/16 3610/3526/489
f 3611/3527/31 3603/3519/506 3604/3520/34
f 3611/3527/31 3604/3520/34 3612/3528/31
f 3613/3529/78 3605/3521/33 3606/3522/77
f 3613/3529/78 3606/3522/77 3614/3530/78
f 3615/3531/81 3607/3523/489 3610/3526/489
f 3615/3531/81 3610/3526/489 3616/3532/81
f 3617/3533/222 3613/3529/78 3614/3530/78
f 3617/3533/222 3614/3530/78 3618/3534/24
f 3619/3535/10 3615/3531/81 3616/3532/81
f 3619/3535/10 3616/3532/81 3620/3536/10
f 3621/3537/237 3617/3533/222 3618/3534/24
f 3621/3537/237 3618/3534/24 3622/3538/25
f 3623/3539/8 3619/3535/10 3620/3536/10
f 3623/3539/8 3620/3536/10 3624/3540/8
f 3625/3541/82 3626/3542/25 3627/3543/351
f 3625/3541/82 3627/3543/351 3628/3544/17
f 3629/3545/242 3623/3539/8 3624/3540/8
f 3629/3545/242 3624/3540/8 3630/3546/6
f 3631/3547/15 3625/3541/82 3628/3544/17
f 3631/3547/15 3628/3544/17 3632/3548/15
f 3633/3549/3 3629/3545/242 3630/3546/6
f 3633/3549/3 3630/3546/6 3634/3550/3
f 3635/3551/13 3631/3547/15 3632/3548/15
f 3635/3551/13 3632/3548/15 3636/3552/13
f 3637/3553/4 3633/3549/3 3634/3550/3
f 3637/3553/4 3634/3550/3 3638/3554/4
f 3639/3555/11 3635/3551/13 3636/3552/13
f 3639/3555/11 3636/3552/13 3640/3556/11
f 3641/3557/37 3637/3553/4 3638/3554/4
f 3641/3557/37 3638/3554/4 3642/3558/37
f 3643/3559/362 3639/3555/11 3640/3556/11
f 3643/3559/362 3640/3556/11 3644/3560/9
f 3645/3561/189 3646/3562/37 3647/3563/37
f 3645/3561/189 3647/3563/37 3648/3564/189
f 3578/3494/215 3643/3559/362 3644/3560/9
f 3578/3494/215 3644/3560/9 3579/3495/215
f 3582/3498/27 3645/3561/189 3648/3564/189
f 3582/3498/27 3648/3564/189 3583/3499/188
f 3586/3502/187 3611/3527/31 3612/3528/31
f 3586/3502/187 3612/3528/31 3587/3503/26
f 3649/3565/32 3650/3566/32 3651/3567/27
f 3649/3565/32 3651/3567/27 3652/3568/27
f 3653/3569/9 3654/3570/9 3655/3571/215
f 3653/3569/9 3655/3571/215 3656/3572/215
f 3657/3573/35 3658/3574/35 3650/3566/32
f 3657/3573/35 3650/3566/32 3649/3565/32
f 3659/3575/11 3660/3576/11 3654/3570/9
f 3659/3575/11 3654/3570/9 3653/3569/9
f 3661/3577/197 3662/3578/197 3663/3579/37
f 3661/3577/197 3663/3579/37 3664/3580/208
f 3665/3581/13 3666/3582/13 3660/3576/11
f 3665/3581/13 3660/3576/11 3659/3575/11
f 3667/3583/3 3668/3584/3 3662/3578/197
f 3667/3583/3 3662/3578/197 3661/3577/197
f 3669/3585/15 3670/3586/15 3666/3582/13
f 3669/3585/15 3666/3582/13 3665/3581/13
f 3671/3587/6 3672/3588/6 3668/3584/3
f 3671/3587/6 3668/3584/3 3667/3583/3
f 3673/3589/17 3674/3590/17 3670/3586/15
f 3673/3589/17 3670/3586/15 3669/3585/15
f 3675/3591/8 3676/3592/8 3672/3588/6
f 3675/3591/8 3672/3588/6 3671/3587/6
f 3677/3593/25 3678/3594/85 3674/3590/17
f 3677/3593/25 3674/3590/17 3673/3589/17
f 3679/3595/10 3680/3596/10 3676/3592/8
f 3679/3595/10 3676/3592/8 3675/3591/8
f 3681/3597/24 3682/3598/24 3683/3599/19
f 3681/3597/24 3683/3599/19 3684/3600/19
f 3685/3601/81 3686/3602/81 3680/3596/10
f 3685/3601/81 3680/3596/10 3679/3595/10
f 3687/3603/78 3688/3604/78 3682/3598/24
f 3687/3603/78 3682/3598/24 3681/3597/24
f 3689/3605/489 3690/3606/489 3686/3602/81
f 3689/3605/489 3686/3602/81 3685/3601/81
f 3691/3607/77 3692/3608/77 3688/3604/78
f 3691/3607/77 3688/3604/78 3687/3603/78
f 3693/3609/725 3694/3610/34 3695/3611/31
f 3693/3609/725 3695/3611/31 3696/3612/31
f 3697/3613/16 3698/3614/219 3690/3606/489
f 3697/3613/16 3690/3606/489 3689/3605/489
f 3699/3615/36 3700/3616/194 3692/3608/77
f 3699/3615/36 3692/3608/77 3691/3607/77
f 3701/3617/505 3702/3618/2 3694/3610/34
f 3701/3617/505 3694/3610/34 3693/3609/725
f 3703/3619/18 3704/3620/18 3705/3621/16
f 3703/3619/18 3705/3621/16 3706/3622/813
f 3707/3623/22 3708/3624/22 3700/3616/194
f 3707/3623/22 3700/3616/194 3699/3615/36
f 3709/3625/1 3710/3626/1 3702/3618/2
f 3709/3625/1 3702/3618/2 3701/3617/505
f 3711/3627/86 3712/3628/86 3704/3620/18
f 3711/3627/86 3704/3620/18 3703/3619/18
f 3713/3629/23 3714/3630/23 3708/3624/22
f 3713/3629/23 3708/3624/22 3707/3623/22
f 3715/3631/5 3716/3632/5 3717/3633/1
f 3715/3631/5 3717/3633/1 3718/3634/1
f 3719/3635/26 3720/3636/26 3712/3628/86
f 3719/3635/26 3712/3628/86 3711/3627/86
f 3652/3568/27 3651/3567/27 3714/3630/23
f 3652/3568/27 3714/3630/23 3713/3629/23
f 3656/3572/215 3655/3571/215 3716/3632/5
f 3656/3572/215 3716/3632/5 3715/3631/5
f 3696/3612/31 3695/3611/31 3720/3636/26
f 3696/3612/31 3720/3636/26 3719/3635/26
f 3721/3637/74 3722/3638/73 3723/3639/499
f 3721/3637/74 3723/3639/499 3724/3640/499
f 3725/3641/932 3726/3642/932 3727/3643/51
f 3725/3641/932 3727/3643/51 3728/3644/51
f 3729/3645/495 3730/3646/56 3731/3647/53
f 3729/3645/495 3731/3647/53 3732/3648/53
f 3733/3649/76 3734/3650/76 3722/3638/73
f 3733/3649/76 3722/3638/73 3721/3637/74
f 3735/3651/58 3736/3652/494 3726/3642/932
f 3735/3651/58 3726/3642/932 3725/3641/932
f 3737/3653/493 3738/3654/493 3730/3646/56
f 3737/3653/493 3730/3646/56 3729/3645/495
f 3739/3655/43 3740/3656/933 3734/3650/76
f 3739/3655/43 3734/3650/76 3733/3649/76
f 3741/3657/46 3742/3658/46 3736/3652/494
f 3741/3657/46 3736/3652/494 3735/3651/58
f 3743/3659/61 3744/3660/61 3738/3654/493
f 3743/3659/61 3738/3654/493 3737/3653/493
f 3745/3661/41 3746/3662/41 3740/3656/933
f 3745/3661/41 3740/3656/933 3739/3655/43
f 3747/3663/45 3748/3664/45 3742/3658/46
f 3747/3663/45 3742/3658/46 3741/3657/46
f 3749/3665/64 3750/3666/934 3744/3660/61
f 3749/3665/64 3744/3660/61 3743/3659/61
f 3751/3667/49 3752/3668/49 3746/3662/41
f 3751/3667/49 3746/3662/41 3745/3661/41
f 3753/3669/50 3754/3670/50 3748/3664/45
f 3753/3669/50 3748/3664/45 3747/3663/45
f 3755/3671/66 3756/3672/66 3750/3666/934
f 3755/3671/66 3750/3666/934 3749/3665/64
f 3732/3648/53 3731/3647/53 3752/3668/49
f 3732/3648/53 3752/3668/49 3751/3667/49
f 3757/3673/54 3758/3674/54 3754/3670/50
f 3757/3673/54 3754/3670/50 3753/3669/50
f 3759/3675/68 3760/3676/68 3756/3672/66
f 3759/3675/68 3756/3672/66 3755/3671/66
f 3761/3677/57 3762/3678/57 3758/3674/54
f 3761/3677/57 3758/3674/54 3757/3673/54
f 3763/3679/70 3764/3680/70 3760/3676/68
f 3763/3679/70 3760/3676/68 3759/3675/68
f 3765/3681/60 3766/3682/60 3762/3678/57
f 3765/3681/60 3762/3678/57 3761/3677/57
f 3767/3683/498 3768/3684/72 3764/3680/70
f 3767/3683/498 3764/3680/70 3763/3679/70
f 3769/3685/63 3770/3686/63 3766/3682/60
f 3769/3685/63 3766/3682/60 3765/3681/60
f 3771/3687/75 3772/3688/75 3768/3684/72
f 3771/3687/75 3768/3684/72 3767/3683/498
f 3773/3689/502 3774/3690/502 3770/3686/63
f 3773/3689/502 3770/3686/63 3769/3685/63
f 3775/3691/496 3776/3692/730 3772/3688/75
f 3775/3691/496 3772/3688/75 3771/3687/75
f 3777/3693/67 3778/3694/67 3774/3690/502
f 3777/3693/67 3774/3690/502 3773/3689/502
f 3779/3695/39 3780/3696/39 3776/3692/730
f 3779/3695/39 3776/3692/730 3775/3691/496
f 3781/3697/935 3782/3698/935 3778/3694/67
f 3781/3697/935 3778/3694/67 3777/3693/67
f 3783/3699/47 3784/3700/47 3780/3696/39
f 3783/3699/47 3780/3696/39 3779/3695/39
f 3724/3640/499 3723/3639/499 3782/3698/935
f 3724/3640/499 3782/3698/935 3781/3697/935
f 3728/3644/51 3727/3643/51 3784/3700/47
f 3728/3644/51 3784/3700/47 3783/3699/47
f 3785/3701/86 3786/3702/20 3787/3703/18
f 3785/3701/86 3787/3703/18 3788/3704/83
f 3789/3705/23 3790/3706/23 3791/3707/21
f 3789/3705/23 3791/3707/21 3792/3708/186
f 3793/3709/5 3794/3710/5 3795/3711/1
f 3793/3709/5 3795/3711/1 3796/3712/1
f 3797/3713/26 3798/3714/936 3786/3702/20
f 3797/3713/26 3786/3702/20 3785/3701/86
f 3799/3715/27 3800/3716/27 3790/3706/23
f 3799/3715/27 3790/3706/23 3789/3705/23
f 3801/3717/215 3802/3718/215 3794/3710/5
f 3801/3717/215 3794/3710/5 3793/3709/5
f 3803/3719/30 3804/3720/31 3798/3714/936
f 3803/3719/30 3798/3714/936 3797/3713/26
f 3805/3721/32 3806/3722/189 3800/3716/27
f 3805/3721/32 3800/3716/27 3799/3715/27
f 3807/3723/9 3808/3724/9 3802/3718/215
f 3807/3723/9 3802/3718/215 3801/3717/215
f 3809/3725/35 3810/3726/37 3806/3722/189
f 3809/3725/35 3806/3722/189 3805/3721/32
f 3811/3727/11 3812/3728/11 3808/3724/9
f 3811/3727/11 3808/3724/9 3807/3723/9
f 3813/3729/197 3814/3730/299 3815/3731/37
f 3813/3729/197 3815/3731/37 3816/3732/37
f 3817/3733/13 3818/3734/13 3812/3728/11
f 3817/3733/13 3812/3728/11 3811/3727/11
f 3819/3735/3 3820/3736/3 3814/3730/299
f 3819/3735/3 3814/3730/299 3813/3729/197
f 3821/3737/15 3822/3738/15 3818/3734/13
f 3821/3737/15 3818/3734/13 3817/3733/13
f 3823/3739/6 3824/3740/6 3820/3736/3
f 3823/3739/6 3820/3736/3 3819/3735/3
f 3825/3741/82 3826/3742/17 3822/3738/15
f 3825/3741/82 3822/3738/15 3821/3737/15
f 3827/3743/8 3828/3744/8 3824/3740/6
f 3827/3743/8 3824/3740/6 3823/3739/6
f 3829/3745/25 3830/3746/19 3826/3742/17
f 3829/3745/25 3826/3742/17 3825/3741/82
f 3831/3747/10 3832/3748/10 3828/3744/8
f 3831/3747/10 3828/3744/8 3827/3743/8
f 3833/3749/568 3834/3750/24 3835/3751/19
f 3833/3749/568 3835/3751/19 3836/3752/19
f 3837/3753/81 3838/3754/12 3832/3748/10
f 3837/3753/81 3832/3748/10 3831/3747/10
f 3839/3755/78 3840/3756/29 3834/3750/24
f 3839/3755/78 3834/3750/24 3833/3749/568
f 3841/3757/489 3842/3758/218 3838/3754/12
f 3841/3757/489 3838/3754/12 3837/3753/81
f 3843/3759/33 3844/3760/33 3840/3756/29
f 3843/3759/33 3840/3756/29 3839/3755/78
f 3845/3761/34 3846/3762/34 3804/3720/31
f 3845/3761/34 3804/3720/31 3803/3719/30
f 3847/3763/16 3848/3764/16 3842/3758/218
f 3847/3763/16 3842/3758/218 3841/3757/489
f 3849/3765/36 3850/3766/36 3844/3760/33
f 3849/3765/36 3844/3760/33 3843/3759/33
f 3851/3767/2 3852/3768/2 3846/3762/34
f 3851/3767/2 3846/3762/34 3845/3761/34
f 3788/3704/83 3787/3703/18 3853/3769/84
f 3788/3704/83 3853/3769/84 3854/3770/184
f 3792/3708/186 3791/3707/21 3850/3766/36
f 3792/3708/186 3850/3766/36 3849/3765/36
f 3855/3771/79 3856/3772/1 3852/3768/2
f 3855/3771/79 3852/3768/2 3851/3767/2
f 3857/3773/144 3858/3774/937 3859/3775/139
f 3857/3773/144 3859/3775/139 3860/3776/938
f 3861/3777/104 3862/3778/939 3863/3779/513
f 3861/3777/104 3863/3779/513 3864/3780/940
f 3865/3781/150 3866/3782/941 3858/3774/937
f 3865/3781/150 3858/3774/937 3857/3773/144
f 3867/3783/511 3868/3784/109 3862/3778/939
f 3867/3783/511 3862/3778/939 3861/3777/104
f 3869/3785/95 3870/3786/94 3866/3782/941
f 3869/3785/95 3866/3782/941 3865/3781/150
f 3871/3787/112 3872/3788/113 3868/3784/109
f 3871/3787/112 3868/3784/109 3867/3783/511
f 3873/3789/92 3874/3790/93 3870/3786/94
f 3873/3789/92 3870/3786/94 3869/3785/95
f 3875/3791/116 3876/3792/942 3872/3788/113
f 3875/3791/116 3872/3788/113 3871/3787/112
f 3877/3793/98 3878/3794/99 3874/3790/93
f 3877/3793/98 3874/3790/93 3873/3789/92
f 3879/3795/120 3880/3796/733 3876/3792/942
f 3879/3795/120 3876/3792/942 3875/3791/116
f 3881/3797/102 3882/3798/103 3878/3794/99
f 3881/3797/102 3878/3794/99 3877/3793/98
f 3883/3799/128 3884/3800/129 3880/3796/733
f 3883/3799/128 3880/3796/733 3879/3795/120
f 3885/3801/106 3886/3802/107 3882/3798/103
f 3885/3801/106 3882/3798/103 3881/3797/102
f 3887/3803/134 3888/3804/521 3884/3800/129
f 3887/3803/134 3884/3800/129 3883/3799/128
f 3889/3805/110 3890/3806/111 3886/3802/107
f 3889/3805/110 3886/3802/107 3885/3801/106
f 3891/3807/140 3892/3808/141 3888/3804/521
f 3891/3807/140 3888/3804/521 3887/3803/134
f 3893/3809/142 3894/3810/143 3895/3811/137
f 3893/3809/142 3895/3811/137 3896/3812/136
f 3897/3813/114 3898/3814/115 3890/3806/111
f 3897/3813/114 3890/3806/111 3889/3805/110
f 3899/3815/146 3900/3816/147 3892/3808/141
f 3899/3815/146 3892/3808/141 3891/3807/140
f 3901/3817/148 3902/3818/149 3894/3810/143
f 3901/3817/148 3894/3810/143 3893/3809/142
f 3903/3819/943 3904/3820/119 3898/3814/115
f 3903/3819/943 3898/3814/115 3897/3813/114
f 3905/3821/127 3906/3822/126 3900/3816/147
f 3905/3821/127 3900/3816/147 3899/3815/146
f 3907/3823/91 3908/3824/944 3902/3818/149
f 3907/3823/91 3902/3818/149 3901/3817/148
f 3909/3825/122 3910/3826/123 3904/3820/119
f 3909/3825/122 3904/3820/119 3903/3819/943
f 3911/3827/945 3912/3828/125 3906/3822/126
f 3911/3827/945 3906/3822/126 3905/3821/127
f 3913/3829/88 3914/3830/946 3908/3824/944
f 3913/3829/88 3908/3824/944 3907/3823/91
f 3915/3831/130 3916/3832/131 3910/3826/123
f 3915/3831/130 3910/3826/123 3909/3825/122
f 3917/3833/132 3918/3834/736 3912/3828/125
f 3917/3833/132 3912/3828/125 3911/3827/945
f 3919/3835/96 3920/3836/947 3914/3830/946
f 3919/3835/96 3914/3830/946 3913/3829/88
f 3896/3812/136 3895/3811/137 3916/3832/131
f 3896/3812/136 3916/3832/131 3915/3831/130
f 3860/3776/938 3859/3775/139 3918/3834/736
f 3860/3776/938 3918/3834/736 3917/3833/132
f 3864/3780/940 3863/3779/513 3920/3836/947
f 3864/3780/940 3920/3836/947 3919/3835/96
f 3874/3790/93 3921/3837/948 3922/3838/179
f 3874/3790/93 3922/3838/179 3870/3786/94
f 3876/3792/942 3923/3839/949 3924/3840/950
f 3876/3792/942 3924/3840/950 3872/3788/113
f 3878/3794/99 3925/3841/951 3921/3837/948
f 3878/3794/99 3921/3837/948 3874/3790/93
f 3880/3796/733 3926/3842/952 3923/3839/949
f 3880/3796/733 3923/3839/949 3876/3792/942
f 3882/3798/103 3927/3843/953 3925/3841/951
f 3882/3798/103 3925/3841/951 3878/3794/99
f 3884/3800/129 3928/3844/954 3926/3842/952
f 3884/3800/129 3926/3842/952 3880/3796/733
f 3886/3802/107 3929/3845/154 3927/3843/953
f 3886/3802/107 3927/3843/953 3882/3798/103
f 3888/3804/521 3930/3846/955 3928/3844/954
f 3888/3804/521 3928/3844/954 3884/3800/129
f 3890/3806/111 3931/3847/543 3929/3845/154
f 3890/3806/111 3929/3845/154 3886/3802/107
f 3892/3808/141 3932/3848/172 3930/3846/955
f 3892/3808/141 3930/3846/955 3888/3804/521
f 3894/3810/143 3933/3849/173 3934/3850/748
f 3894/3810/143 3934/3850/748 3895/3811/137
f 3898/3814/115 3935/3851/159 3931/3847/543
f 3898/3814/115 3931/3847/543 3890/3806/111
f 3900/3816/147 3936/3852/956 3932/3848/172
f 3900/3816/147 3932/3848/172 3892/3808/141
f 3902/3818/149 3937/3853/957 3933/3849/173
f 3902/3818/149 3933/3849/173 3894/3810/143
f 3904/3820/119 3938/3854/161 3935/3851/159
f 3904/3820/119 3935/3851/159 3898/3814/115
f 3906/3822/126 3939/3855/958 3936/3852/956
f 3906/3822/126 3936/3852/956 3900/3816/147
f 3908/3824/944 3940/3856/749 3937/3853/957
f 3908/3824/944 3937/3853/957 3902/3818/149
f 3910/3826/123 3941/3857/541 3938/3854/161
f 3910/3826/123 3938/3854/161 3904/3820/119
f 3912/3828/125 3942/3858/540 3939/3855/958
f 3912/3828/125 3939/3855/958 3906/3822/126
f 3914/3830/946 3943/3859/959 3940/3856/749
f 3914/3830/946 3940/3856/749 3908/3824/944
f 3916/3832/131 3944/3860/960 3941/3857/541
f 3916/3832/131 3941/3857/541 3910/3826/123
f 3918/3834/736 3945/3861/961 3942/3858/540
f 3918/3834/736 3942/3858/540 3912/3828/125
f 3920/3836/947 3946/3862/747 3943/3859/959
f 3920/3836/947 3943/3859/959 3914/3830/946
f 3895/3811/137 3934/3850/748 3944/3860/960
f 3895/3811/137 3944/3860/960 3916/3832/131
f 3859/3775/139 3947/3863/962 3945/3861/961
f 3859/3775/139 3945/3861/961 3918/3834/736
f 3863/3779/513 3948/3864/153 3946/3862/747
f 3863/3779/513 3946/3862/747 3920/3836/947
f 3858/3774/937 3949/3865/174 3947/3863/962
f 3858/3774/937 3947/3863/962 3859/3775/139
f 3862/3778/939 3950/3866/526 3948/3864/153
f 3862/3778/939 3948/3864/153 3863/3779/513
f 3866/3782/941 3951/3867/177 3949/3865/174
f 3866/3782/941 3949/3865/174 3858/3774/937
f 3868/3784/109 3952/3868/156 3950/3866/526
f 3868/3784/109 3950/3866/526 3862/3778/939
f 3870/3786/94 3922/3838/179 3951/3867/177
f 3870/3786/94 3951/3867/177 3866/3782/941
f 3872/3788/113 3924/3840/950 3952/3868/156
f 3872/3788/113 3952/3868/156 3868/3784/109
f 3953/3869/217 3954/3870/12 3955/3871/10
f 3953/3869/217 3955/3871/10 3956/3872/216
f 3957/3873/78 3958/3874/963 3959/3875/24
f 3957/3873/78 3959/3875/24 3960/3876/964
f 3961/3877/218 3962/3878/218 3954/3870/12
f 3961/3877/218 3954/3870/12 3953/3869/217
f 3963/3879/560 3964/3880/33 3958/3874/963
f 3963/3879/560 3958/3874/963 3957/3873/78
f 3965/3881/192 3966/3882/358 3967/3883/31
f 3965/3881/192 3967/3883/31 3968/3884/357
f 3969/3885/16 3970/3886/16 3962/3878/218
f 3969/3885/16 3962/3878/218 3961/3877/218
f 3971/3887/209 3972/3888/558 3964/3880/33
f 3971/3887/209 3964/3880/33 3963/3879/560
f 3973/3889/195 3974/3890/195 3966/3882/358
f 3973/3889/195 3966/3882/358 3965/3881/192
f 3975/3891/852 3976/3892/290 3977/3893/16
f 3975/3891/852 3977/3893/16 3978/3894/184
f 3979/3895/757 3980/3896/22 3972/3888/558
f 3979/3895/757 3972/3888/558 3971/3887/209
f 3981/3897/1 3982/3898/214 3974/3890/195
f 3981/3897/1 3974/3890/195 3973/3889/195
f 3983/3899/86 3984/3900/931 3976/3892/290
f 3983/3899/86 3976/3892/290 3975/3891/852
f 3985/3901/23 3986/3902/23 3980/3896/22
f 3985/3901/23 3980/3896/22 3979/3895/757
f 3987/3903/288 3988/3904/778 3989/3905/241
f 3987/3903/288 3989/3905/241 3990/3906/214
f 3991/3907/567 3992/3908/187 3984/3900/931
f 3991/3907/567 3984/3900/931 3983/3899/86
f 3993/3909/27 3994/3910/293 3986/3902/23
f 3993/3909/27 3986/3902/23 3985/3901/23
f 3995/3911/215 3996/3912/80 3988/3904/778
f 3995/3911/215 3988/3904/778 3987/3903/288
f 3968/3884/357 3967/3883/31 3992/3908/187
f 3968/3884/357 3992/3908/187 3991/3907/567
f 3997/3913/32 3998/3914/32 3994/3910/293
f 3997/3913/32 3994/3910/293 3993/3909/27
f 3999/3915/9 4000/3916/362 3996/3912/80
f 3999/3915/9 3996/3912/80 3995/3911/215
f 4001/3917/360 4002/3918/360 3998/3914/32
f 4001/3917/360 3998/3914/32 3997/3913/32
f 4003/3919/11 4004/3920/11 4000/3916/362
f 4003/3919/11 4000/3916/362 3999/3915/9
f 4005/3921/760 4006/3922/965 4007/3923/239
f 4005/3921/760 4007/3923/239 4008/3924/208
f 4009/3925/13 4010/3926/13 4004/3920/11
f 4009/3925/13 4004/3920/11 4003/3919/11
f 4011/3927/3 4012/3928/3 4006/3922/965
f 4011/3927/3 4006/3922/965 4005/3921/760
f 4013/3929/289 4014/3930/289 4010/3926/13
f 4013/3929/289 4010/3926/13 4009/3925/13
f 4015/3931/242 4016/3932/242 4012/3928/3
f 4015/3931/242 4012/3928/3 4011/3927/3
f 4017/3933/550 4018/3934/220 4014/3930/289
f 4017/3933/550 4014/3930/289 4013/3929/289
f 4019/3935/8 4020/3936/8 4016/3932/242
f 4019/3935/8 4016/3932/242 4015/3931/242
f 4021/3937/636 4022/3938/85 4018/3934/220
f 4021/3937/636 4018/3934/220 4017/3933/550
f 3956/3872/216 3955/3871/10 4020/3936/8
f 3956/3872/216 4020/3936/8 4019/3935/8
f 3960/3876/964 3959/3875/24 4023/3939/636
f 3960/3876/964 4023/3939/636 4024/3940/85
s 0
f 4025/3941/202 4026/3942/202 4027/3943/202
f 4025/3941/206 4027/3943/206 4028/3944/206
f 4029/3945/206 4030/3946/206 4031/3947/206
f 4029/3945/207 4031/3947/207 4032/3948/207
f 4033/3949/205 4034/3950/205 4035/3951/205
f 4033/3949/206 4035/3951/206 4036/3952/206
f 4037/3953/206 4038/3954/206 4026/3942/206
f 4037/3953/548 4026/3942/548 4025/3941/548
f 4039/3955/206 4040/3956/206 4030/3946/206
f 4039/3955/202 4030/3946/202 4029/3945/202
f 4041/3957/206 4042/3958/206 4034/3950/206
f 4041/3957/206 4034/3950/206 4033/3949/206
f 4043/3959/207 4044/3960/207 4038/3954/207
f 4043/3959/202 4038/3954/202 4037/3953/202
f 4045/3961/206 4046/3962/206 4040/3956/206
f 4045/3961/206 4040/3956/206 4039/3955/206
f 4047/3963/966 4048/3964/966 4042/3958/966
f 4047/3963/206 4042/3958/206 4041/3957/206
f 4049/3965/202 4050/3966/202 4044/3960/202
f 4049/3965/207 4044/3960/207 4043/3959/207
f 4051/3967/203 4052/3968/203 4046/3962/203
f 4051/3967/202 4046/3962/202 4045/3961/202
f 4053/3969/206 4054/3970/206 4048/3964/206
f 4053/3969/202 4048/3964/202 4047/3963/202
f 4055/3971/764 4056/3972/764 4050/3966/764
f 4055/3971/203 4050/3966/203 4049/3965/203
f 4057/3973/202 4058/3974/202 4054/3970/202
f 4057/3973/203 4054/3970/203 4053/3969/203
f 4059/3975/206 4060/3976/206 4056/3972/206
f 4059/3975/203 4056/3972/203 4055/3971/203
f 4061/3977/206 4062/3978/206 4058/3974/206
f 4061/3977/202 4058/3974/202 4057/3973/202
f 4063/3979/202 4064/3980/202 4060/3976/202
f 4063/3979/202 4060/3976/202 4059/3975/202
f 4065/3981/762 4066/3982/762 4062/3978/762
f 4065/3981/206 4062/3978/206 4061/3977/206
f 4067/3983/207 4068/3984/207 4064/3980/207
f 4067/3983/206 4064/3980/206 4063/3979/206
f 4069/3985/206 4070/3986/206 4066/3982/206
f 4069/3985/203 4066/3982/203 4065/3981/203
f 4071/3987/203 4072/3988/203 4068/3984/203
f 4071/3987/207 4068/3984/207 4067/3983/207
f 4073/3989/202 4074/3990/202 4070/3986/202
f 4073/3989/207 4070/3986/207 4069/3985/207
f 4075/3991/202 4076/3992/202 4072/3988/202
f 4075/3991/202 4072/3988/202 4071/3987/202
f 4077/3993/203 4078/3994/203 4074/3990/203
f 4077/3993/206 4074/3990/206 4073/3989/206
f 4079/3995/203 4080/3996/203 4076/3992/203
f 4079/3995/207 4076/3992/207 4075/3991/207
f 4081/3997/207 4082/3998/207 4078/3994/207
f 4081/3997/203 4078/3994/203 4077/3993/203
f 4083/3999/207 4084/4000/207 4080/3996/207
f 4083/3999/204 4080/3996/204 4079/3995/204
f 4085/4001/206 4086/4002/206 4082/3998/206
f 4085/4001/202 4082/3998/202 4081/3997/202
f 4087/4003/202 4088/4004/202 4084/4000/202
f 4087/4003/206 4084/4000/206 4083/3999/206
f 4028/3944/206 4027/3943/206 4052/3968/206
f 4028/3944/207 4052/3968/207 4051/3967/207
f 4032/3948/206 4031/3947/206 4086/4002/206
f 4032/3948/202 4086/4002/202 4085/4001/202
f 4036/3952/202 4035/3951/202 4088/4004/202
f 4036/3952/203 4088/4004/203 4087/4003/203
s 1
f 4089/4005/849 4090/4006/80 4091/4007/288
f 4089/4005/849 4091/4007/288 4092/4008/5
f 4093/4009/503 4094/4010/295 4095/4011/26
f 4093/4009/503 4095/4011/26 4096/4012/224
f 4097/4013/967 4098/4014/32 4099/4015/293
f 4097/4013/967 4099/4015/293 4100/4016/28
f 4101/4017/9 4102/4018/362 4090/4006/80
f 4101/4017/9 4090/4006/80 4089/4005/849
f 4103/4019/239 4104/4020/35 4098/4014/32
f 4103/4019/239 4098/4014/32 4097/4013/967
f 4105/4021/11 4106/4022/11 4102/4018/362
f 4105/4021/11 4102/4018/362 4101/4017/9
f 4107/4023/299 4108/4024/299 4109/4025/37
f 4107/4023/299 4109/4025/37 4110/4026/226
f 4111/4027/13 4112/4028/13 4106/4022/11
f 4111/4027/13 4106/4022/11 4105/4021/11
f 4113/4029/3 4114/4030/287 4108/4024/299
f 4113/4029/3 4108/4024/299 4107/4023/299
f 4115/4031/15 4116/4032/15 4112/4028/13
f 4115/4031/15 4112/4028/13 4111/4027/13
f 4117/4033/6 4118/4034/6 4114/4030/287
f 4117/4033/6 4114/4030/287 4113/4029/3
f 4119/4035/550 4120/4036/82 4116/4032/15
f 4119/4035/550 4116/4032/15 4115/4031/15
f 4121/4037/8 4122/4038/8 4118/4034/6
f 4121/4037/8 4118/4034/6 4117/4033/6
f 4123/4039/19 4124/4040/25 4120/4036/82
f 4123/4039/19 4120/4036/82 4119/4035/550
f 4125/4041/216 4126/4042/10 4122/4038/8
f 4125/4041/216 4122/4038/8 4121/4037/8
f 4127/4043/24 4128/4044/24 4129/4045/25
f 4127/4043/24 4129/4045/25 4130/4046/85
f 4131/4047/81 4132/4048/201 4126/4042/10
f 4131/4047/81 4126/4042/10 4125/4041/216
f 4133/4049/29 4134/4050/78 4128/4044/24
f 4133/4049/29 4128/4044/24 4127/4043/24
f 4135/4051/14 4136/4052/489 4132/4048/201
f 4135/4051/14 4132/4048/201 4131/4047/81
f 4137/4053/77 4138/4054/33 4134/4050/78
f 4137/4053/77 4134/4050/78 4133/4049/29
f 4139/4055/506 4140/4056/968 4094/4010/295
f 4139/4055/506 4094/4010/295 4093/4009/503
f 4141/4057/16 4142/4058/16 4136/4052/489
f 4141/4057/16 4136/4052/489 4135/4051/14
f 4143/4059/209 4144/4060/558 4138/4054/33
f 4143/4059/209 4138/4054/33 4137/4053/77
f 4145/4061/2 4146/4062/298 4140/4056/968
f 4145/4061/2 4140/4056/968 4139/4055/506
f 4147/4063/236 4148/4064/83 4149/4065/16
f 4147/4063/236 4149/4065/16 4150/4066/16
f 4151/4067/757 4152/4068/557 4144/4060/558
f 4151/4067/757 4144/4060/558 4143/4059/209
f 4153/4069/1 4154/4070/1 4146/4062/298
f 4153/4069/1 4146/4062/298 4145/4061/2
f 4155/4071/86 4156/4072/20 4148/4064/83
f 4155/4071/86 4148/4064/83 4147/4063/236
f 4157/4073/185 4158/4074/221 4152/4068/557
f 4157/4073/185 4152/4068/557 4151/4067/757
f 4092/4008/5 4091/4007/288 4159/4075/724
f 4092/4008/5 4159/4075/724 4160/4076/554
f 4096/4012/224 4095/4011/26 4156/4072/20
f 4096/4012/224 4156/4072/20 4155/4071/86
f 4100/4016/28 4099/4015/293 4158/4074/221
f 4100/4016/28 4158/4074/221 4157/4073/185
s 0
f 4161/4077/228 4162/4078/228 4163/4079/228
f 4161/4077/230 4163/4079/230 4164/4080/230
f 4165/4081/229 4166/4082/229 4167/4083/229
f 4165/4081/230 4167/4083/230 4168/4084/230
f 4169/4085/231 4170/4086/231 4162/4078/231
f 4169/4085/230 4162/4078/230 4161/4077/230
f 4171/4087/227 4172/4088/227 4166/4082/227
f 4171/4087/229 4166/4082/229 4165/4081/229
f 4173/4089/229 4174/4090/229 4170/4086/229
f 4173/4089/228 4170/4086/228 4169/4085/228
f 4175/4091/228 4176/4092/228 4172/4088/228
f 4175/4091/231 4172/4088/231 4171/4087/231
f 4177/4093/229 4178/4094/229 4174/4090/229
f 4177/4093/231 4174/4090/231 4173/4089/231
f 4179/4095/231 4180/4096/231 4176/4092/231
f 4179/4095/228 4176/4092/228 4175/4091/228
f 4181/4097/228 4182/4098/228 4178/4094/228
f 4181/4097/229 4178/4094/229 4177/4093/229
f 4183/4099/230 4184/4100/230 4180/4096/230
f 4183/4099/228 4180/4096/228 4179/4095/228
f 4185/4101/229 4186/4102/229 4182/4098/229
f 4185/4101/231 4182/4098/231 4181/4097/231
f 4187/4103/230 4188/4104/230 4184/4100/230
f 4187/4103/231 4184/4100/231 4183/4099/231
f 4189/4105/230 4190/4106/230 4186/4102/230
f 4189/4105/229 4186/4102/229 4185/4101/229
f 4191/4107/232 4192/4108/232 4193/4109/232
f 4191/4107/231 4193/4109/231 4194/4110/231
f 4195/4111/231 4196/4112/231 4188/4104/231
f 4195/4111/228 4188/4104/228 4187/4103/228
f 4197/4113/231 4198/4114/231 4190/4106/231
f 4197/4113/228 4190/4106/228 4189/4105/228
f 4199/4115/232 4200/4116/232 4192/4108/232
f 4199/4115/230 4192/4108/230 4191/4107/230
f 4201/4117/229 4202/4118/229 4196/4112/229
f 4201/4117/230 4196/4112/230 4195/4111/230
f 4203/4119/228 4204/4120/228 4198/4114/228
f 4203/4119/230 4198/4114/230 4197/4113/230
f 4205/4121/230 4206/4122/230 4200/4116/230
f 4205/4121/228 4200/4116/228 4199/4115/228
f 4207/4123/231 4208/4124/231 4202/4118/231
f 4207/4123/230 4202/4118/230 4201/4117/230
f 4209/4125/228 4210/4126/228 4204/4120/228
f 4209/4125/229 4204/4120/229 4203/4119/229
f 4211/4127/230 4212/4128/230 4206/4122/230
f 4211/4127/228 4206/4122/228 4205/4121/228
f 4213/4129/231 4214/4130/231 4208/4124/231
f 4213/4129/228 4208/4124/228 4207/4123/228
f 4215/4131/228 4216/4132/228 4210/4126/228
f 4215/4131/230 4210/4126/230 4209/4125/230
f 4217/4133/231 4218/4134/231 4212/4128/231
f 4217/4133/231 4212/4128/231 4211/4127/231
f 4194/4110/233 4193/4109/233 4214/4130/233
f 4194/4110/229 4214/4130/229 4213/4129/229
f 4219/4135/230 4220/4136/230 4216/4132/230
f 4219/4135/230 4216/4132/230 4215/4131/230
f 4221/4137/229 4222/4138/229 4218/4134/229
f 4221/4137/231 4218/4134/231 4217/4133/231
f 4223/4139/230 4224/4140/230 4220/4136/230
f 4223/4139/228 4220/4136/228 4219/4135/228
f 4164/4080/227 4163/4079/227 4222/4138/227
f 4164/4080/229 4222/4138/229 4221/4137/229
f 4168/4084/229 4167/4083/229 4224/4140/229
f 4168/4084/231 4224/4140/231 4223/4139/231
s 1
f 4225/4141/237 4226/4142/19 4227/4143/220
f 4225/4141/237 4227/4143/220 4228/4144/235
f 4229/4145/10 4230/4146/10 4231/4147/8
f 4229/4145/10 4231/4147/8 4232/4148/8
f 4233/4149/546 4234/4150/222 4235/4151/636
f 4233/4149/546 4235/4151/636 4236/4152/969
f 4237/4153/217 4238/4154/81 4230/4146/10
f 4237/4153/217 4230/4146/10 4229/4145/10
f 4239/4155/963 4240/4156/78 4234/4150/222
f 4239/4155/963 4234/4150/222 4233/4149/546
f 4241/4157/14 4242/4158/218 4238/4154/81
f 4241/4157/14 4238/4154/81 4237/4153/217
f 4243/4159/33 4244/4160/33 4240/4156/78
f 4243/4159/33 4240/4156/78 4239/4155/963
f 4245/4161/970 4246/4162/971 4247/4163/31
f 4245/4161/970 4247/4163/31 4248/4164/562
f 4249/4165/184 4250/4166/84 4242/4158/218
f 4249/4165/184 4242/4158/218 4241/4157/14
f 4251/4167/209 4252/4168/36 4244/4160/33
f 4251/4167/209 4244/4160/33 4243/4159/33
f 4253/4169/972 4254/4170/195 4246/4162/971
f 4253/4169/972 4246/4162/971 4245/4161/970
f 4255/4171/83 4256/4172/83 4257/4173/16
f 4255/4171/83 4257/4173/16 4258/4174/84
f 4259/4175/21 4260/4176/21 4252/4168/36
f 4259/4175/21 4252/4168/36 4251/4167/209
f 4261/4177/79 4262/4178/79 4254/4170/195
f 4261/4177/79 4254/4170/195 4253/4169/972
f 4263/4179/569 4264/4180/20 4256/4172/83
f 4263/4179/569 4256/4172/83 4255/4171/83
f 4265/4181/221 4266/4182/221 4260/4176/21
f 4265/4181/221 4260/4176/21 4259/4175/21
f 4267/4183/777 4268/4184/778 4269/4185/780
f 4267/4183/777 4269/4185/780 4270/4186/214
f 4271/4187/973 4272/4188/974 4264/4180/20
f 4271/4187/973 4264/4180/20 4263/4179/569
f 4273/4189/27 4274/4190/27 4266/4182/221
f 4273/4189/27 4266/4182/221 4265/4181/221
f 4275/4191/215 4276/4192/849 4268/4184/778
f 4275/4191/215 4268/4184/778 4267/4183/777
f 4248/4164/562 4247/4163/31 4272/4188/974
f 4248/4164/562 4272/4188/974 4271/4187/973
f 4277/4193/32 4278/4194/189 4274/4190/27
f 4277/4193/32 4274/4190/27 4273/4189/27
f 4279/4195/362 4280/4196/243 4276/4192/849
f 4279/4195/362 4276/4192/849 4275/4191/215
f 4281/4197/975 4282/4198/239 4278/4194/189
f 4281/4197/975 4278/4194/189 4277/4193/32
f 4283/4199/11 4284/4200/11 4280/4196/243
f 4283/4199/11 4280/4196/243 4279/4195/362
f 4285/4201/299 4286/4202/4 4287/4203/35
f 4285/4201/299 4287/4203/35 4288/4204/208
f 4289/4205/13 4290/4206/13 4284/4200/11
f 4289/4205/13 4284/4200/11 4283/4199/11
f 4291/4207/3 4292/4208/809 4286/4202/4
f 4291/4207/3 4286/4202/4 4285/4201/299
f 4293/4209/15 4294/4210/289 4290/4206/13
f 4293/4209/15 4290/4206/13 4289/4205/13
f 4295/4211/6 4296/4212/6 4292/4208/809
f 4295/4211/6 4292/4208/809 4291/4207/3
f 4228/4144/235 4227/4143/220 4294/4210/289
f 4228/4144/235 4294/4210/289 4293/4209/15
f 4232/4148/8 4231/4147/8 4296/4212/6
f 4232/4148/8 4296/4212/6 4295/4211/6
f 4297/4213/257 4298/4214/257 4299/4215/255
f 4297/4213/257 4299/4215/255 4300/4216/976
f 4301/4217/577 4302/4218/577 4303/4219/977
f 4301/4217/577 4303/4219/977 4304/4220/977
f 4305/4221/575 4306/4222/575 4307/4223/279
f 4305/4221/575 4307/4223/279 4308/4224/574
f 4309/4225/978 4310/4226/260 4298/4214/257
f 4309/4225/978 4298/4214/257 4297/4213/257
f 4311/4227/286 4312/4228/979 4302/4218/577
f 4311/4227/286 4302/4218/577 4301/4217/577
f 4313/4229/596 4314/4230/596 4306/4222/575
f 4313/4229/596 4306/4222/575 4305/4221/575
f 4315/4231/262 4316/4232/262 4310/4226/260
f 4315/4231/262 4310/4226/260 4309/4225/978
f 4317/4233/802 4318/4234/245 4314/4230/596
f 4317/4233/802 4314/4230/596 4313/4229/596
f 4319/4235/980 4320/4236/980 4316/4232/262
f 4319/4235/980 4316/4232/262 4315/4231/262
f 4321/4237/252 4322/4238/252 4318/4234/245
f 4321/4237/252 4318/4234/245 4317/4233/802
f 4323/4239/981 4324/4240/981 4320/4236/980
f 4323/4239/981 4320/4236/980 4319/4235/980
f 4325/4241/799 4326/4242/799 4322/4238/252
f 4325/4241/799 4322/4238/252 4321/4237/252
f 4327/4243/270 4328/4244/270 4324/4240/981
f 4327/4243/270 4324/4240/981 4323/4239/981
f 4329/4245/797 4330/4246/258 4326/4242/799
f 4329/4245/797 4326/4242/799 4325/4241/799
f 4331/4247/275 4332/4248/275 4328/4244/270
f 4331/4247/275 4328/4244/270 4327/4243/270
f 4333/4249/588 4334/4250/588 4330/4246/258
f 4333/4249/588 4330/4246/258 4329/4245/797
f 4335/4251/578 4336/4252/277 4332/4248/275
f 4335/4251/578 4332/4248/275 4331/4247/275
f 4337/4253/263 4338/4254/264 4334/4250/588
f 4337/4253/263 4334/4250/588 4333/4249/588
f 4339/4255/982 4340/4256/982 4336/4252/277
f 4339/4255/982 4336/4252/277 4335/4251/578
f 4341/4257/983 4342/4258/795 4338/4254/264
f 4341/4257/983 4338/4254/264 4337/4253/263
f 4343/4259/984 4344/4260/985 4340/4256/982
f 4343/4259/984 4340/4256/982 4339/4255/982
f 4345/4261/582 4346/4262/582 4342/4258/795
f 4345/4261/582 4342/4258/795 4341/4257/983
f 4347/4263/248 4348/4264/248 4344/4260/985
f 4347/4263/248 4344/4260/985 4343/4259/984
f 4349/4265/986 4350/4266/987 4312/4228/979
f 4349/4265/986 4312/4228/979 4311/4227/286
f 4351/4267/273 4352/4268/786 4346/4262/582
f 4351/4267/273 4346/4262/582 4345/4261/582
f 4353/4269/791 4354/4270/791 4348/4264/248
f 4353/4269/791 4348/4264/248 4347/4263/248
f 4355/4271/988 4356/4272/591 4350/4266/987
f 4355/4271/988 4350/4266/987 4349/4265/986
f 4357/4273/276 4358/4274/276 4352/4268/786
f 4357/4273/276 4352/4268/786 4351/4267/273
f 4359/4275/989 4360/4276/579 4354/4270/791
f 4359/4275/989 4354/4270/791 4353/4269/791
f 4300/4216/976 4299/4215/255 4356/4272/591
f 4300/4216/976 4356/4272/591 4355/4271/988
f 4304/4220/977 4303/4219/977 4358/4274/276
f 4304/4220/977 4358/4274/276 4357/4273/276
f 4308/4224/574 4307/4223/279 4360/4276/579
f 4308/4224/574 4360/4276/579 4359/4275/989
f 4361/4277/200 4362/4278/200 4363/4279/243
f 4361/4277/200 4363/4279/243 4364/4280/9
f 4365/4281/4 4366/4282/197 4367/4283/37
f 4365/4281/4 4367/4283/37 4368/4284/37
f 4369/4285/13 4370/4286/13 4362/4278/200
f 4369/4285/13 4362/4278/200 4361/4277/200
f 4371/4287/723 4372/4288/723 4366/4282/197
f 4371/4287/723 4366/4282/197 4365/4281/4
f 4373/4289/15 4374/4290/15 4370/4286/13
f 4373/4289/15 4370/4286/13 4369/4285/13
f 4375/4291/6 4376/4292/6 4372/4288/723
f 4375/4291/6 4372/4288/723 4371/4287/723
f 4377/4293/82 4378/4294/550 4374/4290/15
f 4377/4293/82 4374/4290/15 4373/4289/15
f 4379/4295/8 4380/4296/8 4376/4292/6
f 4379/4295/8 4376/4292/6 4375/4291/6
f 4381/4297/85 4382/4298/25 4378/4294/550
f 4381/4297/85 4378/4294/550 4377/4293/82
f 4383/4299/10 4384/4300/10 4380/4296/8
f 4383/4299/10 4380/4296/8 4379/4295/8
f 4385/4301/24 4386/4302/24 4387/4303/223
f 4385/4301/24 4387/4303/223 4388/4304/237
f 4389/4305/201 4390/4306/12 4384/4300/10
f 4389/4305/201 4384/4300/10 4383/4299/10
f 4391/4307/29 4392/4308/990 4386/4302/24
f 4391/4307/29 4386/4302/24 4385/4301/24
f 4393/4309/218 4394/4310/14 4390/4306/12
f 4393/4309/218 4390/4306/12 4389/4305/201
f 4395/4311/77 4396/4312/77 4392/4308/990
f 4395/4311/77 4392/4308/990 4391/4307/29
f 4397/4313/34 4398/4314/34 4399/4315/503
f 4397/4313/34 4399/4315/503 4400/4316/503
f 4401/4317/219 4402/4318/184 4394/4310/14
f 4401/4317/219 4394/4310/14 4393/4309/218
f 4403/4319/194 4404/4320/991 4396/4312/77
f 4403/4319/194 4396/4312/77 4395/4311/77
f 4405/4321/298 4406/4322/505 4398/4314/34
f 4405/4321/298 4398/4314/34 4397/4313/34
f 4407/4323/18 4408/4324/83 4409/4325/184
f 4407/4323/18 4409/4325/184 4410/4326/16
f 4411/4327/557 4412/4328/757 4404/4320/991
f 4411/4327/557 4404/4320/991 4403/4319/194
f 4413/4329/1 4414/4330/241 4406/4322/505
f 4413/4329/1 4406/4322/505 4405/4321/298
f 4415/4331/86 4416/4332/20 4408/4324/83
f 4415/4331/86 4408/4324/83 4407/4323/18
f 4417/4333/221 4418/4334/601 4412/4328/757
f 4417/4333/221 4412/4328/757 4411/4327/557
f 4419/4335/5 4420/4336/778 4421/4337/1
f 4419/4335/5 4421/4337/1 4422/4338/1
f 4423/4339/567 4424/4340/936 4416/4332/20
f 4423/4339/567 4416/4332/20 4415/4331/86
f 4425/4341/355 4426/4342/188 4418/4334/601
f 4425/4341/355 4418/4334/601 4417/4333/221
f 4427/4343/80 4428/4344/992 4420/4336/778
f 4427/4343/80 4420/4336/778 4419/4335/5
f 4400/4316/503 4399/4315/503 4424/4340/936
f 4400/4316/503 4424/4340/936 4423/4339/567
f 4429/4345/32 4430/4346/32 4426/4342/188
f 4429/4345/32 4426/4342/188 4425/4341/355
f 4364/4280/9 4363/4279/243 4428/4344/992
f 4364/4280/9 4428/4344/992 4427/4343/80
f 4431/4347/239 4432/4348/37 4430/4346/32
f 4431/4347/239 4430/4346/32 4429/4345/32
f 4433/4349/627 4434/4350/310 4435/4351/629
f 4433/4349/627 4435/4351/629 4436/4352/993
f 4437/4353/994 4438/4354/347 4439/4355/815
f 4437/4353/994 4439/4355/815 4440/4356/609
f 4441/4357/846 4442/4358/995 4434/4350/310
f 4441/4357/846 4434/4350/310 4433/4349/627
f 4443/4359/996 4444/4360/997 4438/4354/347
f 4443/4359/996 4438/4354/347 4437/4353/994
f 4445/4361/319 4446/4362/319 4442/4358/995
f 4445/4361/319 4442/4358/995 4441/4357/846
f 4447/4363/300 4448/4364/998 4444/4360/997
f 4447/4363/300 4444/4360/997 4443/4359/996
f 4449/4365/324 4450/4366/999 4446/4362/319
f 4449/4365/324 4446/4362/319 4445/4361/319
f 4451/4367/1000 4452/4368/1001 4448/4364/998
f 4451/4367/1000 4448/4364/998 4447/4363/300
f 4453/4369/840 4454/4370/840 4450/4366/999
f 4453/4369/840 4450/4366/999 4449/4365/324
f 4455/4371/331 4456/4372/1002 4457/4373/620
f 4455/4371/331 4457/4373/620 4458/4374/327
f 4459/4375/1003 4460/4376/309 4452/4368/1001
f 4459/4375/1003 4452/4368/1001 4451/4367/1000
f 4461/4377/1004 4462/4378/617 4454/4370/840
f 4461/4377/1004 4454/4370/840 4453/4369/840
f 4463/4379/1005 4464/4380/1005 4456/4372/1002
f 4463/4379/1005 4456/4372/1002 4455/4371/331
f 4465/4381/1006 4466/4382/1007 4460/4376/309
f 4465/4381/1006 4460/4376/309 4459/4375/1003
f 4467/4383/1008 4468/4384/1008 4462/4378/617
f 4467/4383/1008 4462/4378/617 4461/4377/1004
f 4469/4385/340 4470/4386/340 4464/4380/1005
f 4469/4385/340 4464/4380/1005 4463/4379/1005
f 4471/4387/1009 4472/4388/1010 4466/4382/1007
f 4471/4387/1009 4466/4382/1007 4465/4381/1006
f 4473/4389/317 4474/4390/317 4468/4384/1008
f 4473/4389/317 4468/4384/1008 4467/4383/1008
f 4475/4391/826 4476/4392/342 4470/4386/340
f 4475/4391/826 4470/4386/340 4469/4385/340
f 4477/4393/1011 4478/4394/321 4472/4388/1010
f 4477/4393/1011 4472/4388/1010 4471/4387/1009
f 4479/4395/322 4480/4396/322 4474/4390/317
f 4479/4395/322 4474/4390/317 4473/4389/317
f 4481/4397/346 4482/4398/346 4476/4392/342
f 4481/4397/346 4476/4392/342 4475/4391/826
f 4458/4374/327 4457/4373/620 4478/4394/321
f 4458/4374/327 4478/4394/321 4477/4393/1011
f 4483/4399/1012 4484/4400/329 4480/4396/322
f 4483/4399/1012 4480/4396/322 4479/4395/322
f 4485/4401/602 4486/4402/1013 4482/4398/346
f 4485/4401/602 4482/4398/346 4481/4397/346
f 4487/4403/1014 4488/4404/1015 4484/4400/329
f 4487/4403/1014 4484/4400/329 4483/4399/1012
f 4489/4405/603 4490/4406/604 4486/4402/1013
f 4489/4405/603 4486/4402/1013 4485/4401/602
f 4491/4407/818 4492/4408/1016 4488/4404/1015
f 4491/4407/818 4488/4404/1015 4487/4403/1014
f 4493/4409/632 4494/4410/1017 4490/4406/604
f 4493/4409/632 4490/4406/604 4489/4405/603
f 4495/4411/1018 4496/4412/341 4492/4408/1016
f 4495/4411/1018 4492/4408/1016 4491/4407/818
f 4436/4352/993 4435/4351/629 4494/4410/1017
f 4436/4352/993 4494/4410/1017 4493/4409/632
f 4440/4356/609 4439/4355/815 4496/4412/341
f 4440/4356/609 4496/4412/341 4495/4411/1018
f 4497/4413/1019 4498/4414/565 4499/4415/546
f 4497/4413/1019 4499/4415/546 4500/4416/1020
f 4501/4417/1021 4502/4418/489 4503/4419/201
f 4501/4417/1021 4503/4419/201 4504/4420/363
f 4505/4421/296 4506/4422/1022 4498/4414/565
f 4505/4421/296 4498/4414/565 4497/4413/1019
f 4507/4423/971 4508/4424/1023 4509/4425/31
f 4507/4423/971 4509/4425/31 4510/4426/30
f 4511/4427/184 4512/4428/184 4502/4418/489
f 4511/4427/184 4502/4418/489 4501/4417/1021
f 4513/4429/782 4514/4430/556 4506/4422/1022
f 4513/4429/782 4506/4422/1022 4505/4421/296
f 4515/4431/1024 4516/4432/1025 4508/4424/1023
f 4515/4431/1024 4508/4424/1023 4507/4423/971
f 4517/4433/18 4518/4434/83 4519/4435/219
f 4517/4433/18 4519/4435/219 4520/4436/854
f 4521/4437/1026 4522/4438/757 4514/4430/556
f 4521/4437/1026 4514/4430/556 4513/4429/782
f 4523/4439/361 4524/4440/853 4516/4432/1025
f 4523/4439/361 4516/4432/1025 4515/4431/1024
f 4525/4441/352 4526/4442/86 4518/4434/83
f 4525/4441/352 4518/4434/83 4517/4433/18
f 4527/4443/185 4528/4444/23 4522/4438/757
f 4527/4443/185 4522/4438/757 4521/4437/1026
f 4529/4445/778 4530/4446/552 4531/4447/214
f 4529/4445/778 4531/4447/214 4532/4448/780
f 4533/4449/354 4534/4450/26 4526/4442/86
f 4533/4449/354 4526/4442/86 4525/4441/352
f 4535/4451/238 4536/4452/27 4528/4444/23
f 4535/4451/238 4528/4444/23 4527/4443/185
f 4537/4453/992 4538/4454/215 4530/4446/552
f 4537/4453/992 4530/4446/552 4529/4445/778
f 4510/4426/30 4509/4425/31 4534/4450/26
f 4510/4426/30 4534/4450/26 4533/4449/354
f 4539/4455/190 4540/4456/32 4536/4452/27
f 4539/4455/190 4536/4452/27 4535/4451/238
f 4541/4457/362 4542/4458/773 4538/4454/215
f 4541/4457/362 4538/4454/215 4537/4453/992
f 4543/4459/776 4544/4460/239 4540/4456/32
f 4543/4459/776 4540/4456/32 4539/4455/190
f 4545/4461/200 4546/4462/200 4542/4458/773
f 4545/4461/200 4542/4458/773 4541/4457/362
f 4547/4463/240 4548/4464/4 4549/4465/239
f 4547/4463/240 4549/4465/239 4550/4466/226
f 4551/4467/13 4552/4468/13 4546/4462/200
f 4551/4467/13 4546/4462/200 4545/4461/200
f 4553/4469/3 4554/4470/723 4548/4464/4
f 4553/4469/3 4548/4464/4 4547/4463/240
f 4555/4471/1027 4556/4472/598 4552/4468/13
f 4555/4471/1027 4552/4468/13 4551/4467/13
f 4557/4473/6 4558/4474/6 4554/4470/723
f 4557/4473/6 4554/4470/723 4553/4469/3
f 4559/4475/550 4560/4476/550 4556/4472/598
f 4559/4475/550 4556/4472/598 4555/4471/1027
f 4561/4477/1028 4562/4478/8 4558/4474/6
f 4561/4477/1028 4558/4474/6 4557/4473/6
f 4563/4479/969 4564/4480/85 4560/4476/550
f 4563/4479/969 4560/4476/550 4559/4475/550
f 4565/4481/199 4566/4482/10 4562/4478/8
f 4565/4481/199 4562/4478/8 4561/4477/1028
f 4500/4416/1020 4499/4415/546 4567/4483/25
f 4500/4416/1020 4567/4483/25 4568/4484/237
f 4504/4420/363 4503/4419/201 4566/4482/10
f 4504/4420/363 4566/4482/10 4565/4481/199
f 4569/4438/1029 4570/4485/1030 4571/4486/867
f 4569/4438/1029 4571/4486/867 4572/4430/381
f 4573/4487/686 4574/4488/1031 4575/4489/391
f 4573/4487/686 4575/4489/391 4576/4490/1032
f 4577/4442/1033 4578/4491/432 4579/4492/1034
f 4577/4442/1033 4579/4492/1034 4580/4434/1035
f 4581/4444/1036 4582/4493/436 4570/4485/1030
f 4581/4444/1036 4570/4485/1030 4569/4438/1029
f 4583/4494/911 4584/4495/1037 4574/4488/1031
f 4583/4494/911 4574/4488/1031 4573/4487/686
f 4585/4450/1038 4586/4496/367 4578/4491/432
f 4585/4450/1038 4578/4491/432 4577/4442/1033
f 4587/4452/1039 4588/4497/442 4582/4493/436
f 4587/4452/1039 4582/4493/436 4581/4444/1036
f 4589/4454/1040 4590/4498/1041 4591/4499/1042
f 4589/4454/1040 4591/4499/1042 4592/4446/1043
f 4593/4425/1044 4594/4500/640 4586/4496/367
f 4593/4425/1044 4586/4496/367 4585/4450/1038
f 4595/4501/369 4596/4502/370 4597/4503/907
f 4595/4501/369 4597/4503/907 4598/4504/643
f 4599/4458/1045 4600/4505/679 4590/4498/1041
f 4599/4458/1045 4590/4498/1041 4589/4454/1040
f 4601/4506/1046 4602/4507/1047 4596/4502/370
f 4601/4506/1046 4596/4502/370 4595/4501/369
f 4603/4462/1048 4604/4508/412 4600/4505/679
f 4603/4462/1048 4600/4505/679 4599/4458/1045
f 4605/4509/900 4606/4510/1049 4602/4507/1047
f 4605/4509/900 4602/4507/1047 4601/4506/1046
f 4607/4468/671 4608/4511/416 4604/4508/412
f 4607/4468/671 4604/4508/412 4603/4462/1048
f 4609/4470/1050 4610/4512/1051 4611/4513/1052
f 4609/4470/1050 4611/4513/1052 4612/4464/1053
f 4613/4472/1054 4614/4514/668 4608/4511/416
f 4613/4472/1054 4608/4511/416 4607/4468/671
f 4615/4474/682 4616/4515/400 4610/4512/1051
f 4615/4474/682 4610/4512/1051 4609/4470/1050
f 4617/4476/425 4618/4516/1055 4614/4514/668
f 4617/4476/425 4614/4514/668 4613/4472/1054
f 4619/4478/887 4620/4517/680 4616/4515/400
f 4619/4478/887 4616/4515/400 4615/4474/682
f 4621/4480/429 4622/4518/1056 4618/4516/1055
f 4621/4480/429 4618/4516/1055 4617/4476/425
f 4623/4482/677 4624/4519/410 4620/4517/680
f 4623/4482/677 4620/4517/680 4619/4478/887
f 4625/4520/1057 4626/4521/1058 4627/4522/1059
f 4625/4520/1057 4627/4522/1059 4628/4523/1060
f 4629/4419/1061 4630/4524/1062 4624/4519/410
f 4629/4419/1061 4624/4519/410 4623/4482/677
f 4631/4414/376 4632/4525/375 4633/4526/443
f 4631/4414/376 4633/4526/443 4634/4415/648
f 4635/4418/1063 4636/4527/418 4630/4524/1062
f 4635/4418/1063 4630/4524/1062 4629/4419/1061
f 4637/4422/642 4638/4528/1064 4632/4525/375
f 4637/4422/642 4632/4525/375 4631/4414/376
f 4639/4424/1065 4640/4529/1066 4594/4500/640
f 4639/4424/1065 4594/4500/640 4593/4425/1044
f 4641/4530/664 4642/4531/666 4643/4532/1067
f 4641/4530/664 4643/4532/1067 4644/4533/873
f 4572/4430/381 4571/4486/867 4638/4528/1064
f 4572/4430/381 4638/4528/1064 4637/4422/642
f 4645/4432/1068 4646/4534/1069 4640/4529/1066
f 4645/4432/1068 4640/4529/1066 4639/4424/1065
f 4647/4535/427 4648/4536/1070 4642/4531/666
f 4647/4535/427 4642/4531/666 4641/4530/664
f 4649/4537/1071 4650/4538/481 4651/4539/1072
f 4649/4537/1071 4651/4539/1072 4588/4497/442
f 4600/4505/679 4652/4540/703 4653/4541/454
f 4600/4505/679 4653/4541/454 4590/4498/1041
f 4654/4542/1073 4655/4543/485 4650/4538/481
f 4654/4542/1073 4650/4538/481 4649/4537/1071
f 4604/4508/412 4656/4544/701 4652/4540/703
f 4604/4508/412 4652/4540/703 4600/4505/679
f 4611/4513/1052 4657/4545/707 4658/4546/1074
f 4611/4513/1052 4658/4546/1074 4659/4547/1075
f 4608/4511/416 4660/4548/460 4656/4544/701
f 4608/4511/416 4656/4544/701 4604/4508/412
f 4610/4512/1051 4661/4549/706 4657/4545/707
f 4610/4512/1051 4657/4545/707 4611/4513/1052
f 4614/4514/668 4662/4550/462 4660/4548/460
f 4614/4514/668 4660/4548/460 4608/4511/416
f 4616/4515/400 4663/4551/453 4661/4549/706
f 4616/4515/400 4661/4549/706 4610/4512/1051
f 4618/4516/1055 4664/4552/697 4662/4550/462
f 4618/4516/1055 4662/4550/462 4614/4514/668
f 4620/4517/680 4665/4553/455 4663/4551/453
f 4620/4517/680 4663/4551/453 4616/4515/400
f 4622/4518/1056 4666/4554/914 4664/4552/697
f 4622/4518/1056 4664/4552/697 4618/4516/1055
f 4624/4519/410 4667/4555/457 4665/4553/455
f 4624/4519/410 4665/4553/455 4620/4517/680
f 4633/4526/443 4668/4556/473 4669/4557/474
f 4633/4526/443 4669/4557/474 4670/4558/1076
f 4630/4524/1062 4671/4559/459 4667/4555/457
f 4630/4524/1062 4667/4555/457 4624/4519/410
f 4632/4525/375 4672/4560/718 4668/4556/473
f 4632/4525/375 4668/4556/473 4633/4526/443
f 4636/4527/418 4673/4561/461 4671/4559/459
f 4636/4527/418 4671/4559/459 4630/4524/1062
f 4638/4528/1064 4674/4562/1077 4672/4560/718
f 4638/4528/1064 4672/4560/718 4632/4525/375
f 4640/4529/1066 4675/4563/483 4676/4564/479
f 4640/4529/1066 4676/4564/479 4594/4500/640
f 4677/4565/1078 4678/4566/1079 4673/4561/461
f 4677/4565/1078 4673/4561/461 4636/4527/418
f 4571/4486/867 4679/4567/1080 4674/4562/1077
f 4571/4486/867 4674/4562/1077 4638/4528/1064
f 4646/4534/1069 4680/4568/447 4675/4563/483
f 4646/4534/1069 4675/4563/483 4640/4529/1066
f 4579/4492/1034 4681/4569/466 4682/4570/467
f 4579/4492/1034 4682/4570/467 4683/4571/468
f 4570/4485/1030 4684/4572/1081 4679/4567/1080
f 4570/4485/1030 4679/4567/1080 4571/4486/867
f 4685/4573/1082 4686/4574/1083 4680/4568/447
f 4685/4573/1082 4680/4568/447 4646/4534/1069
f 4578/4491/432 4687/4575/1084 4681/4569/466
f 4578/4491/432 4681/4569/466 4579/4492/1034
f 4582/4493/436 4688/4576/471 4684/4572/1081
f 4582/4493/436 4684/4572/1081 4570/4485/1030
f 4591/4499/1042 4689/4577/705 4690/4578/1085
f 4591/4499/1042 4690/4578/1085 4691/4579/923
f 4586/4496/367 4692/4580/720 4687/4575/1084
f 4586/4496/367 4687/4575/1084 4578/4491/432
f 4588/4497/442 4651/4539/1072 4688/4576/471
f 4588/4497/442 4688/4576/471 4582/4493/436
f 4590/4498/1041 4653/4541/454 4689/4577/705
f 4590/4498/1041 4689/4577/705 4591/4499/1042
f 4594/4500/640 4676/4564/479 4692/4580/720
f 4594/4500/640 4692/4580/720 4586/4496/367
f 4661/4549/706 4693/4581/3 4694/4582/299
f 4661/4549/706 4694/4582/299 4657/4545/707
f 4662/4550/462 4695/4583/15 4696/4584/13
f 4662/4550/462 4696/4584/13 4660/4548/460
f 4663/4551/453 4697/4585/6 4693/4581/3
f 4663/4551/453 4693/4581/3 4661/4549/706
f 4664/4552/697 4698/4586/82 4695/4583/15
f 4664/4552/697 4695/4583/15 4662/4550/462
f 4665/4553/455 4699/4587/8 4697/4585/6
f 4665/4553/455 4697/4585/6 4663/4551/453
f 4666/4554/914 4700/4588/85 4698/4586/82
f 4666/4554/914 4698/4586/82 4664/4552/697
f 4667/4555/457 4701/4589/10 4699/4587/8
f 4667/4555/457 4699/4587/8 4665/4553/455
f 4668/4556/473 4702/4590/24 4703/4591/19
f 4668/4556/473 4703/4591/19 4669/4557/474
f 4671/4559/459 4704/4592/201 4701/4589/10
f 4671/4559/459 4701/4589/10 4667/4555/457
f 4672/4560/718 4705/4593/78 4702/4590/24
f 4672/4560/718 4702/4590/24 4668/4556/473
f 4673/4561/461 4706/4594/14 4704/4592/201
f 4673/4561/461 4704/4592/201 4671/4559/459
f 4674/4562/1077 4707/4595/33 4705/4593/78
f 4674/4562/1077 4705/4593/78 4672/4560/718
f 4675/4563/483 4708/4596/191 4709/4597/295
f 4675/4563/483 4709/4597/295 4676/4564/479
f 4678/4566/1079 4710/4598/84 4706/4594/14
f 4678/4566/1079 4706/4594/14 4673/4561/461
f 4679/4567/1080 4711/4599/36 4707/4595/33
f 4679/4567/1080 4707/4595/33 4674/4562/1077
f 4680/4568/447 4712/4600/195 4708/4596/191
f 4680/4568/447 4708/4596/191 4675/4563/483
f 4681/4569/466 4713/4601/1086 4714/4602/219
f 4681/4569/466 4714/4602/219 4682/4570/467
f 4684/4572/1081 4715/4603/557 4711/4599/36
f 4684/4572/1081 4711/4599/36 4679/4567/1080
f 4686/4574/1083 4716/4604/214 4712/4600/195
f 4686/4574/1083 4712/4600/195 4680/4568/447
f 4687/4575/1084 4717/4605/20 4713/4601/1086
f 4687/4575/1084 4713/4601/1086 4681/4569/466
f 4688/4576/471 4718/4606/221 4715/4603/557
f 4688/4576/471 4715/4603/557 4684/4572/1081
f 4689/4577/705 4719/4607/1087 4720/4608/79
f 4689/4577/705 4720/4608/79 4690/4578/1085
f 4692/4580/720 4721/4609/936 4717/4605/20
f 4692/4580/720 4717/4605/20 4687/4575/1084
f 4651/4539/1072 4722/4610/188 4718/4606/221
f 4651/4539/1072 4718/4606/221 4688/4576/471
f 4653/4541/454 4723/4611/215 4719/4607/1087
f 4653/4541/454 4719/4607/1087 4689/4577/705
f 4676/4564/479 4709/4597/295 4721/4609/936
f 4676/4564/479 4721/4609/936 4692/4580/720
f 4650/4538/481 4724/4612/32 4722/4610/188
f 4650/4538/481 4722/4610/188 4651/4539/1072
f 4652/4540/703 4725/4613/244 4723/4611/215
f 4652/4540/703 4723/4611/215 4653/4541/454
f 4655/4543/485 4726/4614/37 4724/4612/32
f 4655/4543/485 4724/4612/32 4650/4538/481
f 4656/4544/701 4727/4615/11 4725/4613/244
f 4656/4544/701 4725/4613/244 4652/4540/703
f 4657/4545/707 4694/4582/299 4728/4616/37
f 4657/4545/707 4728/4616/37 4658/4546/1074
f 4660/4548/460 4696/4584/13 4727/4615/11
f 4660/4548/460 4727/4615/11 4656/4544/701
s 0
f 4729/4617/202 4730/4618/202 4731/4619/202
f 4729/4617/203 4731/4619/203 4732/4620/203
f 4733/4621/206 4734/4622/206 4735/4623/206
f 4733/4621/202 4735/4623/202 4736/4624/202
f 4737/4625/206 4738/4626/206 4730/4618/206
f 4737/4625/203 4730/4618/203 4729/4617/203
f 4739/4627/202 4740/4628/202 4734/4622/202
f 4739/4627/207 4734/4622/207 4733/4621/207
f 4741/4629/203 4742/4630/203 4738/4626/203
f 4741/4629/202 4738/4626/202 4737/4625/202
f 4743/4631/207 4744/4632/207 4740/4628/207
f 4743/4631/202 4740/4628/202 4739/4627/202
f 4745/4633/202 4746/4634/202 4747/4635/202
f 4745/4633/203 4747/4635/203 4748/4636/203
f 4749/4637/202 4750/4638/202 4742/4630/202
f 4749/4637/207 4742/4630/207 4741/4629/207
f 4751/4639/207 4752/4640/207 4744/4632/207
f 4751/4639/206 4744/4632/206 4743/4631/206
f 4753/4641/207 4754/4642/207 4746/4634/207
f 4753/4641/207 4746/4634/207 4745/4633/207
f 4755/4643/206 4756/4644/206 4750/4638/206
f 4755/4643/202 4750/4638/202 4749/4637/202
f 4757/4645/202 4758/4646/202 4752/4640/202
f 4757/4645/207 4752/4640/207 4751/4639/207
f 4759/4647/202 4760/4648/202 4754/4642/202
f 4759/4647/206 4754/4642/206 4753/4641/206
f 4761/4649/207 4762/4650/207 4756/4644/207
f 4761/4649/203 4756/4644/203 4755/4643/203
f 4763/4651/207 4764/4652/207 4758/4646/207
f 4763/4651/206 4758/4646/206 4757/4645/206
f 4765/4653/206 4766/4654/206 4760/4648/206
f 4765/4653/203 4760/4648/203 4759/4647/203
f 4767/4655/202 4768/4656/202 4762/4650/202
f 4767/4655/203 4762/4650/203 4761/4649/203
f 4769/4657/206 4770/4658/206 4764/4652/206
f 4769/4657/206 4764/4652/206 4763/4651/206
f 4771/4659/202 4772/4660/202 4766/4654/202
f 4771/4659/202 4766/4654/202 4765/4653/202
f 4748/4636/206 4747/4635/206 4768/4656/206
f 4748/4636/202 4768/4656/202 4767/4655/202
f 4773/4661/206 4774/4662/206 4770/4658/206
f 4773/4661/203 4770/4658/203 4769/4657/203
f 4775/4663/206 4776/4664/206 4772/4660/206
f 4775/4663/206 4772/4660/206 4771/4659/206
f 4777/4665/206 4778/4666/206 4774/4662/206
f 4777/4665/207 4774/4662/207 4773/4661/207
f 4779/4667/207 4780/4668/207 4776/4664/207
f 4779/4667/206 4776/4664/206 4775/4663/206
f 4781/4669/203 4782/4670/203 4778/4666/203
f 4781/4669/207 4778/4666/207 4777/4665/207
f 4783/4671/206 4784/4672/206 4780/4668/206
f 4783/4671/206 4780/4668/206 4779/4667/206
f 4785/4673/206 4786/4674/206 4782/4670/206
f 4785/4673/207 4782/4670/207 4781/4669/207
f 4787/4675/202 4788/4676/202 4784/4672/202
f 4787/4675/203 4784/4672/203 4783/4671/203
f 4789/4677/206 4790/4678/206 4786/4674/206
f 4789/4677/203 4786/4674/203 4785/4673/203
f 4791/4679/202 4792/4680/202 4788/4676/202
f 4791/4679/206 4788/4676/206 4787/4675/206
f 4732/4620/202 4731/4619/202 4790/4678/202
f 4732/4620/202 4790/4678/202 4789/4677/202
f 4736/4624/206 4735/4623/206 4792/4680/206
f 4736/4624/203 4792/4680/203 4791/4679/203
s 1
f 4793/4681/16 4794/4682/84 4795/4683/14
f 4793/4681/16 4795/4683/14 4796/4684/14
f 4797/4685/209 4798/4686/36 4799/4687/33
f 4797/4685/209 4799/4687/33 4800/4688/77
f 4801/4689/2 4802/4690/2 4803/4691/34
f 4801/4689/2 4803/4691/34 4804/4692/191
f 4805/4693/18 4806/4694/18 4807/4695/16
f 4805/4693/18 4807/4695/16 4808/4696/16
f 4809/4697/1088 4810/4698/22 4798/4686/36
f 4809/4697/1088 4798/4686/36 4797/4685/209
f 4811/4699/79 4812/4700/1 4802/4690/2
f 4811/4699/79 4802/4690/2 4801/4689/2
f 4813/4701/292 4814/4702/86 4806/4694/18
f 4813/4701/292 4806/4694/18 4805/4693/18
f 4815/4703/23 4816/4704/23 4810/4698/22
f 4815/4703/23 4810/4698/22 4809/4697/1088
f 4817/4705/5 4818/4706/5 4819/4707/79
f 4817/4705/5 4819/4707/79 4820/4708/79
f 4821/4709/26 4822/4710/26 4814/4702/86
f 4821/4709/26 4814/4702/86 4813/4701/292
f 4823/4711/28 4824/4712/28 4816/4704/23
f 4823/4711/28 4816/4704/23 4815/4703/23
f 4825/4713/80 4826/4714/215 4818/4706/5
f 4825/4713/80 4818/4706/5 4817/4705/5
f 4827/4715/30 4828/4716/31 4822/4710/26
f 4827/4715/30 4822/4710/26 4821/4709/26
f 4829/4717/967 4830/4718/32 4824/4712/28
f 4829/4717/967 4824/4712/28 4823/4711/28
f 4831/4719/9 4832/4720/9 4826/4714/215
f 4831/4719/9 4826/4714/215 4825/4713/80
f 4833/4721/208 4834/4722/239 4830/4718/32
f 4833/4721/208 4830/4718/32 4829/4717/967
f 4835/4723/11 4836/4724/200 4832/4720/9
f 4835/4723/11 4832/4720/9 4831/4719/9
f 4837/4725/4 4838/4726/197 4839/4727/37
f 4837/4725/4 4839/4727/37 4840/4728/35
f 4841/4729/13 4842/4730/13 4836/4724/200
f 4841/4729/13 4836/4724/200 4835/4723/11
f 4843/4731/3 4844/4732/3 4838/4726/197
f 4843/4731/3 4838/4726/197 4837/4725/4
f 4845/4733/15 4846/4734/15 4842/4730/13
f 4845/4733/15 4842/4730/13 4841/4729/13
f 4847/4735/6 4848/4736/6 4844/4732/3
f 4847/4735/6 4844/4732/3 4843/4731/3
f 4849/4737/82 4850/4738/17 4846/4734/15
f 4849/4737/82 4846/4734/15 4845/4733/15
f 4851/4739/8 4852/4740/8 4848/4736/6
f 4851/4739/8 4848/4736/6 4847/4735/6
f 4853/4741/85 4854/4742/19 4850/4738/17
f 4853/4741/85 4850/4738/17 4849/4737/82
f 4855/4743/10 4856/4744/10 4852/4740/8
f 4855/4743/10 4852/4740/8 4851/4739/8
f 4857/4745/24 4858/4746/24 4859/4747/19
f 4857/4745/24 4859/4747/19 4860/4748/223
f 4861/4749/201 4862/4750/201 4856/4744/10
f 4861/4749/201 4856/4744/10 4855/4743/10
f 4863/4751/29 4864/4752/78 4858/4746/24
f 4863/4751/29 4858/4746/24 4857/4745/24
f 4796/4684/14 4795/4683/14 4862/4750/201
f 4796/4684/14 4862/4750/201 4861/4749/201
f 4800/4688/77 4799/4687/33 4864/4752/78
f 4800/4688/77 4864/4752/78 4863/4751/29
f 4804/4692/191 4803/4691/34 4828/4716/31
f 4804/4692/191 4828/4716/31 4827/4715/30
