# Blender 5.1.1
# www.blender.org
o Circle.050_0
v 12.141119 5.557442 -3.107049
v 12.102557 5.546029 -3.102086
v 11.985851 5.923007 -3.141937
v 12.024412 5.934421 -3.146903
v 11.103529 8.165131 -5.171151
v 11.060533 8.375057 -5.022552
v 11.193393 8.161042 -4.482676
v 11.225184 7.969169 -4.676800
v 11.359287 7.713099 -4.223948
v 11.339858 7.881368 -3.988077
v 11.496765 7.538301 -3.558075
v 11.502769 7.399384 -3.830739
v 11.653573 7.028376 -3.512374
v 11.661806 7.132267 -3.209656
v 11.836150 6.653076 -2.957128
v 11.812698 6.591014 -3.281887
v 12.024412 5.934421 -3.146903
v 12.057934 5.965249 -2.815721
v 12.180534 5.569232 -2.773849
v 12.141119 5.557442 -3.107049
v 11.374333 5.926886 -8.212595
v 11.323134 5.956728 -8.541603
v 11.143983 6.645051 -8.350794
v 11.203316 6.583951 -8.030451
v 11.107383 7.022045 -7.768535
v 11.038872 7.125049 -8.063828
v 10.967005 7.532162 -7.686207
v 11.041714 7.394040 -7.423491
v 11.002047 7.708954 -7.007717
v 10.923628 7.876542 -7.231531
v 10.906690 8.157715 -6.716802
v 10.986541 7.966400 -6.536428
v 11.502769 7.399384 -3.830739
v 11.496765 7.538301 -3.558075
v 11.812698 6.591014 -3.281887
v 11.836150 6.653076 -2.957128
v 11.477335 5.549750 -8.279524
v 11.431337 5.560548 -8.611910
v 11.323134 5.956728 -8.541603
v 11.374333 5.926886 -8.212595
v 11.038872 7.125049 -8.063828
v 11.107383 7.022045 -7.768535
v 10.923628 7.876542 -7.231531
v 11.002047 7.708954 -7.007717
v 10.986541 7.966400 -6.536428
v 10.906690 8.157715 -6.716802
v 10.914371 8.373362 -6.161494
v 10.993574 8.163857 -6.027955
v 10.993574 8.163857 -6.027955
v 10.914371 8.373362 -6.161494
v 10.944488 8.521676 -5.586729
v 11.016230 8.275435 -5.595571
v 11.225184 7.969169 -4.676800
v 11.193393 8.161042 -4.482676
v 11.339858 7.881368 -3.988077
v 11.359287 7.713099 -4.223948
v 12.141119 5.557442 -3.107049
v 12.180534 5.569232 -2.773849
v 13.239016 1.936163 -2.904283
v 13.129101 2.166344 -3.228796
v 12.465320 2.158648 -8.401272
v 12.489818 1.927483 -8.742344
v 11.431337 5.560548 -8.611910
v 11.477335 5.549750 -8.279524
v 13.129101 2.166344 -3.228796
v 13.239016 1.936163 -2.904283
v 12.489818 1.927483 -8.742344
v 12.465320 2.158648 -8.401272
v 10.984604 8.074171 -5.973097
v 11.004289 8.079997 -5.975633
v 10.997496 7.889334 -6.466613
v 10.977811 7.883505 -6.464077
v 12.465320 2.158648 -8.401272
v 12.426759 2.147235 -8.396307
v 13.090542 2.154931 -3.223831
v 13.129101 2.166344 -3.228796
v 11.002047 7.708954 -7.007717
v 10.963487 7.697544 -7.002751
v 11.003153 7.382627 -7.418524
v 11.041714 7.394040 -7.423491
v 11.203316 6.583951 -8.030451
v 11.164756 6.572538 -8.025484
v 11.335773 5.915473 -8.207630
v 11.374333 5.926886 -8.212595
v 10.993574 8.163857 -6.027955
v 10.955013 8.152444 -6.022989
v 10.947980 7.954988 -6.531465
v 10.986541 7.966400 -6.536428
v 11.041714 7.394040 -7.423491
v 11.003153 7.382627 -7.418524
v 11.068821 7.010632 -7.763569
v 11.107383 7.022045 -7.768535
v 11.016230 8.275435 -5.595571
v 10.977669 8.264023 -5.590602
v 10.986541 7.966400 -6.536428
v 10.947980 7.954988 -6.531465
v 10.963487 7.697544 -7.002751
v 11.002047 7.708954 -7.007717
v 11.103529 8.165131 -5.171151
v 11.064966 8.153718 -5.166184
v 11.653573 7.028376 -3.512374
v 11.615013 7.016963 -3.507410
v 11.464209 7.387970 -3.825773
v 11.502769 7.399384 -3.830739
v 11.225184 7.969169 -4.676800
v 11.186624 7.957756 -4.671834
v 11.064966 8.153718 -5.166184
v 11.103529 8.165131 -5.171151
v 11.359287 7.713099 -4.223948
v 11.320726 7.701684 -4.218985
v 11.186624 7.957756 -4.671834
v 11.225184 7.969169 -4.676800
v 12.024412 5.934421 -3.146903
v 11.985851 5.923007 -3.141937
v 11.774137 6.579603 -3.276922
v 11.812698 6.591014 -3.281887
v 11.502769 7.399384 -3.830739
v 11.464209 7.387970 -3.825773
v 13.129101 2.166344 -3.228796
v 13.090542 2.154931 -3.223831
v 12.102557 5.546029 -3.102086
v 12.141119 5.557442 -3.107049
v 11.438773 5.538339 -8.274559
v 11.477335 5.549750 -8.279524
v 11.615013 7.016963 -3.507410
v 11.653573 7.028376 -3.512374
v 11.477335 5.549750 -8.279524
v 11.438773 5.538339 -8.274559
v 12.426759 2.147235 -8.396307
v 12.465320 2.158648 -8.401272
v 11.164756 6.572538 -8.025484
v 11.203316 6.583951 -8.030451
v 11.081030 8.075288 -5.221703
v 11.064966 8.153718 -5.166184
v 11.186624 7.957756 -4.671834
v 11.198502 7.886066 -4.744359
v 11.327986 7.638813 -4.307111
v 11.320726 7.701684 -4.218985
v 11.464209 7.387970 -3.825773
v 11.466453 7.336069 -3.927648
v 11.611937 6.978148 -3.620507
v 11.615013 7.016963 -3.507410
v 11.774137 6.579603 -3.276922
v 11.765375 6.556417 -3.398262
v 11.973327 5.911491 -3.265675
v 11.985851 5.923007 -3.141937
v 12.102557 5.546029 -3.102086
v 12.087831 5.541625 -3.226573
v 11.354901 5.904322 -8.084711
v 11.335773 5.915473 -8.207630
v 11.164756 6.572538 -8.025484
v 11.186924 6.549712 -7.905800
v 11.094419 6.972147 -7.653246
v 11.068821 7.010632 -7.763569
v 11.003153 7.382627 -7.418524
v 11.031066 7.331019 -7.320373
v 10.992785 7.634932 -6.919129
v 10.963487 7.697544 -7.002751
v 10.947980 7.954988 -6.531465
v 10.977811 7.883505 -6.464077
v 11.466453 7.336069 -3.927648
v 11.464209 7.387970 -3.825773
v 11.765375 6.556417 -3.398262
v 11.774137 6.579603 -3.276922
v 11.455959 5.534302 -8.150375
v 11.438773 5.538339 -8.274559
v 11.335773 5.915473 -8.207630
v 11.354901 5.904322 -8.084711
v 11.068821 7.010632 -7.763569
v 11.094419 6.972147 -7.653246
v 10.963487 7.697544 -7.002751
v 10.992785 7.634932 -6.919129
v 10.955013 8.152444 -6.022989
v 10.984604 8.074171 -5.973097
v 10.984604 8.074171 -5.973097
v 10.955013 8.152444 -6.022989
v 10.977669 8.264023 -5.590602
v 11.004473 8.172020 -5.593906
v 11.198502 7.886066 -4.744359
v 11.186624 7.957756 -4.671834
v 12.087831 5.541625 -3.226573
v 12.102557 5.546029 -3.102086
v 13.090542 2.154931 -3.223831
v 13.049477 2.240927 -3.345072
v 12.417606 2.233606 -8.268877
v 12.426759 2.147235 -8.396307
v 11.438773 5.538339 -8.274559
v 11.455959 5.534302 -8.150375
v 13.049477 2.240927 -3.345072
v 13.090542 2.154931 -3.223831
v 12.426759 2.147235 -8.396307
v 12.417606 2.233606 -8.268877
v 11.541180 5.524745 -7.679327
v 11.509374 5.515334 -7.675231
v 12.370579 2.559385 -7.781356
v 12.402385 2.568798 -7.785451
v 11.031066 7.331019 -7.320373
v 11.050750 7.336845 -7.322907
v 11.114101 6.977973 -7.655781
v 11.094419 6.972147 -7.653246
v 11.004473 8.172020 -5.593906
v 11.024158 8.177846 -5.596443
v 10.977811 7.883505 -6.464077
v 10.997496 7.889334 -6.466613
v 11.012469 7.640758 -6.921662
v 10.992785 7.634932 -6.919129
v 11.081030 8.075288 -5.221703
v 11.100715 8.081114 -5.224237
v 11.611937 6.978148 -3.620507
v 11.631620 6.983974 -3.623043
v 11.486137 7.341895 -3.930182
v 11.466453 7.336069 -3.927648
v 11.198502 7.886066 -4.744359
v 11.218185 7.891892 -4.746895
v 11.100715 8.081114 -5.224237
v 11.081030 8.075288 -5.221703
v 11.327986 7.638813 -4.307111
v 11.347670 7.644639 -4.309647
v 11.973327 5.911491 -3.265675
v 11.993011 5.917318 -3.268209
v 11.785058 6.562243 -3.400795
v 11.765375 6.556417 -3.398262
v 11.466453 7.336069 -3.927648
v 11.486137 7.341895 -3.930182
v 11.347670 7.644639 -4.309647
v 11.327986 7.638813 -4.307111
v 13.049477 2.240927 -3.345072
v 13.069160 2.246753 -3.347607
v 12.107514 5.547451 -3.229106
v 12.087831 5.541625 -3.226573
v 11.354901 5.904322 -8.084711
v 11.374585 5.910147 -8.087244
v 11.475644 5.540128 -8.152910
v 11.455959 5.534302 -8.150375
v 11.631620 6.983974 -3.623043
v 11.611937 6.978148 -3.620507
v 11.455959 5.534302 -8.150375
v 11.475644 5.540128 -8.152910
v 12.437290 2.239432 -8.271412
v 12.417606 2.233606 -8.268877
v 11.206607 6.555538 -7.908333
v 11.186924 6.549712 -7.905800
v 12.087831 5.541625 -3.226573
v 12.107514 5.547451 -3.229106
v 11.993011 5.917318 -3.268209
v 11.973327 5.911491 -3.265675
v 12.417606 2.233606 -8.268877
v 12.437290 2.239432 -8.271412
v 13.069160 2.246753 -3.347607
v 13.049477 2.240927 -3.345072
v 10.992785 7.634932 -6.919129
v 11.012469 7.640758 -6.921662
v 11.050750 7.336845 -7.322907
v 11.031066 7.331019 -7.320373
v 11.186924 6.549712 -7.905800
v 11.206607 6.555538 -7.908333
v 11.161977 7.782014 -5.435956
v 11.100715 8.081114 -5.224237
v 11.218185 7.891892 -4.746895
v 11.263483 7.618508 -5.023488
v 11.375352 7.404892 -4.645714
v 11.347670 7.644639 -4.309647
v 11.486137 7.341895 -3.930182
v 11.494692 7.143968 -4.318667
v 11.619894 6.835946 -4.054349
v 11.631620 6.983974 -3.623043
v 11.785058 6.562243 -3.400795
v 11.751644 6.473822 -3.863520
v 11.945249 5.873394 -3.740077
v 11.993011 5.917318 -3.268209
v 12.107514 5.547451 -3.229106
v 12.051353 5.530655 -3.703841
v 11.447536 5.867620 -7.618476
v 11.374585 5.910147 -8.087244
v 11.206607 6.555538 -7.908333
v 11.291146 6.468482 -7.451910
v 11.211716 6.831213 -7.235054
v 11.114101 6.977973 -7.655781
v 11.050750 7.336845 -7.322907
v 11.157196 7.140051 -6.948593
v 11.124204 7.401978 -6.602770
v 11.012469 7.640758 -6.921662
v 10.997496 7.889334 -6.466613
v 11.111268 7.616742 -6.209624
v 11.494692 7.143968 -4.318667
v 11.486137 7.341895 -3.930182
v 11.751644 6.473822 -3.863520
v 11.785058 6.562243 -3.400795
v 11.541180 5.524745 -7.679327
v 11.475644 5.540128 -8.152910
v 11.374585 5.910147 -8.087244
v 11.447536 5.867620 -7.618476
v 11.114101 6.977973 -7.655781
v 11.211716 6.831213 -7.235054
v 11.157196 7.140051 -6.948593
v 11.050750 7.336845 -7.322907
v 11.111268 7.616742 -6.209624
v 10.997496 7.889334 -6.466613
v 11.004289 8.079997 -5.975633
v 11.117136 7.781496 -5.785367
v 11.117136 7.781496 -5.785367
v 11.004289 8.079997 -5.975633
v 11.024158 8.177846 -5.596443
v 11.126374 7.826998 -5.609036
v 11.263483 7.618508 -5.023488
v 11.218185 7.891892 -4.746895
v 11.347670 7.644639 -4.309647
v 11.375352 7.404892 -4.645714
v 12.051353 5.530655 -3.703841
v 12.107514 5.547451 -3.229106
v 13.069160 2.246753 -3.347607
v 12.912560 2.574708 -3.809963
v 12.402385 2.568798 -7.785451
v 12.437290 2.239432 -8.271412
v 11.475644 5.540128 -8.152910
v 11.541180 5.524745 -7.679327
v 12.912560 2.574708 -3.809963
v 13.069160 2.246753 -3.347607
v 12.437290 2.239432 -8.271412
v 12.402385 2.568798 -7.785451
v 11.357042 7.278600 -4.805449
v 11.397672 7.290625 -4.810683
v 11.294390 7.487844 -5.159455
v 11.253759 7.475820 -5.154223
v 11.211716 6.831213 -7.235054
v 11.179910 6.821800 -7.230959
v 11.259341 6.459070 -7.447815
v 11.291146 6.468482 -7.451910
v 12.051353 5.530655 -3.703841
v 12.019547 5.521244 -3.699744
v 11.913441 5.863982 -3.735981
v 11.945249 5.873394 -3.740077
v 12.402385 2.568798 -7.785451
v 12.370579 2.559385 -7.781356
v 12.880753 2.565295 -3.805866
v 12.912560 2.574708 -3.809963
v 11.124204 7.401978 -6.602770
v 11.092399 7.392566 -6.598674
v 11.125390 7.130639 -6.944498
v 11.157196 7.140051 -6.948593
v 11.291146 6.468482 -7.451910
v 11.259341 6.459070 -7.447815
v 11.415730 5.858208 -7.614381
v 11.447536 5.867620 -7.618476
v 11.117136 7.781496 -5.785367
v 11.085330 7.772080 -5.781271
v 11.079461 7.607327 -6.205528
v 11.111268 7.616742 -6.209624
v 11.157196 7.140051 -6.948593
v 11.125390 7.130639 -6.944498
v 11.126374 7.826998 -5.609036
v 11.094569 7.817584 -5.604940
v 11.111268 7.616742 -6.209624
v 11.079461 7.607327 -6.205528
v 11.161977 7.782014 -5.435956
v 11.130170 7.772602 -5.431861
v 11.619894 6.835946 -4.054349
v 11.588087 6.826531 -4.050252
v 11.462886 7.134552 -4.314572
v 11.494692 7.143968 -4.318667
v 11.263483 7.618508 -5.023488
v 11.231676 7.609096 -5.019391
v 11.130170 7.772602 -5.431861
v 11.161977 7.782014 -5.435956
v 11.375352 7.404892 -4.645714
v 11.343545 7.395480 -4.641617
v 11.945249 5.873394 -3.740077
v 11.913441 5.863982 -3.735981
v 11.719838 6.464407 -3.859423
v 11.751644 6.473822 -3.863520
v 11.494692 7.143968 -4.318667
v 11.462886 7.134552 -4.314572
v 11.343545 7.395480 -4.641617
v 11.375352 7.404892 -4.645714
v 12.912560 2.574708 -3.809963
v 12.880753 2.565295 -3.805866
v 12.019547 5.521244 -3.699744
v 12.051353 5.530655 -3.703841
v 11.509374 5.515334 -7.675231
v 11.541180 5.524745 -7.679327
v 11.588087 6.826531 -4.050252
v 11.619894 6.835946 -4.054349
v 11.160035 7.626791 -5.535073
v 11.130170 7.772602 -5.431861
v 11.231676 7.609096 -5.019391
v 11.253759 7.475820 -5.154223
v 11.357042 7.278600 -4.805449
v 11.343545 7.395480 -4.641617
v 11.462886 7.134552 -4.314572
v 11.467057 7.038061 -4.503960
v 11.582370 6.754371 -4.260518
v 11.588087 6.826531 -4.050252
v 11.719838 6.464407 -3.859423
v 11.703549 6.421301 -4.084991
v 11.890157 5.842568 -3.966014
v 11.913441 5.863982 -3.735981
v 12.019547 5.521244 -3.699744
v 11.992168 5.513058 -3.931179
v 11.451290 5.837478 -7.385862
v 11.415730 5.858208 -7.614381
v 11.259341 6.459070 -7.447815
v 11.300551 6.416635 -7.225313
v 11.227494 6.750257 -7.025856
v 11.179910 6.821800 -7.230959
v 11.125390 7.130639 -6.944498
v 11.177280 7.034705 -6.762019
v 11.146866 7.276165 -6.443221
v 11.092399 7.392566 -6.598674
v 11.079461 7.607327 -6.205528
v 11.134923 7.474442 -6.080249
v 11.588087 6.826531 -4.050252
v 11.582370 6.754371 -4.260518
v 11.703549 6.421301 -4.084991
v 11.719838 6.464407 -3.859423
v 11.541323 5.507831 -7.444366
v 11.509374 5.515334 -7.675231
v 11.415730 5.858208 -7.614381
v 11.451290 5.837478 -7.385862
v 11.179910 6.821800 -7.230959
v 11.227494 6.750257 -7.025856
v 11.177280 7.034705 -6.762019
v 11.125390 7.130639 -6.944498
v 11.085330 7.772080 -5.781271
v 11.140343 7.626565 -5.688518
v 11.140343 7.626565 -5.688518
v 11.085330 7.772080 -5.781271
v 11.094569 7.817584 -5.604940
v 11.144400 7.646546 -5.611082
v 11.253759 7.475820 -5.154223
v 11.231676 7.609096 -5.019391
v 11.992168 5.513058 -3.931179
v 12.019547 5.521244 -3.699744
v 12.880753 2.565295 -3.805866
v 12.804407 2.725173 -4.031266
v 12.353562 2.719945 -7.544454
v 12.370579 2.559385 -7.781356
v 11.509374 5.515334 -7.675231
v 11.541323 5.507831 -7.444366
v 12.804407 2.725173 -4.031266
v 12.880753 2.565295 -3.805866
v 12.370579 2.559385 -7.781356
v 12.353562 2.719945 -7.544454
v 11.798928 7.409385 -4.862354
v 11.695645 7.606605 -5.211126
v 11.890157 5.842568 -3.966014
v 11.930786 5.854595 -3.971250
v 11.744180 6.433327 -4.090224
v 11.703549 6.421301 -4.084991
v 11.467057 7.038061 -4.503960
v 11.507687 7.050086 -4.509192
v 12.804407 2.725173 -4.031266
v 12.845037 2.737199 -4.036500
v 12.032799 5.525083 -3.936410
v 11.992168 5.513058 -3.931179
v 11.451290 5.837478 -7.385862
v 11.491920 5.849503 -7.391095
v 11.581952 5.519855 -7.449596
v 11.541323 5.507831 -7.444366
v 11.622998 6.766397 -4.265749
v 11.582370 6.754371 -4.260518
v 11.541323 5.507831 -7.444366
v 11.581952 5.519855 -7.449596
v 12.394191 2.731971 -7.549688
v 12.353562 2.719945 -7.544454
v 11.227494 6.750257 -7.025856
v 11.268124 6.762280 -7.031087
v 11.341183 6.428658 -7.230546
v 11.300551 6.416635 -7.225313
v 11.992168 5.513058 -3.931179
v 12.032799 5.525083 -3.936410
v 11.930786 5.854595 -3.971250
v 11.890157 5.842568 -3.966014
v 12.353562 2.719945 -7.544454
v 12.394191 2.731971 -7.549688
v 12.845037 2.737199 -4.036500
v 12.804407 2.725173 -4.031266
v 11.146866 7.276165 -6.443221
v 11.187496 7.288188 -6.448452
v 11.217911 7.046729 -6.767250
v 11.177280 7.034705 -6.762019
v 11.300551 6.416635 -7.225313
v 11.341183 6.428658 -7.230546
v 11.140343 7.626565 -5.688518
v 11.180972 7.638588 -5.693748
v 11.175553 7.486466 -6.085482
v 11.134923 7.474442 -6.080249
v 11.177280 7.034705 -6.762019
v 11.217911 7.046729 -6.767250
v 11.144400 7.646546 -5.611082
v 11.185030 7.658573 -5.616313
v 11.134923 7.474442 -6.080249
v 11.175553 7.486466 -6.085482
v 11.187496 7.288188 -6.448452
v 11.146866 7.276165 -6.443221
v 11.160035 7.626791 -5.535073
v 11.200664 7.638816 -5.540307
v 11.582370 6.754371 -4.260518
v 11.622998 6.766397 -4.265749
v 11.507687 7.050086 -4.509192
v 11.467057 7.038061 -4.503960
v 11.200664 7.638816 -5.540307
v 11.160035 7.626791 -5.535073
v 12.332043 5.973353 -4.022919
v 12.145436 6.552085 -4.141892
v 11.908943 7.168846 -4.560861
v 13.246294 2.855958 -4.088168
v 12.434055 5.643842 -3.988080
v 11.893177 5.968263 -7.442763
v 11.983210 5.638616 -7.501266
v 12.024255 6.885156 -4.317420
v 11.983210 5.638616 -7.501266
v 12.795450 2.850730 -7.601356
v 11.669379 6.881041 -7.082757
v 11.742438 6.547419 -7.282215
v 12.434055 5.643842 -3.988080
v 12.332043 5.973353 -4.022919
v 12.795450 2.850730 -7.601356
v 13.246294 2.855958 -4.088168
v 11.588753 7.406950 -6.500122
v 11.619166 7.165489 -6.818920
v 11.742438 6.547419 -7.282215
v 11.582229 7.757349 -5.745420
v 11.576809 7.605227 -6.137150
v 11.619166 7.165489 -6.818920
v 11.586287 7.777330 -5.667984
v 11.576809 7.605227 -6.137150
v 11.588753 7.406950 -6.500122
v 11.601919 7.757576 -5.591976
v 12.024255 6.885156 -4.317420
v 11.908943 7.168846 -4.560861
v 11.601919 7.757576 -5.591976
v 13.024881 5.567679 3.779582
v 12.986319 5.556266 3.784549
v 12.869614 5.933247 3.744694
v 12.908173 5.944660 3.739728
v 11.987288 8.175374 1.715484
v 11.944294 8.385294 1.864078
v 12.077154 8.171280 2.403958
v 12.108946 7.979406 2.209834
v 12.243049 7.723336 2.662681
v 12.223618 7.891605 2.898551
v 12.380527 7.548541 3.328552
v 12.386531 7.409623 3.055892
v 12.537335 7.038613 3.374262
v 12.545566 7.142507 3.676974
v 12.719912 6.663312 3.929505
v 12.696459 6.601254 3.604742
v 12.908173 5.944660 3.739728
v 12.941696 5.975488 4.070912
v 13.064297 5.579472 4.112781
v 13.024881 5.567679 3.779582
v 12.258094 5.937123 -1.325966
v 12.206895 5.966970 -1.654969
v 12.027743 6.655291 -1.464162
v 12.087078 6.594191 -1.143818
v 11.991143 7.032282 -0.881906
v 11.922632 7.135286 -1.177192
v 11.850765 7.542399 -0.799578
v 11.925476 7.404277 -0.536861
v 11.885810 7.719194 -0.121080
v 11.807387 7.886779 -0.344900
v 11.790448 8.167958 0.169829
v 11.870300 7.976637 0.350203
v 12.386531 7.409623 3.055892
v 12.380527 7.548541 3.328552
v 12.696459 6.601254 3.604742
v 12.719912 6.663312 3.929505
v 12.361096 5.559989 -1.392895
v 12.315099 5.570787 -1.725281
v 12.206895 5.966970 -1.654969
v 12.258094 5.937123 -1.325966
v 11.922632 7.135286 -1.177192
v 11.991143 7.032282 -0.881906
v 11.807387 7.886779 -0.344900
v 11.885810 7.719194 -0.121080
v 11.870300 7.976637 0.350203
v 11.790448 8.167958 0.169829
v 11.798132 8.383601 0.725136
v 11.877337 8.174095 0.858675
v 11.877337 8.174095 0.858675
v 11.798132 8.383601 0.725136
v 11.828247 8.531919 1.299900
v 11.899992 8.285674 1.291066
v 12.108946 7.979406 2.209834
v 12.077154 8.171280 2.403958
v 12.223618 7.891605 2.898551
v 12.243049 7.723336 2.662681
v 13.024881 5.567679 3.779582
v 13.064297 5.579472 4.112781
v 14.122778 1.946405 3.982349
v 14.012865 2.176581 3.657839
v 13.349081 2.168888 -1.514641
v 13.373579 1.937722 -1.855714
v 12.315099 5.570787 -1.725281
v 12.361096 5.559989 -1.392895
v 14.012865 2.176581 3.657839
v 14.122778 1.946405 3.982349
v 13.373579 1.937722 -1.855714
v 13.349081 2.168888 -1.514641
v 11.868366 8.084410 0.913533
v 11.888050 8.090235 0.910997
v 11.881257 7.899570 0.420020
v 11.861573 7.893744 0.422558
v 13.349081 2.168888 -1.514641
v 13.310520 2.157475 -1.509677
v 13.974300 2.165168 3.662803
v 14.012865 2.176581 3.657839
v 11.885810 7.719194 -0.121080
v 11.847249 7.707781 -0.116115
v 11.886914 7.392864 -0.531896
v 11.925476 7.404277 -0.536861
v 12.087078 6.594191 -1.143818
v 12.048516 6.582778 -1.138853
v 12.219533 5.925710 -1.321000
v 12.258094 5.937123 -1.325966
v 11.877337 8.174095 0.858675
v 11.838775 8.162683 0.863641
v 11.831739 7.965225 0.355166
v 11.870300 7.976637 0.350203
v 11.925476 7.404277 -0.536861
v 11.886914 7.392864 -0.531896
v 11.952581 7.020869 -0.876941
v 11.991143 7.032282 -0.881906
v 11.899992 8.285674 1.291066
v 11.861429 8.274261 1.296030
v 11.870300 7.976637 0.350203
v 11.831739 7.965225 0.355166
v 11.847249 7.707781 -0.116115
v 11.885810 7.719194 -0.121080
v 11.987288 8.175374 1.715484
v 11.948729 8.163960 1.720448
v 12.537335 7.038613 3.374262
v 12.498775 7.027202 3.379225
v 12.347969 7.398210 3.060856
v 12.386531 7.409623 3.055892
v 12.108946 7.979406 2.209834
v 12.070385 7.967993 2.214800
v 11.948729 8.163960 1.720448
v 11.987288 8.175374 1.715484
v 12.243049 7.723336 2.662681
v 12.204487 7.711923 2.667646
v 12.070385 7.967993 2.214800
v 12.108946 7.979406 2.209834
v 12.908173 5.944660 3.739728
v 12.869614 5.933247 3.744694
v 12.657900 6.589840 3.609709
v 12.696459 6.601254 3.604742
v 12.386531 7.409623 3.055892
v 12.347969 7.398210 3.060856
v 14.012865 2.176581 3.657839
v 13.974300 2.165168 3.662803
v 12.986319 5.556266 3.784549
v 13.024881 5.567679 3.779582
v 12.322535 5.548577 -1.387931
v 12.361096 5.559989 -1.392895
v 12.498775 7.027202 3.379225
v 12.537335 7.038613 3.374262
v 12.361096 5.559989 -1.392895
v 12.322535 5.548577 -1.387931
v 13.310520 2.157475 -1.509677
v 13.349081 2.168888 -1.514641
v 12.048516 6.582778 -1.138853
v 12.087078 6.594191 -1.143818
v 11.964792 8.085526 1.664930
v 11.948729 8.163960 1.720448
v 12.070385 7.967993 2.214800
v 12.082262 7.896306 2.142268
v 12.211746 7.649052 2.579518
v 12.204487 7.711923 2.667646
v 12.347969 7.398210 3.060856
v 12.350213 7.346307 2.958982
v 12.495698 6.988386 3.266124
v 12.498775 7.027202 3.379225
v 12.657900 6.589840 3.609709
v 12.649136 6.566655 3.488369
v 12.857086 5.921731 3.620958
v 12.869614 5.933247 3.744694
v 12.986319 5.556266 3.784549
v 12.971592 5.551865 3.660064
v 12.238663 5.914559 -1.198081
v 12.219533 5.925710 -1.321000
v 12.048516 6.582778 -1.138853
v 12.070685 6.559950 -1.019169
v 11.978178 6.982386 -0.766618
v 11.952581 7.020869 -0.876941
v 11.886914 7.392864 -0.531896
v 11.914827 7.341259 -0.433742
v 11.876547 7.645169 -0.032500
v 11.847249 7.707781 -0.116115
v 11.831739 7.965225 0.355166
v 11.861573 7.893744 0.422558
v 12.350213 7.346307 2.958982
v 12.347969 7.398210 3.060856
v 12.649136 6.566655 3.488369
v 12.657900 6.589840 3.609709
v 12.339720 5.544544 -1.263747
v 12.322535 5.548577 -1.387931
v 12.219533 5.925710 -1.321000
v 12.238663 5.914559 -1.198081
v 11.952581 7.020869 -0.876941
v 11.978178 6.982386 -0.766618
v 11.847249 7.707781 -0.116115
v 11.876547 7.645169 -0.032500
v 11.838775 8.162683 0.863641
v 11.868366 8.084410 0.913533
v 11.868366 8.084410 0.913533
v 11.838775 8.162683 0.863641
v 11.861429 8.274261 1.296030
v 11.888234 8.182258 1.292728
v 12.082262 7.896306 2.142268
v 12.070385 7.967993 2.214800
v 12.971592 5.551865 3.660064
v 12.986319 5.556266 3.784549
v 13.974300 2.165168 3.662803
v 13.933237 2.251169 3.541562
v 13.301365 2.243845 -1.382245
v 13.310520 2.157475 -1.509677
v 12.322535 5.548577 -1.387931
v 12.339720 5.544544 -1.263747
v 13.933237 2.251169 3.541562
v 13.974300 2.165168 3.662803
v 13.310520 2.157475 -1.509677
v 13.301365 2.243845 -1.382245
v 12.424941 5.534985 -0.792698
v 12.393135 5.525571 -0.788602
v 13.254337 2.569623 -0.894725
v 13.286146 2.579037 -0.898821
v 11.914827 7.341259 -0.433742
v 11.934510 7.347085 -0.436278
v 11.997862 6.988212 -0.769152
v 11.978178 6.982386 -0.766618
v 11.888234 8.182258 1.292728
v 11.907919 8.188085 1.290192
v 11.861573 7.893744 0.422558
v 11.881257 7.899570 0.420020
v 11.896231 7.650995 -0.035033
v 11.876547 7.645169 -0.032500
v 11.964792 8.085526 1.664930
v 11.984477 8.091352 1.662395
v 12.495698 6.988386 3.266124
v 12.515382 6.994212 3.263588
v 12.369898 7.352132 2.956449
v 12.350213 7.346307 2.958982
v 12.082262 7.896306 2.142268
v 12.101946 7.902132 2.139732
v 11.984477 8.091352 1.662395
v 11.964792 8.085526 1.664930
v 12.211746 7.649052 2.579518
v 12.231432 7.654879 2.576982
v 12.857086 5.921731 3.620958
v 12.876772 5.927557 3.618423
v 12.668819 6.572482 3.485835
v 12.649136 6.566655 3.488369
v 12.350213 7.346307 2.958982
v 12.369898 7.352132 2.956449
v 12.231432 7.654879 2.576982
v 12.211746 7.649052 2.579518
v 13.933237 2.251169 3.541562
v 13.952921 2.256995 3.539026
v 12.991276 5.557691 3.657530
v 12.971592 5.551865 3.660064
v 12.238663 5.914559 -1.198081
v 12.258348 5.920384 -1.200617
v 12.359404 5.550370 -1.266281
v 12.339720 5.544544 -1.263747
v 12.515382 6.994212 3.263588
v 12.495698 6.988386 3.266124
v 12.339720 5.544544 -1.263747
v 12.359404 5.550370 -1.266281
v 13.321049 2.249671 -1.384781
v 13.301365 2.243845 -1.382245
v 12.090369 6.565776 -1.021704
v 12.070685 6.559950 -1.019169
v 12.971592 5.551865 3.660064
v 12.991276 5.557691 3.657530
v 12.876772 5.927557 3.618423
v 12.857086 5.921731 3.620958
v 13.301365 2.243845 -1.382245
v 13.321049 2.249671 -1.384781
v 13.952921 2.256995 3.539026
v 13.933237 2.251169 3.541562
v 11.876547 7.645169 -0.032500
v 11.896231 7.650995 -0.035033
v 11.934510 7.347085 -0.436278
v 11.914827 7.341259 -0.433742
v 12.070685 6.559950 -1.019169
v 12.090369 6.565776 -1.021704
v 12.045736 7.792257 1.450674
v 11.984477 8.091352 1.662395
v 12.101946 7.902132 2.139732
v 12.147243 7.628747 1.863145
v 12.259114 7.415131 2.240916
v 12.231432 7.654879 2.576982
v 12.369898 7.352132 2.956449
v 12.378452 7.154204 2.567966
v 12.503655 6.846184 2.832279
v 12.515382 6.994212 3.263588
v 12.668819 6.572482 3.485835
v 12.635406 6.484059 3.023116
v 12.829008 5.883633 3.146554
v 12.876772 5.927557 3.618423
v 12.991276 5.557691 3.657530
v 12.935116 5.540895 3.182791
v 12.331297 5.877859 -0.731847
v 12.258348 5.920384 -1.200617
v 12.090369 6.565776 -1.021704
v 12.174909 6.478721 -0.565281
v 12.095475 6.841451 -0.348427
v 11.997862 6.988212 -0.769152
v 11.934510 7.347085 -0.436278
v 12.040956 7.150290 -0.061963
v 12.007966 7.412218 0.283859
v 11.896231 7.650995 -0.035033
v 11.881257 7.899570 0.420020
v 11.995028 7.626980 0.677005
v 12.378452 7.154204 2.567966
v 12.369898 7.352132 2.956449
v 12.635406 6.484059 3.023116
v 12.668819 6.572482 3.485835
v 12.424941 5.534985 -0.792698
v 12.359404 5.550370 -1.266281
v 12.258348 5.920384 -1.200617
v 12.331297 5.877859 -0.731847
v 11.997862 6.988212 -0.769152
v 12.095475 6.841451 -0.348427
v 12.040956 7.150290 -0.061963
v 11.934510 7.347085 -0.436278
v 11.995028 7.626980 0.677005
v 11.881257 7.899570 0.420020
v 11.888050 8.090235 0.910997
v 12.000897 7.791733 1.101261
v 12.000897 7.791733 1.101261
v 11.888050 8.090235 0.910997
v 11.907919 8.188085 1.290192
v 12.010137 7.837235 1.277596
v 12.147243 7.628747 1.863145
v 12.101946 7.902132 2.139732
v 12.231432 7.654879 2.576982
v 12.259114 7.415131 2.240916
v 12.935116 5.540895 3.182791
v 12.991276 5.557691 3.657530
v 13.952921 2.256995 3.539026
v 13.796320 2.584947 3.076665
v 13.286146 2.579037 -0.898821
v 13.321049 2.249671 -1.384781
v 12.359404 5.550370 -1.266281
v 12.424941 5.534985 -0.792698
v 13.796320 2.584947 3.076665
v 13.952921 2.256995 3.539026
v 13.321049 2.249671 -1.384781
v 13.286146 2.579037 -0.898821
v 12.240801 7.288841 2.081180
v 12.281431 7.300867 2.075947
v 12.178148 7.498087 1.727173
v 12.137520 7.486062 1.732405
v 12.095475 6.841451 -0.348427
v 12.063670 6.832037 -0.344328
v 12.143102 6.469307 -0.561184
v 12.174909 6.478721 -0.565281
v 12.935116 5.540895 3.182791
v 12.903309 5.531481 3.186883
v 12.797203 5.874219 3.150648
v 12.829008 5.883633 3.146554
v 13.286146 2.579037 -0.898821
v 13.254337 2.569623 -0.894725
v 13.764515 2.575533 3.080760
v 13.796320 2.584947 3.076665
v 12.007966 7.412218 0.283859
v 11.976160 7.402804 0.287955
v 12.009149 7.140877 -0.057867
v 12.040956 7.150290 -0.061963
v 12.174909 6.478721 -0.565281
v 12.143102 6.469307 -0.561184
v 12.299489 5.868445 -0.727751
v 12.331297 5.877859 -0.731847
v 12.000897 7.791733 1.101261
v 11.969091 7.782320 1.105358
v 11.963222 7.617566 0.681101
v 11.995028 7.626980 0.677005
v 12.040956 7.150290 -0.061963
v 12.009149 7.140877 -0.057867
v 12.010137 7.837235 1.277596
v 11.978331 7.827821 1.281693
v 11.995028 7.626980 0.677005
v 11.963222 7.617566 0.681101
v 12.045736 7.792257 1.450674
v 12.013930 7.782844 1.454769
v 12.503655 6.846184 2.832279
v 12.471848 6.836771 2.836374
v 12.346646 7.144791 2.572062
v 12.378452 7.154204 2.567966
v 12.147243 7.628747 1.863145
v 12.115438 7.619333 1.867240
v 12.013930 7.782844 1.454769
v 12.045736 7.792257 1.450674
v 12.259114 7.415131 2.240916
v 12.227306 7.405717 2.245014
v 12.829008 5.883633 3.146554
v 12.797203 5.874219 3.150648
v 12.603601 6.474646 3.027210
v 12.635406 6.484059 3.023116
v 12.378452 7.154204 2.567966
v 12.346646 7.144791 2.572062
v 12.227306 7.405717 2.245014
v 12.259114 7.415131 2.240916
v 13.796320 2.584947 3.076665
v 13.764515 2.575533 3.080760
v 12.903309 5.531481 3.186883
v 12.935116 5.540895 3.182791
v 12.393135 5.525571 -0.788602
v 12.424941 5.534985 -0.792698
v 12.471848 6.836771 2.836374
v 12.503655 6.846184 2.832279
v 12.043795 7.637031 1.351556
v 12.013930 7.782844 1.454769
v 12.115438 7.619333 1.867240
v 12.137520 7.486062 1.732405
v 12.240801 7.288841 2.081180
v 12.227306 7.405717 2.245014
v 12.346646 7.144791 2.572062
v 12.350819 7.048299 2.382675
v 12.466130 6.764608 2.626115
v 12.471848 6.836771 2.836374
v 12.603601 6.474646 3.027210
v 12.587310 6.431540 2.801637
v 12.773918 5.852808 2.920614
v 12.797203 5.874219 3.150648
v 12.903309 5.531481 3.186883
v 12.875929 5.523295 2.955455
v 12.335051 5.847715 -0.499231
v 12.299489 5.868445 -0.727751
v 12.143102 6.469307 -0.561184
v 12.184313 6.426872 -0.338682
v 12.111255 6.760494 -0.139226
v 12.063670 6.832037 -0.344328
v 12.009149 7.140877 -0.057867
v 12.061042 7.044942 0.124612
v 12.030628 7.286403 0.443410
v 11.976160 7.402804 0.287955
v 11.963222 7.617566 0.681101
v 12.018684 7.484681 0.806382
v 12.471848 6.836771 2.836374
v 12.466130 6.764608 2.626115
v 12.587310 6.431540 2.801637
v 12.603601 6.474646 3.027210
v 12.425084 5.518068 -0.557730
v 12.393135 5.525571 -0.788602
v 12.299489 5.868445 -0.727751
v 12.335051 5.847715 -0.499231
v 12.063670 6.832037 -0.344328
v 12.111255 6.760494 -0.139226
v 12.061042 7.044942 0.124612
v 12.009149 7.140877 -0.057867
v 11.969091 7.782320 1.105358
v 12.024104 7.636803 1.198113
v 12.024104 7.636803 1.198113
v 11.969091 7.782320 1.105358
v 11.978331 7.827821 1.281693
v 12.028162 7.656785 1.275553
v 12.137520 7.486062 1.732405
v 12.115438 7.619333 1.867240
v 12.875929 5.523295 2.955455
v 12.903309 5.531481 3.186883
v 13.764515 2.575533 3.080760
v 13.688168 2.735411 2.855366
v 13.237322 2.730189 -0.657825
v 13.254337 2.569623 -0.894725
v 12.393135 5.525571 -0.788602
v 12.425084 5.518068 -0.557730
v 13.688168 2.735411 2.855366
v 13.764515 2.575533 3.080760
v 13.254337 2.569623 -0.894725
v 13.237322 2.730189 -0.657825
v 12.682688 7.419626 2.024277
v 12.579404 7.616847 1.675502
v 12.773918 5.852808 2.920614
v 12.814547 5.864833 2.915384
v 12.627937 6.443565 2.796406
v 12.587310 6.431540 2.801637
v 12.350819 7.048299 2.382675
v 12.391449 7.060324 2.377443
v 13.688168 2.735411 2.855366
v 13.728798 2.747436 2.850133
v 12.916559 5.535320 2.950222
v 12.875929 5.523295 2.955455
v 12.335051 5.847715 -0.499231
v 12.375681 5.859740 -0.504464
v 12.465714 5.530093 -0.562962
v 12.425084 5.518068 -0.557730
v 12.506759 6.776634 2.620887
v 12.466130 6.764608 2.626115
v 12.425084 5.518068 -0.557730
v 12.465714 5.530093 -0.562962
v 13.277952 2.742213 -0.663056
v 13.237322 2.730189 -0.657825
v 12.111255 6.760494 -0.139226
v 12.151886 6.772519 -0.144458
v 12.224942 6.438897 -0.343915
v 12.184313 6.426872 -0.338682
v 12.875929 5.523295 2.955455
v 12.916559 5.535320 2.950222
v 12.814547 5.864833 2.915384
v 12.773918 5.852808 2.920614
v 13.237322 2.730189 -0.657825
v 13.277952 2.742213 -0.663056
v 13.728798 2.747436 2.850133
v 13.688168 2.735411 2.855366
v 12.030628 7.286403 0.443410
v 12.071257 7.298428 0.438178
v 12.101671 7.056967 0.119379
v 12.061042 7.044942 0.124612
v 12.184313 6.426872 -0.338682
v 12.224942 6.438897 -0.343915
v 12.024104 7.636803 1.198113
v 12.064734 7.648828 1.192881
v 12.059313 7.496706 0.801151
v 12.018684 7.484681 0.806382
v 12.061042 7.044942 0.124612
v 12.101671 7.056967 0.119379
v 12.028162 7.656785 1.275553
v 12.068790 7.668811 1.270320
v 12.018684 7.484681 0.806382
v 12.059313 7.496706 0.801151
v 12.071257 7.298428 0.438178
v 12.030628 7.286403 0.443410
v 12.043795 7.637031 1.351556
v 12.084425 7.649056 1.346324
v 12.466130 6.764608 2.626115
v 12.506759 6.776634 2.620887
v 12.391449 7.060324 2.377443
v 12.350819 7.048299 2.382675
v 12.084425 7.649056 1.346324
v 12.043795 7.637031 1.351556
v 13.215805 5.983593 2.863713
v 13.029196 6.562325 2.744735
v 12.792704 7.179083 2.325773
v 14.130058 2.866196 2.798465
v 13.317818 5.654079 2.898552
v 12.776937 5.978500 -0.556133
v 12.866972 5.648852 -0.614633
v 12.908016 6.895394 2.569217
v 12.866972 5.648852 -0.614633
v 13.679207 2.860973 -0.714726
v 12.553141 6.891278 -0.196127
v 12.626200 6.557656 -0.395584
v 13.317818 5.654079 2.898552
v 13.215805 5.983593 2.863713
v 13.679207 2.860973 -0.714726
v 14.130058 2.866196 2.798465
v 12.472514 7.417188 0.386509
v 12.502927 7.175726 0.067711
v 12.626200 6.557656 -0.395584
v 12.465988 7.767587 1.141211
v 12.460569 7.615466 0.749478
v 12.502927 7.175726 0.067711
v 12.470046 7.787570 1.218650
v 12.460569 7.615466 0.749478
v 12.472514 7.417188 0.386509
v 12.485682 7.767816 1.294654
v 12.908016 6.895394 2.569217
v 12.792704 7.179083 2.325773
v 12.485682 7.767816 1.294654
v 7.263262 6.732814 -13.886826
v 6.329944 7.117897 -14.910235
v 6.807981 7.463752 -14.166686
v 7.404450 6.914610 -13.635048
v 7.064564 6.251808 -14.332111
v 5.576810 6.267223 -16.205202
v 5.913392 6.716738 -15.598456
v 7.147799 6.510931 -14.122302
v 7.019899 5.620658 -14.643464
v 5.210216 5.229824 -17.087305
v 5.336837 5.773860 -16.707611
v 7.019580 5.956849 -14.508070
v 7.155298 4.872196 -14.774761
v 5.306631 4.092762 -17.424807
v 5.246636 4.502183 -17.335218
v 7.097148 5.143347 -14.738688
v 8.751543 6.040542 -12.286469
v 10.535114 6.520997 -9.839411
v 10.899515 5.872879 -9.640888
v 8.944262 5.591228 -12.224518
v 8.369273 6.568168 -12.556227
v 9.652306 7.255442 -10.657904
v 10.129116 6.935884 -10.184680
v 8.568849 6.332515 -12.399311
v 7.935011 6.895699 -12.972483
v 8.535587 7.652715 -11.908064
v 9.115490 7.493180 -11.239975
v 8.156000 6.755399 -12.750008
v 7.019580 5.956849 -14.508070
v 5.336837 5.773860 -16.707611
v 5.576810 6.267223 -16.205202
v 7.064564 6.251808 -14.332111
v 11.070260 5.490323 -9.579739
v 9.041357 5.329526 -12.207575
v 10.535114 6.520997 -9.839411
v 8.751543 6.040542 -12.286469
v 8.156000 6.755399 -12.750008
v 9.115490 7.493180 -11.239975
v 7.713517 6.989552 -13.214363
v 7.932405 7.736397 -12.636192
v 7.536397 7.029606 -13.421923
v 7.327238 7.747499 -13.396149
v 7.404450 6.914610 -13.635048
v 6.807981 7.463752 -14.166686
v 6.329944 7.117897 -14.910235
v 7.263262 6.732814 -13.886826
v 8.033567 1.857675 -14.882988
v 6.365174 0.459490 -17.555248
v 5.306631 4.092762 -17.424807
v 7.155298 4.872196 -14.774761
v 12.128800 1.857048 -9.710180
v 9.919627 2.315005 -12.315802
v 9.919627 2.315005 -12.315802
v 12.128800 1.857048 -9.710180
v 11.768574 1.769701 -10.200495
v 9.888615 2.307485 -12.358013
v 8.064579 1.865195 -14.840771
v 6.725400 0.546837 -17.064930
v 8.194867 1.896787 -14.663431
v 7.085628 0.634185 -16.574614
v 8.325155 1.928379 -14.486094
v 7.445853 0.721532 -16.084295
v 7.085628 0.634185 -16.574614
v 8.194867 1.896787 -14.663431
v 8.455442 1.959971 -14.308752
v 7.806082 0.808880 -15.593981
v 8.585732 1.991563 -14.131411
v 8.166307 0.896227 -15.103664
v 8.716019 2.023155 -13.954075
v 8.526535 0.983575 -14.613345
v 8.846312 2.054748 -13.776733
v 8.886762 1.070922 -14.123032
v 8.526535 0.983575 -14.613345
v 8.716019 2.023155 -13.954075
v 8.976600 2.086341 -13.599392
v 9.246989 1.158270 -13.632711
v 9.106886 2.117933 -13.422056
v 9.607212 1.245616 -13.142397
v 9.237176 2.149525 -13.244715
v 9.967440 1.332964 -12.652077
v 9.367463 2.181116 -13.067373
v 10.327666 1.420311 -12.161762
v 9.497751 2.212709 -12.890032
v 10.687893 1.507659 -11.671448
v 10.327666 1.420311 -12.161762
v 9.367463 2.181116 -13.067373
v 9.628038 2.244301 -12.712696
v 11.048120 1.595006 -11.181129
v 9.758327 2.275893 -12.535355
v 11.408346 1.682354 -10.690813
v 8.455442 1.959971 -14.308752
v 8.897654 2.101375 -14.658825
v 9.027941 2.132967 -14.481489
v 8.585732 1.991563 -14.131411
v 8.751543 6.040542 -12.286469
v 9.193753 6.181946 -12.636541
v 9.011059 6.473920 -12.749388
v 8.568849 6.332515 -12.399311
v 9.158228 2.164560 -14.304146
v 8.716019 2.023155 -13.954075
v 8.369273 6.568168 -12.556227
v 8.811483 6.709572 -12.906298
v 8.598207 6.896802 -13.100079
v 8.156000 6.755399 -12.750008
v 9.288518 2.196152 -14.126806
v 8.846312 2.054748 -13.776733
v 7.935011 6.895699 -12.972483
v 8.377222 7.037104 -13.322559
v 8.155727 7.130957 -13.564436
v 7.713517 6.989552 -13.214363
v 8.846312 2.054748 -13.776733
v 9.288518 2.196152 -14.126806
v 9.418805 2.227744 -13.949465
v 8.976600 2.086341 -13.599392
v 7.713517 6.989552 -13.214363
v 8.155727 7.130957 -13.564436
v 7.978602 7.171009 -13.771996
v 7.536397 7.029606 -13.421923
v 7.404450 6.914610 -13.635048
v 7.846657 7.056014 -13.985119
v 7.705471 6.874218 -14.236897
v 7.263262 6.732814 -13.886826
v 9.549093 2.259336 -13.772127
v 9.106886 2.117933 -13.422056
v 7.536397 7.029606 -13.421923
v 7.978602 7.171009 -13.771996
v 7.147799 6.510931 -14.122302
v 7.590008 6.652336 -14.472380
v 7.506774 6.393212 -14.682186
v 7.064564 6.251808 -14.332111
v 9.679385 2.290929 -13.594788
v 9.237176 2.149525 -13.244715
v 7.263262 6.732814 -13.886826
v 7.705471 6.874218 -14.236897
v 7.590008 6.652336 -14.472380
v 7.147799 6.510931 -14.122302
v 7.019580 5.956849 -14.508070
v 7.461790 6.098254 -14.858143
v 7.462109 5.762063 -14.993542
v 7.019899 5.620658 -14.643464
v 9.809674 2.322521 -13.417447
v 9.367463 2.181116 -13.067373
v 7.155298 4.872196 -14.774761
v 7.597508 5.013599 -15.124832
v 8.475778 1.999080 -15.233059
v 8.033567 1.857675 -14.882988
v 7.097148 5.143347 -14.738688
v 7.539358 5.284750 -15.088760
v 9.367463 2.181116 -13.067373
v 9.809674 2.322521 -13.417447
v 9.939960 2.354113 -13.240108
v 9.497751 2.212709 -12.890032
v 9.919627 2.315005 -12.315802
v 10.361838 2.456410 -12.665874
v 9.483568 5.470930 -12.557648
v 9.041357 5.329526 -12.207575
v 8.944262 5.591228 -12.224518
v 9.386473 5.732633 -12.574591
v 9.497751 2.212709 -12.890032
v 9.939960 2.354113 -13.240108
v 10.070250 2.385706 -13.062769
v 9.628038 2.244301 -12.712696
v 9.888615 2.307485 -12.358013
v 10.330825 2.448890 -12.708090
v 10.361838 2.456410 -12.665874
v 9.919627 2.315005 -12.315802
v 8.568849 6.332515 -12.399311
v 9.011059 6.473920 -12.749388
v 8.811483 6.709572 -12.906298
v 8.369273 6.568168 -12.556227
v 10.200538 2.417298 -12.885427
v 9.758327 2.275893 -12.535355
v 8.033567 1.857675 -14.882988
v 8.475778 1.999080 -15.233059
v 8.506790 2.006599 -15.190844
v 8.064579 1.865195 -14.840771
v 8.377222 7.037104 -13.322559
v 7.935011 6.895699 -12.972483
v 8.637076 2.038191 -15.013508
v 8.194867 1.896787 -14.663431
v 7.064564 6.251808 -14.332111
v 7.506774 6.393212 -14.682186
v 7.461790 6.098254 -14.858143
v 7.019580 5.956849 -14.508070
v 8.767365 2.069783 -14.836166
v 8.325155 1.928379 -14.486094
v 7.019899 5.620658 -14.643464
v 7.462109 5.762063 -14.993542
v 8.325155 1.928379 -14.486094
v 8.767365 2.069783 -14.836166
v 9.041357 5.329526 -12.207575
v 9.483568 5.470930 -12.557648
v -1.342302 4.338974 -17.044317
v -2.754056 4.541430 -16.863449
v -1.938777 5.016016 -16.968779
v -1.087994 4.563951 -17.077288
v -1.738429 3.782608 -16.992657
v -4.090418 3.468131 -16.690359
v -3.481410 4.021634 -16.769335
v -1.562715 4.077032 -17.015644
v -1.916257 3.100628 -16.968822
v -4.846706 2.281980 -16.591539
v -4.553960 2.889430 -16.630013
v -1.859689 3.458533 -16.976614
v -1.829023 2.333780 -16.978876
v -4.887136 1.092683 -16.584583
v -4.912591 1.515288 -16.581945
v -1.875025 2.609568 -16.973383
v 0.895615 3.932851 -17.330906
v 3.799952 4.841122 -17.704969
v 4.266660 4.232056 -17.763956
v 1.124351 3.497286 -17.359613
v 0.380185 4.409647 -17.265471
v 2.527449 5.426813 -17.542542
v 3.227831 5.192595 -17.632072
v 0.656034 4.203111 -17.300562
v -0.251504 4.661818 -17.184782
v 0.827502 5.601458 -17.324646
v 1.718210 5.560563 -17.438890
v 0.074423 4.561574 -17.226458
v -1.859689 3.458533 -16.976614
v -4.553960 2.889430 -16.630013
v 4.471941 3.862682 -17.789751
v 1.233595 3.240220 -17.373249
v 0.656034 4.203111 -17.300562
v 3.227831 5.192595 -17.632072
v 3.799952 4.841122 -17.704969
v 0.895615 3.932851 -17.330906
v 0.074423 4.561574 -17.226458
v 1.718210 5.560563 -17.438890
v -0.586127 4.712488 -17.141914
v -0.112920 5.556411 -17.203896
v 0.827502 5.601458 -17.324646
v -0.251504 4.661818 -17.184782
v -0.859648 4.715744 -17.106817
v -1.068802 5.433639 -17.081045
v -1.087994 4.563951 -17.077288
v -1.938777 5.016016 -16.968779
v -2.754056 4.541430 -16.863449
v -1.342302 4.338974 -17.044317
v -0.950752 -0.680741 -17.087103
v -3.828595 -2.540592 -16.715025
v -4.887136 1.092683 -16.584583
v -1.829023 2.333780 -16.978876
v 5.530482 0.229408 -17.920193
v 2.111863 0.225700 -17.481476
v 2.111863 0.225700 -17.481476
v 5.530482 0.229408 -17.920193
v 4.945539 0.056283 -17.844870
v 2.061507 0.210796 -17.474993
v -0.900395 -0.665837 -17.093588
v -3.243653 -2.367467 -16.790348
v -0.688832 -0.603220 -17.120832
v -2.658709 -2.194342 -16.865671
v -3.243653 -2.367467 -16.790348
v -0.900395 -0.665837 -17.093588
v -0.477268 -0.540604 -17.148073
v -2.073767 -2.021216 -16.940994
v -0.265699 -0.477986 -17.175318
v -1.488824 -1.848091 -17.016317
v -0.054136 -0.415370 -17.202562
v -0.903884 -1.674967 -17.091640
v 0.157429 -0.352753 -17.229803
v -0.318941 -1.501841 -17.166964
v -0.903884 -1.674967 -17.091640
v -0.054136 -0.415370 -17.202562
v 0.368991 -0.290137 -17.257048
v 0.266003 -1.328716 -17.242287
v 0.580556 -0.227520 -17.284290
v 0.850946 -1.155591 -17.317610
v 0.792120 -0.164904 -17.311533
v 1.435889 -0.982466 -17.392933
v 1.003683 -0.102288 -17.338778
v 2.020832 -0.809341 -17.468256
v 1.435889 -0.982466 -17.392933
v 0.792120 -0.164904 -17.311533
v 1.215246 -0.039672 -17.366020
v 2.605770 -0.636217 -17.543579
v 1.426815 0.022946 -17.393263
v 3.190714 -0.463092 -17.618900
v 1.638379 0.085563 -17.420507
v 3.775656 -0.289966 -17.694223
v 1.849942 0.148179 -17.447748
v 4.360599 -0.116841 -17.769548
v 3.775656 -0.289966 -17.694223
v 1.638379 0.085563 -17.420507
v -0.265699 -0.477986 -17.175318
v -0.339711 -0.478844 -17.752047
v -0.128149 -0.416227 -17.779291
v -0.054136 -0.415370 -17.202562
v 0.895615 3.932851 -17.330906
v 0.821603 3.931992 -17.907635
v 0.582022 4.202251 -17.877291
v 0.656034 4.203111 -17.300562
v 0.083416 -0.353611 -17.806532
v 0.157429 -0.352753 -17.229803
v 0.380185 4.409647 -17.265471
v 0.306173 4.408790 -17.842199
v 0.000412 4.560717 -17.803186
v 0.074423 4.561574 -17.226458
v 0.157429 -0.352753 -17.229803
v 0.083416 -0.353611 -17.806532
v 0.294981 -0.290994 -17.833776
v 0.368991 -0.290137 -17.257048
v -0.251504 4.661818 -17.184782
v -0.325516 4.660961 -17.761509
v -0.660139 4.711630 -17.718641
v -0.586127 4.712488 -17.141914
v 0.506544 -0.228378 -17.861019
v 0.580556 -0.227520 -17.284290
v -0.586127 4.712488 -17.141914
v -0.660139 4.711630 -17.718641
v -0.933659 4.714887 -17.683546
v -0.859648 4.715744 -17.106817
v -1.087994 4.563951 -17.077288
v -1.162004 4.563095 -17.654016
v -1.416313 4.338118 -17.621046
v -1.342302 4.338974 -17.044317
v 0.718108 -0.165761 -17.888262
v 0.792120 -0.164904 -17.311533
v -0.859648 4.715744 -17.106817
v -0.933659 4.714887 -17.683546
v -1.562715 4.077032 -17.015644
v -1.636725 4.076175 -17.592371
v -1.812439 3.781751 -17.569384
v -1.738429 3.782608 -16.992657
v 0.929672 -0.103145 -17.915506
v 1.003683 -0.102288 -17.338778
v -1.342302 4.338974 -17.044317
v -1.416313 4.338118 -17.621046
v -1.859689 3.458533 -16.976614
v -1.933701 3.457675 -17.553343
v -1.990268 3.099770 -17.545549
v -1.916257 3.100628 -16.968822
v 1.003683 -0.102288 -17.338778
v 0.929672 -0.103145 -17.915506
v 1.141235 -0.040529 -17.942749
v 1.215246 -0.039672 -17.366020
v -1.829023 2.333780 -16.978876
v -1.903034 2.332921 -17.555605
v -1.024764 -0.681598 -17.663832
v -0.950752 -0.680741 -17.087103
v -1.875025 2.609568 -16.973383
v -1.949036 2.608710 -17.550112
v 1.352804 0.022089 -17.969992
v 1.426815 0.022946 -17.393263
v 2.111863 0.225700 -17.481476
v 2.037853 0.224842 -18.058205
v 1.159583 3.239362 -17.949980
v 1.233595 3.240220 -17.373249
v 1.124351 3.497286 -17.359613
v 1.050341 3.496428 -17.936342
v 1.564368 0.084705 -17.997234
v 1.638379 0.085563 -17.420507
v 2.061507 0.210796 -17.474993
v 1.987495 0.209938 -18.051722
v 2.037853 0.224842 -18.058205
v 2.111863 0.225700 -17.481476
v 0.656034 4.203111 -17.300562
v 0.582022 4.202251 -17.877291
v 0.306173 4.408790 -17.842199
v 0.380185 4.409647 -17.265471
v 1.775931 0.147322 -18.024477
v 1.849942 0.148179 -17.447748
v -0.950752 -0.680741 -17.087103
v -1.024764 -0.681598 -17.663832
v -0.974407 -0.666694 -17.670317
v -0.900395 -0.665837 -17.093588
v 1.849942 0.148179 -17.447748
v 1.775931 0.147322 -18.024477
v -0.762843 -0.604078 -17.697559
v -0.688832 -0.603220 -17.120832
v -1.738429 3.782608 -16.992657
v -1.812439 3.781751 -17.569384
v -0.688832 -0.603220 -17.120832
v -0.762843 -0.604078 -17.697559
v -0.551279 -0.541461 -17.724802
v -0.477268 -0.540604 -17.148073
v -1.916257 3.100628 -16.968822
v -1.990268 3.099770 -17.545549
v 1.233595 3.240220 -17.373249
v 1.159583 3.239362 -17.949980
v -8.196181 2.121301 -10.893604
v -8.840993 2.509725 -9.668818
v -8.566321 2.853224 -10.509991
v -8.123215 2.302306 -11.173405
v -8.275829 1.641673 -10.411167
v -9.070113 2.110739 -8.896552
v -8.248365 1.900150 -10.635948
v -8.240191 1.011454 -10.096777
v -8.274811 1.347249 -10.228689
v -8.075747 0.263328 -10.001740
v -8.141222 0.534393 -10.022753
v -7.159961 1.423791 -12.815857
v -6.052247 1.896418 -15.635372
v -5.749535 1.247587 -15.917576
v -6.988959 0.974226 -12.923153
v -7.461925 1.952349 -12.459869
v -6.700055 2.633583 -14.622643
v -6.358062 2.312467 -15.199993
v -7.308350 1.716162 -12.661396
v -7.777136 2.281258 -11.948404
v -7.465071 3.034931 -13.132187
v -7.072590 2.873221 -13.924587
v -7.619431 2.140225 -12.219063
v -8.274811 1.347249 -10.228689
v -5.599623 0.864787 -16.018738
v -6.899189 0.712438 -12.963293
v -7.308350 1.716162 -12.661396
v -6.358062 2.312467 -15.199993
v -6.052247 1.896418 -15.635372
v -7.159961 1.423791 -12.815857
v -7.619431 2.140225 -12.219063
v -7.072590 2.873221 -13.924587
v -7.930412 2.375901 -11.658709
v -7.864885 3.120969 -12.275597
v -7.465071 3.034931 -13.132187
v -7.777136 2.281258 -11.948404
v -8.049399 2.416628 -11.413271
v -8.258554 3.134523 -11.387497
v -8.840993 2.509725 -9.668818
v -8.196181 2.121301 -10.893604
v -7.197477 -2.751193 -10.109966
v -8.075747 0.263328 -10.001740
v -4.541082 -2.768487 -16.149179
v -6.020921 -2.302082 -13.071520
v -6.020921 -2.302082 -13.071520
v -4.541082 -2.768487 -16.149179
v -4.765798 -2.854264 -15.583542
v -6.040267 -2.309467 -13.022823
v -7.178129 -2.743808 -10.158663
v -7.096857 -2.712784 -10.363247
v -7.015582 -2.681760 -10.567831
v -6.934302 -2.650734 -10.772411
v -7.237672 -3.797819 -9.361506
v -6.853024 -2.619710 -10.976995
v -7.012955 -3.712041 -9.927145
v -7.237672 -3.797819 -9.361506
v -6.934302 -2.650734 -10.772411
v -6.771751 -2.588687 -11.181580
v -6.788238 -3.626263 -10.492783
v -6.690473 -2.557661 -11.386164
v -6.563523 -3.540485 -11.058424
v -6.609196 -2.526637 -11.590744
v -6.338806 -3.454707 -11.624063
v -6.527922 -2.495613 -11.795329
v -6.114091 -3.368930 -12.189705
v -6.446647 -2.464588 -11.999912
v -5.889374 -3.283152 -12.755342
v -6.114091 -3.368930 -12.189705
v -6.527922 -2.495613 -11.795329
v -6.365370 -2.433564 -12.204491
v -5.664663 -3.197376 -13.320980
v -6.284094 -2.402540 -12.409077
v -5.439946 -3.111598 -13.886623
v -6.202818 -2.371515 -12.613661
v -5.215230 -3.025820 -14.452261
v -6.121542 -2.340491 -12.818239
v -4.990516 -2.940043 -15.017902
v -5.215230 -3.025820 -14.452261
v -6.202818 -2.371515 -12.613661
v -6.934302 -2.650734 -10.772411
v -7.450521 -2.792996 -10.999070
v -7.369247 -2.761972 -11.203651
v -6.853024 -2.619710 -10.976995
v -7.159961 1.423791 -12.815857
v -7.676180 1.281529 -13.042517
v -7.824574 1.573900 -12.888052
v -7.308350 1.716162 -12.661396
v -6.853024 -2.619710 -10.976995
v -7.369247 -2.761972 -11.203651
v -7.287971 -2.730947 -11.408236
v -6.771751 -2.588687 -11.181580
v -7.461925 1.952349 -12.459869
v -7.978145 1.810087 -12.686523
v -8.135654 1.997963 -12.445719
v -7.619431 2.140225 -12.219063
v -6.771751 -2.588687 -11.181580
v -7.287971 -2.730947 -11.408236
v -7.206697 -2.699924 -11.612820
v -6.690473 -2.557661 -11.386164
v -7.777136 2.281258 -11.948404
v -8.293358 2.138996 -12.175060
v -8.446633 2.233639 -11.885368
v -7.930412 2.375901 -11.658709
v -7.125419 -2.668899 -11.817402
v -6.609196 -2.526637 -11.590744
v -7.930412 2.375901 -11.658709
v -8.446633 2.233639 -11.885368
v -8.565621 2.274366 -11.639927
v -8.049399 2.416628 -11.413271
v -8.123215 2.302306 -11.173405
v -8.639433 2.160044 -11.400059
v -8.712404 1.979039 -11.120260
v -8.196181 2.121301 -10.893604
v -7.044142 -2.637874 -12.021982
v -6.527922 -2.495613 -11.795329
v -8.049399 2.416628 -11.413271
v -8.565621 2.274366 -11.639927
v -8.248365 1.900150 -10.635948
v -8.764586 1.757888 -10.862605
v -8.792048 1.499412 -10.637822
v -8.275829 1.641673 -10.411167
v -6.962868 -2.606851 -12.226566
v -6.446647 -2.464588 -11.999912
v -8.196181 2.121301 -10.893604
v -8.712404 1.979039 -11.120260
v -8.764586 1.757888 -10.862605
v -8.248365 1.900150 -10.635948
v -8.274811 1.347249 -10.228689
v -8.791030 1.204987 -10.455345
v -8.756412 0.869192 -10.323433
v -8.240191 1.011454 -10.096777
v -6.446647 -2.464588 -11.999912
v -6.962868 -2.606851 -12.226566
v -6.881592 -2.575826 -12.431150
v -6.365370 -2.433564 -12.204491
v -8.075747 0.263328 -10.001740
v -8.591968 0.121065 -10.228394
v -7.713700 -2.893455 -10.336620
v -7.197477 -2.751193 -10.109966
v -8.141222 0.534393 -10.022753
v -8.657445 0.392131 -10.249409
v -6.800315 -2.544802 -12.635731
v -6.284094 -2.402540 -12.409077
v -6.020921 -2.302082 -13.071520
v -6.537138 -2.444342 -13.298180
v -7.415408 0.570178 -13.189953
v -6.899189 0.712438 -12.963293
v -6.988959 0.974226 -12.923153
v -7.505182 0.831964 -13.149809
v -6.719040 -2.513778 -12.840315
v -6.202818 -2.371515 -12.613661
v -6.040267 -2.309467 -13.022823
v -6.556483 -2.451727 -13.249479
v -6.537138 -2.444342 -13.298180
v -6.020921 -2.302082 -13.071520
v -7.308350 1.716162 -12.661396
v -7.824574 1.573900 -12.888052
v -7.978145 1.810087 -12.686523
v -7.461925 1.952349 -12.459869
v -6.637764 -2.482753 -13.044899
v -6.121542 -2.340491 -12.818239
v -7.197477 -2.751193 -10.109966
v -7.713700 -2.893455 -10.336620
v -7.694356 -2.886071 -10.385321
v -7.178129 -2.743808 -10.158663
v -7.619431 2.140225 -12.219063
v -8.135654 1.997963 -12.445719
v -6.121542 -2.340491 -12.818239
v -6.637764 -2.482753 -13.044899
v -7.613078 -2.855046 -10.589901
v -7.096857 -2.712784 -10.363247
v -8.275829 1.641673 -10.411167
v -8.792048 1.499412 -10.637822
v -8.791030 1.204987 -10.455345
v -8.274811 1.347249 -10.228689
v -7.531797 -2.824021 -10.794487
v -7.015582 -2.681760 -10.567831
v -8.240191 1.011454 -10.096777
v -8.756412 0.869192 -10.323433
v -6.899189 0.712438 -12.963293
v -7.415408 0.570178 -13.189953
v 11.996353 5.930879 -3.112616
v 11.958754 5.919892 -3.106852
v 12.076749 5.539505 -3.066494
v 12.113865 5.550443 -3.072643
v 11.188607 7.986629 -4.658567
v 11.151097 8.148524 -4.477230
v 11.018235 8.362538 -5.017106
v 11.066107 8.184121 -5.156515
v 11.468537 7.411336 -3.805038
v 11.454471 7.525784 -3.552629
v 11.297562 7.868847 -3.982631
v 11.323751 7.728302 -4.202013
v 11.782042 6.592041 -3.249723
v 11.793855 6.640556 -2.951679
v 11.619510 7.119750 -3.204210
v 11.620967 7.035781 -3.483094
v 12.113865 5.550443 -3.072643
v 12.138239 5.556714 -2.768403
v 12.015637 5.952731 -2.810274
v 11.996353 5.930879 -3.112616
v 11.165532 6.584897 -8.053831
v 11.101687 6.632534 -8.345345
v 11.280838 5.944210 -8.536158
v 11.338529 5.923250 -8.238676
v 11.002097 7.405931 -7.439754
v 10.924709 7.519641 -7.680760
v 10.996575 7.112530 -8.058380
v 11.068435 7.029377 -7.788654
v 10.946537 7.983828 -6.544886
v 10.864394 8.145197 -6.711354
v 10.881330 7.864023 -7.226082
v 10.962120 7.724112 -7.020012
v 11.454471 7.525784 -3.552629
v 11.468537 7.411336 -3.805038
v 11.793855 6.640556 -2.951679
v 11.782042 6.592041 -3.249723
v 11.338529 5.923250 -8.238676
v 11.280838 5.944210 -8.536158
v 11.389042 5.548030 -8.606464
v 11.442279 5.542662 -8.305912
v 11.068435 7.029377 -7.788654
v 10.996575 7.112530 -8.058380
v 10.962120 7.724112 -7.020012
v 10.881330 7.864023 -7.226082
v 10.953662 8.182818 -6.032729
v 10.872075 8.360845 -6.156048
v 10.864394 8.145197 -6.711354
v 10.946537 7.983828 -6.544886
v 10.975729 8.292988 -5.590398
v 10.902192 8.509157 -5.581283
v 10.872075 8.360845 -6.156048
v 10.953662 8.182818 -6.032729
v 11.323751 7.728302 -4.202013
v 11.297562 7.868847 -3.982631
v 11.151097 8.148524 -4.477230
v 11.188607 7.986629 -4.658567
v 13.096292 2.142182 -3.211038
v 13.196720 1.923645 -2.898836
v 12.138239 5.556714 -2.768403
v 12.113865 5.550443 -3.072643
v 11.442279 5.542662 -8.305912
v 11.389042 5.548030 -8.606464
v 12.447522 1.914964 -8.736897
v 12.429100 2.134447 -8.410099
v 12.429100 2.134447 -8.410099
v 12.447522 1.914964 -8.736897
v 13.196720 1.923645 -2.898836
v 13.096292 2.142182 -3.211038
v 10.956676 7.847983 -6.447750
v 10.978074 7.853016 -6.449902
v 10.984744 8.042197 -5.962811
v 10.963501 8.037151 -5.960469
v 13.096292 2.142182 -3.211038
v 13.076559 2.123117 -3.196114
v 12.406243 2.115351 -8.419495
v 12.429100 2.134447 -8.410099
v 11.002097 7.405931 -7.439754
v 10.964735 7.396278 -7.436217
v 10.924566 7.714366 -7.016067
v 10.962120 7.724112 -7.020012
v 11.338529 5.923250 -8.238676
v 11.300694 5.912261 -8.234732
v 11.128941 6.575158 -8.051666
v 11.165532 6.584897 -8.053831
v 10.946537 7.983828 -6.544886
v 10.908854 7.973975 -6.540638
v 10.915902 8.172879 -6.028261
v 10.953662 8.182818 -6.032729
v 11.068435 7.029377 -7.788654
v 11.031345 7.019738 -7.785658
v 10.964735 7.396278 -7.436217
v 11.002097 7.405931 -7.439754
v 10.940630 8.288131 -5.585886
v 10.975729 8.292988 -5.590398
v 10.962120 7.724112 -7.020012
v 10.924566 7.714366 -7.016067
v 10.908854 7.973975 -6.540638
v 10.946537 7.983828 -6.544886
v 11.028446 8.174188 -5.151268
v 11.066107 8.184121 -5.156515
v 11.468537 7.411336 -3.805038
v 11.431499 7.401690 -3.799001
v 11.584327 7.026146 -3.476599
v 11.620967 7.035781 -3.483094
v 11.066107 8.184121 -5.156515
v 11.028446 8.174188 -5.151268
v 11.151078 7.976779 -4.653139
v 11.188607 7.986629 -4.658567
v 11.188607 7.986629 -4.658567
v 11.151078 7.976779 -4.653139
v 11.286424 7.718564 -4.196320
v 11.323751 7.728302 -4.202013
v 11.782042 6.592041 -3.249723
v 11.746093 6.582312 -3.242558
v 11.958754 5.919892 -3.106852
v 11.996353 5.930879 -3.112616
v 11.431499 7.401690 -3.799001
v 11.468537 7.411336 -3.805038
v 12.113865 5.550443 -3.072643
v 12.076749 5.539505 -3.066494
v 13.076559 2.123117 -3.196114
v 13.096292 2.142182 -3.211038
v 11.442279 5.542662 -8.305912
v 11.404818 5.531721 -8.302460
v 11.620967 7.035781 -3.483094
v 11.584327 7.026146 -3.476599
v 12.429100 2.134447 -8.410099
v 12.406243 2.115351 -8.419495
v 11.404818 5.531721 -8.302460
v 11.442279 5.542662 -8.305912
v 11.165532 6.584897 -8.053831
v 11.128941 6.575158 -8.051666
v 11.173941 7.850504 -4.754719
v 11.151078 7.976779 -4.653139
v 11.028446 8.174188 -5.151268
v 11.057437 8.038239 -5.228484
v 11.439095 7.305884 -3.945415
v 11.431499 7.401690 -3.799001
v 11.286424 7.718564 -4.196320
v 11.302191 7.605455 -4.321156
v 11.733551 6.536899 -3.422378
v 11.746093 6.582312 -3.242558
v 11.584327 7.026146 -3.476599
v 11.582623 6.952414 -3.641813
v 12.053947 5.530529 -3.253104
v 12.076749 5.539505 -3.066494
v 11.958754 5.919892 -3.106852
v 11.940668 5.897066 -3.292141
v 11.162230 6.530275 -7.874368
v 11.128941 6.575158 -8.051666
v 11.300694 5.912261 -8.234732
v 11.329992 5.889983 -8.050812
v 11.009090 7.300905 -7.296178
v 10.964735 7.396278 -7.436217
v 11.031345 7.019738 -7.785658
v 11.071443 6.946486 -7.625154
v 10.956676 7.847983 -6.447750
v 10.908854 7.973975 -6.540638
v 10.924566 7.714366 -7.016067
v 10.971385 7.601624 -6.898929
v 11.431499 7.401690 -3.799001
v 11.439095 7.305884 -3.945415
v 11.746093 6.582312 -3.242558
v 11.733551 6.536899 -3.422378
v 11.329992 5.889983 -8.050812
v 11.300694 5.912261 -8.234732
v 11.404818 5.531721 -8.302460
v 11.429877 5.523294 -8.116117
v 11.071443 6.946486 -7.625154
v 11.031345 7.019738 -7.785658
v 10.971385 7.601624 -6.898929
v 10.924566 7.714366 -7.016067
v 10.963501 8.037151 -5.960469
v 10.915902 8.172879 -6.028261
v 10.979820 8.135180 -5.590689
v 10.940630 8.288131 -5.585886
v 10.915902 8.172879 -6.028261
v 10.963501 8.037151 -5.960469
v 11.151078 7.976779 -4.653139
v 11.173941 7.850504 -4.754719
v 13.005768 2.242442 -3.352975
v 13.076559 2.123117 -3.196114
v 12.076749 5.539505 -3.066494
v 12.053947 5.530529 -3.253104
v 11.429877 5.523294 -8.116117
v 11.404818 5.531721 -8.302460
v 12.406243 2.115351 -8.419495
v 12.377309 2.235160 -8.250198
v 12.377309 2.235160 -8.250198
v 12.406243 2.115351 -8.419495
v 13.076559 2.123117 -3.196114
v 13.005768 2.242442 -3.352975
v 12.366168 2.544599 -7.794278
v 12.350069 2.527497 -7.804544
v 11.475418 5.508710 -7.703133
v 11.506128 5.517659 -7.705716
v 11.071443 6.946486 -7.625154
v 11.093733 6.951746 -7.626243
v 11.031033 7.305985 -7.297730
v 11.009090 7.300905 -7.296178
v 11.005936 8.137383 -5.594043
v 10.979820 8.135180 -5.590689
v 10.971385 7.601624 -6.898929
v 10.993021 7.606658 -6.900830
v 10.978074 7.853016 -6.449902
v 10.956676 7.847983 -6.447750
v 10.979820 8.135180 -5.590689
v 11.005936 8.137383 -5.594043
v 11.078579 8.043288 -5.231597
v 11.057437 8.038239 -5.228484
v 11.439095 7.305884 -3.945415
v 11.460711 7.310967 -3.949471
v 11.604464 6.957666 -3.646405
v 11.582623 6.952414 -3.641813
v 11.057437 8.038239 -5.228484
v 11.078579 8.043288 -5.231597
v 11.195188 7.855536 -4.758058
v 11.173941 7.850504 -4.754719
v 11.323604 7.610487 -4.324790
v 11.302191 7.605455 -4.321156
v 11.733551 6.536899 -3.422378
v 11.755741 6.542558 -3.427779
v 11.961172 5.902989 -3.295706
v 11.940668 5.897066 -3.292141
v 11.302191 7.605455 -4.321156
v 11.323604 7.610487 -4.324790
v 11.460711 7.310967 -3.949471
v 11.439095 7.305884 -3.945415
v 12.053947 5.530529 -3.253104
v 12.074779 5.536645 -3.257159
v 13.034304 2.264112 -3.369027
v 13.005768 2.242442 -3.352975
v 11.429877 5.523294 -8.116117
v 11.451055 5.529420 -8.117468
v 11.350729 5.895911 -8.052553
v 11.329992 5.889983 -8.050812
v 11.582623 6.952414 -3.641813
v 11.604464 6.957666 -3.646405
v 12.377309 2.235160 -8.250198
v 12.408965 2.256862 -8.241930
v 11.451055 5.529420 -8.117468
v 11.429877 5.523294 -8.116117
v 11.162230 6.530275 -7.874368
v 11.185062 6.535943 -7.874766
v 11.940668 5.897066 -3.292141
v 11.961172 5.902989 -3.295706
v 12.074779 5.536645 -3.257159
v 12.053947 5.530529 -3.253104
v 13.005768 2.242442 -3.352975
v 13.034304 2.264112 -3.369027
v 12.408965 2.256862 -8.241930
v 12.377309 2.235160 -8.250198
v 11.009090 7.300905 -7.296178
v 11.031033 7.305985 -7.297730
v 11.185062 6.535943 -7.874766
v 11.162230 6.530275 -7.874368
v 11.226909 7.635975 -5.005253
v 11.195188 7.855536 -4.758058
v 11.078579 8.043288 -5.231597
v 11.124558 7.801005 -5.421319
v 11.460462 7.155917 -4.292963
v 11.460711 7.310967 -3.949471
v 11.323604 7.610487 -4.324790
v 11.339823 7.420101 -4.623776
v 11.720992 6.474850 -3.831353
v 11.755741 6.542558 -3.427779
v 11.604464 6.957666 -3.646405
v 11.587289 6.843355 -4.025073
v 12.024103 5.523660 -3.669436
v 12.074779 5.536645 -3.257159
v 11.961172 5.902989 -3.295706
v 11.917193 5.869853 -3.705791
v 11.253366 6.469429 -7.475295
v 11.185062 6.535943 -7.874766
v 11.350729 5.895911 -8.052553
v 11.411734 5.863989 -7.644557
v 11.117579 7.151944 -6.964856
v 11.031033 7.305985 -7.297730
v 11.093733 6.951746 -7.626243
v 11.172771 6.838548 -7.255171
v 11.071268 7.634171 -6.218081
v 10.978074 7.853016 -6.449902
v 10.993021 7.606658 -6.900830
v 11.084280 7.417137 -6.615074
v 11.460711 7.310967 -3.949471
v 11.460462 7.155917 -4.292963
v 11.755741 6.542558 -3.427779
v 11.720992 6.474850 -3.831353
v 11.411734 5.863989 -7.644557
v 11.350729 5.895911 -8.052553
v 11.451055 5.529420 -8.117468
v 11.506128 5.517659 -7.705716
v 11.172771 6.838548 -7.255171
v 11.093733 6.951746 -7.626243
v 11.031033 7.305985 -7.297730
v 11.117579 7.151944 -6.964856
v 11.077229 7.800457 -5.790137
v 10.984744 8.042197 -5.962811
v 10.978074 7.853016 -6.449902
v 11.071268 7.634171 -6.218081
v 11.085875 7.844553 -5.603867
v 11.005936 8.137383 -5.594043
v 10.984744 8.042197 -5.962811
v 11.077229 7.800457 -5.790137
v 11.339823 7.420101 -4.623776
v 11.323604 7.610487 -4.324790
v 11.195188 7.855536 -4.758058
v 11.226909 7.635975 -5.005253
v 12.879753 2.550549 -3.792208
v 13.034304 2.264112 -3.369027
v 12.074779 5.536645 -3.257159
v 12.024103 5.523660 -3.669436
v 11.506128 5.517659 -7.705716
v 11.451055 5.529420 -8.117468
v 12.408965 2.256862 -8.241930
v 12.366168 2.544599 -7.794278
v 12.366168 2.544599 -7.794278
v 12.408965 2.256862 -8.241930
v 13.034304 2.264112 -3.369027
v 12.879753 2.550549 -3.792208
v 11.229198 7.440258 -5.164584
v 11.303081 7.449479 -5.180137
v 11.404740 7.255372 -4.836809
v 11.331248 7.245242 -4.819490
v 11.253366 6.469429 -7.475295
v 11.223524 6.461690 -7.473998
v 11.142433 6.830905 -7.253047
v 11.172771 6.838548 -7.255171
v 11.917193 5.869853 -3.705791
v 11.886345 5.860867 -3.700891
v 11.993738 5.514719 -3.664155
v 12.024103 5.523660 -3.669436
v 12.879753 2.550549 -3.792208
v 12.866772 2.533487 -3.778159
v 12.350069 2.527497 -7.804544
v 12.366168 2.544599 -7.794278
v 11.117579 7.151944 -6.964856
v 11.086977 7.144295 -6.962190
v 11.053480 7.409389 -6.611991
v 11.084280 7.417137 -6.615074
v 11.411734 5.863989 -7.644557
v 11.380651 5.855000 -7.641483
v 11.223524 6.461690 -7.473998
v 11.253366 6.469429 -7.475295
v 11.071268 7.634171 -6.218081
v 11.040338 7.626316 -6.214701
v 11.046219 7.792518 -5.786544
v 11.077229 7.800457 -5.790137
v 11.086977 7.144295 -6.962190
v 11.117579 7.151944 -6.964856
v 11.057535 7.841692 -5.600224
v 11.085875 7.844553 -5.603867
v 11.084280 7.417137 -6.615074
v 11.053480 7.409389 -6.611991
v 11.040338 7.626316 -6.214701
v 11.071268 7.634171 -6.218081
v 11.093649 7.793069 -5.416943
v 11.124558 7.801005 -5.421319
v 11.460462 7.155917 -4.292963
v 11.430179 7.148273 -4.287795
v 11.557400 6.835718 -4.019444
v 11.587289 6.843355 -4.025073
v 11.124558 7.801005 -5.421319
v 11.093649 7.793069 -5.416943
v 11.196131 7.628119 -5.000691
v 11.226909 7.635975 -5.005253
v 11.309244 7.412356 -4.618956
v 11.339823 7.420101 -4.623776
v 11.720992 6.474850 -3.831353
v 11.691792 6.467115 -3.825052
v 11.886345 5.860867 -3.700891
v 11.917193 5.869853 -3.705791
v 11.339823 7.420101 -4.623776
v 11.309244 7.412356 -4.618956
v 11.430179 7.148273 -4.287795
v 11.460462 7.155917 -4.292963
v 12.024103 5.523660 -3.669436
v 11.993738 5.514719 -3.664155
v 12.866772 2.533487 -3.778159
v 12.879753 2.550549 -3.792208
v 11.506128 5.517659 -7.705716
v 11.475418 5.508710 -7.703133
v 11.587289 6.843355 -4.025073
v 11.557400 6.835718 -4.019444
v 11.229198 7.440258 -5.164584
v 11.196131 7.628119 -5.000691
v 11.093649 7.793069 -5.416943
v 11.136440 7.589745 -5.541853
v 11.439696 7.007883 -4.521728
v 11.430179 7.148273 -4.287795
v 11.309244 7.412356 -4.618956
v 11.331248 7.245242 -4.819490
v 11.671729 6.401784 -4.109116
v 11.691792 6.467115 -3.825052
v 11.557400 6.835718 -4.019444
v 11.553061 6.728639 -4.281821
v 11.958284 5.501961 -3.957706
v 11.993738 5.514719 -3.664155
v 11.886345 5.860867 -3.700891
v 11.857501 5.828142 -3.992481
v 11.275863 6.397194 -7.193886
v 11.223524 6.461690 -7.473998
v 11.380651 5.855000 -7.641483
v 11.426380 5.823143 -7.351964
v 11.155306 7.004582 -6.737828
v 11.086977 7.144295 -6.962190
v 11.142433 6.830905 -7.253047
v 11.204524 6.724597 -6.997767
v 11.113788 7.438920 -6.063920
v 11.040338 7.626316 -6.214701
v 11.053480 7.409389 -6.611991
v 11.125467 7.242857 -6.423018
v 11.553061 6.728639 -4.281821
v 11.557400 6.835718 -4.019444
v 11.691792 6.467115 -3.825052
v 11.671729 6.401784 -4.109116
v 11.426380 5.823143 -7.351964
v 11.380651 5.855000 -7.641483
v 11.475418 5.508710 -7.703133
v 11.515240 5.496822 -7.410100
v 11.204524 6.724597 -6.997767
v 11.142433 6.830905 -7.253047
v 11.086977 7.144295 -6.962190
v 11.155306 7.004582 -6.737828
v 11.119239 7.589543 -5.675891
v 11.046219 7.792518 -5.786544
v 11.119748 7.609705 -5.607863
v 11.057535 7.841692 -5.600224
v 11.046219 7.792518 -5.786544
v 11.119239 7.589543 -5.675891
v 11.196131 7.628119 -5.000691
v 11.229198 7.440258 -5.164584
v 12.760700 2.726689 -4.039171
v 12.866772 2.533487 -3.778159
v 11.993738 5.514719 -3.664155
v 11.958284 5.501961 -3.957706
v 11.515240 5.496822 -7.410100
v 11.475418 5.508710 -7.703133
v 12.350069 2.527497 -7.804544
v 12.313266 2.721499 -7.525775
v 12.313266 2.721499 -7.525775
v 12.350069 2.527497 -7.804544
v 12.866772 2.533487 -3.778159
v 12.760700 2.726689 -4.039171
v 11.704336 7.568236 -5.231809
v 11.805998 7.374131 -4.888475
v 11.671729 6.401784 -4.109116
v 11.743313 6.418093 -4.131968
v 11.927481 5.846782 -4.014874
v 11.857501 5.828142 -3.992481
v 11.512700 7.019351 -4.540901
v 11.439696 7.007883 -4.521728
v 11.958284 5.501961 -3.957706
v 12.027999 5.522117 -3.980499
v 12.832253 2.767307 -4.066588
v 12.760700 2.726689 -4.039171
v 11.515240 5.496822 -7.410100
v 11.588442 5.517021 -7.405719
v 11.499741 5.841817 -7.348026
v 11.426380 5.823143 -7.351964
v 11.553061 6.728639 -4.281821
v 11.625419 6.742074 -4.302866
v 12.313266 2.721499 -7.525775
v 12.389405 2.762171 -7.517433
v 11.588442 5.517021 -7.405719
v 11.515240 5.496822 -7.410100
v 11.275863 6.397194 -7.193886
v 11.350889 6.413543 -7.189895
v 11.279845 6.738070 -6.995709
v 11.204524 6.724597 -6.997767
v 11.857501 5.828142 -3.992481
v 11.927481 5.846782 -4.014874
v 12.027999 5.522117 -3.980499
v 11.958284 5.501961 -3.957706
v 12.760700 2.726689 -4.039171
v 12.832253 2.767307 -4.066588
v 12.389405 2.762171 -7.517433
v 12.313266 2.721499 -7.525775
v 11.155306 7.004582 -6.737828
v 11.230779 7.016088 -6.737744
v 11.200948 7.253006 -6.424859
v 11.125467 7.242857 -6.423018
v 11.350889 6.413543 -7.189895
v 11.275863 6.397194 -7.193886
v 11.113788 7.438920 -6.063920
v 11.189199 7.448159 -6.067550
v 11.194550 7.598178 -5.681191
v 11.119239 7.589543 -5.675891
v 11.230779 7.016088 -6.737744
v 11.155306 7.004582 -6.737828
v 11.197453 7.615928 -5.617846
v 11.119748 7.609705 -5.607863
v 11.189199 7.448159 -6.067550
v 11.113788 7.438920 -6.063920
v 11.119748 7.609705 -5.607863
v 11.197453 7.615928 -5.617846
v 11.210645 7.598364 -5.555768
v 11.136440 7.589745 -5.541853
v 11.439696 7.007883 -4.521728
v 11.512700 7.019351 -4.540901
v 11.625419 6.742074 -4.302866
v 11.553061 6.728639 -4.281821
v 11.136440 7.589745 -5.541853
v 11.210645 7.598364 -5.555768
v 12.144569 6.536851 -4.183639
v 12.328737 5.965540 -4.066544
v 11.913958 7.138113 -4.592568
v 12.429255 5.640875 -4.032166
v 13.233509 2.886065 -4.118259
v 11.989698 5.635779 -7.457389
v 11.900997 5.960577 -7.399696
v 12.026674 6.860833 -4.354536
v 12.790663 2.880930 -7.569104
v 11.989698 5.635779 -7.457389
v 11.752146 6.532301 -7.241564
v 11.681101 6.856830 -7.047379
v 12.328737 5.965540 -4.066544
v 12.429255 5.640875 -4.032166
v 13.233509 2.886065 -4.118259
v 12.790663 2.880930 -7.569104
v 11.632034 7.134848 -6.789413
v 11.602204 7.371767 -6.476529
v 11.752146 6.532301 -7.241564
v 11.590456 7.566917 -6.119217
v 11.595806 7.716938 -5.732862
v 11.632034 7.134848 -6.789413
v 11.598710 7.734685 -5.669516
v 11.590456 7.566917 -6.119217
v 11.598710 7.734685 -5.669516
v 11.611901 7.717124 -5.607437
v 11.913958 7.138113 -4.592568
v 12.026674 6.860833 -4.354536
v 11.611901 7.717124 -5.607437
v 12.880114 5.941116 3.774014
v 12.842514 5.930130 3.779777
v 12.960510 5.549744 3.820139
v 12.997625 5.560680 3.813987
v 12.072369 7.996873 2.228067
v 12.034860 8.158761 2.409405
v 11.901997 8.372776 1.869524
v 11.949866 8.194364 1.730122
v 12.352300 7.421576 3.081597
v 12.338230 7.536022 3.334002
v 12.181323 7.879087 2.904001
v 12.207514 7.738542 2.684614
v 12.665802 6.602281 3.636904
v 12.677614 6.650795 3.934952
v 12.503271 7.129989 3.682420
v 12.504728 7.046021 3.403534
v 12.997625 5.560680 3.813987
v 13.022001 5.566953 4.118228
v 12.899403 5.962968 4.076362
v 12.880114 5.941116 3.774014
v 12.049293 6.595138 -1.167198
v 11.985447 6.642773 -1.458715
v 12.164599 5.954453 -1.649524
v 12.222290 5.933487 -1.352046
v 11.885858 7.416168 -0.553122
v 11.808471 7.529881 -0.794130
v 11.880337 7.122767 -1.171744
v 11.952196 7.039616 -0.902024
v 11.830298 7.994065 0.341745
v 11.748154 8.155440 0.175276
v 11.765092 7.874260 -0.339455
v 11.845881 7.734349 -0.133382
v 12.338230 7.536022 3.334002
v 12.352300 7.421576 3.081597
v 12.677614 6.650795 3.934952
v 12.665802 6.602281 3.636904
v 12.222290 5.933487 -1.352046
v 12.164599 5.954453 -1.649524
v 12.272804 5.558269 -1.719834
v 12.326040 5.552900 -1.419282
v 11.952196 7.039616 -0.902024
v 11.880337 7.122767 -1.171744
v 11.845881 7.734349 -0.133382
v 11.765092 7.874260 -0.339455
v 11.837423 8.193056 0.853903
v 11.755836 8.371083 0.730581
v 11.748154 8.155440 0.175276
v 11.830298 7.994065 0.341745
v 11.859491 8.303226 1.296236
v 11.785951 8.519400 1.305346
v 11.755836 8.371083 0.730581
v 11.837423 8.193056 0.853903
v 12.207514 7.738542 2.684614
v 12.181323 7.879087 2.904001
v 12.034860 8.158761 2.409405
v 12.072369 7.996873 2.228067
v 13.980055 2.152420 3.675590
v 14.080481 1.933887 3.987794
v 13.022001 5.566953 4.118228
v 12.997625 5.560680 3.813987
v 12.326040 5.552900 -1.419282
v 12.272804 5.558269 -1.719834
v 13.331284 1.925204 -1.850268
v 13.312860 2.144686 -1.523466
v 13.312860 2.144686 -1.523466
v 13.331284 1.925204 -1.850268
v 14.080481 1.933887 3.987794
v 13.980055 2.152420 3.675590
v 11.840438 7.858222 0.438885
v 11.861834 7.863259 0.436730
v 11.868505 8.052440 0.923823
v 11.847261 8.047389 0.926158
v 13.980055 2.152420 3.675590
v 13.960318 2.133359 3.690515
v 13.290005 2.125590 -1.532863
v 13.312860 2.144686 -1.523466
v 11.885858 7.416168 -0.553122
v 11.848495 7.406522 -0.549589
v 11.808329 7.724606 -0.129433
v 11.845881 7.734349 -0.133382
v 12.222290 5.933487 -1.352046
v 12.184457 5.922504 -1.348096
v 12.012700 6.585400 -1.165035
v 12.049293 6.595138 -1.167198
v 11.830298 7.994065 0.341745
v 11.792615 7.984213 0.345993
v 11.799663 8.183118 0.858368
v 11.837423 8.193056 0.853903
v 11.952196 7.039616 -0.902024
v 11.915107 7.029975 -0.899031
v 11.848495 7.406522 -0.549589
v 11.885858 7.416168 -0.553122
v 11.824390 8.298369 1.300748
v 11.859491 8.303226 1.296236
v 11.845881 7.734349 -0.133382
v 11.808329 7.724606 -0.129433
v 11.792615 7.984213 0.345993
v 11.830298 7.994065 0.341745
v 11.912207 8.184426 1.735365
v 11.949866 8.194364 1.730122
v 12.352300 7.421576 3.081597
v 12.315260 7.411929 3.087636
v 12.468087 7.036386 3.410031
v 12.504728 7.046021 3.403534
v 11.949866 8.194364 1.730122
v 11.912207 8.184426 1.735365
v 12.034840 7.987019 2.233496
v 12.072369 7.996873 2.228067
v 12.072369 7.996873 2.228067
v 12.034840 7.987019 2.233496
v 12.170186 7.728801 2.690310
v 12.207514 7.738542 2.684614
v 12.665802 6.602281 3.636904
v 12.629852 6.592549 3.644078
v 12.842514 5.930130 3.779777
v 12.880114 5.941116 3.774014
v 12.315260 7.411929 3.087636
v 12.352300 7.421576 3.081597
v 12.997625 5.560680 3.813987
v 12.960510 5.549744 3.820139
v 13.960318 2.133359 3.690515
v 13.980055 2.152420 3.675590
v 12.326040 5.552900 -1.419282
v 12.288578 5.541960 -1.415831
v 12.504728 7.046021 3.403534
v 12.468087 7.036386 3.410031
v 13.312860 2.144686 -1.523466
v 13.290005 2.125590 -1.532863
v 12.288578 5.541960 -1.415831
v 12.326040 5.552900 -1.419282
v 12.049293 6.595138 -1.167198
v 12.012700 6.585400 -1.165035
v 12.057702 7.860744 2.131911
v 12.034840 7.987019 2.233496
v 11.912207 8.184426 1.735365
v 11.941197 8.048477 1.658146
v 12.322855 7.316124 2.941217
v 12.315260 7.411929 3.087636
v 12.170186 7.728801 2.690310
v 12.185952 7.615695 2.565480
v 12.617313 6.547137 3.464252
v 12.629852 6.592549 3.644078
v 12.468087 7.036386 3.410031
v 12.466386 6.962651 3.244818
v 12.937706 5.540768 3.633528
v 12.960510 5.549744 3.820139
v 12.842514 5.930130 3.779777
v 12.824430 5.907303 3.594489
v 12.045991 6.540514 -0.987737
v 12.012700 6.585400 -1.165035
v 12.184457 5.922504 -1.348096
v 12.213753 5.900221 -1.164183
v 11.892851 7.311143 -0.409549
v 11.848495 7.406522 -0.549589
v 11.915107 7.029975 -0.899031
v 11.955204 6.956726 -0.738523
v 11.840438 7.858222 0.438885
v 11.792615 7.984213 0.345993
v 11.808329 7.724606 -0.129433
v 11.855146 7.611862 -0.012299
v 12.315260 7.411929 3.087636
v 12.322855 7.316124 2.941217
v 12.629852 6.592549 3.644078
v 12.617313 6.547137 3.464252
v 12.213753 5.900221 -1.164183
v 12.184457 5.922504 -1.348096
v 12.288578 5.541960 -1.415831
v 12.313637 5.533538 -1.229487
v 11.955204 6.956726 -0.738523
v 11.915107 7.029975 -0.899031
v 11.855146 7.611862 -0.012299
v 11.808329 7.724606 -0.129433
v 11.847261 8.047389 0.926158
v 11.799663 8.183118 0.858368
v 11.863583 8.145417 1.295946
v 11.824390 8.298369 1.300748
v 11.799663 8.183118 0.858368
v 11.847261 8.047389 0.926158
v 12.034840 7.987019 2.233496
v 12.057702 7.860744 2.131911
v 13.889530 2.252684 3.533662
v 13.960318 2.133359 3.690515
v 12.960510 5.549744 3.820139
v 12.937706 5.540768 3.633528
v 12.313637 5.533538 -1.229487
v 12.288578 5.541960 -1.415831
v 13.290005 2.125590 -1.532863
v 13.261070 2.245399 -1.363567
v 13.261070 2.245399 -1.363567
v 13.290005 2.125590 -1.532863
v 13.960318 2.133359 3.690515
v 13.889530 2.252684 3.533662
v 13.249929 2.554837 -0.907649
v 13.233829 2.537736 -0.917914
v 12.359179 5.518950 -0.816502
v 12.389889 5.527897 -0.819085
v 11.955204 6.956726 -0.738523
v 11.977494 6.961985 -0.739613
v 11.914793 7.316225 -0.411098
v 11.892851 7.311143 -0.409549
v 11.889697 8.147620 1.292591
v 11.863583 8.145417 1.295946
v 11.855146 7.611862 -0.012299
v 11.876781 7.616895 -0.014200
v 11.861834 7.863259 0.436730
v 11.840438 7.858222 0.438885
v 11.863583 8.145417 1.295946
v 11.889697 8.147620 1.292591
v 11.962341 8.053526 1.655031
v 11.941197 8.048477 1.658146
v 12.322855 7.316124 2.941217
v 12.344472 7.321207 2.937159
v 12.488226 6.967906 3.240227
v 12.466386 6.962651 3.244818
v 11.941197 8.048477 1.658146
v 11.962341 8.053526 1.655031
v 12.078949 7.865775 2.128577
v 12.057702 7.860744 2.131911
v 12.207364 7.620724 2.561835
v 12.185952 7.615695 2.565480
v 12.617313 6.547137 3.464252
v 12.639503 6.552795 3.458851
v 12.844934 5.913229 3.590924
v 12.824430 5.907303 3.594489
v 12.185952 7.615695 2.565480
v 12.207364 7.620724 2.561835
v 12.344472 7.321207 2.937159
v 12.322855 7.316124 2.941217
v 12.937706 5.540768 3.633528
v 12.958538 5.546885 3.629477
v 13.918066 2.274349 3.517601
v 13.889530 2.252684 3.533662
v 12.313637 5.533538 -1.229487
v 12.334815 5.539660 -1.230837
v 12.234489 5.906148 -1.165924
v 12.213753 5.900221 -1.164183
v 12.466386 6.962651 3.244818
v 12.488226 6.967906 3.240227
v 13.261070 2.245399 -1.363567
v 13.292727 2.267102 -1.355301
v 12.334815 5.539660 -1.230837
v 12.313637 5.533538 -1.229487
v 12.045991 6.540514 -0.987737
v 12.068823 6.546180 -0.988135
v 12.824430 5.907303 3.594489
v 12.844934 5.913229 3.590924
v 12.958538 5.546885 3.629477
v 12.937706 5.540768 3.633528
v 13.889530 2.252684 3.533662
v 13.918066 2.274349 3.517601
v 13.292727 2.267102 -1.355301
v 13.261070 2.245399 -1.363567
v 11.892851 7.311143 -0.409549
v 11.914793 7.316225 -0.411098
v 12.068823 6.546180 -0.988135
v 12.045991 6.540514 -0.987737
v 12.110671 7.646216 1.881375
v 12.078949 7.865775 2.128577
v 11.962341 8.053526 1.655031
v 12.008319 7.811249 1.465308
v 12.344223 7.166154 2.593667
v 12.344472 7.321207 2.937159
v 12.207364 7.620724 2.561835
v 12.223583 7.430338 2.262854
v 12.604753 6.485087 3.055277
v 12.639503 6.552795 3.458851
v 12.488226 6.967906 3.240227
v 12.471051 6.853592 2.861560
v 12.907864 5.533897 3.217191
v 12.958538 5.546885 3.629477
v 12.844934 5.913229 3.590924
v 12.800953 5.880093 3.180841
v 12.137127 6.479670 -0.588664
v 12.068823 6.546180 -0.988135
v 12.234489 5.906148 -1.165924
v 12.295494 5.874228 -0.757930
v 12.001339 7.162182 -0.078220
v 11.914793 7.316225 -0.411098
v 11.977494 6.961985 -0.739613
v 12.056534 6.848785 -0.368540
v 11.955029 7.644408 0.668550
v 11.861834 7.863259 0.436730
v 11.876781 7.616895 -0.014200
v 11.968041 7.427374 0.271556
v 12.344472 7.321207 2.937159
v 12.344223 7.166154 2.593667
v 12.639503 6.552795 3.458851
v 12.604753 6.485087 3.055277
v 12.295494 5.874228 -0.757930
v 12.234489 5.906148 -1.165924
v 12.334815 5.539660 -1.230837
v 12.389889 5.527897 -0.819085
v 12.056534 6.848785 -0.368540
v 11.977494 6.961985 -0.739613
v 11.914793 7.316225 -0.411098
v 12.001339 7.162182 -0.078220
v 11.960989 7.810695 1.096494
v 11.868505 8.052440 0.923823
v 11.861834 7.863259 0.436730
v 11.955029 7.644408 0.668550
v 11.969636 7.854793 1.282766
v 11.889697 8.147620 1.292591
v 11.868505 8.052440 0.923823
v 11.960989 7.810695 1.096494
v 12.223583 7.430338 2.262854
v 12.207364 7.620724 2.561835
v 12.078949 7.865775 2.128577
v 12.110671 7.646216 1.881375
v 13.763515 2.560786 3.094424
v 13.918066 2.274349 3.517601
v 12.958538 5.546885 3.629477
v 12.907864 5.533897 3.217191
v 12.389889 5.527897 -0.819085
v 12.334815 5.539660 -1.230837
v 13.292727 2.267102 -1.355301
v 13.249929 2.554837 -0.907649
v 13.249929 2.554837 -0.907649
v 13.292727 2.267102 -1.355301
v 13.918066 2.274349 3.517601
v 13.763515 2.560786 3.094424
v 12.112959 7.450500 1.722045
v 12.186841 7.459721 1.706492
v 12.288504 7.265609 2.049827
v 12.215008 7.255484 2.067138
v 12.137127 6.479670 -0.588664
v 12.107285 6.471929 -0.587367
v 12.026195 6.841145 -0.366415
v 12.056534 6.848785 -0.368540
v 12.800953 5.880093 3.180841
v 12.770105 5.871106 3.185740
v 12.877499 5.524959 3.222474
v 12.907864 5.533897 3.217191
v 13.763515 2.560786 3.094424
v 13.750534 2.543725 3.108470
v 13.233829 2.537736 -0.917914
v 13.249929 2.554837 -0.907649
v 12.001339 7.162182 -0.078220
v 11.970737 7.154532 -0.075553
v 11.937240 7.419628 0.274638
v 11.968041 7.427374 0.271556
v 12.295494 5.874228 -0.757930
v 12.264412 5.865238 -0.754848
v 12.107285 6.471929 -0.587367
v 12.137127 6.479670 -0.588664
v 11.955029 7.644408 0.668550
v 11.924099 7.636554 0.671930
v 11.929979 7.802760 1.100087
v 11.960989 7.810695 1.096494
v 11.970737 7.154532 -0.075553
v 12.001339 7.162182 -0.078220
v 11.941297 7.851931 1.286408
v 11.969636 7.854793 1.282766
v 11.968041 7.427374 0.271556
v 11.937240 7.419628 0.274638
v 11.924099 7.636554 0.671930
v 11.955029 7.644408 0.668550
v 11.977409 7.803309 1.469681
v 12.008319 7.811249 1.465308
v 12.344223 7.166154 2.593667
v 12.313941 7.158512 2.598835
v 12.441162 6.845955 2.867182
v 12.471051 6.853592 2.861560
v 12.008319 7.811249 1.465308
v 11.977409 7.803309 1.469681
v 12.079892 7.638358 1.885937
v 12.110671 7.646216 1.881375
v 12.193007 7.422596 2.267674
v 12.223583 7.430338 2.262854
v 12.604753 6.485087 3.055277
v 12.575554 6.477354 3.061579
v 12.770105 5.871106 3.185740
v 12.800953 5.880093 3.180841
v 12.223583 7.430338 2.262854
v 12.193007 7.422596 2.267674
v 12.313941 7.158512 2.598835
v 12.344223 7.166154 2.593667
v 12.907864 5.533897 3.217191
v 12.877499 5.524959 3.222474
v 13.750534 2.543725 3.108470
v 13.763515 2.560786 3.094424
v 12.389889 5.527897 -0.819085
v 12.359179 5.518950 -0.816502
v 12.471051 6.853592 2.861560
v 12.441162 6.845955 2.867182
v 12.112959 7.450500 1.722045
v 12.079892 7.638358 1.885937
v 11.977409 7.803309 1.469681
v 12.020200 7.599987 1.344775
v 12.323458 7.018120 2.364902
v 12.313941 7.158512 2.598835
v 12.193007 7.422596 2.267674
v 12.215008 7.255484 2.067138
v 12.555491 6.412024 2.777519
v 12.575554 6.477354 3.061579
v 12.441162 6.845955 2.867182
v 12.436822 6.738876 2.604810
v 12.842047 5.512198 2.928920
v 12.877499 5.524959 3.222474
v 12.770105 5.871106 3.185740
v 12.741262 5.838379 2.894149
v 12.159622 6.407438 -0.307255
v 12.107285 6.471929 -0.587367
v 12.264412 5.865238 -0.754848
v 12.310143 5.833381 -0.465334
v 12.039067 7.014822 0.148801
v 11.970737 7.154532 -0.075553
v 12.026195 6.841145 -0.366415
v 12.088285 6.734835 -0.111138
v 11.997548 7.449159 0.822707
v 11.924099 7.636554 0.671930
v 11.937240 7.419628 0.274638
v 12.009228 7.253096 0.463605
v 12.436822 6.738876 2.604810
v 12.441162 6.845955 2.867182
v 12.575554 6.477354 3.061579
v 12.555491 6.412024 2.777519
v 12.310143 5.833381 -0.465334
v 12.264412 5.865238 -0.754848
v 12.359179 5.518950 -0.816502
v 12.399002 5.507062 -0.523473
v 12.088285 6.734835 -0.111138
v 12.026195 6.841145 -0.366415
v 11.970737 7.154532 -0.075553
v 12.039067 7.014822 0.148801
v 12.003000 7.599782 1.210737
v 11.929979 7.802760 1.100087
v 12.003510 7.619945 1.278770
v 11.941297 7.851931 1.286408
v 11.929979 7.802760 1.100087
v 12.003000 7.599782 1.210737
v 12.079892 7.638358 1.885937
v 12.112959 7.450500 1.722045
v 13.644461 2.736927 2.847463
v 13.750534 2.543725 3.108470
v 12.877499 5.524959 3.222474
v 12.842047 5.512198 2.928920
v 12.399002 5.507062 -0.523473
v 12.359179 5.518950 -0.816502
v 13.233829 2.537736 -0.917914
v 13.197025 2.731743 -0.639148
v 13.197025 2.731743 -0.639148
v 13.233829 2.537736 -0.917914
v 13.750534 2.543725 3.108470
v 13.644461 2.736927 2.847463
v 12.588097 7.578480 1.654821
v 12.689760 7.384368 1.998156
v 12.555491 6.412024 2.777519
v 12.627073 6.428330 2.754664
v 12.811241 5.857019 2.871753
v 12.741262 5.838379 2.894149
v 12.396461 7.029591 2.345731
v 12.323458 7.018120 2.364902
v 12.842047 5.512198 2.928920
v 12.911758 5.532355 2.906137
v 13.716015 2.777544 2.820044
v 13.644461 2.736927 2.847463
v 12.399002 5.507062 -0.523473
v 12.472202 5.527259 -0.519086
v 12.383502 5.852057 -0.461390
v 12.310143 5.833381 -0.465334
v 12.436822 6.738876 2.604810
v 12.509179 6.752310 2.583762
v 13.197025 2.731743 -0.639148
v 13.273167 2.772410 -0.630803
v 12.472202 5.527259 -0.519086
v 12.399002 5.507062 -0.523473
v 12.159622 6.407438 -0.307255
v 12.234652 6.423780 -0.303264
v 12.163605 6.748308 -0.109080
v 12.088285 6.734835 -0.111138
v 12.741262 5.838379 2.894149
v 12.811241 5.857019 2.871753
v 12.911758 5.532355 2.906137
v 12.842047 5.512198 2.928920
v 13.644461 2.736927 2.847463
v 13.716015 2.777544 2.820044
v 13.273167 2.772410 -0.630803
v 13.197025 2.731743 -0.639148
v 12.039067 7.014822 0.148801
v 12.114539 7.026325 0.148884
v 12.084708 7.263244 0.461772
v 12.009228 7.253096 0.463605
v 12.234652 6.423780 -0.303264
v 12.159622 6.407438 -0.307255
v 11.997548 7.449159 0.822707
v 12.072960 7.458396 0.819081
v 12.078311 7.608417 1.205439
v 12.003000 7.599782 1.210737
v 12.114539 7.026325 0.148884
v 12.039067 7.014822 0.148801
v 12.081215 7.626165 1.268787
v 12.003510 7.619945 1.278770
v 12.072960 7.458396 0.819081
v 11.997548 7.449159 0.822707
v 12.003510 7.619945 1.278770
v 12.081215 7.626165 1.268787
v 12.094406 7.608603 1.330863
v 12.020200 7.599987 1.344775
v 12.323458 7.018120 2.364902
v 12.396461 7.029591 2.345731
v 12.509179 6.752310 2.583762
v 12.436822 6.738876 2.604810
v 12.020200 7.599987 1.344775
v 12.094406 7.608603 1.330863
v 13.028330 6.547090 2.702995
v 13.212500 5.975780 2.820085
v 12.797718 7.148351 2.294061
v 13.313019 5.651114 2.854469
v 14.117270 2.896304 2.768373
v 12.873459 5.646019 -0.570756
v 12.784758 5.970815 -0.513060
v 12.910435 6.871070 2.532094
v 13.674423 2.891170 -0.682472
v 12.873459 5.646019 -0.570756
v 12.635908 6.542540 -0.354935
v 12.564862 6.867067 -0.160749
v 13.212500 5.975780 2.820085
v 13.313019 5.651114 2.854469
v 14.117270 2.896304 2.768373
v 13.674423 2.891170 -0.682472
v 12.515795 7.145085 0.097216
v 12.485966 7.382004 0.410102
v 12.635908 6.542540 -0.354935
v 12.474217 7.577156 0.767410
v 12.479568 7.727177 1.153768
v 12.515795 7.145085 0.097216
v 12.482472 7.744925 1.217119
v 12.474217 7.577156 0.767410
v 12.482472 7.744925 1.217119
v 12.495664 7.727364 1.279192
v 12.797718 7.148351 2.294061
v 12.910435 6.871070 2.532094
v 12.495664 7.727364 1.279192
v 7.394474 6.880845 -13.607924
v 6.774181 7.452944 -14.139929
v 6.296144 7.107089 -14.883481
v 7.255017 6.701410 -13.856474
v 7.141029 6.482633 -14.088713
v 5.879593 6.705930 -15.571698
v 5.543006 6.256413 -16.178442
v 7.058905 6.227499 -14.295336
v 7.014494 5.937546 -14.468365
v 5.303037 5.763054 -16.680853
v 5.176414 5.219017 -17.060553
v 7.014453 5.607610 -14.601334
v 7.092253 5.135207 -14.695269
v 5.212833 4.491374 -17.308460
v 5.272832 4.081954 -17.398050
v 7.149471 4.867019 -14.731003
v 8.903491 5.574389 -12.229929
v 10.865716 5.862071 -9.614136
v 10.501315 6.510189 -9.812653
v 8.712612 6.019378 -12.289906
v 8.533342 6.305834 -12.401005
v 10.095316 6.925077 -10.157921
v 9.618506 7.244634 -10.631145
v 8.337167 6.537446 -12.555449
v 8.127182 6.721750 -12.746420
v 9.081690 7.482371 -11.213217
v 8.501783 7.641905 -11.881306
v 7.909285 6.860056 -12.965933
v 7.058905 6.227499 -14.295336
v 5.543006 6.256413 -16.178442
v 5.303037 5.763054 -16.680853
v 7.014494 5.937546 -14.468365
v 8.999489 5.315605 -12.212887
v 11.036460 5.479515 -9.552980
v 8.712612 6.019378 -12.289906
v 10.501315 6.510189 -9.812653
v 9.081690 7.482371 -11.213217
v 8.127182 6.721750 -12.746420
v 7.898607 7.725589 -12.609438
v 7.690658 6.952662 -13.204775
v 7.293437 7.736691 -13.369394
v 7.517835 6.994465 -13.402031
v 6.774181 7.452944 -14.139929
v 7.394474 6.880845 -13.607924
v 7.255017 6.701410 -13.856474
v 6.296144 7.107089 -14.883481
v 7.149471 4.867019 -14.731003
v 5.272832 4.081954 -17.398050
v 6.331373 0.448682 -17.528490
v 8.007100 1.862661 -14.847631
v 9.877453 2.316182 -12.301828
v 12.095002 1.846240 -9.683422
v 9.855932 2.329998 -12.338013
v 11.734774 1.758893 -10.173740
v 12.095002 1.846240 -9.683422
v 9.877453 2.316182 -12.301828
v 6.691600 0.536029 -17.038176
v 8.031897 1.887707 -14.820770
v 7.051827 0.623377 -16.547855
v 8.162184 1.919299 -14.643429
v 8.162184 1.919299 -14.643429
v 7.051827 0.623377 -16.547855
v 7.412055 0.710724 -16.057541
v 8.292471 1.950891 -14.466093
v 7.772282 0.798072 -15.567223
v 8.422760 1.982484 -14.288752
v 8.132508 0.885419 -15.076908
v 8.553048 2.014076 -14.111411
v 8.492732 0.972766 -14.586588
v 8.683336 2.045668 -13.934069
v 8.683336 2.045668 -13.934069
v 8.492732 0.972766 -14.586588
v 8.852958 1.060113 -14.096273
v 8.813622 2.077260 -13.756733
v 9.213185 1.147460 -13.605953
v 8.943913 2.108852 -13.579391
v 9.573412 1.234808 -13.115639
v 9.074200 2.140444 -13.402050
v 9.933639 1.322156 -12.625324
v 9.204487 2.172036 -13.224714
v 10.293866 1.409503 -12.135004
v 9.334775 2.203628 -13.047373
v 9.334775 2.203628 -13.047373
v 10.293866 1.409503 -12.135004
v 10.654092 1.496850 -11.644690
v 9.465064 2.235220 -12.870031
v 11.014321 1.584198 -11.154371
v 9.595351 2.266812 -12.692690
v 11.374547 1.671546 -10.664055
v 9.725640 2.298404 -12.515354
v 8.553048 2.014076 -14.111411
v 9.015516 2.175613 -14.479958
v 8.885228 2.144021 -14.657293
v 8.422760 1.982484 -14.288752
v 8.533342 6.305834 -12.401005
v 8.995226 6.446407 -12.780497
v 9.172987 6.162442 -12.670654
v 8.712612 6.019378 -12.289906
v 8.683336 2.045668 -13.934069
v 9.145805 2.207205 -14.302615
v 8.127182 6.721750 -12.746420
v 8.591983 6.859296 -13.123095
v 8.800541 6.676242 -12.933580
v 8.337167 6.537446 -12.555449
v 8.813622 2.077260 -13.756733
v 9.276093 2.238797 -14.125275
v 7.690658 6.952662 -13.204775
v 8.158009 7.088875 -13.578552
v 8.375402 6.996776 -13.341143
v 7.909285 6.860056 -12.965933
v 8.943913 2.108852 -13.579391
v 9.406382 2.270389 -13.947933
v 9.276093 2.238797 -14.125275
v 8.813622 2.077260 -13.756733
v 7.517835 6.994465 -13.402031
v 7.991028 7.128364 -13.773529
v 8.158009 7.088875 -13.578552
v 7.690658 6.952662 -13.204775
v 7.255017 6.701410 -13.856474
v 7.728998 6.840037 -14.220987
v 7.867578 7.018456 -13.973862
v 7.394474 6.880845 -13.607924
v 9.074200 2.140444 -13.402050
v 9.536668 2.301981 -13.770597
v 7.991028 7.128364 -13.773529
v 7.517835 6.994465 -13.402031
v 7.058905 6.227499 -14.295336
v 7.534409 6.369232 -14.656956
v 7.615824 6.622599 -14.451778
v 7.141029 6.482633 -14.088713
v 9.204487 2.172036 -13.224714
v 9.666962 2.333574 -13.593256
v 7.728998 6.840037 -14.220987
v 7.255017 6.701410 -13.856474
v 7.014453 5.607610 -14.601334
v 7.490750 5.754538 -14.960400
v 7.490506 6.081544 -14.828623
v 7.014494 5.937546 -14.468365
v 9.334775 2.203628 -13.047373
v 9.797249 2.365167 -13.415915
v 8.007100 1.862661 -14.847631
v 8.485408 2.033699 -15.206907
v 7.624248 5.017368 -15.089533
v 7.149471 4.867019 -14.731003
v 7.567053 5.284183 -15.054007
v 7.092253 5.135207 -14.695269
v 9.465064 2.235220 -12.870031
v 9.927536 2.396759 -13.238579
v 9.797249 2.365167 -13.415915
v 9.334775 2.203628 -13.047373
v 8.999489 5.315605 -12.212887
v 9.458307 5.462088 -12.593129
v 10.334637 2.482098 -12.689863
v 9.877453 2.316182 -12.301828
v 9.362740 5.719596 -12.609833
v 8.903491 5.574389 -12.229929
v 9.595351 2.266812 -12.692690
v 10.057825 2.428347 -13.061237
v 9.927536 2.396759 -13.238579
v 9.465064 2.235220 -12.870031
v 9.877453 2.316182 -12.301828
v 10.334637 2.482098 -12.689863
v 10.318401 2.491530 -12.706561
v 9.855932 2.329998 -12.338013
v 8.337167 6.537446 -12.555449
v 8.800541 6.676242 -12.933580
v 8.995226 6.446407 -12.780497
v 8.533342 6.305834 -12.401005
v 9.725640 2.298404 -12.515354
v 10.188113 2.459943 -12.883896
v 8.031897 1.887707 -14.820770
v 8.494364 2.049244 -15.189312
v 8.485408 2.033699 -15.206907
v 8.007100 1.862661 -14.847631
v 7.909285 6.860056 -12.965933
v 8.375402 6.996776 -13.341143
v 8.162184 1.919299 -14.643429
v 8.624654 2.080836 -15.011976
v 7.014494 5.937546 -14.468365
v 7.490506 6.081544 -14.828623
v 7.534409 6.369232 -14.656956
v 7.058905 6.227499 -14.295336
v 8.292471 1.950891 -14.466093
v 8.754941 2.112429 -14.834635
v 7.490750 5.754538 -14.960400
v 7.014453 5.607610 -14.601334
v 8.754941 2.112429 -14.834635
v 8.292471 1.950891 -14.466093
v 9.458307 5.462088 -12.593129
v 8.999489 5.315605 -12.212887
v -1.065427 4.539578 -17.047756
v -1.933119 5.016083 -16.924692
v -2.748398 4.541498 -16.819363
v -1.316525 4.317524 -17.015154
v -1.533970 4.059250 -16.986784
v -3.475751 4.021698 -16.725248
v -4.084761 3.468197 -16.646271
v -1.707117 3.769363 -16.964035
v -1.826467 3.450793 -16.948128
v -4.548302 2.889496 -16.585924
v -4.841049 2.282046 -16.547453
v -1.882244 3.099560 -16.940233
v -1.840460 2.613489 -16.945719
v -4.906934 1.515354 -16.537859
v -4.881479 1.092748 -16.540503
v -1.795169 2.340731 -16.950933
v 1.100659 3.483966 -17.324448
v 4.272316 4.232120 -17.719875
v 3.805610 4.841186 -17.660887
v 0.875259 3.915698 -17.295317
v 0.639873 4.180754 -17.265718
v 3.233488 5.192662 -17.587992
v 2.533108 5.426877 -17.498459
v 0.368554 4.383694 -17.231318
v 0.067369 4.533194 -17.192987
v 1.723867 5.560627 -17.394808
v 0.833160 5.601522 -17.280565
v -0.254116 4.631966 -17.151960
v -4.548302 2.889496 -16.585924
v -1.826467 3.450793 -16.948128
v 1.208920 3.229845 -17.337770
v 4.477598 3.862748 -17.745668
v 0.875259 3.915698 -17.295317
v 3.805610 4.841186 -17.660887
v 3.233488 5.192662 -17.587992
v 0.639873 4.180754 -17.265718
v 1.723867 5.560627 -17.394808
v 0.067369 4.533194 -17.192987
v -0.254116 4.631966 -17.151960
v 0.833160 5.601522 -17.280565
v -0.107262 5.556476 -17.159807
v -0.584477 4.681927 -17.109688
v -1.063146 5.433704 -17.036955
v -0.847454 4.689079 -17.073420
v -1.933119 5.016083 -16.924692
v -1.065427 4.539578 -17.047756
v -1.316525 4.317524 -17.015154
v -2.748398 4.541498 -16.819363
v -1.795169 2.340731 -16.950933
v -4.881479 1.092748 -16.540503
v -3.822937 -2.540526 -16.670942
v -0.936630 -0.664050 -17.048412
v 2.100483 0.234842 -17.439497
v 5.536139 0.229474 -17.876112
v 2.056721 0.240996 -17.442739
v 4.951196 0.056348 -17.800787
v 5.536139 0.229474 -17.876112
v 2.100483 0.234842 -17.439497
v -3.237995 -2.367401 -16.746265
v -0.905181 -0.635636 -17.061335
v -0.905181 -0.635636 -17.061335
v -3.237995 -2.367401 -16.746265
v -2.653052 -2.194276 -16.821589
v -0.693617 -0.573020 -17.088577
v -2.068109 -2.021151 -16.896914
v -0.482053 -0.510403 -17.115820
v -1.483164 -1.848025 -16.972237
v -0.270484 -0.447785 -17.143064
v -0.898227 -1.674902 -17.047558
v -0.058922 -0.385169 -17.170309
v -0.058922 -0.385169 -17.170309
v -0.898227 -1.674902 -17.047558
v -0.313284 -1.501776 -17.122881
v 0.152642 -0.322552 -17.197550
v 0.271659 -1.328651 -17.198204
v 0.364206 -0.259936 -17.224794
v 0.856603 -1.155525 -17.273527
v 0.575771 -0.197320 -17.252037
v 1.441546 -0.982401 -17.348850
v 0.787334 -0.134704 -17.279280
v 0.787334 -0.134704 -17.279280
v 1.441546 -0.982401 -17.348850
v 2.026489 -0.809275 -17.424173
v 0.998898 -0.072087 -17.306524
v 2.611428 -0.636151 -17.499495
v 1.210462 -0.009471 -17.333767
v 3.196370 -0.463026 -17.574820
v 1.422030 0.053147 -17.361010
v 3.781314 -0.289901 -17.650141
v 1.633594 0.115763 -17.388252
v 1.633594 0.115763 -17.388252
v 3.781314 -0.289901 -17.650141
v 4.366256 -0.116776 -17.725464
v 1.845157 0.178380 -17.415495
v -0.058922 -0.385169 -17.170309
v -0.140572 -0.373582 -17.777758
v -0.352135 -0.436199 -17.750515
v -0.270484 -0.447785 -17.143064
v 0.639873 4.180754 -17.265718
v 0.552301 4.169438 -17.873428
v 0.785428 3.906607 -17.902956
v 0.875259 3.915698 -17.295317
v 0.152642 -0.322552 -17.197550
v 0.070992 -0.310966 -17.805002
v 0.067369 4.533194 -17.192987
v -0.015809 4.519395 -17.801043
v 0.283197 4.370867 -17.839193
v 0.368554 4.383694 -17.231318
v 0.364206 -0.259936 -17.224794
v 0.282556 -0.248349 -17.832243
v 0.070992 -0.310966 -17.805002
v 0.152642 -0.322552 -17.197550
v -0.584477 4.681927 -17.109688
v -0.663670 4.667330 -17.718122
v -0.335243 4.617614 -17.760197
v -0.254116 4.631966 -17.151960
v 0.575771 -0.197320 -17.252037
v 0.494120 -0.185733 -17.859488
v -0.847454 4.689079 -17.073420
v -0.921234 4.672242 -17.685076
v -0.663670 4.667330 -17.718122
v -0.584477 4.681927 -17.109688
v -1.316525 4.317524 -17.015154
v -1.384882 4.306952 -17.625034
v -1.135270 4.527756 -17.657396
v -1.065427 4.539578 -17.047756
v 0.787334 -0.134704 -17.279280
v 0.705683 -0.123116 -17.886732
v -0.921234 4.672242 -17.685076
v -0.847454 4.689079 -17.073420
v -1.707117 3.769363 -16.964035
v -1.772770 3.762362 -17.574448
v -1.600913 4.050252 -17.596930
v -1.533970 4.059250 -16.986784
v 0.998898 -0.072087 -17.306524
v 0.917248 -0.060500 -17.913973
v -1.384882 4.306952 -17.625034
v -1.316525 4.317524 -17.015154
v -1.882244 3.099560 -16.940233
v -1.946217 3.098129 -17.551201
v -1.891095 3.446268 -17.558792
v -1.826467 3.450793 -16.948128
v 1.210462 -0.009471 -17.333767
v 1.128811 0.002116 -17.941216
v 0.917248 -0.060500 -17.913973
v 0.998898 -0.072087 -17.306524
v -0.936630 -0.664050 -17.048412
v -1.003642 -0.642592 -17.666599
v -1.860077 2.342880 -17.561132
v -1.795169 2.340731 -16.950933
v -1.905301 2.614266 -17.555731
v -1.840460 2.613489 -16.945719
v 1.422030 0.053147 -17.361010
v 1.340379 0.064734 -17.968458
v 1.208920 3.229845 -17.337770
v 1.118102 3.224329 -17.944632
v 1.999163 0.246146 -18.053272
v 2.100483 0.234842 -17.439497
v 1.010568 3.477268 -17.931208
v 1.100659 3.483966 -17.324448
v 1.633594 0.115763 -17.388252
v 1.551943 0.127351 -17.995703
v 2.100483 0.234842 -17.439497
v 1.999163 0.246146 -18.053272
v 1.975070 0.252583 -18.050188
v 2.056721 0.240996 -17.442739
v 0.368554 4.383694 -17.231318
v 0.283197 4.370867 -17.839193
v 0.552301 4.169438 -17.873428
v 0.639873 4.180754 -17.265718
v 1.845157 0.178380 -17.415495
v 1.763507 0.189967 -18.022947
v -0.905181 -0.635636 -17.061335
v -0.986831 -0.624049 -17.668785
v -1.003642 -0.642592 -17.666599
v -0.936630 -0.664050 -17.048412
v 1.763507 0.189967 -18.022947
v 1.845157 0.178380 -17.415495
v -0.693617 -0.573020 -17.088577
v -0.775268 -0.561432 -17.696028
v -1.772770 3.762362 -17.574448
v -1.707117 3.769363 -16.964035
v -0.482053 -0.510403 -17.115820
v -0.563704 -0.498816 -17.723270
v -0.775268 -0.561432 -17.696028
v -0.693617 -0.573020 -17.088577
v -1.946217 3.098129 -17.551201
v -1.882244 3.099560 -16.940233
v 1.118102 3.224329 -17.944632
v 1.208920 3.229845 -17.337770
v -8.082659 2.284185 -11.171982
v -8.526867 2.864098 -10.492666
v -8.801534 2.520599 -9.651493
v -8.154675 2.105557 -10.895708
v -8.206113 1.887540 -10.641514
v -9.030657 2.121612 -8.879227
v -8.233130 1.633092 -10.420023
v -8.232099 1.343718 -10.240454
v -8.198064 1.014276 -10.110657
v -8.100379 0.541710 -10.038675
v -8.035558 0.273699 -10.017616
v -6.970494 0.973000 -12.882742
v -5.710077 1.258460 -15.900251
v -6.012790 1.907291 -15.618052
v -7.138720 1.418645 -12.777163
v -7.284610 1.705385 -12.625404
v -6.318604 2.323340 -15.182669
v -6.660598 2.644457 -14.605318
v -7.435723 1.937469 -12.427197
v -7.590934 2.122360 -12.190010
v -7.033130 2.884096 -13.907265
v -7.425616 3.045804 -13.114866
v -7.746534 2.261351 -11.923059
v -8.232099 1.343718 -10.240454
v -6.881482 0.714223 -12.922569
v -5.560167 0.875661 -16.001417
v -7.138720 1.418645 -12.777163
v -6.012790 1.907291 -15.618052
v -6.318604 2.323340 -15.182669
v -7.284610 1.705385 -12.625404
v -7.033130 2.884096 -13.907265
v -7.590934 2.122360 -12.190010
v -7.746534 2.261351 -11.923059
v -7.425616 3.045804 -13.114866
v -7.825426 3.131843 -12.258272
v -7.897894 2.354713 -11.637058
v -8.219097 3.145397 -11.370173
v -8.010865 2.398385 -11.400732
v -8.154675 2.105557 -10.895708
v -8.801534 2.520599 -9.651493
v -8.035558 0.273699 -10.017616
v -7.160636 -2.726630 -10.106167
v -5.993875 -2.281259 -13.043060
v -4.501626 -2.757613 -16.131859
v -6.021147 -2.271627 -13.009493
v -4.726338 -2.843390 -15.566217
v -4.501626 -2.757613 -16.131859
v -5.993875 -2.281259 -13.043060
v -7.159019 -2.705966 -10.145330
v -7.077740 -2.674940 -10.349916
v -7.422930 -3.872722 -8.778540
v -6.996463 -2.643916 -10.554495
v -7.198215 -3.786945 -9.344181
v -6.915189 -2.612892 -10.759079
v -6.915189 -2.612892 -10.759079
v -7.198215 -3.786945 -9.344181
v -6.973500 -3.701167 -9.909819
v -6.833911 -2.581867 -10.963662
v -6.748780 -3.615389 -10.475458
v -6.752638 -2.550843 -11.168247
v -6.524066 -3.529611 -11.041100
v -6.671359 -2.519819 -11.372828
v -6.299350 -3.443834 -11.606738
v -6.590084 -2.488794 -11.577412
v -6.074635 -3.358056 -12.172380
v -6.508810 -2.457770 -11.781996
v -6.508810 -2.457770 -11.781996
v -6.074635 -3.358056 -12.172380
v -5.849918 -3.272279 -12.738018
v -6.427534 -2.426746 -11.986576
v -5.625206 -3.186502 -13.303659
v -6.346257 -2.395722 -12.191160
v -5.400490 -3.100724 -13.869299
v -6.264982 -2.364697 -12.395744
v -5.175770 -3.014945 -14.434937
v -6.183705 -2.333673 -12.600325
v -6.183705 -2.333673 -12.600325
v -5.175770 -3.014945 -14.434937
v -4.951054 -2.929168 -15.000580
v -6.102424 -2.302651 -12.804909
v -6.833911 -2.581867 -10.963662
v -7.381673 -2.719327 -11.202120
v -7.462949 -2.750351 -10.997540
v -6.915189 -2.612892 -10.759079
v -7.284610 1.705385 -12.625404
v -7.832024 1.546486 -12.853874
v -7.687654 1.262132 -13.004210
v -7.138720 1.418645 -12.777163
v -6.752638 -2.550843 -11.168247
v -7.300394 -2.688302 -11.406704
v -7.381673 -2.719327 -11.202120
v -6.833911 -2.581867 -10.963662
v -7.590934 2.122360 -12.190010
v -8.135848 1.960527 -12.421768
v -7.981832 1.776840 -12.657267
v -7.435723 1.937469 -12.427197
v -6.671359 -2.519819 -11.372828
v -7.219121 -2.657278 -11.611288
v -7.300394 -2.688302 -11.406704
v -6.752638 -2.550843 -11.168247
v -7.897894 2.354713 -11.637058
v -8.440846 2.191598 -11.872162
v -8.290411 2.098723 -12.156500
v -7.746534 2.261351 -11.923059
v -6.590084 -2.488794 -11.577412
v -7.137847 -2.626254 -11.815872
v -8.010865 2.398385 -11.400732
v -8.553196 2.231721 -11.641457
v -8.440846 2.191598 -11.872162
v -7.897894 2.354713 -11.637058
v -8.154675 2.105557 -10.895708
v -8.693643 1.944802 -11.141495
v -8.622022 2.122446 -11.416124
v -8.082659 2.284185 -11.171982
v -6.508810 -2.457770 -11.781996
v -7.056566 -2.595230 -12.020452
v -8.553196 2.231721 -11.641457
v -8.010865 2.398385 -11.400732
v -8.233130 1.633092 -10.420023
v -8.771667 1.475347 -10.669144
v -8.744801 1.728081 -10.888969
v -8.206113 1.887540 -10.641514
v -6.427534 -2.426746 -11.986576
v -6.975292 -2.564206 -12.225037
v -8.206113 1.887540 -10.641514
v -8.744801 1.728081 -10.888969
v -8.693643 1.944802 -11.141495
v -8.154675 2.105557 -10.895708
v -8.198064 1.014276 -10.110657
v -8.737065 0.861560 -10.362711
v -8.770698 1.188179 -10.491112
v -8.232099 1.343718 -10.240454
v -6.346257 -2.395722 -12.191160
v -6.894016 -2.533181 -12.429621
v -6.975292 -2.564206 -12.225037
v -6.427534 -2.426746 -11.986576
v -7.160636 -2.726630 -10.106167
v -7.710998 -2.858916 -10.364460
v -8.575010 0.124719 -10.269314
v -8.035558 0.273699 -10.017616
v -8.639425 0.391452 -10.290028
v -8.100379 0.541710 -10.038675
v -6.264982 -2.364697 -12.395744
v -6.812738 -2.502156 -12.634201
v -6.881482 0.714223 -12.922569
v -7.430887 0.561449 -13.149218
v -6.557410 -2.418578 -13.268177
v -5.993875 -2.281259 -13.043060
v -7.519236 0.819041 -13.109678
v -6.970494 0.973000 -12.882742
v -6.183705 -2.333673 -12.600325
v -6.731466 -2.471132 -12.838783
v -5.993875 -2.281259 -13.043060
v -6.557410 -2.418578 -13.268177
v -6.568907 -2.409086 -13.247950
v -6.021147 -2.271627 -13.009493
v -7.435723 1.937469 -12.427197
v -7.981832 1.776840 -12.657267
v -7.832024 1.546486 -12.853874
v -7.284610 1.705385 -12.625404
v -6.102424 -2.302651 -12.804909
v -6.650189 -2.440108 -13.043369
v -7.159019 -2.705966 -10.145330
v -7.706779 -2.843425 -10.383791
v -7.710998 -2.858916 -10.364460
v -7.160636 -2.726630 -10.106167
v -6.650189 -2.440108 -13.043369
v -6.102424 -2.302651 -12.804909
v -7.077740 -2.674940 -10.349916
v -7.625499 -2.812400 -10.588371
v -8.232099 1.343718 -10.240454
v -8.770698 1.188179 -10.491112
v -8.771667 1.475347 -10.669144
v -8.233130 1.633092 -10.420023
v -6.996463 -2.643916 -10.554495
v -7.544223 -2.781376 -10.792955
v -8.737065 0.861560 -10.362711
v -8.198064 1.014276 -10.110657
v -7.430887 0.561449 -13.149218
v -6.881482 0.714223 -12.922569
v 11.193393 8.161042 -4.482676
v 11.060533 8.375057 -5.022552
v 11.018235 8.362538 -5.017106
v 11.151097 8.148524 -4.477230
v 11.496765 7.538301 -3.558075
v 11.339858 7.881368 -3.988077
v 11.297562 7.868847 -3.982631
v 11.454471 7.525784 -3.552629
v 11.836150 6.653076 -2.957128
v 11.661806 7.132267 -3.209656
v 11.619510 7.119750 -3.204210
v 11.793855 6.640556 -2.951679
v 12.180534 5.569232 -2.773849
v 12.057934 5.965249 -2.815721
v 12.015637 5.952731 -2.810274
v 12.138239 5.556714 -2.768403
v 11.143983 6.645051 -8.350794
v 11.323134 5.956728 -8.541603
v 11.280838 5.944210 -8.536158
v 11.101687 6.632534 -8.345345
v 10.967005 7.532162 -7.686207
v 11.038872 7.125049 -8.063828
v 10.996575 7.112530 -8.058380
v 10.924709 7.519641 -7.680760
v 10.906690 8.157715 -6.716802
v 10.923628 7.876542 -7.231531
v 10.881330 7.864023 -7.226082
v 10.864394 8.145197 -6.711354
v 11.661806 7.132267 -3.209656
v 11.496765 7.538301 -3.558075
v 11.454471 7.525784 -3.552629
v 11.619510 7.119750 -3.204210
v 11.836150 6.653076 -2.957128
v 11.793855 6.640556 -2.951679
v 11.323134 5.956728 -8.541603
v 11.431337 5.560548 -8.611910
v 11.389042 5.548030 -8.606464
v 11.280838 5.944210 -8.536158
v 11.038872 7.125049 -8.063828
v 10.996575 7.112530 -8.058380
v 10.923628 7.876542 -7.231531
v 10.881330 7.864023 -7.226082
v 10.914371 8.373362 -6.161494
v 10.906690 8.157715 -6.716802
v 10.864394 8.145197 -6.711354
v 10.872075 8.360845 -6.156048
v 10.944488 8.521676 -5.586729
v 10.914371 8.373362 -6.161494
v 10.872075 8.360845 -6.156048
v 10.902192 8.509157 -5.581283
v 11.339858 7.881368 -3.988077
v 11.193393 8.161042 -4.482676
v 11.151097 8.148524 -4.477230
v 11.297562 7.868847 -3.982631
v 13.239016 1.936163 -2.904283
v 12.180534 5.569232 -2.773849
v 12.138239 5.556714 -2.768403
v 13.196720 1.923645 -2.898836
v 11.431337 5.560548 -8.611910
v 12.489818 1.927483 -8.742344
v 12.447522 1.914964 -8.736897
v 11.389042 5.548030 -8.606464
v 12.489818 1.927483 -8.742344
v 13.239016 1.936163 -2.904283
v 13.196720 1.923645 -2.898836
v 12.447522 1.914964 -8.736897
v 11.601919 7.757576 -5.591976
v 11.695645 7.606605 -5.211126
v 11.704336 7.568236 -5.231809
v 11.611901 7.717124 -5.607437
v 11.798928 7.409385 -4.862354
v 11.908943 7.168846 -4.560861
v 11.913958 7.138113 -4.592568
v 11.805998 7.374131 -4.888475
v 12.024255 6.885156 -4.317420
v 12.145436 6.552085 -4.141892
v 12.144569 6.536851 -4.183639
v 12.026674 6.860833 -4.354536
v 12.332043 5.973353 -4.022919
v 12.434055 5.643842 -3.988080
v 12.429255 5.640875 -4.032166
v 12.328737 5.965540 -4.066544
v 11.893177 5.968263 -7.442763
v 11.742438 6.547419 -7.282215
v 11.752146 6.532301 -7.241564
v 11.900997 5.960577 -7.399696
v 11.669379 6.881041 -7.082757
v 11.619166 7.165489 -6.818920
v 11.632034 7.134848 -6.789413
v 11.681101 6.856830 -7.047379
v 11.588753 7.406950 -6.500122
v 11.576809 7.605227 -6.137150
v 11.590456 7.566917 -6.119217
v 11.602204 7.371767 -6.476529
v 11.908943 7.168846 -4.560861
v 12.024255 6.885156 -4.317420
v 12.026674 6.860833 -4.354536
v 11.913958 7.138113 -4.592568
v 12.332043 5.973353 -4.022919
v 12.328737 5.965540 -4.066544
v 11.983210 5.638616 -7.501266
v 11.989698 5.635779 -7.457389
v 11.742438 6.547419 -7.282215
v 11.752146 6.532301 -7.241564
v 11.619166 7.165489 -6.818920
v 11.632034 7.134848 -6.789413
v 11.576809 7.605227 -6.137150
v 11.582229 7.757349 -5.745420
v 11.595806 7.716938 -5.732862
v 11.590456 7.566917 -6.119217
v 11.586287 7.777330 -5.667984
v 11.598710 7.734685 -5.669516
v 11.601919 7.757576 -5.591976
v 11.611901 7.717124 -5.607437
v 12.434055 5.643842 -3.988080
v 13.246294 2.855958 -4.088168
v 13.233509 2.886065 -4.118259
v 12.429255 5.640875 -4.032166
v 12.795450 2.850730 -7.601356
v 11.983210 5.638616 -7.501266
v 11.989698 5.635779 -7.457389
v 12.790663 2.880930 -7.569104
v 13.246294 2.855958 -4.088168
v 12.795450 2.850730 -7.601356
v 12.790663 2.880930 -7.569104
v 13.233509 2.886065 -4.118259
v 12.077154 8.171280 2.403958
v 11.944294 8.385294 1.864078
v 11.901997 8.372776 1.869524
v 12.034860 8.158761 2.409405
v 12.380527 7.548541 3.328552
v 12.223618 7.891605 2.898551
v 12.181323 7.879087 2.904001
v 12.338230 7.536022 3.334002
v 12.719912 6.663312 3.929505
v 12.545566 7.142507 3.676974
v 12.503271 7.129989 3.682420
v 12.677614 6.650795 3.934952
v 13.064297 5.579472 4.112781
v 12.941696 5.975488 4.070912
v 12.899403 5.962968 4.076362
v 13.022001 5.566953 4.118228
v 12.027743 6.655291 -1.464162
v 12.206895 5.966970 -1.654969
v 12.164599 5.954453 -1.649524
v 11.985447 6.642773 -1.458715
v 11.850765 7.542399 -0.799578
v 11.922632 7.135286 -1.177192
v 11.880337 7.122767 -1.171744
v 11.808471 7.529881 -0.794130
v 11.790448 8.167958 0.169829
v 11.807387 7.886779 -0.344900
v 11.765092 7.874260 -0.339455
v 11.748154 8.155440 0.175276
v 12.545566 7.142507 3.676974
v 12.380527 7.548541 3.328552
v 12.338230 7.536022 3.334002
v 12.503271 7.129989 3.682420
v 12.719912 6.663312 3.929505
v 12.677614 6.650795 3.934952
v 12.206895 5.966970 -1.654969
v 12.315099 5.570787 -1.725281
v 12.272804 5.558269 -1.719834
v 12.164599 5.954453 -1.649524
v 11.922632 7.135286 -1.177192
v 11.880337 7.122767 -1.171744
v 11.807387 7.886779 -0.344900
v 11.765092 7.874260 -0.339455
v 11.798132 8.383601 0.725136
v 11.790448 8.167958 0.169829
v 11.748154 8.155440 0.175276
v 11.755836 8.371083 0.730581
v 11.828247 8.531919 1.299900
v 11.798132 8.383601 0.725136
v 11.755836 8.371083 0.730581
v 11.785951 8.519400 1.305346
v 12.223618 7.891605 2.898551
v 12.077154 8.171280 2.403958
v 12.034860 8.158761 2.409405
v 12.181323 7.879087 2.904001
v 14.122778 1.946405 3.982349
v 13.064297 5.579472 4.112781
v 13.022001 5.566953 4.118228
v 14.080481 1.933887 3.987794
v 12.315099 5.570787 -1.725281
v 13.373579 1.937722 -1.855714
v 13.331284 1.925204 -1.850268
v 12.272804 5.558269 -1.719834
v 13.373579 1.937722 -1.855714
v 14.122778 1.946405 3.982349
v 14.080481 1.933887 3.987794
v 13.331284 1.925204 -1.850268
v 12.485682 7.767816 1.294654
v 12.579404 7.616847 1.675502
v 12.588097 7.578480 1.654821
v 12.495664 7.727364 1.279192
v 12.682688 7.419626 2.024277
v 12.792704 7.179083 2.325773
v 12.797718 7.148351 2.294061
v 12.689760 7.384368 1.998156
v 12.908016 6.895394 2.569217
v 13.029196 6.562325 2.744735
v 13.028330 6.547090 2.702995
v 12.910435 6.871070 2.532094
v 13.215805 5.983593 2.863713
v 13.317818 5.654079 2.898552
v 13.313019 5.651114 2.854469
v 13.212500 5.975780 2.820085
v 12.776937 5.978500 -0.556133
v 12.626200 6.557656 -0.395584
v 12.635908 6.542540 -0.354935
v 12.784758 5.970815 -0.513060
v 12.553141 6.891278 -0.196127
v 12.502927 7.175726 0.067711
v 12.515795 7.145085 0.097216
v 12.564862 6.867067 -0.160749
v 12.472514 7.417188 0.386509
v 12.460569 7.615466 0.749478
v 12.474217 7.577156 0.767410
v 12.485966 7.382004 0.410102
v 12.792704 7.179083 2.325773
v 12.908016 6.895394 2.569217
v 12.910435 6.871070 2.532094
v 12.797718 7.148351 2.294061
v 13.215805 5.983593 2.863713
v 13.212500 5.975780 2.820085
v 12.866972 5.648852 -0.614633
v 12.873459 5.646019 -0.570756
v 12.626200 6.557656 -0.395584
v 12.635908 6.542540 -0.354935
v 12.502927 7.175726 0.067711
v 12.515795 7.145085 0.097216
v 12.460569 7.615466 0.749478
v 12.465988 7.767587 1.141211
v 12.479568 7.727177 1.153768
v 12.474217 7.577156 0.767410
v 12.470046 7.787570 1.218650
v 12.482472 7.744925 1.217119
v 12.485682 7.767816 1.294654
v 12.495664 7.727364 1.279192
v 13.317818 5.654079 2.898552
v 14.130058 2.866196 2.798465
v 14.117270 2.896304 2.768373
v 13.313019 5.651114 2.854469
v 13.679207 2.860973 -0.714726
v 12.866972 5.648852 -0.614633
v 12.873459 5.646019 -0.570756
v 13.674423 2.891170 -0.682472
v 14.130058 2.866196 2.798465
v 13.679207 2.860973 -0.714726
v 13.674423 2.891170 -0.682472
v 14.117270 2.896304 2.768373
v 6.807981 7.463752 -14.166686
v 6.329944 7.117897 -14.910235
v 6.296144 7.107089 -14.883481
v 6.774181 7.452944 -14.139929
v 5.913392 6.716738 -15.598456
v 5.576810 6.267223 -16.205202
v 5.543006 6.256413 -16.178442
v 5.879593 6.705930 -15.571698
v 5.336837 5.773860 -16.707611
v 5.210216 5.229824 -17.087305
v 5.176414 5.219017 -17.060553
v 5.303037 5.763054 -16.680853
v 5.246636 4.502183 -17.335218
v 5.306631 4.092762 -17.424807
v 5.272832 4.081954 -17.398050
v 5.212833 4.491374 -17.308460
v 10.899515 5.872879 -9.640888
v 10.535114 6.520997 -9.839411
v 10.501315 6.510189 -9.812653
v 10.865716 5.862071 -9.614136
v 10.129116 6.935884 -10.184680
v 9.652306 7.255442 -10.657904
v 9.618506 7.244634 -10.631145
v 10.095316 6.925077 -10.157921
v 9.115490 7.493180 -11.239975
v 8.535587 7.652715 -11.908064
v 8.501783 7.641905 -11.881306
v 9.081690 7.482371 -11.213217
v 5.576810 6.267223 -16.205202
v 5.336837 5.773860 -16.707611
v 5.303037 5.763054 -16.680853
v 5.543006 6.256413 -16.178442
v 11.070260 5.490323 -9.579739
v 11.036460 5.479515 -9.552980
v 10.535114 6.520997 -9.839411
v 10.501315 6.510189 -9.812653
v 9.115490 7.493180 -11.239975
v 9.081690 7.482371 -11.213217
v 7.932405 7.736397 -12.636192
v 7.898607 7.725589 -12.609438
v 7.327238 7.747499 -13.396149
v 7.293437 7.736691 -13.369394
v 6.807981 7.463752 -14.166686
v 6.774181 7.452944 -14.139929
v 6.329944 7.117897 -14.910235
v 6.296144 7.107089 -14.883481
v 5.306631 4.092762 -17.424807
v 6.365174 0.459490 -17.555248
v 6.331373 0.448682 -17.528490
v 5.272832 4.081954 -17.398050
v 12.128800 1.857048 -9.710180
v 12.095002 1.846240 -9.683422
v 11.768574 1.769701 -10.200495
v 12.128800 1.857048 -9.710180
v 12.095002 1.846240 -9.683422
v 11.734774 1.758893 -10.173740
v 6.365174 0.459490 -17.555248
v 6.725400 0.546837 -17.064930
v 6.691600 0.536029 -17.038176
v 6.331373 0.448682 -17.528490
v 7.085628 0.634185 -16.574614
v 7.051827 0.623377 -16.547855
v 7.085628 0.634185 -16.574614
v 7.445853 0.721532 -16.084295
v 7.412055 0.710724 -16.057541
v 7.051827 0.623377 -16.547855
v 7.806082 0.808880 -15.593981
v 7.772282 0.798072 -15.567223
v 8.166307 0.896227 -15.103664
v 8.132508 0.885419 -15.076908
v 8.526535 0.983575 -14.613345
v 8.492732 0.972766 -14.586588
v 8.526535 0.983575 -14.613345
v 8.886762 1.070922 -14.123032
v 8.852958 1.060113 -14.096273
v 8.492732 0.972766 -14.586588
v 9.246989 1.158270 -13.632711
v 9.213185 1.147460 -13.605953
v 9.607212 1.245616 -13.142397
v 9.573412 1.234808 -13.115639
v 9.967440 1.332964 -12.652077
v 9.933639 1.322156 -12.625324
v 10.327666 1.420311 -12.161762
v 10.293866 1.409503 -12.135004
v 10.327666 1.420311 -12.161762
v 10.687893 1.507659 -11.671448
v 10.654092 1.496850 -11.644690
v 10.293866 1.409503 -12.135004
v 11.048120 1.595006 -11.181129
v 11.014321 1.584198 -11.154371
v 11.408346 1.682354 -10.690813
v 11.374547 1.671546 -10.664055
v 7.705471 6.874218 -14.236897
v 7.846657 7.056014 -13.985119
v 7.867578 7.018456 -13.973862
v 7.728998 6.840037 -14.220987
v 7.506774 6.393212 -14.682186
v 7.590008 6.652336 -14.472380
v 7.615824 6.622599 -14.451778
v 7.534409 6.369232 -14.656956
v 7.462109 5.762063 -14.993542
v 7.461790 6.098254 -14.858143
v 7.490506 6.081544 -14.828623
v 7.490750 5.754538 -14.960400
v 7.597508 5.013599 -15.124832
v 7.539358 5.284750 -15.088760
v 7.567053 5.284183 -15.054007
v 7.624248 5.017368 -15.089533
v 9.193753 6.181946 -12.636541
v 9.386473 5.732633 -12.574591
v 9.362740 5.719596 -12.609833
v 9.172987 6.162442 -12.670654
v 8.811483 6.709572 -12.906298
v 9.011059 6.473920 -12.749388
v 8.995226 6.446407 -12.780497
v 8.800541 6.676242 -12.933580
v 8.377222 7.037104 -13.322559
v 8.598207 6.896802 -13.100079
v 8.591983 6.859296 -13.123095
v 8.375402 6.996776 -13.341143
v 7.461790 6.098254 -14.858143
v 7.506774 6.393212 -14.682186
v 7.534409 6.369232 -14.656956
v 7.490506 6.081544 -14.828623
v 7.462109 5.762063 -14.993542
v 7.490750 5.754538 -14.960400
v 9.483568 5.470930 -12.557648
v 9.458307 5.462088 -12.593129
v 9.011059 6.473920 -12.749388
v 8.995226 6.446407 -12.780497
v 8.811483 6.709572 -12.906298
v 8.800541 6.676242 -12.933580
v 8.155727 7.130957 -13.564436
v 8.377222 7.037104 -13.322559
v 8.375402 6.996776 -13.341143
v 8.158009 7.088875 -13.578552
v 7.978602 7.171009 -13.771996
v 8.155727 7.130957 -13.564436
v 8.158009 7.088875 -13.578552
v 7.991028 7.128364 -13.773529
v 7.705471 6.874218 -14.236897
v 7.728998 6.840037 -14.220987
v 8.475778 1.999080 -15.233059
v 8.485408 2.033699 -15.206907
v 9.483568 5.470930 -12.557648
v 10.361838 2.456410 -12.665874
v 10.334637 2.482098 -12.689863
v 9.458307 5.462088 -12.593129
v 10.361838 2.456410 -12.665874
v 10.330825 2.448890 -12.708090
v 10.318401 2.491530 -12.706561
v 10.334637 2.482098 -12.689863
v 8.506790 2.006599 -15.190844
v 8.475778 1.999080 -15.233059
v 8.485408 2.033699 -15.206907
v 8.494364 2.049244 -15.189312
v 8.637076 2.038191 -15.013508
v 8.624654 2.080836 -15.011976
v 8.767365 2.069783 -14.836166
v 8.754941 2.112429 -14.834635
v 8.897654 2.101375 -14.658825
v 8.767365 2.069783 -14.836166
v 8.754941 2.112429 -14.834635
v 8.885228 2.144021 -14.657293
v 9.027941 2.132967 -14.481489
v 9.015516 2.175613 -14.479958
v 9.158228 2.164560 -14.304146
v 9.145805 2.207205 -14.302615
v 9.288518 2.196152 -14.126806
v 9.276093 2.238797 -14.125275
v 9.418805 2.227744 -13.949465
v 9.288518 2.196152 -14.126806
v 9.276093 2.238797 -14.125275
v 9.406382 2.270389 -13.947933
v 9.549093 2.259336 -13.772127
v 9.536668 2.301981 -13.770597
v 9.679385 2.290929 -13.594788
v 9.666962 2.333574 -13.593256
v 9.809674 2.322521 -13.417447
v 9.797249 2.365167 -13.415915
v 9.939960 2.354113 -13.240108
v 9.809674 2.322521 -13.417447
v 9.797249 2.365167 -13.415915
v 9.927536 2.396759 -13.238579
v 10.070250 2.385706 -13.062769
v 9.939960 2.354113 -13.240108
v 9.927536 2.396759 -13.238579
v 10.057825 2.428347 -13.061237
v 10.200538 2.417298 -12.885427
v 10.188113 2.459943 -12.883896
v -1.938777 5.016016 -16.968779
v -2.754056 4.541430 -16.863449
v -2.748398 4.541498 -16.819363
v -1.933119 5.016083 -16.924692
v -3.481410 4.021634 -16.769335
v -4.090418 3.468131 -16.690359
v -4.084761 3.468197 -16.646271
v -3.475751 4.021698 -16.725248
v -4.553960 2.889430 -16.630013
v -4.846706 2.281980 -16.591539
v -4.841049 2.282046 -16.547453
v -4.548302 2.889496 -16.585924
v -4.912591 1.515288 -16.581945
v -4.887136 1.092683 -16.584583
v -4.881479 1.092748 -16.540503
v -4.906934 1.515354 -16.537859
v 4.266660 4.232056 -17.763956
v 3.799952 4.841122 -17.704969
v 3.805610 4.841186 -17.660887
v 4.272316 4.232120 -17.719875
v 3.227831 5.192595 -17.632072
v 2.527449 5.426813 -17.542542
v 2.533108 5.426877 -17.498459
v 3.233488 5.192662 -17.587992
v 1.718210 5.560563 -17.438890
v 0.827502 5.601458 -17.324646
v 0.833160 5.601522 -17.280565
v 1.723867 5.560627 -17.394808
v -4.553960 2.889430 -16.630013
v -4.548302 2.889496 -16.585924
v 4.471941 3.862682 -17.789751
v 4.477598 3.862748 -17.745668
v 3.799952 4.841122 -17.704969
v 3.227831 5.192595 -17.632072
v 3.233488 5.192662 -17.587992
v 3.805610 4.841186 -17.660887
v 1.718210 5.560563 -17.438890
v 1.723867 5.560627 -17.394808
v 0.827502 5.601458 -17.324646
v -0.112920 5.556411 -17.203896
v -0.107262 5.556476 -17.159807
v 0.833160 5.601522 -17.280565
v -1.068802 5.433639 -17.081045
v -1.063146 5.433704 -17.036955
v -1.938777 5.016016 -16.968779
v -1.933119 5.016083 -16.924692
v -2.754056 4.541430 -16.863449
v -2.748398 4.541498 -16.819363
v -4.887136 1.092683 -16.584583
v -3.828595 -2.540592 -16.715025
v -3.822937 -2.540526 -16.670942
v -4.881479 1.092748 -16.540503
v 5.530482 0.229408 -17.920193
v 5.536139 0.229474 -17.876112
v 4.945539 0.056283 -17.844870
v 5.530482 0.229408 -17.920193
v 5.536139 0.229474 -17.876112
v 4.951196 0.056348 -17.800787
v -3.828595 -2.540592 -16.715025
v -3.243653 -2.367467 -16.790348
v -3.237995 -2.367401 -16.746265
v -3.822937 -2.540526 -16.670942
v -3.243653 -2.367467 -16.790348
v -2.658709 -2.194342 -16.865671
v -2.653052 -2.194276 -16.821589
v -3.237995 -2.367401 -16.746265
v -2.073767 -2.021216 -16.940994
v -2.068109 -2.021151 -16.896914
v -1.488824 -1.848091 -17.016317
v -1.483164 -1.848025 -16.972237
v -0.903884 -1.674967 -17.091640
v -0.898227 -1.674902 -17.047558
v -0.903884 -1.674967 -17.091640
v -0.318941 -1.501841 -17.166964
v -0.313284 -1.501776 -17.122881
v -0.898227 -1.674902 -17.047558
v 0.266003 -1.328716 -17.242287
v 0.271659 -1.328651 -17.198204
v 0.850946 -1.155591 -17.317610
v 0.856603 -1.155525 -17.273527
v 1.435889 -0.982466 -17.392933
v 1.441546 -0.982401 -17.348850
v 1.435889 -0.982466 -17.392933
v 2.020832 -0.809341 -17.468256
v 2.026489 -0.809275 -17.424173
v 1.441546 -0.982401 -17.348850
v 2.605770 -0.636217 -17.543579
v 2.611428 -0.636151 -17.499495
v 3.190714 -0.463092 -17.618900
v 3.196370 -0.463026 -17.574820
v 3.775656 -0.289966 -17.694223
v 3.781314 -0.289901 -17.650141
v 3.775656 -0.289966 -17.694223
v 4.360599 -0.116841 -17.769548
v 4.366256 -0.116776 -17.725464
v 3.781314 -0.289901 -17.650141
v -1.416313 4.338118 -17.621046
v -1.162004 4.563095 -17.654016
v -1.135270 4.527756 -17.657396
v -1.384882 4.306952 -17.625034
v -1.812439 3.781751 -17.569384
v -1.636725 4.076175 -17.592371
v -1.600913 4.050252 -17.596930
v -1.772770 3.762362 -17.574448
v -1.990268 3.099770 -17.545549
v -1.933701 3.457675 -17.553343
v -1.891095 3.446268 -17.558792
v -1.946217 3.098129 -17.551201
v -1.903034 2.332921 -17.555605
v -1.949036 2.608710 -17.550112
v -1.905301 2.614266 -17.555731
v -1.860077 2.342880 -17.561132
v 0.821603 3.931992 -17.907635
v 1.050341 3.496428 -17.936342
v 1.010568 3.477268 -17.931208
v 0.785428 3.906607 -17.902956
v 0.306173 4.408790 -17.842199
v 0.582022 4.202251 -17.877291
v 0.552301 4.169438 -17.873428
v 0.283197 4.370867 -17.839193
v -0.325516 4.660961 -17.761509
v 0.000412 4.560717 -17.803186
v -0.015809 4.519395 -17.801043
v -0.335243 4.617614 -17.760197
v -1.812439 3.781751 -17.569384
v -1.772770 3.762362 -17.574448
v -1.990268 3.099770 -17.545549
v -1.946217 3.098129 -17.551201
v 1.159583 3.239362 -17.949980
v 1.118102 3.224329 -17.944632
v 0.582022 4.202251 -17.877291
v 0.552301 4.169438 -17.873428
v 0.306173 4.408790 -17.842199
v 0.283197 4.370867 -17.839193
v -0.660139 4.711630 -17.718641
v -0.663670 4.667330 -17.718122
v -0.933659 4.714887 -17.683546
v -0.660139 4.711630 -17.718641
v -0.663670 4.667330 -17.718122
v -0.921234 4.672242 -17.685076
v -1.416313 4.338118 -17.621046
v -1.384882 4.306952 -17.625034
v -1.024764 -0.681598 -17.663832
v -1.003642 -0.642592 -17.666599
v 1.159583 3.239362 -17.949980
v 2.037853 0.224842 -18.058205
v 1.999163 0.246146 -18.053272
v 1.118102 3.224329 -17.944632
v 2.037853 0.224842 -18.058205
v 1.987495 0.209938 -18.051722
v 1.975070 0.252583 -18.050188
v 1.999163 0.246146 -18.053272
v -0.974407 -0.666694 -17.670317
v -1.024764 -0.681598 -17.663832
v -1.003642 -0.642592 -17.666599
v -0.986831 -0.624049 -17.668785
v -0.762843 -0.604078 -17.697559
v -0.775268 -0.561432 -17.696028
v -0.551279 -0.541461 -17.724802
v -0.762843 -0.604078 -17.697559
v -0.775268 -0.561432 -17.696028
v -0.563704 -0.498816 -17.723270
v -0.339711 -0.478844 -17.752047
v -0.352135 -0.436199 -17.750515
v -0.128149 -0.416227 -17.779291
v -0.140572 -0.373582 -17.777758
v 0.083416 -0.353611 -17.806532
v 0.070992 -0.310966 -17.805002
v 0.294981 -0.290994 -17.833776
v 0.083416 -0.353611 -17.806532
v 0.070992 -0.310966 -17.805002
v 0.282556 -0.248349 -17.832243
v 0.506544 -0.228378 -17.861019
v 0.494120 -0.185733 -17.859488
v 0.718108 -0.165761 -17.888262
v 0.705683 -0.123116 -17.886732
v 0.929672 -0.103145 -17.915506
v 0.917248 -0.060500 -17.913973
v 1.141235 -0.040529 -17.942749
v 0.929672 -0.103145 -17.915506
v 0.917248 -0.060500 -17.913973
v 1.128811 0.002116 -17.941216
v 1.352804 0.022089 -17.969992
v 1.340379 0.064734 -17.968458
v 1.564368 0.084705 -17.997234
v 1.551943 0.127351 -17.995703
v 1.775931 0.147322 -18.024477
v 1.763507 0.189967 -18.022947
v 1.775931 0.147322 -18.024477
v 1.763507 0.189967 -18.022947
v -8.566321 2.853224 -10.509991
v -8.840993 2.509725 -9.668818
v -8.801534 2.520599 -9.651493
v -8.526867 2.864098 -10.492666
v -9.070113 2.110739 -8.896552
v -9.030657 2.121612 -8.879227
v -5.749535 1.247587 -15.917576
v -6.052247 1.896418 -15.635372
v -6.012790 1.907291 -15.618052
v -5.710077 1.258460 -15.900251
v -6.358062 2.312467 -15.199993
v -6.700055 2.633583 -14.622643
v -6.660598 2.644457 -14.605318
v -6.318604 2.323340 -15.182669
v -7.072590 2.873221 -13.924587
v -7.465071 3.034931 -13.132187
v -7.425616 3.045804 -13.114866
v -7.033130 2.884096 -13.907265
v -5.599623 0.864787 -16.018738
v -5.560167 0.875661 -16.001417
v -6.052247 1.896418 -15.635372
v -6.358062 2.312467 -15.199993
v -6.318604 2.323340 -15.182669
v -6.012790 1.907291 -15.618052
v -7.072590 2.873221 -13.924587
v -7.033130 2.884096 -13.907265
v -7.465071 3.034931 -13.132187
v -7.864885 3.120969 -12.275597
v -7.825426 3.131843 -12.258272
v -7.425616 3.045804 -13.114866
v -8.258554 3.134523 -11.387497
v -8.219097 3.145397 -11.370173
v -8.840993 2.509725 -9.668818
v -8.801534 2.520599 -9.651493
v -4.541082 -2.768487 -16.149179
v -4.501626 -2.757613 -16.131859
v -4.765798 -2.854264 -15.583542
v -4.541082 -2.768487 -16.149179
v -4.501626 -2.757613 -16.131859
v -4.726338 -2.843390 -15.566217
v -7.422930 -3.872722 -8.778540
v -7.237672 -3.797819 -9.361506
v -7.198215 -3.786945 -9.344181
v -7.237672 -3.797819 -9.361506
v -7.012955 -3.712041 -9.927145
v -6.973500 -3.701167 -9.909819
v -7.198215 -3.786945 -9.344181
v -6.788238 -3.626263 -10.492783
v -6.748780 -3.615389 -10.475458
v -6.563523 -3.540485 -11.058424
v -6.524066 -3.529611 -11.041100
v -6.338806 -3.454707 -11.624063
v -6.299350 -3.443834 -11.606738
v -6.114091 -3.368930 -12.189705
v -6.074635 -3.358056 -12.172380
v -6.114091 -3.368930 -12.189705
v -5.889374 -3.283152 -12.755342
v -5.849918 -3.272279 -12.738018
v -6.074635 -3.358056 -12.172380
v -5.664663 -3.197376 -13.320980
v -5.625206 -3.186502 -13.303659
v -5.439946 -3.111598 -13.886623
v -5.400490 -3.100724 -13.869299
v -5.215230 -3.025820 -14.452261
v -5.175770 -3.014945 -14.434937
v -5.215230 -3.025820 -14.452261
v -4.990516 -2.940043 -15.017902
v -4.951054 -2.929168 -15.000580
v -5.175770 -3.014945 -14.434937
v -8.712404 1.979039 -11.120260
v -8.639433 2.160044 -11.400059
v -8.622022 2.122446 -11.416124
v -8.693643 1.944802 -11.141495
v -8.792048 1.499412 -10.637822
v -8.764586 1.757888 -10.862605
v -8.744801 1.728081 -10.888969
v -8.771667 1.475347 -10.669144
v -8.756412 0.869192 -10.323433
v -8.791030 1.204987 -10.455345
v -8.770698 1.188179 -10.491112
v -8.737065 0.861560 -10.362711
v -8.591968 0.121065 -10.228394
v -8.657445 0.392131 -10.249409
v -8.639425 0.391452 -10.290028
v -8.575010 0.124719 -10.269314
v -7.676180 1.281529 -13.042517
v -7.505182 0.831964 -13.149809
v -7.519236 0.819041 -13.109678
v -7.687654 1.262132 -13.004210
v -7.978145 1.810087 -12.686523
v -7.824574 1.573900 -12.888052
v -7.832024 1.546486 -12.853874
v -7.981832 1.776840 -12.657267
v -8.293358 2.138996 -12.175060
v -8.135654 1.997963 -12.445719
v -8.135848 1.960527 -12.421768
v -8.290411 2.098723 -12.156500
v -8.792048 1.499412 -10.637822
v -8.771667 1.475347 -10.669144
v -8.756412 0.869192 -10.323433
v -8.737065 0.861560 -10.362711
v -7.415408 0.570178 -13.189953
v -7.430887 0.561449 -13.149218
v -7.824574 1.573900 -12.888052
v -7.832024 1.546486 -12.853874
v -7.978145 1.810087 -12.686523
v -7.981832 1.776840 -12.657267
v -8.446633 2.233639 -11.885368
v -8.440846 2.191598 -11.872162
v -8.565621 2.274366 -11.639927
v -8.446633 2.233639 -11.885368
v -8.440846 2.191598 -11.872162
v -8.553196 2.231721 -11.641457
v -8.764586 1.757888 -10.862605
v -8.712404 1.979039 -11.120260
v -8.693643 1.944802 -11.141495
v -8.744801 1.728081 -10.888969
v -7.713700 -2.893455 -10.336620
v -7.710998 -2.858916 -10.364460
v -7.415408 0.570178 -13.189953
v -6.537138 -2.444342 -13.298180
v -6.557410 -2.418578 -13.268177
v -7.430887 0.561449 -13.149218
v -6.537138 -2.444342 -13.298180
v -6.556483 -2.451727 -13.249479
v -6.568907 -2.409086 -13.247950
v -6.557410 -2.418578 -13.268177
v -7.694356 -2.886071 -10.385321
v -7.713700 -2.893455 -10.336620
v -7.710998 -2.858916 -10.364460
v -7.706779 -2.843425 -10.383791
v -7.613078 -2.855046 -10.589901
v -7.625499 -2.812400 -10.588371
v -7.531797 -2.824021 -10.794487
v -7.544223 -2.781376 -10.792955
v -7.450521 -2.792996 -10.999070
v -7.462949 -2.750351 -10.997540
v -7.369247 -2.761972 -11.203651
v -7.381673 -2.719327 -11.202120
v -7.287971 -2.730947 -11.408236
v -7.369247 -2.761972 -11.203651
v -7.381673 -2.719327 -11.202120
v -7.300394 -2.688302 -11.406704
v -7.206697 -2.699924 -11.612820
v -7.287971 -2.730947 -11.408236
v -7.300394 -2.688302 -11.406704
v -7.219121 -2.657278 -11.611288
v -7.125419 -2.668899 -11.817402
v -7.137847 -2.626254 -11.815872
v -7.044142 -2.637874 -12.021982
v -7.056566 -2.595230 -12.020452
v -6.962868 -2.606851 -12.226566
v -6.975292 -2.564206 -12.225037
v -6.881592 -2.575826 -12.431150
v -6.962868 -2.606851 -12.226566
v -6.975292 -2.564206 -12.225037
v -6.894016 -2.533181 -12.429621
v -6.800315 -2.544802 -12.635731
v -6.812738 -2.502156 -12.634201
v -6.719040 -2.513778 -12.840315
v -6.731466 -2.471132 -12.838783
v -6.637764 -2.482753 -13.044899
v -6.650189 -2.440108 -13.043369
v -6.637764 -2.482753 -13.044899
v -6.650189 -2.440108 -13.043369
v -8.993448 1.229399 -8.517989
v -7.527271 -3.629104 -8.807823
v -9.115283 1.670301 -8.406025
v -8.581794 -0.102052 -8.522165
v -8.064743 -1.815552 -8.624706
v -8.581794 -0.102052 -8.522165
v -9.161184 1.811355 -8.423071
v -9.176229 1.835081 -8.481855
v -7.520812 -3.650515 -8.809099
v -9.006728 1.308614 -8.432142
v -9.123541 1.660487 -8.492270
v -8.649696 0.090302 -8.585939
v -8.594156 -0.093747 -8.596920
v -8.993448 1.229399 -8.517989
v -7.455812 -3.865906 -8.821947
v -8.890705 0.922914 -8.457972
v -8.983351 1.230950 -8.437220
v -7.593111 -3.374773 -8.709343
v -7.565605 -3.468767 -8.721500
v -9.154281 1.800467 -8.396099
v -7.441039 -3.879349 -8.740948
v -9.176229 1.835081 -8.481855
v -9.111434 1.620364 -8.494663
v -7.455397 -3.867277 -8.822028
v -7.451700 -3.879518 -8.822760
v -7.563509 -3.472487 -8.714298
v -7.517750 -3.625518 -8.726631
v -7.440257 -3.879337 -8.734926
v -8.691153 0.227670 -8.577747
v -8.097121 -1.740790 -8.695173
v -7.608598 -3.359619 -8.791744
v -8.853102 0.798166 -8.465736
v -7.510435 -3.649468 -8.727413
v -7.440257 -3.879337 -8.734926
v -7.447338 -3.879449 -8.789256
v -7.451220 -3.879510 -8.819046
v -7.451700 -3.879518 -8.822760
v -7.606143 -3.367747 -8.792227
v -8.743733 0.435239 -8.488575
v -8.958994 1.115227 -8.524803
v -8.864078 0.800706 -8.543560
v -8.594156 -0.093747 -8.596920
v -7.578489 -3.459381 -8.797695
v -9.121632 1.691422 -8.404570
v -8.621351 0.029008 -8.514385
v -8.679252 0.221050 -8.502535
v -8.983351 1.230950 -8.437220
v -8.798855 0.584569 -8.556454
v -7.569070 -3.490592 -8.799559
v -9.154281 1.800467 -8.396099
vn -0.1080 -0.0667 -0.9919
vn -0.1079 -0.0668 -0.9919
vn -0.0743 -0.1758 -0.9816
vn -0.0744 -0.1758 -0.9816
vn 0.9517 0.2817 -0.1225
vn 0.9517 0.2817 -0.1226
vn -0.3055 0.9093 -0.2826
vn -0.3071 0.8619 -0.4034
vn -0.3070 0.8620 -0.4034
vn -0.2796 0.9595 0.0344
vn 0.3026 -0.7916 0.5308
vn 0.2896 -0.6895 0.6639
vn 0.2896 -0.6895 0.6638
vn 0.2184 -0.3401 0.9147
vn 0.2185 -0.3400 0.9147
vn 0.1760 -0.1730 0.9691
vn 0.3055 -0.9093 0.2826
vn 0.3071 -0.8620 0.4033
vn 0.3070 -0.8620 0.4033
vn 0.2895 -0.6894 0.6640
vn 0.2896 -0.6893 0.6641
vn 0.2638 -0.5448 0.7960
vn 0.2796 -0.9595 -0.0344
vn 0.2796 -0.9595 -0.0345
vn 0.3070 -0.8620 0.4034
vn 0.2247 -0.9102 -0.3479
vn 0.2246 -0.9102 -0.3479
vn 0.0544 -0.5473 -0.8352
vn 0.1128 -0.6915 -0.7135
vn 0.1956 -0.8633 -0.4652
vn 0.1592 -0.7933 -0.5877
vn 0.1956 -0.8632 -0.4655
vn 0.1955 -0.8632 -0.4655
vn -0.0194 -0.3428 -0.9392
vn 0.1128 -0.6916 -0.7135
vn -0.1273 -0.0015 -0.9919
vn 0.1460 -0.0638 0.9872
vn 0.0544 -0.5472 -0.8353
vn 0.1273 0.0015 0.9919
vn 0.2184 -0.3402 0.9146
vn 0.2185 -0.3402 0.9146
vn 0.9517 0.2816 -0.1225
vn -0.2894 0.6895 -0.6640
vn -0.2893 0.6895 -0.6640
vn -0.2638 0.5448 -0.7960
vn -0.2796 0.9595 0.0345
vn -0.3027 0.7916 -0.5308
vn -0.2246 0.9102 0.3479
vn -0.0545 0.5473 0.8351
vn -0.0546 0.5474 0.8351
vn -0.1128 0.6913 0.7137
vn -0.1956 0.8632 0.4654
vn -0.2246 0.9102 0.3480
vn -0.1592 0.7933 0.5876
vn 0.0744 0.1758 0.9816
vn 0.0743 0.1759 0.9816
vn 0.0194 0.3428 0.9392
vn -0.1128 0.6914 0.7136
vn -0.1128 0.6915 0.7136
vn -0.1591 0.7933 0.5877
vn 0.1079 0.0667 0.9919
vn -0.1759 0.1730 -0.9691
vn -0.1460 0.0638 -0.9872
vn -0.0544 0.5472 0.8353
vn -0.0545 0.5471 0.8353
vn -0.1460 0.0637 -0.9872
vn -0.2184 0.3402 -0.9146
vn 0.2795 -0.9595 -0.0344
vn -0.3026 0.7915 -0.5310
vn -0.2896 0.6896 -0.6638
vn -0.2184 0.3399 -0.9148
vn -0.2185 0.3399 -0.9147
vn 0.2637 -0.5448 0.7960
vn 0.2185 -0.3403 0.9146
vn 0.2185 -0.3404 0.9145
vn -0.2795 0.9595 0.0344
vn 0.3027 -0.7916 0.5308
vn 0.2895 -0.6896 0.6638
vn 0.2184 -0.3400 0.9147
vn 0.3071 -0.8620 0.4034
vn 0.3071 -0.8619 0.4034
vn 0.0544 -0.5473 -0.8351
vn 0.1955 -0.8633 -0.4654
vn 0.1955 -0.8632 -0.4654
vn 0.1591 -0.7933 -0.5877
vn -0.0744 -0.1759 -0.9816
vn -0.0195 -0.3429 -0.9392
vn -0.1081 -0.0667 -0.9919
vn 0.0544 -0.5471 -0.8353
vn 0.0543 -0.5471 -0.8353
vn 0.0744 0.1759 0.9816
vn 0.0195 0.3429 0.9392
vn -0.1128 0.6915 0.7135
vn 0.1080 0.0667 0.9919
vn -0.1760 0.1730 -0.9691
vn -0.0544 0.5471 0.8353
vn -0.2637 0.5448 -0.7960
vn -0.3026 0.7916 -0.5308
vn -0.2895 0.6896 -0.6638
vn -0.2184 0.3400 -0.9147
vn -0.3071 0.8620 -0.4034
vn -0.2895 0.6894 -0.6640
vn -0.2896 0.6894 -0.6640
vn -0.2795 0.9595 0.0345
vn -0.0544 0.5475 0.8350
vn -0.0544 0.5475 0.8351
vn -0.1127 0.6914 0.7136
vn -0.2185 0.3402 -0.9146
vn -0.2896 0.6895 -0.6639
vn -0.2184 0.3399 -0.9147
vn -0.2896 0.6893 -0.6641
vn -0.0544 0.5473 0.8351
vn -0.3073 0.8619 -0.4034
vn 0.2895 -0.6895 0.6638
vn 0.2895 -0.6895 0.6639
vn 0.0545 -0.5474 -0.8351
vn 0.1128 -0.6914 -0.7136
vn 0.1956 -0.8633 -0.4653
vn -0.1272 -0.0015 -0.9919
vn 0.0544 -0.5469 -0.8354
vn 0.1272 0.0015 0.9919
vn 0.1460 -0.0637 0.9872
vn -0.2797 0.9595 0.0344
vn -0.3072 0.8619 -0.4034
vn -0.3026 0.7916 -0.5309
vn -0.2245 0.9103 0.3478
vn -0.2245 0.9103 0.3477
vn -0.0544 0.5473 0.8352
vn -0.0543 0.5473 0.8352
vn -0.1955 0.8633 0.4654
vn -0.1592 0.7933 0.5877
vn 0.0743 0.1758 0.9816
vn -0.1129 0.6915 0.7135
vn -0.1590 0.7931 0.5879
vn -0.1590 0.7931 0.5880
vn 0.1274 0.0015 0.9919
vn -0.1461 0.0638 -0.9872
vn -0.2186 0.3403 -0.9145
vn -0.2186 0.3403 -0.9146
vn 0.1080 0.0668 0.9919
vn -0.2896 0.6894 -0.6639
vn -0.2184 0.3401 -0.9147
vn -0.1079 -0.0667 -0.9919
vn 0.3071 -0.8619 0.4035
vn 0.2896 -0.6894 0.6640
vn 0.2895 -0.6893 0.6641
vn 0.0544 -0.5472 -0.8352
vn 0.1956 -0.8632 -0.4654
vn 0.1590 -0.7933 -0.5877
vn 0.0545 -0.5472 -0.8352
vn -0.1760 0.1729 -0.9691
vn -0.0544 0.5472 0.8352
vn -0.2185 0.3400 -0.9147
vn -0.3071 0.8620 -0.4033
vn -0.2246 0.9103 0.3478
vn -0.0545 0.5472 0.8352
vn -0.0545 0.5473 0.8352
vn -0.1127 0.6915 0.7135
vn -0.2896 0.6895 -0.6638
vn 0.7605 0.2432 -0.6021
vn 0.7606 0.2431 -0.6020
vn 0.7605 0.2432 -0.6020
vn 0.4673 0.4389 0.7675
vn 0.4672 0.4389 0.7675
vn 0.3562 0.6189 0.7000
vn 0.3563 0.6189 0.7000
vn 0.2462 0.7500 0.6139
vn 0.2461 0.7500 0.6139
vn 0.1401 0.8439 0.5179
vn 0.0409 0.9074 0.4182
vn -0.0513 0.9468 0.3176
vn -0.0514 0.9468 0.3176
vn -0.0956 0.9590 0.2666
vn -0.4708 0.8451 -0.2533
vn -0.5294 0.7692 -0.3580
vn -0.5293 0.7692 -0.3580
vn -0.4390 0.8758 -0.2008
vn -0.5809 0.6691 -0.4635
vn -0.6219 0.5395 -0.5676
vn 0.2795 -0.9595 -0.0345
vn -0.5294 0.7691 -0.3580
vn -0.6461 0.3759 -0.6643
vn -0.6460 0.3759 -0.6643
vn -0.6444 0.1694 -0.7457
vn -0.6017 -0.0847 -0.7942
vn -0.6017 -0.0848 -0.7942
vn -0.5861 -0.1421 -0.7977
vn -0.6231 0.0128 -0.7820
vn 0.5861 0.1421 0.7977
vn 0.5684 0.1989 0.7983
vn 0.5684 0.1990 0.7983
vn 0.5340 0.2933 0.7930
vn 0.3561 0.6191 0.7000
vn 0.3562 0.6191 0.6999
vn -0.6461 0.3761 -0.6642
vn -0.6444 0.1693 -0.7457
vn -0.6444 0.1692 -0.7457
vn -0.1273 -0.0014 -0.9919
vn -0.1273 -0.0013 -0.9919
vn 0.8140 0.5712 -0.1053
vn 0.6689 0.7382 -0.0869
vn 0.6689 0.7383 -0.0870
vn 0.5169 0.8534 -0.0676
vn 0.3650 0.9298 -0.0482
vn 0.2188 0.9753 -0.0295
vn 0.0795 0.9968 -0.0117
vn 0.0115 0.9999 -0.0030
vn -0.6016 0.7952 0.0760
vn -0.7072 0.7013 0.0897
vn -0.5461 0.8349 0.0688
vn -0.8058 0.5833 0.1025
vn -0.8926 0.4362 0.1139
vn -0.8926 0.4363 0.1139
vn -0.7073 0.7012 0.0897
vn -0.7073 0.7012 0.0898
vn -0.9587 0.2566 0.1226
vn -0.9912 0.0371 0.1272
vn -0.9912 0.0371 0.1271
vn -0.9666 -0.2241 0.1244
vn -0.9517 -0.2817 0.1225
vn -0.9841 -0.1250 0.1265
vn 0.9333 0.3383 -0.1203
vn 0.8949 0.4311 -0.1155
vn 0.6688 0.7384 -0.0869
vn 0.5170 0.8533 -0.0676
vn -0.8927 0.4361 0.1139
vn -0.9912 0.0368 0.1271
vn -0.9912 0.0368 0.1272
vn -0.8878 -0.2447 -0.3898
vn -0.8878 -0.2446 -0.3898
vn 0.2582 0.4365 -0.8619
vn 0.1677 0.6168 -0.7691
vn 0.0829 0.7481 -0.6584
vn 0.0045 0.8423 -0.5389
vn 0.0045 0.8423 -0.5390
vn -0.0664 0.9062 -0.4176
vn -0.1302 0.9459 -0.2972
vn -0.1302 0.9459 -0.2971
vn -0.1602 0.9583 -0.2367
vn -0.3919 0.8460 0.3615
vn -0.4221 0.7704 0.4778
vn -0.3744 0.8765 0.3025
vn -0.3744 0.8765 0.3026
vn -0.4453 0.6707 0.5932
vn -0.4586 0.5414 0.7047
vn -0.4576 0.3781 0.8048
vn -0.4353 0.1719 0.8837
vn -0.4353 0.1720 0.8837
vn -0.3816 -0.0822 0.9207
vn -0.3656 -0.1396 0.9203
vn -0.4055 0.0153 0.9140
vn 0.3656 0.1396 -0.9202
vn 0.3483 0.1964 -0.9166
vn 0.3163 0.2908 -0.9030
vn 0.1677 0.6169 -0.7689
vn 0.1676 0.6169 -0.7689
vn 0.0044 0.8424 -0.5389
vn 0.0045 0.8424 -0.5389
vn -0.4576 0.3783 0.8047
vn -0.4353 0.1717 0.8838
vn 0.1103 0.1865 0.9762
vn 0.2195 0.0985 0.9706
vn -0.9397 -0.3277 0.0982
vn -0.9402 -0.3265 0.0971
vn -0.9383 -0.3299 0.1039
vn -0.9381 -0.3298 0.1057
vn -0.9451 -0.3142 0.0897
vn -0.9458 -0.3124 0.0891
vn -0.9429 -0.3200 0.0926
vn -0.9422 -0.3216 0.0936
vn -0.9514 -0.2960 0.0848
vn -0.9518 -0.2949 0.0846
vn -0.9488 -0.3037 0.0867
vn -0.9482 -0.3054 0.0869
vn -0.9548 -0.2836 0.0892
vn -0.9548 -0.2834 0.0896
vn -0.9540 -0.2885 0.0822
vn -0.9539 -0.2887 0.0821
vn -0.9420 -0.2957 0.1588
vn -0.9423 -0.2946 0.1592
vn -0.9437 -0.2886 0.1617
vn -0.9437 -0.2888 0.1616
vn -0.9371 -0.3139 0.1527
vn -0.9374 -0.3125 0.1537
vn -0.9398 -0.3036 0.1566
vn -0.9394 -0.3052 0.1561
vn -0.9339 -0.3276 0.1432
vn -0.9341 -0.3264 0.1444
vn -0.9356 -0.3200 0.1494
vn -0.9352 -0.3216 0.1483
vn -0.9451 -0.3142 0.0898
vn -0.9518 -0.2947 0.0845
vn -0.9437 -0.2887 0.1616
vn -0.9437 -0.2884 0.1617
vn -0.9464 -0.2833 0.1553
vn -0.9463 -0.2835 0.1556
vn -0.9394 -0.3053 0.1561
vn -0.9399 -0.3035 0.1566
vn -0.9356 -0.3199 0.1494
vn -0.9343 -0.3298 0.1356
vn -0.9340 -0.3298 0.1373
vn -0.9363 -0.3297 0.1207
vn -0.9422 -0.3217 0.0936
vn -0.9429 -0.3201 0.0926
vn -0.9560 -0.2715 0.1110
vn -0.9557 -0.2741 0.1071
vn -0.9517 -0.2739 0.1385
vn -0.9529 -0.2715 0.1348
vn -0.9530 -0.2715 0.1348
vn -0.9558 -0.2740 0.1071
vn 0.2471 -0.8779 0.4102
vn 0.2480 -0.8777 0.4101
vn 0.2132 -0.9315 0.2948
vn 0.2132 -0.9315 0.2947
vn 0.6591 -0.7475 -0.0835
vn 0.6589 -0.7476 -0.0834
vn -0.2441 0.7021 -0.6689
vn -0.2442 0.7020 -0.6690
vn -0.2640 0.8022 -0.5355
vn -0.2640 0.8022 -0.5356
vn -0.1399 0.1836 -0.9730
vn -0.1654 0.3550 -0.9201
vn -0.1654 0.3549 -0.9201
vn -0.2734 0.8713 -0.4075
vn -0.2487 0.9248 -0.2880
vn -0.2088 0.5599 -0.8018
vn -0.2089 0.5599 -0.8018
vn -0.2441 0.7019 -0.6691
vn -0.2441 0.7019 -0.6692
vn -0.1948 0.9806 0.0235
vn -0.1947 0.9806 0.0235
vn -0.2640 0.8023 -0.5354
vn -0.1682 0.9257 0.3388
vn -0.0676 0.7040 0.7070
vn 0.0003 0.5624 0.8268
vn 0.0003 0.5624 0.8269
vn -0.1683 0.9256 0.3389
vn -0.1619 0.8726 0.4608
vn -0.1210 0.8038 0.5824
vn -0.1207 0.8039 0.5824
vn 0.0720 0.3579 0.9310
vn 0.2196 0.0985 0.9706
vn 0.3211 0.0561 0.9454
vn -0.0327 0.0956 -0.9949
vn -0.0327 0.0957 -0.9949
vn 0.0003 0.5622 0.8270
vn 0.0719 0.0532 -0.9960
vn 0.0720 0.0532 -0.9960
vn -0.0326 0.0955 -0.9949
vn -0.1656 0.3553 -0.9200
vn -0.1655 0.3553 -0.9200
vn -0.9534 -0.2742 0.1260
vn -0.9534 -0.2741 0.1261
vn -0.9547 -0.2690 0.1273
vn -0.9550 -0.2679 0.1276
vn -0.9530 -0.2739 0.1294
vn -0.9528 -0.2743 0.1303
vn -0.9531 -0.2741 0.1282
vn -0.9531 -0.2742 0.1279
vn -0.9515 -0.2774 0.1333
vn -0.9514 -0.2777 0.1331
vn -0.9522 -0.2749 0.1329
vn -0.9523 -0.2749 0.1323
vn -0.9483 -0.2809 0.1476
vn -0.9482 -0.2809 0.1482
vn -0.9511 -0.2802 0.1301
vn -0.9511 -0.2802 0.1303
vn -0.9542 -0.2774 0.1120
vn -0.9541 -0.2777 0.1123
vn -0.9530 -0.2804 0.1151
vn -0.9530 -0.2802 0.1148
vn -0.9547 -0.2741 0.1155
vn -0.9546 -0.2746 0.1155
vn -0.9548 -0.2751 0.1125
vn -0.9548 -0.2749 0.1129
vn -0.9543 -0.2742 0.1192
vn -0.9542 -0.2745 0.1190
vn -0.9545 -0.2741 0.1177
vn -0.9545 -0.2739 0.1179
vn -0.9528 -0.2744 0.1302
vn -0.9526 -0.2748 0.1304
vn -0.9515 -0.2774 0.1332
vn -0.9530 -0.2802 0.1149
vn -0.9530 -0.2803 0.1150
vn -0.9548 -0.2810 0.0968
vn -0.9548 -0.2810 0.0974
vn -0.9548 -0.2750 0.1129
vn -0.9548 -0.2752 0.1125
vn -0.9545 -0.2742 0.1176
vn -0.9545 -0.2742 0.1174
vn -0.9562 -0.2678 0.1184
vn -0.9558 -0.2690 0.1187
vn -0.9571 -0.2624 0.1232
vn -0.9558 -0.2690 0.1186
vn -0.9532 -0.2744 0.1269
vn -0.9532 -0.2746 0.1268
vn -0.9306 -0.3374 0.1416
vn -0.9338 -0.3265 0.1466
vn -0.9404 -0.3266 0.0948
vn -0.9361 -0.3375 0.0989
vn -0.9337 -0.3265 0.1466
vn 0.1247 0.0679 -0.9899
vn -0.0028 0.1040 -0.9946
vn -0.0029 0.1040 -0.9946
vn 0.1715 -0.5695 0.8039
vn 0.1716 -0.5695 0.8039
vn 0.2113 -0.7101 0.6717
vn 0.2125 -0.7098 0.6716
vn 0.1749 -0.9547 0.2408
vn 0.2354 -0.8094 0.5380
vn 0.2479 -0.8777 0.4101
vn 0.1090 -0.9554 -0.2745
vn 0.1321 -0.9324 -0.3363
vn 0.1320 -0.9325 -0.3363
vn 0.0353 -0.7121 -0.7012
vn 0.0365 -0.7119 -0.7014
vn -0.0369 -0.5719 -0.8195
vn 0.1322 -0.9324 -0.3363
vn 0.1365 -0.8790 -0.4569
vn 0.1363 -0.8790 -0.4569
vn 0.0917 -0.8112 -0.5775
vn 0.0917 -0.8113 -0.5775
vn -0.1076 -0.3673 -0.9239
vn -0.1373 -0.1939 -0.9714
vn 0.0916 -0.8112 -0.5776
vn 0.0353 -0.7122 -0.7011
vn 0.0365 -0.7119 -0.7013
vn -0.2418 -0.1085 -0.9642
vn -0.3426 -0.0695 -0.9369
vn 0.0096 -0.1057 0.9944
vn 0.0096 -0.1057 0.9943
vn 0.1125 -0.1910 0.9751
vn 0.1124 -0.1910 0.9751
vn -0.0369 -0.5718 -0.8195
vn -0.0950 -0.0666 0.9932
vn -0.0949 -0.0666 0.9933
vn 0.0095 -0.1056 0.9944
vn 0.1292 -0.3647 0.9221
vn 0.1294 -0.3648 0.9221
vn -0.1373 -0.1938 -0.9714
vn -0.2417 -0.1087 -0.9642
vn -0.2418 -0.1086 -0.9642
vn -0.5769 0.8136 0.0728
vn -0.5768 0.8136 0.0728
vn 0.2115 -0.7101 0.6716
vn 0.2126 -0.7098 0.6715
vn 0.1292 -0.3644 0.9222
vn 0.1292 -0.3645 0.9222
vn -0.9526 -0.2778 0.1243
vn -0.9526 -0.2777 0.1244
vn -0.9532 -0.2754 0.1250
vn -0.9535 -0.2739 0.1259
vn -0.9523 -0.2779 0.1258
vn -0.9523 -0.2779 0.1261
vn -0.9523 -0.2779 0.1257
vn -0.9524 -0.2780 0.1253
vn -0.9516 -0.2797 0.1274
vn -0.9516 -0.2799 0.1274
vn -0.9519 -0.2785 0.1276
vn -0.9521 -0.2783 0.1270
vn -0.9504 -0.2812 0.1330
vn -0.9503 -0.2812 0.1334
vn -0.9514 -0.2810 0.1260
vn -0.9516 -0.2806 0.1255
vn -0.9529 -0.2794 0.1176
vn -0.9528 -0.2799 0.1178
vn -0.9522 -0.2813 0.1188
vn -0.9523 -0.2811 0.1190
vn -0.9531 -0.2783 0.1186
vn -0.9531 -0.2784 0.1190
vn -0.9532 -0.2784 0.1181
vn -0.9532 -0.2785 0.1181
vn -0.9530 -0.2779 0.1204
vn -0.9530 -0.2780 0.1206
vn -0.9530 -0.2782 0.1199
vn -0.9531 -0.2776 0.1201
vn -0.9521 -0.2782 0.1267
vn -0.9522 -0.2782 0.1263
vn -0.9515 -0.2802 0.1274
vn -0.9516 -0.2796 0.1275
vn -0.9522 -0.2811 0.1194
vn -0.9523 -0.2811 0.1192
vn -0.9531 -0.2813 0.1117
vn -0.9531 -0.2813 0.1121
vn -0.9532 -0.2785 0.1180
vn -0.9531 -0.2788 0.1178
vn -0.9532 -0.2778 0.1196
vn -0.9533 -0.2773 0.1195
vn -0.9541 -0.2743 0.1201
vn -0.9537 -0.2754 0.1205
vn -0.9530 -0.2778 0.1211
vn -0.9530 -0.2775 0.1211
vn -0.9545 -0.2716 0.1229
vn -0.9538 -0.2753 0.1205
vn -0.9541 -0.2742 0.1201
vn -0.9525 -0.2778 0.1250
vn -0.9525 -0.2778 0.1252
vn -0.9525 -0.2778 0.1245
vn -0.9525 -0.2779 0.1246
vn -0.9431 -0.3061 0.1302
vn -0.9449 -0.2990 0.1333
vn -0.9478 -0.2991 0.1105
vn -0.9453 -0.3061 0.1131
vn 0.0206 -0.9000 -0.4355
vn 0.1082 -0.8853 -0.4522
vn 0.0713 -0.8158 -0.5739
vn -0.0164 -0.8313 -0.5555
vn -0.1535 0.3585 -0.9208
vn -0.1964 0.5630 -0.8028
vn -0.1963 0.5631 -0.8028
vn 0.1183 0.1888 0.9749
vn 0.1182 0.1888 0.9749
vn 0.2482 0.1071 0.9628
vn 0.2481 0.1071 0.9628
vn 0.7527 -0.6514 -0.0956
vn 0.7530 -0.6510 -0.0956
vn 0.7533 -0.6508 -0.0955
vn -0.2340 0.7047 -0.6698
vn -0.2553 0.8045 -0.5363
vn -0.1318 0.1860 -0.9737
vn -0.1535 0.3583 -0.9209
vn -0.1535 0.3582 -0.9209
vn -0.2659 0.8732 -0.4084
vn -0.2354 0.9284 -0.2875
vn -0.2354 0.9284 -0.2876
vn -0.2338 0.7044 -0.6702
vn -0.2338 0.7044 -0.6701
vn -0.1748 0.9844 0.0210
vn -0.2659 0.8733 -0.4081
vn -0.1555 0.9293 0.3349
vn -0.1557 0.9293 0.3350
vn -0.0574 0.7066 0.7053
vn 0.0127 0.5656 0.8246
vn -0.1555 0.9293 0.3350
vn -0.1555 0.9292 0.3352
vn -0.1547 0.8745 0.4597
vn -0.1549 0.8744 0.4597
vn -0.1119 0.8062 0.5810
vn -0.1119 0.8062 0.5809
vn 0.0839 0.3611 0.9288
vn 0.1182 0.1889 0.9749
vn -0.1120 0.8062 0.5810
vn -0.0574 0.7065 0.7053
vn -0.0575 0.7066 0.7053
vn 0.2481 0.1069 0.9628
vn 0.2483 0.1069 0.9628
vn 0.3708 0.0708 0.9260
vn -0.0030 0.1042 -0.9945
vn -0.0029 0.1042 -0.9945
vn 0.0127 0.5655 0.8247
vn -0.9528 -0.2768 0.1248
vn -0.9528 -0.2767 0.1249
vn -0.9536 -0.2735 0.1261
vn -0.9537 -0.2727 0.1266
vn -0.9525 -0.2769 0.1272
vn -0.9524 -0.2769 0.1277
vn -0.9526 -0.2767 0.1263
vn -0.9526 -0.2768 0.1259
vn -0.9515 -0.2790 0.1293
vn -0.9515 -0.2791 0.1293
vn -0.9519 -0.2776 0.1298
vn -0.9520 -0.2775 0.1290
vn -0.9497 -0.2811 0.1382
vn -0.9496 -0.2811 0.1386
vn -0.9513 -0.2808 0.1272
vn -0.9513 -0.2807 0.1274
vn -0.9534 -0.2787 0.1157
vn -0.9533 -0.2790 0.1158
vn -0.9524 -0.2813 0.1178
vn -0.9525 -0.2808 0.1177
vn -0.9536 -0.2770 0.1178
vn -0.9536 -0.2773 0.1176
vn -0.9537 -0.2774 0.1161
vn -0.9537 -0.2772 0.1164
vn -0.9534 -0.2767 0.1203
vn -0.9533 -0.2770 0.1202
vn -0.9534 -0.2771 0.1192
vn -0.9536 -0.2765 0.1193
vn -0.9521 -0.2772 0.1289
vn -0.9521 -0.2772 0.1292
vn -0.9515 -0.2792 0.1293
vn -0.9516 -0.2789 0.1294
vn -0.9525 -0.2809 0.1178
vn -0.9525 -0.2808 0.1178
vn -0.9537 -0.2811 0.1065
vn -0.9537 -0.2811 0.1069
vn -0.9537 -0.2774 0.1163
vn -0.9537 -0.2773 0.1161
vn -0.9536 -0.2769 0.1180
vn -0.9537 -0.2765 0.1183
vn -0.9547 -0.2727 0.1191
vn -0.9544 -0.2735 0.1195
vn -0.9552 -0.2693 0.1230
vn -0.9527 -0.2768 0.1255
vn -0.9528 -0.2766 0.1249
vn -0.9389 -0.3169 0.1344
vn -0.9410 -0.3090 0.1379
vn -0.9452 -0.3091 0.1050
vn -0.9423 -0.3169 0.1080
vn -0.9452 -0.3091 0.1051
vn -0.9410 -0.3091 0.1379
vn -0.9389 -0.3169 0.1343
vn 0.1591 -0.7933 -0.5876
vn -0.1958 -0.3889 -0.9002
vn -0.1089 -0.3676 -0.9236
vn -0.1608 -0.2005 -0.9664
vn -0.2453 -0.2236 -0.9433
vn 0.0244 -0.7147 -0.6990
vn -0.0634 -0.7316 -0.6788
vn -0.2845 -0.1211 -0.9510
vn -0.1971 -0.0956 -0.9757
vn -0.2252 -0.0356 -0.9737
vn -0.3106 -0.0615 -0.9485
vn -0.0350 -0.1182 0.9924
vn 0.0557 -0.0927 0.9941
vn 0.0888 -0.1976 0.9763
vn 0.0010 -0.2207 0.9753
vn -0.1227 -0.5902 -0.7978
vn -0.0348 -0.5714 -0.8200
vn -0.0610 -0.0586 0.9964
vn 0.0279 -0.0326 0.9991
vn 0.0381 -0.3863 0.9216
vn 0.1281 -0.3650 0.9222
vn 0.1736 -0.5691 0.8037
vn 0.0833 -0.5879 0.8046
vn -0.2453 -0.2235 -0.9433
vn -0.1608 -0.2004 -0.9664
vn -0.4754 0.8777 0.0597
vn -0.3858 0.9213 0.0481
vn 0.1104 -0.7296 0.6749
vn 0.2004 -0.7127 0.6722
vn 0.2142 -0.8142 0.5397
vn 0.1249 -0.8297 0.5441
vn 0.1281 -0.3648 0.9222
vn 0.0387 -0.3859 0.9217
vn 0.1302 -0.8987 0.4188
vn 0.2192 -0.8841 0.4128
vn 0.2164 -0.9273 0.3053
vn 0.1254 -0.9408 0.3149
vn 0.2004 -0.7127 0.6723
vn 0.1104 -0.7295 0.6750
vn 0.2113 -0.9423 0.2596
vn 0.1199 -0.9547 0.2724
vn 0.2192 -0.8840 0.4129
vn 0.1311 -0.8986 0.4188
vn 0.0476 -0.9555 -0.2911
vn 0.1392 -0.9432 -0.3018
vn 0.1326 -0.9283 -0.3474
vn 0.0422 -0.9419 -0.3333
vn -0.0348 -0.5716 -0.8198
vn -0.1227 -0.5903 -0.7978
vn 0.0423 -0.9419 -0.3333
vn 0.1326 -0.9283 -0.3473
vn -0.0195 -0.3428 -0.9392
vn -0.0744 -0.1757 -0.9816
vn 0.1128 -0.6916 -0.7134
vn -0.1073 -0.0689 -0.9918
vn -0.1260 -0.0058 -0.9920
vn 0.1466 -0.0660 0.9870
vn 0.1759 -0.1728 0.9691
vn 0.0545 -0.5473 -0.8351
vn 0.1285 -0.0028 0.9917
vn 0.2638 -0.5450 0.7958
vn -0.0744 -0.1756 -0.9816
vn 0.2896 -0.6896 0.6638
vn 0.3027 -0.7917 0.5307
vn 0.2184 -0.3399 0.9147
vn 0.3058 -0.9059 0.2928
vn 0.3040 -0.9209 0.2441
vn 0.2328 -0.9217 -0.3102
vn 0.2223 -0.9069 -0.3579
vn 0.0545 -0.5476 -0.8349
vn 0.1102 0.1865 0.9763
vn 0.2196 0.0986 0.9706
vn -0.9383 -0.3300 0.1038
vn -0.9429 -0.3199 0.0926
vn -0.9514 -0.2961 0.0848
vn -0.9539 -0.2885 0.0823
vn -0.9419 -0.2958 0.1589
vn -0.9422 -0.2947 0.1593
vn -0.9437 -0.2885 0.1617
vn -0.9374 -0.3125 0.1536
vn -0.9518 -0.2948 0.0846
vn -0.9399 -0.3036 0.1566
vn -0.9363 -0.3297 0.1206
vn -0.9428 -0.3201 0.0926
vn -0.9557 -0.2740 0.1071
vn -0.9558 -0.2739 0.1071
vn 0.2471 -0.8778 0.4103
vn -0.2441 0.7020 -0.6691
vn -0.2441 0.7020 -0.6690
vn -0.2733 0.8713 -0.4075
vn -0.2486 0.9248 -0.2880
vn -0.2088 0.5600 -0.8017
vn -0.2088 0.5600 -0.8018
vn -0.2441 0.7018 -0.6693
vn -0.1947 0.9806 0.0236
vn -0.2640 0.8024 -0.5352
vn -0.2640 0.8024 -0.5353
vn -0.1619 0.8726 0.4609
vn -0.1208 0.8039 0.5824
vn -0.0676 0.7041 0.7069
vn 0.2197 0.0985 0.9706
vn 0.2198 0.0985 0.9706
vn 0.3212 0.0561 0.9453
vn -0.0325 0.0956 -0.9949
vn -0.0325 0.0955 -0.9949
vn -0.9547 -0.2691 0.1273
vn -0.9528 -0.2743 0.1302
vn -0.9522 -0.2750 0.1329
vn -0.9541 -0.2777 0.1121
vn -0.9548 -0.2750 0.1126
vn -0.9549 -0.2748 0.1129
vn -0.9545 -0.2741 0.1176
vn -0.9545 -0.2740 0.1177
vn -0.9527 -0.2745 0.1305
vn -0.9530 -0.2802 0.1150
vn -0.9548 -0.2750 0.1128
vn -0.9545 -0.2743 0.1173
vn -0.9534 -0.2742 0.1261
vn 0.1248 0.0679 -0.9899
vn 0.1716 -0.5693 0.8040
vn 0.1750 -0.9547 0.2408
vn 0.2357 -0.8093 0.5380
vn 0.2470 -0.8779 0.4103
vn 0.1089 -0.9554 -0.2744
vn 0.1087 -0.9554 -0.2745
vn 0.1325 -0.9324 -0.3363
vn 0.1324 -0.9324 -0.3363
vn 0.0351 -0.7119 -0.7014
vn -0.0366 -0.5721 -0.8194
vn -0.0366 -0.5721 -0.8193
vn 0.1323 -0.9324 -0.3364
vn 0.1359 -0.8792 -0.4567
vn 0.1357 -0.8792 -0.4567
vn 0.0916 -0.8112 -0.5775
vn 0.0926 -0.8110 -0.5777
vn 0.0915 -0.8113 -0.5774
vn 0.0925 -0.8110 -0.5777
vn 0.0351 -0.7122 -0.7011
vn 0.0351 -0.7123 -0.7010
vn -0.3427 -0.0695 -0.9369
vn -0.3427 -0.0696 -0.9369
vn 0.0097 -0.1057 0.9943
vn -0.0368 -0.5718 -0.8195
vn -0.0368 -0.5717 -0.8196
vn -0.0948 -0.0666 0.9933
vn 0.0095 -0.1057 0.9944
vn 0.1293 -0.3647 0.9221
vn 0.1293 -0.3646 0.9222
vn -0.2417 -0.1086 -0.9642
vn -0.5768 0.8137 0.0728
vn 0.2113 -0.7102 0.6715
vn 0.2125 -0.7099 0.6715
vn 0.1293 -0.3644 0.9222
vn -0.9535 -0.2736 0.1264
vn -0.9515 -0.2799 0.1273
vn -0.9514 -0.2810 0.1259
vn -0.9530 -0.2793 0.1175
vn -0.9528 -0.2798 0.1178
vn -0.9522 -0.2812 0.1192
vn -0.9531 -0.2782 0.1189
vn -0.9531 -0.2782 0.1190
vn -0.9532 -0.2782 0.1186
vn -0.9529 -0.2782 0.1204
vn -0.9530 -0.2782 0.1200
vn -0.9515 -0.2799 0.1274
vn -0.9521 -0.2812 0.1198
vn -0.9522 -0.2811 0.1193
vn -0.9532 -0.2786 0.1179
vn -0.9532 -0.2778 0.1193
vn -0.9530 -0.2779 0.1208
vn -0.9525 -0.2779 0.1249
vn -0.9530 -0.2813 0.1122
vn -0.9453 -0.3061 0.1130
vn -0.9452 -0.3062 0.1131
vn -0.1963 0.5631 -0.8027
vn -0.1962 0.5632 -0.8027
vn 0.2483 0.1071 0.9627
vn 0.2484 0.1071 0.9627
vn 0.7528 -0.6513 -0.0956
vn -0.2339 0.7046 -0.6700
vn -0.2553 0.8046 -0.5362
vn -0.1319 0.1859 -0.9737
vn -0.1318 0.1859 -0.9737
vn -0.2658 0.8733 -0.4083
vn -0.2339 0.7045 -0.6701
vn -0.2339 0.7045 -0.6700
vn -0.2553 0.8046 -0.5361
vn -0.2658 0.8733 -0.4084
vn -0.2658 0.8732 -0.4084
vn -0.1556 0.9293 0.3350
vn -0.0574 0.7067 0.7052
vn 0.0126 0.5657 0.8245
vn -0.1544 0.8745 0.4597
vn -0.1120 0.8061 0.5810
vn 0.0838 0.3611 0.9288
vn -0.1120 0.8061 0.5811
vn -0.0575 0.7068 0.7051
vn 0.2483 0.1070 0.9627
vn 0.3707 0.0708 0.9261
vn -0.0031 0.1042 -0.9945
vn 0.0126 0.5655 0.8247
vn -0.9527 -0.2769 0.1254
vn -0.9536 -0.2735 0.1262
vn -0.9513 -0.2807 0.1275
vn -0.9533 -0.2789 0.1158
vn -0.9532 -0.2791 0.1159
vn -0.9525 -0.2807 0.1176
vn -0.9536 -0.2770 0.1179
vn -0.9536 -0.2772 0.1178
vn -0.9537 -0.2775 0.1160
vn -0.9537 -0.2772 0.1165
vn -0.9522 -0.2771 0.1287
vn -0.9521 -0.2773 0.1291
vn -0.9515 -0.2793 0.1293
vn -0.9525 -0.2809 0.1179
vn -0.9537 -0.2773 0.1163
vn -0.9537 -0.2775 0.1161
vn -0.9537 -0.2766 0.1182
vn -0.9544 -0.2736 0.1195
vn -0.9527 -0.2769 0.1252
vn -0.1957 -0.3889 -0.9003
vn -0.1089 -0.3677 -0.9236
vn -0.0633 -0.7316 -0.6788
vn -0.2844 -0.1211 -0.9510
vn 0.0887 -0.1976 0.9763
vn -0.0348 -0.5714 -0.8199
vn 0.0280 -0.0326 0.9991
vn -0.2454 -0.2235 -0.9433
vn -0.4754 0.8778 0.0597
vn 0.1248 -0.8297 0.5441
vn 0.1281 -0.3648 0.9223
vn 0.2165 -0.9273 0.3053
vn 0.1254 -0.9408 0.3148
vn 0.2116 -0.9424 0.2591
vn 0.2192 -0.8840 0.4128
vn 0.1310 -0.8986 0.4188
vn 0.1392 -0.9431 -0.3018
vn -0.1227 -0.5905 -0.7977
vn 0.1325 -0.9283 -0.3474
vn -0.1073 -0.0690 -0.9918
vn 0.2896 -0.6896 0.6637
vn 0.3026 -0.7917 0.5307
vn 0.3040 -0.9209 0.2440
vn 0.0545 -0.5476 -0.8350
vn 0.2223 -0.9069 -0.3580
vn -0.7555 -0.2562 0.6030
vn -0.7549 -0.2556 0.6039
vn -0.7552 -0.2526 0.6049
vn -0.7549 -0.2539 0.6047
vn -0.7556 -0.2509 0.6051
vn -0.7559 -0.2497 0.6051
vn -0.7567 -0.2475 0.6051
vn -0.7563 -0.2486 0.6052
vn -0.7571 -0.2464 0.6051
vn -0.7573 -0.2456 0.6051
vn -0.7577 -0.2446 0.6050
vn -0.7576 -0.2447 0.6051
vn -0.7579 -0.2440 0.6051
vn -0.7579 -0.2438 0.6051
vn -0.7589 -0.2423 0.6044
vn -0.7584 -0.2424 0.6050
vn -0.7624 -0.2449 0.5990
vn -0.7625 -0.2448 0.5989
vn -0.7624 -0.2453 0.5989
vn -0.7620 -0.2461 0.5990
vn -0.7620 -0.2471 0.5987
vn -0.7617 -0.2474 0.5989
vn -0.7613 -0.2490 0.5987
vn -0.7613 -0.2495 0.5985
vn -0.7606 -0.2522 0.5982
vn -0.7609 -0.2509 0.5984
vn -0.7599 -0.2538 0.5985
vn -0.7596 -0.2549 0.5983
vn -0.7573 -0.2457 0.6051
vn -0.7572 -0.2460 0.6051
vn -0.7624 -0.2434 0.5996
vn -0.7623 -0.2433 0.5997
vn -0.7622 -0.2458 0.5988
vn -0.7620 -0.2461 0.5989
vn -0.7606 -0.2511 0.5987
vn -0.7605 -0.2523 0.5984
vn -0.7585 -0.2566 0.5990
vn -0.7576 -0.2563 0.6003
vn -0.7564 -0.2570 0.6015
vn -0.7564 -0.2571 0.6015
vn -0.7551 -0.2555 0.6037
vn -0.7552 -0.2527 0.6049
vn -0.7588 -0.2424 0.6045
vn -0.7590 -0.2423 0.6043
vn -0.7564 -0.2478 0.6054
vn -0.7489 -0.2623 0.6086
vn -0.7601 -0.2647 0.5935
vn -0.7616 -0.2491 0.5983
vn -0.7638 -0.2341 0.6016
vn -0.7592 -0.2736 0.5905
vn -0.7616 -0.2489 0.5983
vn -0.7599 -0.2651 0.5935
vn -0.7443 -0.2700 0.6109
vn -0.7626 -0.2338 0.6032
vn -0.7641 -0.2306 0.6025
vn -0.7641 -0.2306 0.6024
vn -0.7641 -0.2307 0.6025
vn -0.7641 -0.2307 0.6024
vn -0.2956 0.9541 0.0472
vn -0.3734 -0.6246 -0.6858
vn -0.3732 -0.6246 -0.6860
vn -0.4848 -0.4444 -0.7533
vn -0.4847 -0.4441 -0.7535
vn -0.1571 -0.8493 -0.5039
vn -0.1571 -0.8492 -0.5041
vn -0.2632 -0.7555 -0.5999
vn -0.2630 -0.7555 -0.6000
vn 0.0302 -0.9511 -0.3074
vn 0.0301 -0.9510 -0.3076
vn -0.0579 -0.9127 -0.4045
vn -0.0578 -0.9127 -0.4045
vn 0.0702 -0.9629 -0.2605
vn 0.0702 -0.9630 -0.2604
vn 0.0301 -0.9511 -0.3075
vn 0.0305 -0.9510 -0.3076
vn 0.5121 -0.7745 0.3713
vn 0.5122 -0.7745 0.3712
vn 0.4554 -0.8479 0.2714
vn 0.4553 -0.8479 0.2714
vn 0.4258 -0.8767 0.2237
vn 0.6043 -0.5452 0.5810
vn 0.6045 -0.5451 0.5809
vn 0.5635 -0.6745 0.4770
vn 0.5635 -0.6746 0.4768
vn 0.5121 -0.7745 0.3714
vn 0.5122 -0.7745 0.3713
vn 0.6268 -0.1746 0.7594
vn 0.6284 -0.3818 0.6778
vn 0.6286 -0.3816 0.6777
vn 0.5678 0.1312 0.8127
vn 0.5678 0.1312 0.8126
vn 0.5842 0.0764 0.8080
vn 0.6062 -0.0180 0.7951
vn 0.6060 -0.0178 0.7953
vn -0.5855 -0.2071 -0.7837
vn -0.5855 -0.2072 -0.7837
vn -0.6039 -0.1529 -0.7822
vn -0.5510 -0.2982 -0.7794
vn -0.5509 -0.2979 -0.7796
vn 0.0032 0.9163 0.4005
vn -0.1508 0.9616 0.2295
vn -0.1407 0.9602 0.2414
vn -0.2633 -0.7555 -0.5999
vn -0.2631 -0.7555 -0.6000
vn -0.3733 -0.6248 -0.6858
vn -0.3731 -0.6248 -0.6859
vn -0.4297 0.8901 -0.1519
vn -0.4220 0.8958 -0.1396
vn -0.5261 0.7879 -0.3200
vn -0.0578 -0.9127 -0.4046
vn 0.6284 -0.3820 0.6777
vn 0.6286 -0.3819 0.6775
vn 0.6043 -0.5451 0.5811
vn 0.6268 -0.1743 0.7594
vn 0.6269 -0.1743 0.7593
vn 0.1330 -0.0113 0.9911
vn 0.1337 -0.0105 0.9910
vn 0.1341 -0.0073 0.9909
vn 0.1343 -0.0087 0.9909
vn 0.1337 -0.0059 0.9910
vn 0.1334 -0.0046 0.9911
vn 0.1327 -0.0026 0.9912
vn 0.1330 -0.0033 0.9911
vn 0.1322 -0.0010 0.9912
vn 0.1319 -0.0004 0.9913
vn 0.1315 0.0006 0.9913
vn 0.1316 0.0004 0.9913
vn 0.1314 0.0012 0.9913
vn 0.1313 0.0014 0.9913
vn 0.1300 0.0027 0.9915
vn 0.1307 0.0028 0.9914
vn 0.1240 -0.0008 0.9923
vn 0.1239 -0.0007 0.9923
vn 0.1240 -0.0012 0.9923
vn 0.1244 -0.0020 0.9922
vn 0.1242 -0.0031 0.9923
vn 0.1244 -0.0026 0.9922
vn 0.1253 -0.0053 0.9921
vn 0.1251 -0.0056 0.9921
vn 0.1258 -0.0082 0.9920
vn 0.1254 -0.0069 0.9921
vn 0.1265 -0.0094 0.9919
vn 0.1268 -0.0109 0.9919
vn 0.1322 -0.0011 0.9912
vn 0.1241 0.0011 0.9923
vn 0.1244 0.0010 0.9922
vn 0.1243 -0.0019 0.9922
vn 0.1242 -0.0017 0.9923
vn 0.1246 -0.0027 0.9922
vn 0.1246 -0.0033 0.9922
vn 0.1257 -0.0070 0.9920
vn 0.1267 -0.0110 0.9919
vn 0.1263 -0.0097 0.9919
vn 0.1280 -0.0124 0.9917
vn 0.1294 -0.0122 0.9915
vn 0.1315 -0.0122 0.9912
vn 0.1314 -0.0125 0.9912
vn 0.1337 -0.0104 0.9910
vn 0.1329 -0.0113 0.9911
vn 0.1341 -0.0074 0.9909
vn 0.1300 0.0026 0.9915
vn 0.1304 0.0027 0.9915
vn 0.1330 -0.0025 0.9911
vn 0.1423 -0.0164 0.9897
vn 0.1240 -0.0214 0.9921
vn 0.1246 -0.0050 0.9922
vn 0.1237 0.0105 0.9923
vn 0.1235 -0.0309 0.9919
vn 0.1246 -0.0051 0.9922
vn 0.1240 -0.0213 0.9921
vn 0.1477 -0.0237 0.9888
vn 0.1257 0.0108 0.9920
vn 0.1255 0.0110 0.9920
vn 0.1236 0.0140 0.9922
vn -0.2768 0.9593 0.0555
vn -0.6654 -0.7384 0.1097
vn -0.6656 -0.7383 0.1094
vn -0.8109 -0.5710 0.1283
vn -0.8110 -0.5708 0.1281
vn -0.3618 -0.9296 0.0706
vn -0.3619 -0.9295 0.0706
vn -0.5137 -0.8532 0.0901
vn -0.5137 -0.8533 0.0899
vn -0.0817 -0.9960 0.0354
vn -0.0819 -0.9960 0.0354
vn -0.2158 -0.9751 0.0518
vn -0.2157 -0.9751 0.0518
vn -0.0194 -0.9994 0.0282
vn -0.0818 -0.9960 0.0350
vn 0.7098 -0.7012 -0.0674
vn 0.7098 -0.7012 -0.0675
vn 0.6086 -0.7917 -0.0535
vn 0.6093 -0.7912 -0.0532
vn 0.5580 -0.8285 -0.0462
vn 0.5581 -0.8285 -0.0462
vn 0.8951 -0.4363 -0.0913
vn 0.8951 -0.4364 -0.0915
vn 0.8084 -0.5832 -0.0800
vn 0.8083 -0.5833 -0.0801
vn 0.7099 -0.7011 -0.0674
vn 0.7098 -0.7011 -0.0675
vn 0.9939 -0.0367 -0.1044
vn 0.9939 -0.0366 -0.1043
vn 0.9613 -0.2568 -0.0997
vn 0.9612 -0.2571 -0.0999
vn 0.9559 0.2770 -0.0973
vn 0.9699 0.2214 -0.1011
vn 0.9699 0.2215 -0.1010
vn 0.9866 0.1251 -0.1046
vn 0.9866 0.1253 -0.1043
vn -0.9292 -0.3406 0.1437
vn -0.9292 -0.3405 0.1437
vn -0.9467 -0.2862 0.1476
vn -0.9467 -0.2862 0.1477
vn -0.8921 -0.4304 0.1376
vn -0.8922 -0.4303 0.1373
vn 0.1824 0.9832 -0.0089
vn -0.0493 0.9985 0.0240
vn -0.0339 0.9992 0.0219
vn -0.5137 -0.8532 0.0900
vn -0.6653 -0.7384 0.1097
vn -0.6654 -0.7384 0.1094
vn -0.5031 0.8603 0.0823
vn -0.4896 0.8682 0.0807
vn -0.6772 0.7287 0.1018
vn 0.8952 -0.4362 -0.0913
vn 0.8952 -0.4362 -0.0914
vn 0.9939 -0.0364 -0.1044
vn 0.9939 -0.0364 -0.1045
vn 0.8923 0.2315 0.3875
vn 0.8925 0.2322 0.3867
vn 0.8921 0.2353 0.3857
vn 0.8925 0.2338 0.3858
vn 0.8868 0.2429 0.3933
vn 0.8867 0.2431 0.3933
vn 0.8868 0.2426 0.3933
vn 0.8871 0.2417 0.3932
vn 0.8875 0.2402 0.3933
vn 0.8872 0.2412 0.3933
vn 0.8880 0.2385 0.3931
vn 0.8880 0.2381 0.3934
vn 0.8886 0.2356 0.3935
vn 0.8883 0.2369 0.3934
vn 0.8892 0.2343 0.3929
vn 0.8896 0.2328 0.3930
vn 0.8865 0.2446 0.3928
vn 0.8866 0.2446 0.3925
vn 0.8870 0.2420 0.3933
vn 0.8874 0.2404 0.3934
vn 0.8884 0.2369 0.3933
vn 0.8887 0.2356 0.3933
vn 0.8895 0.2327 0.3932
vn 0.8892 0.2341 0.3932
vn 0.8903 0.2312 0.3923
vn 0.8909 0.2313 0.3909
vn 0.8918 0.2309 0.3891
vn 0.8918 0.2307 0.3893
vn 0.8925 0.2339 0.3857
vn 0.8922 0.2352 0.3856
vn 0.8914 0.2381 0.3857
vn 0.8918 0.2368 0.3856
vn 0.8899 0.2230 0.3978
vn 0.8877 0.2388 0.3937
vn 0.8847 0.2538 0.3911
vn 0.8910 0.2140 0.4003
vn 0.8877 0.2387 0.3938
vn 0.8900 0.2229 0.3977
vn 0.8841 0.2572 0.3902
vn 0.8841 0.2571 0.3902
vn -0.2606 0.9645 0.0427
vn -0.1470 -0.6113 0.7777
vn -0.1473 -0.6113 0.7775
vn -0.2375 -0.4306 0.8707
vn -0.2378 -0.4305 0.8707
vn 0.0157 -0.8367 0.5474
vn 0.0156 -0.8367 0.5475
vn -0.0625 -0.7425 0.6669
vn -0.0627 -0.7426 0.6668
vn 0.1485 -0.9388 0.3107
vn 0.1484 -0.9388 0.3109
vn 0.0863 -0.9005 0.4262
vn 0.0864 -0.9005 0.4261
vn 0.1766 -0.9505 0.2558
vn 0.1767 -0.9504 0.2558
vn 0.1482 -0.9389 0.3106
vn 0.4419 -0.7648 -0.4688
vn 0.4418 -0.7648 -0.4689
vn 0.4136 -0.8377 -0.3568
vn 0.4139 -0.8373 -0.3571
vn 0.3985 -0.8658 -0.3026
vn 0.3985 -0.8658 -0.3027
vn 0.4787 -0.5360 -0.6954
vn 0.4785 -0.5360 -0.6955
vn 0.4652 -0.6651 -0.5841
vn 0.4651 -0.6651 -0.5842
vn 0.4651 -0.6652 -0.5842
vn 0.4555 -0.1659 -0.8746
vn 0.4556 -0.1659 -0.8746
vn 0.4779 -0.3727 -0.7954
vn 0.4777 -0.3728 -0.7955
vn 0.3895 0.1411 -0.9101
vn 0.3895 0.1411 -0.9102
vn 0.4031 0.0854 -0.9112
vn 0.4032 0.0855 -0.9111
vn 0.4249 -0.0098 -0.9052
vn 0.4251 -0.0095 -0.9051
vn -0.3263 -0.1930 0.9254
vn -0.3415 -0.1379 0.9297
vn -0.3414 -0.1379 0.9297
vn -0.2967 -0.2848 0.9115
vn -0.2970 -0.2846 0.9115
vn -0.0702 0.9229 -0.3787
vn -0.0702 0.9228 -0.3787
vn -0.1704 0.9702 -0.1720
vn -0.1640 0.9687 -0.1861
vn -0.0626 -0.7425 0.6669
vn -0.1470 -0.6114 0.7775
vn -0.1473 -0.6115 0.7774
vn -0.3442 0.9000 0.2676
vn -0.3395 0.9057 0.2538
vn -0.4004 0.7967 0.4527
vn -0.4004 0.7968 0.4525
vn 0.4779 -0.3729 -0.7954
vn 0.4776 -0.3730 -0.7955
vn 0.4787 -0.5359 -0.6955
vn 0.4786 -0.5359 -0.6956
vn 0.4555 -0.1656 -0.8747
vn 0.4554 -0.1656 -0.8748
vn -0.1956 0.8633 0.4653
vn -0.1128 0.6916 0.7134
vn -0.2185 0.3401 -0.9147
vn -0.2638 0.5449 -0.7959
vn -0.0545 0.5474 0.8351
vn -0.1127 0.6914 0.7137
vn -0.0544 0.5474 0.8351
vn 0.0195 0.3427 0.9392
vn -0.2637 0.5446 -0.7962
vn -0.2636 0.5447 -0.7961
vn -0.3027 0.7915 -0.5310
vn -0.3055 0.9093 -0.2825
vn 0.9517 0.2816 -0.1226
vn 0.9516 0.2817 -0.1226
vn 0.9517 0.2817 -0.1224
vn 0.9516 0.2817 -0.1225
vn -0.1590 0.7933 0.5877
vn 0.0195 0.3430 0.9391
vn -0.3071 0.8619 -0.4035
vn -0.3070 0.8619 -0.4035
vn -0.1127 0.6915 0.7136
vn 0.0196 0.3427 0.9392
vn -0.1759 0.1729 -0.9691
vn -0.2638 0.5447 -0.7960
vn -0.3896 0.9127 -0.1235
vn -0.4328 0.8811 -0.1908
vn -0.4328 0.8811 -0.1909
vn -0.4812 0.8337 -0.2711
vn -0.5363 0.7580 -0.3713
vn -0.5965 0.6281 -0.4998
vn -0.6453 0.3849 -0.6599
vn -0.5964 0.6281 -0.4998
vn -0.6423 0.1465 -0.7523
vn -0.6137 -0.0333 -0.7888
vn -0.6138 -0.0333 -0.7888
vn 0.4778 0.4181 0.7726
vn 0.3509 0.6262 0.6962
vn 0.3508 0.6262 0.6962
vn 0.1759 0.8154 0.5515
vn 0.0531 0.9008 0.4309
vn -0.0360 0.9416 0.3348
vn -0.1038 0.9608 0.2570
vn -0.0361 0.9416 0.3348
vn -0.5364 0.7578 -0.3714
vn -0.5964 0.6282 -0.4997
vn -0.5964 0.6282 -0.4996
vn 0.5510 0.2490 0.7965
vn 0.3508 0.6264 0.6961
vn 0.3506 0.6265 0.6961
vn -0.1586 0.9687 0.1910
vn -0.3895 0.9127 -0.1235
vn -0.4329 0.8810 -0.1909
vn -0.4328 0.8810 -0.1909
vn -0.6136 -0.0336 -0.7889
vn -0.6137 -0.0337 -0.7888
vn 0.7605 0.2431 -0.6021
vn 0.7606 0.2432 -0.6020
vn 0.7607 0.2434 -0.6018
vn -0.4617 0.8851 0.0579
vn -0.5353 0.8420 0.0675
vn -0.4618 0.8851 0.0579
vn -0.6200 0.7806 0.0784
vn -0.7202 0.6877 0.0914
vn -0.6200 0.7807 0.0784
vn -0.8373 0.5362 0.1067
vn -0.9561 0.2663 0.1223
vn -0.9918 0.0131 0.1272
vn -0.9771 -0.1720 0.1256
vn 0.8273 0.5515 -0.1069
vn 0.6616 0.7449 -0.0860
vn 0.6616 0.7449 -0.0861
vn 0.4165 0.9075 -0.0548
vn 0.2369 0.9710 -0.0318
vn 0.1028 0.9946 -0.0147
vn -0.0012 1.0000 -0.0013
vn -0.8372 0.5363 0.1067
vn 0.9142 0.3876 -0.1179
vn 0.6615 0.7450 -0.0860
vn 0.4167 0.9074 -0.0548
vn 0.4168 0.9074 -0.0548
vn 0.6614 0.7451 -0.0860
vn -0.0865 0.9962 0.0096
vn -0.4617 0.8852 0.0579
vn -0.5355 0.8419 0.0675
vn -0.5354 0.8419 0.0675
vn -0.9770 -0.1723 0.1256
vn -0.9517 -0.2817 0.1226
vn -0.1275 -0.0012 -0.9918
vn -0.1268 -0.0012 -0.9919
vn -0.3462 0.9132 0.2152
vn -0.3709 0.8818 0.2914
vn 0.2672 0.4156 -0.8694
vn 0.1636 0.6241 -0.7641
vn 0.1635 0.6241 -0.7640
vn 0.0305 0.8138 -0.5803
vn -0.0578 0.8995 -0.4330
vn 0.0306 0.8139 -0.5803
vn -0.1198 0.9406 -0.3176
vn -0.1657 0.9601 -0.2253
vn 0.3318 0.2464 -0.9106
vn 0.1634 0.6242 -0.7640
vn 0.0306 0.8137 -0.5804
vn -0.2020 0.9682 -0.1476
vn -0.3975 0.8346 0.3813
vn 0.3655 0.1395 -0.9203
vn 0.2798 -0.9594 -0.0344
vn 0.2799 -0.9594 -0.0344
vn 0.2798 -0.9594 -0.0349
vn 0.2797 -0.9595 -0.0344
vn -0.8878 -0.2446 -0.3897
vn -0.8878 -0.2447 -0.3897
vn -0.8878 -0.2446 -0.3899
vn -0.8879 -0.2447 -0.3897
vn -0.8878 -0.2444 -0.3899
vn 0.8896 0.2439 0.3862
vn 0.8897 0.2436 0.3861
vn 0.8891 0.2445 0.3869
vn 0.8904 0.2397 0.3870
vn 0.8898 0.2432 0.3861
vn 0.8898 0.2433 0.3862
vn -0.8877 -0.2448 -0.3899
vn 0.8895 0.2439 0.3863
vn 0.8853 0.2544 0.3894
vn -0.8877 -0.2452 -0.3898
vn 0.8855 0.2516 0.3906
vn 0.6630 -0.7321 -0.1563
vn 0.8827 0.2285 0.4106
vn 0.8854 -0.2667 0.3806
vn 0.9009 -0.1570 -0.4047
vn 0.8903 0.2415 0.3860
vn 0.8908 0.2430 0.3840
vn 0.8895 0.2426 0.3871
vn 0.8895 0.2427 0.3872
vn 0.8903 0.2416 0.3860
vn 0.8910 0.2393 0.3857
vn -0.8879 -0.2463 -0.3886
vn -0.4104 0.8043 0.4297
vn -0.4102 0.8044 0.4298
vn 0.8888 0.2454 0.3869
vn 0.8892 0.2461 0.3857
vn 0.8859 0.2467 0.3928
vn 0.8889 0.2453 0.3869
vn 0.8900 0.2411 0.3869
vn 0.8911 0.2383 0.3863
vn -0.8878 -0.2448 -0.3898
vn 0.8890 0.2439 0.3877
vn 0.8884 0.2462 0.3875
vt 0.215440 0.271550
vt 0.214710 0.271550
vt 0.214710 0.278420
vt 0.215440 0.278420
vt 0.060890 0.692550
vt 0.063460 0.696480
vt 0.073400 0.692450
vt 0.070000 0.688860
vt 0.078400 0.684050
vt 0.082570 0.687200
vt 0.090610 0.680760
vt 0.085750 0.678160
vt 0.091770 0.671200
vt 0.097200 0.673140
vt 0.102110 0.664150
vt 0.096250 0.663000
vt 0.099130 0.650690
vt 0.105120 0.651260
vt 0.106140 0.643840
vt 0.100100 0.643630
vt 0.007100 0.650690
vt 0.001100 0.651260
vt 0.004120 0.664150
vt 0.009980 0.663000
vt 0.014450 0.671200
vt 0.009020 0.673140
vt 0.015610 0.680760
vt 0.020480 0.678160
vt 0.027820 0.684050
vt 0.023650 0.687200
vt 0.032820 0.692450
vt 0.036220 0.688860
vt 0.006130 0.643630
vt 0.000080 0.643840
vt 0.042770 0.696480
vt 0.045330 0.692550
vt 0.053110 0.699240
vt 0.053110 0.694620
vt 0.106140 0.575770
vt 0.100100 0.580090
vt 0.006130 0.580090
vt 0.000080 0.575770
vt 0.736360 0.837070
vt 0.736730 0.837070
vt 0.736730 0.829760
vt 0.736360 0.829760
vt 0.116310 0.166930
vt 0.115580 0.166930
vt 0.115580 0.256390
vt 0.116310 0.256390
vt 0.829110 0.881230
vt 0.828370 0.881230
vt 0.828380 0.888560
vt 0.829110 0.888560
vt 0.120230 0.371760
vt 0.120960 0.371760
vt 0.120940 0.359220
vt 0.120210 0.359220
vt 0.829100 0.863760
vt 0.828370 0.863760
vt 0.828370 0.872850
vt 0.829100 0.872850
vt 0.120370 0.387920
vt 0.121100 0.387920
vt 0.121010 0.380370
vt 0.120280 0.380370
vt 0.829100 0.855990
vt 0.828370 0.855990
vt 0.829100 0.848230
vt 0.828370 0.848230
vt 0.215450 0.297700
vt 0.214720 0.297700
vt 0.214730 0.303760
vt 0.215460 0.303760
vt 0.829100 0.839150
vt 0.828370 0.839150
vt 0.829110 0.830770
vt 0.828370 0.830770
vt 0.214720 0.290200
vt 0.215450 0.290200
vt 0.829110 0.823450
vt 0.828380 0.823450
vt 0.215460 0.208640
vt 0.214730 0.208640
vt 0.120940 0.352090
vt 0.120210 0.352090
vt 0.121100 0.288900
vt 0.120370 0.288900
vt 0.731520 0.996370
vt 0.732480 0.997840
vt 0.741590 0.994160
vt 0.740320 0.992810
vt 0.748420 0.988170
vt 0.749980 0.989340
vt 0.757330 0.983460
vt 0.755520 0.982490
vt 0.761330 0.975770
vt 0.763360 0.976490
vt 0.767830 0.968290
vt 0.765640 0.967860
vt 0.768470 0.955770
vt 0.770710 0.955990
vt 0.771680 0.948920
vt 0.769420 0.948840
vt 0.680920 0.955780
vt 0.678680 0.955990
vt 0.681560 0.968300
vt 0.683750 0.967870
vt 0.688060 0.975770
vt 0.686040 0.976500
vt 0.692060 0.983460
vt 0.693880 0.982490
vt 0.700970 0.988170
vt 0.699410 0.989350
vt 0.707800 0.994160
vt 0.709080 0.992820
vt 0.679970 0.948850
vt 0.677710 0.948930
vt 0.716910 0.997840
vt 0.717870 0.996370
vt 0.724700 0.999920
vt 0.724700 0.998200
vt 0.771680 0.885390
vt 0.769420 0.887000
vt 0.679970 0.887000
vt 0.677710 0.885390
vt 0.578170 0.191110
vt 0.578770 0.191120
vt 0.578910 0.136030
vt 0.578310 0.136030
vt 0.846850 0.041790
vt 0.846480 0.041790
vt 0.846470 0.049250
vt 0.846850 0.049250
vt 0.736360 0.843020
vt 0.736730 0.843020
vt 0.736730 0.823430
vt 0.736360 0.823430
vt 0.736360 0.850060
vt 0.736730 0.850060
vt 0.736360 0.884600
vt 0.736730 0.884600
vt 0.736730 0.877060
vt 0.736360 0.877060
vt 0.736360 0.859500
vt 0.736730 0.859500
vt 0.736360 0.868610
vt 0.736730 0.868610
vt 0.851990 0.069970
vt 0.852370 0.069970
vt 0.852400 0.058240
vt 0.852020 0.058240
vt 0.852090 0.138280
vt 0.852460 0.138280
vt 0.852360 0.076760
vt 0.851990 0.076770
vt 0.846840 0.070040
vt 0.846470 0.070040
vt 0.846470 0.077040
vt 0.846840 0.077040
vt 0.852460 0.050810
vt 0.852090 0.050810
vt 0.846490 0.138280
vt 0.846860 0.138280
vt 0.846470 0.057680
vt 0.846840 0.057680
vt 0.854590 0.049030
vt 0.854220 0.049030
vt 0.854220 0.138280
vt 0.854590 0.138280
vt 0.846860 0.035180
vt 0.846490 0.035180
vt 0.419120 0.321010
vt 0.422770 0.326610
vt 0.431570 0.323050
vt 0.426720 0.317940
vt 0.433720 0.313920
vt 0.439670 0.318410
vt 0.446770 0.312720
vt 0.439840 0.309030
vt 0.444840 0.303250
vt 0.452580 0.306010
vt 0.456890 0.298100
vt 0.448540 0.296460
vt 0.451180 0.285200
vt 0.459720 0.286010
vt 0.460670 0.279080
vt 0.452060 0.278780
vt 0.380720 0.285210
vt 0.372170 0.286020
vt 0.375000 0.298100
vt 0.383350 0.296460
vt 0.387050 0.303250
vt 0.379320 0.306010
vt 0.385130 0.312730
vt 0.392060 0.309030
vt 0.398170 0.313930
vt 0.392220 0.318410
vt 0.400330 0.323050
vt 0.405170 0.317940
vt 0.379840 0.278780
vt 0.371220 0.279080
vt 0.409120 0.326610
vt 0.412770 0.321010
vt 0.415950 0.328430
vt 0.415950 0.321860
vt 0.460670 0.217240
vt 0.452060 0.223400
vt 0.379840 0.223400
vt 0.371220 0.217240
vt 0.547400 0.847960
vt 0.546630 0.847960
vt 0.546630 0.855230
vt 0.547400 0.855230
vt 0.578240 0.216190
vt 0.578840 0.216190
vt 0.578790 0.209060
vt 0.578190 0.209060
vt 0.105250 0.152650
vt 0.104640 0.152650
vt 0.104640 0.158890
vt 0.105250 0.158890
vt 0.932240 0.900230
vt 0.932850 0.900230
vt 0.932850 0.831470
vt 0.932240 0.831470
vt 0.118710 0.718110
vt 0.118110 0.718110
vt 0.118110 0.724210
vt 0.118710 0.724210
vt 0.578770 0.197590
vt 0.578170 0.197590
vt 0.118710 0.703540
vt 0.118100 0.703540
vt 0.118110 0.711120
vt 0.118710 0.711120
vt 0.578310 0.222460
vt 0.578910 0.222460
vt 0.118710 0.700370
vt 0.118100 0.700370
vt 0.118710 0.697200
vt 0.118100 0.697200
vt 0.105250 0.175880
vt 0.104650 0.175880
vt 0.104650 0.180900
vt 0.105260 0.180900
vt 0.118710 0.689620
vt 0.118110 0.689620
vt 0.118710 0.682640
vt 0.118110 0.682640
vt 0.104640 0.169670
vt 0.105250 0.169670
vt 0.118710 0.676540
vt 0.118110 0.676540
vt 0.105260 0.097810
vt 0.104650 0.097810
vt 0.806610 0.043390
vt 0.804830 0.040660
vt 0.797230 0.043740
vt 0.799590 0.046230
vt 0.793130 0.049940
vt 0.790230 0.047750
vt 0.784110 0.052650
vt 0.787490 0.054450
vt 0.782880 0.059770
vt 0.779110 0.058430
vt 0.775410 0.065220
vt 0.779480 0.066020
vt 0.776940 0.076870
vt 0.772770 0.076470
vt 0.771890 0.082890
vt 0.776090 0.083040
vt 0.839070 0.076860
vt 0.843230 0.076470
vt 0.840600 0.065220
vt 0.836530 0.066020
vt 0.833120 0.059770
vt 0.836900 0.058430
vt 0.831890 0.052650
vt 0.828520 0.054450
vt 0.822880 0.049940
vt 0.825780 0.047750
vt 0.818780 0.043740
vt 0.816420 0.046230
vt 0.839920 0.083040
vt 0.844120 0.082890
vt 0.811180 0.040660
vt 0.809400 0.043390
vt 0.808000 0.039810
vt 0.808000 0.043020
vt 0.771890 0.138280
vt 0.776090 0.135280
vt 0.839920 0.135270
vt 0.844120 0.138280
vt 0.539030 0.847960
vt 0.539030 0.855230
vt 0.218610 0.209140
vt 0.219380 0.209140
vt 0.219410 0.198610
vt 0.218640 0.198610
vt 0.547400 0.841250
vt 0.546630 0.841250
vt 0.218690 0.267150
vt 0.219460 0.267150
vt 0.219380 0.215190
vt 0.218610 0.215190
vt 0.103730 0.150630
vt 0.102960 0.150630
vt 0.102960 0.156860
vt 0.103730 0.156860
vt 0.219460 0.192750
vt 0.218690 0.192750
vt 0.102980 0.208590
vt 0.103750 0.208580
vt 0.103740 0.132880
vt 0.102970 0.132880
vt 0.102960 0.139530
vt 0.103730 0.139530
vt 0.788900 0.888560
vt 0.789670 0.888560
vt 0.789670 0.824890
vt 0.788900 0.824890
vt 0.103750 0.121710
vt 0.102980 0.121710
vt 0.102970 0.126970
vt 0.103740 0.126960
vt 0.547400 0.865410
vt 0.546630 0.865410
vt 0.546630 0.871240
vt 0.547400 0.871240
vt 0.547400 0.864190
vt 0.546630 0.864190
vt 0.546630 0.876290
vt 0.547400 0.876290
vt 0.547400 0.862760
vt 0.546630 0.862760
vt 0.547400 0.835270
vt 0.546630 0.835270
vt 0.226980 0.209110
vt 0.227010 0.198580
vt 0.539030 0.841250
vt 0.227060 0.267120
vt 0.226980 0.215170
vt 0.095360 0.150630
vt 0.095360 0.156860
vt 0.227060 0.192720
vt 0.095380 0.208590
vt 0.095370 0.132880
vt 0.095360 0.139530
vt 0.797270 0.888560
vt 0.797270 0.824890
vt 0.095380 0.121710
vt 0.095370 0.126970
vt 0.539030 0.865410
vt 0.539030 0.871240
vt 0.539030 0.864190
vt 0.539030 0.876290
vt 0.539030 0.862760
vt 0.539030 0.835270
vt 0.217250 0.271550
vt 0.216520 0.271550
vt 0.216520 0.278420
vt 0.217250 0.278420
vt 0.432040 0.692630
vt 0.434600 0.696560
vt 0.444550 0.692530
vt 0.441140 0.688940
vt 0.449540 0.684130
vt 0.453710 0.687280
vt 0.461750 0.680840
vt 0.456890 0.678240
vt 0.462910 0.671280
vt 0.468350 0.673220
vt 0.473250 0.664240
vt 0.467390 0.663080
vt 0.470270 0.650780
vt 0.476260 0.651340
vt 0.477280 0.643920
vt 0.471240 0.643710
vt 0.378240 0.650780
vt 0.372240 0.651350
vt 0.375260 0.664240
vt 0.381120 0.663080
vt 0.385590 0.671290
vt 0.380160 0.673220
vt 0.386750 0.680840
vt 0.391620 0.678250
vt 0.398970 0.684130
vt 0.394790 0.687280
vt 0.403960 0.692530
vt 0.407360 0.688940
vt 0.377270 0.643710
vt 0.371220 0.643930
vt 0.413910 0.696560
vt 0.416470 0.692630
vt 0.424250 0.699320
vt 0.424250 0.694710
vt 0.477280 0.575850
vt 0.471240 0.580180
vt 0.377270 0.580180
vt 0.371220 0.575860
vt 0.735830 0.837070
vt 0.736200 0.837070
vt 0.736200 0.829760
vt 0.735830 0.829760
vt 0.471890 0.142880
vt 0.471160 0.142880
vt 0.471160 0.232340
vt 0.471890 0.232340
vt 0.830000 0.881230
vt 0.829270 0.881230
vt 0.829270 0.888560
vt 0.830000 0.888560
vt 0.104660 0.354640
vt 0.105390 0.354640
vt 0.105370 0.342100
vt 0.104640 0.342100
vt 0.830000 0.863760
vt 0.829270 0.863760
vt 0.829270 0.872850
vt 0.830000 0.872850
vt 0.104800 0.370800
vt 0.105530 0.370800
vt 0.105450 0.363260
vt 0.104720 0.363260
vt 0.830000 0.855990
vt 0.829270 0.855990
vt 0.830000 0.848230
vt 0.829270 0.848230
vt 0.217250 0.297700
vt 0.216520 0.297700
vt 0.216530 0.303760
vt 0.217260 0.303760
vt 0.830000 0.839150
vt 0.829270 0.839150
vt 0.830000 0.830770
vt 0.829270 0.830770
vt 0.216520 0.290200
vt 0.217250 0.290200
vt 0.830000 0.823450
vt 0.829270 0.823450
vt 0.217260 0.208640
vt 0.216530 0.208640
vt 0.105370 0.334980
vt 0.104640 0.334980
vt 0.105530 0.271780
vt 0.104800 0.271780
vt 0.623790 0.248930
vt 0.622830 0.247470
vt 0.613720 0.251150
vt 0.615000 0.252490
vt 0.606890 0.257140
vt 0.605330 0.255960
vt 0.597980 0.261850
vt 0.599800 0.262820
vt 0.593980 0.269540
vt 0.591960 0.268810
vt 0.587480 0.277010
vt 0.589670 0.277440
vt 0.586840 0.289530
vt 0.584600 0.289320
vt 0.583630 0.296380
vt 0.585890 0.296460
vt 0.674390 0.289530
vt 0.676630 0.289320
vt 0.673750 0.277010
vt 0.671560 0.277440
vt 0.667250 0.269530
vt 0.669280 0.268810
vt 0.663250 0.261850
vt 0.661440 0.262820
vt 0.654340 0.257140
vt 0.655900 0.255960
vt 0.647510 0.251150
vt 0.646240 0.252490
vt 0.675340 0.296460
vt 0.677600 0.296380
vt 0.638400 0.247460
vt 0.637440 0.248930
vt 0.630620 0.245390
vt 0.630620 0.247110
vt 0.583630 0.359920
vt 0.585890 0.358300
vt 0.675340 0.358300
vt 0.677600 0.359920
vt 0.577270 0.191110
vt 0.577880 0.191120
vt 0.578010 0.136030
vt 0.577410 0.136030
vt 0.847400 0.041790
vt 0.847030 0.041790
vt 0.847020 0.049250
vt 0.847400 0.049250
vt 0.735830 0.843020
vt 0.736200 0.843020
vt 0.736200 0.823430
vt 0.735830 0.823430
vt 0.735830 0.850060
vt 0.736200 0.850060
vt 0.735830 0.884600
vt 0.736200 0.884600
vt 0.736200 0.877060
vt 0.735830 0.877060
vt 0.735830 0.859500
vt 0.736200 0.859500
vt 0.735830 0.868610
vt 0.736200 0.868610
vt 0.851360 0.069970
vt 0.851730 0.069970
vt 0.851760 0.058240
vt 0.851390 0.058240
vt 0.851450 0.138280
vt 0.851830 0.138280
vt 0.851730 0.076760
vt 0.851360 0.076770
vt 0.847390 0.070040
vt 0.847020 0.070040
vt 0.847020 0.077040
vt 0.847390 0.077040
vt 0.851830 0.050810
vt 0.851450 0.050810
vt 0.847040 0.138280
vt 0.847410 0.138280
vt 0.847020 0.057680
vt 0.847390 0.057680
vt 0.855660 0.049030
vt 0.855280 0.049030
vt 0.855280 0.138280
vt 0.855660 0.138280
vt 0.847410 0.035180
vt 0.847040 0.035180
vt 0.171250 0.296340
vt 0.174910 0.301940
vt 0.183700 0.298380
vt 0.178850 0.293260
vt 0.185860 0.289250
vt 0.191810 0.293730
vt 0.198900 0.288050
vt 0.191970 0.284350
vt 0.196970 0.278570
vt 0.204710 0.281330
vt 0.209030 0.273430
vt 0.200680 0.271780
vt 0.203310 0.260530
vt 0.211850 0.261340
vt 0.212810 0.254410
vt 0.204190 0.254110
vt 0.132850 0.260530
vt 0.124310 0.261340
vt 0.127140 0.273430
vt 0.135480 0.271780
vt 0.139190 0.278570
vt 0.131450 0.281340
vt 0.137260 0.288050
vt 0.144190 0.284350
vt 0.150300 0.289250
vt 0.144350 0.293730
vt 0.152460 0.298380
vt 0.157310 0.293260
vt 0.131970 0.254110
vt 0.123350 0.254410
vt 0.161250 0.301940
vt 0.164910 0.296340
vt 0.168080 0.303760
vt 0.168080 0.297190
vt 0.212810 0.192570
vt 0.204190 0.198720
vt 0.131970 0.198730
vt 0.123350 0.192570
vt 0.530340 0.847960
vt 0.529570 0.847960
vt 0.529570 0.855230
vt 0.530340 0.855230
vt 0.577340 0.216190
vt 0.577940 0.216190
vt 0.577890 0.209060
vt 0.577290 0.209060
vt 0.106020 0.152650
vt 0.105420 0.152650
vt 0.105420 0.158890
vt 0.106020 0.158890
vt 0.930720 0.900230
vt 0.931320 0.900230
vt 0.931320 0.831470
vt 0.930720 0.831470
vt 0.122390 0.639810
vt 0.121790 0.639810
vt 0.121790 0.645910
vt 0.122390 0.645910
vt 0.577880 0.197590
vt 0.577270 0.197590
vt 0.122390 0.625230
vt 0.121790 0.625230
vt 0.121790 0.632820
vt 0.122390 0.632820
vt 0.577410 0.222460
vt 0.578010 0.222460
vt 0.122390 0.622070
vt 0.121790 0.622070
vt 0.122390 0.618900
vt 0.121790 0.618900
vt 0.106020 0.175880
vt 0.105420 0.175880
vt 0.105430 0.180900
vt 0.106030 0.180900
vt 0.122390 0.611320
vt 0.121790 0.611320
vt 0.122390 0.604340
vt 0.121790 0.604340
vt 0.105420 0.169670
vt 0.106020 0.169670
vt 0.122390 0.598240
vt 0.121790 0.598240
vt 0.106030 0.097810
vt 0.105430 0.097810
vt 0.898090 0.145300
vt 0.899870 0.148030
vt 0.907470 0.144950
vt 0.905100 0.142460
vt 0.911570 0.138750
vt 0.914470 0.140940
vt 0.920580 0.136040
vt 0.917200 0.134240
vt 0.921810 0.128920
vt 0.925580 0.130260
vt 0.929290 0.123470
vt 0.925220 0.122670
vt 0.927760 0.111820
vt 0.931920 0.112220
vt 0.932800 0.105800
vt 0.928600 0.105650
vt 0.865630 0.111830
vt 0.861460 0.112220
vt 0.864100 0.123470
vt 0.868170 0.122670
vt 0.871570 0.128920
vt 0.867800 0.130260
vt 0.872800 0.136040
vt 0.876180 0.134240
vt 0.881810 0.138760
vt 0.878910 0.140940
vt 0.885920 0.144950
vt 0.888280 0.142460
vt 0.864780 0.105650
vt 0.860580 0.105800
vt 0.893520 0.148030
vt 0.895300 0.145300
vt 0.896690 0.148880
vt 0.896690 0.145670
vt 0.932800 0.050410
vt 0.928600 0.053420
vt 0.864780 0.053420
vt 0.860580 0.050420
vt 0.521970 0.847960
vt 0.521970 0.855230
vt 0.870040 0.842220
vt 0.870810 0.842220
vt 0.870840 0.831690
vt 0.870070 0.831690
vt 0.530340 0.841250
vt 0.529570 0.841250
vt 0.870120 0.900230
vt 0.870890 0.900230
vt 0.870810 0.848270
vt 0.870040 0.848280
vt 0.370390 0.231280
vt 0.369620 0.231280
vt 0.369620 0.237510
vt 0.370390 0.237510
vt 0.870890 0.825830
vt 0.870120 0.825830
vt 0.369630 0.289240
vt 0.370400 0.289240
vt 0.370390 0.213530
vt 0.369620 0.213530
vt 0.369620 0.220190
vt 0.370390 0.220190
vt 0.780210 0.824890
vt 0.779440 0.824890
vt 0.779440 0.888560
vt 0.780210 0.888560
vt 0.370400 0.202360
vt 0.369630 0.202360
vt 0.369620 0.207620
vt 0.370390 0.207620
vt 0.530340 0.865410
vt 0.529570 0.865410
vt 0.529570 0.871240
vt 0.530340 0.871240
vt 0.530340 0.864190
vt 0.529570 0.864190
vt 0.529570 0.876290
vt 0.530340 0.876290
vt 0.530340 0.862760
vt 0.529570 0.862760
vt 0.530340 0.835270
vt 0.529570 0.835270
vt 0.878410 0.842190
vt 0.878440 0.831670
vt 0.521970 0.841250
vt 0.878490 0.900200
vt 0.878400 0.848250
vt 0.362020 0.231280
vt 0.362020 0.237510
vt 0.878490 0.825800
vt 0.362030 0.289240
vt 0.362020 0.213530
vt 0.362020 0.220190
vt 0.771840 0.824890
vt 0.771840 0.888560
vt 0.362030 0.202360
vt 0.362030 0.207620
vt 0.521970 0.865410
vt 0.521970 0.871240
vt 0.521970 0.864190
vt 0.521970 0.876290
vt 0.521970 0.862760
vt 0.521970 0.835270
vt 0.263610 0.913430
vt 0.252890 0.892810
vt 0.248850 0.907350
vt 0.261030 0.918310
vt 0.271210 0.904910
vt 0.264610 0.867660
vt 0.258150 0.879410
vt 0.267020 0.908900
vt 0.282090 0.899160
vt 0.281250 0.850850
vt 0.272240 0.858020
vt 0.276190 0.901620
vt 0.295800 0.897070
vt 0.301610 0.844930
vt 0.294170 0.846430
vt 0.290790 0.897600
vt 0.282090 0.945730
vt 0.281250 0.994040
vt 0.294170 0.998440
vt 0.290790 0.947270
vt 0.271210 0.939990
vt 0.264610 0.977250
vt 0.272240 0.986880
vt 0.276190 0.943280
vt 0.263610 0.931490
vt 0.252890 0.952120
vt 0.258150 0.965520
vt 0.267020 0.936010
vt 0.301610 0.999920
vt 0.295800 0.947790
vt 0.261030 0.926620
vt 0.248850 0.937590
vt 0.259570 0.922460
vt 0.246080 0.922470
vt 0.352420 0.897030
vt 0.369860 0.844880
vt 0.369860 0.999860
vt 0.352420 0.947740
vt 0.369860 0.990180
vt 0.352420 0.946910
vt 0.352420 0.897860
vt 0.369860 0.854570
vt 0.352420 0.901360
vt 0.369860 0.864250
vt 0.352420 0.904870
vt 0.369860 0.873940
vt 0.352420 0.908370
vt 0.369860 0.883620
vt 0.352420 0.911880
vt 0.369860 0.893310
vt 0.352420 0.915380
vt 0.369860 0.903000
vt 0.352420 0.918880
vt 0.369860 0.912680
vt 0.352420 0.922390
vt 0.369860 0.922370
vt 0.352420 0.925890
vt 0.369860 0.932060
vt 0.352420 0.929390
vt 0.369860 0.941740
vt 0.352420 0.932900
vt 0.369860 0.951430
vt 0.352420 0.936400
vt 0.369860 0.961120
vt 0.352420 0.939900
vt 0.369860 0.970800
vt 0.352420 0.943410
vt 0.369860 0.980490
vt 0.616080 0.871220
vt 0.626560 0.871220
vt 0.626560 0.867220
vt 0.616080 0.867220
vt 0.239420 0.412450
vt 0.230280 0.411620
vt 0.231450 0.417270
vt 0.240590 0.418090
vt 0.626560 0.863230
vt 0.616080 0.863230
vt 0.395030 0.840960
vt 0.384670 0.840900
vt 0.384220 0.846380
vt 0.394580 0.846440
vt 0.626560 0.859230
vt 0.616080 0.859230
vt 0.394260 0.852310
vt 0.383900 0.852250
vt 0.383710 0.858290
vt 0.394070 0.858350
vt 0.626560 0.855230
vt 0.616080 0.855230
vt 0.383660 0.863250
vt 0.394020 0.863300
vt 0.394390 0.867500
vt 0.384030 0.867450
vt 0.384600 0.872140
vt 0.394960 0.872200
vt 0.626560 0.851240
vt 0.616080 0.851240
vt 0.234040 0.666780
vt 0.243150 0.666760
vt 0.241250 0.661910
vt 0.232140 0.661920
vt 0.626560 0.847240
vt 0.616080 0.847240
vt 0.385270 0.876240
vt 0.395630 0.876290
vt 0.230680 0.656420
vt 0.239800 0.656400
vt 0.238880 0.650150
vt 0.229770 0.650170
vt 0.626560 0.843250
vt 0.616080 0.843250
vt 0.229670 0.636290
vt 0.238780 0.636270
vt 0.243150 0.580510
vt 0.234040 0.580530
vt 0.229580 0.641310
vt 0.238690 0.641300
vt 0.626560 0.839250
vt 0.616080 0.839250
vt 0.240590 0.342890
vt 0.231450 0.342060
vt 0.229580 0.398210
vt 0.238720 0.399030
vt 0.238840 0.403950
vt 0.229700 0.403130
vt 0.626560 0.835250
vt 0.616080 0.835250
vt 0.616080 0.827260
vt 0.626560 0.827260
vt 0.626560 0.826310
vt 0.616080 0.826310
vt 0.395630 0.836040
vt 0.385270 0.835980
vt 0.626560 0.831260
vt 0.616080 0.831260
vt 0.616080 0.884160
vt 0.626560 0.884160
vt 0.626560 0.883210
vt 0.616080 0.883210
vt 0.626560 0.879210
vt 0.616080 0.879210
vt 0.626560 0.875220
vt 0.616080 0.875220
vt 0.140710 0.901220
vt 0.130090 0.877700
vt 0.126100 0.894280
vt 0.138150 0.906790
vt 0.148230 0.891510
vt 0.141700 0.849020
vt 0.135310 0.862420
vt 0.144080 0.896060
vt 0.159010 0.884970
vt 0.158180 0.829850
vt 0.149260 0.838020
vt 0.153170 0.887760
vt 0.172590 0.882590
vt 0.178340 0.823120
vt 0.170970 0.824820
vt 0.167630 0.883190
vt 0.159010 0.938080
vt 0.158180 0.993190
vt 0.170970 0.998220
vt 0.167630 0.939850
vt 0.148230 0.931540
vt 0.141700 0.974030
vt 0.149260 0.985030
vt 0.153170 0.935290
vt 0.140710 0.921830
vt 0.130090 0.945360
vt 0.135310 0.960640
vt 0.144080 0.926990
vt 0.178340 0.999920
vt 0.172590 0.940450
vt 0.138150 0.916270
vt 0.126100 0.928780
vt 0.136710 0.911530
vt 0.123350 0.911530
vt 0.228660 0.882590
vt 0.245920 0.823110
vt 0.245920 0.999910
vt 0.228660 0.940440
vt 0.245920 0.988860
vt 0.228660 0.939490
vt 0.228660 0.883540
vt 0.245920 0.834160
vt 0.228660 0.887530
vt 0.245920 0.845210
vt 0.228660 0.891530
vt 0.245920 0.856260
vt 0.228660 0.895530
vt 0.245920 0.867310
vt 0.228660 0.899520
vt 0.245920 0.878360
vt 0.228660 0.903520
vt 0.245920 0.889410
vt 0.228660 0.907520
vt 0.245920 0.900460
vt 0.228660 0.911510
vt 0.245920 0.911510
vt 0.228660 0.915510
vt 0.245920 0.922560
vt 0.228660 0.919510
vt 0.245920 0.933610
vt 0.228660 0.923500
vt 0.245920 0.944660
vt 0.228660 0.927500
vt 0.245920 0.955710
vt 0.228660 0.931500
vt 0.245920 0.966760
vt 0.228660 0.935490
vt 0.245920 0.977810
vt 0.626720 0.871220
vt 0.637200 0.871220
vt 0.637200 0.867220
vt 0.626720 0.867220
vt 0.095380 0.381830
vt 0.105860 0.381810
vt 0.105910 0.375930
vt 0.095430 0.375950
vt 0.637200 0.863230
vt 0.626720 0.863230
vt 0.383500 0.836270
vt 0.373500 0.836270
vt 0.372240 0.840820
vt 0.382240 0.840820
vt 0.637200 0.859230
vt 0.626720 0.859230
vt 0.381230 0.845980
vt 0.371230 0.845980
vt 0.370450 0.851540
vt 0.380450 0.851540
vt 0.637200 0.855240
vt 0.626720 0.855230
vt 0.370020 0.856280
vt 0.380020 0.856280
vt 0.380450 0.861020
vt 0.370450 0.861020
vt 0.371230 0.866580
vt 0.381230 0.866580
vt 0.637200 0.851240
vt 0.626720 0.851240
vt 0.382240 0.871740
vt 0.372240 0.871740
vt 0.373500 0.876290
vt 0.383500 0.876290
vt 0.637200 0.847240
vt 0.626720 0.847240
vt 0.240150 0.423220
vt 0.229680 0.423260
vt 0.229600 0.429140
vt 0.240080 0.429100
vt 0.637200 0.843250
vt 0.626720 0.843250
vt 0.240050 0.442770
vt 0.229580 0.442810
vt 0.229780 0.499290
vt 0.240260 0.499250
vt 0.240050 0.437780
vt 0.229580 0.437810
vt 0.637200 0.839250
vt 0.626720 0.839250
vt 0.095500 0.451980
vt 0.105980 0.451960
vt 0.105840 0.395480
vt 0.095360 0.395500
vt 0.095360 0.390510
vt 0.105840 0.390490
vt 0.637200 0.835250
vt 0.626720 0.835250
vt 0.626720 0.827260
vt 0.637200 0.827260
vt 0.637200 0.826310
vt 0.626720 0.826310
vt 0.105980 0.370960
vt 0.095500 0.370990
vt 0.637200 0.831260
vt 0.626720 0.831260
vt 0.626720 0.884160
vt 0.637200 0.884160
vt 0.637200 0.883210
vt 0.626720 0.883210
vt 0.637200 0.879210
vt 0.626720 0.879210
vt 0.240260 0.418250
vt 0.229780 0.418290
vt 0.637200 0.875220
vt 0.626720 0.875220
vt 0.264820 0.587640
vt 0.254090 0.567650
vt 0.250060 0.581730
vt 0.262230 0.592360
vt 0.272410 0.579400
vt 0.259360 0.554680
vt 0.268220 0.583260
vt 0.283300 0.618960
vt 0.282450 0.665750
vt 0.295370 0.670030
vt 0.292000 0.620470
vt 0.272410 0.613380
vt 0.265810 0.649460
vt 0.273450 0.658800
vt 0.277400 0.616570
vt 0.264820 0.605130
vt 0.254090 0.625100
vt 0.259360 0.638080
vt 0.268220 0.609520
vt 0.302810 0.671480
vt 0.297000 0.620980
vt 0.262230 0.600410
vt 0.250060 0.611010
vt 0.260770 0.596380
vt 0.247290 0.596370
vt 0.371060 0.671560
vt 0.353630 0.621050
vt 0.371060 0.662180
vt 0.353630 0.620240
vt 0.353630 0.586310
vt 0.371060 0.568360
vt 0.371060 0.558980
vt 0.353630 0.582910
vt 0.353630 0.589700
vt 0.371060 0.577740
vt 0.353630 0.593090
vt 0.371060 0.587120
vt 0.353630 0.596490
vt 0.371060 0.596510
vt 0.353630 0.599880
vt 0.371060 0.605890
vt 0.353630 0.603270
vt 0.371060 0.615270
vt 0.353630 0.606670
vt 0.371060 0.624650
vt 0.353630 0.610060
vt 0.371060 0.634030
vt 0.353630 0.613450
vt 0.371060 0.643420
vt 0.353630 0.616850
vt 0.371060 0.652800
vt 0.647840 0.839250
vt 0.637360 0.839250
vt 0.637360 0.843250
vt 0.647840 0.843250
vt 0.106500 0.606050
vt 0.115600 0.606070
vt 0.116510 0.599820
vt 0.107420 0.599800
vt 0.637360 0.847240
vt 0.647840 0.847240
vt 0.108870 0.594290
vt 0.117970 0.594310
vt 0.119880 0.589460
vt 0.110780 0.589440
vt 0.637360 0.851240
vt 0.647840 0.851240
vt 0.407090 0.840080
vt 0.396730 0.840130
vt 0.396170 0.844830
vt 0.406530 0.844770
vt 0.637360 0.855240
vt 0.647840 0.855230
vt 0.395790 0.849030
vt 0.406150 0.848970
vt 0.406210 0.853930
vt 0.395840 0.853980
vt 0.396030 0.860020
vt 0.406390 0.859970
vt 0.637360 0.859230
vt 0.647840 0.859230
vt 0.406710 0.865840
vt 0.396350 0.865890
vt 0.396810 0.871370
vt 0.407170 0.871320
vt 0.637360 0.863230
vt 0.647840 0.863230
vt 0.364430 0.289400
vt 0.355470 0.290270
vt 0.354220 0.295920
vt 0.363180 0.295050
vt 0.637360 0.867220
vt 0.647840 0.867220
vt 0.362440 0.308480
vt 0.353480 0.309350
vt 0.355470 0.365490
vt 0.364430 0.364620
vt 0.362570 0.303560
vt 0.353610 0.304430
vt 0.637360 0.871220
vt 0.647840 0.871220
vt 0.110780 0.675690
vt 0.119880 0.675700
vt 0.115500 0.619950
vt 0.106400 0.619930
vt 0.106300 0.614900
vt 0.115400 0.614920
vt 0.637360 0.875220
vt 0.647840 0.875220
vt 0.647840 0.883210
vt 0.637360 0.883210
vt 0.637360 0.884160
vt 0.647840 0.884160
vt 0.637360 0.879210
vt 0.647840 0.879210
vt 0.647840 0.826310
vt 0.637360 0.826310
vt 0.637360 0.827260
vt 0.647840 0.827260
vt 0.407770 0.835980
vt 0.397400 0.836040
vt 0.637360 0.831260
vt 0.647840 0.831260
vt 0.397400 0.876290
vt 0.407770 0.876240
vt 0.637360 0.835250
vt 0.647840 0.835250
vt 0.105360 0.200930
vt 0.104640 0.200920
vt 0.104650 0.207910
vt 0.105360 0.207920
vt 0.193500 0.429560
vt 0.196660 0.426460
vt 0.186710 0.422440
vt 0.184330 0.425840
vt 0.209380 0.440360
vt 0.213860 0.438160
vt 0.205820 0.431720
vt 0.201970 0.434410
vt 0.220000 0.455720
vt 0.225350 0.454760
vt 0.220450 0.445770
vt 0.215470 0.447400
vt 0.223900 0.475250
vt 0.229380 0.475070
vt 0.228360 0.467650
vt 0.222920 0.468120
vt 0.132750 0.455730
vt 0.127390 0.454770
vt 0.124370 0.467660
vt 0.129830 0.468120
vt 0.143370 0.440360
vt 0.138880 0.438160
vt 0.132290 0.445780
vt 0.137280 0.447410
vt 0.159250 0.429560
vt 0.156080 0.426470
vt 0.146920 0.431720
vt 0.150790 0.434410
vt 0.123350 0.475080
vt 0.128850 0.475250
vt 0.168420 0.425850
vt 0.166030 0.422440
vt 0.176370 0.423780
vt 0.176370 0.419680
vt 0.223580 0.539060
vt 0.229380 0.543140
vt 0.123350 0.543150
vt 0.129160 0.539070
vt 0.730610 0.869130
vt 0.731010 0.869120
vt 0.731000 0.860410
vt 0.730610 0.860420
vt 0.247100 0.197340
vt 0.246630 0.197120
vt 0.246630 0.291790
vt 0.247100 0.291570
vt 0.228260 0.220370
vt 0.228960 0.220350
vt 0.228970 0.213430
vt 0.228270 0.213450
vt 0.228250 0.249740
vt 0.228970 0.249740
vt 0.228950 0.237050
vt 0.228270 0.237060
vt 0.926740 0.841330
vt 0.926040 0.841310
vt 0.926040 0.848940
vt 0.926740 0.848950
vt 0.228260 0.228190
vt 0.228950 0.228180
vt 0.926070 0.855880
vt 0.926710 0.855910
vt 0.926740 0.834720
vt 0.926040 0.834700
vt 0.926040 0.864110
vt 0.926740 0.864110
vt 0.926740 0.892300
vt 0.926040 0.892320
vt 0.926040 0.900230
vt 0.926740 0.900210
vt 0.926040 0.873960
vt 0.926740 0.873950
vt 0.926040 0.883470
vt 0.926740 0.883460
vt 0.105350 0.188900
vt 0.104670 0.188880
vt 0.104940 0.271620
vt 0.105410 0.271420
vt 0.228260 0.256940
vt 0.228970 0.256940
vt 0.105410 0.181090
vt 0.104720 0.181060
vt 0.228440 0.320090
vt 0.228910 0.320340
vt 0.615800 0.583230
vt 0.614040 0.585580
vt 0.623210 0.589300
vt 0.624530 0.586760
vt 0.600750 0.573000
vt 0.598150 0.574780
vt 0.605570 0.580730
vt 0.607770 0.578630
vt 0.590750 0.558580
vt 0.587510 0.559410
vt 0.592050 0.567740
vt 0.595010 0.566370
vt 0.587020 0.539720
vt 0.583630 0.539870
vt 0.584610 0.547000
vt 0.587970 0.546590
vt 0.671610 0.558580
vt 0.674850 0.559410
vt 0.677740 0.547000
vt 0.674390 0.546580
vt 0.661610 0.573000
vt 0.664210 0.574780
vt 0.670310 0.567740
vt 0.667350 0.566370
vt 0.646550 0.583230
vt 0.648320 0.585580
vt 0.656780 0.580730
vt 0.654590 0.578630
vt 0.678730 0.539870
vt 0.675340 0.539720
vt 0.637820 0.586760
vt 0.639140 0.589300
vt 0.631180 0.588600
vt 0.631170 0.591430
vt 0.586720 0.478150
vt 0.583750 0.475840
vt 0.678610 0.475840
vt 0.675660 0.478150
vt 0.365890 0.201960
vt 0.366230 0.202200
vt 0.366300 0.146880
vt 0.365720 0.146880
vt 0.090070 0.214340
vt 0.089660 0.214320
vt 0.089760 0.221510
vt 0.090160 0.221530
vt 0.731030 0.853780
vt 0.730560 0.853790
vt 0.730620 0.877150
vt 0.731020 0.877140
vt 0.730990 0.847160
vt 0.730600 0.847150
vt 0.093340 0.129550
vt 0.092930 0.129580
vt 0.092920 0.135350
vt 0.093340 0.135320
vt 0.730980 0.838460
vt 0.730590 0.838450
vt 0.730980 0.830450
vt 0.730580 0.830430
vt 0.093330 0.142440
vt 0.092910 0.142470
vt 0.092910 0.153940
vt 0.093300 0.153940
vt 0.730980 0.823450
vt 0.730570 0.823430
vt 0.093290 0.160610
vt 0.092900 0.160610
vt 0.092700 0.221340
vt 0.093340 0.221530
vt 0.089960 0.187010
vt 0.089560 0.187010
vt 0.089570 0.193940
vt 0.089960 0.193940
vt 0.090160 0.125740
vt 0.089530 0.125980
vt 0.090010 0.206160
vt 0.089590 0.206140
vt 0.121750 0.108750
vt 0.121110 0.109030
vt 0.121110 0.193310
vt 0.121750 0.193450
vt 0.730620 0.884160
vt 0.731030 0.884140
vt 0.705550 0.235830
vt 0.701200 0.239930
vt 0.709930 0.243460
vt 0.713220 0.238940
vt 0.692300 0.226820
vt 0.686160 0.229700
vt 0.693170 0.235330
vt 0.698480 0.231780
vt 0.683480 0.214050
vt 0.676180 0.215290
vt 0.680430 0.223080
vt 0.687240 0.220960
vt 0.679920 0.196220
vt 0.672430 0.196440
vt 0.673370 0.203310
vt 0.680800 0.202700
vt 0.749660 0.214050
vt 0.756950 0.215290
vt 0.759760 0.203310
vt 0.752340 0.202700
vt 0.740830 0.226820
vt 0.746970 0.229700
vt 0.752710 0.223080
vt 0.745900 0.220960
vt 0.727580 0.235830
vt 0.731930 0.239930
vt 0.739960 0.235330
vt 0.734650 0.231780
vt 0.760700 0.196440
vt 0.753220 0.196220
vt 0.719920 0.238940
vt 0.723210 0.243460
vt 0.716570 0.239770
vt 0.716560 0.245230
vt 0.680240 0.140560
vt 0.672320 0.135100
vt 0.760820 0.135100
vt 0.752920 0.140560
vt 0.450930 0.848050
vt 0.452270 0.848160
vt 0.452270 0.841810
vt 0.450920 0.841670
vt 0.365730 0.128730
vt 0.366280 0.128720
vt 0.366290 0.121350
vt 0.365720 0.121360
vt 0.094770 0.088550
vt 0.094180 0.088550
vt 0.094190 0.094910
vt 0.094770 0.094910
vt 0.105690 0.267320
vt 0.106030 0.267540
vt 0.106030 0.194570
vt 0.105690 0.194790
vt 0.365720 0.114850
vt 0.366290 0.114830
vt 0.366300 0.109070
vt 0.365720 0.109090
vt 0.365710 0.140330
vt 0.366300 0.140330
vt 0.470500 0.833400
vt 0.469920 0.833380
vt 0.469920 0.839760
vt 0.470500 0.839770
vt 0.469950 0.842680
vt 0.470460 0.842710
vt 0.470500 0.827880
vt 0.469930 0.827860
vt 0.469920 0.846150
vt 0.470500 0.846150
vt 0.470500 0.869690
vt 0.469930 0.869700
vt 0.469930 0.876290
vt 0.470490 0.876270
vt 0.469920 0.854380
vt 0.470500 0.854380
vt 0.469930 0.862330
vt 0.470500 0.862320
vt 0.094760 0.077550
vt 0.094210 0.077530
vt 0.094470 0.150510
vt 0.094810 0.150310
vt 0.094810 0.071060
vt 0.094240 0.071040
vt 0.889990 0.352400
vt 0.887130 0.355910
vt 0.894790 0.359010
vt 0.896930 0.355210
vt 0.878030 0.344280
vt 0.873870 0.346900
vt 0.880050 0.351860
vt 0.883590 0.348740
vt 0.870140 0.332920
vt 0.865020 0.334120
vt 0.868790 0.341030
vt 0.873490 0.339050
vt 0.866800 0.316050
vt 0.861480 0.316270
vt 0.862370 0.322760
vt 0.867650 0.322160
vt 0.926170 0.332920
vt 0.931290 0.334120
vt 0.933940 0.322760
vt 0.928660 0.322160
vt 0.918280 0.344280
vt 0.922440 0.346900
vt 0.927520 0.341030
vt 0.922820 0.339050
vt 0.906320 0.352400
vt 0.909180 0.355910
vt 0.916250 0.351860
vt 0.912710 0.348740
vt 0.934830 0.316270
vt 0.929510 0.316050
vt 0.899370 0.355210
vt 0.901510 0.359010
vt 0.898150 0.355600
vt 0.898150 0.359920
vt 0.866500 0.264100
vt 0.861590 0.260390
vt 0.934720 0.260390
vt 0.929820 0.264100
vt 0.459870 0.848160
vt 0.459870 0.841810
vt 0.329920 0.102830
vt 0.328550 0.102950
vt 0.328540 0.113200
vt 0.329880 0.113130
vt 0.452270 0.836300
vt 0.450920 0.836130
vt 0.329880 0.119070
vt 0.328530 0.119110
vt 0.328420 0.170190
vt 0.329920 0.170470
vt 0.115240 0.323250
vt 0.113900 0.323260
vt 0.113910 0.329400
vt 0.115250 0.329410
vt 0.329920 0.097220
vt 0.328560 0.097390
vt 0.115420 0.271540
vt 0.113930 0.271900
vt 0.115300 0.340370
vt 0.113950 0.340300
vt 0.114000 0.346690
vt 0.115350 0.346810
vt 0.721870 0.823860
vt 0.720380 0.824260
vt 0.720380 0.883950
vt 0.721870 0.884160
vt 0.450920 0.876290
vt 0.452270 0.876120
vt 0.452270 0.870600
vt 0.450920 0.870740
vt 0.450930 0.864350
vt 0.452270 0.864240
vt 0.452270 0.857340
vt 0.450930 0.857420
vt 0.114070 0.352330
vt 0.115420 0.352490
vt 0.452270 0.856200
vt 0.450890 0.856200
vt 0.452270 0.855060
vt 0.450930 0.854990
vt 0.329920 0.092670
vt 0.328570 0.092870
vt 0.320950 0.102930
vt 0.320940 0.113190
vt 0.459870 0.836300
vt 0.320930 0.119100
vt 0.320830 0.170180
vt 0.106300 0.323270
vt 0.106310 0.329400
vt 0.320960 0.097380
vt 0.106330 0.271900
vt 0.106350 0.340310
vt 0.106400 0.346700
vt 0.712780 0.824260
vt 0.712780 0.883950
vt 0.459870 0.876120
vt 0.459870 0.870600
vt 0.459870 0.864240
vt 0.459870 0.857340
vt 0.106470 0.352330
vt 0.459870 0.856200
vt 0.459870 0.855060
vt 0.320970 0.092850
vt 0.340440 0.211130
vt 0.339720 0.211130
vt 0.339730 0.218120
vt 0.340440 0.218120
vt 0.283170 0.511330
vt 0.280010 0.514430
vt 0.289960 0.518450
vt 0.292340 0.515050
vt 0.267290 0.500530
vt 0.262820 0.502730
vt 0.270850 0.509170
vt 0.274700 0.506480
vt 0.256670 0.485170
vt 0.251320 0.486130
vt 0.256220 0.495120
vt 0.261200 0.493490
vt 0.252770 0.465640
vt 0.247290 0.465820
vt 0.248310 0.473240
vt 0.253750 0.472770
vt 0.343920 0.485160
vt 0.349280 0.486130
vt 0.352300 0.473230
vt 0.346840 0.472770
vt 0.333300 0.500530
vt 0.337790 0.502730
vt 0.344380 0.495110
vt 0.339390 0.493480
vt 0.317420 0.511330
vt 0.320590 0.514430
vt 0.329760 0.509170
vt 0.325880 0.506480
vt 0.353320 0.465810
vt 0.347820 0.465640
vt 0.308250 0.515050
vt 0.310640 0.518450
vt 0.300300 0.517110
vt 0.300300 0.521210
vt 0.253090 0.401830
vt 0.247290 0.397750
vt 0.353320 0.397740
vt 0.347510 0.401830
vt 0.243990 0.466630
vt 0.244380 0.466620
vt 0.244380 0.457910
vt 0.243980 0.457920
vt 0.770230 0.157970
vt 0.770700 0.158190
vt 0.770700 0.063520
vt 0.770230 0.063740
vt 0.213850 0.203800
vt 0.214550 0.203780
vt 0.214550 0.196850
vt 0.213850 0.196870
vt 0.213840 0.233170
vt 0.214550 0.233170
vt 0.214540 0.220470
vt 0.213850 0.220480
vt 0.925010 0.841330
vt 0.924300 0.841310
vt 0.924300 0.848940
vt 0.925010 0.848950
vt 0.213850 0.211620
vt 0.214540 0.211600
vt 0.924330 0.855880
vt 0.924970 0.855910
vt 0.925010 0.834720
vt 0.924300 0.834700
vt 0.924300 0.864110
vt 0.925010 0.864110
vt 0.925000 0.892300
vt 0.924310 0.892320
vt 0.924310 0.900230
vt 0.925000 0.900210
vt 0.924300 0.873960
vt 0.925010 0.873950
vt 0.924300 0.883470
vt 0.925010 0.883460
vt 0.340430 0.199100
vt 0.339750 0.199080
vt 0.340020 0.281830
vt 0.340490 0.281630
vt 0.213850 0.240360
vt 0.214550 0.240360
vt 0.340490 0.191290
vt 0.339800 0.191270
vt 0.214030 0.303510
vt 0.214500 0.303760
vt 0.155520 0.411310
vt 0.153760 0.413670
vt 0.162930 0.417380
vt 0.164250 0.414840
vt 0.140470 0.401090
vt 0.137870 0.402870
vt 0.145290 0.408820
vt 0.147490 0.406710
vt 0.130470 0.386660
vt 0.127230 0.387500
vt 0.131770 0.395820
vt 0.134730 0.394450
vt 0.126740 0.367800
vt 0.123350 0.367960
vt 0.124340 0.375090
vt 0.127690 0.374670
vt 0.211330 0.386660
vt 0.214570 0.387500
vt 0.217470 0.375090
vt 0.214110 0.374670
vt 0.201330 0.401090
vt 0.203930 0.402870
vt 0.210030 0.395820
vt 0.207070 0.394450
vt 0.186270 0.411310
vt 0.188040 0.413670
vt 0.196500 0.408820
vt 0.194310 0.406710
vt 0.218450 0.367960
vt 0.215060 0.367800
vt 0.177550 0.414840
vt 0.178860 0.417380
vt 0.170900 0.416680
vt 0.170900 0.419520
vt 0.126440 0.306240
vt 0.123470 0.303920
vt 0.218330 0.303920
vt 0.215380 0.306240
vt 0.364400 0.201960
vt 0.364740 0.202200
vt 0.364810 0.146880
vt 0.364230 0.146880
vt 0.091660 0.214340
vt 0.091250 0.214320
vt 0.091340 0.221510
vt 0.091750 0.221530
vt 0.244400 0.451280
vt 0.243940 0.451290
vt 0.243990 0.474650
vt 0.244390 0.474640
vt 0.244370 0.444660
vt 0.243970 0.444650
vt 0.580790 0.129390
vt 0.580390 0.129410
vt 0.580380 0.135180
vt 0.580790 0.135160
vt 0.244360 0.435960
vt 0.243960 0.435950
vt 0.244350 0.427950
vt 0.243950 0.427930
vt 0.580790 0.142280
vt 0.580370 0.142300
vt 0.580370 0.153780
vt 0.580760 0.153770
vt 0.244350 0.420950
vt 0.243950 0.420930
vt 0.580750 0.160440
vt 0.580350 0.160450
vt 0.580160 0.221180
vt 0.580790 0.221360
vt 0.091540 0.187010
vt 0.091140 0.187010
vt 0.091160 0.193940
vt 0.091550 0.193940
vt 0.091750 0.125740
vt 0.091110 0.125980
vt 0.091600 0.206160
vt 0.091180 0.206140
vt 0.119790 0.108750
vt 0.119160 0.109030
vt 0.119160 0.193310
vt 0.119790 0.193450
vt 0.244000 0.481660
vt 0.244400 0.481640
vt 0.033310 0.212130
vt 0.028960 0.216230
vt 0.037690 0.219770
vt 0.040980 0.215240
vt 0.020070 0.203120
vt 0.013920 0.206010
vt 0.020930 0.211630
vt 0.026250 0.208080
vt 0.011240 0.190350
vt 0.003950 0.191590
vt 0.008190 0.199380
vt 0.015000 0.197260
vt 0.007680 0.172520
vt 0.000190 0.172740
vt 0.001130 0.179610
vt 0.008560 0.179010
vt 0.077420 0.190350
vt 0.084710 0.191590
vt 0.087520 0.179610
vt 0.080100 0.179010
vt 0.068590 0.203120
vt 0.074730 0.206010
vt 0.080470 0.199380
vt 0.073660 0.197260
vt 0.055340 0.212130
vt 0.059690 0.216230
vt 0.067720 0.211630
vt 0.062410 0.208080
vt 0.088460 0.172740
vt 0.080980 0.172520
vt 0.047680 0.215240
vt 0.050970 0.219770
vt 0.044330 0.216070
vt 0.044330 0.221530
vt 0.008000 0.116860
vt 0.000080 0.111400
vt 0.088580 0.111400
vt 0.080680 0.116860
vt 0.441780 0.848050
vt 0.443130 0.848160
vt 0.443130 0.841810
vt 0.441780 0.841670
vt 0.364240 0.128730
vt 0.364790 0.128720
vt 0.364790 0.121350
vt 0.364230 0.121360
vt 0.935550 0.845550
vt 0.934960 0.845550
vt 0.934970 0.851910
vt 0.935550 0.851910
vt 0.575940 0.174570
vt 0.575600 0.174340
vt 0.575600 0.247320
vt 0.575940 0.247100
vt 0.364230 0.114850
vt 0.364800 0.114830
vt 0.364810 0.109070
vt 0.364230 0.109090
vt 0.364220 0.140330
vt 0.364810 0.140330
vt 0.469760 0.833400
vt 0.469180 0.833380
vt 0.469180 0.839760
vt 0.469760 0.839770
vt 0.469210 0.842680
vt 0.469720 0.842710
vt 0.469760 0.827880
vt 0.469180 0.827860
vt 0.469180 0.846150
vt 0.469760 0.846150
vt 0.469760 0.869690
vt 0.469190 0.869700
vt 0.469190 0.876290
vt 0.469750 0.876270
vt 0.469180 0.854380
vt 0.469760 0.854370
vt 0.469180 0.862330
vt 0.469760 0.862320
vt 0.935540 0.834540
vt 0.934990 0.834520
vt 0.935250 0.907500
vt 0.935590 0.907310
vt 0.935590 0.828050
vt 0.935030 0.828030
vt 0.890210 0.704080
vt 0.887350 0.707590
vt 0.895020 0.710690
vt 0.897160 0.706890
vt 0.878260 0.695960
vt 0.874090 0.698570
vt 0.880280 0.703530
vt 0.883820 0.700410
vt 0.870370 0.684590
vt 0.865240 0.685800
vt 0.869020 0.692710
vt 0.873720 0.690720
vt 0.867030 0.667730
vt 0.861700 0.667950
vt 0.862600 0.674440
vt 0.867870 0.673840
vt 0.926390 0.684590
vt 0.931510 0.685800
vt 0.934160 0.674440
vt 0.928890 0.673840
vt 0.918500 0.695960
vt 0.922660 0.698570
vt 0.927740 0.692710
vt 0.923040 0.690720
vt 0.906550 0.704080
vt 0.909400 0.707590
vt 0.916480 0.703530
vt 0.912940 0.700410
vt 0.935060 0.667950
vt 0.929730 0.667730
vt 0.899600 0.706890
vt 0.901730 0.710690
vt 0.898380 0.707280
vt 0.898380 0.711590
vt 0.866730 0.615770
vt 0.861820 0.612070
vt 0.934940 0.612070
vt 0.930050 0.615770
vt 0.450730 0.848160
vt 0.450730 0.841810
vt 0.339170 0.102830
vt 0.337810 0.102950
vt 0.337790 0.113200
vt 0.339140 0.113130
vt 0.443130 0.836300
vt 0.441770 0.836130
vt 0.339130 0.119070
vt 0.337780 0.119110
vt 0.337680 0.170190
vt 0.339170 0.170470
vt 0.351480 0.368350
vt 0.350140 0.368360
vt 0.350150 0.374490
vt 0.351490 0.374510
vt 0.339170 0.097220
vt 0.337820 0.097390
vt 0.351660 0.316640
vt 0.350170 0.316990
vt 0.351540 0.385470
vt 0.350190 0.385400
vt 0.350240 0.391790
vt 0.351590 0.391910
vt 0.666510 0.884160
vt 0.668000 0.883760
vt 0.668000 0.824070
vt 0.666510 0.823860
vt 0.441770 0.876290
vt 0.443130 0.876120
vt 0.443130 0.870600
vt 0.441780 0.870740
vt 0.441780 0.864350
vt 0.443130 0.864240
vt 0.443130 0.857340
vt 0.441780 0.857420
vt 0.350310 0.397420
vt 0.351660 0.397580
vt 0.443130 0.856200
vt 0.441740 0.856200
vt 0.443130 0.855060
vt 0.441780 0.854990
vt 0.339170 0.092670
vt 0.337820 0.092870
vt 0.330210 0.102930
vt 0.330190 0.113190
vt 0.450730 0.836300
vt 0.330180 0.119100
vt 0.330080 0.170180
vt 0.342540 0.368360
vt 0.342550 0.374500
vt 0.330220 0.097380
vt 0.342570 0.317000
vt 0.342590 0.385410
vt 0.342640 0.391790
vt 0.675600 0.883760
vt 0.675600 0.824070
vt 0.450730 0.876120
vt 0.450730 0.870600
vt 0.450730 0.864240
vt 0.450720 0.857340
vt 0.342710 0.397430
vt 0.450720 0.856200
vt 0.450720 0.855060
vt 0.330220 0.092850
vt 0.138810 0.749130
vt 0.126120 0.760240
vt 0.130160 0.774860
vt 0.141370 0.753970
vt 0.144720 0.758450
vt 0.135420 0.788340
vt 0.141880 0.800150
vt 0.148850 0.762400
vt 0.153750 0.765650
vt 0.149510 0.809840
vt 0.158520 0.817030
vt 0.159530 0.768070
vt 0.168150 0.769600
vt 0.171440 0.821460
vt 0.178880 0.822950
vt 0.173100 0.770120
vt 0.168150 0.720590
vt 0.171440 0.668510
vt 0.158520 0.672960
vt 0.159530 0.722120
vt 0.153750 0.724550
vt 0.149510 0.680170
vt 0.141880 0.689880
vt 0.148850 0.727810
vt 0.144720 0.731770
vt 0.135420 0.701700
vt 0.130160 0.715180
vt 0.141370 0.736270
vt 0.173100 0.720060
vt 0.178880 0.667000
vt 0.126120 0.729820
vt 0.138810 0.741110
vt 0.123350 0.745030
vt 0.137340 0.745100
vt 0.247130 0.822880
vt 0.229450 0.770270
vt 0.229450 0.719660
vt 0.247130 0.666940
vt 0.229130 0.720360
vt 0.247130 0.676680
vt 0.247130 0.813140
vt 0.229130 0.769710
vt 0.247130 0.803390
vt 0.229130 0.766190
vt 0.247130 0.793640
vt 0.229130 0.762660
vt 0.247130 0.783900
vt 0.229130 0.759140
vt 0.247130 0.774150
vt 0.229130 0.755610
vt 0.247130 0.764400
vt 0.229130 0.752090
vt 0.247130 0.754660
vt 0.229130 0.748560
vt 0.247130 0.744910
vt 0.229130 0.745040
vt 0.247130 0.735160
vt 0.229130 0.741510
vt 0.247130 0.725420
vt 0.229130 0.737990
vt 0.247130 0.715670
vt 0.229130 0.734460
vt 0.247130 0.705920
vt 0.229130 0.730940
vt 0.247130 0.696180
vt 0.229130 0.727410
vt 0.247130 0.686430
vt 0.229130 0.723890
vt 0.604400 0.868110
vt 0.593450 0.867730
vt 0.593450 0.871590
vt 0.604400 0.871970
vt 0.364810 0.365650
vt 0.355360 0.366900
vt 0.354190 0.372280
vt 0.363620 0.371080
vt 0.604400 0.864250
vt 0.593450 0.863870
vt 0.407970 0.841560
vt 0.419030 0.841710
vt 0.419040 0.837270
vt 0.407970 0.837080
vt 0.604400 0.860390
vt 0.593450 0.860010
vt 0.407970 0.852140
vt 0.419030 0.852230
vt 0.419030 0.846770
vt 0.407970 0.846650
vt 0.604400 0.856530
vt 0.593450 0.856150
vt 0.407930 0.856680
vt 0.419030 0.856680
vt 0.407970 0.866720
vt 0.419030 0.866600
vt 0.419030 0.861130
vt 0.407970 0.861220
vt 0.604400 0.852670
vt 0.593450 0.852290
vt 0.407970 0.876290
vt 0.419040 0.876100
vt 0.419040 0.871660
vt 0.407970 0.871810
vt 0.604400 0.848810
vt 0.593450 0.848430
vt 0.106680 0.519710
vt 0.116500 0.519790
vt 0.117500 0.513790
vt 0.107700 0.513650
vt 0.604400 0.844950
vt 0.593450 0.844570
vt 0.109050 0.589280
vt 0.119000 0.588950
vt 0.116110 0.533440
vt 0.106300 0.533420
vt 0.116120 0.528490
vt 0.106330 0.528450
vt 0.604400 0.841090
vt 0.593450 0.840710
vt 0.362900 0.384240
vt 0.353480 0.385370
vt 0.355280 0.440640
vt 0.364810 0.439810
vt 0.353600 0.380570
vt 0.363030 0.379410
vt 0.604400 0.837230
vt 0.593450 0.836850
vt 0.604600 0.828750
vt 0.593480 0.828690
vt 0.593450 0.829130
vt 0.604400 0.829510
vt 0.419040 0.833610
vt 0.407970 0.833390
vt 0.604400 0.833370
vt 0.593450 0.832990
vt 0.604400 0.883550
vt 0.593450 0.883170
vt 0.593480 0.883480
vt 0.604600 0.884160
vt 0.604400 0.879690
vt 0.593450 0.879310
vt 0.119000 0.508550
vt 0.109210 0.508370
vt 0.604400 0.875830
vt 0.593450 0.875450
vt 0.015480 0.915880
vt 0.002830 0.928560
vt 0.006850 0.945150
vt 0.018020 0.921380
vt 0.021360 0.926470
vt 0.012090 0.960440
vt 0.018510 0.973850
vt 0.025460 0.930960
vt 0.030330 0.934660
vt 0.026100 0.984850
vt 0.035060 0.993040
vt 0.036090 0.937420
vt 0.044660 0.939170
vt 0.047910 0.998090
vt 0.055310 0.999800
vt 0.049590 0.939770
vt 0.044660 0.883610
vt 0.047910 0.824710
vt 0.035060 0.829720
vt 0.036090 0.885330
vt 0.030330 0.888070
vt 0.026100 0.837870
vt 0.018510 0.848850
vt 0.025460 0.891750
vt 0.021360 0.896230
vt 0.012090 0.862230
vt 0.006850 0.877500
vt 0.018020 0.901310
vt 0.049590 0.883030
vt 0.055310 0.823030
vt 0.002830 0.894080
vt 0.015480 0.906800
vt 0.000080 0.911320
vt 0.014010 0.911340
vt 0.123190 0.999920
vt 0.105620 0.940180
vt 0.105620 0.882820
vt 0.123190 0.823150
vt 0.105310 0.883530
vt 0.123190 0.834200
vt 0.123190 0.988870
vt 0.105310 0.939470
vt 0.123190 0.977820
vt 0.105310 0.935470
vt 0.123190 0.966780
vt 0.105310 0.931480
vt 0.123190 0.955730
vt 0.105310 0.927480
vt 0.123190 0.944680
vt 0.105310 0.923490
vt 0.123190 0.933630
vt 0.105310 0.919490
vt 0.123190 0.922580
vt 0.105310 0.915490
vt 0.123190 0.911530
vt 0.105310 0.911500
vt 0.123190 0.900490
vt 0.105310 0.907500
vt 0.123190 0.889440
vt 0.105310 0.903510
vt 0.123190 0.878390
vt 0.105310 0.899510
vt 0.123190 0.867340
vt 0.105310 0.895510
vt 0.123190 0.856290
vt 0.105310 0.891520
vt 0.123190 0.845240
vt 0.105310 0.887520
vt 0.582680 0.843490
vt 0.593290 0.843490
vt 0.593290 0.839490
vt 0.582680 0.839490
vt 0.353570 0.516320
vt 0.364630 0.516230
vt 0.364560 0.510500
vt 0.353490 0.510540
vt 0.582680 0.847480
vt 0.593290 0.847480
vt 0.430510 0.841560
vt 0.441580 0.841710
vt 0.441580 0.837270
vt 0.430520 0.837080
vt 0.582680 0.851480
vt 0.593290 0.851480
vt 0.430510 0.852140
vt 0.441570 0.852230
vt 0.441570 0.846770
vt 0.430510 0.846650
vt 0.582680 0.855480
vt 0.593290 0.855480
vt 0.430470 0.856690
vt 0.441570 0.856690
vt 0.430510 0.866720
vt 0.441570 0.866600
vt 0.441570 0.861140
vt 0.430510 0.861230
vt 0.582680 0.859470
vt 0.593290 0.859470
vt 0.430520 0.876290
vt 0.441580 0.876110
vt 0.441580 0.871660
vt 0.430510 0.871810
vt 0.582680 0.863470
vt 0.593290 0.863470
vt 0.117400 0.497540
vt 0.106340 0.497450
vt 0.106400 0.503180
vt 0.117460 0.503320
vt 0.582680 0.867470
vt 0.593290 0.867470
vt 0.117530 0.427800
vt 0.106340 0.428120
vt 0.106300 0.483980
vt 0.117350 0.484010
vt 0.106310 0.488900
vt 0.117360 0.488940
vt 0.582680 0.871460
vt 0.593290 0.871460
vt 0.353480 0.497010
vt 0.364540 0.497030
vt 0.364740 0.441160
vt 0.353530 0.440800
vt 0.364540 0.501940
vt 0.353480 0.501940
vt 0.582680 0.875460
vt 0.593290 0.875460
vt 0.582430 0.884160
vt 0.593220 0.883840
vt 0.593290 0.883450
vt 0.582680 0.883450
vt 0.353670 0.521210
vt 0.364740 0.521090
vt 0.582680 0.879460
vt 0.593290 0.879460
vt 0.582680 0.827500
vt 0.593290 0.827500
vt 0.593220 0.827110
vt 0.582430 0.826790
vt 0.582680 0.831500
vt 0.593290 0.831500
vt 0.106470 0.508040
vt 0.117530 0.508210
vt 0.582680 0.835490
vt 0.593290 0.835490
vt 0.262750 0.751040
vt 0.250060 0.762000
vt 0.254090 0.776180
vt 0.265300 0.755740
vt 0.292090 0.723420
vt 0.295370 0.673170
vt 0.282450 0.677460
vt 0.283470 0.724910
vt 0.277680 0.727250
vt 0.273450 0.684430
vt 0.265810 0.693820
vt 0.272780 0.730400
vt 0.268650 0.734230
vt 0.259360 0.705270
vt 0.254090 0.718340
vt 0.265300 0.738580
vt 0.297040 0.722920
vt 0.302810 0.671720
vt 0.250060 0.732510
vt 0.262750 0.743270
vt 0.247290 0.747250
vt 0.261270 0.747180
vt 0.259360 0.789260
vt 0.268650 0.760090
vt 0.353390 0.722780
vt 0.371060 0.671780
vt 0.353060 0.723310
vt 0.371060 0.681230
vt 0.353060 0.767730
vt 0.371060 0.794610
vt 0.353060 0.764310
vt 0.371060 0.785160
vt 0.353060 0.760900
vt 0.371060 0.775710
vt 0.353060 0.757480
vt 0.371060 0.766260
vt 0.353060 0.754060
vt 0.371060 0.756810
vt 0.353060 0.750650
vt 0.371060 0.747370
vt 0.353060 0.747230
vt 0.371060 0.737920
vt 0.353060 0.743810
vt 0.371060 0.728470
vt 0.353060 0.740390
vt 0.371060 0.719020
vt 0.353060 0.736980
vt 0.371060 0.709570
vt 0.353060 0.733560
vt 0.371060 0.700130
vt 0.353060 0.730140
vt 0.371060 0.690680
vt 0.353060 0.726730
vt 0.615710 0.867910
vt 0.604760 0.868290
vt 0.604760 0.872150
vt 0.615710 0.871770
vt 0.231060 0.575070
vt 0.240680 0.574920
vt 0.239620 0.568910
vt 0.229980 0.569010
vt 0.615710 0.864050
vt 0.604760 0.864430
vt 0.419240 0.837880
vt 0.430300 0.838030
vt 0.430310 0.833580
vt 0.419240 0.833390
vt 0.615710 0.860190
vt 0.604760 0.860570
vt 0.419240 0.848460
vt 0.430300 0.848550
vt 0.430300 0.843090
vt 0.419240 0.842970
vt 0.615710 0.856330
vt 0.604760 0.856710
vt 0.419200 0.853010
vt 0.430300 0.853010
vt 0.419240 0.863040
vt 0.430300 0.862920
vt 0.430300 0.857460
vt 0.419240 0.857550
vt 0.615710 0.852470
vt 0.604760 0.852850
vt 0.419240 0.872600
vt 0.430300 0.872420
vt 0.430300 0.867970
vt 0.419240 0.868130
vt 0.615710 0.848600
vt 0.604760 0.848990
vt 0.116440 0.422210
vt 0.107020 0.421000
vt 0.108200 0.426390
vt 0.117630 0.427640
vt 0.615710 0.844740
vt 0.604760 0.845130
vt 0.117630 0.353470
vt 0.108110 0.352650
vt 0.106300 0.407910
vt 0.115710 0.409050
vt 0.106430 0.412710
vt 0.115840 0.413880
vt 0.615710 0.840880
vt 0.604760 0.841270
vt 0.229580 0.555300
vt 0.239200 0.555270
vt 0.242270 0.499760
vt 0.232500 0.499440
vt 0.239220 0.560210
vt 0.229600 0.560270
vt 0.615710 0.837020
vt 0.604760 0.837410
vt 0.615920 0.828690
vt 0.604800 0.829370
vt 0.604760 0.829690
vt 0.615710 0.829300
vt 0.232660 0.580350
vt 0.242270 0.580160
vt 0.615710 0.833160
vt 0.604760 0.833550
vt 0.615710 0.883350
vt 0.604760 0.883730
vt 0.604800 0.884160
vt 0.615920 0.884110
vt 0.615710 0.879490
vt 0.604760 0.879870
vt 0.419240 0.876290
vt 0.430310 0.876080
vt 0.615710 0.875630
vt 0.604760 0.876010
vt 0.242180 0.470850
vt 0.242180 0.460180
vt 0.241380 0.460180
vt 0.241380 0.470850
vt 0.242180 0.490730
vt 0.242180 0.481150
vt 0.241380 0.481150
vt 0.241380 0.490730
vt 0.117490 0.264990
vt 0.117560 0.256550
vt 0.116760 0.256560
vt 0.116690 0.264990
vt 0.117450 0.284780
vt 0.117460 0.277500
vt 0.116660 0.277500
vt 0.116650 0.284780
vt 0.122100 0.413610
vt 0.122100 0.426790
vt 0.122900 0.426790
vt 0.122900 0.413610
vt 0.122110 0.395570
vt 0.122100 0.404030
vt 0.122900 0.404030
vt 0.122910 0.395570
vt 0.242180 0.432210
vt 0.242180 0.425050
vt 0.241380 0.425050
vt 0.241380 0.432210
vt 0.242180 0.499290
vt 0.241380 0.499290
vt 0.122100 0.434280
vt 0.122900 0.434280
vt 0.122110 0.388080
vt 0.122910 0.388080
vt 0.242180 0.440480
vt 0.241380 0.440480
vt 0.242180 0.449500
vt 0.241380 0.449500
vt 0.117560 0.352480
vt 0.116760 0.352490
vt 0.122110 0.501690
vt 0.122910 0.501690
vt 0.122310 0.282100
vt 0.122310 0.387920
vt 0.123110 0.387920
vt 0.123110 0.282100
vt 0.968260 0.476370
vt 0.975280 0.473530
vt 0.974930 0.472810
vt 0.968010 0.475610
vt 0.981740 0.469820
vt 0.987380 0.465310
vt 0.986820 0.464730
vt 0.981290 0.469170
vt 0.991990 0.459990
vt 0.995390 0.453740
vt 0.994640 0.453460
vt 0.991330 0.459530
vt 0.997930 0.442890
vt 0.998780 0.436720
vt 0.997980 0.436660
vt 0.997140 0.442750
vt 0.935800 0.442900
vt 0.938340 0.453740
vt 0.939090 0.453460
vt 0.936590 0.442750
vt 0.941750 0.459990
vt 0.946360 0.465310
vt 0.946910 0.464740
vt 0.942410 0.459530
vt 0.951990 0.469830
vt 0.958460 0.473530
vt 0.958810 0.472810
vt 0.952440 0.469170
vt 0.934950 0.436720
vt 0.935750 0.436670
vt 0.965470 0.476370
vt 0.965730 0.475610
vt 0.966870 0.476740
vt 0.966870 0.475940
vt 0.998780 0.384490
vt 0.998210 0.385050
vt 0.934950 0.384490
vt 0.935520 0.385050
vt 0.241220 0.470850
vt 0.241220 0.460180
vt 0.240420 0.460180
vt 0.240420 0.470850
vt 0.241220 0.490730
vt 0.241220 0.481150
vt 0.240420 0.481150
vt 0.240420 0.490730
vt 0.095020 0.248730
vt 0.095090 0.240290
vt 0.094290 0.240290
vt 0.094220 0.248730
vt 0.094980 0.268510
vt 0.094990 0.261240
vt 0.094190 0.261240
vt 0.094180 0.268520
vt 0.120050 0.636130
vt 0.120050 0.649310
vt 0.120850 0.649310
vt 0.120850 0.636130
vt 0.120060 0.618090
vt 0.120050 0.626550
vt 0.120850 0.626550
vt 0.120860 0.618090
vt 0.241220 0.432210
vt 0.241220 0.425050
vt 0.240420 0.425050
vt 0.240420 0.432210
vt 0.241220 0.499290
vt 0.240420 0.499290
vt 0.120050 0.656800
vt 0.120850 0.656800
vt 0.120060 0.610600
vt 0.120870 0.610600
vt 0.241220 0.440480
vt 0.240420 0.440480
vt 0.241220 0.449500
vt 0.240420 0.449500
vt 0.095090 0.336220
vt 0.094290 0.336220
vt 0.120060 0.724210
vt 0.120870 0.724210
vt 0.475330 0.222620
vt 0.475330 0.328430
vt 0.476130 0.328430
vt 0.476130 0.222620
vt 0.963480 0.056990
vt 0.956460 0.059830
vt 0.956820 0.060550
vt 0.963740 0.057750
vt 0.950000 0.063540
vt 0.944360 0.068050
vt 0.944920 0.068630
vt 0.950450 0.064200
vt 0.939760 0.073370
vt 0.936350 0.079620
vt 0.937100 0.079900
vt 0.940420 0.073830
vt 0.933810 0.090470
vt 0.932960 0.096640
vt 0.933760 0.096700
vt 0.934600 0.090610
vt 0.995940 0.090470
vt 0.993400 0.079620
vt 0.992650 0.079900
vt 0.995150 0.090610
vt 0.990000 0.073370
vt 0.985390 0.068050
vt 0.984830 0.068630
vt 0.989340 0.073830
vt 0.979750 0.063540
vt 0.973290 0.059830
vt 0.972940 0.060550
vt 0.979300 0.064200
vt 0.996790 0.096640
vt 0.995990 0.096690
vt 0.966270 0.056990
vt 0.966020 0.057750
vt 0.964880 0.056620
vt 0.964880 0.057420
vt 0.932960 0.148880
vt 0.933530 0.148310
vt 0.996790 0.148870
vt 0.996220 0.148310
vt 0.219180 0.371160
vt 0.219940 0.386140
vt 0.220740 0.386160
vt 0.219970 0.371180
vt 0.220880 0.399550
vt 0.221980 0.410830
vt 0.222780 0.410860
vt 0.221670 0.399580
vt 0.246550 0.418090
vt 0.243220 0.407930
vt 0.242530 0.407930
vt 0.245860 0.418090
vt 0.241730 0.394410
vt 0.241450 0.386820
vt 0.240750 0.386820
vt 0.241030 0.394410
vt 0.119710 0.576770
vt 0.121700 0.589210
vt 0.122390 0.589280
vt 0.120410 0.576830
vt 0.221940 0.277510
vt 0.220880 0.290090
vt 0.221670 0.290110
vt 0.222740 0.277530
vt 0.220010 0.304680
vt 0.219350 0.320790
vt 0.220140 0.320820
vt 0.220800 0.304700
vt 0.223250 0.419490
vt 0.224040 0.419520
vt 0.119160 0.569510
vt 0.119860 0.569580
vt 0.223250 0.267310
vt 0.224040 0.267330
vt 0.218880 0.337840
vt 0.219670 0.337870
vt 0.218610 0.355210
vt 0.219400 0.355240
vt 0.246550 0.319600
vt 0.245860 0.319600
vt 0.121700 0.501850
vt 0.122390 0.501920
vt 0.121030 0.811820
vt 0.121030 0.822870
vt 0.121830 0.822870
vt 0.121830 0.811820
vt 0.121030 0.646070
vt 0.121030 0.657120
vt 0.121830 0.657120
vt 0.121830 0.646070
vt 0.121030 0.668170
vt 0.121830 0.668170
vt 0.121030 0.679220
vt 0.121830 0.679220
vt 0.121030 0.690270
vt 0.121830 0.690270
vt 0.121030 0.701320
vt 0.121830 0.701320
vt 0.121030 0.712370
vt 0.121830 0.712370
vt 0.121030 0.723420
vt 0.121830 0.723420
vt 0.121030 0.734470
vt 0.121830 0.734470
vt 0.121030 0.745520
vt 0.121830 0.745520
vt 0.121030 0.756570
vt 0.121830 0.756570
vt 0.121030 0.767620
vt 0.121830 0.767620
vt 0.121030 0.778670
vt 0.121830 0.778670
vt 0.121030 0.789720
vt 0.121830 0.789720
vt 0.121030 0.800770
vt 0.121830 0.800770
vt 0.197890 0.088680
vt 0.202780 0.091260
vt 0.203030 0.090520
vt 0.198230 0.087980
vt 0.189350 0.081090
vt 0.193350 0.085280
vt 0.193780 0.084650
vt 0.189870 0.080560
vt 0.183600 0.070230
vt 0.186060 0.076120
vt 0.186660 0.075710
vt 0.184270 0.069980
vt 0.181520 0.056560
vt 0.182040 0.061550
vt 0.182740 0.061430
vt 0.182220 0.056510
vt 0.230280 0.070270
vt 0.231840 0.061590
vt 0.231150 0.061460
vt 0.229620 0.070020
vt 0.224530 0.081120
vt 0.227830 0.076150
vt 0.227230 0.075740
vt 0.224010 0.080590
vt 0.216000 0.088690
vt 0.220530 0.085300
vt 0.220100 0.084670
vt 0.215660 0.087990
vt 0.232370 0.056600
vt 0.231660 0.056550
vt 0.211110 0.091270
vt 0.210860 0.090520
vt 0.206940 0.092720
vt 0.206940 0.091920
vt 0.181520 0.000080
vt 0.182010 0.000650
vt 0.232370 0.000120
vt 0.231870 0.000690
vt 0.231530 0.000120
vt 0.231530 0.000920
vt 0.182350 0.000080
vt 0.182350 0.000880
vt 0.185870 0.000080
vt 0.185870 0.000880
vt 0.189380 0.000090
vt 0.189380 0.000890
vt 0.192890 0.000090
vt 0.192890 0.000890
vt 0.196400 0.000090
vt 0.196400 0.000890
vt 0.199920 0.000100
vt 0.199920 0.000890
vt 0.203430 0.000100
vt 0.203430 0.000900
vt 0.206940 0.000100
vt 0.206940 0.000900
vt 0.210450 0.000100
vt 0.210450 0.000900
vt 0.213970 0.000110
vt 0.213970 0.000910
vt 0.217480 0.000110
vt 0.217480 0.000910
vt 0.220990 0.000110
vt 0.220990 0.000910
vt 0.224500 0.000120
vt 0.224500 0.000910
vt 0.228020 0.000120
vt 0.228020 0.000920
vt 0.107130 0.766610
vt 0.108340 0.783190
vt 0.109100 0.783190
vt 0.107890 0.766610
vt 0.109910 0.798480
vt 0.111840 0.811870
vt 0.112600 0.811870
vt 0.110670 0.798480
vt 0.243650 0.481830
vt 0.243430 0.490800
vt 0.244230 0.490790
vt 0.244450 0.481820
vt 0.243330 0.503680
vt 0.243310 0.511090
vt 0.244110 0.511090
vt 0.244130 0.503670
vt 0.245430 0.503670
vt 0.245490 0.490790
vt 0.244690 0.490790
vt 0.244630 0.503670
vt 0.114120 0.675860
vt 0.111840 0.686860
vt 0.112600 0.686860
vt 0.114890 0.675860
vt 0.109910 0.700250
vt 0.108340 0.715540
vt 0.109100 0.715540
vt 0.110670 0.700250
vt 0.114120 0.822870
vt 0.114890 0.822870
vt 0.245420 0.511090
vt 0.244610 0.511090
vt 0.245640 0.481820
vt 0.244840 0.481820
vt 0.107130 0.732120
vt 0.107890 0.732120
vt 0.106300 0.749370
vt 0.107070 0.749370
vt 0.243650 0.579160
vt 0.244450 0.579160
vt 0.245640 0.579160
vt 0.244840 0.579160
vt 0.122790 0.657120
vt 0.122790 0.646070
vt 0.121990 0.646070
vt 0.121990 0.657120
vt 0.122790 0.822870
vt 0.122790 0.811820
vt 0.121990 0.811820
vt 0.121990 0.822870
vt 0.122790 0.800770
vt 0.121990 0.800770
vt 0.122790 0.789720
vt 0.121990 0.789720
vt 0.122790 0.778670
vt 0.121990 0.778670
vt 0.122790 0.767620
vt 0.121990 0.767620
vt 0.122790 0.756570
vt 0.121990 0.756570
vt 0.122790 0.745520
vt 0.121990 0.745520
vt 0.122790 0.734470
vt 0.121990 0.734470
vt 0.122790 0.723420
vt 0.121990 0.723420
vt 0.122790 0.712370
vt 0.121990 0.712370
vt 0.122790 0.701320
vt 0.121990 0.701320
vt 0.122790 0.690270
vt 0.121990 0.690270
vt 0.122790 0.679220
vt 0.121990 0.679220
vt 0.122790 0.668170
vt 0.121990 0.668170
vt 0.162690 0.004990
vt 0.157110 0.002440
vt 0.156820 0.003170
vt 0.162300 0.005690
vt 0.172420 0.012500
vt 0.167860 0.008350
vt 0.167370 0.008980
vt 0.171830 0.013030
vt 0.178980 0.023250
vt 0.176180 0.017420
vt 0.175490 0.017830
vt 0.178220 0.023500
vt 0.181360 0.036790
vt 0.180760 0.031840
vt 0.179970 0.031970
vt 0.180560 0.036830
vt 0.125730 0.023240
vt 0.123950 0.031830
vt 0.124740 0.031960
vt 0.126490 0.023490
vt 0.132290 0.012490
vt 0.128530 0.017410
vt 0.129220 0.017820
vt 0.132890 0.013020
vt 0.142030 0.004990
vt 0.136850 0.008350
vt 0.137350 0.008970
vt 0.142420 0.005680
vt 0.123350 0.036780
vt 0.124150 0.036820
vt 0.147600 0.002430
vt 0.147890 0.003170
vt 0.152360 0.001000
vt 0.152360 0.001790
vt 0.181360 0.092720
vt 0.180790 0.092160
vt 0.123350 0.092710
vt 0.123920 0.092150
vt 0.124310 0.092710
vt 0.124310 0.091920
vt 0.180400 0.092720
vt 0.180400 0.091930
vt 0.176400 0.092720
vt 0.176400 0.091930
vt 0.172390 0.092720
vt 0.172390 0.091920
vt 0.168380 0.092720
vt 0.168380 0.091920
vt 0.164380 0.092710
vt 0.164380 0.091920
vt 0.160370 0.092710
vt 0.160370 0.091920
vt 0.156360 0.092710
vt 0.156360 0.091920
vt 0.152360 0.092710
vt 0.152360 0.091920
vt 0.148350 0.092710
vt 0.148350 0.091920
vt 0.144340 0.092710
vt 0.144340 0.091920
vt 0.140340 0.092710
vt 0.140340 0.091920
vt 0.136330 0.092710
vt 0.136330 0.091920
vt 0.132320 0.092710
vt 0.132320 0.091920
vt 0.128310 0.092710
vt 0.128310 0.091920
vt 0.365900 0.450680
vt 0.366370 0.467730
vt 0.367160 0.467710
vt 0.366690 0.450650
vt 0.116020 0.748060
vt 0.117520 0.734530
vt 0.116830 0.734530
vt 0.115320 0.748050
vt 0.370270 0.369030
vt 0.369010 0.377690
vt 0.369800 0.377660
vt 0.371060 0.369010
vt 0.367910 0.388970
vt 0.366970 0.402380
vt 0.367760 0.402360
vt 0.368700 0.388950
vt 0.115740 0.755650
vt 0.115050 0.755650
vt 0.120870 0.724370
vt 0.120170 0.724370
vt 0.366210 0.417360
vt 0.367000 0.417340
vt 0.365630 0.433310
vt 0.366420 0.433290
vt 0.367040 0.483840
vt 0.367830 0.483820
vt 0.120870 0.822870
vt 0.120170 0.822860
vt 0.119000 0.342460
vt 0.119000 0.331410
vt 0.118200 0.331410
vt 0.118200 0.342460
vt 0.118255 0.475818
vt 0.118695 0.475060
vt 0.118200 0.475060
vt 0.118200 0.475912
vt 0.119000 0.474535
vt 0.118200 0.464010
vt 0.118966 0.474593
vt 0.119000 0.464010
vt 0.119000 0.452960
vt 0.118200 0.452960
vt 0.119000 0.441910
vt 0.118200 0.441910
vt 0.119000 0.430860
vt 0.118200 0.430860
vt 0.119000 0.419810
vt 0.118200 0.419810
vt 0.119000 0.408760
vt 0.118200 0.408760
vt 0.119000 0.397710
vt 0.118200 0.397710
vt 0.119000 0.386660
vt 0.118200 0.386660
vt 0.119000 0.375610
vt 0.118200 0.375610
vt 0.119000 0.364560
vt 0.118200 0.364560
vt 0.119000 0.353510
vt 0.118200 0.353510
vt 0.212750 0.188380
vt 0.217480 0.190960
vt 0.217720 0.190210
vt 0.213080 0.187680
vt 0.204480 0.180820
vt 0.208350 0.184990
vt 0.208770 0.184360
vt 0.204990 0.180280
vt 0.198910 0.169970
vt 0.201290 0.175850
vt 0.201870 0.175430
vt 0.199550 0.169710
vt 0.196890 0.156300
vt 0.197400 0.161290
vt 0.198070 0.161160
vt 0.197570 0.156250
vt 0.244120 0.169920
vt 0.245630 0.161230
vt 0.244960 0.161110
vt 0.243480 0.169660
vt 0.238550 0.180780
vt 0.241740 0.175800
vt 0.241160 0.175390
vt 0.238050 0.180240
vt 0.230290 0.188360
vt 0.234680 0.184960
vt 0.234260 0.184330
vt 0.229950 0.187660
vt 0.246140 0.156240
vt 0.245460 0.156190
vt 0.225550 0.190950
vt 0.225310 0.190200
vt 0.221520 0.192410
vt 0.221520 0.191610
vt 0.196890 0.099820
vt 0.197370 0.100380
vt 0.246140 0.099760
vt 0.245660 0.100330
vt 0.245330 0.099760
vt 0.245330 0.100560
vt 0.197700 0.099820
vt 0.197700 0.100610
vt 0.201100 0.099810
vt 0.201100 0.100610
vt 0.204510 0.099810
vt 0.204510 0.100610
vt 0.207910 0.099800
vt 0.207910 0.100600
vt 0.211310 0.099800
vt 0.211310 0.100600
vt 0.214710 0.099800
vt 0.214710 0.100600
vt 0.218110 0.099790
vt 0.218110 0.100590
vt 0.221520 0.099790
vt 0.221520 0.100590
vt 0.224920 0.099790
vt 0.224920 0.100580
vt 0.228320 0.099780
vt 0.228320 0.100580
vt 0.231720 0.099780
vt 0.231720 0.100580
vt 0.235120 0.099770
vt 0.235120 0.100570
vt 0.238530 0.099770
vt 0.238530 0.100570
vt 0.241930 0.099770
vt 0.241930 0.100560
vt 0.292090 0.770930
vt 0.293761 0.796662
vt 0.297382 0.796583
vt 0.266042 0.797405
vt 0.363729 0.549882
vt 0.353630 0.572730
vt 0.353630 0.576130
vt 0.286906 0.548195
vt 0.283300 0.573860
vt 0.292000 0.572360
vt 0.282832 0.548108
vt 0.276906 0.547980
vt 0.289723 0.796765
vt 0.283470 0.769450
vt 0.363141 0.549866
vt 0.361414 0.549829
vt 0.366726 0.795306
vt 0.282882 0.796926
vt 0.353630 0.571930
vt 0.361261 0.549830
vt 0.330743 0.549160
vt 0.297000 0.571860
vt 0.293633 0.548345
vt 0.353060 0.771150
vt 0.370829 0.550041
vt 0.353390 0.771840
vt 0.363320 0.795288
vt 0.366275 0.795304
vt 0.361551 0.795444
vt 0.363392 0.795422
vt 0.277680 0.767090
vt 0.274727 0.797133
vt 0.280530 0.796978
vt 0.353630 0.579520
vt 0.277400 0.576230
vt 0.274754 0.547934
vt 0.267379 0.547775
vt 0.299691 0.548476
vt 0.296220 0.548403
vt 0.266622 0.547758
vt 0.273262 0.797170
vt 0.272780 0.763930
vt 0.370803 0.550040
vt 0.366744 0.549952
vt 0.367570 0.492831
vt 0.368171 0.493828
vt 0.297040 0.771440
vt 0.299854 0.796531
vt 0.332157 0.795878
vt 0.266440 0.797394
vt 0.366340 0.549944
vt 0.263988 0.797482
vt 0.371060 0.795338
vt 0.371060 0.550046
vt 0.263332 0.547684
vt 0.274727 0.797132
vt 0.368447 0.494288
s 1
f 1/1/1 2/2/2 3/3/3
f 1/1/1 3/3/3 4/4/4
f 5/5/5 6/6/5 7/7/5
f 5/5/5 7/7/5 8/8/5
f 9/9/5 10/10/5 11/11/5
f 9/9/5 11/11/5 12/12/5
f 13/13/5 14/14/5 15/15/5
f 13/13/5 15/15/5 16/16/6
f 17/17/5 18/18/5 19/19/5
f 17/17/5 19/19/5 20/20/5
f 21/21/5 22/22/5 23/23/5
f 21/21/5 23/23/5 24/24/5
f 25/25/5 26/26/5 27/27/5
f 25/25/5 27/27/5 28/28/5
f 29/29/5 30/30/5 31/31/5
f 29/29/5 31/31/5 32/32/5
f 33/12/5 34/11/5 14/14/5
f 33/12/5 14/14/5 13/13/5
f 35/16/5 36/15/5 18/18/5
f 35/16/5 18/18/5 17/17/5
f 37/33/6 38/34/6 39/22/6
f 37/33/6 39/22/6 40/21/6
f 24/24/5 23/23/5 41/26/5
f 24/24/5 41/26/5 42/25/5
f 28/28/5 27/27/5 43/30/5
f 28/28/5 43/30/5 44/29/5
f 45/32/5 46/31/5 47/35/5
f 45/32/5 47/35/5 48/36/5
f 49/36/5 50/35/5 51/37/5
f 49/36/5 51/37/5 52/38/5
f 6/6/5 5/5/5 52/38/5
f 6/6/5 52/38/5 51/37/5
f 53/8/5 54/7/5 55/10/5
f 53/8/5 55/10/5 56/9/5
f 57/20/5 58/19/5 59/39/5
f 57/20/5 59/39/5 60/40/6
f 61/41/5 62/42/5 63/34/5
f 61/41/5 63/34/5 64/33/5
f 65/40/5 66/39/5 67/42/5
f 65/40/5 67/42/5 68/41/5
f 69/43/7 70/44/7 71/45/8
f 69/43/7 71/45/8 72/46/9
f 73/47/10 74/48/10 75/49/10
f 73/47/10 75/49/10 76/50/10
f 77/51/11 78/52/11 79/53/12
f 77/51/11 79/53/12 80/54/13
f 81/55/14 82/56/15 83/57/16
f 81/55/14 83/57/16 84/58/16
f 85/59/17 86/60/17 87/61/18
f 85/59/17 87/61/18 88/62/19
f 89/63/20 90/64/21 91/65/22
f 89/63/20 91/65/22 92/66/22
f 93/67/23 94/68/24 86/60/17
f 93/67/23 86/60/17 85/59/17
f 95/62/25 96/61/25 97/52/11
f 95/62/25 97/52/11 98/51/11
f 99/69/26 100/70/27 94/68/24
f 99/69/26 94/68/24 93/67/23
f 101/71/28 102/72/28 103/73/29
f 101/71/28 103/73/29 104/74/29
f 105/75/30 106/76/30 107/70/27
f 105/75/30 107/70/27 108/69/27
f 109/77/31 110/78/31 111/76/32
f 109/77/31 111/76/32 112/75/33
f 113/4/3 114/3/3 115/79/34
f 113/4/3 115/79/34 116/80/34
f 117/81/29 118/82/35 110/78/31
f 117/81/29 110/78/31 109/77/31
f 119/83/36 120/84/36 121/2/1
f 119/83/36 121/2/1 122/1/1
f 84/58/16 83/57/16 123/85/37
f 84/58/16 123/85/37 124/86/37
f 116/80/34 115/79/34 125/72/38
f 116/80/34 125/72/38 126/71/38
f 127/86/37 128/85/37 129/87/39
f 127/86/37 129/87/39 130/88/39
f 92/66/22 91/65/22 131/56/40
f 92/66/22 131/56/40 132/55/41
f 133/89/5 134/90/5 135/91/6
f 133/89/5 135/91/6 136/92/6
f 137/93/5 138/94/5 139/95/5
f 137/93/5 139/95/5 140/96/5
f 141/97/6 142/98/6 143/99/5
f 141/97/6 143/99/5 144/100/5
f 145/101/5 146/102/5 147/103/5
f 145/101/5 147/103/5 148/104/5
f 149/105/5 150/106/5 151/107/5
f 149/105/5 151/107/5 152/108/5
f 153/109/6 154/110/6 155/111/5
f 153/109/6 155/111/5 156/112/5
f 157/113/5 158/114/5 159/115/42
f 157/113/5 159/115/42 160/116/42
f 161/96/5 162/95/5 142/98/6
f 161/96/5 142/98/6 141/97/6
f 163/100/5 164/99/5 146/102/5
f 163/100/5 146/102/5 145/101/5
f 165/117/5 166/118/5 167/106/5
f 165/117/5 167/106/5 168/105/5
f 152/108/5 151/107/5 169/110/5
f 152/108/5 169/110/5 170/109/5
f 156/112/5 155/111/5 171/114/6
f 156/112/5 171/114/6 172/113/6
f 160/116/42 159/115/42 173/119/5
f 160/116/42 173/119/5 174/120/5
f 175/120/6 176/119/6 177/121/5
f 175/120/6 177/121/5 178/122/5
f 178/122/5 177/121/5 134/90/5
f 178/122/5 134/90/5 133/89/5
f 179/92/6 180/91/6 138/94/5
f 179/92/6 138/94/5 137/93/5
f 181/104/6 182/103/6 183/123/6
f 181/104/6 183/123/6 184/124/6
f 185/125/6 186/126/6 187/118/5
f 185/125/6 187/118/5 188/117/5
f 189/124/5 190/123/5 191/126/42
f 189/124/5 191/126/42 192/125/42
f 193/127/37 194/128/37 195/129/39
f 193/127/37 195/129/39 196/130/39
f 197/131/43 198/132/44 199/133/45
f 197/131/43 199/133/45 200/134/45
f 201/135/46 202/136/10 70/44/7
f 201/135/46 70/44/7 69/43/7
f 203/46/9 204/45/9 205/137/47
f 203/46/9 205/137/47 206/138/47
f 207/139/48 208/140/48 202/136/10
f 207/139/48 202/136/10 201/135/46
f 209/141/49 210/142/50 211/143/51
f 209/141/49 211/143/51 212/144/51
f 213/145/52 214/146/52 215/140/53
f 213/145/52 215/140/53 216/139/53
f 217/147/54 218/148/54 214/146/52
f 217/147/54 214/146/52 213/145/52
f 219/149/55 220/150/56 221/151/57
f 219/149/55 221/151/57 222/152/57
f 223/144/58 224/143/59 225/148/60
f 223/144/58 225/148/60 226/147/60
f 227/153/39 228/154/39 229/155/61
f 227/153/39 229/155/61 230/156/61
f 231/157/62 232/158/62 233/159/63
f 231/157/62 233/159/63 234/160/63
f 222/152/57 221/151/57 235/161/64
f 222/152/57 235/161/64 236/162/65
f 237/160/63 238/159/66 239/163/36
f 237/160/63 239/163/36 240/164/36
f 200/134/45 199/133/45 241/165/67
f 200/134/45 241/165/67 242/166/67
f 243/156/61 244/155/61 245/150/55
f 243/156/61 245/150/55 246/149/55
f 247/167/68 248/168/68 249/169/23
f 247/167/68 249/169/23 250/170/23
f 251/171/69 252/172/69 253/132/70
f 251/171/69 253/132/70 254/131/70
f 255/166/71 256/165/72 232/158/62
f 255/166/71 232/158/62 231/157/62
f 257/173/5 258/174/5 259/175/5
f 257/173/5 259/175/5 260/176/5
f 261/177/5 262/178/5 263/179/5
f 261/177/5 263/179/5 264/180/5
f 265/181/5 266/182/5 267/183/5
f 265/181/5 267/183/5 268/184/5
f 269/185/5 270/186/5 271/187/5
f 269/185/5 271/187/5 272/188/5
f 273/189/5 274/190/5 275/191/5
f 273/189/5 275/191/5 276/192/5
f 277/193/5 278/194/5 279/195/5
f 277/193/5 279/195/5 280/196/5
f 281/197/5 282/198/5 283/199/5
f 281/197/5 283/199/5 284/200/5
f 285/180/5 286/179/5 266/182/5
f 285/180/5 266/182/5 265/181/5
f 287/184/5 288/183/5 270/186/5
f 287/184/5 270/186/5 269/185/5
f 289/201/5 290/202/5 291/190/5
f 289/201/5 291/190/5 292/189/5
f 276/192/5 275/191/5 293/194/5
f 276/192/5 293/194/5 294/193/6
f 295/196/5 296/195/5 282/198/5
f 295/196/5 282/198/5 281/197/5
f 297/200/5 298/199/5 299/203/5
f 297/200/5 299/203/5 300/204/5
f 301/204/5 302/203/5 303/205/5
f 301/204/5 303/205/5 304/206/5
f 304/206/5 303/205/5 258/174/5
f 304/206/5 258/174/5 257/173/5
f 305/176/5 306/175/5 307/178/5
f 305/176/5 307/178/5 308/177/5
f 309/188/5 310/187/5 311/207/5
f 309/188/5 311/207/5 312/208/5
f 313/209/5 314/210/5 315/202/5
f 313/209/5 315/202/5 316/201/5
f 317/208/5 318/207/5 319/210/5
f 317/208/5 319/210/5 320/209/5
f 321/211/60 322/212/60 323/213/52
f 321/211/60 323/213/52 324/214/52
f 325/215/73 326/216/73 327/217/74
f 325/215/73 327/217/74 328/218/75
f 329/219/1 330/220/1 331/221/4
f 329/219/1 331/221/4 332/222/4
f 333/223/76 334/224/76 335/225/76
f 333/223/76 335/225/76 336/226/76
f 337/227/77 338/228/77 339/229/78
f 337/227/77 339/229/78 340/230/78
f 341/218/15 342/217/79 343/231/16
f 341/218/15 343/231/16 344/232/16
f 345/233/17 346/234/17 347/235/25
f 345/233/17 347/235/25 348/236/80
f 349/237/20 350/238/20 326/216/73
f 349/237/20 326/216/73 325/215/73
f 351/239/24 352/240/24 346/234/17
f 351/239/24 346/234/17 345/233/17
f 353/236/81 354/235/81 338/228/77
f 353/236/81 338/228/77 337/227/77
f 355/241/27 356/242/27 352/240/24
f 355/241/27 352/240/24 351/239/24
f 357/243/82 358/244/82 359/245/29
f 357/243/82 359/245/29 360/246/29
f 361/247/83 362/248/84 363/242/27
f 361/247/83 363/242/27 364/241/27
f 365/249/85 366/250/85 362/248/84
f 365/249/85 362/248/84 361/247/83
f 367/222/86 368/221/86 369/251/87
f 367/222/86 369/251/87 370/252/87
f 371/253/29 372/254/29 373/250/85
f 371/253/29 373/250/85 374/249/85
f 375/255/36 376/256/36 377/220/88
f 375/255/36 377/220/88 378/219/88
f 344/232/16 343/231/16 379/128/37
f 344/232/16 379/128/37 380/127/37
f 370/252/87 369/251/87 381/244/89
f 370/252/87 381/244/89 382/243/90
f 383/257/5 384/258/5 385/259/5
f 383/257/5 385/259/5 386/260/5
f 387/261/5 388/262/5 389/263/5
f 387/261/5 389/263/5 390/264/5
f 391/265/5 392/266/6 393/267/5
f 391/265/5 393/267/5 394/268/5
f 395/269/5 396/270/5 397/271/5
f 395/269/5 397/271/5 398/272/6
f 399/273/5 400/274/5 401/275/5
f 399/273/5 401/275/5 402/276/5
f 403/277/5 404/278/5 405/279/5
f 403/277/5 405/279/5 406/280/5
f 407/281/5 408/282/5 409/283/5
f 407/281/5 409/283/5 410/284/5
f 390/264/5 389/263/5 411/266/5
f 390/264/5 411/266/5 412/265/5
f 413/268/5 414/267/5 396/270/5
f 413/268/5 396/270/5 395/269/5
f 415/285/5 416/286/6 417/274/5
f 415/285/5 417/274/5 418/273/5
f 402/276/5 401/275/5 419/278/5
f 402/276/5 419/278/5 420/277/5
f 421/280/5 422/279/5 408/282/5
f 421/280/5 408/282/5 407/281/5
f 410/284/5 409/283/5 423/287/5
f 410/284/5 423/287/5 424/288/5
f 425/288/5 426/287/5 427/289/5
f 425/288/5 427/289/5 428/290/5
f 428/290/5 427/289/5 384/258/5
f 428/290/5 384/258/5 383/257/5
f 429/260/5 430/259/5 388/262/5
f 429/260/5 388/262/5 387/261/5
f 431/272/5 432/271/5 433/291/6
f 431/272/5 433/291/6 434/292/6
f 435/293/5 436/294/5 437/286/5
f 435/293/5 437/286/5 438/285/5
f 439/292/5 440/291/5 441/294/5
f 439/292/5 441/294/5 442/293/5
f 322/212/60 443/295/60 444/296/52
f 322/212/60 444/296/52 323/213/52
f 445/297/91 446/298/91 447/299/92
f 445/297/91 447/299/92 448/300/92
f 449/301/93 450/302/93 322/212/60
f 449/301/93 322/212/60 321/211/60
f 451/303/39 452/304/39 453/305/94
f 451/303/39 453/305/94 454/306/94
f 455/307/95 456/308/95 457/309/63
f 455/307/95 457/309/63 458/310/63
f 448/300/92 447/299/92 459/311/64
f 448/300/92 459/311/64 460/312/96
f 461/310/63 462/309/63 463/313/36
f 461/310/63 463/313/36 464/314/36
f 465/315/97 466/316/97 467/317/67
f 465/315/97 467/317/67 468/318/67
f 469/306/94 470/305/94 471/298/55
f 469/306/94 471/298/55 472/297/55
f 473/319/23 474/320/23 475/321/23
f 473/319/23 475/321/23 476/322/23
f 477/323/98 478/324/98 479/325/99
f 477/323/98 479/325/99 480/326/99
f 481/318/100 482/317/100 456/308/95
f 481/318/100 456/308/95 455/307/95
f 483/327/7 484/328/7 485/329/101
f 483/327/7 485/329/101 486/330/9
f 487/326/102 488/325/103 466/316/97
f 487/326/102 466/316/97 465/315/97
f 489/331/104 490/332/46 484/328/7
f 489/331/104 484/328/7 483/327/7
f 491/330/101 492/329/101 493/333/98
f 491/330/101 493/333/98 494/334/47
f 495/335/48 496/336/48 490/332/46
f 495/335/48 490/332/46 489/331/104
f 497/337/105 498/338/106 499/302/59
f 497/337/105 499/302/59 500/301/107
f 324/214/52 323/213/52 501/336/48
f 324/214/52 501/336/48 502/335/48
f 446/298/91 503/339/91 504/340/92
f 446/298/91 504/340/92 447/299/92
f 450/302/93 505/341/93 443/295/60
f 450/302/93 443/295/60 322/212/60
f 452/304/39 506/342/39 507/343/94
f 452/304/39 507/343/94 453/305/94
f 456/308/95 508/344/95 509/345/63
f 456/308/95 509/345/63 457/309/63
f 447/299/92 504/340/92 510/346/64
f 447/299/92 510/346/64 459/311/64
f 462/309/63 511/345/66 512/347/36
f 462/309/63 512/347/36 463/313/36
f 466/316/97 513/348/45 514/349/108
f 466/316/97 514/349/108 467/317/67
f 470/305/94 515/343/94 516/339/55
f 470/305/94 516/339/55 471/298/55
f 474/320/23 517/350/68 518/351/68
f 474/320/23 518/351/68 475/321/23
f 478/324/98 519/352/98 520/353/109
f 478/324/98 520/353/109 479/325/99
f 482/317/100 521/349/110 508/344/95
f 482/317/100 508/344/95 456/308/95
f 484/328/7 522/354/7 523/355/101
f 484/328/7 523/355/101 485/329/101
f 488/325/103 524/353/111 513/348/45
f 488/325/103 513/348/45 466/316/97
f 490/332/46 525/356/76 522/354/7
f 490/332/46 522/354/7 484/328/7
f 492/329/101 526/355/8 527/357/98
f 492/329/101 527/357/98 493/333/98
f 496/336/48 528/358/48 525/356/76
f 496/336/48 525/356/76 490/332/46
f 498/338/106 529/359/112 530/341/93
f 498/338/106 530/341/93 499/302/59
f 323/213/52 444/296/52 531/358/48
f 323/213/52 531/358/48 501/336/48
f 532/360/1 533/361/1 534/362/4
f 532/360/1 534/362/4 535/363/4
f 536/364/5 537/365/5 538/366/5
f 536/364/5 538/366/5 539/367/5
f 540/368/5 541/369/5 542/370/5
f 540/368/5 542/370/5 543/371/5
f 544/372/5 545/373/5 546/374/5
f 544/372/5 546/374/5 547/375/5
f 548/376/5 549/377/5 550/378/5
f 548/376/5 550/378/5 551/379/5
f 552/380/5 553/381/5 554/382/5
f 552/380/5 554/382/5 555/383/5
f 556/384/5 557/385/5 558/386/5
f 556/384/5 558/386/5 559/387/5
f 560/388/5 561/389/5 562/390/5
f 560/388/5 562/390/5 563/391/5
f 564/371/5 565/370/5 545/373/5
f 564/371/5 545/373/5 544/372/5
f 566/375/5 567/374/5 549/377/5
f 566/375/5 549/377/5 548/376/5
f 568/392/5 569/393/5 570/381/5
f 568/392/5 570/381/5 571/380/5
f 555/383/5 554/382/5 572/385/5
f 555/383/5 572/385/5 573/384/5
f 559/387/5 558/386/5 574/389/5
f 559/387/5 574/389/5 575/388/5
f 576/391/5 577/390/5 578/394/5
f 576/391/5 578/394/5 579/395/6
f 580/395/5 581/394/5 582/396/5
f 580/395/5 582/396/5 583/397/5
f 583/397/5 582/396/5 537/365/5
f 583/397/5 537/365/5 536/364/5
f 584/367/5 585/366/5 586/369/5
f 584/367/5 586/369/5 587/368/5
f 588/379/5 589/378/5 590/398/5
f 588/379/5 590/398/5 591/399/5
f 592/400/5 593/401/5 594/393/5
f 592/400/5 594/393/5 595/392/5
f 596/399/5 597/398/5 598/401/5
f 596/399/5 598/401/5 599/400/5
f 600/402/7 601/403/7 602/404/113
f 600/402/7 602/404/113 603/405/113
f 604/406/10 605/407/10 606/408/76
f 604/406/10 606/408/76 607/409/76
f 608/410/77 609/411/77 610/412/12
f 608/410/77 610/412/12 611/413/114
f 612/414/79 613/415/79 614/416/16
f 612/414/79 614/416/16 615/417/16
f 616/418/17 617/419/17 618/420/25
f 616/418/17 618/420/25 619/421/25
f 620/422/115 621/423/115 622/424/73
f 620/422/115 622/424/73 623/425/73
f 624/426/23 625/427/23 617/419/17
f 624/426/23 617/419/17 616/418/17
f 626/421/25 627/420/25 628/411/77
f 626/421/25 628/411/77 629/410/11
f 630/428/26 631/429/27 625/427/23
f 630/428/26 625/427/23 624/426/23
f 632/430/116 633/431/116 634/432/29
f 632/430/116 634/432/29 635/433/117
f 636/434/118 637/435/118 638/429/27
f 636/434/118 638/429/27 639/428/27
f 640/436/85 641/437/85 642/435/118
f 640/436/85 642/435/118 643/434/118
f 644/363/86 645/362/86 646/438/87
f 644/363/86 646/438/87 647/439/87
f 648/440/29 649/441/29 641/437/85
f 648/440/29 641/437/85 640/436/85
f 650/442/119 651/443/119 652/361/1
f 650/442/119 652/361/1 653/360/1
f 615/417/16 614/416/16 654/444/37
f 615/417/16 654/444/37 655/445/37
f 647/439/87 646/438/87 656/431/120
f 647/439/87 656/431/120 657/430/120
f 658/445/37 659/444/37 660/446/121
f 658/445/37 660/446/121 661/447/121
f 623/425/73 622/424/73 662/415/40
f 623/425/73 662/415/40 663/414/40
f 664/448/5 665/449/5 666/450/5
f 664/448/5 666/450/5 667/451/5
f 668/452/5 669/453/5 670/454/5
f 668/452/5 670/454/5 671/455/5
f 672/456/5 673/457/5 674/458/6
f 672/456/5 674/458/6 675/459/6
f 676/460/6 677/461/6 678/462/5
f 676/460/6 678/462/5 679/463/5
f 680/464/5 681/465/5 682/466/6
f 680/464/5 682/466/6 683/467/5
f 684/468/6 685/469/6 686/470/5
f 684/468/6 686/470/5 687/471/5
f 688/472/5 689/473/5 690/474/5
f 688/472/5 690/474/5 691/475/5
f 692/455/5 693/454/5 673/457/5
f 692/455/5 673/457/5 672/456/5
f 694/459/6 695/458/6 677/461/6
f 694/459/6 677/461/6 676/460/6
f 696/476/5 697/477/5 698/465/6
f 696/476/5 698/465/6 699/464/6
f 683/467/5 682/466/6 700/469/5
f 683/467/5 700/469/5 701/468/5
f 687/471/5 686/470/5 702/473/5
f 687/471/5 702/473/5 703/472/5
f 691/475/5 690/474/5 704/478/5
f 691/475/5 704/478/5 705/479/5
f 706/479/6 707/478/6 708/480/5
f 706/479/6 708/480/5 709/481/5
f 709/481/5 708/480/5 665/449/5
f 709/481/5 665/449/5 664/448/5
f 710/451/5 711/450/5 669/453/5
f 710/451/5 669/453/5 668/452/5
f 712/463/5 713/462/5 714/482/5
f 712/463/5 714/482/5 715/483/5
f 716/484/5 717/485/5 718/477/5
f 716/484/5 718/477/5 719/476/5
f 720/483/42 721/482/42 722/485/5
f 720/483/42 722/485/5 723/484/5
f 724/486/122 725/487/122 726/488/39
f 724/486/122 726/488/39 727/489/39
f 728/490/111 729/491/103 730/492/97
f 728/490/111 730/492/97 731/493/97
f 732/494/46 733/495/123 601/403/7
f 732/494/46 601/403/7 600/402/7
f 734/405/124 735/404/124 736/496/125
f 734/405/124 736/496/125 737/497/125
f 738/498/126 739/499/127 733/495/123
f 738/498/126 733/495/123 732/494/46
f 740/500/128 741/501/129 742/502/58
f 740/500/128 742/502/58 743/503/51
f 744/504/130 745/505/130 746/499/48
f 744/504/130 746/499/48 747/498/48
f 748/506/131 749/507/60 745/505/130
f 748/506/131 745/505/130 744/504/130
f 750/508/55 751/509/132 752/510/92
f 750/508/55 752/510/92 753/511/92
f 754/503/133 755/502/133 756/507/134
f 754/503/133 756/507/134 757/506/135
f 758/512/136 759/513/136 760/514/94
f 758/512/136 760/514/94 761/515/94
f 762/516/95 763/517/95 764/518/137
f 762/516/95 764/518/137 765/519/137
f 753/511/92 752/510/92 766/520/64
f 753/511/92 766/520/64 767/521/64
f 768/519/63 769/518/63 770/522/36
f 768/519/63 770/522/36 771/523/36
f 731/493/97 730/492/97 772/524/138
f 731/493/97 772/524/138 773/525/139
f 774/515/94 775/514/140 776/509/55
f 774/515/94 776/509/55 777/508/55
f 778/526/23 779/527/23 780/528/68
f 778/526/23 780/528/68 781/529/68
f 782/530/98 783/531/98 784/491/141
f 782/530/98 784/491/141 785/490/103
f 786/525/142 787/524/100 763/517/95
f 786/525/142 763/517/95 762/516/95
f 788/532/5 789/533/5 790/534/5
f 788/532/5 790/534/5 791/535/5
f 792/536/5 793/537/5 794/538/5
f 792/536/5 794/538/5 795/539/5
f 796/540/5 797/541/5 798/542/5
f 796/540/5 798/542/5 799/543/5
f 800/544/5 801/545/5 802/546/5
f 800/544/5 802/546/5 803/547/5
f 804/548/5 805/549/5 806/550/5
f 804/548/5 806/550/5 807/551/5
f 808/552/5 809/553/5 810/554/5
f 808/552/5 810/554/5 811/555/5
f 812/556/5 813/557/5 814/558/5
f 812/556/5 814/558/5 815/559/5
f 816/539/5 817/538/5 797/541/5
f 816/539/5 797/541/5 796/540/5
f 818/543/5 819/542/5 801/545/5
f 818/543/5 801/545/5 800/544/5
f 820/560/5 821/561/5 822/549/5
f 820/560/5 822/549/5 823/548/5
f 807/551/5 806/550/5 824/553/5
f 807/551/5 824/553/5 825/552/5
f 826/555/5 827/554/5 813/557/5
f 826/555/5 813/557/5 812/556/5
f 828/559/5 829/558/5 830/562/5
f 828/559/5 830/562/5 831/563/5
f 832/563/5 833/562/6 834/564/5
f 832/563/5 834/564/5 835/565/5
f 835/565/5 834/564/5 789/533/5
f 835/565/5 789/533/5 788/532/5
f 836/535/5 837/534/5 838/537/5
f 836/535/5 838/537/5 839/536/6
f 840/547/5 841/546/5 842/566/5
f 840/547/5 842/566/5 843/567/5
f 844/568/5 845/569/5 846/561/5
f 844/568/5 846/561/5 847/560/5
f 848/567/5 849/566/5 850/569/5
f 848/567/5 850/569/5 851/568/5
f 852/570/60 853/571/60 854/572/52
f 852/570/60 854/572/52 855/573/52
f 856/574/22 857/575/22 858/576/41
f 856/574/22 858/576/41 859/577/41
f 860/578/143 861/579/143 862/580/3
f 860/578/143 862/580/3 863/581/3
f 864/582/76 865/583/76 866/584/46
f 864/582/76 866/584/46 867/585/46
f 868/586/77 869/587/77 870/588/115
f 868/586/77 870/588/115 871/589/115
f 872/577/15 873/576/15 874/590/16
f 872/577/15 874/590/16 875/591/16
f 876/592/17 877/593/17 878/594/25
f 876/592/17 878/594/25 879/595/144
f 880/596/145 881/597/146 857/575/22
f 880/596/145 857/575/22 856/574/22
f 882/598/23 883/599/23 877/593/17
f 882/598/23 877/593/17 876/592/17
f 884/595/81 885/594/80 869/587/77
f 884/595/81 869/587/77 868/586/77
f 886/600/27 887/601/27 883/599/23
f 886/600/27 883/599/23 882/598/23
f 888/602/147 889/603/147 890/604/29
f 888/602/147 890/604/29 891/605/29
f 892/606/148 893/607/148 894/601/27
f 892/606/148 894/601/27 895/600/27
f 896/608/149 897/609/85 893/607/148
f 896/608/149 893/607/148 892/606/148
f 898/581/3 899/580/3 900/610/34
f 898/581/3 900/610/34 901/611/34
f 902/612/35 903/613/29 904/609/85
f 902/612/35 904/609/85 905/608/85
f 906/614/36 907/615/36 908/579/143
f 906/614/36 908/579/143 909/578/143
f 875/591/16 874/590/16 910/487/37
f 875/591/16 910/487/37 911/486/37
f 901/611/34 900/610/34 912/603/150
f 901/611/34 912/603/150 913/602/147
f 914/616/5 915/617/5 916/618/5
f 914/616/5 916/618/5 917/619/5
f 918/620/5 919/621/5 920/622/5
f 918/620/5 920/622/5 921/623/5
f 922/624/6 923/625/6 924/626/6
f 922/624/6 924/626/6 925/627/6
f 926/628/6 927/629/6 928/630/6
f 926/628/6 928/630/6 929/631/6
f 930/632/5 931/633/5 932/634/5
f 930/632/5 932/634/5 933/635/5
f 934/636/5 935/637/5 936/638/5
f 934/636/5 936/638/5 937/639/6
f 938/640/5 939/641/5 940/642/5
f 938/640/5 940/642/5 941/643/5
f 921/623/5 920/622/5 942/625/5
f 921/623/5 942/625/5 943/624/6
f 944/627/5 945/626/6 927/629/6
f 944/627/5 927/629/6 926/628/6
f 946/644/5 947/645/6 948/633/5
f 946/644/5 948/633/5 949/632/5
f 933/635/5 932/634/5 950/637/5
f 933/635/5 950/637/5 951/636/5
f 952/639/5 953/638/5 939/641/5
f 952/639/5 939/641/5 938/640/5
f 941/643/5 940/642/5 954/646/5
f 941/643/5 954/646/5 955/647/5
f 956/647/5 957/646/5 958/648/5
f 956/647/5 958/648/5 959/649/5
f 959/649/5 958/648/5 915/617/5
f 959/649/5 915/617/5 914/616/5
f 960/619/5 961/618/5 919/621/5
f 960/619/5 919/621/5 918/620/5
f 962/631/6 963/630/6 964/650/6
f 962/631/6 964/650/6 965/651/6
f 966/652/5 967/653/5 968/645/5
f 966/652/5 968/645/5 969/644/5
f 970/651/5 971/650/5 972/653/5
f 970/651/5 972/653/5 973/652/5
f 853/571/60 974/654/60 975/655/52
f 853/571/60 975/655/52 854/572/52
f 976/656/56 977/657/56 978/658/92
f 976/656/56 978/658/92 979/659/92
f 980/660/93 981/661/93 853/571/60
f 980/660/93 853/571/60 852/570/60
f 982/662/39 983/663/39 984/664/94
f 982/662/39 984/664/94 985/665/94
f 986/666/151 987/667/151 988/668/63
f 986/666/151 988/668/63 989/669/63
f 979/659/92 978/658/92 990/670/64
f 979/659/92 990/670/64 991/671/152
f 992/669/66 993/668/66 994/672/36
f 992/669/66 994/672/36 995/673/36
f 996/674/97 997/675/97 998/676/67
f 996/674/97 998/676/67 999/677/108
f 1000/665/94 1001/664/94 1002/657/55
f 1000/665/94 1002/657/55 1003/656/132
f 1004/678/68 1005/679/68 1006/680/68
f 1004/678/68 1006/680/68 1007/681/68
f 1008/682/98 1009/683/98 1010/684/109
f 1008/682/98 1010/684/109 1011/685/70
f 1012/677/153 1013/676/153 987/667/151
f 1012/677/153 987/667/151 986/666/151
f 1014/686/7 1015/687/7 1016/688/154
f 1014/686/7 1016/688/154 1017/689/9
f 1018/685/109 1019/684/141 997/675/97
f 1018/685/109 997/675/97 996/674/97
f 1020/690/46 1021/691/46 1015/687/7
f 1020/690/46 1015/687/7 1014/686/7
f 1022/689/101 1023/688/101 1024/692/98
f 1022/689/101 1024/692/98 1025/693/47
f 1026/694/155 1027/695/155 1021/691/46
f 1026/694/155 1021/691/46 1020/690/46
f 1028/696/156 1029/697/157 1030/661/93
f 1028/696/156 1030/661/93 1031/660/158
f 855/573/52 854/572/52 1032/695/48
f 855/573/52 1032/695/48 1033/694/48
f 977/657/56 1034/698/91 1035/699/92
f 977/657/56 1035/699/92 978/658/92
f 981/661/93 1036/700/93 974/654/60
f 981/661/93 974/654/60 853/571/60
f 983/663/39 1037/701/39 1038/702/94
f 983/663/39 1038/702/94 984/664/94
f 987/667/151 1039/703/95 1040/704/63
f 987/667/151 1040/704/63 988/668/63
f 978/658/92 1035/699/92 1041/705/96
f 978/658/92 1041/705/96 990/670/64
f 993/668/66 1042/704/66 1043/706/36
f 993/668/66 1043/706/36 994/672/36
f 997/675/97 1044/707/97 1045/708/108
f 997/675/97 1045/708/108 998/676/67
f 1001/664/94 1046/702/94 1047/698/55
f 1001/664/94 1047/698/55 1002/657/55
f 1005/679/68 1048/709/23 1049/710/68
f 1005/679/68 1049/710/68 1006/680/68
f 1009/683/98 1050/711/98 1051/712/159
f 1009/683/98 1051/712/159 1010/684/109
f 1013/676/153 1052/708/110 1039/703/95
f 1013/676/153 1039/703/95 987/667/151
f 1015/687/7 1053/713/7 1054/714/101
f 1015/687/7 1054/714/101 1016/688/154
f 1019/684/141 1055/712/103 1044/707/97
f 1019/684/141 1044/707/97 997/675/97
f 1021/691/46 1056/715/46 1053/713/7
f 1021/691/46 1053/713/7 1015/687/7
f 1023/688/101 1057/714/8 1058/716/98
f 1023/688/101 1058/716/98 1024/692/98
f 1027/695/155 1059/717/155 1056/715/46
f 1027/695/155 1056/715/46 1021/691/46
f 1029/697/157 1060/718/128 1061/700/59
f 1029/697/157 1061/700/59 1030/661/93
f 854/572/52 975/655/52 1062/717/48
f 854/572/52 1062/717/48 1032/695/48
f 1063/719/160 1064/720/160 1065/721/160
f 1063/719/160 1065/721/160 1066/722/160
f 1067/723/160 1068/724/160 1069/725/160
f 1067/723/160 1069/725/160 1070/726/160
f 1071/727/160 1072/728/160 1073/729/160
f 1071/727/160 1073/729/160 1074/730/160
f 1075/731/160 1076/732/160 1077/733/160
f 1075/731/160 1077/733/160 1078/734/160
f 1079/735/160 1080/736/160 1081/737/160
f 1079/735/160 1081/737/160 1082/738/160
f 1083/739/160 1084/740/160 1085/741/160
f 1083/739/160 1085/741/160 1086/742/160
f 1087/743/160 1088/744/160 1089/745/160
f 1087/743/160 1089/745/160 1090/746/160
f 1091/730/160 1092/729/160 1093/724/160
f 1091/730/160 1093/724/160 1094/723/160
f 1078/734/160 1077/733/160 1072/728/160
f 1078/734/160 1072/728/160 1071/727/160
f 1082/738/160 1081/737/160 1095/747/160
f 1082/738/160 1095/747/160 1096/748/160
f 1086/742/160 1085/741/160 1097/736/160
f 1086/742/160 1097/736/160 1098/735/160
f 1099/746/160 1100/745/160 1084/740/160
f 1099/746/160 1084/740/160 1083/739/160
f 1101/749/160 1102/750/160 1088/744/160
f 1101/749/160 1088/744/160 1087/743/160
f 1103/751/160 1104/752/160 1102/750/160
f 1103/751/160 1102/750/160 1101/749/160
f 1105/722/160 1106/721/160 1104/752/160
f 1105/722/160 1104/752/160 1103/751/160
f 1070/726/160 1069/725/160 1107/720/160
f 1070/726/160 1107/720/160 1108/719/160
f 1109/753/161 1110/754/160 1111/732/160
f 1109/753/161 1111/732/160 1112/731/160
f 1096/748/160 1095/747/160 1113/755/160
f 1096/748/160 1113/755/160 1114/756/160
f 1115/756/160 1116/755/160 1117/757/160
f 1115/756/160 1117/757/160 1118/758/160
f 1119/759/160 1120/760/160 1110/754/160
f 1119/759/160 1110/754/160 1109/753/161
f 1121/761/160 1122/762/160 1120/760/160
f 1121/761/160 1120/760/160 1119/759/160
f 1123/763/162 1124/764/160 1125/762/160
f 1123/763/162 1125/762/160 1126/761/160
f 1127/765/160 1128/766/160 1124/764/160
f 1127/765/160 1124/764/160 1123/763/162
f 1129/767/160 1130/768/160 1128/766/160
f 1129/767/160 1128/766/160 1127/765/160
f 1131/769/160 1132/770/160 1130/768/160
f 1131/769/160 1130/768/160 1129/767/160
f 1133/771/160 1134/772/160 1135/770/160
f 1133/771/160 1135/770/160 1136/769/160
f 1137/773/160 1138/774/160 1134/772/160
f 1137/773/160 1134/772/160 1133/771/160
f 1139/775/160 1140/776/160 1138/774/160
f 1139/775/160 1138/774/160 1137/773/160
f 1141/777/160 1142/778/160 1140/776/160
f 1141/777/160 1140/776/160 1139/775/160
f 1143/779/160 1144/780/160 1142/778/160
f 1143/779/160 1142/778/160 1141/777/160
f 1145/781/160 1146/782/160 1147/780/160
f 1145/781/160 1147/780/160 1148/779/160
f 1149/783/160 1150/784/160 1146/782/160
f 1149/783/160 1146/782/160 1145/781/160
f 1151/785/160 1152/786/160 1150/784/160
f 1151/785/160 1150/784/160 1149/783/160
f 1118/758/160 1117/757/160 1152/786/160
f 1118/758/160 1152/786/160 1151/785/160
f 1153/787/68 1154/788/68 1155/789/68
f 1153/787/68 1155/789/68 1156/790/68
f 1157/791/163 1158/792/164 1159/793/165
f 1157/791/163 1159/793/165 1160/794/166
f 1156/790/68 1155/789/68 1161/795/23
f 1156/790/68 1161/795/23 1162/796/23
f 1163/797/167 1164/798/168 1165/799/169
f 1163/797/167 1165/799/169 1166/800/169
f 1162/796/23 1161/795/23 1167/801/24
f 1162/796/23 1167/801/24 1168/802/24
f 1169/803/170 1170/804/170 1171/805/171
f 1169/803/170 1171/805/171 1172/806/171
f 1173/802/23 1174/801/23 1175/807/23
f 1173/802/23 1175/807/23 1176/808/68
f 1177/806/171 1178/805/172 1179/809/173
f 1177/806/171 1179/809/173 1180/810/173
f 1181/811/174 1182/812/174 1183/813/175
f 1181/811/174 1183/813/175 1184/814/176
f 1176/808/68 1175/807/23 1185/815/68
f 1176/808/68 1185/815/68 1186/816/68
f 1187/810/177 1188/809/177 1182/812/174
f 1187/810/177 1182/812/174 1181/811/174
f 1189/817/178 1190/818/178 1191/819/179
f 1189/817/178 1191/819/179 1192/820/179
f 1186/816/68 1185/815/68 1193/821/23
f 1186/816/68 1193/821/23 1194/822/180
f 1195/814/181 1196/813/181 1197/823/178
f 1195/814/181 1197/823/178 1198/824/178
f 1199/825/182 1200/826/183 1201/827/184
f 1199/825/182 1201/827/184 1202/828/184
f 1194/822/180 1193/821/23 1203/829/23
f 1194/822/180 1203/829/23 1204/830/68
f 1205/831/185 1206/832/186 1207/833/187
f 1205/831/185 1207/833/187 1208/834/187
f 1209/835/188 1210/836/188 1206/832/186
f 1209/835/188 1206/832/186 1205/831/185
f 1211/830/23 1212/829/68 1213/837/23
f 1211/830/23 1213/837/23 1214/838/23
f 1215/839/189 1216/840/189 1217/841/190
f 1215/839/189 1217/841/190 1218/842/191
f 1219/843/192 1220/844/192 1158/792/164
f 1219/843/192 1158/792/164 1157/791/163
f 1221/838/68 1222/837/24 1223/845/23
f 1221/838/68 1223/845/23 1224/846/68
f 1225/847/68 1226/848/24 1227/849/24
f 1225/847/68 1227/849/24 1228/850/68
f 1229/851/193 1230/852/194 1231/798/167
f 1229/851/193 1231/798/167 1232/797/167
f 1224/846/68 1223/845/23 1233/853/23
f 1224/846/68 1233/853/23 1234/854/180
f 1235/855/23 1236/856/180 1237/857/68
f 1235/855/23 1237/857/68 1238/858/23
f 1166/800/169 1165/799/169 1239/804/170
f 1166/800/169 1239/804/170 1240/803/170
f 1234/854/180 1233/853/23 1226/848/24
f 1234/854/180 1226/848/24 1225/847/68
f 1238/858/23 1237/857/68 1241/859/68
f 1238/858/23 1241/859/68 1242/860/23
f 1243/820/179 1244/819/179 1245/826/195
f 1243/820/179 1245/826/195 1246/825/195
f 1242/860/23 1241/859/68 1247/861/68
f 1242/860/23 1247/861/68 1248/862/24
f 1249/828/196 1250/827/197 1210/836/188
f 1249/828/196 1210/836/188 1209/835/188
f 1251/862/68 1252/861/68 1154/788/68
f 1251/862/68 1154/788/68 1153/787/68
f 1253/842/191 1254/841/191 1220/844/192
f 1253/842/191 1220/844/192 1219/843/192
f 1255/863/36 1256/864/36 1257/865/36
f 1255/863/36 1257/865/36 1258/866/36
f 1259/867/36 1260/868/36 1261/869/36
f 1259/867/36 1261/869/36 1262/870/36
f 1263/871/36 1264/872/36 1265/873/36
f 1263/871/36 1265/873/36 1266/874/36
f 1267/875/36 1268/876/36 1269/877/36
f 1267/875/36 1269/877/36 1270/878/36
f 1271/879/36 1272/880/36 1273/881/36
f 1271/879/36 1273/881/36 1274/882/36
f 1275/883/36 1276/884/36 1277/885/36
f 1275/883/36 1277/885/36 1278/886/36
f 1279/887/36 1280/888/36 1281/889/36
f 1279/887/36 1281/889/36 1282/890/36
f 1283/874/36 1284/873/36 1260/868/36
f 1283/874/36 1260/868/36 1259/867/36
f 1270/878/36 1269/877/36 1264/872/36
f 1270/878/36 1264/872/36 1263/871/36
f 1274/882/36 1273/881/36 1285/891/36
f 1274/882/36 1285/891/36 1286/892/36
f 1287/886/36 1288/885/36 1289/880/36
f 1287/886/36 1289/880/36 1290/879/36
f 1291/890/36 1292/889/36 1276/884/36
f 1291/890/36 1276/884/36 1275/883/36
f 1293/893/36 1294/894/36 1295/888/36
f 1293/893/36 1295/888/36 1296/887/36
f 1297/895/36 1298/896/36 1294/894/36
f 1297/895/36 1294/894/36 1293/893/36
f 1299/866/36 1300/865/36 1298/896/36
f 1299/866/36 1298/896/36 1297/895/36
f 1262/870/36 1261/869/36 1301/864/36
f 1262/870/36 1301/864/36 1302/863/36
f 1303/897/198 1304/898/36 1305/876/36
f 1303/897/198 1305/876/36 1306/875/36
f 1286/892/36 1285/891/36 1307/899/36
f 1286/892/36 1307/899/36 1308/900/36
f 1309/900/199 1310/899/36 1311/901/36
f 1309/900/199 1311/901/36 1312/902/198
f 1313/903/198 1314/904/36 1304/898/36
f 1313/903/198 1304/898/36 1303/897/198
f 1315/905/36 1316/906/36 1317/904/36
f 1315/905/36 1317/904/36 1318/903/36
f 1319/907/36 1320/908/36 1316/906/36
f 1319/907/36 1316/906/36 1315/905/36
f 1321/909/36 1322/910/36 1320/908/36
f 1321/909/36 1320/908/36 1319/907/36
f 1323/911/36 1324/912/36 1322/910/36
f 1323/911/36 1322/910/36 1321/909/36
f 1325/913/36 1326/914/36 1327/912/36
f 1325/913/36 1327/912/36 1328/911/36
f 1329/915/36 1330/916/36 1326/914/36
f 1329/915/36 1326/914/36 1325/913/36
f 1331/917/36 1332/918/36 1330/916/36
f 1331/917/36 1330/916/36 1329/915/36
f 1333/919/36 1334/920/36 1332/918/36
f 1333/919/36 1332/918/36 1331/917/36
f 1335/921/36 1336/922/36 1337/920/36
f 1335/921/36 1337/920/36 1338/919/36
f 1339/923/36 1340/924/36 1336/922/36
f 1339/923/36 1336/922/36 1335/921/36
f 1341/925/36 1342/926/36 1340/924/36
f 1341/925/36 1340/924/36 1339/923/36
f 1343/927/36 1344/928/36 1342/926/36
f 1343/927/36 1342/926/36 1341/925/36
f 1345/929/198 1346/930/36 1347/928/36
f 1345/929/198 1347/928/36 1348/927/198
f 1312/902/198 1311/901/36 1346/930/36
f 1312/902/198 1346/930/36 1345/929/198
f 1349/931/23 1350/932/23 1351/933/23
f 1349/931/23 1351/933/23 1352/934/68
f 1353/935/200 1354/936/200 1355/937/201
f 1353/935/200 1355/937/201 1356/938/202
f 1352/934/68 1351/933/23 1357/939/68
f 1352/934/68 1357/939/68 1358/940/23
f 1359/941/203 1360/942/203 1361/943/204
f 1359/941/203 1361/943/204 1362/944/204
f 1363/940/23 1364/939/23 1365/945/23
f 1363/940/23 1365/945/23 1366/946/23
f 1367/947/205 1368/948/205 1369/949/206
f 1367/947/205 1369/949/206 1370/950/206
f 1366/946/23 1365/945/23 1371/951/23
f 1366/946/23 1371/951/23 1372/952/23
f 1373/950/206 1374/949/206 1375/953/207
f 1373/950/206 1375/953/207 1376/954/207
f 1377/955/208 1378/956/208 1379/957/209
f 1377/955/208 1379/957/209 1380/958/209
f 1372/952/23 1371/951/23 1381/959/68
f 1372/952/23 1381/959/68 1382/960/68
f 1383/954/210 1384/953/210 1378/956/208
f 1383/954/210 1378/956/208 1377/955/208
f 1385/961/211 1386/962/211 1387/963/212
f 1385/961/211 1387/963/212 1388/964/213
f 1382/960/68 1381/959/68 1389/965/68
f 1382/960/68 1389/965/68 1390/966/68
f 1391/958/214 1392/957/215 1386/962/211
f 1391/958/214 1386/962/211 1385/961/211
f 1393/967/216 1394/968/216 1395/969/217
f 1393/967/216 1395/969/217 1396/970/218
f 1397/966/68 1398/965/23 1399/971/68
f 1397/966/68 1399/971/68 1400/972/23
f 1401/973/219 1402/974/219 1403/975/220
f 1401/973/219 1403/975/220 1404/976/220
f 1405/977/221 1406/978/221 1402/974/219
f 1405/977/221 1402/974/219 1401/973/219
f 1400/972/23 1399/971/68 1407/979/68
f 1400/972/23 1407/979/68 1408/980/23
f 1409/981/5 1410/982/5 1411/983/222
f 1409/981/5 1411/983/222 1412/984/222
f 1413/985/223 1414/986/223 1354/936/200
f 1413/985/223 1354/936/200 1353/935/200
f 1408/980/23 1407/979/68 1415/987/23
f 1408/980/23 1415/987/23 1416/988/23
f 1417/989/23 1418/990/68 1419/991/68
f 1417/989/23 1419/991/68 1420/992/23
f 1421/938/224 1422/937/224 1423/993/225
f 1421/938/224 1423/993/225 1424/994/225
f 1416/988/23 1415/987/23 1425/995/23
f 1416/988/23 1425/995/23 1426/996/23
f 1427/997/68 1428/998/68 1429/999/68
f 1427/997/68 1429/999/68 1430/1000/68
f 1362/944/204 1361/943/204 1368/948/205
f 1362/944/204 1368/948/205 1367/947/205
f 1431/996/23 1432/995/68 1418/990/68
f 1431/996/23 1418/990/68 1417/989/23
f 1430/1000/68 1429/999/68 1433/1001/68
f 1430/1000/68 1433/1001/68 1434/1002/23
f 1435/1003/226 1436/1004/226 1394/968/216
f 1435/1003/226 1394/968/216 1393/967/216
f 1437/1002/68 1438/1001/23 1439/1005/68
f 1437/1002/68 1439/1005/68 1440/1006/68
f 1441/970/227 1442/969/228 1406/978/221
f 1441/970/227 1406/978/221 1405/977/221
f 1440/1006/68 1439/1005/68 1350/932/23
f 1440/1006/68 1350/932/23 1349/931/23
f 1443/984/222 1444/983/222 1414/986/223
f 1443/984/222 1414/986/223 1413/985/223
f 1445/1007/229 1446/1008/229 1447/1009/229
f 1445/1007/229 1447/1009/229 1448/1010/229
f 1449/1011/229 1450/1012/229 1451/1013/229
f 1456/1014/229 1457/1015/229 1458/1016/229
f 1456/1014/229 1458/1016/229 1459/1017/229
f 1460/1018/229 1461/1019/229 1462/1020/229
f 1460/1018/229 1462/1020/229 1463/1021/229
f 1464/1022/229 1465/1023/229 1466/1024/229
f 1464/1022/229 1466/1024/229 1467/1025/229
f 1459/1017/229 1458/1016/229 1469/1026/229
f 1459/1017/229 1469/1026/229 1470/1027/229
f 1471/1021/229 1472/1020/229 1473/1015/229
f 1471/1021/229 1473/1015/229 1474/1014/229
f 1475/1025/229 1476/1024/229 1461/1019/229
f 1475/1025/229 1461/1019/229 1460/1018/229
f 1477/1028/229 1478/1029/229 1479/1023/229
f 1477/1028/229 1479/1023/229 1480/1022/229
f 1481/1030/229 1482/1031/229 1478/1029/229
f 1481/1030/229 1478/1029/229 1477/1028/229
f 1448/1010/229 1447/1009/229 1482/1031/229
f 1448/1010/229 1482/1031/229 1481/1030/229
f 1451/1013/229 1450/1012/229 1483/1008/229
f 1451/1013/229 1483/1008/229 1484/1007/229
f 1470/1027/229 1469/1026/229 1487/1032/229
f 1470/1027/229 1487/1032/229 1488/1033/229
f 1489/1033/230 1490/1032/229 1491/1034/229
f 1489/1033/230 1491/1034/229 1492/1035/229
f 1498/1036/230 1499/1037/229 1500/1038/229
f 1498/1036/230 1500/1038/229 1501/1039/229
f 1502/1040/229 1503/1041/229 1499/1037/229
f 1502/1040/229 1499/1037/229 1498/1036/230
f 1504/1042/229 1505/1043/229 1503/1041/229
f 1504/1042/229 1503/1041/229 1502/1040/229
f 1506/1044/229 1507/1045/229 1505/1043/229
f 1506/1044/229 1505/1043/229 1504/1042/229
f 1508/1046/229 1509/1047/229 1507/1045/229
f 1508/1046/229 1507/1045/229 1506/1044/229
f 1510/1048/229 1511/1049/229 1512/1047/229
f 1510/1048/229 1512/1047/229 1513/1046/229
f 1514/1050/229 1515/1051/229 1511/1049/229
f 1514/1050/229 1511/1049/229 1510/1048/229
f 1516/1052/229 1517/1053/229 1515/1051/229
f 1516/1052/229 1515/1051/229 1514/1050/229
f 1518/1054/229 1519/1055/229 1517/1053/229
f 1518/1054/229 1517/1053/229 1516/1052/229
f 1520/1056/229 1521/1057/229 1522/1055/229
f 1520/1056/229 1522/1055/229 1523/1054/230
f 1492/1035/229 1491/1034/229 1521/1057/229
f 1492/1035/229 1521/1057/229 1520/1056/229
f 1524/1058/23 1525/1059/23 1526/1060/23
f 1524/1058/23 1526/1060/23 1527/1061/68
f 1528/1062/231 1529/1063/231 1530/1064/232
f 1528/1062/231 1530/1064/232 1531/1065/232
f 1532/1061/68 1533/1060/24 1534/1066/23
f 1532/1061/68 1534/1066/23 1535/1067/68
f 1536/1068/233 1537/1069/233 1538/1070/234
f 1536/1068/233 1538/1070/234 1539/1071/235
f 1540/1067/24 1541/1066/68 1542/1072/23
f 1540/1067/24 1542/1072/23 1543/1073/23
f 1544/1074/236 1545/1075/236 1546/1076/237
f 1544/1074/236 1546/1076/237 1547/1077/238
f 1543/1073/23 1542/1072/23 1548/1078/23
f 1543/1073/23 1548/1078/23 1549/1079/23
f 1550/1077/238 1551/1076/238 1552/1080/239
f 1550/1077/238 1552/1080/239 1553/1081/239
f 1554/1082/240 1555/1083/240 1556/1084/241
f 1554/1082/240 1556/1084/241 1557/1085/241
f 1549/1079/23 1548/1078/23 1558/1086/68
f 1549/1079/23 1558/1086/68 1559/1087/23
f 1560/1081/242 1561/1080/243 1555/1083/240
f 1560/1081/242 1555/1083/240 1554/1082/240
f 1562/1088/244 1563/1089/244 1564/1090/245
f 1562/1088/244 1564/1090/245 1565/1091/245
f 1559/1087/23 1558/1086/68 1566/1092/68
f 1559/1087/23 1566/1092/68 1567/1093/24
f 1568/1085/241 1569/1084/241 1570/1089/244
f 1568/1085/241 1570/1089/244 1571/1088/244
f 1572/1094/246 1573/1095/246 1574/1096/247
f 1572/1094/246 1574/1096/247 1575/1097/248
f 1576/1093/68 1577/1092/23 1578/1098/23
f 1576/1093/68 1578/1098/23 1579/1099/68
f 1580/1100/249 1581/1101/249 1582/1102/250
f 1580/1100/249 1582/1102/250 1583/1103/250
f 1584/1104/251 1585/1105/251 1581/1101/249
f 1584/1104/251 1581/1101/249 1580/1100/249
f 1579/1099/68 1578/1098/23 1586/1106/23
f 1579/1099/68 1586/1106/23 1587/1107/23
f 1588/1108/252 1589/1109/252 1590/1110/253
f 1588/1108/252 1590/1110/253 1591/1111/253
f 1592/1112/254 1593/1113/254 1529/1063/231
f 1592/1112/254 1529/1063/231 1528/1062/231
f 1587/1107/23 1586/1106/23 1594/1114/23
f 1587/1107/23 1594/1114/23 1595/1115/23
f 1596/1116/24 1597/1117/24 1598/1118/24
f 1596/1116/24 1598/1118/24 1599/1119/24
f 1600/1065/255 1601/1064/256 1602/1069/233
f 1600/1065/255 1602/1069/233 1603/1068/233
f 1595/1115/23 1594/1114/23 1604/1120/23
f 1595/1115/23 1604/1120/23 1605/1121/68
f 1606/1122/68 1607/1123/23 1608/1124/23
f 1606/1122/68 1608/1124/23 1609/1125/68
f 1610/1126/257 1611/1127/258 1545/1075/236
f 1610/1126/257 1545/1075/236 1544/1074/236
f 1612/1121/23 1613/1120/23 1597/1117/24
f 1612/1121/23 1597/1117/24 1596/1116/24
f 1609/1125/68 1608/1124/23 1614/1128/68
f 1609/1125/68 1614/1128/68 1615/1129/23
f 1616/1091/245 1617/1090/245 1618/1130/259
f 1616/1091/245 1618/1130/259 1619/1131/259
f 1615/1129/23 1614/1128/68 1620/1132/23
f 1615/1129/23 1620/1132/23 1621/1133/23
f 1622/1097/260 1623/1096/260 1585/1105/251
f 1622/1097/260 1585/1105/251 1584/1104/251
f 1621/1133/23 1620/1132/23 1525/1059/23
f 1621/1133/23 1525/1059/23 1524/1058/23
f 1624/1111/253 1625/1110/253 1593/1113/254
f 1624/1111/253 1593/1113/254 1592/1112/254
f 1626/1134/261 1627/1135/261 1628/1136/262
f 1626/1134/261 1628/1136/262 1629/1137/262
f 1630/1138/263 1631/1139/264 1632/1140/265
f 1630/1138/263 1632/1140/265 1633/1141/266
f 1634/1142/267 1635/1143/268 1636/1144/269
f 1634/1142/267 1636/1144/269 1637/1145/270
f 1638/1146/271 1639/1147/272 1640/1148/273
f 1638/1146/271 1640/1148/273 1641/1149/274
f 1642/1150/275 1643/1151/276 1644/1152/277
f 1642/1150/275 1644/1152/277 1645/1153/278
f 1646/1154/279 1647/1155/280 1648/1156/281
f 1646/1154/279 1648/1156/281 1649/1157/282
f 1650/1158/283 1651/1159/284 1652/1160/285
f 1650/1158/283 1652/1160/285 1653/1161/286
f 1654/1162/287 1655/1163/288 1656/1164/289
f 1654/1162/287 1656/1164/289 1657/1165/290
f 1641/1149/274 1640/1148/273 1658/1143/268
f 1641/1149/274 1658/1143/268 1659/1142/291
f 1645/1153/278 1644/1152/277 1660/1147/292
f 1645/1153/278 1660/1147/292 1661/1146/271
f 1662/1157/293 1663/1156/294 1664/1166/295
f 1662/1157/293 1664/1166/295 1665/1167/296
f 1666/1161/297 1667/1160/298 1647/1155/280
f 1666/1161/297 1647/1155/280 1646/1154/279
f 1668/1165/290 1669/1164/299 1651/1159/284
f 1668/1165/290 1651/1159/284 1650/1158/283
f 1670/1168/300 1671/1169/301 1672/1163/288
f 1670/1168/300 1672/1163/288 1673/1162/287
f 1674/1170/302 1675/1171/302 1676/1169/301
f 1674/1170/302 1676/1169/301 1677/1168/300
f 1633/1141/266 1632/1140/265 1675/1171/302
f 1633/1141/266 1675/1171/302 1674/1170/302
f 1678/1145/303 1679/1144/304 1680/1139/264
f 1678/1145/303 1680/1139/264 1681/1138/263
f 1682/1172/305 1683/1173/306 1684/1151/276
f 1682/1172/305 1684/1151/276 1685/1150/275
f 1686/1167/296 1687/1166/295 1688/1174/307
f 1686/1167/296 1688/1174/307 1689/1175/308
f 1690/1175/309 1691/1174/307 1692/1173/310
f 1690/1175/309 1692/1173/310 1693/1172/305
f 1694/1176/311 1695/1177/312 1696/1178/313
f 1694/1176/311 1696/1178/313 1697/1179/314
f 1698/1180/315 1699/1181/315 1700/1182/316
f 1698/1180/315 1700/1182/316 1701/1183/316
f 1702/1184/317 1703/1185/318 1704/1186/319
f 1702/1184/317 1704/1186/319 1705/1187/320
f 1706/1188/321 1707/1189/321 1708/1190/322
f 1706/1188/321 1708/1190/322 1709/1191/323
f 1710/1192/324 1711/1193/324 1712/1194/325
f 1710/1192/324 1712/1194/325 1713/1195/325
f 1714/1196/326 1715/1197/327 1716/1185/328
f 1714/1196/326 1716/1185/328 1717/1184/329
f 1713/1195/325 1712/1194/325 1718/1198/330
f 1713/1195/325 1718/1198/330 1719/1199/331
f 1720/1200/332 1721/1201/332 1722/1193/324
f 1720/1200/332 1722/1193/324 1723/1192/324
f 1719/1199/331 1718/1198/330 1724/1202/333
f 1719/1199/331 1724/1202/333 1725/1203/333
f 1726/1204/334 1727/1205/334 1728/1206/335
f 1726/1204/334 1728/1206/335 1729/1207/336
f 1730/1203/337 1731/1202/333 1732/1208/338
f 1730/1203/337 1732/1208/338 1733/1209/338
f 1734/1209/338 1735/1208/338 1736/1210/339
f 1734/1209/338 1736/1210/339 1737/1211/340
f 1738/1212/341 1739/1213/341 1740/1135/261
f 1738/1212/341 1740/1135/261 1741/1134/261
f 1737/1211/340 1736/1210/339 1742/1205/334
f 1737/1211/340 1742/1205/334 1743/1204/334
f 1744/1137/342 1745/1136/342 1746/1214/343
f 1744/1137/342 1746/1214/343 1747/1215/343
f 1748/1216/344 1749/1217/345 1707/1189/321
f 1748/1216/344 1707/1189/321 1706/1188/321
f 1750/1218/346 1751/1219/346 1739/1213/341
f 1750/1218/346 1739/1213/341 1738/1212/341
f 1752/1220/347 1753/1221/348 1754/1217/349
f 1752/1220/347 1754/1217/349 1755/1216/349
f 1756/1191/350 1757/1190/351 1715/1197/327
f 1756/1191/350 1715/1197/327 1714/1196/326
f 1758/1222/352 1759/1223/353 1760/1224/354
f 1758/1222/352 1760/1224/354 1761/1225/355
f 1762/1226/356 1763/1227/357 1764/1228/358
f 1762/1226/356 1764/1228/358 1765/1229/359
f 1766/1230/360 1767/1231/361 1768/1232/362
f 1766/1230/360 1768/1232/362 1769/1233/363
f 1770/1234/364 1771/1235/365 1772/1236/366
f 1770/1234/364 1772/1236/366 1773/1237/367
f 1774/1238/368 1775/1239/369 1776/1240/370
f 1774/1238/368 1776/1240/370 1777/1241/371
f 1778/1242/372 1779/1243/373 1780/1244/374
f 1778/1242/372 1780/1244/374 1781/1245/375
f 1782/1246/376 1783/1247/377 1784/1248/378
f 1782/1246/376 1784/1248/378 1785/1249/379
f 1769/1233/363 1768/1232/362 1786/1227/380
f 1769/1233/363 1786/1227/380 1787/1226/381
f 1773/1237/367 1772/1236/366 1788/1231/361
f 1773/1237/367 1788/1231/361 1789/1230/382
f 1790/1241/383 1791/1240/384 1792/1250/385
f 1790/1241/383 1792/1250/385 1793/1251/386
f 1794/1245/387 1795/1244/388 1775/1239/369
f 1794/1245/387 1775/1239/369 1774/1238/368
f 1796/1249/389 1797/1248/390 1779/1243/373
f 1796/1249/389 1779/1243/373 1778/1242/372
f 1798/1252/391 1799/1253/392 1783/1247/377
f 1798/1252/391 1783/1247/377 1782/1246/376
f 1800/1254/393 1801/1255/393 1802/1253/394
f 1800/1254/393 1802/1253/394 1803/1252/391
f 1761/1225/355 1760/1224/354 1801/1255/393
f 1761/1225/355 1801/1255/393 1800/1254/393
f 1765/1229/359 1764/1228/358 1804/1223/395
f 1765/1229/359 1804/1223/395 1805/1222/396
f 1806/1256/397 1807/1257/398 1808/1235/365
f 1806/1256/397 1808/1235/365 1809/1234/364
f 1810/1251/386 1811/1250/385 1812/1258/399
f 1810/1251/386 1812/1258/399 1813/1259/400
f 1814/1259/400 1815/1258/399 1816/1257/401
f 1814/1259/400 1816/1257/401 1817/1256/397
f 1818/1260/402 1819/1261/402 1820/1262/403
f 1818/1260/402 1820/1262/403 1821/1263/404
f 1822/1264/405 1823/1265/406 1824/1266/407
f 1822/1264/405 1824/1266/407 1825/1267/408
f 1697/1179/314 1696/1178/313 1826/1268/409
f 1697/1179/314 1826/1268/409 1827/1269/409
f 1828/1270/410 1829/1271/410 1830/1177/311
f 1828/1270/410 1830/1177/311 1831/1176/411
f 1832/1269/412 1833/1268/412 1834/1272/413
f 1832/1269/412 1834/1272/413 1835/1273/414
f 1836/1274/415 1837/1275/416 1838/1276/417
f 1836/1274/415 1838/1276/417 1839/1277/417
f 1840/1273/418 1841/1272/418 1842/1278/419
f 1840/1273/418 1842/1278/419 1843/1279/420
f 1843/1279/420 1842/1278/419 1844/1280/421
f 1843/1279/420 1844/1280/421 1845/1281/422
f 1846/1282/423 1847/1283/423 1848/1284/424
f 1846/1282/423 1848/1284/424 1849/1285/424
f 1850/1281/425 1851/1280/425 1852/1286/426
f 1850/1281/425 1852/1286/426 1853/1287/427
f 1854/1288/428 1855/1289/428 1856/1290/429
f 1854/1288/428 1856/1290/429 1857/1291/429
f 1858/1292/430 1859/1293/431 1860/1294/432
f 1858/1292/430 1860/1294/432 1861/1295/433
f 1862/1277/417 1863/1276/434 1847/1283/423
f 1862/1277/417 1847/1283/423 1846/1282/423
f 1864/1296/435 1865/1297/436 1866/1293/437
f 1864/1296/435 1866/1293/437 1867/1292/437
f 1868/1298/438 1869/1299/439 1823/1265/406
f 1868/1298/438 1823/1265/406 1822/1264/405
f 1870/1285/424 1871/1284/440 1872/1289/441
f 1870/1285/424 1872/1289/441 1873/1288/442
f 1874/1300/443 1875/1301/443 1876/1302/444
f 1874/1300/443 1876/1302/444 1877/1303/444
f 1878/1304/445 1879/1305/446 1829/1271/410
f 1878/1304/445 1829/1271/410 1828/1270/410
f 1861/1295/433 1860/1294/432 1880/1299/447
f 1861/1295/433 1880/1299/447 1881/1298/448
f 1882/1306/449 1883/1307/450 1884/1308/451
f 1882/1306/449 1884/1308/451 1885/1309/452
f 1886/1310/453 1887/1311/454 1888/1312/455
f 1886/1310/453 1888/1312/455 1889/1313/456
f 1890/1314/457 1891/1315/458 1892/1316/459
f 1890/1314/457 1892/1316/459 1893/1317/460
f 1894/1318/461 1895/1319/462 1896/1320/463
f 1894/1318/461 1896/1320/463 1897/1321/464
f 1898/1322/465 1899/1323/466 1900/1324/467
f 1898/1322/465 1900/1324/467 1901/1325/468
f 1902/1326/469 1903/1327/470 1904/1328/471
f 1902/1326/469 1904/1328/471 1905/1329/472
f 1906/1330/473 1907/1331/474 1908/1332/475
f 1906/1330/473 1908/1332/475 1909/1333/476
f 1893/1317/460 1892/1316/459 1910/1311/477
f 1893/1317/460 1910/1311/477 1911/1310/478
f 1897/1321/464 1896/1320/463 1912/1315/479
f 1897/1321/464 1912/1315/479 1913/1314/480
f 1914/1325/481 1915/1324/482 1916/1334/483
f 1914/1325/481 1916/1334/483 1917/1335/484
f 1918/1329/485 1919/1328/486 1899/1323/466
f 1918/1329/485 1899/1323/466 1898/1322/465
f 1909/1333/476 1908/1332/475 1920/1327/487
f 1909/1333/476 1920/1327/487 1921/1326/488
f 1922/1336/489 1923/1337/490 1924/1331/491
f 1922/1336/489 1924/1331/491 1925/1330/492
f 1926/1338/493 1927/1339/493 1928/1337/494
f 1926/1338/493 1928/1337/494 1929/1336/495
f 1885/1309/452 1884/1308/451 1927/1339/493
f 1885/1309/452 1927/1339/493 1926/1338/493
f 1930/1313/496 1931/1312/497 1932/1307/498
f 1930/1313/496 1932/1307/498 1933/1306/499
f 1934/1340/500 1935/1341/501 1936/1319/462
f 1934/1340/500 1936/1319/462 1937/1318/461
f 1938/1335/484 1939/1334/483 1940/1342/502
f 1938/1335/484 1940/1342/502 1941/1343/503
f 1942/1343/503 1943/1342/502 1944/1341/501
f 1942/1343/503 1944/1341/501 1945/1340/500
f 1946/1344/504 1947/1345/505 1948/1346/506
f 1946/1344/504 1948/1346/506 1949/1347/507
f 1950/1348/508 1951/1349/508 1952/1350/509
f 1950/1348/508 1952/1350/509 1953/1351/510
f 1954/1352/511 1955/1353/512 1956/1354/513
f 1954/1352/511 1956/1354/513 1957/1355/514
f 1958/1356/515 1959/1357/515 1960/1358/516
f 1958/1356/515 1960/1358/516 1961/1359/517
f 1962/1360/518 1963/1361/518 1964/1362/519
f 1962/1360/518 1964/1362/519 1965/1363/519
f 1966/1364/520 1967/1365/520 1968/1349/521
f 1966/1364/520 1968/1349/521 1969/1348/522
f 1970/1366/523 1971/1367/523 1972/1368/524
f 1970/1366/523 1972/1368/524 1973/1369/525
f 1953/1351/510 1952/1350/509 1974/1361/526
f 1953/1351/510 1974/1361/526 1975/1360/527
f 1973/1369/525 1972/1368/524 1976/1370/528
f 1973/1369/525 1976/1370/528 1977/1371/528
f 1978/1372/519 1979/1373/519 1980/1367/523
f 1978/1372/519 1980/1367/523 1981/1366/529
f 1977/1371/528 1976/1370/528 1982/1374/530
f 1977/1371/528 1982/1374/530 1983/1375/531
f 1984/1376/532 1985/1377/532 1986/1378/533
f 1984/1376/532 1986/1378/533 1987/1379/533
f 1988/1375/534 1989/1374/535 1990/1380/536
f 1988/1375/534 1990/1380/536 1991/1381/537
f 1991/1381/537 1990/1380/536 1992/1382/538
f 1991/1381/537 1992/1382/538 1993/1383/539
f 1994/1384/540 1995/1385/540 1996/1353/511
f 1994/1384/540 1996/1353/511 1997/1352/541
f 1998/1383/542 1999/1382/538 2000/1377/543
f 1998/1383/542 2000/1377/543 2001/1376/544
f 2002/1355/545 2003/1354/546 2004/1386/547
f 2002/1355/545 2004/1386/547 2005/1387/547
f 2006/1263/548 2007/1262/549 1967/1365/520
f 2006/1263/548 1967/1365/520 1966/1364/520
f 2008/1388/533 2009/1389/550 1995/1385/540
f 2008/1388/533 1995/1385/540 1994/1384/540
f 2010/1390/551 2011/1391/552 2012/1392/553
f 2010/1390/551 2012/1392/553 2013/1393/554
f 2014/1394/555 2015/1395/556 2016/1396/557
f 2014/1394/555 2016/1396/557 2017/1397/558
f 2018/1398/559 2019/1399/560 2020/1400/561
f 2018/1398/559 2020/1400/561 2021/1401/562
f 2022/1402/563 2023/1403/564 2024/1404/565
f 2022/1402/563 2024/1404/565 2025/1405/566
f 2026/1406/567 2027/1407/568 2028/1408/569
f 2026/1406/567 2028/1408/569 2029/1409/570
f 2030/1410/571 2031/1411/572 2032/1412/573
f 2030/1410/571 2032/1412/573 2033/1413/574
f 2034/1414/575 2035/1415/576 2036/1416/577
f 2034/1414/575 2036/1416/577 2037/1417/578
f 2038/1401/579 2039/1400/580 2015/1395/556
f 2038/1401/579 2015/1395/556 2014/1394/555
f 2025/1405/566 2024/1404/565 2040/1399/581
f 2025/1405/566 2040/1399/581 2041/1398/582
f 2042/1409/583 2043/1408/584 2044/1418/585
f 2042/1409/583 2044/1418/585 2045/1419/586
f 2046/1413/587 2047/1412/588 2027/1407/568
f 2046/1413/587 2027/1407/568 2026/1406/567
f 2037/1417/578 2036/1416/577 2048/1411/589
f 2037/1417/578 2048/1411/589 2049/1410/590
f 2050/1420/591 2051/1421/592 2035/1415/576
f 2050/1420/591 2035/1415/576 2034/1414/575
f 2052/1422/593 2053/1423/593 2054/1421/592
f 2052/1422/593 2054/1421/592 2055/1420/591
f 2013/1393/554 2012/1392/553 2053/1423/593
f 2013/1393/554 2053/1423/593 2052/1422/593
f 2017/1397/558 2016/1396/557 2056/1391/594
f 2017/1397/558 2056/1391/594 2057/1390/595
f 2058/1424/596 2059/1425/597 2060/1403/564
f 2058/1424/596 2060/1403/564 2061/1402/563
f 2062/1419/586 2063/1418/585 2064/1426/598
f 2062/1419/586 2064/1426/598 2065/1427/599
f 2066/1427/599 2067/1426/600 2068/1425/601
f 2066/1427/599 2068/1425/601 2069/1424/602
f 1947/1345/505 2070/1428/118 2071/1429/603
f 1947/1345/505 2071/1429/603 1948/1346/506
f 2072/1430/604 2073/1431/605 2074/1432/606
f 2072/1430/604 2074/1432/606 2075/1433/607
f 1949/1347/507 1948/1346/506 2076/1434/608
f 1949/1347/507 2076/1434/608 2077/1435/609
f 2078/1436/610 2079/1437/611 2080/1438/612
f 2078/1436/610 2080/1438/612 2081/1439/613
f 2082/1440/614 2083/1441/615 2084/1442/616
f 2082/1440/614 2084/1442/616 2085/1443/617
f 2086/1444/618 2087/1445/619 2073/1431/605
f 2086/1444/618 2073/1431/605 2072/1430/604
f 2088/1446/620 2089/1447/621 2090/1441/615
f 2088/1446/620 2090/1441/615 2091/1440/614
f 2092/1448/622 2093/1449/623 2094/1450/624
f 2092/1448/622 2094/1450/624 2095/1451/625
f 2096/1433/626 2097/1432/627 2098/1437/611
f 2096/1433/626 2098/1437/611 2099/1436/610
f 2100/1452/628 2101/1453/629 2102/1454/629
f 2100/1452/628 2102/1454/629 2103/1455/628
f 2104/1456/630 2105/1457/631 2106/1458/632
f 2104/1456/630 2106/1458/632 2107/1459/633
f 2085/1443/617 2084/1442/616 2108/1449/634
f 2085/1443/617 2108/1449/634 2109/1448/635
f 2110/1460/636 2111/1461/637 2112/1462/638
f 2110/1460/636 2112/1462/638 2113/1463/639
f 2095/1451/625 2094/1450/624 2114/1464/640
f 2095/1451/625 2114/1464/640 2115/1465/641
f 2113/1463/639 2112/1462/638 2116/1466/642
f 2113/1463/639 2116/1466/642 2117/1467/643
f 2107/1459/633 2106/1458/632 2118/1461/644
f 2107/1459/633 2118/1461/644 2119/1460/645
f 2120/1467/646 2121/1466/647 2122/1468/648
f 2120/1467/646 2122/1468/648 2123/1469/649
f 2124/1470/609 2125/1471/608 2126/1445/650
f 2124/1470/609 2126/1445/650 2127/1444/651
f 2128/1469/652 2129/1468/653 1947/1345/505
f 2128/1469/652 1947/1345/505 1946/1344/504
f 2073/1431/605 2130/1472/654 2131/1473/655
f 2073/1431/605 2131/1473/655 2074/1432/606
f 1948/1346/506 2071/1429/603 2132/1474/656
f 1948/1346/506 2132/1474/656 2076/1434/608
f 2079/1437/611 2133/1475/657 2134/1476/658
f 2079/1437/611 2134/1476/658 2080/1438/612
f 2083/1441/615 2135/1477/659 2136/1478/660
f 2083/1441/615 2136/1478/660 2084/1442/616
f 2087/1445/619 2137/1479/661 2130/1472/654
f 2087/1445/619 2130/1472/654 2073/1431/605
f 2089/1447/621 2138/1480/662 2139/1477/659
f 2089/1447/621 2139/1477/659 2090/1441/615
f 2093/1449/623 2140/1481/14 2141/1482/663
f 2093/1449/623 2141/1482/663 2094/1450/624
f 2097/1432/627 2142/1473/664 2143/1475/657
f 2097/1432/627 2143/1475/657 2098/1437/611
f 2101/1453/629 2144/1483/76 2145/1484/10
f 2101/1453/629 2145/1484/10 2102/1454/629
f 2105/1457/631 2146/1485/665 2147/1486/666
f 2105/1457/631 2147/1486/666 2106/1458/632
f 2084/1442/616 2136/1478/660 2148/1481/667
f 2084/1442/616 2148/1481/667 2108/1449/634
f 2111/1461/637 2149/1487/80 2150/1488/668
f 2111/1461/637 2150/1488/668 2112/1462/638
f 2094/1450/624 2141/1482/663 2151/1489/665
f 2094/1450/624 2151/1489/665 2114/1464/640
f 2112/1462/638 2150/1488/668 2152/1490/669
f 2112/1462/638 2152/1490/669 2116/1466/642
f 2106/1458/632 2147/1486/666 2153/1487/80
f 2106/1458/632 2153/1487/80 2118/1461/644
f 2121/1466/647 2154/1490/670 2155/1491/671
f 2121/1466/647 2155/1491/671 2122/1468/648
f 2125/1471/608 2156/1492/29 2157/1479/672
f 2125/1471/608 2157/1479/672 2126/1445/650
f 2129/1468/653 2158/1491/671 2070/1428/118
f 2129/1468/653 2070/1428/118 1947/1345/505
f 2159/1493/673 2160/1494/673 2161/1495/342
f 2159/1493/673 2161/1495/342 2162/1496/674
f 2163/1497/263 2164/1498/264 2165/1499/675
f 2163/1497/263 2165/1499/675 2166/1500/266
f 2167/1501/267 2168/1502/268 2169/1503/676
f 2167/1501/267 2169/1503/676 2170/1504/270
f 2171/1505/677 2172/1506/272 2173/1507/273
f 2171/1505/677 2173/1507/273 2174/1508/274
f 2175/1509/275 2176/1510/276 2177/1511/678
f 2175/1509/275 2177/1511/678 2178/1512/278
f 2179/1513/679 2180/1514/680 2181/1515/681
f 2179/1513/679 2181/1515/681 2182/1516/293
f 2183/1517/283 2184/1518/682 2185/1519/285
f 2183/1517/283 2185/1519/285 2186/1520/297
f 2187/1521/287 2188/1522/288 2189/1523/289
f 2187/1521/287 2189/1523/289 2190/1524/290
f 2174/1508/274 2173/1507/273 2191/1502/268
f 2174/1508/274 2191/1502/268 2192/1501/291
f 2178/1512/278 2177/1511/678 2193/1506/683
f 2178/1512/278 2193/1506/683 2194/1505/271
f 2195/1516/293 2196/1515/681 2197/1525/295
f 2195/1516/293 2197/1525/295 2198/1526/296
f 2199/1520/297 2200/1519/684 2180/1514/680
f 2199/1520/297 2180/1514/680 2179/1513/679
f 2201/1524/290 2202/1523/289 2184/1518/682
f 2201/1524/290 2184/1518/682 2183/1517/283
f 2203/1527/300 2204/1528/301 2205/1522/288
f 2203/1527/300 2205/1522/288 2206/1521/287
f 2207/1529/685 2208/1530/302 2209/1528/301
f 2207/1529/685 2209/1528/301 2210/1527/300
f 2166/1500/266 2165/1499/675 2208/1530/302
f 2166/1500/266 2208/1530/302 2207/1529/685
f 2211/1504/303 2212/1503/686 2213/1498/264
f 2211/1504/303 2213/1498/264 2214/1497/263
f 2215/1531/305 2216/1532/687 2217/1510/276
f 2215/1531/305 2217/1510/276 2218/1509/275
f 2219/1526/296 2220/1525/295 2221/1533/307
f 2219/1526/296 2221/1533/307 2222/1534/308
f 2223/1534/309 2224/1533/307 2225/1532/688
f 2223/1534/309 2225/1532/688 2226/1531/305
f 2227/1535/689 2228/1536/689 2229/1537/314
f 2227/1535/689 2229/1537/314 2230/1538/314
f 2231/1539/316 2232/1540/316 2233/1541/316
f 2231/1539/316 2233/1541/316 2234/1542/316
f 2235/1543/690 2236/1544/691 2237/1545/332
f 2235/1543/690 2237/1545/332 2238/1546/332
f 2239/1547/321 2240/1548/321 2241/1549/323
f 2239/1547/321 2241/1549/323 2242/1550/322
f 2243/1551/692 2244/1552/692 2245/1553/693
f 2243/1551/692 2245/1553/693 2246/1554/693
f 2247/1555/694 2248/1556/695 2249/1544/329
f 2247/1555/694 2249/1544/329 2250/1543/696
f 2246/1554/693 2245/1553/693 2251/1557/330
f 2246/1554/693 2251/1557/330 2252/1558/697
f 2253/1559/698 2254/1560/699 2255/1552/692
f 2253/1559/698 2255/1552/692 2256/1551/692
f 2252/1558/697 2251/1557/330 2257/1561/333
f 2252/1558/697 2257/1561/333 2258/1562/333
f 2259/1563/334 2260/1564/334 2261/1565/336
f 2259/1563/334 2261/1565/336 2262/1566/336
f 2263/1562/333 2264/1561/333 2265/1567/338
f 2263/1562/333 2265/1567/338 2266/1568/338
f 2267/1568/700 2268/1567/700 2269/1569/339
f 2267/1568/700 2269/1569/339 2270/1570/701
f 2271/1571/341 2272/1572/341 2273/1494/673
f 2271/1571/341 2273/1494/673 2274/1493/673
f 2270/1570/701 2269/1569/339 2275/1564/702
f 2270/1570/701 2275/1564/702 2276/1563/702
f 2277/1496/703 2278/1495/704 2279/1573/343
f 2277/1496/703 2279/1573/343 2280/1574/705
f 2281/1575/344 2282/1576/706 2240/1548/321
f 2281/1575/344 2240/1548/321 2239/1547/321
f 2283/1577/346 2284/1578/346 2272/1572/341
f 2283/1577/346 2272/1572/341 2271/1571/341
f 2285/1579/347 2286/1580/347 2287/1576/349
f 2285/1579/347 2287/1576/349 2288/1575/707
f 2289/1550/351 2290/1549/351 2248/1556/695
f 2289/1550/351 2248/1556/695 2247/1555/694
f 2291/1581/352 2292/1582/353 2293/1583/708
f 2291/1581/352 2293/1583/708 2294/1584/355
f 2295/1585/356 2296/1586/709 2297/1587/358
f 2295/1585/356 2297/1587/358 2298/1588/359
f 2299/1589/360 2300/1590/361 2301/1591/710
f 2299/1589/360 2301/1591/710 2302/1592/363
f 2303/1593/364 2304/1594/365 2305/1595/366
f 2303/1593/364 2305/1595/366 2306/1596/367
f 2307/1597/368 2308/1598/711 2309/1599/384
f 2307/1597/368 2309/1599/384 2310/1600/371
f 2311/1601/372 2312/1602/373 2313/1603/712
f 2311/1601/372 2313/1603/712 2314/1604/713
f 2315/1605/376 2316/1606/377 2317/1607/714
f 2315/1605/376 2317/1607/714 2318/1608/715
f 2302/1592/363 2301/1591/710 2319/1586/716
f 2302/1592/363 2319/1586/716 2320/1585/381
f 2306/1596/367 2305/1595/366 2321/1590/361
f 2306/1596/367 2321/1590/361 2322/1589/382
f 2323/1600/717 2324/1599/384 2325/1609/385
f 2323/1600/717 2325/1609/385 2326/1610/386
f 2327/1604/718 2328/1603/388 2308/1598/711
f 2327/1604/718 2308/1598/711 2307/1597/368
f 2329/1608/719 2330/1607/719 2312/1602/373
f 2329/1608/719 2312/1602/373 2311/1601/372
f 2331/1611/391 2332/1612/392 2316/1606/377
f 2331/1611/391 2316/1606/377 2315/1605/376
f 2333/1613/393 2334/1614/393 2335/1612/394
f 2333/1613/393 2335/1612/394 2336/1611/391
f 2294/1584/355 2293/1583/708 2334/1614/393
f 2294/1584/355 2334/1614/393 2333/1613/393
f 2298/1588/359 2297/1587/358 2337/1582/395
f 2298/1588/359 2337/1582/395 2338/1581/720
f 2339/1615/397 2340/1616/398 2341/1594/365
f 2339/1615/397 2341/1594/365 2342/1593/364
f 2343/1610/386 2344/1609/385 2345/1617/399
f 2343/1610/386 2345/1617/399 2346/1618/400
f 2347/1618/400 2348/1617/399 2349/1616/398
f 2347/1618/400 2349/1616/398 2350/1615/397
f 2351/1619/721 2352/1620/721 2353/1621/404
f 2351/1619/721 2353/1621/404 2354/1622/404
f 2355/1623/722 2356/1624/722 2357/1625/407
f 2355/1623/722 2357/1625/407 2358/1626/408
f 2230/1538/314 2229/1537/314 2359/1627/723
f 2230/1538/314 2359/1627/723 2360/1628/723
f 2361/1629/724 2362/1630/410 2363/1536/725
f 2361/1629/724 2363/1536/725 2364/1535/725
f 2365/1628/726 2366/1627/727 2367/1631/728
f 2365/1628/726 2367/1631/728 2368/1632/729
f 2369/1633/730 2370/1634/730 2371/1635/731
f 2369/1633/730 2371/1635/731 2372/1636/732
f 2373/1632/733 2374/1631/733 2375/1637/734
f 2373/1632/733 2375/1637/734 2376/1638/735
f 2376/1638/735 2375/1637/734 2377/1639/736
f 2376/1638/735 2377/1639/736 2378/1640/737
f 2379/1641/423 2380/1642/423 2381/1643/424
f 2379/1641/423 2381/1643/424 2382/1644/424
f 2383/1640/738 2384/1639/739 2385/1645/740
f 2383/1640/738 2385/1645/740 2386/1646/741
f 2387/1647/428 2388/1648/428 2389/1649/742
f 2387/1647/428 2389/1649/742 2390/1650/743
f 2391/1651/430 2392/1652/744 2393/1653/433
f 2391/1651/430 2393/1653/433 2394/1654/433
f 2395/1636/745 2396/1635/746 2380/1642/423
f 2395/1636/745 2380/1642/423 2379/1641/423
f 2397/1655/747 2398/1656/436 2399/1652/748
f 2397/1655/747 2399/1652/748 2400/1651/437
f 2401/1657/749 2402/1658/750 2356/1624/722
f 2401/1657/749 2356/1624/722 2355/1623/722
f 2403/1644/424 2404/1643/424 2405/1648/751
f 2403/1644/424 2405/1648/751 2406/1647/442
f 2407/1659/752 2408/1660/752 2409/1661/444
f 2407/1659/752 2409/1661/444 2410/1662/444
f 2411/1663/753 2412/1664/754 2362/1630/410
f 2411/1663/753 2362/1630/410 2361/1629/724
f 2394/1654/433 2393/1653/433 2413/1658/755
f 2394/1654/433 2413/1658/755 2414/1657/755
f 2415/1665/449 2416/1666/450 2417/1667/451
f 2415/1665/449 2417/1667/451 2418/1668/756
f 2419/1669/453 2420/1670/454 2421/1671/455
f 2419/1669/453 2421/1671/455 2422/1672/456
f 2423/1673/457 2424/1674/757 2425/1675/459
f 2423/1673/457 2425/1675/459 2426/1676/460
f 2427/1677/461 2428/1678/462 2429/1679/758
f 2427/1677/461 2429/1679/758 2430/1680/464
f 2431/1681/759 2432/1682/760 2433/1683/467
f 2431/1681/759 2433/1683/467 2434/1684/761
f 2435/1685/762 2436/1686/763 2437/1687/764
f 2435/1685/762 2437/1687/764 2438/1688/471
f 2439/1689/473 2440/1690/765 2441/1691/766
f 2439/1689/473 2441/1691/766 2442/1692/476
f 2426/1676/460 2425/1675/459 2443/1670/477
f 2426/1676/460 2443/1670/477 2444/1669/478
f 2430/1680/464 2429/1679/758 2445/1674/767
f 2430/1680/464 2445/1674/767 2446/1673/480
f 2447/1684/768 2448/1683/769 2449/1693/483
f 2447/1684/768 2449/1693/483 2450/1694/484
f 2451/1688/770 2452/1687/486 2432/1682/760
f 2451/1688/770 2432/1682/760 2431/1681/759
f 2442/1692/476 2441/1691/766 2453/1686/487
f 2442/1692/476 2453/1686/487 2454/1685/771
f 2455/1695/495 2456/1696/490 2457/1690/491
f 2455/1695/495 2457/1690/491 2458/1689/772
f 2459/1697/493 2460/1698/493 2461/1696/494
f 2459/1697/493 2461/1696/494 2462/1695/495
f 2418/1668/756 2417/1667/451 2460/1698/493
f 2418/1668/756 2460/1698/493 2459/1697/493
f 2463/1672/496 2464/1671/497 2465/1666/773
f 2463/1672/496 2465/1666/773 2466/1665/499
f 2467/1699/500 2468/1700/501 2469/1678/462
f 2467/1699/500 2469/1678/462 2470/1677/461
f 2471/1694/774 2472/1693/483 2473/1701/502
f 2471/1694/774 2473/1701/502 2474/1702/775
f 2475/1702/776 2476/1701/502 2477/1700/501
f 2475/1702/776 2477/1700/501 2478/1699/500
f 2479/1703/504 2480/1704/505 2481/1705/506
f 2479/1703/504 2481/1705/506 2482/1706/507
f 2483/1707/508 2484/1708/508 2485/1709/777
f 2483/1707/508 2485/1709/777 2486/1710/778
f 2487/1711/512 2488/1712/512 2489/1713/779
f 2487/1711/512 2489/1713/779 2490/1714/780
f 2491/1715/515 2492/1716/515 2493/1717/781
f 2491/1715/515 2493/1717/781 2494/1718/781
f 2495/1719/782 2496/1720/782 2497/1721/783
f 2495/1719/782 2497/1721/783 2498/1722/783
f 2499/1723/784 2500/1724/785 2501/1708/521
f 2499/1723/784 2501/1708/521 2502/1707/521
f 2503/1725/786 2504/1726/786 2505/1727/524
f 2503/1725/786 2505/1727/524 2506/1728/525
f 2486/1710/778 2485/1709/777 2507/1720/787
f 2486/1710/778 2507/1720/787 2508/1719/788
f 2506/1728/525 2505/1727/524 2509/1729/528
f 2506/1728/525 2509/1729/528 2510/1730/528
f 2511/1731/789 2512/1732/789 2513/1726/790
f 2511/1731/789 2513/1726/790 2514/1725/791
f 2510/1730/528 2509/1729/528 2515/1733/530
f 2510/1730/528 2515/1733/530 2516/1734/792
f 2517/1735/532 2518/1736/793 2519/1737/794
f 2517/1735/532 2519/1737/794 2520/1738/794
f 2521/1734/534 2522/1733/534 2523/1739/536
f 2521/1734/534 2523/1739/536 2524/1740/795
f 2524/1740/795 2523/1739/536 2525/1741/542
f 2524/1740/795 2525/1741/542 2526/1742/796
f 2527/1743/797 2528/1744/797 2529/1712/541
f 2527/1743/797 2529/1712/541 2530/1711/541
f 2531/1742/798 2532/1741/798 2533/1736/793
f 2531/1742/798 2533/1736/793 2534/1735/799
f 2535/1714/800 2536/1713/780 2537/1745/547
f 2535/1714/800 2537/1745/547 2538/1746/801
f 2539/1622/802 2540/1621/548 2500/1724/785
f 2539/1622/802 2500/1724/785 2499/1723/784
f 2541/1747/803 2542/1748/803 2528/1744/797
f 2541/1747/803 2528/1744/797 2527/1743/797
f 2543/1749/551 2544/1750/804 2545/1751/805
f 2543/1749/551 2545/1751/805 2546/1752/554
f 2547/1753/555 2548/1754/556 2549/1755/557
f 2547/1753/555 2549/1755/557 2550/1756/558
f 2551/1757/559 2552/1758/560 2553/1759/561
f 2551/1757/559 2553/1759/561 2554/1760/562
f 2555/1761/563 2556/1762/564 2557/1763/565
f 2555/1761/563 2557/1763/565 2558/1764/806
f 2559/1765/807 2560/1766/808 2561/1767/569
f 2559/1765/807 2561/1767/569 2562/1768/809
f 2563/1769/810 2564/1770/811 2565/1771/812
f 2563/1769/810 2565/1771/812 2566/1772/813
f 2567/1773/575 2568/1774/576 2569/1775/577
f 2567/1773/575 2569/1775/577 2570/1776/578
f 2571/1760/814 2572/1759/815 2548/1754/556
f 2571/1760/814 2548/1754/556 2547/1753/555
f 2558/1764/806 2557/1763/565 2573/1758/816
f 2558/1764/806 2573/1758/816 2574/1757/582
f 2575/1768/817 2576/1767/584 2577/1777/585
f 2575/1768/817 2577/1777/585 2578/1778/586
f 2579/1772/818 2580/1771/819 2560/1766/808
f 2579/1772/818 2560/1766/808 2559/1765/807
f 2570/1776/578 2569/1775/577 2581/1770/571
f 2570/1776/578 2581/1770/571 2582/1769/820
f 2583/1779/591 2584/1780/821 2568/1774/576
f 2583/1779/591 2568/1774/576 2567/1773/575
f 2585/1781/593 2586/1782/593 2587/1780/592
f 2585/1781/593 2587/1780/592 2588/1779/591
f 2546/1752/554 2545/1751/805 2586/1782/593
f 2546/1752/554 2586/1782/593 2585/1781/593
f 2550/1756/558 2549/1755/557 2589/1750/594
f 2550/1756/558 2589/1750/594 2590/1749/822
f 2591/1783/596 2592/1784/597 2593/1762/564
f 2591/1783/596 2593/1762/564 2594/1761/563
f 2595/1778/586 2596/1777/585 2597/1785/598
f 2595/1778/586 2597/1785/598 2598/1786/599
f 2599/1786/599 2600/1785/600 2601/1784/601
f 2599/1786/599 2601/1784/601 2602/1783/602
f 2480/1704/505 2603/1787/118 2604/1788/603
f 2480/1704/505 2604/1788/603 2481/1705/506
f 2605/1789/823 2606/1790/824 2607/1791/606
f 2605/1789/823 2607/1791/606 2608/1792/607
f 2482/1706/507 2481/1705/506 2609/1793/608
f 2482/1706/507 2609/1793/608 2610/1794/825
f 2611/1795/826 2612/1796/611 2613/1797/612
f 2611/1795/826 2613/1797/612 2614/1798/613
f 2615/1799/614 2616/1800/615 2617/1801/827
f 2615/1799/614 2617/1801/827 2618/1802/617
f 2619/1803/618 2620/1804/828 2606/1790/824
f 2619/1803/618 2606/1790/824 2605/1789/823
f 2621/1805/620 2622/1806/829 2623/1800/615
f 2621/1805/620 2623/1800/615 2624/1799/614
f 2625/1807/622 2626/1808/623 2627/1809/624
f 2625/1807/622 2627/1809/624 2628/1810/625
f 2629/1792/830 2630/1791/606 2631/1796/611
f 2629/1792/830 2631/1796/611 2632/1795/826
f 2633/1811/831 2634/1812/629 2635/1813/629
f 2633/1811/831 2635/1813/629 2636/1814/831
f 2637/1815/630 2638/1816/631 2639/1817/632
f 2637/1815/630 2639/1817/632 2640/1818/832
f 2618/1802/617 2617/1801/827 2641/1808/833
f 2618/1802/617 2641/1808/833 2642/1807/635
f 2643/1819/636 2644/1820/637 2645/1821/834
f 2643/1819/636 2645/1821/834 2646/1822/835
f 2628/1810/625 2627/1809/624 2647/1823/631
f 2628/1810/625 2647/1823/631 2648/1824/630
f 2646/1822/835 2645/1821/834 2649/1825/836
f 2646/1822/835 2649/1825/836 2650/1826/643
f 2640/1818/832 2639/1817/632 2651/1820/837
f 2640/1818/832 2651/1820/837 2652/1819/838
f 2653/1826/646 2654/1825/839 2655/1827/648
f 2653/1826/646 2655/1827/648 2656/1828/652
f 2657/1829/825 2658/1830/608 2659/1804/650
f 2657/1829/825 2659/1804/650 2660/1803/840
f 2661/1828/652 2662/1827/841 2480/1704/505
f 2661/1828/652 2480/1704/505 2479/1703/504
f 2606/1790/824 2663/1831/654 2664/1832/655
f 2606/1790/824 2664/1832/655 2607/1791/606
f 2481/1705/506 2604/1788/603 2665/1833/656
f 2481/1705/506 2665/1833/656 2609/1793/608
f 2612/1796/611 2666/1834/657 2667/1835/658
f 2612/1796/611 2667/1835/658 2613/1797/612
f 2616/1800/615 2668/1836/659 2669/1837/660
f 2616/1800/615 2669/1837/660 2617/1801/827
f 2620/1804/828 2670/1838/116 2663/1831/654
f 2620/1804/828 2663/1831/654 2606/1790/824
f 2622/1806/829 2671/1839/662 2672/1836/659
f 2622/1806/829 2672/1836/659 2623/1800/615
f 2626/1808/623 2673/1840/14 2674/1841/663
f 2626/1808/623 2674/1841/663 2627/1809/624
f 2630/1791/606 2675/1832/655 2676/1834/842
f 2630/1791/606 2676/1834/842 2631/1796/611
f 2634/1812/629 2677/1842/10 2678/1843/10
f 2634/1812/629 2678/1843/10 2635/1813/629
f 2638/1816/631 2679/1844/843 2680/1845/844
f 2638/1816/631 2680/1845/844 2639/1817/632
f 2617/1801/827 2669/1837/660 2681/1840/667
f 2617/1801/827 2681/1840/667 2641/1808/833
f 2644/1820/637 2682/1846/80 2683/1847/668
f 2644/1820/637 2683/1847/668 2645/1821/834
f 2627/1809/624 2674/1841/663 2684/1848/665
f 2627/1809/624 2684/1848/665 2647/1823/631
f 2645/1821/834 2683/1847/668 2685/1849/845
f 2645/1821/834 2685/1849/845 2649/1825/836
f 2639/1817/632 2680/1845/844 2686/1846/80
f 2639/1817/632 2686/1846/80 2651/1820/837
f 2654/1825/839 2687/1849/670 2688/1850/671
f 2654/1825/839 2688/1850/671 2655/1827/648
f 2658/1830/608 2689/1851/656 2690/1838/846
f 2658/1830/608 2690/1838/846 2659/1804/650
f 2662/1827/841 2691/1850/847 2603/1787/118
f 2662/1827/841 2603/1787/118 2480/1704/505
f 2692/1852/848 2693/1853/849 2694/1854/850
f 2692/1852/848 2694/1854/850 2695/1855/851
f 2696/1856/852 2697/1857/853 2698/1858/854
f 2696/1856/852 2698/1858/854 2699/1859/855
f 2700/1860/856 2701/1861/857 2702/1862/858
f 2700/1860/856 2702/1862/858 2703/1863/859
f 2704/1864/860 2705/1865/861 2706/1866/862
f 2704/1864/860 2706/1866/862 2707/1867/863
f 2708/1868/864 2709/1869/865 2710/1870/866
f 2708/1868/864 2710/1870/866 2711/1871/867
f 2712/1872/868 2713/1873/869 2714/1874/870
f 2712/1872/868 2714/1874/870 2715/1875/871
f 2716/1876/872 2717/1877/873 2718/1878/874
f 2716/1876/872 2718/1878/874 2719/1879/875
f 2720/1859/855 2721/1858/854 2722/1861/876
f 2720/1859/855 2722/1861/876 2723/1860/877
f 2703/1863/859 2702/1862/858 2705/1865/861
f 2703/1863/859 2705/1865/861 2704/1864/860
f 2724/1880/878 2725/1881/879 2709/1869/865
f 2724/1880/878 2709/1869/865 2708/1868/864
f 2726/1871/880 2727/1870/881 2713/1873/869
f 2726/1871/880 2713/1873/869 2712/1872/868
f 2715/1875/871 2714/1874/870 2728/1877/882
f 2715/1875/871 2728/1877/882 2729/1876/883
f 2719/1879/875 2718/1878/874 2730/1882/884
f 2719/1879/875 2730/1882/884 2731/1883/885
f 2731/1883/885 2730/1882/884 2732/1884/886
f 2731/1883/885 2732/1884/886 2733/1885/887
f 2733/1885/887 2732/1884/886 2734/1853/888
f 2733/1885/887 2734/1853/888 2735/1852/848
f 2736/1855/851 2737/1854/889 2697/1857/853
f 2736/1855/851 2697/1857/853 2696/1856/852
f 2738/1867/890 2739/1866/891 2740/1886/892
f 2738/1867/890 2740/1886/892 2741/1887/893
f 2742/1888/894 2743/1889/895 2725/1881/879
f 2742/1888/894 2725/1881/879 2724/1880/878
f 2744/1890/896 2745/1891/897 2746/1889/898
f 2744/1890/896 2746/1889/898 2747/1888/899
f 2741/1887/893 2740/1886/892 2748/1892/900
f 2741/1887/893 2748/1892/900 2749/1893/901
f 2749/1893/901 2748/1892/900 2750/1894/902
f 2749/1893/901 2750/1894/902 2751/1895/903
f 2752/1895/904 2753/1894/904 2754/1896/904
f 2752/1895/904 2754/1896/904 2755/1897/904
f 2755/1897/904 2754/1896/904 2756/1898/904
f 2755/1897/904 2756/1898/904 2757/1899/904
f 2757/1899/904 2756/1898/904 2758/1900/904
f 2757/1899/904 2758/1900/904 2759/1901/905
f 2759/1901/905 2758/1900/904 2760/1902/904
f 2759/1901/905 2760/1902/904 2761/1903/905
f 2762/1903/904 2763/1902/904 2764/1904/904
f 2762/1903/904 2764/1904/904 2765/1905/904
f 2765/1905/904 2764/1904/904 2766/1906/904
f 2765/1905/904 2766/1906/904 2767/1907/904
f 2767/1907/904 2766/1906/904 2768/1908/904
f 2767/1907/904 2768/1908/904 2769/1909/904
f 2769/1909/904 2768/1908/904 2770/1910/904
f 2769/1909/904 2770/1910/904 2771/1911/904
f 2771/1911/904 2770/1910/904 2772/1912/904
f 2771/1911/904 2772/1912/904 2773/1913/904
f 2774/1913/904 2775/1912/904 2776/1914/904
f 2774/1913/904 2776/1914/904 2777/1915/904
f 2777/1915/904 2776/1914/904 2778/1916/904
f 2777/1915/904 2778/1916/904 2779/1917/905
f 2779/1917/905 2778/1916/904 2780/1918/904
f 2779/1917/905 2780/1918/904 2781/1919/902
f 2781/1919/902 2780/1918/904 2745/1891/897
f 2781/1919/902 2745/1891/897 2744/1890/896
f 2782/1920/906 2783/1921/906 2784/1922/906
f 2782/1920/906 2784/1922/906 2785/1923/906
f 2786/1924/907 2787/1925/908 2788/1926/909
f 2786/1924/907 2788/1926/909 2789/1927/910
f 2790/1928/906 2791/1929/906 2783/1921/906
f 2790/1928/906 2783/1921/906 2782/1920/906
f 2792/1930/911 2793/1931/912 2794/1932/913
f 2792/1930/911 2794/1932/913 2795/1933/914
f 2796/1934/906 2797/1935/906 2791/1929/906
f 2796/1934/906 2791/1929/906 2790/1928/906
f 2798/1936/915 2799/1937/916 2800/1938/917
f 2798/1936/915 2800/1938/917 2801/1939/918
f 2802/1940/906 2803/1941/906 2804/1935/906
f 2802/1940/906 2804/1935/906 2805/1934/906
f 2806/1942/919 2807/1943/920 2808/1937/921
f 2806/1942/919 2808/1937/921 2809/1936/922
f 2810/1944/923 2811/1945/924 2812/1946/925
f 2810/1944/923 2812/1946/925 2813/1947/926
f 2814/1948/906 2815/1949/906 2803/1941/906
f 2814/1948/906 2803/1941/906 2802/1940/906
f 2813/1947/926 2812/1946/925 2816/1943/927
f 2813/1947/926 2816/1943/927 2817/1942/927
f 2818/1950/928 2819/1951/929 2820/1952/930
f 2818/1950/928 2820/1952/930 2821/1953/931
f 2822/1954/906 2823/1955/906 2815/1949/906
f 2822/1954/906 2815/1949/906 2814/1948/906
f 2821/1953/931 2820/1952/930 2824/1945/932
f 2821/1953/931 2824/1945/932 2825/1944/933
f 2826/1956/934 2827/1957/934 2828/1958/935
f 2826/1956/934 2828/1958/935 2829/1959/936
f 2830/1960/906 2831/1961/906 2823/1955/906
f 2830/1960/906 2823/1955/906 2822/1954/906
f 2832/1962/937 2833/1963/938 2834/1964/939
f 2832/1962/937 2834/1964/939 2835/1965/939
f 2835/1965/939 2834/1964/939 2836/1966/940
f 2835/1965/939 2836/1966/940 2837/1967/941
f 2838/1968/906 2839/1969/906 2840/1961/906
f 2838/1968/906 2840/1961/906 2841/1960/906
f 2842/1970/942 2843/1971/943 2844/1972/944
f 2842/1970/942 2844/1972/944 2845/1973/944
f 2789/1927/910 2788/1926/909 2846/1974/945
f 2789/1927/910 2846/1974/945 2847/1975/946
f 2848/1976/906 2849/1977/906 2850/1969/906
f 2848/1976/906 2850/1969/906 2851/1968/906
f 2852/1978/947 2853/1979/947 2854/1980/948
f 2852/1978/947 2854/1980/948 2855/1981/949
f 2856/1933/950 2857/1932/951 2858/1982/952
f 2856/1933/950 2858/1982/952 2859/1983/953
f 2860/1984/906 2861/1985/906 2849/1977/906
f 2860/1984/906 2849/1977/906 2848/1976/906
f 2862/1986/954 2863/1987/955 2864/1988/956
f 2862/1986/954 2864/1988/956 2865/1989/956
f 2866/1939/917 2867/1938/957 2793/1931/912
f 2866/1939/917 2793/1931/912 2792/1930/911
f 2855/1981/949 2854/1980/948 2861/1985/906
f 2855/1981/949 2861/1985/906 2860/1984/906
f 2868/1990/906 2869/1991/906 2863/1987/955
f 2868/1990/906 2863/1987/955 2862/1986/954
f 2870/1959/958 2871/1958/959 2872/1992/960
f 2870/1959/958 2872/1992/960 2873/1993/929
f 2874/1994/906 2875/1995/906 2869/1991/906
f 2874/1994/906 2869/1991/906 2868/1990/906
f 2837/1967/941 2836/1966/940 2876/1957/961
f 2837/1967/941 2876/1957/961 2877/1956/962
f 2785/1923/906 2784/1922/906 2878/1995/906
f 2785/1923/906 2878/1995/906 2879/1994/906
f 2847/1975/946 2846/1974/945 2880/1971/943
f 2847/1975/946 2880/1971/943 2881/1970/943
f 2882/1996/963 2883/1997/964 2884/1998/965
f 2882/1996/963 2884/1998/965 2885/1999/966
f 2886/2000/967 2887/2001/968 2888/2002/969
f 2886/2000/967 2888/2002/969 2889/2003/970
f 2890/2004/971 2891/2005/972 2892/2006/973
f 2890/2004/971 2892/2006/973 2893/2007/974
f 2894/2008/975 2895/2009/976 2896/2010/977
f 2894/2008/975 2896/2010/977 2897/2011/978
f 2898/2012/979 2899/2013/980 2900/2014/981
f 2898/2012/979 2900/2014/981 2901/2015/982
f 2902/2016/983 2903/2017/984 2904/2018/985
f 2902/2016/983 2904/2018/985 2905/2019/986
f 2906/2020/987 2907/2021/988 2908/2022/989
f 2906/2020/987 2908/2022/989 2909/2023/990
f 2889/2003/970 2888/2002/969 2910/2005/972
f 2889/2003/970 2910/2005/972 2911/2004/991
f 2893/2007/974 2892/2006/973 2895/2009/976
f 2893/2007/974 2895/2009/976 2894/2008/975
f 2912/2024/992 2913/2025/993 2899/2013/980
f 2912/2024/992 2899/2013/980 2898/2012/979
f 2914/2015/994 2915/2014/995 2916/2017/996
f 2914/2015/994 2916/2017/996 2917/2016/997
f 2905/2019/986 2904/2018/985 2918/2021/998
f 2905/2019/986 2918/2021/998 2919/2020/987
f 2920/2023/999 2921/2022/1000 2922/2026/1001
f 2920/2023/999 2922/2026/1001 2923/2027/1002
f 2923/2027/1002 2922/2026/1001 2924/2028/1003
f 2923/2027/1002 2924/2028/1003 2925/2029/1004
f 2925/2029/1004 2924/2028/1003 2926/1997/1005
f 2925/2029/1004 2926/1997/1005 2927/1996/1006
f 2928/1999/966 2929/1998/1007 2887/2001/968
f 2928/1999/966 2887/2001/968 2886/2000/967
f 2930/2011/1008 2931/2010/1009 2932/2030/1010
f 2930/2011/1008 2932/2030/1010 2933/2031/1011
f 2934/2032/1012 2935/2033/1013 2913/2025/993
f 2934/2032/1012 2913/2025/993 2912/2024/992
f 2936/2034/1014 2937/2035/1015 2938/2033/1016
f 2936/2034/1014 2938/2033/1016 2939/2032/1017
f 2933/2031/1011 2932/2030/1010 2940/2036/1018
f 2933/2031/1011 2940/2036/1018 2941/2037/1019
f 2942/2037/1020 2943/2036/1018 2944/2038/1021
f 2942/2037/1020 2944/2038/1021 2945/2039/1021
f 2945/2039/1021 2944/2038/1021 2946/2040/1021
f 2945/2039/1021 2946/2040/1021 2947/2041/1021
f 2947/2041/1021 2946/2040/1021 2948/2042/1021
f 2947/2041/1021 2948/2042/1021 2949/2043/1021
f 2949/2043/1021 2948/2042/1021 2950/2044/1021
f 2949/2043/1021 2950/2044/1021 2951/2045/1021
f 2952/2045/1021 2953/2044/1021 2954/2046/1021
f 2952/2045/1021 2954/2046/1021 2955/2047/1021
f 2955/2047/1021 2954/2046/1021 2956/2048/1021
f 2955/2047/1021 2956/2048/1021 2957/2049/1021
f 2957/2049/1021 2956/2048/1021 2958/2050/1021
f 2957/2049/1021 2958/2050/1021 2959/2051/1021
f 2959/2051/1021 2958/2050/1021 2960/2052/1021
f 2959/2051/1021 2960/2052/1021 2961/2053/1021
f 2962/2053/1021 2963/2052/1021 2964/2054/1021
f 2962/2053/1021 2964/2054/1021 2965/2055/1021
f 2965/2055/1021 2964/2054/1021 2966/2056/1021
f 2965/2055/1021 2966/2056/1021 2967/2057/1021
f 2967/2057/1021 2966/2056/1021 2968/2058/1021
f 2967/2057/1021 2968/2058/1021 2969/2059/1021
f 2969/2059/1021 2968/2058/1021 2970/2060/1021
f 2969/2059/1021 2970/2060/1021 2971/2061/1021
f 2972/2061/1021 2973/2060/1021 2974/2062/1021
f 2972/2061/1021 2974/2062/1021 2975/2063/1021
f 2975/2063/1021 2974/2062/1021 2937/2035/1015
f 2975/2063/1021 2937/2035/1015 2936/2034/1014
f 2976/2064/1022 2977/2065/1022 2978/2066/1022
f 2976/2064/1022 2978/2066/1022 2979/2067/1022
f 2980/2068/1023 2981/2069/1024 2982/2070/1025
f 2980/2068/1023 2982/2070/1025 2983/2071/1026
f 2984/2072/1022 2985/2073/1022 2977/2065/1022
f 2984/2072/1022 2977/2065/1022 2976/2064/1022
f 2986/2074/1027 2987/2075/1028 2988/2076/1029
f 2986/2074/1027 2988/2076/1029 2989/2077/1030
f 2990/2078/1022 2991/2079/1022 2992/2073/1022
f 2990/2078/1022 2992/2073/1022 2993/2072/1022
f 2994/2080/1031 2995/2081/1032 2996/2082/1033
f 2994/2080/1031 2996/2082/1033 2997/2083/1034
f 2998/2084/1022 2999/2085/1022 2991/2079/1022
f 2998/2084/1022 2991/2079/1022 2990/2078/1022
f 3000/2086/1035 3001/2087/1035 3002/2081/1032
f 3000/2086/1035 3002/2081/1032 3003/2080/1036
f 3004/2088/1037 3005/2089/1038 3006/2090/1039
f 3004/2088/1037 3006/2090/1039 3007/2091/1040
f 3008/2092/1022 3009/2093/1022 2999/2085/1022
f 3008/2092/1022 2999/2085/1022 2998/2084/1022
f 3007/2091/1040 3006/2090/1039 3010/2087/1041
f 3007/2091/1040 3010/2087/1041 3011/2086/1042
f 3012/2094/1043 3013/2095/1044 3014/2096/1045
f 3012/2094/1043 3014/2096/1045 3015/2097/1046
f 3016/2098/1022 3017/2099/1022 3009/2093/1022
f 3016/2098/1022 3009/2093/1022 3008/2092/1022
f 3015/2097/1046 3014/2096/1045 3018/2089/1047
f 3015/2097/1046 3018/2089/1047 3019/2088/1048
f 3020/2100/1049 3021/2101/1050 3022/2102/1051
f 3020/2100/1049 3022/2102/1051 3023/2103/1052
f 3024/2104/1022 3025/2105/1022 3026/2099/1022
f 3024/2104/1022 3026/2099/1022 3027/2098/1022
f 3028/2106/1053 3029/2107/1053 3030/2108/1054
f 3028/2106/1053 3030/2108/1054 3031/2109/1055
f 3031/2109/1055 3030/2108/1054 3032/2110/1056
f 3031/2109/1055 3032/2110/1056 3033/2111/1057
f 3034/2112/1022 3035/2113/1022 3025/2105/1022
f 3034/2112/1022 3025/2105/1022 3024/2104/1022
f 3036/2114/1058 3037/2115/1059 3038/2116/1060
f 3036/2114/1058 3038/2116/1060 3039/2117/1061
f 2983/2071/1026 2982/2070/1025 3040/2118/1062
f 2983/2071/1026 3040/2118/1062 3041/2119/1063
f 3042/2120/1022 3043/2121/1022 3035/2113/1022
f 3042/2120/1022 3035/2113/1022 3034/2112/1022
f 3044/2122/1064 3045/2123/1064 3046/2124/1065
f 3044/2122/1064 3046/2124/1065 3047/2125/1066
f 3048/2126/1029 3049/2127/1067 3050/2069/1068
f 3048/2126/1029 3050/2069/1068 3051/2068/1069
f 3052/2128/1022 3053/2129/1022 3043/2121/1022
f 3052/2128/1022 3043/2121/1022 3042/2120/1022
f 3054/2130/1070 3055/2131/1071 3056/2132/1072
f 3054/2130/1070 3056/2132/1072 3057/2133/1072
f 2997/2083/1034 2996/2082/1033 2987/2075/1028
f 2997/2083/1034 2987/2075/1028 2986/2074/1027
f 3047/2125/1066 3046/2124/1065 3058/2129/1022
f 3047/2125/1066 3058/2129/1022 3059/2128/1022
f 3060/2134/1022 3061/2135/1022 3055/2131/1071
f 3060/2134/1022 3055/2131/1071 3054/2130/1070
f 3023/2103/1052 3022/2102/1051 3062/2136/1073
f 3023/2103/1052 3062/2136/1073 3063/2137/1074
f 3064/2138/1022 3065/2139/1022 3066/2135/1022
f 3064/2138/1022 3066/2135/1022 3067/2134/1022
f 3033/2111/1057 3032/2110/1056 3068/2101/1075
f 3033/2111/1057 3068/2101/1075 3069/2100/1076
f 2979/2067/1022 2978/2066/1022 3065/2139/1022
f 2979/2067/1022 3065/2139/1022 3064/2138/1022
f 3041/2119/1063 3040/2118/1062 3070/2115/1058
f 3041/2119/1063 3070/2115/1058 3071/2114/1058
f 3072/2140/1077 3073/2141/1078 3074/2142/1079
f 3072/2140/1077 3074/2142/1079 3075/2143/1080
f 3083/2144/1081 3084/2145/1082 3085/2146/1083
f 3083/2144/1081 3085/2146/1083 3086/2147/1084
f 3087/2148/1085 3088/2149/1086 3089/2150/1087
f 3087/2148/1085 3089/2150/1087 3090/2151/1088
f 3091/2152/1089 3092/2153/1090 3093/2154/1091
f 3091/2152/1089 3093/2154/1091 3094/2155/1092
f 3096/2156/1093 3097/2157/1094 3084/2145/1082
f 3096/2156/1093 3084/2145/1082 3083/2144/1081
f 3098/2147/1095 3099/2146/1095 3100/2149/1086
f 3098/2147/1095 3100/2149/1086 3101/2148/1096
f 3090/2151/1088 3089/2150/1087 3102/2153/1097
f 3090/2151/1088 3102/2153/1097 3103/2152/1098
f 3104/2155/1099 3105/2154/1100 3106/2158/1101
f 3104/2155/1099 3106/2158/1101 3107/2159/1102
f 3107/2159/1102 3106/2158/1101 3108/2160/1103
f 3107/2159/1102 3108/2160/1103 3109/2161/1104
f 3109/2161/1104 3108/2160/1103 3073/2141/1078
f 3109/2161/1104 3073/2141/1078 3072/2140/1077
f 3110/2143/1105 3111/2142/1106 3077/2162/1107
f 3110/2143/1105 3077/2162/1107 3076/2163/1108
f 3114/2164/1109 3115/2165/1110 3097/2157/1094
f 3114/2164/1109 3097/2157/1094 3096/2156/1093
f 3116/2166/1111 3117/2167/1112 3118/2165/1113
f 3116/2166/1111 3118/2165/1113 3119/2164/1114
f 3121/2168/1115 3122/2169/1115 3123/2170/1116
f 3123/2170/1116 3122/2169/1115 3124/2171/1116
f 3123/2170/1116 3124/2171/1116 3125/2172/1116
f 3126/2172/1115 3127/2171/1116 3128/2173/1115
f 3126/2172/1115 3128/2173/1115 3129/2174/1116
f 3129/2174/1116 3128/2173/1115 3130/2175/1115
f 3129/2174/1116 3130/2175/1115 3131/2176/1116
f 3131/2176/1116 3130/2175/1115 3132/2177/1115
f 3131/2176/1116 3132/2177/1115 3133/2178/1115
f 3133/2178/1115 3132/2177/1115 3134/2179/1115
f 3133/2178/1115 3134/2179/1115 3135/2180/1115
f 3135/2180/1115 3134/2179/1115 3136/2181/1115
f 3135/2180/1115 3136/2181/1115 3137/2182/1115
f 3138/2182/1115 3139/2181/1116 3140/2183/1115
f 3138/2182/1115 3140/2183/1115 3141/2184/1115
f 3141/2184/1115 3140/2183/1115 3142/2185/1115
f 3141/2184/1115 3142/2185/1115 3143/2186/1116
f 3143/2186/1116 3142/2185/1115 3144/2187/1116
f 3143/2186/1116 3144/2187/1116 3145/2188/1115
f 3145/2188/1115 3144/2187/1116 3146/2189/1116
f 3145/2188/1115 3146/2189/1116 3147/2190/1116
f 3148/2190/1116 3149/2189/1115 3150/2191/1116
f 3148/2190/1116 3150/2191/1116 3151/2192/1116
f 3151/2192/1116 3150/2191/1116 3117/2167/1112
f 3151/2192/1116 3117/2167/1112 3116/2166/1111
f 3152/2193/1117 3153/2194/1117 3154/2195/1117
f 3152/2193/1117 3154/2195/1117 3155/2196/1117
f 3156/2197/1118 3157/2198/1119 3158/2199/1120
f 3156/2197/1118 3158/2199/1120 3159/2200/1121
f 3160/2201/1117 3161/2202/1117 3162/2194/1117
f 3160/2201/1117 3162/2194/1117 3163/2193/1117
f 3164/2203/1122 3165/2204/1123 3166/2205/1124
f 3164/2203/1122 3166/2205/1124 3167/2206/1125
f 3168/2207/1117 3169/2208/1117 3170/2202/1117
f 3168/2207/1117 3170/2202/1117 3171/2201/1117
f 3172/2209/1126 3173/2210/1127 3174/2211/1128
f 3172/2209/1126 3174/2211/1128 3175/2212/1129
f 3176/2213/1117 3177/2214/1117 3169/2208/1117
f 3176/2213/1117 3169/2208/1117 3168/2207/1117
f 3178/2215/1130 3179/2216/1131 3180/2210/1127
f 3178/2215/1130 3180/2210/1127 3181/2209/1132
f 3182/2217/1133 3183/2218/1134 3184/2219/1135
f 3182/2217/1133 3184/2219/1135 3185/2220/1136
f 3186/2221/1117 3187/2222/1117 3177/2214/1117
f 3186/2221/1117 3177/2214/1117 3176/2213/1117
f 3185/2220/1136 3184/2219/1135 3188/2216/1137
f 3185/2220/1136 3188/2216/1137 3189/2215/1138
f 3190/2223/1139 3191/2224/1140 3192/2225/1141
f 3190/2223/1139 3192/2225/1141 3193/2226/1142
f 3194/2227/1117 3195/2228/1117 3187/2222/1117
f 3194/2227/1117 3187/2222/1117 3186/2221/1117
f 3196/2226/1141 3197/2225/1143 3198/2218/1133
f 3196/2226/1141 3198/2218/1133 3199/2217/1134
f 3200/2229/1144 3201/2230/1145 3202/2231/1146
f 3200/2229/1144 3202/2231/1146 3203/2232/1147
f 3204/2233/1117 3205/2234/1117 3206/2228/1117
f 3204/2233/1117 3206/2228/1117 3207/2227/1117
f 3208/2235/1148 3209/2236/1149 3210/2237/1150
f 3208/2235/1148 3210/2237/1150 3211/2238/1151
f 3211/2238/1151 3210/2237/1150 3212/2239/1152
f 3211/2238/1151 3212/2239/1152 3213/2240/1153
f 3214/2241/1117 3215/2242/1117 3205/2234/1117
f 3214/2241/1117 3205/2234/1117 3204/2233/1117
f 3216/2243/1154 3217/2244/1154 3218/2245/1155
f 3216/2243/1154 3218/2245/1155 3219/2246/1156
f 3159/2200/1121 3158/2199/1120 3220/2247/1157
f 3159/2200/1121 3220/2247/1157 3221/2248/1158
f 3222/2249/1117 3223/2250/1117 3215/2242/1117
f 3222/2249/1117 3215/2242/1117 3214/2241/1117
f 3224/2251/1159 3225/2252/1160 3226/2253/1161
f 3224/2251/1159 3226/2253/1161 3227/2254/1162
f 3228/2255/1163 3229/2256/1125 3230/2198/1164
f 3228/2255/1163 3230/2198/1164 3231/2197/1165
f 3232/2257/1117 3233/2258/1117 3223/2250/1117
f 3232/2257/1117 3223/2250/1117 3222/2249/1117
f 3234/2259/1166 3235/2260/1167 3236/2261/1168
f 3234/2259/1166 3236/2261/1168 3237/2262/1169
f 3175/2212/1129 3174/2211/1128 3165/2204/1123
f 3175/2212/1129 3165/2204/1123 3164/2203/1122
f 3227/2254/1162 3226/2253/1161 3238/2258/1117
f 3227/2254/1162 3238/2258/1117 3239/2257/1117
f 3240/2263/1117 3241/2264/1117 3235/2260/1167
f 3240/2263/1117 3235/2260/1167 3234/2259/1166
f 3242/2265/1170 3243/2266/1171 3244/2224/1172
f 3242/2265/1170 3244/2224/1172 3245/2223/1173
f 3246/2267/1117 3247/2268/1117 3241/2264/1117
f 3246/2267/1117 3241/2264/1117 3240/2263/1117
f 3213/2240/1153 3212/2239/1152 3248/2230/1174
f 3213/2240/1153 3248/2230/1174 3249/2229/1175
f 3155/2196/1117 3154/2195/1117 3247/2268/1117
f 3155/2196/1117 3247/2268/1117 3246/2267/1117
f 3221/2248/1158 3220/2247/1157 3250/2244/1154
f 3221/2248/1158 3250/2244/1154 3251/2243/1154
f 3252/2269/1176 3253/2270/48 3254/2271/48
f 3252/2269/1176 3254/2271/48 3255/2272/1176
f 3256/2273/1177 3257/2274/60 3258/2275/60
f 3256/2273/1177 3258/2275/60 3259/2276/1177
f 3260/2277/92 3261/2278/64 3262/2279/64
f 3260/2277/92 3262/2279/64 3263/2280/92
f 3264/2281/94 3265/2282/56 3266/2283/56
f 3264/2281/94 3266/2283/56 3267/2284/94
f 3268/2285/1178 3269/2286/151 3270/2287/151
f 3268/2285/1178 3270/2287/151 3271/2288/1178
f 3272/2289/141 3273/2290/45 3274/2291/1179
f 3272/2289/141 3274/2291/1179 3275/2292/141
f 3276/2293/8 3277/2294/98 3278/2295/98
f 3276/2293/8 3278/2295/98 3279/2296/8
f 3280/2297/1180 3281/2273/58 3282/2276/1181
f 3280/2297/1180 3282/2276/1181 3283/2298/1182
f 3265/2282/56 3284/2277/1183 3285/2280/1183
f 3265/2282/56 3285/2280/1183 3266/2283/56
f 3286/2286/151 3287/2299/63 3288/2300/63
f 3286/2286/151 3288/2300/63 3289/2287/151
f 3290/2290/1184 3268/2285/1178 3271/2288/1178
f 3290/2290/1184 3271/2288/1178 3291/2291/1185
f 3292/2301/1186 3272/2289/141 3275/2292/141
f 3292/2301/1186 3275/2292/141 3293/2302/69
f 3294/2303/7 3295/2293/101 3296/2296/101
f 3294/2303/7 3296/2296/101 3297/2304/7
f 3298/2305/46 3299/2303/1187 3300/2304/1187
f 3298/2305/46 3300/2304/1187 3301/2306/46
f 3253/2270/48 3298/2305/46 3301/2306/46
f 3253/2270/48 3301/2306/46 3254/2271/48
f 3302/2274/60 3303/2269/1176 3304/2272/1176
f 3302/2274/60 3304/2272/1176 3305/2275/60
f 3306/2307/39 3307/2281/94 3308/2284/94
f 3306/2307/39 3308/2284/94 3309/2308/39
f 3310/2299/66 3311/2309/36 3312/2310/36
f 3310/2299/66 3312/2310/36 3313/2300/63
f 3314/2311/24 3315/2312/68 3316/2313/68
f 3314/2311/24 3316/2313/68 3317/2314/24
f 3318/2315/5 3319/2316/1188 3320/2317/1188
f 3318/2315/5 3320/2317/1188 3321/2318/5
f 3322/2319/6 3323/2320/5 3324/2321/5
f 3322/2319/6 3324/2321/5 3325/2322/1188
f 3326/2323/5 3327/2324/6 3328/2325/6
f 3326/2323/5 3328/2325/6 3329/2326/5
f 3330/2327/6 3331/2328/1189 3332/2329/6
f 3330/2327/6 3332/2329/6 3333/2330/6
f 3334/2331/5 3335/2332/5 3336/2333/5
f 3334/2331/5 3336/2333/5 3337/2334/5
f 3338/2335/5 3339/2336/1188 3340/2337/1188
f 3338/2335/5 3340/2337/1188 3341/2338/5
f 3342/2339/5 3343/2340/6 3344/2341/6
f 3342/2339/5 3344/2341/6 3345/2342/5
f 3346/2320/5 3347/2323/5 3348/2326/5
f 3346/2320/5 3348/2326/5 3349/2321/5
f 3327/2324/6 3350/2327/5 3351/2330/5
f 3327/2324/6 3351/2330/5 3328/2325/6
f 3352/2343/5 3334/2331/5 3337/2334/5
f 3352/2343/5 3337/2334/5 3353/2344/5
f 3354/2332/42 3338/2335/5 3341/2338/5
f 3354/2332/42 3341/2338/5 3355/2333/42
f 3356/2336/5 3342/2339/5 3345/2342/5
f 3356/2336/5 3345/2342/5 3357/2337/5
f 3358/2340/5 3359/2345/5 3360/2346/5
f 3358/2340/5 3360/2346/5 3361/2341/5
f 3359/2345/5 3362/2347/1188 3363/2348/1188
f 3359/2345/5 3363/2348/1188 3360/2346/5
f 3362/2347/1188 3364/2315/5 3365/2318/5
f 3362/2347/1188 3365/2318/5 3363/2348/1188
f 3319/2316/1188 3322/2319/6 3325/2322/1188
f 3319/2316/1188 3325/2322/1188 3320/2317/1188
f 3366/2328/6 3367/2349/5 3368/2350/5
f 3366/2328/6 3368/2350/5 3369/2329/6
f 3370/2351/1190 3371/2343/6 3372/2344/6
f 3370/2351/1190 3372/2344/6 3373/2352/1190
f 3374/2349/42 3375/2351/1191 3376/2352/1191
f 3374/2349/42 3376/2352/1191 3377/2350/42
f 3378/2353/52 3379/2354/48 3380/2355/48
f 3378/2353/52 3380/2355/48 3381/2356/52
f 3382/2357/93 3383/2358/60 3384/2359/1192
f 3382/2357/93 3384/2359/1192 3385/2360/158
f 3386/2361/1193 3387/2362/64 3388/2363/64
f 3386/2361/1193 3388/2363/64 3389/2364/1193
f 3390/2365/94 3391/2366/91 3392/2367/91
f 3390/2365/94 3392/2367/91 3393/2368/94
f 3394/2369/142 3395/2370/62 3396/2371/62
f 3394/2369/142 3396/2371/62 3397/2372/1178
f 3398/2373/141 3399/2374/45 3400/2375/1179
f 3398/2373/141 3400/2375/1179 3401/2376/141
f 3402/2377/1194 3403/2378/98 3404/2379/47
f 3402/2377/1194 3404/2379/47 3405/2380/1195
f 3406/2381/128 3407/2357/1196 3408/2360/158
f 3406/2381/128 3408/2360/158 3409/2382/157
f 3391/2366/91 3410/2361/1183 3411/2364/1197
f 3391/2366/91 3411/2364/1197 3392/2367/91
f 3412/2370/151 3413/2383/63 3414/2384/63
f 3412/2370/151 3414/2384/63 3415/2371/1198
f 3416/2374/1199 3394/2369/142 3397/2372/1178
f 3416/2374/1199 3397/2372/1178 3417/2375/1199
f 3418/2385/47 3398/2373/141 3401/2376/141
f 3418/2385/47 3401/2376/141 3419/2386/98
f 3420/2387/7 3421/2377/8 3422/2380/101
f 3420/2387/7 3422/2380/101 3423/2388/7
f 3424/2389/46 3425/2387/1187 3426/2388/7
f 3424/2389/46 3426/2388/7 3427/2390/46
f 3379/2354/48 3424/2389/46 3427/2390/46
f 3379/2354/48 3427/2390/46 3380/2355/48
f 3428/2358/60 3429/2353/52 3430/2356/52
f 3428/2358/60 3430/2356/52 3431/2359/1192
f 3432/2391/39 3433/2365/94 3434/2368/94
f 3432/2391/39 3434/2368/94 3435/2392/39
f 3436/2383/66 3437/2393/36 3438/2394/36
f 3436/2383/66 3438/2394/36 3439/2384/63
f 3440/2395/68 3441/2396/68 3442/2397/68
f 3440/2395/68 3442/2397/68 3443/2398/68
f 3444/2399/5 3445/2400/5 3446/2401/6
f 3444/2399/5 3446/2401/6 3447/2402/5
f 3448/2403/5 3449/2404/1191 3450/2405/5
f 3448/2403/5 3450/2405/5 3451/2406/5
f 3452/2407/6 3453/2408/5 3454/2409/5
f 3452/2407/6 3454/2409/5 3455/2410/6
f 3456/2411/6 3457/2412/5 3458/2413/5
f 3456/2411/6 3458/2413/5 3459/2414/6
f 3460/2415/5 3461/2416/5 3462/2417/5
f 3460/2415/5 3462/2417/5 3463/2418/5
f 3464/2419/6 3465/2420/5 3466/2421/5
f 3464/2419/6 3466/2421/5 3467/2422/6
f 3468/2423/5 3469/2424/6 3470/2425/6
f 3468/2423/5 3470/2425/6 3471/2426/5
f 3472/2404/5 3473/2407/6 3474/2410/6
f 3472/2404/5 3474/2410/6 3475/2405/5
f 3453/2408/5 3476/2411/5 3477/2414/5
f 3453/2408/5 3477/2414/5 3454/2409/5
f 3478/2427/5 3460/2415/5 3463/2418/5
f 3478/2427/5 3463/2418/5 3479/2428/5
f 3480/2416/6 3464/2419/6 3467/2422/6
f 3480/2416/6 3467/2422/6 3481/2417/6
f 3482/2420/5 3468/2423/5 3471/2426/5
f 3482/2420/5 3471/2426/5 3483/2421/6
f 3484/2424/6 3485/2429/1191 3486/2430/1191
f 3484/2424/6 3486/2430/1191 3487/2425/6
f 3485/2429/1191 3488/2431/1189 3489/2432/1191
f 3485/2429/1191 3489/2432/1191 3486/2430/1191
f 3488/2431/1189 3490/2399/1189 3491/2402/1189
f 3488/2431/1189 3491/2402/1189 3489/2432/1191
f 3445/2400/5 3448/2403/5 3451/2406/5
f 3445/2400/5 3451/2406/5 3446/2401/6
f 3492/2412/6 3493/2433/6 3494/2434/6
f 3492/2412/6 3494/2434/6 3495/2413/6
f 3496/2435/6 3497/2427/5 3498/2428/5
f 3496/2435/6 3498/2428/5 3499/2436/6
f 3500/2433/1191 3501/2435/42 3502/2436/42
f 3500/2433/1191 3502/2436/42 3503/2434/1191
f 3504/2437/1200 3505/2438/1201 3506/2439/1202
f 3504/2437/1200 3506/2439/1202 3507/2440/1200
f 3508/2441/1203 3509/2442/1204 3510/2443/1204
f 3508/2441/1203 3510/2443/1204 3511/2444/1203
f 3512/2445/1205 3513/2446/1206 3514/2447/1206
f 3512/2445/1205 3514/2447/1206 3515/2448/1207
f 3516/2449/1208 3517/2450/1209 3518/2451/1210
f 3516/2449/1208 3518/2451/1210 3519/2452/1208
f 3520/2453/1211 3521/2454/1212 3522/2455/1213
f 3520/2453/1211 3522/2455/1213 3523/2456/1211
f 3524/2457/1214 3525/2458/1215 3526/2459/1215
f 3524/2457/1214 3526/2459/1215 3527/2460/1214
f 3528/2461/1216 3529/2462/1217 3530/2463/1217
f 3528/2461/1216 3530/2463/1217 3531/2464/1218
f 3532/2442/1219 3533/2465/1220 3534/2466/1221
f 3532/2442/1219 3534/2466/1221 3535/2443/1219
f 3513/2446/1206 3516/2449/1208 3519/2452/1208
f 3513/2446/1206 3519/2452/1208 3514/2447/1206
f 3536/2467/1222 3520/2453/1211 3523/2456/1211
f 3536/2467/1222 3523/2456/1211 3537/2468/1222
f 3538/2469/1223 3524/2457/1214 3527/2460/1214
f 3538/2469/1223 3527/2460/1214 3539/2470/1224
f 3525/2458/1215 3540/2461/1216 3541/2464/1216
f 3525/2458/1215 3541/2464/1216 3526/2459/1215
f 3529/2462/1217 3542/2471/1225 3543/2472/1225
f 3529/2462/1217 3543/2472/1225 3530/2463/1217
f 3542/2471/1225 3544/2473/76 3545/2474/76
f 3542/2471/1225 3545/2474/76 3543/2472/1225
f 3544/2473/76 3546/2437/1200 3547/2440/1226
f 3544/2473/76 3547/2440/1226 3545/2474/76
f 3548/2438/1227 3508/2441/1203 3511/2444/1203
f 3548/2438/1227 3511/2444/1203 3549/2439/1228
f 3550/2450/1229 3551/2475/187 3552/2476/187
f 3550/2450/1229 3552/2476/187 3553/2451/1230
f 3554/2477/189 3536/2467/1222 3537/2468/1222
f 3554/2477/189 3537/2468/1222 3555/2478/189
f 3556/2479/24 3557/2480/23 3558/2481/23
f 3556/2479/24 3558/2481/23 3559/2482/24
f 3560/2483/23 3561/2484/68 3562/2485/68
f 3560/2483/23 3562/2485/68 3563/2486/23
f 3561/2484/68 3564/2487/23 3565/2488/23
f 3561/2484/68 3565/2488/23 3562/2485/68
f 3566/2487/68 3567/2489/24 3568/2490/24
f 3566/2487/68 3568/2490/24 3569/2488/68
f 3567/2489/24 3570/2491/68 3571/2492/68
f 3567/2489/24 3571/2492/68 3568/2490/24
f 3570/2491/68 3572/2493/23 3573/2494/23
f 3570/2491/68 3573/2494/23 3571/2492/68
f 3572/2493/23 3574/2495/68 3575/2496/68
f 3572/2493/23 3575/2496/68 3573/2494/23
f 3576/2495/68 3577/2497/68 3578/2498/68
f 3576/2495/68 3578/2498/68 3579/2496/23
f 3577/2497/68 3580/2499/24 3581/2500/24
f 3577/2497/68 3581/2500/24 3578/2498/68
f 3580/2499/24 3582/2501/68 3583/2502/68
f 3580/2499/24 3583/2502/68 3581/2500/24
f 3582/2501/68 3584/2503/23 3585/2504/23
f 3582/2501/68 3585/2504/23 3583/2502/68
f 3584/2503/23 3586/2505/180 3587/2506/180
f 3584/2503/23 3587/2506/180 3585/2504/23
f 3588/2505/68 3589/2507/24 3590/2508/24
f 3588/2505/68 3590/2508/24 3591/2506/68
f 3589/2507/24 3592/2509/24 3593/2510/24
f 3589/2507/24 3593/2510/24 3590/2508/24
f 3592/2509/24 3594/2511/68 3595/2512/68
f 3592/2509/24 3595/2512/68 3593/2510/24
f 3594/2511/68 3556/2479/24 3559/2482/24
f 3594/2511/68 3559/2482/24 3595/2512/68
f 3596/2513/160 3597/2514/160 3598/2515/160
f 3596/2513/160 3598/2515/160 3599/2516/160
f 3600/2517/161 3601/2518/160 3602/2519/160
f 3600/2517/161 3602/2519/160 3603/2520/161
f 3604/2521/162 3605/2522/160 3606/2523/160
f 3604/2521/162 3606/2523/160 3607/2524/162
f 3608/2525/160 3609/2526/160 3610/2527/160
f 3608/2525/160 3610/2527/160 3611/2528/160
f 3612/2529/162 3613/2530/160 3614/2531/160
f 3612/2529/162 3614/2531/160 3615/2532/162
f 3616/2533/160 3617/2534/160 3618/2535/160
f 3616/2533/160 3618/2535/160 3619/2536/160
f 3620/2537/1231 3621/2538/162 3622/2539/162
f 3620/2537/1231 3622/2539/162 3623/2540/1231
f 3624/2522/160 3625/2517/161 3626/2520/161
f 3624/2522/160 3626/2520/161 3627/2523/160
f 3609/2526/160 3628/2521/162 3629/2524/162
f 3609/2526/160 3629/2524/162 3610/2527/160
f 3613/2530/160 3630/2541/162 3631/2542/160
f 3613/2530/160 3631/2542/160 3614/2531/160
f 3632/2534/160 3612/2529/162 3615/2532/162
f 3632/2534/160 3615/2532/162 3633/2535/160
f 3621/2538/162 3634/2533/160 3635/2536/160
f 3621/2538/162 3635/2536/160 3622/2539/162
f 3636/2543/160 3637/2537/1231 3638/2540/1231
f 3636/2543/160 3638/2540/1231 3639/2544/160
f 3640/2545/160 3641/2543/160 3642/2544/160
f 3640/2545/160 3642/2544/160 3643/2546/160
f 3597/2514/160 3640/2545/160 3643/2546/160
f 3597/2514/160 3643/2546/160 3598/2515/160
f 3601/2518/160 3644/2513/160 3645/2516/160
f 3601/2518/160 3645/2516/160 3602/2519/160
f 3646/2547/1232 3608/2525/160 3611/2528/160
f 3646/2547/1232 3611/2528/160 3647/2548/1232
f 3648/2541/162 3649/2549/1232 3650/2550/1232
f 3648/2541/162 3650/2550/1232 3651/2542/162
f 3652/2549/162 3653/2551/160 3654/2552/1231
f 3652/2549/162 3654/2552/1231 3655/2550/1233
f 3656/2553/162 3657/2547/162 3658/2548/162
f 3656/2553/162 3658/2548/162 3659/2554/162
f 3660/2555/160 3656/2553/162 3659/2554/162
f 3660/2555/160 3659/2554/162 3661/2556/160
f 3662/2557/160 3660/2555/160 3661/2556/160
f 3662/2557/160 3661/2556/160 3663/2558/160
f 3664/2559/160 3665/2557/160 3666/2558/160
f 3664/2559/160 3666/2558/160 3667/2560/160
f 3668/2561/160 3664/2559/160 3667/2560/160
f 3668/2561/160 3667/2560/160 3669/2562/160
f 3670/2563/160 3668/2561/160 3669/2562/160
f 3670/2563/160 3669/2562/160 3671/2564/160
f 3672/2565/160 3670/2563/160 3671/2564/160
f 3672/2565/160 3671/2564/160 3673/2566/160
f 3674/2567/160 3675/2565/160 3676/2566/160
f 3674/2567/160 3676/2566/160 3677/2568/160
f 3678/2569/160 3674/2567/160 3677/2568/160
f 3678/2569/160 3677/2568/160 3679/2570/160
f 3680/2571/160 3678/2569/160 3679/2570/160
f 3680/2571/160 3679/2570/160 3681/2572/160
f 3682/2573/160 3680/2571/160 3681/2572/160
f 3682/2573/160 3681/2572/160 3683/2574/162
f 3684/2575/1231 3685/2573/160 3686/2574/160
f 3684/2575/1231 3686/2574/160 3687/2576/1231
f 3688/2577/160 3689/2575/1231 3690/2576/1231
f 3688/2577/160 3690/2576/1231 3691/2578/160
f 3692/2579/160 3688/2577/160 3691/2578/160
f 3692/2579/160 3691/2578/160 3693/2580/160
f 3653/2551/160 3692/2579/160 3693/2580/160
f 3653/2551/160 3693/2580/160 3654/2552/1231
f 3694/2581/1234 3695/2582/1235 3696/2583/1235
f 3694/2581/1234 3696/2583/1235 3697/2584/1236
f 3698/2585/1237 3699/2586/1238 3700/2587/1238
f 3698/2585/1237 3700/2587/1238 3701/2588/1239
f 3702/2589/1240 3703/2590/1241 3704/2591/1241
f 3702/2589/1240 3704/2591/1241 3705/2592/1240
f 3706/2593/1242 3707/2594/1243 3708/2595/1243
f 3706/2593/1242 3708/2595/1243 3709/2596/1242
f 3710/2597/1244 3711/2598/1245 3712/2599/1246
f 3710/2597/1244 3712/2599/1246 3713/2600/1244
f 3714/2601/1247 3715/2602/1248 3716/2603/1248
f 3714/2601/1247 3716/2603/1248 3717/2604/1247
f 3718/2605/1249 3719/2606/1250 3720/2607/1250
f 3718/2605/1249 3720/2607/1250 3721/2608/1249
f 3699/2586/1238 3722/2609/1251 3723/2610/1251
f 3699/2586/1238 3723/2610/1251 3700/2587/1238
f 3703/2590/1241 3706/2593/1242 3709/2596/1242
f 3703/2590/1241 3709/2596/1242 3704/2591/1241
f 3724/2611/1252 3710/2597/1244 3713/2600/1244
f 3724/2611/1252 3713/2600/1244 3725/2612/1252
f 3726/2598/1253 3727/2613/1254 3728/2614/1255
f 3726/2598/1253 3728/2614/1255 3729/2599/1256
f 3715/2602/1248 3730/2605/1249 3731/2608/1249
f 3715/2602/1248 3731/2608/1249 3716/2603/1248
f 3732/2606/1250 3733/2615/1257 3734/2616/1257
f 3732/2606/1250 3734/2616/1257 3735/2607/1250
f 3733/2615/1257 3736/2617/76 3737/2618/76
f 3733/2615/1257 3737/2618/76 3734/2616/1257
f 3736/2617/76 3738/2581/1258 3739/2584/1258
f 3736/2617/76 3739/2584/1258 3737/2618/76
f 3740/2582/1259 3698/2585/1237 3701/2588/1239
f 3740/2582/1259 3701/2588/1239 3741/2583/1260
f 3742/2594/1261 3743/2619/1262 3744/2620/1262
f 3742/2594/1261 3744/2620/1262 3745/2595/1261
f 3746/2621/5 3724/2611/1252 3725/2612/1252
f 3746/2621/5 3725/2612/1252 3747/2622/5
f 3748/2623/24 3749/2624/23 3750/2625/23
f 3748/2623/24 3750/2625/23 3751/2626/24
f 3752/2627/68 3753/2628/23 3754/2629/23
f 3752/2627/68 3754/2629/23 3755/2630/68
f 3756/2628/68 3757/2631/23 3758/2632/23
f 3756/2628/68 3758/2632/23 3759/2629/68
f 3757/2631/23 3760/2633/24 3761/2634/24
f 3757/2631/23 3761/2634/24 3758/2632/23
f 3760/2633/24 3762/2635/180 3763/2636/180
f 3760/2633/24 3763/2636/180 3761/2634/24
f 3762/2635/180 3764/2637/180 3765/2638/180
f 3762/2635/180 3765/2638/180 3763/2636/180
f 3766/2637/180 3767/2639/180 3768/2640/180
f 3766/2637/180 3768/2640/180 3769/2638/180
f 3767/2639/180 3770/2641/180 3771/2642/180
f 3767/2639/180 3771/2642/180 3768/2640/180
f 3770/2641/180 3772/2643/23 3773/2644/23
f 3770/2641/180 3773/2644/23 3771/2642/180
f 3772/2643/23 3774/2645/180 3775/2646/180
f 3772/2643/23 3775/2646/180 3773/2644/23
f 3776/2645/24 3777/2647/23 3778/2648/23
f 3776/2645/24 3778/2648/23 3779/2646/24
f 3777/2647/23 3780/2649/23 3781/2650/23
f 3777/2647/23 3781/2650/23 3778/2648/23
f 3780/2649/23 3782/2651/23 3783/2652/23
f 3780/2649/23 3783/2652/23 3781/2650/23
f 3782/2651/23 3784/2653/180 3785/2654/180
f 3782/2651/23 3785/2654/180 3783/2652/23
f 3786/2653/24 3787/2655/180 3788/2656/24
f 3786/2653/24 3788/2656/24 3789/2654/24
f 3787/2655/180 3748/2623/24 3751/2626/24
f 3787/2655/180 3751/2626/24 3788/2656/24
f 3790/2657/36 3791/2658/198 3792/2659/198
f 3790/2657/36 3792/2659/198 3793/2660/36
f 3794/2661/198 3795/2662/36 3796/2663/36
f 3794/2661/198 3796/2663/36 3797/2664/198
f 3798/2665/36 3799/2666/36 3800/2667/36
f 3798/2665/36 3800/2667/36 3801/2668/36
f 3802/2669/36 3803/2670/119 3804/2671/119
f 3802/2669/36 3804/2671/119 3805/2672/36
f 3806/2673/36 3807/2674/36 3808/2675/36
f 3806/2673/36 3808/2675/36 3809/2676/36
f 3810/2677/36 3811/2678/198 3812/2679/198
f 3810/2677/36 3812/2679/198 3813/2680/36
f 3814/2681/198 3815/2682/36 3816/2683/36
f 3814/2681/198 3816/2683/36 3817/2684/198
f 3799/2666/36 3818/2661/198 3819/2664/198
f 3799/2666/36 3819/2664/198 3800/2667/36
f 3803/2670/119 3820/2665/36 3821/2668/36
f 3803/2670/119 3821/2668/36 3804/2671/119
f 3807/2674/36 3822/2685/36 3823/2686/36
f 3807/2674/36 3823/2686/36 3808/2675/36
f 3824/2678/36 3806/2673/36 3809/2676/36
f 3824/2678/36 3809/2676/36 3825/2679/36
f 3815/2682/36 3826/2677/36 3827/2680/36
f 3815/2682/36 3827/2680/36 3816/2683/36
f 3828/2687/36 3814/2681/198 3817/2684/198
f 3828/2687/36 3817/2684/198 3829/2688/36
f 3830/2689/36 3831/2687/198 3832/2688/198
f 3830/2689/36 3832/2688/198 3833/2690/36
f 3791/2658/198 3830/2689/36 3833/2690/36
f 3791/2658/198 3833/2690/36 3792/2659/198
f 3795/2662/36 3834/2657/198 3835/2660/198
f 3795/2662/36 3835/2660/198 3796/2663/36
f 3836/2691/36 3802/2669/36 3805/2672/36
f 3836/2691/36 3805/2672/36 3837/2692/36
f 3838/2685/36 3839/2693/36 3840/2694/36
f 3838/2685/36 3840/2694/36 3841/2686/36
f 3842/2693/1263 3843/2695/198 3844/2696/198
f 3842/2693/1263 3844/2696/198 3845/2694/1264
f 3846/2697/36 3847/2691/199 3848/2692/36
f 3846/2697/36 3848/2692/36 3849/2698/36
f 3850/2699/36 3846/2697/36 3849/2698/36
f 3850/2699/36 3849/2698/36 3851/2700/36
f 3852/2701/36 3853/2699/198 3854/2700/198
f 3852/2701/36 3854/2700/198 3855/2702/36
f 3856/2703/198 3852/2701/36 3855/2702/36
f 3856/2703/198 3855/2702/36 3857/2704/198
f 3858/2705/198 3856/2703/198 3857/2704/198
f 3858/2705/198 3857/2704/198 3859/2706/198
f 3860/2707/36 3858/2705/198 3859/2706/198
f 3860/2707/36 3859/2706/198 3861/2708/36
f 3862/2709/36 3863/2707/36 3864/2708/36
f 3862/2709/36 3864/2708/36 3865/2710/36
f 3866/2711/36 3862/2709/36 3865/2710/36
f 3866/2711/36 3865/2710/36 3867/2712/36
f 3868/2713/36 3866/2711/36 3867/2712/36
f 3868/2713/36 3867/2712/36 3869/2714/36
f 3870/2715/198 3868/2713/36 3869/2714/36
f 3870/2715/198 3869/2714/36 3871/2716/198
f 3872/2717/198 3873/2715/198 3874/2716/198
f 3872/2717/198 3874/2716/198 3875/2718/198
f 3876/2719/198 3872/2717/198 3875/2718/198
f 3876/2719/198 3875/2718/198 3877/2720/198
f 3878/2721/36 3876/2719/198 3877/2720/198
f 3878/2721/36 3877/2720/198 3879/2722/36
f 3880/2723/36 3878/2721/36 3879/2722/36
f 3880/2723/36 3879/2722/36 3881/2724/36
f 3843/2695/198 3882/2723/36 3883/2724/36
f 3843/2695/198 3883/2724/36 3844/2696/198
f 3884/2725/1265 3885/2726/1266 3886/2727/1266
f 3884/2725/1265 3886/2727/1266 3887/2728/1265
f 3890/2729/1267 3891/2730/1268 3892/2731/1269
f 3890/2729/1267 3892/2731/1269 3893/2732/1267
f 3894/2733/1270 3895/2734/1271 3896/2735/1271
f 3894/2733/1270 3896/2735/1271 3897/2736/1272
f 3898/2737/1273 3899/2738/1274 3900/2739/1274
f 3898/2737/1273 3900/2739/1274 3901/2740/1273
f 3902/2741/1275 3890/2729/1267 3893/2732/1267
f 3902/2741/1275 3893/2732/1267 3903/2742/1275
f 3904/2730/1276 3905/2743/1277 3906/2744/1277
f 3904/2730/1276 3906/2744/1277 3907/2731/1276
f 3895/2734/1271 3908/2737/1273 3909/2740/1273
f 3895/2734/1271 3909/2740/1273 3896/2735/1271
f 3910/2738/1274 3911/2745/1278 3912/2746/1278
f 3910/2738/1274 3912/2746/1278 3913/2739/1274
f 3911/2745/1278 3914/2747/76 3915/2748/76
f 3911/2745/1278 3915/2748/76 3912/2746/1278
f 3914/2747/76 3884/2725/1265 3887/2728/1265
f 3914/2747/76 3887/2728/1265 3915/2748/76
f 3916/2726/1266 3888/2749/1279 3889/2750/1279
f 3916/2726/1266 3889/2750/1279 3917/2727/1266
f 3918/2751/1280 3902/2741/1275 3903/2742/1275
f 3918/2751/1280 3903/2742/1275 3919/2752/1280
f 3920/2753/180 3921/2754/23 3922/2755/23
f 3920/2753/180 3922/2755/23 3923/2756/180
f 4069/2757/1281 4083/2758/24 3924/2759/24
f 4069/2757/1281 3924/2759/24 4076/2760/1282
f 4085/2761/1283 3926/2762/1282 4084/2763/1284
f 4084/2763/1284 3924/2759/24 4083/2758/24
f 3927/2764/23 3928/2765/23 3929/2766/23
f 3927/2764/23 3929/2766/23 3930/2762/23
f 3928/2765/23 3931/2767/68 3932/2768/68
f 3928/2765/23 3932/2768/68 3929/2766/23
f 3931/2767/68 3933/2769/23 3934/2770/23
f 3931/2767/68 3934/2770/23 3932/2768/68
f 3933/2769/23 3935/2771/180 3936/2772/180
f 3933/2769/23 3936/2772/180 3934/2770/23
f 3935/2771/180 3937/2773/23 3938/2774/23
f 3935/2771/180 3938/2774/23 3936/2772/180
f 3939/2773/23 3940/2775/180 3941/2776/180
f 3939/2773/23 3941/2776/180 3942/2774/23
f 3940/2775/180 3943/2777/23 3944/2778/23
f 3940/2775/180 3944/2778/23 3941/2776/180
f 3943/2777/23 3945/2779/23 3946/2780/23
f 3943/2777/23 3946/2780/23 3944/2778/23
f 3945/2779/23 3947/2781/23 3948/2782/23
f 3945/2779/23 3948/2782/23 3946/2780/23
f 3949/2781/23 3950/2783/68 3951/2784/68
f 3949/2781/23 3951/2784/68 3952/2782/23
f 3950/2783/68 3920/2753/180 3923/2756/180
f 3950/2783/68 3923/2756/180 3951/2784/68
f 3953/2785/229 3954/2786/230 3955/2787/230
f 3953/2785/229 3955/2787/230 3956/2788/229
f 3957/2789/230 3958/2790/1285 3959/2791/1285
f 3957/2789/230 3959/2791/1285 3960/2792/230
f 3961/2793/230 3962/2794/1285 3963/2795/1285
f 3961/2793/230 3963/2795/1285 3964/2796/230
f 3965/2797/1286 3966/2798/1286 3967/2799/1286
f 3965/2797/1286 3967/2799/1286 3968/2800/1286
f 3969/2801/229 3970/2802/1286 3971/2803/1286
f 3969/2801/229 3971/2803/1286 3972/2804/229
f 3973/2805/1287 3974/2806/229 3975/2807/229
f 3973/2805/1287 3975/2807/229 3976/2808/1287
f 3977/2809/230 3978/2810/1286 3979/2811/1286
f 3977/2809/230 3979/2811/1286 3980/2812/230
f 3962/2794/1285 3981/2789/230 3982/2792/230
f 3962/2794/1285 3982/2792/230 3963/2795/1285
f 3966/2798/1286 3983/2793/229 3984/2796/229
f 3966/2798/1286 3984/2796/229 3967/2799/1286
f 3970/2802/1286 3985/2813/229 3986/2814/229
f 3970/2802/1286 3986/2814/229 3971/2803/1286
f 3987/2806/229 3969/2801/229 3972/2804/229
f 3987/2806/229 3972/2804/229 3988/2807/229
f 3978/2810/1286 3989/2805/1287 3990/2808/230
f 3978/2810/1286 3990/2808/230 3979/2811/1286
f 3991/2815/230 3977/2809/230 3980/2812/230
f 3991/2815/230 3980/2812/230 3992/2816/230
f 3993/2817/229 3994/2815/230 3995/2816/230
f 3993/2817/229 3995/2816/230 3996/2818/229
f 3954/2786/230 3993/2817/229 3996/2818/229
f 3954/2786/230 3996/2818/229 3955/2787/230
f 3997/2790/230 3998/2785/229 3999/2788/229
f 3997/2790/230 3999/2788/229 4000/2791/230
f 4001/2819/1288 3965/2797/1286 3968/2800/1286
f 4001/2819/1288 3968/2800/1286 4002/2820/1288
f 4003/2813/229 4004/2821/229 4005/2822/229
f 4003/2813/229 4005/2822/229 4006/2814/229
f 4007/2821/229 4008/2823/229 4009/2824/229
f 4007/2821/229 4009/2824/229 4010/2822/1289
f 4011/2825/229 4012/2819/229 4013/2820/229
f 4011/2825/229 4013/2820/229 4014/2826/230
f 4015/2827/230 4011/2825/229 4014/2826/230
f 4015/2827/230 4014/2826/230 4016/2828/230
f 4017/2829/229 4015/2827/230 4016/2828/230
f 4017/2829/229 4016/2828/230 4018/2830/229
f 4019/2831/229 4017/2829/229 4018/2830/229
f 4019/2831/229 4018/2830/229 4020/2832/229
f 4021/2833/229 4019/2831/229 4020/2832/229
f 4021/2833/229 4020/2832/229 4022/2834/229
f 4023/2835/230 4024/2833/229 4025/2834/229
f 4023/2835/230 4025/2834/229 4026/2836/230
f 4027/2837/230 4028/2835/230 4029/2836/230
f 4027/2837/230 4029/2836/230 4030/2838/230
f 4031/2839/229 4027/2837/230 4030/2838/230
f 4031/2839/229 4030/2838/230 4032/2840/229
f 4033/2841/229 4031/2839/229 4032/2840/229
f 4033/2841/229 4032/2840/229 4034/2842/229
f 4035/2843/229 4033/2841/229 4034/2842/229
f 4035/2843/229 4034/2842/229 4036/2844/229
f 4037/2845/229 4038/2843/229 4039/2844/229
f 4037/2845/229 4039/2844/229 4040/2846/229
f 4041/2847/230 4037/2845/229 4040/2846/229
f 4041/2847/230 4040/2846/229 4042/2848/230
f 4043/2849/229 4041/2847/230 4042/2848/230
f 4043/2849/229 4042/2848/230 4044/2850/229
f 4045/2851/229 4043/2849/229 4044/2850/229
f 4045/2851/229 4044/2850/229 4046/2852/229
f 4008/2823/229 4047/2851/229 4048/2852/229
f 4008/2823/229 4048/2852/229 4009/2824/229
f 3081/2853/1290 4094/2854/1291 4093/2855/1292
f 3077/2162/1107 4092/2856/1293 3076/2163/1108
f 4097/2857/229 1493/2858/230 1494/2859/230
f 4096/2860/229 1452/2861/229 1455/2862/229
f 1452/2861/229 4089/2863/229 4088/2864/229
f 4087/2865/1294 3081/2853/1290 3080/2866/1295
f 1493/2858/230 4091/2867/229 4086/2868/1296
f 4081/2869/1115 3122/2169/1115 3121/2168/1115
f 3080/2866/1295 4080/2870/1297 4087/2865/1294
f 4086/2868/1296 1485/2871/229 1493/2858/230
f 1485/2871/229 4079/2872/1296 4078/2873/229
f 4078/2873/229 1486/2874/229 1485/2871/229
f 1455/2862/229 4077/2875/229 4096/2860/229
f 3120/2876/1298 4081/2869/1115 3121/2168/1115
f 1497/1038/229 4072/2877/1299 1496/1039/229
f 3113/2878/1300 4067/2879/1301 3120/2876/1298
f 3120/2876/1298 4067/2879/1301 4075/2880/1302
f 3113/2878/1300 4066/2881/1303 4074/2882/1304
f 3079/2883/1305 4065/2884/1306 4064/2885/1307
f 4064/2885/1307 3080/2866/1295 3079/2883/1305
f 4072/2877/1299 1495/2886/229 1496/1039/229
f 1468/2887/229 4062/2888/229 4071/2889/230
f 1454/2874/229 4061/2890/229 4060/2891/229
f 1454/2874/229 4077/2875/229 1455/2862/229
f 4059/2892/229 1450/1012/229 1449/1011/229
f 1468/2887/229 4059/2892/229 1449/1011/229
f 4058/2893/1308 3095/2883/1309 3078/2894/1310
f 1495/2886/229 4063/2895/1311 4057/2896/230
f 3888/2749/1279 4056/2897/1312 4055/2898/1313
f 4055/2898/1313 3889/2750/1279 3888/2749/1279
f 3112/2899/1314 4054/2900/1315 4053/2901/1316
f 4053/2901/1316 3113/2878/1300 3112/2899/1314
f 4093/2855/1292 3082/2899/1317 3081/2853/1290
f 4092/2856/1293 3078/2894/1310 3076/2163/1108
f 3078/2894/1310 4051/2902/1318 4058/2893/1308
f 1494/2859/230 4050/2903/230 4097/2857/229
f 4057/2896/230 1494/2859/230 1495/2886/229
f 1452/2861/229 4049/2888/230 1453/2887/229
f 4085/2761/1283 3925/2764/23 3926/2762/1282
f 4084/2763/1284 3926/2762/1282 3924/2759/24
f 3077/2162/1107 4098/2904/1319 4092/2856/1293
f 4097/2857/229 4091/2867/229 1493/2858/230
f 4096/2860/229 4089/2863/229 1452/2861/229
f 4087/2865/1294 4094/2854/1291 3081/2853/1290
f 4081/2869/1115 4082/2905/1115 3122/2169/1115
f 4086/2868/1296 4079/2872/1296 1485/2871/229
f 4078/2873/229 4090/2890/229 1486/2874/229
f 3120/2876/1298 4075/2880/1302 4081/2869/1115
f 1497/1038/229 4073/2906/1320 4072/2877/1299
f 3113/2878/1300 4074/2882/1304 4067/2879/1301
f 4064/2885/1307 4080/2870/1297 3080/2866/1295
f 4072/2877/1299 4063/2895/1311 1495/2886/229
f 1454/2874/229 4060/2891/229 4077/2875/229
f 4059/2892/229 4070/2907/229 1450/1012/229
f 1468/2887/229 4071/2889/230 4059/2892/229
f 4058/2893/1308 4095/2908/1321 3095/2883/1309
f 4055/2898/1313 4068/2909/1313 3889/2750/1279
f 4053/2901/1316 4066/2881/1303 3113/2878/1300
f 4093/2855/1292 4052/2900/1322 3082/2899/1317
f 4092/2856/1293 4051/2902/1318 3078/2894/1310
f 4057/2896/230 4050/2903/230 1494/2859/230
f 1452/2861/229 4088/2864/229 4049/2888/230
